date,series_id,value,unit,frequency,release_version
2009-01-01,obm_spent_output_count_daily,0,outputs,daily,OBM v0.1.0
2009-01-02,obm_spent_output_count_daily,0,outputs,daily,OBM v0.1.0
2009-01-03,obm_spent_output_count_daily,0,outputs,daily,OBM v0.1.0
2009-01-04,obm_spent_output_count_daily,0,outputs,daily,OBM v0.1.0
2009-01-05,obm_spent_output_count_daily,0,outputs,daily,OBM v0.1.0
2009-01-06,obm_spent_output_count_daily,0,outputs,daily,OBM v0.1.0
2009-01-07,obm_spent_output_count_daily,0,outputs,daily,OBM v0.1.0
2009-01-08,obm_spent_output_count_daily,0,outputs,daily,OBM v0.1.0
2009-01-09,obm_spent_output_count_daily,0,outputs,daily,OBM v0.1.0
2009-01-10,obm_spent_output_count_daily,0,outputs,daily,OBM v0.1.0
2009-01-11,obm_spent_output_count_daily,0,outputs,daily,OBM v0.1.0
2009-01-12,obm_spent_output_count_daily,7,outputs,daily,OBM v0.1.0
2009-01-13,obm_spent_output_count_daily,0,outputs,daily,OBM v0.1.0
2009-01-14,obm_spent_output_count_daily,3,outputs,daily,OBM v0.1.0
2009-01-15,obm_spent_output_count_daily,15,outputs,daily,OBM v0.1.0
2009-01-16,obm_spent_output_count_daily,4,outputs,daily,OBM v0.1.0
2009-01-17,obm_spent_output_count_daily,0,outputs,daily,OBM v0.1.0
2009-01-18,obm_spent_output_count_daily,3,outputs,daily,OBM v0.1.0
2009-01-19,obm_spent_output_count_daily,16,outputs,daily,OBM v0.1.0
2009-01-20,obm_spent_output_count_daily,8,outputs,daily,OBM v0.1.0
2009-01-21,obm_spent_output_count_daily,2,outputs,daily,OBM v0.1.0
2009-01-22,obm_spent_output_count_daily,10,outputs,daily,OBM v0.1.0
2009-01-23,obm_spent_output_count_daily,9,outputs,daily,OBM v0.1.0
2009-01-24,obm_spent_output_count_daily,10,outputs,daily,OBM v0.1.0
2009-01-25,obm_spent_output_count_daily,1,outputs,daily,OBM v0.1.0
2009-01-26,obm_spent_output_count_daily,20,outputs,daily,OBM v0.1.0
2009-01-27,obm_spent_output_count_daily,3,outputs,daily,OBM v0.1.0
2009-01-28,obm_spent_output_count_daily,0,outputs,daily,OBM v0.1.0
2009-01-29,obm_spent_output_count_daily,12,outputs,daily,OBM v0.1.0
2009-01-30,obm_spent_output_count_daily,0,outputs,daily,OBM v0.1.0
2009-01-31,obm_spent_output_count_daily,20,outputs,daily,OBM v0.1.0
2009-02-01,obm_spent_output_count_daily,2,outputs,daily,OBM v0.1.0
2009-02-02,obm_spent_output_count_daily,1,outputs,daily,OBM v0.1.0
2009-02-03,obm_spent_output_count_daily,18,outputs,daily,OBM v0.1.0
2009-02-04,obm_spent_output_count_daily,0,outputs,daily,OBM v0.1.0
2009-02-05,obm_spent_output_count_daily,0,outputs,daily,OBM v0.1.0
2009-02-06,obm_spent_output_count_daily,0,outputs,daily,OBM v0.1.0
2009-02-07,obm_spent_output_count_daily,24,outputs,daily,OBM v0.1.0
2009-02-08,obm_spent_output_count_daily,1,outputs,daily,OBM v0.1.0
2009-02-09,obm_spent_output_count_daily,44,outputs,daily,OBM v0.1.0
2009-02-10,obm_spent_output_count_daily,0,outputs,daily,OBM v0.1.0
2009-02-11,obm_spent_output_count_daily,14,outputs,daily,OBM v0.1.0
2009-02-12,obm_spent_output_count_daily,0,outputs,daily,OBM v0.1.0
2009-02-13,obm_spent_output_count_daily,0,outputs,daily,OBM v0.1.0
2009-02-14,obm_spent_output_count_daily,0,outputs,daily,OBM v0.1.0
2009-02-15,obm_spent_output_count_daily,13,outputs,daily,OBM v0.1.0
2009-02-16,obm_spent_output_count_daily,30,outputs,daily,OBM v0.1.0
2009-02-17,obm_spent_output_count_daily,0,outputs,daily,OBM v0.1.0
2009-02-18,obm_spent_output_count_daily,0,outputs,daily,OBM v0.1.0
2009-02-19,obm_spent_output_count_daily,16,outputs,daily,OBM v0.1.0
2009-02-20,obm_spent_output_count_daily,0,outputs,daily,OBM v0.1.0
2009-02-21,obm_spent_output_count_daily,0,outputs,daily,OBM v0.1.0
2009-02-22,obm_spent_output_count_daily,11,outputs,daily,OBM v0.1.0
2009-02-23,obm_spent_output_count_daily,0,outputs,daily,OBM v0.1.0
2009-02-24,obm_spent_output_count_daily,0,outputs,daily,OBM v0.1.0
2009-02-25,obm_spent_output_count_daily,0,outputs,daily,OBM v0.1.0
2009-02-26,obm_spent_output_count_daily,0,outputs,daily,OBM v0.1.0
2009-02-27,obm_spent_output_count_daily,36,outputs,daily,OBM v0.1.0
2009-02-28,obm_spent_output_count_daily,7,outputs,daily,OBM v0.1.0
2009-03-01,obm_spent_output_count_daily,0,outputs,daily,OBM v0.1.0
2009-03-02,obm_spent_output_count_daily,0,outputs,daily,OBM v0.1.0
2009-03-03,obm_spent_output_count_daily,8,outputs,daily,OBM v0.1.0
2009-03-04,obm_spent_output_count_daily,25,outputs,daily,OBM v0.1.0
2009-03-05,obm_spent_output_count_daily,8,outputs,daily,OBM v0.1.0
2009-03-06,obm_spent_output_count_daily,0,outputs,daily,OBM v0.1.0
2009-03-07,obm_spent_output_count_daily,0,outputs,daily,OBM v0.1.0
2009-03-08,obm_spent_output_count_daily,26,outputs,daily,OBM v0.1.0
2009-03-09,obm_spent_output_count_daily,0,outputs,daily,OBM v0.1.0
2009-03-10,obm_spent_output_count_daily,0,outputs,daily,OBM v0.1.0
2009-03-11,obm_spent_output_count_daily,0,outputs,daily,OBM v0.1.0
2009-03-12,obm_spent_output_count_daily,3,outputs,daily,OBM v0.1.0
2009-03-13,obm_spent_output_count_daily,13,outputs,daily,OBM v0.1.0
2009-03-14,obm_spent_output_count_daily,0,outputs,daily,OBM v0.1.0
2009-03-15,obm_spent_output_count_daily,0,outputs,daily,OBM v0.1.0
2009-03-16,obm_spent_output_count_daily,48,outputs,daily,OBM v0.1.0
2009-03-17,obm_spent_output_count_daily,0,outputs,daily,OBM v0.1.0
2009-03-18,obm_spent_output_count_daily,14,outputs,daily,OBM v0.1.0
2009-03-19,obm_spent_output_count_daily,0,outputs,daily,OBM v0.1.0
2009-03-20,obm_spent_output_count_daily,12,outputs,daily,OBM v0.1.0
2009-03-21,obm_spent_output_count_daily,0,outputs,daily,OBM v0.1.0
2009-03-22,obm_spent_output_count_daily,11,outputs,daily,OBM v0.1.0
2009-03-23,obm_spent_output_count_daily,0,outputs,daily,OBM v0.1.0
2009-03-24,obm_spent_output_count_daily,0,outputs,daily,OBM v0.1.0
2009-03-25,obm_spent_output_count_daily,0,outputs,daily,OBM v0.1.0
2009-03-26,obm_spent_output_count_daily,28,outputs,daily,OBM v0.1.0
2009-03-27,obm_spent_output_count_daily,0,outputs,daily,OBM v0.1.0
2009-03-28,obm_spent_output_count_daily,20,outputs,daily,OBM v0.1.0
2009-03-29,obm_spent_output_count_daily,0,outputs,daily,OBM v0.1.0
2009-03-30,obm_spent_output_count_daily,0,outputs,daily,OBM v0.1.0
2009-03-31,obm_spent_output_count_daily,32,outputs,daily,OBM v0.1.0
2009-04-01,obm_spent_output_count_daily,0,outputs,daily,OBM v0.1.0
2009-04-02,obm_spent_output_count_daily,0,outputs,daily,OBM v0.1.0
2009-04-03,obm_spent_output_count_daily,0,outputs,daily,OBM v0.1.0
2009-04-04,obm_spent_output_count_daily,0,outputs,daily,OBM v0.1.0
2009-04-05,obm_spent_output_count_daily,17,outputs,daily,OBM v0.1.0
2009-04-06,obm_spent_output_count_daily,0,outputs,daily,OBM v0.1.0
2009-04-07,obm_spent_output_count_daily,0,outputs,daily,OBM v0.1.0
2009-04-08,obm_spent_output_count_daily,0,outputs,daily,OBM v0.1.0
2009-04-09,obm_spent_output_count_daily,0,outputs,daily,OBM v0.1.0
2009-04-10,obm_spent_output_count_daily,0,outputs,daily,OBM v0.1.0
2009-04-11,obm_spent_output_count_daily,7,outputs,daily,OBM v0.1.0
2009-04-12,obm_spent_output_count_daily,8,outputs,daily,OBM v0.1.0
2009-04-13,obm_spent_output_count_daily,1,outputs,daily,OBM v0.1.0
2009-04-14,obm_spent_output_count_daily,0,outputs,daily,OBM v0.1.0
2009-04-15,obm_spent_output_count_daily,0,outputs,daily,OBM v0.1.0
2009-04-16,obm_spent_output_count_daily,0,outputs,daily,OBM v0.1.0
2009-04-17,obm_spent_output_count_daily,0,outputs,daily,OBM v0.1.0
2009-04-18,obm_spent_output_count_daily,4,outputs,daily,OBM v0.1.0
2009-04-19,obm_spent_output_count_daily,8,outputs,daily,OBM v0.1.0
2009-04-20,obm_spent_output_count_daily,115,outputs,daily,OBM v0.1.0
2009-04-21,obm_spent_output_count_daily,1,outputs,daily,OBM v0.1.0
2009-04-22,obm_spent_output_count_daily,0,outputs,daily,OBM v0.1.0
2009-04-23,obm_spent_output_count_daily,0,outputs,daily,OBM v0.1.0
2009-04-24,obm_spent_output_count_daily,0,outputs,daily,OBM v0.1.0
2009-04-25,obm_spent_output_count_daily,0,outputs,daily,OBM v0.1.0
2009-04-26,obm_spent_output_count_daily,15,outputs,daily,OBM v0.1.0
2009-04-27,obm_spent_output_count_daily,0,outputs,daily,OBM v0.1.0
2009-04-28,obm_spent_output_count_daily,0,outputs,daily,OBM v0.1.0
2009-04-29,obm_spent_output_count_daily,20,outputs,daily,OBM v0.1.0
2009-04-30,obm_spent_output_count_daily,0,outputs,daily,OBM v0.1.0
2009-05-01,obm_spent_output_count_daily,0,outputs,daily,OBM v0.1.0
2009-05-02,obm_spent_output_count_daily,15,outputs,daily,OBM v0.1.0
2009-05-03,obm_spent_output_count_daily,4,outputs,daily,OBM v0.1.0
2009-05-04,obm_spent_output_count_daily,30,outputs,daily,OBM v0.1.0
2009-05-05,obm_spent_output_count_daily,10,outputs,daily,OBM v0.1.0
2009-05-06,obm_spent_output_count_daily,0,outputs,daily,OBM v0.1.0
2009-05-07,obm_spent_output_count_daily,0,outputs,daily,OBM v0.1.0
2009-05-08,obm_spent_output_count_daily,0,outputs,daily,OBM v0.1.0
2009-05-09,obm_spent_output_count_daily,0,outputs,daily,OBM v0.1.0
2009-05-10,obm_spent_output_count_daily,0,outputs,daily,OBM v0.1.0
2009-05-11,obm_spent_output_count_daily,2,outputs,daily,OBM v0.1.0
2009-05-12,obm_spent_output_count_daily,0,outputs,daily,OBM v0.1.0
2009-05-13,obm_spent_output_count_daily,5,outputs,daily,OBM v0.1.0
2009-05-14,obm_spent_output_count_daily,4,outputs,daily,OBM v0.1.0
2009-05-15,obm_spent_output_count_daily,10,outputs,daily,OBM v0.1.0
2009-05-16,obm_spent_output_count_daily,0,outputs,daily,OBM v0.1.0
2009-05-17,obm_spent_output_count_daily,0,outputs,daily,OBM v0.1.0
2009-05-18,obm_spent_output_count_daily,0,outputs,daily,OBM v0.1.0
2009-05-19,obm_spent_output_count_daily,0,outputs,daily,OBM v0.1.0
2009-05-20,obm_spent_output_count_daily,0,outputs,daily,OBM v0.1.0
2009-05-21,obm_spent_output_count_daily,0,outputs,daily,OBM v0.1.0
2009-05-22,obm_spent_output_count_daily,0,outputs,daily,OBM v0.1.0
2009-05-23,obm_spent_output_count_daily,0,outputs,daily,OBM v0.1.0
2009-05-24,obm_spent_output_count_daily,0,outputs,daily,OBM v0.1.0
2009-05-25,obm_spent_output_count_daily,0,outputs,daily,OBM v0.1.0
2009-05-26,obm_spent_output_count_daily,0,outputs,daily,OBM v0.1.0
2009-05-27,obm_spent_output_count_daily,0,outputs,daily,OBM v0.1.0
2009-05-28,obm_spent_output_count_daily,0,outputs,daily,OBM v0.1.0
2009-05-29,obm_spent_output_count_daily,60,outputs,daily,OBM v0.1.0
2009-05-30,obm_spent_output_count_daily,0,outputs,daily,OBM v0.1.0
2009-05-31,obm_spent_output_count_daily,0,outputs,daily,OBM v0.1.0
2009-06-01,obm_spent_output_count_daily,1,outputs,daily,OBM v0.1.0
2009-06-02,obm_spent_output_count_daily,0,outputs,daily,OBM v0.1.0
2009-06-03,obm_spent_output_count_daily,0,outputs,daily,OBM v0.1.0
2009-06-04,obm_spent_output_count_daily,0,outputs,daily,OBM v0.1.0
2009-06-05,obm_spent_output_count_daily,0,outputs,daily,OBM v0.1.0
2009-06-06,obm_spent_output_count_daily,0,outputs,daily,OBM v0.1.0
2009-06-07,obm_spent_output_count_daily,0,outputs,daily,OBM v0.1.0
2009-06-08,obm_spent_output_count_daily,0,outputs,daily,OBM v0.1.0
2009-06-09,obm_spent_output_count_daily,0,outputs,daily,OBM v0.1.0
2009-06-10,obm_spent_output_count_daily,0,outputs,daily,OBM v0.1.0
2009-06-11,obm_spent_output_count_daily,0,outputs,daily,OBM v0.1.0
2009-06-12,obm_spent_output_count_daily,0,outputs,daily,OBM v0.1.0
2009-06-13,obm_spent_output_count_daily,0,outputs,daily,OBM v0.1.0
2009-06-14,obm_spent_output_count_daily,0,outputs,daily,OBM v0.1.0
2009-06-15,obm_spent_output_count_daily,0,outputs,daily,OBM v0.1.0
2009-06-16,obm_spent_output_count_daily,0,outputs,daily,OBM v0.1.0
2009-06-17,obm_spent_output_count_daily,0,outputs,daily,OBM v0.1.0
2009-06-18,obm_spent_output_count_daily,0,outputs,daily,OBM v0.1.0
2009-06-19,obm_spent_output_count_daily,0,outputs,daily,OBM v0.1.0
2009-06-20,obm_spent_output_count_daily,0,outputs,daily,OBM v0.1.0
2009-06-21,obm_spent_output_count_daily,0,outputs,daily,OBM v0.1.0
2009-06-22,obm_spent_output_count_daily,60,outputs,daily,OBM v0.1.0
2009-06-23,obm_spent_output_count_daily,0,outputs,daily,OBM v0.1.0
2009-06-24,obm_spent_output_count_daily,3,outputs,daily,OBM v0.1.0
2009-06-25,obm_spent_output_count_daily,20,outputs,daily,OBM v0.1.0
2009-06-26,obm_spent_output_count_daily,0,outputs,daily,OBM v0.1.0
2009-06-27,obm_spent_output_count_daily,0,outputs,daily,OBM v0.1.0
2009-06-28,obm_spent_output_count_daily,1,outputs,daily,OBM v0.1.0
2009-06-29,obm_spent_output_count_daily,1,outputs,daily,OBM v0.1.0
2009-06-30,obm_spent_output_count_daily,3,outputs,daily,OBM v0.1.0
2009-07-01,obm_spent_output_count_daily,2,outputs,daily,OBM v0.1.0
2009-07-02,obm_spent_output_count_daily,1,outputs,daily,OBM v0.1.0
2009-07-03,obm_spent_output_count_daily,0,outputs,daily,OBM v0.1.0
2009-07-04,obm_spent_output_count_daily,0,outputs,daily,OBM v0.1.0
2009-07-05,obm_spent_output_count_daily,0,outputs,daily,OBM v0.1.0
2009-07-06,obm_spent_output_count_daily,0,outputs,daily,OBM v0.1.0
2009-07-07,obm_spent_output_count_daily,0,outputs,daily,OBM v0.1.0
2009-07-08,obm_spent_output_count_daily,0,outputs,daily,OBM v0.1.0
2009-07-09,obm_spent_output_count_daily,0,outputs,daily,OBM v0.1.0
2009-07-10,obm_spent_output_count_daily,0,outputs,daily,OBM v0.1.0
2009-07-11,obm_spent_output_count_daily,0,outputs,daily,OBM v0.1.0
2009-07-12,obm_spent_output_count_daily,0,outputs,daily,OBM v0.1.0
2009-07-13,obm_spent_output_count_daily,0,outputs,daily,OBM v0.1.0
2009-07-14,obm_spent_output_count_daily,0,outputs,daily,OBM v0.1.0
2009-07-15,obm_spent_output_count_daily,0,outputs,daily,OBM v0.1.0
2009-07-16,obm_spent_output_count_daily,0,outputs,daily,OBM v0.1.0
2009-07-17,obm_spent_output_count_daily,0,outputs,daily,OBM v0.1.0
2009-07-18,obm_spent_output_count_daily,0,outputs,daily,OBM v0.1.0
2009-07-19,obm_spent_output_count_daily,0,outputs,daily,OBM v0.1.0
2009-07-20,obm_spent_output_count_daily,121,outputs,daily,OBM v0.1.0
2009-07-21,obm_spent_output_count_daily,0,outputs,daily,OBM v0.1.0
2009-07-22,obm_spent_output_count_daily,0,outputs,daily,OBM v0.1.0
2009-07-23,obm_spent_output_count_daily,0,outputs,daily,OBM v0.1.0
2009-07-24,obm_spent_output_count_daily,0,outputs,daily,OBM v0.1.0
2009-07-25,obm_spent_output_count_daily,0,outputs,daily,OBM v0.1.0
2009-07-26,obm_spent_output_count_daily,0,outputs,daily,OBM v0.1.0
2009-07-27,obm_spent_output_count_daily,0,outputs,daily,OBM v0.1.0
2009-07-28,obm_spent_output_count_daily,0,outputs,daily,OBM v0.1.0
2009-07-29,obm_spent_output_count_daily,2,outputs,daily,OBM v0.1.0
2009-07-30,obm_spent_output_count_daily,1,outputs,daily,OBM v0.1.0
2009-07-31,obm_spent_output_count_daily,0,outputs,daily,OBM v0.1.0
2009-08-01,obm_spent_output_count_daily,0,outputs,daily,OBM v0.1.0
2009-08-02,obm_spent_output_count_daily,0,outputs,daily,OBM v0.1.0
2009-08-03,obm_spent_output_count_daily,0,outputs,daily,OBM v0.1.0
2009-08-04,obm_spent_output_count_daily,0,outputs,daily,OBM v0.1.0
2009-08-05,obm_spent_output_count_daily,0,outputs,daily,OBM v0.1.0
2009-08-06,obm_spent_output_count_daily,0,outputs,daily,OBM v0.1.0
2009-08-07,obm_spent_output_count_daily,111,outputs,daily,OBM v0.1.0
2009-08-08,obm_spent_output_count_daily,0,outputs,daily,OBM v0.1.0
2009-08-09,obm_spent_output_count_daily,0,outputs,daily,OBM v0.1.0
2009-08-10,obm_spent_output_count_daily,0,outputs,daily,OBM v0.1.0
2009-08-11,obm_spent_output_count_daily,0,outputs,daily,OBM v0.1.0
2009-08-12,obm_spent_output_count_daily,0,outputs,daily,OBM v0.1.0
2009-08-13,obm_spent_output_count_daily,0,outputs,daily,OBM v0.1.0
2009-08-14,obm_spent_output_count_daily,0,outputs,daily,OBM v0.1.0
2009-08-15,obm_spent_output_count_daily,0,outputs,daily,OBM v0.1.0
2009-08-16,obm_spent_output_count_daily,0,outputs,daily,OBM v0.1.0
2009-08-17,obm_spent_output_count_daily,0,outputs,daily,OBM v0.1.0
2009-08-18,obm_spent_output_count_daily,0,outputs,daily,OBM v0.1.0
2009-08-19,obm_spent_output_count_daily,0,outputs,daily,OBM v0.1.0
2009-08-20,obm_spent_output_count_daily,0,outputs,daily,OBM v0.1.0
2009-08-21,obm_spent_output_count_daily,0,outputs,daily,OBM v0.1.0
2009-08-22,obm_spent_output_count_daily,0,outputs,daily,OBM v0.1.0
2009-08-23,obm_spent_output_count_daily,0,outputs,daily,OBM v0.1.0
2009-08-24,obm_spent_output_count_daily,0,outputs,daily,OBM v0.1.0
2009-08-25,obm_spent_output_count_daily,0,outputs,daily,OBM v0.1.0
2009-08-26,obm_spent_output_count_daily,48,outputs,daily,OBM v0.1.0
2009-08-27,obm_spent_output_count_daily,0,outputs,daily,OBM v0.1.0
2009-08-28,obm_spent_output_count_daily,0,outputs,daily,OBM v0.1.0
2009-08-29,obm_spent_output_count_daily,0,outputs,daily,OBM v0.1.0
2009-08-30,obm_spent_output_count_daily,1,outputs,daily,OBM v0.1.0
2009-08-31,obm_spent_output_count_daily,6,outputs,daily,OBM v0.1.0
2009-09-01,obm_spent_output_count_daily,0,outputs,daily,OBM v0.1.0
2009-09-02,obm_spent_output_count_daily,0,outputs,daily,OBM v0.1.0
2009-09-03,obm_spent_output_count_daily,14,outputs,daily,OBM v0.1.0
2009-09-04,obm_spent_output_count_daily,0,outputs,daily,OBM v0.1.0
2009-09-05,obm_spent_output_count_daily,0,outputs,daily,OBM v0.1.0
2009-09-06,obm_spent_output_count_daily,0,outputs,daily,OBM v0.1.0
2009-09-07,obm_spent_output_count_daily,13,outputs,daily,OBM v0.1.0
2009-09-08,obm_spent_output_count_daily,0,outputs,daily,OBM v0.1.0
2009-09-09,obm_spent_output_count_daily,0,outputs,daily,OBM v0.1.0
2009-09-10,obm_spent_output_count_daily,0,outputs,daily,OBM v0.1.0
2009-09-11,obm_spent_output_count_daily,0,outputs,daily,OBM v0.1.0
2009-09-12,obm_spent_output_count_daily,0,outputs,daily,OBM v0.1.0
2009-09-13,obm_spent_output_count_daily,0,outputs,daily,OBM v0.1.0
2009-09-14,obm_spent_output_count_daily,0,outputs,daily,OBM v0.1.0
2009-09-15,obm_spent_output_count_daily,0,outputs,daily,OBM v0.1.0
2009-09-16,obm_spent_output_count_daily,1,outputs,daily,OBM v0.1.0
2009-09-17,obm_spent_output_count_daily,101,outputs,daily,OBM v0.1.0
2009-09-18,obm_spent_output_count_daily,0,outputs,daily,OBM v0.1.0
2009-09-19,obm_spent_output_count_daily,0,outputs,daily,OBM v0.1.0
2009-09-20,obm_spent_output_count_daily,0,outputs,daily,OBM v0.1.0
2009-09-21,obm_spent_output_count_daily,8,outputs,daily,OBM v0.1.0
2009-09-22,obm_spent_output_count_daily,40,outputs,daily,OBM v0.1.0
2009-09-23,obm_spent_output_count_daily,0,outputs,daily,OBM v0.1.0
2009-09-24,obm_spent_output_count_daily,0,outputs,daily,OBM v0.1.0
2009-09-25,obm_spent_output_count_daily,26,outputs,daily,OBM v0.1.0
2009-09-26,obm_spent_output_count_daily,0,outputs,daily,OBM v0.1.0
2009-09-27,obm_spent_output_count_daily,16,outputs,daily,OBM v0.1.0
2009-09-28,obm_spent_output_count_daily,0,outputs,daily,OBM v0.1.0
2009-09-29,obm_spent_output_count_daily,43,outputs,daily,OBM v0.1.0
2009-09-30,obm_spent_output_count_daily,0,outputs,daily,OBM v0.1.0
2009-10-01,obm_spent_output_count_daily,0,outputs,daily,OBM v0.1.0
2009-10-02,obm_spent_output_count_daily,10,outputs,daily,OBM v0.1.0
2009-10-03,obm_spent_output_count_daily,0,outputs,daily,OBM v0.1.0
2009-10-04,obm_spent_output_count_daily,0,outputs,daily,OBM v0.1.0
2009-10-05,obm_spent_output_count_daily,0,outputs,daily,OBM v0.1.0
2009-10-06,obm_spent_output_count_daily,15,outputs,daily,OBM v0.1.0
2009-10-07,obm_spent_output_count_daily,0,outputs,daily,OBM v0.1.0
2009-10-08,obm_spent_output_count_daily,0,outputs,daily,OBM v0.1.0
2009-10-09,obm_spent_output_count_daily,0,outputs,daily,OBM v0.1.0
2009-10-10,obm_spent_output_count_daily,0,outputs,daily,OBM v0.1.0
2009-10-11,obm_spent_output_count_daily,0,outputs,daily,OBM v0.1.0
2009-10-12,obm_spent_output_count_daily,74,outputs,daily,OBM v0.1.0
2009-10-13,obm_spent_output_count_daily,0,outputs,daily,OBM v0.1.0
2009-10-14,obm_spent_output_count_daily,0,outputs,daily,OBM v0.1.0
2009-10-15,obm_spent_output_count_daily,0,outputs,daily,OBM v0.1.0
2009-10-16,obm_spent_output_count_daily,81,outputs,daily,OBM v0.1.0
2009-10-17,obm_spent_output_count_daily,0,outputs,daily,OBM v0.1.0
2009-10-18,obm_spent_output_count_daily,7,outputs,daily,OBM v0.1.0
2009-10-19,obm_spent_output_count_daily,0,outputs,daily,OBM v0.1.0
2009-10-20,obm_spent_output_count_daily,101,outputs,daily,OBM v0.1.0
2009-10-21,obm_spent_output_count_daily,18,outputs,daily,OBM v0.1.0
2009-10-22,obm_spent_output_count_daily,40,outputs,daily,OBM v0.1.0
2009-10-23,obm_spent_output_count_daily,0,outputs,daily,OBM v0.1.0
2009-10-24,obm_spent_output_count_daily,7,outputs,daily,OBM v0.1.0
2009-10-25,obm_spent_output_count_daily,0,outputs,daily,OBM v0.1.0
2009-10-26,obm_spent_output_count_daily,0,outputs,daily,OBM v0.1.0
2009-10-27,obm_spent_output_count_daily,16,outputs,daily,OBM v0.1.0
2009-10-28,obm_spent_output_count_daily,0,outputs,daily,OBM v0.1.0
2009-10-29,obm_spent_output_count_daily,41,outputs,daily,OBM v0.1.0
2009-10-30,obm_spent_output_count_daily,0,outputs,daily,OBM v0.1.0
2009-10-31,obm_spent_output_count_daily,0,outputs,daily,OBM v0.1.0
2009-11-01,obm_spent_output_count_daily,0,outputs,daily,OBM v0.1.0
2009-11-02,obm_spent_output_count_daily,0,outputs,daily,OBM v0.1.0
2009-11-03,obm_spent_output_count_daily,0,outputs,daily,OBM v0.1.0
2009-11-04,obm_spent_output_count_daily,42,outputs,daily,OBM v0.1.0
2009-11-05,obm_spent_output_count_daily,0,outputs,daily,OBM v0.1.0
2009-11-06,obm_spent_output_count_daily,0,outputs,daily,OBM v0.1.0
2009-11-07,obm_spent_output_count_daily,0,outputs,daily,OBM v0.1.0
2009-11-08,obm_spent_output_count_daily,0,outputs,daily,OBM v0.1.0
2009-11-09,obm_spent_output_count_daily,0,outputs,daily,OBM v0.1.0
2009-11-10,obm_spent_output_count_daily,0,outputs,daily,OBM v0.1.0
2009-11-11,obm_spent_output_count_daily,57,outputs,daily,OBM v0.1.0
2009-11-12,obm_spent_output_count_daily,0,outputs,daily,OBM v0.1.0
2009-11-13,obm_spent_output_count_daily,13,outputs,daily,OBM v0.1.0
2009-11-14,obm_spent_output_count_daily,0,outputs,daily,OBM v0.1.0
2009-11-15,obm_spent_output_count_daily,0,outputs,daily,OBM v0.1.0
2009-11-16,obm_spent_output_count_daily,0,outputs,daily,OBM v0.1.0
2009-11-17,obm_spent_output_count_daily,0,outputs,daily,OBM v0.1.0
2009-11-18,obm_spent_output_count_daily,0,outputs,daily,OBM v0.1.0
2009-11-19,obm_spent_output_count_daily,91,outputs,daily,OBM v0.1.0
2009-11-20,obm_spent_output_count_daily,0,outputs,daily,OBM v0.1.0
2009-11-21,obm_spent_output_count_daily,0,outputs,daily,OBM v0.1.0
2009-11-22,obm_spent_output_count_daily,0,outputs,daily,OBM v0.1.0
2009-11-23,obm_spent_output_count_daily,0,outputs,daily,OBM v0.1.0
2009-11-24,obm_spent_output_count_daily,0,outputs,daily,OBM v0.1.0
2009-11-25,obm_spent_output_count_daily,0,outputs,daily,OBM v0.1.0
2009-11-26,obm_spent_output_count_daily,0,outputs,daily,OBM v0.1.0
2009-11-27,obm_spent_output_count_daily,0,outputs,daily,OBM v0.1.0
2009-11-28,obm_spent_output_count_daily,0,outputs,daily,OBM v0.1.0
2009-11-29,obm_spent_output_count_daily,0,outputs,daily,OBM v0.1.0
2009-11-30,obm_spent_output_count_daily,0,outputs,daily,OBM v0.1.0
2009-12-01,obm_spent_output_count_daily,168,outputs,daily,OBM v0.1.0
2009-12-02,obm_spent_output_count_daily,0,outputs,daily,OBM v0.1.0
2009-12-03,obm_spent_output_count_daily,0,outputs,daily,OBM v0.1.0
2009-12-04,obm_spent_output_count_daily,0,outputs,daily,OBM v0.1.0
2009-12-05,obm_spent_output_count_daily,18,outputs,daily,OBM v0.1.0
2009-12-06,obm_spent_output_count_daily,3,outputs,daily,OBM v0.1.0
2009-12-07,obm_spent_output_count_daily,0,outputs,daily,OBM v0.1.0
2009-12-08,obm_spent_output_count_daily,30,outputs,daily,OBM v0.1.0
2009-12-09,obm_spent_output_count_daily,25,outputs,daily,OBM v0.1.0
2009-12-10,obm_spent_output_count_daily,0,outputs,daily,OBM v0.1.0
2009-12-11,obm_spent_output_count_daily,0,outputs,daily,OBM v0.1.0
2009-12-12,obm_spent_output_count_daily,67,outputs,daily,OBM v0.1.0
2009-12-13,obm_spent_output_count_daily,0,outputs,daily,OBM v0.1.0
2009-12-14,obm_spent_output_count_daily,332,outputs,daily,OBM v0.1.0
2009-12-15,obm_spent_output_count_daily,8,outputs,daily,OBM v0.1.0
2009-12-16,obm_spent_output_count_daily,17,outputs,daily,OBM v0.1.0
2009-12-17,obm_spent_output_count_daily,10,outputs,daily,OBM v0.1.0
2009-12-18,obm_spent_output_count_daily,0,outputs,daily,OBM v0.1.0
2009-12-19,obm_spent_output_count_daily,1,outputs,daily,OBM v0.1.0
2009-12-20,obm_spent_output_count_daily,0,outputs,daily,OBM v0.1.0
2009-12-21,obm_spent_output_count_daily,1,outputs,daily,OBM v0.1.0
2009-12-22,obm_spent_output_count_daily,0,outputs,daily,OBM v0.1.0
2009-12-23,obm_spent_output_count_daily,0,outputs,daily,OBM v0.1.0
2009-12-24,obm_spent_output_count_daily,0,outputs,daily,OBM v0.1.0
2009-12-25,obm_spent_output_count_daily,1,outputs,daily,OBM v0.1.0
2009-12-26,obm_spent_output_count_daily,0,outputs,daily,OBM v0.1.0
2009-12-27,obm_spent_output_count_daily,5,outputs,daily,OBM v0.1.0
2009-12-28,obm_spent_output_count_daily,0,outputs,daily,OBM v0.1.0
2009-12-29,obm_spent_output_count_daily,0,outputs,daily,OBM v0.1.0
2009-12-30,obm_spent_output_count_daily,0,outputs,daily,OBM v0.1.0
2009-12-31,obm_spent_output_count_daily,0,outputs,daily,OBM v0.1.0
2010-01-01,obm_spent_output_count_daily,2,outputs,daily,OBM v0.1.0
2010-01-02,obm_spent_output_count_daily,0,outputs,daily,OBM v0.1.0
2010-01-03,obm_spent_output_count_daily,0,outputs,daily,OBM v0.1.0
2010-01-04,obm_spent_output_count_daily,82,outputs,daily,OBM v0.1.0
2010-01-05,obm_spent_output_count_daily,0,outputs,daily,OBM v0.1.0
2010-01-06,obm_spent_output_count_daily,0,outputs,daily,OBM v0.1.0
2010-01-07,obm_spent_output_count_daily,0,outputs,daily,OBM v0.1.0
2010-01-08,obm_spent_output_count_daily,0,outputs,daily,OBM v0.1.0
2010-01-09,obm_spent_output_count_daily,0,outputs,daily,OBM v0.1.0
2010-01-10,obm_spent_output_count_daily,0,outputs,daily,OBM v0.1.0
2010-01-11,obm_spent_output_count_daily,0,outputs,daily,OBM v0.1.0
2010-01-12,obm_spent_output_count_daily,216,outputs,daily,OBM v0.1.0
2010-01-13,obm_spent_output_count_daily,2,outputs,daily,OBM v0.1.0
2010-01-14,obm_spent_output_count_daily,9,outputs,daily,OBM v0.1.0
2010-01-15,obm_spent_output_count_daily,5,outputs,daily,OBM v0.1.0
2010-01-16,obm_spent_output_count_daily,6,outputs,daily,OBM v0.1.0
2010-01-17,obm_spent_output_count_daily,0,outputs,daily,OBM v0.1.0
2010-01-18,obm_spent_output_count_daily,1,outputs,daily,OBM v0.1.0
2010-01-19,obm_spent_output_count_daily,0,outputs,daily,OBM v0.1.0
2010-01-20,obm_spent_output_count_daily,0,outputs,daily,OBM v0.1.0
2010-01-21,obm_spent_output_count_daily,18,outputs,daily,OBM v0.1.0
2010-01-22,obm_spent_output_count_daily,5,outputs,daily,OBM v0.1.0
2010-01-23,obm_spent_output_count_daily,2,outputs,daily,OBM v0.1.0
2010-01-24,obm_spent_output_count_daily,1,outputs,daily,OBM v0.1.0
2010-01-25,obm_spent_output_count_daily,61,outputs,daily,OBM v0.1.0
2010-01-26,obm_spent_output_count_daily,19,outputs,daily,OBM v0.1.0
2010-01-27,obm_spent_output_count_daily,20,outputs,daily,OBM v0.1.0
2010-01-28,obm_spent_output_count_daily,21,outputs,daily,OBM v0.1.0
2010-01-29,obm_spent_output_count_daily,19,outputs,daily,OBM v0.1.0
2010-01-30,obm_spent_output_count_daily,34,outputs,daily,OBM v0.1.0
2010-01-31,obm_spent_output_count_daily,18,outputs,daily,OBM v0.1.0
2010-02-01,obm_spent_output_count_daily,20,outputs,daily,OBM v0.1.0
2010-02-02,obm_spent_output_count_daily,21,outputs,daily,OBM v0.1.0
2010-02-03,obm_spent_output_count_daily,6,outputs,daily,OBM v0.1.0
2010-02-04,obm_spent_output_count_daily,41,outputs,daily,OBM v0.1.0
2010-02-05,obm_spent_output_count_daily,245,outputs,daily,OBM v0.1.0
2010-02-06,obm_spent_output_count_daily,30,outputs,daily,OBM v0.1.0
2010-02-07,obm_spent_output_count_daily,10,outputs,daily,OBM v0.1.0
2010-02-08,obm_spent_output_count_daily,125,outputs,daily,OBM v0.1.0
2010-02-09,obm_spent_output_count_daily,418,outputs,daily,OBM v0.1.0
2010-02-10,obm_spent_output_count_daily,606,outputs,daily,OBM v0.1.0
2010-02-11,obm_spent_output_count_daily,74,outputs,daily,OBM v0.1.0
2010-02-12,obm_spent_output_count_daily,53,outputs,daily,OBM v0.1.0
2010-02-13,obm_spent_output_count_daily,85,outputs,daily,OBM v0.1.0
2010-02-14,obm_spent_output_count_daily,58,outputs,daily,OBM v0.1.0
2010-02-15,obm_spent_output_count_daily,91,outputs,daily,OBM v0.1.0
2010-02-16,obm_spent_output_count_daily,16,outputs,daily,OBM v0.1.0
2010-02-17,obm_spent_output_count_daily,28,outputs,daily,OBM v0.1.0
2010-02-18,obm_spent_output_count_daily,58,outputs,daily,OBM v0.1.0
2010-02-19,obm_spent_output_count_daily,4,outputs,daily,OBM v0.1.0
2010-02-20,obm_spent_output_count_daily,13,outputs,daily,OBM v0.1.0
2010-02-21,obm_spent_output_count_daily,126,outputs,daily,OBM v0.1.0
2010-02-22,obm_spent_output_count_daily,267,outputs,daily,OBM v0.1.0
2010-02-23,obm_spent_output_count_daily,1,outputs,daily,OBM v0.1.0
2010-02-24,obm_spent_output_count_daily,107,outputs,daily,OBM v0.1.0
2010-02-25,obm_spent_output_count_daily,143,outputs,daily,OBM v0.1.0
2010-02-26,obm_spent_output_count_daily,20,outputs,daily,OBM v0.1.0
2010-02-27,obm_spent_output_count_daily,10,outputs,daily,OBM v0.1.0
2010-02-28,obm_spent_output_count_daily,106,outputs,daily,OBM v0.1.0
2010-03-01,obm_spent_output_count_daily,32,outputs,daily,OBM v0.1.0
2010-03-02,obm_spent_output_count_daily,40,outputs,daily,OBM v0.1.0
2010-03-03,obm_spent_output_count_daily,116,outputs,daily,OBM v0.1.0
2010-03-04,obm_spent_output_count_daily,387,outputs,daily,OBM v0.1.0
2010-03-05,obm_spent_output_count_daily,2,outputs,daily,OBM v0.1.0
2010-03-06,obm_spent_output_count_daily,93,outputs,daily,OBM v0.1.0
2010-03-07,obm_spent_output_count_daily,115,outputs,daily,OBM v0.1.0
2010-03-08,obm_spent_output_count_daily,181,outputs,daily,OBM v0.1.0
2010-03-09,obm_spent_output_count_daily,81,outputs,daily,OBM v0.1.0
2010-03-10,obm_spent_output_count_daily,42,outputs,daily,OBM v0.1.0
2010-03-11,obm_spent_output_count_daily,64,outputs,daily,OBM v0.1.0
2010-03-12,obm_spent_output_count_daily,7,outputs,daily,OBM v0.1.0
2010-03-13,obm_spent_output_count_daily,36,outputs,daily,OBM v0.1.0
2010-03-14,obm_spent_output_count_daily,10,outputs,daily,OBM v0.1.0
2010-03-15,obm_spent_output_count_daily,5,outputs,daily,OBM v0.1.0
2010-03-16,obm_spent_output_count_daily,25,outputs,daily,OBM v0.1.0
2010-03-17,obm_spent_output_count_daily,25,outputs,daily,OBM v0.1.0
2010-03-18,obm_spent_output_count_daily,81,outputs,daily,OBM v0.1.0
2010-03-19,obm_spent_output_count_daily,127,outputs,daily,OBM v0.1.0
2010-03-20,obm_spent_output_count_daily,73,outputs,daily,OBM v0.1.0
2010-03-21,obm_spent_output_count_daily,9,outputs,daily,OBM v0.1.0
2010-03-22,obm_spent_output_count_daily,40,outputs,daily,OBM v0.1.0
2010-03-23,obm_spent_output_count_daily,77,outputs,daily,OBM v0.1.0
2010-03-24,obm_spent_output_count_daily,33,outputs,daily,OBM v0.1.0
2010-03-25,obm_spent_output_count_daily,344,outputs,daily,OBM v0.1.0
2010-03-26,obm_spent_output_count_daily,76,outputs,daily,OBM v0.1.0
2010-03-27,obm_spent_output_count_daily,24,outputs,daily,OBM v0.1.0
2010-03-28,obm_spent_output_count_daily,19,outputs,daily,OBM v0.1.0
2010-03-29,obm_spent_output_count_daily,68,outputs,daily,OBM v0.1.0
2010-03-30,obm_spent_output_count_daily,11,outputs,daily,OBM v0.1.0
2010-03-31,obm_spent_output_count_daily,25,outputs,daily,OBM v0.1.0
2010-04-01,obm_spent_output_count_daily,28,outputs,daily,OBM v0.1.0
2010-04-02,obm_spent_output_count_daily,20,outputs,daily,OBM v0.1.0
2010-04-03,obm_spent_output_count_daily,25,outputs,daily,OBM v0.1.0
2010-04-04,obm_spent_output_count_daily,69,outputs,daily,OBM v0.1.0
2010-04-05,obm_spent_output_count_daily,145,outputs,daily,OBM v0.1.0
2010-04-06,obm_spent_output_count_daily,101,outputs,daily,OBM v0.1.0
2010-04-07,obm_spent_output_count_daily,105,outputs,daily,OBM v0.1.0
2010-04-08,obm_spent_output_count_daily,51,outputs,daily,OBM v0.1.0
2010-04-09,obm_spent_output_count_daily,161,outputs,daily,OBM v0.1.0
2010-04-10,obm_spent_output_count_daily,282,outputs,daily,OBM v0.1.0
2010-04-11,obm_spent_output_count_daily,173,outputs,daily,OBM v0.1.0
2010-04-12,obm_spent_output_count_daily,165,outputs,daily,OBM v0.1.0
2010-04-13,obm_spent_output_count_daily,38,outputs,daily,OBM v0.1.0
2010-04-14,obm_spent_output_count_daily,114,outputs,daily,OBM v0.1.0
2010-04-15,obm_spent_output_count_daily,698,outputs,daily,OBM v0.1.0
2010-04-16,obm_spent_output_count_daily,221,outputs,daily,OBM v0.1.0
2010-04-17,obm_spent_output_count_daily,87,outputs,daily,OBM v0.1.0
2010-04-18,obm_spent_output_count_daily,3337,outputs,daily,OBM v0.1.0
2010-04-19,obm_spent_output_count_daily,306,outputs,daily,OBM v0.1.0
2010-04-20,obm_spent_output_count_daily,222,outputs,daily,OBM v0.1.0
2010-04-21,obm_spent_output_count_daily,153,outputs,daily,OBM v0.1.0
2010-04-22,obm_spent_output_count_daily,60,outputs,daily,OBM v0.1.0
2010-04-23,obm_spent_output_count_daily,76,outputs,daily,OBM v0.1.0
2010-04-24,obm_spent_output_count_daily,155,outputs,daily,OBM v0.1.0
2010-04-25,obm_spent_output_count_daily,181,outputs,daily,OBM v0.1.0
2010-04-26,obm_spent_output_count_daily,106,outputs,daily,OBM v0.1.0
2010-04-27,obm_spent_output_count_daily,89,outputs,daily,OBM v0.1.0
2010-04-28,obm_spent_output_count_daily,137,outputs,daily,OBM v0.1.0
2010-04-29,obm_spent_output_count_daily,58,outputs,daily,OBM v0.1.0
2010-04-30,obm_spent_output_count_daily,46,outputs,daily,OBM v0.1.0
2010-05-01,obm_spent_output_count_daily,70,outputs,daily,OBM v0.1.0
2010-05-02,obm_spent_output_count_daily,44,outputs,daily,OBM v0.1.0
2010-05-03,obm_spent_output_count_daily,118,outputs,daily,OBM v0.1.0
2010-05-04,obm_spent_output_count_daily,207,outputs,daily,OBM v0.1.0
2010-05-05,obm_spent_output_count_daily,175,outputs,daily,OBM v0.1.0
2010-05-06,obm_spent_output_count_daily,284,outputs,daily,OBM v0.1.0
2010-05-07,obm_spent_output_count_daily,94,outputs,daily,OBM v0.1.0
2010-05-08,obm_spent_output_count_daily,279,outputs,daily,OBM v0.1.0
2010-05-09,obm_spent_output_count_daily,114,outputs,daily,OBM v0.1.0
2010-05-10,obm_spent_output_count_daily,155,outputs,daily,OBM v0.1.0
2010-05-11,obm_spent_output_count_daily,41,outputs,daily,OBM v0.1.0
2010-05-12,obm_spent_output_count_daily,136,outputs,daily,OBM v0.1.0
2010-05-13,obm_spent_output_count_daily,117,outputs,daily,OBM v0.1.0
2010-05-14,obm_spent_output_count_daily,940,outputs,daily,OBM v0.1.0
2010-05-15,obm_spent_output_count_daily,1025,outputs,daily,OBM v0.1.0
2010-05-16,obm_spent_output_count_daily,47,outputs,daily,OBM v0.1.0
2010-05-17,obm_spent_output_count_daily,137,outputs,daily,OBM v0.1.0
2010-05-18,obm_spent_output_count_daily,138,outputs,daily,OBM v0.1.0
2010-05-19,obm_spent_output_count_daily,137,outputs,daily,OBM v0.1.0
2010-05-20,obm_spent_output_count_daily,79,outputs,daily,OBM v0.1.0
2010-05-21,obm_spent_output_count_daily,184,outputs,daily,OBM v0.1.0
2010-05-22,obm_spent_output_count_daily,267,outputs,daily,OBM v0.1.0
2010-05-23,obm_spent_output_count_daily,201,outputs,daily,OBM v0.1.0
2010-05-24,obm_spent_output_count_daily,117,outputs,daily,OBM v0.1.0
2010-05-25,obm_spent_output_count_daily,121,outputs,daily,OBM v0.1.0
2010-05-26,obm_spent_output_count_daily,177,outputs,daily,OBM v0.1.0
2010-05-27,obm_spent_output_count_daily,186,outputs,daily,OBM v0.1.0
2010-05-28,obm_spent_output_count_daily,107,outputs,daily,OBM v0.1.0
2010-05-29,obm_spent_output_count_daily,162,outputs,daily,OBM v0.1.0
2010-05-30,obm_spent_output_count_daily,86,outputs,daily,OBM v0.1.0
2010-05-31,obm_spent_output_count_daily,96,outputs,daily,OBM v0.1.0
2010-06-01,obm_spent_output_count_daily,111,outputs,daily,OBM v0.1.0
2010-06-02,obm_spent_output_count_daily,76,outputs,daily,OBM v0.1.0
2010-06-03,obm_spent_output_count_daily,234,outputs,daily,OBM v0.1.0
2010-06-04,obm_spent_output_count_daily,65,outputs,daily,OBM v0.1.0
2010-06-05,obm_spent_output_count_daily,93,outputs,daily,OBM v0.1.0
2010-06-06,obm_spent_output_count_daily,109,outputs,daily,OBM v0.1.0
2010-06-07,obm_spent_output_count_daily,296,outputs,daily,OBM v0.1.0
2010-06-08,obm_spent_output_count_daily,132,outputs,daily,OBM v0.1.0
2010-06-09,obm_spent_output_count_daily,157,outputs,daily,OBM v0.1.0
2010-06-10,obm_spent_output_count_daily,89,outputs,daily,OBM v0.1.0
2010-06-11,obm_spent_output_count_daily,154,outputs,daily,OBM v0.1.0
2010-06-12,obm_spent_output_count_daily,120,outputs,daily,OBM v0.1.0
2010-06-13,obm_spent_output_count_daily,148,outputs,daily,OBM v0.1.0
2010-06-14,obm_spent_output_count_daily,239,outputs,daily,OBM v0.1.0
2010-06-15,obm_spent_output_count_daily,141,outputs,daily,OBM v0.1.0
2010-06-16,obm_spent_output_count_daily,169,outputs,daily,OBM v0.1.0
2010-06-17,obm_spent_output_count_daily,87,outputs,daily,OBM v0.1.0
2010-06-18,obm_spent_output_count_daily,114,outputs,daily,OBM v0.1.0
2010-06-19,obm_spent_output_count_daily,243,outputs,daily,OBM v0.1.0
2010-06-20,obm_spent_output_count_daily,96,outputs,daily,OBM v0.1.0
2010-06-21,obm_spent_output_count_daily,149,outputs,daily,OBM v0.1.0
2010-06-22,obm_spent_output_count_daily,166,outputs,daily,OBM v0.1.0
2010-06-23,obm_spent_output_count_daily,142,outputs,daily,OBM v0.1.0
2010-06-24,obm_spent_output_count_daily,157,outputs,daily,OBM v0.1.0
2010-06-25,obm_spent_output_count_daily,77,outputs,daily,OBM v0.1.0
2010-06-26,obm_spent_output_count_daily,66,outputs,daily,OBM v0.1.0
2010-06-27,obm_spent_output_count_daily,111,outputs,daily,OBM v0.1.0
2010-06-28,obm_spent_output_count_daily,119,outputs,daily,OBM v0.1.0
2010-06-29,obm_spent_output_count_daily,240,outputs,daily,OBM v0.1.0
2010-06-30,obm_spent_output_count_daily,1044,outputs,daily,OBM v0.1.0
2010-07-01,obm_spent_output_count_daily,196,outputs,daily,OBM v0.1.0
2010-07-02,obm_spent_output_count_daily,463,outputs,daily,OBM v0.1.0
2010-07-03,obm_spent_output_count_daily,166,outputs,daily,OBM v0.1.0
2010-07-04,obm_spent_output_count_daily,305,outputs,daily,OBM v0.1.0
2010-07-05,obm_spent_output_count_daily,183,outputs,daily,OBM v0.1.0
2010-07-06,obm_spent_output_count_daily,91,outputs,daily,OBM v0.1.0
2010-07-07,obm_spent_output_count_daily,215,outputs,daily,OBM v0.1.0
2010-07-08,obm_spent_output_count_daily,117,outputs,daily,OBM v0.1.0
2010-07-09,obm_spent_output_count_daily,118,outputs,daily,OBM v0.1.0
2010-07-10,obm_spent_output_count_daily,185,outputs,daily,OBM v0.1.0
2010-07-11,obm_spent_output_count_daily,269,outputs,daily,OBM v0.1.0
2010-07-12,obm_spent_output_count_daily,1951,outputs,daily,OBM v0.1.0
2010-07-13,obm_spent_output_count_daily,957,outputs,daily,OBM v0.1.0
2010-07-14,obm_spent_output_count_daily,6165,outputs,daily,OBM v0.1.0
2010-07-15,obm_spent_output_count_daily,2178,outputs,daily,OBM v0.1.0
2010-07-16,obm_spent_output_count_daily,969,outputs,daily,OBM v0.1.0
2010-07-17,obm_spent_output_count_daily,501,outputs,daily,OBM v0.1.0
2010-07-18,obm_spent_output_count_daily,612,outputs,daily,OBM v0.1.0
2010-07-19,obm_spent_output_count_daily,556,outputs,daily,OBM v0.1.0
2010-07-20,obm_spent_output_count_daily,732,outputs,daily,OBM v0.1.0
2010-07-21,obm_spent_output_count_daily,472,outputs,daily,OBM v0.1.0
2010-07-22,obm_spent_output_count_daily,295,outputs,daily,OBM v0.1.0
2010-07-23,obm_spent_output_count_daily,304,outputs,daily,OBM v0.1.0
2010-07-24,obm_spent_output_count_daily,1188,outputs,daily,OBM v0.1.0
2010-07-25,obm_spent_output_count_daily,3264,outputs,daily,OBM v0.1.0
2010-07-26,obm_spent_output_count_daily,1225,outputs,daily,OBM v0.1.0
2010-07-27,obm_spent_output_count_daily,477,outputs,daily,OBM v0.1.0
2010-07-28,obm_spent_output_count_daily,2434,outputs,daily,OBM v0.1.0
2010-07-29,obm_spent_output_count_daily,1751,outputs,daily,OBM v0.1.0
2010-07-30,obm_spent_output_count_daily,413,outputs,daily,OBM v0.1.0
2010-07-31,obm_spent_output_count_daily,296,outputs,daily,OBM v0.1.0
2010-08-01,obm_spent_output_count_daily,298,outputs,daily,OBM v0.1.0
2010-08-02,obm_spent_output_count_daily,314,outputs,daily,OBM v0.1.0
2010-08-03,obm_spent_output_count_daily,686,outputs,daily,OBM v0.1.0
2010-08-04,obm_spent_output_count_daily,357,outputs,daily,OBM v0.1.0
2010-08-05,obm_spent_output_count_daily,807,outputs,daily,OBM v0.1.0
2010-08-06,obm_spent_output_count_daily,408,outputs,daily,OBM v0.1.0
2010-08-07,obm_spent_output_count_daily,389,outputs,daily,OBM v0.1.0
2010-08-08,obm_spent_output_count_daily,323,outputs,daily,OBM v0.1.0
2010-08-09,obm_spent_output_count_daily,1400,outputs,daily,OBM v0.1.0
2010-08-10,obm_spent_output_count_daily,289,outputs,daily,OBM v0.1.0
2010-08-11,obm_spent_output_count_daily,383,outputs,daily,OBM v0.1.0
2010-08-12,obm_spent_output_count_daily,260,outputs,daily,OBM v0.1.0
2010-08-13,obm_spent_output_count_daily,689,outputs,daily,OBM v0.1.0
2010-08-14,obm_spent_output_count_daily,434,outputs,daily,OBM v0.1.0
2010-08-15,obm_spent_output_count_daily,237,outputs,daily,OBM v0.1.0
2010-08-16,obm_spent_output_count_daily,635,outputs,daily,OBM v0.1.0
2010-08-17,obm_spent_output_count_daily,292,outputs,daily,OBM v0.1.0
2010-08-18,obm_spent_output_count_daily,1302,outputs,daily,OBM v0.1.0
2010-08-19,obm_spent_output_count_daily,271,outputs,daily,OBM v0.1.0
2010-08-20,obm_spent_output_count_daily,388,outputs,daily,OBM v0.1.0
2010-08-21,obm_spent_output_count_daily,286,outputs,daily,OBM v0.1.0
2010-08-22,obm_spent_output_count_daily,322,outputs,daily,OBM v0.1.0
2010-08-23,obm_spent_output_count_daily,338,outputs,daily,OBM v0.1.0
2010-08-24,obm_spent_output_count_daily,753,outputs,daily,OBM v0.1.0
2010-08-25,obm_spent_output_count_daily,230,outputs,daily,OBM v0.1.0
2010-08-26,obm_spent_output_count_daily,404,outputs,daily,OBM v0.1.0
2010-08-27,obm_spent_output_count_daily,255,outputs,daily,OBM v0.1.0
2010-08-28,obm_spent_output_count_daily,355,outputs,daily,OBM v0.1.0
2010-08-29,obm_spent_output_count_daily,168,outputs,daily,OBM v0.1.0
2010-08-30,obm_spent_output_count_daily,352,outputs,daily,OBM v0.1.0
2010-08-31,obm_spent_output_count_daily,769,outputs,daily,OBM v0.1.0
2010-09-01,obm_spent_output_count_daily,548,outputs,daily,OBM v0.1.0
2010-09-02,obm_spent_output_count_daily,345,outputs,daily,OBM v0.1.0
2010-09-03,obm_spent_output_count_daily,245,outputs,daily,OBM v0.1.0
2010-09-04,obm_spent_output_count_daily,205,outputs,daily,OBM v0.1.0
2010-09-05,obm_spent_output_count_daily,299,outputs,daily,OBM v0.1.0
2010-09-06,obm_spent_output_count_daily,271,outputs,daily,OBM v0.1.0
2010-09-07,obm_spent_output_count_daily,219,outputs,daily,OBM v0.1.0
2010-09-08,obm_spent_output_count_daily,293,outputs,daily,OBM v0.1.0
2010-09-09,obm_spent_output_count_daily,337,outputs,daily,OBM v0.1.0
2010-09-10,obm_spent_output_count_daily,309,outputs,daily,OBM v0.1.0
2010-09-11,obm_spent_output_count_daily,228,outputs,daily,OBM v0.1.0
2010-09-12,obm_spent_output_count_daily,495,outputs,daily,OBM v0.1.0
2010-09-13,obm_spent_output_count_daily,493,outputs,daily,OBM v0.1.0
2010-09-14,obm_spent_output_count_daily,404,outputs,daily,OBM v0.1.0
2010-09-15,obm_spent_output_count_daily,463,outputs,daily,OBM v0.1.0
2010-09-16,obm_spent_output_count_daily,413,outputs,daily,OBM v0.1.0
2010-09-17,obm_spent_output_count_daily,772,outputs,daily,OBM v0.1.0
2010-09-18,obm_spent_output_count_daily,307,outputs,daily,OBM v0.1.0
2010-09-19,obm_spent_output_count_daily,381,outputs,daily,OBM v0.1.0
2010-09-20,obm_spent_output_count_daily,496,outputs,daily,OBM v0.1.0
2010-09-21,obm_spent_output_count_daily,1121,outputs,daily,OBM v0.1.0
2010-09-22,obm_spent_output_count_daily,859,outputs,daily,OBM v0.1.0
2010-09-23,obm_spent_output_count_daily,750,outputs,daily,OBM v0.1.0
2010-09-24,obm_spent_output_count_daily,468,outputs,daily,OBM v0.1.0
2010-09-25,obm_spent_output_count_daily,593,outputs,daily,OBM v0.1.0
2010-09-26,obm_spent_output_count_daily,402,outputs,daily,OBM v0.1.0
2010-09-27,obm_spent_output_count_daily,998,outputs,daily,OBM v0.1.0
2010-09-28,obm_spent_output_count_daily,1499,outputs,daily,OBM v0.1.0
2010-09-29,obm_spent_output_count_daily,1550,outputs,daily,OBM v0.1.0
2010-09-30,obm_spent_output_count_daily,393,outputs,daily,OBM v0.1.0
2010-10-01,obm_spent_output_count_daily,622,outputs,daily,OBM v0.1.0
2010-10-02,obm_spent_output_count_daily,776,outputs,daily,OBM v0.1.0
2010-10-03,obm_spent_output_count_daily,429,outputs,daily,OBM v0.1.0
2010-10-04,obm_spent_output_count_daily,581,outputs,daily,OBM v0.1.0
2010-10-05,obm_spent_output_count_daily,487,outputs,daily,OBM v0.1.0
2010-10-06,obm_spent_output_count_daily,428,outputs,daily,OBM v0.1.0
2010-10-07,obm_spent_output_count_daily,400,outputs,daily,OBM v0.1.0
2010-10-08,obm_spent_output_count_daily,583,outputs,daily,OBM v0.1.0
2010-10-09,obm_spent_output_count_daily,579,outputs,daily,OBM v0.1.0
2010-10-10,obm_spent_output_count_daily,375,outputs,daily,OBM v0.1.0
2010-10-11,obm_spent_output_count_daily,374,outputs,daily,OBM v0.1.0
2010-10-12,obm_spent_output_count_daily,390,outputs,daily,OBM v0.1.0
2010-10-13,obm_spent_output_count_daily,716,outputs,daily,OBM v0.1.0
2010-10-14,obm_spent_output_count_daily,397,outputs,daily,OBM v0.1.0
2010-10-15,obm_spent_output_count_daily,299,outputs,daily,OBM v0.1.0
2010-10-16,obm_spent_output_count_daily,582,outputs,daily,OBM v0.1.0
2010-10-17,obm_spent_output_count_daily,405,outputs,daily,OBM v0.1.0
2010-10-18,obm_spent_output_count_daily,655,outputs,daily,OBM v0.1.0
2010-10-19,obm_spent_output_count_daily,1134,outputs,daily,OBM v0.1.0
2010-10-20,obm_spent_output_count_daily,848,outputs,daily,OBM v0.1.0
2010-10-21,obm_spent_output_count_daily,715,outputs,daily,OBM v0.1.0
2010-10-22,obm_spent_output_count_daily,766,outputs,daily,OBM v0.1.0
2010-10-23,obm_spent_output_count_daily,584,outputs,daily,OBM v0.1.0
2010-10-24,obm_spent_output_count_daily,574,outputs,daily,OBM v0.1.0
2010-10-25,obm_spent_output_count_daily,464,outputs,daily,OBM v0.1.0
2010-10-26,obm_spent_output_count_daily,487,outputs,daily,OBM v0.1.0
2010-10-27,obm_spent_output_count_daily,767,outputs,daily,OBM v0.1.0
2010-10-28,obm_spent_output_count_daily,623,outputs,daily,OBM v0.1.0
2010-10-29,obm_spent_output_count_daily,602,outputs,daily,OBM v0.1.0
2010-10-30,obm_spent_output_count_daily,359,outputs,daily,OBM v0.1.0
2010-10-31,obm_spent_output_count_daily,335,outputs,daily,OBM v0.1.0
2010-11-01,obm_spent_output_count_daily,346,outputs,daily,OBM v0.1.0
2010-11-02,obm_spent_output_count_daily,226,outputs,daily,OBM v0.1.0
2010-11-03,obm_spent_output_count_daily,316,outputs,daily,OBM v0.1.0
2010-11-04,obm_spent_output_count_daily,346,outputs,daily,OBM v0.1.0
2010-11-05,obm_spent_output_count_daily,607,outputs,daily,OBM v0.1.0
2010-11-06,obm_spent_output_count_daily,358,outputs,daily,OBM v0.1.0
2010-11-07,obm_spent_output_count_daily,411,outputs,daily,OBM v0.1.0
2010-11-08,obm_spent_output_count_daily,1232,outputs,daily,OBM v0.1.0
2010-11-09,obm_spent_output_count_daily,390,outputs,daily,OBM v0.1.0
2010-11-10,obm_spent_output_count_daily,353,outputs,daily,OBM v0.1.0
2010-11-11,obm_spent_output_count_daily,341,outputs,daily,OBM v0.1.0
2010-11-12,obm_spent_output_count_daily,240,outputs,daily,OBM v0.1.0
2010-11-13,obm_spent_output_count_daily,301,outputs,daily,OBM v0.1.0
2010-11-14,obm_spent_output_count_daily,597,outputs,daily,OBM v0.1.0
2010-11-15,obm_spent_output_count_daily,7718,outputs,daily,OBM v0.1.0
2010-11-16,obm_spent_output_count_daily,9155,outputs,daily,OBM v0.1.0
2010-11-17,obm_spent_output_count_daily,383,outputs,daily,OBM v0.1.0
2010-11-18,obm_spent_output_count_daily,1386,outputs,daily,OBM v0.1.0
2010-11-19,obm_spent_output_count_daily,9694,outputs,daily,OBM v0.1.0
2010-11-20,obm_spent_output_count_daily,9750,outputs,daily,OBM v0.1.0
2010-11-21,obm_spent_output_count_daily,10181,outputs,daily,OBM v0.1.0
2010-11-22,obm_spent_output_count_daily,347,outputs,daily,OBM v0.1.0
2010-11-23,obm_spent_output_count_daily,399,outputs,daily,OBM v0.1.0
2010-11-24,obm_spent_output_count_daily,4306,outputs,daily,OBM v0.1.0
2010-11-25,obm_spent_output_count_daily,8182,outputs,daily,OBM v0.1.0
2010-11-26,obm_spent_output_count_daily,1515,outputs,daily,OBM v0.1.0
2010-11-27,obm_spent_output_count_daily,489,outputs,daily,OBM v0.1.0
2010-11-28,obm_spent_output_count_daily,385,outputs,daily,OBM v0.1.0
2010-11-29,obm_spent_output_count_daily,547,outputs,daily,OBM v0.1.0
2010-11-30,obm_spent_output_count_daily,434,outputs,daily,OBM v0.1.0
2010-12-01,obm_spent_output_count_daily,684,outputs,daily,OBM v0.1.0
2010-12-02,obm_spent_output_count_daily,479,outputs,daily,OBM v0.1.0
2010-12-03,obm_spent_output_count_daily,540,outputs,daily,OBM v0.1.0
2010-12-04,obm_spent_output_count_daily,423,outputs,daily,OBM v0.1.0
2010-12-05,obm_spent_output_count_daily,337,outputs,daily,OBM v0.1.0
2010-12-06,obm_spent_output_count_daily,336,outputs,daily,OBM v0.1.0
2010-12-07,obm_spent_output_count_daily,700,outputs,daily,OBM v0.1.0
2010-12-08,obm_spent_output_count_daily,481,outputs,daily,OBM v0.1.0
2010-12-09,obm_spent_output_count_daily,490,outputs,daily,OBM v0.1.0
2010-12-10,obm_spent_output_count_daily,334,outputs,daily,OBM v0.1.0
2010-12-11,obm_spent_output_count_daily,599,outputs,daily,OBM v0.1.0
2010-12-12,obm_spent_output_count_daily,648,outputs,daily,OBM v0.1.0
2010-12-13,obm_spent_output_count_daily,1218,outputs,daily,OBM v0.1.0
2010-12-14,obm_spent_output_count_daily,639,outputs,daily,OBM v0.1.0
2010-12-15,obm_spent_output_count_daily,631,outputs,daily,OBM v0.1.0
2010-12-16,obm_spent_output_count_daily,560,outputs,daily,OBM v0.1.0
2010-12-17,obm_spent_output_count_daily,632,outputs,daily,OBM v0.1.0
2010-12-18,obm_spent_output_count_daily,473,outputs,daily,OBM v0.1.0
2010-12-19,obm_spent_output_count_daily,785,outputs,daily,OBM v0.1.0
2010-12-20,obm_spent_output_count_daily,1064,outputs,daily,OBM v0.1.0
2010-12-21,obm_spent_output_count_daily,654,outputs,daily,OBM v0.1.0
2010-12-22,obm_spent_output_count_daily,772,outputs,daily,OBM v0.1.0
2010-12-23,obm_spent_output_count_daily,579,outputs,daily,OBM v0.1.0
2010-12-24,obm_spent_output_count_daily,514,outputs,daily,OBM v0.1.0
2010-12-25,obm_spent_output_count_daily,577,outputs,daily,OBM v0.1.0
2010-12-26,obm_spent_output_count_daily,606,outputs,daily,OBM v0.1.0
2010-12-27,obm_spent_output_count_daily,809,outputs,daily,OBM v0.1.0
2010-12-28,obm_spent_output_count_daily,663,outputs,daily,OBM v0.1.0
2010-12-29,obm_spent_output_count_daily,625,outputs,daily,OBM v0.1.0
2010-12-30,obm_spent_output_count_daily,675,outputs,daily,OBM v0.1.0
2010-12-31,obm_spent_output_count_daily,535,outputs,daily,OBM v0.1.0
2011-01-01,obm_spent_output_count_daily,748,outputs,daily,OBM v0.1.0
2011-01-02,obm_spent_output_count_daily,690,outputs,daily,OBM v0.1.0
2011-01-03,obm_spent_output_count_daily,1723,outputs,daily,OBM v0.1.0
2011-01-04,obm_spent_output_count_daily,971,outputs,daily,OBM v0.1.0
2011-01-05,obm_spent_output_count_daily,1621,outputs,daily,OBM v0.1.0
2011-01-06,obm_spent_output_count_daily,903,outputs,daily,OBM v0.1.0
2011-01-07,obm_spent_output_count_daily,1066,outputs,daily,OBM v0.1.0
2011-01-08,obm_spent_output_count_daily,1555,outputs,daily,OBM v0.1.0
2011-01-09,obm_spent_output_count_daily,1424,outputs,daily,OBM v0.1.0
2011-01-10,obm_spent_output_count_daily,1491,outputs,daily,OBM v0.1.0
2011-01-11,obm_spent_output_count_daily,1627,outputs,daily,OBM v0.1.0
2011-01-12,obm_spent_output_count_daily,1280,outputs,daily,OBM v0.1.0
2011-01-13,obm_spent_output_count_daily,1655,outputs,daily,OBM v0.1.0
2011-01-14,obm_spent_output_count_daily,1600,outputs,daily,OBM v0.1.0
2011-01-15,obm_spent_output_count_daily,1205,outputs,daily,OBM v0.1.0
2011-01-16,obm_spent_output_count_daily,1174,outputs,daily,OBM v0.1.0
2011-01-17,obm_spent_output_count_daily,886,outputs,daily,OBM v0.1.0
2011-01-18,obm_spent_output_count_daily,1067,outputs,daily,OBM v0.1.0
2011-01-19,obm_spent_output_count_daily,1157,outputs,daily,OBM v0.1.0
2011-01-20,obm_spent_output_count_daily,978,outputs,daily,OBM v0.1.0
2011-01-21,obm_spent_output_count_daily,1599,outputs,daily,OBM v0.1.0
2011-01-22,obm_spent_output_count_daily,2269,outputs,daily,OBM v0.1.0
2011-01-23,obm_spent_output_count_daily,1622,outputs,daily,OBM v0.1.0
2011-01-24,obm_spent_output_count_daily,1773,outputs,daily,OBM v0.1.0
2011-01-25,obm_spent_output_count_daily,991,outputs,daily,OBM v0.1.0
2011-01-26,obm_spent_output_count_daily,1201,outputs,daily,OBM v0.1.0
2011-01-27,obm_spent_output_count_daily,1250,outputs,daily,OBM v0.1.0
2011-01-28,obm_spent_output_count_daily,1324,outputs,daily,OBM v0.1.0
2011-01-29,obm_spent_output_count_daily,2059,outputs,daily,OBM v0.1.0
2011-01-30,obm_spent_output_count_daily,4419,outputs,daily,OBM v0.1.0
2011-01-31,obm_spent_output_count_daily,2237,outputs,daily,OBM v0.1.0
2011-02-01,obm_spent_output_count_daily,1932,outputs,daily,OBM v0.1.0
2011-02-02,obm_spent_output_count_daily,1212,outputs,daily,OBM v0.1.0
2011-02-03,obm_spent_output_count_daily,937,outputs,daily,OBM v0.1.0
2011-02-04,obm_spent_output_count_daily,1161,outputs,daily,OBM v0.1.0
2011-02-05,obm_spent_output_count_daily,1166,outputs,daily,OBM v0.1.0
2011-02-06,obm_spent_output_count_daily,1260,outputs,daily,OBM v0.1.0
2011-02-07,obm_spent_output_count_daily,1019,outputs,daily,OBM v0.1.0
2011-02-08,obm_spent_output_count_daily,1024,outputs,daily,OBM v0.1.0
2011-02-09,obm_spent_output_count_daily,1481,outputs,daily,OBM v0.1.0
2011-02-10,obm_spent_output_count_daily,2885,outputs,daily,OBM v0.1.0
2011-02-11,obm_spent_output_count_daily,2967,outputs,daily,OBM v0.1.0
2011-02-12,obm_spent_output_count_daily,2475,outputs,daily,OBM v0.1.0
2011-02-13,obm_spent_output_count_daily,2244,outputs,daily,OBM v0.1.0
2011-02-14,obm_spent_output_count_daily,3325,outputs,daily,OBM v0.1.0
2011-02-15,obm_spent_output_count_daily,2687,outputs,daily,OBM v0.1.0
2011-02-16,obm_spent_output_count_daily,2438,outputs,daily,OBM v0.1.0
2011-02-17,obm_spent_output_count_daily,2709,outputs,daily,OBM v0.1.0
2011-02-18,obm_spent_output_count_daily,3018,outputs,daily,OBM v0.1.0
2011-02-19,obm_spent_output_count_daily,2049,outputs,daily,OBM v0.1.0
2011-02-20,obm_spent_output_count_daily,2269,outputs,daily,OBM v0.1.0
2011-02-21,obm_spent_output_count_daily,2198,outputs,daily,OBM v0.1.0
2011-02-22,obm_spent_output_count_daily,2776,outputs,daily,OBM v0.1.0
2011-02-23,obm_spent_output_count_daily,2823,outputs,daily,OBM v0.1.0
2011-02-24,obm_spent_output_count_daily,2749,outputs,daily,OBM v0.1.0
2011-02-25,obm_spent_output_count_daily,2586,outputs,daily,OBM v0.1.0
2011-02-26,obm_spent_output_count_daily,2550,outputs,daily,OBM v0.1.0
2011-02-27,obm_spent_output_count_daily,2967,outputs,daily,OBM v0.1.0
2011-02-28,obm_spent_output_count_daily,2379,outputs,daily,OBM v0.1.0
2011-03-01,obm_spent_output_count_daily,3727,outputs,daily,OBM v0.1.0
2011-03-02,obm_spent_output_count_daily,2675,outputs,daily,OBM v0.1.0
2011-03-03,obm_spent_output_count_daily,3795,outputs,daily,OBM v0.1.0
2011-03-04,obm_spent_output_count_daily,2936,outputs,daily,OBM v0.1.0
2011-03-05,obm_spent_output_count_daily,3759,outputs,daily,OBM v0.1.0
2011-03-06,obm_spent_output_count_daily,2644,outputs,daily,OBM v0.1.0
2011-03-07,obm_spent_output_count_daily,2677,outputs,daily,OBM v0.1.0
2011-03-08,obm_spent_output_count_daily,3521,outputs,daily,OBM v0.1.0
2011-03-09,obm_spent_output_count_daily,2690,outputs,daily,OBM v0.1.0
2011-03-10,obm_spent_output_count_daily,2274,outputs,daily,OBM v0.1.0
2011-03-11,obm_spent_output_count_daily,2691,outputs,daily,OBM v0.1.0
2011-03-12,obm_spent_output_count_daily,3671,outputs,daily,OBM v0.1.0
2011-03-13,obm_spent_output_count_daily,3430,outputs,daily,OBM v0.1.0
2011-03-14,obm_spent_output_count_daily,3916,outputs,daily,OBM v0.1.0
2011-03-15,obm_spent_output_count_daily,4048,outputs,daily,OBM v0.1.0
2011-03-16,obm_spent_output_count_daily,4214,outputs,daily,OBM v0.1.0
2011-03-17,obm_spent_output_count_daily,4046,outputs,daily,OBM v0.1.0
2011-03-18,obm_spent_output_count_daily,3281,outputs,daily,OBM v0.1.0
2011-03-19,obm_spent_output_count_daily,4014,outputs,daily,OBM v0.1.0
2011-03-20,obm_spent_output_count_daily,6152,outputs,daily,OBM v0.1.0
2011-03-21,obm_spent_output_count_daily,6856,outputs,daily,OBM v0.1.0
2011-03-22,obm_spent_output_count_daily,3028,outputs,daily,OBM v0.1.0
2011-03-23,obm_spent_output_count_daily,6172,outputs,daily,OBM v0.1.0
2011-03-24,obm_spent_output_count_daily,3320,outputs,daily,OBM v0.1.0
2011-03-25,obm_spent_output_count_daily,3091,outputs,daily,OBM v0.1.0
2011-03-26,obm_spent_output_count_daily,4801,outputs,daily,OBM v0.1.0
2011-03-27,obm_spent_output_count_daily,4089,outputs,daily,OBM v0.1.0
2011-03-28,obm_spent_output_count_daily,4595,outputs,daily,OBM v0.1.0
2011-03-29,obm_spent_output_count_daily,3803,outputs,daily,OBM v0.1.0
2011-03-30,obm_spent_output_count_daily,2679,outputs,daily,OBM v0.1.0
2011-03-31,obm_spent_output_count_daily,3312,outputs,daily,OBM v0.1.0
2011-04-01,obm_spent_output_count_daily,2592,outputs,daily,OBM v0.1.0
2011-04-02,obm_spent_output_count_daily,2618,outputs,daily,OBM v0.1.0
2011-04-03,obm_spent_output_count_daily,2482,outputs,daily,OBM v0.1.0
2011-04-04,obm_spent_output_count_daily,3492,outputs,daily,OBM v0.1.0
2011-04-05,obm_spent_output_count_daily,3142,outputs,daily,OBM v0.1.0
2011-04-06,obm_spent_output_count_daily,2800,outputs,daily,OBM v0.1.0
2011-04-07,obm_spent_output_count_daily,2489,outputs,daily,OBM v0.1.0
2011-04-08,obm_spent_output_count_daily,2896,outputs,daily,OBM v0.1.0
2011-04-09,obm_spent_output_count_daily,2582,outputs,daily,OBM v0.1.0
2011-04-10,obm_spent_output_count_daily,2816,outputs,daily,OBM v0.1.0
2011-04-11,obm_spent_output_count_daily,3398,outputs,daily,OBM v0.1.0
2011-04-12,obm_spent_output_count_daily,4084,outputs,daily,OBM v0.1.0
2011-04-13,obm_spent_output_count_daily,4101,outputs,daily,OBM v0.1.0
2011-04-14,obm_spent_output_count_daily,4244,outputs,daily,OBM v0.1.0
2011-04-15,obm_spent_output_count_daily,4401,outputs,daily,OBM v0.1.0
2011-04-16,obm_spent_output_count_daily,4912,outputs,daily,OBM v0.1.0
2011-04-17,obm_spent_output_count_daily,3512,outputs,daily,OBM v0.1.0
2011-04-18,obm_spent_output_count_daily,4742,outputs,daily,OBM v0.1.0
2011-04-19,obm_spent_output_count_daily,5433,outputs,daily,OBM v0.1.0
2011-04-20,obm_spent_output_count_daily,5974,outputs,daily,OBM v0.1.0
2011-04-21,obm_spent_output_count_daily,2861,outputs,daily,OBM v0.1.0
2011-04-22,obm_spent_output_count_daily,3309,outputs,daily,OBM v0.1.0
2011-04-23,obm_spent_output_count_daily,4162,outputs,daily,OBM v0.1.0
2011-04-24,obm_spent_output_count_daily,4137,outputs,daily,OBM v0.1.0
2011-04-25,obm_spent_output_count_daily,5123,outputs,daily,OBM v0.1.0
2011-04-26,obm_spent_output_count_daily,5424,outputs,daily,OBM v0.1.0
2011-04-27,obm_spent_output_count_daily,8792,outputs,daily,OBM v0.1.0
2011-04-28,obm_spent_output_count_daily,5474,outputs,daily,OBM v0.1.0
2011-04-29,obm_spent_output_count_daily,5813,outputs,daily,OBM v0.1.0
2011-04-30,obm_spent_output_count_daily,8098,outputs,daily,OBM v0.1.0
2011-05-01,obm_spent_output_count_daily,7532,outputs,daily,OBM v0.1.0
2011-05-02,obm_spent_output_count_daily,4888,outputs,daily,OBM v0.1.0
2011-05-03,obm_spent_output_count_daily,5151,outputs,daily,OBM v0.1.0
2011-05-04,obm_spent_output_count_daily,5215,outputs,daily,OBM v0.1.0
2011-05-05,obm_spent_output_count_daily,6378,outputs,daily,OBM v0.1.0
2011-05-06,obm_spent_output_count_daily,5747,outputs,daily,OBM v0.1.0
2011-05-07,obm_spent_output_count_daily,5758,outputs,daily,OBM v0.1.0
2011-05-08,obm_spent_output_count_daily,5040,outputs,daily,OBM v0.1.0
2011-05-09,obm_spent_output_count_daily,6353,outputs,daily,OBM v0.1.0
2011-05-10,obm_spent_output_count_daily,6506,outputs,daily,OBM v0.1.0
2011-05-11,obm_spent_output_count_daily,6052,outputs,daily,OBM v0.1.0
2011-05-12,obm_spent_output_count_daily,6248,outputs,daily,OBM v0.1.0
2011-05-13,obm_spent_output_count_daily,8847,outputs,daily,OBM v0.1.0
2011-05-14,obm_spent_output_count_daily,8042,outputs,daily,OBM v0.1.0
2011-05-15,obm_spent_output_count_daily,7406,outputs,daily,OBM v0.1.0
2011-05-16,obm_spent_output_count_daily,8257,outputs,daily,OBM v0.1.0
2011-05-17,obm_spent_output_count_daily,7992,outputs,daily,OBM v0.1.0
2011-05-18,obm_spent_output_count_daily,10086,outputs,daily,OBM v0.1.0
2011-05-19,obm_spent_output_count_daily,8315,outputs,daily,OBM v0.1.0
2011-05-20,obm_spent_output_count_daily,8980,outputs,daily,OBM v0.1.0
2011-05-21,obm_spent_output_count_daily,8514,outputs,daily,OBM v0.1.0
2011-05-22,obm_spent_output_count_daily,8613,outputs,daily,OBM v0.1.0
2011-05-23,obm_spent_output_count_daily,10014,outputs,daily,OBM v0.1.0
2011-05-24,obm_spent_output_count_daily,9586,outputs,daily,OBM v0.1.0
2011-05-25,obm_spent_output_count_daily,11063,outputs,daily,OBM v0.1.0
2011-05-26,obm_spent_output_count_daily,12474,outputs,daily,OBM v0.1.0
2011-05-27,obm_spent_output_count_daily,8117,outputs,daily,OBM v0.1.0
2011-05-28,obm_spent_output_count_daily,8368,outputs,daily,OBM v0.1.0
2011-05-29,obm_spent_output_count_daily,8066,outputs,daily,OBM v0.1.0
2011-05-30,obm_spent_output_count_daily,9276,outputs,daily,OBM v0.1.0
2011-05-31,obm_spent_output_count_daily,11254,outputs,daily,OBM v0.1.0
2011-06-01,obm_spent_output_count_daily,11852,outputs,daily,OBM v0.1.0
2011-06-02,obm_spent_output_count_daily,13694,outputs,daily,OBM v0.1.0
2011-06-03,obm_spent_output_count_daily,18376,outputs,daily,OBM v0.1.0
2011-06-04,obm_spent_output_count_daily,16458,outputs,daily,OBM v0.1.0
2011-06-05,obm_spent_output_count_daily,13994,outputs,daily,OBM v0.1.0
2011-06-06,obm_spent_output_count_daily,18841,outputs,daily,OBM v0.1.0
2011-06-07,obm_spent_output_count_daily,15857,outputs,daily,OBM v0.1.0
2011-06-08,obm_spent_output_count_daily,26010,outputs,daily,OBM v0.1.0
2011-06-09,obm_spent_output_count_daily,22779,outputs,daily,OBM v0.1.0
2011-06-10,obm_spent_output_count_daily,20636,outputs,daily,OBM v0.1.0
2011-06-11,obm_spent_output_count_daily,18978,outputs,daily,OBM v0.1.0
2011-06-12,obm_spent_output_count_daily,23080,outputs,daily,OBM v0.1.0
2011-06-13,obm_spent_output_count_daily,21621,outputs,daily,OBM v0.1.0
2011-06-14,obm_spent_output_count_daily,23644,outputs,daily,OBM v0.1.0
2011-06-15,obm_spent_output_count_daily,23568,outputs,daily,OBM v0.1.0
2011-06-16,obm_spent_output_count_daily,24131,outputs,daily,OBM v0.1.0
2011-06-17,obm_spent_output_count_daily,21493,outputs,daily,OBM v0.1.0
2011-06-18,obm_spent_output_count_daily,20188,outputs,daily,OBM v0.1.0
2011-06-19,obm_spent_output_count_daily,21114,outputs,daily,OBM v0.1.0
2011-06-20,obm_spent_output_count_daily,17853,outputs,daily,OBM v0.1.0
2011-06-21,obm_spent_output_count_daily,16539,outputs,daily,OBM v0.1.0
2011-06-22,obm_spent_output_count_daily,17619,outputs,daily,OBM v0.1.0
2011-06-23,obm_spent_output_count_daily,16584,outputs,daily,OBM v0.1.0
2011-06-24,obm_spent_output_count_daily,18198,outputs,daily,OBM v0.1.0
2011-06-25,obm_spent_output_count_daily,17314,outputs,daily,OBM v0.1.0
2011-06-26,obm_spent_output_count_daily,18955,outputs,daily,OBM v0.1.0
2011-06-27,obm_spent_output_count_daily,23769,outputs,daily,OBM v0.1.0
2011-06-28,obm_spent_output_count_daily,19490,outputs,daily,OBM v0.1.0
2011-06-29,obm_spent_output_count_daily,17784,outputs,daily,OBM v0.1.0
2011-06-30,obm_spent_output_count_daily,17308,outputs,daily,OBM v0.1.0
2011-07-01,obm_spent_output_count_daily,18679,outputs,daily,OBM v0.1.0
2011-07-02,obm_spent_output_count_daily,13709,outputs,daily,OBM v0.1.0
2011-07-03,obm_spent_output_count_daily,14063,outputs,daily,OBM v0.1.0
2011-07-04,obm_spent_output_count_daily,17153,outputs,daily,OBM v0.1.0
2011-07-05,obm_spent_output_count_daily,17521,outputs,daily,OBM v0.1.0
2011-07-06,obm_spent_output_count_daily,20697,outputs,daily,OBM v0.1.0
2011-07-07,obm_spent_output_count_daily,16432,outputs,daily,OBM v0.1.0
2011-07-08,obm_spent_output_count_daily,14868,outputs,daily,OBM v0.1.0
2011-07-09,obm_spent_output_count_daily,13966,outputs,daily,OBM v0.1.0
2011-07-10,obm_spent_output_count_daily,15768,outputs,daily,OBM v0.1.0
2011-07-11,obm_spent_output_count_daily,18018,outputs,daily,OBM v0.1.0
2011-07-12,obm_spent_output_count_daily,14405,outputs,daily,OBM v0.1.0
2011-07-13,obm_spent_output_count_daily,15270,outputs,daily,OBM v0.1.0
2011-07-14,obm_spent_output_count_daily,15010,outputs,daily,OBM v0.1.0
2011-07-15,obm_spent_output_count_daily,13246,outputs,daily,OBM v0.1.0
2011-07-16,obm_spent_output_count_daily,15273,outputs,daily,OBM v0.1.0
2011-07-17,obm_spent_output_count_daily,15075,outputs,daily,OBM v0.1.0
2011-07-18,obm_spent_output_count_daily,20344,outputs,daily,OBM v0.1.0
2011-07-19,obm_spent_output_count_daily,17934,outputs,daily,OBM v0.1.0
2011-07-20,obm_spent_output_count_daily,16084,outputs,daily,OBM v0.1.0
2011-07-21,obm_spent_output_count_daily,15260,outputs,daily,OBM v0.1.0
2011-07-22,obm_spent_output_count_daily,16105,outputs,daily,OBM v0.1.0
2011-07-23,obm_spent_output_count_daily,13580,outputs,daily,OBM v0.1.0
2011-07-24,obm_spent_output_count_daily,14976,outputs,daily,OBM v0.1.0
2011-07-25,obm_spent_output_count_daily,18399,outputs,daily,OBM v0.1.0
2011-07-26,obm_spent_output_count_daily,16098,outputs,daily,OBM v0.1.0
2011-07-27,obm_spent_output_count_daily,15121,outputs,daily,OBM v0.1.0
2011-07-28,obm_spent_output_count_daily,15393,outputs,daily,OBM v0.1.0
2011-07-29,obm_spent_output_count_daily,12287,outputs,daily,OBM v0.1.0
2011-07-30,obm_spent_output_count_daily,10354,outputs,daily,OBM v0.1.0
2011-07-31,obm_spent_output_count_daily,13960,outputs,daily,OBM v0.1.0
2011-08-01,obm_spent_output_count_daily,15720,outputs,daily,OBM v0.1.0
2011-08-02,obm_spent_output_count_daily,16833,outputs,daily,OBM v0.1.0
2011-08-03,obm_spent_output_count_daily,15521,outputs,daily,OBM v0.1.0
2011-08-04,obm_spent_output_count_daily,15288,outputs,daily,OBM v0.1.0
2011-08-05,obm_spent_output_count_daily,12869,outputs,daily,OBM v0.1.0
2011-08-06,obm_spent_output_count_daily,13586,outputs,daily,OBM v0.1.0
2011-08-07,obm_spent_output_count_daily,11530,outputs,daily,OBM v0.1.0
2011-08-08,obm_spent_output_count_daily,16128,outputs,daily,OBM v0.1.0
2011-08-09,obm_spent_output_count_daily,17753,outputs,daily,OBM v0.1.0
2011-08-10,obm_spent_output_count_daily,15046,outputs,daily,OBM v0.1.0
2011-08-11,obm_spent_output_count_daily,13331,outputs,daily,OBM v0.1.0
2011-08-12,obm_spent_output_count_daily,12788,outputs,daily,OBM v0.1.0
2011-08-13,obm_spent_output_count_daily,13440,outputs,daily,OBM v0.1.0
2011-08-14,obm_spent_output_count_daily,14421,outputs,daily,OBM v0.1.0
2011-08-15,obm_spent_output_count_daily,17129,outputs,daily,OBM v0.1.0
2011-08-16,obm_spent_output_count_daily,17725,outputs,daily,OBM v0.1.0
2011-08-17,obm_spent_output_count_daily,15209,outputs,daily,OBM v0.1.0
2011-08-18,obm_spent_output_count_daily,13092,outputs,daily,OBM v0.1.0
2011-08-19,obm_spent_output_count_daily,15100,outputs,daily,OBM v0.1.0
2011-08-20,obm_spent_output_count_daily,12749,outputs,daily,OBM v0.1.0
2011-08-21,obm_spent_output_count_daily,13297,outputs,daily,OBM v0.1.0
2011-08-22,obm_spent_output_count_daily,14332,outputs,daily,OBM v0.1.0
2011-08-23,obm_spent_output_count_daily,13113,outputs,daily,OBM v0.1.0
2011-08-24,obm_spent_output_count_daily,13059,outputs,daily,OBM v0.1.0
2011-08-25,obm_spent_output_count_daily,13009,outputs,daily,OBM v0.1.0
2011-08-26,obm_spent_output_count_daily,14652,outputs,daily,OBM v0.1.0
2011-08-27,obm_spent_output_count_daily,12939,outputs,daily,OBM v0.1.0
2011-08-28,obm_spent_output_count_daily,9953,outputs,daily,OBM v0.1.0
2011-08-29,obm_spent_output_count_daily,14826,outputs,daily,OBM v0.1.0
2011-08-30,obm_spent_output_count_daily,13812,outputs,daily,OBM v0.1.0
2011-08-31,obm_spent_output_count_daily,12723,outputs,daily,OBM v0.1.0
2011-09-01,obm_spent_output_count_daily,13457,outputs,daily,OBM v0.1.0
2011-09-02,obm_spent_output_count_daily,12467,outputs,daily,OBM v0.1.0
2011-09-03,obm_spent_output_count_daily,10710,outputs,daily,OBM v0.1.0
2011-09-04,obm_spent_output_count_daily,12803,outputs,daily,OBM v0.1.0
2011-09-05,obm_spent_output_count_daily,13308,outputs,daily,OBM v0.1.0
2011-09-06,obm_spent_output_count_daily,15585,outputs,daily,OBM v0.1.0
2011-09-07,obm_spent_output_count_daily,13313,outputs,daily,OBM v0.1.0
2011-09-08,obm_spent_output_count_daily,12380,outputs,daily,OBM v0.1.0
2011-09-09,obm_spent_output_count_daily,18072,outputs,daily,OBM v0.1.0
2011-09-10,obm_spent_output_count_daily,12890,outputs,daily,OBM v0.1.0
2011-09-11,obm_spent_output_count_daily,13103,outputs,daily,OBM v0.1.0
2011-09-12,obm_spent_output_count_daily,13799,outputs,daily,OBM v0.1.0
2011-09-13,obm_spent_output_count_daily,11785,outputs,daily,OBM v0.1.0
2011-09-14,obm_spent_output_count_daily,11473,outputs,daily,OBM v0.1.0
2011-09-15,obm_spent_output_count_daily,12543,outputs,daily,OBM v0.1.0
2011-09-16,obm_spent_output_count_daily,11593,outputs,daily,OBM v0.1.0
2011-09-17,obm_spent_output_count_daily,10038,outputs,daily,OBM v0.1.0
2011-09-18,obm_spent_output_count_daily,10598,outputs,daily,OBM v0.1.0
2011-09-19,obm_spent_output_count_daily,13740,outputs,daily,OBM v0.1.0
2011-09-20,obm_spent_output_count_daily,17179,outputs,daily,OBM v0.1.0
2011-09-21,obm_spent_output_count_daily,17109,outputs,daily,OBM v0.1.0
2011-09-22,obm_spent_output_count_daily,11133,outputs,daily,OBM v0.1.0
2011-09-23,obm_spent_output_count_daily,10659,outputs,daily,OBM v0.1.0
2011-09-24,obm_spent_output_count_daily,10951,outputs,daily,OBM v0.1.0
2011-09-25,obm_spent_output_count_daily,10420,outputs,daily,OBM v0.1.0
2011-09-26,obm_spent_output_count_daily,9762,outputs,daily,OBM v0.1.0
2011-09-27,obm_spent_output_count_daily,10907,outputs,daily,OBM v0.1.0
2011-09-28,obm_spent_output_count_daily,10621,outputs,daily,OBM v0.1.0
2011-09-29,obm_spent_output_count_daily,9766,outputs,daily,OBM v0.1.0
2011-09-30,obm_spent_output_count_daily,10593,outputs,daily,OBM v0.1.0
2011-10-01,obm_spent_output_count_daily,10171,outputs,daily,OBM v0.1.0
2011-10-02,obm_spent_output_count_daily,9119,outputs,daily,OBM v0.1.0
2011-10-03,obm_spent_output_count_daily,11393,outputs,daily,OBM v0.1.0
2011-10-04,obm_spent_output_count_daily,11319,outputs,daily,OBM v0.1.0
2011-10-05,obm_spent_output_count_daily,10709,outputs,daily,OBM v0.1.0
2011-10-06,obm_spent_output_count_daily,11523,outputs,daily,OBM v0.1.0
2011-10-07,obm_spent_output_count_daily,10783,outputs,daily,OBM v0.1.0
2011-10-08,obm_spent_output_count_daily,9962,outputs,daily,OBM v0.1.0
2011-10-09,obm_spent_output_count_daily,10168,outputs,daily,OBM v0.1.0
2011-10-10,obm_spent_output_count_daily,10545,outputs,daily,OBM v0.1.0
2011-10-11,obm_spent_output_count_daily,12053,outputs,daily,OBM v0.1.0
2011-10-12,obm_spent_output_count_daily,11425,outputs,daily,OBM v0.1.0
2011-10-13,obm_spent_output_count_daily,9395,outputs,daily,OBM v0.1.0
2011-10-14,obm_spent_output_count_daily,11696,outputs,daily,OBM v0.1.0
2011-10-15,obm_spent_output_count_daily,10145,outputs,daily,OBM v0.1.0
2011-10-16,obm_spent_output_count_daily,9488,outputs,daily,OBM v0.1.0
2011-10-17,obm_spent_output_count_daily,12029,outputs,daily,OBM v0.1.0
2011-10-18,obm_spent_output_count_daily,9305,outputs,daily,OBM v0.1.0
2011-10-19,obm_spent_output_count_daily,9623,outputs,daily,OBM v0.1.0
2011-10-20,obm_spent_output_count_daily,8089,outputs,daily,OBM v0.1.0
2011-10-21,obm_spent_output_count_daily,8359,outputs,daily,OBM v0.1.0
2011-10-22,obm_spent_output_count_daily,9478,outputs,daily,OBM v0.1.0
2011-10-23,obm_spent_output_count_daily,9900,outputs,daily,OBM v0.1.0
2011-10-24,obm_spent_output_count_daily,10613,outputs,daily,OBM v0.1.0
2011-10-25,obm_spent_output_count_daily,9353,outputs,daily,OBM v0.1.0
2011-10-26,obm_spent_output_count_daily,9729,outputs,daily,OBM v0.1.0
2011-10-27,obm_spent_output_count_daily,8376,outputs,daily,OBM v0.1.0
2011-10-28,obm_spent_output_count_daily,9999,outputs,daily,OBM v0.1.0
2011-10-29,obm_spent_output_count_daily,10889,outputs,daily,OBM v0.1.0
2011-10-30,obm_spent_output_count_daily,9043,outputs,daily,OBM v0.1.0
2011-10-31,obm_spent_output_count_daily,8994,outputs,daily,OBM v0.1.0
2011-11-01,obm_spent_output_count_daily,10173,outputs,daily,OBM v0.1.0
2011-11-02,obm_spent_output_count_daily,10282,outputs,daily,OBM v0.1.0
2011-11-03,obm_spent_output_count_daily,10695,outputs,daily,OBM v0.1.0
2011-11-04,obm_spent_output_count_daily,12290,outputs,daily,OBM v0.1.0
2011-11-05,obm_spent_output_count_daily,11027,outputs,daily,OBM v0.1.0
2011-11-06,obm_spent_output_count_daily,8084,outputs,daily,OBM v0.1.0
2011-11-07,obm_spent_output_count_daily,10564,outputs,daily,OBM v0.1.0
2011-11-08,obm_spent_output_count_daily,11854,outputs,daily,OBM v0.1.0
2011-11-09,obm_spent_output_count_daily,12043,outputs,daily,OBM v0.1.0
2011-11-10,obm_spent_output_count_daily,12256,outputs,daily,OBM v0.1.0
2011-11-11,obm_spent_output_count_daily,10033,outputs,daily,OBM v0.1.0
2011-11-12,obm_spent_output_count_daily,9587,outputs,daily,OBM v0.1.0
2011-11-13,obm_spent_output_count_daily,9107,outputs,daily,OBM v0.1.0
2011-11-14,obm_spent_output_count_daily,11690,outputs,daily,OBM v0.1.0
2011-11-15,obm_spent_output_count_daily,11859,outputs,daily,OBM v0.1.0
2011-11-16,obm_spent_output_count_daily,11643,outputs,daily,OBM v0.1.0
2011-11-17,obm_spent_output_count_daily,10036,outputs,daily,OBM v0.1.0
2011-11-18,obm_spent_output_count_daily,9627,outputs,daily,OBM v0.1.0
2011-11-19,obm_spent_output_count_daily,8978,outputs,daily,OBM v0.1.0
2011-11-20,obm_spent_output_count_daily,10828,outputs,daily,OBM v0.1.0
2011-11-21,obm_spent_output_count_daily,8602,outputs,daily,OBM v0.1.0
2011-11-22,obm_spent_output_count_daily,10524,outputs,daily,OBM v0.1.0
2011-11-23,obm_spent_output_count_daily,10111,outputs,daily,OBM v0.1.0
2011-11-24,obm_spent_output_count_daily,10319,outputs,daily,OBM v0.1.0
2011-11-25,obm_spent_output_count_daily,10067,outputs,daily,OBM v0.1.0
2011-11-26,obm_spent_output_count_daily,9323,outputs,daily,OBM v0.1.0
2011-11-27,obm_spent_output_count_daily,9072,outputs,daily,OBM v0.1.0
2011-11-28,obm_spent_output_count_daily,11481,outputs,daily,OBM v0.1.0
2011-11-29,obm_spent_output_count_daily,13746,outputs,daily,OBM v0.1.0
2011-11-30,obm_spent_output_count_daily,15309,outputs,daily,OBM v0.1.0
2011-12-01,obm_spent_output_count_daily,13294,outputs,daily,OBM v0.1.0
2011-12-02,obm_spent_output_count_daily,12050,outputs,daily,OBM v0.1.0
2011-12-03,obm_spent_output_count_daily,11120,outputs,daily,OBM v0.1.0
2011-12-04,obm_spent_output_count_daily,10187,outputs,daily,OBM v0.1.0
2011-12-05,obm_spent_output_count_daily,11490,outputs,daily,OBM v0.1.0
2011-12-06,obm_spent_output_count_daily,15062,outputs,daily,OBM v0.1.0
2011-12-07,obm_spent_output_count_daily,12134,outputs,daily,OBM v0.1.0
2011-12-08,obm_spent_output_count_daily,12614,outputs,daily,OBM v0.1.0
2011-12-09,obm_spent_output_count_daily,10493,outputs,daily,OBM v0.1.0
2011-12-10,obm_spent_output_count_daily,10443,outputs,daily,OBM v0.1.0
2011-12-11,obm_spent_output_count_daily,12356,outputs,daily,OBM v0.1.0
2011-12-12,obm_spent_output_count_daily,11004,outputs,daily,OBM v0.1.0
2011-12-13,obm_spent_output_count_daily,10993,outputs,daily,OBM v0.1.0
2011-12-14,obm_spent_output_count_daily,10604,outputs,daily,OBM v0.1.0
2011-12-15,obm_spent_output_count_daily,8544,outputs,daily,OBM v0.1.0
2011-12-16,obm_spent_output_count_daily,10735,outputs,daily,OBM v0.1.0
2011-12-17,obm_spent_output_count_daily,9787,outputs,daily,OBM v0.1.0
2011-12-18,obm_spent_output_count_daily,8490,outputs,daily,OBM v0.1.0
2011-12-19,obm_spent_output_count_daily,12490,outputs,daily,OBM v0.1.0
2011-12-20,obm_spent_output_count_daily,15746,outputs,daily,OBM v0.1.0
2011-12-21,obm_spent_output_count_daily,10883,outputs,daily,OBM v0.1.0
2011-12-22,obm_spent_output_count_daily,11340,outputs,daily,OBM v0.1.0
2011-12-23,obm_spent_output_count_daily,10413,outputs,daily,OBM v0.1.0
2011-12-24,obm_spent_output_count_daily,8555,outputs,daily,OBM v0.1.0
2011-12-25,obm_spent_output_count_daily,9828,outputs,daily,OBM v0.1.0
2011-12-26,obm_spent_output_count_daily,10767,outputs,daily,OBM v0.1.0
2011-12-27,obm_spent_output_count_daily,10512,outputs,daily,OBM v0.1.0
2011-12-28,obm_spent_output_count_daily,9964,outputs,daily,OBM v0.1.0
2011-12-29,obm_spent_output_count_daily,10333,outputs,daily,OBM v0.1.0
2011-12-30,obm_spent_output_count_daily,9421,outputs,daily,OBM v0.1.0
2011-12-31,obm_spent_output_count_daily,11281,outputs,daily,OBM v0.1.0
2012-01-01,obm_spent_output_count_daily,12053,outputs,daily,OBM v0.1.0
2012-01-02,obm_spent_output_count_daily,13486,outputs,daily,OBM v0.1.0
2012-01-03,obm_spent_output_count_daily,13290,outputs,daily,OBM v0.1.0
2012-01-04,obm_spent_output_count_daily,13351,outputs,daily,OBM v0.1.0
2012-01-05,obm_spent_output_count_daily,16918,outputs,daily,OBM v0.1.0
2012-01-06,obm_spent_output_count_daily,17402,outputs,daily,OBM v0.1.0
2012-01-07,obm_spent_output_count_daily,14062,outputs,daily,OBM v0.1.0
2012-01-08,obm_spent_output_count_daily,14984,outputs,daily,OBM v0.1.0
2012-01-09,obm_spent_output_count_daily,15402,outputs,daily,OBM v0.1.0
2012-01-10,obm_spent_output_count_daily,19789,outputs,daily,OBM v0.1.0
2012-01-11,obm_spent_output_count_daily,19738,outputs,daily,OBM v0.1.0
2012-01-12,obm_spent_output_count_daily,14058,outputs,daily,OBM v0.1.0
2012-01-13,obm_spent_output_count_daily,13456,outputs,daily,OBM v0.1.0
2012-01-14,obm_spent_output_count_daily,13114,outputs,daily,OBM v0.1.0
2012-01-15,obm_spent_output_count_daily,12997,outputs,daily,OBM v0.1.0
2012-01-16,obm_spent_output_count_daily,15393,outputs,daily,OBM v0.1.0
2012-01-17,obm_spent_output_count_daily,13619,outputs,daily,OBM v0.1.0
2012-01-18,obm_spent_output_count_daily,14250,outputs,daily,OBM v0.1.0
2012-01-19,obm_spent_output_count_daily,14131,outputs,daily,OBM v0.1.0
2012-01-20,obm_spent_output_count_daily,13403,outputs,daily,OBM v0.1.0
2012-01-21,obm_spent_output_count_daily,13455,outputs,daily,OBM v0.1.0
2012-01-22,obm_spent_output_count_daily,9742,outputs,daily,OBM v0.1.0
2012-01-23,obm_spent_output_count_daily,11089,outputs,daily,OBM v0.1.0
2012-01-24,obm_spent_output_count_daily,14987,outputs,daily,OBM v0.1.0
2012-01-25,obm_spent_output_count_daily,16598,outputs,daily,OBM v0.1.0
2012-01-26,obm_spent_output_count_daily,13584,outputs,daily,OBM v0.1.0
2012-01-27,obm_spent_output_count_daily,13503,outputs,daily,OBM v0.1.0
2012-01-28,obm_spent_output_count_daily,12206,outputs,daily,OBM v0.1.0
2012-01-29,obm_spent_output_count_daily,13306,outputs,daily,OBM v0.1.0
2012-01-30,obm_spent_output_count_daily,11801,outputs,daily,OBM v0.1.0
2012-01-31,obm_spent_output_count_daily,14715,outputs,daily,OBM v0.1.0
2012-02-01,obm_spent_output_count_daily,12876,outputs,daily,OBM v0.1.0
2012-02-02,obm_spent_output_count_daily,15344,outputs,daily,OBM v0.1.0
2012-02-03,obm_spent_output_count_daily,14427,outputs,daily,OBM v0.1.0
2012-02-04,obm_spent_output_count_daily,14772,outputs,daily,OBM v0.1.0
2012-02-05,obm_spent_output_count_daily,13299,outputs,daily,OBM v0.1.0
2012-02-06,obm_spent_output_count_daily,12105,outputs,daily,OBM v0.1.0
2012-02-07,obm_spent_output_count_daily,13360,outputs,daily,OBM v0.1.0
2012-02-08,obm_spent_output_count_daily,13286,outputs,daily,OBM v0.1.0
2012-02-09,obm_spent_output_count_daily,14871,outputs,daily,OBM v0.1.0
2012-02-10,obm_spent_output_count_daily,17036,outputs,daily,OBM v0.1.0
2012-02-11,obm_spent_output_count_daily,15508,outputs,daily,OBM v0.1.0
2012-02-12,obm_spent_output_count_daily,13448,outputs,daily,OBM v0.1.0
2012-02-13,obm_spent_output_count_daily,15939,outputs,daily,OBM v0.1.0
2012-02-14,obm_spent_output_count_daily,19893,outputs,daily,OBM v0.1.0
2012-02-15,obm_spent_output_count_daily,17942,outputs,daily,OBM v0.1.0
2012-02-16,obm_spent_output_count_daily,20420,outputs,daily,OBM v0.1.0
2012-02-17,obm_spent_output_count_daily,12802,outputs,daily,OBM v0.1.0
2012-02-18,obm_spent_output_count_daily,12175,outputs,daily,OBM v0.1.0
2012-02-19,obm_spent_output_count_daily,11377,outputs,daily,OBM v0.1.0
2012-02-20,obm_spent_output_count_daily,11781,outputs,daily,OBM v0.1.0
2012-02-21,obm_spent_output_count_daily,13408,outputs,daily,OBM v0.1.0
2012-02-22,obm_spent_output_count_daily,13749,outputs,daily,OBM v0.1.0
2012-02-23,obm_spent_output_count_daily,16826,outputs,daily,OBM v0.1.0
2012-02-24,obm_spent_output_count_daily,14874,outputs,daily,OBM v0.1.0
2012-02-25,obm_spent_output_count_daily,13348,outputs,daily,OBM v0.1.0
2012-02-26,obm_spent_output_count_daily,12073,outputs,daily,OBM v0.1.0
2012-02-27,obm_spent_output_count_daily,13415,outputs,daily,OBM v0.1.0
2012-02-28,obm_spent_output_count_daily,13690,outputs,daily,OBM v0.1.0
2012-02-29,obm_spent_output_count_daily,13440,outputs,daily,OBM v0.1.0
2012-03-01,obm_spent_output_count_daily,15724,outputs,daily,OBM v0.1.0
2012-03-02,obm_spent_output_count_daily,17042,outputs,daily,OBM v0.1.0
2012-03-03,obm_spent_output_count_daily,10007,outputs,daily,OBM v0.1.0
2012-03-04,obm_spent_output_count_daily,12841,outputs,daily,OBM v0.1.0
2012-03-05,obm_spent_output_count_daily,15938,outputs,daily,OBM v0.1.0
2012-03-06,obm_spent_output_count_daily,14535,outputs,daily,OBM v0.1.0
2012-03-07,obm_spent_output_count_daily,12978,outputs,daily,OBM v0.1.0
2012-03-08,obm_spent_output_count_daily,13723,outputs,daily,OBM v0.1.0
2012-03-09,obm_spent_output_count_daily,13966,outputs,daily,OBM v0.1.0
2012-03-10,obm_spent_output_count_daily,13805,outputs,daily,OBM v0.1.0
2012-03-11,obm_spent_output_count_daily,11502,outputs,daily,OBM v0.1.0
2012-03-12,obm_spent_output_count_daily,13046,outputs,daily,OBM v0.1.0
2012-03-13,obm_spent_output_count_daily,18395,outputs,daily,OBM v0.1.0
2012-03-14,obm_spent_output_count_daily,16482,outputs,daily,OBM v0.1.0
2012-03-15,obm_spent_output_count_daily,13741,outputs,daily,OBM v0.1.0
2012-03-16,obm_spent_output_count_daily,13677,outputs,daily,OBM v0.1.0
2012-03-17,obm_spent_output_count_daily,13635,outputs,daily,OBM v0.1.0
2012-03-18,obm_spent_output_count_daily,11526,outputs,daily,OBM v0.1.0
2012-03-19,obm_spent_output_count_daily,13651,outputs,daily,OBM v0.1.0
2012-03-20,obm_spent_output_count_daily,13668,outputs,daily,OBM v0.1.0
2012-03-21,obm_spent_output_count_daily,13648,outputs,daily,OBM v0.1.0
2012-03-22,obm_spent_output_count_daily,13477,outputs,daily,OBM v0.1.0
2012-03-23,obm_spent_output_count_daily,11970,outputs,daily,OBM v0.1.0
2012-03-24,obm_spent_output_count_daily,11861,outputs,daily,OBM v0.1.0
2012-03-25,obm_spent_output_count_daily,12746,outputs,daily,OBM v0.1.0
2012-03-26,obm_spent_output_count_daily,14439,outputs,daily,OBM v0.1.0
2012-03-27,obm_spent_output_count_daily,13480,outputs,daily,OBM v0.1.0
2012-03-28,obm_spent_output_count_daily,14880,outputs,daily,OBM v0.1.0
2012-03-29,obm_spent_output_count_daily,15046,outputs,daily,OBM v0.1.0
2012-03-30,obm_spent_output_count_daily,13874,outputs,daily,OBM v0.1.0
2012-03-31,obm_spent_output_count_daily,12145,outputs,daily,OBM v0.1.0
2012-04-01,obm_spent_output_count_daily,11730,outputs,daily,OBM v0.1.0
2012-04-02,obm_spent_output_count_daily,14063,outputs,daily,OBM v0.1.0
2012-04-03,obm_spent_output_count_daily,16641,outputs,daily,OBM v0.1.0
2012-04-04,obm_spent_output_count_daily,14457,outputs,daily,OBM v0.1.0
2012-04-05,obm_spent_output_count_daily,16207,outputs,daily,OBM v0.1.0
2012-04-06,obm_spent_output_count_daily,16055,outputs,daily,OBM v0.1.0
2012-04-07,obm_spent_output_count_daily,12166,outputs,daily,OBM v0.1.0
2012-04-08,obm_spent_output_count_daily,11898,outputs,daily,OBM v0.1.0
2012-04-09,obm_spent_output_count_daily,13219,outputs,daily,OBM v0.1.0
2012-04-10,obm_spent_output_count_daily,16587,outputs,daily,OBM v0.1.0
2012-04-11,obm_spent_output_count_daily,16889,outputs,daily,OBM v0.1.0
2012-04-12,obm_spent_output_count_daily,16990,outputs,daily,OBM v0.1.0
2012-04-13,obm_spent_output_count_daily,14474,outputs,daily,OBM v0.1.0
2012-04-14,obm_spent_output_count_daily,15725,outputs,daily,OBM v0.1.0
2012-04-15,obm_spent_output_count_daily,14254,outputs,daily,OBM v0.1.0
2012-04-16,obm_spent_output_count_daily,18736,outputs,daily,OBM v0.1.0
2012-04-17,obm_spent_output_count_daily,18119,outputs,daily,OBM v0.1.0
2012-04-18,obm_spent_output_count_daily,19942,outputs,daily,OBM v0.1.0
2012-04-19,obm_spent_output_count_daily,16991,outputs,daily,OBM v0.1.0
2012-04-20,obm_spent_output_count_daily,20288,outputs,daily,OBM v0.1.0
2012-04-21,obm_spent_output_count_daily,15684,outputs,daily,OBM v0.1.0
2012-04-22,obm_spent_output_count_daily,13453,outputs,daily,OBM v0.1.0
2012-04-23,obm_spent_output_count_daily,15273,outputs,daily,OBM v0.1.0
2012-04-24,obm_spent_output_count_daily,15551,outputs,daily,OBM v0.1.0
2012-04-25,obm_spent_output_count_daily,15658,outputs,daily,OBM v0.1.0
2012-04-26,obm_spent_output_count_daily,18994,outputs,daily,OBM v0.1.0
2012-04-27,obm_spent_output_count_daily,15427,outputs,daily,OBM v0.1.0
2012-04-28,obm_spent_output_count_daily,14885,outputs,daily,OBM v0.1.0
2012-04-29,obm_spent_output_count_daily,15171,outputs,daily,OBM v0.1.0
2012-04-30,obm_spent_output_count_daily,19089,outputs,daily,OBM v0.1.0
2012-05-01,obm_spent_output_count_daily,21897,outputs,daily,OBM v0.1.0
2012-05-02,obm_spent_output_count_daily,21842,outputs,daily,OBM v0.1.0
2012-05-03,obm_spent_output_count_daily,27746,outputs,daily,OBM v0.1.0
2012-05-04,obm_spent_output_count_daily,28707,outputs,daily,OBM v0.1.0
2012-05-05,obm_spent_output_count_daily,26052,outputs,daily,OBM v0.1.0
2012-05-06,obm_spent_output_count_daily,26909,outputs,daily,OBM v0.1.0
2012-05-07,obm_spent_output_count_daily,37619,outputs,daily,OBM v0.1.0
2012-05-08,obm_spent_output_count_daily,35767,outputs,daily,OBM v0.1.0
2012-05-09,obm_spent_output_count_daily,37131,outputs,daily,OBM v0.1.0
2012-05-10,obm_spent_output_count_daily,25026,outputs,daily,OBM v0.1.0
2012-05-11,obm_spent_output_count_daily,39604,outputs,daily,OBM v0.1.0
2012-05-12,obm_spent_output_count_daily,37244,outputs,daily,OBM v0.1.0
2012-05-13,obm_spent_output_count_daily,29666,outputs,daily,OBM v0.1.0
2012-05-14,obm_spent_output_count_daily,57713,outputs,daily,OBM v0.1.0
2012-05-15,obm_spent_output_count_daily,46362,outputs,daily,OBM v0.1.0
2012-05-16,obm_spent_output_count_daily,39751,outputs,daily,OBM v0.1.0
2012-05-17,obm_spent_output_count_daily,36267,outputs,daily,OBM v0.1.0
2012-05-18,obm_spent_output_count_daily,50225,outputs,daily,OBM v0.1.0
2012-05-19,obm_spent_output_count_daily,71899,outputs,daily,OBM v0.1.0
2012-05-20,obm_spent_output_count_daily,63360,outputs,daily,OBM v0.1.0
2012-05-21,obm_spent_output_count_daily,64089,outputs,daily,OBM v0.1.0
2012-05-22,obm_spent_output_count_daily,48139,outputs,daily,OBM v0.1.0
2012-05-23,obm_spent_output_count_daily,56704,outputs,daily,OBM v0.1.0
2012-05-24,obm_spent_output_count_daily,54610,outputs,daily,OBM v0.1.0
2012-05-25,obm_spent_output_count_daily,58499,outputs,daily,OBM v0.1.0
2012-05-26,obm_spent_output_count_daily,47731,outputs,daily,OBM v0.1.0
2012-05-27,obm_spent_output_count_daily,53814,outputs,daily,OBM v0.1.0
2012-05-28,obm_spent_output_count_daily,62145,outputs,daily,OBM v0.1.0
2012-05-29,obm_spent_output_count_daily,62105,outputs,daily,OBM v0.1.0
2012-05-30,obm_spent_output_count_daily,53623,outputs,daily,OBM v0.1.0
2012-05-31,obm_spent_output_count_daily,44531,outputs,daily,OBM v0.1.0
2012-06-01,obm_spent_output_count_daily,56985,outputs,daily,OBM v0.1.0
2012-06-02,obm_spent_output_count_daily,26846,outputs,daily,OBM v0.1.0
2012-06-03,obm_spent_output_count_daily,68163,outputs,daily,OBM v0.1.0
2012-06-04,obm_spent_output_count_daily,96067,outputs,daily,OBM v0.1.0
2012-06-05,obm_spent_output_count_daily,88931,outputs,daily,OBM v0.1.0
2012-06-06,obm_spent_output_count_daily,34229,outputs,daily,OBM v0.1.0
2012-06-07,obm_spent_output_count_daily,68893,outputs,daily,OBM v0.1.0
2012-06-08,obm_spent_output_count_daily,52032,outputs,daily,OBM v0.1.0
2012-06-09,obm_spent_output_count_daily,68846,outputs,daily,OBM v0.1.0
2012-06-10,obm_spent_output_count_daily,80682,outputs,daily,OBM v0.1.0
2012-06-11,obm_spent_output_count_daily,66461,outputs,daily,OBM v0.1.0
2012-06-12,obm_spent_output_count_daily,43522,outputs,daily,OBM v0.1.0
2012-06-13,obm_spent_output_count_daily,115382,outputs,daily,OBM v0.1.0
2012-06-14,obm_spent_output_count_daily,134388,outputs,daily,OBM v0.1.0
2012-06-15,obm_spent_output_count_daily,117765,outputs,daily,OBM v0.1.0
2012-06-16,obm_spent_output_count_daily,93750,outputs,daily,OBM v0.1.0
2012-06-17,obm_spent_output_count_daily,87696,outputs,daily,OBM v0.1.0
2012-06-18,obm_spent_output_count_daily,83865,outputs,daily,OBM v0.1.0
2012-06-19,obm_spent_output_count_daily,79577,outputs,daily,OBM v0.1.0
2012-06-20,obm_spent_output_count_daily,72039,outputs,daily,OBM v0.1.0
2012-06-21,obm_spent_output_count_daily,59492,outputs,daily,OBM v0.1.0
2012-06-22,obm_spent_output_count_daily,52926,outputs,daily,OBM v0.1.0
2012-06-23,obm_spent_output_count_daily,49574,outputs,daily,OBM v0.1.0
2012-06-24,obm_spent_output_count_daily,48724,outputs,daily,OBM v0.1.0
2012-06-25,obm_spent_output_count_daily,60531,outputs,daily,OBM v0.1.0
2012-06-26,obm_spent_output_count_daily,61997,outputs,daily,OBM v0.1.0
2012-06-27,obm_spent_output_count_daily,63654,outputs,daily,OBM v0.1.0
2012-06-28,obm_spent_output_count_daily,55388,outputs,daily,OBM v0.1.0
2012-06-29,obm_spent_output_count_daily,44747,outputs,daily,OBM v0.1.0
2012-06-30,obm_spent_output_count_daily,44613,outputs,daily,OBM v0.1.0
2012-07-01,obm_spent_output_count_daily,38094,outputs,daily,OBM v0.1.0
2012-07-02,obm_spent_output_count_daily,49494,outputs,daily,OBM v0.1.0
2012-07-03,obm_spent_output_count_daily,45025,outputs,daily,OBM v0.1.0
2012-07-04,obm_spent_output_count_daily,47729,outputs,daily,OBM v0.1.0
2012-07-05,obm_spent_output_count_daily,45816,outputs,daily,OBM v0.1.0
2012-07-06,obm_spent_output_count_daily,49432,outputs,daily,OBM v0.1.0
2012-07-07,obm_spent_output_count_daily,50902,outputs,daily,OBM v0.1.0
2012-07-08,obm_spent_output_count_daily,42467,outputs,daily,OBM v0.1.0
2012-07-09,obm_spent_output_count_daily,51291,outputs,daily,OBM v0.1.0
2012-07-10,obm_spent_output_count_daily,72599,outputs,daily,OBM v0.1.0
2012-07-11,obm_spent_output_count_daily,65697,outputs,daily,OBM v0.1.0
2012-07-12,obm_spent_output_count_daily,51115,outputs,daily,OBM v0.1.0
2012-07-13,obm_spent_output_count_daily,54960,outputs,daily,OBM v0.1.0
2012-07-14,obm_spent_output_count_daily,46911,outputs,daily,OBM v0.1.0
2012-07-15,obm_spent_output_count_daily,54370,outputs,daily,OBM v0.1.0
2012-07-16,obm_spent_output_count_daily,68492,outputs,daily,OBM v0.1.0
2012-07-17,obm_spent_output_count_daily,75257,outputs,daily,OBM v0.1.0
2012-07-18,obm_spent_output_count_daily,72431,outputs,daily,OBM v0.1.0
2012-07-19,obm_spent_output_count_daily,70252,outputs,daily,OBM v0.1.0
2012-07-20,obm_spent_output_count_daily,78156,outputs,daily,OBM v0.1.0
2012-07-21,obm_spent_output_count_daily,70559,outputs,daily,OBM v0.1.0
2012-07-22,obm_spent_output_count_daily,66348,outputs,daily,OBM v0.1.0
2012-07-23,obm_spent_output_count_daily,65167,outputs,daily,OBM v0.1.0
2012-07-24,obm_spent_output_count_daily,58433,outputs,daily,OBM v0.1.0
2012-07-25,obm_spent_output_count_daily,53490,outputs,daily,OBM v0.1.0
2012-07-26,obm_spent_output_count_daily,62850,outputs,daily,OBM v0.1.0
2012-07-27,obm_spent_output_count_daily,52045,outputs,daily,OBM v0.1.0
2012-07-28,obm_spent_output_count_daily,65948,outputs,daily,OBM v0.1.0
2012-07-29,obm_spent_output_count_daily,68952,outputs,daily,OBM v0.1.0
2012-07-30,obm_spent_output_count_daily,75054,outputs,daily,OBM v0.1.0
2012-07-31,obm_spent_output_count_daily,84802,outputs,daily,OBM v0.1.0
2012-08-01,obm_spent_output_count_daily,62684,outputs,daily,OBM v0.1.0
2012-08-02,obm_spent_output_count_daily,68100,outputs,daily,OBM v0.1.0
2012-08-03,obm_spent_output_count_daily,54960,outputs,daily,OBM v0.1.0
2012-08-04,obm_spent_output_count_daily,59923,outputs,daily,OBM v0.1.0
2012-08-05,obm_spent_output_count_daily,64253,outputs,daily,OBM v0.1.0
2012-08-06,obm_spent_output_count_daily,67220,outputs,daily,OBM v0.1.0
2012-08-07,obm_spent_output_count_daily,54206,outputs,daily,OBM v0.1.0
2012-08-08,obm_spent_output_count_daily,78393,outputs,daily,OBM v0.1.0
2012-08-09,obm_spent_output_count_daily,62727,outputs,daily,OBM v0.1.0
2012-08-10,obm_spent_output_count_daily,53553,outputs,daily,OBM v0.1.0
2012-08-11,obm_spent_output_count_daily,60943,outputs,daily,OBM v0.1.0
2012-08-12,obm_spent_output_count_daily,64590,outputs,daily,OBM v0.1.0
2012-08-13,obm_spent_output_count_daily,92991,outputs,daily,OBM v0.1.0
2012-08-14,obm_spent_output_count_daily,69098,outputs,daily,OBM v0.1.0
2012-08-15,obm_spent_output_count_daily,114258,outputs,daily,OBM v0.1.0
2012-08-16,obm_spent_output_count_daily,93662,outputs,daily,OBM v0.1.0
2012-08-17,obm_spent_output_count_daily,83014,outputs,daily,OBM v0.1.0
2012-08-18,obm_spent_output_count_daily,71304,outputs,daily,OBM v0.1.0
2012-08-19,obm_spent_output_count_daily,88601,outputs,daily,OBM v0.1.0
2012-08-20,obm_spent_output_count_daily,75337,outputs,daily,OBM v0.1.0
2012-08-21,obm_spent_output_count_daily,80160,outputs,daily,OBM v0.1.0
2012-08-22,obm_spent_output_count_daily,73580,outputs,daily,OBM v0.1.0
2012-08-23,obm_spent_output_count_daily,58670,outputs,daily,OBM v0.1.0
2012-08-24,obm_spent_output_count_daily,60424,outputs,daily,OBM v0.1.0
2012-08-25,obm_spent_output_count_daily,63401,outputs,daily,OBM v0.1.0
2012-08-26,obm_spent_output_count_daily,57423,outputs,daily,OBM v0.1.0
2012-08-27,obm_spent_output_count_daily,64620,outputs,daily,OBM v0.1.0
2012-08-28,obm_spent_output_count_daily,57810,outputs,daily,OBM v0.1.0
2012-08-29,obm_spent_output_count_daily,63705,outputs,daily,OBM v0.1.0
2012-08-30,obm_spent_output_count_daily,66529,outputs,daily,OBM v0.1.0
2012-08-31,obm_spent_output_count_daily,77954,outputs,daily,OBM v0.1.0
2012-09-01,obm_spent_output_count_daily,78370,outputs,daily,OBM v0.1.0
2012-09-02,obm_spent_output_count_daily,65869,outputs,daily,OBM v0.1.0
2012-09-03,obm_spent_output_count_daily,76745,outputs,daily,OBM v0.1.0
2012-09-04,obm_spent_output_count_daily,83958,outputs,daily,OBM v0.1.0
2012-09-05,obm_spent_output_count_daily,85032,outputs,daily,OBM v0.1.0
2012-09-06,obm_spent_output_count_daily,84665,outputs,daily,OBM v0.1.0
2012-09-07,obm_spent_output_count_daily,66581,outputs,daily,OBM v0.1.0
2012-09-08,obm_spent_output_count_daily,62903,outputs,daily,OBM v0.1.0
2012-09-09,obm_spent_output_count_daily,60065,outputs,daily,OBM v0.1.0
2012-09-10,obm_spent_output_count_daily,67028,outputs,daily,OBM v0.1.0
2012-09-11,obm_spent_output_count_daily,75508,outputs,daily,OBM v0.1.0
2012-09-12,obm_spent_output_count_daily,55914,outputs,daily,OBM v0.1.0
2012-09-13,obm_spent_output_count_daily,61271,outputs,daily,OBM v0.1.0
2012-09-14,obm_spent_output_count_daily,75555,outputs,daily,OBM v0.1.0
2012-09-15,obm_spent_output_count_daily,54754,outputs,daily,OBM v0.1.0
2012-09-16,obm_spent_output_count_daily,61173,outputs,daily,OBM v0.1.0
2012-09-17,obm_spent_output_count_daily,50882,outputs,daily,OBM v0.1.0
2012-09-18,obm_spent_output_count_daily,65826,outputs,daily,OBM v0.1.0
2012-09-19,obm_spent_output_count_daily,65096,outputs,daily,OBM v0.1.0
2012-09-20,obm_spent_output_count_daily,59519,outputs,daily,OBM v0.1.0
2012-09-21,obm_spent_output_count_daily,63862,outputs,daily,OBM v0.1.0
2012-09-22,obm_spent_output_count_daily,53943,outputs,daily,OBM v0.1.0
2012-09-23,obm_spent_output_count_daily,58527,outputs,daily,OBM v0.1.0
2012-09-24,obm_spent_output_count_daily,61288,outputs,daily,OBM v0.1.0
2012-09-25,obm_spent_output_count_daily,45204,outputs,daily,OBM v0.1.0
2012-09-26,obm_spent_output_count_daily,68362,outputs,daily,OBM v0.1.0
2012-09-27,obm_spent_output_count_daily,58076,outputs,daily,OBM v0.1.0
2012-09-28,obm_spent_output_count_daily,68840,outputs,daily,OBM v0.1.0
2012-09-29,obm_spent_output_count_daily,53262,outputs,daily,OBM v0.1.0
2012-09-30,obm_spent_output_count_daily,47690,outputs,daily,OBM v0.1.0
2012-10-01,obm_spent_output_count_daily,56549,outputs,daily,OBM v0.1.0
2012-10-02,obm_spent_output_count_daily,73246,outputs,daily,OBM v0.1.0
2012-10-03,obm_spent_output_count_daily,66490,outputs,daily,OBM v0.1.0
2012-10-04,obm_spent_output_count_daily,75438,outputs,daily,OBM v0.1.0
2012-10-05,obm_spent_output_count_daily,74269,outputs,daily,OBM v0.1.0
2012-10-06,obm_spent_output_count_daily,73427,outputs,daily,OBM v0.1.0
2012-10-07,obm_spent_output_count_daily,77173,outputs,daily,OBM v0.1.0
2012-10-08,obm_spent_output_count_daily,80888,outputs,daily,OBM v0.1.0
2012-10-09,obm_spent_output_count_daily,77051,outputs,daily,OBM v0.1.0
2012-10-10,obm_spent_output_count_daily,65706,outputs,daily,OBM v0.1.0
2012-10-11,obm_spent_output_count_daily,58139,outputs,daily,OBM v0.1.0
2012-10-12,obm_spent_output_count_daily,61481,outputs,daily,OBM v0.1.0
2012-10-13,obm_spent_output_count_daily,71895,outputs,daily,OBM v0.1.0
2012-10-14,obm_spent_output_count_daily,60029,outputs,daily,OBM v0.1.0
2012-10-15,obm_spent_output_count_daily,68409,outputs,daily,OBM v0.1.0
2012-10-16,obm_spent_output_count_daily,75707,outputs,daily,OBM v0.1.0
2012-10-17,obm_spent_output_count_daily,73727,outputs,daily,OBM v0.1.0
2012-10-18,obm_spent_output_count_daily,68876,outputs,daily,OBM v0.1.0
2012-10-19,obm_spent_output_count_daily,60606,outputs,daily,OBM v0.1.0
2012-10-20,obm_spent_output_count_daily,69822,outputs,daily,OBM v0.1.0
2012-10-21,obm_spent_output_count_daily,86466,outputs,daily,OBM v0.1.0
2012-10-22,obm_spent_output_count_daily,87998,outputs,daily,OBM v0.1.0
2012-10-23,obm_spent_output_count_daily,74801,outputs,daily,OBM v0.1.0
2012-10-24,obm_spent_output_count_daily,70804,outputs,daily,OBM v0.1.0
2012-10-25,obm_spent_output_count_daily,62970,outputs,daily,OBM v0.1.0
2012-10-26,obm_spent_output_count_daily,50882,outputs,daily,OBM v0.1.0
2012-10-27,obm_spent_output_count_daily,37932,outputs,daily,OBM v0.1.0
2012-10-28,obm_spent_output_count_daily,40662,outputs,daily,OBM v0.1.0
2012-10-29,obm_spent_output_count_daily,55296,outputs,daily,OBM v0.1.0
2012-10-30,obm_spent_output_count_daily,64749,outputs,daily,OBM v0.1.0
2012-10-31,obm_spent_output_count_daily,62295,outputs,daily,OBM v0.1.0
2012-11-01,obm_spent_output_count_daily,51706,outputs,daily,OBM v0.1.0
2012-11-02,obm_spent_output_count_daily,61136,outputs,daily,OBM v0.1.0
2012-11-03,obm_spent_output_count_daily,50156,outputs,daily,OBM v0.1.0
2012-11-04,obm_spent_output_count_daily,54657,outputs,daily,OBM v0.1.0
2012-11-05,obm_spent_output_count_daily,72337,outputs,daily,OBM v0.1.0
2012-11-06,obm_spent_output_count_daily,68633,outputs,daily,OBM v0.1.0
2012-11-07,obm_spent_output_count_daily,78129,outputs,daily,OBM v0.1.0
2012-11-08,obm_spent_output_count_daily,70680,outputs,daily,OBM v0.1.0
2012-11-09,obm_spent_output_count_daily,54704,outputs,daily,OBM v0.1.0
2012-11-10,obm_spent_output_count_daily,60919,outputs,daily,OBM v0.1.0
2012-11-11,obm_spent_output_count_daily,48075,outputs,daily,OBM v0.1.0
2012-11-12,obm_spent_output_count_daily,51335,outputs,daily,OBM v0.1.0
2012-11-13,obm_spent_output_count_daily,57739,outputs,daily,OBM v0.1.0
2012-11-14,obm_spent_output_count_daily,62400,outputs,daily,OBM v0.1.0
2012-11-15,obm_spent_output_count_daily,76884,outputs,daily,OBM v0.1.0
2012-11-16,obm_spent_output_count_daily,84997,outputs,daily,OBM v0.1.0
2012-11-17,obm_spent_output_count_daily,72567,outputs,daily,OBM v0.1.0
2012-11-18,obm_spent_output_count_daily,73004,outputs,daily,OBM v0.1.0
2012-11-19,obm_spent_output_count_daily,78749,outputs,daily,OBM v0.1.0
2012-11-20,obm_spent_output_count_daily,77758,outputs,daily,OBM v0.1.0
2012-11-21,obm_spent_output_count_daily,88776,outputs,daily,OBM v0.1.0
2012-11-22,obm_spent_output_count_daily,66639,outputs,daily,OBM v0.1.0
2012-11-23,obm_spent_output_count_daily,75856,outputs,daily,OBM v0.1.0
2012-11-24,obm_spent_output_count_daily,63063,outputs,daily,OBM v0.1.0
2012-11-25,obm_spent_output_count_daily,80930,outputs,daily,OBM v0.1.0
2012-11-26,obm_spent_output_count_daily,79210,outputs,daily,OBM v0.1.0
2012-11-27,obm_spent_output_count_daily,62603,outputs,daily,OBM v0.1.0
2012-11-28,obm_spent_output_count_daily,80439,outputs,daily,OBM v0.1.0
2012-11-29,obm_spent_output_count_daily,82047,outputs,daily,OBM v0.1.0
2012-11-30,obm_spent_output_count_daily,61818,outputs,daily,OBM v0.1.0
2012-12-01,obm_spent_output_count_daily,71448,outputs,daily,OBM v0.1.0
2012-12-02,obm_spent_output_count_daily,45354,outputs,daily,OBM v0.1.0
2012-12-03,obm_spent_output_count_daily,48779,outputs,daily,OBM v0.1.0
2012-12-04,obm_spent_output_count_daily,72486,outputs,daily,OBM v0.1.0
2012-12-05,obm_spent_output_count_daily,77875,outputs,daily,OBM v0.1.0
2012-12-06,obm_spent_output_count_daily,83304,outputs,daily,OBM v0.1.0
2012-12-07,obm_spent_output_count_daily,67523,outputs,daily,OBM v0.1.0
2012-12-08,obm_spent_output_count_daily,67152,outputs,daily,OBM v0.1.0
2012-12-09,obm_spent_output_count_daily,69810,outputs,daily,OBM v0.1.0
2012-12-10,obm_spent_output_count_daily,78801,outputs,daily,OBM v0.1.0
2012-12-11,obm_spent_output_count_daily,77896,outputs,daily,OBM v0.1.0
2012-12-12,obm_spent_output_count_daily,79951,outputs,daily,OBM v0.1.0
2012-12-13,obm_spent_output_count_daily,95867,outputs,daily,OBM v0.1.0
2012-12-14,obm_spent_output_count_daily,83717,outputs,daily,OBM v0.1.0
2012-12-15,obm_spent_output_count_daily,67419,outputs,daily,OBM v0.1.0
2012-12-16,obm_spent_output_count_daily,74622,outputs,daily,OBM v0.1.0
2012-12-17,obm_spent_output_count_daily,82074,outputs,daily,OBM v0.1.0
2012-12-18,obm_spent_output_count_daily,105935,outputs,daily,OBM v0.1.0
2012-12-19,obm_spent_output_count_daily,91275,outputs,daily,OBM v0.1.0
2012-12-20,obm_spent_output_count_daily,77228,outputs,daily,OBM v0.1.0
2012-12-21,obm_spent_output_count_daily,91557,outputs,daily,OBM v0.1.0
2012-12-22,obm_spent_output_count_daily,99057,outputs,daily,OBM v0.1.0
2012-12-23,obm_spent_output_count_daily,76466,outputs,daily,OBM v0.1.0
2012-12-24,obm_spent_output_count_daily,84551,outputs,daily,OBM v0.1.0
2012-12-25,obm_spent_output_count_daily,57555,outputs,daily,OBM v0.1.0
2012-12-26,obm_spent_output_count_daily,86853,outputs,daily,OBM v0.1.0
2012-12-27,obm_spent_output_count_daily,96037,outputs,daily,OBM v0.1.0
2012-12-28,obm_spent_output_count_daily,99364,outputs,daily,OBM v0.1.0
2012-12-29,obm_spent_output_count_daily,84954,outputs,daily,OBM v0.1.0
2012-12-30,obm_spent_output_count_daily,88227,outputs,daily,OBM v0.1.0
2012-12-31,obm_spent_output_count_daily,64810,outputs,daily,OBM v0.1.0
2013-01-01,obm_spent_output_count_daily,66728,outputs,daily,OBM v0.1.0
2013-01-02,obm_spent_output_count_daily,80457,outputs,daily,OBM v0.1.0
2013-01-03,obm_spent_output_count_daily,81311,outputs,daily,OBM v0.1.0
2013-01-04,obm_spent_output_count_daily,101303,outputs,daily,OBM v0.1.0
2013-01-05,obm_spent_output_count_daily,76998,outputs,daily,OBM v0.1.0
2013-01-06,obm_spent_output_count_daily,67188,outputs,daily,OBM v0.1.0
2013-01-07,obm_spent_output_count_daily,82526,outputs,daily,OBM v0.1.0
2013-01-08,obm_spent_output_count_daily,95418,outputs,daily,OBM v0.1.0
2013-01-09,obm_spent_output_count_daily,90660,outputs,daily,OBM v0.1.0
2013-01-10,obm_spent_output_count_daily,113384,outputs,daily,OBM v0.1.0
2013-01-11,obm_spent_output_count_daily,102875,outputs,daily,OBM v0.1.0
2013-01-12,obm_spent_output_count_daily,92975,outputs,daily,OBM v0.1.0
2013-01-13,obm_spent_output_count_daily,103132,outputs,daily,OBM v0.1.0
2013-01-14,obm_spent_output_count_daily,94982,outputs,daily,OBM v0.1.0
2013-01-15,obm_spent_output_count_daily,89256,outputs,daily,OBM v0.1.0
2013-01-16,obm_spent_output_count_daily,111761,outputs,daily,OBM v0.1.0
2013-01-17,obm_spent_output_count_daily,106055,outputs,daily,OBM v0.1.0
2013-01-18,obm_spent_output_count_daily,105767,outputs,daily,OBM v0.1.0
2013-01-19,obm_spent_output_count_daily,114926,outputs,daily,OBM v0.1.0
2013-01-20,obm_spent_output_count_daily,85452,outputs,daily,OBM v0.1.0
2013-01-21,obm_spent_output_count_daily,87225,outputs,daily,OBM v0.1.0
2013-01-22,obm_spent_output_count_daily,99589,outputs,daily,OBM v0.1.0
2013-01-23,obm_spent_output_count_daily,102880,outputs,daily,OBM v0.1.0
2013-01-24,obm_spent_output_count_daily,113783,outputs,daily,OBM v0.1.0
2013-01-25,obm_spent_output_count_daily,105704,outputs,daily,OBM v0.1.0
2013-01-26,obm_spent_output_count_daily,111723,outputs,daily,OBM v0.1.0
2013-01-27,obm_spent_output_count_daily,113817,outputs,daily,OBM v0.1.0
2013-01-28,obm_spent_output_count_daily,116304,outputs,daily,OBM v0.1.0
2013-01-29,obm_spent_output_count_daily,116980,outputs,daily,OBM v0.1.0
2013-01-30,obm_spent_output_count_daily,91651,outputs,daily,OBM v0.1.0
2013-01-31,obm_spent_output_count_daily,112019,outputs,daily,OBM v0.1.0
2013-02-01,obm_spent_output_count_daily,122899,outputs,daily,OBM v0.1.0
2013-02-02,obm_spent_output_count_daily,114561,outputs,daily,OBM v0.1.0
2013-02-03,obm_spent_output_count_daily,130832,outputs,daily,OBM v0.1.0
2013-02-04,obm_spent_output_count_daily,119065,outputs,daily,OBM v0.1.0
2013-02-05,obm_spent_output_count_daily,110903,outputs,daily,OBM v0.1.0
2013-02-06,obm_spent_output_count_daily,87975,outputs,daily,OBM v0.1.0
2013-02-07,obm_spent_output_count_daily,127403,outputs,daily,OBM v0.1.0
2013-02-08,obm_spent_output_count_daily,127396,outputs,daily,OBM v0.1.0
2013-02-09,obm_spent_output_count_daily,119801,outputs,daily,OBM v0.1.0
2013-02-10,obm_spent_output_count_daily,116636,outputs,daily,OBM v0.1.0
2013-02-11,obm_spent_output_count_daily,123996,outputs,daily,OBM v0.1.0
2013-02-12,obm_spent_output_count_daily,126598,outputs,daily,OBM v0.1.0
2013-02-13,obm_spent_output_count_daily,127883,outputs,daily,OBM v0.1.0
2013-02-14,obm_spent_output_count_daily,112648,outputs,daily,OBM v0.1.0
2013-02-15,obm_spent_output_count_daily,122434,outputs,daily,OBM v0.1.0
2013-02-16,obm_spent_output_count_daily,109335,outputs,daily,OBM v0.1.0
2013-02-17,obm_spent_output_count_daily,110771,outputs,daily,OBM v0.1.0
2013-02-18,obm_spent_output_count_daily,108255,outputs,daily,OBM v0.1.0
2013-02-19,obm_spent_output_count_daily,119900,outputs,daily,OBM v0.1.0
2013-02-20,obm_spent_output_count_daily,135717,outputs,daily,OBM v0.1.0
2013-02-21,obm_spent_output_count_daily,117115,outputs,daily,OBM v0.1.0
2013-02-22,obm_spent_output_count_daily,132546,outputs,daily,OBM v0.1.0
2013-02-23,obm_spent_output_count_daily,124931,outputs,daily,OBM v0.1.0
2013-02-24,obm_spent_output_count_daily,116386,outputs,daily,OBM v0.1.0
2013-02-25,obm_spent_output_count_daily,142164,outputs,daily,OBM v0.1.0
2013-02-26,obm_spent_output_count_daily,135636,outputs,daily,OBM v0.1.0
2013-02-27,obm_spent_output_count_daily,130786,outputs,daily,OBM v0.1.0
2013-02-28,obm_spent_output_count_daily,135371,outputs,daily,OBM v0.1.0
2013-03-01,obm_spent_output_count_daily,139409,outputs,daily,OBM v0.1.0
2013-03-02,obm_spent_output_count_daily,121855,outputs,daily,OBM v0.1.0
2013-03-03,obm_spent_output_count_daily,117865,outputs,daily,OBM v0.1.0
2013-03-04,obm_spent_output_count_daily,137625,outputs,daily,OBM v0.1.0
2013-03-05,obm_spent_output_count_daily,127430,outputs,daily,OBM v0.1.0
2013-03-06,obm_spent_output_count_daily,143093,outputs,daily,OBM v0.1.0
2013-03-07,obm_spent_output_count_daily,153109,outputs,daily,OBM v0.1.0
2013-03-08,obm_spent_output_count_daily,121024,outputs,daily,OBM v0.1.0
2013-03-09,obm_spent_output_count_daily,124507,outputs,daily,OBM v0.1.0
2013-03-10,obm_spent_output_count_daily,156948,outputs,daily,OBM v0.1.0
2013-03-11,obm_spent_output_count_daily,130457,outputs,daily,OBM v0.1.0
2013-03-12,obm_spent_output_count_daily,115170,outputs,daily,OBM v0.1.0
2013-03-13,obm_spent_output_count_daily,122956,outputs,daily,OBM v0.1.0
2013-03-14,obm_spent_output_count_daily,129985,outputs,daily,OBM v0.1.0
2013-03-15,obm_spent_output_count_daily,136108,outputs,daily,OBM v0.1.0
2013-03-16,obm_spent_output_count_daily,80330,outputs,daily,OBM v0.1.0
2013-03-17,obm_spent_output_count_daily,78640,outputs,daily,OBM v0.1.0
2013-03-18,obm_spent_output_count_daily,95747,outputs,daily,OBM v0.1.0
2013-03-19,obm_spent_output_count_daily,106605,outputs,daily,OBM v0.1.0
2013-03-20,obm_spent_output_count_daily,102969,outputs,daily,OBM v0.1.0
2013-03-21,obm_spent_output_count_daily,131231,outputs,daily,OBM v0.1.0
2013-03-22,obm_spent_output_count_daily,140650,outputs,daily,OBM v0.1.0
2013-03-23,obm_spent_output_count_daily,127774,outputs,daily,OBM v0.1.0
2013-03-24,obm_spent_output_count_daily,114400,outputs,daily,OBM v0.1.0
2013-03-25,obm_spent_output_count_daily,114139,outputs,daily,OBM v0.1.0
2013-03-26,obm_spent_output_count_daily,114110,outputs,daily,OBM v0.1.0
2013-03-27,obm_spent_output_count_daily,116684,outputs,daily,OBM v0.1.0
2013-03-28,obm_spent_output_count_daily,153762,outputs,daily,OBM v0.1.0
2013-03-29,obm_spent_output_count_daily,145373,outputs,daily,OBM v0.1.0
2013-03-30,obm_spent_output_count_daily,155691,outputs,daily,OBM v0.1.0
2013-03-31,obm_spent_output_count_daily,119023,outputs,daily,OBM v0.1.0
2013-04-01,obm_spent_output_count_daily,128858,outputs,daily,OBM v0.1.0
2013-04-02,obm_spent_output_count_daily,146903,outputs,daily,OBM v0.1.0
2013-04-03,obm_spent_output_count_daily,148694,outputs,daily,OBM v0.1.0
2013-04-04,obm_spent_output_count_daily,158999,outputs,daily,OBM v0.1.0
2013-04-05,obm_spent_output_count_daily,139727,outputs,daily,OBM v0.1.0
2013-04-06,obm_spent_output_count_daily,115725,outputs,daily,OBM v0.1.0
2013-04-07,obm_spent_output_count_daily,148642,outputs,daily,OBM v0.1.0
2013-04-08,obm_spent_output_count_daily,136394,outputs,daily,OBM v0.1.0
2013-04-09,obm_spent_output_count_daily,149086,outputs,daily,OBM v0.1.0
2013-04-10,obm_spent_output_count_daily,152670,outputs,daily,OBM v0.1.0
2013-04-11,obm_spent_output_count_daily,163470,outputs,daily,OBM v0.1.0
2013-04-12,obm_spent_output_count_daily,132350,outputs,daily,OBM v0.1.0
2013-04-13,obm_spent_output_count_daily,111641,outputs,daily,OBM v0.1.0
2013-04-14,obm_spent_output_count_daily,123298,outputs,daily,OBM v0.1.0
2013-04-15,obm_spent_output_count_daily,119538,outputs,daily,OBM v0.1.0
2013-04-16,obm_spent_output_count_daily,149365,outputs,daily,OBM v0.1.0
2013-04-17,obm_spent_output_count_daily,128208,outputs,daily,OBM v0.1.0
2013-04-18,obm_spent_output_count_daily,99824,outputs,daily,OBM v0.1.0
2013-04-19,obm_spent_output_count_daily,134687,outputs,daily,OBM v0.1.0
2013-04-20,obm_spent_output_count_daily,113042,outputs,daily,OBM v0.1.0
2013-04-21,obm_spent_output_count_daily,100235,outputs,daily,OBM v0.1.0
2013-04-22,obm_spent_output_count_daily,100621,outputs,daily,OBM v0.1.0
2013-04-23,obm_spent_output_count_daily,136831,outputs,daily,OBM v0.1.0
2013-04-24,obm_spent_output_count_daily,159289,outputs,daily,OBM v0.1.0
2013-04-25,obm_spent_output_count_daily,140352,outputs,daily,OBM v0.1.0
2013-04-26,obm_spent_output_count_daily,123488,outputs,daily,OBM v0.1.0
2013-04-27,obm_spent_output_count_daily,98762,outputs,daily,OBM v0.1.0
2013-04-28,obm_spent_output_count_daily,91670,outputs,daily,OBM v0.1.0
2013-04-29,obm_spent_output_count_daily,116812,outputs,daily,OBM v0.1.0
2013-04-30,obm_spent_output_count_daily,126661,outputs,daily,OBM v0.1.0
2013-05-01,obm_spent_output_count_daily,118493,outputs,daily,OBM v0.1.0
2013-05-02,obm_spent_output_count_daily,121360,outputs,daily,OBM v0.1.0
2013-05-03,obm_spent_output_count_daily,115837,outputs,daily,OBM v0.1.0
2013-05-04,obm_spent_output_count_daily,111490,outputs,daily,OBM v0.1.0
2013-05-05,obm_spent_output_count_daily,115789,outputs,daily,OBM v0.1.0
2013-05-06,obm_spent_output_count_daily,124813,outputs,daily,OBM v0.1.0
2013-05-07,obm_spent_output_count_daily,128303,outputs,daily,OBM v0.1.0
2013-05-08,obm_spent_output_count_daily,114503,outputs,daily,OBM v0.1.0
2013-05-09,obm_spent_output_count_daily,143481,outputs,daily,OBM v0.1.0
2013-05-10,obm_spent_output_count_daily,149264,outputs,daily,OBM v0.1.0
2013-05-11,obm_spent_output_count_daily,163158,outputs,daily,OBM v0.1.0
2013-05-12,obm_spent_output_count_daily,141443,outputs,daily,OBM v0.1.0
2013-05-13,obm_spent_output_count_daily,134450,outputs,daily,OBM v0.1.0
2013-05-14,obm_spent_output_count_daily,143951,outputs,daily,OBM v0.1.0
2013-05-15,obm_spent_output_count_daily,142679,outputs,daily,OBM v0.1.0
2013-05-16,obm_spent_output_count_daily,133259,outputs,daily,OBM v0.1.0
2013-05-17,obm_spent_output_count_daily,131675,outputs,daily,OBM v0.1.0
2013-05-18,obm_spent_output_count_daily,119014,outputs,daily,OBM v0.1.0
2013-05-19,obm_spent_output_count_daily,103094,outputs,daily,OBM v0.1.0
2013-05-20,obm_spent_output_count_daily,105742,outputs,daily,OBM v0.1.0
2013-05-21,obm_spent_output_count_daily,121923,outputs,daily,OBM v0.1.0
2013-05-22,obm_spent_output_count_daily,114739,outputs,daily,OBM v0.1.0
2013-05-23,obm_spent_output_count_daily,133354,outputs,daily,OBM v0.1.0
2013-05-24,obm_spent_output_count_daily,126958,outputs,daily,OBM v0.1.0
2013-05-25,obm_spent_output_count_daily,116450,outputs,daily,OBM v0.1.0
2013-05-26,obm_spent_output_count_daily,103281,outputs,daily,OBM v0.1.0
2013-05-27,obm_spent_output_count_daily,122107,outputs,daily,OBM v0.1.0
2013-05-28,obm_spent_output_count_daily,125923,outputs,daily,OBM v0.1.0
2013-05-29,obm_spent_output_count_daily,126535,outputs,daily,OBM v0.1.0
2013-05-30,obm_spent_output_count_daily,130973,outputs,daily,OBM v0.1.0
2013-05-31,obm_spent_output_count_daily,121107,outputs,daily,OBM v0.1.0
2013-06-01,obm_spent_output_count_daily,125636,outputs,daily,OBM v0.1.0
2013-06-02,obm_spent_output_count_daily,114068,outputs,daily,OBM v0.1.0
2013-06-03,obm_spent_output_count_daily,128906,outputs,daily,OBM v0.1.0
2013-06-04,obm_spent_output_count_daily,131082,outputs,daily,OBM v0.1.0
2013-06-05,obm_spent_output_count_daily,125949,outputs,daily,OBM v0.1.0
2013-06-06,obm_spent_output_count_daily,123090,outputs,daily,OBM v0.1.0
2013-06-07,obm_spent_output_count_daily,118958,outputs,daily,OBM v0.1.0
2013-06-08,obm_spent_output_count_daily,106066,outputs,daily,OBM v0.1.0
2013-06-09,obm_spent_output_count_daily,101846,outputs,daily,OBM v0.1.0
2013-06-10,obm_spent_output_count_daily,98286,outputs,daily,OBM v0.1.0
2013-06-11,obm_spent_output_count_daily,103816,outputs,daily,OBM v0.1.0
2013-06-12,obm_spent_output_count_daily,101681,outputs,daily,OBM v0.1.0
2013-06-13,obm_spent_output_count_daily,95218,outputs,daily,OBM v0.1.0
2013-06-14,obm_spent_output_count_daily,112873,outputs,daily,OBM v0.1.0
2013-06-15,obm_spent_output_count_daily,80845,outputs,daily,OBM v0.1.0
2013-06-16,obm_spent_output_count_daily,94172,outputs,daily,OBM v0.1.0
2013-06-17,obm_spent_output_count_daily,98030,outputs,daily,OBM v0.1.0
2013-06-18,obm_spent_output_count_daily,100554,outputs,daily,OBM v0.1.0
2013-06-19,obm_spent_output_count_daily,103585,outputs,daily,OBM v0.1.0
2013-06-20,obm_spent_output_count_daily,117843,outputs,daily,OBM v0.1.0
2013-06-21,obm_spent_output_count_daily,106578,outputs,daily,OBM v0.1.0
2013-06-22,obm_spent_output_count_daily,98195,outputs,daily,OBM v0.1.0
2013-06-23,obm_spent_output_count_daily,84839,outputs,daily,OBM v0.1.0
2013-06-24,obm_spent_output_count_daily,96955,outputs,daily,OBM v0.1.0
2013-06-25,obm_spent_output_count_daily,96265,outputs,daily,OBM v0.1.0
2013-06-26,obm_spent_output_count_daily,99691,outputs,daily,OBM v0.1.0
2013-06-27,obm_spent_output_count_daily,101290,outputs,daily,OBM v0.1.0
2013-06-28,obm_spent_output_count_daily,109203,outputs,daily,OBM v0.1.0
2013-06-29,obm_spent_output_count_daily,83539,outputs,daily,OBM v0.1.0
2013-06-30,obm_spent_output_count_daily,67832,outputs,daily,OBM v0.1.0
2013-07-01,obm_spent_output_count_daily,85187,outputs,daily,OBM v0.1.0
2013-07-02,obm_spent_output_count_daily,86327,outputs,daily,OBM v0.1.0
2013-07-03,obm_spent_output_count_daily,75107,outputs,daily,OBM v0.1.0
2013-07-04,obm_spent_output_count_daily,77213,outputs,daily,OBM v0.1.0
2013-07-05,obm_spent_output_count_daily,79640,outputs,daily,OBM v0.1.0
2013-07-06,obm_spent_output_count_daily,76756,outputs,daily,OBM v0.1.0
2013-07-07,obm_spent_output_count_daily,67098,outputs,daily,OBM v0.1.0
2013-07-08,obm_spent_output_count_daily,86830,outputs,daily,OBM v0.1.0
2013-07-09,obm_spent_output_count_daily,91557,outputs,daily,OBM v0.1.0
2013-07-10,obm_spent_output_count_daily,84503,outputs,daily,OBM v0.1.0
2013-07-11,obm_spent_output_count_daily,94351,outputs,daily,OBM v0.1.0
2013-07-12,obm_spent_output_count_daily,109893,outputs,daily,OBM v0.1.0
2013-07-13,obm_spent_output_count_daily,86273,outputs,daily,OBM v0.1.0
2013-07-14,obm_spent_output_count_daily,78994,outputs,daily,OBM v0.1.0
2013-07-15,obm_spent_output_count_daily,82291,outputs,daily,OBM v0.1.0
2013-07-16,obm_spent_output_count_daily,85883,outputs,daily,OBM v0.1.0
2013-07-17,obm_spent_output_count_daily,87947,outputs,daily,OBM v0.1.0
2013-07-18,obm_spent_output_count_daily,89962,outputs,daily,OBM v0.1.0
2013-07-19,obm_spent_output_count_daily,78270,outputs,daily,OBM v0.1.0
2013-07-20,obm_spent_output_count_daily,73345,outputs,daily,OBM v0.1.0
2013-07-21,obm_spent_output_count_daily,78702,outputs,daily,OBM v0.1.0
2013-07-22,obm_spent_output_count_daily,86103,outputs,daily,OBM v0.1.0
2013-07-23,obm_spent_output_count_daily,83144,outputs,daily,OBM v0.1.0
2013-07-24,obm_spent_output_count_daily,93915,outputs,daily,OBM v0.1.0
2013-07-25,obm_spent_output_count_daily,99035,outputs,daily,OBM v0.1.0
2013-07-26,obm_spent_output_count_daily,83205,outputs,daily,OBM v0.1.0
2013-07-27,obm_spent_output_count_daily,82330,outputs,daily,OBM v0.1.0
2013-07-28,obm_spent_output_count_daily,83552,outputs,daily,OBM v0.1.0
2013-07-29,obm_spent_output_count_daily,95369,outputs,daily,OBM v0.1.0
2013-07-30,obm_spent_output_count_daily,94992,outputs,daily,OBM v0.1.0
2013-07-31,obm_spent_output_count_daily,115803,outputs,daily,OBM v0.1.0
2013-08-01,obm_spent_output_count_daily,110328,outputs,daily,OBM v0.1.0
2013-08-02,obm_spent_output_count_daily,110359,outputs,daily,OBM v0.1.0
2013-08-03,obm_spent_output_count_daily,103745,outputs,daily,OBM v0.1.0
2013-08-04,obm_spent_output_count_daily,99951,outputs,daily,OBM v0.1.0
2013-08-05,obm_spent_output_count_daily,110927,outputs,daily,OBM v0.1.0
2013-08-06,obm_spent_output_count_daily,116578,outputs,daily,OBM v0.1.0
2013-08-07,obm_spent_output_count_daily,120892,outputs,daily,OBM v0.1.0
2013-08-08,obm_spent_output_count_daily,126187,outputs,daily,OBM v0.1.0
2013-08-09,obm_spent_output_count_daily,106311,outputs,daily,OBM v0.1.0
2013-08-10,obm_spent_output_count_daily,113129,outputs,daily,OBM v0.1.0
2013-08-11,obm_spent_output_count_daily,85353,outputs,daily,OBM v0.1.0
2013-08-12,obm_spent_output_count_daily,146971,outputs,daily,OBM v0.1.0
2013-08-13,obm_spent_output_count_daily,127236,outputs,daily,OBM v0.1.0
2013-08-14,obm_spent_output_count_daily,120551,outputs,daily,OBM v0.1.0
2013-08-15,obm_spent_output_count_daily,132395,outputs,daily,OBM v0.1.0
2013-08-16,obm_spent_output_count_daily,150890,outputs,daily,OBM v0.1.0
2013-08-17,obm_spent_output_count_daily,119668,outputs,daily,OBM v0.1.0
2013-08-18,obm_spent_output_count_daily,121907,outputs,daily,OBM v0.1.0
2013-08-19,obm_spent_output_count_daily,152248,outputs,daily,OBM v0.1.0
2013-08-20,obm_spent_output_count_daily,140001,outputs,daily,OBM v0.1.0
2013-08-21,obm_spent_output_count_daily,132074,outputs,daily,OBM v0.1.0
2013-08-22,obm_spent_output_count_daily,139154,outputs,daily,OBM v0.1.0
2013-08-23,obm_spent_output_count_daily,128886,outputs,daily,OBM v0.1.0
2013-08-24,obm_spent_output_count_daily,116997,outputs,daily,OBM v0.1.0
2013-08-25,obm_spent_output_count_daily,108548,outputs,daily,OBM v0.1.0
2013-08-26,obm_spent_output_count_daily,121998,outputs,daily,OBM v0.1.0
2013-08-27,obm_spent_output_count_daily,147953,outputs,daily,OBM v0.1.0
2013-08-28,obm_spent_output_count_daily,138103,outputs,daily,OBM v0.1.0
2013-08-29,obm_spent_output_count_daily,122010,outputs,daily,OBM v0.1.0
2013-08-30,obm_spent_output_count_daily,138883,outputs,daily,OBM v0.1.0
2013-08-31,obm_spent_output_count_daily,103956,outputs,daily,OBM v0.1.0
2013-09-01,obm_spent_output_count_daily,101411,outputs,daily,OBM v0.1.0
2013-09-02,obm_spent_output_count_daily,109955,outputs,daily,OBM v0.1.0
2013-09-03,obm_spent_output_count_daily,124543,outputs,daily,OBM v0.1.0
2013-09-04,obm_spent_output_count_daily,117688,outputs,daily,OBM v0.1.0
2013-09-05,obm_spent_output_count_daily,124413,outputs,daily,OBM v0.1.0
2013-09-06,obm_spent_output_count_daily,132027,outputs,daily,OBM v0.1.0
2013-09-07,obm_spent_output_count_daily,110596,outputs,daily,OBM v0.1.0
2013-09-08,obm_spent_output_count_daily,101507,outputs,daily,OBM v0.1.0
2013-09-09,obm_spent_output_count_daily,121993,outputs,daily,OBM v0.1.0
2013-09-10,obm_spent_output_count_daily,117498,outputs,daily,OBM v0.1.0
2013-09-11,obm_spent_output_count_daily,103567,outputs,daily,OBM v0.1.0
2013-09-12,obm_spent_output_count_daily,119083,outputs,daily,OBM v0.1.0
2013-09-13,obm_spent_output_count_daily,99120,outputs,daily,OBM v0.1.0
2013-09-14,obm_spent_output_count_daily,95506,outputs,daily,OBM v0.1.0
2013-09-15,obm_spent_output_count_daily,127187,outputs,daily,OBM v0.1.0
2013-09-16,obm_spent_output_count_daily,124883,outputs,daily,OBM v0.1.0
2013-09-17,obm_spent_output_count_daily,146150,outputs,daily,OBM v0.1.0
2013-09-18,obm_spent_output_count_daily,133404,outputs,daily,OBM v0.1.0
2013-09-19,obm_spent_output_count_daily,125934,outputs,daily,OBM v0.1.0
2013-09-20,obm_spent_output_count_daily,126641,outputs,daily,OBM v0.1.0
2013-09-21,obm_spent_output_count_daily,114837,outputs,daily,OBM v0.1.0
2013-09-22,obm_spent_output_count_daily,111592,outputs,daily,OBM v0.1.0
2013-09-23,obm_spent_output_count_daily,141492,outputs,daily,OBM v0.1.0
2013-09-24,obm_spent_output_count_daily,135544,outputs,daily,OBM v0.1.0
2013-09-25,obm_spent_output_count_daily,116721,outputs,daily,OBM v0.1.0
2013-09-26,obm_spent_output_count_daily,128882,outputs,daily,OBM v0.1.0
2013-09-27,obm_spent_output_count_daily,106492,outputs,daily,OBM v0.1.0
2013-09-28,obm_spent_output_count_daily,96985,outputs,daily,OBM v0.1.0
2013-09-29,obm_spent_output_count_daily,94440,outputs,daily,OBM v0.1.0
2013-09-30,obm_spent_output_count_daily,104443,outputs,daily,OBM v0.1.0
2013-10-01,obm_spent_output_count_daily,124801,outputs,daily,OBM v0.1.0
2013-10-02,obm_spent_output_count_daily,153587,outputs,daily,OBM v0.1.0
2013-10-03,obm_spent_output_count_daily,140860,outputs,daily,OBM v0.1.0
2013-10-04,obm_spent_output_count_daily,111048,outputs,daily,OBM v0.1.0
2013-10-05,obm_spent_output_count_daily,100829,outputs,daily,OBM v0.1.0
2013-10-06,obm_spent_output_count_daily,101051,outputs,daily,OBM v0.1.0
2013-10-07,obm_spent_output_count_daily,111947,outputs,daily,OBM v0.1.0
2013-10-08,obm_spent_output_count_daily,97300,outputs,daily,OBM v0.1.0
2013-10-09,obm_spent_output_count_daily,115065,outputs,daily,OBM v0.1.0
2013-10-10,obm_spent_output_count_daily,126652,outputs,daily,OBM v0.1.0
2013-10-11,obm_spent_output_count_daily,113603,outputs,daily,OBM v0.1.0
2013-10-12,obm_spent_output_count_daily,110856,outputs,daily,OBM v0.1.0
2013-10-13,obm_spent_output_count_daily,128296,outputs,daily,OBM v0.1.0
2013-10-14,obm_spent_output_count_daily,138549,outputs,daily,OBM v0.1.0
2013-10-15,obm_spent_output_count_daily,127179,outputs,daily,OBM v0.1.0
2013-10-16,obm_spent_output_count_daily,119145,outputs,daily,OBM v0.1.0
2013-10-17,obm_spent_output_count_daily,108192,outputs,daily,OBM v0.1.0
2013-10-18,obm_spent_output_count_daily,133783,outputs,daily,OBM v0.1.0
2013-10-19,obm_spent_output_count_daily,143558,outputs,daily,OBM v0.1.0
2013-10-20,obm_spent_output_count_daily,116409,outputs,daily,OBM v0.1.0
2013-10-21,obm_spent_output_count_daily,143203,outputs,daily,OBM v0.1.0
2013-10-22,obm_spent_output_count_daily,160343,outputs,daily,OBM v0.1.0
2013-10-23,obm_spent_output_count_daily,147437,outputs,daily,OBM v0.1.0
2013-10-24,obm_spent_output_count_daily,169960,outputs,daily,OBM v0.1.0
2013-10-25,obm_spent_output_count_daily,146657,outputs,daily,OBM v0.1.0
2013-10-26,obm_spent_output_count_daily,113085,outputs,daily,OBM v0.1.0
2013-10-27,obm_spent_output_count_daily,101373,outputs,daily,OBM v0.1.0
2013-10-28,obm_spent_output_count_daily,116222,outputs,daily,OBM v0.1.0
2013-10-29,obm_spent_output_count_daily,113488,outputs,daily,OBM v0.1.0
2013-10-30,obm_spent_output_count_daily,119004,outputs,daily,OBM v0.1.0
2013-10-31,obm_spent_output_count_daily,140592,outputs,daily,OBM v0.1.0
2013-11-01,obm_spent_output_count_daily,107910,outputs,daily,OBM v0.1.0
2013-11-02,obm_spent_output_count_daily,104685,outputs,daily,OBM v0.1.0
2013-11-03,obm_spent_output_count_daily,99809,outputs,daily,OBM v0.1.0
2013-11-04,obm_spent_output_count_daily,114837,outputs,daily,OBM v0.1.0
2013-11-05,obm_spent_output_count_daily,134889,outputs,daily,OBM v0.1.0
2013-11-06,obm_spent_output_count_daily,151946,outputs,daily,OBM v0.1.0
2013-11-07,obm_spent_output_count_daily,156793,outputs,daily,OBM v0.1.0
2013-11-08,obm_spent_output_count_daily,151901,outputs,daily,OBM v0.1.0
2013-11-09,obm_spent_output_count_daily,146145,outputs,daily,OBM v0.1.0
2013-11-10,obm_spent_output_count_daily,144580,outputs,daily,OBM v0.1.0
2013-11-11,obm_spent_output_count_daily,138997,outputs,daily,OBM v0.1.0
2013-11-12,obm_spent_output_count_daily,137509,outputs,daily,OBM v0.1.0
2013-11-13,obm_spent_output_count_daily,151945,outputs,daily,OBM v0.1.0
2013-11-14,obm_spent_output_count_daily,163346,outputs,daily,OBM v0.1.0
2013-11-15,obm_spent_output_count_daily,140646,outputs,daily,OBM v0.1.0
2013-11-16,obm_spent_output_count_daily,108126,outputs,daily,OBM v0.1.0
2013-11-17,obm_spent_output_count_daily,127744,outputs,daily,OBM v0.1.0
2013-11-18,obm_spent_output_count_daily,195283,outputs,daily,OBM v0.1.0
2013-11-19,obm_spent_output_count_daily,253158,outputs,daily,OBM v0.1.0
2013-11-20,obm_spent_output_count_daily,186603,outputs,daily,OBM v0.1.0
2013-11-21,obm_spent_output_count_daily,212047,outputs,daily,OBM v0.1.0
2013-11-22,obm_spent_output_count_daily,190560,outputs,daily,OBM v0.1.0
2013-11-23,obm_spent_output_count_daily,172696,outputs,daily,OBM v0.1.0
2013-11-24,obm_spent_output_count_daily,152743,outputs,daily,OBM v0.1.0
2013-11-25,obm_spent_output_count_daily,159497,outputs,daily,OBM v0.1.0
2013-11-26,obm_spent_output_count_daily,194789,outputs,daily,OBM v0.1.0
2013-11-27,obm_spent_output_count_daily,225671,outputs,daily,OBM v0.1.0
2013-11-28,obm_spent_output_count_daily,219265,outputs,daily,OBM v0.1.0
2013-11-29,obm_spent_output_count_daily,213155,outputs,daily,OBM v0.1.0
2013-11-30,obm_spent_output_count_daily,169928,outputs,daily,OBM v0.1.0
2013-12-01,obm_spent_output_count_daily,183323,outputs,daily,OBM v0.1.0
2013-12-02,obm_spent_output_count_daily,179731,outputs,daily,OBM v0.1.0
2013-12-03,obm_spent_output_count_daily,178838,outputs,daily,OBM v0.1.0
2013-12-04,obm_spent_output_count_daily,194188,outputs,daily,OBM v0.1.0
2013-12-05,obm_spent_output_count_daily,196705,outputs,daily,OBM v0.1.0
2013-12-06,obm_spent_output_count_daily,168020,outputs,daily,OBM v0.1.0
2013-12-07,obm_spent_output_count_daily,154787,outputs,daily,OBM v0.1.0
2013-12-08,obm_spent_output_count_daily,112403,outputs,daily,OBM v0.1.0
2013-12-09,obm_spent_output_count_daily,144025,outputs,daily,OBM v0.1.0
2013-12-10,obm_spent_output_count_daily,181740,outputs,daily,OBM v0.1.0
2013-12-11,obm_spent_output_count_daily,155792,outputs,daily,OBM v0.1.0
2013-12-12,obm_spent_output_count_daily,133370,outputs,daily,OBM v0.1.0
2013-12-13,obm_spent_output_count_daily,148416,outputs,daily,OBM v0.1.0
2013-12-14,obm_spent_output_count_daily,168134,outputs,daily,OBM v0.1.0
2013-12-15,obm_spent_output_count_daily,153102,outputs,daily,OBM v0.1.0
2013-12-16,obm_spent_output_count_daily,175310,outputs,daily,OBM v0.1.0
2013-12-17,obm_spent_output_count_daily,166660,outputs,daily,OBM v0.1.0
2013-12-18,obm_spent_output_count_daily,200553,outputs,daily,OBM v0.1.0
2013-12-19,obm_spent_output_count_daily,161901,outputs,daily,OBM v0.1.0
2013-12-20,obm_spent_output_count_daily,161755,outputs,daily,OBM v0.1.0
2013-12-21,obm_spent_output_count_daily,134681,outputs,daily,OBM v0.1.0
2013-12-22,obm_spent_output_count_daily,133553,outputs,daily,OBM v0.1.0
2013-12-23,obm_spent_output_count_daily,134739,outputs,daily,OBM v0.1.0
2013-12-24,obm_spent_output_count_daily,135583,outputs,daily,OBM v0.1.0
2013-12-25,obm_spent_output_count_daily,135647,outputs,daily,OBM v0.1.0
2013-12-26,obm_spent_output_count_daily,146379,outputs,daily,OBM v0.1.0
2013-12-27,obm_spent_output_count_daily,128583,outputs,daily,OBM v0.1.0
2013-12-28,obm_spent_output_count_daily,131246,outputs,daily,OBM v0.1.0
2013-12-29,obm_spent_output_count_daily,148234,outputs,daily,OBM v0.1.0
2013-12-30,obm_spent_output_count_daily,144248,outputs,daily,OBM v0.1.0
2013-12-31,obm_spent_output_count_daily,129754,outputs,daily,OBM v0.1.0
2014-01-01,obm_spent_output_count_daily,101942,outputs,daily,OBM v0.1.0
2014-01-02,obm_spent_output_count_daily,139673,outputs,daily,OBM v0.1.0
2014-01-03,obm_spent_output_count_daily,154563,outputs,daily,OBM v0.1.0
2014-01-04,obm_spent_output_count_daily,126915,outputs,daily,OBM v0.1.0
2014-01-05,obm_spent_output_count_daily,158361,outputs,daily,OBM v0.1.0
2014-01-06,obm_spent_output_count_daily,185877,outputs,daily,OBM v0.1.0
2014-01-07,obm_spent_output_count_daily,150998,outputs,daily,OBM v0.1.0
2014-01-08,obm_spent_output_count_daily,144667,outputs,daily,OBM v0.1.0
2014-01-09,obm_spent_output_count_daily,140668,outputs,daily,OBM v0.1.0
2014-01-10,obm_spent_output_count_daily,131574,outputs,daily,OBM v0.1.0
2014-01-11,obm_spent_output_count_daily,142772,outputs,daily,OBM v0.1.0
2014-01-12,obm_spent_output_count_daily,126268,outputs,daily,OBM v0.1.0
2014-01-13,obm_spent_output_count_daily,131320,outputs,daily,OBM v0.1.0
2014-01-14,obm_spent_output_count_daily,137344,outputs,daily,OBM v0.1.0
2014-01-15,obm_spent_output_count_daily,142269,outputs,daily,OBM v0.1.0
2014-01-16,obm_spent_output_count_daily,143769,outputs,daily,OBM v0.1.0
2014-01-17,obm_spent_output_count_daily,136139,outputs,daily,OBM v0.1.0
2014-01-18,obm_spent_output_count_daily,120471,outputs,daily,OBM v0.1.0
2014-01-19,obm_spent_output_count_daily,116456,outputs,daily,OBM v0.1.0
2014-01-20,obm_spent_output_count_daily,174145,outputs,daily,OBM v0.1.0
2014-01-21,obm_spent_output_count_daily,178293,outputs,daily,OBM v0.1.0
2014-01-22,obm_spent_output_count_daily,158345,outputs,daily,OBM v0.1.0
2014-01-23,obm_spent_output_count_daily,159781,outputs,daily,OBM v0.1.0
2014-01-24,obm_spent_output_count_daily,155011,outputs,daily,OBM v0.1.0
2014-01-25,obm_spent_output_count_daily,132616,outputs,daily,OBM v0.1.0
2014-01-26,obm_spent_output_count_daily,131601,outputs,daily,OBM v0.1.0
2014-01-27,obm_spent_output_count_daily,153224,outputs,daily,OBM v0.1.0
2014-01-28,obm_spent_output_count_daily,160591,outputs,daily,OBM v0.1.0
2014-01-29,obm_spent_output_count_daily,139680,outputs,daily,OBM v0.1.0
2014-01-30,obm_spent_output_count_daily,147000,outputs,daily,OBM v0.1.0
2014-01-31,obm_spent_output_count_daily,146384,outputs,daily,OBM v0.1.0
2014-02-01,obm_spent_output_count_daily,136316,outputs,daily,OBM v0.1.0
2014-02-02,obm_spent_output_count_daily,144436,outputs,daily,OBM v0.1.0
2014-02-03,obm_spent_output_count_daily,155195,outputs,daily,OBM v0.1.0
2014-02-04,obm_spent_output_count_daily,184337,outputs,daily,OBM v0.1.0
2014-02-05,obm_spent_output_count_daily,180056,outputs,daily,OBM v0.1.0
2014-02-06,obm_spent_output_count_daily,184750,outputs,daily,OBM v0.1.0
2014-02-07,obm_spent_output_count_daily,186878,outputs,daily,OBM v0.1.0
2014-02-08,obm_spent_output_count_daily,163108,outputs,daily,OBM v0.1.0
2014-02-09,obm_spent_output_count_daily,140213,outputs,daily,OBM v0.1.0
2014-02-10,obm_spent_output_count_daily,155835,outputs,daily,OBM v0.1.0
2014-02-11,obm_spent_output_count_daily,158840,outputs,daily,OBM v0.1.0
2014-02-12,obm_spent_output_count_daily,228119,outputs,daily,OBM v0.1.0
2014-02-13,obm_spent_output_count_daily,189409,outputs,daily,OBM v0.1.0
2014-02-14,obm_spent_output_count_daily,211716,outputs,daily,OBM v0.1.0
2014-02-15,obm_spent_output_count_daily,163798,outputs,daily,OBM v0.1.0
2014-02-16,obm_spent_output_count_daily,137176,outputs,daily,OBM v0.1.0
2014-02-17,obm_spent_output_count_daily,161121,outputs,daily,OBM v0.1.0
2014-02-18,obm_spent_output_count_daily,179441,outputs,daily,OBM v0.1.0
2014-02-19,obm_spent_output_count_daily,201294,outputs,daily,OBM v0.1.0
2014-02-20,obm_spent_output_count_daily,194475,outputs,daily,OBM v0.1.0
2014-02-21,obm_spent_output_count_daily,187100,outputs,daily,OBM v0.1.0
2014-02-22,obm_spent_output_count_daily,160422,outputs,daily,OBM v0.1.0
2014-02-23,obm_spent_output_count_daily,171817,outputs,daily,OBM v0.1.0
2014-02-24,obm_spent_output_count_daily,205057,outputs,daily,OBM v0.1.0
2014-02-25,obm_spent_output_count_daily,220885,outputs,daily,OBM v0.1.0
2014-02-26,obm_spent_output_count_daily,210122,outputs,daily,OBM v0.1.0
2014-02-27,obm_spent_output_count_daily,187669,outputs,daily,OBM v0.1.0
2014-02-28,obm_spent_output_count_daily,215820,outputs,daily,OBM v0.1.0
2014-03-01,obm_spent_output_count_daily,183478,outputs,daily,OBM v0.1.0
2014-03-02,obm_spent_output_count_daily,162773,outputs,daily,OBM v0.1.0
2014-03-03,obm_spent_output_count_daily,237511,outputs,daily,OBM v0.1.0
2014-03-04,obm_spent_output_count_daily,262453,outputs,daily,OBM v0.1.0
2014-03-05,obm_spent_output_count_daily,218087,outputs,daily,OBM v0.1.0
2014-03-06,obm_spent_output_count_daily,206685,outputs,daily,OBM v0.1.0
2014-03-07,obm_spent_output_count_daily,201159,outputs,daily,OBM v0.1.0
2014-03-08,obm_spent_output_count_daily,170552,outputs,daily,OBM v0.1.0
2014-03-09,obm_spent_output_count_daily,170857,outputs,daily,OBM v0.1.0
2014-03-10,obm_spent_output_count_daily,199035,outputs,daily,OBM v0.1.0
2014-03-11,obm_spent_output_count_daily,205219,outputs,daily,OBM v0.1.0
2014-03-12,obm_spent_output_count_daily,212978,outputs,daily,OBM v0.1.0
2014-03-13,obm_spent_output_count_daily,201694,outputs,daily,OBM v0.1.0
2014-03-14,obm_spent_output_count_daily,207441,outputs,daily,OBM v0.1.0
2014-03-15,obm_spent_output_count_daily,149011,outputs,daily,OBM v0.1.0
2014-03-16,obm_spent_output_count_daily,136993,outputs,daily,OBM v0.1.0
2014-03-17,obm_spent_output_count_daily,161591,outputs,daily,OBM v0.1.0
2014-03-18,obm_spent_output_count_daily,124719,outputs,daily,OBM v0.1.0
2014-03-19,obm_spent_output_count_daily,171970,outputs,daily,OBM v0.1.0
2014-03-20,obm_spent_output_count_daily,188422,outputs,daily,OBM v0.1.0
2014-03-21,obm_spent_output_count_daily,214517,outputs,daily,OBM v0.1.0
2014-03-22,obm_spent_output_count_daily,203834,outputs,daily,OBM v0.1.0
2014-03-23,obm_spent_output_count_daily,147950,outputs,daily,OBM v0.1.0
2014-03-24,obm_spent_output_count_daily,196063,outputs,daily,OBM v0.1.0
2014-03-25,obm_spent_output_count_daily,188877,outputs,daily,OBM v0.1.0
2014-03-26,obm_spent_output_count_daily,189389,outputs,daily,OBM v0.1.0
2014-03-27,obm_spent_output_count_daily,204190,outputs,daily,OBM v0.1.0
2014-03-28,obm_spent_output_count_daily,187041,outputs,daily,OBM v0.1.0
2014-03-29,obm_spent_output_count_daily,144573,outputs,daily,OBM v0.1.0
2014-03-30,obm_spent_output_count_daily,152200,outputs,daily,OBM v0.1.0
2014-03-31,obm_spent_output_count_daily,184842,outputs,daily,OBM v0.1.0
2014-04-01,obm_spent_output_count_daily,181513,outputs,daily,OBM v0.1.0
2014-04-02,obm_spent_output_count_daily,189225,outputs,daily,OBM v0.1.0
2014-04-03,obm_spent_output_count_daily,175438,outputs,daily,OBM v0.1.0
2014-04-04,obm_spent_output_count_daily,187938,outputs,daily,OBM v0.1.0
2014-04-05,obm_spent_output_count_daily,159121,outputs,daily,OBM v0.1.0
2014-04-06,obm_spent_output_count_daily,148464,outputs,daily,OBM v0.1.0
2014-04-07,obm_spent_output_count_daily,178430,outputs,daily,OBM v0.1.0
2014-04-08,obm_spent_output_count_daily,192375,outputs,daily,OBM v0.1.0
2014-04-09,obm_spent_output_count_daily,191172,outputs,daily,OBM v0.1.0
2014-04-10,obm_spent_output_count_daily,193491,outputs,daily,OBM v0.1.0
2014-04-11,obm_spent_output_count_daily,185039,outputs,daily,OBM v0.1.0
2014-04-12,obm_spent_output_count_daily,133817,outputs,daily,OBM v0.1.0
2014-04-13,obm_spent_output_count_daily,139632,outputs,daily,OBM v0.1.0
2014-04-14,obm_spent_output_count_daily,206567,outputs,daily,OBM v0.1.0
2014-04-15,obm_spent_output_count_daily,220610,outputs,daily,OBM v0.1.0
2014-04-16,obm_spent_output_count_daily,215874,outputs,daily,OBM v0.1.0
2014-04-17,obm_spent_output_count_daily,185558,outputs,daily,OBM v0.1.0
2014-04-18,obm_spent_output_count_daily,159789,outputs,daily,OBM v0.1.0
2014-04-19,obm_spent_output_count_daily,150650,outputs,daily,OBM v0.1.0
2014-04-20,obm_spent_output_count_daily,139236,outputs,daily,OBM v0.1.0
2014-04-21,obm_spent_output_count_daily,158846,outputs,daily,OBM v0.1.0
2014-04-22,obm_spent_output_count_daily,214630,outputs,daily,OBM v0.1.0
2014-04-23,obm_spent_output_count_daily,194678,outputs,daily,OBM v0.1.0
2014-04-24,obm_spent_output_count_daily,208943,outputs,daily,OBM v0.1.0
2014-04-25,obm_spent_output_count_daily,200779,outputs,daily,OBM v0.1.0
2014-04-26,obm_spent_output_count_daily,143949,outputs,daily,OBM v0.1.0
2014-04-27,obm_spent_output_count_daily,149847,outputs,daily,OBM v0.1.0
2014-04-28,obm_spent_output_count_daily,175237,outputs,daily,OBM v0.1.0
2014-04-29,obm_spent_output_count_daily,191730,outputs,daily,OBM v0.1.0
2014-04-30,obm_spent_output_count_daily,182825,outputs,daily,OBM v0.1.0
2014-05-01,obm_spent_output_count_daily,163563,outputs,daily,OBM v0.1.0
2014-05-02,obm_spent_output_count_daily,164902,outputs,daily,OBM v0.1.0
2014-05-03,obm_spent_output_count_daily,140037,outputs,daily,OBM v0.1.0
2014-05-04,obm_spent_output_count_daily,140278,outputs,daily,OBM v0.1.0
2014-05-05,obm_spent_output_count_daily,181780,outputs,daily,OBM v0.1.0
2014-05-06,obm_spent_output_count_daily,207076,outputs,daily,OBM v0.1.0
2014-05-07,obm_spent_output_count_daily,188767,outputs,daily,OBM v0.1.0
2014-05-08,obm_spent_output_count_daily,189231,outputs,daily,OBM v0.1.0
2014-05-09,obm_spent_output_count_daily,179464,outputs,daily,OBM v0.1.0
2014-05-10,obm_spent_output_count_daily,147579,outputs,daily,OBM v0.1.0
2014-05-11,obm_spent_output_count_daily,152736,outputs,daily,OBM v0.1.0
2014-05-12,obm_spent_output_count_daily,207554,outputs,daily,OBM v0.1.0
2014-05-13,obm_spent_output_count_daily,183067,outputs,daily,OBM v0.1.0
2014-05-14,obm_spent_output_count_daily,193510,outputs,daily,OBM v0.1.0
2014-05-15,obm_spent_output_count_daily,208188,outputs,daily,OBM v0.1.0
2014-05-16,obm_spent_output_count_daily,188198,outputs,daily,OBM v0.1.0
2014-05-17,obm_spent_output_count_daily,164318,outputs,daily,OBM v0.1.0
2014-05-18,obm_spent_output_count_daily,150492,outputs,daily,OBM v0.1.0
2014-05-19,obm_spent_output_count_daily,204728,outputs,daily,OBM v0.1.0
2014-05-20,obm_spent_output_count_daily,218441,outputs,daily,OBM v0.1.0
2014-05-21,obm_spent_output_count_daily,207210,outputs,daily,OBM v0.1.0
2014-05-22,obm_spent_output_count_daily,209340,outputs,daily,OBM v0.1.0
2014-05-23,obm_spent_output_count_daily,204740,outputs,daily,OBM v0.1.0
2014-05-24,obm_spent_output_count_daily,145691,outputs,daily,OBM v0.1.0
2014-05-25,obm_spent_output_count_daily,168022,outputs,daily,OBM v0.1.0
2014-05-26,obm_spent_output_count_daily,195787,outputs,daily,OBM v0.1.0
2014-05-27,obm_spent_output_count_daily,200229,outputs,daily,OBM v0.1.0
2014-05-28,obm_spent_output_count_daily,208842,outputs,daily,OBM v0.1.0
2014-05-29,obm_spent_output_count_daily,188151,outputs,daily,OBM v0.1.0
2014-05-30,obm_spent_output_count_daily,180888,outputs,daily,OBM v0.1.0
2014-05-31,obm_spent_output_count_daily,150167,outputs,daily,OBM v0.1.0
2014-06-01,obm_spent_output_count_daily,171743,outputs,daily,OBM v0.1.0
2014-06-02,obm_spent_output_count_daily,190207,outputs,daily,OBM v0.1.0
2014-06-03,obm_spent_output_count_daily,206405,outputs,daily,OBM v0.1.0
2014-06-04,obm_spent_output_count_daily,180539,outputs,daily,OBM v0.1.0
2014-06-05,obm_spent_output_count_daily,196391,outputs,daily,OBM v0.1.0
2014-06-06,obm_spent_output_count_daily,187479,outputs,daily,OBM v0.1.0
2014-06-07,obm_spent_output_count_daily,137794,outputs,daily,OBM v0.1.0
2014-06-08,obm_spent_output_count_daily,145679,outputs,daily,OBM v0.1.0
2014-06-09,obm_spent_output_count_daily,177877,outputs,daily,OBM v0.1.0
2014-06-10,obm_spent_output_count_daily,196537,outputs,daily,OBM v0.1.0
2014-06-11,obm_spent_output_count_daily,179651,outputs,daily,OBM v0.1.0
2014-06-12,obm_spent_output_count_daily,196139,outputs,daily,OBM v0.1.0
2014-06-13,obm_spent_output_count_daily,183140,outputs,daily,OBM v0.1.0
2014-06-14,obm_spent_output_count_daily,151476,outputs,daily,OBM v0.1.0
2014-06-15,obm_spent_output_count_daily,150769,outputs,daily,OBM v0.1.0
2014-06-16,obm_spent_output_count_daily,201412,outputs,daily,OBM v0.1.0
2014-06-17,obm_spent_output_count_daily,190376,outputs,daily,OBM v0.1.0
2014-06-18,obm_spent_output_count_daily,180424,outputs,daily,OBM v0.1.0
2014-06-19,obm_spent_output_count_daily,186764,outputs,daily,OBM v0.1.0
2014-06-20,obm_spent_output_count_daily,161272,outputs,daily,OBM v0.1.0
2014-06-21,obm_spent_output_count_daily,151891,outputs,daily,OBM v0.1.0
2014-06-22,obm_spent_output_count_daily,147563,outputs,daily,OBM v0.1.0
2014-06-23,obm_spent_output_count_daily,175915,outputs,daily,OBM v0.1.0
2014-06-24,obm_spent_output_count_daily,187128,outputs,daily,OBM v0.1.0
2014-06-25,obm_spent_output_count_daily,185618,outputs,daily,OBM v0.1.0
2014-06-26,obm_spent_output_count_daily,171343,outputs,daily,OBM v0.1.0
2014-06-27,obm_spent_output_count_daily,176465,outputs,daily,OBM v0.1.0
2014-06-28,obm_spent_output_count_daily,159731,outputs,daily,OBM v0.1.0
2014-06-29,obm_spent_output_count_daily,141133,outputs,daily,OBM v0.1.0
2014-06-30,obm_spent_output_count_daily,214385,outputs,daily,OBM v0.1.0
2014-07-01,obm_spent_output_count_daily,220345,outputs,daily,OBM v0.1.0
2014-07-02,obm_spent_output_count_daily,197933,outputs,daily,OBM v0.1.0
2014-07-03,obm_spent_output_count_daily,182187,outputs,daily,OBM v0.1.0
2014-07-04,obm_spent_output_count_daily,159930,outputs,daily,OBM v0.1.0
2014-07-05,obm_spent_output_count_daily,134555,outputs,daily,OBM v0.1.0
2014-07-06,obm_spent_output_count_daily,151434,outputs,daily,OBM v0.1.0
2014-07-07,obm_spent_output_count_daily,184523,outputs,daily,OBM v0.1.0
2014-07-08,obm_spent_output_count_daily,206873,outputs,daily,OBM v0.1.0
2014-07-09,obm_spent_output_count_daily,211929,outputs,daily,OBM v0.1.0
2014-07-10,obm_spent_output_count_daily,186158,outputs,daily,OBM v0.1.0
2014-07-11,obm_spent_output_count_daily,179844,outputs,daily,OBM v0.1.0
2014-07-12,obm_spent_output_count_daily,144632,outputs,daily,OBM v0.1.0
2014-07-13,obm_spent_output_count_daily,158150,outputs,daily,OBM v0.1.0
2014-07-14,obm_spent_output_count_daily,173466,outputs,daily,OBM v0.1.0
2014-07-15,obm_spent_output_count_daily,200280,outputs,daily,OBM v0.1.0
2014-07-16,obm_spent_output_count_daily,182447,outputs,daily,OBM v0.1.0
2014-07-17,obm_spent_output_count_daily,189716,outputs,daily,OBM v0.1.0
2014-07-18,obm_spent_output_count_daily,192747,outputs,daily,OBM v0.1.0
2014-07-19,obm_spent_output_count_daily,163949,outputs,daily,OBM v0.1.0
2014-07-20,obm_spent_output_count_daily,150928,outputs,daily,OBM v0.1.0
2014-07-21,obm_spent_output_count_daily,185530,outputs,daily,OBM v0.1.0
2014-07-22,obm_spent_output_count_daily,190834,outputs,daily,OBM v0.1.0
2014-07-23,obm_spent_output_count_daily,186179,outputs,daily,OBM v0.1.0
2014-07-24,obm_spent_output_count_daily,189594,outputs,daily,OBM v0.1.0
2014-07-25,obm_spent_output_count_daily,183823,outputs,daily,OBM v0.1.0
2014-07-26,obm_spent_output_count_daily,147895,outputs,daily,OBM v0.1.0
2014-07-27,obm_spent_output_count_daily,154852,outputs,daily,OBM v0.1.0
2014-07-28,obm_spent_output_count_daily,187481,outputs,daily,OBM v0.1.0
2014-07-29,obm_spent_output_count_daily,175765,outputs,daily,OBM v0.1.0
2014-07-30,obm_spent_output_count_daily,195860,outputs,daily,OBM v0.1.0
2014-07-31,obm_spent_output_count_daily,201961,outputs,daily,OBM v0.1.0
2014-08-01,obm_spent_output_count_daily,185346,outputs,daily,OBM v0.1.0
2014-08-02,obm_spent_output_count_daily,150581,outputs,daily,OBM v0.1.0
2014-08-03,obm_spent_output_count_daily,138867,outputs,daily,OBM v0.1.0
2014-08-04,obm_spent_output_count_daily,192975,outputs,daily,OBM v0.1.0
2014-08-05,obm_spent_output_count_daily,214806,outputs,daily,OBM v0.1.0
2014-08-06,obm_spent_output_count_daily,230643,outputs,daily,OBM v0.1.0
2014-08-07,obm_spent_output_count_daily,196361,outputs,daily,OBM v0.1.0
2014-08-08,obm_spent_output_count_daily,196979,outputs,daily,OBM v0.1.0
2014-08-09,obm_spent_output_count_daily,169835,outputs,daily,OBM v0.1.0
2014-08-10,obm_spent_output_count_daily,170137,outputs,daily,OBM v0.1.0
2014-08-11,obm_spent_output_count_daily,219912,outputs,daily,OBM v0.1.0
2014-08-12,obm_spent_output_count_daily,217520,outputs,daily,OBM v0.1.0
2014-08-13,obm_spent_output_count_daily,228952,outputs,daily,OBM v0.1.0
2014-08-14,obm_spent_output_count_daily,234382,outputs,daily,OBM v0.1.0
2014-08-15,obm_spent_output_count_daily,210097,outputs,daily,OBM v0.1.0
2014-08-16,obm_spent_output_count_daily,245456,outputs,daily,OBM v0.1.0
2014-08-17,obm_spent_output_count_daily,165128,outputs,daily,OBM v0.1.0
2014-08-18,obm_spent_output_count_daily,204186,outputs,daily,OBM v0.1.0
2014-08-19,obm_spent_output_count_daily,201353,outputs,daily,OBM v0.1.0
2014-08-20,obm_spent_output_count_daily,200933,outputs,daily,OBM v0.1.0
2014-08-21,obm_spent_output_count_daily,203017,outputs,daily,OBM v0.1.0
2014-08-22,obm_spent_output_count_daily,192042,outputs,daily,OBM v0.1.0
2014-08-23,obm_spent_output_count_daily,154379,outputs,daily,OBM v0.1.0
2014-08-24,obm_spent_output_count_daily,162084,outputs,daily,OBM v0.1.0
2014-08-25,obm_spent_output_count_daily,195519,outputs,daily,OBM v0.1.0
2014-08-26,obm_spent_output_count_daily,210165,outputs,daily,OBM v0.1.0
2014-08-27,obm_spent_output_count_daily,214951,outputs,daily,OBM v0.1.0
2014-08-28,obm_spent_output_count_daily,186925,outputs,daily,OBM v0.1.0
2014-08-29,obm_spent_output_count_daily,175115,outputs,daily,OBM v0.1.0
2014-08-30,obm_spent_output_count_daily,163093,outputs,daily,OBM v0.1.0
2014-08-31,obm_spent_output_count_daily,156724,outputs,daily,OBM v0.1.0
2014-09-01,obm_spent_output_count_daily,193522,outputs,daily,OBM v0.1.0
2014-09-02,obm_spent_output_count_daily,205341,outputs,daily,OBM v0.1.0
2014-09-03,obm_spent_output_count_daily,199799,outputs,daily,OBM v0.1.0
2014-09-04,obm_spent_output_count_daily,193406,outputs,daily,OBM v0.1.0
2014-09-05,obm_spent_output_count_daily,194525,outputs,daily,OBM v0.1.0
2014-09-06,obm_spent_output_count_daily,170587,outputs,daily,OBM v0.1.0
2014-09-07,obm_spent_output_count_daily,172221,outputs,daily,OBM v0.1.0
2014-09-08,obm_spent_output_count_daily,210110,outputs,daily,OBM v0.1.0
2014-09-09,obm_spent_output_count_daily,259632,outputs,daily,OBM v0.1.0
2014-09-10,obm_spent_output_count_daily,246338,outputs,daily,OBM v0.1.0
2014-09-11,obm_spent_output_count_daily,179431,outputs,daily,OBM v0.1.0
2014-09-12,obm_spent_output_count_daily,182754,outputs,daily,OBM v0.1.0
2014-09-13,obm_spent_output_count_daily,159001,outputs,daily,OBM v0.1.0
2014-09-14,obm_spent_output_count_daily,198300,outputs,daily,OBM v0.1.0
2014-09-15,obm_spent_output_count_daily,229331,outputs,daily,OBM v0.1.0
2014-09-16,obm_spent_output_count_daily,249545,outputs,daily,OBM v0.1.0
2014-09-17,obm_spent_output_count_daily,220396,outputs,daily,OBM v0.1.0
2014-09-18,obm_spent_output_count_daily,208518,outputs,daily,OBM v0.1.0
2014-09-19,obm_spent_output_count_daily,186790,outputs,daily,OBM v0.1.0
2014-09-20,obm_spent_output_count_daily,180452,outputs,daily,OBM v0.1.0
2014-09-21,obm_spent_output_count_daily,159534,outputs,daily,OBM v0.1.0
2014-09-22,obm_spent_output_count_daily,216665,outputs,daily,OBM v0.1.0
2014-09-23,obm_spent_output_count_daily,229914,outputs,daily,OBM v0.1.0
2014-09-24,obm_spent_output_count_daily,216230,outputs,daily,OBM v0.1.0
2014-09-25,obm_spent_output_count_daily,238840,outputs,daily,OBM v0.1.0
2014-09-26,obm_spent_output_count_daily,203735,outputs,daily,OBM v0.1.0
2014-09-27,obm_spent_output_count_daily,192122,outputs,daily,OBM v0.1.0
2014-09-28,obm_spent_output_count_daily,193807,outputs,daily,OBM v0.1.0
2014-09-29,obm_spent_output_count_daily,220705,outputs,daily,OBM v0.1.0
2014-09-30,obm_spent_output_count_daily,222469,outputs,daily,OBM v0.1.0
2014-10-01,obm_spent_output_count_daily,224054,outputs,daily,OBM v0.1.0
2014-10-02,obm_spent_output_count_daily,203313,outputs,daily,OBM v0.1.0
2014-10-03,obm_spent_output_count_daily,201469,outputs,daily,OBM v0.1.0
2014-10-04,obm_spent_output_count_daily,210554,outputs,daily,OBM v0.1.0
2014-10-05,obm_spent_output_count_daily,207390,outputs,daily,OBM v0.1.0
2014-10-06,obm_spent_output_count_daily,222473,outputs,daily,OBM v0.1.0
2014-10-07,obm_spent_output_count_daily,223631,outputs,daily,OBM v0.1.0
2014-10-08,obm_spent_output_count_daily,220171,outputs,daily,OBM v0.1.0
2014-10-09,obm_spent_output_count_daily,219631,outputs,daily,OBM v0.1.0
2014-10-10,obm_spent_output_count_daily,215549,outputs,daily,OBM v0.1.0
2014-10-11,obm_spent_output_count_daily,175863,outputs,daily,OBM v0.1.0
2014-10-12,obm_spent_output_count_daily,195078,outputs,daily,OBM v0.1.0
2014-10-13,obm_spent_output_count_daily,224976,outputs,daily,OBM v0.1.0
2014-10-14,obm_spent_output_count_daily,245685,outputs,daily,OBM v0.1.0
2014-10-15,obm_spent_output_count_daily,221136,outputs,daily,OBM v0.1.0
2014-10-16,obm_spent_output_count_daily,208817,outputs,daily,OBM v0.1.0
2014-10-17,obm_spent_output_count_daily,205440,outputs,daily,OBM v0.1.0
2014-10-18,obm_spent_output_count_daily,179526,outputs,daily,OBM v0.1.0
2014-10-19,obm_spent_output_count_daily,189390,outputs,daily,OBM v0.1.0
2014-10-20,obm_spent_output_count_daily,229924,outputs,daily,OBM v0.1.0
2014-10-21,obm_spent_output_count_daily,235838,outputs,daily,OBM v0.1.0
2014-10-22,obm_spent_output_count_daily,225947,outputs,daily,OBM v0.1.0
2014-10-23,obm_spent_output_count_daily,232533,outputs,daily,OBM v0.1.0
2014-10-24,obm_spent_output_count_daily,211320,outputs,daily,OBM v0.1.0
2014-10-25,obm_spent_output_count_daily,191555,outputs,daily,OBM v0.1.0
2014-10-26,obm_spent_output_count_daily,198495,outputs,daily,OBM v0.1.0
2014-10-27,obm_spent_output_count_daily,245457,outputs,daily,OBM v0.1.0
2014-10-28,obm_spent_output_count_daily,240599,outputs,daily,OBM v0.1.0
2014-10-29,obm_spent_output_count_daily,242592,outputs,daily,OBM v0.1.0
2014-10-30,obm_spent_output_count_daily,249293,outputs,daily,OBM v0.1.0
2014-10-31,obm_spent_output_count_daily,237053,outputs,daily,OBM v0.1.0
2014-11-01,obm_spent_output_count_daily,189297,outputs,daily,OBM v0.1.0
2014-11-02,obm_spent_output_count_daily,222021,outputs,daily,OBM v0.1.0
2014-11-03,obm_spent_output_count_daily,254593,outputs,daily,OBM v0.1.0
2014-11-04,obm_spent_output_count_daily,244041,outputs,daily,OBM v0.1.0
2014-11-05,obm_spent_output_count_daily,239096,outputs,daily,OBM v0.1.0
2014-11-06,obm_spent_output_count_daily,269718,outputs,daily,OBM v0.1.0
2014-11-07,obm_spent_output_count_daily,259182,outputs,daily,OBM v0.1.0
2014-11-08,obm_spent_output_count_daily,202985,outputs,daily,OBM v0.1.0
2014-11-09,obm_spent_output_count_daily,215728,outputs,daily,OBM v0.1.0
2014-11-10,obm_spent_output_count_daily,252316,outputs,daily,OBM v0.1.0
2014-11-11,obm_spent_output_count_daily,248928,outputs,daily,OBM v0.1.0
2014-11-12,obm_spent_output_count_daily,270693,outputs,daily,OBM v0.1.0
2014-11-13,obm_spent_output_count_daily,277040,outputs,daily,OBM v0.1.0
2014-11-14,obm_spent_output_count_daily,242876,outputs,daily,OBM v0.1.0
2014-11-15,obm_spent_output_count_daily,198600,outputs,daily,OBM v0.1.0
2014-11-16,obm_spent_output_count_daily,216835,outputs,daily,OBM v0.1.0
2014-11-17,obm_spent_output_count_daily,266356,outputs,daily,OBM v0.1.0
2014-11-18,obm_spent_output_count_daily,245660,outputs,daily,OBM v0.1.0
2014-11-19,obm_spent_output_count_daily,234568,outputs,daily,OBM v0.1.0
2014-11-20,obm_spent_output_count_daily,246220,outputs,daily,OBM v0.1.0
2014-11-21,obm_spent_output_count_daily,230325,outputs,daily,OBM v0.1.0
2014-11-22,obm_spent_output_count_daily,199237,outputs,daily,OBM v0.1.0
2014-11-23,obm_spent_output_count_daily,213118,outputs,daily,OBM v0.1.0
2014-11-24,obm_spent_output_count_daily,253644,outputs,daily,OBM v0.1.0
2014-11-25,obm_spent_output_count_daily,250562,outputs,daily,OBM v0.1.0
2014-11-26,obm_spent_output_count_daily,231362,outputs,daily,OBM v0.1.0
2014-11-27,obm_spent_output_count_daily,241408,outputs,daily,OBM v0.1.0
2014-11-28,obm_spent_output_count_daily,239780,outputs,daily,OBM v0.1.0
2014-11-29,obm_spent_output_count_daily,212380,outputs,daily,OBM v0.1.0
2014-11-30,obm_spent_output_count_daily,272142,outputs,daily,OBM v0.1.0
2014-12-01,obm_spent_output_count_daily,265337,outputs,daily,OBM v0.1.0
2014-12-02,obm_spent_output_count_daily,292400,outputs,daily,OBM v0.1.0
2014-12-03,obm_spent_output_count_daily,271957,outputs,daily,OBM v0.1.0
2014-12-04,obm_spent_output_count_daily,275280,outputs,daily,OBM v0.1.0
2014-12-05,obm_spent_output_count_daily,242578,outputs,daily,OBM v0.1.0
2014-12-06,obm_spent_output_count_daily,219623,outputs,daily,OBM v0.1.0
2014-12-07,obm_spent_output_count_daily,198502,outputs,daily,OBM v0.1.0
2014-12-08,obm_spent_output_count_daily,288370,outputs,daily,OBM v0.1.0
2014-12-09,obm_spent_output_count_daily,253322,outputs,daily,OBM v0.1.0
2014-12-10,obm_spent_output_count_daily,246603,outputs,daily,OBM v0.1.0
2014-12-11,obm_spent_output_count_daily,239409,outputs,daily,OBM v0.1.0
2014-12-12,obm_spent_output_count_daily,228255,outputs,daily,OBM v0.1.0
2014-12-13,obm_spent_output_count_daily,205748,outputs,daily,OBM v0.1.0
2014-12-14,obm_spent_output_count_daily,237501,outputs,daily,OBM v0.1.0
2014-12-15,obm_spent_output_count_daily,288961,outputs,daily,OBM v0.1.0
2014-12-16,obm_spent_output_count_daily,308281,outputs,daily,OBM v0.1.0
2014-12-17,obm_spent_output_count_daily,295469,outputs,daily,OBM v0.1.0
2014-12-18,obm_spent_output_count_daily,272240,outputs,daily,OBM v0.1.0
2014-12-19,obm_spent_output_count_daily,269158,outputs,daily,OBM v0.1.0
2014-12-20,obm_spent_output_count_daily,246129,outputs,daily,OBM v0.1.0
2014-12-21,obm_spent_output_count_daily,223680,outputs,daily,OBM v0.1.0
2014-12-22,obm_spent_output_count_daily,292770,outputs,daily,OBM v0.1.0
2014-12-23,obm_spent_output_count_daily,301478,outputs,daily,OBM v0.1.0
2014-12-24,obm_spent_output_count_daily,224198,outputs,daily,OBM v0.1.0
2014-12-25,obm_spent_output_count_daily,184886,outputs,daily,OBM v0.1.0
2014-12-26,obm_spent_output_count_daily,207124,outputs,daily,OBM v0.1.0
2014-12-27,obm_spent_output_count_daily,218840,outputs,daily,OBM v0.1.0
2014-12-28,obm_spent_output_count_daily,221156,outputs,daily,OBM v0.1.0
2014-12-29,obm_spent_output_count_daily,236925,outputs,daily,OBM v0.1.0
2014-12-30,obm_spent_output_count_daily,233178,outputs,daily,OBM v0.1.0
2014-12-31,obm_spent_output_count_daily,205239,outputs,daily,OBM v0.1.0
2015-01-01,obm_spent_output_count_daily,154227,outputs,daily,OBM v0.1.0
2015-01-02,obm_spent_output_count_daily,212774,outputs,daily,OBM v0.1.0
2015-01-03,obm_spent_output_count_daily,230786,outputs,daily,OBM v0.1.0
2015-01-04,obm_spent_output_count_daily,236895,outputs,daily,OBM v0.1.0
2015-01-05,obm_spent_output_count_daily,283713,outputs,daily,OBM v0.1.0
2015-01-06,obm_spent_output_count_daily,250760,outputs,daily,OBM v0.1.0
2015-01-07,obm_spent_output_count_daily,241791,outputs,daily,OBM v0.1.0
2015-01-08,obm_spent_output_count_daily,286644,outputs,daily,OBM v0.1.0
2015-01-09,obm_spent_output_count_daily,279507,outputs,daily,OBM v0.1.0
2015-01-10,obm_spent_output_count_daily,275039,outputs,daily,OBM v0.1.0
2015-01-11,obm_spent_output_count_daily,248997,outputs,daily,OBM v0.1.0
2015-01-12,obm_spent_output_count_daily,274837,outputs,daily,OBM v0.1.0
2015-01-13,obm_spent_output_count_daily,304667,outputs,daily,OBM v0.1.0
2015-01-14,obm_spent_output_count_daily,305565,outputs,daily,OBM v0.1.0
2015-01-15,obm_spent_output_count_daily,317304,outputs,daily,OBM v0.1.0
2015-01-16,obm_spent_output_count_daily,269778,outputs,daily,OBM v0.1.0
2015-01-17,obm_spent_output_count_daily,255272,outputs,daily,OBM v0.1.0
2015-01-18,obm_spent_output_count_daily,239406,outputs,daily,OBM v0.1.0
2015-01-19,obm_spent_output_count_daily,292437,outputs,daily,OBM v0.1.0
2015-01-20,obm_spent_output_count_daily,266461,outputs,daily,OBM v0.1.0
2015-01-21,obm_spent_output_count_daily,264451,outputs,daily,OBM v0.1.0
2015-01-22,obm_spent_output_count_daily,273935,outputs,daily,OBM v0.1.0
2015-01-23,obm_spent_output_count_daily,241337,outputs,daily,OBM v0.1.0
2015-01-24,obm_spent_output_count_daily,235531,outputs,daily,OBM v0.1.0
2015-01-25,obm_spent_output_count_daily,267907,outputs,daily,OBM v0.1.0
2015-01-26,obm_spent_output_count_daily,316306,outputs,daily,OBM v0.1.0
2015-01-27,obm_spent_output_count_daily,289310,outputs,daily,OBM v0.1.0
2015-01-28,obm_spent_output_count_daily,226098,outputs,daily,OBM v0.1.0
2015-01-29,obm_spent_output_count_daily,228974,outputs,daily,OBM v0.1.0
2015-01-30,obm_spent_output_count_daily,213468,outputs,daily,OBM v0.1.0
2015-01-31,obm_spent_output_count_daily,250378,outputs,daily,OBM v0.1.0
2015-02-01,obm_spent_output_count_daily,227819,outputs,daily,OBM v0.1.0
2015-02-02,obm_spent_output_count_daily,248105,outputs,daily,OBM v0.1.0
2015-02-03,obm_spent_output_count_daily,258346,outputs,daily,OBM v0.1.0
2015-02-04,obm_spent_output_count_daily,245950,outputs,daily,OBM v0.1.0
2015-02-05,obm_spent_output_count_daily,241394,outputs,daily,OBM v0.1.0
2015-02-06,obm_spent_output_count_daily,225620,outputs,daily,OBM v0.1.0
2015-02-07,obm_spent_output_count_daily,228024,outputs,daily,OBM v0.1.0
2015-02-08,obm_spent_output_count_daily,247219,outputs,daily,OBM v0.1.0
2015-02-09,obm_spent_output_count_daily,298138,outputs,daily,OBM v0.1.0
2015-02-10,obm_spent_output_count_daily,288089,outputs,daily,OBM v0.1.0
2015-02-11,obm_spent_output_count_daily,277825,outputs,daily,OBM v0.1.0
2015-02-12,obm_spent_output_count_daily,241280,outputs,daily,OBM v0.1.0
2015-02-13,obm_spent_output_count_daily,340245,outputs,daily,OBM v0.1.0
2015-02-14,obm_spent_output_count_daily,336114,outputs,daily,OBM v0.1.0
2015-02-15,obm_spent_output_count_daily,312323,outputs,daily,OBM v0.1.0
2015-02-16,obm_spent_output_count_daily,321751,outputs,daily,OBM v0.1.0
2015-02-17,obm_spent_output_count_daily,317151,outputs,daily,OBM v0.1.0
2015-02-18,obm_spent_output_count_daily,302723,outputs,daily,OBM v0.1.0
2015-02-19,obm_spent_output_count_daily,264092,outputs,daily,OBM v0.1.0
2015-02-20,obm_spent_output_count_daily,312359,outputs,daily,OBM v0.1.0
2015-02-21,obm_spent_output_count_daily,281374,outputs,daily,OBM v0.1.0
2015-02-22,obm_spent_output_count_daily,264692,outputs,daily,OBM v0.1.0
2015-02-23,obm_spent_output_count_daily,286147,outputs,daily,OBM v0.1.0
2015-02-24,obm_spent_output_count_daily,284188,outputs,daily,OBM v0.1.0
2015-02-25,obm_spent_output_count_daily,285605,outputs,daily,OBM v0.1.0
2015-02-26,obm_spent_output_count_daily,275919,outputs,daily,OBM v0.1.0
2015-02-27,obm_spent_output_count_daily,289381,outputs,daily,OBM v0.1.0
2015-02-28,obm_spent_output_count_daily,313929,outputs,daily,OBM v0.1.0
2015-03-01,obm_spent_output_count_daily,270654,outputs,daily,OBM v0.1.0
2015-03-02,obm_spent_output_count_daily,331125,outputs,daily,OBM v0.1.0
2015-03-03,obm_spent_output_count_daily,329070,outputs,daily,OBM v0.1.0
2015-03-04,obm_spent_output_count_daily,284765,outputs,daily,OBM v0.1.0
2015-03-05,obm_spent_output_count_daily,324658,outputs,daily,OBM v0.1.0
2015-03-06,obm_spent_output_count_daily,302051,outputs,daily,OBM v0.1.0
2015-03-07,obm_spent_output_count_daily,263279,outputs,daily,OBM v0.1.0
2015-03-08,obm_spent_output_count_daily,269154,outputs,daily,OBM v0.1.0
2015-03-09,obm_spent_output_count_daily,325624,outputs,daily,OBM v0.1.0
2015-03-10,obm_spent_output_count_daily,311100,outputs,daily,OBM v0.1.0
2015-03-11,obm_spent_output_count_daily,319644,outputs,daily,OBM v0.1.0
2015-03-12,obm_spent_output_count_daily,318425,outputs,daily,OBM v0.1.0
2015-03-13,obm_spent_output_count_daily,275144,outputs,daily,OBM v0.1.0
2015-03-14,obm_spent_output_count_daily,248910,outputs,daily,OBM v0.1.0
2015-03-15,obm_spent_output_count_daily,239867,outputs,daily,OBM v0.1.0
2015-03-16,obm_spent_output_count_daily,299556,outputs,daily,OBM v0.1.0
2015-03-17,obm_spent_output_count_daily,262691,outputs,daily,OBM v0.1.0
2015-03-18,obm_spent_output_count_daily,295118,outputs,daily,OBM v0.1.0
2015-03-19,obm_spent_output_count_daily,322271,outputs,daily,OBM v0.1.0
2015-03-20,obm_spent_output_count_daily,275379,outputs,daily,OBM v0.1.0
2015-03-21,obm_spent_output_count_daily,252628,outputs,daily,OBM v0.1.0
2015-03-22,obm_spent_output_count_daily,270801,outputs,daily,OBM v0.1.0
2015-03-23,obm_spent_output_count_daily,299309,outputs,daily,OBM v0.1.0
2015-03-24,obm_spent_output_count_daily,255124,outputs,daily,OBM v0.1.0
2015-03-25,obm_spent_output_count_daily,253169,outputs,daily,OBM v0.1.0
2015-03-26,obm_spent_output_count_daily,274084,outputs,daily,OBM v0.1.0
2015-03-27,obm_spent_output_count_daily,258076,outputs,daily,OBM v0.1.0
2015-03-28,obm_spent_output_count_daily,247839,outputs,daily,OBM v0.1.0
2015-03-29,obm_spent_output_count_daily,264515,outputs,daily,OBM v0.1.0
2015-03-30,obm_spent_output_count_daily,301551,outputs,daily,OBM v0.1.0
2015-03-31,obm_spent_output_count_daily,302627,outputs,daily,OBM v0.1.0
2015-04-01,obm_spent_output_count_daily,316960,outputs,daily,OBM v0.1.0
2015-04-02,obm_spent_output_count_daily,300229,outputs,daily,OBM v0.1.0
2015-04-03,obm_spent_output_count_daily,309466,outputs,daily,OBM v0.1.0
2015-04-04,obm_spent_output_count_daily,252262,outputs,daily,OBM v0.1.0
2015-04-05,obm_spent_output_count_daily,273656,outputs,daily,OBM v0.1.0
2015-04-06,obm_spent_output_count_daily,300287,outputs,daily,OBM v0.1.0
2015-04-07,obm_spent_output_count_daily,305647,outputs,daily,OBM v0.1.0
2015-04-08,obm_spent_output_count_daily,293938,outputs,daily,OBM v0.1.0
2015-04-09,obm_spent_output_count_daily,297712,outputs,daily,OBM v0.1.0
2015-04-10,obm_spent_output_count_daily,287613,outputs,daily,OBM v0.1.0
2015-04-11,obm_spent_output_count_daily,267469,outputs,daily,OBM v0.1.0
2015-04-12,obm_spent_output_count_daily,229613,outputs,daily,OBM v0.1.0
2015-04-13,obm_spent_output_count_daily,330141,outputs,daily,OBM v0.1.0
2015-04-14,obm_spent_output_count_daily,301693,outputs,daily,OBM v0.1.0
2015-04-15,obm_spent_output_count_daily,278270,outputs,daily,OBM v0.1.0
2015-04-16,obm_spent_output_count_daily,255362,outputs,daily,OBM v0.1.0
2015-04-17,obm_spent_output_count_daily,267617,outputs,daily,OBM v0.1.0
2015-04-18,obm_spent_output_count_daily,258992,outputs,daily,OBM v0.1.0
2015-04-19,obm_spent_output_count_daily,264122,outputs,daily,OBM v0.1.0
2015-04-20,obm_spent_output_count_daily,304801,outputs,daily,OBM v0.1.0
2015-04-21,obm_spent_output_count_daily,301227,outputs,daily,OBM v0.1.0
2015-04-22,obm_spent_output_count_daily,304895,outputs,daily,OBM v0.1.0
2015-04-23,obm_spent_output_count_daily,303513,outputs,daily,OBM v0.1.0
2015-04-24,obm_spent_output_count_daily,319100,outputs,daily,OBM v0.1.0
2015-04-25,obm_spent_output_count_daily,259248,outputs,daily,OBM v0.1.0
2015-04-26,obm_spent_output_count_daily,270341,outputs,daily,OBM v0.1.0
2015-04-27,obm_spent_output_count_daily,304918,outputs,daily,OBM v0.1.0
2015-04-28,obm_spent_output_count_daily,303466,outputs,daily,OBM v0.1.0
2015-04-29,obm_spent_output_count_daily,323982,outputs,daily,OBM v0.1.0
2015-04-30,obm_spent_output_count_daily,301531,outputs,daily,OBM v0.1.0
2015-05-01,obm_spent_output_count_daily,254173,outputs,daily,OBM v0.1.0
2015-05-02,obm_spent_output_count_daily,263048,outputs,daily,OBM v0.1.0
2015-05-03,obm_spent_output_count_daily,239441,outputs,daily,OBM v0.1.0
2015-05-04,obm_spent_output_count_daily,286299,outputs,daily,OBM v0.1.0
2015-05-05,obm_spent_output_count_daily,301645,outputs,daily,OBM v0.1.0
2015-05-06,obm_spent_output_count_daily,297712,outputs,daily,OBM v0.1.0
2015-05-07,obm_spent_output_count_daily,302217,outputs,daily,OBM v0.1.0
2015-05-08,obm_spent_output_count_daily,294989,outputs,daily,OBM v0.1.0
2015-05-09,obm_spent_output_count_daily,246913,outputs,daily,OBM v0.1.0
2015-05-10,obm_spent_output_count_daily,271862,outputs,daily,OBM v0.1.0
2015-05-11,obm_spent_output_count_daily,317946,outputs,daily,OBM v0.1.0
2015-05-12,obm_spent_output_count_daily,309553,outputs,daily,OBM v0.1.0
2015-05-13,obm_spent_output_count_daily,292015,outputs,daily,OBM v0.1.0
2015-05-14,obm_spent_output_count_daily,266145,outputs,daily,OBM v0.1.0
2015-05-15,obm_spent_output_count_daily,274043,outputs,daily,OBM v0.1.0
2015-05-16,obm_spent_output_count_daily,250236,outputs,daily,OBM v0.1.0
2015-05-17,obm_spent_output_count_daily,268256,outputs,daily,OBM v0.1.0
2015-05-18,obm_spent_output_count_daily,272536,outputs,daily,OBM v0.1.0
2015-05-19,obm_spent_output_count_daily,300210,outputs,daily,OBM v0.1.0
2015-05-20,obm_spent_output_count_daily,286013,outputs,daily,OBM v0.1.0
2015-05-21,obm_spent_output_count_daily,261773,outputs,daily,OBM v0.1.0
2015-05-22,obm_spent_output_count_daily,287983,outputs,daily,OBM v0.1.0
2015-05-23,obm_spent_output_count_daily,244284,outputs,daily,OBM v0.1.0
2015-05-24,obm_spent_output_count_daily,279686,outputs,daily,OBM v0.1.0
2015-05-25,obm_spent_output_count_daily,302072,outputs,daily,OBM v0.1.0
2015-05-26,obm_spent_output_count_daily,306956,outputs,daily,OBM v0.1.0
2015-05-27,obm_spent_output_count_daily,315119,outputs,daily,OBM v0.1.0
2015-05-28,obm_spent_output_count_daily,308792,outputs,daily,OBM v0.1.0
2015-05-29,obm_spent_output_count_daily,327147,outputs,daily,OBM v0.1.0
2015-05-30,obm_spent_output_count_daily,314842,outputs,daily,OBM v0.1.0
2015-05-31,obm_spent_output_count_daily,277540,outputs,daily,OBM v0.1.0
2015-06-01,obm_spent_output_count_daily,358187,outputs,daily,OBM v0.1.0
2015-06-02,obm_spent_output_count_daily,360081,outputs,daily,OBM v0.1.0
2015-06-03,obm_spent_output_count_daily,342828,outputs,daily,OBM v0.1.0
2015-06-04,obm_spent_output_count_daily,310062,outputs,daily,OBM v0.1.0
2015-06-05,obm_spent_output_count_daily,294865,outputs,daily,OBM v0.1.0
2015-06-06,obm_spent_output_count_daily,246453,outputs,daily,OBM v0.1.0
2015-06-07,obm_spent_output_count_daily,267315,outputs,daily,OBM v0.1.0
2015-06-08,obm_spent_output_count_daily,297155,outputs,daily,OBM v0.1.0
2015-06-09,obm_spent_output_count_daily,323776,outputs,daily,OBM v0.1.0
2015-06-10,obm_spent_output_count_daily,394048,outputs,daily,OBM v0.1.0
2015-06-11,obm_spent_output_count_daily,316274,outputs,daily,OBM v0.1.0
2015-06-12,obm_spent_output_count_daily,345812,outputs,daily,OBM v0.1.0
2015-06-13,obm_spent_output_count_daily,298394,outputs,daily,OBM v0.1.0
2015-06-14,obm_spent_output_count_daily,300924,outputs,daily,OBM v0.1.0
2015-06-15,obm_spent_output_count_daily,374118,outputs,daily,OBM v0.1.0
2015-06-16,obm_spent_output_count_daily,341218,outputs,daily,OBM v0.1.0
2015-06-17,obm_spent_output_count_daily,405755,outputs,daily,OBM v0.1.0
2015-06-18,obm_spent_output_count_daily,364633,outputs,daily,OBM v0.1.0
2015-06-19,obm_spent_output_count_daily,380561,outputs,daily,OBM v0.1.0
2015-06-20,obm_spent_output_count_daily,296842,outputs,daily,OBM v0.1.0
2015-06-21,obm_spent_output_count_daily,279794,outputs,daily,OBM v0.1.0
2015-06-22,obm_spent_output_count_daily,458207,outputs,daily,OBM v0.1.0
2015-06-23,obm_spent_output_count_daily,377460,outputs,daily,OBM v0.1.0
2015-06-24,obm_spent_output_count_daily,305522,outputs,daily,OBM v0.1.0
2015-06-25,obm_spent_output_count_daily,276955,outputs,daily,OBM v0.1.0
2015-06-26,obm_spent_output_count_daily,326560,outputs,daily,OBM v0.1.0
2015-06-27,obm_spent_output_count_daily,310041,outputs,daily,OBM v0.1.0
2015-06-28,obm_spent_output_count_daily,289999,outputs,daily,OBM v0.1.0
2015-06-29,obm_spent_output_count_daily,348719,outputs,daily,OBM v0.1.0
2015-06-30,obm_spent_output_count_daily,379656,outputs,daily,OBM v0.1.0
2015-07-01,obm_spent_output_count_daily,446899,outputs,daily,OBM v0.1.0
2015-07-02,obm_spent_output_count_daily,372754,outputs,daily,OBM v0.1.0
2015-07-03,obm_spent_output_count_daily,353530,outputs,daily,OBM v0.1.0
2015-07-04,obm_spent_output_count_daily,292968,outputs,daily,OBM v0.1.0
2015-07-05,obm_spent_output_count_daily,310529,outputs,daily,OBM v0.1.0
2015-07-06,obm_spent_output_count_daily,414934,outputs,daily,OBM v0.1.0
2015-07-07,obm_spent_output_count_daily,445040,outputs,daily,OBM v0.1.0
2015-07-08,obm_spent_output_count_daily,423541,outputs,daily,OBM v0.1.0
2015-07-09,obm_spent_output_count_daily,436124,outputs,daily,OBM v0.1.0
2015-07-10,obm_spent_output_count_daily,434191,outputs,daily,OBM v0.1.0
2015-07-11,obm_spent_output_count_daily,399482,outputs,daily,OBM v0.1.0
2015-07-12,obm_spent_output_count_daily,435570,outputs,daily,OBM v0.1.0
2015-07-13,obm_spent_output_count_daily,508084,outputs,daily,OBM v0.1.0
2015-07-14,obm_spent_output_count_daily,602403,outputs,daily,OBM v0.1.0
2015-07-15,obm_spent_output_count_daily,580181,outputs,daily,OBM v0.1.0
2015-07-16,obm_spent_output_count_daily,526213,outputs,daily,OBM v0.1.0
2015-07-17,obm_spent_output_count_daily,537332,outputs,daily,OBM v0.1.0
2015-07-18,obm_spent_output_count_daily,516476,outputs,daily,OBM v0.1.0
2015-07-19,obm_spent_output_count_daily,517294,outputs,daily,OBM v0.1.0
2015-07-20,obm_spent_output_count_daily,349527,outputs,daily,OBM v0.1.0
2015-07-21,obm_spent_output_count_daily,336865,outputs,daily,OBM v0.1.0
2015-07-22,obm_spent_output_count_daily,362963,outputs,daily,OBM v0.1.0
2015-07-23,obm_spent_output_count_daily,287048,outputs,daily,OBM v0.1.0
2015-07-24,obm_spent_output_count_daily,327332,outputs,daily,OBM v0.1.0
2015-07-25,obm_spent_output_count_daily,268546,outputs,daily,OBM v0.1.0
2015-07-26,obm_spent_output_count_daily,297128,outputs,daily,OBM v0.1.0
2015-07-27,obm_spent_output_count_daily,377948,outputs,daily,OBM v0.1.0
2015-07-28,obm_spent_output_count_daily,390996,outputs,daily,OBM v0.1.0
2015-07-29,obm_spent_output_count_daily,479167,outputs,daily,OBM v0.1.0
2015-07-30,obm_spent_output_count_daily,401123,outputs,daily,OBM v0.1.0
2015-07-31,obm_spent_output_count_daily,368850,outputs,daily,OBM v0.1.0
2015-08-01,obm_spent_output_count_daily,511521,outputs,daily,OBM v0.1.0
2015-08-02,obm_spent_output_count_daily,286139,outputs,daily,OBM v0.1.0
2015-08-03,obm_spent_output_count_daily,348244,outputs,daily,OBM v0.1.0
2015-08-04,obm_spent_output_count_daily,407103,outputs,daily,OBM v0.1.0
2015-08-05,obm_spent_output_count_daily,372856,outputs,daily,OBM v0.1.0
2015-08-06,obm_spent_output_count_daily,373764,outputs,daily,OBM v0.1.0
2015-08-07,obm_spent_output_count_daily,302868,outputs,daily,OBM v0.1.0
2015-08-08,obm_spent_output_count_daily,282837,outputs,daily,OBM v0.1.0
2015-08-09,obm_spent_output_count_daily,257311,outputs,daily,OBM v0.1.0
2015-08-10,obm_spent_output_count_daily,399767,outputs,daily,OBM v0.1.0
2015-08-11,obm_spent_output_count_daily,341456,outputs,daily,OBM v0.1.0
2015-08-12,obm_spent_output_count_daily,321198,outputs,daily,OBM v0.1.0
2015-08-13,obm_spent_output_count_daily,335533,outputs,daily,OBM v0.1.0
2015-08-14,obm_spent_output_count_daily,313949,outputs,daily,OBM v0.1.0
2015-08-15,obm_spent_output_count_daily,269607,outputs,daily,OBM v0.1.0
2015-08-16,obm_spent_output_count_daily,256789,outputs,daily,OBM v0.1.0
2015-08-17,obm_spent_output_count_daily,318142,outputs,daily,OBM v0.1.0
2015-08-18,obm_spent_output_count_daily,347481,outputs,daily,OBM v0.1.0
2015-08-19,obm_spent_output_count_daily,328588,outputs,daily,OBM v0.1.0
2015-08-20,obm_spent_output_count_daily,308492,outputs,daily,OBM v0.1.0
2015-08-21,obm_spent_output_count_daily,305032,outputs,daily,OBM v0.1.0
2015-08-22,obm_spent_output_count_daily,295503,outputs,daily,OBM v0.1.0
2015-08-23,obm_spent_output_count_daily,267355,outputs,daily,OBM v0.1.0
2015-08-24,obm_spent_output_count_daily,369552,outputs,daily,OBM v0.1.0
2015-08-25,obm_spent_output_count_daily,328414,outputs,daily,OBM v0.1.0
2015-08-26,obm_spent_output_count_daily,309050,outputs,daily,OBM v0.1.0
2015-08-27,obm_spent_output_count_daily,300017,outputs,daily,OBM v0.1.0
2015-08-28,obm_spent_output_count_daily,321591,outputs,daily,OBM v0.1.0
2015-08-29,obm_spent_output_count_daily,274685,outputs,daily,OBM v0.1.0
2015-08-30,obm_spent_output_count_daily,272863,outputs,daily,OBM v0.1.0
2015-08-31,obm_spent_output_count_daily,363898,outputs,daily,OBM v0.1.0
2015-09-01,obm_spent_output_count_daily,353233,outputs,daily,OBM v0.1.0
2015-09-02,obm_spent_output_count_daily,318096,outputs,daily,OBM v0.1.0
2015-09-03,obm_spent_output_count_daily,344912,outputs,daily,OBM v0.1.0
2015-09-04,obm_spent_output_count_daily,277568,outputs,daily,OBM v0.1.0
2015-09-05,obm_spent_output_count_daily,322798,outputs,daily,OBM v0.1.0
2015-09-06,obm_spent_output_count_daily,289216,outputs,daily,OBM v0.1.0
2015-09-07,obm_spent_output_count_daily,368267,outputs,daily,OBM v0.1.0
2015-09-08,obm_spent_output_count_daily,518495,outputs,daily,OBM v0.1.0
2015-09-09,obm_spent_output_count_daily,616936,outputs,daily,OBM v0.1.0
2015-09-10,obm_spent_output_count_daily,689233,outputs,daily,OBM v0.1.0
2015-09-11,obm_spent_output_count_daily,623091,outputs,daily,OBM v0.1.0
2015-09-12,obm_spent_output_count_daily,508839,outputs,daily,OBM v0.1.0
2015-09-13,obm_spent_output_count_daily,516975,outputs,daily,OBM v0.1.0
2015-09-14,obm_spent_output_count_daily,655661,outputs,daily,OBM v0.1.0
2015-09-15,obm_spent_output_count_daily,645776,outputs,daily,OBM v0.1.0
2015-09-16,obm_spent_output_count_daily,537905,outputs,daily,OBM v0.1.0
2015-09-17,obm_spent_output_count_daily,559969,outputs,daily,OBM v0.1.0
2015-09-18,obm_spent_output_count_daily,419104,outputs,daily,OBM v0.1.0
2015-09-19,obm_spent_output_count_daily,294128,outputs,daily,OBM v0.1.0
2015-09-20,obm_spent_output_count_daily,286605,outputs,daily,OBM v0.1.0
2015-09-21,obm_spent_output_count_daily,415425,outputs,daily,OBM v0.1.0
2015-09-22,obm_spent_output_count_daily,380742,outputs,daily,OBM v0.1.0
2015-09-23,obm_spent_output_count_daily,382484,outputs,daily,OBM v0.1.0
2015-09-24,obm_spent_output_count_daily,338504,outputs,daily,OBM v0.1.0
2015-09-25,obm_spent_output_count_daily,352296,outputs,daily,OBM v0.1.0
2015-09-26,obm_spent_output_count_daily,318371,outputs,daily,OBM v0.1.0
2015-09-27,obm_spent_output_count_daily,323670,outputs,daily,OBM v0.1.0
2015-09-28,obm_spent_output_count_daily,375937,outputs,daily,OBM v0.1.0
2015-09-29,obm_spent_output_count_daily,414396,outputs,daily,OBM v0.1.0
2015-09-30,obm_spent_output_count_daily,385869,outputs,daily,OBM v0.1.0
2015-10-01,obm_spent_output_count_daily,342877,outputs,daily,OBM v0.1.0
2015-10-02,obm_spent_output_count_daily,373707,outputs,daily,OBM v0.1.0
2015-10-03,obm_spent_output_count_daily,285137,outputs,daily,OBM v0.1.0
2015-10-04,obm_spent_output_count_daily,271619,outputs,daily,OBM v0.1.0
2015-10-05,obm_spent_output_count_daily,327646,outputs,daily,OBM v0.1.0
2015-10-06,obm_spent_output_count_daily,399877,outputs,daily,OBM v0.1.0
2015-10-07,obm_spent_output_count_daily,502175,outputs,daily,OBM v0.1.0
2015-10-08,obm_spent_output_count_daily,502009,outputs,daily,OBM v0.1.0
2015-10-09,obm_spent_output_count_daily,404221,outputs,daily,OBM v0.1.0
2015-10-10,obm_spent_output_count_daily,563070,outputs,daily,OBM v0.1.0
2015-10-11,obm_spent_output_count_daily,430031,outputs,daily,OBM v0.1.0
2015-10-12,obm_spent_output_count_daily,437408,outputs,daily,OBM v0.1.0
2015-10-13,obm_spent_output_count_daily,400018,outputs,daily,OBM v0.1.0
2015-10-14,obm_spent_output_count_daily,419459,outputs,daily,OBM v0.1.0
2015-10-15,obm_spent_output_count_daily,463252,outputs,daily,OBM v0.1.0
2015-10-16,obm_spent_output_count_daily,429427,outputs,daily,OBM v0.1.0
2015-10-17,obm_spent_output_count_daily,414610,outputs,daily,OBM v0.1.0
2015-10-18,obm_spent_output_count_daily,394812,outputs,daily,OBM v0.1.0
2015-10-19,obm_spent_output_count_daily,433688,outputs,daily,OBM v0.1.0
2015-10-20,obm_spent_output_count_daily,442064,outputs,daily,OBM v0.1.0
2015-10-21,obm_spent_output_count_daily,416881,outputs,daily,OBM v0.1.0
2015-10-22,obm_spent_output_count_daily,415002,outputs,daily,OBM v0.1.0
2015-10-23,obm_spent_output_count_daily,426718,outputs,daily,OBM v0.1.0
2015-10-24,obm_spent_output_count_daily,379022,outputs,daily,OBM v0.1.0
2015-10-25,obm_spent_output_count_daily,424188,outputs,daily,OBM v0.1.0
2015-10-26,obm_spent_output_count_daily,414883,outputs,daily,OBM v0.1.0
2015-10-27,obm_spent_output_count_daily,409647,outputs,daily,OBM v0.1.0
2015-10-28,obm_spent_output_count_daily,422753,outputs,daily,OBM v0.1.0
2015-10-29,obm_spent_output_count_daily,458264,outputs,daily,OBM v0.1.0
2015-10-30,obm_spent_output_count_daily,446082,outputs,daily,OBM v0.1.0
2015-10-31,obm_spent_output_count_daily,392122,outputs,daily,OBM v0.1.0
2015-11-01,obm_spent_output_count_daily,415260,outputs,daily,OBM v0.1.0
2015-11-02,obm_spent_output_count_daily,491438,outputs,daily,OBM v0.1.0
2015-11-03,obm_spent_output_count_daily,535712,outputs,daily,OBM v0.1.0
2015-11-04,obm_spent_output_count_daily,629455,outputs,daily,OBM v0.1.0
2015-11-05,obm_spent_output_count_daily,542392,outputs,daily,OBM v0.1.0
2015-11-06,obm_spent_output_count_daily,468954,outputs,daily,OBM v0.1.0
2015-11-07,obm_spent_output_count_daily,408447,outputs,daily,OBM v0.1.0
2015-11-08,obm_spent_output_count_daily,376468,outputs,daily,OBM v0.1.0
2015-11-09,obm_spent_output_count_daily,473664,outputs,daily,OBM v0.1.0
2015-11-10,obm_spent_output_count_daily,452244,outputs,daily,OBM v0.1.0
2015-11-11,obm_spent_output_count_daily,443732,outputs,daily,OBM v0.1.0
2015-11-12,obm_spent_output_count_daily,424766,outputs,daily,OBM v0.1.0
2015-11-13,obm_spent_output_count_daily,396744,outputs,daily,OBM v0.1.0
2015-11-14,obm_spent_output_count_daily,378691,outputs,daily,OBM v0.1.0
2015-11-15,obm_spent_output_count_daily,395510,outputs,daily,OBM v0.1.0
2015-11-16,obm_spent_output_count_daily,466189,outputs,daily,OBM v0.1.0
2015-11-17,obm_spent_output_count_daily,414443,outputs,daily,OBM v0.1.0
2015-11-18,obm_spent_output_count_daily,464068,outputs,daily,OBM v0.1.0
2015-11-19,obm_spent_output_count_daily,419810,outputs,daily,OBM v0.1.0
2015-11-20,obm_spent_output_count_daily,428845,outputs,daily,OBM v0.1.0
2015-11-21,obm_spent_output_count_daily,410910,outputs,daily,OBM v0.1.0
2015-11-22,obm_spent_output_count_daily,384894,outputs,daily,OBM v0.1.0
2015-11-23,obm_spent_output_count_daily,432458,outputs,daily,OBM v0.1.0
2015-11-24,obm_spent_output_count_daily,402379,outputs,daily,OBM v0.1.0
2015-11-25,obm_spent_output_count_daily,419580,outputs,daily,OBM v0.1.0
2015-11-26,obm_spent_output_count_daily,480657,outputs,daily,OBM v0.1.0
2015-11-27,obm_spent_output_count_daily,430573,outputs,daily,OBM v0.1.0
2015-11-28,obm_spent_output_count_daily,413140,outputs,daily,OBM v0.1.0
2015-11-29,obm_spent_output_count_daily,370233,outputs,daily,OBM v0.1.0
2015-11-30,obm_spent_output_count_daily,547906,outputs,daily,OBM v0.1.0
2015-12-01,obm_spent_output_count_daily,482855,outputs,daily,OBM v0.1.0
2015-12-02,obm_spent_output_count_daily,532820,outputs,daily,OBM v0.1.0
2015-12-03,obm_spent_output_count_daily,477502,outputs,daily,OBM v0.1.0
2015-12-04,obm_spent_output_count_daily,453569,outputs,daily,OBM v0.1.0
2015-12-05,obm_spent_output_count_daily,482872,outputs,daily,OBM v0.1.0
2015-12-06,obm_spent_output_count_daily,459501,outputs,daily,OBM v0.1.0
2015-12-07,obm_spent_output_count_daily,516096,outputs,daily,OBM v0.1.0
2015-12-08,obm_spent_output_count_daily,542236,outputs,daily,OBM v0.1.0
2015-12-09,obm_spent_output_count_daily,588202,outputs,daily,OBM v0.1.0
2015-12-10,obm_spent_output_count_daily,581271,outputs,daily,OBM v0.1.0
2015-12-11,obm_spent_output_count_daily,502735,outputs,daily,OBM v0.1.0
2015-12-12,obm_spent_output_count_daily,557995,outputs,daily,OBM v0.1.0
2015-12-13,obm_spent_output_count_daily,479814,outputs,daily,OBM v0.1.0
2015-12-14,obm_spent_output_count_daily,633107,outputs,daily,OBM v0.1.0
2015-12-15,obm_spent_output_count_daily,565065,outputs,daily,OBM v0.1.0
2015-12-16,obm_spent_output_count_daily,556800,outputs,daily,OBM v0.1.0
2015-12-17,obm_spent_output_count_daily,527534,outputs,daily,OBM v0.1.0
2015-12-18,obm_spent_output_count_daily,520790,outputs,daily,OBM v0.1.0
2015-12-19,obm_spent_output_count_daily,501513,outputs,daily,OBM v0.1.0
2015-12-20,obm_spent_output_count_daily,478909,outputs,daily,OBM v0.1.0
2015-12-21,obm_spent_output_count_daily,573174,outputs,daily,OBM v0.1.0
2015-12-22,obm_spent_output_count_daily,550712,outputs,daily,OBM v0.1.0
2015-12-23,obm_spent_output_count_daily,542725,outputs,daily,OBM v0.1.0
2015-12-24,obm_spent_output_count_daily,506582,outputs,daily,OBM v0.1.0
2015-12-25,obm_spent_output_count_daily,428575,outputs,daily,OBM v0.1.0
2015-12-26,obm_spent_output_count_daily,456014,outputs,daily,OBM v0.1.0
2015-12-27,obm_spent_output_count_daily,448380,outputs,daily,OBM v0.1.0
2015-12-28,obm_spent_output_count_daily,478391,outputs,daily,OBM v0.1.0
2015-12-29,obm_spent_output_count_daily,502819,outputs,daily,OBM v0.1.0
2015-12-30,obm_spent_output_count_daily,457552,outputs,daily,OBM v0.1.0
2015-12-31,obm_spent_output_count_daily,398189,outputs,daily,OBM v0.1.0
2016-01-01,obm_spent_output_count_daily,329094,outputs,daily,OBM v0.1.0
2016-01-02,obm_spent_output_count_daily,423876,outputs,daily,OBM v0.1.0
2016-01-03,obm_spent_output_count_daily,387214,outputs,daily,OBM v0.1.0
2016-01-04,obm_spent_output_count_daily,497320,outputs,daily,OBM v0.1.0
2016-01-05,obm_spent_output_count_daily,499843,outputs,daily,OBM v0.1.0
2016-01-06,obm_spent_output_count_daily,455650,outputs,daily,OBM v0.1.0
2016-01-07,obm_spent_output_count_daily,495914,outputs,daily,OBM v0.1.0
2016-01-08,obm_spent_output_count_daily,504512,outputs,daily,OBM v0.1.0
2016-01-09,obm_spent_output_count_daily,471467,outputs,daily,OBM v0.1.0
2016-01-10,obm_spent_output_count_daily,445483,outputs,daily,OBM v0.1.0
2016-01-11,obm_spent_output_count_daily,546140,outputs,daily,OBM v0.1.0
2016-01-12,obm_spent_output_count_daily,509375,outputs,daily,OBM v0.1.0
2016-01-13,obm_spent_output_count_daily,497260,outputs,daily,OBM v0.1.0
2016-01-14,obm_spent_output_count_daily,474524,outputs,daily,OBM v0.1.0
2016-01-15,obm_spent_output_count_daily,468569,outputs,daily,OBM v0.1.0
2016-01-16,obm_spent_output_count_daily,522452,outputs,daily,OBM v0.1.0
2016-01-17,obm_spent_output_count_daily,525241,outputs,daily,OBM v0.1.0
2016-01-18,obm_spent_output_count_daily,549451,outputs,daily,OBM v0.1.0
2016-01-19,obm_spent_output_count_daily,523675,outputs,daily,OBM v0.1.0
2016-01-20,obm_spent_output_count_daily,664292,outputs,daily,OBM v0.1.0
2016-01-21,obm_spent_output_count_daily,561160,outputs,daily,OBM v0.1.0
2016-01-22,obm_spent_output_count_daily,586156,outputs,daily,OBM v0.1.0
2016-01-23,obm_spent_output_count_daily,490179,outputs,daily,OBM v0.1.0
2016-01-24,obm_spent_output_count_daily,495890,outputs,daily,OBM v0.1.0
2016-01-25,obm_spent_output_count_daily,571620,outputs,daily,OBM v0.1.0
2016-01-26,obm_spent_output_count_daily,588616,outputs,daily,OBM v0.1.0
2016-01-27,obm_spent_output_count_daily,573181,outputs,daily,OBM v0.1.0
2016-01-28,obm_spent_output_count_daily,583526,outputs,daily,OBM v0.1.0
2016-01-29,obm_spent_output_count_daily,581080,outputs,daily,OBM v0.1.0
2016-01-30,obm_spent_output_count_daily,516179,outputs,daily,OBM v0.1.0
2016-01-31,obm_spent_output_count_daily,489188,outputs,daily,OBM v0.1.0
2016-02-01,obm_spent_output_count_daily,647337,outputs,daily,OBM v0.1.0
2016-02-02,obm_spent_output_count_daily,751638,outputs,daily,OBM v0.1.0
2016-02-03,obm_spent_output_count_daily,604842,outputs,daily,OBM v0.1.0
2016-02-04,obm_spent_output_count_daily,547801,outputs,daily,OBM v0.1.0
2016-02-05,obm_spent_output_count_daily,592090,outputs,daily,OBM v0.1.0
2016-02-06,obm_spent_output_count_daily,562434,outputs,daily,OBM v0.1.0
2016-02-07,obm_spent_output_count_daily,561116,outputs,daily,OBM v0.1.0
2016-02-08,obm_spent_output_count_daily,572565,outputs,daily,OBM v0.1.0
2016-02-09,obm_spent_output_count_daily,576903,outputs,daily,OBM v0.1.0
2016-02-10,obm_spent_output_count_daily,577983,outputs,daily,OBM v0.1.0
2016-02-11,obm_spent_output_count_daily,614340,outputs,daily,OBM v0.1.0
2016-02-12,obm_spent_output_count_daily,515643,outputs,daily,OBM v0.1.0
2016-02-13,obm_spent_output_count_daily,481022,outputs,daily,OBM v0.1.0
2016-02-14,obm_spent_output_count_daily,504174,outputs,daily,OBM v0.1.0
2016-02-15,obm_spent_output_count_daily,574725,outputs,daily,OBM v0.1.0
2016-02-16,obm_spent_output_count_daily,517712,outputs,daily,OBM v0.1.0
2016-02-17,obm_spent_output_count_daily,592024,outputs,daily,OBM v0.1.0
2016-02-18,obm_spent_output_count_daily,539236,outputs,daily,OBM v0.1.0
2016-02-19,obm_spent_output_count_daily,556203,outputs,daily,OBM v0.1.0
2016-02-20,obm_spent_output_count_daily,541453,outputs,daily,OBM v0.1.0
2016-02-21,obm_spent_output_count_daily,525213,outputs,daily,OBM v0.1.0
2016-02-22,obm_spent_output_count_daily,555906,outputs,daily,OBM v0.1.0
2016-02-23,obm_spent_output_count_daily,592230,outputs,daily,OBM v0.1.0
2016-02-24,obm_spent_output_count_daily,525934,outputs,daily,OBM v0.1.0
2016-02-25,obm_spent_output_count_daily,623261,outputs,daily,OBM v0.1.0
2016-02-26,obm_spent_output_count_daily,524041,outputs,daily,OBM v0.1.0
2016-02-27,obm_spent_output_count_daily,491418,outputs,daily,OBM v0.1.0
2016-02-28,obm_spent_output_count_daily,502510,outputs,daily,OBM v0.1.0
2016-02-29,obm_spent_output_count_daily,587748,outputs,daily,OBM v0.1.0
2016-03-01,obm_spent_output_count_daily,623397,outputs,daily,OBM v0.1.0
2016-03-02,obm_spent_output_count_daily,697896,outputs,daily,OBM v0.1.0
2016-03-03,obm_spent_output_count_daily,604673,outputs,daily,OBM v0.1.0
2016-03-04,obm_spent_output_count_daily,620156,outputs,daily,OBM v0.1.0
2016-03-05,obm_spent_output_count_daily,583466,outputs,daily,OBM v0.1.0
2016-03-06,obm_spent_output_count_daily,463073,outputs,daily,OBM v0.1.0
2016-03-07,obm_spent_output_count_daily,464966,outputs,daily,OBM v0.1.0
2016-03-08,obm_spent_output_count_daily,510735,outputs,daily,OBM v0.1.0
2016-03-09,obm_spent_output_count_daily,644423,outputs,daily,OBM v0.1.0
2016-03-10,obm_spent_output_count_daily,522298,outputs,daily,OBM v0.1.0
2016-03-11,obm_spent_output_count_daily,480350,outputs,daily,OBM v0.1.0
2016-03-12,obm_spent_output_count_daily,404701,outputs,daily,OBM v0.1.0
2016-03-13,obm_spent_output_count_daily,413701,outputs,daily,OBM v0.1.0
2016-03-14,obm_spent_output_count_daily,552550,outputs,daily,OBM v0.1.0
2016-03-15,obm_spent_output_count_daily,528101,outputs,daily,OBM v0.1.0
2016-03-16,obm_spent_output_count_daily,503702,outputs,daily,OBM v0.1.0
2016-03-17,obm_spent_output_count_daily,509757,outputs,daily,OBM v0.1.0
2016-03-18,obm_spent_output_count_daily,479074,outputs,daily,OBM v0.1.0
2016-03-19,obm_spent_output_count_daily,419472,outputs,daily,OBM v0.1.0
2016-03-20,obm_spent_output_count_daily,475575,outputs,daily,OBM v0.1.0
2016-03-21,obm_spent_output_count_daily,517677,outputs,daily,OBM v0.1.0
2016-03-22,obm_spent_output_count_daily,505090,outputs,daily,OBM v0.1.0
2016-03-23,obm_spent_output_count_daily,494363,outputs,daily,OBM v0.1.0
2016-03-24,obm_spent_output_count_daily,489712,outputs,daily,OBM v0.1.0
2016-03-25,obm_spent_output_count_daily,449518,outputs,daily,OBM v0.1.0
2016-03-26,obm_spent_output_count_daily,487780,outputs,daily,OBM v0.1.0
2016-03-27,obm_spent_output_count_daily,437136,outputs,daily,OBM v0.1.0
2016-03-28,obm_spent_output_count_daily,580653,outputs,daily,OBM v0.1.0
2016-03-29,obm_spent_output_count_daily,685771,outputs,daily,OBM v0.1.0
2016-03-30,obm_spent_output_count_daily,546275,outputs,daily,OBM v0.1.0
2016-03-31,obm_spent_output_count_daily,501825,outputs,daily,OBM v0.1.0
2016-04-01,obm_spent_output_count_daily,576794,outputs,daily,OBM v0.1.0
2016-04-02,obm_spent_output_count_daily,564074,outputs,daily,OBM v0.1.0
2016-04-03,obm_spent_output_count_daily,510038,outputs,daily,OBM v0.1.0
2016-04-04,obm_spent_output_count_daily,540424,outputs,daily,OBM v0.1.0
2016-04-05,obm_spent_output_count_daily,558466,outputs,daily,OBM v0.1.0
2016-04-06,obm_spent_output_count_daily,529754,outputs,daily,OBM v0.1.0
2016-04-07,obm_spent_output_count_daily,502596,outputs,daily,OBM v0.1.0
2016-04-08,obm_spent_output_count_daily,489475,outputs,daily,OBM v0.1.0
2016-04-09,obm_spent_output_count_daily,502176,outputs,daily,OBM v0.1.0
2016-04-10,obm_spent_output_count_daily,455535,outputs,daily,OBM v0.1.0
2016-04-11,obm_spent_output_count_daily,553435,outputs,daily,OBM v0.1.0
2016-04-12,obm_spent_output_count_daily,579620,outputs,daily,OBM v0.1.0
2016-04-13,obm_spent_output_count_daily,529487,outputs,daily,OBM v0.1.0
2016-04-14,obm_spent_output_count_daily,532442,outputs,daily,OBM v0.1.0
2016-04-15,obm_spent_output_count_daily,505442,outputs,daily,OBM v0.1.0
2016-04-16,obm_spent_output_count_daily,444067,outputs,daily,OBM v0.1.0
2016-04-17,obm_spent_output_count_daily,492119,outputs,daily,OBM v0.1.0
2016-04-18,obm_spent_output_count_daily,520708,outputs,daily,OBM v0.1.0
2016-04-19,obm_spent_output_count_daily,520577,outputs,daily,OBM v0.1.0
2016-04-20,obm_spent_output_count_daily,538864,outputs,daily,OBM v0.1.0
2016-04-21,obm_spent_output_count_daily,515545,outputs,daily,OBM v0.1.0
2016-04-22,obm_spent_output_count_daily,521772,outputs,daily,OBM v0.1.0
2016-04-23,obm_spent_output_count_daily,438435,outputs,daily,OBM v0.1.0
2016-04-24,obm_spent_output_count_daily,444915,outputs,daily,OBM v0.1.0
2016-04-25,obm_spent_output_count_daily,522537,outputs,daily,OBM v0.1.0
2016-04-26,obm_spent_output_count_daily,570008,outputs,daily,OBM v0.1.0
2016-04-27,obm_spent_output_count_daily,532268,outputs,daily,OBM v0.1.0
2016-04-28,obm_spent_output_count_daily,558322,outputs,daily,OBM v0.1.0
2016-04-29,obm_spent_output_count_daily,592747,outputs,daily,OBM v0.1.0
2016-04-30,obm_spent_output_count_daily,513442,outputs,daily,OBM v0.1.0
2016-05-01,obm_spent_output_count_daily,446578,outputs,daily,OBM v0.1.0
2016-05-02,obm_spent_output_count_daily,560886,outputs,daily,OBM v0.1.0
2016-05-03,obm_spent_output_count_daily,552353,outputs,daily,OBM v0.1.0
2016-05-04,obm_spent_output_count_daily,555649,outputs,daily,OBM v0.1.0
2016-05-05,obm_spent_output_count_daily,510229,outputs,daily,OBM v0.1.0
2016-05-06,obm_spent_output_count_daily,510349,outputs,daily,OBM v0.1.0
2016-05-07,obm_spent_output_count_daily,446868,outputs,daily,OBM v0.1.0
2016-05-08,obm_spent_output_count_daily,449331,outputs,daily,OBM v0.1.0
2016-05-09,obm_spent_output_count_daily,507464,outputs,daily,OBM v0.1.0
2016-05-10,obm_spent_output_count_daily,539764,outputs,daily,OBM v0.1.0
2016-05-11,obm_spent_output_count_daily,500904,outputs,daily,OBM v0.1.0
2016-05-12,obm_spent_output_count_daily,497076,outputs,daily,OBM v0.1.0
2016-05-13,obm_spent_output_count_daily,530457,outputs,daily,OBM v0.1.0
2016-05-14,obm_spent_output_count_daily,525982,outputs,daily,OBM v0.1.0
2016-05-15,obm_spent_output_count_daily,499098,outputs,daily,OBM v0.1.0
2016-05-16,obm_spent_output_count_daily,572219,outputs,daily,OBM v0.1.0
2016-05-17,obm_spent_output_count_daily,562090,outputs,daily,OBM v0.1.0
2016-05-18,obm_spent_output_count_daily,612608,outputs,daily,OBM v0.1.0
2016-05-19,obm_spent_output_count_daily,528364,outputs,daily,OBM v0.1.0
2016-05-20,obm_spent_output_count_daily,525835,outputs,daily,OBM v0.1.0
2016-05-21,obm_spent_output_count_daily,568656,outputs,daily,OBM v0.1.0
2016-05-22,obm_spent_output_count_daily,501458,outputs,daily,OBM v0.1.0
2016-05-23,obm_spent_output_count_daily,545336,outputs,daily,OBM v0.1.0
2016-05-24,obm_spent_output_count_daily,574674,outputs,daily,OBM v0.1.0
2016-05-25,obm_spent_output_count_daily,553130,outputs,daily,OBM v0.1.0
2016-05-26,obm_spent_output_count_daily,526974,outputs,daily,OBM v0.1.0
2016-05-27,obm_spent_output_count_daily,637289,outputs,daily,OBM v0.1.0
2016-05-28,obm_spent_output_count_daily,535715,outputs,daily,OBM v0.1.0
2016-05-29,obm_spent_output_count_daily,462759,outputs,daily,OBM v0.1.0
2016-05-30,obm_spent_output_count_daily,599917,outputs,daily,OBM v0.1.0
2016-05-31,obm_spent_output_count_daily,509750,outputs,daily,OBM v0.1.0
2016-06-01,obm_spent_output_count_daily,547477,outputs,daily,OBM v0.1.0
2016-06-02,obm_spent_output_count_daily,515997,outputs,daily,OBM v0.1.0
2016-06-03,obm_spent_output_count_daily,539247,outputs,daily,OBM v0.1.0
2016-06-04,obm_spent_output_count_daily,454712,outputs,daily,OBM v0.1.0
2016-06-05,obm_spent_output_count_daily,486863,outputs,daily,OBM v0.1.0
2016-06-06,obm_spent_output_count_daily,550952,outputs,daily,OBM v0.1.0
2016-06-07,obm_spent_output_count_daily,511845,outputs,daily,OBM v0.1.0
2016-06-08,obm_spent_output_count_daily,536012,outputs,daily,OBM v0.1.0
2016-06-09,obm_spent_output_count_daily,539065,outputs,daily,OBM v0.1.0
2016-06-10,obm_spent_output_count_daily,541940,outputs,daily,OBM v0.1.0
2016-06-11,obm_spent_output_count_daily,505679,outputs,daily,OBM v0.1.0
2016-06-12,obm_spent_output_count_daily,550303,outputs,daily,OBM v0.1.0
2016-06-13,obm_spent_output_count_daily,681986,outputs,daily,OBM v0.1.0
2016-06-14,obm_spent_output_count_daily,550590,outputs,daily,OBM v0.1.0
2016-06-15,obm_spent_output_count_daily,646627,outputs,daily,OBM v0.1.0
2016-06-16,obm_spent_output_count_daily,653142,outputs,daily,OBM v0.1.0
2016-06-17,obm_spent_output_count_daily,632743,outputs,daily,OBM v0.1.0
2016-06-18,obm_spent_output_count_daily,605915,outputs,daily,OBM v0.1.0
2016-06-19,obm_spent_output_count_daily,587920,outputs,daily,OBM v0.1.0
2016-06-20,obm_spent_output_count_daily,587369,outputs,daily,OBM v0.1.0
2016-06-21,obm_spent_output_count_daily,624750,outputs,daily,OBM v0.1.0
2016-06-22,obm_spent_output_count_daily,568414,outputs,daily,OBM v0.1.0
2016-06-23,obm_spent_output_count_daily,585565,outputs,daily,OBM v0.1.0
2016-06-24,obm_spent_output_count_daily,539515,outputs,daily,OBM v0.1.0
2016-06-25,obm_spent_output_count_daily,572004,outputs,daily,OBM v0.1.0
2016-06-26,obm_spent_output_count_daily,509463,outputs,daily,OBM v0.1.0
2016-06-27,obm_spent_output_count_daily,526281,outputs,daily,OBM v0.1.0
2016-06-28,obm_spent_output_count_daily,515012,outputs,daily,OBM v0.1.0
2016-06-29,obm_spent_output_count_daily,507680,outputs,daily,OBM v0.1.0
2016-06-30,obm_spent_output_count_daily,539600,outputs,daily,OBM v0.1.0
2016-07-01,obm_spent_output_count_daily,541179,outputs,daily,OBM v0.1.0
2016-07-02,obm_spent_output_count_daily,463878,outputs,daily,OBM v0.1.0
2016-07-03,obm_spent_output_count_daily,438764,outputs,daily,OBM v0.1.0
2016-07-04,obm_spent_output_count_daily,509417,outputs,daily,OBM v0.1.0
2016-07-05,obm_spent_output_count_daily,518749,outputs,daily,OBM v0.1.0
2016-07-06,obm_spent_output_count_daily,513051,outputs,daily,OBM v0.1.0
2016-07-07,obm_spent_output_count_daily,515390,outputs,daily,OBM v0.1.0
2016-07-08,obm_spent_output_count_daily,510188,outputs,daily,OBM v0.1.0
2016-07-09,obm_spent_output_count_daily,440511,outputs,daily,OBM v0.1.0
2016-07-10,obm_spent_output_count_daily,423383,outputs,daily,OBM v0.1.0
2016-07-11,obm_spent_output_count_daily,508445,outputs,daily,OBM v0.1.0
2016-07-12,obm_spent_output_count_daily,504939,outputs,daily,OBM v0.1.0
2016-07-13,obm_spent_output_count_daily,474781,outputs,daily,OBM v0.1.0
2016-07-14,obm_spent_output_count_daily,508487,outputs,daily,OBM v0.1.0
2016-07-15,obm_spent_output_count_daily,475071,outputs,daily,OBM v0.1.0
2016-07-16,obm_spent_output_count_daily,515282,outputs,daily,OBM v0.1.0
2016-07-17,obm_spent_output_count_daily,508093,outputs,daily,OBM v0.1.0
2016-07-18,obm_spent_output_count_daily,542350,outputs,daily,OBM v0.1.0
2016-07-19,obm_spent_output_count_daily,489650,outputs,daily,OBM v0.1.0
2016-07-20,obm_spent_output_count_daily,558836,outputs,daily,OBM v0.1.0
2016-07-21,obm_spent_output_count_daily,478059,outputs,daily,OBM v0.1.0
2016-07-22,obm_spent_output_count_daily,501386,outputs,daily,OBM v0.1.0
2016-07-23,obm_spent_output_count_daily,481917,outputs,daily,OBM v0.1.0
2016-07-24,obm_spent_output_count_daily,442330,outputs,daily,OBM v0.1.0
2016-07-25,obm_spent_output_count_daily,529260,outputs,daily,OBM v0.1.0
2016-07-26,obm_spent_output_count_daily,533268,outputs,daily,OBM v0.1.0
2016-07-27,obm_spent_output_count_daily,534989,outputs,daily,OBM v0.1.0
2016-07-28,obm_spent_output_count_daily,524507,outputs,daily,OBM v0.1.0
2016-07-29,obm_spent_output_count_daily,552145,outputs,daily,OBM v0.1.0
2016-07-30,obm_spent_output_count_daily,444772,outputs,daily,OBM v0.1.0
2016-07-31,obm_spent_output_count_daily,577580,outputs,daily,OBM v0.1.0
2016-08-01,obm_spent_output_count_daily,579275,outputs,daily,OBM v0.1.0
2016-08-02,obm_spent_output_count_daily,605113,outputs,daily,OBM v0.1.0
2016-08-03,obm_spent_output_count_daily,605366,outputs,daily,OBM v0.1.0
2016-08-04,obm_spent_output_count_daily,543073,outputs,daily,OBM v0.1.0
2016-08-05,obm_spent_output_count_daily,544788,outputs,daily,OBM v0.1.0
2016-08-06,obm_spent_output_count_daily,469800,outputs,daily,OBM v0.1.0
2016-08-07,obm_spent_output_count_daily,500905,outputs,daily,OBM v0.1.0
2016-08-08,obm_spent_output_count_daily,550523,outputs,daily,OBM v0.1.0
2016-08-09,obm_spent_output_count_daily,489229,outputs,daily,OBM v0.1.0
2016-08-10,obm_spent_output_count_daily,576818,outputs,daily,OBM v0.1.0
2016-08-11,obm_spent_output_count_daily,570927,outputs,daily,OBM v0.1.0
2016-08-12,obm_spent_output_count_daily,552649,outputs,daily,OBM v0.1.0
2016-08-13,obm_spent_output_count_daily,516099,outputs,daily,OBM v0.1.0
2016-08-14,obm_spent_output_count_daily,479949,outputs,daily,OBM v0.1.0
2016-08-15,obm_spent_output_count_daily,543450,outputs,daily,OBM v0.1.0
2016-08-16,obm_spent_output_count_daily,560507,outputs,daily,OBM v0.1.0
2016-08-17,obm_spent_output_count_daily,524159,outputs,daily,OBM v0.1.0
2016-08-18,obm_spent_output_count_daily,556532,outputs,daily,OBM v0.1.0
2016-08-19,obm_spent_output_count_daily,557304,outputs,daily,OBM v0.1.0
2016-08-20,obm_spent_output_count_daily,521651,outputs,daily,OBM v0.1.0
2016-08-21,obm_spent_output_count_daily,472639,outputs,daily,OBM v0.1.0
2016-08-22,obm_spent_output_count_daily,570226,outputs,daily,OBM v0.1.0
2016-08-23,obm_spent_output_count_daily,558721,outputs,daily,OBM v0.1.0
2016-08-24,obm_spent_output_count_daily,523350,outputs,daily,OBM v0.1.0
2016-08-25,obm_spent_output_count_daily,505835,outputs,daily,OBM v0.1.0
2016-08-26,obm_spent_output_count_daily,498501,outputs,daily,OBM v0.1.0
2016-08-27,obm_spent_output_count_daily,461445,outputs,daily,OBM v0.1.0
2016-08-28,obm_spent_output_count_daily,432996,outputs,daily,OBM v0.1.0
2016-08-29,obm_spent_output_count_daily,570474,outputs,daily,OBM v0.1.0
2016-08-30,obm_spent_output_count_daily,565651,outputs,daily,OBM v0.1.0
2016-08-31,obm_spent_output_count_daily,513723,outputs,daily,OBM v0.1.0
2016-09-01,obm_spent_output_count_daily,539468,outputs,daily,OBM v0.1.0
2016-09-02,obm_spent_output_count_daily,503554,outputs,daily,OBM v0.1.0
2016-09-03,obm_spent_output_count_daily,450268,outputs,daily,OBM v0.1.0
2016-09-04,obm_spent_output_count_daily,499462,outputs,daily,OBM v0.1.0
2016-09-05,obm_spent_output_count_daily,558669,outputs,daily,OBM v0.1.0
2016-09-06,obm_spent_output_count_daily,536253,outputs,daily,OBM v0.1.0
2016-09-07,obm_spent_output_count_daily,571583,outputs,daily,OBM v0.1.0
2016-09-08,obm_spent_output_count_daily,535440,outputs,daily,OBM v0.1.0
2016-09-09,obm_spent_output_count_daily,545426,outputs,daily,OBM v0.1.0
2016-09-10,obm_spent_output_count_daily,472976,outputs,daily,OBM v0.1.0
2016-09-11,obm_spent_output_count_daily,468317,outputs,daily,OBM v0.1.0
2016-09-12,obm_spent_output_count_daily,518847,outputs,daily,OBM v0.1.0
2016-09-13,obm_spent_output_count_daily,607310,outputs,daily,OBM v0.1.0
2016-09-14,obm_spent_output_count_daily,563073,outputs,daily,OBM v0.1.0
2016-09-15,obm_spent_output_count_daily,536733,outputs,daily,OBM v0.1.0
2016-09-16,obm_spent_output_count_daily,515737,outputs,daily,OBM v0.1.0
2016-09-17,obm_spent_output_count_daily,562558,outputs,daily,OBM v0.1.0
2016-09-18,obm_spent_output_count_daily,457439,outputs,daily,OBM v0.1.0
2016-09-19,obm_spent_output_count_daily,514742,outputs,daily,OBM v0.1.0
2016-09-20,obm_spent_output_count_daily,544479,outputs,daily,OBM v0.1.0
2016-09-21,obm_spent_output_count_daily,554935,outputs,daily,OBM v0.1.0
2016-09-22,obm_spent_output_count_daily,497225,outputs,daily,OBM v0.1.0
2016-09-23,obm_spent_output_count_daily,517879,outputs,daily,OBM v0.1.0
2016-09-24,obm_spent_output_count_daily,496196,outputs,daily,OBM v0.1.0
2016-09-25,obm_spent_output_count_daily,510807,outputs,daily,OBM v0.1.0
2016-09-26,obm_spent_output_count_daily,549188,outputs,daily,OBM v0.1.0
2016-09-27,obm_spent_output_count_daily,620379,outputs,daily,OBM v0.1.0
2016-09-28,obm_spent_output_count_daily,547131,outputs,daily,OBM v0.1.0
2016-09-29,obm_spent_output_count_daily,567928,outputs,daily,OBM v0.1.0
2016-09-30,obm_spent_output_count_daily,575225,outputs,daily,OBM v0.1.0
2016-10-01,obm_spent_output_count_daily,530448,outputs,daily,OBM v0.1.0
2016-10-02,obm_spent_output_count_daily,495939,outputs,daily,OBM v0.1.0
2016-10-03,obm_spent_output_count_daily,626458,outputs,daily,OBM v0.1.0
2016-10-04,obm_spent_output_count_daily,620952,outputs,daily,OBM v0.1.0
2016-10-05,obm_spent_output_count_daily,617006,outputs,daily,OBM v0.1.0
2016-10-06,obm_spent_output_count_daily,625489,outputs,daily,OBM v0.1.0
2016-10-07,obm_spent_output_count_daily,586456,outputs,daily,OBM v0.1.0
2016-10-08,obm_spent_output_count_daily,616290,outputs,daily,OBM v0.1.0
2016-10-09,obm_spent_output_count_daily,532837,outputs,daily,OBM v0.1.0
2016-10-10,obm_spent_output_count_daily,505409,outputs,daily,OBM v0.1.0
2016-10-11,obm_spent_output_count_daily,608331,outputs,daily,OBM v0.1.0
2016-10-12,obm_spent_output_count_daily,602081,outputs,daily,OBM v0.1.0
2016-10-13,obm_spent_output_count_daily,559213,outputs,daily,OBM v0.1.0
2016-10-14,obm_spent_output_count_daily,543457,outputs,daily,OBM v0.1.0
2016-10-15,obm_spent_output_count_daily,524247,outputs,daily,OBM v0.1.0
2016-10-16,obm_spent_output_count_daily,469612,outputs,daily,OBM v0.1.0
2016-10-17,obm_spent_output_count_daily,554098,outputs,daily,OBM v0.1.0
2016-10-18,obm_spent_output_count_daily,622705,outputs,daily,OBM v0.1.0
2016-10-19,obm_spent_output_count_daily,497119,outputs,daily,OBM v0.1.0
2016-10-20,obm_spent_output_count_daily,619612,outputs,daily,OBM v0.1.0
2016-10-21,obm_spent_output_count_daily,616775,outputs,daily,OBM v0.1.0
2016-10-22,obm_spent_output_count_daily,578064,outputs,daily,OBM v0.1.0
2016-10-23,obm_spent_output_count_daily,591978,outputs,daily,OBM v0.1.0
2016-10-24,obm_spent_output_count_daily,637593,outputs,daily,OBM v0.1.0
2016-10-25,obm_spent_output_count_daily,655179,outputs,daily,OBM v0.1.0
2016-10-26,obm_spent_output_count_daily,706308,outputs,daily,OBM v0.1.0
2016-10-27,obm_spent_output_count_daily,763413,outputs,daily,OBM v0.1.0
2016-10-28,obm_spent_output_count_daily,600571,outputs,daily,OBM v0.1.0
2016-10-29,obm_spent_output_count_daily,557312,outputs,daily,OBM v0.1.0
2016-10-30,obm_spent_output_count_daily,527712,outputs,daily,OBM v0.1.0
2016-10-31,obm_spent_output_count_daily,564774,outputs,daily,OBM v0.1.0
2016-11-01,obm_spent_output_count_daily,598341,outputs,daily,OBM v0.1.0
2016-11-02,obm_spent_output_count_daily,568343,outputs,daily,OBM v0.1.0
2016-11-03,obm_spent_output_count_daily,619900,outputs,daily,OBM v0.1.0
2016-11-04,obm_spent_output_count_daily,515981,outputs,daily,OBM v0.1.0
2016-11-05,obm_spent_output_count_daily,551301,outputs,daily,OBM v0.1.0
2016-11-06,obm_spent_output_count_daily,535764,outputs,daily,OBM v0.1.0
2016-11-07,obm_spent_output_count_daily,603688,outputs,daily,OBM v0.1.0
2016-11-08,obm_spent_output_count_daily,686538,outputs,daily,OBM v0.1.0
2016-11-09,obm_spent_output_count_daily,618477,outputs,daily,OBM v0.1.0
2016-11-10,obm_spent_output_count_daily,642935,outputs,daily,OBM v0.1.0
2016-11-11,obm_spent_output_count_daily,594676,outputs,daily,OBM v0.1.0
2016-11-12,obm_spent_output_count_daily,556322,outputs,daily,OBM v0.1.0
2016-11-13,obm_spent_output_count_daily,526774,outputs,daily,OBM v0.1.0
2016-11-14,obm_spent_output_count_daily,651843,outputs,daily,OBM v0.1.0
2016-11-15,obm_spent_output_count_daily,623960,outputs,daily,OBM v0.1.0
2016-11-16,obm_spent_output_count_daily,642161,outputs,daily,OBM v0.1.0
2016-11-17,obm_spent_output_count_daily,688707,outputs,daily,OBM v0.1.0
2016-11-18,obm_spent_output_count_daily,644218,outputs,daily,OBM v0.1.0
2016-11-19,obm_spent_output_count_daily,559674,outputs,daily,OBM v0.1.0
2016-11-20,obm_spent_output_count_daily,527144,outputs,daily,OBM v0.1.0
2016-11-21,obm_spent_output_count_daily,576398,outputs,daily,OBM v0.1.0
2016-11-22,obm_spent_output_count_daily,565511,outputs,daily,OBM v0.1.0
2016-11-23,obm_spent_output_count_daily,656459,outputs,daily,OBM v0.1.0
2016-11-24,obm_spent_output_count_daily,715790,outputs,daily,OBM v0.1.0
2016-11-25,obm_spent_output_count_daily,664185,outputs,daily,OBM v0.1.0
2016-11-26,obm_spent_output_count_daily,687384,outputs,daily,OBM v0.1.0
2016-11-27,obm_spent_output_count_daily,564211,outputs,daily,OBM v0.1.0
2016-11-28,obm_spent_output_count_daily,699716,outputs,daily,OBM v0.1.0
2016-11-29,obm_spent_output_count_daily,639161,outputs,daily,OBM v0.1.0
2016-11-30,obm_spent_output_count_daily,602084,outputs,daily,OBM v0.1.0
2016-12-01,obm_spent_output_count_daily,642795,outputs,daily,OBM v0.1.0
2016-12-02,obm_spent_output_count_daily,657359,outputs,daily,OBM v0.1.0
2016-12-03,obm_spent_output_count_daily,704666,outputs,daily,OBM v0.1.0
2016-12-04,obm_spent_output_count_daily,638128,outputs,daily,OBM v0.1.0
2016-12-05,obm_spent_output_count_daily,642365,outputs,daily,OBM v0.1.0
2016-12-06,obm_spent_output_count_daily,677391,outputs,daily,OBM v0.1.0
2016-12-07,obm_spent_output_count_daily,738072,outputs,daily,OBM v0.1.0
2016-12-08,obm_spent_output_count_daily,641332,outputs,daily,OBM v0.1.0
2016-12-09,obm_spent_output_count_daily,596711,outputs,daily,OBM v0.1.0
2016-12-10,obm_spent_output_count_daily,561629,outputs,daily,OBM v0.1.0
2016-12-11,obm_spent_output_count_daily,626088,outputs,daily,OBM v0.1.0
2016-12-12,obm_spent_output_count_daily,597568,outputs,daily,OBM v0.1.0
2016-12-13,obm_spent_output_count_daily,686254,outputs,daily,OBM v0.1.0
2016-12-14,obm_spent_output_count_daily,576854,outputs,daily,OBM v0.1.0
2016-12-15,obm_spent_output_count_daily,565255,outputs,daily,OBM v0.1.0
2016-12-16,obm_spent_output_count_daily,595750,outputs,daily,OBM v0.1.0
2016-12-17,obm_spent_output_count_daily,533025,outputs,daily,OBM v0.1.0
2016-12-18,obm_spent_output_count_daily,559107,outputs,daily,OBM v0.1.0
2016-12-19,obm_spent_output_count_daily,644544,outputs,daily,OBM v0.1.0
2016-12-20,obm_spent_output_count_daily,623228,outputs,daily,OBM v0.1.0
2016-12-21,obm_spent_output_count_daily,712371,outputs,daily,OBM v0.1.0
2016-12-22,obm_spent_output_count_daily,688851,outputs,daily,OBM v0.1.0
2016-12-23,obm_spent_output_count_daily,633787,outputs,daily,OBM v0.1.0
2016-12-24,obm_spent_output_count_daily,542420,outputs,daily,OBM v0.1.0
2016-12-25,obm_spent_output_count_daily,528021,outputs,daily,OBM v0.1.0
2016-12-26,obm_spent_output_count_daily,585947,outputs,daily,OBM v0.1.0
2016-12-27,obm_spent_output_count_daily,645828,outputs,daily,OBM v0.1.0
2016-12-28,obm_spent_output_count_daily,682254,outputs,daily,OBM v0.1.0
2016-12-29,obm_spent_output_count_daily,663267,outputs,daily,OBM v0.1.0
2016-12-30,obm_spent_output_count_daily,649532,outputs,daily,OBM v0.1.0
2016-12-31,obm_spent_output_count_daily,550550,outputs,daily,OBM v0.1.0
2017-01-01,obm_spent_output_count_daily,516509,outputs,daily,OBM v0.1.0
2017-01-02,obm_spent_output_count_daily,715725,outputs,daily,OBM v0.1.0
2017-01-03,obm_spent_output_count_daily,679136,outputs,daily,OBM v0.1.0
2017-01-04,obm_spent_output_count_daily,701486,outputs,daily,OBM v0.1.0
2017-01-05,obm_spent_output_count_daily,656003,outputs,daily,OBM v0.1.0
2017-01-06,obm_spent_output_count_daily,722206,outputs,daily,OBM v0.1.0
2017-01-07,obm_spent_output_count_daily,618423,outputs,daily,OBM v0.1.0
2017-01-08,obm_spent_output_count_daily,625495,outputs,daily,OBM v0.1.0
2017-01-09,obm_spent_output_count_daily,581370,outputs,daily,OBM v0.1.0
2017-01-10,obm_spent_output_count_daily,700495,outputs,daily,OBM v0.1.0
2017-01-11,obm_spent_output_count_daily,645177,outputs,daily,OBM v0.1.0
2017-01-12,obm_spent_output_count_daily,632190,outputs,daily,OBM v0.1.0
2017-01-13,obm_spent_output_count_daily,582244,outputs,daily,OBM v0.1.0
2017-01-14,obm_spent_output_count_daily,605196,outputs,daily,OBM v0.1.0
2017-01-15,obm_spent_output_count_daily,537220,outputs,daily,OBM v0.1.0
2017-01-16,obm_spent_output_count_daily,604295,outputs,daily,OBM v0.1.0
2017-01-17,obm_spent_output_count_daily,658559,outputs,daily,OBM v0.1.0
2017-01-18,obm_spent_output_count_daily,617019,outputs,daily,OBM v0.1.0
2017-01-19,obm_spent_output_count_daily,681595,outputs,daily,OBM v0.1.0
2017-01-20,obm_spent_output_count_daily,635006,outputs,daily,OBM v0.1.0
2017-01-21,obm_spent_output_count_daily,584635,outputs,daily,OBM v0.1.0
2017-01-22,obm_spent_output_count_daily,545102,outputs,daily,OBM v0.1.0
2017-01-23,obm_spent_output_count_daily,616821,outputs,daily,OBM v0.1.0
2017-01-24,obm_spent_output_count_daily,711189,outputs,daily,OBM v0.1.0
2017-01-25,obm_spent_output_count_daily,694325,outputs,daily,OBM v0.1.0
2017-01-26,obm_spent_output_count_daily,738305,outputs,daily,OBM v0.1.0
2017-01-27,obm_spent_output_count_daily,688700,outputs,daily,OBM v0.1.0
2017-01-28,obm_spent_output_count_daily,652920,outputs,daily,OBM v0.1.0
2017-01-29,obm_spent_output_count_daily,689618,outputs,daily,OBM v0.1.0
2017-01-30,obm_spent_output_count_daily,662290,outputs,daily,OBM v0.1.0
2017-01-31,obm_spent_output_count_daily,639213,outputs,daily,OBM v0.1.0
2017-02-01,obm_spent_output_count_daily,835549,outputs,daily,OBM v0.1.0
2017-02-02,obm_spent_output_count_daily,671019,outputs,daily,OBM v0.1.0
2017-02-03,obm_spent_output_count_daily,656474,outputs,daily,OBM v0.1.0
2017-02-04,obm_spent_output_count_daily,645068,outputs,daily,OBM v0.1.0
2017-02-05,obm_spent_output_count_daily,739646,outputs,daily,OBM v0.1.0
2017-02-06,obm_spent_output_count_daily,557387,outputs,daily,OBM v0.1.0
2017-02-07,obm_spent_output_count_daily,661527,outputs,daily,OBM v0.1.0
2017-02-08,obm_spent_output_count_daily,642706,outputs,daily,OBM v0.1.0
2017-02-09,obm_spent_output_count_daily,742619,outputs,daily,OBM v0.1.0
2017-02-10,obm_spent_output_count_daily,646160,outputs,daily,OBM v0.1.0
2017-02-11,obm_spent_output_count_daily,610073,outputs,daily,OBM v0.1.0
2017-02-12,obm_spent_output_count_daily,567015,outputs,daily,OBM v0.1.0
2017-02-13,obm_spent_output_count_daily,684026,outputs,daily,OBM v0.1.0
2017-02-14,obm_spent_output_count_daily,669375,outputs,daily,OBM v0.1.0
2017-02-15,obm_spent_output_count_daily,590583,outputs,daily,OBM v0.1.0
2017-02-16,obm_spent_output_count_daily,684818,outputs,daily,OBM v0.1.0
2017-02-17,obm_spent_output_count_daily,657417,outputs,daily,OBM v0.1.0
2017-02-18,obm_spent_output_count_daily,680091,outputs,daily,OBM v0.1.0
2017-02-19,obm_spent_output_count_daily,573872,outputs,daily,OBM v0.1.0
2017-02-20,obm_spent_output_count_daily,648553,outputs,daily,OBM v0.1.0
2017-02-21,obm_spent_output_count_daily,595190,outputs,daily,OBM v0.1.0
2017-02-22,obm_spent_output_count_daily,600034,outputs,daily,OBM v0.1.0
2017-02-23,obm_spent_output_count_daily,648429,outputs,daily,OBM v0.1.0
2017-02-24,obm_spent_output_count_daily,723909,outputs,daily,OBM v0.1.0
2017-02-25,obm_spent_output_count_daily,738041,outputs,daily,OBM v0.1.0
2017-02-26,obm_spent_output_count_daily,776334,outputs,daily,OBM v0.1.0
2017-02-27,obm_spent_output_count_daily,614477,outputs,daily,OBM v0.1.0
2017-02-28,obm_spent_output_count_daily,658942,outputs,daily,OBM v0.1.0
2017-03-01,obm_spent_output_count_daily,618869,outputs,daily,OBM v0.1.0
2017-03-02,obm_spent_output_count_daily,677328,outputs,daily,OBM v0.1.0
2017-03-03,obm_spent_output_count_daily,672333,outputs,daily,OBM v0.1.0
2017-03-04,obm_spent_output_count_daily,581502,outputs,daily,OBM v0.1.0
2017-03-05,obm_spent_output_count_daily,671824,outputs,daily,OBM v0.1.0
2017-03-06,obm_spent_output_count_daily,604375,outputs,daily,OBM v0.1.0
2017-03-07,obm_spent_output_count_daily,683677,outputs,daily,OBM v0.1.0
2017-03-08,obm_spent_output_count_daily,642887,outputs,daily,OBM v0.1.0
2017-03-09,obm_spent_output_count_daily,677281,outputs,daily,OBM v0.1.0
2017-03-10,obm_spent_output_count_daily,708526,outputs,daily,OBM v0.1.0
2017-03-11,obm_spent_output_count_daily,697906,outputs,daily,OBM v0.1.0
2017-03-12,obm_spent_output_count_daily,684342,outputs,daily,OBM v0.1.0
2017-03-13,obm_spent_output_count_daily,660028,outputs,daily,OBM v0.1.0
2017-03-14,obm_spent_output_count_daily,701481,outputs,daily,OBM v0.1.0
2017-03-15,obm_spent_output_count_daily,638597,outputs,daily,OBM v0.1.0
2017-03-16,obm_spent_output_count_daily,686490,outputs,daily,OBM v0.1.0
2017-03-17,obm_spent_output_count_daily,706656,outputs,daily,OBM v0.1.0
2017-03-18,obm_spent_output_count_daily,703100,outputs,daily,OBM v0.1.0
2017-03-19,obm_spent_output_count_daily,695699,outputs,daily,OBM v0.1.0
2017-03-20,obm_spent_output_count_daily,603081,outputs,daily,OBM v0.1.0
2017-03-21,obm_spent_output_count_daily,642139,outputs,daily,OBM v0.1.0
2017-03-22,obm_spent_output_count_daily,728716,outputs,daily,OBM v0.1.0
2017-03-23,obm_spent_output_count_daily,646876,outputs,daily,OBM v0.1.0
2017-03-24,obm_spent_output_count_daily,709334,outputs,daily,OBM v0.1.0
2017-03-25,obm_spent_output_count_daily,560975,outputs,daily,OBM v0.1.0
2017-03-26,obm_spent_output_count_daily,515929,outputs,daily,OBM v0.1.0
2017-03-27,obm_spent_output_count_daily,545743,outputs,daily,OBM v0.1.0
2017-03-28,obm_spent_output_count_daily,706976,outputs,daily,OBM v0.1.0
2017-03-29,obm_spent_output_count_daily,611983,outputs,daily,OBM v0.1.0
2017-03-30,obm_spent_output_count_daily,746989,outputs,daily,OBM v0.1.0
2017-03-31,obm_spent_output_count_daily,592518,outputs,daily,OBM v0.1.0
2017-04-01,obm_spent_output_count_daily,593034,outputs,daily,OBM v0.1.0
2017-04-02,obm_spent_output_count_daily,607383,outputs,daily,OBM v0.1.0
2017-04-03,obm_spent_output_count_daily,705456,outputs,daily,OBM v0.1.0
2017-04-04,obm_spent_output_count_daily,562313,outputs,daily,OBM v0.1.0
2017-04-05,obm_spent_output_count_daily,711939,outputs,daily,OBM v0.1.0
2017-04-06,obm_spent_output_count_daily,666262,outputs,daily,OBM v0.1.0
2017-04-07,obm_spent_output_count_daily,727842,outputs,daily,OBM v0.1.0
2017-04-08,obm_spent_output_count_daily,582478,outputs,daily,OBM v0.1.0
2017-04-09,obm_spent_output_count_daily,678734,outputs,daily,OBM v0.1.0
2017-04-10,obm_spent_output_count_daily,611534,outputs,daily,OBM v0.1.0
2017-04-11,obm_spent_output_count_daily,732719,outputs,daily,OBM v0.1.0
2017-04-12,obm_spent_output_count_daily,631045,outputs,daily,OBM v0.1.0
2017-04-13,obm_spent_output_count_daily,580077,outputs,daily,OBM v0.1.0
2017-04-14,obm_spent_output_count_daily,623787,outputs,daily,OBM v0.1.0
2017-04-15,obm_spent_output_count_daily,685413,outputs,daily,OBM v0.1.0
2017-04-16,obm_spent_output_count_daily,618244,outputs,daily,OBM v0.1.0
2017-04-17,obm_spent_output_count_daily,572065,outputs,daily,OBM v0.1.0
2017-04-18,obm_spent_output_count_daily,648293,outputs,daily,OBM v0.1.0
2017-04-19,obm_spent_output_count_daily,648438,outputs,daily,OBM v0.1.0
2017-04-20,obm_spent_output_count_daily,654593,outputs,daily,OBM v0.1.0
2017-04-21,obm_spent_output_count_daily,755396,outputs,daily,OBM v0.1.0
2017-04-22,obm_spent_output_count_daily,643554,outputs,daily,OBM v0.1.0
2017-04-23,obm_spent_output_count_daily,631630,outputs,daily,OBM v0.1.0
2017-04-24,obm_spent_output_count_daily,561592,outputs,daily,OBM v0.1.0
2017-04-25,obm_spent_output_count_daily,656431,outputs,daily,OBM v0.1.0
2017-04-26,obm_spent_output_count_daily,691916,outputs,daily,OBM v0.1.0
2017-04-27,obm_spent_output_count_daily,658730,outputs,daily,OBM v0.1.0
2017-04-28,obm_spent_output_count_daily,613183,outputs,daily,OBM v0.1.0
2017-04-29,obm_spent_output_count_daily,789223,outputs,daily,OBM v0.1.0
2017-04-30,obm_spent_output_count_daily,694495,outputs,daily,OBM v0.1.0
2017-05-01,obm_spent_output_count_daily,666369,outputs,daily,OBM v0.1.0
2017-05-02,obm_spent_output_count_daily,714620,outputs,daily,OBM v0.1.0
2017-05-03,obm_spent_output_count_daily,605757,outputs,daily,OBM v0.1.0
2017-05-04,obm_spent_output_count_daily,740341,outputs,daily,OBM v0.1.0
2017-05-05,obm_spent_output_count_daily,560055,outputs,daily,OBM v0.1.0
2017-05-06,obm_spent_output_count_daily,759028,outputs,daily,OBM v0.1.0
2017-05-07,obm_spent_output_count_daily,770732,outputs,daily,OBM v0.1.0
2017-05-08,obm_spent_output_count_daily,810728,outputs,daily,OBM v0.1.0
2017-05-09,obm_spent_output_count_daily,710165,outputs,daily,OBM v0.1.0
2017-05-10,obm_spent_output_count_daily,635598,outputs,daily,OBM v0.1.0
2017-05-11,obm_spent_output_count_daily,588741,outputs,daily,OBM v0.1.0
2017-05-12,obm_spent_output_count_daily,665317,outputs,daily,OBM v0.1.0
2017-05-13,obm_spent_output_count_daily,708398,outputs,daily,OBM v0.1.0
2017-05-14,obm_spent_output_count_daily,760130,outputs,daily,OBM v0.1.0
2017-05-15,obm_spent_output_count_daily,761319,outputs,daily,OBM v0.1.0
2017-05-16,obm_spent_output_count_daily,619331,outputs,daily,OBM v0.1.0
2017-05-17,obm_spent_output_count_daily,708273,outputs,daily,OBM v0.1.0
2017-05-18,obm_spent_output_count_daily,649646,outputs,daily,OBM v0.1.0
2017-05-19,obm_spent_output_count_daily,739927,outputs,daily,OBM v0.1.0
2017-05-20,obm_spent_output_count_daily,774785,outputs,daily,OBM v0.1.0
2017-05-21,obm_spent_output_count_daily,707042,outputs,daily,OBM v0.1.0
2017-05-22,obm_spent_output_count_daily,656417,outputs,daily,OBM v0.1.0
2017-05-23,obm_spent_output_count_daily,768293,outputs,daily,OBM v0.1.0
2017-05-24,obm_spent_output_count_daily,683847,outputs,daily,OBM v0.1.0
2017-05-25,obm_spent_output_count_daily,734396,outputs,daily,OBM v0.1.0
2017-05-26,obm_spent_output_count_daily,676206,outputs,daily,OBM v0.1.0
2017-05-27,obm_spent_output_count_daily,787155,outputs,daily,OBM v0.1.0
2017-05-28,obm_spent_output_count_daily,775199,outputs,daily,OBM v0.1.0
2017-05-29,obm_spent_output_count_daily,679812,outputs,daily,OBM v0.1.0
2017-05-30,obm_spent_output_count_daily,782493,outputs,daily,OBM v0.1.0
2017-05-31,obm_spent_output_count_daily,728876,outputs,daily,OBM v0.1.0
2017-06-01,obm_spent_output_count_daily,782043,outputs,daily,OBM v0.1.0
2017-06-02,obm_spent_output_count_daily,660034,outputs,daily,OBM v0.1.0
2017-06-03,obm_spent_output_count_daily,916485,outputs,daily,OBM v0.1.0
2017-06-04,obm_spent_output_count_daily,738624,outputs,daily,OBM v0.1.0
2017-06-05,obm_spent_output_count_daily,753477,outputs,daily,OBM v0.1.0
2017-06-06,obm_spent_output_count_daily,707123,outputs,daily,OBM v0.1.0
2017-06-07,obm_spent_output_count_daily,781011,outputs,daily,OBM v0.1.0
2017-06-08,obm_spent_output_count_daily,772888,outputs,daily,OBM v0.1.0
2017-06-09,obm_spent_output_count_daily,696807,outputs,daily,OBM v0.1.0
2017-06-10,obm_spent_output_count_daily,662080,outputs,daily,OBM v0.1.0
2017-06-11,obm_spent_output_count_daily,656169,outputs,daily,OBM v0.1.0
2017-06-12,obm_spent_output_count_daily,666660,outputs,daily,OBM v0.1.0
2017-06-13,obm_spent_output_count_daily,631999,outputs,daily,OBM v0.1.0
2017-06-14,obm_spent_output_count_daily,634447,outputs,daily,OBM v0.1.0
2017-06-15,obm_spent_output_count_daily,726603,outputs,daily,OBM v0.1.0
2017-06-16,obm_spent_output_count_daily,695361,outputs,daily,OBM v0.1.0
2017-06-17,obm_spent_output_count_daily,662164,outputs,daily,OBM v0.1.0
2017-06-18,obm_spent_output_count_daily,669062,outputs,daily,OBM v0.1.0
2017-06-19,obm_spent_output_count_daily,728167,outputs,daily,OBM v0.1.0
2017-06-20,obm_spent_output_count_daily,627359,outputs,daily,OBM v0.1.0
2017-06-21,obm_spent_output_count_daily,639335,outputs,daily,OBM v0.1.0
2017-06-22,obm_spent_output_count_daily,662294,outputs,daily,OBM v0.1.0
2017-06-23,obm_spent_output_count_daily,715412,outputs,daily,OBM v0.1.0
2017-06-24,obm_spent_output_count_daily,651537,outputs,daily,OBM v0.1.0
2017-06-25,obm_spent_output_count_daily,542862,outputs,daily,OBM v0.1.0
2017-06-26,obm_spent_output_count_daily,665211,outputs,daily,OBM v0.1.0
2017-06-27,obm_spent_output_count_daily,595737,outputs,daily,OBM v0.1.0
2017-06-28,obm_spent_output_count_daily,714250,outputs,daily,OBM v0.1.0
2017-06-29,obm_spent_output_count_daily,543033,outputs,daily,OBM v0.1.0
2017-06-30,obm_spent_output_count_daily,692442,outputs,daily,OBM v0.1.0
2017-07-01,obm_spent_output_count_daily,685359,outputs,daily,OBM v0.1.0
2017-07-02,obm_spent_output_count_daily,661496,outputs,daily,OBM v0.1.0
2017-07-03,obm_spent_output_count_daily,655563,outputs,daily,OBM v0.1.0
2017-07-04,obm_spent_output_count_daily,643206,outputs,daily,OBM v0.1.0
2017-07-05,obm_spent_output_count_daily,615473,outputs,daily,OBM v0.1.0
2017-07-06,obm_spent_output_count_daily,617583,outputs,daily,OBM v0.1.0
2017-07-07,obm_spent_output_count_daily,640402,outputs,daily,OBM v0.1.0
2017-07-08,obm_spent_output_count_daily,632895,outputs,daily,OBM v0.1.0
2017-07-09,obm_spent_output_count_daily,492845,outputs,daily,OBM v0.1.0
2017-07-10,obm_spent_output_count_daily,687522,outputs,daily,OBM v0.1.0
2017-07-11,obm_spent_output_count_daily,698714,outputs,daily,OBM v0.1.0
2017-07-12,obm_spent_output_count_daily,723888,outputs,daily,OBM v0.1.0
2017-07-13,obm_spent_output_count_daily,617407,outputs,daily,OBM v0.1.0
2017-07-14,obm_spent_output_count_daily,567363,outputs,daily,OBM v0.1.0
2017-07-15,obm_spent_output_count_daily,595497,outputs,daily,OBM v0.1.0
2017-07-16,obm_spent_output_count_daily,625753,outputs,daily,OBM v0.1.0
2017-07-17,obm_spent_output_count_daily,650239,outputs,daily,OBM v0.1.0
2017-07-18,obm_spent_output_count_daily,735348,outputs,daily,OBM v0.1.0
2017-07-19,obm_spent_output_count_daily,669746,outputs,daily,OBM v0.1.0
2017-07-20,obm_spent_output_count_daily,664889,outputs,daily,OBM v0.1.0
2017-07-21,obm_spent_output_count_daily,705380,outputs,daily,OBM v0.1.0
2017-07-22,obm_spent_output_count_daily,683005,outputs,daily,OBM v0.1.0
2017-07-23,obm_spent_output_count_daily,533852,outputs,daily,OBM v0.1.0
2017-07-24,obm_spent_output_count_daily,714237,outputs,daily,OBM v0.1.0
2017-07-25,obm_spent_output_count_daily,635348,outputs,daily,OBM v0.1.0
2017-07-26,obm_spent_output_count_daily,666422,outputs,daily,OBM v0.1.0
2017-07-27,obm_spent_output_count_daily,679989,outputs,daily,OBM v0.1.0
2017-07-28,obm_spent_output_count_daily,653022,outputs,daily,OBM v0.1.0
2017-07-29,obm_spent_output_count_daily,689502,outputs,daily,OBM v0.1.0
2017-07-30,obm_spent_output_count_daily,599816,outputs,daily,OBM v0.1.0
2017-07-31,obm_spent_output_count_daily,665505,outputs,daily,OBM v0.1.0
2017-08-01,obm_spent_output_count_daily,513143,outputs,daily,OBM v0.1.0
2017-08-02,obm_spent_output_count_daily,677569,outputs,daily,OBM v0.1.0
2017-08-03,obm_spent_output_count_daily,590318,outputs,daily,OBM v0.1.0
2017-08-04,obm_spent_output_count_daily,752410,outputs,daily,OBM v0.1.0
2017-08-05,obm_spent_output_count_daily,720983,outputs,daily,OBM v0.1.0
2017-08-06,obm_spent_output_count_daily,528449,outputs,daily,OBM v0.1.0
2017-08-07,obm_spent_output_count_daily,673933,outputs,daily,OBM v0.1.0
2017-08-08,obm_spent_output_count_daily,753096,outputs,daily,OBM v0.1.0
2017-08-09,obm_spent_output_count_daily,611928,outputs,daily,OBM v0.1.0
2017-08-10,obm_spent_output_count_daily,624118,outputs,daily,OBM v0.1.0
2017-08-11,obm_spent_output_count_daily,657177,outputs,daily,OBM v0.1.0
2017-08-12,obm_spent_output_count_daily,628745,outputs,daily,OBM v0.1.0
2017-08-13,obm_spent_output_count_daily,696350,outputs,daily,OBM v0.1.0
2017-08-14,obm_spent_output_count_daily,583999,outputs,daily,OBM v0.1.0
2017-08-15,obm_spent_output_count_daily,676874,outputs,daily,OBM v0.1.0
2017-08-16,obm_spent_output_count_daily,570089,outputs,daily,OBM v0.1.0
2017-08-17,obm_spent_output_count_daily,852161,outputs,daily,OBM v0.1.0
2017-08-18,obm_spent_output_count_daily,668041,outputs,daily,OBM v0.1.0
2017-08-19,obm_spent_output_count_daily,684122,outputs,daily,OBM v0.1.0
2017-08-20,obm_spent_output_count_daily,587912,outputs,daily,OBM v0.1.0
2017-08-21,obm_spent_output_count_daily,516188,outputs,daily,OBM v0.1.0
2017-08-22,obm_spent_output_count_daily,396363,outputs,daily,OBM v0.1.0
2017-08-23,obm_spent_output_count_daily,749966,outputs,daily,OBM v0.1.0
2017-08-24,obm_spent_output_count_daily,447172,outputs,daily,OBM v0.1.0
2017-08-25,obm_spent_output_count_daily,420417,outputs,daily,OBM v0.1.0
2017-08-26,obm_spent_output_count_daily,483388,outputs,daily,OBM v0.1.0
2017-08-27,obm_spent_output_count_daily,756231,outputs,daily,OBM v0.1.0
2017-08-28,obm_spent_output_count_daily,583590,outputs,daily,OBM v0.1.0
2017-08-29,obm_spent_output_count_daily,724642,outputs,daily,OBM v0.1.0
2017-08-30,obm_spent_output_count_daily,802244,outputs,daily,OBM v0.1.0
2017-08-31,obm_spent_output_count_daily,763954,outputs,daily,OBM v0.1.0
2017-09-01,obm_spent_output_count_daily,778960,outputs,daily,OBM v0.1.0
2017-09-02,obm_spent_output_count_daily,632418,outputs,daily,OBM v0.1.0
2017-09-03,obm_spent_output_count_daily,552902,outputs,daily,OBM v0.1.0
2017-09-04,obm_spent_output_count_daily,757475,outputs,daily,OBM v0.1.0
2017-09-05,obm_spent_output_count_daily,714257,outputs,daily,OBM v0.1.0
2017-09-06,obm_spent_output_count_daily,697673,outputs,daily,OBM v0.1.0
2017-09-07,obm_spent_output_count_daily,696007,outputs,daily,OBM v0.1.0
2017-09-08,obm_spent_output_count_daily,731108,outputs,daily,OBM v0.1.0
2017-09-09,obm_spent_output_count_daily,566696,outputs,daily,OBM v0.1.0
2017-09-10,obm_spent_output_count_daily,516364,outputs,daily,OBM v0.1.0
2017-09-11,obm_spent_output_count_daily,673961,outputs,daily,OBM v0.1.0
2017-09-12,obm_spent_output_count_daily,625736,outputs,daily,OBM v0.1.0
2017-09-13,obm_spent_output_count_daily,644643,outputs,daily,OBM v0.1.0
2017-09-14,obm_spent_output_count_daily,678308,outputs,daily,OBM v0.1.0
2017-09-15,obm_spent_output_count_daily,712914,outputs,daily,OBM v0.1.0
2017-09-16,obm_spent_output_count_daily,566558,outputs,daily,OBM v0.1.0
2017-09-17,obm_spent_output_count_daily,489507,outputs,daily,OBM v0.1.0
2017-09-18,obm_spent_output_count_daily,564394,outputs,daily,OBM v0.1.0
2017-09-19,obm_spent_output_count_daily,732442,outputs,daily,OBM v0.1.0
2017-09-20,obm_spent_output_count_daily,523469,outputs,daily,OBM v0.1.0
2017-09-21,obm_spent_output_count_daily,625604,outputs,daily,OBM v0.1.0
2017-09-22,obm_spent_output_count_daily,520764,outputs,daily,OBM v0.1.0
2017-09-23,obm_spent_output_count_daily,479033,outputs,daily,OBM v0.1.0
2017-09-24,obm_spent_output_count_daily,450778,outputs,daily,OBM v0.1.0
2017-09-25,obm_spent_output_count_daily,543296,outputs,daily,OBM v0.1.0
2017-09-26,obm_spent_output_count_daily,641263,outputs,daily,OBM v0.1.0
2017-09-27,obm_spent_output_count_daily,587427,outputs,daily,OBM v0.1.0
2017-09-28,obm_spent_output_count_daily,690445,outputs,daily,OBM v0.1.0
2017-09-29,obm_spent_output_count_daily,646693,outputs,daily,OBM v0.1.0
2017-09-30,obm_spent_output_count_daily,516010,outputs,daily,OBM v0.1.0
2017-10-01,obm_spent_output_count_daily,586638,outputs,daily,OBM v0.1.0
2017-10-02,obm_spent_output_count_daily,697849,outputs,daily,OBM v0.1.0
2017-10-03,obm_spent_output_count_daily,741202,outputs,daily,OBM v0.1.0
2017-10-04,obm_spent_output_count_daily,523438,outputs,daily,OBM v0.1.0
2017-10-05,obm_spent_output_count_daily,602304,outputs,daily,OBM v0.1.0
2017-10-06,obm_spent_output_count_daily,704696,outputs,daily,OBM v0.1.0
2017-10-07,obm_spent_output_count_daily,584409,outputs,daily,OBM v0.1.0
2017-10-08,obm_spent_output_count_daily,638213,outputs,daily,OBM v0.1.0
2017-10-09,obm_spent_output_count_daily,715204,outputs,daily,OBM v0.1.0
2017-10-10,obm_spent_output_count_daily,740325,outputs,daily,OBM v0.1.0
2017-10-11,obm_spent_output_count_daily,661433,outputs,daily,OBM v0.1.0
2017-10-12,obm_spent_output_count_daily,699258,outputs,daily,OBM v0.1.0
2017-10-13,obm_spent_output_count_daily,624520,outputs,daily,OBM v0.1.0
2017-10-14,obm_spent_output_count_daily,672195,outputs,daily,OBM v0.1.0
2017-10-15,obm_spent_output_count_daily,806999,outputs,daily,OBM v0.1.0
2017-10-16,obm_spent_output_count_daily,731730,outputs,daily,OBM v0.1.0
2017-10-17,obm_spent_output_count_daily,744079,outputs,daily,OBM v0.1.0
2017-10-18,obm_spent_output_count_daily,695624,outputs,daily,OBM v0.1.0
2017-10-19,obm_spent_output_count_daily,827698,outputs,daily,OBM v0.1.0
2017-10-20,obm_spent_output_count_daily,776771,outputs,daily,OBM v0.1.0
2017-10-21,obm_spent_output_count_daily,723245,outputs,daily,OBM v0.1.0
2017-10-22,obm_spent_output_count_daily,889293,outputs,daily,OBM v0.1.0
2017-10-23,obm_spent_output_count_daily,789284,outputs,daily,OBM v0.1.0
2017-10-24,obm_spent_output_count_daily,819140,outputs,daily,OBM v0.1.0
2017-10-25,obm_spent_output_count_daily,844639,outputs,daily,OBM v0.1.0
2017-10-26,obm_spent_output_count_daily,607512,outputs,daily,OBM v0.1.0
2017-10-27,obm_spent_output_count_daily,476857,outputs,daily,OBM v0.1.0
2017-10-28,obm_spent_output_count_daily,383124,outputs,daily,OBM v0.1.0
2017-10-29,obm_spent_output_count_daily,748125,outputs,daily,OBM v0.1.0
2017-10-30,obm_spent_output_count_daily,719081,outputs,daily,OBM v0.1.0
2017-10-31,obm_spent_output_count_daily,675422,outputs,daily,OBM v0.1.0
2017-11-01,obm_spent_output_count_daily,767583,outputs,daily,OBM v0.1.0
2017-11-02,obm_spent_output_count_daily,729381,outputs,daily,OBM v0.1.0
2017-11-03,obm_spent_output_count_daily,551261,outputs,daily,OBM v0.1.0
2017-11-04,obm_spent_output_count_daily,638801,outputs,daily,OBM v0.1.0
2017-11-05,obm_spent_output_count_daily,675967,outputs,daily,OBM v0.1.0
2017-11-06,obm_spent_output_count_daily,644672,outputs,daily,OBM v0.1.0
2017-11-07,obm_spent_output_count_daily,739546,outputs,daily,OBM v0.1.0
2017-11-08,obm_spent_output_count_daily,695556,outputs,daily,OBM v0.1.0
2017-11-09,obm_spent_output_count_daily,746314,outputs,daily,OBM v0.1.0
2017-11-10,obm_spent_output_count_daily,582546,outputs,daily,OBM v0.1.0
2017-11-11,obm_spent_output_count_daily,380705,outputs,daily,OBM v0.1.0
2017-11-12,obm_spent_output_count_daily,389853,outputs,daily,OBM v0.1.0
2017-11-13,obm_spent_output_count_daily,668821,outputs,daily,OBM v0.1.0
2017-11-14,obm_spent_output_count_daily,609764,outputs,daily,OBM v0.1.0
2017-11-15,obm_spent_output_count_daily,752398,outputs,daily,OBM v0.1.0
2017-11-16,obm_spent_output_count_daily,740903,outputs,daily,OBM v0.1.0
2017-11-17,obm_spent_output_count_daily,835867,outputs,daily,OBM v0.1.0
2017-11-18,obm_spent_output_count_daily,690506,outputs,daily,OBM v0.1.0
2017-11-19,obm_spent_output_count_daily,823484,outputs,daily,OBM v0.1.0
2017-11-20,obm_spent_output_count_daily,836496,outputs,daily,OBM v0.1.0
2017-11-21,obm_spent_output_count_daily,839115,outputs,daily,OBM v0.1.0
2017-11-22,obm_spent_output_count_daily,731537,outputs,daily,OBM v0.1.0
2017-11-23,obm_spent_output_count_daily,773495,outputs,daily,OBM v0.1.0
2017-11-24,obm_spent_output_count_daily,725838,outputs,daily,OBM v0.1.0
2017-11-25,obm_spent_output_count_daily,776794,outputs,daily,OBM v0.1.0
2017-11-26,obm_spent_output_count_daily,757956,outputs,daily,OBM v0.1.0
2017-11-27,obm_spent_output_count_daily,830170,outputs,daily,OBM v0.1.0
2017-11-28,obm_spent_output_count_daily,764171,outputs,daily,OBM v0.1.0
2017-11-29,obm_spent_output_count_daily,847575,outputs,daily,OBM v0.1.0
2017-11-30,obm_spent_output_count_daily,821909,outputs,daily,OBM v0.1.0
2017-12-01,obm_spent_output_count_daily,905994,outputs,daily,OBM v0.1.0
2017-12-02,obm_spent_output_count_daily,789747,outputs,daily,OBM v0.1.0
2017-12-03,obm_spent_output_count_daily,847573,outputs,daily,OBM v0.1.0
2017-12-04,obm_spent_output_count_daily,901937,outputs,daily,OBM v0.1.0
2017-12-05,obm_spent_output_count_daily,874926,outputs,daily,OBM v0.1.0
2017-12-06,obm_spent_output_count_daily,915515,outputs,daily,OBM v0.1.0
2017-12-07,obm_spent_output_count_daily,710337,outputs,daily,OBM v0.1.0
2017-12-08,obm_spent_output_count_daily,742167,outputs,daily,OBM v0.1.0
2017-12-09,obm_spent_output_count_daily,863204,outputs,daily,OBM v0.1.0
2017-12-10,obm_spent_output_count_daily,858122,outputs,daily,OBM v0.1.0
2017-12-11,obm_spent_output_count_daily,853912,outputs,daily,OBM v0.1.0
2017-12-12,obm_spent_output_count_daily,762972,outputs,daily,OBM v0.1.0
2017-12-13,obm_spent_output_count_daily,937914,outputs,daily,OBM v0.1.0
2017-12-14,obm_spent_output_count_daily,888006,outputs,daily,OBM v0.1.0
2017-12-15,obm_spent_output_count_daily,835036,outputs,daily,OBM v0.1.0
2017-12-16,obm_spent_output_count_daily,890026,outputs,daily,OBM v0.1.0
2017-12-17,obm_spent_output_count_daily,927302,outputs,daily,OBM v0.1.0
2017-12-18,obm_spent_output_count_daily,907184,outputs,daily,OBM v0.1.0
2017-12-19,obm_spent_output_count_daily,667028,outputs,daily,OBM v0.1.0
2017-12-20,obm_spent_output_count_daily,659151,outputs,daily,OBM v0.1.0
2017-12-21,obm_spent_output_count_daily,609278,outputs,daily,OBM v0.1.0
2017-12-22,obm_spent_output_count_daily,761980,outputs,daily,OBM v0.1.0
2017-12-23,obm_spent_output_count_daily,685789,outputs,daily,OBM v0.1.0
2017-12-24,obm_spent_output_count_daily,809749,outputs,daily,OBM v0.1.0
2017-12-25,obm_spent_output_count_daily,710756,outputs,daily,OBM v0.1.0
2017-12-26,obm_spent_output_count_daily,745470,outputs,daily,OBM v0.1.0
2017-12-27,obm_spent_output_count_daily,803047,outputs,daily,OBM v0.1.0
2017-12-28,obm_spent_output_count_daily,767445,outputs,daily,OBM v0.1.0
2017-12-29,obm_spent_output_count_daily,840315,outputs,daily,OBM v0.1.0
2017-12-30,obm_spent_output_count_daily,718060,outputs,daily,OBM v0.1.0
2017-12-31,obm_spent_output_count_daily,855744,outputs,daily,OBM v0.1.0
2018-01-01,obm_spent_output_count_daily,846239,outputs,daily,OBM v0.1.0
2018-01-02,obm_spent_output_count_daily,877875,outputs,daily,OBM v0.1.0
2018-01-03,obm_spent_output_count_daily,771447,outputs,daily,OBM v0.1.0
2018-01-04,obm_spent_output_count_daily,805066,outputs,daily,OBM v0.1.0
2018-01-05,obm_spent_output_count_daily,685154,outputs,daily,OBM v0.1.0
2018-01-06,obm_spent_output_count_daily,845782,outputs,daily,OBM v0.1.0
2018-01-07,obm_spent_output_count_daily,790810,outputs,daily,OBM v0.1.0
2018-01-08,obm_spent_output_count_daily,826015,outputs,daily,OBM v0.1.0
2018-01-09,obm_spent_output_count_daily,810218,outputs,daily,OBM v0.1.0
2018-01-10,obm_spent_output_count_daily,835414,outputs,daily,OBM v0.1.0
2018-01-11,obm_spent_output_count_daily,1030433,outputs,daily,OBM v0.1.0
2018-01-12,obm_spent_output_count_daily,964624,outputs,daily,OBM v0.1.0
2018-01-13,obm_spent_output_count_daily,751342,outputs,daily,OBM v0.1.0
2018-01-14,obm_spent_output_count_daily,799334,outputs,daily,OBM v0.1.0
2018-01-15,obm_spent_output_count_daily,748467,outputs,daily,OBM v0.1.0
2018-01-16,obm_spent_output_count_daily,781091,outputs,daily,OBM v0.1.0
2018-01-17,obm_spent_output_count_daily,880459,outputs,daily,OBM v0.1.0
2018-01-18,obm_spent_output_count_daily,892430,outputs,daily,OBM v0.1.0
2018-01-19,obm_spent_output_count_daily,912118,outputs,daily,OBM v0.1.0
2018-01-20,obm_spent_output_count_daily,969672,outputs,daily,OBM v0.1.0
2018-01-21,obm_spent_output_count_daily,1006646,outputs,daily,OBM v0.1.0
2018-01-22,obm_spent_output_count_daily,902490,outputs,daily,OBM v0.1.0
2018-01-23,obm_spent_output_count_daily,923280,outputs,daily,OBM v0.1.0
2018-01-24,obm_spent_output_count_daily,903128,outputs,daily,OBM v0.1.0
2018-01-25,obm_spent_output_count_daily,829767,outputs,daily,OBM v0.1.0
2018-01-26,obm_spent_output_count_daily,771068,outputs,daily,OBM v0.1.0
2018-01-27,obm_spent_output_count_daily,784576,outputs,daily,OBM v0.1.0
2018-01-28,obm_spent_output_count_daily,747697,outputs,daily,OBM v0.1.0
2018-01-29,obm_spent_output_count_daily,693715,outputs,daily,OBM v0.1.0
2018-01-30,obm_spent_output_count_daily,788058,outputs,daily,OBM v0.1.0
2018-01-31,obm_spent_output_count_daily,565434,outputs,daily,OBM v0.1.0
2018-02-01,obm_spent_output_count_daily,788767,outputs,daily,OBM v0.1.0
2018-02-02,obm_spent_output_count_daily,829256,outputs,daily,OBM v0.1.0
2018-02-03,obm_spent_output_count_daily,745859,outputs,daily,OBM v0.1.0
2018-02-04,obm_spent_output_count_daily,790909,outputs,daily,OBM v0.1.0
2018-02-05,obm_spent_output_count_daily,983981,outputs,daily,OBM v0.1.0
2018-02-06,obm_spent_output_count_daily,933122,outputs,daily,OBM v0.1.0
2018-02-07,obm_spent_output_count_daily,756083,outputs,daily,OBM v0.1.0
2018-02-08,obm_spent_output_count_daily,733439,outputs,daily,OBM v0.1.0
2018-02-09,obm_spent_output_count_daily,751986,outputs,daily,OBM v0.1.0
2018-02-10,obm_spent_output_count_daily,792718,outputs,daily,OBM v0.1.0
2018-02-11,obm_spent_output_count_daily,846188,outputs,daily,OBM v0.1.0
2018-02-12,obm_spent_output_count_daily,934121,outputs,daily,OBM v0.1.0
2018-02-13,obm_spent_output_count_daily,910668,outputs,daily,OBM v0.1.0
2018-02-14,obm_spent_output_count_daily,1003615,outputs,daily,OBM v0.1.0
2018-02-15,obm_spent_output_count_daily,703699,outputs,daily,OBM v0.1.0
2018-02-16,obm_spent_output_count_daily,788276,outputs,daily,OBM v0.1.0
2018-02-17,obm_spent_output_count_daily,764135,outputs,daily,OBM v0.1.0
2018-02-18,obm_spent_output_count_daily,837373,outputs,daily,OBM v0.1.0
2018-02-19,obm_spent_output_count_daily,841925,outputs,daily,OBM v0.1.0
2018-02-20,obm_spent_output_count_daily,708905,outputs,daily,OBM v0.1.0
2018-02-21,obm_spent_output_count_daily,703630,outputs,daily,OBM v0.1.0
2018-02-22,obm_spent_output_count_daily,630927,outputs,daily,OBM v0.1.0
2018-02-23,obm_spent_output_count_daily,745090,outputs,daily,OBM v0.1.0
2018-02-24,obm_spent_output_count_daily,743327,outputs,daily,OBM v0.1.0
2018-02-25,obm_spent_output_count_daily,512811,outputs,daily,OBM v0.1.0
2018-02-26,obm_spent_output_count_daily,658444,outputs,daily,OBM v0.1.0
2018-02-27,obm_spent_output_count_daily,715398,outputs,daily,OBM v0.1.0
2018-02-28,obm_spent_output_count_daily,764558,outputs,daily,OBM v0.1.0
2018-03-01,obm_spent_output_count_daily,789747,outputs,daily,OBM v0.1.0
2018-03-02,obm_spent_output_count_daily,634378,outputs,daily,OBM v0.1.0
2018-03-03,obm_spent_output_count_daily,941701,outputs,daily,OBM v0.1.0
2018-03-04,obm_spent_output_count_daily,792198,outputs,daily,OBM v0.1.0
2018-03-05,obm_spent_output_count_daily,782374,outputs,daily,OBM v0.1.0
2018-03-06,obm_spent_output_count_daily,857301,outputs,daily,OBM v0.1.0
2018-03-07,obm_spent_output_count_daily,854344,outputs,daily,OBM v0.1.0
2018-03-08,obm_spent_output_count_daily,883392,outputs,daily,OBM v0.1.0
2018-03-09,obm_spent_output_count_daily,762172,outputs,daily,OBM v0.1.0
2018-03-10,obm_spent_output_count_daily,775194,outputs,daily,OBM v0.1.0
2018-03-11,obm_spent_output_count_daily,862729,outputs,daily,OBM v0.1.0
2018-03-12,obm_spent_output_count_daily,797550,outputs,daily,OBM v0.1.0
2018-03-13,obm_spent_output_count_daily,679873,outputs,daily,OBM v0.1.0
2018-03-14,obm_spent_output_count_daily,505577,outputs,daily,OBM v0.1.0
2018-03-15,obm_spent_output_count_daily,525712,outputs,daily,OBM v0.1.0
2018-03-16,obm_spent_output_count_daily,482256,outputs,daily,OBM v0.1.0
2018-03-17,obm_spent_output_count_daily,354373,outputs,daily,OBM v0.1.0
2018-03-18,obm_spent_output_count_daily,457886,outputs,daily,OBM v0.1.0
2018-03-19,obm_spent_output_count_daily,495865,outputs,daily,OBM v0.1.0
2018-03-20,obm_spent_output_count_daily,469661,outputs,daily,OBM v0.1.0
2018-03-21,obm_spent_output_count_daily,479075,outputs,daily,OBM v0.1.0
2018-03-22,obm_spent_output_count_daily,553143,outputs,daily,OBM v0.1.0
2018-03-23,obm_spent_output_count_daily,530354,outputs,daily,OBM v0.1.0
2018-03-24,obm_spent_output_count_daily,452970,outputs,daily,OBM v0.1.0
2018-03-25,obm_spent_output_count_daily,367357,outputs,daily,OBM v0.1.0
2018-03-26,obm_spent_output_count_daily,517926,outputs,daily,OBM v0.1.0
2018-03-27,obm_spent_output_count_daily,543663,outputs,daily,OBM v0.1.0
2018-03-28,obm_spent_output_count_daily,458284,outputs,daily,OBM v0.1.0
2018-03-29,obm_spent_output_count_daily,485698,outputs,daily,OBM v0.1.0
2018-03-30,obm_spent_output_count_daily,454343,outputs,daily,OBM v0.1.0
2018-03-31,obm_spent_output_count_daily,404973,outputs,daily,OBM v0.1.0
2018-04-01,obm_spent_output_count_daily,342641,outputs,daily,OBM v0.1.0
2018-04-02,obm_spent_output_count_daily,411811,outputs,daily,OBM v0.1.0
2018-04-03,obm_spent_output_count_daily,524694,outputs,daily,OBM v0.1.0
2018-04-04,obm_spent_output_count_daily,479649,outputs,daily,OBM v0.1.0
2018-04-05,obm_spent_output_count_daily,457409,outputs,daily,OBM v0.1.0
2018-04-06,obm_spent_output_count_daily,502703,outputs,daily,OBM v0.1.0
2018-04-07,obm_spent_output_count_daily,463282,outputs,daily,OBM v0.1.0
2018-04-08,obm_spent_output_count_daily,320148,outputs,daily,OBM v0.1.0
2018-04-09,obm_spent_output_count_daily,495267,outputs,daily,OBM v0.1.0
2018-04-10,obm_spent_output_count_daily,492446,outputs,daily,OBM v0.1.0
2018-04-11,obm_spent_output_count_daily,496684,outputs,daily,OBM v0.1.0
2018-04-12,obm_spent_output_count_daily,568191,outputs,daily,OBM v0.1.0
2018-04-13,obm_spent_output_count_daily,545304,outputs,daily,OBM v0.1.0
2018-04-14,obm_spent_output_count_daily,466210,outputs,daily,OBM v0.1.0
2018-04-15,obm_spent_output_count_daily,584341,outputs,daily,OBM v0.1.0
2018-04-16,obm_spent_output_count_daily,704300,outputs,daily,OBM v0.1.0
2018-04-17,obm_spent_output_count_daily,575253,outputs,daily,OBM v0.1.0
2018-04-18,obm_spent_output_count_daily,504135,outputs,daily,OBM v0.1.0
2018-04-19,obm_spent_output_count_daily,515510,outputs,daily,OBM v0.1.0
2018-04-20,obm_spent_output_count_daily,513783,outputs,daily,OBM v0.1.0
2018-04-21,obm_spent_output_count_daily,578922,outputs,daily,OBM v0.1.0
2018-04-22,obm_spent_output_count_daily,402611,outputs,daily,OBM v0.1.0
2018-04-23,obm_spent_output_count_daily,542705,outputs,daily,OBM v0.1.0
2018-04-24,obm_spent_output_count_daily,737920,outputs,daily,OBM v0.1.0
2018-04-25,obm_spent_output_count_daily,623845,outputs,daily,OBM v0.1.0
2018-04-26,obm_spent_output_count_daily,576514,outputs,daily,OBM v0.1.0
2018-04-27,obm_spent_output_count_daily,600579,outputs,daily,OBM v0.1.0
2018-04-28,obm_spent_output_count_daily,482039,outputs,daily,OBM v0.1.0
2018-04-29,obm_spent_output_count_daily,458947,outputs,daily,OBM v0.1.0
2018-04-30,obm_spent_output_count_daily,554011,outputs,daily,OBM v0.1.0
2018-05-01,obm_spent_output_count_daily,492702,outputs,daily,OBM v0.1.0
2018-05-02,obm_spent_output_count_daily,600849,outputs,daily,OBM v0.1.0
2018-05-03,obm_spent_output_count_daily,610430,outputs,daily,OBM v0.1.0
2018-05-04,obm_spent_output_count_daily,626755,outputs,daily,OBM v0.1.0
2018-05-05,obm_spent_output_count_daily,561399,outputs,daily,OBM v0.1.0
2018-05-06,obm_spent_output_count_daily,488927,outputs,daily,OBM v0.1.0
2018-05-07,obm_spent_output_count_daily,637417,outputs,daily,OBM v0.1.0
2018-05-08,obm_spent_output_count_daily,614806,outputs,daily,OBM v0.1.0
2018-05-09,obm_spent_output_count_daily,544842,outputs,daily,OBM v0.1.0
2018-05-10,obm_spent_output_count_daily,541614,outputs,daily,OBM v0.1.0
2018-05-11,obm_spent_output_count_daily,659780,outputs,daily,OBM v0.1.0
2018-05-12,obm_spent_output_count_daily,501831,outputs,daily,OBM v0.1.0
2018-05-13,obm_spent_output_count_daily,404624,outputs,daily,OBM v0.1.0
2018-05-14,obm_spent_output_count_daily,549176,outputs,daily,OBM v0.1.0
2018-05-15,obm_spent_output_count_daily,531644,outputs,daily,OBM v0.1.0
2018-05-16,obm_spent_output_count_daily,506334,outputs,daily,OBM v0.1.0
2018-05-17,obm_spent_output_count_daily,566543,outputs,daily,OBM v0.1.0
2018-05-18,obm_spent_output_count_daily,598157,outputs,daily,OBM v0.1.0
2018-05-19,obm_spent_output_count_daily,422259,outputs,daily,OBM v0.1.0
2018-05-20,obm_spent_output_count_daily,372312,outputs,daily,OBM v0.1.0
2018-05-21,obm_spent_output_count_daily,583923,outputs,daily,OBM v0.1.0
2018-05-22,obm_spent_output_count_daily,497718,outputs,daily,OBM v0.1.0
2018-05-23,obm_spent_output_count_daily,568366,outputs,daily,OBM v0.1.0
2018-05-24,obm_spent_output_count_daily,475955,outputs,daily,OBM v0.1.0
2018-05-25,obm_spent_output_count_daily,517097,outputs,daily,OBM v0.1.0
2018-05-26,obm_spent_output_count_daily,365403,outputs,daily,OBM v0.1.0
2018-05-27,obm_spent_output_count_daily,339248,outputs,daily,OBM v0.1.0
2018-05-28,obm_spent_output_count_daily,547049,outputs,daily,OBM v0.1.0
2018-05-29,obm_spent_output_count_daily,547317,outputs,daily,OBM v0.1.0
2018-05-30,obm_spent_output_count_daily,517638,outputs,daily,OBM v0.1.0
2018-05-31,obm_spent_output_count_daily,565708,outputs,daily,OBM v0.1.0
2018-06-01,obm_spent_output_count_daily,532899,outputs,daily,OBM v0.1.0
2018-06-02,obm_spent_output_count_daily,438760,outputs,daily,OBM v0.1.0
2018-06-03,obm_spent_output_count_daily,534531,outputs,daily,OBM v0.1.0
2018-06-04,obm_spent_output_count_daily,806417,outputs,daily,OBM v0.1.0
2018-06-05,obm_spent_output_count_daily,652861,outputs,daily,OBM v0.1.0
2018-06-06,obm_spent_output_count_daily,643489,outputs,daily,OBM v0.1.0
2018-06-07,obm_spent_output_count_daily,660107,outputs,daily,OBM v0.1.0
2018-06-08,obm_spent_output_count_daily,582238,outputs,daily,OBM v0.1.0
2018-06-09,obm_spent_output_count_daily,431643,outputs,daily,OBM v0.1.0
2018-06-10,obm_spent_output_count_daily,454027,outputs,daily,OBM v0.1.0
2018-06-11,obm_spent_output_count_daily,516491,outputs,daily,OBM v0.1.0
2018-06-12,obm_spent_output_count_daily,660197,outputs,daily,OBM v0.1.0
2018-06-13,obm_spent_output_count_daily,606533,outputs,daily,OBM v0.1.0
2018-06-14,obm_spent_output_count_daily,522385,outputs,daily,OBM v0.1.0
2018-06-15,obm_spent_output_count_daily,588244,outputs,daily,OBM v0.1.0
2018-06-16,obm_spent_output_count_daily,360115,outputs,daily,OBM v0.1.0
2018-06-17,obm_spent_output_count_daily,360226,outputs,daily,OBM v0.1.0
2018-06-18,obm_spent_output_count_daily,500777,outputs,daily,OBM v0.1.0
2018-06-19,obm_spent_output_count_daily,730292,outputs,daily,OBM v0.1.0
2018-06-20,obm_spent_output_count_daily,920644,outputs,daily,OBM v0.1.0
2018-06-21,obm_spent_output_count_daily,486430,outputs,daily,OBM v0.1.0
2018-06-22,obm_spent_output_count_daily,545472,outputs,daily,OBM v0.1.0
2018-06-23,obm_spent_output_count_daily,397025,outputs,daily,OBM v0.1.0
2018-06-24,obm_spent_output_count_daily,384419,outputs,daily,OBM v0.1.0
2018-06-25,obm_spent_output_count_daily,631941,outputs,daily,OBM v0.1.0
2018-06-26,obm_spent_output_count_daily,656646,outputs,daily,OBM v0.1.0
2018-06-27,obm_spent_output_count_daily,573698,outputs,daily,OBM v0.1.0
2018-06-28,obm_spent_output_count_daily,506435,outputs,daily,OBM v0.1.0
2018-06-29,obm_spent_output_count_daily,499025,outputs,daily,OBM v0.1.0
2018-06-30,obm_spent_output_count_daily,602974,outputs,daily,OBM v0.1.0
2018-07-01,obm_spent_output_count_daily,458729,outputs,daily,OBM v0.1.0
2018-07-02,obm_spent_output_count_daily,624459,outputs,daily,OBM v0.1.0
2018-07-03,obm_spent_output_count_daily,626967,outputs,daily,OBM v0.1.0
2018-07-04,obm_spent_output_count_daily,558144,outputs,daily,OBM v0.1.0
2018-07-05,obm_spent_output_count_daily,508065,outputs,daily,OBM v0.1.0
2018-07-06,obm_spent_output_count_daily,492480,outputs,daily,OBM v0.1.0
2018-07-07,obm_spent_output_count_daily,393675,outputs,daily,OBM v0.1.0
2018-07-08,obm_spent_output_count_daily,431317,outputs,daily,OBM v0.1.0
2018-07-09,obm_spent_output_count_daily,641457,outputs,daily,OBM v0.1.0
2018-07-10,obm_spent_output_count_daily,675811,outputs,daily,OBM v0.1.0
2018-07-11,obm_spent_output_count_daily,611042,outputs,daily,OBM v0.1.0
2018-07-12,obm_spent_output_count_daily,907009,outputs,daily,OBM v0.1.0
2018-07-13,obm_spent_output_count_daily,842270,outputs,daily,OBM v0.1.0
2018-07-14,obm_spent_output_count_daily,786962,outputs,daily,OBM v0.1.0
2018-07-15,obm_spent_output_count_daily,491770,outputs,daily,OBM v0.1.0
2018-07-16,obm_spent_output_count_daily,520640,outputs,daily,OBM v0.1.0
2018-07-17,obm_spent_output_count_daily,676978,outputs,daily,OBM v0.1.0
2018-07-18,obm_spent_output_count_daily,809987,outputs,daily,OBM v0.1.0
2018-07-19,obm_spent_output_count_daily,585077,outputs,daily,OBM v0.1.0
2018-07-20,obm_spent_output_count_daily,590012,outputs,daily,OBM v0.1.0
2018-07-21,obm_spent_output_count_daily,467104,outputs,daily,OBM v0.1.0
2018-07-22,obm_spent_output_count_daily,378699,outputs,daily,OBM v0.1.0
2018-07-23,obm_spent_output_count_daily,673458,outputs,daily,OBM v0.1.0
2018-07-24,obm_spent_output_count_daily,654138,outputs,daily,OBM v0.1.0
2018-07-25,obm_spent_output_count_daily,746071,outputs,daily,OBM v0.1.0
2018-07-26,obm_spent_output_count_daily,574283,outputs,daily,OBM v0.1.0
2018-07-27,obm_spent_output_count_daily,639104,outputs,daily,OBM v0.1.0
2018-07-28,obm_spent_output_count_daily,525054,outputs,daily,OBM v0.1.0
2018-07-29,obm_spent_output_count_daily,430638,outputs,daily,OBM v0.1.0
2018-07-30,obm_spent_output_count_daily,577519,outputs,daily,OBM v0.1.0
2018-07-31,obm_spent_output_count_daily,638808,outputs,daily,OBM v0.1.0
2018-08-01,obm_spent_output_count_daily,655335,outputs,daily,OBM v0.1.0
2018-08-02,obm_spent_output_count_daily,580842,outputs,daily,OBM v0.1.0
2018-08-03,obm_spent_output_count_daily,629334,outputs,daily,OBM v0.1.0
2018-08-04,obm_spent_output_count_daily,460484,outputs,daily,OBM v0.1.0
2018-08-05,obm_spent_output_count_daily,423080,outputs,daily,OBM v0.1.0
2018-08-06,obm_spent_output_count_daily,611511,outputs,daily,OBM v0.1.0
2018-08-07,obm_spent_output_count_daily,684192,outputs,daily,OBM v0.1.0
2018-08-08,obm_spent_output_count_daily,592790,outputs,daily,OBM v0.1.0
2018-08-09,obm_spent_output_count_daily,552984,outputs,daily,OBM v0.1.0
2018-08-10,obm_spent_output_count_daily,633165,outputs,daily,OBM v0.1.0
2018-08-11,obm_spent_output_count_daily,482847,outputs,daily,OBM v0.1.0
2018-08-12,obm_spent_output_count_daily,419695,outputs,daily,OBM v0.1.0
2018-08-13,obm_spent_output_count_daily,610941,outputs,daily,OBM v0.1.0
2018-08-14,obm_spent_output_count_daily,620458,outputs,daily,OBM v0.1.0
2018-08-15,obm_spent_output_count_daily,579828,outputs,daily,OBM v0.1.0
2018-08-16,obm_spent_output_count_daily,554521,outputs,daily,OBM v0.1.0
2018-08-17,obm_spent_output_count_daily,583989,outputs,daily,OBM v0.1.0
2018-08-18,obm_spent_output_count_daily,435505,outputs,daily,OBM v0.1.0
2018-08-19,obm_spent_output_count_daily,419282,outputs,daily,OBM v0.1.0
2018-08-20,obm_spent_output_count_daily,573862,outputs,daily,OBM v0.1.0
2018-08-21,obm_spent_output_count_daily,531434,outputs,daily,OBM v0.1.0
2018-08-22,obm_spent_output_count_daily,570190,outputs,daily,OBM v0.1.0
2018-08-23,obm_spent_output_count_daily,512564,outputs,daily,OBM v0.1.0
2018-08-24,obm_spent_output_count_daily,555172,outputs,daily,OBM v0.1.0
2018-08-25,obm_spent_output_count_daily,485388,outputs,daily,OBM v0.1.0
2018-08-26,obm_spent_output_count_daily,482596,outputs,daily,OBM v0.1.0
2018-08-27,obm_spent_output_count_daily,629123,outputs,daily,OBM v0.1.0
2018-08-28,obm_spent_output_count_daily,652005,outputs,daily,OBM v0.1.0
2018-08-29,obm_spent_output_count_daily,593288,outputs,daily,OBM v0.1.0
2018-08-30,obm_spent_output_count_daily,580847,outputs,daily,OBM v0.1.0
2018-08-31,obm_spent_output_count_daily,582188,outputs,daily,OBM v0.1.0
2018-09-01,obm_spent_output_count_daily,553016,outputs,daily,OBM v0.1.0
2018-09-02,obm_spent_output_count_daily,431685,outputs,daily,OBM v0.1.0
2018-09-03,obm_spent_output_count_daily,580187,outputs,daily,OBM v0.1.0
2018-09-04,obm_spent_output_count_daily,564661,outputs,daily,OBM v0.1.0
2018-09-05,obm_spent_output_count_daily,611436,outputs,daily,OBM v0.1.0
2018-09-06,obm_spent_output_count_daily,626296,outputs,daily,OBM v0.1.0
2018-09-07,obm_spent_output_count_daily,641097,outputs,daily,OBM v0.1.0
2018-09-08,obm_spent_output_count_daily,508375,outputs,daily,OBM v0.1.0
2018-09-09,obm_spent_output_count_daily,477924,outputs,daily,OBM v0.1.0
2018-09-10,obm_spent_output_count_daily,573002,outputs,daily,OBM v0.1.0
2018-09-11,obm_spent_output_count_daily,648902,outputs,daily,OBM v0.1.0
2018-09-12,obm_spent_output_count_daily,557472,outputs,daily,OBM v0.1.0
2018-09-13,obm_spent_output_count_daily,570252,outputs,daily,OBM v0.1.0
2018-09-14,obm_spent_output_count_daily,603963,outputs,daily,OBM v0.1.0
2018-09-15,obm_spent_output_count_daily,506430,outputs,daily,OBM v0.1.0
2018-09-16,obm_spent_output_count_daily,402816,outputs,daily,OBM v0.1.0
2018-09-17,obm_spent_output_count_daily,563857,outputs,daily,OBM v0.1.0
2018-09-18,obm_spent_output_count_daily,602511,outputs,daily,OBM v0.1.0
2018-09-19,obm_spent_output_count_daily,578413,outputs,daily,OBM v0.1.0
2018-09-20,obm_spent_output_count_daily,569081,outputs,daily,OBM v0.1.0
2018-09-21,obm_spent_output_count_daily,664062,outputs,daily,OBM v0.1.0
2018-09-22,obm_spent_output_count_daily,514820,outputs,daily,OBM v0.1.0
2018-09-23,obm_spent_output_count_daily,442073,outputs,daily,OBM v0.1.0
2018-09-24,obm_spent_output_count_daily,550197,outputs,daily,OBM v0.1.0
2018-09-25,obm_spent_output_count_daily,591380,outputs,daily,OBM v0.1.0
2018-09-26,obm_spent_output_count_daily,578517,outputs,daily,OBM v0.1.0
2018-09-27,obm_spent_output_count_daily,578786,outputs,daily,OBM v0.1.0
2018-09-28,obm_spent_output_count_daily,596093,outputs,daily,OBM v0.1.0
2018-09-29,obm_spent_output_count_daily,476215,outputs,daily,OBM v0.1.0
2018-09-30,obm_spent_output_count_daily,465743,outputs,daily,OBM v0.1.0
2018-10-01,obm_spent_output_count_daily,637002,outputs,daily,OBM v0.1.0
2018-10-02,obm_spent_output_count_daily,650014,outputs,daily,OBM v0.1.0
2018-10-03,obm_spent_output_count_daily,545441,outputs,daily,OBM v0.1.0
2018-10-04,obm_spent_output_count_daily,539362,outputs,daily,OBM v0.1.0
2018-10-05,obm_spent_output_count_daily,568899,outputs,daily,OBM v0.1.0
2018-10-06,obm_spent_output_count_daily,524284,outputs,daily,OBM v0.1.0
2018-10-07,obm_spent_output_count_daily,538919,outputs,daily,OBM v0.1.0
2018-10-08,obm_spent_output_count_daily,599153,outputs,daily,OBM v0.1.0
2018-10-09,obm_spent_output_count_daily,565483,outputs,daily,OBM v0.1.0
2018-10-10,obm_spent_output_count_daily,569674,outputs,daily,OBM v0.1.0
2018-10-11,obm_spent_output_count_daily,649445,outputs,daily,OBM v0.1.0
2018-10-12,obm_spent_output_count_daily,658402,outputs,daily,OBM v0.1.0
2018-10-13,obm_spent_output_count_daily,525541,outputs,daily,OBM v0.1.0
2018-10-14,obm_spent_output_count_daily,481215,outputs,daily,OBM v0.1.0
2018-10-15,obm_spent_output_count_daily,687896,outputs,daily,OBM v0.1.0
2018-10-16,obm_spent_output_count_daily,648064,outputs,daily,OBM v0.1.0
2018-10-17,obm_spent_output_count_daily,660202,outputs,daily,OBM v0.1.0
2018-10-18,obm_spent_output_count_daily,615381,outputs,daily,OBM v0.1.0
2018-10-19,obm_spent_output_count_daily,657407,outputs,daily,OBM v0.1.0
2018-10-20,obm_spent_output_count_daily,549869,outputs,daily,OBM v0.1.0
2018-10-21,obm_spent_output_count_daily,501296,outputs,daily,OBM v0.1.0
2018-10-22,obm_spent_output_count_daily,649654,outputs,daily,OBM v0.1.0
2018-10-23,obm_spent_output_count_daily,645905,outputs,daily,OBM v0.1.0
2018-10-24,obm_spent_output_count_daily,595572,outputs,daily,OBM v0.1.0
2018-10-25,obm_spent_output_count_daily,653374,outputs,daily,OBM v0.1.0
2018-10-26,obm_spent_output_count_daily,687500,outputs,daily,OBM v0.1.0
2018-10-27,obm_spent_output_count_daily,549704,outputs,daily,OBM v0.1.0
2018-10-28,obm_spent_output_count_daily,512379,outputs,daily,OBM v0.1.0
2018-10-29,obm_spent_output_count_daily,659200,outputs,daily,OBM v0.1.0
2018-10-30,obm_spent_output_count_daily,662624,outputs,daily,OBM v0.1.0
2018-10-31,obm_spent_output_count_daily,669008,outputs,daily,OBM v0.1.0
2018-11-01,obm_spent_output_count_daily,674952,outputs,daily,OBM v0.1.0
2018-11-02,obm_spent_output_count_daily,718085,outputs,daily,OBM v0.1.0
2018-11-03,obm_spent_output_count_daily,614526,outputs,daily,OBM v0.1.0
2018-11-04,obm_spent_output_count_daily,600626,outputs,daily,OBM v0.1.0
2018-11-05,obm_spent_output_count_daily,674553,outputs,daily,OBM v0.1.0
2018-11-06,obm_spent_output_count_daily,615709,outputs,daily,OBM v0.1.0
2018-11-07,obm_spent_output_count_daily,664522,outputs,daily,OBM v0.1.0
2018-11-08,obm_spent_output_count_daily,649275,outputs,daily,OBM v0.1.0
2018-11-09,obm_spent_output_count_daily,649296,outputs,daily,OBM v0.1.0
2018-11-10,obm_spent_output_count_daily,552048,outputs,daily,OBM v0.1.0
2018-11-11,obm_spent_output_count_daily,554814,outputs,daily,OBM v0.1.0
2018-11-12,obm_spent_output_count_daily,667874,outputs,daily,OBM v0.1.0
2018-11-13,obm_spent_output_count_daily,598485,outputs,daily,OBM v0.1.0
2018-11-14,obm_spent_output_count_daily,660632,outputs,daily,OBM v0.1.0
2018-11-15,obm_spent_output_count_daily,677633,outputs,daily,OBM v0.1.0
2018-11-16,obm_spent_output_count_daily,648146,outputs,daily,OBM v0.1.0
2018-11-17,obm_spent_output_count_daily,571823,outputs,daily,OBM v0.1.0
2018-11-18,obm_spent_output_count_daily,509578,outputs,daily,OBM v0.1.0
2018-11-19,obm_spent_output_count_daily,625826,outputs,daily,OBM v0.1.0
2018-11-20,obm_spent_output_count_daily,738255,outputs,daily,OBM v0.1.0
2018-11-21,obm_spent_output_count_daily,577159,outputs,daily,OBM v0.1.0
2018-11-22,obm_spent_output_count_daily,680751,outputs,daily,OBM v0.1.0
2018-11-23,obm_spent_output_count_daily,627906,outputs,daily,OBM v0.1.0
2018-11-24,obm_spent_output_count_daily,605466,outputs,daily,OBM v0.1.0
2018-11-25,obm_spent_output_count_daily,568811,outputs,daily,OBM v0.1.0
2018-11-26,obm_spent_output_count_daily,598034,outputs,daily,OBM v0.1.0
2018-11-27,obm_spent_output_count_daily,631042,outputs,daily,OBM v0.1.0
2018-11-28,obm_spent_output_count_daily,583726,outputs,daily,OBM v0.1.0
2018-11-29,obm_spent_output_count_daily,565218,outputs,daily,OBM v0.1.0
2018-11-30,obm_spent_output_count_daily,548386,outputs,daily,OBM v0.1.0
2018-12-01,obm_spent_output_count_daily,590565,outputs,daily,OBM v0.1.0
2018-12-02,obm_spent_output_count_daily,503261,outputs,daily,OBM v0.1.0
2018-12-03,obm_spent_output_count_daily,560853,outputs,daily,OBM v0.1.0
2018-12-04,obm_spent_output_count_daily,670452,outputs,daily,OBM v0.1.0
2018-12-05,obm_spent_output_count_daily,601781,outputs,daily,OBM v0.1.0
2018-12-06,obm_spent_output_count_daily,666521,outputs,daily,OBM v0.1.0
2018-12-07,obm_spent_output_count_daily,619357,outputs,daily,OBM v0.1.0
2018-12-08,obm_spent_output_count_daily,533135,outputs,daily,OBM v0.1.0
2018-12-09,obm_spent_output_count_daily,525642,outputs,daily,OBM v0.1.0
2018-12-10,obm_spent_output_count_daily,624367,outputs,daily,OBM v0.1.0
2018-12-11,obm_spent_output_count_daily,617840,outputs,daily,OBM v0.1.0
2018-12-12,obm_spent_output_count_daily,611097,outputs,daily,OBM v0.1.0
2018-12-13,obm_spent_output_count_daily,636064,outputs,daily,OBM v0.1.0
2018-12-14,obm_spent_output_count_daily,697085,outputs,daily,OBM v0.1.0
2018-12-15,obm_spent_output_count_daily,611439,outputs,daily,OBM v0.1.0
2018-12-16,obm_spent_output_count_daily,522662,outputs,daily,OBM v0.1.0
2018-12-17,obm_spent_output_count_daily,710582,outputs,daily,OBM v0.1.0
2018-12-18,obm_spent_output_count_daily,620137,outputs,daily,OBM v0.1.0
2018-12-19,obm_spent_output_count_daily,724862,outputs,daily,OBM v0.1.0
2018-12-20,obm_spent_output_count_daily,667095,outputs,daily,OBM v0.1.0
2018-12-21,obm_spent_output_count_daily,644285,outputs,daily,OBM v0.1.0
2018-12-22,obm_spent_output_count_daily,610963,outputs,daily,OBM v0.1.0
2018-12-23,obm_spent_output_count_daily,561886,outputs,daily,OBM v0.1.0
2018-12-24,obm_spent_output_count_daily,632401,outputs,daily,OBM v0.1.0
2018-12-25,obm_spent_output_count_daily,552998,outputs,daily,OBM v0.1.0
2018-12-26,obm_spent_output_count_daily,602668,outputs,daily,OBM v0.1.0
2018-12-27,obm_spent_output_count_daily,683678,outputs,daily,OBM v0.1.0
2018-12-28,obm_spent_output_count_daily,673571,outputs,daily,OBM v0.1.0
2018-12-29,obm_spent_output_count_daily,583243,outputs,daily,OBM v0.1.0
2018-12-30,obm_spent_output_count_daily,566779,outputs,daily,OBM v0.1.0
2018-12-31,obm_spent_output_count_daily,593130,outputs,daily,OBM v0.1.0
2019-01-01,obm_spent_output_count_daily,494585,outputs,daily,OBM v0.1.0
2019-01-02,obm_spent_output_count_daily,620703,outputs,daily,OBM v0.1.0
2019-01-03,obm_spent_output_count_daily,649991,outputs,daily,OBM v0.1.0
2019-01-04,obm_spent_output_count_daily,619859,outputs,daily,OBM v0.1.0
2019-01-05,obm_spent_output_count_daily,559899,outputs,daily,OBM v0.1.0
2019-01-06,obm_spent_output_count_daily,512740,outputs,daily,OBM v0.1.0
2019-01-07,obm_spent_output_count_daily,623038,outputs,daily,OBM v0.1.0
2019-01-08,obm_spent_output_count_daily,645146,outputs,daily,OBM v0.1.0
2019-01-09,obm_spent_output_count_daily,632846,outputs,daily,OBM v0.1.0
2019-01-10,obm_spent_output_count_daily,655704,outputs,daily,OBM v0.1.0
2019-01-11,obm_spent_output_count_daily,633573,outputs,daily,OBM v0.1.0
2019-01-12,obm_spent_output_count_daily,529815,outputs,daily,OBM v0.1.0
2019-01-13,obm_spent_output_count_daily,504079,outputs,daily,OBM v0.1.0
2019-01-14,obm_spent_output_count_daily,619501,outputs,daily,OBM v0.1.0
2019-01-15,obm_spent_output_count_daily,621677,outputs,daily,OBM v0.1.0
2019-01-16,obm_spent_output_count_daily,640447,outputs,daily,OBM v0.1.0
2019-01-17,obm_spent_output_count_daily,616945,outputs,daily,OBM v0.1.0
2019-01-18,obm_spent_output_count_daily,619540,outputs,daily,OBM v0.1.0
2019-01-19,obm_spent_output_count_daily,548298,outputs,daily,OBM v0.1.0
2019-01-20,obm_spent_output_count_daily,552376,outputs,daily,OBM v0.1.0
2019-01-21,obm_spent_output_count_daily,616326,outputs,daily,OBM v0.1.0
2019-01-22,obm_spent_output_count_daily,602609,outputs,daily,OBM v0.1.0
2019-01-23,obm_spent_output_count_daily,660005,outputs,daily,OBM v0.1.0
2019-01-24,obm_spent_output_count_daily,654271,outputs,daily,OBM v0.1.0
2019-01-25,obm_spent_output_count_daily,612217,outputs,daily,OBM v0.1.0
2019-01-26,obm_spent_output_count_daily,613728,outputs,daily,OBM v0.1.0
2019-01-27,obm_spent_output_count_daily,522250,outputs,daily,OBM v0.1.0
2019-01-28,obm_spent_output_count_daily,655252,outputs,daily,OBM v0.1.0
2019-01-29,obm_spent_output_count_daily,650333,outputs,daily,OBM v0.1.0
2019-01-30,obm_spent_output_count_daily,635381,outputs,daily,OBM v0.1.0
2019-01-31,obm_spent_output_count_daily,681599,outputs,daily,OBM v0.1.0
2019-02-01,obm_spent_output_count_daily,715300,outputs,daily,OBM v0.1.0
2019-02-02,obm_spent_output_count_daily,604181,outputs,daily,OBM v0.1.0
2019-02-03,obm_spent_output_count_daily,556906,outputs,daily,OBM v0.1.0
2019-02-04,obm_spent_output_count_daily,645957,outputs,daily,OBM v0.1.0
2019-02-05,obm_spent_output_count_daily,652238,outputs,daily,OBM v0.1.0
2019-02-06,obm_spent_output_count_daily,769444,outputs,daily,OBM v0.1.0
2019-02-07,obm_spent_output_count_daily,714162,outputs,daily,OBM v0.1.0
2019-02-08,obm_spent_output_count_daily,697924,outputs,daily,OBM v0.1.0
2019-02-09,obm_spent_output_count_daily,601021,outputs,daily,OBM v0.1.0
2019-02-10,obm_spent_output_count_daily,537803,outputs,daily,OBM v0.1.0
2019-02-11,obm_spent_output_count_daily,706355,outputs,daily,OBM v0.1.0
2019-02-12,obm_spent_output_count_daily,756369,outputs,daily,OBM v0.1.0
2019-02-13,obm_spent_output_count_daily,783473,outputs,daily,OBM v0.1.0
2019-02-14,obm_spent_output_count_daily,670399,outputs,daily,OBM v0.1.0
2019-02-15,obm_spent_output_count_daily,605184,outputs,daily,OBM v0.1.0
2019-02-16,obm_spent_output_count_daily,650603,outputs,daily,OBM v0.1.0
2019-02-17,obm_spent_output_count_daily,595984,outputs,daily,OBM v0.1.0
2019-02-18,obm_spent_output_count_daily,730610,outputs,daily,OBM v0.1.0
2019-02-19,obm_spent_output_count_daily,723007,outputs,daily,OBM v0.1.0
2019-02-20,obm_spent_output_count_daily,684633,outputs,daily,OBM v0.1.0
2019-02-21,obm_spent_output_count_daily,617774,outputs,daily,OBM v0.1.0
2019-02-22,obm_spent_output_count_daily,787877,outputs,daily,OBM v0.1.0
2019-02-23,obm_spent_output_count_daily,598013,outputs,daily,OBM v0.1.0
2019-02-24,obm_spent_output_count_daily,608925,outputs,daily,OBM v0.1.0
2019-02-25,obm_spent_output_count_daily,696802,outputs,daily,OBM v0.1.0
2019-02-26,obm_spent_output_count_daily,752197,outputs,daily,OBM v0.1.0
2019-02-27,obm_spent_output_count_daily,699313,outputs,daily,OBM v0.1.0
2019-02-28,obm_spent_output_count_daily,740465,outputs,daily,OBM v0.1.0
2019-03-01,obm_spent_output_count_daily,739244,outputs,daily,OBM v0.1.0
2019-03-02,obm_spent_output_count_daily,643792,outputs,daily,OBM v0.1.0
2019-03-03,obm_spent_output_count_daily,623965,outputs,daily,OBM v0.1.0
2019-03-04,obm_spent_output_count_daily,666493,outputs,daily,OBM v0.1.0
2019-03-05,obm_spent_output_count_daily,680839,outputs,daily,OBM v0.1.0
2019-03-06,obm_spent_output_count_daily,676312,outputs,daily,OBM v0.1.0
2019-03-07,obm_spent_output_count_daily,646500,outputs,daily,OBM v0.1.0
2019-03-08,obm_spent_output_count_daily,660107,outputs,daily,OBM v0.1.0
2019-03-09,obm_spent_output_count_daily,532214,outputs,daily,OBM v0.1.0
2019-03-10,obm_spent_output_count_daily,466931,outputs,daily,OBM v0.1.0
2019-03-11,obm_spent_output_count_daily,701437,outputs,daily,OBM v0.1.0
2019-03-12,obm_spent_output_count_daily,640503,outputs,daily,OBM v0.1.0
2019-03-13,obm_spent_output_count_daily,697144,outputs,daily,OBM v0.1.0
2019-03-14,obm_spent_output_count_daily,730182,outputs,daily,OBM v0.1.0
2019-03-15,obm_spent_output_count_daily,669309,outputs,daily,OBM v0.1.0
2019-03-16,obm_spent_output_count_daily,567785,outputs,daily,OBM v0.1.0
2019-03-17,obm_spent_output_count_daily,483321,outputs,daily,OBM v0.1.0
2019-03-18,obm_spent_output_count_daily,671632,outputs,daily,OBM v0.1.0
2019-03-19,obm_spent_output_count_daily,731155,outputs,daily,OBM v0.1.0
2019-03-20,obm_spent_output_count_daily,714406,outputs,daily,OBM v0.1.0
2019-03-21,obm_spent_output_count_daily,667054,outputs,daily,OBM v0.1.0
2019-03-22,obm_spent_output_count_daily,685319,outputs,daily,OBM v0.1.0
2019-03-23,obm_spent_output_count_daily,544973,outputs,daily,OBM v0.1.0
2019-03-24,obm_spent_output_count_daily,511923,outputs,daily,OBM v0.1.0
2019-03-25,obm_spent_output_count_daily,707708,outputs,daily,OBM v0.1.0
2019-03-26,obm_spent_output_count_daily,697573,outputs,daily,OBM v0.1.0
2019-03-27,obm_spent_output_count_daily,800022,outputs,daily,OBM v0.1.0
2019-03-28,obm_spent_output_count_daily,779578,outputs,daily,OBM v0.1.0
2019-03-29,obm_spent_output_count_daily,770923,outputs,daily,OBM v0.1.0
2019-03-30,obm_spent_output_count_daily,736930,outputs,daily,OBM v0.1.0
2019-03-31,obm_spent_output_count_daily,711669,outputs,daily,OBM v0.1.0
2019-04-01,obm_spent_output_count_daily,708440,outputs,daily,OBM v0.1.0
2019-04-02,obm_spent_output_count_daily,842688,outputs,daily,OBM v0.1.0
2019-04-03,obm_spent_output_count_daily,786938,outputs,daily,OBM v0.1.0
2019-04-04,obm_spent_output_count_daily,756383,outputs,daily,OBM v0.1.0
2019-04-05,obm_spent_output_count_daily,879447,outputs,daily,OBM v0.1.0
2019-04-06,obm_spent_output_count_daily,744456,outputs,daily,OBM v0.1.0
2019-04-07,obm_spent_output_count_daily,690888,outputs,daily,OBM v0.1.0
2019-04-08,obm_spent_output_count_daily,815545,outputs,daily,OBM v0.1.0
2019-04-09,obm_spent_output_count_daily,744194,outputs,daily,OBM v0.1.0
2019-04-10,obm_spent_output_count_daily,789291,outputs,daily,OBM v0.1.0
2019-04-11,obm_spent_output_count_daily,828274,outputs,daily,OBM v0.1.0
2019-04-12,obm_spent_output_count_daily,781297,outputs,daily,OBM v0.1.0
2019-04-13,obm_spent_output_count_daily,639691,outputs,daily,OBM v0.1.0
2019-04-14,obm_spent_output_count_daily,631368,outputs,daily,OBM v0.1.0
2019-04-15,obm_spent_output_count_daily,791244,outputs,daily,OBM v0.1.0
2019-04-16,obm_spent_output_count_daily,802890,outputs,daily,OBM v0.1.0
2019-04-17,obm_spent_output_count_daily,752242,outputs,daily,OBM v0.1.0
2019-04-18,obm_spent_output_count_daily,791460,outputs,daily,OBM v0.1.0
2019-04-19,obm_spent_output_count_daily,803951,outputs,daily,OBM v0.1.0
2019-04-20,obm_spent_output_count_daily,728135,outputs,daily,OBM v0.1.0
2019-04-21,obm_spent_output_count_daily,816543,outputs,daily,OBM v0.1.0
2019-04-22,obm_spent_output_count_daily,656164,outputs,daily,OBM v0.1.0
2019-04-23,obm_spent_output_count_daily,634558,outputs,daily,OBM v0.1.0
2019-04-24,obm_spent_output_count_daily,904411,outputs,daily,OBM v0.1.0
2019-04-25,obm_spent_output_count_daily,746803,outputs,daily,OBM v0.1.0
2019-04-26,obm_spent_output_count_daily,795878,outputs,daily,OBM v0.1.0
2019-04-27,obm_spent_output_count_daily,692599,outputs,daily,OBM v0.1.0
2019-04-28,obm_spent_output_count_daily,670302,outputs,daily,OBM v0.1.0
2019-04-29,obm_spent_output_count_daily,840069,outputs,daily,OBM v0.1.0
2019-04-30,obm_spent_output_count_daily,801242,outputs,daily,OBM v0.1.0
2019-05-01,obm_spent_output_count_daily,832467,outputs,daily,OBM v0.1.0
2019-05-02,obm_spent_output_count_daily,888627,outputs,daily,OBM v0.1.0
2019-05-03,obm_spent_output_count_daily,818337,outputs,daily,OBM v0.1.0
2019-05-04,obm_spent_output_count_daily,679622,outputs,daily,OBM v0.1.0
2019-05-05,obm_spent_output_count_daily,674639,outputs,daily,OBM v0.1.0
2019-05-06,obm_spent_output_count_daily,814988,outputs,daily,OBM v0.1.0
2019-05-07,obm_spent_output_count_daily,699114,outputs,daily,OBM v0.1.0
2019-05-08,obm_spent_output_count_daily,825288,outputs,daily,OBM v0.1.0
2019-05-09,obm_spent_output_count_daily,837979,outputs,daily,OBM v0.1.0
2019-05-10,obm_spent_output_count_daily,673965,outputs,daily,OBM v0.1.0
2019-05-11,obm_spent_output_count_daily,727145,outputs,daily,OBM v0.1.0
2019-05-12,obm_spent_output_count_daily,892779,outputs,daily,OBM v0.1.0
2019-05-13,obm_spent_output_count_daily,889776,outputs,daily,OBM v0.1.0
2019-05-14,obm_spent_output_count_daily,830074,outputs,daily,OBM v0.1.0
2019-05-15,obm_spent_output_count_daily,800055,outputs,daily,OBM v0.1.0
2019-05-16,obm_spent_output_count_daily,785405,outputs,daily,OBM v0.1.0
2019-05-17,obm_spent_output_count_daily,837632,outputs,daily,OBM v0.1.0
2019-05-18,obm_spent_output_count_daily,888427,outputs,daily,OBM v0.1.0
2019-05-19,obm_spent_output_count_daily,867253,outputs,daily,OBM v0.1.0
2019-05-20,obm_spent_output_count_daily,858213,outputs,daily,OBM v0.1.0
2019-05-21,obm_spent_output_count_daily,866643,outputs,daily,OBM v0.1.0
2019-05-22,obm_spent_output_count_daily,906196,outputs,daily,OBM v0.1.0
2019-05-23,obm_spent_output_count_daily,871942,outputs,daily,OBM v0.1.0
2019-05-24,obm_spent_output_count_daily,853703,outputs,daily,OBM v0.1.0
2019-05-25,obm_spent_output_count_daily,733211,outputs,daily,OBM v0.1.0
2019-05-26,obm_spent_output_count_daily,730853,outputs,daily,OBM v0.1.0
2019-05-27,obm_spent_output_count_daily,884135,outputs,daily,OBM v0.1.0
2019-05-28,obm_spent_output_count_daily,934733,outputs,daily,OBM v0.1.0
2019-05-29,obm_spent_output_count_daily,921575,outputs,daily,OBM v0.1.0
2019-05-30,obm_spent_output_count_daily,853082,outputs,daily,OBM v0.1.0
2019-05-31,obm_spent_output_count_daily,641621,outputs,daily,OBM v0.1.0
2019-06-01,obm_spent_output_count_daily,874635,outputs,daily,OBM v0.1.0
2019-06-02,obm_spent_output_count_daily,701002,outputs,daily,OBM v0.1.0
2019-06-03,obm_spent_output_count_daily,663036,outputs,daily,OBM v0.1.0
2019-06-04,obm_spent_output_count_daily,854341,outputs,daily,OBM v0.1.0
2019-06-05,obm_spent_output_count_daily,887595,outputs,daily,OBM v0.1.0
2019-06-06,obm_spent_output_count_daily,817444,outputs,daily,OBM v0.1.0
2019-06-07,obm_spent_output_count_daily,841184,outputs,daily,OBM v0.1.0
2019-06-08,obm_spent_output_count_daily,618672,outputs,daily,OBM v0.1.0
2019-06-09,obm_spent_output_count_daily,594115,outputs,daily,OBM v0.1.0
2019-06-10,obm_spent_output_count_daily,799656,outputs,daily,OBM v0.1.0
2019-06-11,obm_spent_output_count_daily,812722,outputs,daily,OBM v0.1.0
2019-06-12,obm_spent_output_count_daily,739732,outputs,daily,OBM v0.1.0
2019-06-13,obm_spent_output_count_daily,864558,outputs,daily,OBM v0.1.0
2019-06-14,obm_spent_output_count_daily,990438,outputs,daily,OBM v0.1.0
2019-06-15,obm_spent_output_count_daily,831467,outputs,daily,OBM v0.1.0
2019-06-16,obm_spent_output_count_daily,689219,outputs,daily,OBM v0.1.0
2019-06-17,obm_spent_output_count_daily,716957,outputs,daily,OBM v0.1.0
2019-06-18,obm_spent_output_count_daily,924231,outputs,daily,OBM v0.1.0
2019-06-19,obm_spent_output_count_daily,922066,outputs,daily,OBM v0.1.0
2019-06-20,obm_spent_output_count_daily,789531,outputs,daily,OBM v0.1.0
2019-06-21,obm_spent_output_count_daily,756527,outputs,daily,OBM v0.1.0
2019-06-22,obm_spent_output_count_daily,776993,outputs,daily,OBM v0.1.0
2019-06-23,obm_spent_output_count_daily,960809,outputs,daily,OBM v0.1.0
2019-06-24,obm_spent_output_count_daily,977926,outputs,daily,OBM v0.1.0
2019-06-25,obm_spent_output_count_daily,816121,outputs,daily,OBM v0.1.0
2019-06-26,obm_spent_output_count_daily,934983,outputs,daily,OBM v0.1.0
2019-06-27,obm_spent_output_count_daily,773153,outputs,daily,OBM v0.1.0
2019-06-28,obm_spent_output_count_daily,956155,outputs,daily,OBM v0.1.0
2019-06-29,obm_spent_output_count_daily,919819,outputs,daily,OBM v0.1.0
2019-06-30,obm_spent_output_count_daily,688498,outputs,daily,OBM v0.1.0
2019-07-01,obm_spent_output_count_daily,787480,outputs,daily,OBM v0.1.0
2019-07-02,obm_spent_output_count_daily,887530,outputs,daily,OBM v0.1.0
2019-07-03,obm_spent_output_count_daily,907108,outputs,daily,OBM v0.1.0
2019-07-04,obm_spent_output_count_daily,850829,outputs,daily,OBM v0.1.0
2019-07-05,obm_spent_output_count_daily,856922,outputs,daily,OBM v0.1.0
2019-07-06,obm_spent_output_count_daily,683545,outputs,daily,OBM v0.1.0
2019-07-07,obm_spent_output_count_daily,639645,outputs,daily,OBM v0.1.0
2019-07-08,obm_spent_output_count_daily,858655,outputs,daily,OBM v0.1.0
2019-07-09,obm_spent_output_count_daily,791587,outputs,daily,OBM v0.1.0
2019-07-10,obm_spent_output_count_daily,724755,outputs,daily,OBM v0.1.0
2019-07-11,obm_spent_output_count_daily,721306,outputs,daily,OBM v0.1.0
2019-07-12,obm_spent_output_count_daily,912606,outputs,daily,OBM v0.1.0
2019-07-13,obm_spent_output_count_daily,654992,outputs,daily,OBM v0.1.0
2019-07-14,obm_spent_output_count_daily,601489,outputs,daily,OBM v0.1.0
2019-07-15,obm_spent_output_count_daily,732898,outputs,daily,OBM v0.1.0
2019-07-16,obm_spent_output_count_daily,794370,outputs,daily,OBM v0.1.0
2019-07-17,obm_spent_output_count_daily,679693,outputs,daily,OBM v0.1.0
2019-07-18,obm_spent_output_count_daily,671861,outputs,daily,OBM v0.1.0
2019-07-19,obm_spent_output_count_daily,674129,outputs,daily,OBM v0.1.0
2019-07-20,obm_spent_output_count_daily,887816,outputs,daily,OBM v0.1.0
2019-07-21,obm_spent_output_count_daily,570588,outputs,daily,OBM v0.1.0
2019-07-22,obm_spent_output_count_daily,698050,outputs,daily,OBM v0.1.0
2019-07-23,obm_spent_output_count_daily,704366,outputs,daily,OBM v0.1.0
2019-07-24,obm_spent_output_count_daily,708778,outputs,daily,OBM v0.1.0
2019-07-25,obm_spent_output_count_daily,751888,outputs,daily,OBM v0.1.0
2019-07-26,obm_spent_output_count_daily,708381,outputs,daily,OBM v0.1.0
2019-07-27,obm_spent_output_count_daily,569638,outputs,daily,OBM v0.1.0
2019-07-28,obm_spent_output_count_daily,539536,outputs,daily,OBM v0.1.0
2019-07-29,obm_spent_output_count_daily,714632,outputs,daily,OBM v0.1.0
2019-07-30,obm_spent_output_count_daily,728192,outputs,daily,OBM v0.1.0
2019-07-31,obm_spent_output_count_daily,762799,outputs,daily,OBM v0.1.0
2019-08-01,obm_spent_output_count_daily,742115,outputs,daily,OBM v0.1.0
2019-08-02,obm_spent_output_count_daily,794758,outputs,daily,OBM v0.1.0
2019-08-03,obm_spent_output_count_daily,642925,outputs,daily,OBM v0.1.0
2019-08-04,obm_spent_output_count_daily,613489,outputs,daily,OBM v0.1.0
2019-08-05,obm_spent_output_count_daily,762909,outputs,daily,OBM v0.1.0
2019-08-06,obm_spent_output_count_daily,828767,outputs,daily,OBM v0.1.0
2019-08-07,obm_spent_output_count_daily,791157,outputs,daily,OBM v0.1.0
2019-08-08,obm_spent_output_count_daily,806801,outputs,daily,OBM v0.1.0
2019-08-09,obm_spent_output_count_daily,745277,outputs,daily,OBM v0.1.0
2019-08-10,obm_spent_output_count_daily,606843,outputs,daily,OBM v0.1.0
2019-08-11,obm_spent_output_count_daily,527089,outputs,daily,OBM v0.1.0
2019-08-12,obm_spent_output_count_daily,618782,outputs,daily,OBM v0.1.0
2019-08-13,obm_spent_output_count_daily,875862,outputs,daily,OBM v0.1.0
2019-08-14,obm_spent_output_count_daily,773197,outputs,daily,OBM v0.1.0
2019-08-15,obm_spent_output_count_daily,742666,outputs,daily,OBM v0.1.0
2019-08-16,obm_spent_output_count_daily,668121,outputs,daily,OBM v0.1.0
2019-08-17,obm_spent_output_count_daily,564359,outputs,daily,OBM v0.1.0
2019-08-18,obm_spent_output_count_daily,528626,outputs,daily,OBM v0.1.0
2019-08-19,obm_spent_output_count_daily,690001,outputs,daily,OBM v0.1.0
2019-08-20,obm_spent_output_count_daily,739200,outputs,daily,OBM v0.1.0
2019-08-21,obm_spent_output_count_daily,720006,outputs,daily,OBM v0.1.0
2019-08-22,obm_spent_output_count_daily,779051,outputs,daily,OBM v0.1.0
2019-08-23,obm_spent_output_count_daily,743975,outputs,daily,OBM v0.1.0
2019-08-24,obm_spent_output_count_daily,708223,outputs,daily,OBM v0.1.0
2019-08-25,obm_spent_output_count_daily,545170,outputs,daily,OBM v0.1.0
2019-08-26,obm_spent_output_count_daily,717962,outputs,daily,OBM v0.1.0
2019-08-27,obm_spent_output_count_daily,707152,outputs,daily,OBM v0.1.0
2019-08-28,obm_spent_output_count_daily,701033,outputs,daily,OBM v0.1.0
2019-08-29,obm_spent_output_count_daily,735051,outputs,daily,OBM v0.1.0
2019-08-30,obm_spent_output_count_daily,720673,outputs,daily,OBM v0.1.0
2019-08-31,obm_spent_output_count_daily,633621,outputs,daily,OBM v0.1.0
2019-09-01,obm_spent_output_count_daily,560546,outputs,daily,OBM v0.1.0
2019-09-02,obm_spent_output_count_daily,711203,outputs,daily,OBM v0.1.0
2019-09-03,obm_spent_output_count_daily,792069,outputs,daily,OBM v0.1.0
2019-09-04,obm_spent_output_count_daily,742605,outputs,daily,OBM v0.1.0
2019-09-05,obm_spent_output_count_daily,777135,outputs,daily,OBM v0.1.0
2019-09-06,obm_spent_output_count_daily,785459,outputs,daily,OBM v0.1.0
2019-09-07,obm_spent_output_count_daily,616485,outputs,daily,OBM v0.1.0
2019-09-08,obm_spent_output_count_daily,551495,outputs,daily,OBM v0.1.0
2019-09-09,obm_spent_output_count_daily,729544,outputs,daily,OBM v0.1.0
2019-09-10,obm_spent_output_count_daily,801497,outputs,daily,OBM v0.1.0
2019-09-11,obm_spent_output_count_daily,790786,outputs,daily,OBM v0.1.0
2019-09-12,obm_spent_output_count_daily,696483,outputs,daily,OBM v0.1.0
2019-09-13,obm_spent_output_count_daily,729989,outputs,daily,OBM v0.1.0
2019-09-14,obm_spent_output_count_daily,627293,outputs,daily,OBM v0.1.0
2019-09-15,obm_spent_output_count_daily,585990,outputs,daily,OBM v0.1.0
2019-09-16,obm_spent_output_count_daily,794875,outputs,daily,OBM v0.1.0
2019-09-17,obm_spent_output_count_daily,772733,outputs,daily,OBM v0.1.0
2019-09-18,obm_spent_output_count_daily,860259,outputs,daily,OBM v0.1.0
2019-09-19,obm_spent_output_count_daily,715458,outputs,daily,OBM v0.1.0
2019-09-20,obm_spent_output_count_daily,706890,outputs,daily,OBM v0.1.0
2019-09-21,obm_spent_output_count_daily,654664,outputs,daily,OBM v0.1.0
2019-09-22,obm_spent_output_count_daily,595898,outputs,daily,OBM v0.1.0
2019-09-23,obm_spent_output_count_daily,637092,outputs,daily,OBM v0.1.0
2019-09-24,obm_spent_output_count_daily,834937,outputs,daily,OBM v0.1.0
2019-09-25,obm_spent_output_count_daily,783889,outputs,daily,OBM v0.1.0
2019-09-26,obm_spent_output_count_daily,756711,outputs,daily,OBM v0.1.0
2019-09-27,obm_spent_output_count_daily,654199,outputs,daily,OBM v0.1.0
2019-09-28,obm_spent_output_count_daily,624145,outputs,daily,OBM v0.1.0
2019-09-29,obm_spent_output_count_daily,539524,outputs,daily,OBM v0.1.0
2019-09-30,obm_spent_output_count_daily,681605,outputs,daily,OBM v0.1.0
2019-10-01,obm_spent_output_count_daily,723652,outputs,daily,OBM v0.1.0
2019-10-02,obm_spent_output_count_daily,664954,outputs,daily,OBM v0.1.0
2019-10-03,obm_spent_output_count_daily,676649,outputs,daily,OBM v0.1.0
2019-10-04,obm_spent_output_count_daily,718986,outputs,daily,OBM v0.1.0
2019-10-05,obm_spent_output_count_daily,615083,outputs,daily,OBM v0.1.0
2019-10-06,obm_spent_output_count_daily,537565,outputs,daily,OBM v0.1.0
2019-10-07,obm_spent_output_count_daily,710425,outputs,daily,OBM v0.1.0
2019-10-08,obm_spent_output_count_daily,702105,outputs,daily,OBM v0.1.0
2019-10-09,obm_spent_output_count_daily,644708,outputs,daily,OBM v0.1.0
2019-10-10,obm_spent_output_count_daily,710067,outputs,daily,OBM v0.1.0
2019-10-11,obm_spent_output_count_daily,716456,outputs,daily,OBM v0.1.0
2019-10-12,obm_spent_output_count_daily,565903,outputs,daily,OBM v0.1.0
2019-10-13,obm_spent_output_count_daily,504596,outputs,daily,OBM v0.1.0
2019-10-14,obm_spent_output_count_daily,651629,outputs,daily,OBM v0.1.0
2019-10-15,obm_spent_output_count_daily,683415,outputs,daily,OBM v0.1.0
2019-10-16,obm_spent_output_count_daily,709252,outputs,daily,OBM v0.1.0
2019-10-17,obm_spent_output_count_daily,757905,outputs,daily,OBM v0.1.0
2019-10-18,obm_spent_output_count_daily,674008,outputs,daily,OBM v0.1.0
2019-10-19,obm_spent_output_count_daily,596065,outputs,daily,OBM v0.1.0
2019-10-20,obm_spent_output_count_daily,546353,outputs,daily,OBM v0.1.0
2019-10-21,obm_spent_output_count_daily,726592,outputs,daily,OBM v0.1.0
2019-10-22,obm_spent_output_count_daily,746151,outputs,daily,OBM v0.1.0
2019-10-23,obm_spent_output_count_daily,755683,outputs,daily,OBM v0.1.0
2019-10-24,obm_spent_output_count_daily,664472,outputs,daily,OBM v0.1.0
2019-10-25,obm_spent_output_count_daily,766517,outputs,daily,OBM v0.1.0
2019-10-26,obm_spent_output_count_daily,797383,outputs,daily,OBM v0.1.0
2019-10-27,obm_spent_output_count_daily,595239,outputs,daily,OBM v0.1.0
2019-10-28,obm_spent_output_count_daily,742506,outputs,daily,OBM v0.1.0
2019-10-29,obm_spent_output_count_daily,701840,outputs,daily,OBM v0.1.0
2019-10-30,obm_spent_output_count_daily,679931,outputs,daily,OBM v0.1.0
2019-10-31,obm_spent_output_count_daily,663022,outputs,daily,OBM v0.1.0
2019-11-01,obm_spent_output_count_daily,760556,outputs,daily,OBM v0.1.0
2019-11-02,obm_spent_output_count_daily,606923,outputs,daily,OBM v0.1.0
2019-11-03,obm_spent_output_count_daily,618782,outputs,daily,OBM v0.1.0
2019-11-04,obm_spent_output_count_daily,706725,outputs,daily,OBM v0.1.0
2019-11-05,obm_spent_output_count_daily,768737,outputs,daily,OBM v0.1.0
2019-11-06,obm_spent_output_count_daily,801381,outputs,daily,OBM v0.1.0
2019-11-07,obm_spent_output_count_daily,749144,outputs,daily,OBM v0.1.0
2019-11-08,obm_spent_output_count_daily,691474,outputs,daily,OBM v0.1.0
2019-11-09,obm_spent_output_count_daily,729759,outputs,daily,OBM v0.1.0
2019-11-10,obm_spent_output_count_daily,639963,outputs,daily,OBM v0.1.0
2019-11-11,obm_spent_output_count_daily,693068,outputs,daily,OBM v0.1.0
2019-11-12,obm_spent_output_count_daily,639664,outputs,daily,OBM v0.1.0
2019-11-13,obm_spent_output_count_daily,728799,outputs,daily,OBM v0.1.0
2019-11-14,obm_spent_output_count_daily,752536,outputs,daily,OBM v0.1.0
2019-11-15,obm_spent_output_count_daily,828746,outputs,daily,OBM v0.1.0
2019-11-16,obm_spent_output_count_daily,877609,outputs,daily,OBM v0.1.0
2019-11-17,obm_spent_output_count_daily,874888,outputs,daily,OBM v0.1.0
2019-11-18,obm_spent_output_count_daily,657058,outputs,daily,OBM v0.1.0
2019-11-19,obm_spent_output_count_daily,799422,outputs,daily,OBM v0.1.0
2019-11-20,obm_spent_output_count_daily,649695,outputs,daily,OBM v0.1.0
2019-11-21,obm_spent_output_count_daily,756233,outputs,daily,OBM v0.1.0
2019-11-22,obm_spent_output_count_daily,748502,outputs,daily,OBM v0.1.0
2019-11-23,obm_spent_output_count_daily,664378,outputs,daily,OBM v0.1.0
2019-11-24,obm_spent_output_count_daily,506949,outputs,daily,OBM v0.1.0
2019-11-25,obm_spent_output_count_daily,598517,outputs,daily,OBM v0.1.0
2019-11-26,obm_spent_output_count_daily,703016,outputs,daily,OBM v0.1.0
2019-11-27,obm_spent_output_count_daily,769100,outputs,daily,OBM v0.1.0
2019-11-28,obm_spent_output_count_daily,650375,outputs,daily,OBM v0.1.0
2019-11-29,obm_spent_output_count_daily,660151,outputs,daily,OBM v0.1.0
2019-11-30,obm_spent_output_count_daily,616490,outputs,daily,OBM v0.1.0
2019-12-01,obm_spent_output_count_daily,541497,outputs,daily,OBM v0.1.0
2019-12-02,obm_spent_output_count_daily,678225,outputs,daily,OBM v0.1.0
2019-12-03,obm_spent_output_count_daily,692985,outputs,daily,OBM v0.1.0
2019-12-04,obm_spent_output_count_daily,711403,outputs,daily,OBM v0.1.0
2019-12-05,obm_spent_output_count_daily,675799,outputs,daily,OBM v0.1.0
2019-12-06,obm_spent_output_count_daily,711762,outputs,daily,OBM v0.1.0
2019-12-07,obm_spent_output_count_daily,609779,outputs,daily,OBM v0.1.0
2019-12-08,obm_spent_output_count_daily,558296,outputs,daily,OBM v0.1.0
2019-12-09,obm_spent_output_count_daily,743244,outputs,daily,OBM v0.1.0
2019-12-10,obm_spent_output_count_daily,755899,outputs,daily,OBM v0.1.0
2019-12-11,obm_spent_output_count_daily,748320,outputs,daily,OBM v0.1.0
2019-12-12,obm_spent_output_count_daily,664585,outputs,daily,OBM v0.1.0
2019-12-13,obm_spent_output_count_daily,685415,outputs,daily,OBM v0.1.0
2019-12-14,obm_spent_output_count_daily,622497,outputs,daily,OBM v0.1.0
2019-12-15,obm_spent_output_count_daily,626592,outputs,daily,OBM v0.1.0
2019-12-16,obm_spent_output_count_daily,761465,outputs,daily,OBM v0.1.0
2019-12-17,obm_spent_output_count_daily,876464,outputs,daily,OBM v0.1.0
2019-12-18,obm_spent_output_count_daily,719925,outputs,daily,OBM v0.1.0
2019-12-19,obm_spent_output_count_daily,726387,outputs,daily,OBM v0.1.0
2019-12-20,obm_spent_output_count_daily,671937,outputs,daily,OBM v0.1.0
2019-12-21,obm_spent_output_count_daily,587131,outputs,daily,OBM v0.1.0
2019-12-22,obm_spent_output_count_daily,558699,outputs,daily,OBM v0.1.0
2019-12-23,obm_spent_output_count_daily,676377,outputs,daily,OBM v0.1.0
2019-12-24,obm_spent_output_count_daily,627146,outputs,daily,OBM v0.1.0
2019-12-25,obm_spent_output_count_daily,515794,outputs,daily,OBM v0.1.0
2019-12-26,obm_spent_output_count_daily,638291,outputs,daily,OBM v0.1.0
2019-12-27,obm_spent_output_count_daily,666021,outputs,daily,OBM v0.1.0
2019-12-28,obm_spent_output_count_daily,596760,outputs,daily,OBM v0.1.0
2019-12-29,obm_spent_output_count_daily,549544,outputs,daily,OBM v0.1.0
2019-12-30,obm_spent_output_count_daily,719285,outputs,daily,OBM v0.1.0
2019-12-31,obm_spent_output_count_daily,655597,outputs,daily,OBM v0.1.0
2020-01-01,obm_spent_output_count_daily,490475,outputs,daily,OBM v0.1.0
2020-01-02,obm_spent_output_count_daily,649814,outputs,daily,OBM v0.1.0
2020-01-03,obm_spent_output_count_daily,697717,outputs,daily,OBM v0.1.0
2020-01-04,obm_spent_output_count_daily,587137,outputs,daily,OBM v0.1.0
2020-01-05,obm_spent_output_count_daily,573841,outputs,daily,OBM v0.1.0
2020-01-06,obm_spent_output_count_daily,709943,outputs,daily,OBM v0.1.0
2020-01-07,obm_spent_output_count_daily,763045,outputs,daily,OBM v0.1.0
2020-01-08,obm_spent_output_count_daily,693030,outputs,daily,OBM v0.1.0
2020-01-09,obm_spent_output_count_daily,759991,outputs,daily,OBM v0.1.0
2020-01-10,obm_spent_output_count_daily,739694,outputs,daily,OBM v0.1.0
2020-01-11,obm_spent_output_count_daily,613472,outputs,daily,OBM v0.1.0
2020-01-12,obm_spent_output_count_daily,560006,outputs,daily,OBM v0.1.0
2020-01-13,obm_spent_output_count_daily,650373,outputs,daily,OBM v0.1.0
2020-01-14,obm_spent_output_count_daily,839428,outputs,daily,OBM v0.1.0
2020-01-15,obm_spent_output_count_daily,736349,outputs,daily,OBM v0.1.0
2020-01-16,obm_spent_output_count_daily,707700,outputs,daily,OBM v0.1.0
2020-01-17,obm_spent_output_count_daily,702452,outputs,daily,OBM v0.1.0
2020-01-18,obm_spent_output_count_daily,566213,outputs,daily,OBM v0.1.0
2020-01-19,obm_spent_output_count_daily,592101,outputs,daily,OBM v0.1.0
2020-01-20,obm_spent_output_count_daily,686803,outputs,daily,OBM v0.1.0
2020-01-21,obm_spent_output_count_daily,698014,outputs,daily,OBM v0.1.0
2020-01-22,obm_spent_output_count_daily,763365,outputs,daily,OBM v0.1.0
2020-01-23,obm_spent_output_count_daily,752678,outputs,daily,OBM v0.1.0
2020-01-24,obm_spent_output_count_daily,730756,outputs,daily,OBM v0.1.0
2020-01-25,obm_spent_output_count_daily,651278,outputs,daily,OBM v0.1.0
2020-01-26,obm_spent_output_count_daily,533412,outputs,daily,OBM v0.1.0
2020-01-27,obm_spent_output_count_daily,626898,outputs,daily,OBM v0.1.0
2020-01-28,obm_spent_output_count_daily,794794,outputs,daily,OBM v0.1.0
2020-01-29,obm_spent_output_count_daily,725918,outputs,daily,OBM v0.1.0
2020-01-30,obm_spent_output_count_daily,719495,outputs,daily,OBM v0.1.0
2020-01-31,obm_spent_output_count_daily,726488,outputs,daily,OBM v0.1.0
2020-02-01,obm_spent_output_count_daily,660708,outputs,daily,OBM v0.1.0
2020-02-02,obm_spent_output_count_daily,675106,outputs,daily,OBM v0.1.0
2020-02-03,obm_spent_output_count_daily,820537,outputs,daily,OBM v0.1.0
2020-02-04,obm_spent_output_count_daily,712593,outputs,daily,OBM v0.1.0
2020-02-05,obm_spent_output_count_daily,792997,outputs,daily,OBM v0.1.0
2020-02-06,obm_spent_output_count_daily,710476,outputs,daily,OBM v0.1.0
2020-02-07,obm_spent_output_count_daily,850533,outputs,daily,OBM v0.1.0
2020-02-08,obm_spent_output_count_daily,723999,outputs,daily,OBM v0.1.0
2020-02-09,obm_spent_output_count_daily,665516,outputs,daily,OBM v0.1.0
2020-02-10,obm_spent_output_count_daily,661948,outputs,daily,OBM v0.1.0
2020-02-11,obm_spent_output_count_daily,872425,outputs,daily,OBM v0.1.0
2020-02-12,obm_spent_output_count_daily,744856,outputs,daily,OBM v0.1.0
2020-02-13,obm_spent_output_count_daily,810531,outputs,daily,OBM v0.1.0
2020-02-14,obm_spent_output_count_daily,661653,outputs,daily,OBM v0.1.0
2020-02-15,obm_spent_output_count_daily,713539,outputs,daily,OBM v0.1.0
2020-02-16,obm_spent_output_count_daily,597935,outputs,daily,OBM v0.1.0
2020-02-17,obm_spent_output_count_daily,731383,outputs,daily,OBM v0.1.0
2020-02-18,obm_spent_output_count_daily,759055,outputs,daily,OBM v0.1.0
2020-02-19,obm_spent_output_count_daily,755565,outputs,daily,OBM v0.1.0
2020-02-20,obm_spent_output_count_daily,719730,outputs,daily,OBM v0.1.0
2020-02-21,obm_spent_output_count_daily,745225,outputs,daily,OBM v0.1.0
2020-02-22,obm_spent_output_count_daily,604330,outputs,daily,OBM v0.1.0
2020-02-23,obm_spent_output_count_daily,586403,outputs,daily,OBM v0.1.0
2020-02-24,obm_spent_output_count_daily,741647,outputs,daily,OBM v0.1.0
2020-02-25,obm_spent_output_count_daily,688887,outputs,daily,OBM v0.1.0
2020-02-26,obm_spent_output_count_daily,717078,outputs,daily,OBM v0.1.0
2020-02-27,obm_spent_output_count_daily,734765,outputs,daily,OBM v0.1.0
2020-02-28,obm_spent_output_count_daily,771086,outputs,daily,OBM v0.1.0
2020-02-29,obm_spent_output_count_daily,615486,outputs,daily,OBM v0.1.0
2020-03-01,obm_spent_output_count_daily,670551,outputs,daily,OBM v0.1.0
2020-03-02,obm_spent_output_count_daily,763988,outputs,daily,OBM v0.1.0
2020-03-03,obm_spent_output_count_daily,811364,outputs,daily,OBM v0.1.0
2020-03-04,obm_spent_output_count_daily,1014031,outputs,daily,OBM v0.1.0
2020-03-05,obm_spent_output_count_daily,744929,outputs,daily,OBM v0.1.0
2020-03-06,obm_spent_output_count_daily,769527,outputs,daily,OBM v0.1.0
2020-03-07,obm_spent_output_count_daily,644319,outputs,daily,OBM v0.1.0
2020-03-08,obm_spent_output_count_daily,614727,outputs,daily,OBM v0.1.0
2020-03-09,obm_spent_output_count_daily,778840,outputs,daily,OBM v0.1.0
2020-03-10,obm_spent_output_count_daily,796131,outputs,daily,OBM v0.1.0
2020-03-11,obm_spent_output_count_daily,644981,outputs,daily,OBM v0.1.0
2020-03-12,obm_spent_output_count_daily,862933,outputs,daily,OBM v0.1.0
2020-03-13,obm_spent_output_count_daily,709175,outputs,daily,OBM v0.1.0
2020-03-14,obm_spent_output_count_daily,737750,outputs,daily,OBM v0.1.0
2020-03-15,obm_spent_output_count_daily,601261,outputs,daily,OBM v0.1.0
2020-03-16,obm_spent_output_count_daily,645681,outputs,daily,OBM v0.1.0
2020-03-17,obm_spent_output_count_daily,687958,outputs,daily,OBM v0.1.0
2020-03-18,obm_spent_output_count_daily,516787,outputs,daily,OBM v0.1.0
2020-03-19,obm_spent_output_count_daily,619505,outputs,daily,OBM v0.1.0
2020-03-20,obm_spent_output_count_daily,612884,outputs,daily,OBM v0.1.0
2020-03-21,obm_spent_output_count_daily,622399,outputs,daily,OBM v0.1.0
2020-03-22,obm_spent_output_count_daily,477810,outputs,daily,OBM v0.1.0
2020-03-23,obm_spent_output_count_daily,585464,outputs,daily,OBM v0.1.0
2020-03-24,obm_spent_output_count_daily,716122,outputs,daily,OBM v0.1.0
2020-03-25,obm_spent_output_count_daily,456287,outputs,daily,OBM v0.1.0
2020-03-26,obm_spent_output_count_daily,855212,outputs,daily,OBM v0.1.0
2020-03-27,obm_spent_output_count_daily,818619,outputs,daily,OBM v0.1.0
2020-03-28,obm_spent_output_count_daily,546712,outputs,daily,OBM v0.1.0
2020-03-29,obm_spent_output_count_daily,515642,outputs,daily,OBM v0.1.0
2020-03-30,obm_spent_output_count_daily,718238,outputs,daily,OBM v0.1.0
2020-03-31,obm_spent_output_count_daily,758347,outputs,daily,OBM v0.1.0
2020-04-01,obm_spent_output_count_daily,780586,outputs,daily,OBM v0.1.0
2020-04-02,obm_spent_output_count_daily,774783,outputs,daily,OBM v0.1.0
2020-04-03,obm_spent_output_count_daily,685221,outputs,daily,OBM v0.1.0
2020-04-04,obm_spent_output_count_daily,712766,outputs,daily,OBM v0.1.0
2020-04-05,obm_spent_output_count_daily,582228,outputs,daily,OBM v0.1.0
2020-04-06,obm_spent_output_count_daily,686695,outputs,daily,OBM v0.1.0
2020-04-07,obm_spent_output_count_daily,907896,outputs,daily,OBM v0.1.0
2020-04-08,obm_spent_output_count_daily,722741,outputs,daily,OBM v0.1.0
2020-04-09,obm_spent_output_count_daily,718981,outputs,daily,OBM v0.1.0
2020-04-10,obm_spent_output_count_daily,662443,outputs,daily,OBM v0.1.0
2020-04-11,obm_spent_output_count_daily,555886,outputs,daily,OBM v0.1.0
2020-04-12,obm_spent_output_count_daily,541146,outputs,daily,OBM v0.1.0
2020-04-13,obm_spent_output_count_daily,708777,outputs,daily,OBM v0.1.0
2020-04-14,obm_spent_output_count_daily,753862,outputs,daily,OBM v0.1.0
2020-04-15,obm_spent_output_count_daily,850671,outputs,daily,OBM v0.1.0
2020-04-16,obm_spent_output_count_daily,776271,outputs,daily,OBM v0.1.0
2020-04-17,obm_spent_output_count_daily,768225,outputs,daily,OBM v0.1.0
2020-04-18,obm_spent_output_count_daily,855834,outputs,daily,OBM v0.1.0
2020-04-19,obm_spent_output_count_daily,632159,outputs,daily,OBM v0.1.0
2020-04-20,obm_spent_output_count_daily,775660,outputs,daily,OBM v0.1.0
2020-04-21,obm_spent_output_count_daily,723987,outputs,daily,OBM v0.1.0
2020-04-22,obm_spent_output_count_daily,603644,outputs,daily,OBM v0.1.0
2020-04-23,obm_spent_output_count_daily,830372,outputs,daily,OBM v0.1.0
2020-04-24,obm_spent_output_count_daily,827286,outputs,daily,OBM v0.1.0
2020-04-25,obm_spent_output_count_daily,811750,outputs,daily,OBM v0.1.0
2020-04-26,obm_spent_output_count_daily,704995,outputs,daily,OBM v0.1.0
2020-04-27,obm_spent_output_count_daily,769333,outputs,daily,OBM v0.1.0
2020-04-28,obm_spent_output_count_daily,888021,outputs,daily,OBM v0.1.0
2020-04-29,obm_spent_output_count_daily,800308,outputs,daily,OBM v0.1.0
2020-04-30,obm_spent_output_count_daily,777495,outputs,daily,OBM v0.1.0
2020-05-01,obm_spent_output_count_daily,809914,outputs,daily,OBM v0.1.0
2020-05-02,obm_spent_output_count_daily,942363,outputs,daily,OBM v0.1.0
2020-05-03,obm_spent_output_count_daily,1003226,outputs,daily,OBM v0.1.0
2020-05-04,obm_spent_output_count_daily,798529,outputs,daily,OBM v0.1.0
2020-05-05,obm_spent_output_count_daily,914940,outputs,daily,OBM v0.1.0
2020-05-06,obm_spent_output_count_daily,877852,outputs,daily,OBM v0.1.0
2020-05-07,obm_spent_output_count_daily,884504,outputs,daily,OBM v0.1.0
2020-05-08,obm_spent_output_count_daily,801152,outputs,daily,OBM v0.1.0
2020-05-09,obm_spent_output_count_daily,810972,outputs,daily,OBM v0.1.0
2020-05-10,obm_spent_output_count_daily,1071825,outputs,daily,OBM v0.1.0
2020-05-11,obm_spent_output_count_daily,958931,outputs,daily,OBM v0.1.0
2020-05-12,obm_spent_output_count_daily,868892,outputs,daily,OBM v0.1.0
2020-05-13,obm_spent_output_count_daily,701309,outputs,daily,OBM v0.1.0
2020-05-14,obm_spent_output_count_daily,693928,outputs,daily,OBM v0.1.0
2020-05-15,obm_spent_output_count_daily,717495,outputs,daily,OBM v0.1.0
2020-05-16,obm_spent_output_count_daily,757288,outputs,daily,OBM v0.1.0
2020-05-17,obm_spent_output_count_daily,633867,outputs,daily,OBM v0.1.0
2020-05-18,obm_spent_output_count_daily,794193,outputs,daily,OBM v0.1.0
2020-05-19,obm_spent_output_count_daily,700712,outputs,daily,OBM v0.1.0
2020-05-20,obm_spent_output_count_daily,681393,outputs,daily,OBM v0.1.0
2020-05-21,obm_spent_output_count_daily,782645,outputs,daily,OBM v0.1.0
2020-05-22,obm_spent_output_count_daily,659820,outputs,daily,OBM v0.1.0
2020-05-23,obm_spent_output_count_daily,732062,outputs,daily,OBM v0.1.0
2020-05-24,obm_spent_output_count_daily,785489,outputs,daily,OBM v0.1.0
2020-05-25,obm_spent_output_count_daily,778815,outputs,daily,OBM v0.1.0
2020-05-26,obm_spent_output_count_daily,744851,outputs,daily,OBM v0.1.0
2020-05-27,obm_spent_output_count_daily,847464,outputs,daily,OBM v0.1.0
2020-05-28,obm_spent_output_count_daily,784145,outputs,daily,OBM v0.1.0
2020-05-29,obm_spent_output_count_daily,753844,outputs,daily,OBM v0.1.0
2020-05-30,obm_spent_output_count_daily,952939,outputs,daily,OBM v0.1.0
2020-05-31,obm_spent_output_count_daily,727388,outputs,daily,OBM v0.1.0
2020-06-01,obm_spent_output_count_daily,794443,outputs,daily,OBM v0.1.0
2020-06-02,obm_spent_output_count_daily,765082,outputs,daily,OBM v0.1.0
2020-06-03,obm_spent_output_count_daily,817992,outputs,daily,OBM v0.1.0
2020-06-04,obm_spent_output_count_daily,888964,outputs,daily,OBM v0.1.0
2020-06-05,obm_spent_output_count_daily,852222,outputs,daily,OBM v0.1.0
2020-06-06,obm_spent_output_count_daily,712236,outputs,daily,OBM v0.1.0
2020-06-07,obm_spent_output_count_daily,610662,outputs,daily,OBM v0.1.0
2020-06-08,obm_spent_output_count_daily,878566,outputs,daily,OBM v0.1.0
2020-06-09,obm_spent_output_count_daily,876584,outputs,daily,OBM v0.1.0
2020-06-10,obm_spent_output_count_daily,806783,outputs,daily,OBM v0.1.0
2020-06-11,obm_spent_output_count_daily,1124932,outputs,daily,OBM v0.1.0
2020-06-12,obm_spent_output_count_daily,910140,outputs,daily,OBM v0.1.0
2020-06-13,obm_spent_output_count_daily,749771,outputs,daily,OBM v0.1.0
2020-06-14,obm_spent_output_count_daily,633314,outputs,daily,OBM v0.1.0
2020-06-15,obm_spent_output_count_daily,717551,outputs,daily,OBM v0.1.0
2020-06-16,obm_spent_output_count_daily,850547,outputs,daily,OBM v0.1.0
2020-06-17,obm_spent_output_count_daily,812553,outputs,daily,OBM v0.1.0
2020-06-18,obm_spent_output_count_daily,711451,outputs,daily,OBM v0.1.0
2020-06-19,obm_spent_output_count_daily,852957,outputs,daily,OBM v0.1.0
2020-06-20,obm_spent_output_count_daily,691427,outputs,daily,OBM v0.1.0
2020-06-21,obm_spent_output_count_daily,671560,outputs,daily,OBM v0.1.0
2020-06-22,obm_spent_output_count_daily,717435,outputs,daily,OBM v0.1.0
2020-06-23,obm_spent_output_count_daily,981756,outputs,daily,OBM v0.1.0
2020-06-24,obm_spent_output_count_daily,845383,outputs,daily,OBM v0.1.0
2020-06-25,obm_spent_output_count_daily,836813,outputs,daily,OBM v0.1.0
2020-06-26,obm_spent_output_count_daily,910374,outputs,daily,OBM v0.1.0
2020-06-27,obm_spent_output_count_daily,691565,outputs,daily,OBM v0.1.0
2020-06-28,obm_spent_output_count_daily,611199,outputs,daily,OBM v0.1.0
2020-06-29,obm_spent_output_count_daily,837655,outputs,daily,OBM v0.1.0
2020-06-30,obm_spent_output_count_daily,819532,outputs,daily,OBM v0.1.0
2020-07-01,obm_spent_output_count_daily,983815,outputs,daily,OBM v0.1.0
2020-07-02,obm_spent_output_count_daily,862926,outputs,daily,OBM v0.1.0
2020-07-03,obm_spent_output_count_daily,890920,outputs,daily,OBM v0.1.0
2020-07-04,obm_spent_output_count_daily,747490,outputs,daily,OBM v0.1.0
2020-07-05,obm_spent_output_count_daily,712542,outputs,daily,OBM v0.1.0
2020-07-06,obm_spent_output_count_daily,880846,outputs,daily,OBM v0.1.0
2020-07-07,obm_spent_output_count_daily,824321,outputs,daily,OBM v0.1.0
2020-07-08,obm_spent_output_count_daily,884579,outputs,daily,OBM v0.1.0
2020-07-09,obm_spent_output_count_daily,975977,outputs,daily,OBM v0.1.0
2020-07-10,obm_spent_output_count_daily,902353,outputs,daily,OBM v0.1.0
2020-07-11,obm_spent_output_count_daily,800768,outputs,daily,OBM v0.1.0
2020-07-12,obm_spent_output_count_daily,674554,outputs,daily,OBM v0.1.0
2020-07-13,obm_spent_output_count_daily,771108,outputs,daily,OBM v0.1.0
2020-07-14,obm_spent_output_count_daily,827064,outputs,daily,OBM v0.1.0
2020-07-15,obm_spent_output_count_daily,833653,outputs,daily,OBM v0.1.0
2020-07-16,obm_spent_output_count_daily,796489,outputs,daily,OBM v0.1.0
2020-07-17,obm_spent_output_count_daily,688785,outputs,daily,OBM v0.1.0
2020-07-18,obm_spent_output_count_daily,763956,outputs,daily,OBM v0.1.0
2020-07-19,obm_spent_output_count_daily,827051,outputs,daily,OBM v0.1.0
2020-07-20,obm_spent_output_count_daily,846679,outputs,daily,OBM v0.1.0
2020-07-21,obm_spent_output_count_daily,728851,outputs,daily,OBM v0.1.0
2020-07-22,obm_spent_output_count_daily,832672,outputs,daily,OBM v0.1.0
2020-07-23,obm_spent_output_count_daily,810680,outputs,daily,OBM v0.1.0
2020-07-24,obm_spent_output_count_daily,963793,outputs,daily,OBM v0.1.0
2020-07-25,obm_spent_output_count_daily,877679,outputs,daily,OBM v0.1.0
2020-07-26,obm_spent_output_count_daily,1013315,outputs,daily,OBM v0.1.0
2020-07-27,obm_spent_output_count_daily,887264,outputs,daily,OBM v0.1.0
2020-07-28,obm_spent_output_count_daily,860399,outputs,daily,OBM v0.1.0
2020-07-29,obm_spent_output_count_daily,871990,outputs,daily,OBM v0.1.0
2020-07-30,obm_spent_output_count_daily,795899,outputs,daily,OBM v0.1.0
2020-07-31,obm_spent_output_count_daily,936264,outputs,daily,OBM v0.1.0
2020-08-01,obm_spent_output_count_daily,838489,outputs,daily,OBM v0.1.0
2020-08-02,obm_spent_output_count_daily,883453,outputs,daily,OBM v0.1.0
2020-08-03,obm_spent_output_count_daily,1011633,outputs,daily,OBM v0.1.0
2020-08-04,obm_spent_output_count_daily,862741,outputs,daily,OBM v0.1.0
2020-08-05,obm_spent_output_count_daily,754312,outputs,daily,OBM v0.1.0
2020-08-06,obm_spent_output_count_daily,943754,outputs,daily,OBM v0.1.0
2020-08-07,obm_spent_output_count_daily,948793,outputs,daily,OBM v0.1.0
2020-08-08,obm_spent_output_count_daily,895233,outputs,daily,OBM v0.1.0
2020-08-09,obm_spent_output_count_daily,968042,outputs,daily,OBM v0.1.0
2020-08-10,obm_spent_output_count_daily,784584,outputs,daily,OBM v0.1.0
2020-08-11,obm_spent_output_count_daily,916194,outputs,daily,OBM v0.1.0
2020-08-12,obm_spent_output_count_daily,954118,outputs,daily,OBM v0.1.0
2020-08-13,obm_spent_output_count_daily,811325,outputs,daily,OBM v0.1.0
2020-08-14,obm_spent_output_count_daily,973399,outputs,daily,OBM v0.1.0
2020-08-15,obm_spent_output_count_daily,912757,outputs,daily,OBM v0.1.0
2020-08-16,obm_spent_output_count_daily,813174,outputs,daily,OBM v0.1.0
2020-08-17,obm_spent_output_count_daily,712298,outputs,daily,OBM v0.1.0
2020-08-18,obm_spent_output_count_daily,805578,outputs,daily,OBM v0.1.0
2020-08-19,obm_spent_output_count_daily,803448,outputs,daily,OBM v0.1.0
2020-08-20,obm_spent_output_count_daily,834368,outputs,daily,OBM v0.1.0
2020-08-21,obm_spent_output_count_daily,964374,outputs,daily,OBM v0.1.0
2020-08-22,obm_spent_output_count_daily,809360,outputs,daily,OBM v0.1.0
2020-08-23,obm_spent_output_count_daily,916193,outputs,daily,OBM v0.1.0
2020-08-24,obm_spent_output_count_daily,778696,outputs,daily,OBM v0.1.0
2020-08-25,obm_spent_output_count_daily,761422,outputs,daily,OBM v0.1.0
2020-08-26,obm_spent_output_count_daily,852656,outputs,daily,OBM v0.1.0
2020-08-27,obm_spent_output_count_daily,740616,outputs,daily,OBM v0.1.0
2020-08-28,obm_spent_output_count_daily,994232,outputs,daily,OBM v0.1.0
2020-08-29,obm_spent_output_count_daily,929683,outputs,daily,OBM v0.1.0
2020-08-30,obm_spent_output_count_daily,792204,outputs,daily,OBM v0.1.0
2020-08-31,obm_spent_output_count_daily,827316,outputs,daily,OBM v0.1.0
2020-09-01,obm_spent_output_count_daily,896928,outputs,daily,OBM v0.1.0
2020-09-02,obm_spent_output_count_daily,843651,outputs,daily,OBM v0.1.0
2020-09-03,obm_spent_output_count_daily,765856,outputs,daily,OBM v0.1.0
2020-09-04,obm_spent_output_count_daily,809521,outputs,daily,OBM v0.1.0
2020-09-05,obm_spent_output_count_daily,839626,outputs,daily,OBM v0.1.0
2020-09-06,obm_spent_output_count_daily,997263,outputs,daily,OBM v0.1.0
2020-09-07,obm_spent_output_count_daily,1069859,outputs,daily,OBM v0.1.0
2020-09-08,obm_spent_output_count_daily,872714,outputs,daily,OBM v0.1.0
2020-09-09,obm_spent_output_count_daily,809305,outputs,daily,OBM v0.1.0
2020-09-10,obm_spent_output_count_daily,980295,outputs,daily,OBM v0.1.0
2020-09-11,obm_spent_output_count_daily,833201,outputs,daily,OBM v0.1.0
2020-09-12,obm_spent_output_count_daily,848552,outputs,daily,OBM v0.1.0
2020-09-13,obm_spent_output_count_daily,695297,outputs,daily,OBM v0.1.0
2020-09-14,obm_spent_output_count_daily,948521,outputs,daily,OBM v0.1.0
2020-09-15,obm_spent_output_count_daily,855979,outputs,daily,OBM v0.1.0
2020-09-16,obm_spent_output_count_daily,926890,outputs,daily,OBM v0.1.0
2020-09-17,obm_spent_output_count_daily,1046439,outputs,daily,OBM v0.1.0
2020-09-18,obm_spent_output_count_daily,876624,outputs,daily,OBM v0.1.0
2020-09-19,obm_spent_output_count_daily,852330,outputs,daily,OBM v0.1.0
2020-09-20,obm_spent_output_count_daily,720162,outputs,daily,OBM v0.1.0
2020-09-21,obm_spent_output_count_daily,795697,outputs,daily,OBM v0.1.0
2020-09-22,obm_spent_output_count_daily,758003,outputs,daily,OBM v0.1.0
2020-09-23,obm_spent_output_count_daily,837321,outputs,daily,OBM v0.1.0
2020-09-24,obm_spent_output_count_daily,769154,outputs,daily,OBM v0.1.0
2020-09-25,obm_spent_output_count_daily,1049356,outputs,daily,OBM v0.1.0
2020-09-26,obm_spent_output_count_daily,959386,outputs,daily,OBM v0.1.0
2020-09-27,obm_spent_output_count_daily,701114,outputs,daily,OBM v0.1.0
2020-09-28,obm_spent_output_count_daily,717132,outputs,daily,OBM v0.1.0
2020-09-29,obm_spent_output_count_daily,811779,outputs,daily,OBM v0.1.0
2020-09-30,obm_spent_output_count_daily,967600,outputs,daily,OBM v0.1.0
2020-10-01,obm_spent_output_count_daily,733198,outputs,daily,OBM v0.1.0
2020-10-02,obm_spent_output_count_daily,800723,outputs,daily,OBM v0.1.0
2020-10-03,obm_spent_output_count_daily,953275,outputs,daily,OBM v0.1.0
2020-10-04,obm_spent_output_count_daily,918109,outputs,daily,OBM v0.1.0
2020-10-05,obm_spent_output_count_daily,765183,outputs,daily,OBM v0.1.0
2020-10-06,obm_spent_output_count_daily,778917,outputs,daily,OBM v0.1.0
2020-10-07,obm_spent_output_count_daily,904577,outputs,daily,OBM v0.1.0
2020-10-08,obm_spent_output_count_daily,907194,outputs,daily,OBM v0.1.0
2020-10-09,obm_spent_output_count_daily,870324,outputs,daily,OBM v0.1.0
2020-10-10,obm_spent_output_count_daily,893214,outputs,daily,OBM v0.1.0
2020-10-11,obm_spent_output_count_daily,709430,outputs,daily,OBM v0.1.0
2020-10-12,obm_spent_output_count_daily,819817,outputs,daily,OBM v0.1.0
2020-10-13,obm_spent_output_count_daily,963657,outputs,daily,OBM v0.1.0
2020-10-14,obm_spent_output_count_daily,788107,outputs,daily,OBM v0.1.0
2020-10-15,obm_spent_output_count_daily,882320,outputs,daily,OBM v0.1.0
2020-10-16,obm_spent_output_count_daily,875711,outputs,daily,OBM v0.1.0
2020-10-17,obm_spent_output_count_daily,760172,outputs,daily,OBM v0.1.0
2020-10-18,obm_spent_output_count_daily,610942,outputs,daily,OBM v0.1.0
2020-10-19,obm_spent_output_count_daily,731034,outputs,daily,OBM v0.1.0
2020-10-20,obm_spent_output_count_daily,811737,outputs,daily,OBM v0.1.0
2020-10-21,obm_spent_output_count_daily,788934,outputs,daily,OBM v0.1.0
2020-10-22,obm_spent_output_count_daily,805736,outputs,daily,OBM v0.1.0
2020-10-23,obm_spent_output_count_daily,780841,outputs,daily,OBM v0.1.0
2020-10-24,obm_spent_output_count_daily,996969,outputs,daily,OBM v0.1.0
2020-10-25,obm_spent_output_count_daily,747848,outputs,daily,OBM v0.1.0
2020-10-26,obm_spent_output_count_daily,685429,outputs,daily,OBM v0.1.0
2020-10-27,obm_spent_output_count_daily,566987,outputs,daily,OBM v0.1.0
2020-10-28,obm_spent_output_count_daily,571477,outputs,daily,OBM v0.1.0
2020-10-29,obm_spent_output_count_daily,630863,outputs,daily,OBM v0.1.0
2020-10-30,obm_spent_output_count_daily,659159,outputs,daily,OBM v0.1.0
2020-10-31,obm_spent_output_count_daily,673407,outputs,daily,OBM v0.1.0
2020-11-01,obm_spent_output_count_daily,752456,outputs,daily,OBM v0.1.0
2020-11-02,obm_spent_output_count_daily,577699,outputs,daily,OBM v0.1.0
2020-11-03,obm_spent_output_count_daily,838794,outputs,daily,OBM v0.1.0
2020-11-04,obm_spent_output_count_daily,1044659,outputs,daily,OBM v0.1.0
2020-11-05,obm_spent_output_count_daily,900753,outputs,daily,OBM v0.1.0
2020-11-06,obm_spent_output_count_daily,926738,outputs,daily,OBM v0.1.0
2020-11-07,obm_spent_output_count_daily,969500,outputs,daily,OBM v0.1.0
2020-11-08,obm_spent_output_count_daily,902010,outputs,daily,OBM v0.1.0
2020-11-09,obm_spent_output_count_daily,1233941,outputs,daily,OBM v0.1.0
2020-11-10,obm_spent_output_count_daily,854828,outputs,daily,OBM v0.1.0
2020-11-11,obm_spent_output_count_daily,888517,outputs,daily,OBM v0.1.0
2020-11-12,obm_spent_output_count_daily,947509,outputs,daily,OBM v0.1.0
2020-11-13,obm_spent_output_count_daily,822449,outputs,daily,OBM v0.1.0
2020-11-14,obm_spent_output_count_daily,833376,outputs,daily,OBM v0.1.0
2020-11-15,obm_spent_output_count_daily,856807,outputs,daily,OBM v0.1.0
2020-11-16,obm_spent_output_count_daily,919942,outputs,daily,OBM v0.1.0
2020-11-17,obm_spent_output_count_daily,952316,outputs,daily,OBM v0.1.0
2020-11-18,obm_spent_output_count_daily,1015256,outputs,daily,OBM v0.1.0
2020-11-19,obm_spent_output_count_daily,854196,outputs,daily,OBM v0.1.0
2020-11-20,obm_spent_output_count_daily,1031001,outputs,daily,OBM v0.1.0
2020-11-21,obm_spent_output_count_daily,916842,outputs,daily,OBM v0.1.0
2020-11-22,obm_spent_output_count_daily,746266,outputs,daily,OBM v0.1.0
2020-11-23,obm_spent_output_count_daily,836066,outputs,daily,OBM v0.1.0
2020-11-24,obm_spent_output_count_daily,802772,outputs,daily,OBM v0.1.0
2020-11-25,obm_spent_output_count_daily,875103,outputs,daily,OBM v0.1.0
2020-11-26,obm_spent_output_count_daily,930218,outputs,daily,OBM v0.1.0
2020-11-27,obm_spent_output_count_daily,956335,outputs,daily,OBM v0.1.0
2020-11-28,obm_spent_output_count_daily,955855,outputs,daily,OBM v0.1.0
2020-11-29,obm_spent_output_count_daily,769819,outputs,daily,OBM v0.1.0
2020-11-30,obm_spent_output_count_daily,696986,outputs,daily,OBM v0.1.0
2020-12-01,obm_spent_output_count_daily,905405,outputs,daily,OBM v0.1.0
2020-12-02,obm_spent_output_count_daily,758688,outputs,daily,OBM v0.1.0
2020-12-03,obm_spent_output_count_daily,988638,outputs,daily,OBM v0.1.0
2020-12-04,obm_spent_output_count_daily,896509,outputs,daily,OBM v0.1.0
2020-12-05,obm_spent_output_count_daily,934992,outputs,daily,OBM v0.1.0
2020-12-06,obm_spent_output_count_daily,879239,outputs,daily,OBM v0.1.0
2020-12-07,obm_spent_output_count_daily,843547,outputs,daily,OBM v0.1.0
2020-12-08,obm_spent_output_count_daily,856549,outputs,daily,OBM v0.1.0
2020-12-09,obm_spent_output_count_daily,829649,outputs,daily,OBM v0.1.0
2020-12-10,obm_spent_output_count_daily,778738,outputs,daily,OBM v0.1.0
2020-12-11,obm_spent_output_count_daily,862698,outputs,daily,OBM v0.1.0
2020-12-12,obm_spent_output_count_daily,804507,outputs,daily,OBM v0.1.0
2020-12-13,obm_spent_output_count_daily,890221,outputs,daily,OBM v0.1.0
2020-12-14,obm_spent_output_count_daily,788573,outputs,daily,OBM v0.1.0
2020-12-15,obm_spent_output_count_daily,840308,outputs,daily,OBM v0.1.0
2020-12-16,obm_spent_output_count_daily,873610,outputs,daily,OBM v0.1.0
2020-12-17,obm_spent_output_count_daily,772889,outputs,daily,OBM v0.1.0
2020-12-18,obm_spent_output_count_daily,924253,outputs,daily,OBM v0.1.0
2020-12-19,obm_spent_output_count_daily,971808,outputs,daily,OBM v0.1.0
2020-12-20,obm_spent_output_count_daily,978675,outputs,daily,OBM v0.1.0
2020-12-21,obm_spent_output_count_daily,872946,outputs,daily,OBM v0.1.0
2020-12-22,obm_spent_output_count_daily,881579,outputs,daily,OBM v0.1.0
2020-12-23,obm_spent_output_count_daily,910566,outputs,daily,OBM v0.1.0
2020-12-24,obm_spent_output_count_daily,767276,outputs,daily,OBM v0.1.0
2020-12-25,obm_spent_output_count_daily,901673,outputs,daily,OBM v0.1.0
2020-12-26,obm_spent_output_count_daily,863067,outputs,daily,OBM v0.1.0
2020-12-27,obm_spent_output_count_daily,928647,outputs,daily,OBM v0.1.0
2020-12-28,obm_spent_output_count_daily,1004976,outputs,daily,OBM v0.1.0
2020-12-29,obm_spent_output_count_daily,928787,outputs,daily,OBM v0.1.0
2020-12-30,obm_spent_output_count_daily,1036288,outputs,daily,OBM v0.1.0
2020-12-31,obm_spent_output_count_daily,1013154,outputs,daily,OBM v0.1.0
2021-01-01,obm_spent_output_count_daily,972590,outputs,daily,OBM v0.1.0
2021-01-02,obm_spent_output_count_daily,990961,outputs,daily,OBM v0.1.0
2021-01-03,obm_spent_output_count_daily,975697,outputs,daily,OBM v0.1.0
2021-01-04,obm_spent_output_count_daily,1082845,outputs,daily,OBM v0.1.0
2021-01-05,obm_spent_output_count_daily,952590,outputs,daily,OBM v0.1.0
2021-01-06,obm_spent_output_count_daily,1089495,outputs,daily,OBM v0.1.0
2021-01-07,obm_spent_output_count_daily,989446,outputs,daily,OBM v0.1.0
2021-01-08,obm_spent_output_count_daily,880533,outputs,daily,OBM v0.1.0
2021-01-09,obm_spent_output_count_daily,817954,outputs,daily,OBM v0.1.0
2021-01-10,obm_spent_output_count_daily,1004562,outputs,daily,OBM v0.1.0
2021-01-11,obm_spent_output_count_daily,939796,outputs,daily,OBM v0.1.0
2021-01-12,obm_spent_output_count_daily,913237,outputs,daily,OBM v0.1.0
2021-01-13,obm_spent_output_count_daily,934129,outputs,daily,OBM v0.1.0
2021-01-14,obm_spent_output_count_daily,890986,outputs,daily,OBM v0.1.0
2021-01-15,obm_spent_output_count_daily,956521,outputs,daily,OBM v0.1.0
2021-01-16,obm_spent_output_count_daily,912454,outputs,daily,OBM v0.1.0
2021-01-17,obm_spent_output_count_daily,844515,outputs,daily,OBM v0.1.0
2021-01-18,obm_spent_output_count_daily,901096,outputs,daily,OBM v0.1.0
2021-01-19,obm_spent_output_count_daily,906803,outputs,daily,OBM v0.1.0
2021-01-20,obm_spent_output_count_daily,839392,outputs,daily,OBM v0.1.0
2021-01-21,obm_spent_output_count_daily,786247,outputs,daily,OBM v0.1.0
2021-01-22,obm_spent_output_count_daily,844998,outputs,daily,OBM v0.1.0
2021-01-23,obm_spent_output_count_daily,975754,outputs,daily,OBM v0.1.0
2021-01-24,obm_spent_output_count_daily,890286,outputs,daily,OBM v0.1.0
2021-01-25,obm_spent_output_count_daily,887807,outputs,daily,OBM v0.1.0
2021-01-26,obm_spent_output_count_daily,1027836,outputs,daily,OBM v0.1.0
2021-01-27,obm_spent_output_count_daily,858912,outputs,daily,OBM v0.1.0
2021-01-28,obm_spent_output_count_daily,903434,outputs,daily,OBM v0.1.0
2021-01-29,obm_spent_output_count_daily,903486,outputs,daily,OBM v0.1.0
2021-01-30,obm_spent_output_count_daily,828940,outputs,daily,OBM v0.1.0
2021-01-31,obm_spent_output_count_daily,911383,outputs,daily,OBM v0.1.0
2021-02-01,obm_spent_output_count_daily,708103,outputs,daily,OBM v0.1.0
2021-02-02,obm_spent_output_count_daily,920796,outputs,daily,OBM v0.1.0
2021-02-03,obm_spent_output_count_daily,908115,outputs,daily,OBM v0.1.0
2021-02-04,obm_spent_output_count_daily,961569,outputs,daily,OBM v0.1.0
2021-02-05,obm_spent_output_count_daily,1040720,outputs,daily,OBM v0.1.0
2021-02-06,obm_spent_output_count_daily,983235,outputs,daily,OBM v0.1.0
2021-02-07,obm_spent_output_count_daily,1002498,outputs,daily,OBM v0.1.0
2021-02-08,obm_spent_output_count_daily,1008727,outputs,daily,OBM v0.1.0
2021-02-09,obm_spent_output_count_daily,829186,outputs,daily,OBM v0.1.0
2021-02-10,obm_spent_output_count_daily,847601,outputs,daily,OBM v0.1.0
2021-02-11,obm_spent_output_count_daily,731458,outputs,daily,OBM v0.1.0
2021-02-12,obm_spent_output_count_daily,821279,outputs,daily,OBM v0.1.0
2021-02-13,obm_spent_output_count_daily,1004934,outputs,daily,OBM v0.1.0
2021-02-14,obm_spent_output_count_daily,961678,outputs,daily,OBM v0.1.0
2021-02-15,obm_spent_output_count_daily,946160,outputs,daily,OBM v0.1.0
2021-02-16,obm_spent_output_count_daily,715012,outputs,daily,OBM v0.1.0
2021-02-17,obm_spent_output_count_daily,823593,outputs,daily,OBM v0.1.0
2021-02-18,obm_spent_output_count_daily,819863,outputs,daily,OBM v0.1.0
2021-02-19,obm_spent_output_count_daily,922508,outputs,daily,OBM v0.1.0
2021-02-20,obm_spent_output_count_daily,892032,outputs,daily,OBM v0.1.0
2021-02-21,obm_spent_output_count_daily,890195,outputs,daily,OBM v0.1.0
2021-02-22,obm_spent_output_count_daily,829905,outputs,daily,OBM v0.1.0
2021-02-23,obm_spent_output_count_daily,748125,outputs,daily,OBM v0.1.0
2021-02-24,obm_spent_output_count_daily,955087,outputs,daily,OBM v0.1.0
2021-02-25,obm_spent_output_count_daily,957636,outputs,daily,OBM v0.1.0
2021-02-26,obm_spent_output_count_daily,820972,outputs,daily,OBM v0.1.0
2021-02-27,obm_spent_output_count_daily,988607,outputs,daily,OBM v0.1.0
2021-02-28,obm_spent_output_count_daily,866533,outputs,daily,OBM v0.1.0
2021-03-01,obm_spent_output_count_daily,796722,outputs,daily,OBM v0.1.0
2021-03-02,obm_spent_output_count_daily,869502,outputs,daily,OBM v0.1.0
2021-03-03,obm_spent_output_count_daily,927189,outputs,daily,OBM v0.1.0
2021-03-04,obm_spent_output_count_daily,762520,outputs,daily,OBM v0.1.0
2021-03-05,obm_spent_output_count_daily,915962,outputs,daily,OBM v0.1.0
2021-03-06,obm_spent_output_count_daily,999581,outputs,daily,OBM v0.1.0
2021-03-07,obm_spent_output_count_daily,959658,outputs,daily,OBM v0.1.0
2021-03-08,obm_spent_output_count_daily,1005858,outputs,daily,OBM v0.1.0
2021-03-09,obm_spent_output_count_daily,843000,outputs,daily,OBM v0.1.0
2021-03-10,obm_spent_output_count_daily,903199,outputs,daily,OBM v0.1.0
2021-03-11,obm_spent_output_count_daily,786171,outputs,daily,OBM v0.1.0
2021-03-12,obm_spent_output_count_daily,912561,outputs,daily,OBM v0.1.0
2021-03-13,obm_spent_output_count_daily,885267,outputs,daily,OBM v0.1.0
2021-03-14,obm_spent_output_count_daily,1006401,outputs,daily,OBM v0.1.0
2021-03-15,obm_spent_output_count_daily,936555,outputs,daily,OBM v0.1.0
2021-03-16,obm_spent_output_count_daily,900846,outputs,daily,OBM v0.1.0
2021-03-17,obm_spent_output_count_daily,811290,outputs,daily,OBM v0.1.0
2021-03-18,obm_spent_output_count_daily,887215,outputs,daily,OBM v0.1.0
2021-03-19,obm_spent_output_count_daily,900225,outputs,daily,OBM v0.1.0
2021-03-20,obm_spent_output_count_daily,967834,outputs,daily,OBM v0.1.0
2021-03-21,obm_spent_output_count_daily,1141670,outputs,daily,OBM v0.1.0
2021-03-22,obm_spent_output_count_daily,947373,outputs,daily,OBM v0.1.0
2021-03-23,obm_spent_output_count_daily,1025724,outputs,daily,OBM v0.1.0
2021-03-24,obm_spent_output_count_daily,974963,outputs,daily,OBM v0.1.0
2021-03-25,obm_spent_output_count_daily,939127,outputs,daily,OBM v0.1.0
2021-03-26,obm_spent_output_count_daily,811475,outputs,daily,OBM v0.1.0
2021-03-27,obm_spent_output_count_daily,1019147,outputs,daily,OBM v0.1.0
2021-03-28,obm_spent_output_count_daily,1053702,outputs,daily,OBM v0.1.0
2021-03-29,obm_spent_output_count_daily,918726,outputs,daily,OBM v0.1.0
2021-03-30,obm_spent_output_count_daily,883876,outputs,daily,OBM v0.1.0
2021-03-31,obm_spent_output_count_daily,945248,outputs,daily,OBM v0.1.0
2021-04-01,obm_spent_output_count_daily,881885,outputs,daily,OBM v0.1.0
2021-04-02,obm_spent_output_count_daily,845602,outputs,daily,OBM v0.1.0
2021-04-03,obm_spent_output_count_daily,807765,outputs,daily,OBM v0.1.0
2021-04-04,obm_spent_output_count_daily,950301,outputs,daily,OBM v0.1.0
2021-04-05,obm_spent_output_count_daily,1038974,outputs,daily,OBM v0.1.0
2021-04-06,obm_spent_output_count_daily,864030,outputs,daily,OBM v0.1.0
2021-04-07,obm_spent_output_count_daily,962113,outputs,daily,OBM v0.1.0
2021-04-08,obm_spent_output_count_daily,809637,outputs,daily,OBM v0.1.0
2021-04-09,obm_spent_output_count_daily,933534,outputs,daily,OBM v0.1.0
2021-04-10,obm_spent_output_count_daily,988543,outputs,daily,OBM v0.1.0
2021-04-11,obm_spent_output_count_daily,969026,outputs,daily,OBM v0.1.0
2021-04-12,obm_spent_output_count_daily,899766,outputs,daily,OBM v0.1.0
2021-04-13,obm_spent_output_count_daily,855339,outputs,daily,OBM v0.1.0
2021-04-14,obm_spent_output_count_daily,795461,outputs,daily,OBM v0.1.0
2021-04-15,obm_spent_output_count_daily,1071138,outputs,daily,OBM v0.1.0
2021-04-16,obm_spent_output_count_daily,588084,outputs,daily,OBM v0.1.0
2021-04-17,obm_spent_output_count_daily,553824,outputs,daily,OBM v0.1.0
2021-04-18,obm_spent_output_count_daily,747646,outputs,daily,OBM v0.1.0
2021-04-19,obm_spent_output_count_daily,559971,outputs,daily,OBM v0.1.0
2021-04-20,obm_spent_output_count_daily,770886,outputs,daily,OBM v0.1.0
2021-04-21,obm_spent_output_count_daily,587201,outputs,daily,OBM v0.1.0
2021-04-22,obm_spent_output_count_daily,881594,outputs,daily,OBM v0.1.0
2021-04-23,obm_spent_output_count_daily,833478,outputs,daily,OBM v0.1.0
2021-04-24,obm_spent_output_count_daily,936574,outputs,daily,OBM v0.1.0
2021-04-25,obm_spent_output_count_daily,956598,outputs,daily,OBM v0.1.0
2021-04-26,obm_spent_output_count_daily,698707,outputs,daily,OBM v0.1.0
2021-04-27,obm_spent_output_count_daily,895921,outputs,daily,OBM v0.1.0
2021-04-28,obm_spent_output_count_daily,896095,outputs,daily,OBM v0.1.0
2021-04-29,obm_spent_output_count_daily,744766,outputs,daily,OBM v0.1.0
2021-04-30,obm_spent_output_count_daily,922062,outputs,daily,OBM v0.1.0
2021-05-01,obm_spent_output_count_daily,896126,outputs,daily,OBM v0.1.0
2021-05-02,obm_spent_output_count_daily,1338515,outputs,daily,OBM v0.1.0
2021-05-03,obm_spent_output_count_daily,1222637,outputs,daily,OBM v0.1.0
2021-05-04,obm_spent_output_count_daily,1215055,outputs,daily,OBM v0.1.0
2021-05-05,obm_spent_output_count_daily,1018567,outputs,daily,OBM v0.1.0
2021-05-06,obm_spent_output_count_daily,1083752,outputs,daily,OBM v0.1.0
2021-05-07,obm_spent_output_count_daily,1061976,outputs,daily,OBM v0.1.0
2021-05-08,obm_spent_output_count_daily,1076564,outputs,daily,OBM v0.1.0
2021-05-09,obm_spent_output_count_daily,1222248,outputs,daily,OBM v0.1.0
2021-05-10,obm_spent_output_count_daily,1190001,outputs,daily,OBM v0.1.0
2021-05-11,obm_spent_output_count_daily,1077655,outputs,daily,OBM v0.1.0
2021-05-12,obm_spent_output_count_daily,1081968,outputs,daily,OBM v0.1.0
2021-05-13,obm_spent_output_count_daily,1005308,outputs,daily,OBM v0.1.0
2021-05-14,obm_spent_output_count_daily,809000,outputs,daily,OBM v0.1.0
2021-05-15,obm_spent_output_count_daily,782804,outputs,daily,OBM v0.1.0
2021-05-16,obm_spent_output_count_daily,862540,outputs,daily,OBM v0.1.0
2021-05-17,obm_spent_output_count_daily,751684,outputs,daily,OBM v0.1.0
2021-05-18,obm_spent_output_count_daily,604969,outputs,daily,OBM v0.1.0
2021-05-19,obm_spent_output_count_daily,756874,outputs,daily,OBM v0.1.0
2021-05-20,obm_spent_output_count_daily,660058,outputs,daily,OBM v0.1.0
2021-05-21,obm_spent_output_count_daily,650805,outputs,daily,OBM v0.1.0
2021-05-22,obm_spent_output_count_daily,721861,outputs,daily,OBM v0.1.0
2021-05-23,obm_spent_output_count_daily,797243,outputs,daily,OBM v0.1.0
2021-05-24,obm_spent_output_count_daily,819993,outputs,daily,OBM v0.1.0
2021-05-25,obm_spent_output_count_daily,797199,outputs,daily,OBM v0.1.0
2021-05-26,obm_spent_output_count_daily,761705,outputs,daily,OBM v0.1.0
2021-05-27,obm_spent_output_count_daily,708965,outputs,daily,OBM v0.1.0
2021-05-28,obm_spent_output_count_daily,760143,outputs,daily,OBM v0.1.0
2021-05-29,obm_spent_output_count_daily,743901,outputs,daily,OBM v0.1.0
2021-05-30,obm_spent_output_count_daily,1002434,outputs,daily,OBM v0.1.0
2021-05-31,obm_spent_output_count_daily,925611,outputs,daily,OBM v0.1.0
2021-06-01,obm_spent_output_count_daily,843631,outputs,daily,OBM v0.1.0
2021-06-02,obm_spent_output_count_daily,1022899,outputs,daily,OBM v0.1.0
2021-06-03,obm_spent_output_count_daily,899533,outputs,daily,OBM v0.1.0
2021-06-04,obm_spent_output_count_daily,792798,outputs,daily,OBM v0.1.0
2021-06-05,obm_spent_output_count_daily,646665,outputs,daily,OBM v0.1.0
2021-06-06,obm_spent_output_count_daily,667727,outputs,daily,OBM v0.1.0
2021-06-07,obm_spent_output_count_daily,778892,outputs,daily,OBM v0.1.0
2021-06-08,obm_spent_output_count_daily,884635,outputs,daily,OBM v0.1.0
2021-06-09,obm_spent_output_count_daily,601555,outputs,daily,OBM v0.1.0
2021-06-10,obm_spent_output_count_daily,732693,outputs,daily,OBM v0.1.0
2021-06-11,obm_spent_output_count_daily,654277,outputs,daily,OBM v0.1.0
2021-06-12,obm_spent_output_count_daily,894305,outputs,daily,OBM v0.1.0
2021-06-13,obm_spent_output_count_daily,701406,outputs,daily,OBM v0.1.0
2021-06-14,obm_spent_output_count_daily,788119,outputs,daily,OBM v0.1.0
2021-06-15,obm_spent_output_count_daily,792083,outputs,daily,OBM v0.1.0
2021-06-16,obm_spent_output_count_daily,784971,outputs,daily,OBM v0.1.0
2021-06-17,obm_spent_output_count_daily,725393,outputs,daily,OBM v0.1.0
2021-06-18,obm_spent_output_count_daily,685525,outputs,daily,OBM v0.1.0
2021-06-19,obm_spent_output_count_daily,593017,outputs,daily,OBM v0.1.0
2021-06-20,obm_spent_output_count_daily,689064,outputs,daily,OBM v0.1.0
2021-06-21,obm_spent_output_count_daily,696943,outputs,daily,OBM v0.1.0
2021-06-22,obm_spent_output_count_daily,592625,outputs,daily,OBM v0.1.0
2021-06-23,obm_spent_output_count_daily,658906,outputs,daily,OBM v0.1.0
2021-06-24,obm_spent_output_count_daily,689679,outputs,daily,OBM v0.1.0
2021-06-25,obm_spent_output_count_daily,742834,outputs,daily,OBM v0.1.0
2021-06-26,obm_spent_output_count_daily,604053,outputs,daily,OBM v0.1.0
2021-06-27,obm_spent_output_count_daily,364605,outputs,daily,OBM v0.1.0
2021-06-28,obm_spent_output_count_daily,552383,outputs,daily,OBM v0.1.0
2021-06-29,obm_spent_output_count_daily,577614,outputs,daily,OBM v0.1.0
2021-06-30,obm_spent_output_count_daily,557489,outputs,daily,OBM v0.1.0
2021-07-01,obm_spent_output_count_daily,620179,outputs,daily,OBM v0.1.0
2021-07-02,obm_spent_output_count_daily,593189,outputs,daily,OBM v0.1.0
2021-07-03,obm_spent_output_count_daily,909531,outputs,daily,OBM v0.1.0
2021-07-04,obm_spent_output_count_daily,827593,outputs,daily,OBM v0.1.0
2021-07-05,obm_spent_output_count_daily,865388,outputs,daily,OBM v0.1.0
2021-07-06,obm_spent_output_count_daily,756760,outputs,daily,OBM v0.1.0
2021-07-07,obm_spent_output_count_daily,690746,outputs,daily,OBM v0.1.0
2021-07-08,obm_spent_output_count_daily,665197,outputs,daily,OBM v0.1.0
2021-07-09,obm_spent_output_count_daily,750864,outputs,daily,OBM v0.1.0
2021-07-10,obm_spent_output_count_daily,596684,outputs,daily,OBM v0.1.0
2021-07-11,obm_spent_output_count_daily,685087,outputs,daily,OBM v0.1.0
2021-07-12,obm_spent_output_count_daily,689306,outputs,daily,OBM v0.1.0
2021-07-13,obm_spent_output_count_daily,759254,outputs,daily,OBM v0.1.0
2021-07-14,obm_spent_output_count_daily,700336,outputs,daily,OBM v0.1.0
2021-07-15,obm_spent_output_count_daily,747122,outputs,daily,OBM v0.1.0
2021-07-16,obm_spent_output_count_daily,648612,outputs,daily,OBM v0.1.0
2021-07-17,obm_spent_output_count_daily,522910,outputs,daily,OBM v0.1.0
2021-07-18,obm_spent_output_count_daily,561491,outputs,daily,OBM v0.1.0
2021-07-19,obm_spent_output_count_daily,748702,outputs,daily,OBM v0.1.0
2021-07-20,obm_spent_output_count_daily,728146,outputs,daily,OBM v0.1.0
2021-07-21,obm_spent_output_count_daily,776265,outputs,daily,OBM v0.1.0
2021-07-22,obm_spent_output_count_daily,675789,outputs,daily,OBM v0.1.0
2021-07-23,obm_spent_output_count_daily,660564,outputs,daily,OBM v0.1.0
2021-07-24,obm_spent_output_count_daily,621210,outputs,daily,OBM v0.1.0
2021-07-25,obm_spent_output_count_daily,581779,outputs,daily,OBM v0.1.0
2021-07-26,obm_spent_output_count_daily,829186,outputs,daily,OBM v0.1.0
2021-07-27,obm_spent_output_count_daily,841728,outputs,daily,OBM v0.1.0
2021-07-28,obm_spent_output_count_daily,744688,outputs,daily,OBM v0.1.0
2021-07-29,obm_spent_output_count_daily,767653,outputs,daily,OBM v0.1.0
2021-07-30,obm_spent_output_count_daily,712166,outputs,daily,OBM v0.1.0
2021-07-31,obm_spent_output_count_daily,604403,outputs,daily,OBM v0.1.0
2021-08-01,obm_spent_output_count_daily,556246,outputs,daily,OBM v0.1.0
2021-08-02,obm_spent_output_count_daily,853860,outputs,daily,OBM v0.1.0
2021-08-03,obm_spent_output_count_daily,715701,outputs,daily,OBM v0.1.0
2021-08-04,obm_spent_output_count_daily,752207,outputs,daily,OBM v0.1.0
2021-08-05,obm_spent_output_count_daily,717239,outputs,daily,OBM v0.1.0
2021-08-06,obm_spent_output_count_daily,770029,outputs,daily,OBM v0.1.0
2021-08-07,obm_spent_output_count_daily,615129,outputs,daily,OBM v0.1.0
2021-08-08,obm_spent_output_count_daily,607441,outputs,daily,OBM v0.1.0
2021-08-09,obm_spent_output_count_daily,805703,outputs,daily,OBM v0.1.0
2021-08-10,obm_spent_output_count_daily,764058,outputs,daily,OBM v0.1.0
2021-08-11,obm_spent_output_count_daily,742330,outputs,daily,OBM v0.1.0
2021-08-12,obm_spent_output_count_daily,722365,outputs,daily,OBM v0.1.0
2021-08-13,obm_spent_output_count_daily,839017,outputs,daily,OBM v0.1.0
2021-08-14,obm_spent_output_count_daily,570822,outputs,daily,OBM v0.1.0
2021-08-15,obm_spent_output_count_daily,727324,outputs,daily,OBM v0.1.0
2021-08-16,obm_spent_output_count_daily,852233,outputs,daily,OBM v0.1.0
2021-08-17,obm_spent_output_count_daily,920292,outputs,daily,OBM v0.1.0
2021-08-18,obm_spent_output_count_daily,779860,outputs,daily,OBM v0.1.0
2021-08-19,obm_spent_output_count_daily,798925,outputs,daily,OBM v0.1.0
2021-08-20,obm_spent_output_count_daily,861373,outputs,daily,OBM v0.1.0
2021-08-21,obm_spent_output_count_daily,676501,outputs,daily,OBM v0.1.0
2021-08-22,obm_spent_output_count_daily,648337,outputs,daily,OBM v0.1.0
2021-08-23,obm_spent_output_count_daily,870072,outputs,daily,OBM v0.1.0
2021-08-24,obm_spent_output_count_daily,828212,outputs,daily,OBM v0.1.0
2021-08-25,obm_spent_output_count_daily,710743,outputs,daily,OBM v0.1.0
2021-08-26,obm_spent_output_count_daily,683061,outputs,daily,OBM v0.1.0
2021-08-27,obm_spent_output_count_daily,693375,outputs,daily,OBM v0.1.0
2021-08-28,obm_spent_output_count_daily,613585,outputs,daily,OBM v0.1.0
2021-08-29,obm_spent_output_count_daily,643186,outputs,daily,OBM v0.1.0
2021-08-30,obm_spent_output_count_daily,755574,outputs,daily,OBM v0.1.0
2021-08-31,obm_spent_output_count_daily,761630,outputs,daily,OBM v0.1.0
2021-09-01,obm_spent_output_count_daily,818917,outputs,daily,OBM v0.1.0
2021-09-02,obm_spent_output_count_daily,893801,outputs,daily,OBM v0.1.0
2021-09-03,obm_spent_output_count_daily,896645,outputs,daily,OBM v0.1.0
2021-09-04,obm_spent_output_count_daily,639936,outputs,daily,OBM v0.1.0
2021-09-05,obm_spent_output_count_daily,640552,outputs,daily,OBM v0.1.0
2021-09-06,obm_spent_output_count_daily,905407,outputs,daily,OBM v0.1.0
2021-09-07,obm_spent_output_count_daily,816229,outputs,daily,OBM v0.1.0
2021-09-08,obm_spent_output_count_daily,744242,outputs,daily,OBM v0.1.0
2021-09-09,obm_spent_output_count_daily,744452,outputs,daily,OBM v0.1.0
2021-09-10,obm_spent_output_count_daily,758653,outputs,daily,OBM v0.1.0
2021-09-11,obm_spent_output_count_daily,770670,outputs,daily,OBM v0.1.0
2021-09-12,obm_spent_output_count_daily,582750,outputs,daily,OBM v0.1.0
2021-09-13,obm_spent_output_count_daily,804618,outputs,daily,OBM v0.1.0
2021-09-14,obm_spent_output_count_daily,806821,outputs,daily,OBM v0.1.0
2021-09-15,obm_spent_output_count_daily,852126,outputs,daily,OBM v0.1.0
2021-09-16,obm_spent_output_count_daily,930544,outputs,daily,OBM v0.1.0
2021-09-17,obm_spent_output_count_daily,842300,outputs,daily,OBM v0.1.0
2021-09-18,obm_spent_output_count_daily,694690,outputs,daily,OBM v0.1.0
2021-09-19,obm_spent_output_count_daily,573075,outputs,daily,OBM v0.1.0
2021-09-20,obm_spent_output_count_daily,960836,outputs,daily,OBM v0.1.0
2021-09-21,obm_spent_output_count_daily,703558,outputs,daily,OBM v0.1.0
2021-09-22,obm_spent_output_count_daily,765759,outputs,daily,OBM v0.1.0
2021-09-23,obm_spent_output_count_daily,756419,outputs,daily,OBM v0.1.0
2021-09-24,obm_spent_output_count_daily,829967,outputs,daily,OBM v0.1.0
2021-09-25,obm_spent_output_count_daily,557546,outputs,daily,OBM v0.1.0
2021-09-26,obm_spent_output_count_daily,605667,outputs,daily,OBM v0.1.0
2021-09-27,obm_spent_output_count_daily,766136,outputs,daily,OBM v0.1.0
2021-09-28,obm_spent_output_count_daily,830719,outputs,daily,OBM v0.1.0
2021-09-29,obm_spent_output_count_daily,691463,outputs,daily,OBM v0.1.0
2021-09-30,obm_spent_output_count_daily,1057250,outputs,daily,OBM v0.1.0
2021-10-01,obm_spent_output_count_daily,790677,outputs,daily,OBM v0.1.0
2021-10-02,obm_spent_output_count_daily,851676,outputs,daily,OBM v0.1.0
2021-10-03,obm_spent_output_count_daily,652032,outputs,daily,OBM v0.1.0
2021-10-04,obm_spent_output_count_daily,880814,outputs,daily,OBM v0.1.0
2021-10-05,obm_spent_output_count_daily,1005735,outputs,daily,OBM v0.1.0
2021-10-06,obm_spent_output_count_daily,734569,outputs,daily,OBM v0.1.0
2021-10-07,obm_spent_output_count_daily,966566,outputs,daily,OBM v0.1.0
2021-10-08,obm_spent_output_count_daily,820064,outputs,daily,OBM v0.1.0
2021-10-09,obm_spent_output_count_daily,937362,outputs,daily,OBM v0.1.0
2021-10-10,obm_spent_output_count_daily,677936,outputs,daily,OBM v0.1.0
2021-10-11,obm_spent_output_count_daily,886535,outputs,daily,OBM v0.1.0
2021-10-12,obm_spent_output_count_daily,809812,outputs,daily,OBM v0.1.0
2021-10-13,obm_spent_output_count_daily,878835,outputs,daily,OBM v0.1.0
2021-10-14,obm_spent_output_count_daily,873874,outputs,daily,OBM v0.1.0
2021-10-15,obm_spent_output_count_daily,859014,outputs,daily,OBM v0.1.0
2021-10-16,obm_spent_output_count_daily,825916,outputs,daily,OBM v0.1.0
2021-10-17,obm_spent_output_count_daily,687107,outputs,daily,OBM v0.1.0
2021-10-18,obm_spent_output_count_daily,835927,outputs,daily,OBM v0.1.0
2021-10-19,obm_spent_output_count_daily,952853,outputs,daily,OBM v0.1.0
2021-10-20,obm_spent_output_count_daily,803325,outputs,daily,OBM v0.1.0
2021-10-21,obm_spent_output_count_daily,1069762,outputs,daily,OBM v0.1.0
2021-10-22,obm_spent_output_count_daily,865188,outputs,daily,OBM v0.1.0
2021-10-23,obm_spent_output_count_daily,725682,outputs,daily,OBM v0.1.0
2021-10-24,obm_spent_output_count_daily,594461,outputs,daily,OBM v0.1.0
2021-10-25,obm_spent_output_count_daily,962025,outputs,daily,OBM v0.1.0
2021-10-26,obm_spent_output_count_daily,847315,outputs,daily,OBM v0.1.0
2021-10-27,obm_spent_output_count_daily,813317,outputs,daily,OBM v0.1.0
2021-10-28,obm_spent_output_count_daily,908504,outputs,daily,OBM v0.1.0
2021-10-29,obm_spent_output_count_daily,844399,outputs,daily,OBM v0.1.0
2021-10-30,obm_spent_output_count_daily,711798,outputs,daily,OBM v0.1.0
2021-10-31,obm_spent_output_count_daily,754720,outputs,daily,OBM v0.1.0
2021-11-01,obm_spent_output_count_daily,932608,outputs,daily,OBM v0.1.0
2021-11-02,obm_spent_output_count_daily,958176,outputs,daily,OBM v0.1.0
2021-11-03,obm_spent_output_count_daily,882251,outputs,daily,OBM v0.1.0
2021-11-04,obm_spent_output_count_daily,879713,outputs,daily,OBM v0.1.0
2021-11-05,obm_spent_output_count_daily,899405,outputs,daily,OBM v0.1.0
2021-11-06,obm_spent_output_count_daily,655752,outputs,daily,OBM v0.1.0
2021-11-07,obm_spent_output_count_daily,726453,outputs,daily,OBM v0.1.0
2021-11-08,obm_spent_output_count_daily,797159,outputs,daily,OBM v0.1.0
2021-11-09,obm_spent_output_count_daily,1073586,outputs,daily,OBM v0.1.0
2021-11-10,obm_spent_output_count_daily,941677,outputs,daily,OBM v0.1.0
2021-11-11,obm_spent_output_count_daily,922904,outputs,daily,OBM v0.1.0
2021-11-12,obm_spent_output_count_daily,846608,outputs,daily,OBM v0.1.0
2021-11-13,obm_spent_output_count_daily,688721,outputs,daily,OBM v0.1.0
2021-11-14,obm_spent_output_count_daily,631290,outputs,daily,OBM v0.1.0
2021-11-15,obm_spent_output_count_daily,976768,outputs,daily,OBM v0.1.0
2021-11-16,obm_spent_output_count_daily,885802,outputs,daily,OBM v0.1.0
2021-11-17,obm_spent_output_count_daily,986714,outputs,daily,OBM v0.1.0
2021-11-18,obm_spent_output_count_daily,837895,outputs,daily,OBM v0.1.0
2021-11-19,obm_spent_output_count_daily,813105,outputs,daily,OBM v0.1.0
2021-11-20,obm_spent_output_count_daily,697159,outputs,daily,OBM v0.1.0
2021-11-21,obm_spent_output_count_daily,706099,outputs,daily,OBM v0.1.0
2021-11-22,obm_spent_output_count_daily,799514,outputs,daily,OBM v0.1.0
2021-11-23,obm_spent_output_count_daily,706470,outputs,daily,OBM v0.1.0
2021-11-24,obm_spent_output_count_daily,879362,outputs,daily,OBM v0.1.0
2021-11-25,obm_spent_output_count_daily,729337,outputs,daily,OBM v0.1.0
2021-11-26,obm_spent_output_count_daily,802881,outputs,daily,OBM v0.1.0
2021-11-27,obm_spent_output_count_daily,587866,outputs,daily,OBM v0.1.0
2021-11-28,obm_spent_output_count_daily,625080,outputs,daily,OBM v0.1.0
2021-11-29,obm_spent_output_count_daily,801729,outputs,daily,OBM v0.1.0
2021-11-30,obm_spent_output_count_daily,746511,outputs,daily,OBM v0.1.0
2021-12-01,obm_spent_output_count_daily,929218,outputs,daily,OBM v0.1.0
2021-12-02,obm_spent_output_count_daily,1134679,outputs,daily,OBM v0.1.0
2021-12-03,obm_spent_output_count_daily,834718,outputs,daily,OBM v0.1.0
2021-12-04,obm_spent_output_count_daily,773008,outputs,daily,OBM v0.1.0
2021-12-05,obm_spent_output_count_daily,1002407,outputs,daily,OBM v0.1.0
2021-12-06,obm_spent_output_count_daily,894499,outputs,daily,OBM v0.1.0
2021-12-07,obm_spent_output_count_daily,875313,outputs,daily,OBM v0.1.0
2021-12-08,obm_spent_output_count_daily,749489,outputs,daily,OBM v0.1.0
2021-12-09,obm_spent_output_count_daily,1084954,outputs,daily,OBM v0.1.0
2021-12-10,obm_spent_output_count_daily,712853,outputs,daily,OBM v0.1.0
2021-12-11,obm_spent_output_count_daily,609083,outputs,daily,OBM v0.1.0
2021-12-12,obm_spent_output_count_daily,540297,outputs,daily,OBM v0.1.0
2021-12-13,obm_spent_output_count_daily,774864,outputs,daily,OBM v0.1.0
2021-12-14,obm_spent_output_count_daily,763203,outputs,daily,OBM v0.1.0
2021-12-15,obm_spent_output_count_daily,940511,outputs,daily,OBM v0.1.0
2021-12-16,obm_spent_output_count_daily,660351,outputs,daily,OBM v0.1.0
2021-12-17,obm_spent_output_count_daily,898174,outputs,daily,OBM v0.1.0
2021-12-18,obm_spent_output_count_daily,716739,outputs,daily,OBM v0.1.0
2021-12-19,obm_spent_output_count_daily,529980,outputs,daily,OBM v0.1.0
2021-12-20,obm_spent_output_count_daily,839849,outputs,daily,OBM v0.1.0
2021-12-21,obm_spent_output_count_daily,812281,outputs,daily,OBM v0.1.0
2021-12-22,obm_spent_output_count_daily,827158,outputs,daily,OBM v0.1.0
2021-12-23,obm_spent_output_count_daily,786403,outputs,daily,OBM v0.1.0
2021-12-24,obm_spent_output_count_daily,922849,outputs,daily,OBM v0.1.0
2021-12-25,obm_spent_output_count_daily,873604,outputs,daily,OBM v0.1.0
2021-12-26,obm_spent_output_count_daily,627315,outputs,daily,OBM v0.1.0
2021-12-27,obm_spent_output_count_daily,872849,outputs,daily,OBM v0.1.0
2021-12-28,obm_spent_output_count_daily,945291,outputs,daily,OBM v0.1.0
2021-12-29,obm_spent_output_count_daily,973038,outputs,daily,OBM v0.1.0
2021-12-30,obm_spent_output_count_daily,827983,outputs,daily,OBM v0.1.0
2021-12-31,obm_spent_output_count_daily,1022462,outputs,daily,OBM v0.1.0
2022-01-01,obm_spent_output_count_daily,561134,outputs,daily,OBM v0.1.0
2022-01-02,obm_spent_output_count_daily,583930,outputs,daily,OBM v0.1.0
2022-01-03,obm_spent_output_count_daily,786588,outputs,daily,OBM v0.1.0
2022-01-04,obm_spent_output_count_daily,825495,outputs,daily,OBM v0.1.0
2022-01-05,obm_spent_output_count_daily,859622,outputs,daily,OBM v0.1.0
2022-01-06,obm_spent_output_count_daily,823893,outputs,daily,OBM v0.1.0
2022-01-07,obm_spent_output_count_daily,841317,outputs,daily,OBM v0.1.0
2022-01-08,obm_spent_output_count_daily,690023,outputs,daily,OBM v0.1.0
2022-01-09,obm_spent_output_count_daily,602174,outputs,daily,OBM v0.1.0
2022-01-10,obm_spent_output_count_daily,871239,outputs,daily,OBM v0.1.0
2022-01-11,obm_spent_output_count_daily,826380,outputs,daily,OBM v0.1.0
2022-01-12,obm_spent_output_count_daily,840064,outputs,daily,OBM v0.1.0
2022-01-13,obm_spent_output_count_daily,796357,outputs,daily,OBM v0.1.0
2022-01-14,obm_spent_output_count_daily,849106,outputs,daily,OBM v0.1.0
2022-01-15,obm_spent_output_count_daily,655489,outputs,daily,OBM v0.1.0
2022-01-16,obm_spent_output_count_daily,632321,outputs,daily,OBM v0.1.0
2022-01-17,obm_spent_output_count_daily,860515,outputs,daily,OBM v0.1.0
2022-01-18,obm_spent_output_count_daily,764266,outputs,daily,OBM v0.1.0
2022-01-19,obm_spent_output_count_daily,815823,outputs,daily,OBM v0.1.0
2022-01-20,obm_spent_output_count_daily,814283,outputs,daily,OBM v0.1.0
2022-01-21,obm_spent_output_count_daily,879655,outputs,daily,OBM v0.1.0
2022-01-22,obm_spent_output_count_daily,902088,outputs,daily,OBM v0.1.0
2022-01-23,obm_spent_output_count_daily,628039,outputs,daily,OBM v0.1.0
2022-01-24,obm_spent_output_count_daily,867493,outputs,daily,OBM v0.1.0
2022-01-25,obm_spent_output_count_daily,753151,outputs,daily,OBM v0.1.0
2022-01-26,obm_spent_output_count_daily,742392,outputs,daily,OBM v0.1.0
2022-01-27,obm_spent_output_count_daily,782898,outputs,daily,OBM v0.1.0
2022-01-28,obm_spent_output_count_daily,850013,outputs,daily,OBM v0.1.0
2022-01-29,obm_spent_output_count_daily,745606,outputs,daily,OBM v0.1.0
2022-01-30,obm_spent_output_count_daily,776467,outputs,daily,OBM v0.1.0
2022-01-31,obm_spent_output_count_daily,986671,outputs,daily,OBM v0.1.0
2022-02-01,obm_spent_output_count_daily,1007610,outputs,daily,OBM v0.1.0
2022-02-02,obm_spent_output_count_daily,876505,outputs,daily,OBM v0.1.0
2022-02-03,obm_spent_output_count_daily,820666,outputs,daily,OBM v0.1.0
2022-02-04,obm_spent_output_count_daily,735960,outputs,daily,OBM v0.1.0
2022-02-05,obm_spent_output_count_daily,825514,outputs,daily,OBM v0.1.0
2022-02-06,obm_spent_output_count_daily,826967,outputs,daily,OBM v0.1.0
2022-02-07,obm_spent_output_count_daily,775563,outputs,daily,OBM v0.1.0
2022-02-08,obm_spent_output_count_daily,928909,outputs,daily,OBM v0.1.0
2022-02-09,obm_spent_output_count_daily,929607,outputs,daily,OBM v0.1.0
2022-02-10,obm_spent_output_count_daily,1015864,outputs,daily,OBM v0.1.0
2022-02-11,obm_spent_output_count_daily,978369,outputs,daily,OBM v0.1.0
2022-02-12,obm_spent_output_count_daily,1280182,outputs,daily,OBM v0.1.0
2022-02-13,obm_spent_output_count_daily,665913,outputs,daily,OBM v0.1.0
2022-02-14,obm_spent_output_count_daily,767718,outputs,daily,OBM v0.1.0
2022-02-15,obm_spent_output_count_daily,931187,outputs,daily,OBM v0.1.0
2022-02-16,obm_spent_output_count_daily,774664,outputs,daily,OBM v0.1.0
2022-02-17,obm_spent_output_count_daily,789783,outputs,daily,OBM v0.1.0
2022-02-18,obm_spent_output_count_daily,815865,outputs,daily,OBM v0.1.0
2022-02-19,obm_spent_output_count_daily,743175,outputs,daily,OBM v0.1.0
2022-02-20,obm_spent_output_count_daily,598333,outputs,daily,OBM v0.1.0
2022-02-21,obm_spent_output_count_daily,744256,outputs,daily,OBM v0.1.0
2022-02-22,obm_spent_output_count_daily,769059,outputs,daily,OBM v0.1.0
2022-02-23,obm_spent_output_count_daily,727605,outputs,daily,OBM v0.1.0
2022-02-24,obm_spent_output_count_daily,825144,outputs,daily,OBM v0.1.0
2022-02-25,obm_spent_output_count_daily,810586,outputs,daily,OBM v0.1.0
2022-02-26,obm_spent_output_count_daily,681539,outputs,daily,OBM v0.1.0
2022-02-27,obm_spent_output_count_daily,644147,outputs,daily,OBM v0.1.0
2022-02-28,obm_spent_output_count_daily,853442,outputs,daily,OBM v0.1.0
2022-03-01,obm_spent_output_count_daily,1005086,outputs,daily,OBM v0.1.0
2022-03-02,obm_spent_output_count_daily,1004166,outputs,daily,OBM v0.1.0
2022-03-03,obm_spent_output_count_daily,889004,outputs,daily,OBM v0.1.0
2022-03-04,obm_spent_output_count_daily,848903,outputs,daily,OBM v0.1.0
2022-03-05,obm_spent_output_count_daily,689901,outputs,daily,OBM v0.1.0
2022-03-06,obm_spent_output_count_daily,665943,outputs,daily,OBM v0.1.0
2022-03-07,obm_spent_output_count_daily,815452,outputs,daily,OBM v0.1.0
2022-03-08,obm_spent_output_count_daily,843814,outputs,daily,OBM v0.1.0
2022-03-09,obm_spent_output_count_daily,803890,outputs,daily,OBM v0.1.0
2022-03-10,obm_spent_output_count_daily,864724,outputs,daily,OBM v0.1.0
2022-03-11,obm_spent_output_count_daily,765616,outputs,daily,OBM v0.1.0
2022-03-12,obm_spent_output_count_daily,693406,outputs,daily,OBM v0.1.0
2022-03-13,obm_spent_output_count_daily,637085,outputs,daily,OBM v0.1.0
2022-03-14,obm_spent_output_count_daily,811304,outputs,daily,OBM v0.1.0
2022-03-15,obm_spent_output_count_daily,816759,outputs,daily,OBM v0.1.0
2022-03-16,obm_spent_output_count_daily,872276,outputs,daily,OBM v0.1.0
2022-03-17,obm_spent_output_count_daily,886796,outputs,daily,OBM v0.1.0
2022-03-18,obm_spent_output_count_daily,860751,outputs,daily,OBM v0.1.0
2022-03-19,obm_spent_output_count_daily,760787,outputs,daily,OBM v0.1.0
2022-03-20,obm_spent_output_count_daily,643760,outputs,daily,OBM v0.1.0
2022-03-21,obm_spent_output_count_daily,798262,outputs,daily,OBM v0.1.0
2022-03-22,obm_spent_output_count_daily,777923,outputs,daily,OBM v0.1.0
2022-03-23,obm_spent_output_count_daily,853810,outputs,daily,OBM v0.1.0
2022-03-24,obm_spent_output_count_daily,802457,outputs,daily,OBM v0.1.0
2022-03-25,obm_spent_output_count_daily,919781,outputs,daily,OBM v0.1.0
2022-03-26,obm_spent_output_count_daily,687616,outputs,daily,OBM v0.1.0
2022-03-27,obm_spent_output_count_daily,670704,outputs,daily,OBM v0.1.0
2022-03-28,obm_spent_output_count_daily,941692,outputs,daily,OBM v0.1.0
2022-03-29,obm_spent_output_count_daily,828381,outputs,daily,OBM v0.1.0
2022-03-30,obm_spent_output_count_daily,820537,outputs,daily,OBM v0.1.0
2022-03-31,obm_spent_output_count_daily,819791,outputs,daily,OBM v0.1.0
2022-04-01,obm_spent_output_count_daily,905116,outputs,daily,OBM v0.1.0
2022-04-02,obm_spent_output_count_daily,845421,outputs,daily,OBM v0.1.0
2022-04-03,obm_spent_output_count_daily,692697,outputs,daily,OBM v0.1.0
2022-04-04,obm_spent_output_count_daily,857157,outputs,daily,OBM v0.1.0
2022-04-05,obm_spent_output_count_daily,798164,outputs,daily,OBM v0.1.0
2022-04-06,obm_spent_output_count_daily,802824,outputs,daily,OBM v0.1.0
2022-04-07,obm_spent_output_count_daily,835171,outputs,daily,OBM v0.1.0
2022-04-08,obm_spent_output_count_daily,774355,outputs,daily,OBM v0.1.0
2022-04-09,obm_spent_output_count_daily,689292,outputs,daily,OBM v0.1.0
2022-04-10,obm_spent_output_count_daily,641524,outputs,daily,OBM v0.1.0
2022-04-11,obm_spent_output_count_daily,834919,outputs,daily,OBM v0.1.0
2022-04-12,obm_spent_output_count_daily,885078,outputs,daily,OBM v0.1.0
2022-04-13,obm_spent_output_count_daily,823576,outputs,daily,OBM v0.1.0
2022-04-14,obm_spent_output_count_daily,786405,outputs,daily,OBM v0.1.0
2022-04-15,obm_spent_output_count_daily,744436,outputs,daily,OBM v0.1.0
2022-04-16,obm_spent_output_count_daily,652759,outputs,daily,OBM v0.1.0
2022-04-17,obm_spent_output_count_daily,641941,outputs,daily,OBM v0.1.0
2022-04-18,obm_spent_output_count_daily,808798,outputs,daily,OBM v0.1.0
2022-04-19,obm_spent_output_count_daily,797767,outputs,daily,OBM v0.1.0
2022-04-20,obm_spent_output_count_daily,858104,outputs,daily,OBM v0.1.0
2022-04-21,obm_spent_output_count_daily,893765,outputs,daily,OBM v0.1.0
2022-04-22,obm_spent_output_count_daily,792070,outputs,daily,OBM v0.1.0
2022-04-23,obm_spent_output_count_daily,740677,outputs,daily,OBM v0.1.0
2022-04-24,obm_spent_output_count_daily,694161,outputs,daily,OBM v0.1.0
2022-04-25,obm_spent_output_count_daily,929879,outputs,daily,OBM v0.1.0
2022-04-26,obm_spent_output_count_daily,821139,outputs,daily,OBM v0.1.0
2022-04-27,obm_spent_output_count_daily,841072,outputs,daily,OBM v0.1.0
2022-04-28,obm_spent_output_count_daily,850164,outputs,daily,OBM v0.1.0
2022-04-29,obm_spent_output_count_daily,923696,outputs,daily,OBM v0.1.0
2022-04-30,obm_spent_output_count_daily,880241,outputs,daily,OBM v0.1.0
2022-05-01,obm_spent_output_count_daily,676018,outputs,daily,OBM v0.1.0
2022-05-02,obm_spent_output_count_daily,835559,outputs,daily,OBM v0.1.0
2022-05-03,obm_spent_output_count_daily,776492,outputs,daily,OBM v0.1.0
2022-05-04,obm_spent_output_count_daily,771340,outputs,daily,OBM v0.1.0
2022-05-05,obm_spent_output_count_daily,1093836,outputs,daily,OBM v0.1.0
2022-05-06,obm_spent_output_count_daily,990729,outputs,daily,OBM v0.1.0
2022-05-07,obm_spent_output_count_daily,735545,outputs,daily,OBM v0.1.0
2022-05-08,obm_spent_output_count_daily,743896,outputs,daily,OBM v0.1.0
2022-05-09,obm_spent_output_count_daily,911272,outputs,daily,OBM v0.1.0
2022-05-10,obm_spent_output_count_daily,811781,outputs,daily,OBM v0.1.0
2022-05-11,obm_spent_output_count_daily,865935,outputs,daily,OBM v0.1.0
2022-05-12,obm_spent_output_count_daily,931058,outputs,daily,OBM v0.1.0
2022-05-13,obm_spent_output_count_daily,998109,outputs,daily,OBM v0.1.0
2022-05-14,obm_spent_output_count_daily,981835,outputs,daily,OBM v0.1.0
2022-05-15,obm_spent_output_count_daily,939387,outputs,daily,OBM v0.1.0
2022-05-16,obm_spent_output_count_daily,1163761,outputs,daily,OBM v0.1.0
2022-05-17,obm_spent_output_count_daily,1033319,outputs,daily,OBM v0.1.0
2022-05-18,obm_spent_output_count_daily,773432,outputs,daily,OBM v0.1.0
2022-05-19,obm_spent_output_count_daily,776586,outputs,daily,OBM v0.1.0
2022-05-20,obm_spent_output_count_daily,885710,outputs,daily,OBM v0.1.0
2022-05-21,obm_spent_output_count_daily,685380,outputs,daily,OBM v0.1.0
2022-05-22,obm_spent_output_count_daily,674824,outputs,daily,OBM v0.1.0
2022-05-23,obm_spent_output_count_daily,858295,outputs,daily,OBM v0.1.0
2022-05-24,obm_spent_output_count_daily,683807,outputs,daily,OBM v0.1.0
2022-05-25,obm_spent_output_count_daily,928918,outputs,daily,OBM v0.1.0
2022-05-26,obm_spent_output_count_daily,790537,outputs,daily,OBM v0.1.0
2022-05-27,obm_spent_output_count_daily,824336,outputs,daily,OBM v0.1.0
2022-05-28,obm_spent_output_count_daily,707088,outputs,daily,OBM v0.1.0
2022-05-29,obm_spent_output_count_daily,698051,outputs,daily,OBM v0.1.0
2022-05-30,obm_spent_output_count_daily,943185,outputs,daily,OBM v0.1.0
2022-05-31,obm_spent_output_count_daily,885086,outputs,daily,OBM v0.1.0
2022-06-01,obm_spent_output_count_daily,826546,outputs,daily,OBM v0.1.0
2022-06-02,obm_spent_output_count_daily,845168,outputs,daily,OBM v0.1.0
2022-06-03,obm_spent_output_count_daily,833337,outputs,daily,OBM v0.1.0
2022-06-04,obm_spent_output_count_daily,673277,outputs,daily,OBM v0.1.0
2022-06-05,obm_spent_output_count_daily,623739,outputs,daily,OBM v0.1.0
2022-06-06,obm_spent_output_count_daily,884847,outputs,daily,OBM v0.1.0
2022-06-07,obm_spent_output_count_daily,889894,outputs,daily,OBM v0.1.0
2022-06-08,obm_spent_output_count_daily,825802,outputs,daily,OBM v0.1.0
2022-06-09,obm_spent_output_count_daily,811211,outputs,daily,OBM v0.1.0
2022-06-10,obm_spent_output_count_daily,788973,outputs,daily,OBM v0.1.0
2022-06-11,obm_spent_output_count_daily,750142,outputs,daily,OBM v0.1.0
2022-06-12,obm_spent_output_count_daily,652970,outputs,daily,OBM v0.1.0
2022-06-13,obm_spent_output_count_daily,888125,outputs,daily,OBM v0.1.0
2022-06-14,obm_spent_output_count_daily,1030843,outputs,daily,OBM v0.1.0
2022-06-15,obm_spent_output_count_daily,1005385,outputs,daily,OBM v0.1.0
2022-06-16,obm_spent_output_count_daily,769568,outputs,daily,OBM v0.1.0
2022-06-17,obm_spent_output_count_daily,719639,outputs,daily,OBM v0.1.0
2022-06-18,obm_spent_output_count_daily,877306,outputs,daily,OBM v0.1.0
2022-06-19,obm_spent_output_count_daily,643136,outputs,daily,OBM v0.1.0
2022-06-20,obm_spent_output_count_daily,700235,outputs,daily,OBM v0.1.0
2022-06-21,obm_spent_output_count_daily,803587,outputs,daily,OBM v0.1.0
2022-06-22,obm_spent_output_count_daily,784497,outputs,daily,OBM v0.1.0
2022-06-23,obm_spent_output_count_daily,765524,outputs,daily,OBM v0.1.0
2022-06-24,obm_spent_output_count_daily,785790,outputs,daily,OBM v0.1.0
2022-06-25,obm_spent_output_count_daily,828549,outputs,daily,OBM v0.1.0
2022-06-26,obm_spent_output_count_daily,948584,outputs,daily,OBM v0.1.0
2022-06-27,obm_spent_output_count_daily,1000786,outputs,daily,OBM v0.1.0
2022-06-28,obm_spent_output_count_daily,818070,outputs,daily,OBM v0.1.0
2022-06-29,obm_spent_output_count_daily,860632,outputs,daily,OBM v0.1.0
2022-06-30,obm_spent_output_count_daily,874447,outputs,daily,OBM v0.1.0
2022-07-01,obm_spent_output_count_daily,783667,outputs,daily,OBM v0.1.0
2022-07-02,obm_spent_output_count_daily,756535,outputs,daily,OBM v0.1.0
2022-07-03,obm_spent_output_count_daily,629211,outputs,daily,OBM v0.1.0
2022-07-04,obm_spent_output_count_daily,755130,outputs,daily,OBM v0.1.0
2022-07-05,obm_spent_output_count_daily,718480,outputs,daily,OBM v0.1.0
2022-07-06,obm_spent_output_count_daily,838046,outputs,daily,OBM v0.1.0
2022-07-07,obm_spent_output_count_daily,962079,outputs,daily,OBM v0.1.0
2022-07-08,obm_spent_output_count_daily,856426,outputs,daily,OBM v0.1.0
2022-07-09,obm_spent_output_count_daily,681038,outputs,daily,OBM v0.1.0
2022-07-10,obm_spent_output_count_daily,623518,outputs,daily,OBM v0.1.0
2022-07-11,obm_spent_output_count_daily,701674,outputs,daily,OBM v0.1.0
2022-07-12,obm_spent_output_count_daily,876538,outputs,daily,OBM v0.1.0
2022-07-13,obm_spent_output_count_daily,655576,outputs,daily,OBM v0.1.0
2022-07-14,obm_spent_output_count_daily,891608,outputs,daily,OBM v0.1.0
2022-07-15,obm_spent_output_count_daily,896400,outputs,daily,OBM v0.1.0
2022-07-16,obm_spent_output_count_daily,710625,outputs,daily,OBM v0.1.0
2022-07-17,obm_spent_output_count_daily,656399,outputs,daily,OBM v0.1.0
2022-07-18,obm_spent_output_count_daily,751080,outputs,daily,OBM v0.1.0
2022-07-19,obm_spent_output_count_daily,930972,outputs,daily,OBM v0.1.0
2022-07-20,obm_spent_output_count_daily,813274,outputs,daily,OBM v0.1.0
2022-07-21,obm_spent_output_count_daily,897917,outputs,daily,OBM v0.1.0
2022-07-22,obm_spent_output_count_daily,738994,outputs,daily,OBM v0.1.0
2022-07-23,obm_spent_output_count_daily,697757,outputs,daily,OBM v0.1.0
2022-07-24,obm_spent_output_count_daily,644862,outputs,daily,OBM v0.1.0
2022-07-25,obm_spent_output_count_daily,829127,outputs,daily,OBM v0.1.0
2022-07-26,obm_spent_output_count_daily,882876,outputs,daily,OBM v0.1.0
2022-07-27,obm_spent_output_count_daily,798714,outputs,daily,OBM v0.1.0
2022-07-28,obm_spent_output_count_daily,922127,outputs,daily,OBM v0.1.0
2022-07-29,obm_spent_output_count_daily,858602,outputs,daily,OBM v0.1.0
2022-07-30,obm_spent_output_count_daily,695027,outputs,daily,OBM v0.1.0
2022-07-31,obm_spent_output_count_daily,671363,outputs,daily,OBM v0.1.0
2022-08-01,obm_spent_output_count_daily,837327,outputs,daily,OBM v0.1.0
2022-08-02,obm_spent_output_count_daily,840846,outputs,daily,OBM v0.1.0
2022-08-03,obm_spent_output_count_daily,900603,outputs,daily,OBM v0.1.0
2022-08-04,obm_spent_output_count_daily,847329,outputs,daily,OBM v0.1.0
2022-08-05,obm_spent_output_count_daily,805955,outputs,daily,OBM v0.1.0
2022-08-06,obm_spent_output_count_daily,792831,outputs,daily,OBM v0.1.0
2022-08-07,obm_spent_output_count_daily,632552,outputs,daily,OBM v0.1.0
2022-08-08,obm_spent_output_count_daily,799222,outputs,daily,OBM v0.1.0
2022-08-09,obm_spent_output_count_daily,862770,outputs,daily,OBM v0.1.0
2022-08-10,obm_spent_output_count_daily,929492,outputs,daily,OBM v0.1.0
2022-08-11,obm_spent_output_count_daily,895975,outputs,daily,OBM v0.1.0
2022-08-12,obm_spent_output_count_daily,875075,outputs,daily,OBM v0.1.0
2022-08-13,obm_spent_output_count_daily,717717,outputs,daily,OBM v0.1.0
2022-08-14,obm_spent_output_count_daily,743320,outputs,daily,OBM v0.1.0
2022-08-15,obm_spent_output_count_daily,814325,outputs,daily,OBM v0.1.0
2022-08-16,obm_spent_output_count_daily,931455,outputs,daily,OBM v0.1.0
2022-08-17,obm_spent_output_count_daily,809316,outputs,daily,OBM v0.1.0
2022-08-18,obm_spent_output_count_daily,973919,outputs,daily,OBM v0.1.0
2022-08-19,obm_spent_output_count_daily,910359,outputs,daily,OBM v0.1.0
2022-08-20,obm_spent_output_count_daily,727115,outputs,daily,OBM v0.1.0
2022-08-21,obm_spent_output_count_daily,665365,outputs,daily,OBM v0.1.0
2022-08-22,obm_spent_output_count_daily,789316,outputs,daily,OBM v0.1.0
2022-08-23,obm_spent_output_count_daily,858959,outputs,daily,OBM v0.1.0
2022-08-24,obm_spent_output_count_daily,811615,outputs,daily,OBM v0.1.0
2022-08-25,obm_spent_output_count_daily,835744,outputs,daily,OBM v0.1.0
2022-08-26,obm_spent_output_count_daily,838588,outputs,daily,OBM v0.1.0
2022-08-27,obm_spent_output_count_daily,751489,outputs,daily,OBM v0.1.0
2022-08-28,obm_spent_output_count_daily,691056,outputs,daily,OBM v0.1.0
2022-08-29,obm_spent_output_count_daily,874448,outputs,daily,OBM v0.1.0
2022-08-30,obm_spent_output_count_daily,877504,outputs,daily,OBM v0.1.0
2022-08-31,obm_spent_output_count_daily,863217,outputs,daily,OBM v0.1.0
2022-09-01,obm_spent_output_count_daily,835418,outputs,daily,OBM v0.1.0
2022-09-02,obm_spent_output_count_daily,832553,outputs,daily,OBM v0.1.0
2022-09-03,obm_spent_output_count_daily,864580,outputs,daily,OBM v0.1.0
2022-09-04,obm_spent_output_count_daily,705877,outputs,daily,OBM v0.1.0
2022-09-05,obm_spent_output_count_daily,881182,outputs,daily,OBM v0.1.0
2022-09-06,obm_spent_output_count_daily,834694,outputs,daily,OBM v0.1.0
2022-09-07,obm_spent_output_count_daily,888977,outputs,daily,OBM v0.1.0
2022-09-08,obm_spent_output_count_daily,832178,outputs,daily,OBM v0.1.0
2022-09-09,obm_spent_output_count_daily,953443,outputs,daily,OBM v0.1.0
2022-09-10,obm_spent_output_count_daily,805716,outputs,daily,OBM v0.1.0
2022-09-11,obm_spent_output_count_daily,778450,outputs,daily,OBM v0.1.0
2022-09-12,obm_spent_output_count_daily,926598,outputs,daily,OBM v0.1.0
2022-09-13,obm_spent_output_count_daily,840633,outputs,daily,OBM v0.1.0
2022-09-14,obm_spent_output_count_daily,872434,outputs,daily,OBM v0.1.0
2022-09-15,obm_spent_output_count_daily,866133,outputs,daily,OBM v0.1.0
2022-09-16,obm_spent_output_count_daily,769095,outputs,daily,OBM v0.1.0
2022-09-17,obm_spent_output_count_daily,846410,outputs,daily,OBM v0.1.0
2022-09-18,obm_spent_output_count_daily,694259,outputs,daily,OBM v0.1.0
2022-09-19,obm_spent_output_count_daily,787349,outputs,daily,OBM v0.1.0
2022-09-20,obm_spent_output_count_daily,896766,outputs,daily,OBM v0.1.0
2022-09-21,obm_spent_output_count_daily,820396,outputs,daily,OBM v0.1.0
2022-09-22,obm_spent_output_count_daily,748021,outputs,daily,OBM v0.1.0
2022-09-23,obm_spent_output_count_daily,895500,outputs,daily,OBM v0.1.0
2022-09-24,obm_spent_output_count_daily,722449,outputs,daily,OBM v0.1.0
2022-09-25,obm_spent_output_count_daily,676977,outputs,daily,OBM v0.1.0
2022-09-26,obm_spent_output_count_daily,864502,outputs,daily,OBM v0.1.0
2022-09-27,obm_spent_output_count_daily,887303,outputs,daily,OBM v0.1.0
2022-09-28,obm_spent_output_count_daily,792423,outputs,daily,OBM v0.1.0
2022-09-29,obm_spent_output_count_daily,819621,outputs,daily,OBM v0.1.0
2022-09-30,obm_spent_output_count_daily,915400,outputs,daily,OBM v0.1.0
2022-10-01,obm_spent_output_count_daily,805747,outputs,daily,OBM v0.1.0
2022-10-02,obm_spent_output_count_daily,749738,outputs,daily,OBM v0.1.0
2022-10-03,obm_spent_output_count_daily,930725,outputs,daily,OBM v0.1.0
2022-10-04,obm_spent_output_count_daily,880602,outputs,daily,OBM v0.1.0
2022-10-05,obm_spent_output_count_daily,819363,outputs,daily,OBM v0.1.0
2022-10-06,obm_spent_output_count_daily,866626,outputs,daily,OBM v0.1.0
2022-10-07,obm_spent_output_count_daily,961214,outputs,daily,OBM v0.1.0
2022-10-08,obm_spent_output_count_daily,712993,outputs,daily,OBM v0.1.0
2022-10-09,obm_spent_output_count_daily,673594,outputs,daily,OBM v0.1.0
2022-10-10,obm_spent_output_count_daily,837873,outputs,daily,OBM v0.1.0
2022-10-11,obm_spent_output_count_daily,830081,outputs,daily,OBM v0.1.0
2022-10-12,obm_spent_output_count_daily,784661,outputs,daily,OBM v0.1.0
2022-10-13,obm_spent_output_count_daily,945134,outputs,daily,OBM v0.1.0
2022-10-14,obm_spent_output_count_daily,1004714,outputs,daily,OBM v0.1.0
2022-10-15,obm_spent_output_count_daily,789801,outputs,daily,OBM v0.1.0
2022-10-16,obm_spent_output_count_daily,671565,outputs,daily,OBM v0.1.0
2022-10-17,obm_spent_output_count_daily,817023,outputs,daily,OBM v0.1.0
2022-10-18,obm_spent_output_count_daily,882554,outputs,daily,OBM v0.1.0
2022-10-19,obm_spent_output_count_daily,1018162,outputs,daily,OBM v0.1.0
2022-10-20,obm_spent_output_count_daily,840264,outputs,daily,OBM v0.1.0
2022-10-21,obm_spent_output_count_daily,845942,outputs,daily,OBM v0.1.0
2022-10-22,obm_spent_output_count_daily,735278,outputs,daily,OBM v0.1.0
2022-10-23,obm_spent_output_count_daily,692781,outputs,daily,OBM v0.1.0
2022-10-24,obm_spent_output_count_daily,839769,outputs,daily,OBM v0.1.0
2022-10-25,obm_spent_output_count_daily,693288,outputs,daily,OBM v0.1.0
2022-10-26,obm_spent_output_count_daily,1060069,outputs,daily,OBM v0.1.0
2022-10-27,obm_spent_output_count_daily,831465,outputs,daily,OBM v0.1.0
2022-10-28,obm_spent_output_count_daily,872440,outputs,daily,OBM v0.1.0
2022-10-29,obm_spent_output_count_daily,771491,outputs,daily,OBM v0.1.0
2022-10-30,obm_spent_output_count_daily,730664,outputs,daily,OBM v0.1.0
2022-10-31,obm_spent_output_count_daily,924433,outputs,daily,OBM v0.1.0
2022-11-01,obm_spent_output_count_daily,892111,outputs,daily,OBM v0.1.0
2022-11-02,obm_spent_output_count_daily,737961,outputs,daily,OBM v0.1.0
2022-11-03,obm_spent_output_count_daily,931003,outputs,daily,OBM v0.1.0
2022-11-04,obm_spent_output_count_daily,817745,outputs,daily,OBM v0.1.0
2022-11-05,obm_spent_output_count_daily,865582,outputs,daily,OBM v0.1.0
2022-11-06,obm_spent_output_count_daily,719730,outputs,daily,OBM v0.1.0
2022-11-07,obm_spent_output_count_daily,828199,outputs,daily,OBM v0.1.0
2022-11-08,obm_spent_output_count_daily,960164,outputs,daily,OBM v0.1.0
2022-11-09,obm_spent_output_count_daily,929392,outputs,daily,OBM v0.1.0
2022-11-10,obm_spent_output_count_daily,942040,outputs,daily,OBM v0.1.0
2022-11-11,obm_spent_output_count_daily,830584,outputs,daily,OBM v0.1.0
2022-11-12,obm_spent_output_count_daily,858655,outputs,daily,OBM v0.1.0
2022-11-13,obm_spent_output_count_daily,746170,outputs,daily,OBM v0.1.0
2022-11-14,obm_spent_output_count_daily,765302,outputs,daily,OBM v0.1.0
2022-11-15,obm_spent_output_count_daily,1061025,outputs,daily,OBM v0.1.0
2022-11-16,obm_spent_output_count_daily,1022460,outputs,daily,OBM v0.1.0
2022-11-17,obm_spent_output_count_daily,924559,outputs,daily,OBM v0.1.0
2022-11-18,obm_spent_output_count_daily,947831,outputs,daily,OBM v0.1.0
2022-11-19,obm_spent_output_count_daily,1140638,outputs,daily,OBM v0.1.0
2022-11-20,obm_spent_output_count_daily,1043988,outputs,daily,OBM v0.1.0
2022-11-21,obm_spent_output_count_daily,894999,outputs,daily,OBM v0.1.0
2022-11-22,obm_spent_output_count_daily,823689,outputs,daily,OBM v0.1.0
2022-11-23,obm_spent_output_count_daily,1028645,outputs,daily,OBM v0.1.0
2022-11-24,obm_spent_output_count_daily,1020094,outputs,daily,OBM v0.1.0
2022-11-25,obm_spent_output_count_daily,881879,outputs,daily,OBM v0.1.0
2022-11-26,obm_spent_output_count_daily,812228,outputs,daily,OBM v0.1.0
2022-11-27,obm_spent_output_count_daily,772835,outputs,daily,OBM v0.1.0
2022-11-28,obm_spent_output_count_daily,882545,outputs,daily,OBM v0.1.0
2022-11-29,obm_spent_output_count_daily,855517,outputs,daily,OBM v0.1.0
2022-11-30,obm_spent_output_count_daily,825081,outputs,daily,OBM v0.1.0
2022-12-01,obm_spent_output_count_daily,941480,outputs,daily,OBM v0.1.0
2022-12-02,obm_spent_output_count_daily,824589,outputs,daily,OBM v0.1.0
2022-12-03,obm_spent_output_count_daily,834165,outputs,daily,OBM v0.1.0
2022-12-04,obm_spent_output_count_daily,751854,outputs,daily,OBM v0.1.0
2022-12-05,obm_spent_output_count_daily,886122,outputs,daily,OBM v0.1.0
2022-12-06,obm_spent_output_count_daily,833751,outputs,daily,OBM v0.1.0
2022-12-07,obm_spent_output_count_daily,865744,outputs,daily,OBM v0.1.0
2022-12-08,obm_spent_output_count_daily,817168,outputs,daily,OBM v0.1.0
2022-12-09,obm_spent_output_count_daily,884086,outputs,daily,OBM v0.1.0
2022-12-10,obm_spent_output_count_daily,1053798,outputs,daily,OBM v0.1.0
2022-12-11,obm_spent_output_count_daily,684766,outputs,daily,OBM v0.1.0
2022-12-12,obm_spent_output_count_daily,825629,outputs,daily,OBM v0.1.0
2022-12-13,obm_spent_output_count_daily,884554,outputs,daily,OBM v0.1.0
2022-12-14,obm_spent_output_count_daily,871414,outputs,daily,OBM v0.1.0
2022-12-15,obm_spent_output_count_daily,825824,outputs,daily,OBM v0.1.0
2022-12-16,obm_spent_output_count_daily,725913,outputs,daily,OBM v0.1.0
2022-12-17,obm_spent_output_count_daily,872728,outputs,daily,OBM v0.1.0
2022-12-18,obm_spent_output_count_daily,689542,outputs,daily,OBM v0.1.0
2022-12-19,obm_spent_output_count_daily,891428,outputs,daily,OBM v0.1.0
2022-12-20,obm_spent_output_count_daily,847896,outputs,daily,OBM v0.1.0
2022-12-21,obm_spent_output_count_daily,850246,outputs,daily,OBM v0.1.0
2022-12-22,obm_spent_output_count_daily,814710,outputs,daily,OBM v0.1.0
2022-12-23,obm_spent_output_count_daily,783277,outputs,daily,OBM v0.1.0
2022-12-24,obm_spent_output_count_daily,618843,outputs,daily,OBM v0.1.0
2022-12-25,obm_spent_output_count_daily,683401,outputs,daily,OBM v0.1.0
2022-12-26,obm_spent_output_count_daily,704477,outputs,daily,OBM v0.1.0
2022-12-27,obm_spent_output_count_daily,742339,outputs,daily,OBM v0.1.0
2022-12-28,obm_spent_output_count_daily,835704,outputs,daily,OBM v0.1.0
2022-12-29,obm_spent_output_count_daily,869571,outputs,daily,OBM v0.1.0
2022-12-30,obm_spent_output_count_daily,1060596,outputs,daily,OBM v0.1.0
2022-12-31,obm_spent_output_count_daily,802227,outputs,daily,OBM v0.1.0
2023-01-01,obm_spent_output_count_daily,641852,outputs,daily,OBM v0.1.0
2023-01-02,obm_spent_output_count_daily,786530,outputs,daily,OBM v0.1.0
2023-01-03,obm_spent_output_count_daily,892112,outputs,daily,OBM v0.1.0
2023-01-04,obm_spent_output_count_daily,861138,outputs,daily,OBM v0.1.0
2023-01-05,obm_spent_output_count_daily,877557,outputs,daily,OBM v0.1.0
2023-01-06,obm_spent_output_count_daily,938426,outputs,daily,OBM v0.1.0
2023-01-07,obm_spent_output_count_daily,709606,outputs,daily,OBM v0.1.0
2023-01-08,obm_spent_output_count_daily,667827,outputs,daily,OBM v0.1.0
2023-01-09,obm_spent_output_count_daily,940383,outputs,daily,OBM v0.1.0
2023-01-10,obm_spent_output_count_daily,1201074,outputs,daily,OBM v0.1.0
2023-01-11,obm_spent_output_count_daily,952307,outputs,daily,OBM v0.1.0
2023-01-12,obm_spent_output_count_daily,1005177,outputs,daily,OBM v0.1.0
2023-01-13,obm_spent_output_count_daily,996492,outputs,daily,OBM v0.1.0
2023-01-14,obm_spent_output_count_daily,920796,outputs,daily,OBM v0.1.0
2023-01-15,obm_spent_output_count_daily,680676,outputs,daily,OBM v0.1.0
2023-01-16,obm_spent_output_count_daily,904579,outputs,daily,OBM v0.1.0
2023-01-17,obm_spent_output_count_daily,934847,outputs,daily,OBM v0.1.0
2023-01-18,obm_spent_output_count_daily,891278,outputs,daily,OBM v0.1.0
2023-01-19,obm_spent_output_count_daily,873891,outputs,daily,OBM v0.1.0
2023-01-20,obm_spent_output_count_daily,803545,outputs,daily,OBM v0.1.0
2023-01-21,obm_spent_output_count_daily,791408,outputs,daily,OBM v0.1.0
2023-01-22,obm_spent_output_count_daily,805527,outputs,daily,OBM v0.1.0
2023-01-23,obm_spent_output_count_daily,849977,outputs,daily,OBM v0.1.0
2023-01-24,obm_spent_output_count_daily,817119,outputs,daily,OBM v0.1.0
2023-01-25,obm_spent_output_count_daily,838861,outputs,daily,OBM v0.1.0
2023-01-26,obm_spent_output_count_daily,826468,outputs,daily,OBM v0.1.0
2023-01-27,obm_spent_output_count_daily,817843,outputs,daily,OBM v0.1.0
2023-01-28,obm_spent_output_count_daily,771148,outputs,daily,OBM v0.1.0
2023-01-29,obm_spent_output_count_daily,754199,outputs,daily,OBM v0.1.0
2023-01-30,obm_spent_output_count_daily,873883,outputs,daily,OBM v0.1.0
2023-01-31,obm_spent_output_count_daily,810274,outputs,daily,OBM v0.1.0
2023-02-01,obm_spent_output_count_daily,990238,outputs,daily,OBM v0.1.0
2023-02-02,obm_spent_output_count_daily,905952,outputs,daily,OBM v0.1.0
2023-02-03,obm_spent_output_count_daily,849764,outputs,daily,OBM v0.1.0
2023-02-04,obm_spent_output_count_daily,885055,outputs,daily,OBM v0.1.0
2023-02-05,obm_spent_output_count_daily,697464,outputs,daily,OBM v0.1.0
2023-02-06,obm_spent_output_count_daily,786555,outputs,daily,OBM v0.1.0
2023-02-07,obm_spent_output_count_daily,748331,outputs,daily,OBM v0.1.0
2023-02-08,obm_spent_output_count_daily,775166,outputs,daily,OBM v0.1.0
2023-02-09,obm_spent_output_count_daily,882059,outputs,daily,OBM v0.1.0
2023-02-10,obm_spent_output_count_daily,764583,outputs,daily,OBM v0.1.0
2023-02-11,obm_spent_output_count_daily,714060,outputs,daily,OBM v0.1.0
2023-02-12,obm_spent_output_count_daily,711412,outputs,daily,OBM v0.1.0
2023-02-13,obm_spent_output_count_daily,815297,outputs,daily,OBM v0.1.0
2023-02-14,obm_spent_output_count_daily,725961,outputs,daily,OBM v0.1.0
2023-02-15,obm_spent_output_count_daily,852737,outputs,daily,OBM v0.1.0
2023-02-16,obm_spent_output_count_daily,1016006,outputs,daily,OBM v0.1.0
2023-02-17,obm_spent_output_count_daily,987490,outputs,daily,OBM v0.1.0
2023-02-18,obm_spent_output_count_daily,1053913,outputs,daily,OBM v0.1.0
2023-02-19,obm_spent_output_count_daily,893484,outputs,daily,OBM v0.1.0
2023-02-20,obm_spent_output_count_daily,831832,outputs,daily,OBM v0.1.0
2023-02-21,obm_spent_output_count_daily,1046494,outputs,daily,OBM v0.1.0
2023-02-22,obm_spent_output_count_daily,884465,outputs,daily,OBM v0.1.0
2023-02-23,obm_spent_output_count_daily,1123508,outputs,daily,OBM v0.1.0
2023-02-24,obm_spent_output_count_daily,860692,outputs,daily,OBM v0.1.0
2023-02-25,obm_spent_output_count_daily,650294,outputs,daily,OBM v0.1.0
2023-02-26,obm_spent_output_count_daily,851840,outputs,daily,OBM v0.1.0
2023-02-27,obm_spent_output_count_daily,863460,outputs,daily,OBM v0.1.0
2023-02-28,obm_spent_output_count_daily,818162,outputs,daily,OBM v0.1.0
2023-03-01,obm_spent_output_count_daily,930295,outputs,daily,OBM v0.1.0
2023-03-02,obm_spent_output_count_daily,782415,outputs,daily,OBM v0.1.0
2023-03-03,obm_spent_output_count_daily,973774,outputs,daily,OBM v0.1.0
2023-03-04,obm_spent_output_count_daily,781154,outputs,daily,OBM v0.1.0
2023-03-05,obm_spent_output_count_daily,971732,outputs,daily,OBM v0.1.0
2023-03-06,obm_spent_output_count_daily,783472,outputs,daily,OBM v0.1.0
2023-03-07,obm_spent_output_count_daily,950769,outputs,daily,OBM v0.1.0
2023-03-08,obm_spent_output_count_daily,768738,outputs,daily,OBM v0.1.0
2023-03-09,obm_spent_output_count_daily,802473,outputs,daily,OBM v0.1.0
2023-03-10,obm_spent_output_count_daily,836386,outputs,daily,OBM v0.1.0
2023-03-11,obm_spent_output_count_daily,850263,outputs,daily,OBM v0.1.0
2023-03-12,obm_spent_output_count_daily,800626,outputs,daily,OBM v0.1.0
2023-03-13,obm_spent_output_count_daily,897475,outputs,daily,OBM v0.1.0
2023-03-14,obm_spent_output_count_daily,931345,outputs,daily,OBM v0.1.0
2023-03-15,obm_spent_output_count_daily,863397,outputs,daily,OBM v0.1.0
2023-03-16,obm_spent_output_count_daily,740425,outputs,daily,OBM v0.1.0
2023-03-17,obm_spent_output_count_daily,920653,outputs,daily,OBM v0.1.0
2023-03-18,obm_spent_output_count_daily,851169,outputs,daily,OBM v0.1.0
2023-03-19,obm_spent_output_count_daily,735447,outputs,daily,OBM v0.1.0
2023-03-20,obm_spent_output_count_daily,915581,outputs,daily,OBM v0.1.0
2023-03-21,obm_spent_output_count_daily,858375,outputs,daily,OBM v0.1.0
2023-03-22,obm_spent_output_count_daily,813847,outputs,daily,OBM v0.1.0
2023-03-23,obm_spent_output_count_daily,751493,outputs,daily,OBM v0.1.0
2023-03-24,obm_spent_output_count_daily,700880,outputs,daily,OBM v0.1.0
2023-03-25,obm_spent_output_count_daily,803644,outputs,daily,OBM v0.1.0
2023-03-26,obm_spent_output_count_daily,768394,outputs,daily,OBM v0.1.0
2023-03-27,obm_spent_output_count_daily,988388,outputs,daily,OBM v0.1.0
2023-03-28,obm_spent_output_count_daily,856085,outputs,daily,OBM v0.1.0
2023-03-29,obm_spent_output_count_daily,862048,outputs,daily,OBM v0.1.0
2023-03-30,obm_spent_output_count_daily,901693,outputs,daily,OBM v0.1.0
2023-03-31,obm_spent_output_count_daily,913998,outputs,daily,OBM v0.1.0
2023-04-01,obm_spent_output_count_daily,929044,outputs,daily,OBM v0.1.0
2023-04-02,obm_spent_output_count_daily,985078,outputs,daily,OBM v0.1.0
2023-04-03,obm_spent_output_count_daily,885338,outputs,daily,OBM v0.1.0
2023-04-04,obm_spent_output_count_daily,1041306,outputs,daily,OBM v0.1.0
2023-04-05,obm_spent_output_count_daily,825377,outputs,daily,OBM v0.1.0
2023-04-06,obm_spent_output_count_daily,929051,outputs,daily,OBM v0.1.0
2023-04-07,obm_spent_output_count_daily,852104,outputs,daily,OBM v0.1.0
2023-04-08,obm_spent_output_count_daily,762030,outputs,daily,OBM v0.1.0
2023-04-09,obm_spent_output_count_daily,962980,outputs,daily,OBM v0.1.0
2023-04-10,obm_spent_output_count_daily,867066,outputs,daily,OBM v0.1.0
2023-04-11,obm_spent_output_count_daily,1120926,outputs,daily,OBM v0.1.0
2023-04-12,obm_spent_output_count_daily,1028352,outputs,daily,OBM v0.1.0
2023-04-13,obm_spent_output_count_daily,961914,outputs,daily,OBM v0.1.0
2023-04-14,obm_spent_output_count_daily,945708,outputs,daily,OBM v0.1.0
2023-04-15,obm_spent_output_count_daily,1120157,outputs,daily,OBM v0.1.0
2023-04-16,obm_spent_output_count_daily,857616,outputs,daily,OBM v0.1.0
2023-04-17,obm_spent_output_count_daily,1090201,outputs,daily,OBM v0.1.0
2023-04-18,obm_spent_output_count_daily,1242570,outputs,daily,OBM v0.1.0
2023-04-19,obm_spent_output_count_daily,939812,outputs,daily,OBM v0.1.0
2023-04-20,obm_spent_output_count_daily,879998,outputs,daily,OBM v0.1.0
2023-04-21,obm_spent_output_count_daily,945707,outputs,daily,OBM v0.1.0
2023-04-22,obm_spent_output_count_daily,888777,outputs,daily,OBM v0.1.0
2023-04-23,obm_spent_output_count_daily,904115,outputs,daily,OBM v0.1.0
2023-04-24,obm_spent_output_count_daily,985065,outputs,daily,OBM v0.1.0
2023-04-25,obm_spent_output_count_daily,866592,outputs,daily,OBM v0.1.0
2023-04-26,obm_spent_output_count_daily,871648,outputs,daily,OBM v0.1.0
2023-04-27,obm_spent_output_count_daily,869880,outputs,daily,OBM v0.1.0
2023-04-28,obm_spent_output_count_daily,976135,outputs,daily,OBM v0.1.0
2023-04-29,obm_spent_output_count_daily,882872,outputs,daily,OBM v0.1.0
2023-04-30,obm_spent_output_count_daily,935874,outputs,daily,OBM v0.1.0
2023-05-01,obm_spent_output_count_daily,1174816,outputs,daily,OBM v0.1.0
2023-05-02,obm_spent_output_count_daily,823463,outputs,daily,OBM v0.1.0
2023-05-03,obm_spent_output_count_daily,949019,outputs,daily,OBM v0.1.0
2023-05-04,obm_spent_output_count_daily,961355,outputs,daily,OBM v0.1.0
2023-05-05,obm_spent_output_count_daily,770089,outputs,daily,OBM v0.1.0
2023-05-06,obm_spent_output_count_daily,917786,outputs,daily,OBM v0.1.0
2023-05-07,obm_spent_output_count_daily,806449,outputs,daily,OBM v0.1.0
2023-05-08,obm_spent_output_count_daily,864814,outputs,daily,OBM v0.1.0
2023-05-09,obm_spent_output_count_daily,944742,outputs,daily,OBM v0.1.0
2023-05-10,obm_spent_output_count_daily,1072004,outputs,daily,OBM v0.1.0
2023-05-11,obm_spent_output_count_daily,967452,outputs,daily,OBM v0.1.0
2023-05-12,obm_spent_output_count_daily,920337,outputs,daily,OBM v0.1.0
2023-05-13,obm_spent_output_count_daily,892180,outputs,daily,OBM v0.1.0
2023-05-14,obm_spent_output_count_daily,1116189,outputs,daily,OBM v0.1.0
2023-05-15,obm_spent_output_count_daily,950194,outputs,daily,OBM v0.1.0
2023-05-16,obm_spent_output_count_daily,979518,outputs,daily,OBM v0.1.0
2023-05-17,obm_spent_output_count_daily,1058420,outputs,daily,OBM v0.1.0
2023-05-18,obm_spent_output_count_daily,929653,outputs,daily,OBM v0.1.0
2023-05-19,obm_spent_output_count_daily,958337,outputs,daily,OBM v0.1.0
2023-05-20,obm_spent_output_count_daily,832880,outputs,daily,OBM v0.1.0
2023-05-21,obm_spent_output_count_daily,931516,outputs,daily,OBM v0.1.0
2023-05-22,obm_spent_output_count_daily,924705,outputs,daily,OBM v0.1.0
2023-05-23,obm_spent_output_count_daily,965843,outputs,daily,OBM v0.1.0
2023-05-24,obm_spent_output_count_daily,901166,outputs,daily,OBM v0.1.0
2023-05-25,obm_spent_output_count_daily,963105,outputs,daily,OBM v0.1.0
2023-05-26,obm_spent_output_count_daily,1001202,outputs,daily,OBM v0.1.0
2023-05-27,obm_spent_output_count_daily,937757,outputs,daily,OBM v0.1.0
2023-05-28,obm_spent_output_count_daily,1033683,outputs,daily,OBM v0.1.0
2023-05-29,obm_spent_output_count_daily,1034065,outputs,daily,OBM v0.1.0
2023-05-30,obm_spent_output_count_daily,999908,outputs,daily,OBM v0.1.0
2023-05-31,obm_spent_output_count_daily,917945,outputs,daily,OBM v0.1.0
2023-06-01,obm_spent_output_count_daily,883778,outputs,daily,OBM v0.1.0
2023-06-02,obm_spent_output_count_daily,1107124,outputs,daily,OBM v0.1.0
2023-06-03,obm_spent_output_count_daily,852584,outputs,daily,OBM v0.1.0
2023-06-04,obm_spent_output_count_daily,943563,outputs,daily,OBM v0.1.0
2023-06-05,obm_spent_output_count_daily,908902,outputs,daily,OBM v0.1.0
2023-06-06,obm_spent_output_count_daily,988744,outputs,daily,OBM v0.1.0
2023-06-07,obm_spent_output_count_daily,953276,outputs,daily,OBM v0.1.0
2023-06-08,obm_spent_output_count_daily,994663,outputs,daily,OBM v0.1.0
2023-06-09,obm_spent_output_count_daily,1145455,outputs,daily,OBM v0.1.0
2023-06-10,obm_spent_output_count_daily,980091,outputs,daily,OBM v0.1.0
2023-06-11,obm_spent_output_count_daily,1011452,outputs,daily,OBM v0.1.0
2023-06-12,obm_spent_output_count_daily,1070696,outputs,daily,OBM v0.1.0
2023-06-13,obm_spent_output_count_daily,936699,outputs,daily,OBM v0.1.0
2023-06-14,obm_spent_output_count_daily,808953,outputs,daily,OBM v0.1.0
2023-06-15,obm_spent_output_count_daily,939825,outputs,daily,OBM v0.1.0
2023-06-16,obm_spent_output_count_daily,980419,outputs,daily,OBM v0.1.0
2023-06-17,obm_spent_output_count_daily,910893,outputs,daily,OBM v0.1.0
2023-06-18,obm_spent_output_count_daily,882834,outputs,daily,OBM v0.1.0
2023-06-19,obm_spent_output_count_daily,960043,outputs,daily,OBM v0.1.0
2023-06-20,obm_spent_output_count_daily,890812,outputs,daily,OBM v0.1.0
2023-06-21,obm_spent_output_count_daily,844193,outputs,daily,OBM v0.1.0
2023-06-22,obm_spent_output_count_daily,968530,outputs,daily,OBM v0.1.0
2023-06-23,obm_spent_output_count_daily,853304,outputs,daily,OBM v0.1.0
2023-06-24,obm_spent_output_count_daily,1013892,outputs,daily,OBM v0.1.0
2023-06-25,obm_spent_output_count_daily,994833,outputs,daily,OBM v0.1.0
2023-06-26,obm_spent_output_count_daily,1028275,outputs,daily,OBM v0.1.0
2023-06-27,obm_spent_output_count_daily,936039,outputs,daily,OBM v0.1.0
2023-06-28,obm_spent_output_count_daily,728707,outputs,daily,OBM v0.1.0
2023-06-29,obm_spent_output_count_daily,991926,outputs,daily,OBM v0.1.0
2023-06-30,obm_spent_output_count_daily,1151120,outputs,daily,OBM v0.1.0
2023-07-01,obm_spent_output_count_daily,994247,outputs,daily,OBM v0.1.0
2023-07-02,obm_spent_output_count_daily,1370806,outputs,daily,OBM v0.1.0
2023-07-03,obm_spent_output_count_daily,939272,outputs,daily,OBM v0.1.0
2023-07-04,obm_spent_output_count_daily,1011850,outputs,daily,OBM v0.1.0
2023-07-05,obm_spent_output_count_daily,1068542,outputs,daily,OBM v0.1.0
2023-07-06,obm_spent_output_count_daily,975480,outputs,daily,OBM v0.1.0
2023-07-07,obm_spent_output_count_daily,1134789,outputs,daily,OBM v0.1.0
2023-07-08,obm_spent_output_count_daily,1191374,outputs,daily,OBM v0.1.0
2023-07-09,obm_spent_output_count_daily,1119978,outputs,daily,OBM v0.1.0
2023-07-10,obm_spent_output_count_daily,1018450,outputs,daily,OBM v0.1.0
2023-07-11,obm_spent_output_count_daily,918993,outputs,daily,OBM v0.1.0
2023-07-12,obm_spent_output_count_daily,951187,outputs,daily,OBM v0.1.0
2023-07-13,obm_spent_output_count_daily,813548,outputs,daily,OBM v0.1.0
2023-07-14,obm_spent_output_count_daily,966098,outputs,daily,OBM v0.1.0
2023-07-15,obm_spent_output_count_daily,909672,outputs,daily,OBM v0.1.0
2023-07-16,obm_spent_output_count_daily,997054,outputs,daily,OBM v0.1.0
2023-07-17,obm_spent_output_count_daily,920706,outputs,daily,OBM v0.1.0
2023-07-18,obm_spent_output_count_daily,1058946,outputs,daily,OBM v0.1.0
2023-07-19,obm_spent_output_count_daily,953595,outputs,daily,OBM v0.1.0
2023-07-20,obm_spent_output_count_daily,860133,outputs,daily,OBM v0.1.0
2023-07-21,obm_spent_output_count_daily,778415,outputs,daily,OBM v0.1.0
2023-07-22,obm_spent_output_count_daily,1075628,outputs,daily,OBM v0.1.0
2023-07-23,obm_spent_output_count_daily,951085,outputs,daily,OBM v0.1.0
2023-07-24,obm_spent_output_count_daily,1006425,outputs,daily,OBM v0.1.0
2023-07-25,obm_spent_output_count_daily,922037,outputs,daily,OBM v0.1.0
2023-07-26,obm_spent_output_count_daily,989062,outputs,daily,OBM v0.1.0
2023-07-27,obm_spent_output_count_daily,944824,outputs,daily,OBM v0.1.0
2023-07-28,obm_spent_output_count_daily,955492,outputs,daily,OBM v0.1.0
2023-07-29,obm_spent_output_count_daily,882045,outputs,daily,OBM v0.1.0
2023-07-30,obm_spent_output_count_daily,1109003,outputs,daily,OBM v0.1.0
2023-07-31,obm_spent_output_count_daily,977558,outputs,daily,OBM v0.1.0
2023-08-01,obm_spent_output_count_daily,961833,outputs,daily,OBM v0.1.0
2023-08-02,obm_spent_output_count_daily,1065156,outputs,daily,OBM v0.1.0
2023-08-03,obm_spent_output_count_daily,1055736,outputs,daily,OBM v0.1.0
2023-08-04,obm_spent_output_count_daily,823214,outputs,daily,OBM v0.1.0
2023-08-05,obm_spent_output_count_daily,1026565,outputs,daily,OBM v0.1.0
2023-08-06,obm_spent_output_count_daily,1013579,outputs,daily,OBM v0.1.0
2023-08-07,obm_spent_output_count_daily,951970,outputs,daily,OBM v0.1.0
2023-08-08,obm_spent_output_count_daily,867589,outputs,daily,OBM v0.1.0
2023-08-09,obm_spent_output_count_daily,1112240,outputs,daily,OBM v0.1.0
2023-08-10,obm_spent_output_count_daily,862374,outputs,daily,OBM v0.1.0
2023-08-11,obm_spent_output_count_daily,1031297,outputs,daily,OBM v0.1.0
2023-08-12,obm_spent_output_count_daily,1052979,outputs,daily,OBM v0.1.0
2023-08-13,obm_spent_output_count_daily,915865,outputs,daily,OBM v0.1.0
2023-08-14,obm_spent_output_count_daily,1128812,outputs,daily,OBM v0.1.0
2023-08-15,obm_spent_output_count_daily,1134148,outputs,daily,OBM v0.1.0
2023-08-16,obm_spent_output_count_daily,1112956,outputs,daily,OBM v0.1.0
2023-08-17,obm_spent_output_count_daily,1074714,outputs,daily,OBM v0.1.0
2023-08-18,obm_spent_output_count_daily,939297,outputs,daily,OBM v0.1.0
2023-08-19,obm_spent_output_count_daily,946663,outputs,daily,OBM v0.1.0
2023-08-20,obm_spent_output_count_daily,1058687,outputs,daily,OBM v0.1.0
2023-08-21,obm_spent_output_count_daily,1086815,outputs,daily,OBM v0.1.0
2023-08-22,obm_spent_output_count_daily,1029639,outputs,daily,OBM v0.1.0
2023-08-23,obm_spent_output_count_daily,1026118,outputs,daily,OBM v0.1.0
2023-08-24,obm_spent_output_count_daily,969381,outputs,daily,OBM v0.1.0
2023-08-25,obm_spent_output_count_daily,924789,outputs,daily,OBM v0.1.0
2023-08-26,obm_spent_output_count_daily,901549,outputs,daily,OBM v0.1.0
2023-08-27,obm_spent_output_count_daily,785674,outputs,daily,OBM v0.1.0
2023-08-28,obm_spent_output_count_daily,824367,outputs,daily,OBM v0.1.0
2023-08-29,obm_spent_output_count_daily,1071814,outputs,daily,OBM v0.1.0
2023-08-30,obm_spent_output_count_daily,858715,outputs,daily,OBM v0.1.0
2023-08-31,obm_spent_output_count_daily,964653,outputs,daily,OBM v0.1.0
2023-09-01,obm_spent_output_count_daily,980684,outputs,daily,OBM v0.1.0
2023-09-02,obm_spent_output_count_daily,975955,outputs,daily,OBM v0.1.0
2023-09-03,obm_spent_output_count_daily,995247,outputs,daily,OBM v0.1.0
2023-09-04,obm_spent_output_count_daily,978524,outputs,daily,OBM v0.1.0
2023-09-05,obm_spent_output_count_daily,841359,outputs,daily,OBM v0.1.0
2023-09-06,obm_spent_output_count_daily,950547,outputs,daily,OBM v0.1.0
2023-09-07,obm_spent_output_count_daily,989488,outputs,daily,OBM v0.1.0
2023-09-08,obm_spent_output_count_daily,905773,outputs,daily,OBM v0.1.0
2023-09-09,obm_spent_output_count_daily,980065,outputs,daily,OBM v0.1.0
2023-09-10,obm_spent_output_count_daily,941905,outputs,daily,OBM v0.1.0
2023-09-11,obm_spent_output_count_daily,1113246,outputs,daily,OBM v0.1.0
2023-09-12,obm_spent_output_count_daily,965449,outputs,daily,OBM v0.1.0
2023-09-13,obm_spent_output_count_daily,1029627,outputs,daily,OBM v0.1.0
2023-09-14,obm_spent_output_count_daily,1075605,outputs,daily,OBM v0.1.0
2023-09-15,obm_spent_output_count_daily,1226030,outputs,daily,OBM v0.1.0
2023-09-16,obm_spent_output_count_daily,1014764,outputs,daily,OBM v0.1.0
2023-09-17,obm_spent_output_count_daily,966432,outputs,daily,OBM v0.1.0
2023-09-18,obm_spent_output_count_daily,1080672,outputs,daily,OBM v0.1.0
2023-09-19,obm_spent_output_count_daily,972291,outputs,daily,OBM v0.1.0
2023-09-20,obm_spent_output_count_daily,1005888,outputs,daily,OBM v0.1.0
2023-09-21,obm_spent_output_count_daily,994543,outputs,daily,OBM v0.1.0
2023-09-22,obm_spent_output_count_daily,906151,outputs,daily,OBM v0.1.0
2023-09-23,obm_spent_output_count_daily,1048208,outputs,daily,OBM v0.1.0
2023-09-24,obm_spent_output_count_daily,1080401,outputs,daily,OBM v0.1.0
2023-09-25,obm_spent_output_count_daily,1164114,outputs,daily,OBM v0.1.0
2023-09-26,obm_spent_output_count_daily,1060171,outputs,daily,OBM v0.1.0
2023-09-27,obm_spent_output_count_daily,1280650,outputs,daily,OBM v0.1.0
2023-09-28,obm_spent_output_count_daily,1079015,outputs,daily,OBM v0.1.0
2023-09-29,obm_spent_output_count_daily,1097502,outputs,daily,OBM v0.1.0
2023-09-30,obm_spent_output_count_daily,1041076,outputs,daily,OBM v0.1.0
2023-10-01,obm_spent_output_count_daily,1014723,outputs,daily,OBM v0.1.0
2023-10-02,obm_spent_output_count_daily,1152423,outputs,daily,OBM v0.1.0
2023-10-03,obm_spent_output_count_daily,1367879,outputs,daily,OBM v0.1.0
2023-10-04,obm_spent_output_count_daily,1002165,outputs,daily,OBM v0.1.0
2023-10-05,obm_spent_output_count_daily,977101,outputs,daily,OBM v0.1.0
2023-10-06,obm_spent_output_count_daily,1075512,outputs,daily,OBM v0.1.0
2023-10-07,obm_spent_output_count_daily,1351960,outputs,daily,OBM v0.1.0
2023-10-08,obm_spent_output_count_daily,1393067,outputs,daily,OBM v0.1.0
2023-10-09,obm_spent_output_count_daily,1427563,outputs,daily,OBM v0.1.0
2023-10-10,obm_spent_output_count_daily,1540231,outputs,daily,OBM v0.1.0
2023-10-11,obm_spent_output_count_daily,1099737,outputs,daily,OBM v0.1.0
2023-10-12,obm_spent_output_count_daily,970057,outputs,daily,OBM v0.1.0
2023-10-13,obm_spent_output_count_daily,900284,outputs,daily,OBM v0.1.0
2023-10-14,obm_spent_output_count_daily,1277665,outputs,daily,OBM v0.1.0
2023-10-15,obm_spent_output_count_daily,1750857,outputs,daily,OBM v0.1.0
2023-10-16,obm_spent_output_count_daily,1228659,outputs,daily,OBM v0.1.0
2023-10-17,obm_spent_output_count_daily,1292036,outputs,daily,OBM v0.1.0
2023-10-18,obm_spent_output_count_daily,1056953,outputs,daily,OBM v0.1.0
2023-10-19,obm_spent_output_count_daily,1071653,outputs,daily,OBM v0.1.0
2023-10-20,obm_spent_output_count_daily,903386,outputs,daily,OBM v0.1.0
2023-10-21,obm_spent_output_count_daily,1002179,outputs,daily,OBM v0.1.0
2023-10-22,obm_spent_output_count_daily,967293,outputs,daily,OBM v0.1.0
2023-10-23,obm_spent_output_count_daily,1240938,outputs,daily,OBM v0.1.0
2023-10-24,obm_spent_output_count_daily,914462,outputs,daily,OBM v0.1.0
2023-10-25,obm_spent_output_count_daily,1013444,outputs,daily,OBM v0.1.0
2023-10-26,obm_spent_output_count_daily,1058431,outputs,daily,OBM v0.1.0
2023-10-27,obm_spent_output_count_daily,1144221,outputs,daily,OBM v0.1.0
2023-10-28,obm_spent_output_count_daily,1054396,outputs,daily,OBM v0.1.0
2023-10-29,obm_spent_output_count_daily,928567,outputs,daily,OBM v0.1.0
2023-10-30,obm_spent_output_count_daily,1140170,outputs,daily,OBM v0.1.0
2023-10-31,obm_spent_output_count_daily,1086856,outputs,daily,OBM v0.1.0
2023-11-01,obm_spent_output_count_daily,997840,outputs,daily,OBM v0.1.0
2023-11-02,obm_spent_output_count_daily,1019317,outputs,daily,OBM v0.1.0
2023-11-03,obm_spent_output_count_daily,906898,outputs,daily,OBM v0.1.0
2023-11-04,obm_spent_output_count_daily,1063638,outputs,daily,OBM v0.1.0
2023-11-05,obm_spent_output_count_daily,1069138,outputs,daily,OBM v0.1.0
2023-11-06,obm_spent_output_count_daily,925983,outputs,daily,OBM v0.1.0
2023-11-07,obm_spent_output_count_daily,944979,outputs,daily,OBM v0.1.0
2023-11-08,obm_spent_output_count_daily,992760,outputs,daily,OBM v0.1.0
2023-11-09,obm_spent_output_count_daily,921297,outputs,daily,OBM v0.1.0
2023-11-10,obm_spent_output_count_daily,1087343,outputs,daily,OBM v0.1.0
2023-11-11,obm_spent_output_count_daily,1035562,outputs,daily,OBM v0.1.0
2023-11-12,obm_spent_output_count_daily,983149,outputs,daily,OBM v0.1.0
2023-11-13,obm_spent_output_count_daily,902204,outputs,daily,OBM v0.1.0
2023-11-14,obm_spent_output_count_daily,957006,outputs,daily,OBM v0.1.0
2023-11-15,obm_spent_output_count_daily,972588,outputs,daily,OBM v0.1.0
2023-11-16,obm_spent_output_count_daily,913933,outputs,daily,OBM v0.1.0
2023-11-17,obm_spent_output_count_daily,1036156,outputs,daily,OBM v0.1.0
2023-11-18,obm_spent_output_count_daily,935538,outputs,daily,OBM v0.1.0
2023-11-19,obm_spent_output_count_daily,1082444,outputs,daily,OBM v0.1.0
2023-11-20,obm_spent_output_count_daily,1117270,outputs,daily,OBM v0.1.0
2023-11-21,obm_spent_output_count_daily,968088,outputs,daily,OBM v0.1.0
2023-11-22,obm_spent_output_count_daily,943929,outputs,daily,OBM v0.1.0
2023-11-23,obm_spent_output_count_daily,948888,outputs,daily,OBM v0.1.0
2023-11-24,obm_spent_output_count_daily,1147387,outputs,daily,OBM v0.1.0
2023-11-25,obm_spent_output_count_daily,959064,outputs,daily,OBM v0.1.0
2023-11-26,obm_spent_output_count_daily,888182,outputs,daily,OBM v0.1.0
2023-11-27,obm_spent_output_count_daily,860088,outputs,daily,OBM v0.1.0
2023-11-28,obm_spent_output_count_daily,985790,outputs,daily,OBM v0.1.0
2023-11-29,obm_spent_output_count_daily,969198,outputs,daily,OBM v0.1.0
2023-11-30,obm_spent_output_count_daily,942706,outputs,daily,OBM v0.1.0
2023-12-01,obm_spent_output_count_daily,1091642,outputs,daily,OBM v0.1.0
2023-12-02,obm_spent_output_count_daily,837618,outputs,daily,OBM v0.1.0
2023-12-03,obm_spent_output_count_daily,1030969,outputs,daily,OBM v0.1.0
2023-12-04,obm_spent_output_count_daily,1106021,outputs,daily,OBM v0.1.0
2023-12-05,obm_spent_output_count_daily,890941,outputs,daily,OBM v0.1.0
2023-12-06,obm_spent_output_count_daily,915995,outputs,daily,OBM v0.1.0
2023-12-07,obm_spent_output_count_daily,841294,outputs,daily,OBM v0.1.0
2023-12-08,obm_spent_output_count_daily,922049,outputs,daily,OBM v0.1.0
2023-12-09,obm_spent_output_count_daily,1022613,outputs,daily,OBM v0.1.0
2023-12-10,obm_spent_output_count_daily,919893,outputs,daily,OBM v0.1.0
2023-12-11,obm_spent_output_count_daily,1078642,outputs,daily,OBM v0.1.0
2023-12-12,obm_spent_output_count_daily,988039,outputs,daily,OBM v0.1.0
2023-12-13,obm_spent_output_count_daily,914805,outputs,daily,OBM v0.1.0
2023-12-14,obm_spent_output_count_daily,907683,outputs,daily,OBM v0.1.0
2023-12-15,obm_spent_output_count_daily,1075780,outputs,daily,OBM v0.1.0
2023-12-16,obm_spent_output_count_daily,964657,outputs,daily,OBM v0.1.0
2023-12-17,obm_spent_output_count_daily,984199,outputs,daily,OBM v0.1.0
2023-12-18,obm_spent_output_count_daily,1156944,outputs,daily,OBM v0.1.0
2023-12-19,obm_spent_output_count_daily,1048313,outputs,daily,OBM v0.1.0
2023-12-20,obm_spent_output_count_daily,927051,outputs,daily,OBM v0.1.0
2023-12-21,obm_spent_output_count_daily,926766,outputs,daily,OBM v0.1.0
2023-12-22,obm_spent_output_count_daily,1138483,outputs,daily,OBM v0.1.0
2023-12-23,obm_spent_output_count_daily,1051681,outputs,daily,OBM v0.1.0
2023-12-24,obm_spent_output_count_daily,1043825,outputs,daily,OBM v0.1.0
2023-12-25,obm_spent_output_count_daily,851835,outputs,daily,OBM v0.1.0
2023-12-26,obm_spent_output_count_daily,893545,outputs,daily,OBM v0.1.0
2023-12-27,obm_spent_output_count_daily,802918,outputs,daily,OBM v0.1.0
2023-12-28,obm_spent_output_count_daily,887102,outputs,daily,OBM v0.1.0
2023-12-29,obm_spent_output_count_daily,1048710,outputs,daily,OBM v0.1.0
2023-12-30,obm_spent_output_count_daily,995261,outputs,daily,OBM v0.1.0
2023-12-31,obm_spent_output_count_daily,971776,outputs,daily,OBM v0.1.0
2024-01-01,obm_spent_output_count_daily,1076761,outputs,daily,OBM v0.1.0
2024-01-02,obm_spent_output_count_daily,1026740,outputs,daily,OBM v0.1.0
2024-01-03,obm_spent_output_count_daily,1124863,outputs,daily,OBM v0.1.0
2024-01-04,obm_spent_output_count_daily,1230031,outputs,daily,OBM v0.1.0
2024-01-05,obm_spent_output_count_daily,868152,outputs,daily,OBM v0.1.0
2024-01-06,obm_spent_output_count_daily,943529,outputs,daily,OBM v0.1.0
2024-01-07,obm_spent_output_count_daily,814105,outputs,daily,OBM v0.1.0
2024-01-08,obm_spent_output_count_daily,838497,outputs,daily,OBM v0.1.0
2024-01-09,obm_spent_output_count_daily,1065801,outputs,daily,OBM v0.1.0
2024-01-10,obm_spent_output_count_daily,899940,outputs,daily,OBM v0.1.0
2024-01-11,obm_spent_output_count_daily,1166522,outputs,daily,OBM v0.1.0
2024-01-12,obm_spent_output_count_daily,1193074,outputs,daily,OBM v0.1.0
2024-01-13,obm_spent_output_count_daily,968830,outputs,daily,OBM v0.1.0
2024-01-14,obm_spent_output_count_daily,770325,outputs,daily,OBM v0.1.0
2024-01-15,obm_spent_output_count_daily,778707,outputs,daily,OBM v0.1.0
2024-01-16,obm_spent_output_count_daily,830813,outputs,daily,OBM v0.1.0
2024-01-17,obm_spent_output_count_daily,787775,outputs,daily,OBM v0.1.0
2024-01-18,obm_spent_output_count_daily,933350,outputs,daily,OBM v0.1.0
2024-01-19,obm_spent_output_count_daily,898235,outputs,daily,OBM v0.1.0
2024-01-20,obm_spent_output_count_daily,949689,outputs,daily,OBM v0.1.0
2024-01-21,obm_spent_output_count_daily,923372,outputs,daily,OBM v0.1.0
2024-01-22,obm_spent_output_count_daily,1148214,outputs,daily,OBM v0.1.0
2024-01-23,obm_spent_output_count_daily,1046356,outputs,daily,OBM v0.1.0
2024-01-24,obm_spent_output_count_daily,1068993,outputs,daily,OBM v0.1.0
2024-01-25,obm_spent_output_count_daily,1437150,outputs,daily,OBM v0.1.0
2024-01-26,obm_spent_output_count_daily,995515,outputs,daily,OBM v0.1.0
2024-01-27,obm_spent_output_count_daily,1110619,outputs,daily,OBM v0.1.0
2024-01-28,obm_spent_output_count_daily,977661,outputs,daily,OBM v0.1.0
2024-01-29,obm_spent_output_count_daily,1050671,outputs,daily,OBM v0.1.0
2024-01-30,obm_spent_output_count_daily,994872,outputs,daily,OBM v0.1.0
2024-01-31,obm_spent_output_count_daily,942009,outputs,daily,OBM v0.1.0
2024-02-01,obm_spent_output_count_daily,1046131,outputs,daily,OBM v0.1.0
2024-02-02,obm_spent_output_count_daily,1188664,outputs,daily,OBM v0.1.0
2024-02-03,obm_spent_output_count_daily,899068,outputs,daily,OBM v0.1.0
2024-02-04,obm_spent_output_count_daily,1038481,outputs,daily,OBM v0.1.0
2024-02-05,obm_spent_output_count_daily,1153014,outputs,daily,OBM v0.1.0
2024-02-06,obm_spent_output_count_daily,1272462,outputs,daily,OBM v0.1.0
2024-02-07,obm_spent_output_count_daily,1080941,outputs,daily,OBM v0.1.0
2024-02-08,obm_spent_output_count_daily,1045468,outputs,daily,OBM v0.1.0
2024-02-09,obm_spent_output_count_daily,1203571,outputs,daily,OBM v0.1.0
2024-02-10,obm_spent_output_count_daily,1139951,outputs,daily,OBM v0.1.0
2024-02-11,obm_spent_output_count_daily,1020920,outputs,daily,OBM v0.1.0
2024-02-12,obm_spent_output_count_daily,1217422,outputs,daily,OBM v0.1.0
2024-02-13,obm_spent_output_count_daily,987436,outputs,daily,OBM v0.1.0
2024-02-14,obm_spent_output_count_daily,756198,outputs,daily,OBM v0.1.0
2024-02-15,obm_spent_output_count_daily,938480,outputs,daily,OBM v0.1.0
2024-02-16,obm_spent_output_count_daily,946326,outputs,daily,OBM v0.1.0
2024-02-17,obm_spent_output_count_daily,1096771,outputs,daily,OBM v0.1.0
2024-02-18,obm_spent_output_count_daily,794318,outputs,daily,OBM v0.1.0
2024-02-19,obm_spent_output_count_daily,973558,outputs,daily,OBM v0.1.0
2024-02-20,obm_spent_output_count_daily,931018,outputs,daily,OBM v0.1.0
2024-02-21,obm_spent_output_count_daily,819291,outputs,daily,OBM v0.1.0
2024-02-22,obm_spent_output_count_daily,908800,outputs,daily,OBM v0.1.0
2024-02-23,obm_spent_output_count_daily,1075039,outputs,daily,OBM v0.1.0
2024-02-24,obm_spent_output_count_daily,922197,outputs,daily,OBM v0.1.0
2024-02-25,obm_spent_output_count_daily,1131737,outputs,daily,OBM v0.1.0
2024-02-26,obm_spent_output_count_daily,947213,outputs,daily,OBM v0.1.0
2024-02-27,obm_spent_output_count_daily,902299,outputs,daily,OBM v0.1.0
2024-02-28,obm_spent_output_count_daily,1021089,outputs,daily,OBM v0.1.0
2024-02-29,obm_spent_output_count_daily,939359,outputs,daily,OBM v0.1.0
2024-03-01,obm_spent_output_count_daily,1093412,outputs,daily,OBM v0.1.0
2024-03-02,obm_spent_output_count_daily,897244,outputs,daily,OBM v0.1.0
2024-03-03,obm_spent_output_count_daily,981807,outputs,daily,OBM v0.1.0
2024-03-04,obm_spent_output_count_daily,867799,outputs,daily,OBM v0.1.0
2024-03-05,obm_spent_output_count_daily,1184304,outputs,daily,OBM v0.1.0
2024-03-06,obm_spent_output_count_daily,978156,outputs,daily,OBM v0.1.0
2024-03-07,obm_spent_output_count_daily,1209629,outputs,daily,OBM v0.1.0
2024-03-08,obm_spent_output_count_daily,1016646,outputs,daily,OBM v0.1.0
2024-03-09,obm_spent_output_count_daily,1115377,outputs,daily,OBM v0.1.0
2024-03-10,obm_spent_output_count_daily,981758,outputs,daily,OBM v0.1.0
2024-03-11,obm_spent_output_count_daily,1315782,outputs,daily,OBM v0.1.0
2024-03-12,obm_spent_output_count_daily,1125422,outputs,daily,OBM v0.1.0
2024-03-13,obm_spent_output_count_daily,1181551,outputs,daily,OBM v0.1.0
2024-03-14,obm_spent_output_count_daily,1069989,outputs,daily,OBM v0.1.0
2024-03-15,obm_spent_output_count_daily,874221,outputs,daily,OBM v0.1.0
2024-03-16,obm_spent_output_count_daily,1087038,outputs,daily,OBM v0.1.0
2024-03-17,obm_spent_output_count_daily,1115730,outputs,daily,OBM v0.1.0
2024-03-18,obm_spent_output_count_daily,973560,outputs,daily,OBM v0.1.0
2024-03-19,obm_spent_output_count_daily,1072810,outputs,daily,OBM v0.1.0
2024-03-20,obm_spent_output_count_daily,1102598,outputs,daily,OBM v0.1.0
2024-03-21,obm_spent_output_count_daily,802134,outputs,daily,OBM v0.1.0
2024-03-22,obm_spent_output_count_daily,921175,outputs,daily,OBM v0.1.0
2024-03-23,obm_spent_output_count_daily,1190229,outputs,daily,OBM v0.1.0
2024-03-24,obm_spent_output_count_daily,1286898,outputs,daily,OBM v0.1.0
2024-03-25,obm_spent_output_count_daily,915702,outputs,daily,OBM v0.1.0
2024-03-26,obm_spent_output_count_daily,829480,outputs,daily,OBM v0.1.0
2024-03-27,obm_spent_output_count_daily,876604,outputs,daily,OBM v0.1.0
2024-03-28,obm_spent_output_count_daily,1065808,outputs,daily,OBM v0.1.0
2024-03-29,obm_spent_output_count_daily,969630,outputs,daily,OBM v0.1.0
2024-03-30,obm_spent_output_count_daily,1043957,outputs,daily,OBM v0.1.0
2024-03-31,obm_spent_output_count_daily,701525,outputs,daily,OBM v0.1.0
2024-04-01,obm_spent_output_count_daily,958365,outputs,daily,OBM v0.1.0
2024-04-02,obm_spent_output_count_daily,1035115,outputs,daily,OBM v0.1.0
2024-04-03,obm_spent_output_count_daily,982243,outputs,daily,OBM v0.1.0
2024-04-04,obm_spent_output_count_daily,1042186,outputs,daily,OBM v0.1.0
2024-04-05,obm_spent_output_count_daily,1098641,outputs,daily,OBM v0.1.0
2024-04-06,obm_spent_output_count_daily,1114522,outputs,daily,OBM v0.1.0
2024-04-07,obm_spent_output_count_daily,1095953,outputs,daily,OBM v0.1.0
2024-04-08,obm_spent_output_count_daily,1000152,outputs,daily,OBM v0.1.0
2024-04-09,obm_spent_output_count_daily,990475,outputs,daily,OBM v0.1.0
2024-04-10,obm_spent_output_count_daily,992890,outputs,daily,OBM v0.1.0
2024-04-11,obm_spent_output_count_daily,849351,outputs,daily,OBM v0.1.0
2024-04-12,obm_spent_output_count_daily,864194,outputs,daily,OBM v0.1.0
2024-04-13,obm_spent_output_count_daily,1000231,outputs,daily,OBM v0.1.0
2024-04-14,obm_spent_output_count_daily,950652,outputs,daily,OBM v0.1.0
2024-04-15,obm_spent_output_count_daily,882517,outputs,daily,OBM v0.1.0
2024-04-16,obm_spent_output_count_daily,1027886,outputs,daily,OBM v0.1.0
2024-04-17,obm_spent_output_count_daily,763289,outputs,daily,OBM v0.1.0
2024-04-18,obm_spent_output_count_daily,869222,outputs,daily,OBM v0.1.0
2024-04-19,obm_spent_output_count_daily,975595,outputs,daily,OBM v0.1.0
2024-04-20,obm_spent_output_count_daily,849567,outputs,daily,OBM v0.1.0
2024-04-21,obm_spent_output_count_daily,950375,outputs,daily,OBM v0.1.0
2024-04-22,obm_spent_output_count_daily,1035701,outputs,daily,OBM v0.1.0
2024-04-23,obm_spent_output_count_daily,1139131,outputs,daily,OBM v0.1.0
2024-04-24,obm_spent_output_count_daily,1082999,outputs,daily,OBM v0.1.0
2024-04-25,obm_spent_output_count_daily,1038474,outputs,daily,OBM v0.1.0
2024-04-26,obm_spent_output_count_daily,908788,outputs,daily,OBM v0.1.0
2024-04-27,obm_spent_output_count_daily,969744,outputs,daily,OBM v0.1.0
2024-04-28,obm_spent_output_count_daily,1004838,outputs,daily,OBM v0.1.0
2024-04-29,obm_spent_output_count_daily,943409,outputs,daily,OBM v0.1.0
2024-04-30,obm_spent_output_count_daily,1067050,outputs,daily,OBM v0.1.0
2024-05-01,obm_spent_output_count_daily,1025551,outputs,daily,OBM v0.1.0
2024-05-02,obm_spent_output_count_daily,1148558,outputs,daily,OBM v0.1.0
2024-05-03,obm_spent_output_count_daily,973292,outputs,daily,OBM v0.1.0
2024-05-04,obm_spent_output_count_daily,1020560,outputs,daily,OBM v0.1.0
2024-05-05,obm_spent_output_count_daily,1022123,outputs,daily,OBM v0.1.0
2024-05-06,obm_spent_output_count_daily,934526,outputs,daily,OBM v0.1.0
2024-05-07,obm_spent_output_count_daily,876923,outputs,daily,OBM v0.1.0
2024-05-08,obm_spent_output_count_daily,924201,outputs,daily,OBM v0.1.0
2024-05-09,obm_spent_output_count_daily,977670,outputs,daily,OBM v0.1.0
2024-05-10,obm_spent_output_count_daily,1062504,outputs,daily,OBM v0.1.0
2024-05-11,obm_spent_output_count_daily,1238579,outputs,daily,OBM v0.1.0
2024-05-12,obm_spent_output_count_daily,991359,outputs,daily,OBM v0.1.0
2024-05-13,obm_spent_output_count_daily,1220089,outputs,daily,OBM v0.1.0
2024-05-14,obm_spent_output_count_daily,1070925,outputs,daily,OBM v0.1.0
2024-05-15,obm_spent_output_count_daily,1091990,outputs,daily,OBM v0.1.0
2024-05-16,obm_spent_output_count_daily,1131517,outputs,daily,OBM v0.1.0
2024-05-17,obm_spent_output_count_daily,1183109,outputs,daily,OBM v0.1.0
2024-05-18,obm_spent_output_count_daily,940275,outputs,daily,OBM v0.1.0
2024-05-19,obm_spent_output_count_daily,1197556,outputs,daily,OBM v0.1.0
2024-05-20,obm_spent_output_count_daily,1158264,outputs,daily,OBM v0.1.0
2024-05-21,obm_spent_output_count_daily,1050911,outputs,daily,OBM v0.1.0
2024-05-22,obm_spent_output_count_daily,1183054,outputs,daily,OBM v0.1.0
2024-05-23,obm_spent_output_count_daily,1273000,outputs,daily,OBM v0.1.0
2024-05-24,obm_spent_output_count_daily,1176235,outputs,daily,OBM v0.1.0
2024-05-25,obm_spent_output_count_daily,1207577,outputs,daily,OBM v0.1.0
2024-05-26,obm_spent_output_count_daily,1200559,outputs,daily,OBM v0.1.0
2024-05-27,obm_spent_output_count_daily,935748,outputs,daily,OBM v0.1.0
2024-05-28,obm_spent_output_count_daily,1032872,outputs,daily,OBM v0.1.0
2024-05-29,obm_spent_output_count_daily,1014555,outputs,daily,OBM v0.1.0
2024-05-30,obm_spent_output_count_daily,926019,outputs,daily,OBM v0.1.0
2024-05-31,obm_spent_output_count_daily,1085536,outputs,daily,OBM v0.1.0
2024-06-01,obm_spent_output_count_daily,1054483,outputs,daily,OBM v0.1.0
2024-06-02,obm_spent_output_count_daily,1051390,outputs,daily,OBM v0.1.0
2024-06-03,obm_spent_output_count_daily,1170764,outputs,daily,OBM v0.1.0
2024-06-04,obm_spent_output_count_daily,1005157,outputs,daily,OBM v0.1.0
2024-06-05,obm_spent_output_count_daily,908207,outputs,daily,OBM v0.1.0
2024-06-06,obm_spent_output_count_daily,968009,outputs,daily,OBM v0.1.0
2024-06-07,obm_spent_output_count_daily,791200,outputs,daily,OBM v0.1.0
2024-06-08,obm_spent_output_count_daily,1143883,outputs,daily,OBM v0.1.0
2024-06-09,obm_spent_output_count_daily,1147141,outputs,daily,OBM v0.1.0
2024-06-10,obm_spent_output_count_daily,1062616,outputs,daily,OBM v0.1.0
2024-06-11,obm_spent_output_count_daily,924478,outputs,daily,OBM v0.1.0
2024-06-12,obm_spent_output_count_daily,1127851,outputs,daily,OBM v0.1.0
2024-06-13,obm_spent_output_count_daily,1073473,outputs,daily,OBM v0.1.0
2024-06-14,obm_spent_output_count_daily,906527,outputs,daily,OBM v0.1.0
2024-06-15,obm_spent_output_count_daily,934159,outputs,daily,OBM v0.1.0
2024-06-16,obm_spent_output_count_daily,1234574,outputs,daily,OBM v0.1.0
2024-06-17,obm_spent_output_count_daily,1081737,outputs,daily,OBM v0.1.0
2024-06-18,obm_spent_output_count_daily,1143286,outputs,daily,OBM v0.1.0
2024-06-19,obm_spent_output_count_daily,1018744,outputs,daily,OBM v0.1.0
2024-06-20,obm_spent_output_count_daily,987720,outputs,daily,OBM v0.1.0
2024-06-21,obm_spent_output_count_daily,1062872,outputs,daily,OBM v0.1.0
2024-06-22,obm_spent_output_count_daily,1153664,outputs,daily,OBM v0.1.0
2024-06-23,obm_spent_output_count_daily,873100,outputs,daily,OBM v0.1.0
2024-06-24,obm_spent_output_count_daily,1137957,outputs,daily,OBM v0.1.0
2024-06-25,obm_spent_output_count_daily,979501,outputs,daily,OBM v0.1.0
2024-06-26,obm_spent_output_count_daily,971544,outputs,daily,OBM v0.1.0
2024-06-27,obm_spent_output_count_daily,1144932,outputs,daily,OBM v0.1.0
2024-06-28,obm_spent_output_count_daily,1025284,outputs,daily,OBM v0.1.0
2024-06-29,obm_spent_output_count_daily,1246680,outputs,daily,OBM v0.1.0
2024-06-30,obm_spent_output_count_daily,943574,outputs,daily,OBM v0.1.0
2024-07-01,obm_spent_output_count_daily,1074050,outputs,daily,OBM v0.1.0
2024-07-02,obm_spent_output_count_daily,1169855,outputs,daily,OBM v0.1.0
2024-07-03,obm_spent_output_count_daily,1164951,outputs,daily,OBM v0.1.0
2024-07-04,obm_spent_output_count_daily,1072608,outputs,daily,OBM v0.1.0
2024-07-05,obm_spent_output_count_daily,955218,outputs,daily,OBM v0.1.0
2024-07-06,obm_spent_output_count_daily,1240167,outputs,daily,OBM v0.1.0
2024-07-07,obm_spent_output_count_daily,1082540,outputs,daily,OBM v0.1.0
2024-07-08,obm_spent_output_count_daily,1299400,outputs,daily,OBM v0.1.0
2024-07-09,obm_spent_output_count_daily,1167889,outputs,daily,OBM v0.1.0
2024-07-10,obm_spent_output_count_daily,1055196,outputs,daily,OBM v0.1.0
2024-07-11,obm_spent_output_count_daily,1089372,outputs,daily,OBM v0.1.0
2024-07-12,obm_spent_output_count_daily,1176227,outputs,daily,OBM v0.1.0
2024-07-13,obm_spent_output_count_daily,1209383,outputs,daily,OBM v0.1.0
2024-07-14,obm_spent_output_count_daily,1351582,outputs,daily,OBM v0.1.0
2024-07-15,obm_spent_output_count_daily,1262524,outputs,daily,OBM v0.1.0
2024-07-16,obm_spent_output_count_daily,1146955,outputs,daily,OBM v0.1.0
2024-07-17,obm_spent_output_count_daily,1228174,outputs,daily,OBM v0.1.0
2024-07-18,obm_spent_output_count_daily,1061863,outputs,daily,OBM v0.1.0
2024-07-19,obm_spent_output_count_daily,1114991,outputs,daily,OBM v0.1.0
2024-07-20,obm_spent_output_count_daily,1305630,outputs,daily,OBM v0.1.0
2024-07-21,obm_spent_output_count_daily,1276265,outputs,daily,OBM v0.1.0
2024-07-22,obm_spent_output_count_daily,1400897,outputs,daily,OBM v0.1.0
2024-07-23,obm_spent_output_count_daily,1292162,outputs,daily,OBM v0.1.0
2024-07-24,obm_spent_output_count_daily,1064439,outputs,daily,OBM v0.1.0
2024-07-25,obm_spent_output_count_daily,1263821,outputs,daily,OBM v0.1.0
2024-07-26,obm_spent_output_count_daily,1522805,outputs,daily,OBM v0.1.0
2024-07-27,obm_spent_output_count_daily,1446531,outputs,daily,OBM v0.1.0
2024-07-28,obm_spent_output_count_daily,1151946,outputs,daily,OBM v0.1.0
2024-07-29,obm_spent_output_count_daily,1434987,outputs,daily,OBM v0.1.0
2024-07-30,obm_spent_output_count_daily,1131372,outputs,daily,OBM v0.1.0
2024-07-31,obm_spent_output_count_daily,1066082,outputs,daily,OBM v0.1.0
2024-08-01,obm_spent_output_count_daily,1123900,outputs,daily,OBM v0.1.0
2024-08-02,obm_spent_output_count_daily,1003403,outputs,daily,OBM v0.1.0
2024-08-03,obm_spent_output_count_daily,1045843,outputs,daily,OBM v0.1.0
2024-08-04,obm_spent_output_count_daily,1124642,outputs,daily,OBM v0.1.0
2024-08-05,obm_spent_output_count_daily,1306120,outputs,daily,OBM v0.1.0
2024-08-06,obm_spent_output_count_daily,1152598,outputs,daily,OBM v0.1.0
2024-08-07,obm_spent_output_count_daily,993086,outputs,daily,OBM v0.1.0
2024-08-08,obm_spent_output_count_daily,951876,outputs,daily,OBM v0.1.0
2024-08-09,obm_spent_output_count_daily,893466,outputs,daily,OBM v0.1.0
2024-08-10,obm_spent_output_count_daily,972466,outputs,daily,OBM v0.1.0
2024-08-11,obm_spent_output_count_daily,1237691,outputs,daily,OBM v0.1.0
2024-08-12,obm_spent_output_count_daily,1119215,outputs,daily,OBM v0.1.0
2024-08-13,obm_spent_output_count_daily,1178207,outputs,daily,OBM v0.1.0
2024-08-14,obm_spent_output_count_daily,971123,outputs,daily,OBM v0.1.0
2024-08-15,obm_spent_output_count_daily,1234779,outputs,daily,OBM v0.1.0
2024-08-16,obm_spent_output_count_daily,1083014,outputs,daily,OBM v0.1.0
2024-08-17,obm_spent_output_count_daily,1079996,outputs,daily,OBM v0.1.0
2024-08-18,obm_spent_output_count_daily,1150686,outputs,daily,OBM v0.1.0
2024-08-19,obm_spent_output_count_daily,1024682,outputs,daily,OBM v0.1.0
2024-08-20,obm_spent_output_count_daily,1149176,outputs,daily,OBM v0.1.0
2024-08-21,obm_spent_output_count_daily,1130181,outputs,daily,OBM v0.1.0
2024-08-22,obm_spent_output_count_daily,1235201,outputs,daily,OBM v0.1.0
2024-08-23,obm_spent_output_count_daily,1283343,outputs,daily,OBM v0.1.0
2024-08-24,obm_spent_output_count_daily,1179713,outputs,daily,OBM v0.1.0
2024-08-25,obm_spent_output_count_daily,1023933,outputs,daily,OBM v0.1.0
2024-08-26,obm_spent_output_count_daily,1060281,outputs,daily,OBM v0.1.0
2024-08-27,obm_spent_output_count_daily,1109926,outputs,daily,OBM v0.1.0
2024-08-28,obm_spent_output_count_daily,1280174,outputs,daily,OBM v0.1.0
2024-08-29,obm_spent_output_count_daily,1010695,outputs,daily,OBM v0.1.0
2024-08-30,obm_spent_output_count_daily,1100543,outputs,daily,OBM v0.1.0
2024-08-31,obm_spent_output_count_daily,1112135,outputs,daily,OBM v0.1.0
2024-09-01,obm_spent_output_count_daily,1049608,outputs,daily,OBM v0.1.0
2024-09-02,obm_spent_output_count_daily,1231085,outputs,daily,OBM v0.1.0
2024-09-03,obm_spent_output_count_daily,989582,outputs,daily,OBM v0.1.0
2024-09-04,obm_spent_output_count_daily,1155651,outputs,daily,OBM v0.1.0
2024-09-05,obm_spent_output_count_daily,1179497,outputs,daily,OBM v0.1.0
2024-09-06,obm_spent_output_count_daily,1124247,outputs,daily,OBM v0.1.0
2024-09-07,obm_spent_output_count_daily,1287768,outputs,daily,OBM v0.1.0
2024-09-08,obm_spent_output_count_daily,1306735,outputs,daily,OBM v0.1.0
2024-09-09,obm_spent_output_count_daily,1177826,outputs,daily,OBM v0.1.0
2024-09-10,obm_spent_output_count_daily,1108066,outputs,daily,OBM v0.1.0
2024-09-11,obm_spent_output_count_daily,841852,outputs,daily,OBM v0.1.0
2024-09-12,obm_spent_output_count_daily,1178633,outputs,daily,OBM v0.1.0
2024-09-13,obm_spent_output_count_daily,965909,outputs,daily,OBM v0.1.0
2024-09-14,obm_spent_output_count_daily,1078815,outputs,daily,OBM v0.1.0
2024-09-15,obm_spent_output_count_daily,1206488,outputs,daily,OBM v0.1.0
2024-09-16,obm_spent_output_count_daily,949983,outputs,daily,OBM v0.1.0
2024-09-17,obm_spent_output_count_daily,1071528,outputs,daily,OBM v0.1.0
2024-09-18,obm_spent_output_count_daily,1089198,outputs,daily,OBM v0.1.0
2024-09-19,obm_spent_output_count_daily,970844,outputs,daily,OBM v0.1.0
2024-09-20,obm_spent_output_count_daily,1153097,outputs,daily,OBM v0.1.0
2024-09-21,obm_spent_output_count_daily,1076746,outputs,daily,OBM v0.1.0
2024-09-22,obm_spent_output_count_daily,1086525,outputs,daily,OBM v0.1.0
2024-09-23,obm_spent_output_count_daily,1200038,outputs,daily,OBM v0.1.0
2024-09-24,obm_spent_output_count_daily,1192511,outputs,daily,OBM v0.1.0
2024-09-25,obm_spent_output_count_daily,1246019,outputs,daily,OBM v0.1.0
2024-09-26,obm_spent_output_count_daily,1029383,outputs,daily,OBM v0.1.0
2024-09-27,obm_spent_output_count_daily,989783,outputs,daily,OBM v0.1.0
2024-09-28,obm_spent_output_count_daily,890266,outputs,daily,OBM v0.1.0
2024-09-29,obm_spent_output_count_daily,1272619,outputs,daily,OBM v0.1.0
2024-09-30,obm_spent_output_count_daily,1065447,outputs,daily,OBM v0.1.0
2024-10-01,obm_spent_output_count_daily,1256867,outputs,daily,OBM v0.1.0
2024-10-02,obm_spent_output_count_daily,1296084,outputs,daily,OBM v0.1.0
2024-10-03,obm_spent_output_count_daily,1329728,outputs,daily,OBM v0.1.0
2024-10-04,obm_spent_output_count_daily,1482544,outputs,daily,OBM v0.1.0
2024-10-05,obm_spent_output_count_daily,1154207,outputs,daily,OBM v0.1.0
2024-10-06,obm_spent_output_count_daily,1151966,outputs,daily,OBM v0.1.0
2024-10-07,obm_spent_output_count_daily,1221683,outputs,daily,OBM v0.1.0
2024-10-08,obm_spent_output_count_daily,1321422,outputs,daily,OBM v0.1.0
2024-10-09,obm_spent_output_count_daily,961395,outputs,daily,OBM v0.1.0
2024-10-10,obm_spent_output_count_daily,1194086,outputs,daily,OBM v0.1.0
2024-10-11,obm_spent_output_count_daily,1089666,outputs,daily,OBM v0.1.0
2024-10-12,obm_spent_output_count_daily,1089515,outputs,daily,OBM v0.1.0
2024-10-13,obm_spent_output_count_daily,1074639,outputs,daily,OBM v0.1.0
2024-10-14,obm_spent_output_count_daily,1110882,outputs,daily,OBM v0.1.0
2024-10-15,obm_spent_output_count_daily,1245062,outputs,daily,OBM v0.1.0
2024-10-16,obm_spent_output_count_daily,1085949,outputs,daily,OBM v0.1.0
2024-10-17,obm_spent_output_count_daily,1166966,outputs,daily,OBM v0.1.0
2024-10-18,obm_spent_output_count_daily,998603,outputs,daily,OBM v0.1.0
2024-10-19,obm_spent_output_count_daily,1239975,outputs,daily,OBM v0.1.0
2024-10-20,obm_spent_output_count_daily,1289721,outputs,daily,OBM v0.1.0
2024-10-21,obm_spent_output_count_daily,1331516,outputs,daily,OBM v0.1.0
2024-10-22,obm_spent_output_count_daily,1041759,outputs,daily,OBM v0.1.0
2024-10-23,obm_spent_output_count_daily,1180883,outputs,daily,OBM v0.1.0
2024-10-24,obm_spent_output_count_daily,1153951,outputs,daily,OBM v0.1.0
2024-10-25,obm_spent_output_count_daily,1114346,outputs,daily,OBM v0.1.0
2024-10-26,obm_spent_output_count_daily,1129630,outputs,daily,OBM v0.1.0
2024-10-27,obm_spent_output_count_daily,1224005,outputs,daily,OBM v0.1.0
2024-10-28,obm_spent_output_count_daily,1332091,outputs,daily,OBM v0.1.0
2024-10-29,obm_spent_output_count_daily,1214881,outputs,daily,OBM v0.1.0
2024-10-30,obm_spent_output_count_daily,1284098,outputs,daily,OBM v0.1.0
2024-10-31,obm_spent_output_count_daily,1252004,outputs,daily,OBM v0.1.0
2024-11-01,obm_spent_output_count_daily,1215973,outputs,daily,OBM v0.1.0
2024-11-02,obm_spent_output_count_daily,1045812,outputs,daily,OBM v0.1.0
2024-11-03,obm_spent_output_count_daily,1059011,outputs,daily,OBM v0.1.0
2024-11-04,obm_spent_output_count_daily,1256057,outputs,daily,OBM v0.1.0
2024-11-05,obm_spent_output_count_daily,1130459,outputs,daily,OBM v0.1.0
2024-11-06,obm_spent_output_count_daily,1268229,outputs,daily,OBM v0.1.0
2024-11-07,obm_spent_output_count_daily,1295209,outputs,daily,OBM v0.1.0
2024-11-08,obm_spent_output_count_daily,1109078,outputs,daily,OBM v0.1.0
2024-11-09,obm_spent_output_count_daily,1080444,outputs,daily,OBM v0.1.0
2024-11-10,obm_spent_output_count_daily,1159952,outputs,daily,OBM v0.1.0
2024-11-11,obm_spent_output_count_daily,1095631,outputs,daily,OBM v0.1.0
2024-11-12,obm_spent_output_count_daily,1164826,outputs,daily,OBM v0.1.0
2024-11-13,obm_spent_output_count_daily,1082651,outputs,daily,OBM v0.1.0
2024-11-14,obm_spent_output_count_daily,1008213,outputs,daily,OBM v0.1.0
2024-11-15,obm_spent_output_count_daily,1189570,outputs,daily,OBM v0.1.0
2024-11-16,obm_spent_output_count_daily,1191943,outputs,daily,OBM v0.1.0
2024-11-17,obm_spent_output_count_daily,1143772,outputs,daily,OBM v0.1.0
2024-11-18,obm_spent_output_count_daily,1223200,outputs,daily,OBM v0.1.0
2024-11-19,obm_spent_output_count_daily,1351369,outputs,daily,OBM v0.1.0
2024-11-20,obm_spent_output_count_daily,1147479,outputs,daily,OBM v0.1.0
2024-11-21,obm_spent_output_count_daily,1150815,outputs,daily,OBM v0.1.0
2024-11-22,obm_spent_output_count_daily,1100719,outputs,daily,OBM v0.1.0
2024-11-23,obm_spent_output_count_daily,1054493,outputs,daily,OBM v0.1.0
2024-11-24,obm_spent_output_count_daily,1070482,outputs,daily,OBM v0.1.0
2024-11-25,obm_spent_output_count_daily,1359703,outputs,daily,OBM v0.1.0
2024-11-26,obm_spent_output_count_daily,1018245,outputs,daily,OBM v0.1.0
2024-11-27,obm_spent_output_count_daily,996526,outputs,daily,OBM v0.1.0
2024-11-28,obm_spent_output_count_daily,985406,outputs,daily,OBM v0.1.0
2024-11-29,obm_spent_output_count_daily,862030,outputs,daily,OBM v0.1.0
2024-11-30,obm_spent_output_count_daily,1217405,outputs,daily,OBM v0.1.0
2024-12-01,obm_spent_output_count_daily,1180966,outputs,daily,OBM v0.1.0
2024-12-02,obm_spent_output_count_daily,992246,outputs,daily,OBM v0.1.0
2024-12-03,obm_spent_output_count_daily,1096061,outputs,daily,OBM v0.1.0
2024-12-04,obm_spent_output_count_daily,1130871,outputs,daily,OBM v0.1.0
2024-12-05,obm_spent_output_count_daily,1186855,outputs,daily,OBM v0.1.0
2024-12-06,obm_spent_output_count_daily,1038705,outputs,daily,OBM v0.1.0
2024-12-07,obm_spent_output_count_daily,1017510,outputs,daily,OBM v0.1.0
2024-12-08,obm_spent_output_count_daily,1063431,outputs,daily,OBM v0.1.0
2024-12-09,obm_spent_output_count_daily,1167212,outputs,daily,OBM v0.1.0
2024-12-10,obm_spent_output_count_daily,1180013,outputs,daily,OBM v0.1.0
2024-12-11,obm_spent_output_count_daily,996882,outputs,daily,OBM v0.1.0
2024-12-12,obm_spent_output_count_daily,1068353,outputs,daily,OBM v0.1.0
2024-12-13,obm_spent_output_count_daily,1216165,outputs,daily,OBM v0.1.0
2024-12-14,obm_spent_output_count_daily,1115512,outputs,daily,OBM v0.1.0
2024-12-15,obm_spent_output_count_daily,956718,outputs,daily,OBM v0.1.0
2024-12-16,obm_spent_output_count_daily,1158646,outputs,daily,OBM v0.1.0
2024-12-17,obm_spent_output_count_daily,984803,outputs,daily,OBM v0.1.0
2024-12-18,obm_spent_output_count_daily,1097463,outputs,daily,OBM v0.1.0
2024-12-19,obm_spent_output_count_daily,1077172,outputs,daily,OBM v0.1.0
2024-12-20,obm_spent_output_count_daily,1087931,outputs,daily,OBM v0.1.0
2024-12-21,obm_spent_output_count_daily,928434,outputs,daily,OBM v0.1.0
2024-12-22,obm_spent_output_count_daily,1038609,outputs,daily,OBM v0.1.0
2024-12-23,obm_spent_output_count_daily,928792,outputs,daily,OBM v0.1.0
2024-12-24,obm_spent_output_count_daily,910198,outputs,daily,OBM v0.1.0
2024-12-25,obm_spent_output_count_daily,1012040,outputs,daily,OBM v0.1.0
2024-12-26,obm_spent_output_count_daily,991958,outputs,daily,OBM v0.1.0
2024-12-27,obm_spent_output_count_daily,1213005,outputs,daily,OBM v0.1.0
2024-12-28,obm_spent_output_count_daily,1020298,outputs,daily,OBM v0.1.0
2024-12-29,obm_spent_output_count_daily,1331820,outputs,daily,OBM v0.1.0
2024-12-30,obm_spent_output_count_daily,1311007,outputs,daily,OBM v0.1.0
2024-12-31,obm_spent_output_count_daily,1019662,outputs,daily,OBM v0.1.0
2025-01-01,obm_spent_output_count_daily,1069385,outputs,daily,OBM v0.1.0
2025-01-02,obm_spent_output_count_daily,1342571,outputs,daily,OBM v0.1.0
2025-01-03,obm_spent_output_count_daily,1045312,outputs,daily,OBM v0.1.0
2025-01-04,obm_spent_output_count_daily,1069612,outputs,daily,OBM v0.1.0
2025-01-05,obm_spent_output_count_daily,1167884,outputs,daily,OBM v0.1.0
2025-01-06,obm_spent_output_count_daily,1054030,outputs,daily,OBM v0.1.0
2025-01-07,obm_spent_output_count_daily,1070825,outputs,daily,OBM v0.1.0
2025-01-08,obm_spent_output_count_daily,943653,outputs,daily,OBM v0.1.0
2025-01-09,obm_spent_output_count_daily,1080588,outputs,daily,OBM v0.1.0
2025-01-10,obm_spent_output_count_daily,1098036,outputs,daily,OBM v0.1.0
2025-01-11,obm_spent_output_count_daily,1092618,outputs,daily,OBM v0.1.0
2025-01-12,obm_spent_output_count_daily,1307342,outputs,daily,OBM v0.1.0
2025-01-13,obm_spent_output_count_daily,939418,outputs,daily,OBM v0.1.0
2025-01-14,obm_spent_output_count_daily,1222479,outputs,daily,OBM v0.1.0
2025-01-15,obm_spent_output_count_daily,1069998,outputs,daily,OBM v0.1.0
2025-01-16,obm_spent_output_count_daily,966164,outputs,daily,OBM v0.1.0
2025-01-17,obm_spent_output_count_daily,1166538,outputs,daily,OBM v0.1.0
2025-01-18,obm_spent_output_count_daily,1087299,outputs,daily,OBM v0.1.0
2025-01-19,obm_spent_output_count_daily,1270011,outputs,daily,OBM v0.1.0
2025-01-20,obm_spent_output_count_daily,1043749,outputs,daily,OBM v0.1.0
2025-01-21,obm_spent_output_count_daily,1086242,outputs,daily,OBM v0.1.0
2025-01-22,obm_spent_output_count_daily,1213469,outputs,daily,OBM v0.1.0
2025-01-23,obm_spent_output_count_daily,1137789,outputs,daily,OBM v0.1.0
2025-01-24,obm_spent_output_count_daily,1128244,outputs,daily,OBM v0.1.0
2025-01-25,obm_spent_output_count_daily,1013885,outputs,daily,OBM v0.1.0
2025-01-26,obm_spent_output_count_daily,1300140,outputs,daily,OBM v0.1.0
2025-01-27,obm_spent_output_count_daily,1288668,outputs,daily,OBM v0.1.0
2025-01-28,obm_spent_output_count_daily,1297803,outputs,daily,OBM v0.1.0
2025-01-29,obm_spent_output_count_daily,1377188,outputs,daily,OBM v0.1.0
2025-01-30,obm_spent_output_count_daily,1254838,outputs,daily,OBM v0.1.0
2025-01-31,obm_spent_output_count_daily,1054272,outputs,daily,OBM v0.1.0
2025-02-01,obm_spent_output_count_daily,1696375,outputs,daily,OBM v0.1.0
2025-02-02,obm_spent_output_count_daily,1425229,outputs,daily,OBM v0.1.0
2025-02-03,obm_spent_output_count_daily,1230903,outputs,daily,OBM v0.1.0
2025-02-04,obm_spent_output_count_daily,999218,outputs,daily,OBM v0.1.0
2025-02-05,obm_spent_output_count_daily,1105994,outputs,daily,OBM v0.1.0
2025-02-06,obm_spent_output_count_daily,1152196,outputs,daily,OBM v0.1.0
2025-02-07,obm_spent_output_count_daily,1300237,outputs,daily,OBM v0.1.0
2025-02-08,obm_spent_output_count_daily,1294304,outputs,daily,OBM v0.1.0
2025-02-09,obm_spent_output_count_daily,1223993,outputs,daily,OBM v0.1.0
2025-02-10,obm_spent_output_count_daily,1216665,outputs,daily,OBM v0.1.0
2025-02-11,obm_spent_output_count_daily,1017450,outputs,daily,OBM v0.1.0
2025-02-12,obm_spent_output_count_daily,1096744,outputs,daily,OBM v0.1.0
2025-02-13,obm_spent_output_count_daily,1383572,outputs,daily,OBM v0.1.0
2025-02-14,obm_spent_output_count_daily,1402657,outputs,daily,OBM v0.1.0
2025-02-15,obm_spent_output_count_daily,1357839,outputs,daily,OBM v0.1.0
2025-02-16,obm_spent_output_count_daily,1089094,outputs,daily,OBM v0.1.0
2025-02-17,obm_spent_output_count_daily,1199035,outputs,daily,OBM v0.1.0
2025-02-18,obm_spent_output_count_daily,1144960,outputs,daily,OBM v0.1.0
2025-02-19,obm_spent_output_count_daily,918245,outputs,daily,OBM v0.1.0
2025-02-20,obm_spent_output_count_daily,913025,outputs,daily,OBM v0.1.0
2025-02-21,obm_spent_output_count_daily,917601,outputs,daily,OBM v0.1.0
2025-02-22,obm_spent_output_count_daily,916783,outputs,daily,OBM v0.1.0
2025-02-23,obm_spent_output_count_daily,814824,outputs,daily,OBM v0.1.0
2025-02-24,obm_spent_output_count_daily,922721,outputs,daily,OBM v0.1.0
2025-02-25,obm_spent_output_count_daily,1048030,outputs,daily,OBM v0.1.0
2025-02-26,obm_spent_output_count_daily,1115728,outputs,daily,OBM v0.1.0
2025-02-27,obm_spent_output_count_daily,1242973,outputs,daily,OBM v0.1.0
2025-02-28,obm_spent_output_count_daily,1398691,outputs,daily,OBM v0.1.0
2025-03-01,obm_spent_output_count_daily,1354542,outputs,daily,OBM v0.1.0
2025-03-02,obm_spent_output_count_daily,1289759,outputs,daily,OBM v0.1.0
2025-03-03,obm_spent_output_count_daily,1289242,outputs,daily,OBM v0.1.0
2025-03-04,obm_spent_output_count_daily,1388074,outputs,daily,OBM v0.1.0
2025-03-05,obm_spent_output_count_daily,1269797,outputs,daily,OBM v0.1.0
2025-03-06,obm_spent_output_count_daily,1595147,outputs,daily,OBM v0.1.0
2025-03-07,obm_spent_output_count_daily,1194036,outputs,daily,OBM v0.1.0
2025-03-08,obm_spent_output_count_daily,1233450,outputs,daily,OBM v0.1.0
2025-03-09,obm_spent_output_count_daily,1520773,outputs,daily,OBM v0.1.0
2025-03-10,obm_spent_output_count_daily,1180401,outputs,daily,OBM v0.1.0
2025-03-11,obm_spent_output_count_daily,1074825,outputs,daily,OBM v0.1.0
2025-03-12,obm_spent_output_count_daily,1121123,outputs,daily,OBM v0.1.0
2025-03-13,obm_spent_output_count_daily,1126548,outputs,daily,OBM v0.1.0
2025-03-14,obm_spent_output_count_daily,1092781,outputs,daily,OBM v0.1.0
2025-03-15,obm_spent_output_count_daily,917977,outputs,daily,OBM v0.1.0
2025-03-16,obm_spent_output_count_daily,1062848,outputs,daily,OBM v0.1.0
2025-03-17,obm_spent_output_count_daily,1079236,outputs,daily,OBM v0.1.0
2025-03-18,obm_spent_output_count_daily,1165232,outputs,daily,OBM v0.1.0
2025-03-19,obm_spent_output_count_daily,1120849,outputs,daily,OBM v0.1.0
2025-03-20,obm_spent_output_count_daily,1183166,outputs,daily,OBM v0.1.0
2025-03-21,obm_spent_output_count_daily,1266519,outputs,daily,OBM v0.1.0
2025-03-22,obm_spent_output_count_daily,1183878,outputs,daily,OBM v0.1.0
2025-03-23,obm_spent_output_count_daily,1060548,outputs,daily,OBM v0.1.0
2025-03-24,obm_spent_output_count_daily,1127830,outputs,daily,OBM v0.1.0
2025-03-25,obm_spent_output_count_daily,1012111,outputs,daily,OBM v0.1.0
2025-03-26,obm_spent_output_count_daily,1101510,outputs,daily,OBM v0.1.0
2025-03-27,obm_spent_output_count_daily,1133460,outputs,daily,OBM v0.1.0
2025-03-28,obm_spent_output_count_daily,1171796,outputs,daily,OBM v0.1.0
2025-03-29,obm_spent_output_count_daily,1326909,outputs,daily,OBM v0.1.0
2025-03-30,obm_spent_output_count_daily,1143987,outputs,daily,OBM v0.1.0
2025-03-31,obm_spent_output_count_daily,1025596,outputs,daily,OBM v0.1.0
2025-04-01,obm_spent_output_count_daily,1037909,outputs,daily,OBM v0.1.0
2025-04-02,obm_spent_output_count_daily,1063401,outputs,daily,OBM v0.1.0
2025-04-03,obm_spent_output_count_daily,1069264,outputs,daily,OBM v0.1.0
2025-04-04,obm_spent_output_count_daily,1149519,outputs,daily,OBM v0.1.0
2025-04-05,obm_spent_output_count_daily,852441,outputs,daily,OBM v0.1.0
2025-04-06,obm_spent_output_count_daily,786682,outputs,daily,OBM v0.1.0
2025-04-07,obm_spent_output_count_daily,949227,outputs,daily,OBM v0.1.0
2025-04-08,obm_spent_output_count_daily,930415,outputs,daily,OBM v0.1.0
2025-04-09,obm_spent_output_count_daily,923893,outputs,daily,OBM v0.1.0
2025-04-10,obm_spent_output_count_daily,894006,outputs,daily,OBM v0.1.0
2025-04-11,obm_spent_output_count_daily,937868,outputs,daily,OBM v0.1.0
2025-04-12,obm_spent_output_count_daily,895784,outputs,daily,OBM v0.1.0
2025-04-13,obm_spent_output_count_daily,949233,outputs,daily,OBM v0.1.0
2025-04-14,obm_spent_output_count_daily,1000226,outputs,daily,OBM v0.1.0
2025-04-15,obm_spent_output_count_daily,989255,outputs,daily,OBM v0.1.0
2025-04-16,obm_spent_output_count_daily,1053625,outputs,daily,OBM v0.1.0
2025-04-17,obm_spent_output_count_daily,1104590,outputs,daily,OBM v0.1.0
2025-04-18,obm_spent_output_count_daily,970708,outputs,daily,OBM v0.1.0
2025-04-19,obm_spent_output_count_daily,1028135,outputs,daily,OBM v0.1.0
2025-04-20,obm_spent_output_count_daily,866309,outputs,daily,OBM v0.1.0
2025-04-21,obm_spent_output_count_daily,944519,outputs,daily,OBM v0.1.0
2025-04-22,obm_spent_output_count_daily,1201042,outputs,daily,OBM v0.1.0
2025-04-23,obm_spent_output_count_daily,883142,outputs,daily,OBM v0.1.0
2025-04-24,obm_spent_output_count_daily,1102877,outputs,daily,OBM v0.1.0
2025-04-25,obm_spent_output_count_daily,1262087,outputs,daily,OBM v0.1.0
2025-04-26,obm_spent_output_count_daily,1043279,outputs,daily,OBM v0.1.0
2025-04-27,obm_spent_output_count_daily,950219,outputs,daily,OBM v0.1.0
2025-04-28,obm_spent_output_count_daily,1096985,outputs,daily,OBM v0.1.0
2025-04-29,obm_spent_output_count_daily,1055391,outputs,daily,OBM v0.1.0
2025-04-30,obm_spent_output_count_daily,999485,outputs,daily,OBM v0.1.0
2025-05-01,obm_spent_output_count_daily,1040092,outputs,daily,OBM v0.1.0
2025-05-02,obm_spent_output_count_daily,1258455,outputs,daily,OBM v0.1.0
2025-05-03,obm_spent_output_count_daily,1127982,outputs,daily,OBM v0.1.0
2025-05-04,obm_spent_output_count_daily,936249,outputs,daily,OBM v0.1.0
2025-05-05,obm_spent_output_count_daily,1039657,outputs,daily,OBM v0.1.0
2025-05-06,obm_spent_output_count_daily,957096,outputs,daily,OBM v0.1.0
2025-05-07,obm_spent_output_count_daily,1264785,outputs,daily,OBM v0.1.0
2025-05-08,obm_spent_output_count_daily,1285965,outputs,daily,OBM v0.1.0
2025-05-09,obm_spent_output_count_daily,1169166,outputs,daily,OBM v0.1.0
2025-05-10,obm_spent_output_count_daily,1245320,outputs,daily,OBM v0.1.0
2025-05-11,obm_spent_output_count_daily,1194463,outputs,daily,OBM v0.1.0
2025-05-12,obm_spent_output_count_daily,1004228,outputs,daily,OBM v0.1.0
2025-05-13,obm_spent_output_count_daily,1000972,outputs,daily,OBM v0.1.0
2025-05-14,obm_spent_output_count_daily,1089811,outputs,daily,OBM v0.1.0
2025-05-15,obm_spent_output_count_daily,1031492,outputs,daily,OBM v0.1.0
2025-05-16,obm_spent_output_count_daily,1034236,outputs,daily,OBM v0.1.0
2025-05-17,obm_spent_output_count_daily,1025059,outputs,daily,OBM v0.1.0
2025-05-18,obm_spent_output_count_daily,1083756,outputs,daily,OBM v0.1.0
2025-05-19,obm_spent_output_count_daily,1076159,outputs,daily,OBM v0.1.0
2025-05-20,obm_spent_output_count_daily,1132711,outputs,daily,OBM v0.1.0
2025-05-21,obm_spent_output_count_daily,1152802,outputs,daily,OBM v0.1.0
2025-05-22,obm_spent_output_count_daily,1231449,outputs,daily,OBM v0.1.0
2025-05-23,obm_spent_output_count_daily,1155427,outputs,daily,OBM v0.1.0
2025-05-24,obm_spent_output_count_daily,995116,outputs,daily,OBM v0.1.0
2025-05-25,obm_spent_output_count_daily,896993,outputs,daily,OBM v0.1.0
2025-05-26,obm_spent_output_count_daily,1089902,outputs,daily,OBM v0.1.0
2025-05-27,obm_spent_output_count_daily,986178,outputs,daily,OBM v0.1.0
2025-05-28,obm_spent_output_count_daily,1253962,outputs,daily,OBM v0.1.0
2025-05-29,obm_spent_output_count_daily,1054935,outputs,daily,OBM v0.1.0
2025-05-30,obm_spent_output_count_daily,1121223,outputs,daily,OBM v0.1.0
2025-05-31,obm_spent_output_count_daily,883712,outputs,daily,OBM v0.1.0
2025-06-01,obm_spent_output_count_daily,902555,outputs,daily,OBM v0.1.0
2025-06-02,obm_spent_output_count_daily,980232,outputs,daily,OBM v0.1.0
2025-06-03,obm_spent_output_count_daily,1038834,outputs,daily,OBM v0.1.0
2025-06-04,obm_spent_output_count_daily,901990,outputs,daily,OBM v0.1.0
2025-06-05,obm_spent_output_count_daily,917622,outputs,daily,OBM v0.1.0
2025-06-06,obm_spent_output_count_daily,955864,outputs,daily,OBM v0.1.0
2025-06-07,obm_spent_output_count_daily,849936,outputs,daily,OBM v0.1.0
2025-06-08,obm_spent_output_count_daily,815160,outputs,daily,OBM v0.1.0
2025-06-09,obm_spent_output_count_daily,930698,outputs,daily,OBM v0.1.0
2025-06-10,obm_spent_output_count_daily,1215770,outputs,daily,OBM v0.1.0
2025-06-11,obm_spent_output_count_daily,984645,outputs,daily,OBM v0.1.0
2025-06-12,obm_spent_output_count_daily,1113847,outputs,daily,OBM v0.1.0
2025-06-13,obm_spent_output_count_daily,1087502,outputs,daily,OBM v0.1.0
2025-06-14,obm_spent_output_count_daily,890941,outputs,daily,OBM v0.1.0
2025-06-15,obm_spent_output_count_daily,774256,outputs,daily,OBM v0.1.0
2025-06-16,obm_spent_output_count_daily,948694,outputs,daily,OBM v0.1.0
2025-06-17,obm_spent_output_count_daily,948674,outputs,daily,OBM v0.1.0
2025-06-18,obm_spent_output_count_daily,1035117,outputs,daily,OBM v0.1.0
2025-06-19,obm_spent_output_count_daily,936913,outputs,daily,OBM v0.1.0
2025-06-20,obm_spent_output_count_daily,1005942,outputs,daily,OBM v0.1.0
2025-06-21,obm_spent_output_count_daily,906824,outputs,daily,OBM v0.1.0
2025-06-22,obm_spent_output_count_daily,785350,outputs,daily,OBM v0.1.0
2025-06-23,obm_spent_output_count_daily,761980,outputs,daily,OBM v0.1.0
2025-06-24,obm_spent_output_count_daily,908498,outputs,daily,OBM v0.1.0
2025-06-25,obm_spent_output_count_daily,1137610,outputs,daily,OBM v0.1.0
2025-06-26,obm_spent_output_count_daily,1135791,outputs,daily,OBM v0.1.0
2025-06-27,obm_spent_output_count_daily,898577,outputs,daily,OBM v0.1.0
2025-06-28,obm_spent_output_count_daily,1231910,outputs,daily,OBM v0.1.0
2025-06-29,obm_spent_output_count_daily,940532,outputs,daily,OBM v0.1.0
2025-06-30,obm_spent_output_count_daily,973436,outputs,daily,OBM v0.1.0
2025-07-01,obm_spent_output_count_daily,960884,outputs,daily,OBM v0.1.0
2025-07-02,obm_spent_output_count_daily,1031965,outputs,daily,OBM v0.1.0
2025-07-03,obm_spent_output_count_daily,1154427,outputs,daily,OBM v0.1.0
2025-07-04,obm_spent_output_count_daily,938713,outputs,daily,OBM v0.1.0
2025-07-05,obm_spent_output_count_daily,932874,outputs,daily,OBM v0.1.0
2025-07-06,obm_spent_output_count_daily,1055155,outputs,daily,OBM v0.1.0
2025-07-07,obm_spent_output_count_daily,996296,outputs,daily,OBM v0.1.0
2025-07-08,obm_spent_output_count_daily,1041581,outputs,daily,OBM v0.1.0
2025-07-09,obm_spent_output_count_daily,1133301,outputs,daily,OBM v0.1.0
2025-07-10,obm_spent_output_count_daily,1222608,outputs,daily,OBM v0.1.0
2025-07-11,obm_spent_output_count_daily,1135495,outputs,daily,OBM v0.1.0
2025-07-12,obm_spent_output_count_daily,1016869,outputs,daily,OBM v0.1.0
2025-07-13,obm_spent_output_count_daily,951048,outputs,daily,OBM v0.1.0
2025-07-14,obm_spent_output_count_daily,1098881,outputs,daily,OBM v0.1.0
2025-07-15,obm_spent_output_count_daily,1071473,outputs,daily,OBM v0.1.0
2025-07-16,obm_spent_output_count_daily,871857,outputs,daily,OBM v0.1.0
2025-07-17,obm_spent_output_count_daily,1005954,outputs,daily,OBM v0.1.0
2025-07-18,obm_spent_output_count_daily,1076728,outputs,daily,OBM v0.1.0
2025-07-19,obm_spent_output_count_daily,952031,outputs,daily,OBM v0.1.0
2025-07-20,obm_spent_output_count_daily,1038729,outputs,daily,OBM v0.1.0
2025-07-21,obm_spent_output_count_daily,1043082,outputs,daily,OBM v0.1.0
2025-07-22,obm_spent_output_count_daily,1051120,outputs,daily,OBM v0.1.0
2025-07-23,obm_spent_output_count_daily,1049983,outputs,daily,OBM v0.1.0
2025-07-24,obm_spent_output_count_daily,974283,outputs,daily,OBM v0.1.0
2025-07-25,obm_spent_output_count_daily,1028894,outputs,daily,OBM v0.1.0
2025-07-26,obm_spent_output_count_daily,1051581,outputs,daily,OBM v0.1.0
2025-07-27,obm_spent_output_count_daily,1013217,outputs,daily,OBM v0.1.0
2025-07-28,obm_spent_output_count_daily,1045783,outputs,daily,OBM v0.1.0
2025-07-29,obm_spent_output_count_daily,878874,outputs,daily,OBM v0.1.0
2025-07-30,obm_spent_output_count_daily,982084,outputs,daily,OBM v0.1.0
2025-07-31,obm_spent_output_count_daily,1144361,outputs,daily,OBM v0.1.0
2025-08-01,obm_spent_output_count_daily,1152771,outputs,daily,OBM v0.1.0
2025-08-02,obm_spent_output_count_daily,885970,outputs,daily,OBM v0.1.0
2025-08-03,obm_spent_output_count_daily,1154451,outputs,daily,OBM v0.1.0
2025-08-04,obm_spent_output_count_daily,1171921,outputs,daily,OBM v0.1.0
2025-08-05,obm_spent_output_count_daily,953629,outputs,daily,OBM v0.1.0
2025-08-06,obm_spent_output_count_daily,1016865,outputs,daily,OBM v0.1.0
2025-08-07,obm_spent_output_count_daily,1117965,outputs,daily,OBM v0.1.0
2025-08-08,obm_spent_output_count_daily,983193,outputs,daily,OBM v0.1.0
2025-08-09,obm_spent_output_count_daily,872464,outputs,daily,OBM v0.1.0
2025-08-10,obm_spent_output_count_daily,936097,outputs,daily,OBM v0.1.0
2025-08-11,obm_spent_output_count_daily,1080256,outputs,daily,OBM v0.1.0
2025-08-12,obm_spent_output_count_daily,1047601,outputs,daily,OBM v0.1.0
2025-08-13,obm_spent_output_count_daily,1129952,outputs,daily,OBM v0.1.0
2025-08-14,obm_spent_output_count_daily,1150108,outputs,daily,OBM v0.1.0
2025-08-15,obm_spent_output_count_daily,932889,outputs,daily,OBM v0.1.0
2025-08-16,obm_spent_output_count_daily,1090683,outputs,daily,OBM v0.1.0
2025-08-17,obm_spent_output_count_daily,984805,outputs,daily,OBM v0.1.0
2025-08-18,obm_spent_output_count_daily,997415,outputs,daily,OBM v0.1.0
2025-08-19,obm_spent_output_count_daily,966467,outputs,daily,OBM v0.1.0
2025-08-20,obm_spent_output_count_daily,997770,outputs,daily,OBM v0.1.0
2025-08-21,obm_spent_output_count_daily,1067310,outputs,daily,OBM v0.1.0
2025-08-22,obm_spent_output_count_daily,1102721,outputs,daily,OBM v0.1.0
2025-08-23,obm_spent_output_count_daily,1119124,outputs,daily,OBM v0.1.0
2025-08-24,obm_spent_output_count_daily,1168954,outputs,daily,OBM v0.1.0
2025-08-25,obm_spent_output_count_daily,1076286,outputs,daily,OBM v0.1.0
2025-08-26,obm_spent_output_count_daily,1052225,outputs,daily,OBM v0.1.0
2025-08-27,obm_spent_output_count_daily,1061336,outputs,daily,OBM v0.1.0
2025-08-28,obm_spent_output_count_daily,1119509,outputs,daily,OBM v0.1.0
2025-08-29,obm_spent_output_count_daily,1172932,outputs,daily,OBM v0.1.0
2025-08-30,obm_spent_output_count_daily,1096408,outputs,daily,OBM v0.1.0
2025-08-31,obm_spent_output_count_daily,895243,outputs,daily,OBM v0.1.0
2025-09-01,obm_spent_output_count_daily,1105432,outputs,daily,OBM v0.1.0
2025-09-02,obm_spent_output_count_daily,1112084,outputs,daily,OBM v0.1.0
2025-09-03,obm_spent_output_count_daily,1017494,outputs,daily,OBM v0.1.0
2025-09-04,obm_spent_output_count_daily,1037973,outputs,daily,OBM v0.1.0
2025-09-05,obm_spent_output_count_daily,1066090,outputs,daily,OBM v0.1.0
2025-09-06,obm_spent_output_count_daily,887023,outputs,daily,OBM v0.1.0
2025-09-07,obm_spent_output_count_daily,1053244,outputs,daily,OBM v0.1.0
2025-09-08,obm_spent_output_count_daily,1158941,outputs,daily,OBM v0.1.0
2025-09-09,obm_spent_output_count_daily,1145540,outputs,daily,OBM v0.1.0
2025-09-10,obm_spent_output_count_daily,1118478,outputs,daily,OBM v0.1.0
2025-09-11,obm_spent_output_count_daily,1045268,outputs,daily,OBM v0.1.0
2025-09-12,obm_spent_output_count_daily,887828,outputs,daily,OBM v0.1.0
2025-09-13,obm_spent_output_count_daily,1009969,outputs,daily,OBM v0.1.0
2025-09-14,obm_spent_output_count_daily,956291,outputs,daily,OBM v0.1.0
2025-09-15,obm_spent_output_count_daily,1138560,outputs,daily,OBM v0.1.0
2025-09-16,obm_spent_output_count_daily,1093966,outputs,daily,OBM v0.1.0
2025-09-17,obm_spent_output_count_daily,921201,outputs,daily,OBM v0.1.0
2025-09-18,obm_spent_output_count_daily,1099085,outputs,daily,OBM v0.1.0
2025-09-19,obm_spent_output_count_daily,1177538,outputs,daily,OBM v0.1.0
2025-09-20,obm_spent_output_count_daily,976774,outputs,daily,OBM v0.1.0
2025-09-21,obm_spent_output_count_daily,1149929,outputs,daily,OBM v0.1.0
2025-09-22,obm_spent_output_count_daily,1088006,outputs,daily,OBM v0.1.0
2025-09-23,obm_spent_output_count_daily,1011757,outputs,daily,OBM v0.1.0
2025-09-24,obm_spent_output_count_daily,1082173,outputs,daily,OBM v0.1.0
2025-09-25,obm_spent_output_count_daily,1055615,outputs,daily,OBM v0.1.0
2025-09-26,obm_spent_output_count_daily,996159,outputs,daily,OBM v0.1.0
2025-09-27,obm_spent_output_count_daily,1128607,outputs,daily,OBM v0.1.0
2025-09-28,obm_spent_output_count_daily,1151803,outputs,daily,OBM v0.1.0
2025-09-29,obm_spent_output_count_daily,1021445,outputs,daily,OBM v0.1.0
2025-09-30,obm_spent_output_count_daily,1139993,outputs,daily,OBM v0.1.0
2025-10-01,obm_spent_output_count_daily,1189474,outputs,daily,OBM v0.1.0
2025-10-02,obm_spent_output_count_daily,1030748,outputs,daily,OBM v0.1.0
2025-10-03,obm_spent_output_count_daily,963173,outputs,daily,OBM v0.1.0
2025-10-04,obm_spent_output_count_daily,1003191,outputs,daily,OBM v0.1.0
2025-10-05,obm_spent_output_count_daily,1061228,outputs,daily,OBM v0.1.0
2025-10-06,obm_spent_output_count_daily,900318,outputs,daily,OBM v0.1.0
2025-10-07,obm_spent_output_count_daily,1047533,outputs,daily,OBM v0.1.0
2025-10-08,obm_spent_output_count_daily,1128822,outputs,daily,OBM v0.1.0
2025-10-09,obm_spent_output_count_daily,887852,outputs,daily,OBM v0.1.0
2025-10-10,obm_spent_output_count_daily,996639,outputs,daily,OBM v0.1.0
2025-10-11,obm_spent_output_count_daily,1067329,outputs,daily,OBM v0.1.0
2025-10-12,obm_spent_output_count_daily,1045903,outputs,daily,OBM v0.1.0
2025-10-13,obm_spent_output_count_daily,1036734,outputs,daily,OBM v0.1.0
2025-10-14,obm_spent_output_count_daily,1097695,outputs,daily,OBM v0.1.0
2025-10-15,obm_spent_output_count_daily,1003424,outputs,daily,OBM v0.1.0
2025-10-16,obm_spent_output_count_daily,1086827,outputs,daily,OBM v0.1.0
2025-10-17,obm_spent_output_count_daily,1050109,outputs,daily,OBM v0.1.0
2025-10-18,obm_spent_output_count_daily,965813,outputs,daily,OBM v0.1.0
2025-10-19,obm_spent_output_count_daily,955200,outputs,daily,OBM v0.1.0
2025-10-20,obm_spent_output_count_daily,1124308,outputs,daily,OBM v0.1.0
2025-10-21,obm_spent_output_count_daily,1073569,outputs,daily,OBM v0.1.0
2025-10-22,obm_spent_output_count_daily,1023583,outputs,daily,OBM v0.1.0
2025-10-23,obm_spent_output_count_daily,955036,outputs,daily,OBM v0.1.0
2025-10-24,obm_spent_output_count_daily,1122852,outputs,daily,OBM v0.1.0
2025-10-25,obm_spent_output_count_daily,1132323,outputs,daily,OBM v0.1.0
2025-10-26,obm_spent_output_count_daily,987965,outputs,daily,OBM v0.1.0
2025-10-27,obm_spent_output_count_daily,1060174,outputs,daily,OBM v0.1.0
2025-10-28,obm_spent_output_count_daily,1052705,outputs,daily,OBM v0.1.0
2025-10-29,obm_spent_output_count_daily,893356,outputs,daily,OBM v0.1.0
2025-10-30,obm_spent_output_count_daily,1103897,outputs,daily,OBM v0.1.0
2025-10-31,obm_spent_output_count_daily,969737,outputs,daily,OBM v0.1.0
2025-11-01,obm_spent_output_count_daily,866046,outputs,daily,OBM v0.1.0
2025-11-02,obm_spent_output_count_daily,1133297,outputs,daily,OBM v0.1.0
2025-11-03,obm_spent_output_count_daily,1003990,outputs,daily,OBM v0.1.0
2025-11-04,obm_spent_output_count_daily,1001017,outputs,daily,OBM v0.1.0
2025-11-05,obm_spent_output_count_daily,994504,outputs,daily,OBM v0.1.0
2025-11-06,obm_spent_output_count_daily,1019258,outputs,daily,OBM v0.1.0
2025-11-07,obm_spent_output_count_daily,1076514,outputs,daily,OBM v0.1.0
2025-11-08,obm_spent_output_count_daily,900891,outputs,daily,OBM v0.1.0
2025-11-09,obm_spent_output_count_daily,943455,outputs,daily,OBM v0.1.0
2025-11-10,obm_spent_output_count_daily,1001103,outputs,daily,OBM v0.1.0
2025-11-11,obm_spent_output_count_daily,1080220,outputs,daily,OBM v0.1.0
2025-11-12,obm_spent_output_count_daily,1014903,outputs,daily,OBM v0.1.0
2025-11-13,obm_spent_output_count_daily,995331,outputs,daily,OBM v0.1.0
2025-11-14,obm_spent_output_count_daily,1038396,outputs,daily,OBM v0.1.0
2025-11-15,obm_spent_output_count_daily,1007409,outputs,daily,OBM v0.1.0
2025-11-16,obm_spent_output_count_daily,996527,outputs,daily,OBM v0.1.0
2025-11-17,obm_spent_output_count_daily,934173,outputs,daily,OBM v0.1.0
2025-11-18,obm_spent_output_count_daily,1052331,outputs,daily,OBM v0.1.0
2025-11-19,obm_spent_output_count_daily,1072031,outputs,daily,OBM v0.1.0
2025-11-20,obm_spent_output_count_daily,998627,outputs,daily,OBM v0.1.0
2025-11-21,obm_spent_output_count_daily,1177809,outputs,daily,OBM v0.1.0
2025-11-22,obm_spent_output_count_daily,933964,outputs,daily,OBM v0.1.0
2025-11-23,obm_spent_output_count_daily,1199195,outputs,daily,OBM v0.1.0
2025-11-24,obm_spent_output_count_daily,1117646,outputs,daily,OBM v0.1.0
2025-11-25,obm_spent_output_count_daily,911849,outputs,daily,OBM v0.1.0
2025-11-26,obm_spent_output_count_daily,1222740,outputs,daily,OBM v0.1.0
2025-11-27,obm_spent_output_count_daily,1016095,outputs,daily,OBM v0.1.0
2025-11-28,obm_spent_output_count_daily,978849,outputs,daily,OBM v0.1.0
2025-11-29,obm_spent_output_count_daily,1060092,outputs,daily,OBM v0.1.0
2025-11-30,obm_spent_output_count_daily,1193447,outputs,daily,OBM v0.1.0
2025-12-01,obm_spent_output_count_daily,1064785,outputs,daily,OBM v0.1.0
2025-12-02,obm_spent_output_count_daily,984419,outputs,daily,OBM v0.1.0
2025-12-03,obm_spent_output_count_daily,987617,outputs,daily,OBM v0.1.0
2025-12-04,obm_spent_output_count_daily,1009939,outputs,daily,OBM v0.1.0
2025-12-05,obm_spent_output_count_daily,949249,outputs,daily,OBM v0.1.0
2025-12-06,obm_spent_output_count_daily,1113508,outputs,daily,OBM v0.1.0
2025-12-07,obm_spent_output_count_daily,1120461,outputs,daily,OBM v0.1.0
2025-12-08,obm_spent_output_count_daily,1077523,outputs,daily,OBM v0.1.0
2025-12-09,obm_spent_output_count_daily,969062,outputs,daily,OBM v0.1.0
2025-12-10,obm_spent_output_count_daily,1086603,outputs,daily,OBM v0.1.0
2025-12-11,obm_spent_output_count_daily,1072364,outputs,daily,OBM v0.1.0
2025-12-12,obm_spent_output_count_daily,1050266,outputs,daily,OBM v0.1.0
2025-12-13,obm_spent_output_count_daily,1026975,outputs,daily,OBM v0.1.0
2025-12-14,obm_spent_output_count_daily,887061,outputs,daily,OBM v0.1.0
2025-12-15,obm_spent_output_count_daily,957740,outputs,daily,OBM v0.1.0
2025-12-16,obm_spent_output_count_daily,1032384,outputs,daily,OBM v0.1.0
2025-12-17,obm_spent_output_count_daily,973482,outputs,daily,OBM v0.1.0
2025-12-18,obm_spent_output_count_daily,995298,outputs,daily,OBM v0.1.0
2025-12-19,obm_spent_output_count_daily,1073632,outputs,daily,OBM v0.1.0
2025-12-20,obm_spent_output_count_daily,1033512,outputs,daily,OBM v0.1.0
2025-12-21,obm_spent_output_count_daily,944139,outputs,daily,OBM v0.1.0
2025-12-22,obm_spent_output_count_daily,944805,outputs,daily,OBM v0.1.0
2025-12-23,obm_spent_output_count_daily,1023149,outputs,daily,OBM v0.1.0
2025-12-24,obm_spent_output_count_daily,1224219,outputs,daily,OBM v0.1.0
2025-12-25,obm_spent_output_count_daily,946041,outputs,daily,OBM v0.1.0
2025-12-26,obm_spent_output_count_daily,929449,outputs,daily,OBM v0.1.0
2025-12-27,obm_spent_output_count_daily,858747,outputs,daily,OBM v0.1.0
2025-12-28,obm_spent_output_count_daily,909061,outputs,daily,OBM v0.1.0
2025-12-29,obm_spent_output_count_daily,1003563,outputs,daily,OBM v0.1.0
2025-12-30,obm_spent_output_count_daily,872829,outputs,daily,OBM v0.1.0
2025-12-31,obm_spent_output_count_daily,919941,outputs,daily,OBM v0.1.0
2026-01-01,obm_spent_output_count_daily,914600,outputs,daily,OBM v0.1.0
2026-01-02,obm_spent_output_count_daily,918817,outputs,daily,OBM v0.1.0
2026-01-03,obm_spent_output_count_daily,927425,outputs,daily,OBM v0.1.0
2026-01-04,obm_spent_output_count_daily,911468,outputs,daily,OBM v0.1.0
2026-01-05,obm_spent_output_count_daily,930617,outputs,daily,OBM v0.1.0
2026-01-06,obm_spent_output_count_daily,925203,outputs,daily,OBM v0.1.0
2026-01-07,obm_spent_output_count_daily,1107273,outputs,daily,OBM v0.1.0
2026-01-08,obm_spent_output_count_daily,1019553,outputs,daily,OBM v0.1.0
2026-01-09,obm_spent_output_count_daily,1104575,outputs,daily,OBM v0.1.0
2026-01-10,obm_spent_output_count_daily,1090532,outputs,daily,OBM v0.1.0
2026-01-11,obm_spent_output_count_daily,1012806,outputs,daily,OBM v0.1.0
2026-01-12,obm_spent_output_count_daily,1014591,outputs,daily,OBM v0.1.0
2026-01-13,obm_spent_output_count_daily,1005435,outputs,daily,OBM v0.1.0
2026-01-14,obm_spent_output_count_daily,861236,outputs,daily,OBM v0.1.0
2026-01-15,obm_spent_output_count_daily,995072,outputs,daily,OBM v0.1.0
2026-01-16,obm_spent_output_count_daily,989010,outputs,daily,OBM v0.1.0
2026-01-17,obm_spent_output_count_daily,1042717,outputs,daily,OBM v0.1.0
2026-01-18,obm_spent_output_count_daily,1075908,outputs,daily,OBM v0.1.0
2026-01-19,obm_spent_output_count_daily,1008537,outputs,daily,OBM v0.1.0
2026-01-20,obm_spent_output_count_daily,1029557,outputs,daily,OBM v0.1.0
2026-01-21,obm_spent_output_count_daily,974075,outputs,daily,OBM v0.1.0
2026-01-22,obm_spent_output_count_daily,1050467,outputs,daily,OBM v0.1.0
2026-01-23,obm_spent_output_count_daily,1033548,outputs,daily,OBM v0.1.0
2026-01-24,obm_spent_output_count_daily,703455,outputs,daily,OBM v0.1.0
2026-01-25,obm_spent_output_count_daily,742853,outputs,daily,OBM v0.1.0
2026-01-26,obm_spent_output_count_daily,879876,outputs,daily,OBM v0.1.0
2026-01-27,obm_spent_output_count_daily,767361,outputs,daily,OBM v0.1.0
2026-01-28,obm_spent_output_count_daily,789399,outputs,daily,OBM v0.1.0
2026-01-29,obm_spent_output_count_daily,946506,outputs,daily,OBM v0.1.0
2026-01-30,obm_spent_output_count_daily,910289,outputs,daily,OBM v0.1.0
2026-01-31,obm_spent_output_count_daily,925968,outputs,daily,OBM v0.1.0
2026-02-01,obm_spent_output_count_daily,839541,outputs,daily,OBM v0.1.0
2026-02-02,obm_spent_output_count_daily,854479,outputs,daily,OBM v0.1.0
2026-02-03,obm_spent_output_count_daily,987521,outputs,daily,OBM v0.1.0
2026-02-04,obm_spent_output_count_daily,1035064,outputs,daily,OBM v0.1.0
2026-02-05,obm_spent_output_count_daily,948280,outputs,daily,OBM v0.1.0
2026-02-06,obm_spent_output_count_daily,1048775,outputs,daily,OBM v0.1.0
2026-02-07,obm_spent_output_count_daily,1067938,outputs,daily,OBM v0.1.0
2026-02-08,obm_spent_output_count_daily,1073443,outputs,daily,OBM v0.1.0
2026-02-09,obm_spent_output_count_daily,994614,outputs,daily,OBM v0.1.0
2026-02-10,obm_spent_output_count_daily,831667,outputs,daily,OBM v0.1.0
2026-02-11,obm_spent_output_count_daily,1021922,outputs,daily,OBM v0.1.0
2026-02-12,obm_spent_output_count_daily,1106403,outputs,daily,OBM v0.1.0
2026-02-13,obm_spent_output_count_daily,1056481,outputs,daily,OBM v0.1.0
2026-02-14,obm_spent_output_count_daily,1063432,outputs,daily,OBM v0.1.0
2026-02-15,obm_spent_output_count_daily,1313337,outputs,daily,OBM v0.1.0
2026-02-16,obm_spent_output_count_daily,1118493,outputs,daily,OBM v0.1.0
2026-02-17,obm_spent_output_count_daily,1104903,outputs,daily,OBM v0.1.0
2026-02-18,obm_spent_output_count_daily,926728,outputs,daily,OBM v0.1.0
2026-02-19,obm_spent_output_count_daily,992162,outputs,daily,OBM v0.1.0
2026-02-20,obm_spent_output_count_daily,906813,outputs,daily,OBM v0.1.0
2026-02-21,obm_spent_output_count_daily,821896,outputs,daily,OBM v0.1.0
2026-02-22,obm_spent_output_count_daily,1120256,outputs,daily,OBM v0.1.0
2026-02-23,obm_spent_output_count_daily,1001944,outputs,daily,OBM v0.1.0
2026-02-24,obm_spent_output_count_daily,1076812,outputs,daily,OBM v0.1.0
2026-02-25,obm_spent_output_count_daily,1030284,outputs,daily,OBM v0.1.0
2026-02-26,obm_spent_output_count_daily,970886,outputs,daily,OBM v0.1.0
2026-02-27,obm_spent_output_count_daily,955147,outputs,daily,OBM v0.1.0
2026-02-28,obm_spent_output_count_daily,980275,outputs,daily,OBM v0.1.0
2026-03-01,obm_spent_output_count_daily,989862,outputs,daily,OBM v0.1.0
2026-03-02,obm_spent_output_count_daily,925524,outputs,daily,OBM v0.1.0
2026-03-03,obm_spent_output_count_daily,920095,outputs,daily,OBM v0.1.0
2026-03-04,obm_spent_output_count_daily,916101,outputs,daily,OBM v0.1.0
2026-03-05,obm_spent_output_count_daily,1077647,outputs,daily,OBM v0.1.0
2026-03-06,obm_spent_output_count_daily,1073701,outputs,daily,OBM v0.1.0
2026-03-07,obm_spent_output_count_daily,908983,outputs,daily,OBM v0.1.0
2026-03-08,obm_spent_output_count_daily,912706,outputs,daily,OBM v0.1.0
2026-03-09,obm_spent_output_count_daily,974093,outputs,daily,OBM v0.1.0
2026-03-10,obm_spent_output_count_daily,899122,outputs,daily,OBM v0.1.0
2026-03-11,obm_spent_output_count_daily,1024523,outputs,daily,OBM v0.1.0
2026-03-12,obm_spent_output_count_daily,937442,outputs,daily,OBM v0.1.0
2026-03-13,obm_spent_output_count_daily,891587,outputs,daily,OBM v0.1.0
2026-03-14,obm_spent_output_count_daily,893134,outputs,daily,OBM v0.1.0
2026-03-15,obm_spent_output_count_daily,818310,outputs,daily,OBM v0.1.0
2026-03-16,obm_spent_output_count_daily,911428,outputs,daily,OBM v0.1.0
2026-03-17,obm_spent_output_count_daily,1060354,outputs,daily,OBM v0.1.0
2026-03-18,obm_spent_output_count_daily,957774,outputs,daily,OBM v0.1.0
2026-03-19,obm_spent_output_count_daily,950747,outputs,daily,OBM v0.1.0
2026-03-20,obm_spent_output_count_daily,1047686,outputs,daily,OBM v0.1.0
2026-03-21,obm_spent_output_count_daily,927413,outputs,daily,OBM v0.1.0
2026-03-22,obm_spent_output_count_daily,996703,outputs,daily,OBM v0.1.0
2026-03-23,obm_spent_output_count_daily,1008428,outputs,daily,OBM v0.1.0
2026-03-24,obm_spent_output_count_daily,843029,outputs,daily,OBM v0.1.0
2026-03-25,obm_spent_output_count_daily,1059769,outputs,daily,OBM v0.1.0
2026-03-26,obm_spent_output_count_daily,1182507,outputs,daily,OBM v0.1.0
2026-03-27,obm_spent_output_count_daily,1121455,outputs,daily,OBM v0.1.0
2026-03-28,obm_spent_output_count_daily,1223601,outputs,daily,OBM v0.1.0
2026-03-29,obm_spent_output_count_daily,1033582,outputs,daily,OBM v0.1.0
2026-03-30,obm_spent_output_count_daily,999209,outputs,daily,OBM v0.1.0
2026-03-31,obm_spent_output_count_daily,1006484,outputs,daily,OBM v0.1.0
2026-04-01,obm_spent_output_count_daily,1215194,outputs,daily,OBM v0.1.0
2026-04-02,obm_spent_output_count_daily,982635,outputs,daily,OBM v0.1.0
2026-04-03,obm_spent_output_count_daily,968500,outputs,daily,OBM v0.1.0
2026-04-04,obm_spent_output_count_daily,848787,outputs,daily,OBM v0.1.0
2026-04-05,obm_spent_output_count_daily,1137067,outputs,daily,OBM v0.1.0
2026-04-06,obm_spent_output_count_daily,904749,outputs,daily,OBM v0.1.0
2026-04-07,obm_spent_output_count_daily,969329,outputs,daily,OBM v0.1.0
2026-04-08,obm_spent_output_count_daily,997170,outputs,daily,OBM v0.1.0
2026-04-09,obm_spent_output_count_daily,1000455,outputs,daily,OBM v0.1.0
2026-04-10,obm_spent_output_count_daily,919602,outputs,daily,OBM v0.1.0
2026-04-11,obm_spent_output_count_daily,843417,outputs,daily,OBM v0.1.0
2026-04-12,obm_spent_output_count_daily,1059467,outputs,daily,OBM v0.1.0
2026-04-13,obm_spent_output_count_daily,1060738,outputs,daily,OBM v0.1.0
2026-04-14,obm_spent_output_count_daily,1075963,outputs,daily,OBM v0.1.0
2026-04-15,obm_spent_output_count_daily,907423,outputs,daily,OBM v0.1.0
2026-04-16,obm_spent_output_count_daily,1086453,outputs,daily,OBM v0.1.0
2026-04-17,obm_spent_output_count_daily,1014544,outputs,daily,OBM v0.1.0
2026-04-18,obm_spent_output_count_daily,1072445,outputs,daily,OBM v0.1.0
2026-04-19,obm_spent_output_count_daily,1100070,outputs,daily,OBM v0.1.0
2026-04-20,obm_spent_output_count_daily,979906,outputs,daily,OBM v0.1.0
2026-04-21,obm_spent_output_count_daily,964185,outputs,daily,OBM v0.1.0
2026-04-22,obm_spent_output_count_daily,1001713,outputs,daily,OBM v0.1.0
2026-04-23,obm_spent_output_count_daily,902724,outputs,daily,OBM v0.1.0
2026-04-24,obm_spent_output_count_daily,1130397,outputs,daily,OBM v0.1.0
2026-04-25,obm_spent_output_count_daily,1006723,outputs,daily,OBM v0.1.0
2026-04-26,obm_spent_output_count_daily,1066867,outputs,daily,OBM v0.1.0
2026-04-27,obm_spent_output_count_daily,1001799,outputs,daily,OBM v0.1.0
2026-04-28,obm_spent_output_count_daily,989202,outputs,daily,OBM v0.1.0
2026-04-29,obm_spent_output_count_daily,806696,outputs,daily,OBM v0.1.0
2026-04-30,obm_spent_output_count_daily,880647,outputs,daily,OBM v0.1.0
2026-05-01,obm_spent_output_count_daily,1122349,outputs,daily,OBM v0.1.0
2026-05-02,obm_spent_output_count_daily,984744,outputs,daily,OBM v0.1.0
2026-05-03,obm_spent_output_count_daily,1040568,outputs,daily,OBM v0.1.0
2026-05-04,obm_spent_output_count_daily,1102635,outputs,daily,OBM v0.1.0
2026-05-05,obm_spent_output_count_daily,1158007,outputs,daily,OBM v0.1.0
2026-05-06,obm_spent_output_count_daily,1089342,outputs,daily,OBM v0.1.0
2026-05-07,obm_spent_output_count_daily,1132799,outputs,daily,OBM v0.1.0
2026-05-08,obm_spent_output_count_daily,1091004,outputs,daily,OBM v0.1.0
2026-05-09,obm_spent_output_count_daily,1209567,outputs,daily,OBM v0.1.0
2026-05-10,obm_spent_output_count_daily,1096938,outputs,daily,OBM v0.1.0
2026-05-11,obm_spent_output_count_daily,1197292,outputs,daily,OBM v0.1.0
2026-05-12,obm_spent_output_count_daily,1009842,outputs,daily,OBM v0.1.0
2026-05-13,obm_spent_output_count_daily,1049900,outputs,daily,OBM v0.1.0
2026-05-14,obm_spent_output_count_daily,1096063,outputs,daily,OBM v0.1.0
2026-05-15,obm_spent_output_count_daily,1081369,outputs,daily,OBM v0.1.0
2026-05-16,obm_spent_output_count_daily,1147355,outputs,daily,OBM v0.1.0
2026-05-17,obm_spent_output_count_daily,1034031,outputs,daily,OBM v0.1.0
2026-05-18,obm_spent_output_count_daily,1028363,outputs,daily,OBM v0.1.0
2026-05-19,obm_spent_output_count_daily,1049887,outputs,daily,OBM v0.1.0
2026-05-20,obm_spent_output_count_daily,1109297,outputs,daily,OBM v0.1.0
2026-05-21,obm_spent_output_count_daily,975223,outputs,daily,OBM v0.1.0
2026-05-22,obm_spent_output_count_daily,1142234,outputs,daily,OBM v0.1.0
2026-05-23,obm_spent_output_count_daily,1122203,outputs,daily,OBM v0.1.0
2026-05-24,obm_spent_output_count_daily,962522,outputs,daily,OBM v0.1.0
2026-05-25,obm_spent_output_count_daily,1201773,outputs,daily,OBM v0.1.0
2026-05-26,obm_spent_output_count_daily,1068270,outputs,daily,OBM v0.1.0
2026-05-27,obm_spent_output_count_daily,1055532,outputs,daily,OBM v0.1.0
2026-05-28,obm_spent_output_count_daily,1217476,outputs,daily,OBM v0.1.0
2026-05-29,obm_spent_output_count_daily,1087625,outputs,daily,OBM v0.1.0
2026-05-30,obm_spent_output_count_daily,1048784,outputs,daily,OBM v0.1.0
2026-05-31,obm_spent_output_count_daily,1085510,outputs,daily,OBM v0.1.0
2026-06-01,obm_spent_output_count_daily,1041916,outputs,daily,OBM v0.1.0
2026-06-02,obm_spent_output_count_daily,852361,outputs,daily,OBM v0.1.0
2026-06-03,obm_spent_output_count_daily,864024,outputs,daily,OBM v0.1.0
2026-06-04,obm_spent_output_count_daily,1091339,outputs,daily,OBM v0.1.0
2026-06-05,obm_spent_output_count_daily,1048662,outputs,daily,OBM v0.1.0
2026-06-06,obm_spent_output_count_daily,967371,outputs,daily,OBM v0.1.0
2026-06-07,obm_spent_output_count_daily,891340,outputs,daily,OBM v0.1.0
2026-06-08,obm_spent_output_count_daily,983795,outputs,daily,OBM v0.1.0
2026-06-09,obm_spent_output_count_daily,955331,outputs,daily,OBM v0.1.0
2026-06-10,obm_spent_output_count_daily,968835,outputs,daily,OBM v0.1.0
2026-06-11,obm_spent_output_count_daily,1033238,outputs,daily,OBM v0.1.0
2026-06-12,obm_spent_output_count_daily,1148188,outputs,daily,OBM v0.1.0
2026-06-13,obm_spent_output_count_daily,952696,outputs,daily,OBM v0.1.0
2026-06-14,obm_spent_output_count_daily,1093086,outputs,daily,OBM v0.1.0
2026-06-15,obm_spent_output_count_daily,1170853,outputs,daily,OBM v0.1.0
2026-06-16,obm_spent_output_count_daily,1235456,outputs,daily,OBM v0.1.0
2026-06-17,obm_spent_output_count_daily,1040049,outputs,daily,OBM v0.1.0
2026-06-18,obm_spent_output_count_daily,1256421,outputs,daily,OBM v0.1.0
2026-06-19,obm_spent_output_count_daily,1142522,outputs,daily,OBM v0.1.0
2026-06-20,obm_spent_output_count_daily,1129818,outputs,daily,OBM v0.1.0
2026-06-21,obm_spent_output_count_daily,1027915,outputs,daily,OBM v0.1.0
2026-06-22,obm_spent_output_count_daily,1169234,outputs,daily,OBM v0.1.0
