date,series_id,value,unit,frequency,release_version
2009-01-01,obm_spent_value_ge365_btc_daily,0.00000000,BTC,daily,OBM v0.1.0
2009-01-02,obm_spent_value_ge365_btc_daily,0.00000000,BTC,daily,OBM v0.1.0
2009-01-03,obm_spent_value_ge365_btc_daily,0.00000000,BTC,daily,OBM v0.1.0
2009-01-04,obm_spent_value_ge365_btc_daily,0.00000000,BTC,daily,OBM v0.1.0
2009-01-05,obm_spent_value_ge365_btc_daily,0.00000000,BTC,daily,OBM v0.1.0
2009-01-06,obm_spent_value_ge365_btc_daily,0.00000000,BTC,daily,OBM v0.1.0
2009-01-07,obm_spent_value_ge365_btc_daily,0.00000000,BTC,daily,OBM v0.1.0
2009-01-08,obm_spent_value_ge365_btc_daily,0.00000000,BTC,daily,OBM v0.1.0
2009-01-09,obm_spent_value_ge365_btc_daily,0.00000000,BTC,daily,OBM v0.1.0
2009-01-10,obm_spent_value_ge365_btc_daily,0.00000000,BTC,daily,OBM v0.1.0
2009-01-11,obm_spent_value_ge365_btc_daily,0.00000000,BTC,daily,OBM v0.1.0
2009-01-12,obm_spent_value_ge365_btc_daily,0.00000000,BTC,daily,OBM v0.1.0
2009-01-13,obm_spent_value_ge365_btc_daily,0.00000000,BTC,daily,OBM v0.1.0
2009-01-14,obm_spent_value_ge365_btc_daily,0.00000000,BTC,daily,OBM v0.1.0
2009-01-15,obm_spent_value_ge365_btc_daily,0.00000000,BTC,daily,OBM v0.1.0
2009-01-16,obm_spent_value_ge365_btc_daily,0.00000000,BTC,daily,OBM v0.1.0
2009-01-17,obm_spent_value_ge365_btc_daily,0.00000000,BTC,daily,OBM v0.1.0
2009-01-18,obm_spent_value_ge365_btc_daily,0.00000000,BTC,daily,OBM v0.1.0
2009-01-19,obm_spent_value_ge365_btc_daily,0.00000000,BTC,daily,OBM v0.1.0
2009-01-20,obm_spent_value_ge365_btc_daily,0.00000000,BTC,daily,OBM v0.1.0
2009-01-21,obm_spent_value_ge365_btc_daily,0.00000000,BTC,daily,OBM v0.1.0
2009-01-22,obm_spent_value_ge365_btc_daily,0.00000000,BTC,daily,OBM v0.1.0
2009-01-23,obm_spent_value_ge365_btc_daily,0.00000000,BTC,daily,OBM v0.1.0
2009-01-24,obm_spent_value_ge365_btc_daily,0.00000000,BTC,daily,OBM v0.1.0
2009-01-25,obm_spent_value_ge365_btc_daily,0.00000000,BTC,daily,OBM v0.1.0
2009-01-26,obm_spent_value_ge365_btc_daily,0.00000000,BTC,daily,OBM v0.1.0
2009-01-27,obm_spent_value_ge365_btc_daily,0.00000000,BTC,daily,OBM v0.1.0
2009-01-28,obm_spent_value_ge365_btc_daily,0.00000000,BTC,daily,OBM v0.1.0
2009-01-29,obm_spent_value_ge365_btc_daily,0.00000000,BTC,daily,OBM v0.1.0
2009-01-30,obm_spent_value_ge365_btc_daily,0.00000000,BTC,daily,OBM v0.1.0
2009-01-31,obm_spent_value_ge365_btc_daily,0.00000000,BTC,daily,OBM v0.1.0
2009-02-01,obm_spent_value_ge365_btc_daily,0.00000000,BTC,daily,OBM v0.1.0
2009-02-02,obm_spent_value_ge365_btc_daily,0.00000000,BTC,daily,OBM v0.1.0
2009-02-03,obm_spent_value_ge365_btc_daily,0.00000000,BTC,daily,OBM v0.1.0
2009-02-04,obm_spent_value_ge365_btc_daily,0.00000000,BTC,daily,OBM v0.1.0
2009-02-05,obm_spent_value_ge365_btc_daily,0.00000000,BTC,daily,OBM v0.1.0
2009-02-06,obm_spent_value_ge365_btc_daily,0.00000000,BTC,daily,OBM v0.1.0
2009-02-07,obm_spent_value_ge365_btc_daily,0.00000000,BTC,daily,OBM v0.1.0
2009-02-08,obm_spent_value_ge365_btc_daily,0.00000000,BTC,daily,OBM v0.1.0
2009-02-09,obm_spent_value_ge365_btc_daily,0.00000000,BTC,daily,OBM v0.1.0
2009-02-10,obm_spent_value_ge365_btc_daily,0.00000000,BTC,daily,OBM v0.1.0
2009-02-11,obm_spent_value_ge365_btc_daily,0.00000000,BTC,daily,OBM v0.1.0
2009-02-12,obm_spent_value_ge365_btc_daily,0.00000000,BTC,daily,OBM v0.1.0
2009-02-13,obm_spent_value_ge365_btc_daily,0.00000000,BTC,daily,OBM v0.1.0
2009-02-14,obm_spent_value_ge365_btc_daily,0.00000000,BTC,daily,OBM v0.1.0
2009-02-15,obm_spent_value_ge365_btc_daily,0.00000000,BTC,daily,OBM v0.1.0
2009-02-16,obm_spent_value_ge365_btc_daily,0.00000000,BTC,daily,OBM v0.1.0
2009-02-17,obm_spent_value_ge365_btc_daily,0.00000000,BTC,daily,OBM v0.1.0
2009-02-18,obm_spent_value_ge365_btc_daily,0.00000000,BTC,daily,OBM v0.1.0
2009-02-19,obm_spent_value_ge365_btc_daily,0.00000000,BTC,daily,OBM v0.1.0
2009-02-20,obm_spent_value_ge365_btc_daily,0.00000000,BTC,daily,OBM v0.1.0
2009-02-21,obm_spent_value_ge365_btc_daily,0.00000000,BTC,daily,OBM v0.1.0
2009-02-22,obm_spent_value_ge365_btc_daily,0.00000000,BTC,daily,OBM v0.1.0
2009-02-23,obm_spent_value_ge365_btc_daily,0.00000000,BTC,daily,OBM v0.1.0
2009-02-24,obm_spent_value_ge365_btc_daily,0.00000000,BTC,daily,OBM v0.1.0
2009-02-25,obm_spent_value_ge365_btc_daily,0.00000000,BTC,daily,OBM v0.1.0
2009-02-26,obm_spent_value_ge365_btc_daily,0.00000000,BTC,daily,OBM v0.1.0
2009-02-27,obm_spent_value_ge365_btc_daily,0.00000000,BTC,daily,OBM v0.1.0
2009-02-28,obm_spent_value_ge365_btc_daily,0.00000000,BTC,daily,OBM v0.1.0
2009-03-01,obm_spent_value_ge365_btc_daily,0.00000000,BTC,daily,OBM v0.1.0
2009-03-02,obm_spent_value_ge365_btc_daily,0.00000000,BTC,daily,OBM v0.1.0
2009-03-03,obm_spent_value_ge365_btc_daily,0.00000000,BTC,daily,OBM v0.1.0
2009-03-04,obm_spent_value_ge365_btc_daily,0.00000000,BTC,daily,OBM v0.1.0
2009-03-05,obm_spent_value_ge365_btc_daily,0.00000000,BTC,daily,OBM v0.1.0
2009-03-06,obm_spent_value_ge365_btc_daily,0.00000000,BTC,daily,OBM v0.1.0
2009-03-07,obm_spent_value_ge365_btc_daily,0.00000000,BTC,daily,OBM v0.1.0
2009-03-08,obm_spent_value_ge365_btc_daily,0.00000000,BTC,daily,OBM v0.1.0
2009-03-09,obm_spent_value_ge365_btc_daily,0.00000000,BTC,daily,OBM v0.1.0
2009-03-10,obm_spent_value_ge365_btc_daily,0.00000000,BTC,daily,OBM v0.1.0
2009-03-11,obm_spent_value_ge365_btc_daily,0.00000000,BTC,daily,OBM v0.1.0
2009-03-12,obm_spent_value_ge365_btc_daily,0.00000000,BTC,daily,OBM v0.1.0
2009-03-13,obm_spent_value_ge365_btc_daily,0.00000000,BTC,daily,OBM v0.1.0
2009-03-14,obm_spent_value_ge365_btc_daily,0.00000000,BTC,daily,OBM v0.1.0
2009-03-15,obm_spent_value_ge365_btc_daily,0.00000000,BTC,daily,OBM v0.1.0
2009-03-16,obm_spent_value_ge365_btc_daily,0.00000000,BTC,daily,OBM v0.1.0
2009-03-17,obm_spent_value_ge365_btc_daily,0.00000000,BTC,daily,OBM v0.1.0
2009-03-18,obm_spent_value_ge365_btc_daily,0.00000000,BTC,daily,OBM v0.1.0
2009-03-19,obm_spent_value_ge365_btc_daily,0.00000000,BTC,daily,OBM v0.1.0
2009-03-20,obm_spent_value_ge365_btc_daily,0.00000000,BTC,daily,OBM v0.1.0
2009-03-21,obm_spent_value_ge365_btc_daily,0.00000000,BTC,daily,OBM v0.1.0
2009-03-22,obm_spent_value_ge365_btc_daily,0.00000000,BTC,daily,OBM v0.1.0
2009-03-23,obm_spent_value_ge365_btc_daily,0.00000000,BTC,daily,OBM v0.1.0
2009-03-24,obm_spent_value_ge365_btc_daily,0.00000000,BTC,daily,OBM v0.1.0
2009-03-25,obm_spent_value_ge365_btc_daily,0.00000000,BTC,daily,OBM v0.1.0
2009-03-26,obm_spent_value_ge365_btc_daily,0.00000000,BTC,daily,OBM v0.1.0
2009-03-27,obm_spent_value_ge365_btc_daily,0.00000000,BTC,daily,OBM v0.1.0
2009-03-28,obm_spent_value_ge365_btc_daily,0.00000000,BTC,daily,OBM v0.1.0
2009-03-29,obm_spent_value_ge365_btc_daily,0.00000000,BTC,daily,OBM v0.1.0
2009-03-30,obm_spent_value_ge365_btc_daily,0.00000000,BTC,daily,OBM v0.1.0
2009-03-31,obm_spent_value_ge365_btc_daily,0.00000000,BTC,daily,OBM v0.1.0
2009-04-01,obm_spent_value_ge365_btc_daily,0.00000000,BTC,daily,OBM v0.1.0
2009-04-02,obm_spent_value_ge365_btc_daily,0.00000000,BTC,daily,OBM v0.1.0
2009-04-03,obm_spent_value_ge365_btc_daily,0.00000000,BTC,daily,OBM v0.1.0
2009-04-04,obm_spent_value_ge365_btc_daily,0.00000000,BTC,daily,OBM v0.1.0
2009-04-05,obm_spent_value_ge365_btc_daily,0.00000000,BTC,daily,OBM v0.1.0
2009-04-06,obm_spent_value_ge365_btc_daily,0.00000000,BTC,daily,OBM v0.1.0
2009-04-07,obm_spent_value_ge365_btc_daily,0.00000000,BTC,daily,OBM v0.1.0
2009-04-08,obm_spent_value_ge365_btc_daily,0.00000000,BTC,daily,OBM v0.1.0
2009-04-09,obm_spent_value_ge365_btc_daily,0.00000000,BTC,daily,OBM v0.1.0
2009-04-10,obm_spent_value_ge365_btc_daily,0.00000000,BTC,daily,OBM v0.1.0
2009-04-11,obm_spent_value_ge365_btc_daily,0.00000000,BTC,daily,OBM v0.1.0
2009-04-12,obm_spent_value_ge365_btc_daily,0.00000000,BTC,daily,OBM v0.1.0
2009-04-13,obm_spent_value_ge365_btc_daily,0.00000000,BTC,daily,OBM v0.1.0
2009-04-14,obm_spent_value_ge365_btc_daily,0.00000000,BTC,daily,OBM v0.1.0
2009-04-15,obm_spent_value_ge365_btc_daily,0.00000000,BTC,daily,OBM v0.1.0
2009-04-16,obm_spent_value_ge365_btc_daily,0.00000000,BTC,daily,OBM v0.1.0
2009-04-17,obm_spent_value_ge365_btc_daily,0.00000000,BTC,daily,OBM v0.1.0
2009-04-18,obm_spent_value_ge365_btc_daily,0.00000000,BTC,daily,OBM v0.1.0
2009-04-19,obm_spent_value_ge365_btc_daily,0.00000000,BTC,daily,OBM v0.1.0
2009-04-20,obm_spent_value_ge365_btc_daily,0.00000000,BTC,daily,OBM v0.1.0
2009-04-21,obm_spent_value_ge365_btc_daily,0.00000000,BTC,daily,OBM v0.1.0
2009-04-22,obm_spent_value_ge365_btc_daily,0.00000000,BTC,daily,OBM v0.1.0
2009-04-23,obm_spent_value_ge365_btc_daily,0.00000000,BTC,daily,OBM v0.1.0
2009-04-24,obm_spent_value_ge365_btc_daily,0.00000000,BTC,daily,OBM v0.1.0
2009-04-25,obm_spent_value_ge365_btc_daily,0.00000000,BTC,daily,OBM v0.1.0
2009-04-26,obm_spent_value_ge365_btc_daily,0.00000000,BTC,daily,OBM v0.1.0
2009-04-27,obm_spent_value_ge365_btc_daily,0.00000000,BTC,daily,OBM v0.1.0
2009-04-28,obm_spent_value_ge365_btc_daily,0.00000000,BTC,daily,OBM v0.1.0
2009-04-29,obm_spent_value_ge365_btc_daily,0.00000000,BTC,daily,OBM v0.1.0
2009-04-30,obm_spent_value_ge365_btc_daily,0.00000000,BTC,daily,OBM v0.1.0
2009-05-01,obm_spent_value_ge365_btc_daily,0.00000000,BTC,daily,OBM v0.1.0
2009-05-02,obm_spent_value_ge365_btc_daily,0.00000000,BTC,daily,OBM v0.1.0
2009-05-03,obm_spent_value_ge365_btc_daily,0.00000000,BTC,daily,OBM v0.1.0
2009-05-04,obm_spent_value_ge365_btc_daily,0.00000000,BTC,daily,OBM v0.1.0
2009-05-05,obm_spent_value_ge365_btc_daily,0.00000000,BTC,daily,OBM v0.1.0
2009-05-06,obm_spent_value_ge365_btc_daily,0.00000000,BTC,daily,OBM v0.1.0
2009-05-07,obm_spent_value_ge365_btc_daily,0.00000000,BTC,daily,OBM v0.1.0
2009-05-08,obm_spent_value_ge365_btc_daily,0.00000000,BTC,daily,OBM v0.1.0
2009-05-09,obm_spent_value_ge365_btc_daily,0.00000000,BTC,daily,OBM v0.1.0
2009-05-10,obm_spent_value_ge365_btc_daily,0.00000000,BTC,daily,OBM v0.1.0
2009-05-11,obm_spent_value_ge365_btc_daily,0.00000000,BTC,daily,OBM v0.1.0
2009-05-12,obm_spent_value_ge365_btc_daily,0.00000000,BTC,daily,OBM v0.1.0
2009-05-13,obm_spent_value_ge365_btc_daily,0.00000000,BTC,daily,OBM v0.1.0
2009-05-14,obm_spent_value_ge365_btc_daily,0.00000000,BTC,daily,OBM v0.1.0
2009-05-15,obm_spent_value_ge365_btc_daily,0.00000000,BTC,daily,OBM v0.1.0
2009-05-16,obm_spent_value_ge365_btc_daily,0.00000000,BTC,daily,OBM v0.1.0
2009-05-17,obm_spent_value_ge365_btc_daily,0.00000000,BTC,daily,OBM v0.1.0
2009-05-18,obm_spent_value_ge365_btc_daily,0.00000000,BTC,daily,OBM v0.1.0
2009-05-19,obm_spent_value_ge365_btc_daily,0.00000000,BTC,daily,OBM v0.1.0
2009-05-20,obm_spent_value_ge365_btc_daily,0.00000000,BTC,daily,OBM v0.1.0
2009-05-21,obm_spent_value_ge365_btc_daily,0.00000000,BTC,daily,OBM v0.1.0
2009-05-22,obm_spent_value_ge365_btc_daily,0.00000000,BTC,daily,OBM v0.1.0
2009-05-23,obm_spent_value_ge365_btc_daily,0.00000000,BTC,daily,OBM v0.1.0
2009-05-24,obm_spent_value_ge365_btc_daily,0.00000000,BTC,daily,OBM v0.1.0
2009-05-25,obm_spent_value_ge365_btc_daily,0.00000000,BTC,daily,OBM v0.1.0
2009-05-26,obm_spent_value_ge365_btc_daily,0.00000000,BTC,daily,OBM v0.1.0
2009-05-27,obm_spent_value_ge365_btc_daily,0.00000000,BTC,daily,OBM v0.1.0
2009-05-28,obm_spent_value_ge365_btc_daily,0.00000000,BTC,daily,OBM v0.1.0
2009-05-29,obm_spent_value_ge365_btc_daily,0.00000000,BTC,daily,OBM v0.1.0
2009-05-30,obm_spent_value_ge365_btc_daily,0.00000000,BTC,daily,OBM v0.1.0
2009-05-31,obm_spent_value_ge365_btc_daily,0.00000000,BTC,daily,OBM v0.1.0
2009-06-01,obm_spent_value_ge365_btc_daily,0.00000000,BTC,daily,OBM v0.1.0
2009-06-02,obm_spent_value_ge365_btc_daily,0.00000000,BTC,daily,OBM v0.1.0
2009-06-03,obm_spent_value_ge365_btc_daily,0.00000000,BTC,daily,OBM v0.1.0
2009-06-04,obm_spent_value_ge365_btc_daily,0.00000000,BTC,daily,OBM v0.1.0
2009-06-05,obm_spent_value_ge365_btc_daily,0.00000000,BTC,daily,OBM v0.1.0
2009-06-06,obm_spent_value_ge365_btc_daily,0.00000000,BTC,daily,OBM v0.1.0
2009-06-07,obm_spent_value_ge365_btc_daily,0.00000000,BTC,daily,OBM v0.1.0
2009-06-08,obm_spent_value_ge365_btc_daily,0.00000000,BTC,daily,OBM v0.1.0
2009-06-09,obm_spent_value_ge365_btc_daily,0.00000000,BTC,daily,OBM v0.1.0
2009-06-10,obm_spent_value_ge365_btc_daily,0.00000000,BTC,daily,OBM v0.1.0
2009-06-11,obm_spent_value_ge365_btc_daily,0.00000000,BTC,daily,OBM v0.1.0
2009-06-12,obm_spent_value_ge365_btc_daily,0.00000000,BTC,daily,OBM v0.1.0
2009-06-13,obm_spent_value_ge365_btc_daily,0.00000000,BTC,daily,OBM v0.1.0
2009-06-14,obm_spent_value_ge365_btc_daily,0.00000000,BTC,daily,OBM v0.1.0
2009-06-15,obm_spent_value_ge365_btc_daily,0.00000000,BTC,daily,OBM v0.1.0
2009-06-16,obm_spent_value_ge365_btc_daily,0.00000000,BTC,daily,OBM v0.1.0
2009-06-17,obm_spent_value_ge365_btc_daily,0.00000000,BTC,daily,OBM v0.1.0
2009-06-18,obm_spent_value_ge365_btc_daily,0.00000000,BTC,daily,OBM v0.1.0
2009-06-19,obm_spent_value_ge365_btc_daily,0.00000000,BTC,daily,OBM v0.1.0
2009-06-20,obm_spent_value_ge365_btc_daily,0.00000000,BTC,daily,OBM v0.1.0
2009-06-21,obm_spent_value_ge365_btc_daily,0.00000000,BTC,daily,OBM v0.1.0
2009-06-22,obm_spent_value_ge365_btc_daily,0.00000000,BTC,daily,OBM v0.1.0
2009-06-23,obm_spent_value_ge365_btc_daily,0.00000000,BTC,daily,OBM v0.1.0
2009-06-24,obm_spent_value_ge365_btc_daily,0.00000000,BTC,daily,OBM v0.1.0
2009-06-25,obm_spent_value_ge365_btc_daily,0.00000000,BTC,daily,OBM v0.1.0
2009-06-26,obm_spent_value_ge365_btc_daily,0.00000000,BTC,daily,OBM v0.1.0
2009-06-27,obm_spent_value_ge365_btc_daily,0.00000000,BTC,daily,OBM v0.1.0
2009-06-28,obm_spent_value_ge365_btc_daily,0.00000000,BTC,daily,OBM v0.1.0
2009-06-29,obm_spent_value_ge365_btc_daily,0.00000000,BTC,daily,OBM v0.1.0
2009-06-30,obm_spent_value_ge365_btc_daily,0.00000000,BTC,daily,OBM v0.1.0
2009-07-01,obm_spent_value_ge365_btc_daily,0.00000000,BTC,daily,OBM v0.1.0
2009-07-02,obm_spent_value_ge365_btc_daily,0.00000000,BTC,daily,OBM v0.1.0
2009-07-03,obm_spent_value_ge365_btc_daily,0.00000000,BTC,daily,OBM v0.1.0
2009-07-04,obm_spent_value_ge365_btc_daily,0.00000000,BTC,daily,OBM v0.1.0
2009-07-05,obm_spent_value_ge365_btc_daily,0.00000000,BTC,daily,OBM v0.1.0
2009-07-06,obm_spent_value_ge365_btc_daily,0.00000000,BTC,daily,OBM v0.1.0
2009-07-07,obm_spent_value_ge365_btc_daily,0.00000000,BTC,daily,OBM v0.1.0
2009-07-08,obm_spent_value_ge365_btc_daily,0.00000000,BTC,daily,OBM v0.1.0
2009-07-09,obm_spent_value_ge365_btc_daily,0.00000000,BTC,daily,OBM v0.1.0
2009-07-10,obm_spent_value_ge365_btc_daily,0.00000000,BTC,daily,OBM v0.1.0
2009-07-11,obm_spent_value_ge365_btc_daily,0.00000000,BTC,daily,OBM v0.1.0
2009-07-12,obm_spent_value_ge365_btc_daily,0.00000000,BTC,daily,OBM v0.1.0
2009-07-13,obm_spent_value_ge365_btc_daily,0.00000000,BTC,daily,OBM v0.1.0
2009-07-14,obm_spent_value_ge365_btc_daily,0.00000000,BTC,daily,OBM v0.1.0
2009-07-15,obm_spent_value_ge365_btc_daily,0.00000000,BTC,daily,OBM v0.1.0
2009-07-16,obm_spent_value_ge365_btc_daily,0.00000000,BTC,daily,OBM v0.1.0
2009-07-17,obm_spent_value_ge365_btc_daily,0.00000000,BTC,daily,OBM v0.1.0
2009-07-18,obm_spent_value_ge365_btc_daily,0.00000000,BTC,daily,OBM v0.1.0
2009-07-19,obm_spent_value_ge365_btc_daily,0.00000000,BTC,daily,OBM v0.1.0
2009-07-20,obm_spent_value_ge365_btc_daily,0.00000000,BTC,daily,OBM v0.1.0
2009-07-21,obm_spent_value_ge365_btc_daily,0.00000000,BTC,daily,OBM v0.1.0
2009-07-22,obm_spent_value_ge365_btc_daily,0.00000000,BTC,daily,OBM v0.1.0
2009-07-23,obm_spent_value_ge365_btc_daily,0.00000000,BTC,daily,OBM v0.1.0
2009-07-24,obm_spent_value_ge365_btc_daily,0.00000000,BTC,daily,OBM v0.1.0
2009-07-25,obm_spent_value_ge365_btc_daily,0.00000000,BTC,daily,OBM v0.1.0
2009-07-26,obm_spent_value_ge365_btc_daily,0.00000000,BTC,daily,OBM v0.1.0
2009-07-27,obm_spent_value_ge365_btc_daily,0.00000000,BTC,daily,OBM v0.1.0
2009-07-28,obm_spent_value_ge365_btc_daily,0.00000000,BTC,daily,OBM v0.1.0
2009-07-29,obm_spent_value_ge365_btc_daily,0.00000000,BTC,daily,OBM v0.1.0
2009-07-30,obm_spent_value_ge365_btc_daily,0.00000000,BTC,daily,OBM v0.1.0
2009-07-31,obm_spent_value_ge365_btc_daily,0.00000000,BTC,daily,OBM v0.1.0
2009-08-01,obm_spent_value_ge365_btc_daily,0.00000000,BTC,daily,OBM v0.1.0
2009-08-02,obm_spent_value_ge365_btc_daily,0.00000000,BTC,daily,OBM v0.1.0
2009-08-03,obm_spent_value_ge365_btc_daily,0.00000000,BTC,daily,OBM v0.1.0
2009-08-04,obm_spent_value_ge365_btc_daily,0.00000000,BTC,daily,OBM v0.1.0
2009-08-05,obm_spent_value_ge365_btc_daily,0.00000000,BTC,daily,OBM v0.1.0
2009-08-06,obm_spent_value_ge365_btc_daily,0.00000000,BTC,daily,OBM v0.1.0
2009-08-07,obm_spent_value_ge365_btc_daily,0.00000000,BTC,daily,OBM v0.1.0
2009-08-08,obm_spent_value_ge365_btc_daily,0.00000000,BTC,daily,OBM v0.1.0
2009-08-09,obm_spent_value_ge365_btc_daily,0.00000000,BTC,daily,OBM v0.1.0
2009-08-10,obm_spent_value_ge365_btc_daily,0.00000000,BTC,daily,OBM v0.1.0
2009-08-11,obm_spent_value_ge365_btc_daily,0.00000000,BTC,daily,OBM v0.1.0
2009-08-12,obm_spent_value_ge365_btc_daily,0.00000000,BTC,daily,OBM v0.1.0
2009-08-13,obm_spent_value_ge365_btc_daily,0.00000000,BTC,daily,OBM v0.1.0
2009-08-14,obm_spent_value_ge365_btc_daily,0.00000000,BTC,daily,OBM v0.1.0
2009-08-15,obm_spent_value_ge365_btc_daily,0.00000000,BTC,daily,OBM v0.1.0
2009-08-16,obm_spent_value_ge365_btc_daily,0.00000000,BTC,daily,OBM v0.1.0
2009-08-17,obm_spent_value_ge365_btc_daily,0.00000000,BTC,daily,OBM v0.1.0
2009-08-18,obm_spent_value_ge365_btc_daily,0.00000000,BTC,daily,OBM v0.1.0
2009-08-19,obm_spent_value_ge365_btc_daily,0.00000000,BTC,daily,OBM v0.1.0
2009-08-20,obm_spent_value_ge365_btc_daily,0.00000000,BTC,daily,OBM v0.1.0
2009-08-21,obm_spent_value_ge365_btc_daily,0.00000000,BTC,daily,OBM v0.1.0
2009-08-22,obm_spent_value_ge365_btc_daily,0.00000000,BTC,daily,OBM v0.1.0
2009-08-23,obm_spent_value_ge365_btc_daily,0.00000000,BTC,daily,OBM v0.1.0
2009-08-24,obm_spent_value_ge365_btc_daily,0.00000000,BTC,daily,OBM v0.1.0
2009-08-25,obm_spent_value_ge365_btc_daily,0.00000000,BTC,daily,OBM v0.1.0
2009-08-26,obm_spent_value_ge365_btc_daily,0.00000000,BTC,daily,OBM v0.1.0
2009-08-27,obm_spent_value_ge365_btc_daily,0.00000000,BTC,daily,OBM v0.1.0
2009-08-28,obm_spent_value_ge365_btc_daily,0.00000000,BTC,daily,OBM v0.1.0
2009-08-29,obm_spent_value_ge365_btc_daily,0.00000000,BTC,daily,OBM v0.1.0
2009-08-30,obm_spent_value_ge365_btc_daily,0.00000000,BTC,daily,OBM v0.1.0
2009-08-31,obm_spent_value_ge365_btc_daily,0.00000000,BTC,daily,OBM v0.1.0
2009-09-01,obm_spent_value_ge365_btc_daily,0.00000000,BTC,daily,OBM v0.1.0
2009-09-02,obm_spent_value_ge365_btc_daily,0.00000000,BTC,daily,OBM v0.1.0
2009-09-03,obm_spent_value_ge365_btc_daily,0.00000000,BTC,daily,OBM v0.1.0
2009-09-04,obm_spent_value_ge365_btc_daily,0.00000000,BTC,daily,OBM v0.1.0
2009-09-05,obm_spent_value_ge365_btc_daily,0.00000000,BTC,daily,OBM v0.1.0
2009-09-06,obm_spent_value_ge365_btc_daily,0.00000000,BTC,daily,OBM v0.1.0
2009-09-07,obm_spent_value_ge365_btc_daily,0.00000000,BTC,daily,OBM v0.1.0
2009-09-08,obm_spent_value_ge365_btc_daily,0.00000000,BTC,daily,OBM v0.1.0
2009-09-09,obm_spent_value_ge365_btc_daily,0.00000000,BTC,daily,OBM v0.1.0
2009-09-10,obm_spent_value_ge365_btc_daily,0.00000000,BTC,daily,OBM v0.1.0
2009-09-11,obm_spent_value_ge365_btc_daily,0.00000000,BTC,daily,OBM v0.1.0
2009-09-12,obm_spent_value_ge365_btc_daily,0.00000000,BTC,daily,OBM v0.1.0
2009-09-13,obm_spent_value_ge365_btc_daily,0.00000000,BTC,daily,OBM v0.1.0
2009-09-14,obm_spent_value_ge365_btc_daily,0.00000000,BTC,daily,OBM v0.1.0
2009-09-15,obm_spent_value_ge365_btc_daily,0.00000000,BTC,daily,OBM v0.1.0
2009-09-16,obm_spent_value_ge365_btc_daily,0.00000000,BTC,daily,OBM v0.1.0
2009-09-17,obm_spent_value_ge365_btc_daily,0.00000000,BTC,daily,OBM v0.1.0
2009-09-18,obm_spent_value_ge365_btc_daily,0.00000000,BTC,daily,OBM v0.1.0
2009-09-19,obm_spent_value_ge365_btc_daily,0.00000000,BTC,daily,OBM v0.1.0
2009-09-20,obm_spent_value_ge365_btc_daily,0.00000000,BTC,daily,OBM v0.1.0
2009-09-21,obm_spent_value_ge365_btc_daily,0.00000000,BTC,daily,OBM v0.1.0
2009-09-22,obm_spent_value_ge365_btc_daily,0.00000000,BTC,daily,OBM v0.1.0
2009-09-23,obm_spent_value_ge365_btc_daily,0.00000000,BTC,daily,OBM v0.1.0
2009-09-24,obm_spent_value_ge365_btc_daily,0.00000000,BTC,daily,OBM v0.1.0
2009-09-25,obm_spent_value_ge365_btc_daily,0.00000000,BTC,daily,OBM v0.1.0
2009-09-26,obm_spent_value_ge365_btc_daily,0.00000000,BTC,daily,OBM v0.1.0
2009-09-27,obm_spent_value_ge365_btc_daily,0.00000000,BTC,daily,OBM v0.1.0
2009-09-28,obm_spent_value_ge365_btc_daily,0.00000000,BTC,daily,OBM v0.1.0
2009-09-29,obm_spent_value_ge365_btc_daily,0.00000000,BTC,daily,OBM v0.1.0
2009-09-30,obm_spent_value_ge365_btc_daily,0.00000000,BTC,daily,OBM v0.1.0
2009-10-01,obm_spent_value_ge365_btc_daily,0.00000000,BTC,daily,OBM v0.1.0
2009-10-02,obm_spent_value_ge365_btc_daily,0.00000000,BTC,daily,OBM v0.1.0
2009-10-03,obm_spent_value_ge365_btc_daily,0.00000000,BTC,daily,OBM v0.1.0
2009-10-04,obm_spent_value_ge365_btc_daily,0.00000000,BTC,daily,OBM v0.1.0
2009-10-05,obm_spent_value_ge365_btc_daily,0.00000000,BTC,daily,OBM v0.1.0
2009-10-06,obm_spent_value_ge365_btc_daily,0.00000000,BTC,daily,OBM v0.1.0
2009-10-07,obm_spent_value_ge365_btc_daily,0.00000000,BTC,daily,OBM v0.1.0
2009-10-08,obm_spent_value_ge365_btc_daily,0.00000000,BTC,daily,OBM v0.1.0
2009-10-09,obm_spent_value_ge365_btc_daily,0.00000000,BTC,daily,OBM v0.1.0
2009-10-10,obm_spent_value_ge365_btc_daily,0.00000000,BTC,daily,OBM v0.1.0
2009-10-11,obm_spent_value_ge365_btc_daily,0.00000000,BTC,daily,OBM v0.1.0
2009-10-12,obm_spent_value_ge365_btc_daily,0.00000000,BTC,daily,OBM v0.1.0
2009-10-13,obm_spent_value_ge365_btc_daily,0.00000000,BTC,daily,OBM v0.1.0
2009-10-14,obm_spent_value_ge365_btc_daily,0.00000000,BTC,daily,OBM v0.1.0
2009-10-15,obm_spent_value_ge365_btc_daily,0.00000000,BTC,daily,OBM v0.1.0
2009-10-16,obm_spent_value_ge365_btc_daily,0.00000000,BTC,daily,OBM v0.1.0
2009-10-17,obm_spent_value_ge365_btc_daily,0.00000000,BTC,daily,OBM v0.1.0
2009-10-18,obm_spent_value_ge365_btc_daily,0.00000000,BTC,daily,OBM v0.1.0
2009-10-19,obm_spent_value_ge365_btc_daily,0.00000000,BTC,daily,OBM v0.1.0
2009-10-20,obm_spent_value_ge365_btc_daily,0.00000000,BTC,daily,OBM v0.1.0
2009-10-21,obm_spent_value_ge365_btc_daily,0.00000000,BTC,daily,OBM v0.1.0
2009-10-22,obm_spent_value_ge365_btc_daily,0.00000000,BTC,daily,OBM v0.1.0
2009-10-23,obm_spent_value_ge365_btc_daily,0.00000000,BTC,daily,OBM v0.1.0
2009-10-24,obm_spent_value_ge365_btc_daily,0.00000000,BTC,daily,OBM v0.1.0
2009-10-25,obm_spent_value_ge365_btc_daily,0.00000000,BTC,daily,OBM v0.1.0
2009-10-26,obm_spent_value_ge365_btc_daily,0.00000000,BTC,daily,OBM v0.1.0
2009-10-27,obm_spent_value_ge365_btc_daily,0.00000000,BTC,daily,OBM v0.1.0
2009-10-28,obm_spent_value_ge365_btc_daily,0.00000000,BTC,daily,OBM v0.1.0
2009-10-29,obm_spent_value_ge365_btc_daily,0.00000000,BTC,daily,OBM v0.1.0
2009-10-30,obm_spent_value_ge365_btc_daily,0.00000000,BTC,daily,OBM v0.1.0
2009-10-31,obm_spent_value_ge365_btc_daily,0.00000000,BTC,daily,OBM v0.1.0
2009-11-01,obm_spent_value_ge365_btc_daily,0.00000000,BTC,daily,OBM v0.1.0
2009-11-02,obm_spent_value_ge365_btc_daily,0.00000000,BTC,daily,OBM v0.1.0
2009-11-03,obm_spent_value_ge365_btc_daily,0.00000000,BTC,daily,OBM v0.1.0
2009-11-04,obm_spent_value_ge365_btc_daily,0.00000000,BTC,daily,OBM v0.1.0
2009-11-05,obm_spent_value_ge365_btc_daily,0.00000000,BTC,daily,OBM v0.1.0
2009-11-06,obm_spent_value_ge365_btc_daily,0.00000000,BTC,daily,OBM v0.1.0
2009-11-07,obm_spent_value_ge365_btc_daily,0.00000000,BTC,daily,OBM v0.1.0
2009-11-08,obm_spent_value_ge365_btc_daily,0.00000000,BTC,daily,OBM v0.1.0
2009-11-09,obm_spent_value_ge365_btc_daily,0.00000000,BTC,daily,OBM v0.1.0
2009-11-10,obm_spent_value_ge365_btc_daily,0.00000000,BTC,daily,OBM v0.1.0
2009-11-11,obm_spent_value_ge365_btc_daily,0.00000000,BTC,daily,OBM v0.1.0
2009-11-12,obm_spent_value_ge365_btc_daily,0.00000000,BTC,daily,OBM v0.1.0
2009-11-13,obm_spent_value_ge365_btc_daily,0.00000000,BTC,daily,OBM v0.1.0
2009-11-14,obm_spent_value_ge365_btc_daily,0.00000000,BTC,daily,OBM v0.1.0
2009-11-15,obm_spent_value_ge365_btc_daily,0.00000000,BTC,daily,OBM v0.1.0
2009-11-16,obm_spent_value_ge365_btc_daily,0.00000000,BTC,daily,OBM v0.1.0
2009-11-17,obm_spent_value_ge365_btc_daily,0.00000000,BTC,daily,OBM v0.1.0
2009-11-18,obm_spent_value_ge365_btc_daily,0.00000000,BTC,daily,OBM v0.1.0
2009-11-19,obm_spent_value_ge365_btc_daily,0.00000000,BTC,daily,OBM v0.1.0
2009-11-20,obm_spent_value_ge365_btc_daily,0.00000000,BTC,daily,OBM v0.1.0
2009-11-21,obm_spent_value_ge365_btc_daily,0.00000000,BTC,daily,OBM v0.1.0
2009-11-22,obm_spent_value_ge365_btc_daily,0.00000000,BTC,daily,OBM v0.1.0
2009-11-23,obm_spent_value_ge365_btc_daily,0.00000000,BTC,daily,OBM v0.1.0
2009-11-24,obm_spent_value_ge365_btc_daily,0.00000000,BTC,daily,OBM v0.1.0
2009-11-25,obm_spent_value_ge365_btc_daily,0.00000000,BTC,daily,OBM v0.1.0
2009-11-26,obm_spent_value_ge365_btc_daily,0.00000000,BTC,daily,OBM v0.1.0
2009-11-27,obm_spent_value_ge365_btc_daily,0.00000000,BTC,daily,OBM v0.1.0
2009-11-28,obm_spent_value_ge365_btc_daily,0.00000000,BTC,daily,OBM v0.1.0
2009-11-29,obm_spent_value_ge365_btc_daily,0.00000000,BTC,daily,OBM v0.1.0
2009-11-30,obm_spent_value_ge365_btc_daily,0.00000000,BTC,daily,OBM v0.1.0
2009-12-01,obm_spent_value_ge365_btc_daily,0.00000000,BTC,daily,OBM v0.1.0
2009-12-02,obm_spent_value_ge365_btc_daily,0.00000000,BTC,daily,OBM v0.1.0
2009-12-03,obm_spent_value_ge365_btc_daily,0.00000000,BTC,daily,OBM v0.1.0
2009-12-04,obm_spent_value_ge365_btc_daily,0.00000000,BTC,daily,OBM v0.1.0
2009-12-05,obm_spent_value_ge365_btc_daily,0.00000000,BTC,daily,OBM v0.1.0
2009-12-06,obm_spent_value_ge365_btc_daily,0.00000000,BTC,daily,OBM v0.1.0
2009-12-07,obm_spent_value_ge365_btc_daily,0.00000000,BTC,daily,OBM v0.1.0
2009-12-08,obm_spent_value_ge365_btc_daily,0.00000000,BTC,daily,OBM v0.1.0
2009-12-09,obm_spent_value_ge365_btc_daily,0.00000000,BTC,daily,OBM v0.1.0
2009-12-10,obm_spent_value_ge365_btc_daily,0.00000000,BTC,daily,OBM v0.1.0
2009-12-11,obm_spent_value_ge365_btc_daily,0.00000000,BTC,daily,OBM v0.1.0
2009-12-12,obm_spent_value_ge365_btc_daily,0.00000000,BTC,daily,OBM v0.1.0
2009-12-13,obm_spent_value_ge365_btc_daily,0.00000000,BTC,daily,OBM v0.1.0
2009-12-14,obm_spent_value_ge365_btc_daily,0.00000000,BTC,daily,OBM v0.1.0
2009-12-15,obm_spent_value_ge365_btc_daily,0.00000000,BTC,daily,OBM v0.1.0
2009-12-16,obm_spent_value_ge365_btc_daily,0.00000000,BTC,daily,OBM v0.1.0
2009-12-17,obm_spent_value_ge365_btc_daily,0.00000000,BTC,daily,OBM v0.1.0
2009-12-18,obm_spent_value_ge365_btc_daily,0.00000000,BTC,daily,OBM v0.1.0
2009-12-19,obm_spent_value_ge365_btc_daily,0.00000000,BTC,daily,OBM v0.1.0
2009-12-20,obm_spent_value_ge365_btc_daily,0.00000000,BTC,daily,OBM v0.1.0
2009-12-21,obm_spent_value_ge365_btc_daily,0.00000000,BTC,daily,OBM v0.1.0
2009-12-22,obm_spent_value_ge365_btc_daily,0.00000000,BTC,daily,OBM v0.1.0
2009-12-23,obm_spent_value_ge365_btc_daily,0.00000000,BTC,daily,OBM v0.1.0
2009-12-24,obm_spent_value_ge365_btc_daily,0.00000000,BTC,daily,OBM v0.1.0
2009-12-25,obm_spent_value_ge365_btc_daily,0.00000000,BTC,daily,OBM v0.1.0
2009-12-26,obm_spent_value_ge365_btc_daily,0.00000000,BTC,daily,OBM v0.1.0
2009-12-27,obm_spent_value_ge365_btc_daily,0.00000000,BTC,daily,OBM v0.1.0
2009-12-28,obm_spent_value_ge365_btc_daily,0.00000000,BTC,daily,OBM v0.1.0
2009-12-29,obm_spent_value_ge365_btc_daily,0.00000000,BTC,daily,OBM v0.1.0
2009-12-30,obm_spent_value_ge365_btc_daily,0.00000000,BTC,daily,OBM v0.1.0
2009-12-31,obm_spent_value_ge365_btc_daily,0.00000000,BTC,daily,OBM v0.1.0
2010-01-01,obm_spent_value_ge365_btc_daily,0.00000000,BTC,daily,OBM v0.1.0
2010-01-02,obm_spent_value_ge365_btc_daily,0.00000000,BTC,daily,OBM v0.1.0
2010-01-03,obm_spent_value_ge365_btc_daily,0.00000000,BTC,daily,OBM v0.1.0
2010-01-04,obm_spent_value_ge365_btc_daily,0.00000000,BTC,daily,OBM v0.1.0
2010-01-05,obm_spent_value_ge365_btc_daily,0.00000000,BTC,daily,OBM v0.1.0
2010-01-06,obm_spent_value_ge365_btc_daily,0.00000000,BTC,daily,OBM v0.1.0
2010-01-07,obm_spent_value_ge365_btc_daily,0.00000000,BTC,daily,OBM v0.1.0
2010-01-08,obm_spent_value_ge365_btc_daily,0.00000000,BTC,daily,OBM v0.1.0
2010-01-09,obm_spent_value_ge365_btc_daily,0.00000000,BTC,daily,OBM v0.1.0
2010-01-10,obm_spent_value_ge365_btc_daily,0.00000000,BTC,daily,OBM v0.1.0
2010-01-11,obm_spent_value_ge365_btc_daily,0.00000000,BTC,daily,OBM v0.1.0
2010-01-12,obm_spent_value_ge365_btc_daily,0.00000000,BTC,daily,OBM v0.1.0
2010-01-13,obm_spent_value_ge365_btc_daily,0.00000000,BTC,daily,OBM v0.1.0
2010-01-14,obm_spent_value_ge365_btc_daily,0.00000000,BTC,daily,OBM v0.1.0
2010-01-15,obm_spent_value_ge365_btc_daily,0.00000000,BTC,daily,OBM v0.1.0
2010-01-16,obm_spent_value_ge365_btc_daily,0.00000000,BTC,daily,OBM v0.1.0
2010-01-17,obm_spent_value_ge365_btc_daily,0.00000000,BTC,daily,OBM v0.1.0
2010-01-18,obm_spent_value_ge365_btc_daily,0.00000000,BTC,daily,OBM v0.1.0
2010-01-19,obm_spent_value_ge365_btc_daily,0.00000000,BTC,daily,OBM v0.1.0
2010-01-20,obm_spent_value_ge365_btc_daily,0.00000000,BTC,daily,OBM v0.1.0
2010-01-21,obm_spent_value_ge365_btc_daily,0.00000000,BTC,daily,OBM v0.1.0
2010-01-22,obm_spent_value_ge365_btc_daily,0.00000000,BTC,daily,OBM v0.1.0
2010-01-23,obm_spent_value_ge365_btc_daily,0.00000000,BTC,daily,OBM v0.1.0
2010-01-24,obm_spent_value_ge365_btc_daily,0.00000000,BTC,daily,OBM v0.1.0
2010-01-25,obm_spent_value_ge365_btc_daily,0.00000000,BTC,daily,OBM v0.1.0
2010-01-26,obm_spent_value_ge365_btc_daily,0.00000000,BTC,daily,OBM v0.1.0
2010-01-27,obm_spent_value_ge365_btc_daily,0.00000000,BTC,daily,OBM v0.1.0
2010-01-28,obm_spent_value_ge365_btc_daily,0.00000000,BTC,daily,OBM v0.1.0
2010-01-29,obm_spent_value_ge365_btc_daily,0.00000000,BTC,daily,OBM v0.1.0
2010-01-30,obm_spent_value_ge365_btc_daily,0.00000000,BTC,daily,OBM v0.1.0
2010-01-31,obm_spent_value_ge365_btc_daily,0.00000000,BTC,daily,OBM v0.1.0
2010-02-01,obm_spent_value_ge365_btc_daily,0.00000000,BTC,daily,OBM v0.1.0
2010-02-02,obm_spent_value_ge365_btc_daily,0.00000000,BTC,daily,OBM v0.1.0
2010-02-03,obm_spent_value_ge365_btc_daily,0.00000000,BTC,daily,OBM v0.1.0
2010-02-04,obm_spent_value_ge365_btc_daily,0.00000000,BTC,daily,OBM v0.1.0
2010-02-05,obm_spent_value_ge365_btc_daily,0.00000000,BTC,daily,OBM v0.1.0
2010-02-06,obm_spent_value_ge365_btc_daily,0.00000000,BTC,daily,OBM v0.1.0
2010-02-07,obm_spent_value_ge365_btc_daily,0.00000000,BTC,daily,OBM v0.1.0
2010-02-08,obm_spent_value_ge365_btc_daily,0.00000000,BTC,daily,OBM v0.1.0
2010-02-09,obm_spent_value_ge365_btc_daily,0.00000000,BTC,daily,OBM v0.1.0
2010-02-10,obm_spent_value_ge365_btc_daily,0.00000000,BTC,daily,OBM v0.1.0
2010-02-11,obm_spent_value_ge365_btc_daily,0.00000000,BTC,daily,OBM v0.1.0
2010-02-12,obm_spent_value_ge365_btc_daily,0.00000000,BTC,daily,OBM v0.1.0
2010-02-13,obm_spent_value_ge365_btc_daily,0.00000000,BTC,daily,OBM v0.1.0
2010-02-14,obm_spent_value_ge365_btc_daily,0.00000000,BTC,daily,OBM v0.1.0
2010-02-15,obm_spent_value_ge365_btc_daily,0.00000000,BTC,daily,OBM v0.1.0
2010-02-16,obm_spent_value_ge365_btc_daily,0.00000000,BTC,daily,OBM v0.1.0
2010-02-17,obm_spent_value_ge365_btc_daily,0.00000000,BTC,daily,OBM v0.1.0
2010-02-18,obm_spent_value_ge365_btc_daily,0.00000000,BTC,daily,OBM v0.1.0
2010-02-19,obm_spent_value_ge365_btc_daily,0.00000000,BTC,daily,OBM v0.1.0
2010-02-20,obm_spent_value_ge365_btc_daily,0.00000000,BTC,daily,OBM v0.1.0
2010-02-21,obm_spent_value_ge365_btc_daily,0.00000000,BTC,daily,OBM v0.1.0
2010-02-22,obm_spent_value_ge365_btc_daily,0.00000000,BTC,daily,OBM v0.1.0
2010-02-23,obm_spent_value_ge365_btc_daily,0.00000000,BTC,daily,OBM v0.1.0
2010-02-24,obm_spent_value_ge365_btc_daily,0.00000000,BTC,daily,OBM v0.1.0
2010-02-25,obm_spent_value_ge365_btc_daily,0.00000000,BTC,daily,OBM v0.1.0
2010-02-26,obm_spent_value_ge365_btc_daily,0.00000000,BTC,daily,OBM v0.1.0
2010-02-27,obm_spent_value_ge365_btc_daily,0.00000000,BTC,daily,OBM v0.1.0
2010-02-28,obm_spent_value_ge365_btc_daily,0.00000000,BTC,daily,OBM v0.1.0
2010-03-01,obm_spent_value_ge365_btc_daily,0.00000000,BTC,daily,OBM v0.1.0
2010-03-02,obm_spent_value_ge365_btc_daily,0.00000000,BTC,daily,OBM v0.1.0
2010-03-03,obm_spent_value_ge365_btc_daily,0.00000000,BTC,daily,OBM v0.1.0
2010-03-04,obm_spent_value_ge365_btc_daily,0.00000000,BTC,daily,OBM v0.1.0
2010-03-05,obm_spent_value_ge365_btc_daily,0.00000000,BTC,daily,OBM v0.1.0
2010-03-06,obm_spent_value_ge365_btc_daily,0.00000000,BTC,daily,OBM v0.1.0
2010-03-07,obm_spent_value_ge365_btc_daily,0.00000000,BTC,daily,OBM v0.1.0
2010-03-08,obm_spent_value_ge365_btc_daily,0.00000000,BTC,daily,OBM v0.1.0
2010-03-09,obm_spent_value_ge365_btc_daily,0.00000000,BTC,daily,OBM v0.1.0
2010-03-10,obm_spent_value_ge365_btc_daily,0.00000000,BTC,daily,OBM v0.1.0
2010-03-11,obm_spent_value_ge365_btc_daily,0.00000000,BTC,daily,OBM v0.1.0
2010-03-12,obm_spent_value_ge365_btc_daily,0.00000000,BTC,daily,OBM v0.1.0
2010-03-13,obm_spent_value_ge365_btc_daily,0.00000000,BTC,daily,OBM v0.1.0
2010-03-14,obm_spent_value_ge365_btc_daily,0.00000000,BTC,daily,OBM v0.1.0
2010-03-15,obm_spent_value_ge365_btc_daily,0.00000000,BTC,daily,OBM v0.1.0
2010-03-16,obm_spent_value_ge365_btc_daily,0.00000000,BTC,daily,OBM v0.1.0
2010-03-17,obm_spent_value_ge365_btc_daily,0.00000000,BTC,daily,OBM v0.1.0
2010-03-18,obm_spent_value_ge365_btc_daily,0.00000000,BTC,daily,OBM v0.1.0
2010-03-19,obm_spent_value_ge365_btc_daily,0.00000000,BTC,daily,OBM v0.1.0
2010-03-20,obm_spent_value_ge365_btc_daily,0.00000000,BTC,daily,OBM v0.1.0
2010-03-21,obm_spent_value_ge365_btc_daily,0.00000000,BTC,daily,OBM v0.1.0
2010-03-22,obm_spent_value_ge365_btc_daily,0.00000000,BTC,daily,OBM v0.1.0
2010-03-23,obm_spent_value_ge365_btc_daily,0.00000000,BTC,daily,OBM v0.1.0
2010-03-24,obm_spent_value_ge365_btc_daily,0.00000000,BTC,daily,OBM v0.1.0
2010-03-25,obm_spent_value_ge365_btc_daily,0.00000000,BTC,daily,OBM v0.1.0
2010-03-26,obm_spent_value_ge365_btc_daily,0.00000000,BTC,daily,OBM v0.1.0
2010-03-27,obm_spent_value_ge365_btc_daily,0.00000000,BTC,daily,OBM v0.1.0
2010-03-28,obm_spent_value_ge365_btc_daily,0.00000000,BTC,daily,OBM v0.1.0
2010-03-29,obm_spent_value_ge365_btc_daily,0.00000000,BTC,daily,OBM v0.1.0
2010-03-30,obm_spent_value_ge365_btc_daily,0.00000000,BTC,daily,OBM v0.1.0
2010-03-31,obm_spent_value_ge365_btc_daily,0.00000000,BTC,daily,OBM v0.1.0
2010-04-01,obm_spent_value_ge365_btc_daily,0.00000000,BTC,daily,OBM v0.1.0
2010-04-02,obm_spent_value_ge365_btc_daily,0.00000000,BTC,daily,OBM v0.1.0
2010-04-03,obm_spent_value_ge365_btc_daily,0.00000000,BTC,daily,OBM v0.1.0
2010-04-04,obm_spent_value_ge365_btc_daily,0.00000000,BTC,daily,OBM v0.1.0
2010-04-05,obm_spent_value_ge365_btc_daily,0.00000000,BTC,daily,OBM v0.1.0
2010-04-06,obm_spent_value_ge365_btc_daily,0.00000000,BTC,daily,OBM v0.1.0
2010-04-07,obm_spent_value_ge365_btc_daily,0.00000000,BTC,daily,OBM v0.1.0
2010-04-08,obm_spent_value_ge365_btc_daily,0.00000000,BTC,daily,OBM v0.1.0
2010-04-09,obm_spent_value_ge365_btc_daily,0.00000000,BTC,daily,OBM v0.1.0
2010-04-10,obm_spent_value_ge365_btc_daily,0.00000000,BTC,daily,OBM v0.1.0
2010-04-11,obm_spent_value_ge365_btc_daily,0.00000000,BTC,daily,OBM v0.1.0
2010-04-12,obm_spent_value_ge365_btc_daily,0.00000000,BTC,daily,OBM v0.1.0
2010-04-13,obm_spent_value_ge365_btc_daily,0.00000000,BTC,daily,OBM v0.1.0
2010-04-14,obm_spent_value_ge365_btc_daily,0.00000000,BTC,daily,OBM v0.1.0
2010-04-15,obm_spent_value_ge365_btc_daily,900.00000000,BTC,daily,OBM v0.1.0
2010-04-16,obm_spent_value_ge365_btc_daily,0.00000000,BTC,daily,OBM v0.1.0
2010-04-17,obm_spent_value_ge365_btc_daily,0.00000000,BTC,daily,OBM v0.1.0
2010-04-18,obm_spent_value_ge365_btc_daily,0.00000000,BTC,daily,OBM v0.1.0
2010-04-19,obm_spent_value_ge365_btc_daily,0.00000000,BTC,daily,OBM v0.1.0
2010-04-20,obm_spent_value_ge365_btc_daily,0.00000000,BTC,daily,OBM v0.1.0
2010-04-21,obm_spent_value_ge365_btc_daily,0.00000000,BTC,daily,OBM v0.1.0
2010-04-22,obm_spent_value_ge365_btc_daily,0.00000000,BTC,daily,OBM v0.1.0
2010-04-23,obm_spent_value_ge365_btc_daily,0.00000000,BTC,daily,OBM v0.1.0
2010-04-24,obm_spent_value_ge365_btc_daily,0.00000000,BTC,daily,OBM v0.1.0
2010-04-25,obm_spent_value_ge365_btc_daily,0.00000000,BTC,daily,OBM v0.1.0
2010-04-26,obm_spent_value_ge365_btc_daily,0.00000000,BTC,daily,OBM v0.1.0
2010-04-27,obm_spent_value_ge365_btc_daily,0.00000000,BTC,daily,OBM v0.1.0
2010-04-28,obm_spent_value_ge365_btc_daily,0.00000000,BTC,daily,OBM v0.1.0
2010-04-29,obm_spent_value_ge365_btc_daily,0.00000000,BTC,daily,OBM v0.1.0
2010-04-30,obm_spent_value_ge365_btc_daily,0.00000000,BTC,daily,OBM v0.1.0
2010-05-01,obm_spent_value_ge365_btc_daily,0.00000000,BTC,daily,OBM v0.1.0
2010-05-02,obm_spent_value_ge365_btc_daily,0.00000000,BTC,daily,OBM v0.1.0
2010-05-03,obm_spent_value_ge365_btc_daily,0.00000000,BTC,daily,OBM v0.1.0
2010-05-04,obm_spent_value_ge365_btc_daily,0.00000000,BTC,daily,OBM v0.1.0
2010-05-05,obm_spent_value_ge365_btc_daily,0.00000000,BTC,daily,OBM v0.1.0
2010-05-06,obm_spent_value_ge365_btc_daily,0.00000000,BTC,daily,OBM v0.1.0
2010-05-07,obm_spent_value_ge365_btc_daily,0.00000000,BTC,daily,OBM v0.1.0
2010-05-08,obm_spent_value_ge365_btc_daily,0.00000000,BTC,daily,OBM v0.1.0
2010-05-09,obm_spent_value_ge365_btc_daily,0.00000000,BTC,daily,OBM v0.1.0
2010-05-10,obm_spent_value_ge365_btc_daily,0.00000000,BTC,daily,OBM v0.1.0
2010-05-11,obm_spent_value_ge365_btc_daily,0.00000000,BTC,daily,OBM v0.1.0
2010-05-12,obm_spent_value_ge365_btc_daily,0.00000000,BTC,daily,OBM v0.1.0
2010-05-13,obm_spent_value_ge365_btc_daily,0.00000000,BTC,daily,OBM v0.1.0
2010-05-14,obm_spent_value_ge365_btc_daily,0.00000000,BTC,daily,OBM v0.1.0
2010-05-15,obm_spent_value_ge365_btc_daily,0.00000000,BTC,daily,OBM v0.1.0
2010-05-16,obm_spent_value_ge365_btc_daily,0.00000000,BTC,daily,OBM v0.1.0
2010-05-17,obm_spent_value_ge365_btc_daily,350.00000000,BTC,daily,OBM v0.1.0
2010-05-18,obm_spent_value_ge365_btc_daily,0.00000000,BTC,daily,OBM v0.1.0
2010-05-19,obm_spent_value_ge365_btc_daily,0.00000000,BTC,daily,OBM v0.1.0
2010-05-20,obm_spent_value_ge365_btc_daily,0.00000000,BTC,daily,OBM v0.1.0
2010-05-21,obm_spent_value_ge365_btc_daily,0.00000000,BTC,daily,OBM v0.1.0
2010-05-22,obm_spent_value_ge365_btc_daily,0.00000000,BTC,daily,OBM v0.1.0
2010-05-23,obm_spent_value_ge365_btc_daily,0.00000000,BTC,daily,OBM v0.1.0
2010-05-24,obm_spent_value_ge365_btc_daily,0.00000000,BTC,daily,OBM v0.1.0
2010-05-25,obm_spent_value_ge365_btc_daily,0.00000000,BTC,daily,OBM v0.1.0
2010-05-26,obm_spent_value_ge365_btc_daily,0.00000000,BTC,daily,OBM v0.1.0
2010-05-27,obm_spent_value_ge365_btc_daily,0.00000000,BTC,daily,OBM v0.1.0
2010-05-28,obm_spent_value_ge365_btc_daily,0.00000000,BTC,daily,OBM v0.1.0
2010-05-29,obm_spent_value_ge365_btc_daily,0.00000000,BTC,daily,OBM v0.1.0
2010-05-30,obm_spent_value_ge365_btc_daily,0.00000000,BTC,daily,OBM v0.1.0
2010-05-31,obm_spent_value_ge365_btc_daily,0.00000000,BTC,daily,OBM v0.1.0
2010-06-01,obm_spent_value_ge365_btc_daily,0.00000000,BTC,daily,OBM v0.1.0
2010-06-02,obm_spent_value_ge365_btc_daily,0.00000000,BTC,daily,OBM v0.1.0
2010-06-03,obm_spent_value_ge365_btc_daily,0.00000000,BTC,daily,OBM v0.1.0
2010-06-04,obm_spent_value_ge365_btc_daily,0.00000000,BTC,daily,OBM v0.1.0
2010-06-05,obm_spent_value_ge365_btc_daily,0.00000000,BTC,daily,OBM v0.1.0
2010-06-06,obm_spent_value_ge365_btc_daily,0.00000000,BTC,daily,OBM v0.1.0
2010-06-07,obm_spent_value_ge365_btc_daily,0.00000000,BTC,daily,OBM v0.1.0
2010-06-08,obm_spent_value_ge365_btc_daily,0.00000000,BTC,daily,OBM v0.1.0
2010-06-09,obm_spent_value_ge365_btc_daily,0.00000000,BTC,daily,OBM v0.1.0
2010-06-10,obm_spent_value_ge365_btc_daily,0.00000000,BTC,daily,OBM v0.1.0
2010-06-11,obm_spent_value_ge365_btc_daily,0.00000000,BTC,daily,OBM v0.1.0
2010-06-12,obm_spent_value_ge365_btc_daily,0.00000000,BTC,daily,OBM v0.1.0
2010-06-13,obm_spent_value_ge365_btc_daily,0.00000000,BTC,daily,OBM v0.1.0
2010-06-14,obm_spent_value_ge365_btc_daily,0.00000000,BTC,daily,OBM v0.1.0
2010-06-15,obm_spent_value_ge365_btc_daily,0.00000000,BTC,daily,OBM v0.1.0
2010-06-16,obm_spent_value_ge365_btc_daily,0.00000000,BTC,daily,OBM v0.1.0
2010-06-17,obm_spent_value_ge365_btc_daily,0.00000000,BTC,daily,OBM v0.1.0
2010-06-18,obm_spent_value_ge365_btc_daily,0.00000000,BTC,daily,OBM v0.1.0
2010-06-19,obm_spent_value_ge365_btc_daily,0.00000000,BTC,daily,OBM v0.1.0
2010-06-20,obm_spent_value_ge365_btc_daily,0.00000000,BTC,daily,OBM v0.1.0
2010-06-21,obm_spent_value_ge365_btc_daily,0.00000000,BTC,daily,OBM v0.1.0
2010-06-22,obm_spent_value_ge365_btc_daily,0.00000000,BTC,daily,OBM v0.1.0
2010-06-23,obm_spent_value_ge365_btc_daily,0.00000000,BTC,daily,OBM v0.1.0
2010-06-24,obm_spent_value_ge365_btc_daily,0.00000000,BTC,daily,OBM v0.1.0
2010-06-25,obm_spent_value_ge365_btc_daily,0.00000000,BTC,daily,OBM v0.1.0
2010-06-26,obm_spent_value_ge365_btc_daily,0.00000000,BTC,daily,OBM v0.1.0
2010-06-27,obm_spent_value_ge365_btc_daily,0.00000000,BTC,daily,OBM v0.1.0
2010-06-28,obm_spent_value_ge365_btc_daily,0.00000000,BTC,daily,OBM v0.1.0
2010-06-29,obm_spent_value_ge365_btc_daily,0.00000000,BTC,daily,OBM v0.1.0
2010-06-30,obm_spent_value_ge365_btc_daily,0.00000000,BTC,daily,OBM v0.1.0
2010-07-01,obm_spent_value_ge365_btc_daily,0.00000000,BTC,daily,OBM v0.1.0
2010-07-02,obm_spent_value_ge365_btc_daily,0.00000000,BTC,daily,OBM v0.1.0
2010-07-03,obm_spent_value_ge365_btc_daily,0.00000000,BTC,daily,OBM v0.1.0
2010-07-04,obm_spent_value_ge365_btc_daily,0.00000000,BTC,daily,OBM v0.1.0
2010-07-05,obm_spent_value_ge365_btc_daily,0.00000000,BTC,daily,OBM v0.1.0
2010-07-06,obm_spent_value_ge365_btc_daily,0.00000000,BTC,daily,OBM v0.1.0
2010-07-07,obm_spent_value_ge365_btc_daily,0.00000000,BTC,daily,OBM v0.1.0
2010-07-08,obm_spent_value_ge365_btc_daily,300.00000000,BTC,daily,OBM v0.1.0
2010-07-09,obm_spent_value_ge365_btc_daily,0.00000000,BTC,daily,OBM v0.1.0
2010-07-10,obm_spent_value_ge365_btc_daily,0.00000000,BTC,daily,OBM v0.1.0
2010-07-11,obm_spent_value_ge365_btc_daily,25.00000000,BTC,daily,OBM v0.1.0
2010-07-12,obm_spent_value_ge365_btc_daily,0.00000000,BTC,daily,OBM v0.1.0
2010-07-13,obm_spent_value_ge365_btc_daily,0.00000000,BTC,daily,OBM v0.1.0
2010-07-14,obm_spent_value_ge365_btc_daily,100.00000000,BTC,daily,OBM v0.1.0
2010-07-15,obm_spent_value_ge365_btc_daily,0.00000000,BTC,daily,OBM v0.1.0
2010-07-16,obm_spent_value_ge365_btc_daily,0.00000000,BTC,daily,OBM v0.1.0
2010-07-17,obm_spent_value_ge365_btc_daily,0.00000000,BTC,daily,OBM v0.1.0
2010-07-18,obm_spent_value_ge365_btc_daily,300.00000000,BTC,daily,OBM v0.1.0
2010-07-19,obm_spent_value_ge365_btc_daily,0.00000000,BTC,daily,OBM v0.1.0
2010-07-20,obm_spent_value_ge365_btc_daily,0.00000000,BTC,daily,OBM v0.1.0
2010-07-21,obm_spent_value_ge365_btc_daily,25.00000000,BTC,daily,OBM v0.1.0
2010-07-22,obm_spent_value_ge365_btc_daily,0.00000000,BTC,daily,OBM v0.1.0
2010-07-23,obm_spent_value_ge365_btc_daily,50.00000000,BTC,daily,OBM v0.1.0
2010-07-24,obm_spent_value_ge365_btc_daily,0.00000000,BTC,daily,OBM v0.1.0
2010-07-25,obm_spent_value_ge365_btc_daily,0.00000000,BTC,daily,OBM v0.1.0
2010-07-26,obm_spent_value_ge365_btc_daily,0.00000000,BTC,daily,OBM v0.1.0
2010-07-27,obm_spent_value_ge365_btc_daily,0.00000000,BTC,daily,OBM v0.1.0
2010-07-28,obm_spent_value_ge365_btc_daily,0.00000000,BTC,daily,OBM v0.1.0
2010-07-29,obm_spent_value_ge365_btc_daily,50.00000000,BTC,daily,OBM v0.1.0
2010-07-30,obm_spent_value_ge365_btc_daily,0.00000000,BTC,daily,OBM v0.1.0
2010-07-31,obm_spent_value_ge365_btc_daily,0.00000000,BTC,daily,OBM v0.1.0
2010-08-01,obm_spent_value_ge365_btc_daily,0.00000000,BTC,daily,OBM v0.1.0
2010-08-02,obm_spent_value_ge365_btc_daily,0.00000000,BTC,daily,OBM v0.1.0
2010-08-03,obm_spent_value_ge365_btc_daily,0.00000000,BTC,daily,OBM v0.1.0
2010-08-04,obm_spent_value_ge365_btc_daily,300.00000000,BTC,daily,OBM v0.1.0
2010-08-05,obm_spent_value_ge365_btc_daily,0.00000000,BTC,daily,OBM v0.1.0
2010-08-06,obm_spent_value_ge365_btc_daily,0.00000000,BTC,daily,OBM v0.1.0
2010-08-07,obm_spent_value_ge365_btc_daily,0.00000000,BTC,daily,OBM v0.1.0
2010-08-08,obm_spent_value_ge365_btc_daily,0.00000000,BTC,daily,OBM v0.1.0
2010-08-09,obm_spent_value_ge365_btc_daily,0.00000000,BTC,daily,OBM v0.1.0
2010-08-10,obm_spent_value_ge365_btc_daily,0.00000000,BTC,daily,OBM v0.1.0
2010-08-11,obm_spent_value_ge365_btc_daily,0.00000000,BTC,daily,OBM v0.1.0
2010-08-12,obm_spent_value_ge365_btc_daily,0.00000000,BTC,daily,OBM v0.1.0
2010-08-13,obm_spent_value_ge365_btc_daily,0.00000000,BTC,daily,OBM v0.1.0
2010-08-14,obm_spent_value_ge365_btc_daily,0.00000000,BTC,daily,OBM v0.1.0
2010-08-15,obm_spent_value_ge365_btc_daily,0.00000000,BTC,daily,OBM v0.1.0
2010-08-16,obm_spent_value_ge365_btc_daily,0.00000000,BTC,daily,OBM v0.1.0
2010-08-17,obm_spent_value_ge365_btc_daily,0.00000000,BTC,daily,OBM v0.1.0
2010-08-18,obm_spent_value_ge365_btc_daily,0.00000000,BTC,daily,OBM v0.1.0
2010-08-19,obm_spent_value_ge365_btc_daily,0.00000000,BTC,daily,OBM v0.1.0
2010-08-20,obm_spent_value_ge365_btc_daily,0.00000000,BTC,daily,OBM v0.1.0
2010-08-21,obm_spent_value_ge365_btc_daily,0.00000000,BTC,daily,OBM v0.1.0
2010-08-22,obm_spent_value_ge365_btc_daily,0.00000000,BTC,daily,OBM v0.1.0
2010-08-23,obm_spent_value_ge365_btc_daily,0.00000000,BTC,daily,OBM v0.1.0
2010-08-24,obm_spent_value_ge365_btc_daily,0.00000000,BTC,daily,OBM v0.1.0
2010-08-25,obm_spent_value_ge365_btc_daily,0.00000000,BTC,daily,OBM v0.1.0
2010-08-26,obm_spent_value_ge365_btc_daily,0.00000000,BTC,daily,OBM v0.1.0
2010-08-27,obm_spent_value_ge365_btc_daily,0.00000000,BTC,daily,OBM v0.1.0
2010-08-28,obm_spent_value_ge365_btc_daily,0.00000000,BTC,daily,OBM v0.1.0
2010-08-29,obm_spent_value_ge365_btc_daily,0.00000000,BTC,daily,OBM v0.1.0
2010-08-30,obm_spent_value_ge365_btc_daily,0.00000000,BTC,daily,OBM v0.1.0
2010-08-31,obm_spent_value_ge365_btc_daily,50.00000000,BTC,daily,OBM v0.1.0
2010-09-01,obm_spent_value_ge365_btc_daily,0.00000000,BTC,daily,OBM v0.1.0
2010-09-02,obm_spent_value_ge365_btc_daily,0.00000000,BTC,daily,OBM v0.1.0
2010-09-03,obm_spent_value_ge365_btc_daily,0.00000000,BTC,daily,OBM v0.1.0
2010-09-04,obm_spent_value_ge365_btc_daily,0.00000000,BTC,daily,OBM v0.1.0
2010-09-05,obm_spent_value_ge365_btc_daily,0.00000000,BTC,daily,OBM v0.1.0
2010-09-06,obm_spent_value_ge365_btc_daily,0.00000000,BTC,daily,OBM v0.1.0
2010-09-07,obm_spent_value_ge365_btc_daily,0.00000000,BTC,daily,OBM v0.1.0
2010-09-08,obm_spent_value_ge365_btc_daily,0.00000000,BTC,daily,OBM v0.1.0
2010-09-09,obm_spent_value_ge365_btc_daily,0.00000000,BTC,daily,OBM v0.1.0
2010-09-10,obm_spent_value_ge365_btc_daily,0.00000000,BTC,daily,OBM v0.1.0
2010-09-11,obm_spent_value_ge365_btc_daily,0.00000000,BTC,daily,OBM v0.1.0
2010-09-12,obm_spent_value_ge365_btc_daily,0.00000000,BTC,daily,OBM v0.1.0
2010-09-13,obm_spent_value_ge365_btc_daily,0.00000000,BTC,daily,OBM v0.1.0
2010-09-14,obm_spent_value_ge365_btc_daily,0.00000000,BTC,daily,OBM v0.1.0
2010-09-15,obm_spent_value_ge365_btc_daily,0.00000000,BTC,daily,OBM v0.1.0
2010-09-16,obm_spent_value_ge365_btc_daily,0.00000000,BTC,daily,OBM v0.1.0
2010-09-17,obm_spent_value_ge365_btc_daily,14150.00000000,BTC,daily,OBM v0.1.0
2010-09-18,obm_spent_value_ge365_btc_daily,0.00000000,BTC,daily,OBM v0.1.0
2010-09-19,obm_spent_value_ge365_btc_daily,0.00000000,BTC,daily,OBM v0.1.0
2010-09-20,obm_spent_value_ge365_btc_daily,0.00000000,BTC,daily,OBM v0.1.0
2010-09-21,obm_spent_value_ge365_btc_daily,0.00000000,BTC,daily,OBM v0.1.0
2010-09-22,obm_spent_value_ge365_btc_daily,0.00000000,BTC,daily,OBM v0.1.0
2010-09-23,obm_spent_value_ge365_btc_daily,0.00000000,BTC,daily,OBM v0.1.0
2010-09-24,obm_spent_value_ge365_btc_daily,0.00000000,BTC,daily,OBM v0.1.0
2010-09-25,obm_spent_value_ge365_btc_daily,0.00000000,BTC,daily,OBM v0.1.0
2010-09-26,obm_spent_value_ge365_btc_daily,0.00000000,BTC,daily,OBM v0.1.0
2010-09-27,obm_spent_value_ge365_btc_daily,0.00000000,BTC,daily,OBM v0.1.0
2010-09-28,obm_spent_value_ge365_btc_daily,26665.00000000,BTC,daily,OBM v0.1.0
2010-09-29,obm_spent_value_ge365_btc_daily,0.00000000,BTC,daily,OBM v0.1.0
2010-09-30,obm_spent_value_ge365_btc_daily,0.00000000,BTC,daily,OBM v0.1.0
2010-10-01,obm_spent_value_ge365_btc_daily,0.00000000,BTC,daily,OBM v0.1.0
2010-10-02,obm_spent_value_ge365_btc_daily,0.00000000,BTC,daily,OBM v0.1.0
2010-10-03,obm_spent_value_ge365_btc_daily,0.00000000,BTC,daily,OBM v0.1.0
2010-10-04,obm_spent_value_ge365_btc_daily,0.00000000,BTC,daily,OBM v0.1.0
2010-10-05,obm_spent_value_ge365_btc_daily,0.00000000,BTC,daily,OBM v0.1.0
2010-10-06,obm_spent_value_ge365_btc_daily,0.00000000,BTC,daily,OBM v0.1.0
2010-10-07,obm_spent_value_ge365_btc_daily,0.00000000,BTC,daily,OBM v0.1.0
2010-10-08,obm_spent_value_ge365_btc_daily,0.00000000,BTC,daily,OBM v0.1.0
2010-10-09,obm_spent_value_ge365_btc_daily,0.00000000,BTC,daily,OBM v0.1.0
2010-10-10,obm_spent_value_ge365_btc_daily,0.00000000,BTC,daily,OBM v0.1.0
2010-10-11,obm_spent_value_ge365_btc_daily,50.00000000,BTC,daily,OBM v0.1.0
2010-10-12,obm_spent_value_ge365_btc_daily,0.00000000,BTC,daily,OBM v0.1.0
2010-10-13,obm_spent_value_ge365_btc_daily,0.00000000,BTC,daily,OBM v0.1.0
2010-10-14,obm_spent_value_ge365_btc_daily,0.00000000,BTC,daily,OBM v0.1.0
2010-10-15,obm_spent_value_ge365_btc_daily,0.00000000,BTC,daily,OBM v0.1.0
2010-10-16,obm_spent_value_ge365_btc_daily,0.00000000,BTC,daily,OBM v0.1.0
2010-10-17,obm_spent_value_ge365_btc_daily,0.00000000,BTC,daily,OBM v0.1.0
2010-10-18,obm_spent_value_ge365_btc_daily,0.00000000,BTC,daily,OBM v0.1.0
2010-10-19,obm_spent_value_ge365_btc_daily,0.00000000,BTC,daily,OBM v0.1.0
2010-10-20,obm_spent_value_ge365_btc_daily,0.00000000,BTC,daily,OBM v0.1.0
2010-10-21,obm_spent_value_ge365_btc_daily,0.00000000,BTC,daily,OBM v0.1.0
2010-10-22,obm_spent_value_ge365_btc_daily,0.00000000,BTC,daily,OBM v0.1.0
2010-10-23,obm_spent_value_ge365_btc_daily,0.00000000,BTC,daily,OBM v0.1.0
2010-10-24,obm_spent_value_ge365_btc_daily,0.00000000,BTC,daily,OBM v0.1.0
2010-10-25,obm_spent_value_ge365_btc_daily,0.00000000,BTC,daily,OBM v0.1.0
2010-10-26,obm_spent_value_ge365_btc_daily,0.00000000,BTC,daily,OBM v0.1.0
2010-10-27,obm_spent_value_ge365_btc_daily,0.00000000,BTC,daily,OBM v0.1.0
2010-10-28,obm_spent_value_ge365_btc_daily,0.00000000,BTC,daily,OBM v0.1.0
2010-10-29,obm_spent_value_ge365_btc_daily,0.00000000,BTC,daily,OBM v0.1.0
2010-10-30,obm_spent_value_ge365_btc_daily,0.00000000,BTC,daily,OBM v0.1.0
2010-10-31,obm_spent_value_ge365_btc_daily,0.00000000,BTC,daily,OBM v0.1.0
2010-11-01,obm_spent_value_ge365_btc_daily,0.00000000,BTC,daily,OBM v0.1.0
2010-11-02,obm_spent_value_ge365_btc_daily,0.00000000,BTC,daily,OBM v0.1.0
2010-11-03,obm_spent_value_ge365_btc_daily,0.00000000,BTC,daily,OBM v0.1.0
2010-11-04,obm_spent_value_ge365_btc_daily,0.00000000,BTC,daily,OBM v0.1.0
2010-11-05,obm_spent_value_ge365_btc_daily,0.00000000,BTC,daily,OBM v0.1.0
2010-11-06,obm_spent_value_ge365_btc_daily,0.00000000,BTC,daily,OBM v0.1.0
2010-11-07,obm_spent_value_ge365_btc_daily,0.00000000,BTC,daily,OBM v0.1.0
2010-11-08,obm_spent_value_ge365_btc_daily,0.00000000,BTC,daily,OBM v0.1.0
2010-11-09,obm_spent_value_ge365_btc_daily,0.00000000,BTC,daily,OBM v0.1.0
2010-11-10,obm_spent_value_ge365_btc_daily,0.00000000,BTC,daily,OBM v0.1.0
2010-11-11,obm_spent_value_ge365_btc_daily,0.00000000,BTC,daily,OBM v0.1.0
2010-11-12,obm_spent_value_ge365_btc_daily,0.00000000,BTC,daily,OBM v0.1.0
2010-11-13,obm_spent_value_ge365_btc_daily,0.00000000,BTC,daily,OBM v0.1.0
2010-11-14,obm_spent_value_ge365_btc_daily,0.00000000,BTC,daily,OBM v0.1.0
2010-11-15,obm_spent_value_ge365_btc_daily,0.00000000,BTC,daily,OBM v0.1.0
2010-11-16,obm_spent_value_ge365_btc_daily,10.00000000,BTC,daily,OBM v0.1.0
2010-11-17,obm_spent_value_ge365_btc_daily,0.00000000,BTC,daily,OBM v0.1.0
2010-11-18,obm_spent_value_ge365_btc_daily,0.00000000,BTC,daily,OBM v0.1.0
2010-11-19,obm_spent_value_ge365_btc_daily,100.00000000,BTC,daily,OBM v0.1.0
2010-11-20,obm_spent_value_ge365_btc_daily,0.00000000,BTC,daily,OBM v0.1.0
2010-11-21,obm_spent_value_ge365_btc_daily,0.00000000,BTC,daily,OBM v0.1.0
2010-11-22,obm_spent_value_ge365_btc_daily,0.00000000,BTC,daily,OBM v0.1.0
2010-11-23,obm_spent_value_ge365_btc_daily,0.00000000,BTC,daily,OBM v0.1.0
2010-11-24,obm_spent_value_ge365_btc_daily,100.00000000,BTC,daily,OBM v0.1.0
2010-11-25,obm_spent_value_ge365_btc_daily,0.00000000,BTC,daily,OBM v0.1.0
2010-11-26,obm_spent_value_ge365_btc_daily,100.00000000,BTC,daily,OBM v0.1.0
2010-11-27,obm_spent_value_ge365_btc_daily,200.00000000,BTC,daily,OBM v0.1.0
2010-11-28,obm_spent_value_ge365_btc_daily,0.00000000,BTC,daily,OBM v0.1.0
2010-11-29,obm_spent_value_ge365_btc_daily,0.00000000,BTC,daily,OBM v0.1.0
2010-11-30,obm_spent_value_ge365_btc_daily,0.00000000,BTC,daily,OBM v0.1.0
2010-12-01,obm_spent_value_ge365_btc_daily,0.00000000,BTC,daily,OBM v0.1.0
2010-12-02,obm_spent_value_ge365_btc_daily,0.00000000,BTC,daily,OBM v0.1.0
2010-12-03,obm_spent_value_ge365_btc_daily,0.00000000,BTC,daily,OBM v0.1.0
2010-12-04,obm_spent_value_ge365_btc_daily,0.00000000,BTC,daily,OBM v0.1.0
2010-12-05,obm_spent_value_ge365_btc_daily,0.00000000,BTC,daily,OBM v0.1.0
2010-12-06,obm_spent_value_ge365_btc_daily,0.00000000,BTC,daily,OBM v0.1.0
2010-12-07,obm_spent_value_ge365_btc_daily,150.00000000,BTC,daily,OBM v0.1.0
2010-12-08,obm_spent_value_ge365_btc_daily,0.00000000,BTC,daily,OBM v0.1.0
2010-12-09,obm_spent_value_ge365_btc_daily,0.00000000,BTC,daily,OBM v0.1.0
2010-12-10,obm_spent_value_ge365_btc_daily,0.00000000,BTC,daily,OBM v0.1.0
2010-12-11,obm_spent_value_ge365_btc_daily,0.00000000,BTC,daily,OBM v0.1.0
2010-12-12,obm_spent_value_ge365_btc_daily,0.00000000,BTC,daily,OBM v0.1.0
2010-12-13,obm_spent_value_ge365_btc_daily,0.00000000,BTC,daily,OBM v0.1.0
2010-12-14,obm_spent_value_ge365_btc_daily,0.00000000,BTC,daily,OBM v0.1.0
2010-12-15,obm_spent_value_ge365_btc_daily,0.00000000,BTC,daily,OBM v0.1.0
2010-12-16,obm_spent_value_ge365_btc_daily,0.00000000,BTC,daily,OBM v0.1.0
2010-12-17,obm_spent_value_ge365_btc_daily,0.00000000,BTC,daily,OBM v0.1.0
2010-12-18,obm_spent_value_ge365_btc_daily,0.00000000,BTC,daily,OBM v0.1.0
2010-12-19,obm_spent_value_ge365_btc_daily,0.00000000,BTC,daily,OBM v0.1.0
2010-12-20,obm_spent_value_ge365_btc_daily,3250.00000000,BTC,daily,OBM v0.1.0
2010-12-21,obm_spent_value_ge365_btc_daily,0.00000000,BTC,daily,OBM v0.1.0
2010-12-22,obm_spent_value_ge365_btc_daily,0.00000000,BTC,daily,OBM v0.1.0
2010-12-23,obm_spent_value_ge365_btc_daily,0.00000000,BTC,daily,OBM v0.1.0
2010-12-24,obm_spent_value_ge365_btc_daily,0.00000000,BTC,daily,OBM v0.1.0
2010-12-25,obm_spent_value_ge365_btc_daily,0.00000000,BTC,daily,OBM v0.1.0
2010-12-26,obm_spent_value_ge365_btc_daily,0.00000000,BTC,daily,OBM v0.1.0
2010-12-27,obm_spent_value_ge365_btc_daily,0.00000000,BTC,daily,OBM v0.1.0
2010-12-28,obm_spent_value_ge365_btc_daily,0.00000000,BTC,daily,OBM v0.1.0
2010-12-29,obm_spent_value_ge365_btc_daily,0.00000000,BTC,daily,OBM v0.1.0
2010-12-30,obm_spent_value_ge365_btc_daily,0.00000000,BTC,daily,OBM v0.1.0
2010-12-31,obm_spent_value_ge365_btc_daily,0.00000000,BTC,daily,OBM v0.1.0
2011-01-01,obm_spent_value_ge365_btc_daily,0.00000000,BTC,daily,OBM v0.1.0
2011-01-02,obm_spent_value_ge365_btc_daily,1100.00000000,BTC,daily,OBM v0.1.0
2011-01-03,obm_spent_value_ge365_btc_daily,0.00000000,BTC,daily,OBM v0.1.0
2011-01-04,obm_spent_value_ge365_btc_daily,0.00000000,BTC,daily,OBM v0.1.0
2011-01-05,obm_spent_value_ge365_btc_daily,50.00000000,BTC,daily,OBM v0.1.0
2011-01-06,obm_spent_value_ge365_btc_daily,0.00000000,BTC,daily,OBM v0.1.0
2011-01-07,obm_spent_value_ge365_btc_daily,150.00000000,BTC,daily,OBM v0.1.0
2011-01-08,obm_spent_value_ge365_btc_daily,0.00000000,BTC,daily,OBM v0.1.0
2011-01-09,obm_spent_value_ge365_btc_daily,0.00000000,BTC,daily,OBM v0.1.0
2011-01-10,obm_spent_value_ge365_btc_daily,0.00000000,BTC,daily,OBM v0.1.0
2011-01-11,obm_spent_value_ge365_btc_daily,0.00000000,BTC,daily,OBM v0.1.0
2011-01-12,obm_spent_value_ge365_btc_daily,0.00000000,BTC,daily,OBM v0.1.0
2011-01-13,obm_spent_value_ge365_btc_daily,0.00000000,BTC,daily,OBM v0.1.0
2011-01-14,obm_spent_value_ge365_btc_daily,1250.00000000,BTC,daily,OBM v0.1.0
2011-01-15,obm_spent_value_ge365_btc_daily,0.00000000,BTC,daily,OBM v0.1.0
2011-01-16,obm_spent_value_ge365_btc_daily,0.00000000,BTC,daily,OBM v0.1.0
2011-01-17,obm_spent_value_ge365_btc_daily,0.00000000,BTC,daily,OBM v0.1.0
2011-01-18,obm_spent_value_ge365_btc_daily,0.00000000,BTC,daily,OBM v0.1.0
2011-01-19,obm_spent_value_ge365_btc_daily,4000.00000000,BTC,daily,OBM v0.1.0
2011-01-20,obm_spent_value_ge365_btc_daily,0.00000000,BTC,daily,OBM v0.1.0
2011-01-21,obm_spent_value_ge365_btc_daily,0.00000000,BTC,daily,OBM v0.1.0
2011-01-22,obm_spent_value_ge365_btc_daily,0.00000000,BTC,daily,OBM v0.1.0
2011-01-23,obm_spent_value_ge365_btc_daily,0.00000000,BTC,daily,OBM v0.1.0
2011-01-24,obm_spent_value_ge365_btc_daily,0.00000000,BTC,daily,OBM v0.1.0
2011-01-25,obm_spent_value_ge365_btc_daily,0.00000000,BTC,daily,OBM v0.1.0
2011-01-26,obm_spent_value_ge365_btc_daily,0.00000000,BTC,daily,OBM v0.1.0
2011-01-27,obm_spent_value_ge365_btc_daily,0.00000000,BTC,daily,OBM v0.1.0
2011-01-28,obm_spent_value_ge365_btc_daily,0.00000000,BTC,daily,OBM v0.1.0
2011-01-29,obm_spent_value_ge365_btc_daily,0.00000000,BTC,daily,OBM v0.1.0
2011-01-30,obm_spent_value_ge365_btc_daily,0.00000000,BTC,daily,OBM v0.1.0
2011-01-31,obm_spent_value_ge365_btc_daily,0.00000000,BTC,daily,OBM v0.1.0
2011-02-01,obm_spent_value_ge365_btc_daily,0.00000000,BTC,daily,OBM v0.1.0
2011-02-02,obm_spent_value_ge365_btc_daily,0.00000000,BTC,daily,OBM v0.1.0
2011-02-03,obm_spent_value_ge365_btc_daily,50.00000000,BTC,daily,OBM v0.1.0
2011-02-04,obm_spent_value_ge365_btc_daily,100.00000000,BTC,daily,OBM v0.1.0
2011-02-05,obm_spent_value_ge365_btc_daily,0.00000000,BTC,daily,OBM v0.1.0
2011-02-06,obm_spent_value_ge365_btc_daily,0.00000000,BTC,daily,OBM v0.1.0
2011-02-07,obm_spent_value_ge365_btc_daily,500.00000000,BTC,daily,OBM v0.1.0
2011-02-08,obm_spent_value_ge365_btc_daily,0.00000000,BTC,daily,OBM v0.1.0
2011-02-09,obm_spent_value_ge365_btc_daily,200.00000000,BTC,daily,OBM v0.1.0
2011-02-10,obm_spent_value_ge365_btc_daily,0.00000000,BTC,daily,OBM v0.1.0
2011-02-11,obm_spent_value_ge365_btc_daily,0.00000000,BTC,daily,OBM v0.1.0
2011-02-12,obm_spent_value_ge365_btc_daily,100.00000000,BTC,daily,OBM v0.1.0
2011-02-13,obm_spent_value_ge365_btc_daily,0.00000000,BTC,daily,OBM v0.1.0
2011-02-14,obm_spent_value_ge365_btc_daily,5995.00000000,BTC,daily,OBM v0.1.0
2011-02-15,obm_spent_value_ge365_btc_daily,0.00000000,BTC,daily,OBM v0.1.0
2011-02-16,obm_spent_value_ge365_btc_daily,0.00000000,BTC,daily,OBM v0.1.0
2011-02-17,obm_spent_value_ge365_btc_daily,0.00000000,BTC,daily,OBM v0.1.0
2011-02-18,obm_spent_value_ge365_btc_daily,200.00000000,BTC,daily,OBM v0.1.0
2011-02-19,obm_spent_value_ge365_btc_daily,300.00000000,BTC,daily,OBM v0.1.0
2011-02-20,obm_spent_value_ge365_btc_daily,0.00000000,BTC,daily,OBM v0.1.0
2011-02-21,obm_spent_value_ge365_btc_daily,200.00000000,BTC,daily,OBM v0.1.0
2011-02-22,obm_spent_value_ge365_btc_daily,0.00000000,BTC,daily,OBM v0.1.0
2011-02-23,obm_spent_value_ge365_btc_daily,50.00000000,BTC,daily,OBM v0.1.0
2011-02-24,obm_spent_value_ge365_btc_daily,550.00000000,BTC,daily,OBM v0.1.0
2011-02-25,obm_spent_value_ge365_btc_daily,650.00000000,BTC,daily,OBM v0.1.0
2011-02-26,obm_spent_value_ge365_btc_daily,0.00000000,BTC,daily,OBM v0.1.0
2011-02-27,obm_spent_value_ge365_btc_daily,300.00000000,BTC,daily,OBM v0.1.0
2011-02-28,obm_spent_value_ge365_btc_daily,100.00000000,BTC,daily,OBM v0.1.0
2011-03-01,obm_spent_value_ge365_btc_daily,1.44000000,BTC,daily,OBM v0.1.0
2011-03-02,obm_spent_value_ge365_btc_daily,800.00000000,BTC,daily,OBM v0.1.0
2011-03-03,obm_spent_value_ge365_btc_daily,0.00000000,BTC,daily,OBM v0.1.0
2011-03-04,obm_spent_value_ge365_btc_daily,0.00000000,BTC,daily,OBM v0.1.0
2011-03-05,obm_spent_value_ge365_btc_daily,0.03000000,BTC,daily,OBM v0.1.0
2011-03-06,obm_spent_value_ge365_btc_daily,0.00000000,BTC,daily,OBM v0.1.0
2011-03-07,obm_spent_value_ge365_btc_daily,0.00000000,BTC,daily,OBM v0.1.0
2011-03-08,obm_spent_value_ge365_btc_daily,50.00000000,BTC,daily,OBM v0.1.0
2011-03-09,obm_spent_value_ge365_btc_daily,0.00000000,BTC,daily,OBM v0.1.0
2011-03-10,obm_spent_value_ge365_btc_daily,0.00000000,BTC,daily,OBM v0.1.0
2011-03-11,obm_spent_value_ge365_btc_daily,1200.00000000,BTC,daily,OBM v0.1.0
2011-03-12,obm_spent_value_ge365_btc_daily,50.00000000,BTC,daily,OBM v0.1.0
2011-03-13,obm_spent_value_ge365_btc_daily,50.00000000,BTC,daily,OBM v0.1.0
2011-03-14,obm_spent_value_ge365_btc_daily,0.00000000,BTC,daily,OBM v0.1.0
2011-03-15,obm_spent_value_ge365_btc_daily,0.00000000,BTC,daily,OBM v0.1.0
2011-03-16,obm_spent_value_ge365_btc_daily,9600.00000000,BTC,daily,OBM v0.1.0
2011-03-17,obm_spent_value_ge365_btc_daily,0.00000000,BTC,daily,OBM v0.1.0
2011-03-18,obm_spent_value_ge365_btc_daily,0.00000000,BTC,daily,OBM v0.1.0
2011-03-19,obm_spent_value_ge365_btc_daily,0.00000000,BTC,daily,OBM v0.1.0
2011-03-20,obm_spent_value_ge365_btc_daily,0.00000000,BTC,daily,OBM v0.1.0
2011-03-21,obm_spent_value_ge365_btc_daily,1045.00000000,BTC,daily,OBM v0.1.0
2011-03-22,obm_spent_value_ge365_btc_daily,550.00000000,BTC,daily,OBM v0.1.0
2011-03-23,obm_spent_value_ge365_btc_daily,501.00000000,BTC,daily,OBM v0.1.0
2011-03-24,obm_spent_value_ge365_btc_daily,149.00000000,BTC,daily,OBM v0.1.0
2011-03-25,obm_spent_value_ge365_btc_daily,101.00000000,BTC,daily,OBM v0.1.0
2011-03-26,obm_spent_value_ge365_btc_daily,50.00000000,BTC,daily,OBM v0.1.0
2011-03-27,obm_spent_value_ge365_btc_daily,0.00000000,BTC,daily,OBM v0.1.0
2011-03-28,obm_spent_value_ge365_btc_daily,0.00000000,BTC,daily,OBM v0.1.0
2011-03-29,obm_spent_value_ge365_btc_daily,300.00000000,BTC,daily,OBM v0.1.0
2011-03-30,obm_spent_value_ge365_btc_daily,50.00000000,BTC,daily,OBM v0.1.0
2011-03-31,obm_spent_value_ge365_btc_daily,350.00000000,BTC,daily,OBM v0.1.0
2011-04-01,obm_spent_value_ge365_btc_daily,250.00000000,BTC,daily,OBM v0.1.0
2011-04-02,obm_spent_value_ge365_btc_daily,0.00000000,BTC,daily,OBM v0.1.0
2011-04-03,obm_spent_value_ge365_btc_daily,100.00000000,BTC,daily,OBM v0.1.0
2011-04-04,obm_spent_value_ge365_btc_daily,0.00000000,BTC,daily,OBM v0.1.0
2011-04-05,obm_spent_value_ge365_btc_daily,1650.00000000,BTC,daily,OBM v0.1.0
2011-04-06,obm_spent_value_ge365_btc_daily,1100.00000000,BTC,daily,OBM v0.1.0
2011-04-07,obm_spent_value_ge365_btc_daily,800.00000000,BTC,daily,OBM v0.1.0
2011-04-08,obm_spent_value_ge365_btc_daily,750.00000000,BTC,daily,OBM v0.1.0
2011-04-09,obm_spent_value_ge365_btc_daily,0.00000000,BTC,daily,OBM v0.1.0
2011-04-10,obm_spent_value_ge365_btc_daily,0.00000000,BTC,daily,OBM v0.1.0
2011-04-11,obm_spent_value_ge365_btc_daily,200.00000000,BTC,daily,OBM v0.1.0
2011-04-12,obm_spent_value_ge365_btc_daily,1950.00000000,BTC,daily,OBM v0.1.0
2011-04-13,obm_spent_value_ge365_btc_daily,700.00000000,BTC,daily,OBM v0.1.0
2011-04-14,obm_spent_value_ge365_btc_daily,1100.00000000,BTC,daily,OBM v0.1.0
2011-04-15,obm_spent_value_ge365_btc_daily,5362.74000000,BTC,daily,OBM v0.1.0
2011-04-16,obm_spent_value_ge365_btc_daily,850.00000000,BTC,daily,OBM v0.1.0
2011-04-17,obm_spent_value_ge365_btc_daily,100.00000000,BTC,daily,OBM v0.1.0
2011-04-18,obm_spent_value_ge365_btc_daily,950.00000000,BTC,daily,OBM v0.1.0
2011-04-19,obm_spent_value_ge365_btc_daily,947.50000000,BTC,daily,OBM v0.1.0
2011-04-20,obm_spent_value_ge365_btc_daily,900.00000000,BTC,daily,OBM v0.1.0
2011-04-21,obm_spent_value_ge365_btc_daily,0.00000000,BTC,daily,OBM v0.1.0
2011-04-22,obm_spent_value_ge365_btc_daily,450.00000000,BTC,daily,OBM v0.1.0
2011-04-23,obm_spent_value_ge365_btc_daily,6000.00000000,BTC,daily,OBM v0.1.0
2011-04-24,obm_spent_value_ge365_btc_daily,0.00000000,BTC,daily,OBM v0.1.0
2011-04-25,obm_spent_value_ge365_btc_daily,2600.00000000,BTC,daily,OBM v0.1.0
2011-04-26,obm_spent_value_ge365_btc_daily,550.00000000,BTC,daily,OBM v0.1.0
2011-04-27,obm_spent_value_ge365_btc_daily,1450.00000000,BTC,daily,OBM v0.1.0
2011-04-28,obm_spent_value_ge365_btc_daily,4350.00000000,BTC,daily,OBM v0.1.0
2011-04-29,obm_spent_value_ge365_btc_daily,3649.90000000,BTC,daily,OBM v0.1.0
2011-04-30,obm_spent_value_ge365_btc_daily,1600.00000000,BTC,daily,OBM v0.1.0
2011-05-01,obm_spent_value_ge365_btc_daily,1500.00000000,BTC,daily,OBM v0.1.0
2011-05-02,obm_spent_value_ge365_btc_daily,2050.00000000,BTC,daily,OBM v0.1.0
2011-05-03,obm_spent_value_ge365_btc_daily,250.00000000,BTC,daily,OBM v0.1.0
2011-05-04,obm_spent_value_ge365_btc_daily,500.00000000,BTC,daily,OBM v0.1.0
2011-05-05,obm_spent_value_ge365_btc_daily,1150.00000000,BTC,daily,OBM v0.1.0
2011-05-06,obm_spent_value_ge365_btc_daily,1000.00000000,BTC,daily,OBM v0.1.0
2011-05-07,obm_spent_value_ge365_btc_daily,1200.00000000,BTC,daily,OBM v0.1.0
2011-05-08,obm_spent_value_ge365_btc_daily,150.00000000,BTC,daily,OBM v0.1.0
2011-05-09,obm_spent_value_ge365_btc_daily,150.00000000,BTC,daily,OBM v0.1.0
2011-05-10,obm_spent_value_ge365_btc_daily,3229.60000000,BTC,daily,OBM v0.1.0
2011-05-11,obm_spent_value_ge365_btc_daily,5050.00000000,BTC,daily,OBM v0.1.0
2011-05-12,obm_spent_value_ge365_btc_daily,700.00000000,BTC,daily,OBM v0.1.0
2011-05-13,obm_spent_value_ge365_btc_daily,6301.06000000,BTC,daily,OBM v0.1.0
2011-05-14,obm_spent_value_ge365_btc_daily,400.00000000,BTC,daily,OBM v0.1.0
2011-05-15,obm_spent_value_ge365_btc_daily,200.00000000,BTC,daily,OBM v0.1.0
2011-05-16,obm_spent_value_ge365_btc_daily,300.00000000,BTC,daily,OBM v0.1.0
2011-05-17,obm_spent_value_ge365_btc_daily,50.00000000,BTC,daily,OBM v0.1.0
2011-05-18,obm_spent_value_ge365_btc_daily,0.00000000,BTC,daily,OBM v0.1.0
2011-05-19,obm_spent_value_ge365_btc_daily,5474.00000000,BTC,daily,OBM v0.1.0
2011-05-20,obm_spent_value_ge365_btc_daily,650.00000000,BTC,daily,OBM v0.1.0
2011-05-21,obm_spent_value_ge365_btc_daily,200.00000000,BTC,daily,OBM v0.1.0
2011-05-22,obm_spent_value_ge365_btc_daily,50.00000000,BTC,daily,OBM v0.1.0
2011-05-23,obm_spent_value_ge365_btc_daily,550.00000000,BTC,daily,OBM v0.1.0
2011-05-24,obm_spent_value_ge365_btc_daily,3750.00000000,BTC,daily,OBM v0.1.0
2011-05-25,obm_spent_value_ge365_btc_daily,300.00000000,BTC,daily,OBM v0.1.0
2011-05-26,obm_spent_value_ge365_btc_daily,0.00000000,BTC,daily,OBM v0.1.0
2011-05-27,obm_spent_value_ge365_btc_daily,1800.00000000,BTC,daily,OBM v0.1.0
2011-05-28,obm_spent_value_ge365_btc_daily,1798.99000000,BTC,daily,OBM v0.1.0
2011-05-29,obm_spent_value_ge365_btc_daily,1.00000000,BTC,daily,OBM v0.1.0
2011-05-30,obm_spent_value_ge365_btc_daily,736.63000000,BTC,daily,OBM v0.1.0
2011-05-31,obm_spent_value_ge365_btc_daily,0.00000000,BTC,daily,OBM v0.1.0
2011-06-01,obm_spent_value_ge365_btc_daily,1005.00000000,BTC,daily,OBM v0.1.0
2011-06-02,obm_spent_value_ge365_btc_daily,13100.00000000,BTC,daily,OBM v0.1.0
2011-06-03,obm_spent_value_ge365_btc_daily,23490.00000000,BTC,daily,OBM v0.1.0
2011-06-04,obm_spent_value_ge365_btc_daily,1250.00000000,BTC,daily,OBM v0.1.0
2011-06-05,obm_spent_value_ge365_btc_daily,2677.18000000,BTC,daily,OBM v0.1.0
2011-06-06,obm_spent_value_ge365_btc_daily,2750.33000000,BTC,daily,OBM v0.1.0
2011-06-07,obm_spent_value_ge365_btc_daily,2700.00000000,BTC,daily,OBM v0.1.0
2011-06-08,obm_spent_value_ge365_btc_daily,17973.08000000,BTC,daily,OBM v0.1.0
2011-06-09,obm_spent_value_ge365_btc_daily,11350.00000000,BTC,daily,OBM v0.1.0
2011-06-10,obm_spent_value_ge365_btc_daily,13426.58000000,BTC,daily,OBM v0.1.0
2011-06-11,obm_spent_value_ge365_btc_daily,28350.01000000,BTC,daily,OBM v0.1.0
2011-06-12,obm_spent_value_ge365_btc_daily,2969.01000000,BTC,daily,OBM v0.1.0
2011-06-13,obm_spent_value_ge365_btc_daily,26999.76000000,BTC,daily,OBM v0.1.0
2011-06-14,obm_spent_value_ge365_btc_daily,67198.24000000,BTC,daily,OBM v0.1.0
2011-06-15,obm_spent_value_ge365_btc_daily,4402.64000000,BTC,daily,OBM v0.1.0
2011-06-16,obm_spent_value_ge365_btc_daily,34800.00000000,BTC,daily,OBM v0.1.0
2011-06-17,obm_spent_value_ge365_btc_daily,2410.00000000,BTC,daily,OBM v0.1.0
2011-06-18,obm_spent_value_ge365_btc_daily,781.00000000,BTC,daily,OBM v0.1.0
2011-06-19,obm_spent_value_ge365_btc_daily,6795.00000000,BTC,daily,OBM v0.1.0
2011-06-20,obm_spent_value_ge365_btc_daily,1650.00000000,BTC,daily,OBM v0.1.0
2011-06-21,obm_spent_value_ge365_btc_daily,700.00000000,BTC,daily,OBM v0.1.0
2011-06-22,obm_spent_value_ge365_btc_daily,50.00000000,BTC,daily,OBM v0.1.0
2011-06-23,obm_spent_value_ge365_btc_daily,160.00000000,BTC,daily,OBM v0.1.0
2011-06-24,obm_spent_value_ge365_btc_daily,3200.00000000,BTC,daily,OBM v0.1.0
2011-06-25,obm_spent_value_ge365_btc_daily,190.00000000,BTC,daily,OBM v0.1.0
2011-06-26,obm_spent_value_ge365_btc_daily,1250.00000000,BTC,daily,OBM v0.1.0
2011-06-27,obm_spent_value_ge365_btc_daily,8250.00000000,BTC,daily,OBM v0.1.0
2011-06-28,obm_spent_value_ge365_btc_daily,6750.00000000,BTC,daily,OBM v0.1.0
2011-06-29,obm_spent_value_ge365_btc_daily,1050.00000000,BTC,daily,OBM v0.1.0
2011-06-30,obm_spent_value_ge365_btc_daily,100.00000000,BTC,daily,OBM v0.1.0
2011-07-01,obm_spent_value_ge365_btc_daily,1250.00000000,BTC,daily,OBM v0.1.0
2011-07-02,obm_spent_value_ge365_btc_daily,50.00000000,BTC,daily,OBM v0.1.0
2011-07-03,obm_spent_value_ge365_btc_daily,1250.00000000,BTC,daily,OBM v0.1.0
2011-07-04,obm_spent_value_ge365_btc_daily,400.00000000,BTC,daily,OBM v0.1.0
2011-07-05,obm_spent_value_ge365_btc_daily,7850.00000000,BTC,daily,OBM v0.1.0
2011-07-06,obm_spent_value_ge365_btc_daily,650.01000000,BTC,daily,OBM v0.1.0
2011-07-07,obm_spent_value_ge365_btc_daily,101.00000000,BTC,daily,OBM v0.1.0
2011-07-08,obm_spent_value_ge365_btc_daily,1150.18000000,BTC,daily,OBM v0.1.0
2011-07-09,obm_spent_value_ge365_btc_daily,205.00000000,BTC,daily,OBM v0.1.0
2011-07-10,obm_spent_value_ge365_btc_daily,1000.00000000,BTC,daily,OBM v0.1.0
2011-07-11,obm_spent_value_ge365_btc_daily,1200.00000000,BTC,daily,OBM v0.1.0
2011-07-12,obm_spent_value_ge365_btc_daily,60.00000000,BTC,daily,OBM v0.1.0
2011-07-13,obm_spent_value_ge365_btc_daily,56.00000000,BTC,daily,OBM v0.1.0
2011-07-14,obm_spent_value_ge365_btc_daily,900.00000000,BTC,daily,OBM v0.1.0
2011-07-15,obm_spent_value_ge365_btc_daily,75.00000000,BTC,daily,OBM v0.1.0
2011-07-16,obm_spent_value_ge365_btc_daily,205.00000000,BTC,daily,OBM v0.1.0
2011-07-17,obm_spent_value_ge365_btc_daily,400.00000000,BTC,daily,OBM v0.1.0
2011-07-18,obm_spent_value_ge365_btc_daily,1615.00000000,BTC,daily,OBM v0.1.0
2011-07-19,obm_spent_value_ge365_btc_daily,1000.05000000,BTC,daily,OBM v0.1.0
2011-07-20,obm_spent_value_ge365_btc_daily,5.05000000,BTC,daily,OBM v0.1.0
2011-07-21,obm_spent_value_ge365_btc_daily,200.00000000,BTC,daily,OBM v0.1.0
2011-07-22,obm_spent_value_ge365_btc_daily,50.00000000,BTC,daily,OBM v0.1.0
2011-07-23,obm_spent_value_ge365_btc_daily,250.00000000,BTC,daily,OBM v0.1.0
2011-07-24,obm_spent_value_ge365_btc_daily,100.00000000,BTC,daily,OBM v0.1.0
2011-07-25,obm_spent_value_ge365_btc_daily,405.00000000,BTC,daily,OBM v0.1.0
2011-07-26,obm_spent_value_ge365_btc_daily,520.00000000,BTC,daily,OBM v0.1.0
2011-07-27,obm_spent_value_ge365_btc_daily,150.05000000,BTC,daily,OBM v0.1.0
2011-07-28,obm_spent_value_ge365_btc_daily,150.05000000,BTC,daily,OBM v0.1.0
2011-07-29,obm_spent_value_ge365_btc_daily,400.02000000,BTC,daily,OBM v0.1.0
2011-07-30,obm_spent_value_ge365_btc_daily,2000.00000000,BTC,daily,OBM v0.1.0
2011-07-31,obm_spent_value_ge365_btc_daily,55.01000000,BTC,daily,OBM v0.1.0
2011-08-01,obm_spent_value_ge365_btc_daily,1088.00000000,BTC,daily,OBM v0.1.0
2011-08-02,obm_spent_value_ge365_btc_daily,455.00000000,BTC,daily,OBM v0.1.0
2011-08-03,obm_spent_value_ge365_btc_daily,54.05000000,BTC,daily,OBM v0.1.0
2011-08-04,obm_spent_value_ge365_btc_daily,0.00000000,BTC,daily,OBM v0.1.0
2011-08-05,obm_spent_value_ge365_btc_daily,0.05000000,BTC,daily,OBM v0.1.0
2011-08-06,obm_spent_value_ge365_btc_daily,1059.95000000,BTC,daily,OBM v0.1.0
2011-08-07,obm_spent_value_ge365_btc_daily,45.00000000,BTC,daily,OBM v0.1.0
2011-08-08,obm_spent_value_ge365_btc_daily,250.00000000,BTC,daily,OBM v0.1.0
2011-08-09,obm_spent_value_ge365_btc_daily,111.40000000,BTC,daily,OBM v0.1.0
2011-08-10,obm_spent_value_ge365_btc_daily,150.05000000,BTC,daily,OBM v0.1.0
2011-08-11,obm_spent_value_ge365_btc_daily,0.00000000,BTC,daily,OBM v0.1.0
2011-08-12,obm_spent_value_ge365_btc_daily,2.00000000,BTC,daily,OBM v0.1.0
2011-08-13,obm_spent_value_ge365_btc_daily,405.01000000,BTC,daily,OBM v0.1.0
2011-08-14,obm_spent_value_ge365_btc_daily,0.00000000,BTC,daily,OBM v0.1.0
2011-08-15,obm_spent_value_ge365_btc_daily,100.35000000,BTC,daily,OBM v0.1.0
2011-08-16,obm_spent_value_ge365_btc_daily,350.00000000,BTC,daily,OBM v0.1.0
2011-08-17,obm_spent_value_ge365_btc_daily,200.00000000,BTC,daily,OBM v0.1.0
2011-08-18,obm_spent_value_ge365_btc_daily,1205.00000000,BTC,daily,OBM v0.1.0
2011-08-19,obm_spent_value_ge365_btc_daily,150.05000000,BTC,daily,OBM v0.1.0
2011-08-20,obm_spent_value_ge365_btc_daily,350.00000000,BTC,daily,OBM v0.1.0
2011-08-21,obm_spent_value_ge365_btc_daily,150.05000000,BTC,daily,OBM v0.1.0
2011-08-22,obm_spent_value_ge365_btc_daily,350.00000000,BTC,daily,OBM v0.1.0
2011-08-23,obm_spent_value_ge365_btc_daily,55.00000000,BTC,daily,OBM v0.1.0
2011-08-24,obm_spent_value_ge365_btc_daily,0.00000000,BTC,daily,OBM v0.1.0
2011-08-25,obm_spent_value_ge365_btc_daily,750.00000000,BTC,daily,OBM v0.1.0
2011-08-26,obm_spent_value_ge365_btc_daily,5600.00000000,BTC,daily,OBM v0.1.0
2011-08-27,obm_spent_value_ge365_btc_daily,1250.00000000,BTC,daily,OBM v0.1.0
2011-08-28,obm_spent_value_ge365_btc_daily,1700.00000000,BTC,daily,OBM v0.1.0
2011-08-29,obm_spent_value_ge365_btc_daily,50.07000000,BTC,daily,OBM v0.1.0
2011-08-30,obm_spent_value_ge365_btc_daily,0.00000000,BTC,daily,OBM v0.1.0
2011-08-31,obm_spent_value_ge365_btc_daily,13.86000000,BTC,daily,OBM v0.1.0
2011-09-01,obm_spent_value_ge365_btc_daily,0.05000000,BTC,daily,OBM v0.1.0
2011-09-02,obm_spent_value_ge365_btc_daily,1350.00000000,BTC,daily,OBM v0.1.0
2011-09-03,obm_spent_value_ge365_btc_daily,50.00000000,BTC,daily,OBM v0.1.0
2011-09-04,obm_spent_value_ge365_btc_daily,439.88000000,BTC,daily,OBM v0.1.0
2011-09-05,obm_spent_value_ge365_btc_daily,1250.00000000,BTC,daily,OBM v0.1.0
2011-09-06,obm_spent_value_ge365_btc_daily,3273.38000000,BTC,daily,OBM v0.1.0
2011-09-07,obm_spent_value_ge365_btc_daily,1115.50000000,BTC,daily,OBM v0.1.0
2011-09-08,obm_spent_value_ge365_btc_daily,1005.00000000,BTC,daily,OBM v0.1.0
2011-09-09,obm_spent_value_ge365_btc_daily,100.02000000,BTC,daily,OBM v0.1.0
2011-09-10,obm_spent_value_ge365_btc_daily,50.40000000,BTC,daily,OBM v0.1.0
2011-09-11,obm_spent_value_ge365_btc_daily,0.20000000,BTC,daily,OBM v0.1.0
2011-09-12,obm_spent_value_ge365_btc_daily,1000.00000000,BTC,daily,OBM v0.1.0
2011-09-13,obm_spent_value_ge365_btc_daily,50.12000000,BTC,daily,OBM v0.1.0
2011-09-14,obm_spent_value_ge365_btc_daily,1250.00000000,BTC,daily,OBM v0.1.0
2011-09-15,obm_spent_value_ge365_btc_daily,150.69000000,BTC,daily,OBM v0.1.0
2011-09-16,obm_spent_value_ge365_btc_daily,0.55000000,BTC,daily,OBM v0.1.0
2011-09-17,obm_spent_value_ge365_btc_daily,1500.00000000,BTC,daily,OBM v0.1.0
2011-09-18,obm_spent_value_ge365_btc_daily,0.01000000,BTC,daily,OBM v0.1.0
2011-09-19,obm_spent_value_ge365_btc_daily,200.00000000,BTC,daily,OBM v0.1.0
2011-09-20,obm_spent_value_ge365_btc_daily,1250.00000000,BTC,daily,OBM v0.1.0
2011-09-21,obm_spent_value_ge365_btc_daily,10.15000000,BTC,daily,OBM v0.1.0
2011-09-22,obm_spent_value_ge365_btc_daily,0.00000000,BTC,daily,OBM v0.1.0
2011-09-23,obm_spent_value_ge365_btc_daily,1260.00000000,BTC,daily,OBM v0.1.0
2011-09-24,obm_spent_value_ge365_btc_daily,0.00000000,BTC,daily,OBM v0.1.0
2011-09-25,obm_spent_value_ge365_btc_daily,0.00000000,BTC,daily,OBM v0.1.0
2011-09-26,obm_spent_value_ge365_btc_daily,0.00000000,BTC,daily,OBM v0.1.0
2011-09-27,obm_spent_value_ge365_btc_daily,1600.00000000,BTC,daily,OBM v0.1.0
2011-09-28,obm_spent_value_ge365_btc_daily,0.00000000,BTC,daily,OBM v0.1.0
2011-09-29,obm_spent_value_ge365_btc_daily,0.00000000,BTC,daily,OBM v0.1.0
2011-09-30,obm_spent_value_ge365_btc_daily,1550.00000000,BTC,daily,OBM v0.1.0
2011-10-01,obm_spent_value_ge365_btc_daily,50.00000000,BTC,daily,OBM v0.1.0
2011-10-02,obm_spent_value_ge365_btc_daily,0.00000000,BTC,daily,OBM v0.1.0
2011-10-03,obm_spent_value_ge365_btc_daily,50.00000000,BTC,daily,OBM v0.1.0
2011-10-04,obm_spent_value_ge365_btc_daily,194.50000000,BTC,daily,OBM v0.1.0
2011-10-05,obm_spent_value_ge365_btc_daily,160.00000000,BTC,daily,OBM v0.1.0
2011-10-06,obm_spent_value_ge365_btc_daily,11700.04000000,BTC,daily,OBM v0.1.0
2011-10-07,obm_spent_value_ge365_btc_daily,400.05000000,BTC,daily,OBM v0.1.0
2011-10-08,obm_spent_value_ge365_btc_daily,0.00000000,BTC,daily,OBM v0.1.0
2011-10-09,obm_spent_value_ge365_btc_daily,2006.75000000,BTC,daily,OBM v0.1.0
2011-10-10,obm_spent_value_ge365_btc_daily,1345.00000000,BTC,daily,OBM v0.1.0
2011-10-11,obm_spent_value_ge365_btc_daily,0.50000000,BTC,daily,OBM v0.1.0
2011-10-12,obm_spent_value_ge365_btc_daily,0.00000000,BTC,daily,OBM v0.1.0
2011-10-13,obm_spent_value_ge365_btc_daily,500.00000000,BTC,daily,OBM v0.1.0
2011-10-14,obm_spent_value_ge365_btc_daily,50.00000000,BTC,daily,OBM v0.1.0
2011-10-15,obm_spent_value_ge365_btc_daily,350.00000000,BTC,daily,OBM v0.1.0
2011-10-16,obm_spent_value_ge365_btc_daily,2050.00000000,BTC,daily,OBM v0.1.0
2011-10-17,obm_spent_value_ge365_btc_daily,0.00000000,BTC,daily,OBM v0.1.0
2011-10-18,obm_spent_value_ge365_btc_daily,2200.05000000,BTC,daily,OBM v0.1.0
2011-10-19,obm_spent_value_ge365_btc_daily,50.00000000,BTC,daily,OBM v0.1.0
2011-10-20,obm_spent_value_ge365_btc_daily,50.00000000,BTC,daily,OBM v0.1.0
2011-10-21,obm_spent_value_ge365_btc_daily,50.00000000,BTC,daily,OBM v0.1.0
2011-10-22,obm_spent_value_ge365_btc_daily,2000.00000000,BTC,daily,OBM v0.1.0
2011-10-23,obm_spent_value_ge365_btc_daily,100.00000000,BTC,daily,OBM v0.1.0
2011-10-24,obm_spent_value_ge365_btc_daily,0.50000000,BTC,daily,OBM v0.1.0
2011-10-25,obm_spent_value_ge365_btc_daily,0.00000000,BTC,daily,OBM v0.1.0
2011-10-26,obm_spent_value_ge365_btc_daily,150.57000000,BTC,daily,OBM v0.1.0
2011-10-27,obm_spent_value_ge365_btc_daily,2175.01000000,BTC,daily,OBM v0.1.0
2011-10-28,obm_spent_value_ge365_btc_daily,50.00000000,BTC,daily,OBM v0.1.0
2011-10-29,obm_spent_value_ge365_btc_daily,0.05000000,BTC,daily,OBM v0.1.0
2011-10-30,obm_spent_value_ge365_btc_daily,2900.50000000,BTC,daily,OBM v0.1.0
2011-10-31,obm_spent_value_ge365_btc_daily,0.05000000,BTC,daily,OBM v0.1.0
2011-11-01,obm_spent_value_ge365_btc_daily,2000.00000000,BTC,daily,OBM v0.1.0
2011-11-02,obm_spent_value_ge365_btc_daily,0.00000000,BTC,daily,OBM v0.1.0
2011-11-03,obm_spent_value_ge365_btc_daily,3001.50000000,BTC,daily,OBM v0.1.0
2011-11-04,obm_spent_value_ge365_btc_daily,2500.00000000,BTC,daily,OBM v0.1.0
2011-11-05,obm_spent_value_ge365_btc_daily,0.00000000,BTC,daily,OBM v0.1.0
2011-11-06,obm_spent_value_ge365_btc_daily,0.00000000,BTC,daily,OBM v0.1.0
2011-11-07,obm_spent_value_ge365_btc_daily,0.00000000,BTC,daily,OBM v0.1.0
2011-11-08,obm_spent_value_ge365_btc_daily,0.00000000,BTC,daily,OBM v0.1.0
2011-11-09,obm_spent_value_ge365_btc_daily,4250.00000000,BTC,daily,OBM v0.1.0
2011-11-10,obm_spent_value_ge365_btc_daily,2150.05000000,BTC,daily,OBM v0.1.0
2011-11-11,obm_spent_value_ge365_btc_daily,0.00000000,BTC,daily,OBM v0.1.0
2011-11-12,obm_spent_value_ge365_btc_daily,4250.00000000,BTC,daily,OBM v0.1.0
2011-11-13,obm_spent_value_ge365_btc_daily,250.00000000,BTC,daily,OBM v0.1.0
2011-11-14,obm_spent_value_ge365_btc_daily,4458.25000000,BTC,daily,OBM v0.1.0
2011-11-15,obm_spent_value_ge365_btc_daily,4264.99000000,BTC,daily,OBM v0.1.0
2011-11-16,obm_spent_value_ge365_btc_daily,2830.22000000,BTC,daily,OBM v0.1.0
2011-11-17,obm_spent_value_ge365_btc_daily,6700.00000000,BTC,daily,OBM v0.1.0
2011-11-18,obm_spent_value_ge365_btc_daily,175.00000000,BTC,daily,OBM v0.1.0
2011-11-19,obm_spent_value_ge365_btc_daily,0.00000000,BTC,daily,OBM v0.1.0
2011-11-20,obm_spent_value_ge365_btc_daily,2950.00000000,BTC,daily,OBM v0.1.0
2011-11-21,obm_spent_value_ge365_btc_daily,3650.00000000,BTC,daily,OBM v0.1.0
2011-11-22,obm_spent_value_ge365_btc_daily,4300.01000000,BTC,daily,OBM v0.1.0
2011-11-23,obm_spent_value_ge365_btc_daily,300.05000000,BTC,daily,OBM v0.1.0
2011-11-24,obm_spent_value_ge365_btc_daily,6250.40000000,BTC,daily,OBM v0.1.0
2011-11-25,obm_spent_value_ge365_btc_daily,968.35000000,BTC,daily,OBM v0.1.0
2011-11-26,obm_spent_value_ge365_btc_daily,275.50000000,BTC,daily,OBM v0.1.0
2011-11-27,obm_spent_value_ge365_btc_daily,100.00000000,BTC,daily,OBM v0.1.0
2011-11-28,obm_spent_value_ge365_btc_daily,2250.06000000,BTC,daily,OBM v0.1.0
2011-11-29,obm_spent_value_ge365_btc_daily,4355.00000000,BTC,daily,OBM v0.1.0
2011-11-30,obm_spent_value_ge365_btc_daily,4250.00000000,BTC,daily,OBM v0.1.0
2011-12-01,obm_spent_value_ge365_btc_daily,2050.20000000,BTC,daily,OBM v0.1.0
2011-12-02,obm_spent_value_ge365_btc_daily,80.00000000,BTC,daily,OBM v0.1.0
2011-12-03,obm_spent_value_ge365_btc_daily,0.50000000,BTC,daily,OBM v0.1.0
2011-12-04,obm_spent_value_ge365_btc_daily,4250.05000000,BTC,daily,OBM v0.1.0
2011-12-05,obm_spent_value_ge365_btc_daily,2050.05000000,BTC,daily,OBM v0.1.0
2011-12-06,obm_spent_value_ge365_btc_daily,0.00000000,BTC,daily,OBM v0.1.0
2011-12-07,obm_spent_value_ge365_btc_daily,50.50000000,BTC,daily,OBM v0.1.0
2011-12-08,obm_spent_value_ge365_btc_daily,5050.00000000,BTC,daily,OBM v0.1.0
2011-12-09,obm_spent_value_ge365_btc_daily,0.00000000,BTC,daily,OBM v0.1.0
2011-12-10,obm_spent_value_ge365_btc_daily,0.00000000,BTC,daily,OBM v0.1.0
2011-12-11,obm_spent_value_ge365_btc_daily,6350.00000000,BTC,daily,OBM v0.1.0
2011-12-12,obm_spent_value_ge365_btc_daily,0.00000000,BTC,daily,OBM v0.1.0
2011-12-13,obm_spent_value_ge365_btc_daily,50.50000000,BTC,daily,OBM v0.1.0
2011-12-14,obm_spent_value_ge365_btc_daily,150.10000000,BTC,daily,OBM v0.1.0
2011-12-15,obm_spent_value_ge365_btc_daily,50.00000000,BTC,daily,OBM v0.1.0
2011-12-16,obm_spent_value_ge365_btc_daily,2203.00000000,BTC,daily,OBM v0.1.0
2011-12-17,obm_spent_value_ge365_btc_daily,100.15000000,BTC,daily,OBM v0.1.0
2011-12-18,obm_spent_value_ge365_btc_daily,0.00000000,BTC,daily,OBM v0.1.0
2011-12-19,obm_spent_value_ge365_btc_daily,6401.00000000,BTC,daily,OBM v0.1.0
2011-12-20,obm_spent_value_ge365_btc_daily,4422.76000000,BTC,daily,OBM v0.1.0
2011-12-21,obm_spent_value_ge365_btc_daily,100.35000000,BTC,daily,OBM v0.1.0
2011-12-22,obm_spent_value_ge365_btc_daily,0.00000000,BTC,daily,OBM v0.1.0
2011-12-23,obm_spent_value_ge365_btc_daily,200.00000000,BTC,daily,OBM v0.1.0
2011-12-24,obm_spent_value_ge365_btc_daily,100.00000000,BTC,daily,OBM v0.1.0
2011-12-25,obm_spent_value_ge365_btc_daily,37.95000000,BTC,daily,OBM v0.1.0
2011-12-26,obm_spent_value_ge365_btc_daily,1400.00000000,BTC,daily,OBM v0.1.0
2011-12-27,obm_spent_value_ge365_btc_daily,0.00000000,BTC,daily,OBM v0.1.0
2011-12-28,obm_spent_value_ge365_btc_daily,1750.85000000,BTC,daily,OBM v0.1.0
2011-12-29,obm_spent_value_ge365_btc_daily,405.05000000,BTC,daily,OBM v0.1.0
2011-12-30,obm_spent_value_ge365_btc_daily,650.05000000,BTC,daily,OBM v0.1.0
2011-12-31,obm_spent_value_ge365_btc_daily,305.10000000,BTC,daily,OBM v0.1.0
2012-01-01,obm_spent_value_ge365_btc_daily,350.00000000,BTC,daily,OBM v0.1.0
2012-01-02,obm_spent_value_ge365_btc_daily,50.25000000,BTC,daily,OBM v0.1.0
2012-01-03,obm_spent_value_ge365_btc_daily,55.00000000,BTC,daily,OBM v0.1.0
2012-01-04,obm_spent_value_ge365_btc_daily,0.05000000,BTC,daily,OBM v0.1.0
2012-01-05,obm_spent_value_ge365_btc_daily,901.04000000,BTC,daily,OBM v0.1.0
2012-01-06,obm_spent_value_ge365_btc_daily,32.74000000,BTC,daily,OBM v0.1.0
2012-01-07,obm_spent_value_ge365_btc_daily,5.10000000,BTC,daily,OBM v0.1.0
2012-01-08,obm_spent_value_ge365_btc_daily,267.05000000,BTC,daily,OBM v0.1.0
2012-01-09,obm_spent_value_ge365_btc_daily,135.37000000,BTC,daily,OBM v0.1.0
2012-01-10,obm_spent_value_ge365_btc_daily,200.00000000,BTC,daily,OBM v0.1.0
2012-01-11,obm_spent_value_ge365_btc_daily,300.00000000,BTC,daily,OBM v0.1.0
2012-01-12,obm_spent_value_ge365_btc_daily,1750.00000000,BTC,daily,OBM v0.1.0
2012-01-13,obm_spent_value_ge365_btc_daily,0.00000000,BTC,daily,OBM v0.1.0
2012-01-14,obm_spent_value_ge365_btc_daily,0.00002678,BTC,daily,OBM v0.1.0
2012-01-15,obm_spent_value_ge365_btc_daily,7.10000000,BTC,daily,OBM v0.1.0
2012-01-16,obm_spent_value_ge365_btc_daily,201.06000000,BTC,daily,OBM v0.1.0
2012-01-17,obm_spent_value_ge365_btc_daily,6.05000000,BTC,daily,OBM v0.1.0
2012-01-18,obm_spent_value_ge365_btc_daily,451.01000000,BTC,daily,OBM v0.1.0
2012-01-19,obm_spent_value_ge365_btc_daily,0.00000000,BTC,daily,OBM v0.1.0
2012-01-20,obm_spent_value_ge365_btc_daily,52.01000000,BTC,daily,OBM v0.1.0
2012-01-21,obm_spent_value_ge365_btc_daily,71.57000000,BTC,daily,OBM v0.1.0
2012-01-22,obm_spent_value_ge365_btc_daily,0.01000000,BTC,daily,OBM v0.1.0
2012-01-23,obm_spent_value_ge365_btc_daily,1.05000000,BTC,daily,OBM v0.1.0
2012-01-24,obm_spent_value_ge365_btc_daily,0.00000000,BTC,daily,OBM v0.1.0
2012-01-25,obm_spent_value_ge365_btc_daily,210.36000000,BTC,daily,OBM v0.1.0
2012-01-26,obm_spent_value_ge365_btc_daily,1000.94000000,BTC,daily,OBM v0.1.0
2012-01-27,obm_spent_value_ge365_btc_daily,250.05000000,BTC,daily,OBM v0.1.0
2012-01-28,obm_spent_value_ge365_btc_daily,155.00207231,BTC,daily,OBM v0.1.0
2012-01-29,obm_spent_value_ge365_btc_daily,100.05000000,BTC,daily,OBM v0.1.0
2012-01-30,obm_spent_value_ge365_btc_daily,600.10000000,BTC,daily,OBM v0.1.0
2012-01-31,obm_spent_value_ge365_btc_daily,0.00000000,BTC,daily,OBM v0.1.0
2012-02-01,obm_spent_value_ge365_btc_daily,0.00000000,BTC,daily,OBM v0.1.0
2012-02-02,obm_spent_value_ge365_btc_daily,710.22000000,BTC,daily,OBM v0.1.0
2012-02-03,obm_spent_value_ge365_btc_daily,0.00000000,BTC,daily,OBM v0.1.0
2012-02-04,obm_spent_value_ge365_btc_daily,1056.64000000,BTC,daily,OBM v0.1.0
2012-02-05,obm_spent_value_ge365_btc_daily,55.00000000,BTC,daily,OBM v0.1.0
2012-02-06,obm_spent_value_ge365_btc_daily,0.00000000,BTC,daily,OBM v0.1.0
2012-02-07,obm_spent_value_ge365_btc_daily,500.00000000,BTC,daily,OBM v0.1.0
2012-02-08,obm_spent_value_ge365_btc_daily,0.00000000,BTC,daily,OBM v0.1.0
2012-02-09,obm_spent_value_ge365_btc_daily,0.05000000,BTC,daily,OBM v0.1.0
2012-02-10,obm_spent_value_ge365_btc_daily,0.00000000,BTC,daily,OBM v0.1.0
2012-02-11,obm_spent_value_ge365_btc_daily,17585.87000000,BTC,daily,OBM v0.1.0
2012-02-12,obm_spent_value_ge365_btc_daily,424.07000000,BTC,daily,OBM v0.1.0
2012-02-13,obm_spent_value_ge365_btc_daily,180.00000000,BTC,daily,OBM v0.1.0
2012-02-14,obm_spent_value_ge365_btc_daily,1275.01000000,BTC,daily,OBM v0.1.0
2012-02-15,obm_spent_value_ge365_btc_daily,355.00000000,BTC,daily,OBM v0.1.0
2012-02-16,obm_spent_value_ge365_btc_daily,1937.70000000,BTC,daily,OBM v0.1.0
2012-02-17,obm_spent_value_ge365_btc_daily,99.05000000,BTC,daily,OBM v0.1.0
2012-02-18,obm_spent_value_ge365_btc_daily,500.00000000,BTC,daily,OBM v0.1.0
2012-02-19,obm_spent_value_ge365_btc_daily,0.50000000,BTC,daily,OBM v0.1.0
2012-02-20,obm_spent_value_ge365_btc_daily,0.00000000,BTC,daily,OBM v0.1.0
2012-02-21,obm_spent_value_ge365_btc_daily,170.55000000,BTC,daily,OBM v0.1.0
2012-02-22,obm_spent_value_ge365_btc_daily,68.45000000,BTC,daily,OBM v0.1.0
2012-02-23,obm_spent_value_ge365_btc_daily,129.00000000,BTC,daily,OBM v0.1.0
2012-02-24,obm_spent_value_ge365_btc_daily,249.59000000,BTC,daily,OBM v0.1.0
2012-02-25,obm_spent_value_ge365_btc_daily,560.00000000,BTC,daily,OBM v0.1.0
2012-02-26,obm_spent_value_ge365_btc_daily,0.55000000,BTC,daily,OBM v0.1.0
2012-02-27,obm_spent_value_ge365_btc_daily,0.67000000,BTC,daily,OBM v0.1.0
2012-02-28,obm_spent_value_ge365_btc_daily,908.25000000,BTC,daily,OBM v0.1.0
2012-02-29,obm_spent_value_ge365_btc_daily,70.01000000,BTC,daily,OBM v0.1.0
2012-03-01,obm_spent_value_ge365_btc_daily,150.01000000,BTC,daily,OBM v0.1.0
2012-03-02,obm_spent_value_ge365_btc_daily,10.05000000,BTC,daily,OBM v0.1.0
2012-03-03,obm_spent_value_ge365_btc_daily,0.80000000,BTC,daily,OBM v0.1.0
2012-03-04,obm_spent_value_ge365_btc_daily,5.15000000,BTC,daily,OBM v0.1.0
2012-03-05,obm_spent_value_ge365_btc_daily,0.30000000,BTC,daily,OBM v0.1.0
2012-03-06,obm_spent_value_ge365_btc_daily,22.13000000,BTC,daily,OBM v0.1.0
2012-03-07,obm_spent_value_ge365_btc_daily,275.00000000,BTC,daily,OBM v0.1.0
2012-03-08,obm_spent_value_ge365_btc_daily,1160.17000000,BTC,daily,OBM v0.1.0
2012-03-09,obm_spent_value_ge365_btc_daily,250.65000000,BTC,daily,OBM v0.1.0
2012-03-10,obm_spent_value_ge365_btc_daily,453.04000000,BTC,daily,OBM v0.1.0
2012-03-11,obm_spent_value_ge365_btc_daily,0.05000000,BTC,daily,OBM v0.1.0
2012-03-12,obm_spent_value_ge365_btc_daily,0.06000000,BTC,daily,OBM v0.1.0
2012-03-13,obm_spent_value_ge365_btc_daily,0.15000000,BTC,daily,OBM v0.1.0
2012-03-14,obm_spent_value_ge365_btc_daily,550.15000000,BTC,daily,OBM v0.1.0
2012-03-15,obm_spent_value_ge365_btc_daily,1.05000000,BTC,daily,OBM v0.1.0
2012-03-16,obm_spent_value_ge365_btc_daily,3000.00000000,BTC,daily,OBM v0.1.0
2012-03-17,obm_spent_value_ge365_btc_daily,6.75000000,BTC,daily,OBM v0.1.0
2012-03-18,obm_spent_value_ge365_btc_daily,1000.00000000,BTC,daily,OBM v0.1.0
2012-03-19,obm_spent_value_ge365_btc_daily,208.21000000,BTC,daily,OBM v0.1.0
2012-03-20,obm_spent_value_ge365_btc_daily,250.00000000,BTC,daily,OBM v0.1.0
2012-03-21,obm_spent_value_ge365_btc_daily,225.17000000,BTC,daily,OBM v0.1.0
2012-03-22,obm_spent_value_ge365_btc_daily,100.00000000,BTC,daily,OBM v0.1.0
2012-03-23,obm_spent_value_ge365_btc_daily,4655.58000000,BTC,daily,OBM v0.1.0
2012-03-24,obm_spent_value_ge365_btc_daily,6.17000000,BTC,daily,OBM v0.1.0
2012-03-25,obm_spent_value_ge365_btc_daily,0.15000000,BTC,daily,OBM v0.1.0
2012-03-26,obm_spent_value_ge365_btc_daily,0.00000000,BTC,daily,OBM v0.1.0
2012-03-27,obm_spent_value_ge365_btc_daily,0.00000000,BTC,daily,OBM v0.1.0
2012-03-28,obm_spent_value_ge365_btc_daily,50.04010000,BTC,daily,OBM v0.1.0
2012-03-29,obm_spent_value_ge365_btc_daily,7.09000000,BTC,daily,OBM v0.1.0
2012-03-30,obm_spent_value_ge365_btc_daily,104.23000000,BTC,daily,OBM v0.1.0
2012-03-31,obm_spent_value_ge365_btc_daily,0.20000000,BTC,daily,OBM v0.1.0
2012-04-01,obm_spent_value_ge365_btc_daily,1.50000000,BTC,daily,OBM v0.1.0
2012-04-02,obm_spent_value_ge365_btc_daily,50.00000000,BTC,daily,OBM v0.1.0
2012-04-03,obm_spent_value_ge365_btc_daily,1103.77000000,BTC,daily,OBM v0.1.0
2012-04-04,obm_spent_value_ge365_btc_daily,1900.15000000,BTC,daily,OBM v0.1.0
2012-04-05,obm_spent_value_ge365_btc_daily,2000.05000000,BTC,daily,OBM v0.1.0
2012-04-06,obm_spent_value_ge365_btc_daily,2047.47000000,BTC,daily,OBM v0.1.0
2012-04-07,obm_spent_value_ge365_btc_daily,10.27000000,BTC,daily,OBM v0.1.0
2012-04-08,obm_spent_value_ge365_btc_daily,284.00000000,BTC,daily,OBM v0.1.0
2012-04-09,obm_spent_value_ge365_btc_daily,2050.06000000,BTC,daily,OBM v0.1.0
2012-04-10,obm_spent_value_ge365_btc_daily,1.07000000,BTC,daily,OBM v0.1.0
2012-04-11,obm_spent_value_ge365_btc_daily,2781.25000000,BTC,daily,OBM v0.1.0
2012-04-12,obm_spent_value_ge365_btc_daily,6491.54000000,BTC,daily,OBM v0.1.0
2012-04-13,obm_spent_value_ge365_btc_daily,1818.53000000,BTC,daily,OBM v0.1.0
2012-04-14,obm_spent_value_ge365_btc_daily,51.86000000,BTC,daily,OBM v0.1.0
2012-04-15,obm_spent_value_ge365_btc_daily,2314.91000000,BTC,daily,OBM v0.1.0
2012-04-16,obm_spent_value_ge365_btc_daily,3000.35000000,BTC,daily,OBM v0.1.0
2012-04-17,obm_spent_value_ge365_btc_daily,525.20000000,BTC,daily,OBM v0.1.0
2012-04-18,obm_spent_value_ge365_btc_daily,952.18000000,BTC,daily,OBM v0.1.0
2012-04-19,obm_spent_value_ge365_btc_daily,1.11000000,BTC,daily,OBM v0.1.0
2012-04-20,obm_spent_value_ge365_btc_daily,250.09000000,BTC,daily,OBM v0.1.0
2012-04-21,obm_spent_value_ge365_btc_daily,202.87000000,BTC,daily,OBM v0.1.0
2012-04-22,obm_spent_value_ge365_btc_daily,444.13000000,BTC,daily,OBM v0.1.0
2012-04-23,obm_spent_value_ge365_btc_daily,100.00000000,BTC,daily,OBM v0.1.0
2012-04-24,obm_spent_value_ge365_btc_daily,2.14000000,BTC,daily,OBM v0.1.0
2012-04-25,obm_spent_value_ge365_btc_daily,0.00000000,BTC,daily,OBM v0.1.0
2012-04-26,obm_spent_value_ge365_btc_daily,256.00000000,BTC,daily,OBM v0.1.0
2012-04-27,obm_spent_value_ge365_btc_daily,1.40000000,BTC,daily,OBM v0.1.0
2012-04-28,obm_spent_value_ge365_btc_daily,85.36000000,BTC,daily,OBM v0.1.0
2012-04-29,obm_spent_value_ge365_btc_daily,10.25000000,BTC,daily,OBM v0.1.0
2012-04-30,obm_spent_value_ge365_btc_daily,252.25000000,BTC,daily,OBM v0.1.0
2012-05-01,obm_spent_value_ge365_btc_daily,171.47000000,BTC,daily,OBM v0.1.0
2012-05-02,obm_spent_value_ge365_btc_daily,0.11785377,BTC,daily,OBM v0.1.0
2012-05-03,obm_spent_value_ge365_btc_daily,92.05000000,BTC,daily,OBM v0.1.0
2012-05-04,obm_spent_value_ge365_btc_daily,606.31000000,BTC,daily,OBM v0.1.0
2012-05-05,obm_spent_value_ge365_btc_daily,70.77000000,BTC,daily,OBM v0.1.0
2012-05-06,obm_spent_value_ge365_btc_daily,162.05000000,BTC,daily,OBM v0.1.0
2012-05-07,obm_spent_value_ge365_btc_daily,50.16000000,BTC,daily,OBM v0.1.0
2012-05-08,obm_spent_value_ge365_btc_daily,672.99000000,BTC,daily,OBM v0.1.0
2012-05-09,obm_spent_value_ge365_btc_daily,2010.13000000,BTC,daily,OBM v0.1.0
2012-05-10,obm_spent_value_ge365_btc_daily,1489.52000000,BTC,daily,OBM v0.1.0
2012-05-11,obm_spent_value_ge365_btc_daily,258.84000000,BTC,daily,OBM v0.1.0
2012-05-12,obm_spent_value_ge365_btc_daily,26237.43000000,BTC,daily,OBM v0.1.0
2012-05-13,obm_spent_value_ge365_btc_daily,2350.13000000,BTC,daily,OBM v0.1.0
2012-05-14,obm_spent_value_ge365_btc_daily,7616.38000000,BTC,daily,OBM v0.1.0
2012-05-15,obm_spent_value_ge365_btc_daily,2003.97000000,BTC,daily,OBM v0.1.0
2012-05-16,obm_spent_value_ge365_btc_daily,2097.58000000,BTC,daily,OBM v0.1.0
2012-05-17,obm_spent_value_ge365_btc_daily,24.02500000,BTC,daily,OBM v0.1.0
2012-05-18,obm_spent_value_ge365_btc_daily,288.23000000,BTC,daily,OBM v0.1.0
2012-05-19,obm_spent_value_ge365_btc_daily,1391.42000000,BTC,daily,OBM v0.1.0
2012-05-20,obm_spent_value_ge365_btc_daily,50.24000000,BTC,daily,OBM v0.1.0
2012-05-21,obm_spent_value_ge365_btc_daily,13.05000000,BTC,daily,OBM v0.1.0
2012-05-22,obm_spent_value_ge365_btc_daily,4005.83000000,BTC,daily,OBM v0.1.0
2012-05-23,obm_spent_value_ge365_btc_daily,858.62010000,BTC,daily,OBM v0.1.0
2012-05-24,obm_spent_value_ge365_btc_daily,0.05000000,BTC,daily,OBM v0.1.0
2012-05-25,obm_spent_value_ge365_btc_daily,23.14000000,BTC,daily,OBM v0.1.0
2012-05-26,obm_spent_value_ge365_btc_daily,375.35149227,BTC,daily,OBM v0.1.0
2012-05-27,obm_spent_value_ge365_btc_daily,166.33689619,BTC,daily,OBM v0.1.0
2012-05-28,obm_spent_value_ge365_btc_daily,79.42000000,BTC,daily,OBM v0.1.0
2012-05-29,obm_spent_value_ge365_btc_daily,209.15000000,BTC,daily,OBM v0.1.0
2012-05-30,obm_spent_value_ge365_btc_daily,11.32288642,BTC,daily,OBM v0.1.0
2012-05-31,obm_spent_value_ge365_btc_daily,115.55000000,BTC,daily,OBM v0.1.0
2012-06-01,obm_spent_value_ge365_btc_daily,36.03514510,BTC,daily,OBM v0.1.0
2012-06-02,obm_spent_value_ge365_btc_daily,363.57281112,BTC,daily,OBM v0.1.0
2012-06-03,obm_spent_value_ge365_btc_daily,178.33000000,BTC,daily,OBM v0.1.0
2012-06-04,obm_spent_value_ge365_btc_daily,259.37000000,BTC,daily,OBM v0.1.0
2012-06-05,obm_spent_value_ge365_btc_daily,51.75000000,BTC,daily,OBM v0.1.0
2012-06-06,obm_spent_value_ge365_btc_daily,171.17666667,BTC,daily,OBM v0.1.0
2012-06-07,obm_spent_value_ge365_btc_daily,141.17683313,BTC,daily,OBM v0.1.0
2012-06-08,obm_spent_value_ge365_btc_daily,143.41000000,BTC,daily,OBM v0.1.0
2012-06-09,obm_spent_value_ge365_btc_daily,176.86000000,BTC,daily,OBM v0.1.0
2012-06-10,obm_spent_value_ge365_btc_daily,101.10339558,BTC,daily,OBM v0.1.0
2012-06-11,obm_spent_value_ge365_btc_daily,62.73000000,BTC,daily,OBM v0.1.0
2012-06-12,obm_spent_value_ge365_btc_daily,1557.72293765,BTC,daily,OBM v0.1.0
2012-06-13,obm_spent_value_ge365_btc_daily,258.80397268,BTC,daily,OBM v0.1.0
2012-06-14,obm_spent_value_ge365_btc_daily,903.43700000,BTC,daily,OBM v0.1.0
2012-06-15,obm_spent_value_ge365_btc_daily,608.43037825,BTC,daily,OBM v0.1.0
2012-06-16,obm_spent_value_ge365_btc_daily,427.53530334,BTC,daily,OBM v0.1.0
2012-06-17,obm_spent_value_ge365_btc_daily,1779.18294457,BTC,daily,OBM v0.1.0
2012-06-18,obm_spent_value_ge365_btc_daily,424.54133624,BTC,daily,OBM v0.1.0
2012-06-19,obm_spent_value_ge365_btc_daily,2113.32136229,BTC,daily,OBM v0.1.0
2012-06-20,obm_spent_value_ge365_btc_daily,8644.38000059,BTC,daily,OBM v0.1.0
2012-06-21,obm_spent_value_ge365_btc_daily,238.20982298,BTC,daily,OBM v0.1.0
2012-06-22,obm_spent_value_ge365_btc_daily,854.30171933,BTC,daily,OBM v0.1.0
2012-06-23,obm_spent_value_ge365_btc_daily,86.00264153,BTC,daily,OBM v0.1.0
2012-06-24,obm_spent_value_ge365_btc_daily,8412.94181436,BTC,daily,OBM v0.1.0
2012-06-25,obm_spent_value_ge365_btc_daily,132.05233223,BTC,daily,OBM v0.1.0
2012-06-26,obm_spent_value_ge365_btc_daily,1409.76533420,BTC,daily,OBM v0.1.0
2012-06-27,obm_spent_value_ge365_btc_daily,769.14224820,BTC,daily,OBM v0.1.0
2012-06-28,obm_spent_value_ge365_btc_daily,503.97679296,BTC,daily,OBM v0.1.0
2012-06-29,obm_spent_value_ge365_btc_daily,676.54921892,BTC,daily,OBM v0.1.0
2012-06-30,obm_spent_value_ge365_btc_daily,770.75826235,BTC,daily,OBM v0.1.0
2012-07-01,obm_spent_value_ge365_btc_daily,680.23541805,BTC,daily,OBM v0.1.0
2012-07-02,obm_spent_value_ge365_btc_daily,231.01182522,BTC,daily,OBM v0.1.0
2012-07-03,obm_spent_value_ge365_btc_daily,382.39335593,BTC,daily,OBM v0.1.0
2012-07-04,obm_spent_value_ge365_btc_daily,457.57190000,BTC,daily,OBM v0.1.0
2012-07-05,obm_spent_value_ge365_btc_daily,168.38918292,BTC,daily,OBM v0.1.0
2012-07-06,obm_spent_value_ge365_btc_daily,865.02154314,BTC,daily,OBM v0.1.0
2012-07-07,obm_spent_value_ge365_btc_daily,9688.04409078,BTC,daily,OBM v0.1.0
2012-07-08,obm_spent_value_ge365_btc_daily,1210.44309848,BTC,daily,OBM v0.1.0
2012-07-09,obm_spent_value_ge365_btc_daily,1155.35417345,BTC,daily,OBM v0.1.0
2012-07-10,obm_spent_value_ge365_btc_daily,45260.52497654,BTC,daily,OBM v0.1.0
2012-07-11,obm_spent_value_ge365_btc_daily,5597.28909203,BTC,daily,OBM v0.1.0
2012-07-12,obm_spent_value_ge365_btc_daily,210.57303111,BTC,daily,OBM v0.1.0
2012-07-13,obm_spent_value_ge365_btc_daily,320.35513782,BTC,daily,OBM v0.1.0
2012-07-14,obm_spent_value_ge365_btc_daily,34265.76408130,BTC,daily,OBM v0.1.0
2012-07-15,obm_spent_value_ge365_btc_daily,731.86141749,BTC,daily,OBM v0.1.0
2012-07-16,obm_spent_value_ge365_btc_daily,1718.37983997,BTC,daily,OBM v0.1.0
2012-07-17,obm_spent_value_ge365_btc_daily,1480.35535978,BTC,daily,OBM v0.1.0
2012-07-18,obm_spent_value_ge365_btc_daily,1902.83543491,BTC,daily,OBM v0.1.0
2012-07-19,obm_spent_value_ge365_btc_daily,463.83155356,BTC,daily,OBM v0.1.0
2012-07-20,obm_spent_value_ge365_btc_daily,2792.84197953,BTC,daily,OBM v0.1.0
2012-07-21,obm_spent_value_ge365_btc_daily,169.82377152,BTC,daily,OBM v0.1.0
2012-07-22,obm_spent_value_ge365_btc_daily,389.00584330,BTC,daily,OBM v0.1.0
2012-07-23,obm_spent_value_ge365_btc_daily,2911.71784817,BTC,daily,OBM v0.1.0
2012-07-24,obm_spent_value_ge365_btc_daily,358.78833816,BTC,daily,OBM v0.1.0
2012-07-25,obm_spent_value_ge365_btc_daily,1868.60031687,BTC,daily,OBM v0.1.0
2012-07-26,obm_spent_value_ge365_btc_daily,475.63340955,BTC,daily,OBM v0.1.0
2012-07-27,obm_spent_value_ge365_btc_daily,349.27468998,BTC,daily,OBM v0.1.0
2012-07-28,obm_spent_value_ge365_btc_daily,529.65114320,BTC,daily,OBM v0.1.0
2012-07-29,obm_spent_value_ge365_btc_daily,502.48566693,BTC,daily,OBM v0.1.0
2012-07-30,obm_spent_value_ge365_btc_daily,515.85889729,BTC,daily,OBM v0.1.0
2012-07-31,obm_spent_value_ge365_btc_daily,1324.77640890,BTC,daily,OBM v0.1.0
2012-08-01,obm_spent_value_ge365_btc_daily,871.14395068,BTC,daily,OBM v0.1.0
2012-08-02,obm_spent_value_ge365_btc_daily,2423.98515915,BTC,daily,OBM v0.1.0
2012-08-03,obm_spent_value_ge365_btc_daily,2064.36394153,BTC,daily,OBM v0.1.0
2012-08-04,obm_spent_value_ge365_btc_daily,2098.61344589,BTC,daily,OBM v0.1.0
2012-08-05,obm_spent_value_ge365_btc_daily,824.82462163,BTC,daily,OBM v0.1.0
2012-08-06,obm_spent_value_ge365_btc_daily,834.09498018,BTC,daily,OBM v0.1.0
2012-08-07,obm_spent_value_ge365_btc_daily,3695.44103767,BTC,daily,OBM v0.1.0
2012-08-08,obm_spent_value_ge365_btc_daily,2568.67595644,BTC,daily,OBM v0.1.0
2012-08-09,obm_spent_value_ge365_btc_daily,517.58821832,BTC,daily,OBM v0.1.0
2012-08-10,obm_spent_value_ge365_btc_daily,1695.60964554,BTC,daily,OBM v0.1.0
2012-08-11,obm_spent_value_ge365_btc_daily,890.20347959,BTC,daily,OBM v0.1.0
2012-08-12,obm_spent_value_ge365_btc_daily,826.89932527,BTC,daily,OBM v0.1.0
2012-08-13,obm_spent_value_ge365_btc_daily,952.99732294,BTC,daily,OBM v0.1.0
2012-08-14,obm_spent_value_ge365_btc_daily,2471.21426793,BTC,daily,OBM v0.1.0
2012-08-15,obm_spent_value_ge365_btc_daily,1084.03155798,BTC,daily,OBM v0.1.0
2012-08-16,obm_spent_value_ge365_btc_daily,1935.88603597,BTC,daily,OBM v0.1.0
2012-08-17,obm_spent_value_ge365_btc_daily,13141.80640537,BTC,daily,OBM v0.1.0
2012-08-18,obm_spent_value_ge365_btc_daily,2253.07758134,BTC,daily,OBM v0.1.0
2012-08-19,obm_spent_value_ge365_btc_daily,496.84603435,BTC,daily,OBM v0.1.0
2012-08-20,obm_spent_value_ge365_btc_daily,1293.63444158,BTC,daily,OBM v0.1.0
2012-08-21,obm_spent_value_ge365_btc_daily,504.09681510,BTC,daily,OBM v0.1.0
2012-08-22,obm_spent_value_ge365_btc_daily,342.56766930,BTC,daily,OBM v0.1.0
2012-08-23,obm_spent_value_ge365_btc_daily,4150.79549725,BTC,daily,OBM v0.1.0
2012-08-24,obm_spent_value_ge365_btc_daily,265.92926131,BTC,daily,OBM v0.1.0
2012-08-25,obm_spent_value_ge365_btc_daily,347.16490283,BTC,daily,OBM v0.1.0
2012-08-26,obm_spent_value_ge365_btc_daily,725.33891794,BTC,daily,OBM v0.1.0
2012-08-27,obm_spent_value_ge365_btc_daily,2859.57445076,BTC,daily,OBM v0.1.0
2012-08-28,obm_spent_value_ge365_btc_daily,7852.08474332,BTC,daily,OBM v0.1.0
2012-08-29,obm_spent_value_ge365_btc_daily,555.47587149,BTC,daily,OBM v0.1.0
2012-08-30,obm_spent_value_ge365_btc_daily,206.08026946,BTC,daily,OBM v0.1.0
2012-08-31,obm_spent_value_ge365_btc_daily,576.28102489,BTC,daily,OBM v0.1.0
2012-09-01,obm_spent_value_ge365_btc_daily,42.58599247,BTC,daily,OBM v0.1.0
2012-09-02,obm_spent_value_ge365_btc_daily,2158.00285545,BTC,daily,OBM v0.1.0
2012-09-03,obm_spent_value_ge365_btc_daily,890.57472874,BTC,daily,OBM v0.1.0
2012-09-04,obm_spent_value_ge365_btc_daily,441.64356300,BTC,daily,OBM v0.1.0
2012-09-05,obm_spent_value_ge365_btc_daily,319.41679082,BTC,daily,OBM v0.1.0
2012-09-06,obm_spent_value_ge365_btc_daily,1022.93421348,BTC,daily,OBM v0.1.0
2012-09-07,obm_spent_value_ge365_btc_daily,663.42990939,BTC,daily,OBM v0.1.0
2012-09-08,obm_spent_value_ge365_btc_daily,255.57382658,BTC,daily,OBM v0.1.0
2012-09-09,obm_spent_value_ge365_btc_daily,415.04980562,BTC,daily,OBM v0.1.0
2012-09-10,obm_spent_value_ge365_btc_daily,650.27298658,BTC,daily,OBM v0.1.0
2012-09-11,obm_spent_value_ge365_btc_daily,91.52770992,BTC,daily,OBM v0.1.0
2012-09-12,obm_spent_value_ge365_btc_daily,1180.10613659,BTC,daily,OBM v0.1.0
2012-09-13,obm_spent_value_ge365_btc_daily,548.74540976,BTC,daily,OBM v0.1.0
2012-09-14,obm_spent_value_ge365_btc_daily,519.95763363,BTC,daily,OBM v0.1.0
2012-09-15,obm_spent_value_ge365_btc_daily,1161.93521752,BTC,daily,OBM v0.1.0
2012-09-16,obm_spent_value_ge365_btc_daily,694.30243501,BTC,daily,OBM v0.1.0
2012-09-17,obm_spent_value_ge365_btc_daily,15362.29226907,BTC,daily,OBM v0.1.0
2012-09-18,obm_spent_value_ge365_btc_daily,22468.55965154,BTC,daily,OBM v0.1.0
2012-09-19,obm_spent_value_ge365_btc_daily,722.40201705,BTC,daily,OBM v0.1.0
2012-09-20,obm_spent_value_ge365_btc_daily,3507.29697614,BTC,daily,OBM v0.1.0
2012-09-21,obm_spent_value_ge365_btc_daily,6616.77841223,BTC,daily,OBM v0.1.0
2012-09-22,obm_spent_value_ge365_btc_daily,3860.41740447,BTC,daily,OBM v0.1.0
2012-09-23,obm_spent_value_ge365_btc_daily,815.74827753,BTC,daily,OBM v0.1.0
2012-09-24,obm_spent_value_ge365_btc_daily,9231.25606126,BTC,daily,OBM v0.1.0
2012-09-25,obm_spent_value_ge365_btc_daily,3125.14644851,BTC,daily,OBM v0.1.0
2012-09-26,obm_spent_value_ge365_btc_daily,904.86041586,BTC,daily,OBM v0.1.0
2012-09-27,obm_spent_value_ge365_btc_daily,384.83921923,BTC,daily,OBM v0.1.0
2012-09-28,obm_spent_value_ge365_btc_daily,9715.83281782,BTC,daily,OBM v0.1.0
2012-09-29,obm_spent_value_ge365_btc_daily,517.37620923,BTC,daily,OBM v0.1.0
2012-09-30,obm_spent_value_ge365_btc_daily,219.77131335,BTC,daily,OBM v0.1.0
2012-10-01,obm_spent_value_ge365_btc_daily,270.42833762,BTC,daily,OBM v0.1.0
2012-10-02,obm_spent_value_ge365_btc_daily,579.10624768,BTC,daily,OBM v0.1.0
2012-10-03,obm_spent_value_ge365_btc_daily,9376.91246367,BTC,daily,OBM v0.1.0
2012-10-04,obm_spent_value_ge365_btc_daily,2880.81658037,BTC,daily,OBM v0.1.0
2012-10-05,obm_spent_value_ge365_btc_daily,462.77743218,BTC,daily,OBM v0.1.0
2012-10-06,obm_spent_value_ge365_btc_daily,529.54669947,BTC,daily,OBM v0.1.0
2012-10-07,obm_spent_value_ge365_btc_daily,100.54205291,BTC,daily,OBM v0.1.0
2012-10-08,obm_spent_value_ge365_btc_daily,971.44433765,BTC,daily,OBM v0.1.0
2012-10-09,obm_spent_value_ge365_btc_daily,368.33785593,BTC,daily,OBM v0.1.0
2012-10-10,obm_spent_value_ge365_btc_daily,4223.71653558,BTC,daily,OBM v0.1.0
2012-10-11,obm_spent_value_ge365_btc_daily,1434.32330968,BTC,daily,OBM v0.1.0
2012-10-12,obm_spent_value_ge365_btc_daily,663.01476474,BTC,daily,OBM v0.1.0
2012-10-13,obm_spent_value_ge365_btc_daily,239.71624900,BTC,daily,OBM v0.1.0
2012-10-14,obm_spent_value_ge365_btc_daily,10219.16185033,BTC,daily,OBM v0.1.0
2012-10-15,obm_spent_value_ge365_btc_daily,711.82163159,BTC,daily,OBM v0.1.0
2012-10-16,obm_spent_value_ge365_btc_daily,584.92713667,BTC,daily,OBM v0.1.0
2012-10-17,obm_spent_value_ge365_btc_daily,13354.60596837,BTC,daily,OBM v0.1.0
2012-10-18,obm_spent_value_ge365_btc_daily,2800.83868024,BTC,daily,OBM v0.1.0
2012-10-19,obm_spent_value_ge365_btc_daily,2612.23155603,BTC,daily,OBM v0.1.0
2012-10-20,obm_spent_value_ge365_btc_daily,986.87439454,BTC,daily,OBM v0.1.0
2012-10-21,obm_spent_value_ge365_btc_daily,1027.63683727,BTC,daily,OBM v0.1.0
2012-10-22,obm_spent_value_ge365_btc_daily,701.71524059,BTC,daily,OBM v0.1.0
2012-10-23,obm_spent_value_ge365_btc_daily,1134.96023308,BTC,daily,OBM v0.1.0
2012-10-24,obm_spent_value_ge365_btc_daily,433.57298500,BTC,daily,OBM v0.1.0
2012-10-25,obm_spent_value_ge365_btc_daily,220.19514056,BTC,daily,OBM v0.1.0
2012-10-26,obm_spent_value_ge365_btc_daily,1962.00409875,BTC,daily,OBM v0.1.0
2012-10-27,obm_spent_value_ge365_btc_daily,217.52899619,BTC,daily,OBM v0.1.0
2012-10-28,obm_spent_value_ge365_btc_daily,47.71688679,BTC,daily,OBM v0.1.0
2012-10-29,obm_spent_value_ge365_btc_daily,980.50238465,BTC,daily,OBM v0.1.0
2012-10-30,obm_spent_value_ge365_btc_daily,477.17198737,BTC,daily,OBM v0.1.0
2012-10-31,obm_spent_value_ge365_btc_daily,779.50351744,BTC,daily,OBM v0.1.0
2012-11-01,obm_spent_value_ge365_btc_daily,1063.63897263,BTC,daily,OBM v0.1.0
2012-11-02,obm_spent_value_ge365_btc_daily,577.55552807,BTC,daily,OBM v0.1.0
2012-11-03,obm_spent_value_ge365_btc_daily,210.03344294,BTC,daily,OBM v0.1.0
2012-11-04,obm_spent_value_ge365_btc_daily,518.14610907,BTC,daily,OBM v0.1.0
2012-11-05,obm_spent_value_ge365_btc_daily,905.88142955,BTC,daily,OBM v0.1.0
2012-11-06,obm_spent_value_ge365_btc_daily,577.81530118,BTC,daily,OBM v0.1.0
2012-11-07,obm_spent_value_ge365_btc_daily,3504.51700314,BTC,daily,OBM v0.1.0
2012-11-08,obm_spent_value_ge365_btc_daily,404.44109434,BTC,daily,OBM v0.1.0
2012-11-09,obm_spent_value_ge365_btc_daily,1294.40978589,BTC,daily,OBM v0.1.0
2012-11-10,obm_spent_value_ge365_btc_daily,1217.49283823,BTC,daily,OBM v0.1.0
2012-11-11,obm_spent_value_ge365_btc_daily,802.78476420,BTC,daily,OBM v0.1.0
2012-11-12,obm_spent_value_ge365_btc_daily,167.29361029,BTC,daily,OBM v0.1.0
2012-11-13,obm_spent_value_ge365_btc_daily,866.71745145,BTC,daily,OBM v0.1.0
2012-11-14,obm_spent_value_ge365_btc_daily,2143.13919148,BTC,daily,OBM v0.1.0
2012-11-15,obm_spent_value_ge365_btc_daily,1046.86809729,BTC,daily,OBM v0.1.0
2012-11-16,obm_spent_value_ge365_btc_daily,1438.76948913,BTC,daily,OBM v0.1.0
2012-11-17,obm_spent_value_ge365_btc_daily,867.20711541,BTC,daily,OBM v0.1.0
2012-11-18,obm_spent_value_ge365_btc_daily,596.52548752,BTC,daily,OBM v0.1.0
2012-11-19,obm_spent_value_ge365_btc_daily,1390.23098260,BTC,daily,OBM v0.1.0
2012-11-20,obm_spent_value_ge365_btc_daily,437.44306234,BTC,daily,OBM v0.1.0
2012-11-21,obm_spent_value_ge365_btc_daily,441.39018615,BTC,daily,OBM v0.1.0
2012-11-22,obm_spent_value_ge365_btc_daily,451.45801037,BTC,daily,OBM v0.1.0
2012-11-23,obm_spent_value_ge365_btc_daily,3195.94986941,BTC,daily,OBM v0.1.0
2012-11-24,obm_spent_value_ge365_btc_daily,511.51055318,BTC,daily,OBM v0.1.0
2012-11-25,obm_spent_value_ge365_btc_daily,2037.43154015,BTC,daily,OBM v0.1.0
2012-11-26,obm_spent_value_ge365_btc_daily,929.45021055,BTC,daily,OBM v0.1.0
2012-11-27,obm_spent_value_ge365_btc_daily,2208.38472711,BTC,daily,OBM v0.1.0
2012-11-28,obm_spent_value_ge365_btc_daily,1341.94887268,BTC,daily,OBM v0.1.0
2012-11-29,obm_spent_value_ge365_btc_daily,701.92258549,BTC,daily,OBM v0.1.0
2012-11-30,obm_spent_value_ge365_btc_daily,1399.08681272,BTC,daily,OBM v0.1.0
2012-12-01,obm_spent_value_ge365_btc_daily,2191.99304127,BTC,daily,OBM v0.1.0
2012-12-02,obm_spent_value_ge365_btc_daily,318.88502966,BTC,daily,OBM v0.1.0
2012-12-03,obm_spent_value_ge365_btc_daily,849.54767218,BTC,daily,OBM v0.1.0
2012-12-04,obm_spent_value_ge365_btc_daily,25603.17121360,BTC,daily,OBM v0.1.0
2012-12-05,obm_spent_value_ge365_btc_daily,981.94946646,BTC,daily,OBM v0.1.0
2012-12-06,obm_spent_value_ge365_btc_daily,602.48841058,BTC,daily,OBM v0.1.0
2012-12-07,obm_spent_value_ge365_btc_daily,12973.56876931,BTC,daily,OBM v0.1.0
2012-12-08,obm_spent_value_ge365_btc_daily,275.62464311,BTC,daily,OBM v0.1.0
2012-12-09,obm_spent_value_ge365_btc_daily,1717.72336839,BTC,daily,OBM v0.1.0
2012-12-10,obm_spent_value_ge365_btc_daily,3973.02683310,BTC,daily,OBM v0.1.0
2012-12-11,obm_spent_value_ge365_btc_daily,1049.99811951,BTC,daily,OBM v0.1.0
2012-12-12,obm_spent_value_ge365_btc_daily,7183.27992077,BTC,daily,OBM v0.1.0
2012-12-13,obm_spent_value_ge365_btc_daily,1672.08497870,BTC,daily,OBM v0.1.0
2012-12-14,obm_spent_value_ge365_btc_daily,460.22533118,BTC,daily,OBM v0.1.0
2012-12-15,obm_spent_value_ge365_btc_daily,1322.57778483,BTC,daily,OBM v0.1.0
2012-12-16,obm_spent_value_ge365_btc_daily,394.11443460,BTC,daily,OBM v0.1.0
2012-12-17,obm_spent_value_ge365_btc_daily,515.24185408,BTC,daily,OBM v0.1.0
2012-12-18,obm_spent_value_ge365_btc_daily,385.39174527,BTC,daily,OBM v0.1.0
2012-12-19,obm_spent_value_ge365_btc_daily,328.95908833,BTC,daily,OBM v0.1.0
2012-12-20,obm_spent_value_ge365_btc_daily,9848.89398049,BTC,daily,OBM v0.1.0
2012-12-21,obm_spent_value_ge365_btc_daily,865.49623560,BTC,daily,OBM v0.1.0
2012-12-22,obm_spent_value_ge365_btc_daily,567.76155316,BTC,daily,OBM v0.1.0
2012-12-23,obm_spent_value_ge365_btc_daily,535.57219883,BTC,daily,OBM v0.1.0
2012-12-24,obm_spent_value_ge365_btc_daily,543.16817106,BTC,daily,OBM v0.1.0
2012-12-25,obm_spent_value_ge365_btc_daily,549.55241127,BTC,daily,OBM v0.1.0
2012-12-26,obm_spent_value_ge365_btc_daily,190.53739726,BTC,daily,OBM v0.1.0
2012-12-27,obm_spent_value_ge365_btc_daily,328.90675492,BTC,daily,OBM v0.1.0
2012-12-28,obm_spent_value_ge365_btc_daily,524.86969924,BTC,daily,OBM v0.1.0
2012-12-29,obm_spent_value_ge365_btc_daily,234.92208021,BTC,daily,OBM v0.1.0
2012-12-30,obm_spent_value_ge365_btc_daily,316.42311167,BTC,daily,OBM v0.1.0
2012-12-31,obm_spent_value_ge365_btc_daily,10254.06533890,BTC,daily,OBM v0.1.0
2013-01-01,obm_spent_value_ge365_btc_daily,1149.24019652,BTC,daily,OBM v0.1.0
2013-01-02,obm_spent_value_ge365_btc_daily,249.71165710,BTC,daily,OBM v0.1.0
2013-01-03,obm_spent_value_ge365_btc_daily,1351.22907123,BTC,daily,OBM v0.1.0
2013-01-04,obm_spent_value_ge365_btc_daily,1073.30847793,BTC,daily,OBM v0.1.0
2013-01-05,obm_spent_value_ge365_btc_daily,647.28816156,BTC,daily,OBM v0.1.0
2013-01-06,obm_spent_value_ge365_btc_daily,370.96953829,BTC,daily,OBM v0.1.0
2013-01-07,obm_spent_value_ge365_btc_daily,890.39515357,BTC,daily,OBM v0.1.0
2013-01-08,obm_spent_value_ge365_btc_daily,598.05653774,BTC,daily,OBM v0.1.0
2013-01-09,obm_spent_value_ge365_btc_daily,2343.82218962,BTC,daily,OBM v0.1.0
2013-01-10,obm_spent_value_ge365_btc_daily,518.50341999,BTC,daily,OBM v0.1.0
2013-01-11,obm_spent_value_ge365_btc_daily,717.64195430,BTC,daily,OBM v0.1.0
2013-01-12,obm_spent_value_ge365_btc_daily,804.91604450,BTC,daily,OBM v0.1.0
2013-01-13,obm_spent_value_ge365_btc_daily,3386.22226934,BTC,daily,OBM v0.1.0
2013-01-14,obm_spent_value_ge365_btc_daily,245.75266454,BTC,daily,OBM v0.1.0
2013-01-15,obm_spent_value_ge365_btc_daily,1130.81887095,BTC,daily,OBM v0.1.0
2013-01-16,obm_spent_value_ge365_btc_daily,2291.01046907,BTC,daily,OBM v0.1.0
2013-01-17,obm_spent_value_ge365_btc_daily,3188.16539525,BTC,daily,OBM v0.1.0
2013-01-18,obm_spent_value_ge365_btc_daily,1731.65501696,BTC,daily,OBM v0.1.0
2013-01-19,obm_spent_value_ge365_btc_daily,554.66743503,BTC,daily,OBM v0.1.0
2013-01-20,obm_spent_value_ge365_btc_daily,1265.14605230,BTC,daily,OBM v0.1.0
2013-01-21,obm_spent_value_ge365_btc_daily,4374.58246099,BTC,daily,OBM v0.1.0
2013-01-22,obm_spent_value_ge365_btc_daily,3209.31312704,BTC,daily,OBM v0.1.0
2013-01-23,obm_spent_value_ge365_btc_daily,1896.37688536,BTC,daily,OBM v0.1.0
2013-01-24,obm_spent_value_ge365_btc_daily,4266.26769879,BTC,daily,OBM v0.1.0
2013-01-25,obm_spent_value_ge365_btc_daily,5159.11884235,BTC,daily,OBM v0.1.0
2013-01-26,obm_spent_value_ge365_btc_daily,4477.86937670,BTC,daily,OBM v0.1.0
2013-01-27,obm_spent_value_ge365_btc_daily,1629.29152601,BTC,daily,OBM v0.1.0
2013-01-28,obm_spent_value_ge365_btc_daily,3942.55326102,BTC,daily,OBM v0.1.0
2013-01-29,obm_spent_value_ge365_btc_daily,2095.42207423,BTC,daily,OBM v0.1.0
2013-01-30,obm_spent_value_ge365_btc_daily,4208.83548039,BTC,daily,OBM v0.1.0
2013-01-31,obm_spent_value_ge365_btc_daily,2927.15523038,BTC,daily,OBM v0.1.0
2013-02-01,obm_spent_value_ge365_btc_daily,56658.43545782,BTC,daily,OBM v0.1.0
2013-02-02,obm_spent_value_ge365_btc_daily,12867.18244798,BTC,daily,OBM v0.1.0
2013-02-03,obm_spent_value_ge365_btc_daily,2936.48255044,BTC,daily,OBM v0.1.0
2013-02-04,obm_spent_value_ge365_btc_daily,9999.59731691,BTC,daily,OBM v0.1.0
2013-02-05,obm_spent_value_ge365_btc_daily,7796.54541445,BTC,daily,OBM v0.1.0
2013-02-06,obm_spent_value_ge365_btc_daily,2375.47778529,BTC,daily,OBM v0.1.0
2013-02-07,obm_spent_value_ge365_btc_daily,4305.82313220,BTC,daily,OBM v0.1.0
2013-02-08,obm_spent_value_ge365_btc_daily,4511.34576535,BTC,daily,OBM v0.1.0
2013-02-09,obm_spent_value_ge365_btc_daily,14647.06077596,BTC,daily,OBM v0.1.0
2013-02-10,obm_spent_value_ge365_btc_daily,1938.81010044,BTC,daily,OBM v0.1.0
2013-02-11,obm_spent_value_ge365_btc_daily,4516.27786698,BTC,daily,OBM v0.1.0
2013-02-12,obm_spent_value_ge365_btc_daily,2893.46902827,BTC,daily,OBM v0.1.0
2013-02-13,obm_spent_value_ge365_btc_daily,1966.69542071,BTC,daily,OBM v0.1.0
2013-02-14,obm_spent_value_ge365_btc_daily,4046.05926696,BTC,daily,OBM v0.1.0
2013-02-15,obm_spent_value_ge365_btc_daily,21714.80025210,BTC,daily,OBM v0.1.0
2013-02-16,obm_spent_value_ge365_btc_daily,2143.50857641,BTC,daily,OBM v0.1.0
2013-02-17,obm_spent_value_ge365_btc_daily,4057.78288206,BTC,daily,OBM v0.1.0
2013-02-18,obm_spent_value_ge365_btc_daily,5609.45636859,BTC,daily,OBM v0.1.0
2013-02-19,obm_spent_value_ge365_btc_daily,4604.37105652,BTC,daily,OBM v0.1.0
2013-02-20,obm_spent_value_ge365_btc_daily,12155.83594899,BTC,daily,OBM v0.1.0
2013-02-21,obm_spent_value_ge365_btc_daily,2308.88191148,BTC,daily,OBM v0.1.0
2013-02-22,obm_spent_value_ge365_btc_daily,2923.04829446,BTC,daily,OBM v0.1.0
2013-02-23,obm_spent_value_ge365_btc_daily,3009.76833846,BTC,daily,OBM v0.1.0
2013-02-24,obm_spent_value_ge365_btc_daily,4086.64693185,BTC,daily,OBM v0.1.0
2013-02-25,obm_spent_value_ge365_btc_daily,26919.33318334,BTC,daily,OBM v0.1.0
2013-02-26,obm_spent_value_ge365_btc_daily,3964.29538219,BTC,daily,OBM v0.1.0
2013-02-27,obm_spent_value_ge365_btc_daily,1039.19787819,BTC,daily,OBM v0.1.0
2013-02-28,obm_spent_value_ge365_btc_daily,21557.34463661,BTC,daily,OBM v0.1.0
2013-03-01,obm_spent_value_ge365_btc_daily,6318.75961062,BTC,daily,OBM v0.1.0
2013-03-02,obm_spent_value_ge365_btc_daily,2042.01661436,BTC,daily,OBM v0.1.0
2013-03-03,obm_spent_value_ge365_btc_daily,2643.67874671,BTC,daily,OBM v0.1.0
2013-03-04,obm_spent_value_ge365_btc_daily,2953.03468140,BTC,daily,OBM v0.1.0
2013-03-05,obm_spent_value_ge365_btc_daily,9895.05992453,BTC,daily,OBM v0.1.0
2013-03-06,obm_spent_value_ge365_btc_daily,22648.61771625,BTC,daily,OBM v0.1.0
2013-03-07,obm_spent_value_ge365_btc_daily,13776.05654117,BTC,daily,OBM v0.1.0
2013-03-08,obm_spent_value_ge365_btc_daily,2957.19427317,BTC,daily,OBM v0.1.0
2013-03-09,obm_spent_value_ge365_btc_daily,9281.31624524,BTC,daily,OBM v0.1.0
2013-03-10,obm_spent_value_ge365_btc_daily,1639.58996530,BTC,daily,OBM v0.1.0
2013-03-11,obm_spent_value_ge365_btc_daily,6793.47378986,BTC,daily,OBM v0.1.0
2013-03-12,obm_spent_value_ge365_btc_daily,4791.71578323,BTC,daily,OBM v0.1.0
2013-03-13,obm_spent_value_ge365_btc_daily,4995.39749974,BTC,daily,OBM v0.1.0
2013-03-14,obm_spent_value_ge365_btc_daily,5620.71651160,BTC,daily,OBM v0.1.0
2013-03-15,obm_spent_value_ge365_btc_daily,4503.10604736,BTC,daily,OBM v0.1.0
2013-03-16,obm_spent_value_ge365_btc_daily,2598.17643743,BTC,daily,OBM v0.1.0
2013-03-17,obm_spent_value_ge365_btc_daily,3253.78088391,BTC,daily,OBM v0.1.0
2013-03-18,obm_spent_value_ge365_btc_daily,2310.56546698,BTC,daily,OBM v0.1.0
2013-03-19,obm_spent_value_ge365_btc_daily,8626.63385833,BTC,daily,OBM v0.1.0
2013-03-20,obm_spent_value_ge365_btc_daily,5728.56186338,BTC,daily,OBM v0.1.0
2013-03-21,obm_spent_value_ge365_btc_daily,9591.98795843,BTC,daily,OBM v0.1.0
2013-03-22,obm_spent_value_ge365_btc_daily,18893.16773622,BTC,daily,OBM v0.1.0
2013-03-23,obm_spent_value_ge365_btc_daily,8974.95493809,BTC,daily,OBM v0.1.0
2013-03-24,obm_spent_value_ge365_btc_daily,4889.29512004,BTC,daily,OBM v0.1.0
2013-03-25,obm_spent_value_ge365_btc_daily,8031.88179261,BTC,daily,OBM v0.1.0
2013-03-26,obm_spent_value_ge365_btc_daily,8363.77360545,BTC,daily,OBM v0.1.0
2013-03-27,obm_spent_value_ge365_btc_daily,6760.08881534,BTC,daily,OBM v0.1.0
2013-03-28,obm_spent_value_ge365_btc_daily,7098.97191560,BTC,daily,OBM v0.1.0
2013-03-29,obm_spent_value_ge365_btc_daily,6822.50181576,BTC,daily,OBM v0.1.0
2013-03-30,obm_spent_value_ge365_btc_daily,7540.90954603,BTC,daily,OBM v0.1.0
2013-03-31,obm_spent_value_ge365_btc_daily,1923.18679018,BTC,daily,OBM v0.1.0
2013-04-01,obm_spent_value_ge365_btc_daily,29983.99137545,BTC,daily,OBM v0.1.0
2013-04-02,obm_spent_value_ge365_btc_daily,10082.11301794,BTC,daily,OBM v0.1.0
2013-04-03,obm_spent_value_ge365_btc_daily,28552.53110873,BTC,daily,OBM v0.1.0
2013-04-04,obm_spent_value_ge365_btc_daily,10802.58600601,BTC,daily,OBM v0.1.0
2013-04-05,obm_spent_value_ge365_btc_daily,27007.17339340,BTC,daily,OBM v0.1.0
2013-04-06,obm_spent_value_ge365_btc_daily,10083.86018868,BTC,daily,OBM v0.1.0
2013-04-07,obm_spent_value_ge365_btc_daily,11064.51387671,BTC,daily,OBM v0.1.0
2013-04-08,obm_spent_value_ge365_btc_daily,14027.85378708,BTC,daily,OBM v0.1.0
2013-04-09,obm_spent_value_ge365_btc_daily,25665.41796875,BTC,daily,OBM v0.1.0
2013-04-10,obm_spent_value_ge365_btc_daily,32625.64159120,BTC,daily,OBM v0.1.0
2013-04-11,obm_spent_value_ge365_btc_daily,21655.86555557,BTC,daily,OBM v0.1.0
2013-04-12,obm_spent_value_ge365_btc_daily,9246.33903712,BTC,daily,OBM v0.1.0
2013-04-13,obm_spent_value_ge365_btc_daily,16033.29640834,BTC,daily,OBM v0.1.0
2013-04-14,obm_spent_value_ge365_btc_daily,9815.87392444,BTC,daily,OBM v0.1.0
2013-04-15,obm_spent_value_ge365_btc_daily,10750.81296242,BTC,daily,OBM v0.1.0
2013-04-16,obm_spent_value_ge365_btc_daily,21978.56049901,BTC,daily,OBM v0.1.0
2013-04-17,obm_spent_value_ge365_btc_daily,3411.77257596,BTC,daily,OBM v0.1.0
2013-04-18,obm_spent_value_ge365_btc_daily,1453.77399407,BTC,daily,OBM v0.1.0
2013-04-19,obm_spent_value_ge365_btc_daily,4531.33956354,BTC,daily,OBM v0.1.0
2013-04-20,obm_spent_value_ge365_btc_daily,5951.57761806,BTC,daily,OBM v0.1.0
2013-04-21,obm_spent_value_ge365_btc_daily,10448.77338375,BTC,daily,OBM v0.1.0
2013-04-22,obm_spent_value_ge365_btc_daily,6628.95957670,BTC,daily,OBM v0.1.0
2013-04-23,obm_spent_value_ge365_btc_daily,17828.87791931,BTC,daily,OBM v0.1.0
2013-04-24,obm_spent_value_ge365_btc_daily,4154.22702801,BTC,daily,OBM v0.1.0
2013-04-25,obm_spent_value_ge365_btc_daily,2187.61240645,BTC,daily,OBM v0.1.0
2013-04-26,obm_spent_value_ge365_btc_daily,1245.61501145,BTC,daily,OBM v0.1.0
2013-04-27,obm_spent_value_ge365_btc_daily,4246.11336393,BTC,daily,OBM v0.1.0
2013-04-28,obm_spent_value_ge365_btc_daily,3171.01645400,BTC,daily,OBM v0.1.0
2013-04-29,obm_spent_value_ge365_btc_daily,3793.84469687,BTC,daily,OBM v0.1.0
2013-04-30,obm_spent_value_ge365_btc_daily,1676.50850400,BTC,daily,OBM v0.1.0
2013-05-01,obm_spent_value_ge365_btc_daily,4131.10543465,BTC,daily,OBM v0.1.0
2013-05-02,obm_spent_value_ge365_btc_daily,2005.05909630,BTC,daily,OBM v0.1.0
2013-05-03,obm_spent_value_ge365_btc_daily,7749.02433997,BTC,daily,OBM v0.1.0
2013-05-04,obm_spent_value_ge365_btc_daily,755.45555237,BTC,daily,OBM v0.1.0
2013-05-05,obm_spent_value_ge365_btc_daily,2933.15749070,BTC,daily,OBM v0.1.0
2013-05-06,obm_spent_value_ge365_btc_daily,564.91215015,BTC,daily,OBM v0.1.0
2013-05-07,obm_spent_value_ge365_btc_daily,3904.54791109,BTC,daily,OBM v0.1.0
2013-05-08,obm_spent_value_ge365_btc_daily,1579.06421730,BTC,daily,OBM v0.1.0
2013-05-09,obm_spent_value_ge365_btc_daily,3275.85808313,BTC,daily,OBM v0.1.0
2013-05-10,obm_spent_value_ge365_btc_daily,2513.40697697,BTC,daily,OBM v0.1.0
2013-05-11,obm_spent_value_ge365_btc_daily,3025.31170620,BTC,daily,OBM v0.1.0
2013-05-12,obm_spent_value_ge365_btc_daily,764.71123690,BTC,daily,OBM v0.1.0
2013-05-13,obm_spent_value_ge365_btc_daily,872.49491678,BTC,daily,OBM v0.1.0
2013-05-14,obm_spent_value_ge365_btc_daily,2602.34364095,BTC,daily,OBM v0.1.0
2013-05-15,obm_spent_value_ge365_btc_daily,4970.40976145,BTC,daily,OBM v0.1.0
2013-05-16,obm_spent_value_ge365_btc_daily,1087.42281071,BTC,daily,OBM v0.1.0
2013-05-17,obm_spent_value_ge365_btc_daily,975.05019694,BTC,daily,OBM v0.1.0
2013-05-18,obm_spent_value_ge365_btc_daily,1771.82567844,BTC,daily,OBM v0.1.0
2013-05-19,obm_spent_value_ge365_btc_daily,330.23907752,BTC,daily,OBM v0.1.0
2013-05-20,obm_spent_value_ge365_btc_daily,1258.11310408,BTC,daily,OBM v0.1.0
2013-05-21,obm_spent_value_ge365_btc_daily,1199.49192482,BTC,daily,OBM v0.1.0
2013-05-22,obm_spent_value_ge365_btc_daily,1515.29250460,BTC,daily,OBM v0.1.0
2013-05-23,obm_spent_value_ge365_btc_daily,1143.22454538,BTC,daily,OBM v0.1.0
2013-05-24,obm_spent_value_ge365_btc_daily,739.51760421,BTC,daily,OBM v0.1.0
2013-05-25,obm_spent_value_ge365_btc_daily,1067.18652863,BTC,daily,OBM v0.1.0
2013-05-26,obm_spent_value_ge365_btc_daily,341.32375966,BTC,daily,OBM v0.1.0
2013-05-27,obm_spent_value_ge365_btc_daily,1328.72308604,BTC,daily,OBM v0.1.0
2013-05-28,obm_spent_value_ge365_btc_daily,2616.77033078,BTC,daily,OBM v0.1.0
2013-05-29,obm_spent_value_ge365_btc_daily,1527.16884582,BTC,daily,OBM v0.1.0
2013-05-30,obm_spent_value_ge365_btc_daily,2053.40437449,BTC,daily,OBM v0.1.0
2013-05-31,obm_spent_value_ge365_btc_daily,8777.14892800,BTC,daily,OBM v0.1.0
2013-06-01,obm_spent_value_ge365_btc_daily,1808.46418068,BTC,daily,OBM v0.1.0
2013-06-02,obm_spent_value_ge365_btc_daily,455.50808608,BTC,daily,OBM v0.1.0
2013-06-03,obm_spent_value_ge365_btc_daily,689.96985153,BTC,daily,OBM v0.1.0
2013-06-04,obm_spent_value_ge365_btc_daily,5149.59064577,BTC,daily,OBM v0.1.0
2013-06-05,obm_spent_value_ge365_btc_daily,12796.22359799,BTC,daily,OBM v0.1.0
2013-06-06,obm_spent_value_ge365_btc_daily,579.57436930,BTC,daily,OBM v0.1.0
2013-06-07,obm_spent_value_ge365_btc_daily,3527.00900345,BTC,daily,OBM v0.1.0
2013-06-08,obm_spent_value_ge365_btc_daily,1834.12077313,BTC,daily,OBM v0.1.0
2013-06-09,obm_spent_value_ge365_btc_daily,9518.85916144,BTC,daily,OBM v0.1.0
2013-06-10,obm_spent_value_ge365_btc_daily,425.30380614,BTC,daily,OBM v0.1.0
2013-06-11,obm_spent_value_ge365_btc_daily,8594.20316164,BTC,daily,OBM v0.1.0
2013-06-12,obm_spent_value_ge365_btc_daily,503.60256601,BTC,daily,OBM v0.1.0
2013-06-13,obm_spent_value_ge365_btc_daily,1191.75283349,BTC,daily,OBM v0.1.0
2013-06-14,obm_spent_value_ge365_btc_daily,6769.00671176,BTC,daily,OBM v0.1.0
2013-06-15,obm_spent_value_ge365_btc_daily,2067.03960811,BTC,daily,OBM v0.1.0
2013-06-16,obm_spent_value_ge365_btc_daily,1891.46737179,BTC,daily,OBM v0.1.0
2013-06-17,obm_spent_value_ge365_btc_daily,189.85486304,BTC,daily,OBM v0.1.0
2013-06-18,obm_spent_value_ge365_btc_daily,293.34033603,BTC,daily,OBM v0.1.0
2013-06-19,obm_spent_value_ge365_btc_daily,1343.84062570,BTC,daily,OBM v0.1.0
2013-06-20,obm_spent_value_ge365_btc_daily,666.51166441,BTC,daily,OBM v0.1.0
2013-06-21,obm_spent_value_ge365_btc_daily,212.33532792,BTC,daily,OBM v0.1.0
2013-06-22,obm_spent_value_ge365_btc_daily,283.52901509,BTC,daily,OBM v0.1.0
2013-06-23,obm_spent_value_ge365_btc_daily,1140.49224463,BTC,daily,OBM v0.1.0
2013-06-24,obm_spent_value_ge365_btc_daily,325.30282012,BTC,daily,OBM v0.1.0
2013-06-25,obm_spent_value_ge365_btc_daily,2672.72461335,BTC,daily,OBM v0.1.0
2013-06-26,obm_spent_value_ge365_btc_daily,1298.60867952,BTC,daily,OBM v0.1.0
2013-06-27,obm_spent_value_ge365_btc_daily,2338.47231938,BTC,daily,OBM v0.1.0
2013-06-28,obm_spent_value_ge365_btc_daily,5245.21607815,BTC,daily,OBM v0.1.0
2013-06-29,obm_spent_value_ge365_btc_daily,5803.38902471,BTC,daily,OBM v0.1.0
2013-06-30,obm_spent_value_ge365_btc_daily,2361.64070607,BTC,daily,OBM v0.1.0
2013-07-01,obm_spent_value_ge365_btc_daily,12113.46083442,BTC,daily,OBM v0.1.0
2013-07-02,obm_spent_value_ge365_btc_daily,3806.00820895,BTC,daily,OBM v0.1.0
2013-07-03,obm_spent_value_ge365_btc_daily,6959.44861185,BTC,daily,OBM v0.1.0
2013-07-04,obm_spent_value_ge365_btc_daily,1630.65389395,BTC,daily,OBM v0.1.0
2013-07-05,obm_spent_value_ge365_btc_daily,3538.70979114,BTC,daily,OBM v0.1.0
2013-07-06,obm_spent_value_ge365_btc_daily,549.41097103,BTC,daily,OBM v0.1.0
2013-07-07,obm_spent_value_ge365_btc_daily,471.33544969,BTC,daily,OBM v0.1.0
2013-07-08,obm_spent_value_ge365_btc_daily,1254.47459140,BTC,daily,OBM v0.1.0
2013-07-09,obm_spent_value_ge365_btc_daily,1332.42169898,BTC,daily,OBM v0.1.0
2013-07-10,obm_spent_value_ge365_btc_daily,2545.97878441,BTC,daily,OBM v0.1.0
2013-07-11,obm_spent_value_ge365_btc_daily,543.46220220,BTC,daily,OBM v0.1.0
2013-07-12,obm_spent_value_ge365_btc_daily,627.12050494,BTC,daily,OBM v0.1.0
2013-07-13,obm_spent_value_ge365_btc_daily,1185.98772173,BTC,daily,OBM v0.1.0
2013-07-14,obm_spent_value_ge365_btc_daily,410.25081999,BTC,daily,OBM v0.1.0
2013-07-15,obm_spent_value_ge365_btc_daily,1059.20774355,BTC,daily,OBM v0.1.0
2013-07-16,obm_spent_value_ge365_btc_daily,856.06093836,BTC,daily,OBM v0.1.0
2013-07-17,obm_spent_value_ge365_btc_daily,629.64159741,BTC,daily,OBM v0.1.0
2013-07-18,obm_spent_value_ge365_btc_daily,272.29452099,BTC,daily,OBM v0.1.0
2013-07-19,obm_spent_value_ge365_btc_daily,390.09612572,BTC,daily,OBM v0.1.0
2013-07-20,obm_spent_value_ge365_btc_daily,2172.46750578,BTC,daily,OBM v0.1.0
2013-07-21,obm_spent_value_ge365_btc_daily,1992.76923748,BTC,daily,OBM v0.1.0
2013-07-22,obm_spent_value_ge365_btc_daily,2595.43907075,BTC,daily,OBM v0.1.0
2013-07-23,obm_spent_value_ge365_btc_daily,600.62179954,BTC,daily,OBM v0.1.0
2013-07-24,obm_spent_value_ge365_btc_daily,839.92990181,BTC,daily,OBM v0.1.0
2013-07-25,obm_spent_value_ge365_btc_daily,2461.87485467,BTC,daily,OBM v0.1.0
2013-07-26,obm_spent_value_ge365_btc_daily,1794.53486225,BTC,daily,OBM v0.1.0
2013-07-27,obm_spent_value_ge365_btc_daily,268.73267100,BTC,daily,OBM v0.1.0
2013-07-28,obm_spent_value_ge365_btc_daily,1652.93195486,BTC,daily,OBM v0.1.0
2013-07-29,obm_spent_value_ge365_btc_daily,1652.10797149,BTC,daily,OBM v0.1.0
2013-07-30,obm_spent_value_ge365_btc_daily,553.26889671,BTC,daily,OBM v0.1.0
2013-07-31,obm_spent_value_ge365_btc_daily,2869.36818803,BTC,daily,OBM v0.1.0
2013-08-01,obm_spent_value_ge365_btc_daily,306.27377863,BTC,daily,OBM v0.1.0
2013-08-02,obm_spent_value_ge365_btc_daily,8124.95768902,BTC,daily,OBM v0.1.0
2013-08-03,obm_spent_value_ge365_btc_daily,41688.59025051,BTC,daily,OBM v0.1.0
2013-08-04,obm_spent_value_ge365_btc_daily,719.81521700,BTC,daily,OBM v0.1.0
2013-08-05,obm_spent_value_ge365_btc_daily,620.77681944,BTC,daily,OBM v0.1.0
2013-08-06,obm_spent_value_ge365_btc_daily,424.01441693,BTC,daily,OBM v0.1.0
2013-08-07,obm_spent_value_ge365_btc_daily,1228.52187166,BTC,daily,OBM v0.1.0
2013-08-08,obm_spent_value_ge365_btc_daily,2853.28261225,BTC,daily,OBM v0.1.0
2013-08-09,obm_spent_value_ge365_btc_daily,786.22650292,BTC,daily,OBM v0.1.0
2013-08-10,obm_spent_value_ge365_btc_daily,506.26506581,BTC,daily,OBM v0.1.0
2013-08-11,obm_spent_value_ge365_btc_daily,1967.93153087,BTC,daily,OBM v0.1.0
2013-08-12,obm_spent_value_ge365_btc_daily,1345.96319489,BTC,daily,OBM v0.1.0
2013-08-13,obm_spent_value_ge365_btc_daily,23861.92401829,BTC,daily,OBM v0.1.0
2013-08-14,obm_spent_value_ge365_btc_daily,720.62522352,BTC,daily,OBM v0.1.0
2013-08-15,obm_spent_value_ge365_btc_daily,2523.92286089,BTC,daily,OBM v0.1.0
2013-08-16,obm_spent_value_ge365_btc_daily,3262.85314791,BTC,daily,OBM v0.1.0
2013-08-17,obm_spent_value_ge365_btc_daily,726.70133323,BTC,daily,OBM v0.1.0
2013-08-18,obm_spent_value_ge365_btc_daily,1087.54830611,BTC,daily,OBM v0.1.0
2013-08-19,obm_spent_value_ge365_btc_daily,428.58684215,BTC,daily,OBM v0.1.0
2013-08-20,obm_spent_value_ge365_btc_daily,652.60978163,BTC,daily,OBM v0.1.0
2013-08-21,obm_spent_value_ge365_btc_daily,996.55787520,BTC,daily,OBM v0.1.0
2013-08-22,obm_spent_value_ge365_btc_daily,235.89087166,BTC,daily,OBM v0.1.0
2013-08-23,obm_spent_value_ge365_btc_daily,815.14473691,BTC,daily,OBM v0.1.0
2013-08-24,obm_spent_value_ge365_btc_daily,1204.25582861,BTC,daily,OBM v0.1.0
2013-08-25,obm_spent_value_ge365_btc_daily,916.54158109,BTC,daily,OBM v0.1.0
2013-08-26,obm_spent_value_ge365_btc_daily,582.94973916,BTC,daily,OBM v0.1.0
2013-08-27,obm_spent_value_ge365_btc_daily,536.96401885,BTC,daily,OBM v0.1.0
2013-08-28,obm_spent_value_ge365_btc_daily,1422.62803960,BTC,daily,OBM v0.1.0
2013-08-29,obm_spent_value_ge365_btc_daily,698.01295954,BTC,daily,OBM v0.1.0
2013-08-30,obm_spent_value_ge365_btc_daily,2275.91506178,BTC,daily,OBM v0.1.0
2013-08-31,obm_spent_value_ge365_btc_daily,2172.92793143,BTC,daily,OBM v0.1.0
2013-09-01,obm_spent_value_ge365_btc_daily,1910.28888402,BTC,daily,OBM v0.1.0
2013-09-02,obm_spent_value_ge365_btc_daily,3130.65481004,BTC,daily,OBM v0.1.0
2013-09-03,obm_spent_value_ge365_btc_daily,3457.82095067,BTC,daily,OBM v0.1.0
2013-09-04,obm_spent_value_ge365_btc_daily,924.29334817,BTC,daily,OBM v0.1.0
2013-09-05,obm_spent_value_ge365_btc_daily,467.58780935,BTC,daily,OBM v0.1.0
2013-09-06,obm_spent_value_ge365_btc_daily,1024.07833577,BTC,daily,OBM v0.1.0
2013-09-07,obm_spent_value_ge365_btc_daily,1621.72255421,BTC,daily,OBM v0.1.0
2013-09-08,obm_spent_value_ge365_btc_daily,255.40799474,BTC,daily,OBM v0.1.0
2013-09-09,obm_spent_value_ge365_btc_daily,8619.90966064,BTC,daily,OBM v0.1.0
2013-09-10,obm_spent_value_ge365_btc_daily,294.78667056,BTC,daily,OBM v0.1.0
2013-09-11,obm_spent_value_ge365_btc_daily,949.69699589,BTC,daily,OBM v0.1.0
2013-09-12,obm_spent_value_ge365_btc_daily,529.93723744,BTC,daily,OBM v0.1.0
2013-09-13,obm_spent_value_ge365_btc_daily,750.01791497,BTC,daily,OBM v0.1.0
2013-09-14,obm_spent_value_ge365_btc_daily,1415.63738073,BTC,daily,OBM v0.1.0
2013-09-15,obm_spent_value_ge365_btc_daily,901.10828172,BTC,daily,OBM v0.1.0
2013-09-16,obm_spent_value_ge365_btc_daily,441.33017263,BTC,daily,OBM v0.1.0
2013-09-17,obm_spent_value_ge365_btc_daily,1172.80748795,BTC,daily,OBM v0.1.0
2013-09-18,obm_spent_value_ge365_btc_daily,5949.14389961,BTC,daily,OBM v0.1.0
2013-09-19,obm_spent_value_ge365_btc_daily,1340.88744279,BTC,daily,OBM v0.1.0
2013-09-20,obm_spent_value_ge365_btc_daily,678.15912150,BTC,daily,OBM v0.1.0
2013-09-21,obm_spent_value_ge365_btc_daily,177.47329132,BTC,daily,OBM v0.1.0
2013-09-22,obm_spent_value_ge365_btc_daily,366.26325226,BTC,daily,OBM v0.1.0
2013-09-23,obm_spent_value_ge365_btc_daily,366.43198537,BTC,daily,OBM v0.1.0
2013-09-24,obm_spent_value_ge365_btc_daily,1559.98086930,BTC,daily,OBM v0.1.0
2013-09-25,obm_spent_value_ge365_btc_daily,1434.48290356,BTC,daily,OBM v0.1.0
2013-09-26,obm_spent_value_ge365_btc_daily,307.84407311,BTC,daily,OBM v0.1.0
2013-09-27,obm_spent_value_ge365_btc_daily,491.76646533,BTC,daily,OBM v0.1.0
2013-09-28,obm_spent_value_ge365_btc_daily,678.37825012,BTC,daily,OBM v0.1.0
2013-09-29,obm_spent_value_ge365_btc_daily,1779.96213675,BTC,daily,OBM v0.1.0
2013-09-30,obm_spent_value_ge365_btc_daily,2115.59142724,BTC,daily,OBM v0.1.0
2013-10-01,obm_spent_value_ge365_btc_daily,1074.88662557,BTC,daily,OBM v0.1.0
2013-10-02,obm_spent_value_ge365_btc_daily,4329.63483366,BTC,daily,OBM v0.1.0
2013-10-03,obm_spent_value_ge365_btc_daily,766.65504511,BTC,daily,OBM v0.1.0
2013-10-04,obm_spent_value_ge365_btc_daily,318.07273955,BTC,daily,OBM v0.1.0
2013-10-05,obm_spent_value_ge365_btc_daily,2516.04729490,BTC,daily,OBM v0.1.0
2013-10-06,obm_spent_value_ge365_btc_daily,755.84788700,BTC,daily,OBM v0.1.0
2013-10-07,obm_spent_value_ge365_btc_daily,8452.67972013,BTC,daily,OBM v0.1.0
2013-10-08,obm_spent_value_ge365_btc_daily,629.05018379,BTC,daily,OBM v0.1.0
2013-10-09,obm_spent_value_ge365_btc_daily,3177.72229556,BTC,daily,OBM v0.1.0
2013-10-10,obm_spent_value_ge365_btc_daily,827.21910010,BTC,daily,OBM v0.1.0
2013-10-11,obm_spent_value_ge365_btc_daily,1313.54747810,BTC,daily,OBM v0.1.0
2013-10-12,obm_spent_value_ge365_btc_daily,403.56870094,BTC,daily,OBM v0.1.0
2013-10-13,obm_spent_value_ge365_btc_daily,2855.14186118,BTC,daily,OBM v0.1.0
2013-10-14,obm_spent_value_ge365_btc_daily,1081.56766464,BTC,daily,OBM v0.1.0
2013-10-15,obm_spent_value_ge365_btc_daily,743.98247398,BTC,daily,OBM v0.1.0
2013-10-16,obm_spent_value_ge365_btc_daily,10514.92133299,BTC,daily,OBM v0.1.0
2013-10-17,obm_spent_value_ge365_btc_daily,1367.43720580,BTC,daily,OBM v0.1.0
2013-10-18,obm_spent_value_ge365_btc_daily,435.72227898,BTC,daily,OBM v0.1.0
2013-10-19,obm_spent_value_ge365_btc_daily,5203.22300306,BTC,daily,OBM v0.1.0
2013-10-20,obm_spent_value_ge365_btc_daily,6511.33801011,BTC,daily,OBM v0.1.0
2013-10-21,obm_spent_value_ge365_btc_daily,40017.28162597,BTC,daily,OBM v0.1.0
2013-10-22,obm_spent_value_ge365_btc_daily,1856.21283039,BTC,daily,OBM v0.1.0
2013-10-23,obm_spent_value_ge365_btc_daily,2290.18143376,BTC,daily,OBM v0.1.0
2013-10-24,obm_spent_value_ge365_btc_daily,4336.82769432,BTC,daily,OBM v0.1.0
2013-10-25,obm_spent_value_ge365_btc_daily,53075.90838598,BTC,daily,OBM v0.1.0
2013-10-26,obm_spent_value_ge365_btc_daily,3523.56189819,BTC,daily,OBM v0.1.0
2013-10-27,obm_spent_value_ge365_btc_daily,5918.97934372,BTC,daily,OBM v0.1.0
2013-10-28,obm_spent_value_ge365_btc_daily,977.70169418,BTC,daily,OBM v0.1.0
2013-10-29,obm_spent_value_ge365_btc_daily,3747.21633224,BTC,daily,OBM v0.1.0
2013-10-30,obm_spent_value_ge365_btc_daily,389.12592220,BTC,daily,OBM v0.1.0
2013-10-31,obm_spent_value_ge365_btc_daily,5741.24027000,BTC,daily,OBM v0.1.0
2013-11-01,obm_spent_value_ge365_btc_daily,2882.97251852,BTC,daily,OBM v0.1.0
2013-11-02,obm_spent_value_ge365_btc_daily,1200.43926584,BTC,daily,OBM v0.1.0
2013-11-03,obm_spent_value_ge365_btc_daily,838.75041492,BTC,daily,OBM v0.1.0
2013-11-04,obm_spent_value_ge365_btc_daily,3490.99312233,BTC,daily,OBM v0.1.0
2013-11-05,obm_spent_value_ge365_btc_daily,8755.62341685,BTC,daily,OBM v0.1.0
2013-11-06,obm_spent_value_ge365_btc_daily,3457.93656119,BTC,daily,OBM v0.1.0
2013-11-07,obm_spent_value_ge365_btc_daily,13347.10640513,BTC,daily,OBM v0.1.0
2013-11-08,obm_spent_value_ge365_btc_daily,9831.38401769,BTC,daily,OBM v0.1.0
2013-11-09,obm_spent_value_ge365_btc_daily,7121.00812439,BTC,daily,OBM v0.1.0
2013-11-10,obm_spent_value_ge365_btc_daily,8061.37129478,BTC,daily,OBM v0.1.0
2013-11-11,obm_spent_value_ge365_btc_daily,13638.03724481,BTC,daily,OBM v0.1.0
2013-11-12,obm_spent_value_ge365_btc_daily,10571.66589619,BTC,daily,OBM v0.1.0
2013-11-13,obm_spent_value_ge365_btc_daily,16548.55033784,BTC,daily,OBM v0.1.0
2013-11-14,obm_spent_value_ge365_btc_daily,19886.83825021,BTC,daily,OBM v0.1.0
2013-11-15,obm_spent_value_ge365_btc_daily,17355.62585931,BTC,daily,OBM v0.1.0
2013-11-16,obm_spent_value_ge365_btc_daily,15156.51551036,BTC,daily,OBM v0.1.0
2013-11-17,obm_spent_value_ge365_btc_daily,20935.72872933,BTC,daily,OBM v0.1.0
2013-11-18,obm_spent_value_ge365_btc_daily,24600.27649121,BTC,daily,OBM v0.1.0
2013-11-19,obm_spent_value_ge365_btc_daily,16155.80447224,BTC,daily,OBM v0.1.0
2013-11-20,obm_spent_value_ge365_btc_daily,22623.04447412,BTC,daily,OBM v0.1.0
2013-11-21,obm_spent_value_ge365_btc_daily,6060.88450702,BTC,daily,OBM v0.1.0
2013-11-22,obm_spent_value_ge365_btc_daily,8099.04713180,BTC,daily,OBM v0.1.0
2013-11-23,obm_spent_value_ge365_btc_daily,4438.36207355,BTC,daily,OBM v0.1.0
2013-11-24,obm_spent_value_ge365_btc_daily,9677.35425348,BTC,daily,OBM v0.1.0
2013-11-25,obm_spent_value_ge365_btc_daily,39104.53071632,BTC,daily,OBM v0.1.0
2013-11-26,obm_spent_value_ge365_btc_daily,4735.88956046,BTC,daily,OBM v0.1.0
2013-11-27,obm_spent_value_ge365_btc_daily,22851.56921654,BTC,daily,OBM v0.1.0
2013-11-28,obm_spent_value_ge365_btc_daily,19987.18397462,BTC,daily,OBM v0.1.0
2013-11-29,obm_spent_value_ge365_btc_daily,7673.24604718,BTC,daily,OBM v0.1.0
2013-11-30,obm_spent_value_ge365_btc_daily,4578.62743428,BTC,daily,OBM v0.1.0
2013-12-01,obm_spent_value_ge365_btc_daily,5138.13070013,BTC,daily,OBM v0.1.0
2013-12-02,obm_spent_value_ge365_btc_daily,8131.05538668,BTC,daily,OBM v0.1.0
2013-12-03,obm_spent_value_ge365_btc_daily,2356.95290519,BTC,daily,OBM v0.1.0
2013-12-04,obm_spent_value_ge365_btc_daily,4002.62600749,BTC,daily,OBM v0.1.0
2013-12-05,obm_spent_value_ge365_btc_daily,3599.00910319,BTC,daily,OBM v0.1.0
2013-12-06,obm_spent_value_ge365_btc_daily,4346.48062437,BTC,daily,OBM v0.1.0
2013-12-07,obm_spent_value_ge365_btc_daily,5175.21089747,BTC,daily,OBM v0.1.0
2013-12-08,obm_spent_value_ge365_btc_daily,1677.50485009,BTC,daily,OBM v0.1.0
2013-12-09,obm_spent_value_ge365_btc_daily,2044.87414547,BTC,daily,OBM v0.1.0
2013-12-10,obm_spent_value_ge365_btc_daily,1840.82478892,BTC,daily,OBM v0.1.0
2013-12-11,obm_spent_value_ge365_btc_daily,2888.40840707,BTC,daily,OBM v0.1.0
2013-12-12,obm_spent_value_ge365_btc_daily,1962.09512874,BTC,daily,OBM v0.1.0
2013-12-13,obm_spent_value_ge365_btc_daily,2210.88862304,BTC,daily,OBM v0.1.0
2013-12-14,obm_spent_value_ge365_btc_daily,4854.82182089,BTC,daily,OBM v0.1.0
2013-12-15,obm_spent_value_ge365_btc_daily,3146.30318119,BTC,daily,OBM v0.1.0
2013-12-16,obm_spent_value_ge365_btc_daily,16255.55203242,BTC,daily,OBM v0.1.0
2013-12-17,obm_spent_value_ge365_btc_daily,3163.95536958,BTC,daily,OBM v0.1.0
2013-12-18,obm_spent_value_ge365_btc_daily,13527.65413816,BTC,daily,OBM v0.1.0
2013-12-19,obm_spent_value_ge365_btc_daily,3143.48737583,BTC,daily,OBM v0.1.0
2013-12-20,obm_spent_value_ge365_btc_daily,10571.94584333,BTC,daily,OBM v0.1.0
2013-12-21,obm_spent_value_ge365_btc_daily,120880.87806279,BTC,daily,OBM v0.1.0
2013-12-22,obm_spent_value_ge365_btc_daily,292.19099491,BTC,daily,OBM v0.1.0
2013-12-23,obm_spent_value_ge365_btc_daily,2232.21117717,BTC,daily,OBM v0.1.0
2013-12-24,obm_spent_value_ge365_btc_daily,3055.68377040,BTC,daily,OBM v0.1.0
2013-12-25,obm_spent_value_ge365_btc_daily,15128.55994638,BTC,daily,OBM v0.1.0
2013-12-26,obm_spent_value_ge365_btc_daily,849.27850339,BTC,daily,OBM v0.1.0
2013-12-27,obm_spent_value_ge365_btc_daily,10768.31577612,BTC,daily,OBM v0.1.0
2013-12-28,obm_spent_value_ge365_btc_daily,387.87561685,BTC,daily,OBM v0.1.0
2013-12-29,obm_spent_value_ge365_btc_daily,2231.08090675,BTC,daily,OBM v0.1.0
2013-12-30,obm_spent_value_ge365_btc_daily,353.22937709,BTC,daily,OBM v0.1.0
2013-12-31,obm_spent_value_ge365_btc_daily,602.38303382,BTC,daily,OBM v0.1.0
2014-01-01,obm_spent_value_ge365_btc_daily,690.34071141,BTC,daily,OBM v0.1.0
2014-01-02,obm_spent_value_ge365_btc_daily,1734.18384319,BTC,daily,OBM v0.1.0
2014-01-03,obm_spent_value_ge365_btc_daily,1238.87132576,BTC,daily,OBM v0.1.0
2014-01-04,obm_spent_value_ge365_btc_daily,4348.30424292,BTC,daily,OBM v0.1.0
2014-01-05,obm_spent_value_ge365_btc_daily,3949.74451524,BTC,daily,OBM v0.1.0
2014-01-06,obm_spent_value_ge365_btc_daily,1005.65126073,BTC,daily,OBM v0.1.0
2014-01-07,obm_spent_value_ge365_btc_daily,1665.36090401,BTC,daily,OBM v0.1.0
2014-01-08,obm_spent_value_ge365_btc_daily,1069.73388727,BTC,daily,OBM v0.1.0
2014-01-09,obm_spent_value_ge365_btc_daily,1290.21350349,BTC,daily,OBM v0.1.0
2014-01-10,obm_spent_value_ge365_btc_daily,1481.35527799,BTC,daily,OBM v0.1.0
2014-01-11,obm_spent_value_ge365_btc_daily,10709.19198930,BTC,daily,OBM v0.1.0
2014-01-12,obm_spent_value_ge365_btc_daily,2625.57560952,BTC,daily,OBM v0.1.0
2014-01-13,obm_spent_value_ge365_btc_daily,1161.11591862,BTC,daily,OBM v0.1.0
2014-01-14,obm_spent_value_ge365_btc_daily,4717.68585690,BTC,daily,OBM v0.1.0
2014-01-15,obm_spent_value_ge365_btc_daily,2287.09519526,BTC,daily,OBM v0.1.0
2014-01-16,obm_spent_value_ge365_btc_daily,4467.54783384,BTC,daily,OBM v0.1.0
2014-01-17,obm_spent_value_ge365_btc_daily,1504.19348312,BTC,daily,OBM v0.1.0
2014-01-18,obm_spent_value_ge365_btc_daily,1948.85766676,BTC,daily,OBM v0.1.0
2014-01-19,obm_spent_value_ge365_btc_daily,4449.51765696,BTC,daily,OBM v0.1.0
2014-01-20,obm_spent_value_ge365_btc_daily,2944.34795120,BTC,daily,OBM v0.1.0
2014-01-21,obm_spent_value_ge365_btc_daily,1438.06339183,BTC,daily,OBM v0.1.0
2014-01-22,obm_spent_value_ge365_btc_daily,4336.15107355,BTC,daily,OBM v0.1.0
2014-01-23,obm_spent_value_ge365_btc_daily,960.15758910,BTC,daily,OBM v0.1.0
2014-01-24,obm_spent_value_ge365_btc_daily,1636.10698458,BTC,daily,OBM v0.1.0
2014-01-25,obm_spent_value_ge365_btc_daily,2213.23414531,BTC,daily,OBM v0.1.0
2014-01-26,obm_spent_value_ge365_btc_daily,790.36736798,BTC,daily,OBM v0.1.0
2014-01-27,obm_spent_value_ge365_btc_daily,1014.95647836,BTC,daily,OBM v0.1.0
2014-01-28,obm_spent_value_ge365_btc_daily,1724.84669132,BTC,daily,OBM v0.1.0
2014-01-29,obm_spent_value_ge365_btc_daily,1362.34839838,BTC,daily,OBM v0.1.0
2014-01-30,obm_spent_value_ge365_btc_daily,1611.77127388,BTC,daily,OBM v0.1.0
2014-01-31,obm_spent_value_ge365_btc_daily,930.02374618,BTC,daily,OBM v0.1.0
2014-02-01,obm_spent_value_ge365_btc_daily,1523.94201157,BTC,daily,OBM v0.1.0
2014-02-02,obm_spent_value_ge365_btc_daily,1026.43847353,BTC,daily,OBM v0.1.0
2014-02-03,obm_spent_value_ge365_btc_daily,813.26853521,BTC,daily,OBM v0.1.0
2014-02-04,obm_spent_value_ge365_btc_daily,1181.07993088,BTC,daily,OBM v0.1.0
2014-02-05,obm_spent_value_ge365_btc_daily,122851.94826912,BTC,daily,OBM v0.1.0
2014-02-06,obm_spent_value_ge365_btc_daily,5959.45029345,BTC,daily,OBM v0.1.0
2014-02-07,obm_spent_value_ge365_btc_daily,2103.08658951,BTC,daily,OBM v0.1.0
2014-02-08,obm_spent_value_ge365_btc_daily,626.33960787,BTC,daily,OBM v0.1.0
2014-02-09,obm_spent_value_ge365_btc_daily,1595.89553391,BTC,daily,OBM v0.1.0
2014-02-10,obm_spent_value_ge365_btc_daily,1469.07772733,BTC,daily,OBM v0.1.0
2014-02-11,obm_spent_value_ge365_btc_daily,1992.96455766,BTC,daily,OBM v0.1.0
2014-02-12,obm_spent_value_ge365_btc_daily,2340.39023926,BTC,daily,OBM v0.1.0
2014-02-13,obm_spent_value_ge365_btc_daily,1385.32117976,BTC,daily,OBM v0.1.0
2014-02-14,obm_spent_value_ge365_btc_daily,1497.31190285,BTC,daily,OBM v0.1.0
2014-02-15,obm_spent_value_ge365_btc_daily,732.12600572,BTC,daily,OBM v0.1.0
2014-02-16,obm_spent_value_ge365_btc_daily,1318.35632223,BTC,daily,OBM v0.1.0
2014-02-17,obm_spent_value_ge365_btc_daily,931.86115466,BTC,daily,OBM v0.1.0
2014-02-18,obm_spent_value_ge365_btc_daily,11556.56676995,BTC,daily,OBM v0.1.0
2014-02-19,obm_spent_value_ge365_btc_daily,355.25563768,BTC,daily,OBM v0.1.0
2014-02-20,obm_spent_value_ge365_btc_daily,3113.50455773,BTC,daily,OBM v0.1.0
2014-02-21,obm_spent_value_ge365_btc_daily,448.75418690,BTC,daily,OBM v0.1.0
2014-02-22,obm_spent_value_ge365_btc_daily,124.22952502,BTC,daily,OBM v0.1.0
2014-02-23,obm_spent_value_ge365_btc_daily,1425.37068990,BTC,daily,OBM v0.1.0
2014-02-24,obm_spent_value_ge365_btc_daily,1055.42524201,BTC,daily,OBM v0.1.0
2014-02-25,obm_spent_value_ge365_btc_daily,4972.16997511,BTC,daily,OBM v0.1.0
2014-02-26,obm_spent_value_ge365_btc_daily,1467.36191953,BTC,daily,OBM v0.1.0
2014-02-27,obm_spent_value_ge365_btc_daily,684.99686256,BTC,daily,OBM v0.1.0
2014-02-28,obm_spent_value_ge365_btc_daily,19321.68961754,BTC,daily,OBM v0.1.0
2014-03-01,obm_spent_value_ge365_btc_daily,8440.54683643,BTC,daily,OBM v0.1.0
2014-03-02,obm_spent_value_ge365_btc_daily,3053.33865496,BTC,daily,OBM v0.1.0
2014-03-03,obm_spent_value_ge365_btc_daily,1901.66151226,BTC,daily,OBM v0.1.0
2014-03-04,obm_spent_value_ge365_btc_daily,886.10826362,BTC,daily,OBM v0.1.0
2014-03-05,obm_spent_value_ge365_btc_daily,3135.08547562,BTC,daily,OBM v0.1.0
2014-03-06,obm_spent_value_ge365_btc_daily,1650.91227466,BTC,daily,OBM v0.1.0
2014-03-07,obm_spent_value_ge365_btc_daily,201937.94264565,BTC,daily,OBM v0.1.0
2014-03-08,obm_spent_value_ge365_btc_daily,615.95319282,BTC,daily,OBM v0.1.0
2014-03-09,obm_spent_value_ge365_btc_daily,112899.81181446,BTC,daily,OBM v0.1.0
2014-03-10,obm_spent_value_ge365_btc_daily,12920.37515353,BTC,daily,OBM v0.1.0
2014-03-11,obm_spent_value_ge365_btc_daily,4055.92406256,BTC,daily,OBM v0.1.0
2014-03-12,obm_spent_value_ge365_btc_daily,274.18175077,BTC,daily,OBM v0.1.0
2014-03-13,obm_spent_value_ge365_btc_daily,1087.51426983,BTC,daily,OBM v0.1.0
2014-03-14,obm_spent_value_ge365_btc_daily,595.13271975,BTC,daily,OBM v0.1.0
2014-03-15,obm_spent_value_ge365_btc_daily,415.59805991,BTC,daily,OBM v0.1.0
2014-03-16,obm_spent_value_ge365_btc_daily,1123.68955639,BTC,daily,OBM v0.1.0
2014-03-17,obm_spent_value_ge365_btc_daily,2842.61385996,BTC,daily,OBM v0.1.0
2014-03-18,obm_spent_value_ge365_btc_daily,3167.50773704,BTC,daily,OBM v0.1.0
2014-03-19,obm_spent_value_ge365_btc_daily,1690.12416541,BTC,daily,OBM v0.1.0
2014-03-20,obm_spent_value_ge365_btc_daily,4348.88450655,BTC,daily,OBM v0.1.0
2014-03-21,obm_spent_value_ge365_btc_daily,1920.89939191,BTC,daily,OBM v0.1.0
2014-03-22,obm_spent_value_ge365_btc_daily,3128.21179449,BTC,daily,OBM v0.1.0
2014-03-23,obm_spent_value_ge365_btc_daily,1257.97252465,BTC,daily,OBM v0.1.0
2014-03-24,obm_spent_value_ge365_btc_daily,1375.36490836,BTC,daily,OBM v0.1.0
2014-03-25,obm_spent_value_ge365_btc_daily,1181.21115660,BTC,daily,OBM v0.1.0
2014-03-26,obm_spent_value_ge365_btc_daily,832.78591285,BTC,daily,OBM v0.1.0
2014-03-27,obm_spent_value_ge365_btc_daily,1787.75191524,BTC,daily,OBM v0.1.0
2014-03-28,obm_spent_value_ge365_btc_daily,2808.29853597,BTC,daily,OBM v0.1.0
2014-03-29,obm_spent_value_ge365_btc_daily,1630.38271414,BTC,daily,OBM v0.1.0
2014-03-30,obm_spent_value_ge365_btc_daily,1980.53635685,BTC,daily,OBM v0.1.0
2014-03-31,obm_spent_value_ge365_btc_daily,1192.71318767,BTC,daily,OBM v0.1.0
2014-04-01,obm_spent_value_ge365_btc_daily,761.89321513,BTC,daily,OBM v0.1.0
2014-04-02,obm_spent_value_ge365_btc_daily,558.79329708,BTC,daily,OBM v0.1.0
2014-04-03,obm_spent_value_ge365_btc_daily,10550.86010414,BTC,daily,OBM v0.1.0
2014-04-04,obm_spent_value_ge365_btc_daily,431.53172883,BTC,daily,OBM v0.1.0
2014-04-05,obm_spent_value_ge365_btc_daily,1531.28706636,BTC,daily,OBM v0.1.0
2014-04-06,obm_spent_value_ge365_btc_daily,5048.24336573,BTC,daily,OBM v0.1.0
2014-04-07,obm_spent_value_ge365_btc_daily,834.11261830,BTC,daily,OBM v0.1.0
2014-04-08,obm_spent_value_ge365_btc_daily,331.77879311,BTC,daily,OBM v0.1.0
2014-04-09,obm_spent_value_ge365_btc_daily,1041.70465123,BTC,daily,OBM v0.1.0
2014-04-10,obm_spent_value_ge365_btc_daily,5319.12825976,BTC,daily,OBM v0.1.0
2014-04-11,obm_spent_value_ge365_btc_daily,1946.64527752,BTC,daily,OBM v0.1.0
2014-04-12,obm_spent_value_ge365_btc_daily,763.61179525,BTC,daily,OBM v0.1.0
2014-04-13,obm_spent_value_ge365_btc_daily,1010.83162007,BTC,daily,OBM v0.1.0
2014-04-14,obm_spent_value_ge365_btc_daily,1788.52236889,BTC,daily,OBM v0.1.0
2014-04-15,obm_spent_value_ge365_btc_daily,1804.91063617,BTC,daily,OBM v0.1.0
2014-04-16,obm_spent_value_ge365_btc_daily,24893.50461585,BTC,daily,OBM v0.1.0
2014-04-17,obm_spent_value_ge365_btc_daily,6658.60310045,BTC,daily,OBM v0.1.0
2014-04-18,obm_spent_value_ge365_btc_daily,794.18505477,BTC,daily,OBM v0.1.0
2014-04-19,obm_spent_value_ge365_btc_daily,338.01236061,BTC,daily,OBM v0.1.0
2014-04-20,obm_spent_value_ge365_btc_daily,989.75886317,BTC,daily,OBM v0.1.0
2014-04-21,obm_spent_value_ge365_btc_daily,1113.28334100,BTC,daily,OBM v0.1.0
2014-04-22,obm_spent_value_ge365_btc_daily,508.75433055,BTC,daily,OBM v0.1.0
2014-04-23,obm_spent_value_ge365_btc_daily,1517.67713742,BTC,daily,OBM v0.1.0
2014-04-24,obm_spent_value_ge365_btc_daily,1537.39090491,BTC,daily,OBM v0.1.0
2014-04-25,obm_spent_value_ge365_btc_daily,1114.36805602,BTC,daily,OBM v0.1.0
2014-04-26,obm_spent_value_ge365_btc_daily,1003.82483608,BTC,daily,OBM v0.1.0
2014-04-27,obm_spent_value_ge365_btc_daily,1049.80627132,BTC,daily,OBM v0.1.0
2014-04-28,obm_spent_value_ge365_btc_daily,2217.52148616,BTC,daily,OBM v0.1.0
2014-04-29,obm_spent_value_ge365_btc_daily,1945.04111031,BTC,daily,OBM v0.1.0
2014-04-30,obm_spent_value_ge365_btc_daily,1530.84032371,BTC,daily,OBM v0.1.0
2014-05-01,obm_spent_value_ge365_btc_daily,613.63736752,BTC,daily,OBM v0.1.0
2014-05-02,obm_spent_value_ge365_btc_daily,1424.70254768,BTC,daily,OBM v0.1.0
2014-05-03,obm_spent_value_ge365_btc_daily,302.43797482,BTC,daily,OBM v0.1.0
2014-05-04,obm_spent_value_ge365_btc_daily,1035.77045387,BTC,daily,OBM v0.1.0
2014-05-05,obm_spent_value_ge365_btc_daily,1601.83630764,BTC,daily,OBM v0.1.0
2014-05-06,obm_spent_value_ge365_btc_daily,1138.78616550,BTC,daily,OBM v0.1.0
2014-05-07,obm_spent_value_ge365_btc_daily,2086.42517000,BTC,daily,OBM v0.1.0
2014-05-08,obm_spent_value_ge365_btc_daily,809.19144671,BTC,daily,OBM v0.1.0
2014-05-09,obm_spent_value_ge365_btc_daily,824.28572694,BTC,daily,OBM v0.1.0
2014-05-10,obm_spent_value_ge365_btc_daily,803.61221251,BTC,daily,OBM v0.1.0
2014-05-11,obm_spent_value_ge365_btc_daily,1197.01238031,BTC,daily,OBM v0.1.0
2014-05-12,obm_spent_value_ge365_btc_daily,705.76334396,BTC,daily,OBM v0.1.0
2014-05-13,obm_spent_value_ge365_btc_daily,318.57671814,BTC,daily,OBM v0.1.0
2014-05-14,obm_spent_value_ge365_btc_daily,976.06944742,BTC,daily,OBM v0.1.0
2014-05-15,obm_spent_value_ge365_btc_daily,1861.60489821,BTC,daily,OBM v0.1.0
2014-05-16,obm_spent_value_ge365_btc_daily,226.07283152,BTC,daily,OBM v0.1.0
2014-05-17,obm_spent_value_ge365_btc_daily,341.84328194,BTC,daily,OBM v0.1.0
2014-05-18,obm_spent_value_ge365_btc_daily,2015.32959533,BTC,daily,OBM v0.1.0
2014-05-19,obm_spent_value_ge365_btc_daily,1115.15582604,BTC,daily,OBM v0.1.0
2014-05-20,obm_spent_value_ge365_btc_daily,1206.48247551,BTC,daily,OBM v0.1.0
2014-05-21,obm_spent_value_ge365_btc_daily,1220.97391833,BTC,daily,OBM v0.1.0
2014-05-22,obm_spent_value_ge365_btc_daily,2562.16739435,BTC,daily,OBM v0.1.0
2014-05-23,obm_spent_value_ge365_btc_daily,499.19048851,BTC,daily,OBM v0.1.0
2014-05-24,obm_spent_value_ge365_btc_daily,817.86178891,BTC,daily,OBM v0.1.0
2014-05-25,obm_spent_value_ge365_btc_daily,5903.27897559,BTC,daily,OBM v0.1.0
2014-05-26,obm_spent_value_ge365_btc_daily,2081.90513747,BTC,daily,OBM v0.1.0
2014-05-27,obm_spent_value_ge365_btc_daily,55589.23109336,BTC,daily,OBM v0.1.0
2014-05-28,obm_spent_value_ge365_btc_daily,1496.29529049,BTC,daily,OBM v0.1.0
2014-05-29,obm_spent_value_ge365_btc_daily,903.41842695,BTC,daily,OBM v0.1.0
2014-05-30,obm_spent_value_ge365_btc_daily,453.69697267,BTC,daily,OBM v0.1.0
2014-05-31,obm_spent_value_ge365_btc_daily,7917.09372454,BTC,daily,OBM v0.1.0
2014-06-01,obm_spent_value_ge365_btc_daily,2357.30254555,BTC,daily,OBM v0.1.0
2014-06-02,obm_spent_value_ge365_btc_daily,1591.48788637,BTC,daily,OBM v0.1.0
2014-06-03,obm_spent_value_ge365_btc_daily,1318.30134611,BTC,daily,OBM v0.1.0
2014-06-04,obm_spent_value_ge365_btc_daily,1964.98342633,BTC,daily,OBM v0.1.0
2014-06-05,obm_spent_value_ge365_btc_daily,782.32037448,BTC,daily,OBM v0.1.0
2014-06-06,obm_spent_value_ge365_btc_daily,1654.21149595,BTC,daily,OBM v0.1.0
2014-06-07,obm_spent_value_ge365_btc_daily,1207.32832640,BTC,daily,OBM v0.1.0
2014-06-08,obm_spent_value_ge365_btc_daily,2858.01230532,BTC,daily,OBM v0.1.0
2014-06-09,obm_spent_value_ge365_btc_daily,3690.63916828,BTC,daily,OBM v0.1.0
2014-06-10,obm_spent_value_ge365_btc_daily,3129.67950198,BTC,daily,OBM v0.1.0
2014-06-11,obm_spent_value_ge365_btc_daily,4703.51719993,BTC,daily,OBM v0.1.0
2014-06-12,obm_spent_value_ge365_btc_daily,776.35035574,BTC,daily,OBM v0.1.0
2014-06-13,obm_spent_value_ge365_btc_daily,3767.37416001,BTC,daily,OBM v0.1.0
2014-06-14,obm_spent_value_ge365_btc_daily,628.60915661,BTC,daily,OBM v0.1.0
2014-06-15,obm_spent_value_ge365_btc_daily,490.55530225,BTC,daily,OBM v0.1.0
2014-06-16,obm_spent_value_ge365_btc_daily,4802.76190418,BTC,daily,OBM v0.1.0
2014-06-17,obm_spent_value_ge365_btc_daily,751.34616224,BTC,daily,OBM v0.1.0
2014-06-18,obm_spent_value_ge365_btc_daily,1445.22394457,BTC,daily,OBM v0.1.0
2014-06-19,obm_spent_value_ge365_btc_daily,717.45768923,BTC,daily,OBM v0.1.0
2014-06-20,obm_spent_value_ge365_btc_daily,1735.48791308,BTC,daily,OBM v0.1.0
2014-06-21,obm_spent_value_ge365_btc_daily,502.69380540,BTC,daily,OBM v0.1.0
2014-06-22,obm_spent_value_ge365_btc_daily,1879.73273975,BTC,daily,OBM v0.1.0
2014-06-23,obm_spent_value_ge365_btc_daily,1797.92799497,BTC,daily,OBM v0.1.0
2014-06-24,obm_spent_value_ge365_btc_daily,1825.04541270,BTC,daily,OBM v0.1.0
2014-06-25,obm_spent_value_ge365_btc_daily,511.79080531,BTC,daily,OBM v0.1.0
2014-06-26,obm_spent_value_ge365_btc_daily,442.81834023,BTC,daily,OBM v0.1.0
2014-06-27,obm_spent_value_ge365_btc_daily,1061.22833995,BTC,daily,OBM v0.1.0
2014-06-28,obm_spent_value_ge365_btc_daily,423.26255134,BTC,daily,OBM v0.1.0
2014-06-29,obm_spent_value_ge365_btc_daily,13473.26560451,BTC,daily,OBM v0.1.0
2014-06-30,obm_spent_value_ge365_btc_daily,7244.87911951,BTC,daily,OBM v0.1.0
2014-07-01,obm_spent_value_ge365_btc_daily,1219.07243488,BTC,daily,OBM v0.1.0
2014-07-02,obm_spent_value_ge365_btc_daily,1896.37866345,BTC,daily,OBM v0.1.0
2014-07-03,obm_spent_value_ge365_btc_daily,1076.94475751,BTC,daily,OBM v0.1.0
2014-07-04,obm_spent_value_ge365_btc_daily,613.73959067,BTC,daily,OBM v0.1.0
2014-07-05,obm_spent_value_ge365_btc_daily,1396.57860969,BTC,daily,OBM v0.1.0
2014-07-06,obm_spent_value_ge365_btc_daily,840.76958511,BTC,daily,OBM v0.1.0
2014-07-07,obm_spent_value_ge365_btc_daily,1069.97721187,BTC,daily,OBM v0.1.0
2014-07-08,obm_spent_value_ge365_btc_daily,381.07705698,BTC,daily,OBM v0.1.0
2014-07-09,obm_spent_value_ge365_btc_daily,7699.63532494,BTC,daily,OBM v0.1.0
2014-07-10,obm_spent_value_ge365_btc_daily,3405.29554457,BTC,daily,OBM v0.1.0
2014-07-11,obm_spent_value_ge365_btc_daily,388.58633227,BTC,daily,OBM v0.1.0
2014-07-12,obm_spent_value_ge365_btc_daily,1619.43558859,BTC,daily,OBM v0.1.0
2014-07-13,obm_spent_value_ge365_btc_daily,1044.33089893,BTC,daily,OBM v0.1.0
2014-07-14,obm_spent_value_ge365_btc_daily,781.40350465,BTC,daily,OBM v0.1.0
2014-07-15,obm_spent_value_ge365_btc_daily,1952.05039951,BTC,daily,OBM v0.1.0
2014-07-16,obm_spent_value_ge365_btc_daily,679.02990334,BTC,daily,OBM v0.1.0
2014-07-17,obm_spent_value_ge365_btc_daily,2197.49015299,BTC,daily,OBM v0.1.0
2014-07-18,obm_spent_value_ge365_btc_daily,2506.69107690,BTC,daily,OBM v0.1.0
2014-07-19,obm_spent_value_ge365_btc_daily,525.86061515,BTC,daily,OBM v0.1.0
2014-07-20,obm_spent_value_ge365_btc_daily,662.57304183,BTC,daily,OBM v0.1.0
2014-07-21,obm_spent_value_ge365_btc_daily,2231.96808234,BTC,daily,OBM v0.1.0
2014-07-22,obm_spent_value_ge365_btc_daily,1597.27719585,BTC,daily,OBM v0.1.0
2014-07-23,obm_spent_value_ge365_btc_daily,6398.49895078,BTC,daily,OBM v0.1.0
2014-07-24,obm_spent_value_ge365_btc_daily,3713.92109741,BTC,daily,OBM v0.1.0
2014-07-25,obm_spent_value_ge365_btc_daily,368.02986950,BTC,daily,OBM v0.1.0
2014-07-26,obm_spent_value_ge365_btc_daily,358.53855373,BTC,daily,OBM v0.1.0
2014-07-27,obm_spent_value_ge365_btc_daily,836.55584406,BTC,daily,OBM v0.1.0
2014-07-28,obm_spent_value_ge365_btc_daily,3406.56756149,BTC,daily,OBM v0.1.0
2014-07-29,obm_spent_value_ge365_btc_daily,706.63685610,BTC,daily,OBM v0.1.0
2014-07-30,obm_spent_value_ge365_btc_daily,462.58668312,BTC,daily,OBM v0.1.0
2014-07-31,obm_spent_value_ge365_btc_daily,1956.08039562,BTC,daily,OBM v0.1.0
2014-08-01,obm_spent_value_ge365_btc_daily,1281.06927201,BTC,daily,OBM v0.1.0
2014-08-02,obm_spent_value_ge365_btc_daily,539.13969858,BTC,daily,OBM v0.1.0
2014-08-03,obm_spent_value_ge365_btc_daily,1031.09350110,BTC,daily,OBM v0.1.0
2014-08-04,obm_spent_value_ge365_btc_daily,2772.66978200,BTC,daily,OBM v0.1.0
2014-08-05,obm_spent_value_ge365_btc_daily,1584.78391121,BTC,daily,OBM v0.1.0
2014-08-06,obm_spent_value_ge365_btc_daily,2238.79809448,BTC,daily,OBM v0.1.0
2014-08-07,obm_spent_value_ge365_btc_daily,2876.15743909,BTC,daily,OBM v0.1.0
2014-08-08,obm_spent_value_ge365_btc_daily,872.27955761,BTC,daily,OBM v0.1.0
2014-08-09,obm_spent_value_ge365_btc_daily,2341.91500390,BTC,daily,OBM v0.1.0
2014-08-10,obm_spent_value_ge365_btc_daily,1280.96572544,BTC,daily,OBM v0.1.0
2014-08-11,obm_spent_value_ge365_btc_daily,1564.59822223,BTC,daily,OBM v0.1.0
2014-08-12,obm_spent_value_ge365_btc_daily,2251.51180021,BTC,daily,OBM v0.1.0
2014-08-13,obm_spent_value_ge365_btc_daily,1957.42224307,BTC,daily,OBM v0.1.0
2014-08-14,obm_spent_value_ge365_btc_daily,1354.66170258,BTC,daily,OBM v0.1.0
2014-08-15,obm_spent_value_ge365_btc_daily,2808.79546387,BTC,daily,OBM v0.1.0
2014-08-16,obm_spent_value_ge365_btc_daily,2428.16270754,BTC,daily,OBM v0.1.0
2014-08-17,obm_spent_value_ge365_btc_daily,2721.73456512,BTC,daily,OBM v0.1.0
2014-08-18,obm_spent_value_ge365_btc_daily,2801.62934371,BTC,daily,OBM v0.1.0
2014-08-19,obm_spent_value_ge365_btc_daily,1833.93278141,BTC,daily,OBM v0.1.0
2014-08-20,obm_spent_value_ge365_btc_daily,2529.41950978,BTC,daily,OBM v0.1.0
2014-08-21,obm_spent_value_ge365_btc_daily,3028.84637168,BTC,daily,OBM v0.1.0
2014-08-22,obm_spent_value_ge365_btc_daily,3524.52788468,BTC,daily,OBM v0.1.0
2014-08-23,obm_spent_value_ge365_btc_daily,4351.26384028,BTC,daily,OBM v0.1.0
2014-08-24,obm_spent_value_ge365_btc_daily,1256.77659389,BTC,daily,OBM v0.1.0
2014-08-25,obm_spent_value_ge365_btc_daily,3044.25224509,BTC,daily,OBM v0.1.0
2014-08-26,obm_spent_value_ge365_btc_daily,3216.07401065,BTC,daily,OBM v0.1.0
2014-08-27,obm_spent_value_ge365_btc_daily,1003.45039117,BTC,daily,OBM v0.1.0
2014-08-28,obm_spent_value_ge365_btc_daily,2981.33750876,BTC,daily,OBM v0.1.0
2014-08-29,obm_spent_value_ge365_btc_daily,2756.51332868,BTC,daily,OBM v0.1.0
2014-08-30,obm_spent_value_ge365_btc_daily,1941.90082549,BTC,daily,OBM v0.1.0
2014-08-31,obm_spent_value_ge365_btc_daily,2708.75018375,BTC,daily,OBM v0.1.0
2014-09-01,obm_spent_value_ge365_btc_daily,1411.92209291,BTC,daily,OBM v0.1.0
2014-09-02,obm_spent_value_ge365_btc_daily,1103.72112705,BTC,daily,OBM v0.1.0
2014-09-03,obm_spent_value_ge365_btc_daily,1868.09957626,BTC,daily,OBM v0.1.0
2014-09-04,obm_spent_value_ge365_btc_daily,4345.57938612,BTC,daily,OBM v0.1.0
2014-09-05,obm_spent_value_ge365_btc_daily,5323.15776256,BTC,daily,OBM v0.1.0
2014-09-06,obm_spent_value_ge365_btc_daily,9937.62003163,BTC,daily,OBM v0.1.0
2014-09-07,obm_spent_value_ge365_btc_daily,1181.01563187,BTC,daily,OBM v0.1.0
2014-09-08,obm_spent_value_ge365_btc_daily,1028.05947982,BTC,daily,OBM v0.1.0
2014-09-09,obm_spent_value_ge365_btc_daily,3359.08254962,BTC,daily,OBM v0.1.0
2014-09-10,obm_spent_value_ge365_btc_daily,3038.84660337,BTC,daily,OBM v0.1.0
2014-09-11,obm_spent_value_ge365_btc_daily,1429.41715420,BTC,daily,OBM v0.1.0
2014-09-12,obm_spent_value_ge365_btc_daily,599.50460831,BTC,daily,OBM v0.1.0
2014-09-13,obm_spent_value_ge365_btc_daily,832.88961039,BTC,daily,OBM v0.1.0
2014-09-14,obm_spent_value_ge365_btc_daily,1818.24063843,BTC,daily,OBM v0.1.0
2014-09-15,obm_spent_value_ge365_btc_daily,2403.90082769,BTC,daily,OBM v0.1.0
2014-09-16,obm_spent_value_ge365_btc_daily,1049.95466228,BTC,daily,OBM v0.1.0
2014-09-17,obm_spent_value_ge365_btc_daily,4135.72632876,BTC,daily,OBM v0.1.0
2014-09-18,obm_spent_value_ge365_btc_daily,3557.43739840,BTC,daily,OBM v0.1.0
2014-09-19,obm_spent_value_ge365_btc_daily,2394.19400747,BTC,daily,OBM v0.1.0
2014-09-20,obm_spent_value_ge365_btc_daily,1192.04572535,BTC,daily,OBM v0.1.0
2014-09-21,obm_spent_value_ge365_btc_daily,3505.65461385,BTC,daily,OBM v0.1.0
2014-09-22,obm_spent_value_ge365_btc_daily,748.73669695,BTC,daily,OBM v0.1.0
2014-09-23,obm_spent_value_ge365_btc_daily,2397.92852701,BTC,daily,OBM v0.1.0
2014-09-24,obm_spent_value_ge365_btc_daily,552.09070741,BTC,daily,OBM v0.1.0
2014-09-25,obm_spent_value_ge365_btc_daily,1285.29630719,BTC,daily,OBM v0.1.0
2014-09-26,obm_spent_value_ge365_btc_daily,1962.28302921,BTC,daily,OBM v0.1.0
2014-09-27,obm_spent_value_ge365_btc_daily,388.77017661,BTC,daily,OBM v0.1.0
2014-09-28,obm_spent_value_ge365_btc_daily,6230.54295902,BTC,daily,OBM v0.1.0
2014-09-29,obm_spent_value_ge365_btc_daily,3107.70826835,BTC,daily,OBM v0.1.0
2014-09-30,obm_spent_value_ge365_btc_daily,4625.89719474,BTC,daily,OBM v0.1.0
2014-10-01,obm_spent_value_ge365_btc_daily,1451.31314884,BTC,daily,OBM v0.1.0
2014-10-02,obm_spent_value_ge365_btc_daily,2354.87487452,BTC,daily,OBM v0.1.0
2014-10-03,obm_spent_value_ge365_btc_daily,3212.71283554,BTC,daily,OBM v0.1.0
2014-10-04,obm_spent_value_ge365_btc_daily,6460.40624206,BTC,daily,OBM v0.1.0
2014-10-05,obm_spent_value_ge365_btc_daily,40745.35184683,BTC,daily,OBM v0.1.0
2014-10-06,obm_spent_value_ge365_btc_daily,3129.07363552,BTC,daily,OBM v0.1.0
2014-10-07,obm_spent_value_ge365_btc_daily,3217.38863297,BTC,daily,OBM v0.1.0
2014-10-08,obm_spent_value_ge365_btc_daily,6784.17569668,BTC,daily,OBM v0.1.0
2014-10-09,obm_spent_value_ge365_btc_daily,1186.37636273,BTC,daily,OBM v0.1.0
2014-10-10,obm_spent_value_ge365_btc_daily,2749.99550534,BTC,daily,OBM v0.1.0
2014-10-11,obm_spent_value_ge365_btc_daily,576.30076524,BTC,daily,OBM v0.1.0
2014-10-12,obm_spent_value_ge365_btc_daily,572.11270311,BTC,daily,OBM v0.1.0
2014-10-13,obm_spent_value_ge365_btc_daily,2916.23581391,BTC,daily,OBM v0.1.0
2014-10-14,obm_spent_value_ge365_btc_daily,999.73603382,BTC,daily,OBM v0.1.0
2014-10-15,obm_spent_value_ge365_btc_daily,3058.36180641,BTC,daily,OBM v0.1.0
2014-10-16,obm_spent_value_ge365_btc_daily,3404.81822249,BTC,daily,OBM v0.1.0
2014-10-17,obm_spent_value_ge365_btc_daily,1529.82225479,BTC,daily,OBM v0.1.0
2014-10-18,obm_spent_value_ge365_btc_daily,917.98450546,BTC,daily,OBM v0.1.0
2014-10-19,obm_spent_value_ge365_btc_daily,955.93391345,BTC,daily,OBM v0.1.0
2014-10-20,obm_spent_value_ge365_btc_daily,411.61075210,BTC,daily,OBM v0.1.0
2014-10-21,obm_spent_value_ge365_btc_daily,632.23904014,BTC,daily,OBM v0.1.0
2014-10-22,obm_spent_value_ge365_btc_daily,1467.78949738,BTC,daily,OBM v0.1.0
2014-10-23,obm_spent_value_ge365_btc_daily,2223.58244332,BTC,daily,OBM v0.1.0
2014-10-24,obm_spent_value_ge365_btc_daily,2533.65792430,BTC,daily,OBM v0.1.0
2014-10-25,obm_spent_value_ge365_btc_daily,1115.42161958,BTC,daily,OBM v0.1.0
2014-10-26,obm_spent_value_ge365_btc_daily,473.86302602,BTC,daily,OBM v0.1.0
2014-10-27,obm_spent_value_ge365_btc_daily,1544.24681063,BTC,daily,OBM v0.1.0
2014-10-28,obm_spent_value_ge365_btc_daily,2912.77778193,BTC,daily,OBM v0.1.0
2014-10-29,obm_spent_value_ge365_btc_daily,1296.42480137,BTC,daily,OBM v0.1.0
2014-10-30,obm_spent_value_ge365_btc_daily,466.40809121,BTC,daily,OBM v0.1.0
2014-10-31,obm_spent_value_ge365_btc_daily,1062.08260672,BTC,daily,OBM v0.1.0
2014-11-01,obm_spent_value_ge365_btc_daily,4763.13144511,BTC,daily,OBM v0.1.0
2014-11-02,obm_spent_value_ge365_btc_daily,1535.46759294,BTC,daily,OBM v0.1.0
2014-11-03,obm_spent_value_ge365_btc_daily,631.26747932,BTC,daily,OBM v0.1.0
2014-11-04,obm_spent_value_ge365_btc_daily,2932.56797853,BTC,daily,OBM v0.1.0
2014-11-05,obm_spent_value_ge365_btc_daily,3602.57673203,BTC,daily,OBM v0.1.0
2014-11-06,obm_spent_value_ge365_btc_daily,5300.68294021,BTC,daily,OBM v0.1.0
2014-11-07,obm_spent_value_ge365_btc_daily,20179.85216744,BTC,daily,OBM v0.1.0
2014-11-08,obm_spent_value_ge365_btc_daily,4889.15442001,BTC,daily,OBM v0.1.0
2014-11-09,obm_spent_value_ge365_btc_daily,1886.79185338,BTC,daily,OBM v0.1.0
2014-11-10,obm_spent_value_ge365_btc_daily,969.73089825,BTC,daily,OBM v0.1.0
2014-11-11,obm_spent_value_ge365_btc_daily,1320.97090672,BTC,daily,OBM v0.1.0
2014-11-12,obm_spent_value_ge365_btc_daily,1669.74011277,BTC,daily,OBM v0.1.0
2014-11-13,obm_spent_value_ge365_btc_daily,859.68833073,BTC,daily,OBM v0.1.0
2014-11-14,obm_spent_value_ge365_btc_daily,2832.15604327,BTC,daily,OBM v0.1.0
2014-11-15,obm_spent_value_ge365_btc_daily,1009.64466515,BTC,daily,OBM v0.1.0
2014-11-16,obm_spent_value_ge365_btc_daily,1286.82534637,BTC,daily,OBM v0.1.0
2014-11-17,obm_spent_value_ge365_btc_daily,726.82476441,BTC,daily,OBM v0.1.0
2014-11-18,obm_spent_value_ge365_btc_daily,1447.93262807,BTC,daily,OBM v0.1.0
2014-11-19,obm_spent_value_ge365_btc_daily,900.52043967,BTC,daily,OBM v0.1.0
2014-11-20,obm_spent_value_ge365_btc_daily,667.00184048,BTC,daily,OBM v0.1.0
2014-11-21,obm_spent_value_ge365_btc_daily,643.70188229,BTC,daily,OBM v0.1.0
2014-11-22,obm_spent_value_ge365_btc_daily,1038.04031414,BTC,daily,OBM v0.1.0
2014-11-23,obm_spent_value_ge365_btc_daily,426.99152573,BTC,daily,OBM v0.1.0
2014-11-24,obm_spent_value_ge365_btc_daily,2418.12646086,BTC,daily,OBM v0.1.0
2014-11-25,obm_spent_value_ge365_btc_daily,407.57181768,BTC,daily,OBM v0.1.0
2014-11-26,obm_spent_value_ge365_btc_daily,1808.28001970,BTC,daily,OBM v0.1.0
2014-11-27,obm_spent_value_ge365_btc_daily,918.86076387,BTC,daily,OBM v0.1.0
2014-11-28,obm_spent_value_ge365_btc_daily,599.96091484,BTC,daily,OBM v0.1.0
2014-11-29,obm_spent_value_ge365_btc_daily,3042.78772036,BTC,daily,OBM v0.1.0
2014-11-30,obm_spent_value_ge365_btc_daily,2314.03064735,BTC,daily,OBM v0.1.0
2014-12-01,obm_spent_value_ge365_btc_daily,817.00431415,BTC,daily,OBM v0.1.0
2014-12-02,obm_spent_value_ge365_btc_daily,1594.40401883,BTC,daily,OBM v0.1.0
2014-12-03,obm_spent_value_ge365_btc_daily,3125.05049440,BTC,daily,OBM v0.1.0
2014-12-04,obm_spent_value_ge365_btc_daily,1861.77886571,BTC,daily,OBM v0.1.0
2014-12-05,obm_spent_value_ge365_btc_daily,1138.15856110,BTC,daily,OBM v0.1.0
2014-12-06,obm_spent_value_ge365_btc_daily,970.04661837,BTC,daily,OBM v0.1.0
2014-12-07,obm_spent_value_ge365_btc_daily,2837.67462813,BTC,daily,OBM v0.1.0
2014-12-08,obm_spent_value_ge365_btc_daily,2020.99308683,BTC,daily,OBM v0.1.0
2014-12-09,obm_spent_value_ge365_btc_daily,25817.85481614,BTC,daily,OBM v0.1.0
2014-12-10,obm_spent_value_ge365_btc_daily,2289.36517497,BTC,daily,OBM v0.1.0
2014-12-11,obm_spent_value_ge365_btc_daily,2835.67703472,BTC,daily,OBM v0.1.0
2014-12-12,obm_spent_value_ge365_btc_daily,521.96647181,BTC,daily,OBM v0.1.0
2014-12-13,obm_spent_value_ge365_btc_daily,974.89635232,BTC,daily,OBM v0.1.0
2014-12-14,obm_spent_value_ge365_btc_daily,1469.61745218,BTC,daily,OBM v0.1.0
2014-12-15,obm_spent_value_ge365_btc_daily,1452.14457142,BTC,daily,OBM v0.1.0
2014-12-16,obm_spent_value_ge365_btc_daily,2662.40524442,BTC,daily,OBM v0.1.0
2014-12-17,obm_spent_value_ge365_btc_daily,1808.46522189,BTC,daily,OBM v0.1.0
2014-12-18,obm_spent_value_ge365_btc_daily,5504.53704404,BTC,daily,OBM v0.1.0
2014-12-19,obm_spent_value_ge365_btc_daily,1829.66356843,BTC,daily,OBM v0.1.0
2014-12-20,obm_spent_value_ge365_btc_daily,3875.28460072,BTC,daily,OBM v0.1.0
2014-12-21,obm_spent_value_ge365_btc_daily,880.23793771,BTC,daily,OBM v0.1.0
2014-12-22,obm_spent_value_ge365_btc_daily,2663.03930656,BTC,daily,OBM v0.1.0
2014-12-23,obm_spent_value_ge365_btc_daily,1100.54513577,BTC,daily,OBM v0.1.0
2014-12-24,obm_spent_value_ge365_btc_daily,45231.86558314,BTC,daily,OBM v0.1.0
2014-12-25,obm_spent_value_ge365_btc_daily,1003.12381101,BTC,daily,OBM v0.1.0
2014-12-26,obm_spent_value_ge365_btc_daily,1267.89352172,BTC,daily,OBM v0.1.0
2014-12-27,obm_spent_value_ge365_btc_daily,710.65968486,BTC,daily,OBM v0.1.0
2014-12-28,obm_spent_value_ge365_btc_daily,448.43887288,BTC,daily,OBM v0.1.0
2014-12-29,obm_spent_value_ge365_btc_daily,1181.15680805,BTC,daily,OBM v0.1.0
2014-12-30,obm_spent_value_ge365_btc_daily,29800.61418245,BTC,daily,OBM v0.1.0
2014-12-31,obm_spent_value_ge365_btc_daily,8546.52777565,BTC,daily,OBM v0.1.0
2015-01-01,obm_spent_value_ge365_btc_daily,987.21270777,BTC,daily,OBM v0.1.0
2015-01-02,obm_spent_value_ge365_btc_daily,2093.92449658,BTC,daily,OBM v0.1.0
2015-01-03,obm_spent_value_ge365_btc_daily,1568.13727306,BTC,daily,OBM v0.1.0
2015-01-04,obm_spent_value_ge365_btc_daily,6765.59875129,BTC,daily,OBM v0.1.0
2015-01-05,obm_spent_value_ge365_btc_daily,2963.95894457,BTC,daily,OBM v0.1.0
2015-01-06,obm_spent_value_ge365_btc_daily,12443.05048348,BTC,daily,OBM v0.1.0
2015-01-07,obm_spent_value_ge365_btc_daily,6373.99120682,BTC,daily,OBM v0.1.0
2015-01-08,obm_spent_value_ge365_btc_daily,11645.96117258,BTC,daily,OBM v0.1.0
2015-01-09,obm_spent_value_ge365_btc_daily,1078.30359106,BTC,daily,OBM v0.1.0
2015-01-10,obm_spent_value_ge365_btc_daily,2066.98875946,BTC,daily,OBM v0.1.0
2015-01-11,obm_spent_value_ge365_btc_daily,5538.96252073,BTC,daily,OBM v0.1.0
2015-01-12,obm_spent_value_ge365_btc_daily,1866.88205413,BTC,daily,OBM v0.1.0
2015-01-13,obm_spent_value_ge365_btc_daily,13148.62651909,BTC,daily,OBM v0.1.0
2015-01-14,obm_spent_value_ge365_btc_daily,12696.56702125,BTC,daily,OBM v0.1.0
2015-01-15,obm_spent_value_ge365_btc_daily,9172.89993414,BTC,daily,OBM v0.1.0
2015-01-16,obm_spent_value_ge365_btc_daily,5974.95265544,BTC,daily,OBM v0.1.0
2015-01-17,obm_spent_value_ge365_btc_daily,2416.68018638,BTC,daily,OBM v0.1.0
2015-01-18,obm_spent_value_ge365_btc_daily,3008.24765342,BTC,daily,OBM v0.1.0
2015-01-19,obm_spent_value_ge365_btc_daily,1423.49127273,BTC,daily,OBM v0.1.0
2015-01-20,obm_spent_value_ge365_btc_daily,1248.58192046,BTC,daily,OBM v0.1.0
2015-01-21,obm_spent_value_ge365_btc_daily,6609.12419872,BTC,daily,OBM v0.1.0
2015-01-22,obm_spent_value_ge365_btc_daily,756.56378690,BTC,daily,OBM v0.1.0
2015-01-23,obm_spent_value_ge365_btc_daily,863.10752520,BTC,daily,OBM v0.1.0
2015-01-24,obm_spent_value_ge365_btc_daily,3416.63298551,BTC,daily,OBM v0.1.0
2015-01-25,obm_spent_value_ge365_btc_daily,997.30600211,BTC,daily,OBM v0.1.0
2015-01-26,obm_spent_value_ge365_btc_daily,3163.36781448,BTC,daily,OBM v0.1.0
2015-01-27,obm_spent_value_ge365_btc_daily,1632.07168623,BTC,daily,OBM v0.1.0
2015-01-28,obm_spent_value_ge365_btc_daily,1156.35795621,BTC,daily,OBM v0.1.0
2015-01-29,obm_spent_value_ge365_btc_daily,2213.53797980,BTC,daily,OBM v0.1.0
2015-01-30,obm_spent_value_ge365_btc_daily,809.05487314,BTC,daily,OBM v0.1.0
2015-01-31,obm_spent_value_ge365_btc_daily,900.33756274,BTC,daily,OBM v0.1.0
2015-02-01,obm_spent_value_ge365_btc_daily,1128.58727084,BTC,daily,OBM v0.1.0
2015-02-02,obm_spent_value_ge365_btc_daily,4446.75011749,BTC,daily,OBM v0.1.0
2015-02-03,obm_spent_value_ge365_btc_daily,3477.56967364,BTC,daily,OBM v0.1.0
2015-02-04,obm_spent_value_ge365_btc_daily,6303.54177157,BTC,daily,OBM v0.1.0
2015-02-05,obm_spent_value_ge365_btc_daily,807.58706790,BTC,daily,OBM v0.1.0
2015-02-06,obm_spent_value_ge365_btc_daily,2034.84754339,BTC,daily,OBM v0.1.0
2015-02-07,obm_spent_value_ge365_btc_daily,1047.72078852,BTC,daily,OBM v0.1.0
2015-02-08,obm_spent_value_ge365_btc_daily,790.21714320,BTC,daily,OBM v0.1.0
2015-02-09,obm_spent_value_ge365_btc_daily,3458.39163637,BTC,daily,OBM v0.1.0
2015-02-10,obm_spent_value_ge365_btc_daily,1155.92040559,BTC,daily,OBM v0.1.0
2015-02-11,obm_spent_value_ge365_btc_daily,1095.37125205,BTC,daily,OBM v0.1.0
2015-02-12,obm_spent_value_ge365_btc_daily,1707.00318309,BTC,daily,OBM v0.1.0
2015-02-13,obm_spent_value_ge365_btc_daily,1264.20342269,BTC,daily,OBM v0.1.0
2015-02-14,obm_spent_value_ge365_btc_daily,752.93833949,BTC,daily,OBM v0.1.0
2015-02-15,obm_spent_value_ge365_btc_daily,3786.17383508,BTC,daily,OBM v0.1.0
2015-02-16,obm_spent_value_ge365_btc_daily,1100.01084348,BTC,daily,OBM v0.1.0
2015-02-17,obm_spent_value_ge365_btc_daily,1528.30961078,BTC,daily,OBM v0.1.0
2015-02-18,obm_spent_value_ge365_btc_daily,1159.41256749,BTC,daily,OBM v0.1.0
2015-02-19,obm_spent_value_ge365_btc_daily,4473.15840554,BTC,daily,OBM v0.1.0
2015-02-20,obm_spent_value_ge365_btc_daily,27153.56601632,BTC,daily,OBM v0.1.0
2015-02-21,obm_spent_value_ge365_btc_daily,783.10681215,BTC,daily,OBM v0.1.0
2015-02-22,obm_spent_value_ge365_btc_daily,1234.33709869,BTC,daily,OBM v0.1.0
2015-02-23,obm_spent_value_ge365_btc_daily,3946.19770948,BTC,daily,OBM v0.1.0
2015-02-24,obm_spent_value_ge365_btc_daily,1759.95407386,BTC,daily,OBM v0.1.0
2015-02-25,obm_spent_value_ge365_btc_daily,13281.14126865,BTC,daily,OBM v0.1.0
2015-02-26,obm_spent_value_ge365_btc_daily,1795.63812565,BTC,daily,OBM v0.1.0
2015-02-27,obm_spent_value_ge365_btc_daily,3305.25853209,BTC,daily,OBM v0.1.0
2015-02-28,obm_spent_value_ge365_btc_daily,8509.10139498,BTC,daily,OBM v0.1.0
2015-03-01,obm_spent_value_ge365_btc_daily,14464.21852768,BTC,daily,OBM v0.1.0
2015-03-02,obm_spent_value_ge365_btc_daily,2162.50284050,BTC,daily,OBM v0.1.0
2015-03-03,obm_spent_value_ge365_btc_daily,12738.52727341,BTC,daily,OBM v0.1.0
2015-03-04,obm_spent_value_ge365_btc_daily,6041.66379661,BTC,daily,OBM v0.1.0
2015-03-05,obm_spent_value_ge365_btc_daily,8476.04684317,BTC,daily,OBM v0.1.0
2015-03-06,obm_spent_value_ge365_btc_daily,9340.96553002,BTC,daily,OBM v0.1.0
2015-03-07,obm_spent_value_ge365_btc_daily,13437.32815500,BTC,daily,OBM v0.1.0
2015-03-08,obm_spent_value_ge365_btc_daily,856.20739637,BTC,daily,OBM v0.1.0
2015-03-09,obm_spent_value_ge365_btc_daily,740.68306901,BTC,daily,OBM v0.1.0
2015-03-10,obm_spent_value_ge365_btc_daily,41340.05143069,BTC,daily,OBM v0.1.0
2015-03-11,obm_spent_value_ge365_btc_daily,2435.62399638,BTC,daily,OBM v0.1.0
2015-03-12,obm_spent_value_ge365_btc_daily,2981.43056564,BTC,daily,OBM v0.1.0
2015-03-13,obm_spent_value_ge365_btc_daily,15833.04115549,BTC,daily,OBM v0.1.0
2015-03-14,obm_spent_value_ge365_btc_daily,1473.27446060,BTC,daily,OBM v0.1.0
2015-03-15,obm_spent_value_ge365_btc_daily,1731.15459524,BTC,daily,OBM v0.1.0
2015-03-16,obm_spent_value_ge365_btc_daily,3899.62768176,BTC,daily,OBM v0.1.0
2015-03-17,obm_spent_value_ge365_btc_daily,1418.85369034,BTC,daily,OBM v0.1.0
2015-03-18,obm_spent_value_ge365_btc_daily,5615.55923504,BTC,daily,OBM v0.1.0
2015-03-19,obm_spent_value_ge365_btc_daily,3839.56650958,BTC,daily,OBM v0.1.0
2015-03-20,obm_spent_value_ge365_btc_daily,1243.83918600,BTC,daily,OBM v0.1.0
2015-03-21,obm_spent_value_ge365_btc_daily,2837.06449387,BTC,daily,OBM v0.1.0
2015-03-22,obm_spent_value_ge365_btc_daily,844.43568258,BTC,daily,OBM v0.1.0
2015-03-23,obm_spent_value_ge365_btc_daily,1039.83887208,BTC,daily,OBM v0.1.0
2015-03-24,obm_spent_value_ge365_btc_daily,1563.43601533,BTC,daily,OBM v0.1.0
2015-03-25,obm_spent_value_ge365_btc_daily,3646.19211463,BTC,daily,OBM v0.1.0
2015-03-26,obm_spent_value_ge365_btc_daily,443.33600699,BTC,daily,OBM v0.1.0
2015-03-27,obm_spent_value_ge365_btc_daily,1913.97055833,BTC,daily,OBM v0.1.0
2015-03-28,obm_spent_value_ge365_btc_daily,834.50271094,BTC,daily,OBM v0.1.0
2015-03-29,obm_spent_value_ge365_btc_daily,826.88447488,BTC,daily,OBM v0.1.0
2015-03-30,obm_spent_value_ge365_btc_daily,682.92836472,BTC,daily,OBM v0.1.0
2015-03-31,obm_spent_value_ge365_btc_daily,655.63568271,BTC,daily,OBM v0.1.0
2015-04-01,obm_spent_value_ge365_btc_daily,1402.77798125,BTC,daily,OBM v0.1.0
2015-04-02,obm_spent_value_ge365_btc_daily,9713.73006063,BTC,daily,OBM v0.1.0
2015-04-03,obm_spent_value_ge365_btc_daily,4158.28941715,BTC,daily,OBM v0.1.0
2015-04-04,obm_spent_value_ge365_btc_daily,1656.45880945,BTC,daily,OBM v0.1.0
2015-04-05,obm_spent_value_ge365_btc_daily,1145.46273024,BTC,daily,OBM v0.1.0
2015-04-06,obm_spent_value_ge365_btc_daily,1059.54803132,BTC,daily,OBM v0.1.0
2015-04-07,obm_spent_value_ge365_btc_daily,1965.31429157,BTC,daily,OBM v0.1.0
2015-04-08,obm_spent_value_ge365_btc_daily,2826.03008496,BTC,daily,OBM v0.1.0
2015-04-09,obm_spent_value_ge365_btc_daily,1486.60726408,BTC,daily,OBM v0.1.0
2015-04-10,obm_spent_value_ge365_btc_daily,2345.67979604,BTC,daily,OBM v0.1.0
2015-04-11,obm_spent_value_ge365_btc_daily,902.37430632,BTC,daily,OBM v0.1.0
2015-04-12,obm_spent_value_ge365_btc_daily,4761.49802650,BTC,daily,OBM v0.1.0
2015-04-13,obm_spent_value_ge365_btc_daily,2409.33359557,BTC,daily,OBM v0.1.0
2015-04-14,obm_spent_value_ge365_btc_daily,1038.75490073,BTC,daily,OBM v0.1.0
2015-04-15,obm_spent_value_ge365_btc_daily,27694.09776294,BTC,daily,OBM v0.1.0
2015-04-16,obm_spent_value_ge365_btc_daily,615.54728423,BTC,daily,OBM v0.1.0
2015-04-17,obm_spent_value_ge365_btc_daily,1133.29569854,BTC,daily,OBM v0.1.0
2015-04-18,obm_spent_value_ge365_btc_daily,482.00575215,BTC,daily,OBM v0.1.0
2015-04-19,obm_spent_value_ge365_btc_daily,603.28727247,BTC,daily,OBM v0.1.0
2015-04-20,obm_spent_value_ge365_btc_daily,598.75777754,BTC,daily,OBM v0.1.0
2015-04-21,obm_spent_value_ge365_btc_daily,1940.44566158,BTC,daily,OBM v0.1.0
2015-04-22,obm_spent_value_ge365_btc_daily,2068.75289539,BTC,daily,OBM v0.1.0
2015-04-23,obm_spent_value_ge365_btc_daily,70802.38677557,BTC,daily,OBM v0.1.0
2015-04-24,obm_spent_value_ge365_btc_daily,1131.38043003,BTC,daily,OBM v0.1.0
2015-04-25,obm_spent_value_ge365_btc_daily,3791.57236333,BTC,daily,OBM v0.1.0
2015-04-26,obm_spent_value_ge365_btc_daily,1646.19025394,BTC,daily,OBM v0.1.0
2015-04-27,obm_spent_value_ge365_btc_daily,3586.90820154,BTC,daily,OBM v0.1.0
2015-04-28,obm_spent_value_ge365_btc_daily,2768.19530219,BTC,daily,OBM v0.1.0
2015-04-29,obm_spent_value_ge365_btc_daily,1669.88498693,BTC,daily,OBM v0.1.0
2015-04-30,obm_spent_value_ge365_btc_daily,828.85012536,BTC,daily,OBM v0.1.0
2015-05-01,obm_spent_value_ge365_btc_daily,1361.33119695,BTC,daily,OBM v0.1.0
2015-05-02,obm_spent_value_ge365_btc_daily,611.32834748,BTC,daily,OBM v0.1.0
2015-05-03,obm_spent_value_ge365_btc_daily,3240.78970343,BTC,daily,OBM v0.1.0
2015-05-04,obm_spent_value_ge365_btc_daily,972.28554415,BTC,daily,OBM v0.1.0
2015-05-05,obm_spent_value_ge365_btc_daily,3858.28092685,BTC,daily,OBM v0.1.0
2015-05-06,obm_spent_value_ge365_btc_daily,1571.85400227,BTC,daily,OBM v0.1.0
2015-05-07,obm_spent_value_ge365_btc_daily,1816.58732216,BTC,daily,OBM v0.1.0
2015-05-08,obm_spent_value_ge365_btc_daily,1013.55301652,BTC,daily,OBM v0.1.0
2015-05-09,obm_spent_value_ge365_btc_daily,1548.65061579,BTC,daily,OBM v0.1.0
2015-05-10,obm_spent_value_ge365_btc_daily,895.11049889,BTC,daily,OBM v0.1.0
2015-05-11,obm_spent_value_ge365_btc_daily,7134.64570003,BTC,daily,OBM v0.1.0
2015-05-12,obm_spent_value_ge365_btc_daily,4157.87509289,BTC,daily,OBM v0.1.0
2015-05-13,obm_spent_value_ge365_btc_daily,1761.52046483,BTC,daily,OBM v0.1.0
2015-05-14,obm_spent_value_ge365_btc_daily,1430.43351710,BTC,daily,OBM v0.1.0
2015-05-15,obm_spent_value_ge365_btc_daily,1822.93437691,BTC,daily,OBM v0.1.0
2015-05-16,obm_spent_value_ge365_btc_daily,1330.80148581,BTC,daily,OBM v0.1.0
2015-05-17,obm_spent_value_ge365_btc_daily,1271.82241894,BTC,daily,OBM v0.1.0
2015-05-18,obm_spent_value_ge365_btc_daily,2040.84831790,BTC,daily,OBM v0.1.0
2015-05-19,obm_spent_value_ge365_btc_daily,2082.31545381,BTC,daily,OBM v0.1.0
2015-05-20,obm_spent_value_ge365_btc_daily,1191.74209831,BTC,daily,OBM v0.1.0
2015-05-21,obm_spent_value_ge365_btc_daily,938.85313291,BTC,daily,OBM v0.1.0
2015-05-22,obm_spent_value_ge365_btc_daily,3738.63957976,BTC,daily,OBM v0.1.0
2015-05-23,obm_spent_value_ge365_btc_daily,1775.57140446,BTC,daily,OBM v0.1.0
2015-05-24,obm_spent_value_ge365_btc_daily,996.42680221,BTC,daily,OBM v0.1.0
2015-05-25,obm_spent_value_ge365_btc_daily,895.10770259,BTC,daily,OBM v0.1.0
2015-05-26,obm_spent_value_ge365_btc_daily,1601.59472258,BTC,daily,OBM v0.1.0
2015-05-27,obm_spent_value_ge365_btc_daily,1409.57982353,BTC,daily,OBM v0.1.0
2015-05-28,obm_spent_value_ge365_btc_daily,2862.21605413,BTC,daily,OBM v0.1.0
2015-05-29,obm_spent_value_ge365_btc_daily,2562.75676908,BTC,daily,OBM v0.1.0
2015-05-30,obm_spent_value_ge365_btc_daily,2244.84765013,BTC,daily,OBM v0.1.0
2015-05-31,obm_spent_value_ge365_btc_daily,3516.93836775,BTC,daily,OBM v0.1.0
2015-06-01,obm_spent_value_ge365_btc_daily,2072.18710228,BTC,daily,OBM v0.1.0
2015-06-02,obm_spent_value_ge365_btc_daily,2353.40960513,BTC,daily,OBM v0.1.0
2015-06-03,obm_spent_value_ge365_btc_daily,1057.24330254,BTC,daily,OBM v0.1.0
2015-06-04,obm_spent_value_ge365_btc_daily,2272.80684657,BTC,daily,OBM v0.1.0
2015-06-05,obm_spent_value_ge365_btc_daily,1045.18465645,BTC,daily,OBM v0.1.0
2015-06-06,obm_spent_value_ge365_btc_daily,619.91584246,BTC,daily,OBM v0.1.0
2015-06-07,obm_spent_value_ge365_btc_daily,4213.29024774,BTC,daily,OBM v0.1.0
2015-06-08,obm_spent_value_ge365_btc_daily,1105.78002632,BTC,daily,OBM v0.1.0
2015-06-09,obm_spent_value_ge365_btc_daily,1070.09158323,BTC,daily,OBM v0.1.0
2015-06-10,obm_spent_value_ge365_btc_daily,5284.65226905,BTC,daily,OBM v0.1.0
2015-06-11,obm_spent_value_ge365_btc_daily,2727.52186649,BTC,daily,OBM v0.1.0
2015-06-12,obm_spent_value_ge365_btc_daily,8187.45282527,BTC,daily,OBM v0.1.0
2015-06-13,obm_spent_value_ge365_btc_daily,4956.67848794,BTC,daily,OBM v0.1.0
2015-06-14,obm_spent_value_ge365_btc_daily,3388.25779016,BTC,daily,OBM v0.1.0
2015-06-15,obm_spent_value_ge365_btc_daily,2432.69746703,BTC,daily,OBM v0.1.0
2015-06-16,obm_spent_value_ge365_btc_daily,4229.93003939,BTC,daily,OBM v0.1.0
2015-06-17,obm_spent_value_ge365_btc_daily,3168.29748923,BTC,daily,OBM v0.1.0
2015-06-18,obm_spent_value_ge365_btc_daily,1023.05874872,BTC,daily,OBM v0.1.0
2015-06-19,obm_spent_value_ge365_btc_daily,2199.09527479,BTC,daily,OBM v0.1.0
2015-06-20,obm_spent_value_ge365_btc_daily,12996.25109698,BTC,daily,OBM v0.1.0
2015-06-21,obm_spent_value_ge365_btc_daily,5148.65886729,BTC,daily,OBM v0.1.0
2015-06-22,obm_spent_value_ge365_btc_daily,1819.12123890,BTC,daily,OBM v0.1.0
2015-06-23,obm_spent_value_ge365_btc_daily,2717.19728171,BTC,daily,OBM v0.1.0
2015-06-24,obm_spent_value_ge365_btc_daily,4084.92020074,BTC,daily,OBM v0.1.0
2015-06-25,obm_spent_value_ge365_btc_daily,2043.23822592,BTC,daily,OBM v0.1.0
2015-06-26,obm_spent_value_ge365_btc_daily,1074.01161366,BTC,daily,OBM v0.1.0
2015-06-27,obm_spent_value_ge365_btc_daily,2058.65353312,BTC,daily,OBM v0.1.0
2015-06-28,obm_spent_value_ge365_btc_daily,1021.55430720,BTC,daily,OBM v0.1.0
2015-06-29,obm_spent_value_ge365_btc_daily,3059.06733449,BTC,daily,OBM v0.1.0
2015-06-30,obm_spent_value_ge365_btc_daily,3444.84683690,BTC,daily,OBM v0.1.0
2015-07-01,obm_spent_value_ge365_btc_daily,2272.41602974,BTC,daily,OBM v0.1.0
2015-07-02,obm_spent_value_ge365_btc_daily,5085.11523046,BTC,daily,OBM v0.1.0
2015-07-03,obm_spent_value_ge365_btc_daily,2088.22216014,BTC,daily,OBM v0.1.0
2015-07-04,obm_spent_value_ge365_btc_daily,939.45475730,BTC,daily,OBM v0.1.0
2015-07-05,obm_spent_value_ge365_btc_daily,5846.39778602,BTC,daily,OBM v0.1.0
2015-07-06,obm_spent_value_ge365_btc_daily,6909.91309630,BTC,daily,OBM v0.1.0
2015-07-07,obm_spent_value_ge365_btc_daily,8992.16280930,BTC,daily,OBM v0.1.0
2015-07-08,obm_spent_value_ge365_btc_daily,12249.86879059,BTC,daily,OBM v0.1.0
2015-07-09,obm_spent_value_ge365_btc_daily,9006.93673982,BTC,daily,OBM v0.1.0
2015-07-10,obm_spent_value_ge365_btc_daily,3482.89139168,BTC,daily,OBM v0.1.0
2015-07-11,obm_spent_value_ge365_btc_daily,3323.83883724,BTC,daily,OBM v0.1.0
2015-07-12,obm_spent_value_ge365_btc_daily,8556.04901075,BTC,daily,OBM v0.1.0
2015-07-13,obm_spent_value_ge365_btc_daily,2674.07715413,BTC,daily,OBM v0.1.0
2015-07-14,obm_spent_value_ge365_btc_daily,2156.54974332,BTC,daily,OBM v0.1.0
2015-07-15,obm_spent_value_ge365_btc_daily,2693.09288954,BTC,daily,OBM v0.1.0
2015-07-16,obm_spent_value_ge365_btc_daily,2760.39980580,BTC,daily,OBM v0.1.0
2015-07-17,obm_spent_value_ge365_btc_daily,7917.41119913,BTC,daily,OBM v0.1.0
2015-07-18,obm_spent_value_ge365_btc_daily,1950.04503232,BTC,daily,OBM v0.1.0
2015-07-19,obm_spent_value_ge365_btc_daily,1160.65639135,BTC,daily,OBM v0.1.0
2015-07-20,obm_spent_value_ge365_btc_daily,12036.32313058,BTC,daily,OBM v0.1.0
2015-07-21,obm_spent_value_ge365_btc_daily,2130.97778492,BTC,daily,OBM v0.1.0
2015-07-22,obm_spent_value_ge365_btc_daily,1379.06455038,BTC,daily,OBM v0.1.0
2015-07-23,obm_spent_value_ge365_btc_daily,921.58643152,BTC,daily,OBM v0.1.0
2015-07-24,obm_spent_value_ge365_btc_daily,1603.72490267,BTC,daily,OBM v0.1.0
2015-07-25,obm_spent_value_ge365_btc_daily,2653.37671435,BTC,daily,OBM v0.1.0
2015-07-26,obm_spent_value_ge365_btc_daily,1864.41600994,BTC,daily,OBM v0.1.0
2015-07-27,obm_spent_value_ge365_btc_daily,2765.86461823,BTC,daily,OBM v0.1.0
2015-07-28,obm_spent_value_ge365_btc_daily,2698.89259384,BTC,daily,OBM v0.1.0
2015-07-29,obm_spent_value_ge365_btc_daily,3127.24862416,BTC,daily,OBM v0.1.0
2015-07-30,obm_spent_value_ge365_btc_daily,3497.23412358,BTC,daily,OBM v0.1.0
2015-07-31,obm_spent_value_ge365_btc_daily,2832.90235533,BTC,daily,OBM v0.1.0
2015-08-01,obm_spent_value_ge365_btc_daily,960.64867611,BTC,daily,OBM v0.1.0
2015-08-02,obm_spent_value_ge365_btc_daily,1176.39977849,BTC,daily,OBM v0.1.0
2015-08-03,obm_spent_value_ge365_btc_daily,816.78406988,BTC,daily,OBM v0.1.0
2015-08-04,obm_spent_value_ge365_btc_daily,4717.21692567,BTC,daily,OBM v0.1.0
2015-08-05,obm_spent_value_ge365_btc_daily,2169.27527656,BTC,daily,OBM v0.1.0
2015-08-06,obm_spent_value_ge365_btc_daily,865.82579917,BTC,daily,OBM v0.1.0
2015-08-07,obm_spent_value_ge365_btc_daily,1096.41801548,BTC,daily,OBM v0.1.0
2015-08-08,obm_spent_value_ge365_btc_daily,1323.99626798,BTC,daily,OBM v0.1.0
2015-08-09,obm_spent_value_ge365_btc_daily,42594.05849228,BTC,daily,OBM v0.1.0
2015-08-10,obm_spent_value_ge365_btc_daily,1417.48505364,BTC,daily,OBM v0.1.0
2015-08-11,obm_spent_value_ge365_btc_daily,3089.95629219,BTC,daily,OBM v0.1.0
2015-08-12,obm_spent_value_ge365_btc_daily,1425.11194239,BTC,daily,OBM v0.1.0
2015-08-13,obm_spent_value_ge365_btc_daily,2112.10264975,BTC,daily,OBM v0.1.0
2015-08-14,obm_spent_value_ge365_btc_daily,6789.81907278,BTC,daily,OBM v0.1.0
2015-08-15,obm_spent_value_ge365_btc_daily,3746.44777939,BTC,daily,OBM v0.1.0
2015-08-16,obm_spent_value_ge365_btc_daily,5439.31062227,BTC,daily,OBM v0.1.0
2015-08-17,obm_spent_value_ge365_btc_daily,2995.04499943,BTC,daily,OBM v0.1.0
2015-08-18,obm_spent_value_ge365_btc_daily,1805.66776487,BTC,daily,OBM v0.1.0
2015-08-19,obm_spent_value_ge365_btc_daily,5305.10492450,BTC,daily,OBM v0.1.0
2015-08-20,obm_spent_value_ge365_btc_daily,2739.36309580,BTC,daily,OBM v0.1.0
2015-08-21,obm_spent_value_ge365_btc_daily,3636.53182293,BTC,daily,OBM v0.1.0
2015-08-22,obm_spent_value_ge365_btc_daily,4044.72735885,BTC,daily,OBM v0.1.0
2015-08-23,obm_spent_value_ge365_btc_daily,11621.88014157,BTC,daily,OBM v0.1.0
2015-08-24,obm_spent_value_ge365_btc_daily,22579.32575016,BTC,daily,OBM v0.1.0
2015-08-25,obm_spent_value_ge365_btc_daily,36916.98723723,BTC,daily,OBM v0.1.0
2015-08-26,obm_spent_value_ge365_btc_daily,1698.93497206,BTC,daily,OBM v0.1.0
2015-08-27,obm_spent_value_ge365_btc_daily,6844.16848056,BTC,daily,OBM v0.1.0
2015-08-28,obm_spent_value_ge365_btc_daily,1105.95873044,BTC,daily,OBM v0.1.0
2015-08-29,obm_spent_value_ge365_btc_daily,1447.09583741,BTC,daily,OBM v0.1.0
2015-08-30,obm_spent_value_ge365_btc_daily,4818.40393060,BTC,daily,OBM v0.1.0
2015-08-31,obm_spent_value_ge365_btc_daily,2895.74671978,BTC,daily,OBM v0.1.0
2015-09-01,obm_spent_value_ge365_btc_daily,3266.31750018,BTC,daily,OBM v0.1.0
2015-09-02,obm_spent_value_ge365_btc_daily,6601.50788439,BTC,daily,OBM v0.1.0
2015-09-03,obm_spent_value_ge365_btc_daily,8021.51813126,BTC,daily,OBM v0.1.0
2015-09-04,obm_spent_value_ge365_btc_daily,2143.27936717,BTC,daily,OBM v0.1.0
2015-09-05,obm_spent_value_ge365_btc_daily,1469.59445276,BTC,daily,OBM v0.1.0
2015-09-06,obm_spent_value_ge365_btc_daily,2410.93752755,BTC,daily,OBM v0.1.0
2015-09-07,obm_spent_value_ge365_btc_daily,1263.25481209,BTC,daily,OBM v0.1.0
2015-09-08,obm_spent_value_ge365_btc_daily,3004.90410763,BTC,daily,OBM v0.1.0
2015-09-09,obm_spent_value_ge365_btc_daily,6764.01056748,BTC,daily,OBM v0.1.0
2015-09-10,obm_spent_value_ge365_btc_daily,15889.31661269,BTC,daily,OBM v0.1.0
2015-09-11,obm_spent_value_ge365_btc_daily,1211.64927663,BTC,daily,OBM v0.1.0
2015-09-12,obm_spent_value_ge365_btc_daily,524.89774096,BTC,daily,OBM v0.1.0
2015-09-13,obm_spent_value_ge365_btc_daily,787.60355226,BTC,daily,OBM v0.1.0
2015-09-14,obm_spent_value_ge365_btc_daily,1237.03671139,BTC,daily,OBM v0.1.0
2015-09-15,obm_spent_value_ge365_btc_daily,1273.20064659,BTC,daily,OBM v0.1.0
2015-09-16,obm_spent_value_ge365_btc_daily,2301.16119357,BTC,daily,OBM v0.1.0
2015-09-17,obm_spent_value_ge365_btc_daily,1433.33320374,BTC,daily,OBM v0.1.0
2015-09-18,obm_spent_value_ge365_btc_daily,699.16206398,BTC,daily,OBM v0.1.0
2015-09-19,obm_spent_value_ge365_btc_daily,724.71777558,BTC,daily,OBM v0.1.0
2015-09-20,obm_spent_value_ge365_btc_daily,1668.60916136,BTC,daily,OBM v0.1.0
2015-09-21,obm_spent_value_ge365_btc_daily,8833.81594083,BTC,daily,OBM v0.1.0
2015-09-22,obm_spent_value_ge365_btc_daily,1611.23035965,BTC,daily,OBM v0.1.0
2015-09-23,obm_spent_value_ge365_btc_daily,2043.52309801,BTC,daily,OBM v0.1.0
2015-09-24,obm_spent_value_ge365_btc_daily,749.37614120,BTC,daily,OBM v0.1.0
2015-09-25,obm_spent_value_ge365_btc_daily,1763.20379867,BTC,daily,OBM v0.1.0
2015-09-26,obm_spent_value_ge365_btc_daily,799.08401563,BTC,daily,OBM v0.1.0
2015-09-27,obm_spent_value_ge365_btc_daily,496.56413600,BTC,daily,OBM v0.1.0
2015-09-28,obm_spent_value_ge365_btc_daily,2253.98076107,BTC,daily,OBM v0.1.0
2015-09-29,obm_spent_value_ge365_btc_daily,1063.09846941,BTC,daily,OBM v0.1.0
2015-09-30,obm_spent_value_ge365_btc_daily,1819.95017941,BTC,daily,OBM v0.1.0
2015-10-01,obm_spent_value_ge365_btc_daily,1906.99549481,BTC,daily,OBM v0.1.0
2015-10-02,obm_spent_value_ge365_btc_daily,703.37788085,BTC,daily,OBM v0.1.0
2015-10-03,obm_spent_value_ge365_btc_daily,984.61227493,BTC,daily,OBM v0.1.0
2015-10-04,obm_spent_value_ge365_btc_daily,1508.15237357,BTC,daily,OBM v0.1.0
2015-10-05,obm_spent_value_ge365_btc_daily,2220.32414008,BTC,daily,OBM v0.1.0
2015-10-06,obm_spent_value_ge365_btc_daily,2301.53850077,BTC,daily,OBM v0.1.0
2015-10-07,obm_spent_value_ge365_btc_daily,6188.63488519,BTC,daily,OBM v0.1.0
2015-10-08,obm_spent_value_ge365_btc_daily,5507.74892792,BTC,daily,OBM v0.1.0
2015-10-09,obm_spent_value_ge365_btc_daily,1010.14576356,BTC,daily,OBM v0.1.0
2015-10-10,obm_spent_value_ge365_btc_daily,2408.01572478,BTC,daily,OBM v0.1.0
2015-10-11,obm_spent_value_ge365_btc_daily,1990.03110712,BTC,daily,OBM v0.1.0
2015-10-12,obm_spent_value_ge365_btc_daily,12408.17956844,BTC,daily,OBM v0.1.0
2015-10-13,obm_spent_value_ge365_btc_daily,3956.13417981,BTC,daily,OBM v0.1.0
2015-10-14,obm_spent_value_ge365_btc_daily,12124.54025323,BTC,daily,OBM v0.1.0
2015-10-15,obm_spent_value_ge365_btc_daily,2868.85334487,BTC,daily,OBM v0.1.0
2015-10-16,obm_spent_value_ge365_btc_daily,2221.12906857,BTC,daily,OBM v0.1.0
2015-10-17,obm_spent_value_ge365_btc_daily,1912.85994614,BTC,daily,OBM v0.1.0
2015-10-18,obm_spent_value_ge365_btc_daily,1088.89512063,BTC,daily,OBM v0.1.0
2015-10-19,obm_spent_value_ge365_btc_daily,4489.81682074,BTC,daily,OBM v0.1.0
2015-10-20,obm_spent_value_ge365_btc_daily,1839.51848410,BTC,daily,OBM v0.1.0
2015-10-21,obm_spent_value_ge365_btc_daily,2188.42249525,BTC,daily,OBM v0.1.0
2015-10-22,obm_spent_value_ge365_btc_daily,5596.77141433,BTC,daily,OBM v0.1.0
2015-10-23,obm_spent_value_ge365_btc_daily,2178.78404910,BTC,daily,OBM v0.1.0
2015-10-24,obm_spent_value_ge365_btc_daily,842.64869968,BTC,daily,OBM v0.1.0
2015-10-25,obm_spent_value_ge365_btc_daily,1955.09148041,BTC,daily,OBM v0.1.0
2015-10-26,obm_spent_value_ge365_btc_daily,2834.71733074,BTC,daily,OBM v0.1.0
2015-10-27,obm_spent_value_ge365_btc_daily,2404.06957770,BTC,daily,OBM v0.1.0
2015-10-28,obm_spent_value_ge365_btc_daily,3780.90794918,BTC,daily,OBM v0.1.0
2015-10-29,obm_spent_value_ge365_btc_daily,3033.50035411,BTC,daily,OBM v0.1.0
2015-10-30,obm_spent_value_ge365_btc_daily,2211.16970050,BTC,daily,OBM v0.1.0
2015-10-31,obm_spent_value_ge365_btc_daily,14249.79421352,BTC,daily,OBM v0.1.0
2015-11-01,obm_spent_value_ge365_btc_daily,12184.26423115,BTC,daily,OBM v0.1.0
2015-11-02,obm_spent_value_ge365_btc_daily,2713.49236153,BTC,daily,OBM v0.1.0
2015-11-03,obm_spent_value_ge365_btc_daily,17712.36868315,BTC,daily,OBM v0.1.0
2015-11-04,obm_spent_value_ge365_btc_daily,18855.82645101,BTC,daily,OBM v0.1.0
2015-11-05,obm_spent_value_ge365_btc_daily,9137.56003406,BTC,daily,OBM v0.1.0
2015-11-06,obm_spent_value_ge365_btc_daily,4083.59436367,BTC,daily,OBM v0.1.0
2015-11-07,obm_spent_value_ge365_btc_daily,28131.63356493,BTC,daily,OBM v0.1.0
2015-11-08,obm_spent_value_ge365_btc_daily,6504.55504678,BTC,daily,OBM v0.1.0
2015-11-09,obm_spent_value_ge365_btc_daily,4231.93961066,BTC,daily,OBM v0.1.0
2015-11-10,obm_spent_value_ge365_btc_daily,14164.36972935,BTC,daily,OBM v0.1.0
2015-11-11,obm_spent_value_ge365_btc_daily,6403.29537523,BTC,daily,OBM v0.1.0
2015-11-12,obm_spent_value_ge365_btc_daily,2070.44486470,BTC,daily,OBM v0.1.0
2015-11-13,obm_spent_value_ge365_btc_daily,12586.54308747,BTC,daily,OBM v0.1.0
2015-11-14,obm_spent_value_ge365_btc_daily,2334.09240184,BTC,daily,OBM v0.1.0
2015-11-15,obm_spent_value_ge365_btc_daily,2126.96327992,BTC,daily,OBM v0.1.0
2015-11-16,obm_spent_value_ge365_btc_daily,1424.13549965,BTC,daily,OBM v0.1.0
2015-11-17,obm_spent_value_ge365_btc_daily,4376.17293180,BTC,daily,OBM v0.1.0
2015-11-18,obm_spent_value_ge365_btc_daily,2500.74587762,BTC,daily,OBM v0.1.0
2015-11-19,obm_spent_value_ge365_btc_daily,4418.74570860,BTC,daily,OBM v0.1.0
2015-11-20,obm_spent_value_ge365_btc_daily,2123.75086676,BTC,daily,OBM v0.1.0
2015-11-21,obm_spent_value_ge365_btc_daily,2568.65175644,BTC,daily,OBM v0.1.0
2015-11-22,obm_spent_value_ge365_btc_daily,4427.38957888,BTC,daily,OBM v0.1.0
2015-11-23,obm_spent_value_ge365_btc_daily,2579.92081075,BTC,daily,OBM v0.1.0
2015-11-24,obm_spent_value_ge365_btc_daily,2148.62544852,BTC,daily,OBM v0.1.0
2015-11-25,obm_spent_value_ge365_btc_daily,970.74431680,BTC,daily,OBM v0.1.0
2015-11-26,obm_spent_value_ge365_btc_daily,2469.85886670,BTC,daily,OBM v0.1.0
2015-11-27,obm_spent_value_ge365_btc_daily,5777.97523013,BTC,daily,OBM v0.1.0
2015-11-28,obm_spent_value_ge365_btc_daily,2005.36897904,BTC,daily,OBM v0.1.0
2015-11-29,obm_spent_value_ge365_btc_daily,1536.16406950,BTC,daily,OBM v0.1.0
2015-11-30,obm_spent_value_ge365_btc_daily,2760.67196767,BTC,daily,OBM v0.1.0
2015-12-01,obm_spent_value_ge365_btc_daily,3230.43611673,BTC,daily,OBM v0.1.0
2015-12-02,obm_spent_value_ge365_btc_daily,5391.40280084,BTC,daily,OBM v0.1.0
2015-12-03,obm_spent_value_ge365_btc_daily,4781.89789577,BTC,daily,OBM v0.1.0
2015-12-04,obm_spent_value_ge365_btc_daily,2105.62946604,BTC,daily,OBM v0.1.0
2015-12-05,obm_spent_value_ge365_btc_daily,4361.09492012,BTC,daily,OBM v0.1.0
2015-12-06,obm_spent_value_ge365_btc_daily,5082.15160373,BTC,daily,OBM v0.1.0
2015-12-07,obm_spent_value_ge365_btc_daily,4170.09128874,BTC,daily,OBM v0.1.0
2015-12-08,obm_spent_value_ge365_btc_daily,2009.13464139,BTC,daily,OBM v0.1.0
2015-12-09,obm_spent_value_ge365_btc_daily,6341.62613418,BTC,daily,OBM v0.1.0
2015-12-10,obm_spent_value_ge365_btc_daily,4492.65497777,BTC,daily,OBM v0.1.0
2015-12-11,obm_spent_value_ge365_btc_daily,7511.69533690,BTC,daily,OBM v0.1.0
2015-12-12,obm_spent_value_ge365_btc_daily,4225.12741420,BTC,daily,OBM v0.1.0
2015-12-13,obm_spent_value_ge365_btc_daily,3863.09978567,BTC,daily,OBM v0.1.0
2015-12-14,obm_spent_value_ge365_btc_daily,14460.30085842,BTC,daily,OBM v0.1.0
2015-12-15,obm_spent_value_ge365_btc_daily,4631.08953301,BTC,daily,OBM v0.1.0
2015-12-16,obm_spent_value_ge365_btc_daily,3333.24210151,BTC,daily,OBM v0.1.0
2015-12-17,obm_spent_value_ge365_btc_daily,3055.18042782,BTC,daily,OBM v0.1.0
2015-12-18,obm_spent_value_ge365_btc_daily,1600.38918113,BTC,daily,OBM v0.1.0
2015-12-19,obm_spent_value_ge365_btc_daily,13903.30409768,BTC,daily,OBM v0.1.0
2015-12-20,obm_spent_value_ge365_btc_daily,1352.26316302,BTC,daily,OBM v0.1.0
2015-12-21,obm_spent_value_ge365_btc_daily,4349.96511755,BTC,daily,OBM v0.1.0
2015-12-22,obm_spent_value_ge365_btc_daily,3199.47673079,BTC,daily,OBM v0.1.0
2015-12-23,obm_spent_value_ge365_btc_daily,4390.12643968,BTC,daily,OBM v0.1.0
2015-12-24,obm_spent_value_ge365_btc_daily,5905.17811884,BTC,daily,OBM v0.1.0
2015-12-25,obm_spent_value_ge365_btc_daily,1504.51184809,BTC,daily,OBM v0.1.0
2015-12-26,obm_spent_value_ge365_btc_daily,4933.48062896,BTC,daily,OBM v0.1.0
2015-12-27,obm_spent_value_ge365_btc_daily,2473.21215121,BTC,daily,OBM v0.1.0
2015-12-28,obm_spent_value_ge365_btc_daily,1987.72559222,BTC,daily,OBM v0.1.0
2015-12-29,obm_spent_value_ge365_btc_daily,2235.48635761,BTC,daily,OBM v0.1.0
2015-12-30,obm_spent_value_ge365_btc_daily,2135.67978346,BTC,daily,OBM v0.1.0
2015-12-31,obm_spent_value_ge365_btc_daily,2761.83231186,BTC,daily,OBM v0.1.0
2016-01-01,obm_spent_value_ge365_btc_daily,801.84851411,BTC,daily,OBM v0.1.0
2016-01-02,obm_spent_value_ge365_btc_daily,1625.02648575,BTC,daily,OBM v0.1.0
2016-01-03,obm_spent_value_ge365_btc_daily,2402.15755425,BTC,daily,OBM v0.1.0
2016-01-04,obm_spent_value_ge365_btc_daily,2859.82237049,BTC,daily,OBM v0.1.0
2016-01-05,obm_spent_value_ge365_btc_daily,3841.49701739,BTC,daily,OBM v0.1.0
2016-01-06,obm_spent_value_ge365_btc_daily,2634.25770240,BTC,daily,OBM v0.1.0
2016-01-07,obm_spent_value_ge365_btc_daily,26484.45876410,BTC,daily,OBM v0.1.0
2016-01-08,obm_spent_value_ge365_btc_daily,23669.26048509,BTC,daily,OBM v0.1.0
2016-01-09,obm_spent_value_ge365_btc_daily,1635.55032423,BTC,daily,OBM v0.1.0
2016-01-10,obm_spent_value_ge365_btc_daily,5781.82007501,BTC,daily,OBM v0.1.0
2016-01-11,obm_spent_value_ge365_btc_daily,4063.22193031,BTC,daily,OBM v0.1.0
2016-01-12,obm_spent_value_ge365_btc_daily,2018.24379807,BTC,daily,OBM v0.1.0
2016-01-13,obm_spent_value_ge365_btc_daily,10608.76909093,BTC,daily,OBM v0.1.0
2016-01-14,obm_spent_value_ge365_btc_daily,1149.64540469,BTC,daily,OBM v0.1.0
2016-01-15,obm_spent_value_ge365_btc_daily,15411.83280418,BTC,daily,OBM v0.1.0
2016-01-16,obm_spent_value_ge365_btc_daily,6302.26964300,BTC,daily,OBM v0.1.0
2016-01-17,obm_spent_value_ge365_btc_daily,1957.17245312,BTC,daily,OBM v0.1.0
2016-01-18,obm_spent_value_ge365_btc_daily,2194.59146009,BTC,daily,OBM v0.1.0
2016-01-19,obm_spent_value_ge365_btc_daily,5039.22504749,BTC,daily,OBM v0.1.0
2016-01-20,obm_spent_value_ge365_btc_daily,3562.81629257,BTC,daily,OBM v0.1.0
2016-01-21,obm_spent_value_ge365_btc_daily,5282.23391753,BTC,daily,OBM v0.1.0
2016-01-22,obm_spent_value_ge365_btc_daily,55948.26012122,BTC,daily,OBM v0.1.0
2016-01-23,obm_spent_value_ge365_btc_daily,34464.79006144,BTC,daily,OBM v0.1.0
2016-01-24,obm_spent_value_ge365_btc_daily,2802.34132992,BTC,daily,OBM v0.1.0
2016-01-25,obm_spent_value_ge365_btc_daily,11179.62515884,BTC,daily,OBM v0.1.0
2016-01-26,obm_spent_value_ge365_btc_daily,14280.80514692,BTC,daily,OBM v0.1.0
2016-01-27,obm_spent_value_ge365_btc_daily,2905.17242256,BTC,daily,OBM v0.1.0
2016-01-28,obm_spent_value_ge365_btc_daily,13217.89169384,BTC,daily,OBM v0.1.0
2016-01-29,obm_spent_value_ge365_btc_daily,1414.79278742,BTC,daily,OBM v0.1.0
2016-01-30,obm_spent_value_ge365_btc_daily,2081.21374441,BTC,daily,OBM v0.1.0
2016-01-31,obm_spent_value_ge365_btc_daily,873.33032941,BTC,daily,OBM v0.1.0
2016-02-01,obm_spent_value_ge365_btc_daily,9245.94246961,BTC,daily,OBM v0.1.0
2016-02-02,obm_spent_value_ge365_btc_daily,1534.21608826,BTC,daily,OBM v0.1.0
2016-02-03,obm_spent_value_ge365_btc_daily,2180.25274478,BTC,daily,OBM v0.1.0
2016-02-04,obm_spent_value_ge365_btc_daily,9457.98002854,BTC,daily,OBM v0.1.0
2016-02-05,obm_spent_value_ge365_btc_daily,6205.75837846,BTC,daily,OBM v0.1.0
2016-02-06,obm_spent_value_ge365_btc_daily,5308.75655029,BTC,daily,OBM v0.1.0
2016-02-07,obm_spent_value_ge365_btc_daily,3277.93525068,BTC,daily,OBM v0.1.0
2016-02-08,obm_spent_value_ge365_btc_daily,2423.35989993,BTC,daily,OBM v0.1.0
2016-02-09,obm_spent_value_ge365_btc_daily,7557.45482976,BTC,daily,OBM v0.1.0
2016-02-10,obm_spent_value_ge365_btc_daily,5067.57594845,BTC,daily,OBM v0.1.0
2016-02-11,obm_spent_value_ge365_btc_daily,8118.18107901,BTC,daily,OBM v0.1.0
2016-02-12,obm_spent_value_ge365_btc_daily,4367.55859524,BTC,daily,OBM v0.1.0
2016-02-13,obm_spent_value_ge365_btc_daily,4061.77056982,BTC,daily,OBM v0.1.0
2016-02-14,obm_spent_value_ge365_btc_daily,2869.80986718,BTC,daily,OBM v0.1.0
2016-02-15,obm_spent_value_ge365_btc_daily,13097.78180306,BTC,daily,OBM v0.1.0
2016-02-16,obm_spent_value_ge365_btc_daily,5612.60236202,BTC,daily,OBM v0.1.0
2016-02-17,obm_spent_value_ge365_btc_daily,4148.73054108,BTC,daily,OBM v0.1.0
2016-02-18,obm_spent_value_ge365_btc_daily,2273.23604445,BTC,daily,OBM v0.1.0
2016-02-19,obm_spent_value_ge365_btc_daily,8714.58511781,BTC,daily,OBM v0.1.0
2016-02-20,obm_spent_value_ge365_btc_daily,4078.99421210,BTC,daily,OBM v0.1.0
2016-02-21,obm_spent_value_ge365_btc_daily,3777.02254782,BTC,daily,OBM v0.1.0
2016-02-22,obm_spent_value_ge365_btc_daily,3557.80214597,BTC,daily,OBM v0.1.0
2016-02-23,obm_spent_value_ge365_btc_daily,2484.02172439,BTC,daily,OBM v0.1.0
2016-02-24,obm_spent_value_ge365_btc_daily,8042.81522928,BTC,daily,OBM v0.1.0
2016-02-25,obm_spent_value_ge365_btc_daily,9702.92753355,BTC,daily,OBM v0.1.0
2016-02-26,obm_spent_value_ge365_btc_daily,3430.70399488,BTC,daily,OBM v0.1.0
2016-02-27,obm_spent_value_ge365_btc_daily,2367.88520922,BTC,daily,OBM v0.1.0
2016-02-28,obm_spent_value_ge365_btc_daily,8240.45144421,BTC,daily,OBM v0.1.0
2016-02-29,obm_spent_value_ge365_btc_daily,4999.78452959,BTC,daily,OBM v0.1.0
2016-03-01,obm_spent_value_ge365_btc_daily,70738.51498971,BTC,daily,OBM v0.1.0
2016-03-02,obm_spent_value_ge365_btc_daily,6697.94656786,BTC,daily,OBM v0.1.0
2016-03-03,obm_spent_value_ge365_btc_daily,12987.99018221,BTC,daily,OBM v0.1.0
2016-03-04,obm_spent_value_ge365_btc_daily,7046.28762641,BTC,daily,OBM v0.1.0
2016-03-05,obm_spent_value_ge365_btc_daily,24745.09224400,BTC,daily,OBM v0.1.0
2016-03-06,obm_spent_value_ge365_btc_daily,6112.97299172,BTC,daily,OBM v0.1.0
2016-03-07,obm_spent_value_ge365_btc_daily,9500.94669259,BTC,daily,OBM v0.1.0
2016-03-08,obm_spent_value_ge365_btc_daily,8896.74629245,BTC,daily,OBM v0.1.0
2016-03-09,obm_spent_value_ge365_btc_daily,13558.48546446,BTC,daily,OBM v0.1.0
2016-03-10,obm_spent_value_ge365_btc_daily,11008.84079915,BTC,daily,OBM v0.1.0
2016-03-11,obm_spent_value_ge365_btc_daily,5721.56073125,BTC,daily,OBM v0.1.0
2016-03-12,obm_spent_value_ge365_btc_daily,4957.80506344,BTC,daily,OBM v0.1.0
2016-03-13,obm_spent_value_ge365_btc_daily,9147.09069854,BTC,daily,OBM v0.1.0
2016-03-14,obm_spent_value_ge365_btc_daily,7765.32028882,BTC,daily,OBM v0.1.0
2016-03-15,obm_spent_value_ge365_btc_daily,5641.51972120,BTC,daily,OBM v0.1.0
2016-03-16,obm_spent_value_ge365_btc_daily,8939.11607634,BTC,daily,OBM v0.1.0
2016-03-17,obm_spent_value_ge365_btc_daily,5465.80535865,BTC,daily,OBM v0.1.0
2016-03-18,obm_spent_value_ge365_btc_daily,4273.94190232,BTC,daily,OBM v0.1.0
2016-03-19,obm_spent_value_ge365_btc_daily,4210.42669818,BTC,daily,OBM v0.1.0
2016-03-20,obm_spent_value_ge365_btc_daily,3656.08215356,BTC,daily,OBM v0.1.0
2016-03-21,obm_spent_value_ge365_btc_daily,13941.63704545,BTC,daily,OBM v0.1.0
2016-03-22,obm_spent_value_ge365_btc_daily,7571.55775477,BTC,daily,OBM v0.1.0
2016-03-23,obm_spent_value_ge365_btc_daily,1867.26299314,BTC,daily,OBM v0.1.0
2016-03-24,obm_spent_value_ge365_btc_daily,1376.62888650,BTC,daily,OBM v0.1.0
2016-03-25,obm_spent_value_ge365_btc_daily,13740.39755548,BTC,daily,OBM v0.1.0
2016-03-26,obm_spent_value_ge365_btc_daily,3467.83837734,BTC,daily,OBM v0.1.0
2016-03-27,obm_spent_value_ge365_btc_daily,1960.92435367,BTC,daily,OBM v0.1.0
2016-03-28,obm_spent_value_ge365_btc_daily,4664.67589208,BTC,daily,OBM v0.1.0
2016-03-29,obm_spent_value_ge365_btc_daily,2618.86218352,BTC,daily,OBM v0.1.0
2016-03-30,obm_spent_value_ge365_btc_daily,6148.59851095,BTC,daily,OBM v0.1.0
2016-03-31,obm_spent_value_ge365_btc_daily,6976.01273192,BTC,daily,OBM v0.1.0
2016-04-01,obm_spent_value_ge365_btc_daily,4026.41252234,BTC,daily,OBM v0.1.0
2016-04-02,obm_spent_value_ge365_btc_daily,3142.06600730,BTC,daily,OBM v0.1.0
2016-04-03,obm_spent_value_ge365_btc_daily,4260.39025621,BTC,daily,OBM v0.1.0
2016-04-04,obm_spent_value_ge365_btc_daily,1448.90998426,BTC,daily,OBM v0.1.0
2016-04-05,obm_spent_value_ge365_btc_daily,3887.08972047,BTC,daily,OBM v0.1.0
2016-04-06,obm_spent_value_ge365_btc_daily,3536.84279015,BTC,daily,OBM v0.1.0
2016-04-07,obm_spent_value_ge365_btc_daily,4861.23197998,BTC,daily,OBM v0.1.0
2016-04-08,obm_spent_value_ge365_btc_daily,4125.82786552,BTC,daily,OBM v0.1.0
2016-04-09,obm_spent_value_ge365_btc_daily,1338.02896362,BTC,daily,OBM v0.1.0
2016-04-10,obm_spent_value_ge365_btc_daily,9590.64136075,BTC,daily,OBM v0.1.0
2016-04-11,obm_spent_value_ge365_btc_daily,4383.79910188,BTC,daily,OBM v0.1.0
2016-04-12,obm_spent_value_ge365_btc_daily,6158.24807186,BTC,daily,OBM v0.1.0
2016-04-13,obm_spent_value_ge365_btc_daily,2851.36162037,BTC,daily,OBM v0.1.0
2016-04-14,obm_spent_value_ge365_btc_daily,2525.01482431,BTC,daily,OBM v0.1.0
2016-04-15,obm_spent_value_ge365_btc_daily,1607.71446306,BTC,daily,OBM v0.1.0
2016-04-16,obm_spent_value_ge365_btc_daily,3895.42937708,BTC,daily,OBM v0.1.0
2016-04-17,obm_spent_value_ge365_btc_daily,2575.87399329,BTC,daily,OBM v0.1.0
2016-04-18,obm_spent_value_ge365_btc_daily,2505.47977431,BTC,daily,OBM v0.1.0
2016-04-19,obm_spent_value_ge365_btc_daily,1851.62051779,BTC,daily,OBM v0.1.0
2016-04-20,obm_spent_value_ge365_btc_daily,8022.76807835,BTC,daily,OBM v0.1.0
2016-04-21,obm_spent_value_ge365_btc_daily,1377.21365294,BTC,daily,OBM v0.1.0
2016-04-22,obm_spent_value_ge365_btc_daily,4260.98250328,BTC,daily,OBM v0.1.0
2016-04-23,obm_spent_value_ge365_btc_daily,3853.26780860,BTC,daily,OBM v0.1.0
2016-04-24,obm_spent_value_ge365_btc_daily,2994.92559691,BTC,daily,OBM v0.1.0
2016-04-25,obm_spent_value_ge365_btc_daily,13756.89349453,BTC,daily,OBM v0.1.0
2016-04-26,obm_spent_value_ge365_btc_daily,6300.16479523,BTC,daily,OBM v0.1.0
2016-04-27,obm_spent_value_ge365_btc_daily,2294.46885942,BTC,daily,OBM v0.1.0
2016-04-28,obm_spent_value_ge365_btc_daily,5456.64058477,BTC,daily,OBM v0.1.0
2016-04-29,obm_spent_value_ge365_btc_daily,6136.62572079,BTC,daily,OBM v0.1.0
2016-04-30,obm_spent_value_ge365_btc_daily,3122.84973247,BTC,daily,OBM v0.1.0
2016-05-01,obm_spent_value_ge365_btc_daily,1080.16349918,BTC,daily,OBM v0.1.0
2016-05-02,obm_spent_value_ge365_btc_daily,1137.09002764,BTC,daily,OBM v0.1.0
2016-05-03,obm_spent_value_ge365_btc_daily,1769.77932401,BTC,daily,OBM v0.1.0
2016-05-04,obm_spent_value_ge365_btc_daily,2789.62695940,BTC,daily,OBM v0.1.0
2016-05-05,obm_spent_value_ge365_btc_daily,2714.30427631,BTC,daily,OBM v0.1.0
2016-05-06,obm_spent_value_ge365_btc_daily,4148.43857173,BTC,daily,OBM v0.1.0
2016-05-07,obm_spent_value_ge365_btc_daily,13261.00902068,BTC,daily,OBM v0.1.0
2016-05-08,obm_spent_value_ge365_btc_daily,1960.15311547,BTC,daily,OBM v0.1.0
2016-05-09,obm_spent_value_ge365_btc_daily,3307.34682868,BTC,daily,OBM v0.1.0
2016-05-10,obm_spent_value_ge365_btc_daily,4812.46510329,BTC,daily,OBM v0.1.0
2016-05-11,obm_spent_value_ge365_btc_daily,4240.95784560,BTC,daily,OBM v0.1.0
2016-05-12,obm_spent_value_ge365_btc_daily,3939.93682297,BTC,daily,OBM v0.1.0
2016-05-13,obm_spent_value_ge365_btc_daily,3228.34650672,BTC,daily,OBM v0.1.0
2016-05-14,obm_spent_value_ge365_btc_daily,7259.11653986,BTC,daily,OBM v0.1.0
2016-05-15,obm_spent_value_ge365_btc_daily,1223.02225331,BTC,daily,OBM v0.1.0
2016-05-16,obm_spent_value_ge365_btc_daily,6577.88941599,BTC,daily,OBM v0.1.0
2016-05-17,obm_spent_value_ge365_btc_daily,97027.57189280,BTC,daily,OBM v0.1.0
2016-05-18,obm_spent_value_ge365_btc_daily,5938.02480138,BTC,daily,OBM v0.1.0
2016-05-19,obm_spent_value_ge365_btc_daily,11030.45666448,BTC,daily,OBM v0.1.0
2016-05-20,obm_spent_value_ge365_btc_daily,13459.21065903,BTC,daily,OBM v0.1.0
2016-05-21,obm_spent_value_ge365_btc_daily,3700.29016876,BTC,daily,OBM v0.1.0
2016-05-22,obm_spent_value_ge365_btc_daily,3002.85184988,BTC,daily,OBM v0.1.0
2016-05-23,obm_spent_value_ge365_btc_daily,2959.60691885,BTC,daily,OBM v0.1.0
2016-05-24,obm_spent_value_ge365_btc_daily,2285.14806906,BTC,daily,OBM v0.1.0
2016-05-25,obm_spent_value_ge365_btc_daily,2518.30510701,BTC,daily,OBM v0.1.0
2016-05-26,obm_spent_value_ge365_btc_daily,3212.57732804,BTC,daily,OBM v0.1.0
2016-05-27,obm_spent_value_ge365_btc_daily,28559.34822591,BTC,daily,OBM v0.1.0
2016-05-28,obm_spent_value_ge365_btc_daily,5100.08364362,BTC,daily,OBM v0.1.0
2016-05-29,obm_spent_value_ge365_btc_daily,11221.71485949,BTC,daily,OBM v0.1.0
2016-05-30,obm_spent_value_ge365_btc_daily,3506.13054913,BTC,daily,OBM v0.1.0
2016-05-31,obm_spent_value_ge365_btc_daily,7168.48783058,BTC,daily,OBM v0.1.0
2016-06-01,obm_spent_value_ge365_btc_daily,7941.31594620,BTC,daily,OBM v0.1.0
2016-06-02,obm_spent_value_ge365_btc_daily,9278.37047155,BTC,daily,OBM v0.1.0
2016-06-03,obm_spent_value_ge365_btc_daily,4123.13441882,BTC,daily,OBM v0.1.0
2016-06-04,obm_spent_value_ge365_btc_daily,2654.11387198,BTC,daily,OBM v0.1.0
2016-06-05,obm_spent_value_ge365_btc_daily,3329.00146247,BTC,daily,OBM v0.1.0
2016-06-06,obm_spent_value_ge365_btc_daily,8614.13488061,BTC,daily,OBM v0.1.0
2016-06-07,obm_spent_value_ge365_btc_daily,9749.78225751,BTC,daily,OBM v0.1.0
2016-06-08,obm_spent_value_ge365_btc_daily,2834.09620517,BTC,daily,OBM v0.1.0
2016-06-09,obm_spent_value_ge365_btc_daily,4857.60528505,BTC,daily,OBM v0.1.0
2016-06-10,obm_spent_value_ge365_btc_daily,5234.79337730,BTC,daily,OBM v0.1.0
2016-06-11,obm_spent_value_ge365_btc_daily,3878.33945627,BTC,daily,OBM v0.1.0
2016-06-12,obm_spent_value_ge365_btc_daily,25532.92210986,BTC,daily,OBM v0.1.0
2016-06-13,obm_spent_value_ge365_btc_daily,10932.79380672,BTC,daily,OBM v0.1.0
2016-06-14,obm_spent_value_ge365_btc_daily,15581.52491221,BTC,daily,OBM v0.1.0
2016-06-15,obm_spent_value_ge365_btc_daily,12285.55341286,BTC,daily,OBM v0.1.0
2016-06-16,obm_spent_value_ge365_btc_daily,17140.52900384,BTC,daily,OBM v0.1.0
2016-06-17,obm_spent_value_ge365_btc_daily,5738.00112572,BTC,daily,OBM v0.1.0
2016-06-18,obm_spent_value_ge365_btc_daily,6117.90018905,BTC,daily,OBM v0.1.0
2016-06-19,obm_spent_value_ge365_btc_daily,4313.61704366,BTC,daily,OBM v0.1.0
2016-06-20,obm_spent_value_ge365_btc_daily,11470.84030266,BTC,daily,OBM v0.1.0
2016-06-21,obm_spent_value_ge365_btc_daily,9251.41778902,BTC,daily,OBM v0.1.0
2016-06-22,obm_spent_value_ge365_btc_daily,4004.80240342,BTC,daily,OBM v0.1.0
2016-06-23,obm_spent_value_ge365_btc_daily,2685.95010913,BTC,daily,OBM v0.1.0
2016-06-24,obm_spent_value_ge365_btc_daily,3535.84378673,BTC,daily,OBM v0.1.0
2016-06-25,obm_spent_value_ge365_btc_daily,11809.43804540,BTC,daily,OBM v0.1.0
2016-06-26,obm_spent_value_ge365_btc_daily,2352.56880640,BTC,daily,OBM v0.1.0
2016-06-27,obm_spent_value_ge365_btc_daily,4253.41920822,BTC,daily,OBM v0.1.0
2016-06-28,obm_spent_value_ge365_btc_daily,1959.11204118,BTC,daily,OBM v0.1.0
2016-06-29,obm_spent_value_ge365_btc_daily,1468.82931238,BTC,daily,OBM v0.1.0
2016-06-30,obm_spent_value_ge365_btc_daily,24803.07150887,BTC,daily,OBM v0.1.0
2016-07-01,obm_spent_value_ge365_btc_daily,2719.35076003,BTC,daily,OBM v0.1.0
2016-07-02,obm_spent_value_ge365_btc_daily,3010.18653601,BTC,daily,OBM v0.1.0
2016-07-03,obm_spent_value_ge365_btc_daily,1560.19904360,BTC,daily,OBM v0.1.0
2016-07-04,obm_spent_value_ge365_btc_daily,2231.15507682,BTC,daily,OBM v0.1.0
2016-07-05,obm_spent_value_ge365_btc_daily,12018.02409923,BTC,daily,OBM v0.1.0
2016-07-06,obm_spent_value_ge365_btc_daily,4807.14801854,BTC,daily,OBM v0.1.0
2016-07-07,obm_spent_value_ge365_btc_daily,5567.39295127,BTC,daily,OBM v0.1.0
2016-07-08,obm_spent_value_ge365_btc_daily,4827.05388963,BTC,daily,OBM v0.1.0
2016-07-09,obm_spent_value_ge365_btc_daily,15635.60988932,BTC,daily,OBM v0.1.0
2016-07-10,obm_spent_value_ge365_btc_daily,9079.38596190,BTC,daily,OBM v0.1.0
2016-07-11,obm_spent_value_ge365_btc_daily,13417.72012408,BTC,daily,OBM v0.1.0
2016-07-12,obm_spent_value_ge365_btc_daily,1436.43582074,BTC,daily,OBM v0.1.0
2016-07-13,obm_spent_value_ge365_btc_daily,1166.88346950,BTC,daily,OBM v0.1.0
2016-07-14,obm_spent_value_ge365_btc_daily,1580.20716915,BTC,daily,OBM v0.1.0
2016-07-15,obm_spent_value_ge365_btc_daily,1194.99615458,BTC,daily,OBM v0.1.0
2016-07-16,obm_spent_value_ge365_btc_daily,704.43497516,BTC,daily,OBM v0.1.0
2016-07-17,obm_spent_value_ge365_btc_daily,2381.13246616,BTC,daily,OBM v0.1.0
2016-07-18,obm_spent_value_ge365_btc_daily,1189.46902471,BTC,daily,OBM v0.1.0
2016-07-19,obm_spent_value_ge365_btc_daily,7974.70681774,BTC,daily,OBM v0.1.0
2016-07-20,obm_spent_value_ge365_btc_daily,2537.28973238,BTC,daily,OBM v0.1.0
2016-07-21,obm_spent_value_ge365_btc_daily,1637.73181632,BTC,daily,OBM v0.1.0
2016-07-22,obm_spent_value_ge365_btc_daily,2986.19153280,BTC,daily,OBM v0.1.0
2016-07-23,obm_spent_value_ge365_btc_daily,2169.41325701,BTC,daily,OBM v0.1.0
2016-07-24,obm_spent_value_ge365_btc_daily,1759.32503144,BTC,daily,OBM v0.1.0
2016-07-25,obm_spent_value_ge365_btc_daily,1486.10985538,BTC,daily,OBM v0.1.0
2016-07-26,obm_spent_value_ge365_btc_daily,2313.20458980,BTC,daily,OBM v0.1.0
2016-07-27,obm_spent_value_ge365_btc_daily,2427.34217208,BTC,daily,OBM v0.1.0
2016-07-28,obm_spent_value_ge365_btc_daily,1861.81201872,BTC,daily,OBM v0.1.0
2016-07-29,obm_spent_value_ge365_btc_daily,4350.87087315,BTC,daily,OBM v0.1.0
2016-07-30,obm_spent_value_ge365_btc_daily,3887.11779009,BTC,daily,OBM v0.1.0
2016-07-31,obm_spent_value_ge365_btc_daily,2104.30978880,BTC,daily,OBM v0.1.0
2016-08-01,obm_spent_value_ge365_btc_daily,2534.66132455,BTC,daily,OBM v0.1.0
2016-08-02,obm_spent_value_ge365_btc_daily,6384.12698168,BTC,daily,OBM v0.1.0
2016-08-03,obm_spent_value_ge365_btc_daily,3540.60148642,BTC,daily,OBM v0.1.0
2016-08-04,obm_spent_value_ge365_btc_daily,1182.90469592,BTC,daily,OBM v0.1.0
2016-08-05,obm_spent_value_ge365_btc_daily,2381.04026648,BTC,daily,OBM v0.1.0
2016-08-06,obm_spent_value_ge365_btc_daily,2349.53819061,BTC,daily,OBM v0.1.0
2016-08-07,obm_spent_value_ge365_btc_daily,1811.05509650,BTC,daily,OBM v0.1.0
2016-08-08,obm_spent_value_ge365_btc_daily,1265.55567745,BTC,daily,OBM v0.1.0
2016-08-09,obm_spent_value_ge365_btc_daily,1457.48704556,BTC,daily,OBM v0.1.0
2016-08-10,obm_spent_value_ge365_btc_daily,1741.57015855,BTC,daily,OBM v0.1.0
2016-08-11,obm_spent_value_ge365_btc_daily,995.21329090,BTC,daily,OBM v0.1.0
2016-08-12,obm_spent_value_ge365_btc_daily,904.17513414,BTC,daily,OBM v0.1.0
2016-08-13,obm_spent_value_ge365_btc_daily,714.31293891,BTC,daily,OBM v0.1.0
2016-08-14,obm_spent_value_ge365_btc_daily,1280.79019254,BTC,daily,OBM v0.1.0
2016-08-15,obm_spent_value_ge365_btc_daily,839.37819081,BTC,daily,OBM v0.1.0
2016-08-16,obm_spent_value_ge365_btc_daily,2349.70703714,BTC,daily,OBM v0.1.0
2016-08-17,obm_spent_value_ge365_btc_daily,2819.42189607,BTC,daily,OBM v0.1.0
2016-08-18,obm_spent_value_ge365_btc_daily,2784.90956897,BTC,daily,OBM v0.1.0
2016-08-19,obm_spent_value_ge365_btc_daily,6302.63800238,BTC,daily,OBM v0.1.0
2016-08-20,obm_spent_value_ge365_btc_daily,37513.80686337,BTC,daily,OBM v0.1.0
2016-08-21,obm_spent_value_ge365_btc_daily,2627.95294539,BTC,daily,OBM v0.1.0
2016-08-22,obm_spent_value_ge365_btc_daily,1415.20757698,BTC,daily,OBM v0.1.0
2016-08-23,obm_spent_value_ge365_btc_daily,1331.54387214,BTC,daily,OBM v0.1.0
2016-08-24,obm_spent_value_ge365_btc_daily,1236.85518862,BTC,daily,OBM v0.1.0
2016-08-25,obm_spent_value_ge365_btc_daily,28858.47052517,BTC,daily,OBM v0.1.0
2016-08-26,obm_spent_value_ge365_btc_daily,2911.64585150,BTC,daily,OBM v0.1.0
2016-08-27,obm_spent_value_ge365_btc_daily,888.65536331,BTC,daily,OBM v0.1.0
2016-08-28,obm_spent_value_ge365_btc_daily,2048.26798816,BTC,daily,OBM v0.1.0
2016-08-29,obm_spent_value_ge365_btc_daily,2966.70395422,BTC,daily,OBM v0.1.0
2016-08-30,obm_spent_value_ge365_btc_daily,4549.69281903,BTC,daily,OBM v0.1.0
2016-08-31,obm_spent_value_ge365_btc_daily,3713.63906194,BTC,daily,OBM v0.1.0
2016-09-01,obm_spent_value_ge365_btc_daily,2497.18945216,BTC,daily,OBM v0.1.0
2016-09-02,obm_spent_value_ge365_btc_daily,1283.97786828,BTC,daily,OBM v0.1.0
2016-09-03,obm_spent_value_ge365_btc_daily,2003.07770466,BTC,daily,OBM v0.1.0
2016-09-04,obm_spent_value_ge365_btc_daily,3297.03336860,BTC,daily,OBM v0.1.0
2016-09-05,obm_spent_value_ge365_btc_daily,1481.30246811,BTC,daily,OBM v0.1.0
2016-09-06,obm_spent_value_ge365_btc_daily,3980.22775630,BTC,daily,OBM v0.1.0
2016-09-07,obm_spent_value_ge365_btc_daily,1520.06722732,BTC,daily,OBM v0.1.0
2016-09-08,obm_spent_value_ge365_btc_daily,3067.53013822,BTC,daily,OBM v0.1.0
2016-09-09,obm_spent_value_ge365_btc_daily,3039.62289706,BTC,daily,OBM v0.1.0
2016-09-10,obm_spent_value_ge365_btc_daily,2278.86210159,BTC,daily,OBM v0.1.0
2016-09-11,obm_spent_value_ge365_btc_daily,4208.88694137,BTC,daily,OBM v0.1.0
2016-09-12,obm_spent_value_ge365_btc_daily,1560.23843900,BTC,daily,OBM v0.1.0
2016-09-13,obm_spent_value_ge365_btc_daily,7102.18656651,BTC,daily,OBM v0.1.0
2016-09-14,obm_spent_value_ge365_btc_daily,3253.61929292,BTC,daily,OBM v0.1.0
2016-09-15,obm_spent_value_ge365_btc_daily,1919.17801426,BTC,daily,OBM v0.1.0
2016-09-16,obm_spent_value_ge365_btc_daily,4599.75192128,BTC,daily,OBM v0.1.0
2016-09-17,obm_spent_value_ge365_btc_daily,2834.96847465,BTC,daily,OBM v0.1.0
2016-09-18,obm_spent_value_ge365_btc_daily,1845.52735388,BTC,daily,OBM v0.1.0
2016-09-19,obm_spent_value_ge365_btc_daily,2385.67382430,BTC,daily,OBM v0.1.0
2016-09-20,obm_spent_value_ge365_btc_daily,4745.61642854,BTC,daily,OBM v0.1.0
2016-09-21,obm_spent_value_ge365_btc_daily,5014.26010141,BTC,daily,OBM v0.1.0
2016-09-22,obm_spent_value_ge365_btc_daily,1565.18198187,BTC,daily,OBM v0.1.0
2016-09-23,obm_spent_value_ge365_btc_daily,1137.83237198,BTC,daily,OBM v0.1.0
2016-09-24,obm_spent_value_ge365_btc_daily,11936.64419031,BTC,daily,OBM v0.1.0
2016-09-25,obm_spent_value_ge365_btc_daily,7947.20852915,BTC,daily,OBM v0.1.0
2016-09-26,obm_spent_value_ge365_btc_daily,2183.14243170,BTC,daily,OBM v0.1.0
2016-09-27,obm_spent_value_ge365_btc_daily,2986.33182956,BTC,daily,OBM v0.1.0
2016-09-28,obm_spent_value_ge365_btc_daily,2157.65039341,BTC,daily,OBM v0.1.0
2016-09-29,obm_spent_value_ge365_btc_daily,1599.59079383,BTC,daily,OBM v0.1.0
2016-09-30,obm_spent_value_ge365_btc_daily,1305.53145080,BTC,daily,OBM v0.1.0
2016-10-01,obm_spent_value_ge365_btc_daily,1592.71990502,BTC,daily,OBM v0.1.0
2016-10-02,obm_spent_value_ge365_btc_daily,1743.04805651,BTC,daily,OBM v0.1.0
2016-10-03,obm_spent_value_ge365_btc_daily,4625.75385314,BTC,daily,OBM v0.1.0
2016-10-04,obm_spent_value_ge365_btc_daily,7407.52337765,BTC,daily,OBM v0.1.0
2016-10-05,obm_spent_value_ge365_btc_daily,1349.58706721,BTC,daily,OBM v0.1.0
2016-10-06,obm_spent_value_ge365_btc_daily,2309.62742208,BTC,daily,OBM v0.1.0
2016-10-07,obm_spent_value_ge365_btc_daily,1971.05614927,BTC,daily,OBM v0.1.0
2016-10-08,obm_spent_value_ge365_btc_daily,1892.15976092,BTC,daily,OBM v0.1.0
2016-10-09,obm_spent_value_ge365_btc_daily,1023.94330474,BTC,daily,OBM v0.1.0
2016-10-10,obm_spent_value_ge365_btc_daily,2311.49443859,BTC,daily,OBM v0.1.0
2016-10-11,obm_spent_value_ge365_btc_daily,3495.53185045,BTC,daily,OBM v0.1.0
2016-10-12,obm_spent_value_ge365_btc_daily,1686.05666659,BTC,daily,OBM v0.1.0
2016-10-13,obm_spent_value_ge365_btc_daily,3031.39038165,BTC,daily,OBM v0.1.0
2016-10-14,obm_spent_value_ge365_btc_daily,2624.64054727,BTC,daily,OBM v0.1.0
2016-10-15,obm_spent_value_ge365_btc_daily,1483.12099053,BTC,daily,OBM v0.1.0
2016-10-16,obm_spent_value_ge365_btc_daily,2956.14201920,BTC,daily,OBM v0.1.0
2016-10-17,obm_spent_value_ge365_btc_daily,23725.75621964,BTC,daily,OBM v0.1.0
2016-10-18,obm_spent_value_ge365_btc_daily,4595.45631247,BTC,daily,OBM v0.1.0
2016-10-19,obm_spent_value_ge365_btc_daily,4365.76572286,BTC,daily,OBM v0.1.0
2016-10-20,obm_spent_value_ge365_btc_daily,2700.23100585,BTC,daily,OBM v0.1.0
2016-10-21,obm_spent_value_ge365_btc_daily,17723.60121893,BTC,daily,OBM v0.1.0
2016-10-22,obm_spent_value_ge365_btc_daily,3020.17113219,BTC,daily,OBM v0.1.0
2016-10-23,obm_spent_value_ge365_btc_daily,3614.99526802,BTC,daily,OBM v0.1.0
2016-10-24,obm_spent_value_ge365_btc_daily,10531.64136269,BTC,daily,OBM v0.1.0
2016-10-25,obm_spent_value_ge365_btc_daily,1979.22638543,BTC,daily,OBM v0.1.0
2016-10-26,obm_spent_value_ge365_btc_daily,3995.57340400,BTC,daily,OBM v0.1.0
2016-10-27,obm_spent_value_ge365_btc_daily,5840.85803377,BTC,daily,OBM v0.1.0
2016-10-28,obm_spent_value_ge365_btc_daily,1593.14381042,BTC,daily,OBM v0.1.0
2016-10-29,obm_spent_value_ge365_btc_daily,3340.03341207,BTC,daily,OBM v0.1.0
2016-10-30,obm_spent_value_ge365_btc_daily,2639.98209679,BTC,daily,OBM v0.1.0
2016-10-31,obm_spent_value_ge365_btc_daily,3164.12279194,BTC,daily,OBM v0.1.0
2016-11-01,obm_spent_value_ge365_btc_daily,4823.91167291,BTC,daily,OBM v0.1.0
2016-11-02,obm_spent_value_ge365_btc_daily,2914.54414251,BTC,daily,OBM v0.1.0
2016-11-03,obm_spent_value_ge365_btc_daily,2683.94913281,BTC,daily,OBM v0.1.0
2016-11-04,obm_spent_value_ge365_btc_daily,3072.44215498,BTC,daily,OBM v0.1.0
2016-11-05,obm_spent_value_ge365_btc_daily,1412.18444153,BTC,daily,OBM v0.1.0
2016-11-06,obm_spent_value_ge365_btc_daily,2387.36955443,BTC,daily,OBM v0.1.0
2016-11-07,obm_spent_value_ge365_btc_daily,2677.47844096,BTC,daily,OBM v0.1.0
2016-11-08,obm_spent_value_ge365_btc_daily,10604.09878146,BTC,daily,OBM v0.1.0
2016-11-09,obm_spent_value_ge365_btc_daily,5248.58885294,BTC,daily,OBM v0.1.0
2016-11-10,obm_spent_value_ge365_btc_daily,7018.13959262,BTC,daily,OBM v0.1.0
2016-11-11,obm_spent_value_ge365_btc_daily,6458.04423309,BTC,daily,OBM v0.1.0
2016-11-12,obm_spent_value_ge365_btc_daily,2041.75117802,BTC,daily,OBM v0.1.0
2016-11-13,obm_spent_value_ge365_btc_daily,1305.96637472,BTC,daily,OBM v0.1.0
2016-11-14,obm_spent_value_ge365_btc_daily,4741.95694398,BTC,daily,OBM v0.1.0
2016-11-15,obm_spent_value_ge365_btc_daily,2900.90931644,BTC,daily,OBM v0.1.0
2016-11-16,obm_spent_value_ge365_btc_daily,7646.35993548,BTC,daily,OBM v0.1.0
2016-11-17,obm_spent_value_ge365_btc_daily,7437.26756713,BTC,daily,OBM v0.1.0
2016-11-18,obm_spent_value_ge365_btc_daily,7499.10896209,BTC,daily,OBM v0.1.0
2016-11-19,obm_spent_value_ge365_btc_daily,4110.18807313,BTC,daily,OBM v0.1.0
2016-11-20,obm_spent_value_ge365_btc_daily,2458.96486358,BTC,daily,OBM v0.1.0
2016-11-21,obm_spent_value_ge365_btc_daily,4830.64956099,BTC,daily,OBM v0.1.0
2016-11-22,obm_spent_value_ge365_btc_daily,13576.56274356,BTC,daily,OBM v0.1.0
2016-11-23,obm_spent_value_ge365_btc_daily,3965.84140486,BTC,daily,OBM v0.1.0
2016-11-24,obm_spent_value_ge365_btc_daily,53892.08964296,BTC,daily,OBM v0.1.0
2016-11-25,obm_spent_value_ge365_btc_daily,3012.23049646,BTC,daily,OBM v0.1.0
2016-11-26,obm_spent_value_ge365_btc_daily,7289.54511392,BTC,daily,OBM v0.1.0
2016-11-27,obm_spent_value_ge365_btc_daily,1394.15715627,BTC,daily,OBM v0.1.0
2016-11-28,obm_spent_value_ge365_btc_daily,2349.69763705,BTC,daily,OBM v0.1.0
2016-11-29,obm_spent_value_ge365_btc_daily,5052.26826059,BTC,daily,OBM v0.1.0
2016-11-30,obm_spent_value_ge365_btc_daily,3439.29833131,BTC,daily,OBM v0.1.0
2016-12-01,obm_spent_value_ge365_btc_daily,2545.07401631,BTC,daily,OBM v0.1.0
2016-12-02,obm_spent_value_ge365_btc_daily,5096.95548477,BTC,daily,OBM v0.1.0
2016-12-03,obm_spent_value_ge365_btc_daily,94330.76607695,BTC,daily,OBM v0.1.0
2016-12-04,obm_spent_value_ge365_btc_daily,1370.99847742,BTC,daily,OBM v0.1.0
2016-12-05,obm_spent_value_ge365_btc_daily,9000.30248375,BTC,daily,OBM v0.1.0
2016-12-06,obm_spent_value_ge365_btc_daily,2444.85776253,BTC,daily,OBM v0.1.0
2016-12-07,obm_spent_value_ge365_btc_daily,3969.08330179,BTC,daily,OBM v0.1.0
2016-12-08,obm_spent_value_ge365_btc_daily,6440.27865645,BTC,daily,OBM v0.1.0
2016-12-09,obm_spent_value_ge365_btc_daily,2119.34752365,BTC,daily,OBM v0.1.0
2016-12-10,obm_spent_value_ge365_btc_daily,15751.37368122,BTC,daily,OBM v0.1.0
2016-12-11,obm_spent_value_ge365_btc_daily,3035.78798124,BTC,daily,OBM v0.1.0
2016-12-12,obm_spent_value_ge365_btc_daily,2759.05173545,BTC,daily,OBM v0.1.0
2016-12-13,obm_spent_value_ge365_btc_daily,7227.33559529,BTC,daily,OBM v0.1.0
2016-12-14,obm_spent_value_ge365_btc_daily,4002.99405663,BTC,daily,OBM v0.1.0
2016-12-15,obm_spent_value_ge365_btc_daily,2876.75835002,BTC,daily,OBM v0.1.0
2016-12-16,obm_spent_value_ge365_btc_daily,7727.29515956,BTC,daily,OBM v0.1.0
2016-12-17,obm_spent_value_ge365_btc_daily,3185.57657423,BTC,daily,OBM v0.1.0
2016-12-18,obm_spent_value_ge365_btc_daily,7822.41417514,BTC,daily,OBM v0.1.0
2016-12-19,obm_spent_value_ge365_btc_daily,3242.74336783,BTC,daily,OBM v0.1.0
2016-12-20,obm_spent_value_ge365_btc_daily,4379.24407666,BTC,daily,OBM v0.1.0
2016-12-21,obm_spent_value_ge365_btc_daily,19449.58620767,BTC,daily,OBM v0.1.0
2016-12-22,obm_spent_value_ge365_btc_daily,18714.69750186,BTC,daily,OBM v0.1.0
2016-12-23,obm_spent_value_ge365_btc_daily,20819.03657238,BTC,daily,OBM v0.1.0
2016-12-24,obm_spent_value_ge365_btc_daily,6171.78102486,BTC,daily,OBM v0.1.0
2016-12-25,obm_spent_value_ge365_btc_daily,6561.28982894,BTC,daily,OBM v0.1.0
2016-12-26,obm_spent_value_ge365_btc_daily,2536.48531210,BTC,daily,OBM v0.1.0
2016-12-27,obm_spent_value_ge365_btc_daily,6037.82388090,BTC,daily,OBM v0.1.0
2016-12-28,obm_spent_value_ge365_btc_daily,19169.11479662,BTC,daily,OBM v0.1.0
2016-12-29,obm_spent_value_ge365_btc_daily,14263.01125429,BTC,daily,OBM v0.1.0
2016-12-30,obm_spent_value_ge365_btc_daily,12046.49641328,BTC,daily,OBM v0.1.0
2016-12-31,obm_spent_value_ge365_btc_daily,4541.26847198,BTC,daily,OBM v0.1.0
2017-01-01,obm_spent_value_ge365_btc_daily,3194.22641132,BTC,daily,OBM v0.1.0
2017-01-02,obm_spent_value_ge365_btc_daily,13706.19274379,BTC,daily,OBM v0.1.0
2017-01-03,obm_spent_value_ge365_btc_daily,8860.60926211,BTC,daily,OBM v0.1.0
2017-01-04,obm_spent_value_ge365_btc_daily,10425.69010008,BTC,daily,OBM v0.1.0
2017-01-05,obm_spent_value_ge365_btc_daily,21681.92699048,BTC,daily,OBM v0.1.0
2017-01-06,obm_spent_value_ge365_btc_daily,10902.55437225,BTC,daily,OBM v0.1.0
2017-01-07,obm_spent_value_ge365_btc_daily,7137.74252175,BTC,daily,OBM v0.1.0
2017-01-08,obm_spent_value_ge365_btc_daily,7393.93185318,BTC,daily,OBM v0.1.0
2017-01-09,obm_spent_value_ge365_btc_daily,4192.82827532,BTC,daily,OBM v0.1.0
2017-01-10,obm_spent_value_ge365_btc_daily,4636.94539369,BTC,daily,OBM v0.1.0
2017-01-11,obm_spent_value_ge365_btc_daily,19196.82008418,BTC,daily,OBM v0.1.0
2017-01-12,obm_spent_value_ge365_btc_daily,5645.17726733,BTC,daily,OBM v0.1.0
2017-01-13,obm_spent_value_ge365_btc_daily,4230.12953409,BTC,daily,OBM v0.1.0
2017-01-14,obm_spent_value_ge365_btc_daily,2253.69659621,BTC,daily,OBM v0.1.0
2017-01-15,obm_spent_value_ge365_btc_daily,2677.11704367,BTC,daily,OBM v0.1.0
2017-01-16,obm_spent_value_ge365_btc_daily,4720.55087208,BTC,daily,OBM v0.1.0
2017-01-17,obm_spent_value_ge365_btc_daily,5893.80605111,BTC,daily,OBM v0.1.0
2017-01-18,obm_spent_value_ge365_btc_daily,3105.17486490,BTC,daily,OBM v0.1.0
2017-01-19,obm_spent_value_ge365_btc_daily,1243.17695594,BTC,daily,OBM v0.1.0
2017-01-20,obm_spent_value_ge365_btc_daily,1535.15084769,BTC,daily,OBM v0.1.0
2017-01-21,obm_spent_value_ge365_btc_daily,4462.54340119,BTC,daily,OBM v0.1.0
2017-01-22,obm_spent_value_ge365_btc_daily,6670.60429353,BTC,daily,OBM v0.1.0
2017-01-23,obm_spent_value_ge365_btc_daily,4487.61639796,BTC,daily,OBM v0.1.0
2017-01-24,obm_spent_value_ge365_btc_daily,5778.22977663,BTC,daily,OBM v0.1.0
2017-01-25,obm_spent_value_ge365_btc_daily,6590.56753616,BTC,daily,OBM v0.1.0
2017-01-26,obm_spent_value_ge365_btc_daily,3098.97882907,BTC,daily,OBM v0.1.0
2017-01-27,obm_spent_value_ge365_btc_daily,4050.58149052,BTC,daily,OBM v0.1.0
2017-01-28,obm_spent_value_ge365_btc_daily,2576.74913505,BTC,daily,OBM v0.1.0
2017-01-29,obm_spent_value_ge365_btc_daily,15611.10287146,BTC,daily,OBM v0.1.0
2017-01-30,obm_spent_value_ge365_btc_daily,1949.76941015,BTC,daily,OBM v0.1.0
2017-01-31,obm_spent_value_ge365_btc_daily,4563.42254095,BTC,daily,OBM v0.1.0
2017-02-01,obm_spent_value_ge365_btc_daily,2268.63513688,BTC,daily,OBM v0.1.0
2017-02-02,obm_spent_value_ge365_btc_daily,3392.96199994,BTC,daily,OBM v0.1.0
2017-02-03,obm_spent_value_ge365_btc_daily,10353.48444705,BTC,daily,OBM v0.1.0
2017-02-04,obm_spent_value_ge365_btc_daily,3390.02283304,BTC,daily,OBM v0.1.0
2017-02-05,obm_spent_value_ge365_btc_daily,5055.14011591,BTC,daily,OBM v0.1.0
2017-02-06,obm_spent_value_ge365_btc_daily,8259.04801044,BTC,daily,OBM v0.1.0
2017-02-07,obm_spent_value_ge365_btc_daily,13772.75956126,BTC,daily,OBM v0.1.0
2017-02-08,obm_spent_value_ge365_btc_daily,2589.98264333,BTC,daily,OBM v0.1.0
2017-02-09,obm_spent_value_ge365_btc_daily,14448.73090256,BTC,daily,OBM v0.1.0
2017-02-10,obm_spent_value_ge365_btc_daily,6732.78852276,BTC,daily,OBM v0.1.0
2017-02-11,obm_spent_value_ge365_btc_daily,1416.47838326,BTC,daily,OBM v0.1.0
2017-02-12,obm_spent_value_ge365_btc_daily,4566.29720373,BTC,daily,OBM v0.1.0
2017-02-13,obm_spent_value_ge365_btc_daily,5165.77762990,BTC,daily,OBM v0.1.0
2017-02-14,obm_spent_value_ge365_btc_daily,4483.14193617,BTC,daily,OBM v0.1.0
2017-02-15,obm_spent_value_ge365_btc_daily,2140.15922178,BTC,daily,OBM v0.1.0
2017-02-16,obm_spent_value_ge365_btc_daily,2357.00707317,BTC,daily,OBM v0.1.0
2017-02-17,obm_spent_value_ge365_btc_daily,6877.97145035,BTC,daily,OBM v0.1.0
2017-02-18,obm_spent_value_ge365_btc_daily,2698.57204158,BTC,daily,OBM v0.1.0
2017-02-19,obm_spent_value_ge365_btc_daily,4292.93482658,BTC,daily,OBM v0.1.0
2017-02-20,obm_spent_value_ge365_btc_daily,3135.08401155,BTC,daily,OBM v0.1.0
2017-02-21,obm_spent_value_ge365_btc_daily,6463.00672606,BTC,daily,OBM v0.1.0
2017-02-22,obm_spent_value_ge365_btc_daily,7797.33190899,BTC,daily,OBM v0.1.0
2017-02-23,obm_spent_value_ge365_btc_daily,4473.52532693,BTC,daily,OBM v0.1.0
2017-02-24,obm_spent_value_ge365_btc_daily,19680.81960260,BTC,daily,OBM v0.1.0
2017-02-25,obm_spent_value_ge365_btc_daily,2536.64606918,BTC,daily,OBM v0.1.0
2017-02-26,obm_spent_value_ge365_btc_daily,2586.66179302,BTC,daily,OBM v0.1.0
2017-02-27,obm_spent_value_ge365_btc_daily,4561.79695291,BTC,daily,OBM v0.1.0
2017-02-28,obm_spent_value_ge365_btc_daily,4228.37188636,BTC,daily,OBM v0.1.0
2017-03-01,obm_spent_value_ge365_btc_daily,5542.28387180,BTC,daily,OBM v0.1.0
2017-03-02,obm_spent_value_ge365_btc_daily,5954.31902130,BTC,daily,OBM v0.1.0
2017-03-03,obm_spent_value_ge365_btc_daily,25360.01170663,BTC,daily,OBM v0.1.0
2017-03-04,obm_spent_value_ge365_btc_daily,3251.07991825,BTC,daily,OBM v0.1.0
2017-03-05,obm_spent_value_ge365_btc_daily,3342.60168898,BTC,daily,OBM v0.1.0
2017-03-06,obm_spent_value_ge365_btc_daily,6229.75502128,BTC,daily,OBM v0.1.0
2017-03-07,obm_spent_value_ge365_btc_daily,6830.27398070,BTC,daily,OBM v0.1.0
2017-03-08,obm_spent_value_ge365_btc_daily,9423.55634721,BTC,daily,OBM v0.1.0
2017-03-09,obm_spent_value_ge365_btc_daily,8105.12611613,BTC,daily,OBM v0.1.0
2017-03-10,obm_spent_value_ge365_btc_daily,10516.38973227,BTC,daily,OBM v0.1.0
2017-03-11,obm_spent_value_ge365_btc_daily,4606.27506630,BTC,daily,OBM v0.1.0
2017-03-12,obm_spent_value_ge365_btc_daily,4093.65048998,BTC,daily,OBM v0.1.0
2017-03-13,obm_spent_value_ge365_btc_daily,49003.62318843,BTC,daily,OBM v0.1.0
2017-03-14,obm_spent_value_ge365_btc_daily,5513.20013075,BTC,daily,OBM v0.1.0
2017-03-15,obm_spent_value_ge365_btc_daily,5073.29614088,BTC,daily,OBM v0.1.0
2017-03-16,obm_spent_value_ge365_btc_daily,9410.63961701,BTC,daily,OBM v0.1.0
2017-03-17,obm_spent_value_ge365_btc_daily,17842.95557404,BTC,daily,OBM v0.1.0
2017-03-18,obm_spent_value_ge365_btc_daily,24430.81523519,BTC,daily,OBM v0.1.0
2017-03-19,obm_spent_value_ge365_btc_daily,11351.79477395,BTC,daily,OBM v0.1.0
2017-03-20,obm_spent_value_ge365_btc_daily,5672.89343481,BTC,daily,OBM v0.1.0
2017-03-21,obm_spent_value_ge365_btc_daily,14386.01181444,BTC,daily,OBM v0.1.0
2017-03-22,obm_spent_value_ge365_btc_daily,11198.66979973,BTC,daily,OBM v0.1.0
2017-03-23,obm_spent_value_ge365_btc_daily,4764.89837446,BTC,daily,OBM v0.1.0
2017-03-24,obm_spent_value_ge365_btc_daily,79070.89196496,BTC,daily,OBM v0.1.0
2017-03-25,obm_spent_value_ge365_btc_daily,27613.56616228,BTC,daily,OBM v0.1.0
2017-03-26,obm_spent_value_ge365_btc_daily,17039.74538213,BTC,daily,OBM v0.1.0
2017-03-27,obm_spent_value_ge365_btc_daily,9039.18231501,BTC,daily,OBM v0.1.0
2017-03-28,obm_spent_value_ge365_btc_daily,8916.27316442,BTC,daily,OBM v0.1.0
2017-03-29,obm_spent_value_ge365_btc_daily,6685.55898667,BTC,daily,OBM v0.1.0
2017-03-30,obm_spent_value_ge365_btc_daily,8103.09959104,BTC,daily,OBM v0.1.0
2017-03-31,obm_spent_value_ge365_btc_daily,12162.38476807,BTC,daily,OBM v0.1.0
2017-04-01,obm_spent_value_ge365_btc_daily,6999.98665304,BTC,daily,OBM v0.1.0
2017-04-02,obm_spent_value_ge365_btc_daily,5648.37399966,BTC,daily,OBM v0.1.0
2017-04-03,obm_spent_value_ge365_btc_daily,6652.35884237,BTC,daily,OBM v0.1.0
2017-04-04,obm_spent_value_ge365_btc_daily,3110.81999408,BTC,daily,OBM v0.1.0
2017-04-05,obm_spent_value_ge365_btc_daily,5995.22674110,BTC,daily,OBM v0.1.0
2017-04-06,obm_spent_value_ge365_btc_daily,3817.32976975,BTC,daily,OBM v0.1.0
2017-04-07,obm_spent_value_ge365_btc_daily,13908.19877826,BTC,daily,OBM v0.1.0
2017-04-08,obm_spent_value_ge365_btc_daily,3763.22603777,BTC,daily,OBM v0.1.0
2017-04-09,obm_spent_value_ge365_btc_daily,1739.02171113,BTC,daily,OBM v0.1.0
2017-04-10,obm_spent_value_ge365_btc_daily,4659.24273944,BTC,daily,OBM v0.1.0
2017-04-11,obm_spent_value_ge365_btc_daily,4854.42326702,BTC,daily,OBM v0.1.0
2017-04-12,obm_spent_value_ge365_btc_daily,9337.82188404,BTC,daily,OBM v0.1.0
2017-04-13,obm_spent_value_ge365_btc_daily,1649.41381434,BTC,daily,OBM v0.1.0
2017-04-14,obm_spent_value_ge365_btc_daily,12953.23161258,BTC,daily,OBM v0.1.0
2017-04-15,obm_spent_value_ge365_btc_daily,2809.67759163,BTC,daily,OBM v0.1.0
2017-04-16,obm_spent_value_ge365_btc_daily,1949.64411424,BTC,daily,OBM v0.1.0
2017-04-17,obm_spent_value_ge365_btc_daily,3718.34686117,BTC,daily,OBM v0.1.0
2017-04-18,obm_spent_value_ge365_btc_daily,5374.90729473,BTC,daily,OBM v0.1.0
2017-04-19,obm_spent_value_ge365_btc_daily,3887.90235596,BTC,daily,OBM v0.1.0
2017-04-20,obm_spent_value_ge365_btc_daily,4070.52521302,BTC,daily,OBM v0.1.0
2017-04-21,obm_spent_value_ge365_btc_daily,2356.27346494,BTC,daily,OBM v0.1.0
2017-04-22,obm_spent_value_ge365_btc_daily,2123.42905202,BTC,daily,OBM v0.1.0
2017-04-23,obm_spent_value_ge365_btc_daily,4077.43221244,BTC,daily,OBM v0.1.0
2017-04-24,obm_spent_value_ge365_btc_daily,8140.90638895,BTC,daily,OBM v0.1.0
2017-04-25,obm_spent_value_ge365_btc_daily,8257.79417943,BTC,daily,OBM v0.1.0
2017-04-26,obm_spent_value_ge365_btc_daily,4577.69207143,BTC,daily,OBM v0.1.0
2017-04-27,obm_spent_value_ge365_btc_daily,2413.94392081,BTC,daily,OBM v0.1.0
2017-04-28,obm_spent_value_ge365_btc_daily,22680.12459129,BTC,daily,OBM v0.1.0
2017-04-29,obm_spent_value_ge365_btc_daily,5178.99600764,BTC,daily,OBM v0.1.0
2017-04-30,obm_spent_value_ge365_btc_daily,8046.72836934,BTC,daily,OBM v0.1.0
2017-05-01,obm_spent_value_ge365_btc_daily,22997.00751006,BTC,daily,OBM v0.1.0
2017-05-02,obm_spent_value_ge365_btc_daily,11512.74341844,BTC,daily,OBM v0.1.0
2017-05-03,obm_spent_value_ge365_btc_daily,7226.56127352,BTC,daily,OBM v0.1.0
2017-05-04,obm_spent_value_ge365_btc_daily,9175.46236751,BTC,daily,OBM v0.1.0
2017-05-05,obm_spent_value_ge365_btc_daily,21589.49604414,BTC,daily,OBM v0.1.0
2017-05-06,obm_spent_value_ge365_btc_daily,4409.48295905,BTC,daily,OBM v0.1.0
2017-05-07,obm_spent_value_ge365_btc_daily,5160.28003933,BTC,daily,OBM v0.1.0
2017-05-08,obm_spent_value_ge365_btc_daily,12716.23906749,BTC,daily,OBM v0.1.0
2017-05-09,obm_spent_value_ge365_btc_daily,13671.82527891,BTC,daily,OBM v0.1.0
2017-05-10,obm_spent_value_ge365_btc_daily,6550.98129307,BTC,daily,OBM v0.1.0
2017-05-11,obm_spent_value_ge365_btc_daily,19397.30481271,BTC,daily,OBM v0.1.0
2017-05-12,obm_spent_value_ge365_btc_daily,10182.12292140,BTC,daily,OBM v0.1.0
2017-05-13,obm_spent_value_ge365_btc_daily,4861.22172658,BTC,daily,OBM v0.1.0
2017-05-14,obm_spent_value_ge365_btc_daily,2954.27446330,BTC,daily,OBM v0.1.0
2017-05-15,obm_spent_value_ge365_btc_daily,7288.97462427,BTC,daily,OBM v0.1.0
2017-05-16,obm_spent_value_ge365_btc_daily,5065.31276958,BTC,daily,OBM v0.1.0
2017-05-17,obm_spent_value_ge365_btc_daily,15894.40122815,BTC,daily,OBM v0.1.0
2017-05-18,obm_spent_value_ge365_btc_daily,6105.63997265,BTC,daily,OBM v0.1.0
2017-05-19,obm_spent_value_ge365_btc_daily,11558.53261878,BTC,daily,OBM v0.1.0
2017-05-20,obm_spent_value_ge365_btc_daily,8889.58349026,BTC,daily,OBM v0.1.0
2017-05-21,obm_spent_value_ge365_btc_daily,6250.96734337,BTC,daily,OBM v0.1.0
2017-05-22,obm_spent_value_ge365_btc_daily,23952.48662408,BTC,daily,OBM v0.1.0
2017-05-23,obm_spent_value_ge365_btc_daily,17126.81028215,BTC,daily,OBM v0.1.0
2017-05-24,obm_spent_value_ge365_btc_daily,26667.36861301,BTC,daily,OBM v0.1.0
2017-05-25,obm_spent_value_ge365_btc_daily,46411.37210747,BTC,daily,OBM v0.1.0
2017-05-26,obm_spent_value_ge365_btc_daily,12844.98484043,BTC,daily,OBM v0.1.0
2017-05-27,obm_spent_value_ge365_btc_daily,10047.88422509,BTC,daily,OBM v0.1.0
2017-05-28,obm_spent_value_ge365_btc_daily,7884.90061740,BTC,daily,OBM v0.1.0
2017-05-29,obm_spent_value_ge365_btc_daily,6237.96838415,BTC,daily,OBM v0.1.0
2017-05-30,obm_spent_value_ge365_btc_daily,13465.11363340,BTC,daily,OBM v0.1.0
2017-05-31,obm_spent_value_ge365_btc_daily,15544.06591215,BTC,daily,OBM v0.1.0
2017-06-01,obm_spent_value_ge365_btc_daily,17419.33755166,BTC,daily,OBM v0.1.0
2017-06-02,obm_spent_value_ge365_btc_daily,5971.51687212,BTC,daily,OBM v0.1.0
2017-06-03,obm_spent_value_ge365_btc_daily,6621.71672850,BTC,daily,OBM v0.1.0
2017-06-04,obm_spent_value_ge365_btc_daily,9243.45886312,BTC,daily,OBM v0.1.0
2017-06-05,obm_spent_value_ge365_btc_daily,8040.55938485,BTC,daily,OBM v0.1.0
2017-06-06,obm_spent_value_ge365_btc_daily,8923.59689888,BTC,daily,OBM v0.1.0
2017-06-07,obm_spent_value_ge365_btc_daily,5619.48106515,BTC,daily,OBM v0.1.0
2017-06-08,obm_spent_value_ge365_btc_daily,6256.88704001,BTC,daily,OBM v0.1.0
2017-06-09,obm_spent_value_ge365_btc_daily,14496.66595436,BTC,daily,OBM v0.1.0
2017-06-10,obm_spent_value_ge365_btc_daily,28375.39255884,BTC,daily,OBM v0.1.0
2017-06-11,obm_spent_value_ge365_btc_daily,6707.53720148,BTC,daily,OBM v0.1.0
2017-06-12,obm_spent_value_ge365_btc_daily,36275.87565172,BTC,daily,OBM v0.1.0
2017-06-13,obm_spent_value_ge365_btc_daily,37820.93724200,BTC,daily,OBM v0.1.0
2017-06-14,obm_spent_value_ge365_btc_daily,15137.43904047,BTC,daily,OBM v0.1.0
2017-06-15,obm_spent_value_ge365_btc_daily,12044.38469628,BTC,daily,OBM v0.1.0
2017-06-16,obm_spent_value_ge365_btc_daily,29600.39443028,BTC,daily,OBM v0.1.0
2017-06-17,obm_spent_value_ge365_btc_daily,4961.05792551,BTC,daily,OBM v0.1.0
2017-06-18,obm_spent_value_ge365_btc_daily,26909.80887496,BTC,daily,OBM v0.1.0
2017-06-19,obm_spent_value_ge365_btc_daily,14325.17521064,BTC,daily,OBM v0.1.0
2017-06-20,obm_spent_value_ge365_btc_daily,12940.24460704,BTC,daily,OBM v0.1.0
2017-06-21,obm_spent_value_ge365_btc_daily,5436.44496558,BTC,daily,OBM v0.1.0
2017-06-22,obm_spent_value_ge365_btc_daily,12015.63599336,BTC,daily,OBM v0.1.0
2017-06-23,obm_spent_value_ge365_btc_daily,7320.10391774,BTC,daily,OBM v0.1.0
2017-06-24,obm_spent_value_ge365_btc_daily,6075.01330402,BTC,daily,OBM v0.1.0
2017-06-25,obm_spent_value_ge365_btc_daily,6433.28947084,BTC,daily,OBM v0.1.0
2017-06-26,obm_spent_value_ge365_btc_daily,3334.13210897,BTC,daily,OBM v0.1.0
2017-06-27,obm_spent_value_ge365_btc_daily,4357.64808113,BTC,daily,OBM v0.1.0
2017-06-28,obm_spent_value_ge365_btc_daily,11510.88468063,BTC,daily,OBM v0.1.0
2017-06-29,obm_spent_value_ge365_btc_daily,5701.39057810,BTC,daily,OBM v0.1.0
2017-06-30,obm_spent_value_ge365_btc_daily,15653.79056228,BTC,daily,OBM v0.1.0
2017-07-01,obm_spent_value_ge365_btc_daily,7710.96901843,BTC,daily,OBM v0.1.0
2017-07-02,obm_spent_value_ge365_btc_daily,6912.68498683,BTC,daily,OBM v0.1.0
2017-07-03,obm_spent_value_ge365_btc_daily,11009.49629418,BTC,daily,OBM v0.1.0
2017-07-04,obm_spent_value_ge365_btc_daily,6874.70276555,BTC,daily,OBM v0.1.0
2017-07-05,obm_spent_value_ge365_btc_daily,16594.77472903,BTC,daily,OBM v0.1.0
2017-07-06,obm_spent_value_ge365_btc_daily,8309.90730343,BTC,daily,OBM v0.1.0
2017-07-07,obm_spent_value_ge365_btc_daily,8472.74617392,BTC,daily,OBM v0.1.0
2017-07-08,obm_spent_value_ge365_btc_daily,4604.18155297,BTC,daily,OBM v0.1.0
2017-07-09,obm_spent_value_ge365_btc_daily,4970.17160374,BTC,daily,OBM v0.1.0
2017-07-10,obm_spent_value_ge365_btc_daily,3442.46598343,BTC,daily,OBM v0.1.0
2017-07-11,obm_spent_value_ge365_btc_daily,7249.52021721,BTC,daily,OBM v0.1.0
2017-07-12,obm_spent_value_ge365_btc_daily,4117.97070684,BTC,daily,OBM v0.1.0
2017-07-13,obm_spent_value_ge365_btc_daily,10315.96325557,BTC,daily,OBM v0.1.0
2017-07-14,obm_spent_value_ge365_btc_daily,8664.08642161,BTC,daily,OBM v0.1.0
2017-07-15,obm_spent_value_ge365_btc_daily,5107.81319373,BTC,daily,OBM v0.1.0
2017-07-16,obm_spent_value_ge365_btc_daily,3863.46358659,BTC,daily,OBM v0.1.0
2017-07-17,obm_spent_value_ge365_btc_daily,31533.30190590,BTC,daily,OBM v0.1.0
2017-07-18,obm_spent_value_ge365_btc_daily,7931.74925475,BTC,daily,OBM v0.1.0
2017-07-19,obm_spent_value_ge365_btc_daily,6295.70814108,BTC,daily,OBM v0.1.0
2017-07-20,obm_spent_value_ge365_btc_daily,12096.31832329,BTC,daily,OBM v0.1.0
2017-07-21,obm_spent_value_ge365_btc_daily,8009.28977967,BTC,daily,OBM v0.1.0
2017-07-22,obm_spent_value_ge365_btc_daily,5316.87737031,BTC,daily,OBM v0.1.0
2017-07-23,obm_spent_value_ge365_btc_daily,4194.60580175,BTC,daily,OBM v0.1.0
2017-07-24,obm_spent_value_ge365_btc_daily,9890.76133601,BTC,daily,OBM v0.1.0
2017-07-25,obm_spent_value_ge365_btc_daily,70154.14171595,BTC,daily,OBM v0.1.0
2017-07-26,obm_spent_value_ge365_btc_daily,6019.48460861,BTC,daily,OBM v0.1.0
2017-07-27,obm_spent_value_ge365_btc_daily,20653.39252736,BTC,daily,OBM v0.1.0
2017-07-28,obm_spent_value_ge365_btc_daily,65561.58568884,BTC,daily,OBM v0.1.0
2017-07-29,obm_spent_value_ge365_btc_daily,95030.29116735,BTC,daily,OBM v0.1.0
2017-07-30,obm_spent_value_ge365_btc_daily,39983.17936146,BTC,daily,OBM v0.1.0
2017-07-31,obm_spent_value_ge365_btc_daily,160977.26902912,BTC,daily,OBM v0.1.0
2017-08-01,obm_spent_value_ge365_btc_daily,17405.77476285,BTC,daily,OBM v0.1.0
2017-08-02,obm_spent_value_ge365_btc_daily,24594.74803325,BTC,daily,OBM v0.1.0
2017-08-03,obm_spent_value_ge365_btc_daily,52765.62796248,BTC,daily,OBM v0.1.0
2017-08-04,obm_spent_value_ge365_btc_daily,97013.78105036,BTC,daily,OBM v0.1.0
2017-08-05,obm_spent_value_ge365_btc_daily,59500.24827922,BTC,daily,OBM v0.1.0
2017-08-06,obm_spent_value_ge365_btc_daily,49841.96193363,BTC,daily,OBM v0.1.0
2017-08-07,obm_spent_value_ge365_btc_daily,27433.02028435,BTC,daily,OBM v0.1.0
2017-08-08,obm_spent_value_ge365_btc_daily,19553.76738700,BTC,daily,OBM v0.1.0
2017-08-09,obm_spent_value_ge365_btc_daily,9976.46556390,BTC,daily,OBM v0.1.0
2017-08-10,obm_spent_value_ge365_btc_daily,11657.67201835,BTC,daily,OBM v0.1.0
2017-08-11,obm_spent_value_ge365_btc_daily,10339.50015752,BTC,daily,OBM v0.1.0
2017-08-12,obm_spent_value_ge365_btc_daily,13771.10109396,BTC,daily,OBM v0.1.0
2017-08-13,obm_spent_value_ge365_btc_daily,15004.47703314,BTC,daily,OBM v0.1.0
2017-08-14,obm_spent_value_ge365_btc_daily,14169.21908609,BTC,daily,OBM v0.1.0
2017-08-15,obm_spent_value_ge365_btc_daily,10348.05077674,BTC,daily,OBM v0.1.0
2017-08-16,obm_spent_value_ge365_btc_daily,9336.13553357,BTC,daily,OBM v0.1.0
2017-08-17,obm_spent_value_ge365_btc_daily,13556.48961473,BTC,daily,OBM v0.1.0
2017-08-18,obm_spent_value_ge365_btc_daily,20304.12668108,BTC,daily,OBM v0.1.0
2017-08-19,obm_spent_value_ge365_btc_daily,23148.20778311,BTC,daily,OBM v0.1.0
2017-08-20,obm_spent_value_ge365_btc_daily,21044.68999261,BTC,daily,OBM v0.1.0
2017-08-21,obm_spent_value_ge365_btc_daily,8581.63381805,BTC,daily,OBM v0.1.0
2017-08-22,obm_spent_value_ge365_btc_daily,20569.12055375,BTC,daily,OBM v0.1.0
2017-08-23,obm_spent_value_ge365_btc_daily,27929.24439026,BTC,daily,OBM v0.1.0
2017-08-24,obm_spent_value_ge365_btc_daily,12684.45487812,BTC,daily,OBM v0.1.0
2017-08-25,obm_spent_value_ge365_btc_daily,10325.57370769,BTC,daily,OBM v0.1.0
2017-08-26,obm_spent_value_ge365_btc_daily,14319.43258470,BTC,daily,OBM v0.1.0
2017-08-27,obm_spent_value_ge365_btc_daily,9663.31367086,BTC,daily,OBM v0.1.0
2017-08-28,obm_spent_value_ge365_btc_daily,6653.24637285,BTC,daily,OBM v0.1.0
2017-08-29,obm_spent_value_ge365_btc_daily,18994.66542430,BTC,daily,OBM v0.1.0
2017-08-30,obm_spent_value_ge365_btc_daily,14511.61159900,BTC,daily,OBM v0.1.0
2017-08-31,obm_spent_value_ge365_btc_daily,11515.09124884,BTC,daily,OBM v0.1.0
2017-09-01,obm_spent_value_ge365_btc_daily,10329.41264325,BTC,daily,OBM v0.1.0
2017-09-02,obm_spent_value_ge365_btc_daily,9210.56227923,BTC,daily,OBM v0.1.0
2017-09-03,obm_spent_value_ge365_btc_daily,9175.55469905,BTC,daily,OBM v0.1.0
2017-09-04,obm_spent_value_ge365_btc_daily,8911.57973234,BTC,daily,OBM v0.1.0
2017-09-05,obm_spent_value_ge365_btc_daily,6869.68383423,BTC,daily,OBM v0.1.0
2017-09-06,obm_spent_value_ge365_btc_daily,7430.52060770,BTC,daily,OBM v0.1.0
2017-09-07,obm_spent_value_ge365_btc_daily,4896.34398218,BTC,daily,OBM v0.1.0
2017-09-08,obm_spent_value_ge365_btc_daily,4534.54232854,BTC,daily,OBM v0.1.0
2017-09-09,obm_spent_value_ge365_btc_daily,4180.24051530,BTC,daily,OBM v0.1.0
2017-09-10,obm_spent_value_ge365_btc_daily,2723.70533938,BTC,daily,OBM v0.1.0
2017-09-11,obm_spent_value_ge365_btc_daily,9013.51634950,BTC,daily,OBM v0.1.0
2017-09-12,obm_spent_value_ge365_btc_daily,4162.86616057,BTC,daily,OBM v0.1.0
2017-09-13,obm_spent_value_ge365_btc_daily,8042.36486159,BTC,daily,OBM v0.1.0
2017-09-14,obm_spent_value_ge365_btc_daily,9369.01724116,BTC,daily,OBM v0.1.0
2017-09-15,obm_spent_value_ge365_btc_daily,16709.13446009,BTC,daily,OBM v0.1.0
2017-09-16,obm_spent_value_ge365_btc_daily,8365.20728031,BTC,daily,OBM v0.1.0
2017-09-17,obm_spent_value_ge365_btc_daily,5797.90449057,BTC,daily,OBM v0.1.0
2017-09-18,obm_spent_value_ge365_btc_daily,4826.01648956,BTC,daily,OBM v0.1.0
2017-09-19,obm_spent_value_ge365_btc_daily,5302.46498822,BTC,daily,OBM v0.1.0
2017-09-20,obm_spent_value_ge365_btc_daily,6363.37431882,BTC,daily,OBM v0.1.0
2017-09-21,obm_spent_value_ge365_btc_daily,7409.80790418,BTC,daily,OBM v0.1.0
2017-09-22,obm_spent_value_ge365_btc_daily,15955.19281257,BTC,daily,OBM v0.1.0
2017-09-23,obm_spent_value_ge365_btc_daily,2691.11037596,BTC,daily,OBM v0.1.0
2017-09-24,obm_spent_value_ge365_btc_daily,3093.73207911,BTC,daily,OBM v0.1.0
2017-09-25,obm_spent_value_ge365_btc_daily,68594.05104477,BTC,daily,OBM v0.1.0
2017-09-26,obm_spent_value_ge365_btc_daily,10886.08600699,BTC,daily,OBM v0.1.0
2017-09-27,obm_spent_value_ge365_btc_daily,5949.90978442,BTC,daily,OBM v0.1.0
2017-09-28,obm_spent_value_ge365_btc_daily,6720.71056234,BTC,daily,OBM v0.1.0
2017-09-29,obm_spent_value_ge365_btc_daily,4362.23088230,BTC,daily,OBM v0.1.0
2017-09-30,obm_spent_value_ge365_btc_daily,13021.19919777,BTC,daily,OBM v0.1.0
2017-10-01,obm_spent_value_ge365_btc_daily,5329.63501083,BTC,daily,OBM v0.1.0
2017-10-02,obm_spent_value_ge365_btc_daily,12313.63236938,BTC,daily,OBM v0.1.0
2017-10-03,obm_spent_value_ge365_btc_daily,10016.02436170,BTC,daily,OBM v0.1.0
2017-10-04,obm_spent_value_ge365_btc_daily,7052.70246205,BTC,daily,OBM v0.1.0
2017-10-05,obm_spent_value_ge365_btc_daily,36974.91130617,BTC,daily,OBM v0.1.0
2017-10-06,obm_spent_value_ge365_btc_daily,8150.05552685,BTC,daily,OBM v0.1.0
2017-10-07,obm_spent_value_ge365_btc_daily,7070.81650330,BTC,daily,OBM v0.1.0
2017-10-08,obm_spent_value_ge365_btc_daily,14850.85223226,BTC,daily,OBM v0.1.0
2017-10-09,obm_spent_value_ge365_btc_daily,16199.77627644,BTC,daily,OBM v0.1.0
2017-10-10,obm_spent_value_ge365_btc_daily,10098.96903038,BTC,daily,OBM v0.1.0
2017-10-11,obm_spent_value_ge365_btc_daily,4308.42524619,BTC,daily,OBM v0.1.0
2017-10-12,obm_spent_value_ge365_btc_daily,8642.49829533,BTC,daily,OBM v0.1.0
2017-10-13,obm_spent_value_ge365_btc_daily,12834.77224156,BTC,daily,OBM v0.1.0
2017-10-14,obm_spent_value_ge365_btc_daily,5161.98003866,BTC,daily,OBM v0.1.0
2017-10-15,obm_spent_value_ge365_btc_daily,13909.38282711,BTC,daily,OBM v0.1.0
2017-10-16,obm_spent_value_ge365_btc_daily,20122.15536607,BTC,daily,OBM v0.1.0
2017-10-17,obm_spent_value_ge365_btc_daily,10423.99532061,BTC,daily,OBM v0.1.0
2017-10-18,obm_spent_value_ge365_btc_daily,6323.15882820,BTC,daily,OBM v0.1.0
2017-10-19,obm_spent_value_ge365_btc_daily,16748.11700784,BTC,daily,OBM v0.1.0
2017-10-20,obm_spent_value_ge365_btc_daily,5119.97130418,BTC,daily,OBM v0.1.0
2017-10-21,obm_spent_value_ge365_btc_daily,3855.97617070,BTC,daily,OBM v0.1.0
2017-10-22,obm_spent_value_ge365_btc_daily,16607.24279300,BTC,daily,OBM v0.1.0
2017-10-23,obm_spent_value_ge365_btc_daily,21422.82275041,BTC,daily,OBM v0.1.0
2017-10-24,obm_spent_value_ge365_btc_daily,8166.49556478,BTC,daily,OBM v0.1.0
2017-10-25,obm_spent_value_ge365_btc_daily,10377.08061476,BTC,daily,OBM v0.1.0
2017-10-26,obm_spent_value_ge365_btc_daily,7022.16473088,BTC,daily,OBM v0.1.0
2017-10-27,obm_spent_value_ge365_btc_daily,4472.13604966,BTC,daily,OBM v0.1.0
2017-10-28,obm_spent_value_ge365_btc_daily,4504.04878074,BTC,daily,OBM v0.1.0
2017-10-29,obm_spent_value_ge365_btc_daily,8859.48316184,BTC,daily,OBM v0.1.0
2017-10-30,obm_spent_value_ge365_btc_daily,9040.45358452,BTC,daily,OBM v0.1.0
2017-10-31,obm_spent_value_ge365_btc_daily,10338.83025588,BTC,daily,OBM v0.1.0
2017-11-01,obm_spent_value_ge365_btc_daily,17018.55640397,BTC,daily,OBM v0.1.0
2017-11-02,obm_spent_value_ge365_btc_daily,9698.23715482,BTC,daily,OBM v0.1.0
2017-11-03,obm_spent_value_ge365_btc_daily,8431.10863928,BTC,daily,OBM v0.1.0
2017-11-04,obm_spent_value_ge365_btc_daily,4898.54823265,BTC,daily,OBM v0.1.0
2017-11-05,obm_spent_value_ge365_btc_daily,18197.75037167,BTC,daily,OBM v0.1.0
2017-11-06,obm_spent_value_ge365_btc_daily,3776.10458231,BTC,daily,OBM v0.1.0
2017-11-07,obm_spent_value_ge365_btc_daily,14636.99210686,BTC,daily,OBM v0.1.0
2017-11-08,obm_spent_value_ge365_btc_daily,9343.88781412,BTC,daily,OBM v0.1.0
2017-11-09,obm_spent_value_ge365_btc_daily,8995.94998099,BTC,daily,OBM v0.1.0
2017-11-10,obm_spent_value_ge365_btc_daily,22044.57320545,BTC,daily,OBM v0.1.0
2017-11-11,obm_spent_value_ge365_btc_daily,22964.69015029,BTC,daily,OBM v0.1.0
2017-11-12,obm_spent_value_ge365_btc_daily,114688.36730773,BTC,daily,OBM v0.1.0
2017-11-13,obm_spent_value_ge365_btc_daily,43152.50014921,BTC,daily,OBM v0.1.0
2017-11-14,obm_spent_value_ge365_btc_daily,11451.63273808,BTC,daily,OBM v0.1.0
2017-11-15,obm_spent_value_ge365_btc_daily,11479.82081953,BTC,daily,OBM v0.1.0
2017-11-16,obm_spent_value_ge365_btc_daily,26291.72611480,BTC,daily,OBM v0.1.0
2017-11-17,obm_spent_value_ge365_btc_daily,15587.65014214,BTC,daily,OBM v0.1.0
2017-11-18,obm_spent_value_ge365_btc_daily,9769.12393973,BTC,daily,OBM v0.1.0
2017-11-19,obm_spent_value_ge365_btc_daily,4737.89804370,BTC,daily,OBM v0.1.0
2017-11-20,obm_spent_value_ge365_btc_daily,19804.31621870,BTC,daily,OBM v0.1.0
2017-11-21,obm_spent_value_ge365_btc_daily,11609.95647753,BTC,daily,OBM v0.1.0
2017-11-22,obm_spent_value_ge365_btc_daily,4928.88893181,BTC,daily,OBM v0.1.0
2017-11-23,obm_spent_value_ge365_btc_daily,6508.28406675,BTC,daily,OBM v0.1.0
2017-11-24,obm_spent_value_ge365_btc_daily,27328.23091094,BTC,daily,OBM v0.1.0
2017-11-25,obm_spent_value_ge365_btc_daily,16290.56125442,BTC,daily,OBM v0.1.0
2017-11-26,obm_spent_value_ge365_btc_daily,10721.35688829,BTC,daily,OBM v0.1.0
2017-11-27,obm_spent_value_ge365_btc_daily,7749.84843654,BTC,daily,OBM v0.1.0
2017-11-28,obm_spent_value_ge365_btc_daily,13504.74905096,BTC,daily,OBM v0.1.0
2017-11-29,obm_spent_value_ge365_btc_daily,13272.81364631,BTC,daily,OBM v0.1.0
2017-11-30,obm_spent_value_ge365_btc_daily,8744.62636171,BTC,daily,OBM v0.1.0
2017-12-01,obm_spent_value_ge365_btc_daily,12476.76288631,BTC,daily,OBM v0.1.0
2017-12-02,obm_spent_value_ge365_btc_daily,8736.59903541,BTC,daily,OBM v0.1.0
2017-12-03,obm_spent_value_ge365_btc_daily,8064.61666991,BTC,daily,OBM v0.1.0
2017-12-04,obm_spent_value_ge365_btc_daily,9115.06117647,BTC,daily,OBM v0.1.0
2017-12-05,obm_spent_value_ge365_btc_daily,7618.92331798,BTC,daily,OBM v0.1.0
2017-12-06,obm_spent_value_ge365_btc_daily,11584.34518631,BTC,daily,OBM v0.1.0
2017-12-07,obm_spent_value_ge365_btc_daily,59112.58199205,BTC,daily,OBM v0.1.0
2017-12-08,obm_spent_value_ge365_btc_daily,21653.69371639,BTC,daily,OBM v0.1.0
2017-12-09,obm_spent_value_ge365_btc_daily,8743.89771809,BTC,daily,OBM v0.1.0
2017-12-10,obm_spent_value_ge365_btc_daily,10281.49566358,BTC,daily,OBM v0.1.0
2017-12-11,obm_spent_value_ge365_btc_daily,8718.77894098,BTC,daily,OBM v0.1.0
2017-12-12,obm_spent_value_ge365_btc_daily,59379.87662624,BTC,daily,OBM v0.1.0
2017-12-13,obm_spent_value_ge365_btc_daily,16071.34081950,BTC,daily,OBM v0.1.0
2017-12-14,obm_spent_value_ge365_btc_daily,10238.10779741,BTC,daily,OBM v0.1.0
2017-12-15,obm_spent_value_ge365_btc_daily,11847.52114813,BTC,daily,OBM v0.1.0
2017-12-16,obm_spent_value_ge365_btc_daily,5518.01536754,BTC,daily,OBM v0.1.0
2017-12-17,obm_spent_value_ge365_btc_daily,18554.28378698,BTC,daily,OBM v0.1.0
2017-12-18,obm_spent_value_ge365_btc_daily,8955.28462142,BTC,daily,OBM v0.1.0
2017-12-19,obm_spent_value_ge365_btc_daily,10560.94869677,BTC,daily,OBM v0.1.0
2017-12-20,obm_spent_value_ge365_btc_daily,46435.54688698,BTC,daily,OBM v0.1.0
2017-12-21,obm_spent_value_ge365_btc_daily,7116.52412229,BTC,daily,OBM v0.1.0
2017-12-22,obm_spent_value_ge365_btc_daily,18449.39422296,BTC,daily,OBM v0.1.0
2017-12-23,obm_spent_value_ge365_btc_daily,10946.52055153,BTC,daily,OBM v0.1.0
2017-12-24,obm_spent_value_ge365_btc_daily,7555.36669255,BTC,daily,OBM v0.1.0
2017-12-25,obm_spent_value_ge365_btc_daily,6677.09113494,BTC,daily,OBM v0.1.0
2017-12-26,obm_spent_value_ge365_btc_daily,6957.27725945,BTC,daily,OBM v0.1.0
2017-12-27,obm_spent_value_ge365_btc_daily,5795.09085464,BTC,daily,OBM v0.1.0
2017-12-28,obm_spent_value_ge365_btc_daily,4585.18593028,BTC,daily,OBM v0.1.0
2017-12-29,obm_spent_value_ge365_btc_daily,8947.51488110,BTC,daily,OBM v0.1.0
2017-12-30,obm_spent_value_ge365_btc_daily,12153.02515623,BTC,daily,OBM v0.1.0
2017-12-31,obm_spent_value_ge365_btc_daily,14391.26504240,BTC,daily,OBM v0.1.0
2018-01-01,obm_spent_value_ge365_btc_daily,5283.61959001,BTC,daily,OBM v0.1.0
2018-01-02,obm_spent_value_ge365_btc_daily,14252.16104113,BTC,daily,OBM v0.1.0
2018-01-03,obm_spent_value_ge365_btc_daily,5827.49733243,BTC,daily,OBM v0.1.0
2018-01-04,obm_spent_value_ge365_btc_daily,8714.41327002,BTC,daily,OBM v0.1.0
2018-01-05,obm_spent_value_ge365_btc_daily,9026.57811373,BTC,daily,OBM v0.1.0
2018-01-06,obm_spent_value_ge365_btc_daily,7494.64930789,BTC,daily,OBM v0.1.0
2018-01-07,obm_spent_value_ge365_btc_daily,48921.80381353,BTC,daily,OBM v0.1.0
2018-01-08,obm_spent_value_ge365_btc_daily,4241.45565093,BTC,daily,OBM v0.1.0
2018-01-09,obm_spent_value_ge365_btc_daily,4421.38484005,BTC,daily,OBM v0.1.0
2018-01-10,obm_spent_value_ge365_btc_daily,3954.39289466,BTC,daily,OBM v0.1.0
2018-01-11,obm_spent_value_ge365_btc_daily,10164.18906078,BTC,daily,OBM v0.1.0
2018-01-12,obm_spent_value_ge365_btc_daily,15470.37816626,BTC,daily,OBM v0.1.0
2018-01-13,obm_spent_value_ge365_btc_daily,8832.00578984,BTC,daily,OBM v0.1.0
2018-01-14,obm_spent_value_ge365_btc_daily,5676.71447065,BTC,daily,OBM v0.1.0
2018-01-15,obm_spent_value_ge365_btc_daily,3599.66188907,BTC,daily,OBM v0.1.0
2018-01-16,obm_spent_value_ge365_btc_daily,8860.51343815,BTC,daily,OBM v0.1.0
2018-01-17,obm_spent_value_ge365_btc_daily,14815.45109144,BTC,daily,OBM v0.1.0
2018-01-18,obm_spent_value_ge365_btc_daily,2996.48454310,BTC,daily,OBM v0.1.0
2018-01-19,obm_spent_value_ge365_btc_daily,4265.42409804,BTC,daily,OBM v0.1.0
2018-01-20,obm_spent_value_ge365_btc_daily,5014.00454694,BTC,daily,OBM v0.1.0
2018-01-21,obm_spent_value_ge365_btc_daily,3664.91887428,BTC,daily,OBM v0.1.0
2018-01-22,obm_spent_value_ge365_btc_daily,10496.53760540,BTC,daily,OBM v0.1.0
2018-01-23,obm_spent_value_ge365_btc_daily,5610.19054020,BTC,daily,OBM v0.1.0
2018-01-24,obm_spent_value_ge365_btc_daily,3749.50778472,BTC,daily,OBM v0.1.0
2018-01-25,obm_spent_value_ge365_btc_daily,4315.83162288,BTC,daily,OBM v0.1.0
2018-01-26,obm_spent_value_ge365_btc_daily,5179.89883045,BTC,daily,OBM v0.1.0
2018-01-27,obm_spent_value_ge365_btc_daily,3327.76280433,BTC,daily,OBM v0.1.0
2018-01-28,obm_spent_value_ge365_btc_daily,8797.76587609,BTC,daily,OBM v0.1.0
2018-01-29,obm_spent_value_ge365_btc_daily,2967.93463429,BTC,daily,OBM v0.1.0
2018-01-30,obm_spent_value_ge365_btc_daily,4577.18918399,BTC,daily,OBM v0.1.0
2018-01-31,obm_spent_value_ge365_btc_daily,8160.07550457,BTC,daily,OBM v0.1.0
2018-02-01,obm_spent_value_ge365_btc_daily,9172.34181477,BTC,daily,OBM v0.1.0
2018-02-02,obm_spent_value_ge365_btc_daily,8302.59823363,BTC,daily,OBM v0.1.0
2018-02-03,obm_spent_value_ge365_btc_daily,4383.35296733,BTC,daily,OBM v0.1.0
2018-02-04,obm_spent_value_ge365_btc_daily,43819.08421846,BTC,daily,OBM v0.1.0
2018-02-05,obm_spent_value_ge365_btc_daily,23357.10046793,BTC,daily,OBM v0.1.0
2018-02-06,obm_spent_value_ge365_btc_daily,28931.82750177,BTC,daily,OBM v0.1.0
2018-02-07,obm_spent_value_ge365_btc_daily,4503.92348407,BTC,daily,OBM v0.1.0
2018-02-08,obm_spent_value_ge365_btc_daily,14548.48795975,BTC,daily,OBM v0.1.0
2018-02-09,obm_spent_value_ge365_btc_daily,1959.37942664,BTC,daily,OBM v0.1.0
2018-02-10,obm_spent_value_ge365_btc_daily,3029.18851376,BTC,daily,OBM v0.1.0
2018-02-11,obm_spent_value_ge365_btc_daily,4757.02416990,BTC,daily,OBM v0.1.0
2018-02-12,obm_spent_value_ge365_btc_daily,3054.32905576,BTC,daily,OBM v0.1.0
2018-02-13,obm_spent_value_ge365_btc_daily,1866.90790556,BTC,daily,OBM v0.1.0
2018-02-14,obm_spent_value_ge365_btc_daily,1439.43244124,BTC,daily,OBM v0.1.0
2018-02-15,obm_spent_value_ge365_btc_daily,3400.46532301,BTC,daily,OBM v0.1.0
2018-02-16,obm_spent_value_ge365_btc_daily,3756.45077752,BTC,daily,OBM v0.1.0
2018-02-17,obm_spent_value_ge365_btc_daily,1429.06232377,BTC,daily,OBM v0.1.0
2018-02-18,obm_spent_value_ge365_btc_daily,3282.06627237,BTC,daily,OBM v0.1.0
2018-02-19,obm_spent_value_ge365_btc_daily,2184.10398909,BTC,daily,OBM v0.1.0
2018-02-20,obm_spent_value_ge365_btc_daily,6797.79801496,BTC,daily,OBM v0.1.0
2018-02-21,obm_spent_value_ge365_btc_daily,3058.32523964,BTC,daily,OBM v0.1.0
2018-02-22,obm_spent_value_ge365_btc_daily,81908.32306116,BTC,daily,OBM v0.1.0
2018-02-23,obm_spent_value_ge365_btc_daily,2901.40114052,BTC,daily,OBM v0.1.0
2018-02-24,obm_spent_value_ge365_btc_daily,2058.24868922,BTC,daily,OBM v0.1.0
2018-02-25,obm_spent_value_ge365_btc_daily,2885.33691377,BTC,daily,OBM v0.1.0
2018-02-26,obm_spent_value_ge365_btc_daily,1456.93379597,BTC,daily,OBM v0.1.0
2018-02-27,obm_spent_value_ge365_btc_daily,2177.74746211,BTC,daily,OBM v0.1.0
2018-02-28,obm_spent_value_ge365_btc_daily,2276.12531155,BTC,daily,OBM v0.1.0
2018-03-01,obm_spent_value_ge365_btc_daily,6509.47394991,BTC,daily,OBM v0.1.0
2018-03-02,obm_spent_value_ge365_btc_daily,2549.69807298,BTC,daily,OBM v0.1.0
2018-03-03,obm_spent_value_ge365_btc_daily,1646.66514876,BTC,daily,OBM v0.1.0
2018-03-04,obm_spent_value_ge365_btc_daily,937.73421120,BTC,daily,OBM v0.1.0
2018-03-05,obm_spent_value_ge365_btc_daily,1717.64357083,BTC,daily,OBM v0.1.0
2018-03-06,obm_spent_value_ge365_btc_daily,1341.37766164,BTC,daily,OBM v0.1.0
2018-03-07,obm_spent_value_ge365_btc_daily,1224.69456462,BTC,daily,OBM v0.1.0
2018-03-08,obm_spent_value_ge365_btc_daily,1253.35706538,BTC,daily,OBM v0.1.0
2018-03-09,obm_spent_value_ge365_btc_daily,2393.32802798,BTC,daily,OBM v0.1.0
2018-03-10,obm_spent_value_ge365_btc_daily,2117.23909876,BTC,daily,OBM v0.1.0
2018-03-11,obm_spent_value_ge365_btc_daily,3005.83880745,BTC,daily,OBM v0.1.0
2018-03-12,obm_spent_value_ge365_btc_daily,2947.07936580,BTC,daily,OBM v0.1.0
2018-03-13,obm_spent_value_ge365_btc_daily,3100.22224969,BTC,daily,OBM v0.1.0
2018-03-14,obm_spent_value_ge365_btc_daily,811.56624952,BTC,daily,OBM v0.1.0
2018-03-15,obm_spent_value_ge365_btc_daily,2076.95974087,BTC,daily,OBM v0.1.0
2018-03-16,obm_spent_value_ge365_btc_daily,3115.95477769,BTC,daily,OBM v0.1.0
2018-03-17,obm_spent_value_ge365_btc_daily,3442.55330354,BTC,daily,OBM v0.1.0
2018-03-18,obm_spent_value_ge365_btc_daily,2437.82195806,BTC,daily,OBM v0.1.0
2018-03-19,obm_spent_value_ge365_btc_daily,1126.03839468,BTC,daily,OBM v0.1.0
2018-03-20,obm_spent_value_ge365_btc_daily,1083.42918703,BTC,daily,OBM v0.1.0
2018-03-21,obm_spent_value_ge365_btc_daily,1567.63302006,BTC,daily,OBM v0.1.0
2018-03-22,obm_spent_value_ge365_btc_daily,1372.00628366,BTC,daily,OBM v0.1.0
2018-03-23,obm_spent_value_ge365_btc_daily,1518.22096706,BTC,daily,OBM v0.1.0
2018-03-24,obm_spent_value_ge365_btc_daily,1183.28925115,BTC,daily,OBM v0.1.0
2018-03-25,obm_spent_value_ge365_btc_daily,921.52440322,BTC,daily,OBM v0.1.0
2018-03-26,obm_spent_value_ge365_btc_daily,1076.91507310,BTC,daily,OBM v0.1.0
2018-03-27,obm_spent_value_ge365_btc_daily,1271.12484319,BTC,daily,OBM v0.1.0
2018-03-28,obm_spent_value_ge365_btc_daily,1170.83849590,BTC,daily,OBM v0.1.0
2018-03-29,obm_spent_value_ge365_btc_daily,2146.25281659,BTC,daily,OBM v0.1.0
2018-03-30,obm_spent_value_ge365_btc_daily,586.47705229,BTC,daily,OBM v0.1.0
2018-03-31,obm_spent_value_ge365_btc_daily,2010.01892700,BTC,daily,OBM v0.1.0
2018-04-01,obm_spent_value_ge365_btc_daily,1201.14604030,BTC,daily,OBM v0.1.0
2018-04-02,obm_spent_value_ge365_btc_daily,752.41615605,BTC,daily,OBM v0.1.0
2018-04-03,obm_spent_value_ge365_btc_daily,1500.00382766,BTC,daily,OBM v0.1.0
2018-04-04,obm_spent_value_ge365_btc_daily,1029.61112926,BTC,daily,OBM v0.1.0
2018-04-05,obm_spent_value_ge365_btc_daily,1137.14683137,BTC,daily,OBM v0.1.0
2018-04-06,obm_spent_value_ge365_btc_daily,650.69417035,BTC,daily,OBM v0.1.0
2018-04-07,obm_spent_value_ge365_btc_daily,1953.28838376,BTC,daily,OBM v0.1.0
2018-04-08,obm_spent_value_ge365_btc_daily,2519.59507864,BTC,daily,OBM v0.1.0
2018-04-09,obm_spent_value_ge365_btc_daily,965.71762973,BTC,daily,OBM v0.1.0
2018-04-10,obm_spent_value_ge365_btc_daily,968.94757435,BTC,daily,OBM v0.1.0
2018-04-11,obm_spent_value_ge365_btc_daily,7440.34955449,BTC,daily,OBM v0.1.0
2018-04-12,obm_spent_value_ge365_btc_daily,3204.78233149,BTC,daily,OBM v0.1.0
2018-04-13,obm_spent_value_ge365_btc_daily,4013.87404219,BTC,daily,OBM v0.1.0
2018-04-14,obm_spent_value_ge365_btc_daily,2081.46370749,BTC,daily,OBM v0.1.0
2018-04-15,obm_spent_value_ge365_btc_daily,1572.40900106,BTC,daily,OBM v0.1.0
2018-04-16,obm_spent_value_ge365_btc_daily,721.00544425,BTC,daily,OBM v0.1.0
2018-04-17,obm_spent_value_ge365_btc_daily,2235.13619722,BTC,daily,OBM v0.1.0
2018-04-18,obm_spent_value_ge365_btc_daily,4226.16277068,BTC,daily,OBM v0.1.0
2018-04-19,obm_spent_value_ge365_btc_daily,35670.99686913,BTC,daily,OBM v0.1.0
2018-04-20,obm_spent_value_ge365_btc_daily,6000.91861685,BTC,daily,OBM v0.1.0
2018-04-21,obm_spent_value_ge365_btc_daily,5300.25192160,BTC,daily,OBM v0.1.0
2018-04-22,obm_spent_value_ge365_btc_daily,5182.97697573,BTC,daily,OBM v0.1.0
2018-04-23,obm_spent_value_ge365_btc_daily,4672.07578913,BTC,daily,OBM v0.1.0
2018-04-24,obm_spent_value_ge365_btc_daily,2787.28619538,BTC,daily,OBM v0.1.0
2018-04-25,obm_spent_value_ge365_btc_daily,2613.71741554,BTC,daily,OBM v0.1.0
2018-04-26,obm_spent_value_ge365_btc_daily,17114.75919927,BTC,daily,OBM v0.1.0
2018-04-27,obm_spent_value_ge365_btc_daily,525.14557937,BTC,daily,OBM v0.1.0
2018-04-28,obm_spent_value_ge365_btc_daily,676.75591004,BTC,daily,OBM v0.1.0
2018-04-29,obm_spent_value_ge365_btc_daily,695.84125497,BTC,daily,OBM v0.1.0
2018-04-30,obm_spent_value_ge365_btc_daily,5002.75628249,BTC,daily,OBM v0.1.0
2018-05-01,obm_spent_value_ge365_btc_daily,1419.83729819,BTC,daily,OBM v0.1.0
2018-05-02,obm_spent_value_ge365_btc_daily,13530.89651485,BTC,daily,OBM v0.1.0
2018-05-03,obm_spent_value_ge365_btc_daily,899.52932392,BTC,daily,OBM v0.1.0
2018-05-04,obm_spent_value_ge365_btc_daily,1308.90969338,BTC,daily,OBM v0.1.0
2018-05-05,obm_spent_value_ge365_btc_daily,1217.48592561,BTC,daily,OBM v0.1.0
2018-05-06,obm_spent_value_ge365_btc_daily,2009.56099854,BTC,daily,OBM v0.1.0
2018-05-07,obm_spent_value_ge365_btc_daily,2000.49696507,BTC,daily,OBM v0.1.0
2018-05-08,obm_spent_value_ge365_btc_daily,1475.87008526,BTC,daily,OBM v0.1.0
2018-05-09,obm_spent_value_ge365_btc_daily,716.33123041,BTC,daily,OBM v0.1.0
2018-05-10,obm_spent_value_ge365_btc_daily,8895.10433188,BTC,daily,OBM v0.1.0
2018-05-11,obm_spent_value_ge365_btc_daily,1781.26434260,BTC,daily,OBM v0.1.0
2018-05-12,obm_spent_value_ge365_btc_daily,2072.10705355,BTC,daily,OBM v0.1.0
2018-05-13,obm_spent_value_ge365_btc_daily,1116.28705615,BTC,daily,OBM v0.1.0
2018-05-14,obm_spent_value_ge365_btc_daily,34692.15405060,BTC,daily,OBM v0.1.0
2018-05-15,obm_spent_value_ge365_btc_daily,519.45623936,BTC,daily,OBM v0.1.0
2018-05-16,obm_spent_value_ge365_btc_daily,771.62128727,BTC,daily,OBM v0.1.0
2018-05-17,obm_spent_value_ge365_btc_daily,39740.83637355,BTC,daily,OBM v0.1.0
2018-05-18,obm_spent_value_ge365_btc_daily,813.36639241,BTC,daily,OBM v0.1.0
2018-05-19,obm_spent_value_ge365_btc_daily,333.60498599,BTC,daily,OBM v0.1.0
2018-05-20,obm_spent_value_ge365_btc_daily,1673.37827381,BTC,daily,OBM v0.1.0
2018-05-21,obm_spent_value_ge365_btc_daily,4059.74640780,BTC,daily,OBM v0.1.0
2018-05-22,obm_spent_value_ge365_btc_daily,1972.84497560,BTC,daily,OBM v0.1.0
2018-05-23,obm_spent_value_ge365_btc_daily,1539.40097241,BTC,daily,OBM v0.1.0
2018-05-24,obm_spent_value_ge365_btc_daily,8675.16000708,BTC,daily,OBM v0.1.0
2018-05-25,obm_spent_value_ge365_btc_daily,1701.87124512,BTC,daily,OBM v0.1.0
2018-05-26,obm_spent_value_ge365_btc_daily,292.47574587,BTC,daily,OBM v0.1.0
2018-05-27,obm_spent_value_ge365_btc_daily,858.77675307,BTC,daily,OBM v0.1.0
2018-05-28,obm_spent_value_ge365_btc_daily,884.29967136,BTC,daily,OBM v0.1.0
2018-05-29,obm_spent_value_ge365_btc_daily,389.24459877,BTC,daily,OBM v0.1.0
2018-05-30,obm_spent_value_ge365_btc_daily,1817.04820015,BTC,daily,OBM v0.1.0
2018-05-31,obm_spent_value_ge365_btc_daily,356.73559311,BTC,daily,OBM v0.1.0
2018-06-01,obm_spent_value_ge365_btc_daily,321.05757359,BTC,daily,OBM v0.1.0
2018-06-02,obm_spent_value_ge365_btc_daily,687.42946867,BTC,daily,OBM v0.1.0
2018-06-03,obm_spent_value_ge365_btc_daily,2476.73008279,BTC,daily,OBM v0.1.0
2018-06-04,obm_spent_value_ge365_btc_daily,1965.83859677,BTC,daily,OBM v0.1.0
2018-06-05,obm_spent_value_ge365_btc_daily,767.01956979,BTC,daily,OBM v0.1.0
2018-06-06,obm_spent_value_ge365_btc_daily,2514.24425695,BTC,daily,OBM v0.1.0
2018-06-07,obm_spent_value_ge365_btc_daily,1192.58673420,BTC,daily,OBM v0.1.0
2018-06-08,obm_spent_value_ge365_btc_daily,708.95238612,BTC,daily,OBM v0.1.0
2018-06-09,obm_spent_value_ge365_btc_daily,1034.99105778,BTC,daily,OBM v0.1.0
2018-06-10,obm_spent_value_ge365_btc_daily,981.13883627,BTC,daily,OBM v0.1.0
2018-06-11,obm_spent_value_ge365_btc_daily,389.97244926,BTC,daily,OBM v0.1.0
2018-06-12,obm_spent_value_ge365_btc_daily,427.44278542,BTC,daily,OBM v0.1.0
2018-06-13,obm_spent_value_ge365_btc_daily,6229.15106294,BTC,daily,OBM v0.1.0
2018-06-14,obm_spent_value_ge365_btc_daily,576.16371853,BTC,daily,OBM v0.1.0
2018-06-15,obm_spent_value_ge365_btc_daily,438.46469776,BTC,daily,OBM v0.1.0
2018-06-16,obm_spent_value_ge365_btc_daily,540.84743649,BTC,daily,OBM v0.1.0
2018-06-17,obm_spent_value_ge365_btc_daily,717.56562923,BTC,daily,OBM v0.1.0
2018-06-18,obm_spent_value_ge365_btc_daily,1126.18362611,BTC,daily,OBM v0.1.0
2018-06-19,obm_spent_value_ge365_btc_daily,373.40614284,BTC,daily,OBM v0.1.0
2018-06-20,obm_spent_value_ge365_btc_daily,921.02153976,BTC,daily,OBM v0.1.0
2018-06-21,obm_spent_value_ge365_btc_daily,10233.00745648,BTC,daily,OBM v0.1.0
2018-06-22,obm_spent_value_ge365_btc_daily,474.98778838,BTC,daily,OBM v0.1.0
2018-06-23,obm_spent_value_ge365_btc_daily,1152.67755843,BTC,daily,OBM v0.1.0
2018-06-24,obm_spent_value_ge365_btc_daily,2430.31337651,BTC,daily,OBM v0.1.0
2018-06-25,obm_spent_value_ge365_btc_daily,1474.94999755,BTC,daily,OBM v0.1.0
2018-06-26,obm_spent_value_ge365_btc_daily,1392.79971604,BTC,daily,OBM v0.1.0
2018-06-27,obm_spent_value_ge365_btc_daily,1263.53806997,BTC,daily,OBM v0.1.0
2018-06-28,obm_spent_value_ge365_btc_daily,1739.75313354,BTC,daily,OBM v0.1.0
2018-06-29,obm_spent_value_ge365_btc_daily,844.79397856,BTC,daily,OBM v0.1.0
2018-06-30,obm_spent_value_ge365_btc_daily,1014.70902866,BTC,daily,OBM v0.1.0
2018-07-01,obm_spent_value_ge365_btc_daily,1760.03462009,BTC,daily,OBM v0.1.0
2018-07-02,obm_spent_value_ge365_btc_daily,1015.74111302,BTC,daily,OBM v0.1.0
2018-07-03,obm_spent_value_ge365_btc_daily,1667.91085415,BTC,daily,OBM v0.1.0
2018-07-04,obm_spent_value_ge365_btc_daily,7005.68091176,BTC,daily,OBM v0.1.0
2018-07-05,obm_spent_value_ge365_btc_daily,608.39792000,BTC,daily,OBM v0.1.0
2018-07-06,obm_spent_value_ge365_btc_daily,1379.09049954,BTC,daily,OBM v0.1.0
2018-07-07,obm_spent_value_ge365_btc_daily,1034.74023763,BTC,daily,OBM v0.1.0
2018-07-08,obm_spent_value_ge365_btc_daily,505.18018256,BTC,daily,OBM v0.1.0
2018-07-09,obm_spent_value_ge365_btc_daily,856.60572915,BTC,daily,OBM v0.1.0
2018-07-10,obm_spent_value_ge365_btc_daily,3788.97802438,BTC,daily,OBM v0.1.0
2018-07-11,obm_spent_value_ge365_btc_daily,1328.66694779,BTC,daily,OBM v0.1.0
2018-07-12,obm_spent_value_ge365_btc_daily,1104.77615062,BTC,daily,OBM v0.1.0
2018-07-13,obm_spent_value_ge365_btc_daily,3003.58564815,BTC,daily,OBM v0.1.0
2018-07-14,obm_spent_value_ge365_btc_daily,383.68552773,BTC,daily,OBM v0.1.0
2018-07-15,obm_spent_value_ge365_btc_daily,1332.63173799,BTC,daily,OBM v0.1.0
2018-07-16,obm_spent_value_ge365_btc_daily,4338.73014682,BTC,daily,OBM v0.1.0
2018-07-17,obm_spent_value_ge365_btc_daily,1385.31249267,BTC,daily,OBM v0.1.0
2018-07-18,obm_spent_value_ge365_btc_daily,853.52271462,BTC,daily,OBM v0.1.0
2018-07-19,obm_spent_value_ge365_btc_daily,5485.46998438,BTC,daily,OBM v0.1.0
2018-07-20,obm_spent_value_ge365_btc_daily,2383.35724677,BTC,daily,OBM v0.1.0
2018-07-21,obm_spent_value_ge365_btc_daily,3138.69101734,BTC,daily,OBM v0.1.0
2018-07-22,obm_spent_value_ge365_btc_daily,3286.34296111,BTC,daily,OBM v0.1.0
2018-07-23,obm_spent_value_ge365_btc_daily,3105.45462494,BTC,daily,OBM v0.1.0
2018-07-24,obm_spent_value_ge365_btc_daily,1036.93922404,BTC,daily,OBM v0.1.0
2018-07-25,obm_spent_value_ge365_btc_daily,1907.58429743,BTC,daily,OBM v0.1.0
2018-07-26,obm_spent_value_ge365_btc_daily,1817.73930252,BTC,daily,OBM v0.1.0
2018-07-27,obm_spent_value_ge365_btc_daily,753.83864888,BTC,daily,OBM v0.1.0
2018-07-28,obm_spent_value_ge365_btc_daily,1425.83684795,BTC,daily,OBM v0.1.0
2018-07-29,obm_spent_value_ge365_btc_daily,1497.35414555,BTC,daily,OBM v0.1.0
2018-07-30,obm_spent_value_ge365_btc_daily,1268.63481275,BTC,daily,OBM v0.1.0
2018-07-31,obm_spent_value_ge365_btc_daily,1967.92174824,BTC,daily,OBM v0.1.0
2018-08-01,obm_spent_value_ge365_btc_daily,1154.17465770,BTC,daily,OBM v0.1.0
2018-08-02,obm_spent_value_ge365_btc_daily,811.44425079,BTC,daily,OBM v0.1.0
2018-08-03,obm_spent_value_ge365_btc_daily,601.51193057,BTC,daily,OBM v0.1.0
2018-08-04,obm_spent_value_ge365_btc_daily,1328.00600171,BTC,daily,OBM v0.1.0
2018-08-05,obm_spent_value_ge365_btc_daily,1461.21725757,BTC,daily,OBM v0.1.0
2018-08-06,obm_spent_value_ge365_btc_daily,1946.86602835,BTC,daily,OBM v0.1.0
2018-08-07,obm_spent_value_ge365_btc_daily,779.76878512,BTC,daily,OBM v0.1.0
2018-08-08,obm_spent_value_ge365_btc_daily,1796.47895311,BTC,daily,OBM v0.1.0
2018-08-09,obm_spent_value_ge365_btc_daily,2622.96689586,BTC,daily,OBM v0.1.0
2018-08-10,obm_spent_value_ge365_btc_daily,9943.81136512,BTC,daily,OBM v0.1.0
2018-08-11,obm_spent_value_ge365_btc_daily,1294.44812458,BTC,daily,OBM v0.1.0
2018-08-12,obm_spent_value_ge365_btc_daily,431.98660720,BTC,daily,OBM v0.1.0
2018-08-13,obm_spent_value_ge365_btc_daily,12084.90996445,BTC,daily,OBM v0.1.0
2018-08-14,obm_spent_value_ge365_btc_daily,3185.44359870,BTC,daily,OBM v0.1.0
2018-08-15,obm_spent_value_ge365_btc_daily,1969.00739397,BTC,daily,OBM v0.1.0
2018-08-16,obm_spent_value_ge365_btc_daily,7222.94482588,BTC,daily,OBM v0.1.0
2018-08-17,obm_spent_value_ge365_btc_daily,8468.79347082,BTC,daily,OBM v0.1.0
2018-08-18,obm_spent_value_ge365_btc_daily,306.73786286,BTC,daily,OBM v0.1.0
2018-08-19,obm_spent_value_ge365_btc_daily,6908.51161563,BTC,daily,OBM v0.1.0
2018-08-20,obm_spent_value_ge365_btc_daily,4948.83959730,BTC,daily,OBM v0.1.0
2018-08-21,obm_spent_value_ge365_btc_daily,6809.32993212,BTC,daily,OBM v0.1.0
2018-08-22,obm_spent_value_ge365_btc_daily,8740.97524228,BTC,daily,OBM v0.1.0
2018-08-23,obm_spent_value_ge365_btc_daily,10909.60487943,BTC,daily,OBM v0.1.0
2018-08-24,obm_spent_value_ge365_btc_daily,2453.61939247,BTC,daily,OBM v0.1.0
2018-08-25,obm_spent_value_ge365_btc_daily,12848.63487959,BTC,daily,OBM v0.1.0
2018-08-26,obm_spent_value_ge365_btc_daily,7218.72380073,BTC,daily,OBM v0.1.0
2018-08-27,obm_spent_value_ge365_btc_daily,11872.56151549,BTC,daily,OBM v0.1.0
2018-08-28,obm_spent_value_ge365_btc_daily,7463.12263077,BTC,daily,OBM v0.1.0
2018-08-29,obm_spent_value_ge365_btc_daily,11522.73689922,BTC,daily,OBM v0.1.0
2018-08-30,obm_spent_value_ge365_btc_daily,9491.54781989,BTC,daily,OBM v0.1.0
2018-08-31,obm_spent_value_ge365_btc_daily,1439.18493829,BTC,daily,OBM v0.1.0
2018-09-01,obm_spent_value_ge365_btc_daily,1835.53426083,BTC,daily,OBM v0.1.0
2018-09-02,obm_spent_value_ge365_btc_daily,1490.05431151,BTC,daily,OBM v0.1.0
2018-09-03,obm_spent_value_ge365_btc_daily,985.83810536,BTC,daily,OBM v0.1.0
2018-09-04,obm_spent_value_ge365_btc_daily,743.86202463,BTC,daily,OBM v0.1.0
2018-09-05,obm_spent_value_ge365_btc_daily,1334.27455872,BTC,daily,OBM v0.1.0
2018-09-06,obm_spent_value_ge365_btc_daily,1808.34642238,BTC,daily,OBM v0.1.0
2018-09-07,obm_spent_value_ge365_btc_daily,1445.14135113,BTC,daily,OBM v0.1.0
2018-09-08,obm_spent_value_ge365_btc_daily,353.54084840,BTC,daily,OBM v0.1.0
2018-09-09,obm_spent_value_ge365_btc_daily,1675.79703741,BTC,daily,OBM v0.1.0
2018-09-10,obm_spent_value_ge365_btc_daily,5138.06533927,BTC,daily,OBM v0.1.0
2018-09-11,obm_spent_value_ge365_btc_daily,4384.44286092,BTC,daily,OBM v0.1.0
2018-09-12,obm_spent_value_ge365_btc_daily,1201.68533196,BTC,daily,OBM v0.1.0
2018-09-13,obm_spent_value_ge365_btc_daily,13288.39596453,BTC,daily,OBM v0.1.0
2018-09-14,obm_spent_value_ge365_btc_daily,1730.92529049,BTC,daily,OBM v0.1.0
2018-09-15,obm_spent_value_ge365_btc_daily,1395.73951987,BTC,daily,OBM v0.1.0
2018-09-16,obm_spent_value_ge365_btc_daily,1709.44848633,BTC,daily,OBM v0.1.0
2018-09-17,obm_spent_value_ge365_btc_daily,2834.70791505,BTC,daily,OBM v0.1.0
2018-09-18,obm_spent_value_ge365_btc_daily,1307.94399053,BTC,daily,OBM v0.1.0
2018-09-19,obm_spent_value_ge365_btc_daily,3074.53724820,BTC,daily,OBM v0.1.0
2018-09-20,obm_spent_value_ge365_btc_daily,1170.84932478,BTC,daily,OBM v0.1.0
2018-09-21,obm_spent_value_ge365_btc_daily,1278.82301596,BTC,daily,OBM v0.1.0
2018-09-22,obm_spent_value_ge365_btc_daily,513.33141668,BTC,daily,OBM v0.1.0
2018-09-23,obm_spent_value_ge365_btc_daily,2294.99624134,BTC,daily,OBM v0.1.0
2018-09-24,obm_spent_value_ge365_btc_daily,1585.53970303,BTC,daily,OBM v0.1.0
2018-09-25,obm_spent_value_ge365_btc_daily,3692.86191708,BTC,daily,OBM v0.1.0
2018-09-26,obm_spent_value_ge365_btc_daily,794.72693733,BTC,daily,OBM v0.1.0
2018-09-27,obm_spent_value_ge365_btc_daily,1764.45922141,BTC,daily,OBM v0.1.0
2018-09-28,obm_spent_value_ge365_btc_daily,12949.20016545,BTC,daily,OBM v0.1.0
2018-09-29,obm_spent_value_ge365_btc_daily,767.00579869,BTC,daily,OBM v0.1.0
2018-09-30,obm_spent_value_ge365_btc_daily,3266.09928643,BTC,daily,OBM v0.1.0
2018-10-01,obm_spent_value_ge365_btc_daily,1895.12373513,BTC,daily,OBM v0.1.0
2018-10-02,obm_spent_value_ge365_btc_daily,4439.70832726,BTC,daily,OBM v0.1.0
2018-10-03,obm_spent_value_ge365_btc_daily,1700.46689000,BTC,daily,OBM v0.1.0
2018-10-04,obm_spent_value_ge365_btc_daily,1299.51348590,BTC,daily,OBM v0.1.0
2018-10-05,obm_spent_value_ge365_btc_daily,1068.22778074,BTC,daily,OBM v0.1.0
2018-10-06,obm_spent_value_ge365_btc_daily,1479.40372947,BTC,daily,OBM v0.1.0
2018-10-07,obm_spent_value_ge365_btc_daily,774.31008781,BTC,daily,OBM v0.1.0
2018-10-08,obm_spent_value_ge365_btc_daily,4140.02996791,BTC,daily,OBM v0.1.0
2018-10-09,obm_spent_value_ge365_btc_daily,2926.10213512,BTC,daily,OBM v0.1.0
2018-10-10,obm_spent_value_ge365_btc_daily,2382.81970558,BTC,daily,OBM v0.1.0
2018-10-11,obm_spent_value_ge365_btc_daily,1630.67537383,BTC,daily,OBM v0.1.0
2018-10-12,obm_spent_value_ge365_btc_daily,1324.23422053,BTC,daily,OBM v0.1.0
2018-10-13,obm_spent_value_ge365_btc_daily,3298.75128574,BTC,daily,OBM v0.1.0
2018-10-14,obm_spent_value_ge365_btc_daily,2202.05421059,BTC,daily,OBM v0.1.0
2018-10-15,obm_spent_value_ge365_btc_daily,3717.92097928,BTC,daily,OBM v0.1.0
2018-10-16,obm_spent_value_ge365_btc_daily,5670.09906173,BTC,daily,OBM v0.1.0
2018-10-17,obm_spent_value_ge365_btc_daily,2210.83450916,BTC,daily,OBM v0.1.0
2018-10-18,obm_spent_value_ge365_btc_daily,1014.70046600,BTC,daily,OBM v0.1.0
2018-10-19,obm_spent_value_ge365_btc_daily,11718.53211415,BTC,daily,OBM v0.1.0
2018-10-20,obm_spent_value_ge365_btc_daily,1490.75335458,BTC,daily,OBM v0.1.0
2018-10-21,obm_spent_value_ge365_btc_daily,1374.27106131,BTC,daily,OBM v0.1.0
2018-10-22,obm_spent_value_ge365_btc_daily,3088.72023423,BTC,daily,OBM v0.1.0
2018-10-23,obm_spent_value_ge365_btc_daily,1608.87068527,BTC,daily,OBM v0.1.0
2018-10-24,obm_spent_value_ge365_btc_daily,1007.05312365,BTC,daily,OBM v0.1.0
2018-10-25,obm_spent_value_ge365_btc_daily,1121.78906122,BTC,daily,OBM v0.1.0
2018-10-26,obm_spent_value_ge365_btc_daily,1818.09490447,BTC,daily,OBM v0.1.0
2018-10-27,obm_spent_value_ge365_btc_daily,509.20323375,BTC,daily,OBM v0.1.0
2018-10-28,obm_spent_value_ge365_btc_daily,1022.29208609,BTC,daily,OBM v0.1.0
2018-10-29,obm_spent_value_ge365_btc_daily,2272.04938453,BTC,daily,OBM v0.1.0
2018-10-30,obm_spent_value_ge365_btc_daily,1181.58241251,BTC,daily,OBM v0.1.0
2018-10-31,obm_spent_value_ge365_btc_daily,1891.36261231,BTC,daily,OBM v0.1.0
2018-11-01,obm_spent_value_ge365_btc_daily,973.46151925,BTC,daily,OBM v0.1.0
2018-11-02,obm_spent_value_ge365_btc_daily,3818.05625784,BTC,daily,OBM v0.1.0
2018-11-03,obm_spent_value_ge365_btc_daily,706.09233654,BTC,daily,OBM v0.1.0
2018-11-04,obm_spent_value_ge365_btc_daily,3316.69829985,BTC,daily,OBM v0.1.0
2018-11-05,obm_spent_value_ge365_btc_daily,1550.89691243,BTC,daily,OBM v0.1.0
2018-11-06,obm_spent_value_ge365_btc_daily,2144.29535986,BTC,daily,OBM v0.1.0
2018-11-07,obm_spent_value_ge365_btc_daily,3601.04194596,BTC,daily,OBM v0.1.0
2018-11-08,obm_spent_value_ge365_btc_daily,3043.55403614,BTC,daily,OBM v0.1.0
2018-11-09,obm_spent_value_ge365_btc_daily,3685.49602288,BTC,daily,OBM v0.1.0
2018-11-10,obm_spent_value_ge365_btc_daily,2025.45923300,BTC,daily,OBM v0.1.0
2018-11-11,obm_spent_value_ge365_btc_daily,1783.16839326,BTC,daily,OBM v0.1.0
2018-11-12,obm_spent_value_ge365_btc_daily,3255.91506519,BTC,daily,OBM v0.1.0
2018-11-13,obm_spent_value_ge365_btc_daily,3537.13958365,BTC,daily,OBM v0.1.0
2018-11-14,obm_spent_value_ge365_btc_daily,13455.59390406,BTC,daily,OBM v0.1.0
2018-11-15,obm_spent_value_ge365_btc_daily,15544.87286580,BTC,daily,OBM v0.1.0
2018-11-16,obm_spent_value_ge365_btc_daily,4000.44018679,BTC,daily,OBM v0.1.0
2018-11-17,obm_spent_value_ge365_btc_daily,1769.60818151,BTC,daily,OBM v0.1.0
2018-11-18,obm_spent_value_ge365_btc_daily,2223.63535852,BTC,daily,OBM v0.1.0
2018-11-19,obm_spent_value_ge365_btc_daily,7724.88396472,BTC,daily,OBM v0.1.0
2018-11-20,obm_spent_value_ge365_btc_daily,11782.07742622,BTC,daily,OBM v0.1.0
2018-11-21,obm_spent_value_ge365_btc_daily,2800.44348375,BTC,daily,OBM v0.1.0
2018-11-22,obm_spent_value_ge365_btc_daily,2554.15280392,BTC,daily,OBM v0.1.0
2018-11-23,obm_spent_value_ge365_btc_daily,3895.79699043,BTC,daily,OBM v0.1.0
2018-11-24,obm_spent_value_ge365_btc_daily,5703.27137655,BTC,daily,OBM v0.1.0
2018-11-25,obm_spent_value_ge365_btc_daily,5821.59327926,BTC,daily,OBM v0.1.0
2018-11-26,obm_spent_value_ge365_btc_daily,4478.98017910,BTC,daily,OBM v0.1.0
2018-11-27,obm_spent_value_ge365_btc_daily,5262.85258516,BTC,daily,OBM v0.1.0
2018-11-28,obm_spent_value_ge365_btc_daily,17970.43623316,BTC,daily,OBM v0.1.0
2018-11-29,obm_spent_value_ge365_btc_daily,35592.69980845,BTC,daily,OBM v0.1.0
2018-11-30,obm_spent_value_ge365_btc_daily,101735.85201718,BTC,daily,OBM v0.1.0
2018-12-01,obm_spent_value_ge365_btc_daily,52710.91893129,BTC,daily,OBM v0.1.0
2018-12-02,obm_spent_value_ge365_btc_daily,863.21937435,BTC,daily,OBM v0.1.0
2018-12-03,obm_spent_value_ge365_btc_daily,104816.14179308,BTC,daily,OBM v0.1.0
2018-12-04,obm_spent_value_ge365_btc_daily,256497.44247831,BTC,daily,OBM v0.1.0
2018-12-05,obm_spent_value_ge365_btc_daily,81029.71068219,BTC,daily,OBM v0.1.0
2018-12-06,obm_spent_value_ge365_btc_daily,70235.48309313,BTC,daily,OBM v0.1.0
2018-12-07,obm_spent_value_ge365_btc_daily,8527.78960200,BTC,daily,OBM v0.1.0
2018-12-08,obm_spent_value_ge365_btc_daily,3088.36819916,BTC,daily,OBM v0.1.0
2018-12-09,obm_spent_value_ge365_btc_daily,1397.89189058,BTC,daily,OBM v0.1.0
2018-12-10,obm_spent_value_ge365_btc_daily,5506.69402478,BTC,daily,OBM v0.1.0
2018-12-11,obm_spent_value_ge365_btc_daily,2412.53747992,BTC,daily,OBM v0.1.0
2018-12-12,obm_spent_value_ge365_btc_daily,1830.26677871,BTC,daily,OBM v0.1.0
2018-12-13,obm_spent_value_ge365_btc_daily,5090.90820517,BTC,daily,OBM v0.1.0
2018-12-14,obm_spent_value_ge365_btc_daily,6438.29601471,BTC,daily,OBM v0.1.0
2018-12-15,obm_spent_value_ge365_btc_daily,2526.68369542,BTC,daily,OBM v0.1.0
2018-12-16,obm_spent_value_ge365_btc_daily,3063.66329227,BTC,daily,OBM v0.1.0
2018-12-17,obm_spent_value_ge365_btc_daily,3265.87139641,BTC,daily,OBM v0.1.0
2018-12-18,obm_spent_value_ge365_btc_daily,8968.43721937,BTC,daily,OBM v0.1.0
2018-12-19,obm_spent_value_ge365_btc_daily,7199.78901046,BTC,daily,OBM v0.1.0
2018-12-20,obm_spent_value_ge365_btc_daily,5229.42032719,BTC,daily,OBM v0.1.0
2018-12-21,obm_spent_value_ge365_btc_daily,3128.11155286,BTC,daily,OBM v0.1.0
2018-12-22,obm_spent_value_ge365_btc_daily,1694.26308629,BTC,daily,OBM v0.1.0
2018-12-23,obm_spent_value_ge365_btc_daily,2522.97589843,BTC,daily,OBM v0.1.0
2018-12-24,obm_spent_value_ge365_btc_daily,3811.31022243,BTC,daily,OBM v0.1.0
2018-12-25,obm_spent_value_ge365_btc_daily,1564.37404644,BTC,daily,OBM v0.1.0
2018-12-26,obm_spent_value_ge365_btc_daily,2505.47997834,BTC,daily,OBM v0.1.0
2018-12-27,obm_spent_value_ge365_btc_daily,5313.71560123,BTC,daily,OBM v0.1.0
2018-12-28,obm_spent_value_ge365_btc_daily,6572.37708839,BTC,daily,OBM v0.1.0
2018-12-29,obm_spent_value_ge365_btc_daily,2361.71125692,BTC,daily,OBM v0.1.0
2018-12-30,obm_spent_value_ge365_btc_daily,1793.68455589,BTC,daily,OBM v0.1.0
2018-12-31,obm_spent_value_ge365_btc_daily,2003.77000766,BTC,daily,OBM v0.1.0
2019-01-01,obm_spent_value_ge365_btc_daily,3327.82884362,BTC,daily,OBM v0.1.0
2019-01-02,obm_spent_value_ge365_btc_daily,1868.41340270,BTC,daily,OBM v0.1.0
2019-01-03,obm_spent_value_ge365_btc_daily,2434.49831685,BTC,daily,OBM v0.1.0
2019-01-04,obm_spent_value_ge365_btc_daily,2480.06260190,BTC,daily,OBM v0.1.0
2019-01-05,obm_spent_value_ge365_btc_daily,1421.28418845,BTC,daily,OBM v0.1.0
2019-01-06,obm_spent_value_ge365_btc_daily,2897.58254964,BTC,daily,OBM v0.1.0
2019-01-07,obm_spent_value_ge365_btc_daily,4282.73508397,BTC,daily,OBM v0.1.0
2019-01-08,obm_spent_value_ge365_btc_daily,4445.83266309,BTC,daily,OBM v0.1.0
2019-01-09,obm_spent_value_ge365_btc_daily,2480.30203853,BTC,daily,OBM v0.1.0
2019-01-10,obm_spent_value_ge365_btc_daily,23843.58616901,BTC,daily,OBM v0.1.0
2019-01-11,obm_spent_value_ge365_btc_daily,113176.39196203,BTC,daily,OBM v0.1.0
2019-01-12,obm_spent_value_ge365_btc_daily,1607.19594950,BTC,daily,OBM v0.1.0
2019-01-13,obm_spent_value_ge365_btc_daily,2909.10432150,BTC,daily,OBM v0.1.0
2019-01-14,obm_spent_value_ge365_btc_daily,14678.83078350,BTC,daily,OBM v0.1.0
2019-01-15,obm_spent_value_ge365_btc_daily,74541.11997556,BTC,daily,OBM v0.1.0
2019-01-16,obm_spent_value_ge365_btc_daily,14643.61557290,BTC,daily,OBM v0.1.0
2019-01-17,obm_spent_value_ge365_btc_daily,3528.78362346,BTC,daily,OBM v0.1.0
2019-01-18,obm_spent_value_ge365_btc_daily,1539.57370512,BTC,daily,OBM v0.1.0
2019-01-19,obm_spent_value_ge365_btc_daily,1664.70856990,BTC,daily,OBM v0.1.0
2019-01-20,obm_spent_value_ge365_btc_daily,782.58504610,BTC,daily,OBM v0.1.0
2019-01-21,obm_spent_value_ge365_btc_daily,13738.01303935,BTC,daily,OBM v0.1.0
2019-01-22,obm_spent_value_ge365_btc_daily,11055.83685006,BTC,daily,OBM v0.1.0
2019-01-23,obm_spent_value_ge365_btc_daily,986.87415111,BTC,daily,OBM v0.1.0
2019-01-24,obm_spent_value_ge365_btc_daily,1549.21805107,BTC,daily,OBM v0.1.0
2019-01-25,obm_spent_value_ge365_btc_daily,2571.28097132,BTC,daily,OBM v0.1.0
2019-01-26,obm_spent_value_ge365_btc_daily,1308.62799423,BTC,daily,OBM v0.1.0
2019-01-27,obm_spent_value_ge365_btc_daily,1452.40903990,BTC,daily,OBM v0.1.0
2019-01-28,obm_spent_value_ge365_btc_daily,2733.32100200,BTC,daily,OBM v0.1.0
2019-01-29,obm_spent_value_ge365_btc_daily,3378.00268875,BTC,daily,OBM v0.1.0
2019-01-30,obm_spent_value_ge365_btc_daily,24533.10302739,BTC,daily,OBM v0.1.0
2019-01-31,obm_spent_value_ge365_btc_daily,2716.72850456,BTC,daily,OBM v0.1.0
2019-02-01,obm_spent_value_ge365_btc_daily,1387.79114086,BTC,daily,OBM v0.1.0
2019-02-02,obm_spent_value_ge365_btc_daily,1549.55133628,BTC,daily,OBM v0.1.0
2019-02-03,obm_spent_value_ge365_btc_daily,1656.28274098,BTC,daily,OBM v0.1.0
2019-02-04,obm_spent_value_ge365_btc_daily,5268.60258992,BTC,daily,OBM v0.1.0
2019-02-05,obm_spent_value_ge365_btc_daily,3702.06015245,BTC,daily,OBM v0.1.0
2019-02-06,obm_spent_value_ge365_btc_daily,11879.81871516,BTC,daily,OBM v0.1.0
2019-02-07,obm_spent_value_ge365_btc_daily,7187.20893431,BTC,daily,OBM v0.1.0
2019-02-08,obm_spent_value_ge365_btc_daily,2747.70879481,BTC,daily,OBM v0.1.0
2019-02-09,obm_spent_value_ge365_btc_daily,3092.85892027,BTC,daily,OBM v0.1.0
2019-02-10,obm_spent_value_ge365_btc_daily,2099.78694475,BTC,daily,OBM v0.1.0
2019-02-11,obm_spent_value_ge365_btc_daily,5219.78394430,BTC,daily,OBM v0.1.0
2019-02-12,obm_spent_value_ge365_btc_daily,4010.18708690,BTC,daily,OBM v0.1.0
2019-02-13,obm_spent_value_ge365_btc_daily,8143.24772252,BTC,daily,OBM v0.1.0
2019-02-14,obm_spent_value_ge365_btc_daily,3371.49245631,BTC,daily,OBM v0.1.0
2019-02-15,obm_spent_value_ge365_btc_daily,2886.39021901,BTC,daily,OBM v0.1.0
2019-02-16,obm_spent_value_ge365_btc_daily,3329.99108281,BTC,daily,OBM v0.1.0
2019-02-17,obm_spent_value_ge365_btc_daily,2692.09454480,BTC,daily,OBM v0.1.0
2019-02-18,obm_spent_value_ge365_btc_daily,4308.35561211,BTC,daily,OBM v0.1.0
2019-02-19,obm_spent_value_ge365_btc_daily,3042.96873182,BTC,daily,OBM v0.1.0
2019-02-20,obm_spent_value_ge365_btc_daily,19608.99335274,BTC,daily,OBM v0.1.0
2019-02-21,obm_spent_value_ge365_btc_daily,6654.92911765,BTC,daily,OBM v0.1.0
2019-02-22,obm_spent_value_ge365_btc_daily,3062.69549263,BTC,daily,OBM v0.1.0
2019-02-23,obm_spent_value_ge365_btc_daily,4311.07290428,BTC,daily,OBM v0.1.0
2019-02-24,obm_spent_value_ge365_btc_daily,4413.18401541,BTC,daily,OBM v0.1.0
2019-02-25,obm_spent_value_ge365_btc_daily,5710.42139447,BTC,daily,OBM v0.1.0
2019-02-26,obm_spent_value_ge365_btc_daily,3223.14823290,BTC,daily,OBM v0.1.0
2019-02-27,obm_spent_value_ge365_btc_daily,1750.32197784,BTC,daily,OBM v0.1.0
2019-02-28,obm_spent_value_ge365_btc_daily,69472.02867832,BTC,daily,OBM v0.1.0
2019-03-01,obm_spent_value_ge365_btc_daily,3040.83990516,BTC,daily,OBM v0.1.0
2019-03-02,obm_spent_value_ge365_btc_daily,7725.86233321,BTC,daily,OBM v0.1.0
2019-03-03,obm_spent_value_ge365_btc_daily,1538.46093227,BTC,daily,OBM v0.1.0
2019-03-04,obm_spent_value_ge365_btc_daily,2753.59408639,BTC,daily,OBM v0.1.0
2019-03-05,obm_spent_value_ge365_btc_daily,7286.73967753,BTC,daily,OBM v0.1.0
2019-03-06,obm_spent_value_ge365_btc_daily,3844.69087026,BTC,daily,OBM v0.1.0
2019-03-07,obm_spent_value_ge365_btc_daily,3047.42589046,BTC,daily,OBM v0.1.0
2019-03-08,obm_spent_value_ge365_btc_daily,4781.17489671,BTC,daily,OBM v0.1.0
2019-03-09,obm_spent_value_ge365_btc_daily,1239.41977865,BTC,daily,OBM v0.1.0
2019-03-10,obm_spent_value_ge365_btc_daily,6164.24046245,BTC,daily,OBM v0.1.0
2019-03-11,obm_spent_value_ge365_btc_daily,2650.53524778,BTC,daily,OBM v0.1.0
2019-03-12,obm_spent_value_ge365_btc_daily,6706.19117321,BTC,daily,OBM v0.1.0
2019-03-13,obm_spent_value_ge365_btc_daily,2482.16264309,BTC,daily,OBM v0.1.0
2019-03-14,obm_spent_value_ge365_btc_daily,2950.63252903,BTC,daily,OBM v0.1.0
2019-03-15,obm_spent_value_ge365_btc_daily,5611.96645964,BTC,daily,OBM v0.1.0
2019-03-16,obm_spent_value_ge365_btc_daily,1733.59127603,BTC,daily,OBM v0.1.0
2019-03-17,obm_spent_value_ge365_btc_daily,1506.41913877,BTC,daily,OBM v0.1.0
2019-03-18,obm_spent_value_ge365_btc_daily,4317.86402170,BTC,daily,OBM v0.1.0
2019-03-19,obm_spent_value_ge365_btc_daily,2860.38029173,BTC,daily,OBM v0.1.0
2019-03-20,obm_spent_value_ge365_btc_daily,3871.89692268,BTC,daily,OBM v0.1.0
2019-03-21,obm_spent_value_ge365_btc_daily,14659.21997114,BTC,daily,OBM v0.1.0
2019-03-22,obm_spent_value_ge365_btc_daily,2941.65672280,BTC,daily,OBM v0.1.0
2019-03-23,obm_spent_value_ge365_btc_daily,2002.95631633,BTC,daily,OBM v0.1.0
2019-03-24,obm_spent_value_ge365_btc_daily,1661.80557220,BTC,daily,OBM v0.1.0
2019-03-25,obm_spent_value_ge365_btc_daily,2961.35460310,BTC,daily,OBM v0.1.0
2019-03-26,obm_spent_value_ge365_btc_daily,9794.11429873,BTC,daily,OBM v0.1.0
2019-03-27,obm_spent_value_ge365_btc_daily,3841.87565212,BTC,daily,OBM v0.1.0
2019-03-28,obm_spent_value_ge365_btc_daily,2104.73448957,BTC,daily,OBM v0.1.0
2019-03-29,obm_spent_value_ge365_btc_daily,22620.83038877,BTC,daily,OBM v0.1.0
2019-03-30,obm_spent_value_ge365_btc_daily,1092.68362034,BTC,daily,OBM v0.1.0
2019-03-31,obm_spent_value_ge365_btc_daily,7461.18910475,BTC,daily,OBM v0.1.0
2019-04-01,obm_spent_value_ge365_btc_daily,3517.76861279,BTC,daily,OBM v0.1.0
2019-04-02,obm_spent_value_ge365_btc_daily,8747.01726490,BTC,daily,OBM v0.1.0
2019-04-03,obm_spent_value_ge365_btc_daily,13177.48903859,BTC,daily,OBM v0.1.0
2019-04-04,obm_spent_value_ge365_btc_daily,4252.36896767,BTC,daily,OBM v0.1.0
2019-04-05,obm_spent_value_ge365_btc_daily,5154.14066165,BTC,daily,OBM v0.1.0
2019-04-06,obm_spent_value_ge365_btc_daily,1845.42610989,BTC,daily,OBM v0.1.0
2019-04-07,obm_spent_value_ge365_btc_daily,3436.84553967,BTC,daily,OBM v0.1.0
2019-04-08,obm_spent_value_ge365_btc_daily,6533.34717587,BTC,daily,OBM v0.1.0
2019-04-09,obm_spent_value_ge365_btc_daily,3575.92794169,BTC,daily,OBM v0.1.0
2019-04-10,obm_spent_value_ge365_btc_daily,7614.17204768,BTC,daily,OBM v0.1.0
2019-04-11,obm_spent_value_ge365_btc_daily,3637.29884396,BTC,daily,OBM v0.1.0
2019-04-12,obm_spent_value_ge365_btc_daily,10838.38075387,BTC,daily,OBM v0.1.0
2019-04-13,obm_spent_value_ge365_btc_daily,3280.27659525,BTC,daily,OBM v0.1.0
2019-04-14,obm_spent_value_ge365_btc_daily,41110.93468653,BTC,daily,OBM v0.1.0
2019-04-15,obm_spent_value_ge365_btc_daily,2662.16053957,BTC,daily,OBM v0.1.0
2019-04-16,obm_spent_value_ge365_btc_daily,2784.34363904,BTC,daily,OBM v0.1.0
2019-04-17,obm_spent_value_ge365_btc_daily,3844.32096477,BTC,daily,OBM v0.1.0
2019-04-18,obm_spent_value_ge365_btc_daily,5795.17552592,BTC,daily,OBM v0.1.0
2019-04-19,obm_spent_value_ge365_btc_daily,9202.72866743,BTC,daily,OBM v0.1.0
2019-04-20,obm_spent_value_ge365_btc_daily,3037.63734068,BTC,daily,OBM v0.1.0
2019-04-21,obm_spent_value_ge365_btc_daily,5146.71735236,BTC,daily,OBM v0.1.0
2019-04-22,obm_spent_value_ge365_btc_daily,15180.95721159,BTC,daily,OBM v0.1.0
2019-04-23,obm_spent_value_ge365_btc_daily,3323.28884464,BTC,daily,OBM v0.1.0
2019-04-24,obm_spent_value_ge365_btc_daily,5162.94435131,BTC,daily,OBM v0.1.0
2019-04-25,obm_spent_value_ge365_btc_daily,5011.39618830,BTC,daily,OBM v0.1.0
2019-04-26,obm_spent_value_ge365_btc_daily,16385.98609747,BTC,daily,OBM v0.1.0
2019-04-27,obm_spent_value_ge365_btc_daily,4716.17709823,BTC,daily,OBM v0.1.0
2019-04-28,obm_spent_value_ge365_btc_daily,3875.04382180,BTC,daily,OBM v0.1.0
2019-04-29,obm_spent_value_ge365_btc_daily,12749.77421968,BTC,daily,OBM v0.1.0
2019-04-30,obm_spent_value_ge365_btc_daily,1747.83516872,BTC,daily,OBM v0.1.0
2019-05-01,obm_spent_value_ge365_btc_daily,54589.34333408,BTC,daily,OBM v0.1.0
2019-05-02,obm_spent_value_ge365_btc_daily,6083.47578052,BTC,daily,OBM v0.1.0
2019-05-03,obm_spent_value_ge365_btc_daily,5612.28182871,BTC,daily,OBM v0.1.0
2019-05-04,obm_spent_value_ge365_btc_daily,2244.72669070,BTC,daily,OBM v0.1.0
2019-05-05,obm_spent_value_ge365_btc_daily,3564.16486519,BTC,daily,OBM v0.1.0
2019-05-06,obm_spent_value_ge365_btc_daily,4577.12854493,BTC,daily,OBM v0.1.0
2019-05-07,obm_spent_value_ge365_btc_daily,12359.63165595,BTC,daily,OBM v0.1.0
2019-05-08,obm_spent_value_ge365_btc_daily,5807.71700307,BTC,daily,OBM v0.1.0
2019-05-09,obm_spent_value_ge365_btc_daily,15045.80990749,BTC,daily,OBM v0.1.0
2019-05-10,obm_spent_value_ge365_btc_daily,8486.10117899,BTC,daily,OBM v0.1.0
2019-05-11,obm_spent_value_ge365_btc_daily,6841.93746153,BTC,daily,OBM v0.1.0
2019-05-12,obm_spent_value_ge365_btc_daily,5575.52663948,BTC,daily,OBM v0.1.0
2019-05-13,obm_spent_value_ge365_btc_daily,18545.11616684,BTC,daily,OBM v0.1.0
2019-05-14,obm_spent_value_ge365_btc_daily,35738.32598085,BTC,daily,OBM v0.1.0
2019-05-15,obm_spent_value_ge365_btc_daily,10091.39189486,BTC,daily,OBM v0.1.0
2019-05-16,obm_spent_value_ge365_btc_daily,7781.18227303,BTC,daily,OBM v0.1.0
2019-05-17,obm_spent_value_ge365_btc_daily,5293.54131353,BTC,daily,OBM v0.1.0
2019-05-18,obm_spent_value_ge365_btc_daily,4965.34490196,BTC,daily,OBM v0.1.0
2019-05-19,obm_spent_value_ge365_btc_daily,7402.92769674,BTC,daily,OBM v0.1.0
2019-05-20,obm_spent_value_ge365_btc_daily,12467.06520009,BTC,daily,OBM v0.1.0
2019-05-21,obm_spent_value_ge365_btc_daily,14023.20433121,BTC,daily,OBM v0.1.0
2019-05-22,obm_spent_value_ge365_btc_daily,17055.88725991,BTC,daily,OBM v0.1.0
2019-05-23,obm_spent_value_ge365_btc_daily,4647.10854048,BTC,daily,OBM v0.1.0
2019-05-24,obm_spent_value_ge365_btc_daily,6182.53219692,BTC,daily,OBM v0.1.0
2019-05-25,obm_spent_value_ge365_btc_daily,4014.30140762,BTC,daily,OBM v0.1.0
2019-05-26,obm_spent_value_ge365_btc_daily,6263.89228812,BTC,daily,OBM v0.1.0
2019-05-27,obm_spent_value_ge365_btc_daily,8058.28058844,BTC,daily,OBM v0.1.0
2019-05-28,obm_spent_value_ge365_btc_daily,7621.64181278,BTC,daily,OBM v0.1.0
2019-05-29,obm_spent_value_ge365_btc_daily,13524.76881331,BTC,daily,OBM v0.1.0
2019-05-30,obm_spent_value_ge365_btc_daily,3905.12790570,BTC,daily,OBM v0.1.0
2019-05-31,obm_spent_value_ge365_btc_daily,3334.94938053,BTC,daily,OBM v0.1.0
2019-06-01,obm_spent_value_ge365_btc_daily,3859.55763433,BTC,daily,OBM v0.1.0
2019-06-02,obm_spent_value_ge365_btc_daily,2551.00929431,BTC,daily,OBM v0.1.0
2019-06-03,obm_spent_value_ge365_btc_daily,28954.47233084,BTC,daily,OBM v0.1.0
2019-06-04,obm_spent_value_ge365_btc_daily,44258.55565159,BTC,daily,OBM v0.1.0
2019-06-05,obm_spent_value_ge365_btc_daily,53792.63336908,BTC,daily,OBM v0.1.0
2019-06-06,obm_spent_value_ge365_btc_daily,7897.67941074,BTC,daily,OBM v0.1.0
2019-06-07,obm_spent_value_ge365_btc_daily,2890.41060989,BTC,daily,OBM v0.1.0
2019-06-08,obm_spent_value_ge365_btc_daily,2516.45344779,BTC,daily,OBM v0.1.0
2019-06-09,obm_spent_value_ge365_btc_daily,5306.88293164,BTC,daily,OBM v0.1.0
2019-06-10,obm_spent_value_ge365_btc_daily,11879.53566287,BTC,daily,OBM v0.1.0
2019-06-11,obm_spent_value_ge365_btc_daily,5991.46136556,BTC,daily,OBM v0.1.0
2019-06-12,obm_spent_value_ge365_btc_daily,5599.29495007,BTC,daily,OBM v0.1.0
2019-06-13,obm_spent_value_ge365_btc_daily,2482.59537919,BTC,daily,OBM v0.1.0
2019-06-14,obm_spent_value_ge365_btc_daily,19945.39247710,BTC,daily,OBM v0.1.0
2019-06-15,obm_spent_value_ge365_btc_daily,3200.01450084,BTC,daily,OBM v0.1.0
2019-06-16,obm_spent_value_ge365_btc_daily,8113.99203155,BTC,daily,OBM v0.1.0
2019-06-17,obm_spent_value_ge365_btc_daily,8491.28704143,BTC,daily,OBM v0.1.0
2019-06-18,obm_spent_value_ge365_btc_daily,6468.06696643,BTC,daily,OBM v0.1.0
2019-06-19,obm_spent_value_ge365_btc_daily,21483.16575549,BTC,daily,OBM v0.1.0
2019-06-20,obm_spent_value_ge365_btc_daily,4586.92450098,BTC,daily,OBM v0.1.0
2019-06-21,obm_spent_value_ge365_btc_daily,14038.73423597,BTC,daily,OBM v0.1.0
2019-06-22,obm_spent_value_ge365_btc_daily,14334.10277449,BTC,daily,OBM v0.1.0
2019-06-23,obm_spent_value_ge365_btc_daily,7803.78623616,BTC,daily,OBM v0.1.0
2019-06-24,obm_spent_value_ge365_btc_daily,9392.52038595,BTC,daily,OBM v0.1.0
2019-06-25,obm_spent_value_ge365_btc_daily,19670.24099007,BTC,daily,OBM v0.1.0
2019-06-26,obm_spent_value_ge365_btc_daily,32569.78614826,BTC,daily,OBM v0.1.0
2019-06-27,obm_spent_value_ge365_btc_daily,20147.22221390,BTC,daily,OBM v0.1.0
2019-06-28,obm_spent_value_ge365_btc_daily,37748.57005179,BTC,daily,OBM v0.1.0
2019-06-29,obm_spent_value_ge365_btc_daily,6768.24399309,BTC,daily,OBM v0.1.0
2019-06-30,obm_spent_value_ge365_btc_daily,25182.48796165,BTC,daily,OBM v0.1.0
2019-07-01,obm_spent_value_ge365_btc_daily,4998.16412652,BTC,daily,OBM v0.1.0
2019-07-02,obm_spent_value_ge365_btc_daily,8447.55683463,BTC,daily,OBM v0.1.0
2019-07-03,obm_spent_value_ge365_btc_daily,13209.13309693,BTC,daily,OBM v0.1.0
2019-07-04,obm_spent_value_ge365_btc_daily,22303.48066423,BTC,daily,OBM v0.1.0
2019-07-05,obm_spent_value_ge365_btc_daily,13350.87668690,BTC,daily,OBM v0.1.0
2019-07-06,obm_spent_value_ge365_btc_daily,2071.87224589,BTC,daily,OBM v0.1.0
2019-07-07,obm_spent_value_ge365_btc_daily,3747.76566867,BTC,daily,OBM v0.1.0
2019-07-08,obm_spent_value_ge365_btc_daily,5067.12877955,BTC,daily,OBM v0.1.0
2019-07-09,obm_spent_value_ge365_btc_daily,7054.27906164,BTC,daily,OBM v0.1.0
2019-07-10,obm_spent_value_ge365_btc_daily,8910.63079440,BTC,daily,OBM v0.1.0
2019-07-11,obm_spent_value_ge365_btc_daily,16338.78679489,BTC,daily,OBM v0.1.0
2019-07-12,obm_spent_value_ge365_btc_daily,3104.31729344,BTC,daily,OBM v0.1.0
2019-07-13,obm_spent_value_ge365_btc_daily,3566.28391977,BTC,daily,OBM v0.1.0
2019-07-14,obm_spent_value_ge365_btc_daily,4025.19434609,BTC,daily,OBM v0.1.0
2019-07-15,obm_spent_value_ge365_btc_daily,3507.37189108,BTC,daily,OBM v0.1.0
2019-07-16,obm_spent_value_ge365_btc_daily,4230.88116915,BTC,daily,OBM v0.1.0
2019-07-17,obm_spent_value_ge365_btc_daily,5725.77900059,BTC,daily,OBM v0.1.0
2019-07-18,obm_spent_value_ge365_btc_daily,4431.25936992,BTC,daily,OBM v0.1.0
2019-07-19,obm_spent_value_ge365_btc_daily,25880.94967686,BTC,daily,OBM v0.1.0
2019-07-20,obm_spent_value_ge365_btc_daily,5538.43743379,BTC,daily,OBM v0.1.0
2019-07-21,obm_spent_value_ge365_btc_daily,4862.18916283,BTC,daily,OBM v0.1.0
2019-07-22,obm_spent_value_ge365_btc_daily,3153.96910082,BTC,daily,OBM v0.1.0
2019-07-23,obm_spent_value_ge365_btc_daily,1776.59523637,BTC,daily,OBM v0.1.0
2019-07-24,obm_spent_value_ge365_btc_daily,33908.13920259,BTC,daily,OBM v0.1.0
2019-07-25,obm_spent_value_ge365_btc_daily,11120.53353385,BTC,daily,OBM v0.1.0
2019-07-26,obm_spent_value_ge365_btc_daily,4267.73330238,BTC,daily,OBM v0.1.0
2019-07-27,obm_spent_value_ge365_btc_daily,2367.30189228,BTC,daily,OBM v0.1.0
2019-07-28,obm_spent_value_ge365_btc_daily,1166.73398463,BTC,daily,OBM v0.1.0
2019-07-29,obm_spent_value_ge365_btc_daily,200806.49775275,BTC,daily,OBM v0.1.0
2019-07-30,obm_spent_value_ge365_btc_daily,3227.71865178,BTC,daily,OBM v0.1.0
2019-07-31,obm_spent_value_ge365_btc_daily,1844.90824462,BTC,daily,OBM v0.1.0
2019-08-01,obm_spent_value_ge365_btc_daily,5483.78270519,BTC,daily,OBM v0.1.0
2019-08-02,obm_spent_value_ge365_btc_daily,2050.06929064,BTC,daily,OBM v0.1.0
2019-08-03,obm_spent_value_ge365_btc_daily,965.70685034,BTC,daily,OBM v0.1.0
2019-08-04,obm_spent_value_ge365_btc_daily,11349.18510728,BTC,daily,OBM v0.1.0
2019-08-05,obm_spent_value_ge365_btc_daily,51975.90425764,BTC,daily,OBM v0.1.0
2019-08-06,obm_spent_value_ge365_btc_daily,14550.24728861,BTC,daily,OBM v0.1.0
2019-08-07,obm_spent_value_ge365_btc_daily,4398.15343738,BTC,daily,OBM v0.1.0
2019-08-08,obm_spent_value_ge365_btc_daily,5846.79650524,BTC,daily,OBM v0.1.0
2019-08-09,obm_spent_value_ge365_btc_daily,2342.59608472,BTC,daily,OBM v0.1.0
2019-08-10,obm_spent_value_ge365_btc_daily,2520.18632028,BTC,daily,OBM v0.1.0
2019-08-11,obm_spent_value_ge365_btc_daily,7485.09203586,BTC,daily,OBM v0.1.0
2019-08-12,obm_spent_value_ge365_btc_daily,2292.97671049,BTC,daily,OBM v0.1.0
2019-08-13,obm_spent_value_ge365_btc_daily,6517.45072659,BTC,daily,OBM v0.1.0
2019-08-14,obm_spent_value_ge365_btc_daily,3363.88511074,BTC,daily,OBM v0.1.0
2019-08-15,obm_spent_value_ge365_btc_daily,2489.97003524,BTC,daily,OBM v0.1.0
2019-08-16,obm_spent_value_ge365_btc_daily,1656.69649683,BTC,daily,OBM v0.1.0
2019-08-17,obm_spent_value_ge365_btc_daily,2121.51765692,BTC,daily,OBM v0.1.0
2019-08-18,obm_spent_value_ge365_btc_daily,1421.50245826,BTC,daily,OBM v0.1.0
2019-08-19,obm_spent_value_ge365_btc_daily,8422.98352485,BTC,daily,OBM v0.1.0
2019-08-20,obm_spent_value_ge365_btc_daily,2902.05044111,BTC,daily,OBM v0.1.0
2019-08-21,obm_spent_value_ge365_btc_daily,3607.65579113,BTC,daily,OBM v0.1.0
2019-08-22,obm_spent_value_ge365_btc_daily,1814.13984181,BTC,daily,OBM v0.1.0
2019-08-23,obm_spent_value_ge365_btc_daily,3850.37965350,BTC,daily,OBM v0.1.0
2019-08-24,obm_spent_value_ge365_btc_daily,1401.67460413,BTC,daily,OBM v0.1.0
2019-08-25,obm_spent_value_ge365_btc_daily,4352.72073953,BTC,daily,OBM v0.1.0
2019-08-26,obm_spent_value_ge365_btc_daily,2437.60306780,BTC,daily,OBM v0.1.0
2019-08-27,obm_spent_value_ge365_btc_daily,12561.74246782,BTC,daily,OBM v0.1.0
2019-08-28,obm_spent_value_ge365_btc_daily,2456.12436490,BTC,daily,OBM v0.1.0
2019-08-29,obm_spent_value_ge365_btc_daily,1748.49516516,BTC,daily,OBM v0.1.0
2019-08-30,obm_spent_value_ge365_btc_daily,1698.11971984,BTC,daily,OBM v0.1.0
2019-08-31,obm_spent_value_ge365_btc_daily,1107.92840727,BTC,daily,OBM v0.1.0
2019-09-01,obm_spent_value_ge365_btc_daily,1258.55426008,BTC,daily,OBM v0.1.0
2019-09-02,obm_spent_value_ge365_btc_daily,2651.65154050,BTC,daily,OBM v0.1.0
2019-09-03,obm_spent_value_ge365_btc_daily,5671.42863431,BTC,daily,OBM v0.1.0
2019-09-04,obm_spent_value_ge365_btc_daily,7569.55268338,BTC,daily,OBM v0.1.0
2019-09-05,obm_spent_value_ge365_btc_daily,10678.03374153,BTC,daily,OBM v0.1.0
2019-09-06,obm_spent_value_ge365_btc_daily,96973.15566645,BTC,daily,OBM v0.1.0
2019-09-07,obm_spent_value_ge365_btc_daily,1541.15040411,BTC,daily,OBM v0.1.0
2019-09-08,obm_spent_value_ge365_btc_daily,3177.36493538,BTC,daily,OBM v0.1.0
2019-09-09,obm_spent_value_ge365_btc_daily,4691.65590953,BTC,daily,OBM v0.1.0
2019-09-10,obm_spent_value_ge365_btc_daily,2251.39555073,BTC,daily,OBM v0.1.0
2019-09-11,obm_spent_value_ge365_btc_daily,3192.57621157,BTC,daily,OBM v0.1.0
2019-09-12,obm_spent_value_ge365_btc_daily,5180.98373946,BTC,daily,OBM v0.1.0
2019-09-13,obm_spent_value_ge365_btc_daily,2265.87961130,BTC,daily,OBM v0.1.0
2019-09-14,obm_spent_value_ge365_btc_daily,1531.32697654,BTC,daily,OBM v0.1.0
2019-09-15,obm_spent_value_ge365_btc_daily,2844.77686735,BTC,daily,OBM v0.1.0
2019-09-16,obm_spent_value_ge365_btc_daily,1957.54341063,BTC,daily,OBM v0.1.0
2019-09-17,obm_spent_value_ge365_btc_daily,5463.90943520,BTC,daily,OBM v0.1.0
2019-09-18,obm_spent_value_ge365_btc_daily,11455.84245636,BTC,daily,OBM v0.1.0
2019-09-19,obm_spent_value_ge365_btc_daily,2525.90006447,BTC,daily,OBM v0.1.0
2019-09-20,obm_spent_value_ge365_btc_daily,4198.15650810,BTC,daily,OBM v0.1.0
2019-09-21,obm_spent_value_ge365_btc_daily,1410.59577679,BTC,daily,OBM v0.1.0
2019-09-22,obm_spent_value_ge365_btc_daily,863.40758574,BTC,daily,OBM v0.1.0
2019-09-23,obm_spent_value_ge365_btc_daily,4342.39568620,BTC,daily,OBM v0.1.0
2019-09-24,obm_spent_value_ge365_btc_daily,25787.08015891,BTC,daily,OBM v0.1.0
2019-09-25,obm_spent_value_ge365_btc_daily,4328.15218287,BTC,daily,OBM v0.1.0
2019-09-26,obm_spent_value_ge365_btc_daily,4099.25322884,BTC,daily,OBM v0.1.0
2019-09-27,obm_spent_value_ge365_btc_daily,2303.54558156,BTC,daily,OBM v0.1.0
2019-09-28,obm_spent_value_ge365_btc_daily,3041.27391337,BTC,daily,OBM v0.1.0
2019-09-29,obm_spent_value_ge365_btc_daily,1127.32099074,BTC,daily,OBM v0.1.0
2019-09-30,obm_spent_value_ge365_btc_daily,4052.64485766,BTC,daily,OBM v0.1.0
2019-10-01,obm_spent_value_ge365_btc_daily,1639.88413961,BTC,daily,OBM v0.1.0
2019-10-02,obm_spent_value_ge365_btc_daily,1859.03628633,BTC,daily,OBM v0.1.0
2019-10-03,obm_spent_value_ge365_btc_daily,1176.34603720,BTC,daily,OBM v0.1.0
2019-10-04,obm_spent_value_ge365_btc_daily,2366.10862426,BTC,daily,OBM v0.1.0
2019-10-05,obm_spent_value_ge365_btc_daily,961.21534021,BTC,daily,OBM v0.1.0
2019-10-06,obm_spent_value_ge365_btc_daily,1855.13480281,BTC,daily,OBM v0.1.0
2019-10-07,obm_spent_value_ge365_btc_daily,4772.80755605,BTC,daily,OBM v0.1.0
2019-10-08,obm_spent_value_ge365_btc_daily,14459.76074220,BTC,daily,OBM v0.1.0
2019-10-09,obm_spent_value_ge365_btc_daily,1583.69907880,BTC,daily,OBM v0.1.0
2019-10-10,obm_spent_value_ge365_btc_daily,1917.15535654,BTC,daily,OBM v0.1.0
2019-10-11,obm_spent_value_ge365_btc_daily,2982.56263075,BTC,daily,OBM v0.1.0
2019-10-12,obm_spent_value_ge365_btc_daily,1547.83584217,BTC,daily,OBM v0.1.0
2019-10-13,obm_spent_value_ge365_btc_daily,604.33449571,BTC,daily,OBM v0.1.0
2019-10-14,obm_spent_value_ge365_btc_daily,93207.32434305,BTC,daily,OBM v0.1.0
2019-10-15,obm_spent_value_ge365_btc_daily,20995.22949114,BTC,daily,OBM v0.1.0
2019-10-16,obm_spent_value_ge365_btc_daily,3405.94925827,BTC,daily,OBM v0.1.0
2019-10-17,obm_spent_value_ge365_btc_daily,3274.81783362,BTC,daily,OBM v0.1.0
2019-10-18,obm_spent_value_ge365_btc_daily,10170.69035164,BTC,daily,OBM v0.1.0
2019-10-19,obm_spent_value_ge365_btc_daily,2083.57010827,BTC,daily,OBM v0.1.0
2019-10-20,obm_spent_value_ge365_btc_daily,1620.17176744,BTC,daily,OBM v0.1.0
2019-10-21,obm_spent_value_ge365_btc_daily,30847.26572246,BTC,daily,OBM v0.1.0
2019-10-22,obm_spent_value_ge365_btc_daily,2814.54602017,BTC,daily,OBM v0.1.0
2019-10-23,obm_spent_value_ge365_btc_daily,2588.17650172,BTC,daily,OBM v0.1.0
2019-10-24,obm_spent_value_ge365_btc_daily,6183.88392465,BTC,daily,OBM v0.1.0
2019-10-25,obm_spent_value_ge365_btc_daily,13233.52329823,BTC,daily,OBM v0.1.0
2019-10-26,obm_spent_value_ge365_btc_daily,5212.18266966,BTC,daily,OBM v0.1.0
2019-10-27,obm_spent_value_ge365_btc_daily,3522.73928687,BTC,daily,OBM v0.1.0
2019-10-28,obm_spent_value_ge365_btc_daily,8391.12998076,BTC,daily,OBM v0.1.0
2019-10-29,obm_spent_value_ge365_btc_daily,5840.28552329,BTC,daily,OBM v0.1.0
2019-10-30,obm_spent_value_ge365_btc_daily,2876.95677913,BTC,daily,OBM v0.1.0
2019-10-31,obm_spent_value_ge365_btc_daily,6184.51905546,BTC,daily,OBM v0.1.0
2019-11-01,obm_spent_value_ge365_btc_daily,38462.95531898,BTC,daily,OBM v0.1.0
2019-11-02,obm_spent_value_ge365_btc_daily,3029.56381498,BTC,daily,OBM v0.1.0
2019-11-03,obm_spent_value_ge365_btc_daily,2816.00084921,BTC,daily,OBM v0.1.0
2019-11-04,obm_spent_value_ge365_btc_daily,2994.78066336,BTC,daily,OBM v0.1.0
2019-11-05,obm_spent_value_ge365_btc_daily,24879.84966304,BTC,daily,OBM v0.1.0
2019-11-06,obm_spent_value_ge365_btc_daily,24369.81966737,BTC,daily,OBM v0.1.0
2019-11-07,obm_spent_value_ge365_btc_daily,6275.56236348,BTC,daily,OBM v0.1.0
2019-11-08,obm_spent_value_ge365_btc_daily,2855.31457952,BTC,daily,OBM v0.1.0
2019-11-09,obm_spent_value_ge365_btc_daily,1157.50251086,BTC,daily,OBM v0.1.0
2019-11-10,obm_spent_value_ge365_btc_daily,1169.98696331,BTC,daily,OBM v0.1.0
2019-11-11,obm_spent_value_ge365_btc_daily,4440.72790816,BTC,daily,OBM v0.1.0
2019-11-12,obm_spent_value_ge365_btc_daily,4918.04785525,BTC,daily,OBM v0.1.0
2019-11-13,obm_spent_value_ge365_btc_daily,25161.57193204,BTC,daily,OBM v0.1.0
2019-11-14,obm_spent_value_ge365_btc_daily,2062.41701325,BTC,daily,OBM v0.1.0
2019-11-15,obm_spent_value_ge365_btc_daily,8619.81659210,BTC,daily,OBM v0.1.0
2019-11-16,obm_spent_value_ge365_btc_daily,844.69044069,BTC,daily,OBM v0.1.0
2019-11-17,obm_spent_value_ge365_btc_daily,1592.55720880,BTC,daily,OBM v0.1.0
2019-11-18,obm_spent_value_ge365_btc_daily,17385.25332804,BTC,daily,OBM v0.1.0
2019-11-19,obm_spent_value_ge365_btc_daily,3262.74103277,BTC,daily,OBM v0.1.0
2019-11-20,obm_spent_value_ge365_btc_daily,2515.42663790,BTC,daily,OBM v0.1.0
2019-11-21,obm_spent_value_ge365_btc_daily,6748.93191108,BTC,daily,OBM v0.1.0
2019-11-22,obm_spent_value_ge365_btc_daily,9126.68956905,BTC,daily,OBM v0.1.0
2019-11-23,obm_spent_value_ge365_btc_daily,16189.93195466,BTC,daily,OBM v0.1.0
2019-11-24,obm_spent_value_ge365_btc_daily,14528.95687979,BTC,daily,OBM v0.1.0
2019-11-25,obm_spent_value_ge365_btc_daily,11400.34802968,BTC,daily,OBM v0.1.0
2019-11-26,obm_spent_value_ge365_btc_daily,6366.19935961,BTC,daily,OBM v0.1.0
2019-11-27,obm_spent_value_ge365_btc_daily,5735.59439985,BTC,daily,OBM v0.1.0
2019-11-28,obm_spent_value_ge365_btc_daily,1188.34350206,BTC,daily,OBM v0.1.0
2019-11-29,obm_spent_value_ge365_btc_daily,2219.47300517,BTC,daily,OBM v0.1.0
2019-11-30,obm_spent_value_ge365_btc_daily,8069.26842255,BTC,daily,OBM v0.1.0
2019-12-01,obm_spent_value_ge365_btc_daily,2583.19581279,BTC,daily,OBM v0.1.0
2019-12-02,obm_spent_value_ge365_btc_daily,3851.69894575,BTC,daily,OBM v0.1.0
2019-12-03,obm_spent_value_ge365_btc_daily,4677.10009516,BTC,daily,OBM v0.1.0
2019-12-04,obm_spent_value_ge365_btc_daily,8309.55645826,BTC,daily,OBM v0.1.0
2019-12-05,obm_spent_value_ge365_btc_daily,2449.99232972,BTC,daily,OBM v0.1.0
2019-12-06,obm_spent_value_ge365_btc_daily,3015.48605099,BTC,daily,OBM v0.1.0
2019-12-07,obm_spent_value_ge365_btc_daily,1300.65617907,BTC,daily,OBM v0.1.0
2019-12-08,obm_spent_value_ge365_btc_daily,1309.35131161,BTC,daily,OBM v0.1.0
2019-12-09,obm_spent_value_ge365_btc_daily,3819.94015947,BTC,daily,OBM v0.1.0
2019-12-10,obm_spent_value_ge365_btc_daily,2297.00745076,BTC,daily,OBM v0.1.0
2019-12-11,obm_spent_value_ge365_btc_daily,5731.53520353,BTC,daily,OBM v0.1.0
2019-12-12,obm_spent_value_ge365_btc_daily,3695.13547779,BTC,daily,OBM v0.1.0
2019-12-13,obm_spent_value_ge365_btc_daily,3593.30336953,BTC,daily,OBM v0.1.0
2019-12-14,obm_spent_value_ge365_btc_daily,2255.03342287,BTC,daily,OBM v0.1.0
2019-12-15,obm_spent_value_ge365_btc_daily,3646.88907423,BTC,daily,OBM v0.1.0
2019-12-16,obm_spent_value_ge365_btc_daily,5167.13475954,BTC,daily,OBM v0.1.0
2019-12-17,obm_spent_value_ge365_btc_daily,5066.64640343,BTC,daily,OBM v0.1.0
2019-12-18,obm_spent_value_ge365_btc_daily,4617.65232218,BTC,daily,OBM v0.1.0
2019-12-19,obm_spent_value_ge365_btc_daily,2409.48837392,BTC,daily,OBM v0.1.0
2019-12-20,obm_spent_value_ge365_btc_daily,19508.40655219,BTC,daily,OBM v0.1.0
2019-12-21,obm_spent_value_ge365_btc_daily,1645.25826557,BTC,daily,OBM v0.1.0
2019-12-22,obm_spent_value_ge365_btc_daily,1822.83900846,BTC,daily,OBM v0.1.0
2019-12-23,obm_spent_value_ge365_btc_daily,5236.82243882,BTC,daily,OBM v0.1.0
2019-12-24,obm_spent_value_ge365_btc_daily,2712.82081843,BTC,daily,OBM v0.1.0
2019-12-25,obm_spent_value_ge365_btc_daily,3630.06843781,BTC,daily,OBM v0.1.0
2019-12-26,obm_spent_value_ge365_btc_daily,16413.64106835,BTC,daily,OBM v0.1.0
2019-12-27,obm_spent_value_ge365_btc_daily,1698.87813828,BTC,daily,OBM v0.1.0
2019-12-28,obm_spent_value_ge365_btc_daily,2924.59279098,BTC,daily,OBM v0.1.0
2019-12-29,obm_spent_value_ge365_btc_daily,2065.72144200,BTC,daily,OBM v0.1.0
2019-12-30,obm_spent_value_ge365_btc_daily,3858.32236587,BTC,daily,OBM v0.1.0
2019-12-31,obm_spent_value_ge365_btc_daily,2658.28633946,BTC,daily,OBM v0.1.0
2020-01-01,obm_spent_value_ge365_btc_daily,1565.30914570,BTC,daily,OBM v0.1.0
2020-01-02,obm_spent_value_ge365_btc_daily,11384.81086103,BTC,daily,OBM v0.1.0
2020-01-03,obm_spent_value_ge365_btc_daily,3013.95692559,BTC,daily,OBM v0.1.0
2020-01-04,obm_spent_value_ge365_btc_daily,3642.99292867,BTC,daily,OBM v0.1.0
2020-01-05,obm_spent_value_ge365_btc_daily,2665.24247137,BTC,daily,OBM v0.1.0
2020-01-06,obm_spent_value_ge365_btc_daily,2666.44993796,BTC,daily,OBM v0.1.0
2020-01-07,obm_spent_value_ge365_btc_daily,4295.57331262,BTC,daily,OBM v0.1.0
2020-01-08,obm_spent_value_ge365_btc_daily,4722.68765435,BTC,daily,OBM v0.1.0
2020-01-09,obm_spent_value_ge365_btc_daily,6273.16734601,BTC,daily,OBM v0.1.0
2020-01-10,obm_spent_value_ge365_btc_daily,4142.08667917,BTC,daily,OBM v0.1.0
2020-01-11,obm_spent_value_ge365_btc_daily,1497.01234490,BTC,daily,OBM v0.1.0
2020-01-12,obm_spent_value_ge365_btc_daily,2375.09502263,BTC,daily,OBM v0.1.0
2020-01-13,obm_spent_value_ge365_btc_daily,4362.92417328,BTC,daily,OBM v0.1.0
2020-01-14,obm_spent_value_ge365_btc_daily,2973.66207696,BTC,daily,OBM v0.1.0
2020-01-15,obm_spent_value_ge365_btc_daily,9920.77183609,BTC,daily,OBM v0.1.0
2020-01-16,obm_spent_value_ge365_btc_daily,12384.14793516,BTC,daily,OBM v0.1.0
2020-01-17,obm_spent_value_ge365_btc_daily,2458.66077066,BTC,daily,OBM v0.1.0
2020-01-18,obm_spent_value_ge365_btc_daily,2436.50002510,BTC,daily,OBM v0.1.0
2020-01-19,obm_spent_value_ge365_btc_daily,2632.69861712,BTC,daily,OBM v0.1.0
2020-01-20,obm_spent_value_ge365_btc_daily,1994.01303345,BTC,daily,OBM v0.1.0
2020-01-21,obm_spent_value_ge365_btc_daily,4888.09038881,BTC,daily,OBM v0.1.0
2020-01-22,obm_spent_value_ge365_btc_daily,4013.33536187,BTC,daily,OBM v0.1.0
2020-01-23,obm_spent_value_ge365_btc_daily,12104.63389942,BTC,daily,OBM v0.1.0
2020-01-24,obm_spent_value_ge365_btc_daily,7607.13947939,BTC,daily,OBM v0.1.0
2020-01-25,obm_spent_value_ge365_btc_daily,2296.03955705,BTC,daily,OBM v0.1.0
2020-01-26,obm_spent_value_ge365_btc_daily,3000.20915210,BTC,daily,OBM v0.1.0
2020-01-27,obm_spent_value_ge365_btc_daily,2830.46610159,BTC,daily,OBM v0.1.0
2020-01-28,obm_spent_value_ge365_btc_daily,3939.25570521,BTC,daily,OBM v0.1.0
2020-01-29,obm_spent_value_ge365_btc_daily,12280.82633988,BTC,daily,OBM v0.1.0
2020-01-30,obm_spent_value_ge365_btc_daily,4033.70189258,BTC,daily,OBM v0.1.0
2020-01-31,obm_spent_value_ge365_btc_daily,10483.31199206,BTC,daily,OBM v0.1.0
2020-02-01,obm_spent_value_ge365_btc_daily,2904.56088204,BTC,daily,OBM v0.1.0
2020-02-02,obm_spent_value_ge365_btc_daily,12156.01341755,BTC,daily,OBM v0.1.0
2020-02-03,obm_spent_value_ge365_btc_daily,82336.20304664,BTC,daily,OBM v0.1.0
2020-02-04,obm_spent_value_ge365_btc_daily,3641.93101360,BTC,daily,OBM v0.1.0
2020-02-05,obm_spent_value_ge365_btc_daily,4550.62280717,BTC,daily,OBM v0.1.0
2020-02-06,obm_spent_value_ge365_btc_daily,9407.41285805,BTC,daily,OBM v0.1.0
2020-02-07,obm_spent_value_ge365_btc_daily,89452.77863736,BTC,daily,OBM v0.1.0
2020-02-08,obm_spent_value_ge365_btc_daily,3831.35558573,BTC,daily,OBM v0.1.0
2020-02-09,obm_spent_value_ge365_btc_daily,6379.47546763,BTC,daily,OBM v0.1.0
2020-02-10,obm_spent_value_ge365_btc_daily,24852.87491945,BTC,daily,OBM v0.1.0
2020-02-11,obm_spent_value_ge365_btc_daily,5652.65112867,BTC,daily,OBM v0.1.0
2020-02-12,obm_spent_value_ge365_btc_daily,3555.62697298,BTC,daily,OBM v0.1.0
2020-02-13,obm_spent_value_ge365_btc_daily,8682.17532156,BTC,daily,OBM v0.1.0
2020-02-14,obm_spent_value_ge365_btc_daily,5082.49011291,BTC,daily,OBM v0.1.0
2020-02-15,obm_spent_value_ge365_btc_daily,3729.16535618,BTC,daily,OBM v0.1.0
2020-02-16,obm_spent_value_ge365_btc_daily,2043.74927243,BTC,daily,OBM v0.1.0
2020-02-17,obm_spent_value_ge365_btc_daily,2926.88867809,BTC,daily,OBM v0.1.0
2020-02-18,obm_spent_value_ge365_btc_daily,4350.53646568,BTC,daily,OBM v0.1.0
2020-02-19,obm_spent_value_ge365_btc_daily,15232.02745448,BTC,daily,OBM v0.1.0
2020-02-20,obm_spent_value_ge365_btc_daily,7868.99051075,BTC,daily,OBM v0.1.0
2020-02-21,obm_spent_value_ge365_btc_daily,5260.11178148,BTC,daily,OBM v0.1.0
2020-02-22,obm_spent_value_ge365_btc_daily,1763.41707615,BTC,daily,OBM v0.1.0
2020-02-23,obm_spent_value_ge365_btc_daily,2651.88339794,BTC,daily,OBM v0.1.0
2020-02-24,obm_spent_value_ge365_btc_daily,2181.31155327,BTC,daily,OBM v0.1.0
2020-02-25,obm_spent_value_ge365_btc_daily,3627.49067674,BTC,daily,OBM v0.1.0
2020-02-26,obm_spent_value_ge365_btc_daily,4356.94301929,BTC,daily,OBM v0.1.0
2020-02-27,obm_spent_value_ge365_btc_daily,2606.50389648,BTC,daily,OBM v0.1.0
2020-02-28,obm_spent_value_ge365_btc_daily,4213.47254980,BTC,daily,OBM v0.1.0
2020-02-29,obm_spent_value_ge365_btc_daily,1310.41343573,BTC,daily,OBM v0.1.0
2020-03-01,obm_spent_value_ge365_btc_daily,4765.45764010,BTC,daily,OBM v0.1.0
2020-03-02,obm_spent_value_ge365_btc_daily,13161.80010698,BTC,daily,OBM v0.1.0
2020-03-03,obm_spent_value_ge365_btc_daily,17298.35473883,BTC,daily,OBM v0.1.0
2020-03-04,obm_spent_value_ge365_btc_daily,2698.45414231,BTC,daily,OBM v0.1.0
2020-03-05,obm_spent_value_ge365_btc_daily,5536.75972189,BTC,daily,OBM v0.1.0
2020-03-06,obm_spent_value_ge365_btc_daily,5419.33622742,BTC,daily,OBM v0.1.0
2020-03-07,obm_spent_value_ge365_btc_daily,2048.54346414,BTC,daily,OBM v0.1.0
2020-03-08,obm_spent_value_ge365_btc_daily,3250.69383247,BTC,daily,OBM v0.1.0
2020-03-09,obm_spent_value_ge365_btc_daily,13464.64360182,BTC,daily,OBM v0.1.0
2020-03-10,obm_spent_value_ge365_btc_daily,8921.62658962,BTC,daily,OBM v0.1.0
2020-03-11,obm_spent_value_ge365_btc_daily,5167.09168456,BTC,daily,OBM v0.1.0
2020-03-12,obm_spent_value_ge365_btc_daily,21289.11199430,BTC,daily,OBM v0.1.0
2020-03-13,obm_spent_value_ge365_btc_daily,23714.79314375,BTC,daily,OBM v0.1.0
2020-03-14,obm_spent_value_ge365_btc_daily,10463.47154657,BTC,daily,OBM v0.1.0
2020-03-15,obm_spent_value_ge365_btc_daily,4382.37506517,BTC,daily,OBM v0.1.0
2020-03-16,obm_spent_value_ge365_btc_daily,13838.01198533,BTC,daily,OBM v0.1.0
2020-03-17,obm_spent_value_ge365_btc_daily,13014.38726055,BTC,daily,OBM v0.1.0
2020-03-18,obm_spent_value_ge365_btc_daily,2591.14417226,BTC,daily,OBM v0.1.0
2020-03-19,obm_spent_value_ge365_btc_daily,5634.40086491,BTC,daily,OBM v0.1.0
2020-03-20,obm_spent_value_ge365_btc_daily,3380.02879494,BTC,daily,OBM v0.1.0
2020-03-21,obm_spent_value_ge365_btc_daily,2629.33246500,BTC,daily,OBM v0.1.0
2020-03-22,obm_spent_value_ge365_btc_daily,4549.42574163,BTC,daily,OBM v0.1.0
2020-03-23,obm_spent_value_ge365_btc_daily,5905.94044355,BTC,daily,OBM v0.1.0
2020-03-24,obm_spent_value_ge365_btc_daily,2309.59338171,BTC,daily,OBM v0.1.0
2020-03-25,obm_spent_value_ge365_btc_daily,10585.10747301,BTC,daily,OBM v0.1.0
2020-03-26,obm_spent_value_ge365_btc_daily,11978.30554808,BTC,daily,OBM v0.1.0
2020-03-27,obm_spent_value_ge365_btc_daily,5291.43565938,BTC,daily,OBM v0.1.0
2020-03-28,obm_spent_value_ge365_btc_daily,1762.39032959,BTC,daily,OBM v0.1.0
2020-03-29,obm_spent_value_ge365_btc_daily,2775.08714636,BTC,daily,OBM v0.1.0
2020-03-30,obm_spent_value_ge365_btc_daily,2134.82681949,BTC,daily,OBM v0.1.0
2020-03-31,obm_spent_value_ge365_btc_daily,2230.84627048,BTC,daily,OBM v0.1.0
2020-04-01,obm_spent_value_ge365_btc_daily,2345.93228222,BTC,daily,OBM v0.1.0
2020-04-02,obm_spent_value_ge365_btc_daily,2598.78951673,BTC,daily,OBM v0.1.0
2020-04-03,obm_spent_value_ge365_btc_daily,1414.57674294,BTC,daily,OBM v0.1.0
2020-04-04,obm_spent_value_ge365_btc_daily,1439.81015253,BTC,daily,OBM v0.1.0
2020-04-05,obm_spent_value_ge365_btc_daily,1054.82982091,BTC,daily,OBM v0.1.0
2020-04-06,obm_spent_value_ge365_btc_daily,2411.09964479,BTC,daily,OBM v0.1.0
2020-04-07,obm_spent_value_ge365_btc_daily,5216.82935544,BTC,daily,OBM v0.1.0
2020-04-08,obm_spent_value_ge365_btc_daily,2890.29812033,BTC,daily,OBM v0.1.0
2020-04-09,obm_spent_value_ge365_btc_daily,4924.33189137,BTC,daily,OBM v0.1.0
2020-04-10,obm_spent_value_ge365_btc_daily,4548.91020933,BTC,daily,OBM v0.1.0
2020-04-11,obm_spent_value_ge365_btc_daily,1430.05391421,BTC,daily,OBM v0.1.0
2020-04-12,obm_spent_value_ge365_btc_daily,1652.94163006,BTC,daily,OBM v0.1.0
2020-04-13,obm_spent_value_ge365_btc_daily,1758.56641192,BTC,daily,OBM v0.1.0
2020-04-14,obm_spent_value_ge365_btc_daily,2252.62732979,BTC,daily,OBM v0.1.0
2020-04-15,obm_spent_value_ge365_btc_daily,4371.68598926,BTC,daily,OBM v0.1.0
2020-04-16,obm_spent_value_ge365_btc_daily,4096.95715594,BTC,daily,OBM v0.1.0
2020-04-17,obm_spent_value_ge365_btc_daily,4243.65669047,BTC,daily,OBM v0.1.0
2020-04-18,obm_spent_value_ge365_btc_daily,2496.14889034,BTC,daily,OBM v0.1.0
2020-04-19,obm_spent_value_ge365_btc_daily,4262.75238888,BTC,daily,OBM v0.1.0
2020-04-20,obm_spent_value_ge365_btc_daily,4213.26773592,BTC,daily,OBM v0.1.0
2020-04-21,obm_spent_value_ge365_btc_daily,2725.15972993,BTC,daily,OBM v0.1.0
2020-04-22,obm_spent_value_ge365_btc_daily,4805.70096478,BTC,daily,OBM v0.1.0
2020-04-23,obm_spent_value_ge365_btc_daily,6468.66567361,BTC,daily,OBM v0.1.0
2020-04-24,obm_spent_value_ge365_btc_daily,2155.01463164,BTC,daily,OBM v0.1.0
2020-04-25,obm_spent_value_ge365_btc_daily,2585.46059062,BTC,daily,OBM v0.1.0
2020-04-26,obm_spent_value_ge365_btc_daily,3017.49649327,BTC,daily,OBM v0.1.0
2020-04-27,obm_spent_value_ge365_btc_daily,3652.10205429,BTC,daily,OBM v0.1.0
2020-04-28,obm_spent_value_ge365_btc_daily,3221.45538032,BTC,daily,OBM v0.1.0
2020-04-29,obm_spent_value_ge365_btc_daily,13020.20775405,BTC,daily,OBM v0.1.0
2020-04-30,obm_spent_value_ge365_btc_daily,7677.60976867,BTC,daily,OBM v0.1.0
2020-05-01,obm_spent_value_ge365_btc_daily,3258.84238249,BTC,daily,OBM v0.1.0
2020-05-02,obm_spent_value_ge365_btc_daily,1740.60008592,BTC,daily,OBM v0.1.0
2020-05-03,obm_spent_value_ge365_btc_daily,4766.93563443,BTC,daily,OBM v0.1.0
2020-05-04,obm_spent_value_ge365_btc_daily,2195.05046265,BTC,daily,OBM v0.1.0
2020-05-05,obm_spent_value_ge365_btc_daily,2805.56729698,BTC,daily,OBM v0.1.0
2020-05-06,obm_spent_value_ge365_btc_daily,18481.69181073,BTC,daily,OBM v0.1.0
2020-05-07,obm_spent_value_ge365_btc_daily,37870.67622338,BTC,daily,OBM v0.1.0
2020-05-08,obm_spent_value_ge365_btc_daily,11038.45838482,BTC,daily,OBM v0.1.0
2020-05-09,obm_spent_value_ge365_btc_daily,8593.01631032,BTC,daily,OBM v0.1.0
2020-05-10,obm_spent_value_ge365_btc_daily,5517.12504131,BTC,daily,OBM v0.1.0
2020-05-11,obm_spent_value_ge365_btc_daily,17752.89235699,BTC,daily,OBM v0.1.0
2020-05-12,obm_spent_value_ge365_btc_daily,2794.85956659,BTC,daily,OBM v0.1.0
2020-05-13,obm_spent_value_ge365_btc_daily,2221.57264739,BTC,daily,OBM v0.1.0
2020-05-14,obm_spent_value_ge365_btc_daily,4752.23058664,BTC,daily,OBM v0.1.0
2020-05-15,obm_spent_value_ge365_btc_daily,3556.62117226,BTC,daily,OBM v0.1.0
2020-05-16,obm_spent_value_ge365_btc_daily,2964.79841575,BTC,daily,OBM v0.1.0
2020-05-17,obm_spent_value_ge365_btc_daily,2185.18743716,BTC,daily,OBM v0.1.0
2020-05-18,obm_spent_value_ge365_btc_daily,3919.90439203,BTC,daily,OBM v0.1.0
2020-05-19,obm_spent_value_ge365_btc_daily,2552.39801116,BTC,daily,OBM v0.1.0
2020-05-20,obm_spent_value_ge365_btc_daily,2479.17917886,BTC,daily,OBM v0.1.0
2020-05-21,obm_spent_value_ge365_btc_daily,6721.66726535,BTC,daily,OBM v0.1.0
2020-05-22,obm_spent_value_ge365_btc_daily,3340.81201068,BTC,daily,OBM v0.1.0
2020-05-23,obm_spent_value_ge365_btc_daily,1899.30321558,BTC,daily,OBM v0.1.0
2020-05-24,obm_spent_value_ge365_btc_daily,1833.25716297,BTC,daily,OBM v0.1.0
2020-05-25,obm_spent_value_ge365_btc_daily,1891.54219510,BTC,daily,OBM v0.1.0
2020-05-26,obm_spent_value_ge365_btc_daily,3338.02746885,BTC,daily,OBM v0.1.0
2020-05-27,obm_spent_value_ge365_btc_daily,2535.35423986,BTC,daily,OBM v0.1.0
2020-05-28,obm_spent_value_ge365_btc_daily,5290.86757830,BTC,daily,OBM v0.1.0
2020-05-29,obm_spent_value_ge365_btc_daily,1758.26199165,BTC,daily,OBM v0.1.0
2020-05-30,obm_spent_value_ge365_btc_daily,2332.68322319,BTC,daily,OBM v0.1.0
2020-05-31,obm_spent_value_ge365_btc_daily,6734.30140843,BTC,daily,OBM v0.1.0
2020-06-01,obm_spent_value_ge365_btc_daily,6993.54115112,BTC,daily,OBM v0.1.0
2020-06-02,obm_spent_value_ge365_btc_daily,6633.49284201,BTC,daily,OBM v0.1.0
2020-06-03,obm_spent_value_ge365_btc_daily,5711.08448408,BTC,daily,OBM v0.1.0
2020-06-04,obm_spent_value_ge365_btc_daily,3576.95384215,BTC,daily,OBM v0.1.0
2020-06-05,obm_spent_value_ge365_btc_daily,3258.38121399,BTC,daily,OBM v0.1.0
2020-06-06,obm_spent_value_ge365_btc_daily,5254.27961913,BTC,daily,OBM v0.1.0
2020-06-07,obm_spent_value_ge365_btc_daily,2794.01947463,BTC,daily,OBM v0.1.0
2020-06-08,obm_spent_value_ge365_btc_daily,22514.32502361,BTC,daily,OBM v0.1.0
2020-06-09,obm_spent_value_ge365_btc_daily,4143.87868771,BTC,daily,OBM v0.1.0
2020-06-10,obm_spent_value_ge365_btc_daily,5260.65055750,BTC,daily,OBM v0.1.0
2020-06-11,obm_spent_value_ge365_btc_daily,3384.06944102,BTC,daily,OBM v0.1.0
2020-06-12,obm_spent_value_ge365_btc_daily,1753.12792497,BTC,daily,OBM v0.1.0
2020-06-13,obm_spent_value_ge365_btc_daily,1156.61643931,BTC,daily,OBM v0.1.0
2020-06-14,obm_spent_value_ge365_btc_daily,5750.99515604,BTC,daily,OBM v0.1.0
2020-06-15,obm_spent_value_ge365_btc_daily,3432.70572902,BTC,daily,OBM v0.1.0
2020-06-16,obm_spent_value_ge365_btc_daily,4843.17642638,BTC,daily,OBM v0.1.0
2020-06-17,obm_spent_value_ge365_btc_daily,2547.36944218,BTC,daily,OBM v0.1.0
2020-06-18,obm_spent_value_ge365_btc_daily,3408.31787520,BTC,daily,OBM v0.1.0
2020-06-19,obm_spent_value_ge365_btc_daily,2850.73847030,BTC,daily,OBM v0.1.0
2020-06-20,obm_spent_value_ge365_btc_daily,4227.35808456,BTC,daily,OBM v0.1.0
2020-06-21,obm_spent_value_ge365_btc_daily,3880.08587439,BTC,daily,OBM v0.1.0
2020-06-22,obm_spent_value_ge365_btc_daily,4463.93293484,BTC,daily,OBM v0.1.0
2020-06-23,obm_spent_value_ge365_btc_daily,9827.90455250,BTC,daily,OBM v0.1.0
2020-06-24,obm_spent_value_ge365_btc_daily,2746.03929018,BTC,daily,OBM v0.1.0
2020-06-25,obm_spent_value_ge365_btc_daily,2087.69837120,BTC,daily,OBM v0.1.0
2020-06-26,obm_spent_value_ge365_btc_daily,4786.14760360,BTC,daily,OBM v0.1.0
2020-06-27,obm_spent_value_ge365_btc_daily,3229.38086214,BTC,daily,OBM v0.1.0
2020-06-28,obm_spent_value_ge365_btc_daily,4702.93899144,BTC,daily,OBM v0.1.0
2020-06-29,obm_spent_value_ge365_btc_daily,6627.74911243,BTC,daily,OBM v0.1.0
2020-06-30,obm_spent_value_ge365_btc_daily,2536.36515816,BTC,daily,OBM v0.1.0
2020-07-01,obm_spent_value_ge365_btc_daily,4700.27814403,BTC,daily,OBM v0.1.0
2020-07-02,obm_spent_value_ge365_btc_daily,2633.05492484,BTC,daily,OBM v0.1.0
2020-07-03,obm_spent_value_ge365_btc_daily,2835.68141896,BTC,daily,OBM v0.1.0
2020-07-04,obm_spent_value_ge365_btc_daily,1536.12313401,BTC,daily,OBM v0.1.0
2020-07-05,obm_spent_value_ge365_btc_daily,1266.31995316,BTC,daily,OBM v0.1.0
2020-07-06,obm_spent_value_ge365_btc_daily,3173.74069605,BTC,daily,OBM v0.1.0
2020-07-07,obm_spent_value_ge365_btc_daily,8269.63721543,BTC,daily,OBM v0.1.0
2020-07-08,obm_spent_value_ge365_btc_daily,23139.20374802,BTC,daily,OBM v0.1.0
2020-07-09,obm_spent_value_ge365_btc_daily,3634.37831347,BTC,daily,OBM v0.1.0
2020-07-10,obm_spent_value_ge365_btc_daily,2384.27963750,BTC,daily,OBM v0.1.0
2020-07-11,obm_spent_value_ge365_btc_daily,1841.99516831,BTC,daily,OBM v0.1.0
2020-07-12,obm_spent_value_ge365_btc_daily,2383.84460834,BTC,daily,OBM v0.1.0
2020-07-13,obm_spent_value_ge365_btc_daily,2294.49444370,BTC,daily,OBM v0.1.0
2020-07-14,obm_spent_value_ge365_btc_daily,15708.04244397,BTC,daily,OBM v0.1.0
2020-07-15,obm_spent_value_ge365_btc_daily,9979.64965427,BTC,daily,OBM v0.1.0
2020-07-16,obm_spent_value_ge365_btc_daily,2614.09753950,BTC,daily,OBM v0.1.0
2020-07-17,obm_spent_value_ge365_btc_daily,4344.78449540,BTC,daily,OBM v0.1.0
2020-07-18,obm_spent_value_ge365_btc_daily,2850.76209519,BTC,daily,OBM v0.1.0
2020-07-19,obm_spent_value_ge365_btc_daily,4616.47280733,BTC,daily,OBM v0.1.0
2020-07-20,obm_spent_value_ge365_btc_daily,2280.22235854,BTC,daily,OBM v0.1.0
2020-07-21,obm_spent_value_ge365_btc_daily,11215.71732108,BTC,daily,OBM v0.1.0
2020-07-22,obm_spent_value_ge365_btc_daily,10554.06718827,BTC,daily,OBM v0.1.0
2020-07-23,obm_spent_value_ge365_btc_daily,6869.51471566,BTC,daily,OBM v0.1.0
2020-07-24,obm_spent_value_ge365_btc_daily,4819.04756235,BTC,daily,OBM v0.1.0
2020-07-25,obm_spent_value_ge365_btc_daily,4470.24879583,BTC,daily,OBM v0.1.0
2020-07-26,obm_spent_value_ge365_btc_daily,4778.80893860,BTC,daily,OBM v0.1.0
2020-07-27,obm_spent_value_ge365_btc_daily,9429.47687926,BTC,daily,OBM v0.1.0
2020-07-28,obm_spent_value_ge365_btc_daily,19905.83936332,BTC,daily,OBM v0.1.0
2020-07-29,obm_spent_value_ge365_btc_daily,5394.71384604,BTC,daily,OBM v0.1.0
2020-07-30,obm_spent_value_ge365_btc_daily,13850.69212370,BTC,daily,OBM v0.1.0
2020-07-31,obm_spent_value_ge365_btc_daily,9563.65524177,BTC,daily,OBM v0.1.0
2020-08-01,obm_spent_value_ge365_btc_daily,5979.09712366,BTC,daily,OBM v0.1.0
2020-08-02,obm_spent_value_ge365_btc_daily,8857.37480856,BTC,daily,OBM v0.1.0
2020-08-03,obm_spent_value_ge365_btc_daily,8323.41424907,BTC,daily,OBM v0.1.0
2020-08-04,obm_spent_value_ge365_btc_daily,7832.76104633,BTC,daily,OBM v0.1.0
2020-08-05,obm_spent_value_ge365_btc_daily,2829.04249064,BTC,daily,OBM v0.1.0
2020-08-06,obm_spent_value_ge365_btc_daily,9036.34461421,BTC,daily,OBM v0.1.0
2020-08-07,obm_spent_value_ge365_btc_daily,5953.44567118,BTC,daily,OBM v0.1.0
2020-08-08,obm_spent_value_ge365_btc_daily,3789.51772474,BTC,daily,OBM v0.1.0
2020-08-09,obm_spent_value_ge365_btc_daily,2923.83542573,BTC,daily,OBM v0.1.0
2020-08-10,obm_spent_value_ge365_btc_daily,4955.34531551,BTC,daily,OBM v0.1.0
2020-08-11,obm_spent_value_ge365_btc_daily,3557.46720512,BTC,daily,OBM v0.1.0
2020-08-12,obm_spent_value_ge365_btc_daily,17082.66538769,BTC,daily,OBM v0.1.0
2020-08-13,obm_spent_value_ge365_btc_daily,3888.76017759,BTC,daily,OBM v0.1.0
2020-08-14,obm_spent_value_ge365_btc_daily,4941.28148447,BTC,daily,OBM v0.1.0
2020-08-15,obm_spent_value_ge365_btc_daily,3478.70323855,BTC,daily,OBM v0.1.0
2020-08-16,obm_spent_value_ge365_btc_daily,4988.20348491,BTC,daily,OBM v0.1.0
2020-08-17,obm_spent_value_ge365_btc_daily,24044.45991929,BTC,daily,OBM v0.1.0
2020-08-18,obm_spent_value_ge365_btc_daily,4183.70289862,BTC,daily,OBM v0.1.0
2020-08-19,obm_spent_value_ge365_btc_daily,5464.42668014,BTC,daily,OBM v0.1.0
2020-08-20,obm_spent_value_ge365_btc_daily,11177.06871573,BTC,daily,OBM v0.1.0
2020-08-21,obm_spent_value_ge365_btc_daily,15397.47448907,BTC,daily,OBM v0.1.0
2020-08-22,obm_spent_value_ge365_btc_daily,3265.37011957,BTC,daily,OBM v0.1.0
2020-08-23,obm_spent_value_ge365_btc_daily,3978.69651894,BTC,daily,OBM v0.1.0
2020-08-24,obm_spent_value_ge365_btc_daily,3488.85200806,BTC,daily,OBM v0.1.0
2020-08-25,obm_spent_value_ge365_btc_daily,6856.02799397,BTC,daily,OBM v0.1.0
2020-08-26,obm_spent_value_ge365_btc_daily,18375.91153967,BTC,daily,OBM v0.1.0
2020-08-27,obm_spent_value_ge365_btc_daily,3056.23664258,BTC,daily,OBM v0.1.0
2020-08-28,obm_spent_value_ge365_btc_daily,21470.33316657,BTC,daily,OBM v0.1.0
2020-08-29,obm_spent_value_ge365_btc_daily,3869.11325519,BTC,daily,OBM v0.1.0
2020-08-30,obm_spent_value_ge365_btc_daily,3742.11690016,BTC,daily,OBM v0.1.0
2020-08-31,obm_spent_value_ge365_btc_daily,9104.80566782,BTC,daily,OBM v0.1.0
2020-09-01,obm_spent_value_ge365_btc_daily,10067.30337643,BTC,daily,OBM v0.1.0
2020-09-02,obm_spent_value_ge365_btc_daily,9943.43030920,BTC,daily,OBM v0.1.0
2020-09-03,obm_spent_value_ge365_btc_daily,5158.91527257,BTC,daily,OBM v0.1.0
2020-09-04,obm_spent_value_ge365_btc_daily,10133.20829064,BTC,daily,OBM v0.1.0
2020-09-05,obm_spent_value_ge365_btc_daily,6932.78989734,BTC,daily,OBM v0.1.0
2020-09-06,obm_spent_value_ge365_btc_daily,5418.74584119,BTC,daily,OBM v0.1.0
2020-09-07,obm_spent_value_ge365_btc_daily,5157.93121510,BTC,daily,OBM v0.1.0
2020-09-08,obm_spent_value_ge365_btc_daily,4661.05146702,BTC,daily,OBM v0.1.0
2020-09-09,obm_spent_value_ge365_btc_daily,5393.62268791,BTC,daily,OBM v0.1.0
2020-09-10,obm_spent_value_ge365_btc_daily,7071.65354588,BTC,daily,OBM v0.1.0
2020-09-11,obm_spent_value_ge365_btc_daily,5453.87307690,BTC,daily,OBM v0.1.0
2020-09-12,obm_spent_value_ge365_btc_daily,5987.17515293,BTC,daily,OBM v0.1.0
2020-09-13,obm_spent_value_ge365_btc_daily,4337.59078817,BTC,daily,OBM v0.1.0
2020-09-14,obm_spent_value_ge365_btc_daily,4443.59037483,BTC,daily,OBM v0.1.0
2020-09-15,obm_spent_value_ge365_btc_daily,2816.82195837,BTC,daily,OBM v0.1.0
2020-09-16,obm_spent_value_ge365_btc_daily,12549.23587152,BTC,daily,OBM v0.1.0
2020-09-17,obm_spent_value_ge365_btc_daily,8981.68999530,BTC,daily,OBM v0.1.0
2020-09-18,obm_spent_value_ge365_btc_daily,8973.74086930,BTC,daily,OBM v0.1.0
2020-09-19,obm_spent_value_ge365_btc_daily,9180.91161403,BTC,daily,OBM v0.1.0
2020-09-20,obm_spent_value_ge365_btc_daily,7124.83709423,BTC,daily,OBM v0.1.0
2020-09-21,obm_spent_value_ge365_btc_daily,3943.77134636,BTC,daily,OBM v0.1.0
2020-09-22,obm_spent_value_ge365_btc_daily,2504.35529127,BTC,daily,OBM v0.1.0
2020-09-23,obm_spent_value_ge365_btc_daily,3218.39713636,BTC,daily,OBM v0.1.0
2020-09-24,obm_spent_value_ge365_btc_daily,8782.44121545,BTC,daily,OBM v0.1.0
2020-09-25,obm_spent_value_ge365_btc_daily,9984.13736170,BTC,daily,OBM v0.1.0
2020-09-26,obm_spent_value_ge365_btc_daily,5514.89054801,BTC,daily,OBM v0.1.0
2020-09-27,obm_spent_value_ge365_btc_daily,3851.30236359,BTC,daily,OBM v0.1.0
2020-09-28,obm_spent_value_ge365_btc_daily,4973.42524926,BTC,daily,OBM v0.1.0
2020-09-29,obm_spent_value_ge365_btc_daily,17414.78245764,BTC,daily,OBM v0.1.0
2020-09-30,obm_spent_value_ge365_btc_daily,15456.08067084,BTC,daily,OBM v0.1.0
2020-10-01,obm_spent_value_ge365_btc_daily,3853.79414948,BTC,daily,OBM v0.1.0
2020-10-02,obm_spent_value_ge365_btc_daily,4221.38721857,BTC,daily,OBM v0.1.0
2020-10-03,obm_spent_value_ge365_btc_daily,1839.61606803,BTC,daily,OBM v0.1.0
2020-10-04,obm_spent_value_ge365_btc_daily,2346.58327121,BTC,daily,OBM v0.1.0
2020-10-05,obm_spent_value_ge365_btc_daily,2769.64377249,BTC,daily,OBM v0.1.0
2020-10-06,obm_spent_value_ge365_btc_daily,5096.53947444,BTC,daily,OBM v0.1.0
2020-10-07,obm_spent_value_ge365_btc_daily,8961.70981458,BTC,daily,OBM v0.1.0
2020-10-08,obm_spent_value_ge365_btc_daily,6539.18893235,BTC,daily,OBM v0.1.0
2020-10-09,obm_spent_value_ge365_btc_daily,8939.25865877,BTC,daily,OBM v0.1.0
2020-10-10,obm_spent_value_ge365_btc_daily,2386.95086947,BTC,daily,OBM v0.1.0
2020-10-11,obm_spent_value_ge365_btc_daily,3039.69566228,BTC,daily,OBM v0.1.0
2020-10-12,obm_spent_value_ge365_btc_daily,8334.84715342,BTC,daily,OBM v0.1.0
2020-10-13,obm_spent_value_ge365_btc_daily,2725.28892041,BTC,daily,OBM v0.1.0
2020-10-14,obm_spent_value_ge365_btc_daily,10046.86063241,BTC,daily,OBM v0.1.0
2020-10-15,obm_spent_value_ge365_btc_daily,7296.43520536,BTC,daily,OBM v0.1.0
2020-10-16,obm_spent_value_ge365_btc_daily,2846.15260654,BTC,daily,OBM v0.1.0
2020-10-17,obm_spent_value_ge365_btc_daily,1900.63467889,BTC,daily,OBM v0.1.0
2020-10-18,obm_spent_value_ge365_btc_daily,2092.77262875,BTC,daily,OBM v0.1.0
2020-10-19,obm_spent_value_ge365_btc_daily,50210.95568058,BTC,daily,OBM v0.1.0
2020-10-20,obm_spent_value_ge365_btc_daily,7284.92308526,BTC,daily,OBM v0.1.0
2020-10-21,obm_spent_value_ge365_btc_daily,6670.16691903,BTC,daily,OBM v0.1.0
2020-10-22,obm_spent_value_ge365_btc_daily,18758.39793975,BTC,daily,OBM v0.1.0
2020-10-23,obm_spent_value_ge365_btc_daily,93137.71217627,BTC,daily,OBM v0.1.0
2020-10-24,obm_spent_value_ge365_btc_daily,6021.33696851,BTC,daily,OBM v0.1.0
2020-10-25,obm_spent_value_ge365_btc_daily,6850.00488317,BTC,daily,OBM v0.1.0
2020-10-26,obm_spent_value_ge365_btc_daily,4987.09948425,BTC,daily,OBM v0.1.0
2020-10-27,obm_spent_value_ge365_btc_daily,9988.91328209,BTC,daily,OBM v0.1.0
2020-10-28,obm_spent_value_ge365_btc_daily,7977.63148652,BTC,daily,OBM v0.1.0
2020-10-29,obm_spent_value_ge365_btc_daily,15835.42302261,BTC,daily,OBM v0.1.0
2020-10-30,obm_spent_value_ge365_btc_daily,4856.35702365,BTC,daily,OBM v0.1.0
2020-10-31,obm_spent_value_ge365_btc_daily,6147.74234265,BTC,daily,OBM v0.1.0
2020-11-01,obm_spent_value_ge365_btc_daily,6182.33628712,BTC,daily,OBM v0.1.0
2020-11-02,obm_spent_value_ge365_btc_daily,31053.66252808,BTC,daily,OBM v0.1.0
2020-11-03,obm_spent_value_ge365_btc_daily,75182.49753124,BTC,daily,OBM v0.1.0
2020-11-04,obm_spent_value_ge365_btc_daily,10876.90917350,BTC,daily,OBM v0.1.0
2020-11-05,obm_spent_value_ge365_btc_daily,23502.14564984,BTC,daily,OBM v0.1.0
2020-11-06,obm_spent_value_ge365_btc_daily,15571.06212661,BTC,daily,OBM v0.1.0
2020-11-07,obm_spent_value_ge365_btc_daily,9452.66851272,BTC,daily,OBM v0.1.0
2020-11-08,obm_spent_value_ge365_btc_daily,9884.90887670,BTC,daily,OBM v0.1.0
2020-11-09,obm_spent_value_ge365_btc_daily,10012.97646883,BTC,daily,OBM v0.1.0
2020-11-10,obm_spent_value_ge365_btc_daily,6257.80888179,BTC,daily,OBM v0.1.0
2020-11-11,obm_spent_value_ge365_btc_daily,11220.58240831,BTC,daily,OBM v0.1.0
2020-11-12,obm_spent_value_ge365_btc_daily,14305.29462416,BTC,daily,OBM v0.1.0
2020-11-13,obm_spent_value_ge365_btc_daily,13377.25675352,BTC,daily,OBM v0.1.0
2020-11-14,obm_spent_value_ge365_btc_daily,8177.20715038,BTC,daily,OBM v0.1.0
2020-11-15,obm_spent_value_ge365_btc_daily,4849.56125516,BTC,daily,OBM v0.1.0
2020-11-16,obm_spent_value_ge365_btc_daily,9022.40991780,BTC,daily,OBM v0.1.0
2020-11-17,obm_spent_value_ge365_btc_daily,17809.03782050,BTC,daily,OBM v0.1.0
2020-11-18,obm_spent_value_ge365_btc_daily,19792.77345093,BTC,daily,OBM v0.1.0
2020-11-19,obm_spent_value_ge365_btc_daily,10594.05366416,BTC,daily,OBM v0.1.0
2020-11-20,obm_spent_value_ge365_btc_daily,12028.51402205,BTC,daily,OBM v0.1.0
2020-11-21,obm_spent_value_ge365_btc_daily,11091.49288479,BTC,daily,OBM v0.1.0
2020-11-22,obm_spent_value_ge365_btc_daily,7411.94895294,BTC,daily,OBM v0.1.0
2020-11-23,obm_spent_value_ge365_btc_daily,7984.90522774,BTC,daily,OBM v0.1.0
2020-11-24,obm_spent_value_ge365_btc_daily,27436.25825227,BTC,daily,OBM v0.1.0
2020-11-25,obm_spent_value_ge365_btc_daily,9644.82047720,BTC,daily,OBM v0.1.0
2020-11-26,obm_spent_value_ge365_btc_daily,44970.49135106,BTC,daily,OBM v0.1.0
2020-11-27,obm_spent_value_ge365_btc_daily,19488.95666082,BTC,daily,OBM v0.1.0
2020-11-28,obm_spent_value_ge365_btc_daily,4471.21435691,BTC,daily,OBM v0.1.0
2020-11-29,obm_spent_value_ge365_btc_daily,8019.11662632,BTC,daily,OBM v0.1.0
2020-11-30,obm_spent_value_ge365_btc_daily,16632.56208746,BTC,daily,OBM v0.1.0
2020-12-01,obm_spent_value_ge365_btc_daily,14296.81825856,BTC,daily,OBM v0.1.0
2020-12-02,obm_spent_value_ge365_btc_daily,9858.51170664,BTC,daily,OBM v0.1.0
2020-12-03,obm_spent_value_ge365_btc_daily,23916.94485820,BTC,daily,OBM v0.1.0
2020-12-04,obm_spent_value_ge365_btc_daily,16782.26353186,BTC,daily,OBM v0.1.0
2020-12-05,obm_spent_value_ge365_btc_daily,5552.08135932,BTC,daily,OBM v0.1.0
2020-12-06,obm_spent_value_ge365_btc_daily,5417.42153364,BTC,daily,OBM v0.1.0
2020-12-07,obm_spent_value_ge365_btc_daily,18290.34019757,BTC,daily,OBM v0.1.0
2020-12-08,obm_spent_value_ge365_btc_daily,15289.22769289,BTC,daily,OBM v0.1.0
2020-12-09,obm_spent_value_ge365_btc_daily,10118.10612252,BTC,daily,OBM v0.1.0
2020-12-10,obm_spent_value_ge365_btc_daily,11732.76699332,BTC,daily,OBM v0.1.0
2020-12-11,obm_spent_value_ge365_btc_daily,30323.10513939,BTC,daily,OBM v0.1.0
2020-12-12,obm_spent_value_ge365_btc_daily,24432.58142017,BTC,daily,OBM v0.1.0
2020-12-13,obm_spent_value_ge365_btc_daily,21488.00165585,BTC,daily,OBM v0.1.0
2020-12-14,obm_spent_value_ge365_btc_daily,14933.82158013,BTC,daily,OBM v0.1.0
2020-12-15,obm_spent_value_ge365_btc_daily,16596.19575647,BTC,daily,OBM v0.1.0
2020-12-16,obm_spent_value_ge365_btc_daily,24136.46098259,BTC,daily,OBM v0.1.0
2020-12-17,obm_spent_value_ge365_btc_daily,15318.98013610,BTC,daily,OBM v0.1.0
2020-12-18,obm_spent_value_ge365_btc_daily,22847.98120870,BTC,daily,OBM v0.1.0
2020-12-19,obm_spent_value_ge365_btc_daily,15034.85869442,BTC,daily,OBM v0.1.0
2020-12-20,obm_spent_value_ge365_btc_daily,36464.54625356,BTC,daily,OBM v0.1.0
2020-12-21,obm_spent_value_ge365_btc_daily,20359.65464157,BTC,daily,OBM v0.1.0
2020-12-22,obm_spent_value_ge365_btc_daily,44269.45613889,BTC,daily,OBM v0.1.0
2020-12-23,obm_spent_value_ge365_btc_daily,18364.73247832,BTC,daily,OBM v0.1.0
2020-12-24,obm_spent_value_ge365_btc_daily,6937.85027688,BTC,daily,OBM v0.1.0
2020-12-25,obm_spent_value_ge365_btc_daily,5543.99087475,BTC,daily,OBM v0.1.0
2020-12-26,obm_spent_value_ge365_btc_daily,9528.79252544,BTC,daily,OBM v0.1.0
2020-12-27,obm_spent_value_ge365_btc_daily,15806.93076215,BTC,daily,OBM v0.1.0
2020-12-28,obm_spent_value_ge365_btc_daily,50394.07302377,BTC,daily,OBM v0.1.0
2020-12-29,obm_spent_value_ge365_btc_daily,14262.99619983,BTC,daily,OBM v0.1.0
2020-12-30,obm_spent_value_ge365_btc_daily,11664.37908529,BTC,daily,OBM v0.1.0
2020-12-31,obm_spent_value_ge365_btc_daily,15341.69995057,BTC,daily,OBM v0.1.0
2021-01-01,obm_spent_value_ge365_btc_daily,19563.82968771,BTC,daily,OBM v0.1.0
2021-01-02,obm_spent_value_ge365_btc_daily,64914.78134820,BTC,daily,OBM v0.1.0
2021-01-03,obm_spent_value_ge365_btc_daily,24498.11381697,BTC,daily,OBM v0.1.0
2021-01-04,obm_spent_value_ge365_btc_daily,31614.44849297,BTC,daily,OBM v0.1.0
2021-01-05,obm_spent_value_ge365_btc_daily,15565.28219015,BTC,daily,OBM v0.1.0
2021-01-06,obm_spent_value_ge365_btc_daily,16668.60703590,BTC,daily,OBM v0.1.0
2021-01-07,obm_spent_value_ge365_btc_daily,28359.68689271,BTC,daily,OBM v0.1.0
2021-01-08,obm_spent_value_ge365_btc_daily,21457.08057543,BTC,daily,OBM v0.1.0
2021-01-09,obm_spent_value_ge365_btc_daily,27098.11869863,BTC,daily,OBM v0.1.0
2021-01-10,obm_spent_value_ge365_btc_daily,15332.25936300,BTC,daily,OBM v0.1.0
2021-01-11,obm_spent_value_ge365_btc_daily,16561.98236689,BTC,daily,OBM v0.1.0
2021-01-12,obm_spent_value_ge365_btc_daily,10794.23687048,BTC,daily,OBM v0.1.0
2021-01-13,obm_spent_value_ge365_btc_daily,9289.92747716,BTC,daily,OBM v0.1.0
2021-01-14,obm_spent_value_ge365_btc_daily,11712.62361064,BTC,daily,OBM v0.1.0
2021-01-15,obm_spent_value_ge365_btc_daily,20112.82376490,BTC,daily,OBM v0.1.0
2021-01-16,obm_spent_value_ge365_btc_daily,7635.00724503,BTC,daily,OBM v0.1.0
2021-01-17,obm_spent_value_ge365_btc_daily,8286.16376475,BTC,daily,OBM v0.1.0
2021-01-18,obm_spent_value_ge365_btc_daily,9512.59438118,BTC,daily,OBM v0.1.0
2021-01-19,obm_spent_value_ge365_btc_daily,8903.96593132,BTC,daily,OBM v0.1.0
2021-01-20,obm_spent_value_ge365_btc_daily,6621.80647594,BTC,daily,OBM v0.1.0
2021-01-21,obm_spent_value_ge365_btc_daily,6878.12170047,BTC,daily,OBM v0.1.0
2021-01-22,obm_spent_value_ge365_btc_daily,8248.49754720,BTC,daily,OBM v0.1.0
2021-01-23,obm_spent_value_ge365_btc_daily,4465.94348487,BTC,daily,OBM v0.1.0
2021-01-24,obm_spent_value_ge365_btc_daily,4454.14040330,BTC,daily,OBM v0.1.0
2021-01-25,obm_spent_value_ge365_btc_daily,5324.97787095,BTC,daily,OBM v0.1.0
2021-01-26,obm_spent_value_ge365_btc_daily,4382.17425243,BTC,daily,OBM v0.1.0
2021-01-27,obm_spent_value_ge365_btc_daily,40154.73757679,BTC,daily,OBM v0.1.0
2021-01-28,obm_spent_value_ge365_btc_daily,8651.63425156,BTC,daily,OBM v0.1.0
2021-01-29,obm_spent_value_ge365_btc_daily,11631.52996102,BTC,daily,OBM v0.1.0
2021-01-30,obm_spent_value_ge365_btc_daily,10827.72969214,BTC,daily,OBM v0.1.0
2021-01-31,obm_spent_value_ge365_btc_daily,20683.83804985,BTC,daily,OBM v0.1.0
2021-02-01,obm_spent_value_ge365_btc_daily,4423.41975278,BTC,daily,OBM v0.1.0
2021-02-02,obm_spent_value_ge365_btc_daily,5640.35016150,BTC,daily,OBM v0.1.0
2021-02-03,obm_spent_value_ge365_btc_daily,9034.05748996,BTC,daily,OBM v0.1.0
2021-02-04,obm_spent_value_ge365_btc_daily,9880.92823308,BTC,daily,OBM v0.1.0
2021-02-05,obm_spent_value_ge365_btc_daily,18208.20680222,BTC,daily,OBM v0.1.0
2021-02-06,obm_spent_value_ge365_btc_daily,6941.66140406,BTC,daily,OBM v0.1.0
2021-02-07,obm_spent_value_ge365_btc_daily,11194.49562500,BTC,daily,OBM v0.1.0
2021-02-08,obm_spent_value_ge365_btc_daily,12450.68770367,BTC,daily,OBM v0.1.0
2021-02-09,obm_spent_value_ge365_btc_daily,14096.25482730,BTC,daily,OBM v0.1.0
2021-02-10,obm_spent_value_ge365_btc_daily,11217.08816031,BTC,daily,OBM v0.1.0
2021-02-11,obm_spent_value_ge365_btc_daily,9247.72328870,BTC,daily,OBM v0.1.0
2021-02-12,obm_spent_value_ge365_btc_daily,11174.01146837,BTC,daily,OBM v0.1.0
2021-02-13,obm_spent_value_ge365_btc_daily,4816.28587914,BTC,daily,OBM v0.1.0
2021-02-14,obm_spent_value_ge365_btc_daily,7404.79161413,BTC,daily,OBM v0.1.0
2021-02-15,obm_spent_value_ge365_btc_daily,6525.73383378,BTC,daily,OBM v0.1.0
2021-02-16,obm_spent_value_ge365_btc_daily,12020.62672859,BTC,daily,OBM v0.1.0
2021-02-17,obm_spent_value_ge365_btc_daily,12459.02504738,BTC,daily,OBM v0.1.0
2021-02-18,obm_spent_value_ge365_btc_daily,13190.34070201,BTC,daily,OBM v0.1.0
2021-02-19,obm_spent_value_ge365_btc_daily,13357.43210981,BTC,daily,OBM v0.1.0
2021-02-20,obm_spent_value_ge365_btc_daily,16679.48694388,BTC,daily,OBM v0.1.0
2021-02-21,obm_spent_value_ge365_btc_daily,11992.54397837,BTC,daily,OBM v0.1.0
2021-02-22,obm_spent_value_ge365_btc_daily,10878.94402940,BTC,daily,OBM v0.1.0
2021-02-23,obm_spent_value_ge365_btc_daily,26342.71281511,BTC,daily,OBM v0.1.0
2021-02-24,obm_spent_value_ge365_btc_daily,25521.69940453,BTC,daily,OBM v0.1.0
2021-02-25,obm_spent_value_ge365_btc_daily,17130.05364555,BTC,daily,OBM v0.1.0
2021-02-26,obm_spent_value_ge365_btc_daily,12645.98042669,BTC,daily,OBM v0.1.0
2021-02-27,obm_spent_value_ge365_btc_daily,6601.78140207,BTC,daily,OBM v0.1.0
2021-02-28,obm_spent_value_ge365_btc_daily,5764.59103604,BTC,daily,OBM v0.1.0
2021-03-01,obm_spent_value_ge365_btc_daily,5241.21944833,BTC,daily,OBM v0.1.0
2021-03-02,obm_spent_value_ge365_btc_daily,21179.10281363,BTC,daily,OBM v0.1.0
2021-03-03,obm_spent_value_ge365_btc_daily,5536.92243111,BTC,daily,OBM v0.1.0
2021-03-04,obm_spent_value_ge365_btc_daily,7182.30859233,BTC,daily,OBM v0.1.0
2021-03-05,obm_spent_value_ge365_btc_daily,16966.33367153,BTC,daily,OBM v0.1.0
2021-03-06,obm_spent_value_ge365_btc_daily,6483.93383203,BTC,daily,OBM v0.1.0
2021-03-07,obm_spent_value_ge365_btc_daily,3349.00159381,BTC,daily,OBM v0.1.0
2021-03-08,obm_spent_value_ge365_btc_daily,20343.92801348,BTC,daily,OBM v0.1.0
2021-03-09,obm_spent_value_ge365_btc_daily,6340.26048229,BTC,daily,OBM v0.1.0
2021-03-10,obm_spent_value_ge365_btc_daily,5977.70005636,BTC,daily,OBM v0.1.0
2021-03-11,obm_spent_value_ge365_btc_daily,16614.67382608,BTC,daily,OBM v0.1.0
2021-03-12,obm_spent_value_ge365_btc_daily,10992.63773191,BTC,daily,OBM v0.1.0
2021-03-13,obm_spent_value_ge365_btc_daily,6336.52356709,BTC,daily,OBM v0.1.0
2021-03-14,obm_spent_value_ge365_btc_daily,15391.87822649,BTC,daily,OBM v0.1.0
2021-03-15,obm_spent_value_ge365_btc_daily,6018.53412322,BTC,daily,OBM v0.1.0
2021-03-16,obm_spent_value_ge365_btc_daily,7375.83874698,BTC,daily,OBM v0.1.0
2021-03-17,obm_spent_value_ge365_btc_daily,14535.21601693,BTC,daily,OBM v0.1.0
2021-03-18,obm_spent_value_ge365_btc_daily,4181.30200344,BTC,daily,OBM v0.1.0
2021-03-19,obm_spent_value_ge365_btc_daily,3710.05042536,BTC,daily,OBM v0.1.0
2021-03-20,obm_spent_value_ge365_btc_daily,10382.30375528,BTC,daily,OBM v0.1.0
2021-03-21,obm_spent_value_ge365_btc_daily,4546.35175633,BTC,daily,OBM v0.1.0
2021-03-22,obm_spent_value_ge365_btc_daily,11476.26934396,BTC,daily,OBM v0.1.0
2021-03-23,obm_spent_value_ge365_btc_daily,17734.67159726,BTC,daily,OBM v0.1.0
2021-03-24,obm_spent_value_ge365_btc_daily,7888.69000940,BTC,daily,OBM v0.1.0
2021-03-25,obm_spent_value_ge365_btc_daily,18834.92849874,BTC,daily,OBM v0.1.0
2021-03-26,obm_spent_value_ge365_btc_daily,8084.31584625,BTC,daily,OBM v0.1.0
2021-03-27,obm_spent_value_ge365_btc_daily,8285.27024871,BTC,daily,OBM v0.1.0
2021-03-28,obm_spent_value_ge365_btc_daily,7314.45630237,BTC,daily,OBM v0.1.0
2021-03-29,obm_spent_value_ge365_btc_daily,3602.28291791,BTC,daily,OBM v0.1.0
2021-03-30,obm_spent_value_ge365_btc_daily,5286.01098975,BTC,daily,OBM v0.1.0
2021-03-31,obm_spent_value_ge365_btc_daily,11632.27575540,BTC,daily,OBM v0.1.0
2021-04-01,obm_spent_value_ge365_btc_daily,26203.24464941,BTC,daily,OBM v0.1.0
2021-04-02,obm_spent_value_ge365_btc_daily,12587.41911977,BTC,daily,OBM v0.1.0
2021-04-03,obm_spent_value_ge365_btc_daily,2914.18156751,BTC,daily,OBM v0.1.0
2021-04-04,obm_spent_value_ge365_btc_daily,4068.78392986,BTC,daily,OBM v0.1.0
2021-04-05,obm_spent_value_ge365_btc_daily,4249.27395002,BTC,daily,OBM v0.1.0
2021-04-06,obm_spent_value_ge365_btc_daily,16329.65301170,BTC,daily,OBM v0.1.0
2021-04-07,obm_spent_value_ge365_btc_daily,5571.01431012,BTC,daily,OBM v0.1.0
2021-04-08,obm_spent_value_ge365_btc_daily,4701.57542965,BTC,daily,OBM v0.1.0
2021-04-09,obm_spent_value_ge365_btc_daily,5744.45619325,BTC,daily,OBM v0.1.0
2021-04-10,obm_spent_value_ge365_btc_daily,5881.85144442,BTC,daily,OBM v0.1.0
2021-04-11,obm_spent_value_ge365_btc_daily,16067.39671239,BTC,daily,OBM v0.1.0
2021-04-12,obm_spent_value_ge365_btc_daily,14262.16965128,BTC,daily,OBM v0.1.0
2021-04-13,obm_spent_value_ge365_btc_daily,8889.21671318,BTC,daily,OBM v0.1.0
2021-04-14,obm_spent_value_ge365_btc_daily,18954.01993468,BTC,daily,OBM v0.1.0
2021-04-15,obm_spent_value_ge365_btc_daily,19668.47646790,BTC,daily,OBM v0.1.0
2021-04-16,obm_spent_value_ge365_btc_daily,3410.10633204,BTC,daily,OBM v0.1.0
2021-04-17,obm_spent_value_ge365_btc_daily,4831.16225194,BTC,daily,OBM v0.1.0
2021-04-18,obm_spent_value_ge365_btc_daily,6226.60566867,BTC,daily,OBM v0.1.0
2021-04-19,obm_spent_value_ge365_btc_daily,2442.09311470,BTC,daily,OBM v0.1.0
2021-04-20,obm_spent_value_ge365_btc_daily,11941.58966192,BTC,daily,OBM v0.1.0
2021-04-21,obm_spent_value_ge365_btc_daily,6629.08894969,BTC,daily,OBM v0.1.0
2021-04-22,obm_spent_value_ge365_btc_daily,5832.52598969,BTC,daily,OBM v0.1.0
2021-04-23,obm_spent_value_ge365_btc_daily,14623.98438991,BTC,daily,OBM v0.1.0
2021-04-24,obm_spent_value_ge365_btc_daily,16378.81049592,BTC,daily,OBM v0.1.0
2021-04-25,obm_spent_value_ge365_btc_daily,10228.54960879,BTC,daily,OBM v0.1.0
2021-04-26,obm_spent_value_ge365_btc_daily,9162.11222139,BTC,daily,OBM v0.1.0
2021-04-27,obm_spent_value_ge365_btc_daily,23719.83709568,BTC,daily,OBM v0.1.0
2021-04-28,obm_spent_value_ge365_btc_daily,6921.23789487,BTC,daily,OBM v0.1.0
2021-04-29,obm_spent_value_ge365_btc_daily,18144.42133626,BTC,daily,OBM v0.1.0
2021-04-30,obm_spent_value_ge365_btc_daily,19084.24930294,BTC,daily,OBM v0.1.0
2021-05-01,obm_spent_value_ge365_btc_daily,4988.23213684,BTC,daily,OBM v0.1.0
2021-05-02,obm_spent_value_ge365_btc_daily,7664.15805866,BTC,daily,OBM v0.1.0
2021-05-03,obm_spent_value_ge365_btc_daily,8307.73632434,BTC,daily,OBM v0.1.0
2021-05-04,obm_spent_value_ge365_btc_daily,9839.07169294,BTC,daily,OBM v0.1.0
2021-05-05,obm_spent_value_ge365_btc_daily,8297.45473124,BTC,daily,OBM v0.1.0
2021-05-06,obm_spent_value_ge365_btc_daily,6236.55347597,BTC,daily,OBM v0.1.0
2021-05-07,obm_spent_value_ge365_btc_daily,17615.20783058,BTC,daily,OBM v0.1.0
2021-05-08,obm_spent_value_ge365_btc_daily,3529.68793075,BTC,daily,OBM v0.1.0
2021-05-09,obm_spent_value_ge365_btc_daily,8517.55788163,BTC,daily,OBM v0.1.0
2021-05-10,obm_spent_value_ge365_btc_daily,6019.18099210,BTC,daily,OBM v0.1.0
2021-05-11,obm_spent_value_ge365_btc_daily,5158.71697617,BTC,daily,OBM v0.1.0
2021-05-12,obm_spent_value_ge365_btc_daily,16983.44950211,BTC,daily,OBM v0.1.0
2021-05-13,obm_spent_value_ge365_btc_daily,16976.21908093,BTC,daily,OBM v0.1.0
2021-05-14,obm_spent_value_ge365_btc_daily,6769.43665508,BTC,daily,OBM v0.1.0
2021-05-15,obm_spent_value_ge365_btc_daily,5401.71840675,BTC,daily,OBM v0.1.0
2021-05-16,obm_spent_value_ge365_btc_daily,5423.64155048,BTC,daily,OBM v0.1.0
2021-05-17,obm_spent_value_ge365_btc_daily,5792.30684477,BTC,daily,OBM v0.1.0
2021-05-18,obm_spent_value_ge365_btc_daily,9053.38308458,BTC,daily,OBM v0.1.0
2021-05-19,obm_spent_value_ge365_btc_daily,22944.61476573,BTC,daily,OBM v0.1.0
2021-05-20,obm_spent_value_ge365_btc_daily,5327.98481668,BTC,daily,OBM v0.1.0
2021-05-21,obm_spent_value_ge365_btc_daily,13174.34639790,BTC,daily,OBM v0.1.0
2021-05-22,obm_spent_value_ge365_btc_daily,3496.85859844,BTC,daily,OBM v0.1.0
2021-05-23,obm_spent_value_ge365_btc_daily,15826.27329704,BTC,daily,OBM v0.1.0
2021-05-24,obm_spent_value_ge365_btc_daily,25576.35715909,BTC,daily,OBM v0.1.0
2021-05-25,obm_spent_value_ge365_btc_daily,5171.45835859,BTC,daily,OBM v0.1.0
2021-05-26,obm_spent_value_ge365_btc_daily,5815.41259269,BTC,daily,OBM v0.1.0
2021-05-27,obm_spent_value_ge365_btc_daily,1812.31188683,BTC,daily,OBM v0.1.0
2021-05-28,obm_spent_value_ge365_btc_daily,3773.35533288,BTC,daily,OBM v0.1.0
2021-05-29,obm_spent_value_ge365_btc_daily,2412.99526663,BTC,daily,OBM v0.1.0
2021-05-30,obm_spent_value_ge365_btc_daily,14281.79997348,BTC,daily,OBM v0.1.0
2021-05-31,obm_spent_value_ge365_btc_daily,2096.40069466,BTC,daily,OBM v0.1.0
2021-06-01,obm_spent_value_ge365_btc_daily,20552.00747170,BTC,daily,OBM v0.1.0
2021-06-02,obm_spent_value_ge365_btc_daily,5124.79176519,BTC,daily,OBM v0.1.0
2021-06-03,obm_spent_value_ge365_btc_daily,16060.17363623,BTC,daily,OBM v0.1.0
2021-06-04,obm_spent_value_ge365_btc_daily,2494.89585796,BTC,daily,OBM v0.1.0
2021-06-05,obm_spent_value_ge365_btc_daily,1819.09476635,BTC,daily,OBM v0.1.0
2021-06-06,obm_spent_value_ge365_btc_daily,2611.26688450,BTC,daily,OBM v0.1.0
2021-06-07,obm_spent_value_ge365_btc_daily,7004.68655648,BTC,daily,OBM v0.1.0
2021-06-08,obm_spent_value_ge365_btc_daily,5401.68920212,BTC,daily,OBM v0.1.0
2021-06-09,obm_spent_value_ge365_btc_daily,6698.96809270,BTC,daily,OBM v0.1.0
2021-06-10,obm_spent_value_ge365_btc_daily,6982.99659821,BTC,daily,OBM v0.1.0
2021-06-11,obm_spent_value_ge365_btc_daily,9869.24245080,BTC,daily,OBM v0.1.0
2021-06-12,obm_spent_value_ge365_btc_daily,1365.93393758,BTC,daily,OBM v0.1.0
2021-06-13,obm_spent_value_ge365_btc_daily,3023.21590824,BTC,daily,OBM v0.1.0
2021-06-14,obm_spent_value_ge365_btc_daily,1984.84271034,BTC,daily,OBM v0.1.0
2021-06-15,obm_spent_value_ge365_btc_daily,3331.35931984,BTC,daily,OBM v0.1.0
2021-06-16,obm_spent_value_ge365_btc_daily,2250.44582426,BTC,daily,OBM v0.1.0
2021-06-17,obm_spent_value_ge365_btc_daily,2602.41160306,BTC,daily,OBM v0.1.0
2021-06-18,obm_spent_value_ge365_btc_daily,2393.82536517,BTC,daily,OBM v0.1.0
2021-06-19,obm_spent_value_ge365_btc_daily,1364.72936626,BTC,daily,OBM v0.1.0
2021-06-20,obm_spent_value_ge365_btc_daily,2849.76701576,BTC,daily,OBM v0.1.0
2021-06-21,obm_spent_value_ge365_btc_daily,7389.10595164,BTC,daily,OBM v0.1.0
2021-06-22,obm_spent_value_ge365_btc_daily,4962.71023851,BTC,daily,OBM v0.1.0
2021-06-23,obm_spent_value_ge365_btc_daily,7483.70298100,BTC,daily,OBM v0.1.0
2021-06-24,obm_spent_value_ge365_btc_daily,7300.56680951,BTC,daily,OBM v0.1.0
2021-06-25,obm_spent_value_ge365_btc_daily,8332.04227398,BTC,daily,OBM v0.1.0
2021-06-26,obm_spent_value_ge365_btc_daily,1177.09591712,BTC,daily,OBM v0.1.0
2021-06-27,obm_spent_value_ge365_btc_daily,5026.89009307,BTC,daily,OBM v0.1.0
2021-06-28,obm_spent_value_ge365_btc_daily,1420.38532944,BTC,daily,OBM v0.1.0
2021-06-29,obm_spent_value_ge365_btc_daily,1644.89922336,BTC,daily,OBM v0.1.0
2021-06-30,obm_spent_value_ge365_btc_daily,1301.16398238,BTC,daily,OBM v0.1.0
2021-07-01,obm_spent_value_ge365_btc_daily,5295.41013429,BTC,daily,OBM v0.1.0
2021-07-02,obm_spent_value_ge365_btc_daily,2544.96043183,BTC,daily,OBM v0.1.0
2021-07-03,obm_spent_value_ge365_btc_daily,1531.91551645,BTC,daily,OBM v0.1.0
2021-07-04,obm_spent_value_ge365_btc_daily,2829.19582020,BTC,daily,OBM v0.1.0
2021-07-05,obm_spent_value_ge365_btc_daily,3086.18170017,BTC,daily,OBM v0.1.0
2021-07-06,obm_spent_value_ge365_btc_daily,2867.33203253,BTC,daily,OBM v0.1.0
2021-07-07,obm_spent_value_ge365_btc_daily,5271.95556413,BTC,daily,OBM v0.1.0
2021-07-08,obm_spent_value_ge365_btc_daily,1820.95448217,BTC,daily,OBM v0.1.0
2021-07-09,obm_spent_value_ge365_btc_daily,4521.99421389,BTC,daily,OBM v0.1.0
2021-07-10,obm_spent_value_ge365_btc_daily,1311.37421043,BTC,daily,OBM v0.1.0
2021-07-11,obm_spent_value_ge365_btc_daily,1682.46510326,BTC,daily,OBM v0.1.0
2021-07-12,obm_spent_value_ge365_btc_daily,11592.54250809,BTC,daily,OBM v0.1.0
2021-07-13,obm_spent_value_ge365_btc_daily,1786.59452558,BTC,daily,OBM v0.1.0
2021-07-14,obm_spent_value_ge365_btc_daily,2089.18772840,BTC,daily,OBM v0.1.0
2021-07-15,obm_spent_value_ge365_btc_daily,3819.17763231,BTC,daily,OBM v0.1.0
2021-07-16,obm_spent_value_ge365_btc_daily,1658.15324916,BTC,daily,OBM v0.1.0
2021-07-17,obm_spent_value_ge365_btc_daily,51345.64882761,BTC,daily,OBM v0.1.0
2021-07-18,obm_spent_value_ge365_btc_daily,1586.31245642,BTC,daily,OBM v0.1.0
2021-07-19,obm_spent_value_ge365_btc_daily,3922.28998298,BTC,daily,OBM v0.1.0
2021-07-20,obm_spent_value_ge365_btc_daily,6228.76567888,BTC,daily,OBM v0.1.0
2021-07-21,obm_spent_value_ge365_btc_daily,1651.32713524,BTC,daily,OBM v0.1.0
2021-07-22,obm_spent_value_ge365_btc_daily,2595.61016376,BTC,daily,OBM v0.1.0
2021-07-23,obm_spent_value_ge365_btc_daily,1220.50901534,BTC,daily,OBM v0.1.0
2021-07-24,obm_spent_value_ge365_btc_daily,1015.19482632,BTC,daily,OBM v0.1.0
2021-07-25,obm_spent_value_ge365_btc_daily,1292.96496127,BTC,daily,OBM v0.1.0
2021-07-26,obm_spent_value_ge365_btc_daily,2064.51582043,BTC,daily,OBM v0.1.0
2021-07-27,obm_spent_value_ge365_btc_daily,3078.97842399,BTC,daily,OBM v0.1.0
2021-07-28,obm_spent_value_ge365_btc_daily,30816.70167656,BTC,daily,OBM v0.1.0
2021-07-29,obm_spent_value_ge365_btc_daily,102722.14783166,BTC,daily,OBM v0.1.0
2021-07-30,obm_spent_value_ge365_btc_daily,1618.51605472,BTC,daily,OBM v0.1.0
2021-07-31,obm_spent_value_ge365_btc_daily,1475.86335906,BTC,daily,OBM v0.1.0
2021-08-01,obm_spent_value_ge365_btc_daily,1422.65401091,BTC,daily,OBM v0.1.0
2021-08-02,obm_spent_value_ge365_btc_daily,1819.27992064,BTC,daily,OBM v0.1.0
2021-08-03,obm_spent_value_ge365_btc_daily,1679.50401495,BTC,daily,OBM v0.1.0
2021-08-04,obm_spent_value_ge365_btc_daily,1640.95772921,BTC,daily,OBM v0.1.0
2021-08-05,obm_spent_value_ge365_btc_daily,1410.84027734,BTC,daily,OBM v0.1.0
2021-08-06,obm_spent_value_ge365_btc_daily,5835.69573469,BTC,daily,OBM v0.1.0
2021-08-07,obm_spent_value_ge365_btc_daily,2252.57465058,BTC,daily,OBM v0.1.0
2021-08-08,obm_spent_value_ge365_btc_daily,2215.73278687,BTC,daily,OBM v0.1.0
2021-08-09,obm_spent_value_ge365_btc_daily,2604.36813695,BTC,daily,OBM v0.1.0
2021-08-10,obm_spent_value_ge365_btc_daily,1652.22783133,BTC,daily,OBM v0.1.0
2021-08-11,obm_spent_value_ge365_btc_daily,3929.49085256,BTC,daily,OBM v0.1.0
2021-08-12,obm_spent_value_ge365_btc_daily,2411.20660350,BTC,daily,OBM v0.1.0
2021-08-13,obm_spent_value_ge365_btc_daily,2675.62238204,BTC,daily,OBM v0.1.0
2021-08-14,obm_spent_value_ge365_btc_daily,13468.03567468,BTC,daily,OBM v0.1.0
2021-08-15,obm_spent_value_ge365_btc_daily,1246.53171256,BTC,daily,OBM v0.1.0
2021-08-16,obm_spent_value_ge365_btc_daily,2029.25911829,BTC,daily,OBM v0.1.0
2021-08-17,obm_spent_value_ge365_btc_daily,2833.90341683,BTC,daily,OBM v0.1.0
2021-08-18,obm_spent_value_ge365_btc_daily,6539.11872577,BTC,daily,OBM v0.1.0
2021-08-19,obm_spent_value_ge365_btc_daily,3447.09490956,BTC,daily,OBM v0.1.0
2021-08-20,obm_spent_value_ge365_btc_daily,2287.59144577,BTC,daily,OBM v0.1.0
2021-08-21,obm_spent_value_ge365_btc_daily,2940.48379107,BTC,daily,OBM v0.1.0
2021-08-22,obm_spent_value_ge365_btc_daily,5406.67526790,BTC,daily,OBM v0.1.0
2021-08-23,obm_spent_value_ge365_btc_daily,5219.34417797,BTC,daily,OBM v0.1.0
2021-08-24,obm_spent_value_ge365_btc_daily,2397.57546561,BTC,daily,OBM v0.1.0
2021-08-25,obm_spent_value_ge365_btc_daily,26447.19109163,BTC,daily,OBM v0.1.0
2021-08-26,obm_spent_value_ge365_btc_daily,9850.95531080,BTC,daily,OBM v0.1.0
2021-08-27,obm_spent_value_ge365_btc_daily,4113.06576184,BTC,daily,OBM v0.1.0
2021-08-28,obm_spent_value_ge365_btc_daily,3089.18748853,BTC,daily,OBM v0.1.0
2021-08-29,obm_spent_value_ge365_btc_daily,1902.95711882,BTC,daily,OBM v0.1.0
2021-08-30,obm_spent_value_ge365_btc_daily,2218.87948613,BTC,daily,OBM v0.1.0
2021-08-31,obm_spent_value_ge365_btc_daily,2842.98437297,BTC,daily,OBM v0.1.0
2021-09-01,obm_spent_value_ge365_btc_daily,3198.21706711,BTC,daily,OBM v0.1.0
2021-09-02,obm_spent_value_ge365_btc_daily,2604.00534053,BTC,daily,OBM v0.1.0
2021-09-03,obm_spent_value_ge365_btc_daily,4160.47183374,BTC,daily,OBM v0.1.0
2021-09-04,obm_spent_value_ge365_btc_daily,2393.99771827,BTC,daily,OBM v0.1.0
2021-09-05,obm_spent_value_ge365_btc_daily,2042.70656971,BTC,daily,OBM v0.1.0
2021-09-06,obm_spent_value_ge365_btc_daily,2144.48479156,BTC,daily,OBM v0.1.0
2021-09-07,obm_spent_value_ge365_btc_daily,2837.59733279,BTC,daily,OBM v0.1.0
2021-09-08,obm_spent_value_ge365_btc_daily,1886.51203551,BTC,daily,OBM v0.1.0
2021-09-09,obm_spent_value_ge365_btc_daily,13035.64217609,BTC,daily,OBM v0.1.0
2021-09-10,obm_spent_value_ge365_btc_daily,5097.73761892,BTC,daily,OBM v0.1.0
2021-09-11,obm_spent_value_ge365_btc_daily,2411.88778191,BTC,daily,OBM v0.1.0
2021-09-12,obm_spent_value_ge365_btc_daily,2452.04678553,BTC,daily,OBM v0.1.0
2021-09-13,obm_spent_value_ge365_btc_daily,2516.67410985,BTC,daily,OBM v0.1.0
2021-09-14,obm_spent_value_ge365_btc_daily,4225.81187699,BTC,daily,OBM v0.1.0
2021-09-15,obm_spent_value_ge365_btc_daily,8383.87368397,BTC,daily,OBM v0.1.0
2021-09-16,obm_spent_value_ge365_btc_daily,9340.33715118,BTC,daily,OBM v0.1.0
2021-09-17,obm_spent_value_ge365_btc_daily,1664.72414928,BTC,daily,OBM v0.1.0
2021-09-18,obm_spent_value_ge365_btc_daily,2057.61863185,BTC,daily,OBM v0.1.0
2021-09-19,obm_spent_value_ge365_btc_daily,1764.97240373,BTC,daily,OBM v0.1.0
2021-09-20,obm_spent_value_ge365_btc_daily,3566.10035465,BTC,daily,OBM v0.1.0
2021-09-21,obm_spent_value_ge365_btc_daily,1498.70984304,BTC,daily,OBM v0.1.0
2021-09-22,obm_spent_value_ge365_btc_daily,3104.65239954,BTC,daily,OBM v0.1.0
2021-09-23,obm_spent_value_ge365_btc_daily,2383.56222816,BTC,daily,OBM v0.1.0
2021-09-24,obm_spent_value_ge365_btc_daily,2308.69292214,BTC,daily,OBM v0.1.0
2021-09-25,obm_spent_value_ge365_btc_daily,842.89755105,BTC,daily,OBM v0.1.0
2021-09-26,obm_spent_value_ge365_btc_daily,74557.54341060,BTC,daily,OBM v0.1.0
2021-09-27,obm_spent_value_ge365_btc_daily,6733.13868466,BTC,daily,OBM v0.1.0
2021-09-28,obm_spent_value_ge365_btc_daily,2842.53045485,BTC,daily,OBM v0.1.0
2021-09-29,obm_spent_value_ge365_btc_daily,4465.35408665,BTC,daily,OBM v0.1.0
2021-09-30,obm_spent_value_ge365_btc_daily,5207.39183566,BTC,daily,OBM v0.1.0
2021-10-01,obm_spent_value_ge365_btc_daily,3618.94218462,BTC,daily,OBM v0.1.0
2021-10-02,obm_spent_value_ge365_btc_daily,2972.76952760,BTC,daily,OBM v0.1.0
2021-10-03,obm_spent_value_ge365_btc_daily,2012.19929519,BTC,daily,OBM v0.1.0
2021-10-04,obm_spent_value_ge365_btc_daily,3134.95562497,BTC,daily,OBM v0.1.0
2021-10-05,obm_spent_value_ge365_btc_daily,5329.91711698,BTC,daily,OBM v0.1.0
2021-10-06,obm_spent_value_ge365_btc_daily,3217.93494923,BTC,daily,OBM v0.1.0
2021-10-07,obm_spent_value_ge365_btc_daily,4995.68974375,BTC,daily,OBM v0.1.0
2021-10-08,obm_spent_value_ge365_btc_daily,3500.35243851,BTC,daily,OBM v0.1.0
2021-10-09,obm_spent_value_ge365_btc_daily,2617.49169989,BTC,daily,OBM v0.1.0
2021-10-10,obm_spent_value_ge365_btc_daily,8652.89257901,BTC,daily,OBM v0.1.0
2021-10-11,obm_spent_value_ge365_btc_daily,4035.29301623,BTC,daily,OBM v0.1.0
2021-10-12,obm_spent_value_ge365_btc_daily,11762.36267914,BTC,daily,OBM v0.1.0
2021-10-13,obm_spent_value_ge365_btc_daily,2833.56671560,BTC,daily,OBM v0.1.0
2021-10-14,obm_spent_value_ge365_btc_daily,3795.04095691,BTC,daily,OBM v0.1.0
2021-10-15,obm_spent_value_ge365_btc_daily,4712.99472823,BTC,daily,OBM v0.1.0
2021-10-16,obm_spent_value_ge365_btc_daily,5360.84408839,BTC,daily,OBM v0.1.0
2021-10-17,obm_spent_value_ge365_btc_daily,2330.69217021,BTC,daily,OBM v0.1.0
2021-10-18,obm_spent_value_ge365_btc_daily,10707.08126692,BTC,daily,OBM v0.1.0
2021-10-19,obm_spent_value_ge365_btc_daily,34749.23917721,BTC,daily,OBM v0.1.0
2021-10-20,obm_spent_value_ge365_btc_daily,7509.21212553,BTC,daily,OBM v0.1.0
2021-10-21,obm_spent_value_ge365_btc_daily,7107.65384839,BTC,daily,OBM v0.1.0
2021-10-22,obm_spent_value_ge365_btc_daily,2787.93998284,BTC,daily,OBM v0.1.0
2021-10-23,obm_spent_value_ge365_btc_daily,3182.43220872,BTC,daily,OBM v0.1.0
2021-10-24,obm_spent_value_ge365_btc_daily,2747.53425056,BTC,daily,OBM v0.1.0
2021-10-25,obm_spent_value_ge365_btc_daily,5104.88701332,BTC,daily,OBM v0.1.0
2021-10-26,obm_spent_value_ge365_btc_daily,4163.98905949,BTC,daily,OBM v0.1.0
2021-10-27,obm_spent_value_ge365_btc_daily,3082.37883628,BTC,daily,OBM v0.1.0
2021-10-28,obm_spent_value_ge365_btc_daily,2196.04612427,BTC,daily,OBM v0.1.0
2021-10-29,obm_spent_value_ge365_btc_daily,4281.50259799,BTC,daily,OBM v0.1.0
2021-10-30,obm_spent_value_ge365_btc_daily,2876.85052488,BTC,daily,OBM v0.1.0
2021-10-31,obm_spent_value_ge365_btc_daily,14570.40001943,BTC,daily,OBM v0.1.0
2021-11-01,obm_spent_value_ge365_btc_daily,25393.14337335,BTC,daily,OBM v0.1.0
2021-11-02,obm_spent_value_ge365_btc_daily,3152.22646375,BTC,daily,OBM v0.1.0
2021-11-03,obm_spent_value_ge365_btc_daily,7224.34044416,BTC,daily,OBM v0.1.0
2021-11-04,obm_spent_value_ge365_btc_daily,3612.97406689,BTC,daily,OBM v0.1.0
2021-11-05,obm_spent_value_ge365_btc_daily,17342.04537694,BTC,daily,OBM v0.1.0
2021-11-06,obm_spent_value_ge365_btc_daily,2171.70207761,BTC,daily,OBM v0.1.0
2021-11-07,obm_spent_value_ge365_btc_daily,1888.08177946,BTC,daily,OBM v0.1.0
2021-11-08,obm_spent_value_ge365_btc_daily,11029.09485750,BTC,daily,OBM v0.1.0
2021-11-09,obm_spent_value_ge365_btc_daily,6222.08069168,BTC,daily,OBM v0.1.0
2021-11-10,obm_spent_value_ge365_btc_daily,14259.93317432,BTC,daily,OBM v0.1.0
2021-11-11,obm_spent_value_ge365_btc_daily,4716.97949883,BTC,daily,OBM v0.1.0
2021-11-12,obm_spent_value_ge365_btc_daily,4699.60785970,BTC,daily,OBM v0.1.0
2021-11-13,obm_spent_value_ge365_btc_daily,3805.58474251,BTC,daily,OBM v0.1.0
2021-11-14,obm_spent_value_ge365_btc_daily,2423.08036963,BTC,daily,OBM v0.1.0
2021-11-15,obm_spent_value_ge365_btc_daily,7044.25943855,BTC,daily,OBM v0.1.0
2021-11-16,obm_spent_value_ge365_btc_daily,19337.14954878,BTC,daily,OBM v0.1.0
2021-11-17,obm_spent_value_ge365_btc_daily,14465.63691667,BTC,daily,OBM v0.1.0
2021-11-18,obm_spent_value_ge365_btc_daily,3409.29880827,BTC,daily,OBM v0.1.0
2021-11-19,obm_spent_value_ge365_btc_daily,5116.60166961,BTC,daily,OBM v0.1.0
2021-11-20,obm_spent_value_ge365_btc_daily,2631.58298094,BTC,daily,OBM v0.1.0
2021-11-21,obm_spent_value_ge365_btc_daily,2523.81639254,BTC,daily,OBM v0.1.0
2021-11-22,obm_spent_value_ge365_btc_daily,3738.73231698,BTC,daily,OBM v0.1.0
2021-11-23,obm_spent_value_ge365_btc_daily,5977.99037677,BTC,daily,OBM v0.1.0
2021-11-24,obm_spent_value_ge365_btc_daily,4940.72904028,BTC,daily,OBM v0.1.0
2021-11-25,obm_spent_value_ge365_btc_daily,28838.59828567,BTC,daily,OBM v0.1.0
2021-11-26,obm_spent_value_ge365_btc_daily,3870.31228538,BTC,daily,OBM v0.1.0
2021-11-27,obm_spent_value_ge365_btc_daily,1086.93811266,BTC,daily,OBM v0.1.0
2021-11-28,obm_spent_value_ge365_btc_daily,3065.91879031,BTC,daily,OBM v0.1.0
2021-11-29,obm_spent_value_ge365_btc_daily,6680.48016789,BTC,daily,OBM v0.1.0
2021-11-30,obm_spent_value_ge365_btc_daily,4614.92995224,BTC,daily,OBM v0.1.0
2021-12-01,obm_spent_value_ge365_btc_daily,8485.55374801,BTC,daily,OBM v0.1.0
2021-12-02,obm_spent_value_ge365_btc_daily,5002.45242806,BTC,daily,OBM v0.1.0
2021-12-03,obm_spent_value_ge365_btc_daily,4010.10331407,BTC,daily,OBM v0.1.0
2021-12-04,obm_spent_value_ge365_btc_daily,4511.96943296,BTC,daily,OBM v0.1.0
2021-12-05,obm_spent_value_ge365_btc_daily,2880.26255347,BTC,daily,OBM v0.1.0
2021-12-06,obm_spent_value_ge365_btc_daily,7512.45821566,BTC,daily,OBM v0.1.0
2021-12-07,obm_spent_value_ge365_btc_daily,32086.46734369,BTC,daily,OBM v0.1.0
2021-12-08,obm_spent_value_ge365_btc_daily,4800.45198445,BTC,daily,OBM v0.1.0
2021-12-09,obm_spent_value_ge365_btc_daily,9916.02602003,BTC,daily,OBM v0.1.0
2021-12-10,obm_spent_value_ge365_btc_daily,3807.23510130,BTC,daily,OBM v0.1.0
2021-12-11,obm_spent_value_ge365_btc_daily,3611.18323885,BTC,daily,OBM v0.1.0
2021-12-12,obm_spent_value_ge365_btc_daily,1679.03710210,BTC,daily,OBM v0.1.0
2021-12-13,obm_spent_value_ge365_btc_daily,4672.74396695,BTC,daily,OBM v0.1.0
2021-12-14,obm_spent_value_ge365_btc_daily,12977.39017368,BTC,daily,OBM v0.1.0
2021-12-15,obm_spent_value_ge365_btc_daily,4580.67517184,BTC,daily,OBM v0.1.0
2021-12-16,obm_spent_value_ge365_btc_daily,8991.21192223,BTC,daily,OBM v0.1.0
2021-12-17,obm_spent_value_ge365_btc_daily,3972.53979137,BTC,daily,OBM v0.1.0
2021-12-18,obm_spent_value_ge365_btc_daily,3451.52948101,BTC,daily,OBM v0.1.0
2021-12-19,obm_spent_value_ge365_btc_daily,1705.85294601,BTC,daily,OBM v0.1.0
2021-12-20,obm_spent_value_ge365_btc_daily,2610.28694359,BTC,daily,OBM v0.1.0
2021-12-21,obm_spent_value_ge365_btc_daily,3152.46593487,BTC,daily,OBM v0.1.0
2021-12-22,obm_spent_value_ge365_btc_daily,6734.83660414,BTC,daily,OBM v0.1.0
2021-12-23,obm_spent_value_ge365_btc_daily,3159.31760648,BTC,daily,OBM v0.1.0
2021-12-24,obm_spent_value_ge365_btc_daily,1922.22858467,BTC,daily,OBM v0.1.0
2021-12-25,obm_spent_value_ge365_btc_daily,1399.78883085,BTC,daily,OBM v0.1.0
2021-12-26,obm_spent_value_ge365_btc_daily,3404.16485384,BTC,daily,OBM v0.1.0
2021-12-27,obm_spent_value_ge365_btc_daily,3215.16672626,BTC,daily,OBM v0.1.0
2021-12-28,obm_spent_value_ge365_btc_daily,2499.03558771,BTC,daily,OBM v0.1.0
2021-12-29,obm_spent_value_ge365_btc_daily,3083.28518104,BTC,daily,OBM v0.1.0
2021-12-30,obm_spent_value_ge365_btc_daily,20085.19307516,BTC,daily,OBM v0.1.0
2021-12-31,obm_spent_value_ge365_btc_daily,12131.22676963,BTC,daily,OBM v0.1.0
2022-01-01,obm_spent_value_ge365_btc_daily,2499.06682759,BTC,daily,OBM v0.1.0
2022-01-02,obm_spent_value_ge365_btc_daily,1004.97642492,BTC,daily,OBM v0.1.0
2022-01-03,obm_spent_value_ge365_btc_daily,4288.05334692,BTC,daily,OBM v0.1.0
2022-01-04,obm_spent_value_ge365_btc_daily,2168.51513664,BTC,daily,OBM v0.1.0
2022-01-05,obm_spent_value_ge365_btc_daily,4398.67269171,BTC,daily,OBM v0.1.0
2022-01-06,obm_spent_value_ge365_btc_daily,8863.01098221,BTC,daily,OBM v0.1.0
2022-01-07,obm_spent_value_ge365_btc_daily,3752.04855109,BTC,daily,OBM v0.1.0
2022-01-08,obm_spent_value_ge365_btc_daily,1781.38448129,BTC,daily,OBM v0.1.0
2022-01-09,obm_spent_value_ge365_btc_daily,1906.24832408,BTC,daily,OBM v0.1.0
2022-01-10,obm_spent_value_ge365_btc_daily,5192.54878259,BTC,daily,OBM v0.1.0
2022-01-11,obm_spent_value_ge365_btc_daily,2816.54054947,BTC,daily,OBM v0.1.0
2022-01-12,obm_spent_value_ge365_btc_daily,8123.77568099,BTC,daily,OBM v0.1.0
2022-01-13,obm_spent_value_ge365_btc_daily,2783.69871189,BTC,daily,OBM v0.1.0
2022-01-14,obm_spent_value_ge365_btc_daily,2329.71393806,BTC,daily,OBM v0.1.0
2022-01-15,obm_spent_value_ge365_btc_daily,1379.29421016,BTC,daily,OBM v0.1.0
2022-01-16,obm_spent_value_ge365_btc_daily,2594.76220573,BTC,daily,OBM v0.1.0
2022-01-17,obm_spent_value_ge365_btc_daily,2992.49972021,BTC,daily,OBM v0.1.0
2022-01-18,obm_spent_value_ge365_btc_daily,2486.39751126,BTC,daily,OBM v0.1.0
2022-01-19,obm_spent_value_ge365_btc_daily,4236.00000683,BTC,daily,OBM v0.1.0
2022-01-20,obm_spent_value_ge365_btc_daily,5449.52753159,BTC,daily,OBM v0.1.0
2022-01-21,obm_spent_value_ge365_btc_daily,4860.91046555,BTC,daily,OBM v0.1.0
2022-01-22,obm_spent_value_ge365_btc_daily,8557.98340564,BTC,daily,OBM v0.1.0
2022-01-23,obm_spent_value_ge365_btc_daily,7443.50329110,BTC,daily,OBM v0.1.0
2022-01-24,obm_spent_value_ge365_btc_daily,6629.06302446,BTC,daily,OBM v0.1.0
2022-01-25,obm_spent_value_ge365_btc_daily,8346.59825444,BTC,daily,OBM v0.1.0
2022-01-26,obm_spent_value_ge365_btc_daily,3191.47190896,BTC,daily,OBM v0.1.0
2022-01-27,obm_spent_value_ge365_btc_daily,15353.64550411,BTC,daily,OBM v0.1.0
2022-01-28,obm_spent_value_ge365_btc_daily,2201.84246804,BTC,daily,OBM v0.1.0
2022-01-29,obm_spent_value_ge365_btc_daily,3509.47016217,BTC,daily,OBM v0.1.0
2022-01-30,obm_spent_value_ge365_btc_daily,3781.77578892,BTC,daily,OBM v0.1.0
2022-01-31,obm_spent_value_ge365_btc_daily,2697.81201916,BTC,daily,OBM v0.1.0
2022-02-01,obm_spent_value_ge365_btc_daily,97297.59634799,BTC,daily,OBM v0.1.0
2022-02-02,obm_spent_value_ge365_btc_daily,2579.69345686,BTC,daily,OBM v0.1.0
2022-02-03,obm_spent_value_ge365_btc_daily,2131.47622543,BTC,daily,OBM v0.1.0
2022-02-04,obm_spent_value_ge365_btc_daily,1960.94337929,BTC,daily,OBM v0.1.0
2022-02-05,obm_spent_value_ge365_btc_daily,2483.18819719,BTC,daily,OBM v0.1.0
2022-02-06,obm_spent_value_ge365_btc_daily,2049.38932259,BTC,daily,OBM v0.1.0
2022-02-07,obm_spent_value_ge365_btc_daily,5010.70266385,BTC,daily,OBM v0.1.0
2022-02-08,obm_spent_value_ge365_btc_daily,3298.47836436,BTC,daily,OBM v0.1.0
2022-02-09,obm_spent_value_ge365_btc_daily,4051.64445250,BTC,daily,OBM v0.1.0
2022-02-10,obm_spent_value_ge365_btc_daily,8586.78839609,BTC,daily,OBM v0.1.0
2022-02-11,obm_spent_value_ge365_btc_daily,8705.30197191,BTC,daily,OBM v0.1.0
2022-02-12,obm_spent_value_ge365_btc_daily,1314.31894151,BTC,daily,OBM v0.1.0
2022-02-13,obm_spent_value_ge365_btc_daily,2333.59785460,BTC,daily,OBM v0.1.0
2022-02-14,obm_spent_value_ge365_btc_daily,2001.25798118,BTC,daily,OBM v0.1.0
2022-02-15,obm_spent_value_ge365_btc_daily,5742.46492041,BTC,daily,OBM v0.1.0
2022-02-16,obm_spent_value_ge365_btc_daily,3204.80842565,BTC,daily,OBM v0.1.0
2022-02-17,obm_spent_value_ge365_btc_daily,4865.31258907,BTC,daily,OBM v0.1.0
2022-02-18,obm_spent_value_ge365_btc_daily,2786.55365314,BTC,daily,OBM v0.1.0
2022-02-19,obm_spent_value_ge365_btc_daily,1763.62357525,BTC,daily,OBM v0.1.0
2022-02-20,obm_spent_value_ge365_btc_daily,3041.76183099,BTC,daily,OBM v0.1.0
2022-02-21,obm_spent_value_ge365_btc_daily,5232.49253045,BTC,daily,OBM v0.1.0
2022-02-22,obm_spent_value_ge365_btc_daily,2920.62000633,BTC,daily,OBM v0.1.0
2022-02-23,obm_spent_value_ge365_btc_daily,10612.24559023,BTC,daily,OBM v0.1.0
2022-02-24,obm_spent_value_ge365_btc_daily,3687.78985214,BTC,daily,OBM v0.1.0
2022-02-25,obm_spent_value_ge365_btc_daily,9282.94265595,BTC,daily,OBM v0.1.0
2022-02-26,obm_spent_value_ge365_btc_daily,3066.62242270,BTC,daily,OBM v0.1.0
2022-02-27,obm_spent_value_ge365_btc_daily,5912.69102067,BTC,daily,OBM v0.1.0
2022-02-28,obm_spent_value_ge365_btc_daily,22041.71595506,BTC,daily,OBM v0.1.0
2022-03-01,obm_spent_value_ge365_btc_daily,5657.71090432,BTC,daily,OBM v0.1.0
2022-03-02,obm_spent_value_ge365_btc_daily,6660.16268302,BTC,daily,OBM v0.1.0
2022-03-03,obm_spent_value_ge365_btc_daily,15546.12683933,BTC,daily,OBM v0.1.0
2022-03-04,obm_spent_value_ge365_btc_daily,6155.19862842,BTC,daily,OBM v0.1.0
2022-03-05,obm_spent_value_ge365_btc_daily,1529.39521729,BTC,daily,OBM v0.1.0
2022-03-06,obm_spent_value_ge365_btc_daily,3407.79071283,BTC,daily,OBM v0.1.0
2022-03-07,obm_spent_value_ge365_btc_daily,7872.38903663,BTC,daily,OBM v0.1.0
2022-03-08,obm_spent_value_ge365_btc_daily,14046.12227800,BTC,daily,OBM v0.1.0
2022-03-09,obm_spent_value_ge365_btc_daily,7602.91196484,BTC,daily,OBM v0.1.0
2022-03-10,obm_spent_value_ge365_btc_daily,3603.05284173,BTC,daily,OBM v0.1.0
2022-03-11,obm_spent_value_ge365_btc_daily,30216.32784599,BTC,daily,OBM v0.1.0
2022-03-12,obm_spent_value_ge365_btc_daily,5544.43656248,BTC,daily,OBM v0.1.0
2022-03-13,obm_spent_value_ge365_btc_daily,3141.08619737,BTC,daily,OBM v0.1.0
2022-03-14,obm_spent_value_ge365_btc_daily,3872.95583126,BTC,daily,OBM v0.1.0
2022-03-15,obm_spent_value_ge365_btc_daily,3403.73165655,BTC,daily,OBM v0.1.0
2022-03-16,obm_spent_value_ge365_btc_daily,11283.23811400,BTC,daily,OBM v0.1.0
2022-03-17,obm_spent_value_ge365_btc_daily,27968.81413483,BTC,daily,OBM v0.1.0
2022-03-18,obm_spent_value_ge365_btc_daily,1871.14547338,BTC,daily,OBM v0.1.0
2022-03-19,obm_spent_value_ge365_btc_daily,4540.38938097,BTC,daily,OBM v0.1.0
2022-03-20,obm_spent_value_ge365_btc_daily,981.24852734,BTC,daily,OBM v0.1.0
2022-03-21,obm_spent_value_ge365_btc_daily,1711.43028888,BTC,daily,OBM v0.1.0
2022-03-22,obm_spent_value_ge365_btc_daily,3612.76330674,BTC,daily,OBM v0.1.0
2022-03-23,obm_spent_value_ge365_btc_daily,4730.80795550,BTC,daily,OBM v0.1.0
2022-03-24,obm_spent_value_ge365_btc_daily,1966.03062195,BTC,daily,OBM v0.1.0
2022-03-25,obm_spent_value_ge365_btc_daily,58073.94667347,BTC,daily,OBM v0.1.0
2022-03-26,obm_spent_value_ge365_btc_daily,2074.75575152,BTC,daily,OBM v0.1.0
2022-03-27,obm_spent_value_ge365_btc_daily,1729.55732677,BTC,daily,OBM v0.1.0
2022-03-28,obm_spent_value_ge365_btc_daily,4560.91520047,BTC,daily,OBM v0.1.0
2022-03-29,obm_spent_value_ge365_btc_daily,14810.46777987,BTC,daily,OBM v0.1.0
2022-03-30,obm_spent_value_ge365_btc_daily,2217.39648657,BTC,daily,OBM v0.1.0
2022-03-31,obm_spent_value_ge365_btc_daily,5871.19908698,BTC,daily,OBM v0.1.0
2022-04-01,obm_spent_value_ge365_btc_daily,5822.78469841,BTC,daily,OBM v0.1.0
2022-04-02,obm_spent_value_ge365_btc_daily,1683.68040719,BTC,daily,OBM v0.1.0
2022-04-03,obm_spent_value_ge365_btc_daily,5029.71356508,BTC,daily,OBM v0.1.0
2022-04-04,obm_spent_value_ge365_btc_daily,4300.59690843,BTC,daily,OBM v0.1.0
2022-04-05,obm_spent_value_ge365_btc_daily,4348.12471055,BTC,daily,OBM v0.1.0
2022-04-06,obm_spent_value_ge365_btc_daily,2658.28365864,BTC,daily,OBM v0.1.0
2022-04-07,obm_spent_value_ge365_btc_daily,2462.93725456,BTC,daily,OBM v0.1.0
2022-04-08,obm_spent_value_ge365_btc_daily,2994.04741665,BTC,daily,OBM v0.1.0
2022-04-09,obm_spent_value_ge365_btc_daily,1343.98787900,BTC,daily,OBM v0.1.0
2022-04-10,obm_spent_value_ge365_btc_daily,1599.40942433,BTC,daily,OBM v0.1.0
2022-04-11,obm_spent_value_ge365_btc_daily,4814.04255457,BTC,daily,OBM v0.1.0
2022-04-12,obm_spent_value_ge365_btc_daily,35484.35872756,BTC,daily,OBM v0.1.0
2022-04-13,obm_spent_value_ge365_btc_daily,3207.18789336,BTC,daily,OBM v0.1.0
2022-04-14,obm_spent_value_ge365_btc_daily,28113.39075905,BTC,daily,OBM v0.1.0
2022-04-15,obm_spent_value_ge365_btc_daily,1596.69242445,BTC,daily,OBM v0.1.0
2022-04-16,obm_spent_value_ge365_btc_daily,960.44900288,BTC,daily,OBM v0.1.0
2022-04-17,obm_spent_value_ge365_btc_daily,1421.95574337,BTC,daily,OBM v0.1.0
2022-04-18,obm_spent_value_ge365_btc_daily,1926.70904993,BTC,daily,OBM v0.1.0
2022-04-19,obm_spent_value_ge365_btc_daily,7596.68642909,BTC,daily,OBM v0.1.0
2022-04-20,obm_spent_value_ge365_btc_daily,3139.40962692,BTC,daily,OBM v0.1.0
2022-04-21,obm_spent_value_ge365_btc_daily,36278.53637438,BTC,daily,OBM v0.1.0
2022-04-22,obm_spent_value_ge365_btc_daily,5069.77684186,BTC,daily,OBM v0.1.0
2022-04-23,obm_spent_value_ge365_btc_daily,2580.99439338,BTC,daily,OBM v0.1.0
2022-04-24,obm_spent_value_ge365_btc_daily,1889.27723430,BTC,daily,OBM v0.1.0
2022-04-25,obm_spent_value_ge365_btc_daily,2676.75393699,BTC,daily,OBM v0.1.0
2022-04-26,obm_spent_value_ge365_btc_daily,3223.13143934,BTC,daily,OBM v0.1.0
2022-04-27,obm_spent_value_ge365_btc_daily,1962.32569578,BTC,daily,OBM v0.1.0
2022-04-28,obm_spent_value_ge365_btc_daily,6142.71271981,BTC,daily,OBM v0.1.0
2022-04-29,obm_spent_value_ge365_btc_daily,9060.82124675,BTC,daily,OBM v0.1.0
2022-04-30,obm_spent_value_ge365_btc_daily,4025.17260425,BTC,daily,OBM v0.1.0
2022-05-01,obm_spent_value_ge365_btc_daily,2395.12250506,BTC,daily,OBM v0.1.0
2022-05-02,obm_spent_value_ge365_btc_daily,15307.08559393,BTC,daily,OBM v0.1.0
2022-05-03,obm_spent_value_ge365_btc_daily,16299.50788641,BTC,daily,OBM v0.1.0
2022-05-04,obm_spent_value_ge365_btc_daily,12588.37402343,BTC,daily,OBM v0.1.0
2022-05-05,obm_spent_value_ge365_btc_daily,5140.41051765,BTC,daily,OBM v0.1.0
2022-05-06,obm_spent_value_ge365_btc_daily,10659.83335415,BTC,daily,OBM v0.1.0
2022-05-07,obm_spent_value_ge365_btc_daily,1701.10669668,BTC,daily,OBM v0.1.0
2022-05-08,obm_spent_value_ge365_btc_daily,5174.47087176,BTC,daily,OBM v0.1.0
2022-05-09,obm_spent_value_ge365_btc_daily,12004.36626578,BTC,daily,OBM v0.1.0
2022-05-10,obm_spent_value_ge365_btc_daily,9002.98702679,BTC,daily,OBM v0.1.0
2022-05-11,obm_spent_value_ge365_btc_daily,26194.28834779,BTC,daily,OBM v0.1.0
2022-05-12,obm_spent_value_ge365_btc_daily,10704.21620120,BTC,daily,OBM v0.1.0
2022-05-13,obm_spent_value_ge365_btc_daily,20729.55244507,BTC,daily,OBM v0.1.0
2022-05-14,obm_spent_value_ge365_btc_daily,37383.95272120,BTC,daily,OBM v0.1.0
2022-05-15,obm_spent_value_ge365_btc_daily,2716.70436637,BTC,daily,OBM v0.1.0
2022-05-16,obm_spent_value_ge365_btc_daily,9565.08338327,BTC,daily,OBM v0.1.0
2022-05-17,obm_spent_value_ge365_btc_daily,15532.13496294,BTC,daily,OBM v0.1.0
2022-05-18,obm_spent_value_ge365_btc_daily,3098.00938173,BTC,daily,OBM v0.1.0
2022-05-19,obm_spent_value_ge365_btc_daily,24578.54747680,BTC,daily,OBM v0.1.0
2022-05-20,obm_spent_value_ge365_btc_daily,8216.58231837,BTC,daily,OBM v0.1.0
2022-05-21,obm_spent_value_ge365_btc_daily,4075.31585130,BTC,daily,OBM v0.1.0
2022-05-22,obm_spent_value_ge365_btc_daily,1479.38031529,BTC,daily,OBM v0.1.0
2022-05-23,obm_spent_value_ge365_btc_daily,3006.60044410,BTC,daily,OBM v0.1.0
2022-05-24,obm_spent_value_ge365_btc_daily,8215.55808107,BTC,daily,OBM v0.1.0
2022-05-25,obm_spent_value_ge365_btc_daily,6295.84415991,BTC,daily,OBM v0.1.0
2022-05-26,obm_spent_value_ge365_btc_daily,5122.56388214,BTC,daily,OBM v0.1.0
2022-05-27,obm_spent_value_ge365_btc_daily,12185.16463657,BTC,daily,OBM v0.1.0
2022-05-28,obm_spent_value_ge365_btc_daily,1842.93956714,BTC,daily,OBM v0.1.0
2022-05-29,obm_spent_value_ge365_btc_daily,4674.51295820,BTC,daily,OBM v0.1.0
2022-05-30,obm_spent_value_ge365_btc_daily,4790.45630657,BTC,daily,OBM v0.1.0
2022-05-31,obm_spent_value_ge365_btc_daily,4504.30383799,BTC,daily,OBM v0.1.0
2022-06-01,obm_spent_value_ge365_btc_daily,13732.81623227,BTC,daily,OBM v0.1.0
2022-06-02,obm_spent_value_ge365_btc_daily,42164.49898277,BTC,daily,OBM v0.1.0
2022-06-03,obm_spent_value_ge365_btc_daily,13395.57501606,BTC,daily,OBM v0.1.0
2022-06-04,obm_spent_value_ge365_btc_daily,6955.61746631,BTC,daily,OBM v0.1.0
2022-06-05,obm_spent_value_ge365_btc_daily,1123.38984395,BTC,daily,OBM v0.1.0
2022-06-06,obm_spent_value_ge365_btc_daily,2519.71542450,BTC,daily,OBM v0.1.0
2022-06-07,obm_spent_value_ge365_btc_daily,2749.07948464,BTC,daily,OBM v0.1.0
2022-06-08,obm_spent_value_ge365_btc_daily,7156.58075035,BTC,daily,OBM v0.1.0
2022-06-09,obm_spent_value_ge365_btc_daily,5507.01888458,BTC,daily,OBM v0.1.0
2022-06-10,obm_spent_value_ge365_btc_daily,12853.11261826,BTC,daily,OBM v0.1.0
2022-06-11,obm_spent_value_ge365_btc_daily,15357.06195507,BTC,daily,OBM v0.1.0
2022-06-12,obm_spent_value_ge365_btc_daily,8649.57389892,BTC,daily,OBM v0.1.0
2022-06-13,obm_spent_value_ge365_btc_daily,22693.74771166,BTC,daily,OBM v0.1.0
2022-06-14,obm_spent_value_ge365_btc_daily,19274.96636886,BTC,daily,OBM v0.1.0
2022-06-15,obm_spent_value_ge365_btc_daily,21328.97152051,BTC,daily,OBM v0.1.0
2022-06-16,obm_spent_value_ge365_btc_daily,11286.50769017,BTC,daily,OBM v0.1.0
2022-06-17,obm_spent_value_ge365_btc_daily,49693.90048761,BTC,daily,OBM v0.1.0
2022-06-18,obm_spent_value_ge365_btc_daily,14361.82768848,BTC,daily,OBM v0.1.0
2022-06-19,obm_spent_value_ge365_btc_daily,4729.95507008,BTC,daily,OBM v0.1.0
2022-06-20,obm_spent_value_ge365_btc_daily,4948.25701346,BTC,daily,OBM v0.1.0
2022-06-21,obm_spent_value_ge365_btc_daily,15558.91857295,BTC,daily,OBM v0.1.0
2022-06-22,obm_spent_value_ge365_btc_daily,5550.82608802,BTC,daily,OBM v0.1.0
2022-06-23,obm_spent_value_ge365_btc_daily,4286.81459312,BTC,daily,OBM v0.1.0
2022-06-24,obm_spent_value_ge365_btc_daily,9633.40925248,BTC,daily,OBM v0.1.0
2022-06-25,obm_spent_value_ge365_btc_daily,9513.71875487,BTC,daily,OBM v0.1.0
2022-06-26,obm_spent_value_ge365_btc_daily,1250.16152881,BTC,daily,OBM v0.1.0
2022-06-27,obm_spent_value_ge365_btc_daily,3367.58817159,BTC,daily,OBM v0.1.0
2022-06-28,obm_spent_value_ge365_btc_daily,7229.49931525,BTC,daily,OBM v0.1.0
2022-06-29,obm_spent_value_ge365_btc_daily,7925.92446082,BTC,daily,OBM v0.1.0
2022-06-30,obm_spent_value_ge365_btc_daily,16989.80256084,BTC,daily,OBM v0.1.0
2022-07-01,obm_spent_value_ge365_btc_daily,6333.41055895,BTC,daily,OBM v0.1.0
2022-07-02,obm_spent_value_ge365_btc_daily,1874.43169757,BTC,daily,OBM v0.1.0
2022-07-03,obm_spent_value_ge365_btc_daily,11430.24127690,BTC,daily,OBM v0.1.0
2022-07-04,obm_spent_value_ge365_btc_daily,1894.09582165,BTC,daily,OBM v0.1.0
2022-07-05,obm_spent_value_ge365_btc_daily,2312.12785376,BTC,daily,OBM v0.1.0
2022-07-06,obm_spent_value_ge365_btc_daily,8968.06191485,BTC,daily,OBM v0.1.0
2022-07-07,obm_spent_value_ge365_btc_daily,3232.10882767,BTC,daily,OBM v0.1.0
2022-07-08,obm_spent_value_ge365_btc_daily,2385.27177388,BTC,daily,OBM v0.1.0
2022-07-09,obm_spent_value_ge365_btc_daily,1081.40816278,BTC,daily,OBM v0.1.0
2022-07-10,obm_spent_value_ge365_btc_daily,2878.20661196,BTC,daily,OBM v0.1.0
2022-07-11,obm_spent_value_ge365_btc_daily,28100.39299446,BTC,daily,OBM v0.1.0
2022-07-12,obm_spent_value_ge365_btc_daily,3452.82451713,BTC,daily,OBM v0.1.0
2022-07-13,obm_spent_value_ge365_btc_daily,1671.05665330,BTC,daily,OBM v0.1.0
2022-07-14,obm_spent_value_ge365_btc_daily,4996.98163948,BTC,daily,OBM v0.1.0
2022-07-15,obm_spent_value_ge365_btc_daily,822.63314389,BTC,daily,OBM v0.1.0
2022-07-16,obm_spent_value_ge365_btc_daily,1429.16677996,BTC,daily,OBM v0.1.0
2022-07-17,obm_spent_value_ge365_btc_daily,697.53467168,BTC,daily,OBM v0.1.0
2022-07-18,obm_spent_value_ge365_btc_daily,4672.43561800,BTC,daily,OBM v0.1.0
2022-07-19,obm_spent_value_ge365_btc_daily,49225.93753050,BTC,daily,OBM v0.1.0
2022-07-20,obm_spent_value_ge365_btc_daily,4887.36618528,BTC,daily,OBM v0.1.0
2022-07-21,obm_spent_value_ge365_btc_daily,40167.70613972,BTC,daily,OBM v0.1.0
2022-07-22,obm_spent_value_ge365_btc_daily,1862.27274536,BTC,daily,OBM v0.1.0
2022-07-23,obm_spent_value_ge365_btc_daily,2624.92875029,BTC,daily,OBM v0.1.0
2022-07-24,obm_spent_value_ge365_btc_daily,1647.12553138,BTC,daily,OBM v0.1.0
2022-07-25,obm_spent_value_ge365_btc_daily,7310.34824937,BTC,daily,OBM v0.1.0
2022-07-26,obm_spent_value_ge365_btc_daily,3725.43480758,BTC,daily,OBM v0.1.0
2022-07-27,obm_spent_value_ge365_btc_daily,1846.31236712,BTC,daily,OBM v0.1.0
2022-07-28,obm_spent_value_ge365_btc_daily,1785.53081544,BTC,daily,OBM v0.1.0
2022-07-29,obm_spent_value_ge365_btc_daily,3714.68326998,BTC,daily,OBM v0.1.0
2022-07-30,obm_spent_value_ge365_btc_daily,1465.97104428,BTC,daily,OBM v0.1.0
2022-07-31,obm_spent_value_ge365_btc_daily,6055.99379518,BTC,daily,OBM v0.1.0
2022-08-01,obm_spent_value_ge365_btc_daily,1791.50781544,BTC,daily,OBM v0.1.0
2022-08-02,obm_spent_value_ge365_btc_daily,3471.17866644,BTC,daily,OBM v0.1.0
2022-08-03,obm_spent_value_ge365_btc_daily,2798.95491604,BTC,daily,OBM v0.1.0
2022-08-04,obm_spent_value_ge365_btc_daily,15379.50215223,BTC,daily,OBM v0.1.0
2022-08-05,obm_spent_value_ge365_btc_daily,1660.42284387,BTC,daily,OBM v0.1.0
2022-08-06,obm_spent_value_ge365_btc_daily,2921.00917163,BTC,daily,OBM v0.1.0
2022-08-07,obm_spent_value_ge365_btc_daily,4311.82858039,BTC,daily,OBM v0.1.0
2022-08-08,obm_spent_value_ge365_btc_daily,2489.21612491,BTC,daily,OBM v0.1.0
2022-08-09,obm_spent_value_ge365_btc_daily,14228.91445098,BTC,daily,OBM v0.1.0
2022-08-10,obm_spent_value_ge365_btc_daily,10904.43719328,BTC,daily,OBM v0.1.0
2022-08-11,obm_spent_value_ge365_btc_daily,3263.09833640,BTC,daily,OBM v0.1.0
2022-08-12,obm_spent_value_ge365_btc_daily,3376.11142842,BTC,daily,OBM v0.1.0
2022-08-13,obm_spent_value_ge365_btc_daily,1649.19321748,BTC,daily,OBM v0.1.0
2022-08-14,obm_spent_value_ge365_btc_daily,1439.90189532,BTC,daily,OBM v0.1.0
2022-08-15,obm_spent_value_ge365_btc_daily,2433.77796386,BTC,daily,OBM v0.1.0
2022-08-16,obm_spent_value_ge365_btc_daily,1785.05518977,BTC,daily,OBM v0.1.0
2022-08-17,obm_spent_value_ge365_btc_daily,4760.98628863,BTC,daily,OBM v0.1.0
2022-08-18,obm_spent_value_ge365_btc_daily,2714.36366173,BTC,daily,OBM v0.1.0
2022-08-19,obm_spent_value_ge365_btc_daily,4792.63297790,BTC,daily,OBM v0.1.0
2022-08-20,obm_spent_value_ge365_btc_daily,2652.02825828,BTC,daily,OBM v0.1.0
2022-08-21,obm_spent_value_ge365_btc_daily,1182.43283708,BTC,daily,OBM v0.1.0
2022-08-22,obm_spent_value_ge365_btc_daily,4187.35141344,BTC,daily,OBM v0.1.0
2022-08-23,obm_spent_value_ge365_btc_daily,2760.13680201,BTC,daily,OBM v0.1.0
2022-08-24,obm_spent_value_ge365_btc_daily,2379.43862927,BTC,daily,OBM v0.1.0
2022-08-25,obm_spent_value_ge365_btc_daily,2353.85956629,BTC,daily,OBM v0.1.0
2022-08-26,obm_spent_value_ge365_btc_daily,2943.57840479,BTC,daily,OBM v0.1.0
2022-08-27,obm_spent_value_ge365_btc_daily,1662.52101343,BTC,daily,OBM v0.1.0
2022-08-28,obm_spent_value_ge365_btc_daily,6072.20027754,BTC,daily,OBM v0.1.0
2022-08-29,obm_spent_value_ge365_btc_daily,6780.04430523,BTC,daily,OBM v0.1.0
2022-08-30,obm_spent_value_ge365_btc_daily,7113.86857947,BTC,daily,OBM v0.1.0
2022-08-31,obm_spent_value_ge365_btc_daily,2577.79566583,BTC,daily,OBM v0.1.0
2022-09-01,obm_spent_value_ge365_btc_daily,3433.89887825,BTC,daily,OBM v0.1.0
2022-09-02,obm_spent_value_ge365_btc_daily,2511.82984427,BTC,daily,OBM v0.1.0
2022-09-03,obm_spent_value_ge365_btc_daily,1536.36988770,BTC,daily,OBM v0.1.0
2022-09-04,obm_spent_value_ge365_btc_daily,6123.63338726,BTC,daily,OBM v0.1.0
2022-09-05,obm_spent_value_ge365_btc_daily,1866.83130363,BTC,daily,OBM v0.1.0
2022-09-06,obm_spent_value_ge365_btc_daily,8485.93543050,BTC,daily,OBM v0.1.0
2022-09-07,obm_spent_value_ge365_btc_daily,4949.77821342,BTC,daily,OBM v0.1.0
2022-09-08,obm_spent_value_ge365_btc_daily,2213.03120313,BTC,daily,OBM v0.1.0
2022-09-09,obm_spent_value_ge365_btc_daily,2901.51107578,BTC,daily,OBM v0.1.0
2022-09-10,obm_spent_value_ge365_btc_daily,1983.81582569,BTC,daily,OBM v0.1.0
2022-09-11,obm_spent_value_ge365_btc_daily,2294.66348433,BTC,daily,OBM v0.1.0
2022-09-12,obm_spent_value_ge365_btc_daily,2251.98018152,BTC,daily,OBM v0.1.0
2022-09-13,obm_spent_value_ge365_btc_daily,15204.01088976,BTC,daily,OBM v0.1.0
2022-09-14,obm_spent_value_ge365_btc_daily,2968.45106714,BTC,daily,OBM v0.1.0
2022-09-15,obm_spent_value_ge365_btc_daily,1789.92024607,BTC,daily,OBM v0.1.0
2022-09-16,obm_spent_value_ge365_btc_daily,1916.30796825,BTC,daily,OBM v0.1.0
2022-09-17,obm_spent_value_ge365_btc_daily,1446.68177078,BTC,daily,OBM v0.1.0
2022-09-18,obm_spent_value_ge365_btc_daily,882.73551773,BTC,daily,OBM v0.1.0
2022-09-19,obm_spent_value_ge365_btc_daily,5924.47896477,BTC,daily,OBM v0.1.0
2022-09-20,obm_spent_value_ge365_btc_daily,5070.39694823,BTC,daily,OBM v0.1.0
2022-09-21,obm_spent_value_ge365_btc_daily,6219.27410464,BTC,daily,OBM v0.1.0
2022-09-22,obm_spent_value_ge365_btc_daily,1837.61483456,BTC,daily,OBM v0.1.0
2022-09-23,obm_spent_value_ge365_btc_daily,3225.19720454,BTC,daily,OBM v0.1.0
2022-09-24,obm_spent_value_ge365_btc_daily,1057.70440973,BTC,daily,OBM v0.1.0
2022-09-25,obm_spent_value_ge365_btc_daily,1350.75884032,BTC,daily,OBM v0.1.0
2022-09-26,obm_spent_value_ge365_btc_daily,3342.45901528,BTC,daily,OBM v0.1.0
2022-09-27,obm_spent_value_ge365_btc_daily,6440.68720496,BTC,daily,OBM v0.1.0
2022-09-28,obm_spent_value_ge365_btc_daily,3627.34356800,BTC,daily,OBM v0.1.0
2022-09-29,obm_spent_value_ge365_btc_daily,2779.37911717,BTC,daily,OBM v0.1.0
2022-09-30,obm_spent_value_ge365_btc_daily,5717.26157241,BTC,daily,OBM v0.1.0
2022-10-01,obm_spent_value_ge365_btc_daily,1242.63342261,BTC,daily,OBM v0.1.0
2022-10-02,obm_spent_value_ge365_btc_daily,1222.41669965,BTC,daily,OBM v0.1.0
2022-10-03,obm_spent_value_ge365_btc_daily,2023.40169226,BTC,daily,OBM v0.1.0
2022-10-04,obm_spent_value_ge365_btc_daily,3556.33531287,BTC,daily,OBM v0.1.0
2022-10-05,obm_spent_value_ge365_btc_daily,6435.23060173,BTC,daily,OBM v0.1.0
2022-10-06,obm_spent_value_ge365_btc_daily,2988.86602731,BTC,daily,OBM v0.1.0
2022-10-07,obm_spent_value_ge365_btc_daily,4360.54127363,BTC,daily,OBM v0.1.0
2022-10-08,obm_spent_value_ge365_btc_daily,6070.63429009,BTC,daily,OBM v0.1.0
2022-10-09,obm_spent_value_ge365_btc_daily,1401.74799704,BTC,daily,OBM v0.1.0
2022-10-10,obm_spent_value_ge365_btc_daily,2037.23886267,BTC,daily,OBM v0.1.0
2022-10-11,obm_spent_value_ge365_btc_daily,5117.56686089,BTC,daily,OBM v0.1.0
2022-10-12,obm_spent_value_ge365_btc_daily,3950.10740424,BTC,daily,OBM v0.1.0
2022-10-13,obm_spent_value_ge365_btc_daily,2412.19460950,BTC,daily,OBM v0.1.0
2022-10-14,obm_spent_value_ge365_btc_daily,2259.51894242,BTC,daily,OBM v0.1.0
2022-10-15,obm_spent_value_ge365_btc_daily,1046.36209573,BTC,daily,OBM v0.1.0
2022-10-16,obm_spent_value_ge365_btc_daily,3042.92557687,BTC,daily,OBM v0.1.0
2022-10-17,obm_spent_value_ge365_btc_daily,22353.26141846,BTC,daily,OBM v0.1.0
2022-10-18,obm_spent_value_ge365_btc_daily,40880.67384039,BTC,daily,OBM v0.1.0
2022-10-19,obm_spent_value_ge365_btc_daily,3905.93193705,BTC,daily,OBM v0.1.0
2022-10-20,obm_spent_value_ge365_btc_daily,1871.95605710,BTC,daily,OBM v0.1.0
2022-10-21,obm_spent_value_ge365_btc_daily,2606.34271907,BTC,daily,OBM v0.1.0
2022-10-22,obm_spent_value_ge365_btc_daily,9214.17100088,BTC,daily,OBM v0.1.0
2022-10-23,obm_spent_value_ge365_btc_daily,1492.95379521,BTC,daily,OBM v0.1.0
2022-10-24,obm_spent_value_ge365_btc_daily,3364.13158363,BTC,daily,OBM v0.1.0
2022-10-25,obm_spent_value_ge365_btc_daily,7275.39901936,BTC,daily,OBM v0.1.0
2022-10-26,obm_spent_value_ge365_btc_daily,6119.05043193,BTC,daily,OBM v0.1.0
2022-10-27,obm_spent_value_ge365_btc_daily,7512.62973157,BTC,daily,OBM v0.1.0
2022-10-28,obm_spent_value_ge365_btc_daily,2675.64509480,BTC,daily,OBM v0.1.0
2022-10-29,obm_spent_value_ge365_btc_daily,2053.12688317,BTC,daily,OBM v0.1.0
2022-10-30,obm_spent_value_ge365_btc_daily,3187.46889839,BTC,daily,OBM v0.1.0
2022-10-31,obm_spent_value_ge365_btc_daily,4773.69505928,BTC,daily,OBM v0.1.0
2022-11-01,obm_spent_value_ge365_btc_daily,3868.54214414,BTC,daily,OBM v0.1.0
2022-11-02,obm_spent_value_ge365_btc_daily,6627.16525691,BTC,daily,OBM v0.1.0
2022-11-03,obm_spent_value_ge365_btc_daily,3583.95350163,BTC,daily,OBM v0.1.0
2022-11-04,obm_spent_value_ge365_btc_daily,39225.77219198,BTC,daily,OBM v0.1.0
2022-11-05,obm_spent_value_ge365_btc_daily,6873.32636375,BTC,daily,OBM v0.1.0
2022-11-06,obm_spent_value_ge365_btc_daily,1421.64697043,BTC,daily,OBM v0.1.0
2022-11-07,obm_spent_value_ge365_btc_daily,25322.29350363,BTC,daily,OBM v0.1.0
2022-11-08,obm_spent_value_ge365_btc_daily,8119.09600814,BTC,daily,OBM v0.1.0
2022-11-09,obm_spent_value_ge365_btc_daily,26744.04599136,BTC,daily,OBM v0.1.0
2022-11-10,obm_spent_value_ge365_btc_daily,9634.04172125,BTC,daily,OBM v0.1.0
2022-11-11,obm_spent_value_ge365_btc_daily,28370.69350637,BTC,daily,OBM v0.1.0
2022-11-12,obm_spent_value_ge365_btc_daily,36452.86605265,BTC,daily,OBM v0.1.0
2022-11-13,obm_spent_value_ge365_btc_daily,2381.00504963,BTC,daily,OBM v0.1.0
2022-11-14,obm_spent_value_ge365_btc_daily,6297.04630272,BTC,daily,OBM v0.1.0
2022-11-15,obm_spent_value_ge365_btc_daily,9916.97988933,BTC,daily,OBM v0.1.0
2022-11-16,obm_spent_value_ge365_btc_daily,30310.29846480,BTC,daily,OBM v0.1.0
2022-11-17,obm_spent_value_ge365_btc_daily,3701.60848621,BTC,daily,OBM v0.1.0
2022-11-18,obm_spent_value_ge365_btc_daily,80034.94989847,BTC,daily,OBM v0.1.0
2022-11-19,obm_spent_value_ge365_btc_daily,2327.69464365,BTC,daily,OBM v0.1.0
2022-11-20,obm_spent_value_ge365_btc_daily,7384.69438314,BTC,daily,OBM v0.1.0
2022-11-21,obm_spent_value_ge365_btc_daily,14651.04198366,BTC,daily,OBM v0.1.0
2022-11-22,obm_spent_value_ge365_btc_daily,10737.62187905,BTC,daily,OBM v0.1.0
2022-11-23,obm_spent_value_ge365_btc_daily,47006.36162532,BTC,daily,OBM v0.1.0
2022-11-24,obm_spent_value_ge365_btc_daily,5684.11719773,BTC,daily,OBM v0.1.0
2022-11-25,obm_spent_value_ge365_btc_daily,3284.62565998,BTC,daily,OBM v0.1.0
2022-11-26,obm_spent_value_ge365_btc_daily,5464.90308011,BTC,daily,OBM v0.1.0
2022-11-27,obm_spent_value_ge365_btc_daily,1845.61407665,BTC,daily,OBM v0.1.0
2022-11-28,obm_spent_value_ge365_btc_daily,5063.59920288,BTC,daily,OBM v0.1.0
2022-11-29,obm_spent_value_ge365_btc_daily,5833.99852385,BTC,daily,OBM v0.1.0
2022-11-30,obm_spent_value_ge365_btc_daily,5794.99351740,BTC,daily,OBM v0.1.0
2022-12-01,obm_spent_value_ge365_btc_daily,8229.36293538,BTC,daily,OBM v0.1.0
2022-12-02,obm_spent_value_ge365_btc_daily,4858.70028436,BTC,daily,OBM v0.1.0
2022-12-03,obm_spent_value_ge365_btc_daily,1538.94177614,BTC,daily,OBM v0.1.0
2022-12-04,obm_spent_value_ge365_btc_daily,7361.30020605,BTC,daily,OBM v0.1.0
2022-12-05,obm_spent_value_ge365_btc_daily,7754.27786884,BTC,daily,OBM v0.1.0
2022-12-06,obm_spent_value_ge365_btc_daily,9685.92852714,BTC,daily,OBM v0.1.0
2022-12-07,obm_spent_value_ge365_btc_daily,3361.85962649,BTC,daily,OBM v0.1.0
2022-12-08,obm_spent_value_ge365_btc_daily,2474.55658206,BTC,daily,OBM v0.1.0
2022-12-09,obm_spent_value_ge365_btc_daily,13578.35986527,BTC,daily,OBM v0.1.0
2022-12-10,obm_spent_value_ge365_btc_daily,2927.62126440,BTC,daily,OBM v0.1.0
2022-12-11,obm_spent_value_ge365_btc_daily,3596.96347034,BTC,daily,OBM v0.1.0
2022-12-12,obm_spent_value_ge365_btc_daily,3352.53468160,BTC,daily,OBM v0.1.0
2022-12-13,obm_spent_value_ge365_btc_daily,10369.27053706,BTC,daily,OBM v0.1.0
2022-12-14,obm_spent_value_ge365_btc_daily,12374.10182337,BTC,daily,OBM v0.1.0
2022-12-15,obm_spent_value_ge365_btc_daily,3032.63289432,BTC,daily,OBM v0.1.0
2022-12-16,obm_spent_value_ge365_btc_daily,6561.77847192,BTC,daily,OBM v0.1.0
2022-12-17,obm_spent_value_ge365_btc_daily,3457.46668441,BTC,daily,OBM v0.1.0
2022-12-18,obm_spent_value_ge365_btc_daily,2813.74569033,BTC,daily,OBM v0.1.0
2022-12-19,obm_spent_value_ge365_btc_daily,4233.10342123,BTC,daily,OBM v0.1.0
2022-12-20,obm_spent_value_ge365_btc_daily,2796.12885527,BTC,daily,OBM v0.1.0
2022-12-21,obm_spent_value_ge365_btc_daily,6095.06460701,BTC,daily,OBM v0.1.0
2022-12-22,obm_spent_value_ge365_btc_daily,4590.61259525,BTC,daily,OBM v0.1.0
2022-12-23,obm_spent_value_ge365_btc_daily,4165.28009575,BTC,daily,OBM v0.1.0
2022-12-24,obm_spent_value_ge365_btc_daily,3610.32268463,BTC,daily,OBM v0.1.0
2022-12-25,obm_spent_value_ge365_btc_daily,7803.03856034,BTC,daily,OBM v0.1.0
2022-12-26,obm_spent_value_ge365_btc_daily,1621.54764694,BTC,daily,OBM v0.1.0
2022-12-27,obm_spent_value_ge365_btc_daily,4601.64715974,BTC,daily,OBM v0.1.0
2022-12-28,obm_spent_value_ge365_btc_daily,13892.33354986,BTC,daily,OBM v0.1.0
2022-12-29,obm_spent_value_ge365_btc_daily,8200.67129225,BTC,daily,OBM v0.1.0
2022-12-30,obm_spent_value_ge365_btc_daily,5814.56367506,BTC,daily,OBM v0.1.0
2022-12-31,obm_spent_value_ge365_btc_daily,25464.65865957,BTC,daily,OBM v0.1.0
2023-01-01,obm_spent_value_ge365_btc_daily,1897.59541589,BTC,daily,OBM v0.1.0
2023-01-02,obm_spent_value_ge365_btc_daily,4703.18553252,BTC,daily,OBM v0.1.0
2023-01-03,obm_spent_value_ge365_btc_daily,4866.43423970,BTC,daily,OBM v0.1.0
2023-01-04,obm_spent_value_ge365_btc_daily,3589.75180373,BTC,daily,OBM v0.1.0
2023-01-05,obm_spent_value_ge365_btc_daily,25317.65314573,BTC,daily,OBM v0.1.0
2023-01-06,obm_spent_value_ge365_btc_daily,10182.25077955,BTC,daily,OBM v0.1.0
2023-01-07,obm_spent_value_ge365_btc_daily,4995.14968262,BTC,daily,OBM v0.1.0
2023-01-08,obm_spent_value_ge365_btc_daily,2693.03989439,BTC,daily,OBM v0.1.0
2023-01-09,obm_spent_value_ge365_btc_daily,3542.32166243,BTC,daily,OBM v0.1.0
2023-01-10,obm_spent_value_ge365_btc_daily,11226.05922545,BTC,daily,OBM v0.1.0
2023-01-11,obm_spent_value_ge365_btc_daily,9100.11503125,BTC,daily,OBM v0.1.0
2023-01-12,obm_spent_value_ge365_btc_daily,4215.29786733,BTC,daily,OBM v0.1.0
2023-01-13,obm_spent_value_ge365_btc_daily,2641.67529416,BTC,daily,OBM v0.1.0
2023-01-14,obm_spent_value_ge365_btc_daily,3868.39644043,BTC,daily,OBM v0.1.0
2023-01-15,obm_spent_value_ge365_btc_daily,4054.62428668,BTC,daily,OBM v0.1.0
2023-01-16,obm_spent_value_ge365_btc_daily,12261.75943621,BTC,daily,OBM v0.1.0
2023-01-17,obm_spent_value_ge365_btc_daily,6360.06376798,BTC,daily,OBM v0.1.0
2023-01-18,obm_spent_value_ge365_btc_daily,11196.87506993,BTC,daily,OBM v0.1.0
2023-01-19,obm_spent_value_ge365_btc_daily,8623.77401654,BTC,daily,OBM v0.1.0
2023-01-20,obm_spent_value_ge365_btc_daily,5638.87354828,BTC,daily,OBM v0.1.0
2023-01-21,obm_spent_value_ge365_btc_daily,3432.68351777,BTC,daily,OBM v0.1.0
2023-01-22,obm_spent_value_ge365_btc_daily,1717.46883822,BTC,daily,OBM v0.1.0
2023-01-23,obm_spent_value_ge365_btc_daily,5626.21823137,BTC,daily,OBM v0.1.0
2023-01-24,obm_spent_value_ge365_btc_daily,3662.49414965,BTC,daily,OBM v0.1.0
2023-01-25,obm_spent_value_ge365_btc_daily,4048.80892412,BTC,daily,OBM v0.1.0
2023-01-26,obm_spent_value_ge365_btc_daily,26035.27859608,BTC,daily,OBM v0.1.0
2023-01-27,obm_spent_value_ge365_btc_daily,2855.03124032,BTC,daily,OBM v0.1.0
2023-01-28,obm_spent_value_ge365_btc_daily,1723.67670620,BTC,daily,OBM v0.1.0
2023-01-29,obm_spent_value_ge365_btc_daily,2300.44460766,BTC,daily,OBM v0.1.0
2023-01-30,obm_spent_value_ge365_btc_daily,2864.05906198,BTC,daily,OBM v0.1.0
2023-01-31,obm_spent_value_ge365_btc_daily,4855.04583085,BTC,daily,OBM v0.1.0
2023-02-01,obm_spent_value_ge365_btc_daily,3263.85834656,BTC,daily,OBM v0.1.0
2023-02-02,obm_spent_value_ge365_btc_daily,2590.58436178,BTC,daily,OBM v0.1.0
2023-02-03,obm_spent_value_ge365_btc_daily,3845.01006797,BTC,daily,OBM v0.1.0
2023-02-04,obm_spent_value_ge365_btc_daily,1275.81091751,BTC,daily,OBM v0.1.0
2023-02-05,obm_spent_value_ge365_btc_daily,3169.80918604,BTC,daily,OBM v0.1.0
2023-02-06,obm_spent_value_ge365_btc_daily,2312.87476383,BTC,daily,OBM v0.1.0
2023-02-07,obm_spent_value_ge365_btc_daily,2650.59249045,BTC,daily,OBM v0.1.0
2023-02-08,obm_spent_value_ge365_btc_daily,2581.41675085,BTC,daily,OBM v0.1.0
2023-02-09,obm_spent_value_ge365_btc_daily,4409.56133898,BTC,daily,OBM v0.1.0
2023-02-10,obm_spent_value_ge365_btc_daily,2365.98882255,BTC,daily,OBM v0.1.0
2023-02-11,obm_spent_value_ge365_btc_daily,2265.96124217,BTC,daily,OBM v0.1.0
2023-02-12,obm_spent_value_ge365_btc_daily,2709.68040989,BTC,daily,OBM v0.1.0
2023-02-13,obm_spent_value_ge365_btc_daily,3017.22590441,BTC,daily,OBM v0.1.0
2023-02-14,obm_spent_value_ge365_btc_daily,1522.50801630,BTC,daily,OBM v0.1.0
2023-02-15,obm_spent_value_ge365_btc_daily,3703.39580543,BTC,daily,OBM v0.1.0
2023-02-16,obm_spent_value_ge365_btc_daily,3574.32572594,BTC,daily,OBM v0.1.0
2023-02-17,obm_spent_value_ge365_btc_daily,2593.32968264,BTC,daily,OBM v0.1.0
2023-02-18,obm_spent_value_ge365_btc_daily,1583.82129275,BTC,daily,OBM v0.1.0
2023-02-19,obm_spent_value_ge365_btc_daily,3637.21810049,BTC,daily,OBM v0.1.0
2023-02-20,obm_spent_value_ge365_btc_daily,2108.92133645,BTC,daily,OBM v0.1.0
2023-02-21,obm_spent_value_ge365_btc_daily,3070.48446855,BTC,daily,OBM v0.1.0
2023-02-22,obm_spent_value_ge365_btc_daily,5023.99831295,BTC,daily,OBM v0.1.0
2023-02-23,obm_spent_value_ge365_btc_daily,2335.68332818,BTC,daily,OBM v0.1.0
2023-02-24,obm_spent_value_ge365_btc_daily,7233.08019163,BTC,daily,OBM v0.1.0
2023-02-25,obm_spent_value_ge365_btc_daily,3537.25574678,BTC,daily,OBM v0.1.0
2023-02-26,obm_spent_value_ge365_btc_daily,2296.28346005,BTC,daily,OBM v0.1.0
2023-02-27,obm_spent_value_ge365_btc_daily,7226.79507822,BTC,daily,OBM v0.1.0
2023-02-28,obm_spent_value_ge365_btc_daily,6920.81816815,BTC,daily,OBM v0.1.0
2023-03-01,obm_spent_value_ge365_btc_daily,15984.69940539,BTC,daily,OBM v0.1.0
2023-03-02,obm_spent_value_ge365_btc_daily,3730.48739144,BTC,daily,OBM v0.1.0
2023-03-03,obm_spent_value_ge365_btc_daily,3606.04096730,BTC,daily,OBM v0.1.0
2023-03-04,obm_spent_value_ge365_btc_daily,2706.87982778,BTC,daily,OBM v0.1.0
2023-03-05,obm_spent_value_ge365_btc_daily,11592.34019353,BTC,daily,OBM v0.1.0
2023-03-06,obm_spent_value_ge365_btc_daily,4791.12325189,BTC,daily,OBM v0.1.0
2023-03-07,obm_spent_value_ge365_btc_daily,7801.97030469,BTC,daily,OBM v0.1.0
2023-03-08,obm_spent_value_ge365_btc_daily,3337.78685249,BTC,daily,OBM v0.1.0
2023-03-09,obm_spent_value_ge365_btc_daily,3976.04118551,BTC,daily,OBM v0.1.0
2023-03-10,obm_spent_value_ge365_btc_daily,2448.95468657,BTC,daily,OBM v0.1.0
2023-03-11,obm_spent_value_ge365_btc_daily,2623.28199232,BTC,daily,OBM v0.1.0
2023-03-12,obm_spent_value_ge365_btc_daily,2340.10902553,BTC,daily,OBM v0.1.0
2023-03-13,obm_spent_value_ge365_btc_daily,5115.42032159,BTC,daily,OBM v0.1.0
2023-03-14,obm_spent_value_ge365_btc_daily,8059.24630874,BTC,daily,OBM v0.1.0
2023-03-15,obm_spent_value_ge365_btc_daily,4113.07769007,BTC,daily,OBM v0.1.0
2023-03-16,obm_spent_value_ge365_btc_daily,7743.79079215,BTC,daily,OBM v0.1.0
2023-03-17,obm_spent_value_ge365_btc_daily,4265.52489065,BTC,daily,OBM v0.1.0
2023-03-18,obm_spent_value_ge365_btc_daily,2322.19518707,BTC,daily,OBM v0.1.0
2023-03-19,obm_spent_value_ge365_btc_daily,2671.01173501,BTC,daily,OBM v0.1.0
2023-03-20,obm_spent_value_ge365_btc_daily,4733.80418338,BTC,daily,OBM v0.1.0
2023-03-21,obm_spent_value_ge365_btc_daily,4677.79744095,BTC,daily,OBM v0.1.0
2023-03-22,obm_spent_value_ge365_btc_daily,6941.10584628,BTC,daily,OBM v0.1.0
2023-03-23,obm_spent_value_ge365_btc_daily,5867.47790143,BTC,daily,OBM v0.1.0
2023-03-24,obm_spent_value_ge365_btc_daily,5567.01782118,BTC,daily,OBM v0.1.0
2023-03-25,obm_spent_value_ge365_btc_daily,2216.00787709,BTC,daily,OBM v0.1.0
2023-03-26,obm_spent_value_ge365_btc_daily,2514.13916696,BTC,daily,OBM v0.1.0
2023-03-27,obm_spent_value_ge365_btc_daily,2031.63660570,BTC,daily,OBM v0.1.0
2023-03-28,obm_spent_value_ge365_btc_daily,2421.92364071,BTC,daily,OBM v0.1.0
2023-03-29,obm_spent_value_ge365_btc_daily,2821.34243719,BTC,daily,OBM v0.1.0
2023-03-30,obm_spent_value_ge365_btc_daily,172969.67017574,BTC,daily,OBM v0.1.0
2023-03-31,obm_spent_value_ge365_btc_daily,13008.04928008,BTC,daily,OBM v0.1.0
2023-04-01,obm_spent_value_ge365_btc_daily,2612.56017307,BTC,daily,OBM v0.1.0
2023-04-02,obm_spent_value_ge365_btc_daily,1591.66418055,BTC,daily,OBM v0.1.0
2023-04-03,obm_spent_value_ge365_btc_daily,3810.37266022,BTC,daily,OBM v0.1.0
2023-04-04,obm_spent_value_ge365_btc_daily,10834.02066939,BTC,daily,OBM v0.1.0
2023-04-05,obm_spent_value_ge365_btc_daily,11033.07189345,BTC,daily,OBM v0.1.0
2023-04-06,obm_spent_value_ge365_btc_daily,11752.27025848,BTC,daily,OBM v0.1.0
2023-04-07,obm_spent_value_ge365_btc_daily,11034.83160502,BTC,daily,OBM v0.1.0
2023-04-08,obm_spent_value_ge365_btc_daily,1362.26169161,BTC,daily,OBM v0.1.0
2023-04-09,obm_spent_value_ge365_btc_daily,1064.70231389,BTC,daily,OBM v0.1.0
2023-04-10,obm_spent_value_ge365_btc_daily,6879.22565315,BTC,daily,OBM v0.1.0
2023-04-11,obm_spent_value_ge365_btc_daily,16376.18417361,BTC,daily,OBM v0.1.0
2023-04-12,obm_spent_value_ge365_btc_daily,20438.03427782,BTC,daily,OBM v0.1.0
2023-04-13,obm_spent_value_ge365_btc_daily,5051.17278659,BTC,daily,OBM v0.1.0
2023-04-14,obm_spent_value_ge365_btc_daily,7436.88394741,BTC,daily,OBM v0.1.0
2023-04-15,obm_spent_value_ge365_btc_daily,2459.98316656,BTC,daily,OBM v0.1.0
2023-04-16,obm_spent_value_ge365_btc_daily,2357.48580642,BTC,daily,OBM v0.1.0
2023-04-17,obm_spent_value_ge365_btc_daily,5270.72348587,BTC,daily,OBM v0.1.0
2023-04-18,obm_spent_value_ge365_btc_daily,2259.26167304,BTC,daily,OBM v0.1.0
2023-04-19,obm_spent_value_ge365_btc_daily,9720.56449713,BTC,daily,OBM v0.1.0
2023-04-20,obm_spent_value_ge365_btc_daily,2788.69295095,BTC,daily,OBM v0.1.0
2023-04-21,obm_spent_value_ge365_btc_daily,2382.15024169,BTC,daily,OBM v0.1.0
2023-04-22,obm_spent_value_ge365_btc_daily,1261.64203083,BTC,daily,OBM v0.1.0
2023-04-23,obm_spent_value_ge365_btc_daily,1445.25726451,BTC,daily,OBM v0.1.0
2023-04-24,obm_spent_value_ge365_btc_daily,2239.37533496,BTC,daily,OBM v0.1.0
2023-04-25,obm_spent_value_ge365_btc_daily,2337.77590836,BTC,daily,OBM v0.1.0
2023-04-26,obm_spent_value_ge365_btc_daily,2473.37570024,BTC,daily,OBM v0.1.0
2023-04-27,obm_spent_value_ge365_btc_daily,3131.29427198,BTC,daily,OBM v0.1.0
2023-04-28,obm_spent_value_ge365_btc_daily,2556.19490803,BTC,daily,OBM v0.1.0
2023-04-29,obm_spent_value_ge365_btc_daily,8901.94788307,BTC,daily,OBM v0.1.0
2023-04-30,obm_spent_value_ge365_btc_daily,1791.51714706,BTC,daily,OBM v0.1.0
2023-05-01,obm_spent_value_ge365_btc_daily,2976.10978006,BTC,daily,OBM v0.1.0
2023-05-02,obm_spent_value_ge365_btc_daily,2432.98342140,BTC,daily,OBM v0.1.0
2023-05-03,obm_spent_value_ge365_btc_daily,3361.13263353,BTC,daily,OBM v0.1.0
2023-05-04,obm_spent_value_ge365_btc_daily,2846.60311074,BTC,daily,OBM v0.1.0
2023-05-05,obm_spent_value_ge365_btc_daily,2636.74435741,BTC,daily,OBM v0.1.0
2023-05-06,obm_spent_value_ge365_btc_daily,903.29993725,BTC,daily,OBM v0.1.0
2023-05-07,obm_spent_value_ge365_btc_daily,791.01340995,BTC,daily,OBM v0.1.0
2023-05-08,obm_spent_value_ge365_btc_daily,2118.43927527,BTC,daily,OBM v0.1.0
2023-05-09,obm_spent_value_ge365_btc_daily,1466.50361369,BTC,daily,OBM v0.1.0
2023-05-10,obm_spent_value_ge365_btc_daily,4096.74967450,BTC,daily,OBM v0.1.0
2023-05-11,obm_spent_value_ge365_btc_daily,6368.40736649,BTC,daily,OBM v0.1.0
2023-05-12,obm_spent_value_ge365_btc_daily,4044.23682770,BTC,daily,OBM v0.1.0
2023-05-13,obm_spent_value_ge365_btc_daily,1449.67048504,BTC,daily,OBM v0.1.0
2023-05-14,obm_spent_value_ge365_btc_daily,4502.65952863,BTC,daily,OBM v0.1.0
2023-05-15,obm_spent_value_ge365_btc_daily,18409.01019029,BTC,daily,OBM v0.1.0
2023-05-16,obm_spent_value_ge365_btc_daily,4055.08087695,BTC,daily,OBM v0.1.0
2023-05-17,obm_spent_value_ge365_btc_daily,2900.89650966,BTC,daily,OBM v0.1.0
2023-05-18,obm_spent_value_ge365_btc_daily,3308.73550140,BTC,daily,OBM v0.1.0
2023-05-19,obm_spent_value_ge365_btc_daily,2043.26483735,BTC,daily,OBM v0.1.0
2023-05-20,obm_spent_value_ge365_btc_daily,2496.54023862,BTC,daily,OBM v0.1.0
2023-05-21,obm_spent_value_ge365_btc_daily,2351.09739769,BTC,daily,OBM v0.1.0
2023-05-22,obm_spent_value_ge365_btc_daily,5519.84133414,BTC,daily,OBM v0.1.0
2023-05-23,obm_spent_value_ge365_btc_daily,4413.32240080,BTC,daily,OBM v0.1.0
2023-05-24,obm_spent_value_ge365_btc_daily,3999.71558046,BTC,daily,OBM v0.1.0
2023-05-25,obm_spent_value_ge365_btc_daily,22761.64585224,BTC,daily,OBM v0.1.0
2023-05-26,obm_spent_value_ge365_btc_daily,3515.06116439,BTC,daily,OBM v0.1.0
2023-05-27,obm_spent_value_ge365_btc_daily,1784.65624884,BTC,daily,OBM v0.1.0
2023-05-28,obm_spent_value_ge365_btc_daily,3072.51116228,BTC,daily,OBM v0.1.0
2023-05-29,obm_spent_value_ge365_btc_daily,4231.33125443,BTC,daily,OBM v0.1.0
2023-05-30,obm_spent_value_ge365_btc_daily,6216.12471353,BTC,daily,OBM v0.1.0
2023-05-31,obm_spent_value_ge365_btc_daily,7073.57351176,BTC,daily,OBM v0.1.0
2023-06-01,obm_spent_value_ge365_btc_daily,3005.92164129,BTC,daily,OBM v0.1.0
2023-06-02,obm_spent_value_ge365_btc_daily,3573.62990392,BTC,daily,OBM v0.1.0
2023-06-03,obm_spent_value_ge365_btc_daily,2558.85354896,BTC,daily,OBM v0.1.0
2023-06-04,obm_spent_value_ge365_btc_daily,2005.49941864,BTC,daily,OBM v0.1.0
2023-06-05,obm_spent_value_ge365_btc_daily,5444.77978710,BTC,daily,OBM v0.1.0
2023-06-06,obm_spent_value_ge365_btc_daily,2881.36781669,BTC,daily,OBM v0.1.0
2023-06-07,obm_spent_value_ge365_btc_daily,2172.07040032,BTC,daily,OBM v0.1.0
2023-06-08,obm_spent_value_ge365_btc_daily,3856.95430544,BTC,daily,OBM v0.1.0
2023-06-09,obm_spent_value_ge365_btc_daily,2251.52035138,BTC,daily,OBM v0.1.0
2023-06-10,obm_spent_value_ge365_btc_daily,5042.03101392,BTC,daily,OBM v0.1.0
2023-06-11,obm_spent_value_ge365_btc_daily,1581.85437209,BTC,daily,OBM v0.1.0
2023-06-12,obm_spent_value_ge365_btc_daily,4511.24416227,BTC,daily,OBM v0.1.0
2023-06-13,obm_spent_value_ge365_btc_daily,4327.10255984,BTC,daily,OBM v0.1.0
2023-06-14,obm_spent_value_ge365_btc_daily,4084.49834315,BTC,daily,OBM v0.1.0
2023-06-15,obm_spent_value_ge365_btc_daily,5843.83899084,BTC,daily,OBM v0.1.0
2023-06-16,obm_spent_value_ge365_btc_daily,3010.79167266,BTC,daily,OBM v0.1.0
2023-06-17,obm_spent_value_ge365_btc_daily,1062.29212553,BTC,daily,OBM v0.1.0
2023-06-18,obm_spent_value_ge365_btc_daily,11383.12842789,BTC,daily,OBM v0.1.0
2023-06-19,obm_spent_value_ge365_btc_daily,3222.31881022,BTC,daily,OBM v0.1.0
2023-06-20,obm_spent_value_ge365_btc_daily,22682.15234709,BTC,daily,OBM v0.1.0
2023-06-21,obm_spent_value_ge365_btc_daily,20852.05637361,BTC,daily,OBM v0.1.0
2023-06-22,obm_spent_value_ge365_btc_daily,4692.94216860,BTC,daily,OBM v0.1.0
2023-06-23,obm_spent_value_ge365_btc_daily,19101.64047241,BTC,daily,OBM v0.1.0
2023-06-24,obm_spent_value_ge365_btc_daily,3485.34318970,BTC,daily,OBM v0.1.0
2023-06-25,obm_spent_value_ge365_btc_daily,3779.39478445,BTC,daily,OBM v0.1.0
2023-06-26,obm_spent_value_ge365_btc_daily,2740.27307857,BTC,daily,OBM v0.1.0
2023-06-27,obm_spent_value_ge365_btc_daily,4335.63362305,BTC,daily,OBM v0.1.0
2023-06-28,obm_spent_value_ge365_btc_daily,2279.08243694,BTC,daily,OBM v0.1.0
2023-06-29,obm_spent_value_ge365_btc_daily,17924.35921821,BTC,daily,OBM v0.1.0
2023-06-30,obm_spent_value_ge365_btc_daily,2707.42877436,BTC,daily,OBM v0.1.0
2023-07-01,obm_spent_value_ge365_btc_daily,21614.29263852,BTC,daily,OBM v0.1.0
2023-07-02,obm_spent_value_ge365_btc_daily,2718.92090413,BTC,daily,OBM v0.1.0
2023-07-03,obm_spent_value_ge365_btc_daily,4257.55557486,BTC,daily,OBM v0.1.0
2023-07-04,obm_spent_value_ge365_btc_daily,3289.14259171,BTC,daily,OBM v0.1.0
2023-07-05,obm_spent_value_ge365_btc_daily,3572.61465413,BTC,daily,OBM v0.1.0
2023-07-06,obm_spent_value_ge365_btc_daily,24324.89751389,BTC,daily,OBM v0.1.0
2023-07-07,obm_spent_value_ge365_btc_daily,2993.55243407,BTC,daily,OBM v0.1.0
2023-07-08,obm_spent_value_ge365_btc_daily,1183.97861541,BTC,daily,OBM v0.1.0
2023-07-09,obm_spent_value_ge365_btc_daily,2943.85274813,BTC,daily,OBM v0.1.0
2023-07-10,obm_spent_value_ge365_btc_daily,5571.11419382,BTC,daily,OBM v0.1.0
2023-07-11,obm_spent_value_ge365_btc_daily,8779.07257000,BTC,daily,OBM v0.1.0
2023-07-12,obm_spent_value_ge365_btc_daily,4949.16284321,BTC,daily,OBM v0.1.0
2023-07-13,obm_spent_value_ge365_btc_daily,12381.24296547,BTC,daily,OBM v0.1.0
2023-07-14,obm_spent_value_ge365_btc_daily,4863.04285967,BTC,daily,OBM v0.1.0
2023-07-15,obm_spent_value_ge365_btc_daily,2027.95288635,BTC,daily,OBM v0.1.0
2023-07-16,obm_spent_value_ge365_btc_daily,2355.39100566,BTC,daily,OBM v0.1.0
2023-07-17,obm_spent_value_ge365_btc_daily,10253.15763762,BTC,daily,OBM v0.1.0
2023-07-18,obm_spent_value_ge365_btc_daily,3004.59609617,BTC,daily,OBM v0.1.0
2023-07-19,obm_spent_value_ge365_btc_daily,2457.21764915,BTC,daily,OBM v0.1.0
2023-07-20,obm_spent_value_ge365_btc_daily,4970.04488859,BTC,daily,OBM v0.1.0
2023-07-21,obm_spent_value_ge365_btc_daily,9937.98324139,BTC,daily,OBM v0.1.0
2023-07-22,obm_spent_value_ge365_btc_daily,2320.01070661,BTC,daily,OBM v0.1.0
2023-07-23,obm_spent_value_ge365_btc_daily,2297.34959919,BTC,daily,OBM v0.1.0
2023-07-24,obm_spent_value_ge365_btc_daily,4508.25484413,BTC,daily,OBM v0.1.0
2023-07-25,obm_spent_value_ge365_btc_daily,3996.32758284,BTC,daily,OBM v0.1.0
2023-07-26,obm_spent_value_ge365_btc_daily,2765.64540434,BTC,daily,OBM v0.1.0
2023-07-27,obm_spent_value_ge365_btc_daily,36648.40752960,BTC,daily,OBM v0.1.0
2023-07-28,obm_spent_value_ge365_btc_daily,108782.28229640,BTC,daily,OBM v0.1.0
2023-07-29,obm_spent_value_ge365_btc_daily,1840.77341219,BTC,daily,OBM v0.1.0
2023-07-30,obm_spent_value_ge365_btc_daily,2154.94392087,BTC,daily,OBM v0.1.0
2023-07-31,obm_spent_value_ge365_btc_daily,8041.73621350,BTC,daily,OBM v0.1.0
2023-08-01,obm_spent_value_ge365_btc_daily,2135.28209283,BTC,daily,OBM v0.1.0
2023-08-02,obm_spent_value_ge365_btc_daily,9114.29941625,BTC,daily,OBM v0.1.0
2023-08-03,obm_spent_value_ge365_btc_daily,2027.55642518,BTC,daily,OBM v0.1.0
2023-08-04,obm_spent_value_ge365_btc_daily,4410.08636919,BTC,daily,OBM v0.1.0
2023-08-05,obm_spent_value_ge365_btc_daily,1155.13319235,BTC,daily,OBM v0.1.0
2023-08-06,obm_spent_value_ge365_btc_daily,2349.90849225,BTC,daily,OBM v0.1.0
2023-08-07,obm_spent_value_ge365_btc_daily,2412.41851147,BTC,daily,OBM v0.1.0
2023-08-08,obm_spent_value_ge365_btc_daily,8835.02507287,BTC,daily,OBM v0.1.0
2023-08-09,obm_spent_value_ge365_btc_daily,3777.80607537,BTC,daily,OBM v0.1.0
2023-08-10,obm_spent_value_ge365_btc_daily,6486.99079045,BTC,daily,OBM v0.1.0
2023-08-11,obm_spent_value_ge365_btc_daily,1648.63244128,BTC,daily,OBM v0.1.0
2023-08-12,obm_spent_value_ge365_btc_daily,3851.71102030,BTC,daily,OBM v0.1.0
2023-08-13,obm_spent_value_ge365_btc_daily,2667.46562797,BTC,daily,OBM v0.1.0
2023-08-14,obm_spent_value_ge365_btc_daily,8612.49150124,BTC,daily,OBM v0.1.0
2023-08-15,obm_spent_value_ge365_btc_daily,4825.02208311,BTC,daily,OBM v0.1.0
2023-08-16,obm_spent_value_ge365_btc_daily,7936.79676625,BTC,daily,OBM v0.1.0
2023-08-17,obm_spent_value_ge365_btc_daily,7711.61695424,BTC,daily,OBM v0.1.0
2023-08-18,obm_spent_value_ge365_btc_daily,17215.59490121,BTC,daily,OBM v0.1.0
2023-08-19,obm_spent_value_ge365_btc_daily,1183.63127331,BTC,daily,OBM v0.1.0
2023-08-20,obm_spent_value_ge365_btc_daily,1917.60908053,BTC,daily,OBM v0.1.0
2023-08-21,obm_spent_value_ge365_btc_daily,2698.49932736,BTC,daily,OBM v0.1.0
2023-08-22,obm_spent_value_ge365_btc_daily,3110.26328327,BTC,daily,OBM v0.1.0
2023-08-23,obm_spent_value_ge365_btc_daily,2985.19590526,BTC,daily,OBM v0.1.0
2023-08-24,obm_spent_value_ge365_btc_daily,2314.16705918,BTC,daily,OBM v0.1.0
2023-08-25,obm_spent_value_ge365_btc_daily,1917.09154236,BTC,daily,OBM v0.1.0
2023-08-26,obm_spent_value_ge365_btc_daily,1580.67864600,BTC,daily,OBM v0.1.0
2023-08-27,obm_spent_value_ge365_btc_daily,4152.89063039,BTC,daily,OBM v0.1.0
2023-08-28,obm_spent_value_ge365_btc_daily,3606.03863533,BTC,daily,OBM v0.1.0
2023-08-29,obm_spent_value_ge365_btc_daily,15262.82682878,BTC,daily,OBM v0.1.0
2023-08-30,obm_spent_value_ge365_btc_daily,2886.08339787,BTC,daily,OBM v0.1.0
2023-08-31,obm_spent_value_ge365_btc_daily,4486.07849211,BTC,daily,OBM v0.1.0
2023-09-01,obm_spent_value_ge365_btc_daily,3870.54920719,BTC,daily,OBM v0.1.0
2023-09-02,obm_spent_value_ge365_btc_daily,1516.62303752,BTC,daily,OBM v0.1.0
2023-09-03,obm_spent_value_ge365_btc_daily,2969.11564672,BTC,daily,OBM v0.1.0
2023-09-04,obm_spent_value_ge365_btc_daily,3408.80268129,BTC,daily,OBM v0.1.0
2023-09-05,obm_spent_value_ge365_btc_daily,3206.23861258,BTC,daily,OBM v0.1.0
2023-09-06,obm_spent_value_ge365_btc_daily,3806.15720607,BTC,daily,OBM v0.1.0
2023-09-07,obm_spent_value_ge365_btc_daily,2317.23860916,BTC,daily,OBM v0.1.0
2023-09-08,obm_spent_value_ge365_btc_daily,2244.29149139,BTC,daily,OBM v0.1.0
2023-09-09,obm_spent_value_ge365_btc_daily,2116.21780966,BTC,daily,OBM v0.1.0
2023-09-10,obm_spent_value_ge365_btc_daily,1342.65867880,BTC,daily,OBM v0.1.0
2023-09-11,obm_spent_value_ge365_btc_daily,4275.65740868,BTC,daily,OBM v0.1.0
2023-09-12,obm_spent_value_ge365_btc_daily,4482.63930357,BTC,daily,OBM v0.1.0
2023-09-13,obm_spent_value_ge365_btc_daily,2371.54776570,BTC,daily,OBM v0.1.0
2023-09-14,obm_spent_value_ge365_btc_daily,3323.65512479,BTC,daily,OBM v0.1.0
2023-09-15,obm_spent_value_ge365_btc_daily,2477.84473725,BTC,daily,OBM v0.1.0
2023-09-16,obm_spent_value_ge365_btc_daily,1454.21248238,BTC,daily,OBM v0.1.0
2023-09-17,obm_spent_value_ge365_btc_daily,1371.64048078,BTC,daily,OBM v0.1.0
2023-09-18,obm_spent_value_ge365_btc_daily,5547.39089606,BTC,daily,OBM v0.1.0
2023-09-19,obm_spent_value_ge365_btc_daily,13399.76474456,BTC,daily,OBM v0.1.0
2023-09-20,obm_spent_value_ge365_btc_daily,3853.39244467,BTC,daily,OBM v0.1.0
2023-09-21,obm_spent_value_ge365_btc_daily,1775.83952306,BTC,daily,OBM v0.1.0
2023-09-22,obm_spent_value_ge365_btc_daily,1191.71586516,BTC,daily,OBM v0.1.0
2023-09-23,obm_spent_value_ge365_btc_daily,1391.74280286,BTC,daily,OBM v0.1.0
2023-09-24,obm_spent_value_ge365_btc_daily,1797.31487791,BTC,daily,OBM v0.1.0
2023-09-25,obm_spent_value_ge365_btc_daily,3491.00022457,BTC,daily,OBM v0.1.0
2023-09-26,obm_spent_value_ge365_btc_daily,3588.00049221,BTC,daily,OBM v0.1.0
2023-09-27,obm_spent_value_ge365_btc_daily,3265.19167774,BTC,daily,OBM v0.1.0
2023-09-28,obm_spent_value_ge365_btc_daily,3183.94446445,BTC,daily,OBM v0.1.0
2023-09-29,obm_spent_value_ge365_btc_daily,4918.53806581,BTC,daily,OBM v0.1.0
2023-09-30,obm_spent_value_ge365_btc_daily,1357.54211293,BTC,daily,OBM v0.1.0
2023-10-01,obm_spent_value_ge365_btc_daily,2155.47741117,BTC,daily,OBM v0.1.0
2023-10-02,obm_spent_value_ge365_btc_daily,14526.76274681,BTC,daily,OBM v0.1.0
2023-10-03,obm_spent_value_ge365_btc_daily,4716.74659169,BTC,daily,OBM v0.1.0
2023-10-04,obm_spent_value_ge365_btc_daily,6463.44024286,BTC,daily,OBM v0.1.0
2023-10-05,obm_spent_value_ge365_btc_daily,4050.29007573,BTC,daily,OBM v0.1.0
2023-10-06,obm_spent_value_ge365_btc_daily,5003.81801842,BTC,daily,OBM v0.1.0
2023-10-07,obm_spent_value_ge365_btc_daily,7440.00278602,BTC,daily,OBM v0.1.0
2023-10-08,obm_spent_value_ge365_btc_daily,1390.25399555,BTC,daily,OBM v0.1.0
2023-10-09,obm_spent_value_ge365_btc_daily,5386.20330573,BTC,daily,OBM v0.1.0
2023-10-10,obm_spent_value_ge365_btc_daily,3765.65978706,BTC,daily,OBM v0.1.0
2023-10-11,obm_spent_value_ge365_btc_daily,16046.95708855,BTC,daily,OBM v0.1.0
2023-10-12,obm_spent_value_ge365_btc_daily,4952.27282320,BTC,daily,OBM v0.1.0
2023-10-13,obm_spent_value_ge365_btc_daily,3365.49322363,BTC,daily,OBM v0.1.0
2023-10-14,obm_spent_value_ge365_btc_daily,19901.57883860,BTC,daily,OBM v0.1.0
2023-10-15,obm_spent_value_ge365_btc_daily,1506.29084649,BTC,daily,OBM v0.1.0
2023-10-16,obm_spent_value_ge365_btc_daily,4353.95791777,BTC,daily,OBM v0.1.0
2023-10-17,obm_spent_value_ge365_btc_daily,5197.18499378,BTC,daily,OBM v0.1.0
2023-10-18,obm_spent_value_ge365_btc_daily,3149.67426464,BTC,daily,OBM v0.1.0
2023-10-19,obm_spent_value_ge365_btc_daily,4993.95381628,BTC,daily,OBM v0.1.0
2023-10-20,obm_spent_value_ge365_btc_daily,9814.50965606,BTC,daily,OBM v0.1.0
2023-10-21,obm_spent_value_ge365_btc_daily,2209.88364603,BTC,daily,OBM v0.1.0
2023-10-22,obm_spent_value_ge365_btc_daily,3078.05732386,BTC,daily,OBM v0.1.0
2023-10-23,obm_spent_value_ge365_btc_daily,11736.22992414,BTC,daily,OBM v0.1.0
2023-10-24,obm_spent_value_ge365_btc_daily,12581.24987695,BTC,daily,OBM v0.1.0
2023-10-25,obm_spent_value_ge365_btc_daily,6244.16696286,BTC,daily,OBM v0.1.0
2023-10-26,obm_spent_value_ge365_btc_daily,5994.07566149,BTC,daily,OBM v0.1.0
2023-10-27,obm_spent_value_ge365_btc_daily,5718.20852577,BTC,daily,OBM v0.1.0
2023-10-28,obm_spent_value_ge365_btc_daily,4870.04148398,BTC,daily,OBM v0.1.0
2023-10-29,obm_spent_value_ge365_btc_daily,4274.18914575,BTC,daily,OBM v0.1.0
2023-10-30,obm_spent_value_ge365_btc_daily,4341.34470939,BTC,daily,OBM v0.1.0
2023-10-31,obm_spent_value_ge365_btc_daily,8438.43270071,BTC,daily,OBM v0.1.0
2023-11-01,obm_spent_value_ge365_btc_daily,17184.44199654,BTC,daily,OBM v0.1.0
2023-11-02,obm_spent_value_ge365_btc_daily,4181.95316544,BTC,daily,OBM v0.1.0
2023-11-03,obm_spent_value_ge365_btc_daily,2419.34525274,BTC,daily,OBM v0.1.0
2023-11-04,obm_spent_value_ge365_btc_daily,3504.42536571,BTC,daily,OBM v0.1.0
2023-11-05,obm_spent_value_ge365_btc_daily,2969.10131519,BTC,daily,OBM v0.1.0
2023-11-06,obm_spent_value_ge365_btc_daily,3470.68087901,BTC,daily,OBM v0.1.0
2023-11-07,obm_spent_value_ge365_btc_daily,3410.01977653,BTC,daily,OBM v0.1.0
2023-11-08,obm_spent_value_ge365_btc_daily,2906.54067313,BTC,daily,OBM v0.1.0
2023-11-09,obm_spent_value_ge365_btc_daily,11836.10317272,BTC,daily,OBM v0.1.0
2023-11-10,obm_spent_value_ge365_btc_daily,5762.78632554,BTC,daily,OBM v0.1.0
2023-11-11,obm_spent_value_ge365_btc_daily,3212.70511602,BTC,daily,OBM v0.1.0
2023-11-12,obm_spent_value_ge365_btc_daily,2712.88935244,BTC,daily,OBM v0.1.0
2023-11-13,obm_spent_value_ge365_btc_daily,3859.85671530,BTC,daily,OBM v0.1.0
2023-11-14,obm_spent_value_ge365_btc_daily,4040.43774102,BTC,daily,OBM v0.1.0
2023-11-15,obm_spent_value_ge365_btc_daily,10833.26552146,BTC,daily,OBM v0.1.0
2023-11-16,obm_spent_value_ge365_btc_daily,6601.69883338,BTC,daily,OBM v0.1.0
2023-11-17,obm_spent_value_ge365_btc_daily,4067.12795220,BTC,daily,OBM v0.1.0
2023-11-18,obm_spent_value_ge365_btc_daily,2151.31615379,BTC,daily,OBM v0.1.0
2023-11-19,obm_spent_value_ge365_btc_daily,4879.71594439,BTC,daily,OBM v0.1.0
2023-11-20,obm_spent_value_ge365_btc_daily,4700.97116067,BTC,daily,OBM v0.1.0
2023-11-21,obm_spent_value_ge365_btc_daily,14430.44109055,BTC,daily,OBM v0.1.0
2023-11-22,obm_spent_value_ge365_btc_daily,20960.39435403,BTC,daily,OBM v0.1.0
2023-11-23,obm_spent_value_ge365_btc_daily,2576.67097320,BTC,daily,OBM v0.1.0
2023-11-24,obm_spent_value_ge365_btc_daily,3875.43311179,BTC,daily,OBM v0.1.0
2023-11-25,obm_spent_value_ge365_btc_daily,2264.29730967,BTC,daily,OBM v0.1.0
2023-11-26,obm_spent_value_ge365_btc_daily,4004.99782062,BTC,daily,OBM v0.1.0
2023-11-27,obm_spent_value_ge365_btc_daily,2668.69535453,BTC,daily,OBM v0.1.0
2023-11-28,obm_spent_value_ge365_btc_daily,4358.07582678,BTC,daily,OBM v0.1.0
2023-11-29,obm_spent_value_ge365_btc_daily,4510.70122018,BTC,daily,OBM v0.1.0
2023-11-30,obm_spent_value_ge365_btc_daily,26529.45120070,BTC,daily,OBM v0.1.0
2023-12-01,obm_spent_value_ge365_btc_daily,3994.85357347,BTC,daily,OBM v0.1.0
2023-12-02,obm_spent_value_ge365_btc_daily,5050.36449265,BTC,daily,OBM v0.1.0
2023-12-03,obm_spent_value_ge365_btc_daily,2991.30281798,BTC,daily,OBM v0.1.0
2023-12-04,obm_spent_value_ge365_btc_daily,13891.24458911,BTC,daily,OBM v0.1.0
2023-12-05,obm_spent_value_ge365_btc_daily,12532.59263958,BTC,daily,OBM v0.1.0
2023-12-06,obm_spent_value_ge365_btc_daily,14366.35814195,BTC,daily,OBM v0.1.0
2023-12-07,obm_spent_value_ge365_btc_daily,8613.98909650,BTC,daily,OBM v0.1.0
2023-12-08,obm_spent_value_ge365_btc_daily,11128.65276342,BTC,daily,OBM v0.1.0
2023-12-09,obm_spent_value_ge365_btc_daily,3225.93478893,BTC,daily,OBM v0.1.0
2023-12-10,obm_spent_value_ge365_btc_daily,3992.84557357,BTC,daily,OBM v0.1.0
2023-12-11,obm_spent_value_ge365_btc_daily,11263.07272663,BTC,daily,OBM v0.1.0
2023-12-12,obm_spent_value_ge365_btc_daily,25673.94802462,BTC,daily,OBM v0.1.0
2023-12-13,obm_spent_value_ge365_btc_daily,4787.56177081,BTC,daily,OBM v0.1.0
2023-12-14,obm_spent_value_ge365_btc_daily,3013.79303077,BTC,daily,OBM v0.1.0
2023-12-15,obm_spent_value_ge365_btc_daily,10695.00375370,BTC,daily,OBM v0.1.0
2023-12-16,obm_spent_value_ge365_btc_daily,8463.58342254,BTC,daily,OBM v0.1.0
2023-12-17,obm_spent_value_ge365_btc_daily,2207.47438328,BTC,daily,OBM v0.1.0
2023-12-18,obm_spent_value_ge365_btc_daily,7969.09000651,BTC,daily,OBM v0.1.0
2023-12-19,obm_spent_value_ge365_btc_daily,12428.85186362,BTC,daily,OBM v0.1.0
2023-12-20,obm_spent_value_ge365_btc_daily,9951.40587225,BTC,daily,OBM v0.1.0
2023-12-21,obm_spent_value_ge365_btc_daily,5780.81623301,BTC,daily,OBM v0.1.0
2023-12-22,obm_spent_value_ge365_btc_daily,16237.72293608,BTC,daily,OBM v0.1.0
2023-12-23,obm_spent_value_ge365_btc_daily,7681.41143073,BTC,daily,OBM v0.1.0
2023-12-24,obm_spent_value_ge365_btc_daily,13467.50301088,BTC,daily,OBM v0.1.0
2023-12-25,obm_spent_value_ge365_btc_daily,3888.98164045,BTC,daily,OBM v0.1.0
2023-12-26,obm_spent_value_ge365_btc_daily,2550.12569798,BTC,daily,OBM v0.1.0
2023-12-27,obm_spent_value_ge365_btc_daily,34764.85967359,BTC,daily,OBM v0.1.0
2023-12-28,obm_spent_value_ge365_btc_daily,6046.02550425,BTC,daily,OBM v0.1.0
2023-12-29,obm_spent_value_ge365_btc_daily,28887.51066546,BTC,daily,OBM v0.1.0
2023-12-30,obm_spent_value_ge365_btc_daily,6300.61029167,BTC,daily,OBM v0.1.0
2023-12-31,obm_spent_value_ge365_btc_daily,4469.07288340,BTC,daily,OBM v0.1.0
2024-01-01,obm_spent_value_ge365_btc_daily,2679.37278931,BTC,daily,OBM v0.1.0
2024-01-02,obm_spent_value_ge365_btc_daily,9900.11383677,BTC,daily,OBM v0.1.0
2024-01-03,obm_spent_value_ge365_btc_daily,7487.01871840,BTC,daily,OBM v0.1.0
2024-01-04,obm_spent_value_ge365_btc_daily,15089.95423121,BTC,daily,OBM v0.1.0
2024-01-05,obm_spent_value_ge365_btc_daily,3949.19032869,BTC,daily,OBM v0.1.0
2024-01-06,obm_spent_value_ge365_btc_daily,2944.44902846,BTC,daily,OBM v0.1.0
2024-01-07,obm_spent_value_ge365_btc_daily,4117.55117153,BTC,daily,OBM v0.1.0
2024-01-08,obm_spent_value_ge365_btc_daily,7066.28162211,BTC,daily,OBM v0.1.0
2024-01-09,obm_spent_value_ge365_btc_daily,8781.34816808,BTC,daily,OBM v0.1.0
2024-01-10,obm_spent_value_ge365_btc_daily,8795.76230306,BTC,daily,OBM v0.1.0
2024-01-11,obm_spent_value_ge365_btc_daily,10334.01986103,BTC,daily,OBM v0.1.0
2024-01-12,obm_spent_value_ge365_btc_daily,9016.77703368,BTC,daily,OBM v0.1.0
2024-01-13,obm_spent_value_ge365_btc_daily,2814.65337909,BTC,daily,OBM v0.1.0
2024-01-14,obm_spent_value_ge365_btc_daily,4629.10692187,BTC,daily,OBM v0.1.0
2024-01-15,obm_spent_value_ge365_btc_daily,4779.99715286,BTC,daily,OBM v0.1.0
2024-01-16,obm_spent_value_ge365_btc_daily,60533.36026644,BTC,daily,OBM v0.1.0
2024-01-17,obm_spent_value_ge365_btc_daily,20993.40018059,BTC,daily,OBM v0.1.0
2024-01-18,obm_spent_value_ge365_btc_daily,14677.64571560,BTC,daily,OBM v0.1.0
2024-01-19,obm_spent_value_ge365_btc_daily,14564.09193208,BTC,daily,OBM v0.1.0
2024-01-20,obm_spent_value_ge365_btc_daily,2161.80027836,BTC,daily,OBM v0.1.0
2024-01-21,obm_spent_value_ge365_btc_daily,2102.24019028,BTC,daily,OBM v0.1.0
2024-01-22,obm_spent_value_ge365_btc_daily,22098.11140473,BTC,daily,OBM v0.1.0
2024-01-23,obm_spent_value_ge365_btc_daily,17132.77570884,BTC,daily,OBM v0.1.0
2024-01-24,obm_spent_value_ge365_btc_daily,43776.13055114,BTC,daily,OBM v0.1.0
2024-01-25,obm_spent_value_ge365_btc_daily,17277.31645798,BTC,daily,OBM v0.1.0
2024-01-26,obm_spent_value_ge365_btc_daily,14196.61405485,BTC,daily,OBM v0.1.0
2024-01-27,obm_spent_value_ge365_btc_daily,4358.89058503,BTC,daily,OBM v0.1.0
2024-01-28,obm_spent_value_ge365_btc_daily,2235.73376481,BTC,daily,OBM v0.1.0
2024-01-29,obm_spent_value_ge365_btc_daily,11795.32393253,BTC,daily,OBM v0.1.0
2024-01-30,obm_spent_value_ge365_btc_daily,10900.77907308,BTC,daily,OBM v0.1.0
2024-01-31,obm_spent_value_ge365_btc_daily,14030.80336974,BTC,daily,OBM v0.1.0
2024-02-01,obm_spent_value_ge365_btc_daily,7933.37805438,BTC,daily,OBM v0.1.0
2024-02-02,obm_spent_value_ge365_btc_daily,9177.15869512,BTC,daily,OBM v0.1.0
2024-02-03,obm_spent_value_ge365_btc_daily,1424.98294181,BTC,daily,OBM v0.1.0
2024-02-04,obm_spent_value_ge365_btc_daily,4457.76727145,BTC,daily,OBM v0.1.0
2024-02-05,obm_spent_value_ge365_btc_daily,10857.80426877,BTC,daily,OBM v0.1.0
2024-02-06,obm_spent_value_ge365_btc_daily,16404.88058479,BTC,daily,OBM v0.1.0
2024-02-07,obm_spent_value_ge365_btc_daily,6831.73701484,BTC,daily,OBM v0.1.0
2024-02-08,obm_spent_value_ge365_btc_daily,5574.42331157,BTC,daily,OBM v0.1.0
2024-02-09,obm_spent_value_ge365_btc_daily,7208.97990470,BTC,daily,OBM v0.1.0
2024-02-10,obm_spent_value_ge365_btc_daily,5237.35511476,BTC,daily,OBM v0.1.0
2024-02-11,obm_spent_value_ge365_btc_daily,4709.27711979,BTC,daily,OBM v0.1.0
2024-02-12,obm_spent_value_ge365_btc_daily,10798.85848427,BTC,daily,OBM v0.1.0
2024-02-13,obm_spent_value_ge365_btc_daily,8296.17822842,BTC,daily,OBM v0.1.0
2024-02-14,obm_spent_value_ge365_btc_daily,13225.57467868,BTC,daily,OBM v0.1.0
2024-02-15,obm_spent_value_ge365_btc_daily,11643.85286555,BTC,daily,OBM v0.1.0
2024-02-16,obm_spent_value_ge365_btc_daily,14168.79403380,BTC,daily,OBM v0.1.0
2024-02-17,obm_spent_value_ge365_btc_daily,4576.32290368,BTC,daily,OBM v0.1.0
2024-02-18,obm_spent_value_ge365_btc_daily,3159.12192822,BTC,daily,OBM v0.1.0
2024-02-19,obm_spent_value_ge365_btc_daily,25279.60956676,BTC,daily,OBM v0.1.0
2024-02-20,obm_spent_value_ge365_btc_daily,7032.20242239,BTC,daily,OBM v0.1.0
2024-02-21,obm_spent_value_ge365_btc_daily,11492.23493874,BTC,daily,OBM v0.1.0
2024-02-22,obm_spent_value_ge365_btc_daily,13566.26717382,BTC,daily,OBM v0.1.0
2024-02-23,obm_spent_value_ge365_btc_daily,6619.48113356,BTC,daily,OBM v0.1.0
2024-02-24,obm_spent_value_ge365_btc_daily,4271.56731612,BTC,daily,OBM v0.1.0
2024-02-25,obm_spent_value_ge365_btc_daily,3598.90996579,BTC,daily,OBM v0.1.0
2024-02-26,obm_spent_value_ge365_btc_daily,7166.16125796,BTC,daily,OBM v0.1.0
2024-02-27,obm_spent_value_ge365_btc_daily,14415.41588904,BTC,daily,OBM v0.1.0
2024-02-28,obm_spent_value_ge365_btc_daily,38865.67162507,BTC,daily,OBM v0.1.0
2024-02-29,obm_spent_value_ge365_btc_daily,22761.53221757,BTC,daily,OBM v0.1.0
2024-03-01,obm_spent_value_ge365_btc_daily,45364.22290817,BTC,daily,OBM v0.1.0
2024-03-02,obm_spent_value_ge365_btc_daily,5497.39291140,BTC,daily,OBM v0.1.0
2024-03-03,obm_spent_value_ge365_btc_daily,6683.81232181,BTC,daily,OBM v0.1.0
2024-03-04,obm_spent_value_ge365_btc_daily,22467.70529664,BTC,daily,OBM v0.1.0
2024-03-05,obm_spent_value_ge365_btc_daily,28825.74988828,BTC,daily,OBM v0.1.0
2024-03-06,obm_spent_value_ge365_btc_daily,26376.69518120,BTC,daily,OBM v0.1.0
2024-03-07,obm_spent_value_ge365_btc_daily,39020.65278420,BTC,daily,OBM v0.1.0
2024-03-08,obm_spent_value_ge365_btc_daily,30161.06101805,BTC,daily,OBM v0.1.0
2024-03-09,obm_spent_value_ge365_btc_daily,8266.97416794,BTC,daily,OBM v0.1.0
2024-03-10,obm_spent_value_ge365_btc_daily,11890.17149186,BTC,daily,OBM v0.1.0
2024-03-11,obm_spent_value_ge365_btc_daily,21351.29824078,BTC,daily,OBM v0.1.0
2024-03-12,obm_spent_value_ge365_btc_daily,16765.90706336,BTC,daily,OBM v0.1.0
2024-03-13,obm_spent_value_ge365_btc_daily,13503.78816653,BTC,daily,OBM v0.1.0
2024-03-14,obm_spent_value_ge365_btc_daily,26238.06709581,BTC,daily,OBM v0.1.0
2024-03-15,obm_spent_value_ge365_btc_daily,12434.75250022,BTC,daily,OBM v0.1.0
2024-03-16,obm_spent_value_ge365_btc_daily,5720.90790776,BTC,daily,OBM v0.1.0
2024-03-17,obm_spent_value_ge365_btc_daily,21312.37918493,BTC,daily,OBM v0.1.0
2024-03-18,obm_spent_value_ge365_btc_daily,13497.23174885,BTC,daily,OBM v0.1.0
2024-03-19,obm_spent_value_ge365_btc_daily,10248.54187558,BTC,daily,OBM v0.1.0
2024-03-20,obm_spent_value_ge365_btc_daily,12160.67556038,BTC,daily,OBM v0.1.0
2024-03-21,obm_spent_value_ge365_btc_daily,23884.75854564,BTC,daily,OBM v0.1.0
2024-03-22,obm_spent_value_ge365_btc_daily,20365.94344751,BTC,daily,OBM v0.1.0
2024-03-23,obm_spent_value_ge365_btc_daily,97792.55677765,BTC,daily,OBM v0.1.0
2024-03-24,obm_spent_value_ge365_btc_daily,6407.71120056,BTC,daily,OBM v0.1.0
2024-03-25,obm_spent_value_ge365_btc_daily,94268.40341644,BTC,daily,OBM v0.1.0
2024-03-26,obm_spent_value_ge365_btc_daily,12469.87772314,BTC,daily,OBM v0.1.0
2024-03-27,obm_spent_value_ge365_btc_daily,10093.73795502,BTC,daily,OBM v0.1.0
2024-03-28,obm_spent_value_ge365_btc_daily,22471.52251364,BTC,daily,OBM v0.1.0
2024-03-29,obm_spent_value_ge365_btc_daily,5529.50723293,BTC,daily,OBM v0.1.0
2024-03-30,obm_spent_value_ge365_btc_daily,4317.95374121,BTC,daily,OBM v0.1.0
2024-03-31,obm_spent_value_ge365_btc_daily,6255.19678870,BTC,daily,OBM v0.1.0
2024-04-01,obm_spent_value_ge365_btc_daily,66298.13770267,BTC,daily,OBM v0.1.0
2024-04-02,obm_spent_value_ge365_btc_daily,42104.65686762,BTC,daily,OBM v0.1.0
2024-04-03,obm_spent_value_ge365_btc_daily,6048.50343482,BTC,daily,OBM v0.1.0
2024-04-04,obm_spent_value_ge365_btc_daily,7026.80166886,BTC,daily,OBM v0.1.0
2024-04-05,obm_spent_value_ge365_btc_daily,4559.90452459,BTC,daily,OBM v0.1.0
2024-04-06,obm_spent_value_ge365_btc_daily,3812.62408085,BTC,daily,OBM v0.1.0
2024-04-07,obm_spent_value_ge365_btc_daily,3381.05366073,BTC,daily,OBM v0.1.0
2024-04-08,obm_spent_value_ge365_btc_daily,6653.40928327,BTC,daily,OBM v0.1.0
2024-04-09,obm_spent_value_ge365_btc_daily,9127.03132831,BTC,daily,OBM v0.1.0
2024-04-10,obm_spent_value_ge365_btc_daily,6405.17996597,BTC,daily,OBM v0.1.0
2024-04-11,obm_spent_value_ge365_btc_daily,5585.86861465,BTC,daily,OBM v0.1.0
2024-04-12,obm_spent_value_ge365_btc_daily,5315.42602925,BTC,daily,OBM v0.1.0
2024-04-13,obm_spent_value_ge365_btc_daily,3792.46192816,BTC,daily,OBM v0.1.0
2024-04-14,obm_spent_value_ge365_btc_daily,4959.10342663,BTC,daily,OBM v0.1.0
2024-04-15,obm_spent_value_ge365_btc_daily,6811.85960744,BTC,daily,OBM v0.1.0
2024-04-16,obm_spent_value_ge365_btc_daily,14700.04163541,BTC,daily,OBM v0.1.0
2024-04-17,obm_spent_value_ge365_btc_daily,6281.65787123,BTC,daily,OBM v0.1.0
2024-04-18,obm_spent_value_ge365_btc_daily,23240.19809233,BTC,daily,OBM v0.1.0
2024-04-19,obm_spent_value_ge365_btc_daily,12294.45749251,BTC,daily,OBM v0.1.0
2024-04-20,obm_spent_value_ge365_btc_daily,2050.65263401,BTC,daily,OBM v0.1.0
2024-04-21,obm_spent_value_ge365_btc_daily,2244.08357120,BTC,daily,OBM v0.1.0
2024-04-22,obm_spent_value_ge365_btc_daily,4448.42388940,BTC,daily,OBM v0.1.0
2024-04-23,obm_spent_value_ge365_btc_daily,4732.48572000,BTC,daily,OBM v0.1.0
2024-04-24,obm_spent_value_ge365_btc_daily,8519.25261414,BTC,daily,OBM v0.1.0
2024-04-25,obm_spent_value_ge365_btc_daily,4217.80347032,BTC,daily,OBM v0.1.0
2024-04-26,obm_spent_value_ge365_btc_daily,3884.29111264,BTC,daily,OBM v0.1.0
2024-04-27,obm_spent_value_ge365_btc_daily,4063.02712993,BTC,daily,OBM v0.1.0
2024-04-28,obm_spent_value_ge365_btc_daily,11011.51418165,BTC,daily,OBM v0.1.0
2024-04-29,obm_spent_value_ge365_btc_daily,5648.04770675,BTC,daily,OBM v0.1.0
2024-04-30,obm_spent_value_ge365_btc_daily,9057.29243683,BTC,daily,OBM v0.1.0
2024-05-01,obm_spent_value_ge365_btc_daily,6781.09092655,BTC,daily,OBM v0.1.0
2024-05-02,obm_spent_value_ge365_btc_daily,5922.54506017,BTC,daily,OBM v0.1.0
2024-05-03,obm_spent_value_ge365_btc_daily,5329.55422009,BTC,daily,OBM v0.1.0
2024-05-04,obm_spent_value_ge365_btc_daily,2022.43046169,BTC,daily,OBM v0.1.0
2024-05-05,obm_spent_value_ge365_btc_daily,1555.45904841,BTC,daily,OBM v0.1.0
2024-05-06,obm_spent_value_ge365_btc_daily,5590.56981988,BTC,daily,OBM v0.1.0
2024-05-07,obm_spent_value_ge365_btc_daily,2430.96829008,BTC,daily,OBM v0.1.0
2024-05-08,obm_spent_value_ge365_btc_daily,4562.64518193,BTC,daily,OBM v0.1.0
2024-05-09,obm_spent_value_ge365_btc_daily,3851.92052869,BTC,daily,OBM v0.1.0
2024-05-10,obm_spent_value_ge365_btc_daily,2730.95273159,BTC,daily,OBM v0.1.0
2024-05-11,obm_spent_value_ge365_btc_daily,4459.79086843,BTC,daily,OBM v0.1.0
2024-05-12,obm_spent_value_ge365_btc_daily,3840.31359821,BTC,daily,OBM v0.1.0
2024-05-13,obm_spent_value_ge365_btc_daily,6032.16903555,BTC,daily,OBM v0.1.0
2024-05-14,obm_spent_value_ge365_btc_daily,6669.90496120,BTC,daily,OBM v0.1.0
2024-05-15,obm_spent_value_ge365_btc_daily,22525.03810054,BTC,daily,OBM v0.1.0
2024-05-16,obm_spent_value_ge365_btc_daily,5235.63022326,BTC,daily,OBM v0.1.0
2024-05-17,obm_spent_value_ge365_btc_daily,7147.16756545,BTC,daily,OBM v0.1.0
2024-05-18,obm_spent_value_ge365_btc_daily,3341.29943687,BTC,daily,OBM v0.1.0
2024-05-19,obm_spent_value_ge365_btc_daily,4017.55680268,BTC,daily,OBM v0.1.0
2024-05-20,obm_spent_value_ge365_btc_daily,9083.10028134,BTC,daily,OBM v0.1.0
2024-05-21,obm_spent_value_ge365_btc_daily,6205.07827732,BTC,daily,OBM v0.1.0
2024-05-22,obm_spent_value_ge365_btc_daily,7786.09337241,BTC,daily,OBM v0.1.0
2024-05-23,obm_spent_value_ge365_btc_daily,8912.02189353,BTC,daily,OBM v0.1.0
2024-05-24,obm_spent_value_ge365_btc_daily,6431.07973631,BTC,daily,OBM v0.1.0
2024-05-25,obm_spent_value_ge365_btc_daily,1629.31800020,BTC,daily,OBM v0.1.0
2024-05-26,obm_spent_value_ge365_btc_daily,7294.05781581,BTC,daily,OBM v0.1.0
2024-05-27,obm_spent_value_ge365_btc_daily,7961.77136396,BTC,daily,OBM v0.1.0
2024-05-28,obm_spent_value_ge365_btc_daily,146688.70070395,BTC,daily,OBM v0.1.0
2024-05-29,obm_spent_value_ge365_btc_daily,4510.86667995,BTC,daily,OBM v0.1.0
2024-05-30,obm_spent_value_ge365_btc_daily,3253.55541182,BTC,daily,OBM v0.1.0
2024-05-31,obm_spent_value_ge365_btc_daily,2868.80642692,BTC,daily,OBM v0.1.0
2024-06-01,obm_spent_value_ge365_btc_daily,3822.07286599,BTC,daily,OBM v0.1.0
2024-06-02,obm_spent_value_ge365_btc_daily,3881.16980677,BTC,daily,OBM v0.1.0
2024-06-03,obm_spent_value_ge365_btc_daily,9509.97524217,BTC,daily,OBM v0.1.0
2024-06-04,obm_spent_value_ge365_btc_daily,5261.47774217,BTC,daily,OBM v0.1.0
2024-06-05,obm_spent_value_ge365_btc_daily,7375.17885487,BTC,daily,OBM v0.1.0
2024-06-06,obm_spent_value_ge365_btc_daily,18765.90569769,BTC,daily,OBM v0.1.0
2024-06-07,obm_spent_value_ge365_btc_daily,2805.02812217,BTC,daily,OBM v0.1.0
2024-06-08,obm_spent_value_ge365_btc_daily,4005.00499503,BTC,daily,OBM v0.1.0
2024-06-09,obm_spent_value_ge365_btc_daily,3708.32996935,BTC,daily,OBM v0.1.0
2024-06-10,obm_spent_value_ge365_btc_daily,4819.08169700,BTC,daily,OBM v0.1.0
2024-06-11,obm_spent_value_ge365_btc_daily,27067.68599144,BTC,daily,OBM v0.1.0
2024-06-12,obm_spent_value_ge365_btc_daily,9366.88703682,BTC,daily,OBM v0.1.0
2024-06-13,obm_spent_value_ge365_btc_daily,2680.60605744,BTC,daily,OBM v0.1.0
2024-06-14,obm_spent_value_ge365_btc_daily,2876.76463936,BTC,daily,OBM v0.1.0
2024-06-15,obm_spent_value_ge365_btc_daily,6086.77659227,BTC,daily,OBM v0.1.0
2024-06-16,obm_spent_value_ge365_btc_daily,2166.03274294,BTC,daily,OBM v0.1.0
2024-06-17,obm_spent_value_ge365_btc_daily,6657.28550148,BTC,daily,OBM v0.1.0
2024-06-18,obm_spent_value_ge365_btc_daily,4017.72104755,BTC,daily,OBM v0.1.0
2024-06-19,obm_spent_value_ge365_btc_daily,2100.99827405,BTC,daily,OBM v0.1.0
2024-06-20,obm_spent_value_ge365_btc_daily,3026.09054913,BTC,daily,OBM v0.1.0
2024-06-21,obm_spent_value_ge365_btc_daily,11429.82464943,BTC,daily,OBM v0.1.0
2024-06-22,obm_spent_value_ge365_btc_daily,45774.67462336,BTC,daily,OBM v0.1.0
2024-06-23,obm_spent_value_ge365_btc_daily,2531.98700644,BTC,daily,OBM v0.1.0
2024-06-24,obm_spent_value_ge365_btc_daily,12014.41835981,BTC,daily,OBM v0.1.0
2024-06-25,obm_spent_value_ge365_btc_daily,4732.46397471,BTC,daily,OBM v0.1.0
2024-06-26,obm_spent_value_ge365_btc_daily,4777.50129508,BTC,daily,OBM v0.1.0
2024-06-27,obm_spent_value_ge365_btc_daily,32526.98450819,BTC,daily,OBM v0.1.0
2024-06-28,obm_spent_value_ge365_btc_daily,4712.00842488,BTC,daily,OBM v0.1.0
2024-06-29,obm_spent_value_ge365_btc_daily,1683.04812176,BTC,daily,OBM v0.1.0
2024-06-30,obm_spent_value_ge365_btc_daily,2343.09583284,BTC,daily,OBM v0.1.0
2024-07-01,obm_spent_value_ge365_btc_daily,5854.44728745,BTC,daily,OBM v0.1.0
2024-07-02,obm_spent_value_ge365_btc_daily,3394.79761858,BTC,daily,OBM v0.1.0
2024-07-03,obm_spent_value_ge365_btc_daily,13112.74748808,BTC,daily,OBM v0.1.0
2024-07-04,obm_spent_value_ge365_btc_daily,5472.51281863,BTC,daily,OBM v0.1.0
2024-07-05,obm_spent_value_ge365_btc_daily,37676.88289483,BTC,daily,OBM v0.1.0
2024-07-06,obm_spent_value_ge365_btc_daily,2090.63332207,BTC,daily,OBM v0.1.0
2024-07-07,obm_spent_value_ge365_btc_daily,2881.00327987,BTC,daily,OBM v0.1.0
2024-07-08,obm_spent_value_ge365_btc_daily,2732.41014070,BTC,daily,OBM v0.1.0
2024-07-09,obm_spent_value_ge365_btc_daily,14724.75976868,BTC,daily,OBM v0.1.0
2024-07-10,obm_spent_value_ge365_btc_daily,8482.73943260,BTC,daily,OBM v0.1.0
2024-07-11,obm_spent_value_ge365_btc_daily,2960.73148969,BTC,daily,OBM v0.1.0
2024-07-12,obm_spent_value_ge365_btc_daily,5969.57934386,BTC,daily,OBM v0.1.0
2024-07-13,obm_spent_value_ge365_btc_daily,2566.29783648,BTC,daily,OBM v0.1.0
2024-07-14,obm_spent_value_ge365_btc_daily,2247.33415112,BTC,daily,OBM v0.1.0
2024-07-15,obm_spent_value_ge365_btc_daily,9890.80840798,BTC,daily,OBM v0.1.0
2024-07-16,obm_spent_value_ge365_btc_daily,3390.60416126,BTC,daily,OBM v0.1.0
2024-07-17,obm_spent_value_ge365_btc_daily,8054.77841076,BTC,daily,OBM v0.1.0
2024-07-18,obm_spent_value_ge365_btc_daily,15238.48676043,BTC,daily,OBM v0.1.0
2024-07-19,obm_spent_value_ge365_btc_daily,22213.37961248,BTC,daily,OBM v0.1.0
2024-07-20,obm_spent_value_ge365_btc_daily,3054.11141938,BTC,daily,OBM v0.1.0
2024-07-21,obm_spent_value_ge365_btc_daily,1779.69256838,BTC,daily,OBM v0.1.0
2024-07-22,obm_spent_value_ge365_btc_daily,5288.17016321,BTC,daily,OBM v0.1.0
2024-07-23,obm_spent_value_ge365_btc_daily,34637.66499858,BTC,daily,OBM v0.1.0
2024-07-24,obm_spent_value_ge365_btc_daily,4202.19232979,BTC,daily,OBM v0.1.0
2024-07-25,obm_spent_value_ge365_btc_daily,5115.24667363,BTC,daily,OBM v0.1.0
2024-07-26,obm_spent_value_ge365_btc_daily,3174.16929982,BTC,daily,OBM v0.1.0
2024-07-27,obm_spent_value_ge365_btc_daily,4979.62771231,BTC,daily,OBM v0.1.0
2024-07-28,obm_spent_value_ge365_btc_daily,2562.95043679,BTC,daily,OBM v0.1.0
2024-07-29,obm_spent_value_ge365_btc_daily,7381.45037224,BTC,daily,OBM v0.1.0
2024-07-30,obm_spent_value_ge365_btc_daily,33159.44417337,BTC,daily,OBM v0.1.0
2024-07-31,obm_spent_value_ge365_btc_daily,3640.00384245,BTC,daily,OBM v0.1.0
2024-08-01,obm_spent_value_ge365_btc_daily,10710.83158303,BTC,daily,OBM v0.1.0
2024-08-02,obm_spent_value_ge365_btc_daily,4640.28993358,BTC,daily,OBM v0.1.0
2024-08-03,obm_spent_value_ge365_btc_daily,4515.59703852,BTC,daily,OBM v0.1.0
2024-08-04,obm_spent_value_ge365_btc_daily,4693.95298589,BTC,daily,OBM v0.1.0
2024-08-05,obm_spent_value_ge365_btc_daily,26646.35142423,BTC,daily,OBM v0.1.0
2024-08-06,obm_spent_value_ge365_btc_daily,3104.56129307,BTC,daily,OBM v0.1.0
2024-08-07,obm_spent_value_ge365_btc_daily,11438.00802935,BTC,daily,OBM v0.1.0
2024-08-08,obm_spent_value_ge365_btc_daily,5710.00023042,BTC,daily,OBM v0.1.0
2024-08-09,obm_spent_value_ge365_btc_daily,5899.54041171,BTC,daily,OBM v0.1.0
2024-08-10,obm_spent_value_ge365_btc_daily,19761.59707341,BTC,daily,OBM v0.1.0
2024-08-11,obm_spent_value_ge365_btc_daily,1416.80146324,BTC,daily,OBM v0.1.0
2024-08-12,obm_spent_value_ge365_btc_daily,4535.90397064,BTC,daily,OBM v0.1.0
2024-08-13,obm_spent_value_ge365_btc_daily,4538.77118821,BTC,daily,OBM v0.1.0
2024-08-14,obm_spent_value_ge365_btc_daily,2998.58476215,BTC,daily,OBM v0.1.0
2024-08-15,obm_spent_value_ge365_btc_daily,5452.71695640,BTC,daily,OBM v0.1.0
2024-08-16,obm_spent_value_ge365_btc_daily,2635.27650021,BTC,daily,OBM v0.1.0
2024-08-17,obm_spent_value_ge365_btc_daily,1377.16521653,BTC,daily,OBM v0.1.0
2024-08-18,obm_spent_value_ge365_btc_daily,1938.97049639,BTC,daily,OBM v0.1.0
2024-08-19,obm_spent_value_ge365_btc_daily,3627.80749024,BTC,daily,OBM v0.1.0
2024-08-20,obm_spent_value_ge365_btc_daily,4431.88384341,BTC,daily,OBM v0.1.0
2024-08-21,obm_spent_value_ge365_btc_daily,5056.20174180,BTC,daily,OBM v0.1.0
2024-08-22,obm_spent_value_ge365_btc_daily,4421.91364534,BTC,daily,OBM v0.1.0
2024-08-23,obm_spent_value_ge365_btc_daily,5340.90719898,BTC,daily,OBM v0.1.0
2024-08-24,obm_spent_value_ge365_btc_daily,1645.22671921,BTC,daily,OBM v0.1.0
2024-08-25,obm_spent_value_ge365_btc_daily,1355.45459205,BTC,daily,OBM v0.1.0
2024-08-26,obm_spent_value_ge365_btc_daily,5189.28881766,BTC,daily,OBM v0.1.0
2024-08-27,obm_spent_value_ge365_btc_daily,4353.82744864,BTC,daily,OBM v0.1.0
2024-08-28,obm_spent_value_ge365_btc_daily,4766.89230062,BTC,daily,OBM v0.1.0
2024-08-29,obm_spent_value_ge365_btc_daily,20636.57961993,BTC,daily,OBM v0.1.0
2024-08-30,obm_spent_value_ge365_btc_daily,2578.67711226,BTC,daily,OBM v0.1.0
2024-08-31,obm_spent_value_ge365_btc_daily,3164.55609062,BTC,daily,OBM v0.1.0
2024-09-01,obm_spent_value_ge365_btc_daily,1484.63982434,BTC,daily,OBM v0.1.0
2024-09-02,obm_spent_value_ge365_btc_daily,1842.18482619,BTC,daily,OBM v0.1.0
2024-09-03,obm_spent_value_ge365_btc_daily,4010.94890614,BTC,daily,OBM v0.1.0
2024-09-04,obm_spent_value_ge365_btc_daily,5141.59427601,BTC,daily,OBM v0.1.0
2024-09-05,obm_spent_value_ge365_btc_daily,4121.41376709,BTC,daily,OBM v0.1.0
2024-09-06,obm_spent_value_ge365_btc_daily,9813.57552301,BTC,daily,OBM v0.1.0
2024-09-07,obm_spent_value_ge365_btc_daily,1382.78482962,BTC,daily,OBM v0.1.0
2024-09-08,obm_spent_value_ge365_btc_daily,1132.07710936,BTC,daily,OBM v0.1.0
2024-09-09,obm_spent_value_ge365_btc_daily,12244.88787119,BTC,daily,OBM v0.1.0
2024-09-10,obm_spent_value_ge365_btc_daily,4879.33515304,BTC,daily,OBM v0.1.0
2024-09-11,obm_spent_value_ge365_btc_daily,3903.15074916,BTC,daily,OBM v0.1.0
2024-09-12,obm_spent_value_ge365_btc_daily,3388.00791905,BTC,daily,OBM v0.1.0
2024-09-13,obm_spent_value_ge365_btc_daily,15056.75871899,BTC,daily,OBM v0.1.0
2024-09-14,obm_spent_value_ge365_btc_daily,2450.13513135,BTC,daily,OBM v0.1.0
2024-09-15,obm_spent_value_ge365_btc_daily,2286.30653760,BTC,daily,OBM v0.1.0
2024-09-16,obm_spent_value_ge365_btc_daily,8522.90484544,BTC,daily,OBM v0.1.0
2024-09-17,obm_spent_value_ge365_btc_daily,6540.56622083,BTC,daily,OBM v0.1.0
2024-09-18,obm_spent_value_ge365_btc_daily,8528.75570470,BTC,daily,OBM v0.1.0
2024-09-19,obm_spent_value_ge365_btc_daily,4470.17875585,BTC,daily,OBM v0.1.0
2024-09-20,obm_spent_value_ge365_btc_daily,9423.67196532,BTC,daily,OBM v0.1.0
2024-09-21,obm_spent_value_ge365_btc_daily,2987.20385408,BTC,daily,OBM v0.1.0
2024-09-22,obm_spent_value_ge365_btc_daily,2211.58389639,BTC,daily,OBM v0.1.0
2024-09-23,obm_spent_value_ge365_btc_daily,2802.64169636,BTC,daily,OBM v0.1.0
2024-09-24,obm_spent_value_ge365_btc_daily,5057.89414220,BTC,daily,OBM v0.1.0
2024-09-25,obm_spent_value_ge365_btc_daily,4833.72118675,BTC,daily,OBM v0.1.0
2024-09-26,obm_spent_value_ge365_btc_daily,9580.04370730,BTC,daily,OBM v0.1.0
2024-09-27,obm_spent_value_ge365_btc_daily,4672.78282656,BTC,daily,OBM v0.1.0
2024-09-28,obm_spent_value_ge365_btc_daily,2794.27151449,BTC,daily,OBM v0.1.0
2024-09-29,obm_spent_value_ge365_btc_daily,2677.06861009,BTC,daily,OBM v0.1.0
2024-09-30,obm_spent_value_ge365_btc_daily,4420.47546355,BTC,daily,OBM v0.1.0
2024-10-01,obm_spent_value_ge365_btc_daily,3288.19225221,BTC,daily,OBM v0.1.0
2024-10-02,obm_spent_value_ge365_btc_daily,2374.45222678,BTC,daily,OBM v0.1.0
2024-10-03,obm_spent_value_ge365_btc_daily,5707.40874494,BTC,daily,OBM v0.1.0
2024-10-04,obm_spent_value_ge365_btc_daily,6007.14702518,BTC,daily,OBM v0.1.0
2024-10-05,obm_spent_value_ge365_btc_daily,1685.56845810,BTC,daily,OBM v0.1.0
2024-10-06,obm_spent_value_ge365_btc_daily,1521.84817697,BTC,daily,OBM v0.1.0
2024-10-07,obm_spent_value_ge365_btc_daily,3246.26104524,BTC,daily,OBM v0.1.0
2024-10-08,obm_spent_value_ge365_btc_daily,144590.41305522,BTC,daily,OBM v0.1.0
2024-10-09,obm_spent_value_ge365_btc_daily,5099.53360539,BTC,daily,OBM v0.1.0
2024-10-10,obm_spent_value_ge365_btc_daily,1928.24634180,BTC,daily,OBM v0.1.0
2024-10-11,obm_spent_value_ge365_btc_daily,50646.11167067,BTC,daily,OBM v0.1.0
2024-10-12,obm_spent_value_ge365_btc_daily,12406.43426248,BTC,daily,OBM v0.1.0
2024-10-13,obm_spent_value_ge365_btc_daily,3888.67352686,BTC,daily,OBM v0.1.0
2024-10-14,obm_spent_value_ge365_btc_daily,5861.77476346,BTC,daily,OBM v0.1.0
2024-10-15,obm_spent_value_ge365_btc_daily,17366.52063099,BTC,daily,OBM v0.1.0
2024-10-16,obm_spent_value_ge365_btc_daily,3876.71774494,BTC,daily,OBM v0.1.0
2024-10-17,obm_spent_value_ge365_btc_daily,6577.97178859,BTC,daily,OBM v0.1.0
2024-10-18,obm_spent_value_ge365_btc_daily,8120.57371949,BTC,daily,OBM v0.1.0
2024-10-19,obm_spent_value_ge365_btc_daily,7952.88859639,BTC,daily,OBM v0.1.0
2024-10-20,obm_spent_value_ge365_btc_daily,31189.73758837,BTC,daily,OBM v0.1.0
2024-10-21,obm_spent_value_ge365_btc_daily,36918.23003102,BTC,daily,OBM v0.1.0
2024-10-22,obm_spent_value_ge365_btc_daily,4730.65261368,BTC,daily,OBM v0.1.0
2024-10-23,obm_spent_value_ge365_btc_daily,5470.27041058,BTC,daily,OBM v0.1.0
2024-10-24,obm_spent_value_ge365_btc_daily,3547.80380465,BTC,daily,OBM v0.1.0
2024-10-25,obm_spent_value_ge365_btc_daily,4725.98201483,BTC,daily,OBM v0.1.0
2024-10-26,obm_spent_value_ge365_btc_daily,3439.60318225,BTC,daily,OBM v0.1.0
2024-10-27,obm_spent_value_ge365_btc_daily,3035.67704222,BTC,daily,OBM v0.1.0
2024-10-28,obm_spent_value_ge365_btc_daily,5459.85699414,BTC,daily,OBM v0.1.0
2024-10-29,obm_spent_value_ge365_btc_daily,10427.85908459,BTC,daily,OBM v0.1.0
2024-10-30,obm_spent_value_ge365_btc_daily,7978.35470182,BTC,daily,OBM v0.1.0
2024-10-31,obm_spent_value_ge365_btc_daily,6512.47170663,BTC,daily,OBM v0.1.0
2024-11-01,obm_spent_value_ge365_btc_daily,6495.35019501,BTC,daily,OBM v0.1.0
2024-11-02,obm_spent_value_ge365_btc_daily,3844.81994248,BTC,daily,OBM v0.1.0
2024-11-03,obm_spent_value_ge365_btc_daily,3416.53154891,BTC,daily,OBM v0.1.0
2024-11-04,obm_spent_value_ge365_btc_daily,6779.92819190,BTC,daily,OBM v0.1.0
2024-11-05,obm_spent_value_ge365_btc_daily,5444.18939717,BTC,daily,OBM v0.1.0
2024-11-06,obm_spent_value_ge365_btc_daily,14437.70163535,BTC,daily,OBM v0.1.0
2024-11-07,obm_spent_value_ge365_btc_daily,8265.74813141,BTC,daily,OBM v0.1.0
2024-11-08,obm_spent_value_ge365_btc_daily,14900.10484018,BTC,daily,OBM v0.1.0
2024-11-09,obm_spent_value_ge365_btc_daily,3311.43521635,BTC,daily,OBM v0.1.0
2024-11-10,obm_spent_value_ge365_btc_daily,8803.90072841,BTC,daily,OBM v0.1.0
2024-11-11,obm_spent_value_ge365_btc_daily,19571.02754531,BTC,daily,OBM v0.1.0
2024-11-12,obm_spent_value_ge365_btc_daily,24338.15588222,BTC,daily,OBM v0.1.0
2024-11-13,obm_spent_value_ge365_btc_daily,25008.83746270,BTC,daily,OBM v0.1.0
2024-11-14,obm_spent_value_ge365_btc_daily,24229.41115705,BTC,daily,OBM v0.1.0
2024-11-15,obm_spent_value_ge365_btc_daily,20622.22048569,BTC,daily,OBM v0.1.0
2024-11-16,obm_spent_value_ge365_btc_daily,6452.80689222,BTC,daily,OBM v0.1.0
2024-11-17,obm_spent_value_ge365_btc_daily,5270.41081548,BTC,daily,OBM v0.1.0
2024-11-18,obm_spent_value_ge365_btc_daily,11614.30340186,BTC,daily,OBM v0.1.0
2024-11-19,obm_spent_value_ge365_btc_daily,30350.89078535,BTC,daily,OBM v0.1.0
2024-11-20,obm_spent_value_ge365_btc_daily,20993.14944093,BTC,daily,OBM v0.1.0
2024-11-21,obm_spent_value_ge365_btc_daily,40177.49088661,BTC,daily,OBM v0.1.0
2024-11-22,obm_spent_value_ge365_btc_daily,18882.74821697,BTC,daily,OBM v0.1.0
2024-11-23,obm_spent_value_ge365_btc_daily,10736.34187600,BTC,daily,OBM v0.1.0
2024-11-24,obm_spent_value_ge365_btc_daily,8061.59092157,BTC,daily,OBM v0.1.0
2024-11-25,obm_spent_value_ge365_btc_daily,16199.40866438,BTC,daily,OBM v0.1.0
2024-11-26,obm_spent_value_ge365_btc_daily,20176.28852307,BTC,daily,OBM v0.1.0
2024-11-27,obm_spent_value_ge365_btc_daily,15927.30829662,BTC,daily,OBM v0.1.0
2024-11-28,obm_spent_value_ge365_btc_daily,16663.80376643,BTC,daily,OBM v0.1.0
2024-11-29,obm_spent_value_ge365_btc_daily,10626.16178187,BTC,daily,OBM v0.1.0
2024-11-30,obm_spent_value_ge365_btc_daily,4155.60440335,BTC,daily,OBM v0.1.0
2024-12-01,obm_spent_value_ge365_btc_daily,4362.77388325,BTC,daily,OBM v0.1.0
2024-12-02,obm_spent_value_ge365_btc_daily,15466.72128042,BTC,daily,OBM v0.1.0
2024-12-03,obm_spent_value_ge365_btc_daily,21318.27656078,BTC,daily,OBM v0.1.0
2024-12-04,obm_spent_value_ge365_btc_daily,8074.44490707,BTC,daily,OBM v0.1.0
2024-12-05,obm_spent_value_ge365_btc_daily,24919.08078782,BTC,daily,OBM v0.1.0
2024-12-06,obm_spent_value_ge365_btc_daily,10675.14922066,BTC,daily,OBM v0.1.0
2024-12-07,obm_spent_value_ge365_btc_daily,6420.86436481,BTC,daily,OBM v0.1.0
2024-12-08,obm_spent_value_ge365_btc_daily,6193.61355595,BTC,daily,OBM v0.1.0
2024-12-09,obm_spent_value_ge365_btc_daily,18226.99186393,BTC,daily,OBM v0.1.0
2024-12-10,obm_spent_value_ge365_btc_daily,7012.14660069,BTC,daily,OBM v0.1.0
2024-12-11,obm_spent_value_ge365_btc_daily,26030.29157563,BTC,daily,OBM v0.1.0
2024-12-12,obm_spent_value_ge365_btc_daily,7006.62255133,BTC,daily,OBM v0.1.0
2024-12-13,obm_spent_value_ge365_btc_daily,15248.35734329,BTC,daily,OBM v0.1.0
2024-12-14,obm_spent_value_ge365_btc_daily,6117.27151431,BTC,daily,OBM v0.1.0
2024-12-15,obm_spent_value_ge365_btc_daily,4828.77109487,BTC,daily,OBM v0.1.0
2024-12-16,obm_spent_value_ge365_btc_daily,18977.29865801,BTC,daily,OBM v0.1.0
2024-12-17,obm_spent_value_ge365_btc_daily,12765.86339799,BTC,daily,OBM v0.1.0
2024-12-18,obm_spent_value_ge365_btc_daily,16536.55462628,BTC,daily,OBM v0.1.0
2024-12-19,obm_spent_value_ge365_btc_daily,34036.12204599,BTC,daily,OBM v0.1.0
2024-12-20,obm_spent_value_ge365_btc_daily,18888.40333536,BTC,daily,OBM v0.1.0
2024-12-21,obm_spent_value_ge365_btc_daily,5246.95587921,BTC,daily,OBM v0.1.0
2024-12-22,obm_spent_value_ge365_btc_daily,6352.06028728,BTC,daily,OBM v0.1.0
2024-12-23,obm_spent_value_ge365_btc_daily,11404.17781555,BTC,daily,OBM v0.1.0
2024-12-24,obm_spent_value_ge365_btc_daily,34288.88032859,BTC,daily,OBM v0.1.0
2024-12-25,obm_spent_value_ge365_btc_daily,2945.72383266,BTC,daily,OBM v0.1.0
2024-12-26,obm_spent_value_ge365_btc_daily,9960.28714158,BTC,daily,OBM v0.1.0
2024-12-27,obm_spent_value_ge365_btc_daily,16939.49368558,BTC,daily,OBM v0.1.0
2024-12-28,obm_spent_value_ge365_btc_daily,4524.99450300,BTC,daily,OBM v0.1.0
2024-12-29,obm_spent_value_ge365_btc_daily,12979.34331632,BTC,daily,OBM v0.1.0
2024-12-30,obm_spent_value_ge365_btc_daily,28257.71538555,BTC,daily,OBM v0.1.0
2024-12-31,obm_spent_value_ge365_btc_daily,18812.71486118,BTC,daily,OBM v0.1.0
2025-01-01,obm_spent_value_ge365_btc_daily,13037.92595826,BTC,daily,OBM v0.1.0
2025-01-02,obm_spent_value_ge365_btc_daily,6196.68571335,BTC,daily,OBM v0.1.0
2025-01-03,obm_spent_value_ge365_btc_daily,4805.97650838,BTC,daily,OBM v0.1.0
2025-01-04,obm_spent_value_ge365_btc_daily,3569.53349469,BTC,daily,OBM v0.1.0
2025-01-05,obm_spent_value_ge365_btc_daily,2764.19179607,BTC,daily,OBM v0.1.0
2025-01-06,obm_spent_value_ge365_btc_daily,6083.64947834,BTC,daily,OBM v0.1.0
2025-01-07,obm_spent_value_ge365_btc_daily,13274.08024909,BTC,daily,OBM v0.1.0
2025-01-08,obm_spent_value_ge365_btc_daily,5952.05434914,BTC,daily,OBM v0.1.0
2025-01-09,obm_spent_value_ge365_btc_daily,5349.59367803,BTC,daily,OBM v0.1.0
2025-01-10,obm_spent_value_ge365_btc_daily,5752.59539212,BTC,daily,OBM v0.1.0
2025-01-11,obm_spent_value_ge365_btc_daily,2718.61518720,BTC,daily,OBM v0.1.0
2025-01-12,obm_spent_value_ge365_btc_daily,2993.13901970,BTC,daily,OBM v0.1.0
2025-01-13,obm_spent_value_ge365_btc_daily,4318.62311485,BTC,daily,OBM v0.1.0
2025-01-14,obm_spent_value_ge365_btc_daily,5903.34452536,BTC,daily,OBM v0.1.0
2025-01-15,obm_spent_value_ge365_btc_daily,9968.19549339,BTC,daily,OBM v0.1.0
2025-01-16,obm_spent_value_ge365_btc_daily,5737.14065368,BTC,daily,OBM v0.1.0
2025-01-17,obm_spent_value_ge365_btc_daily,9497.83872134,BTC,daily,OBM v0.1.0
2025-01-18,obm_spent_value_ge365_btc_daily,8818.69033517,BTC,daily,OBM v0.1.0
2025-01-19,obm_spent_value_ge365_btc_daily,6650.64467857,BTC,daily,OBM v0.1.0
2025-01-20,obm_spent_value_ge365_btc_daily,11456.49414015,BTC,daily,OBM v0.1.0
2025-01-21,obm_spent_value_ge365_btc_daily,10581.93262265,BTC,daily,OBM v0.1.0
2025-01-22,obm_spent_value_ge365_btc_daily,15826.21514310,BTC,daily,OBM v0.1.0
2025-01-23,obm_spent_value_ge365_btc_daily,48832.61950003,BTC,daily,OBM v0.1.0
2025-01-24,obm_spent_value_ge365_btc_daily,5661.78156463,BTC,daily,OBM v0.1.0
2025-01-25,obm_spent_value_ge365_btc_daily,3520.81108022,BTC,daily,OBM v0.1.0
2025-01-26,obm_spent_value_ge365_btc_daily,3590.65558815,BTC,daily,OBM v0.1.0
2025-01-27,obm_spent_value_ge365_btc_daily,7131.02054943,BTC,daily,OBM v0.1.0
2025-01-28,obm_spent_value_ge365_btc_daily,6690.72351267,BTC,daily,OBM v0.1.0
2025-01-29,obm_spent_value_ge365_btc_daily,3717.14653167,BTC,daily,OBM v0.1.0
2025-01-30,obm_spent_value_ge365_btc_daily,3187.25854544,BTC,daily,OBM v0.1.0
2025-01-31,obm_spent_value_ge365_btc_daily,3116.58073940,BTC,daily,OBM v0.1.0
2025-02-01,obm_spent_value_ge365_btc_daily,3343.89515481,BTC,daily,OBM v0.1.0
2025-02-02,obm_spent_value_ge365_btc_daily,4136.52448573,BTC,daily,OBM v0.1.0
2025-02-03,obm_spent_value_ge365_btc_daily,7680.72791815,BTC,daily,OBM v0.1.0
2025-02-04,obm_spent_value_ge365_btc_daily,5821.70478494,BTC,daily,OBM v0.1.0
2025-02-05,obm_spent_value_ge365_btc_daily,21424.95646359,BTC,daily,OBM v0.1.0
2025-02-06,obm_spent_value_ge365_btc_daily,13734.28645340,BTC,daily,OBM v0.1.0
2025-02-07,obm_spent_value_ge365_btc_daily,4006.92590234,BTC,daily,OBM v0.1.0
2025-02-08,obm_spent_value_ge365_btc_daily,2845.38156702,BTC,daily,OBM v0.1.0
2025-02-09,obm_spent_value_ge365_btc_daily,16550.93316423,BTC,daily,OBM v0.1.0
2025-02-10,obm_spent_value_ge365_btc_daily,5654.28213546,BTC,daily,OBM v0.1.0
2025-02-11,obm_spent_value_ge365_btc_daily,10970.36799667,BTC,daily,OBM v0.1.0
2025-02-12,obm_spent_value_ge365_btc_daily,5031.26811264,BTC,daily,OBM v0.1.0
2025-02-13,obm_spent_value_ge365_btc_daily,3461.17457931,BTC,daily,OBM v0.1.0
2025-02-14,obm_spent_value_ge365_btc_daily,5701.74666877,BTC,daily,OBM v0.1.0
2025-02-15,obm_spent_value_ge365_btc_daily,4538.43836311,BTC,daily,OBM v0.1.0
2025-02-16,obm_spent_value_ge365_btc_daily,1681.24744051,BTC,daily,OBM v0.1.0
2025-02-17,obm_spent_value_ge365_btc_daily,2959.08693114,BTC,daily,OBM v0.1.0
2025-02-18,obm_spent_value_ge365_btc_daily,4367.43469566,BTC,daily,OBM v0.1.0
2025-02-19,obm_spent_value_ge365_btc_daily,3169.57006638,BTC,daily,OBM v0.1.0
2025-02-20,obm_spent_value_ge365_btc_daily,3447.18328719,BTC,daily,OBM v0.1.0
2025-02-21,obm_spent_value_ge365_btc_daily,3610.61709171,BTC,daily,OBM v0.1.0
2025-02-22,obm_spent_value_ge365_btc_daily,1513.76692221,BTC,daily,OBM v0.1.0
2025-02-23,obm_spent_value_ge365_btc_daily,2441.95176598,BTC,daily,OBM v0.1.0
2025-02-24,obm_spent_value_ge365_btc_daily,4581.62243207,BTC,daily,OBM v0.1.0
2025-02-25,obm_spent_value_ge365_btc_daily,16197.57119157,BTC,daily,OBM v0.1.0
2025-02-26,obm_spent_value_ge365_btc_daily,13256.08451526,BTC,daily,OBM v0.1.0
2025-02-27,obm_spent_value_ge365_btc_daily,7409.22275106,BTC,daily,OBM v0.1.0
2025-02-28,obm_spent_value_ge365_btc_daily,10037.23042149,BTC,daily,OBM v0.1.0
2025-03-01,obm_spent_value_ge365_btc_daily,2479.03314366,BTC,daily,OBM v0.1.0
2025-03-02,obm_spent_value_ge365_btc_daily,4032.96847118,BTC,daily,OBM v0.1.0
2025-03-03,obm_spent_value_ge365_btc_daily,9817.22813083,BTC,daily,OBM v0.1.0
2025-03-04,obm_spent_value_ge365_btc_daily,4808.07872323,BTC,daily,OBM v0.1.0
2025-03-05,obm_spent_value_ge365_btc_daily,4798.18946719,BTC,daily,OBM v0.1.0
2025-03-06,obm_spent_value_ge365_btc_daily,7756.79295641,BTC,daily,OBM v0.1.0
2025-03-07,obm_spent_value_ge365_btc_daily,6019.82971158,BTC,daily,OBM v0.1.0
2025-03-08,obm_spent_value_ge365_btc_daily,1891.75958415,BTC,daily,OBM v0.1.0
2025-03-09,obm_spent_value_ge365_btc_daily,2535.59244217,BTC,daily,OBM v0.1.0
2025-03-10,obm_spent_value_ge365_btc_daily,12968.26546135,BTC,daily,OBM v0.1.0
2025-03-11,obm_spent_value_ge365_btc_daily,10561.26451256,BTC,daily,OBM v0.1.0
2025-03-12,obm_spent_value_ge365_btc_daily,4761.16317143,BTC,daily,OBM v0.1.0
2025-03-13,obm_spent_value_ge365_btc_daily,6813.94788069,BTC,daily,OBM v0.1.0
2025-03-14,obm_spent_value_ge365_btc_daily,7317.29497890,BTC,daily,OBM v0.1.0
2025-03-15,obm_spent_value_ge365_btc_daily,1322.08392696,BTC,daily,OBM v0.1.0
2025-03-16,obm_spent_value_ge365_btc_daily,3436.91735004,BTC,daily,OBM v0.1.0
2025-03-17,obm_spent_value_ge365_btc_daily,4770.13674030,BTC,daily,OBM v0.1.0
2025-03-18,obm_spent_value_ge365_btc_daily,5612.87880584,BTC,daily,OBM v0.1.0
2025-03-19,obm_spent_value_ge365_btc_daily,5947.88633659,BTC,daily,OBM v0.1.0
2025-03-20,obm_spent_value_ge365_btc_daily,7430.23197907,BTC,daily,OBM v0.1.0
2025-03-21,obm_spent_value_ge365_btc_daily,2425.00312679,BTC,daily,OBM v0.1.0
2025-03-22,obm_spent_value_ge365_btc_daily,4525.31779756,BTC,daily,OBM v0.1.0
2025-03-23,obm_spent_value_ge365_btc_daily,1565.40407147,BTC,daily,OBM v0.1.0
2025-03-24,obm_spent_value_ge365_btc_daily,3279.77356153,BTC,daily,OBM v0.1.0
2025-03-25,obm_spent_value_ge365_btc_daily,2768.68395238,BTC,daily,OBM v0.1.0
2025-03-26,obm_spent_value_ge365_btc_daily,6281.72353090,BTC,daily,OBM v0.1.0
2025-03-27,obm_spent_value_ge365_btc_daily,4586.78533260,BTC,daily,OBM v0.1.0
2025-03-28,obm_spent_value_ge365_btc_daily,20565.24471223,BTC,daily,OBM v0.1.0
2025-03-29,obm_spent_value_ge365_btc_daily,2055.52525641,BTC,daily,OBM v0.1.0
2025-03-30,obm_spent_value_ge365_btc_daily,1930.29270700,BTC,daily,OBM v0.1.0
2025-03-31,obm_spent_value_ge365_btc_daily,8082.30547529,BTC,daily,OBM v0.1.0
2025-04-01,obm_spent_value_ge365_btc_daily,2576.17095683,BTC,daily,OBM v0.1.0
2025-04-02,obm_spent_value_ge365_btc_daily,15132.28151610,BTC,daily,OBM v0.1.0
2025-04-03,obm_spent_value_ge365_btc_daily,21292.95684083,BTC,daily,OBM v0.1.0
2025-04-04,obm_spent_value_ge365_btc_daily,5565.30381949,BTC,daily,OBM v0.1.0
2025-04-05,obm_spent_value_ge365_btc_daily,2573.17907556,BTC,daily,OBM v0.1.0
2025-04-06,obm_spent_value_ge365_btc_daily,3319.07675246,BTC,daily,OBM v0.1.0
2025-04-07,obm_spent_value_ge365_btc_daily,18625.02582916,BTC,daily,OBM v0.1.0
2025-04-08,obm_spent_value_ge365_btc_daily,4886.68523130,BTC,daily,OBM v0.1.0
2025-04-09,obm_spent_value_ge365_btc_daily,8219.79065264,BTC,daily,OBM v0.1.0
2025-04-10,obm_spent_value_ge365_btc_daily,12661.04872171,BTC,daily,OBM v0.1.0
2025-04-11,obm_spent_value_ge365_btc_daily,8936.07634458,BTC,daily,OBM v0.1.0
2025-04-12,obm_spent_value_ge365_btc_daily,3125.65125167,BTC,daily,OBM v0.1.0
2025-04-13,obm_spent_value_ge365_btc_daily,4489.30040251,BTC,daily,OBM v0.1.0
2025-04-14,obm_spent_value_ge365_btc_daily,4921.05388133,BTC,daily,OBM v0.1.0
2025-04-15,obm_spent_value_ge365_btc_daily,3383.95030746,BTC,daily,OBM v0.1.0
2025-04-16,obm_spent_value_ge365_btc_daily,5828.61137305,BTC,daily,OBM v0.1.0
2025-04-17,obm_spent_value_ge365_btc_daily,3149.25596507,BTC,daily,OBM v0.1.0
2025-04-18,obm_spent_value_ge365_btc_daily,1992.68797328,BTC,daily,OBM v0.1.0
2025-04-19,obm_spent_value_ge365_btc_daily,1210.72265960,BTC,daily,OBM v0.1.0
2025-04-20,obm_spent_value_ge365_btc_daily,1766.16145582,BTC,daily,OBM v0.1.0
2025-04-21,obm_spent_value_ge365_btc_daily,5805.16609304,BTC,daily,OBM v0.1.0
2025-04-22,obm_spent_value_ge365_btc_daily,6594.88757854,BTC,daily,OBM v0.1.0
2025-04-23,obm_spent_value_ge365_btc_daily,9833.63828261,BTC,daily,OBM v0.1.0
2025-04-24,obm_spent_value_ge365_btc_daily,11821.11395096,BTC,daily,OBM v0.1.0
2025-04-25,obm_spent_value_ge365_btc_daily,18303.12328494,BTC,daily,OBM v0.1.0
2025-04-26,obm_spent_value_ge365_btc_daily,3853.58814405,BTC,daily,OBM v0.1.0
2025-04-27,obm_spent_value_ge365_btc_daily,2213.57716757,BTC,daily,OBM v0.1.0
2025-04-28,obm_spent_value_ge365_btc_daily,16864.50861210,BTC,daily,OBM v0.1.0
2025-04-29,obm_spent_value_ge365_btc_daily,12902.16575362,BTC,daily,OBM v0.1.0
2025-04-30,obm_spent_value_ge365_btc_daily,8848.34870566,BTC,daily,OBM v0.1.0
2025-05-01,obm_spent_value_ge365_btc_daily,11647.61608658,BTC,daily,OBM v0.1.0
2025-05-02,obm_spent_value_ge365_btc_daily,13892.64615070,BTC,daily,OBM v0.1.0
2025-05-03,obm_spent_value_ge365_btc_daily,2433.59372120,BTC,daily,OBM v0.1.0
2025-05-04,obm_spent_value_ge365_btc_daily,1656.22388355,BTC,daily,OBM v0.1.0
2025-05-05,obm_spent_value_ge365_btc_daily,24450.19898993,BTC,daily,OBM v0.1.0
2025-05-06,obm_spent_value_ge365_btc_daily,20759.53153959,BTC,daily,OBM v0.1.0
2025-05-07,obm_spent_value_ge365_btc_daily,13265.34124582,BTC,daily,OBM v0.1.0
2025-05-08,obm_spent_value_ge365_btc_daily,14681.04074251,BTC,daily,OBM v0.1.0
2025-05-09,obm_spent_value_ge365_btc_daily,13809.75695434,BTC,daily,OBM v0.1.0
2025-05-10,obm_spent_value_ge365_btc_daily,2289.33071032,BTC,daily,OBM v0.1.0
2025-05-11,obm_spent_value_ge365_btc_daily,3227.92428717,BTC,daily,OBM v0.1.0
2025-05-12,obm_spent_value_ge365_btc_daily,9882.64772134,BTC,daily,OBM v0.1.0
2025-05-13,obm_spent_value_ge365_btc_daily,18619.87730799,BTC,daily,OBM v0.1.0
2025-05-14,obm_spent_value_ge365_btc_daily,7238.37703205,BTC,daily,OBM v0.1.0
2025-05-15,obm_spent_value_ge365_btc_daily,19072.13144434,BTC,daily,OBM v0.1.0
2025-05-16,obm_spent_value_ge365_btc_daily,9695.46751685,BTC,daily,OBM v0.1.0
2025-05-17,obm_spent_value_ge365_btc_daily,2675.72246560,BTC,daily,OBM v0.1.0
2025-05-18,obm_spent_value_ge365_btc_daily,4246.09324805,BTC,daily,OBM v0.1.0
2025-05-19,obm_spent_value_ge365_btc_daily,24611.33580143,BTC,daily,OBM v0.1.0
2025-05-20,obm_spent_value_ge365_btc_daily,19134.39029803,BTC,daily,OBM v0.1.0
2025-05-21,obm_spent_value_ge365_btc_daily,17861.54682205,BTC,daily,OBM v0.1.0
2025-05-22,obm_spent_value_ge365_btc_daily,8988.80034618,BTC,daily,OBM v0.1.0
2025-05-23,obm_spent_value_ge365_btc_daily,7449.12595651,BTC,daily,OBM v0.1.0
2025-05-24,obm_spent_value_ge365_btc_daily,3253.01182585,BTC,daily,OBM v0.1.0
2025-05-25,obm_spent_value_ge365_btc_daily,4280.81925075,BTC,daily,OBM v0.1.0
2025-05-26,obm_spent_value_ge365_btc_daily,23286.69038991,BTC,daily,OBM v0.1.0
2025-05-27,obm_spent_value_ge365_btc_daily,36542.20960202,BTC,daily,OBM v0.1.0
2025-05-28,obm_spent_value_ge365_btc_daily,7665.87977590,BTC,daily,OBM v0.1.0
2025-05-29,obm_spent_value_ge365_btc_daily,16899.98106595,BTC,daily,OBM v0.1.0
2025-05-30,obm_spent_value_ge365_btc_daily,5480.10868209,BTC,daily,OBM v0.1.0
2025-05-31,obm_spent_value_ge365_btc_daily,1954.54015036,BTC,daily,OBM v0.1.0
2025-06-01,obm_spent_value_ge365_btc_daily,2602.68243334,BTC,daily,OBM v0.1.0
2025-06-02,obm_spent_value_ge365_btc_daily,4744.56258065,BTC,daily,OBM v0.1.0
2025-06-03,obm_spent_value_ge365_btc_daily,3386.09044770,BTC,daily,OBM v0.1.0
2025-06-04,obm_spent_value_ge365_btc_daily,16684.65157254,BTC,daily,OBM v0.1.0
2025-06-05,obm_spent_value_ge365_btc_daily,3401.46290813,BTC,daily,OBM v0.1.0
2025-06-06,obm_spent_value_ge365_btc_daily,4100.28464594,BTC,daily,OBM v0.1.0
2025-06-07,obm_spent_value_ge365_btc_daily,4881.07758384,BTC,daily,OBM v0.1.0
2025-06-08,obm_spent_value_ge365_btc_daily,4830.58271098,BTC,daily,OBM v0.1.0
2025-06-09,obm_spent_value_ge365_btc_daily,4665.03767567,BTC,daily,OBM v0.1.0
2025-06-10,obm_spent_value_ge365_btc_daily,8925.50589598,BTC,daily,OBM v0.1.0
2025-06-11,obm_spent_value_ge365_btc_daily,3682.00058885,BTC,daily,OBM v0.1.0
2025-06-12,obm_spent_value_ge365_btc_daily,4101.94451520,BTC,daily,OBM v0.1.0
2025-06-13,obm_spent_value_ge365_btc_daily,15220.07001366,BTC,daily,OBM v0.1.0
2025-06-14,obm_spent_value_ge365_btc_daily,1879.80380286,BTC,daily,OBM v0.1.0
2025-06-15,obm_spent_value_ge365_btc_daily,4046.43145461,BTC,daily,OBM v0.1.0
2025-06-16,obm_spent_value_ge365_btc_daily,23034.48721330,BTC,daily,OBM v0.1.0
2025-06-17,obm_spent_value_ge365_btc_daily,5445.85536268,BTC,daily,OBM v0.1.0
2025-06-18,obm_spent_value_ge365_btc_daily,7176.63267993,BTC,daily,OBM v0.1.0
2025-06-19,obm_spent_value_ge365_btc_daily,4280.24013005,BTC,daily,OBM v0.1.0
2025-06-20,obm_spent_value_ge365_btc_daily,4834.79190074,BTC,daily,OBM v0.1.0
2025-06-21,obm_spent_value_ge365_btc_daily,4010.38617747,BTC,daily,OBM v0.1.0
2025-06-22,obm_spent_value_ge365_btc_daily,8714.55565424,BTC,daily,OBM v0.1.0
2025-06-23,obm_spent_value_ge365_btc_daily,10156.53984989,BTC,daily,OBM v0.1.0
2025-06-24,obm_spent_value_ge365_btc_daily,9656.33007575,BTC,daily,OBM v0.1.0
2025-06-25,obm_spent_value_ge365_btc_daily,9653.66675316,BTC,daily,OBM v0.1.0
2025-06-26,obm_spent_value_ge365_btc_daily,19457.36326264,BTC,daily,OBM v0.1.0
2025-06-27,obm_spent_value_ge365_btc_daily,27452.46073326,BTC,daily,OBM v0.1.0
2025-06-28,obm_spent_value_ge365_btc_daily,2449.44063052,BTC,daily,OBM v0.1.0
2025-06-29,obm_spent_value_ge365_btc_daily,2575.37215889,BTC,daily,OBM v0.1.0
2025-06-30,obm_spent_value_ge365_btc_daily,23116.20836437,BTC,daily,OBM v0.1.0
2025-07-01,obm_spent_value_ge365_btc_daily,7905.94196382,BTC,daily,OBM v0.1.0
2025-07-02,obm_spent_value_ge365_btc_daily,8051.85948053,BTC,daily,OBM v0.1.0
2025-07-03,obm_spent_value_ge365_btc_daily,11928.77359461,BTC,daily,OBM v0.1.0
2025-07-04,obm_spent_value_ge365_btc_daily,82554.53389327,BTC,daily,OBM v0.1.0
2025-07-05,obm_spent_value_ge365_btc_daily,2033.21688549,BTC,daily,OBM v0.1.0
2025-07-06,obm_spent_value_ge365_btc_daily,2377.88959535,BTC,daily,OBM v0.1.0
2025-07-07,obm_spent_value_ge365_btc_daily,17122.88968543,BTC,daily,OBM v0.1.0
2025-07-08,obm_spent_value_ge365_btc_daily,15973.47419675,BTC,daily,OBM v0.1.0
2025-07-09,obm_spent_value_ge365_btc_daily,20431.29146467,BTC,daily,OBM v0.1.0
2025-07-10,obm_spent_value_ge365_btc_daily,6327.69807401,BTC,daily,OBM v0.1.0
2025-07-11,obm_spent_value_ge365_btc_daily,17996.45119279,BTC,daily,OBM v0.1.0
2025-07-12,obm_spent_value_ge365_btc_daily,13154.52431032,BTC,daily,OBM v0.1.0
2025-07-13,obm_spent_value_ge365_btc_daily,5436.22791546,BTC,daily,OBM v0.1.0
2025-07-14,obm_spent_value_ge365_btc_daily,14698.54821398,BTC,daily,OBM v0.1.0
2025-07-15,obm_spent_value_ge365_btc_daily,12778.94886202,BTC,daily,OBM v0.1.0
2025-07-16,obm_spent_value_ge365_btc_daily,12269.13006739,BTC,daily,OBM v0.1.0
2025-07-17,obm_spent_value_ge365_btc_daily,18351.64492911,BTC,daily,OBM v0.1.0
2025-07-18,obm_spent_value_ge365_btc_daily,4975.78978643,BTC,daily,OBM v0.1.0
2025-07-19,obm_spent_value_ge365_btc_daily,12320.25341064,BTC,daily,OBM v0.1.0
2025-07-20,obm_spent_value_ge365_btc_daily,3689.52221815,BTC,daily,OBM v0.1.0
2025-07-21,obm_spent_value_ge365_btc_daily,6368.26063679,BTC,daily,OBM v0.1.0
2025-07-22,obm_spent_value_ge365_btc_daily,21907.08859227,BTC,daily,OBM v0.1.0
2025-07-23,obm_spent_value_ge365_btc_daily,15737.76098472,BTC,daily,OBM v0.1.0
2025-07-24,obm_spent_value_ge365_btc_daily,9895.84755142,BTC,daily,OBM v0.1.0
2025-07-25,obm_spent_value_ge365_btc_daily,22624.24314506,BTC,daily,OBM v0.1.0
2025-07-26,obm_spent_value_ge365_btc_daily,5648.93863480,BTC,daily,OBM v0.1.0
2025-07-27,obm_spent_value_ge365_btc_daily,3218.54017776,BTC,daily,OBM v0.1.0
2025-07-28,obm_spent_value_ge365_btc_daily,10773.42121828,BTC,daily,OBM v0.1.0
2025-07-29,obm_spent_value_ge365_btc_daily,13164.39849809,BTC,daily,OBM v0.1.0
2025-07-30,obm_spent_value_ge365_btc_daily,12194.08410657,BTC,daily,OBM v0.1.0
2025-07-31,obm_spent_value_ge365_btc_daily,5451.76498069,BTC,daily,OBM v0.1.0
2025-08-01,obm_spent_value_ge365_btc_daily,6605.17311344,BTC,daily,OBM v0.1.0
2025-08-02,obm_spent_value_ge365_btc_daily,2116.51654171,BTC,daily,OBM v0.1.0
2025-08-03,obm_spent_value_ge365_btc_daily,5650.98205448,BTC,daily,OBM v0.1.0
2025-08-04,obm_spent_value_ge365_btc_daily,4375.52736329,BTC,daily,OBM v0.1.0
2025-08-05,obm_spent_value_ge365_btc_daily,9115.73527944,BTC,daily,OBM v0.1.0
2025-08-06,obm_spent_value_ge365_btc_daily,2460.56075440,BTC,daily,OBM v0.1.0
2025-08-07,obm_spent_value_ge365_btc_daily,10113.57028555,BTC,daily,OBM v0.1.0
2025-08-08,obm_spent_value_ge365_btc_daily,5845.45045940,BTC,daily,OBM v0.1.0
2025-08-09,obm_spent_value_ge365_btc_daily,2492.11646451,BTC,daily,OBM v0.1.0
2025-08-10,obm_spent_value_ge365_btc_daily,2991.74661948,BTC,daily,OBM v0.1.0
2025-08-11,obm_spent_value_ge365_btc_daily,4228.64702379,BTC,daily,OBM v0.1.0
2025-08-12,obm_spent_value_ge365_btc_daily,3636.88890177,BTC,daily,OBM v0.1.0
2025-08-13,obm_spent_value_ge365_btc_daily,5078.00748255,BTC,daily,OBM v0.1.0
2025-08-14,obm_spent_value_ge365_btc_daily,7590.83229089,BTC,daily,OBM v0.1.0
2025-08-15,obm_spent_value_ge365_btc_daily,3054.37015192,BTC,daily,OBM v0.1.0
2025-08-16,obm_spent_value_ge365_btc_daily,34473.80956310,BTC,daily,OBM v0.1.0
2025-08-17,obm_spent_value_ge365_btc_daily,2346.33506274,BTC,daily,OBM v0.1.0
2025-08-18,obm_spent_value_ge365_btc_daily,4080.26181509,BTC,daily,OBM v0.1.0
2025-08-19,obm_spent_value_ge365_btc_daily,12899.80427446,BTC,daily,OBM v0.1.0
2025-08-20,obm_spent_value_ge365_btc_daily,6049.78731787,BTC,daily,OBM v0.1.0
2025-08-21,obm_spent_value_ge365_btc_daily,7046.31177249,BTC,daily,OBM v0.1.0
2025-08-22,obm_spent_value_ge365_btc_daily,9852.86607922,BTC,daily,OBM v0.1.0
2025-08-23,obm_spent_value_ge365_btc_daily,3198.73216557,BTC,daily,OBM v0.1.0
2025-08-24,obm_spent_value_ge365_btc_daily,2832.58308698,BTC,daily,OBM v0.1.0
2025-08-25,obm_spent_value_ge365_btc_daily,6827.60853365,BTC,daily,OBM v0.1.0
2025-08-26,obm_spent_value_ge365_btc_daily,4880.37305609,BTC,daily,OBM v0.1.0
2025-08-27,obm_spent_value_ge365_btc_daily,5008.06105771,BTC,daily,OBM v0.1.0
2025-08-28,obm_spent_value_ge365_btc_daily,4418.11275000,BTC,daily,OBM v0.1.0
2025-08-29,obm_spent_value_ge365_btc_daily,56733.30621062,BTC,daily,OBM v0.1.0
2025-08-30,obm_spent_value_ge365_btc_daily,3574.15427609,BTC,daily,OBM v0.1.0
2025-08-31,obm_spent_value_ge365_btc_daily,3688.65100286,BTC,daily,OBM v0.1.0
2025-09-01,obm_spent_value_ge365_btc_daily,3052.34292732,BTC,daily,OBM v0.1.0
2025-09-02,obm_spent_value_ge365_btc_daily,3103.08393109,BTC,daily,OBM v0.1.0
2025-09-03,obm_spent_value_ge365_btc_daily,4616.70771279,BTC,daily,OBM v0.1.0
2025-09-04,obm_spent_value_ge365_btc_daily,9470.98294359,BTC,daily,OBM v0.1.0
2025-09-05,obm_spent_value_ge365_btc_daily,21904.85433714,BTC,daily,OBM v0.1.0
2025-09-06,obm_spent_value_ge365_btc_daily,2274.50377673,BTC,daily,OBM v0.1.0
2025-09-07,obm_spent_value_ge365_btc_daily,3108.81700857,BTC,daily,OBM v0.1.0
2025-09-08,obm_spent_value_ge365_btc_daily,6424.75803596,BTC,daily,OBM v0.1.0
2025-09-09,obm_spent_value_ge365_btc_daily,4837.00305714,BTC,daily,OBM v0.1.0
2025-09-10,obm_spent_value_ge365_btc_daily,4269.28013461,BTC,daily,OBM v0.1.0
2025-09-11,obm_spent_value_ge365_btc_daily,5591.71202969,BTC,daily,OBM v0.1.0
2025-09-12,obm_spent_value_ge365_btc_daily,4272.59558103,BTC,daily,OBM v0.1.0
2025-09-13,obm_spent_value_ge365_btc_daily,3734.42370249,BTC,daily,OBM v0.1.0
2025-09-14,obm_spent_value_ge365_btc_daily,1980.01326038,BTC,daily,OBM v0.1.0
2025-09-15,obm_spent_value_ge365_btc_daily,10663.25506150,BTC,daily,OBM v0.1.0
2025-09-16,obm_spent_value_ge365_btc_daily,4887.85701077,BTC,daily,OBM v0.1.0
2025-09-17,obm_spent_value_ge365_btc_daily,12414.61539748,BTC,daily,OBM v0.1.0
2025-09-18,obm_spent_value_ge365_btc_daily,3866.32120506,BTC,daily,OBM v0.1.0
2025-09-19,obm_spent_value_ge365_btc_daily,21852.53274753,BTC,daily,OBM v0.1.0
2025-09-20,obm_spent_value_ge365_btc_daily,1962.69398749,BTC,daily,OBM v0.1.0
2025-09-21,obm_spent_value_ge365_btc_daily,3268.56827810,BTC,daily,OBM v0.1.0
2025-09-22,obm_spent_value_ge365_btc_daily,4199.66279963,BTC,daily,OBM v0.1.0
2025-09-23,obm_spent_value_ge365_btc_daily,12890.05641070,BTC,daily,OBM v0.1.0
2025-09-24,obm_spent_value_ge365_btc_daily,11039.70148176,BTC,daily,OBM v0.1.0
2025-09-25,obm_spent_value_ge365_btc_daily,13046.73193825,BTC,daily,OBM v0.1.0
2025-09-26,obm_spent_value_ge365_btc_daily,7252.22248883,BTC,daily,OBM v0.1.0
2025-09-27,obm_spent_value_ge365_btc_daily,2327.12226187,BTC,daily,OBM v0.1.0
2025-09-28,obm_spent_value_ge365_btc_daily,3342.86360479,BTC,daily,OBM v0.1.0
2025-09-29,obm_spent_value_ge365_btc_daily,5869.91029845,BTC,daily,OBM v0.1.0
2025-09-30,obm_spent_value_ge365_btc_daily,11754.82550814,BTC,daily,OBM v0.1.0
2025-10-01,obm_spent_value_ge365_btc_daily,10527.97744827,BTC,daily,OBM v0.1.0
2025-10-02,obm_spent_value_ge365_btc_daily,7012.58252012,BTC,daily,OBM v0.1.0
2025-10-03,obm_spent_value_ge365_btc_daily,4686.68356054,BTC,daily,OBM v0.1.0
2025-10-04,obm_spent_value_ge365_btc_daily,5299.36190248,BTC,daily,OBM v0.1.0
2025-10-05,obm_spent_value_ge365_btc_daily,5793.85012441,BTC,daily,OBM v0.1.0
2025-10-06,obm_spent_value_ge365_btc_daily,7477.05820130,BTC,daily,OBM v0.1.0
2025-10-07,obm_spent_value_ge365_btc_daily,39085.67386436,BTC,daily,OBM v0.1.0
2025-10-08,obm_spent_value_ge365_btc_daily,10415.41703436,BTC,daily,OBM v0.1.0
2025-10-09,obm_spent_value_ge365_btc_daily,18158.84084259,BTC,daily,OBM v0.1.0
2025-10-10,obm_spent_value_ge365_btc_daily,4487.57763433,BTC,daily,OBM v0.1.0
2025-10-11,obm_spent_value_ge365_btc_daily,5482.59657228,BTC,daily,OBM v0.1.0
2025-10-12,obm_spent_value_ge365_btc_daily,3118.64469177,BTC,daily,OBM v0.1.0
2025-10-13,obm_spent_value_ge365_btc_daily,2626.63547540,BTC,daily,OBM v0.1.0
2025-10-14,obm_spent_value_ge365_btc_daily,43178.70503057,BTC,daily,OBM v0.1.0
2025-10-15,obm_spent_value_ge365_btc_daily,55061.85874852,BTC,daily,OBM v0.1.0
2025-10-16,obm_spent_value_ge365_btc_daily,4551.69342836,BTC,daily,OBM v0.1.0
2025-10-17,obm_spent_value_ge365_btc_daily,14354.05919633,BTC,daily,OBM v0.1.0
2025-10-18,obm_spent_value_ge365_btc_daily,2641.38526236,BTC,daily,OBM v0.1.0
2025-10-19,obm_spent_value_ge365_btc_daily,2847.29014108,BTC,daily,OBM v0.1.0
2025-10-20,obm_spent_value_ge365_btc_daily,4037.51440587,BTC,daily,OBM v0.1.0
2025-10-21,obm_spent_value_ge365_btc_daily,7105.87167916,BTC,daily,OBM v0.1.0
2025-10-22,obm_spent_value_ge365_btc_daily,26573.59723482,BTC,daily,OBM v0.1.0
2025-10-23,obm_spent_value_ge365_btc_daily,10860.45006517,BTC,daily,OBM v0.1.0
2025-10-24,obm_spent_value_ge365_btc_daily,7187.41019417,BTC,daily,OBM v0.1.0
2025-10-25,obm_spent_value_ge365_btc_daily,3165.42044429,BTC,daily,OBM v0.1.0
2025-10-26,obm_spent_value_ge365_btc_daily,8548.93581664,BTC,daily,OBM v0.1.0
2025-10-27,obm_spent_value_ge365_btc_daily,12654.78222092,BTC,daily,OBM v0.1.0
2025-10-28,obm_spent_value_ge365_btc_daily,21093.92593077,BTC,daily,OBM v0.1.0
2025-10-29,obm_spent_value_ge365_btc_daily,20332.80174519,BTC,daily,OBM v0.1.0
2025-10-30,obm_spent_value_ge365_btc_daily,24425.96458167,BTC,daily,OBM v0.1.0
2025-10-31,obm_spent_value_ge365_btc_daily,9193.89311159,BTC,daily,OBM v0.1.0
2025-11-01,obm_spent_value_ge365_btc_daily,9242.67073382,BTC,daily,OBM v0.1.0
2025-11-02,obm_spent_value_ge365_btc_daily,2504.06002526,BTC,daily,OBM v0.1.0
2025-11-03,obm_spent_value_ge365_btc_daily,14677.54151329,BTC,daily,OBM v0.1.0
2025-11-04,obm_spent_value_ge365_btc_daily,12639.59130012,BTC,daily,OBM v0.1.0
2025-11-05,obm_spent_value_ge365_btc_daily,7333.73602677,BTC,daily,OBM v0.1.0
2025-11-06,obm_spent_value_ge365_btc_daily,6532.64030849,BTC,daily,OBM v0.1.0
2025-11-07,obm_spent_value_ge365_btc_daily,53606.52363720,BTC,daily,OBM v0.1.0
2025-11-08,obm_spent_value_ge365_btc_daily,6864.38267127,BTC,daily,OBM v0.1.0
2025-11-09,obm_spent_value_ge365_btc_daily,1725.54325414,BTC,daily,OBM v0.1.0
2025-11-10,obm_spent_value_ge365_btc_daily,8092.77314746,BTC,daily,OBM v0.1.0
2025-11-11,obm_spent_value_ge365_btc_daily,9326.54580222,BTC,daily,OBM v0.1.0
2025-11-12,obm_spent_value_ge365_btc_daily,6731.43117673,BTC,daily,OBM v0.1.0
2025-11-13,obm_spent_value_ge365_btc_daily,11660.23986517,BTC,daily,OBM v0.1.0
2025-11-14,obm_spent_value_ge365_btc_daily,13215.75081710,BTC,daily,OBM v0.1.0
2025-11-15,obm_spent_value_ge365_btc_daily,3793.21019830,BTC,daily,OBM v0.1.0
2025-11-16,obm_spent_value_ge365_btc_daily,5350.52682138,BTC,daily,OBM v0.1.0
2025-11-17,obm_spent_value_ge365_btc_daily,21434.11034191,BTC,daily,OBM v0.1.0
2025-11-18,obm_spent_value_ge365_btc_daily,51434.22026352,BTC,daily,OBM v0.1.0
2025-11-19,obm_spent_value_ge365_btc_daily,5196.82239114,BTC,daily,OBM v0.1.0
2025-11-20,obm_spent_value_ge365_btc_daily,15299.85189689,BTC,daily,OBM v0.1.0
2025-11-21,obm_spent_value_ge365_btc_daily,12778.19741725,BTC,daily,OBM v0.1.0
2025-11-22,obm_spent_value_ge365_btc_daily,353314.42358107,BTC,daily,OBM v0.1.0
2025-11-23,obm_spent_value_ge365_btc_daily,170230.45080987,BTC,daily,OBM v0.1.0
2025-11-24,obm_spent_value_ge365_btc_daily,10555.98819408,BTC,daily,OBM v0.1.0
2025-11-25,obm_spent_value_ge365_btc_daily,8168.30849396,BTC,daily,OBM v0.1.0
2025-11-26,obm_spent_value_ge365_btc_daily,50378.00498605,BTC,daily,OBM v0.1.0
2025-11-27,obm_spent_value_ge365_btc_daily,3583.36877679,BTC,daily,OBM v0.1.0
2025-11-28,obm_spent_value_ge365_btc_daily,3495.27660947,BTC,daily,OBM v0.1.0
2025-11-29,obm_spent_value_ge365_btc_daily,1468.68451090,BTC,daily,OBM v0.1.0
2025-11-30,obm_spent_value_ge365_btc_daily,2954.15791562,BTC,daily,OBM v0.1.0
2025-12-01,obm_spent_value_ge365_btc_daily,16020.32441206,BTC,daily,OBM v0.1.0
2025-12-02,obm_spent_value_ge365_btc_daily,6725.16415003,BTC,daily,OBM v0.1.0
2025-12-03,obm_spent_value_ge365_btc_daily,25645.16177897,BTC,daily,OBM v0.1.0
2025-12-04,obm_spent_value_ge365_btc_daily,7149.73008873,BTC,daily,OBM v0.1.0
2025-12-05,obm_spent_value_ge365_btc_daily,9149.25064784,BTC,daily,OBM v0.1.0
2025-12-06,obm_spent_value_ge365_btc_daily,3006.88187738,BTC,daily,OBM v0.1.0
2025-12-07,obm_spent_value_ge365_btc_daily,3771.17654702,BTC,daily,OBM v0.1.0
2025-12-08,obm_spent_value_ge365_btc_daily,15114.75004040,BTC,daily,OBM v0.1.0
2025-12-09,obm_spent_value_ge365_btc_daily,13100.06269553,BTC,daily,OBM v0.1.0
2025-12-10,obm_spent_value_ge365_btc_daily,51770.25927103,BTC,daily,OBM v0.1.0
2025-12-11,obm_spent_value_ge365_btc_daily,11230.20478221,BTC,daily,OBM v0.1.0
2025-12-12,obm_spent_value_ge365_btc_daily,9014.85077888,BTC,daily,OBM v0.1.0
2025-12-13,obm_spent_value_ge365_btc_daily,3394.38735782,BTC,daily,OBM v0.1.0
2025-12-14,obm_spent_value_ge365_btc_daily,1979.62687327,BTC,daily,OBM v0.1.0
2025-12-15,obm_spent_value_ge365_btc_daily,5343.20759312,BTC,daily,OBM v0.1.0
2025-12-16,obm_spent_value_ge365_btc_daily,22192.97788573,BTC,daily,OBM v0.1.0
2025-12-17,obm_spent_value_ge365_btc_daily,4021.85891669,BTC,daily,OBM v0.1.0
2025-12-18,obm_spent_value_ge365_btc_daily,5002.87700840,BTC,daily,OBM v0.1.0
2025-12-19,obm_spent_value_ge365_btc_daily,11850.81213528,BTC,daily,OBM v0.1.0
2025-12-20,obm_spent_value_ge365_btc_daily,19781.94906598,BTC,daily,OBM v0.1.0
2025-12-21,obm_spent_value_ge365_btc_daily,2568.94243626,BTC,daily,OBM v0.1.0
2025-12-22,obm_spent_value_ge365_btc_daily,6171.18691639,BTC,daily,OBM v0.1.0
2025-12-23,obm_spent_value_ge365_btc_daily,10447.89795292,BTC,daily,OBM v0.1.0
2025-12-24,obm_spent_value_ge365_btc_daily,2767.06065789,BTC,daily,OBM v0.1.0
2025-12-25,obm_spent_value_ge365_btc_daily,2631.54940226,BTC,daily,OBM v0.1.0
2025-12-26,obm_spent_value_ge365_btc_daily,2563.40867979,BTC,daily,OBM v0.1.0
2025-12-27,obm_spent_value_ge365_btc_daily,2378.10092163,BTC,daily,OBM v0.1.0
2025-12-28,obm_spent_value_ge365_btc_daily,2630.42668950,BTC,daily,OBM v0.1.0
2025-12-29,obm_spent_value_ge365_btc_daily,6086.96743148,BTC,daily,OBM v0.1.0
2025-12-30,obm_spent_value_ge365_btc_daily,9453.91215758,BTC,daily,OBM v0.1.0
2025-12-31,obm_spent_value_ge365_btc_daily,14878.87116129,BTC,daily,OBM v0.1.0
2026-01-01,obm_spent_value_ge365_btc_daily,17975.19335040,BTC,daily,OBM v0.1.0
2026-01-02,obm_spent_value_ge365_btc_daily,3104.46220612,BTC,daily,OBM v0.1.0
2026-01-03,obm_spent_value_ge365_btc_daily,1740.89846748,BTC,daily,OBM v0.1.0
2026-01-04,obm_spent_value_ge365_btc_daily,2264.58989089,BTC,daily,OBM v0.1.0
2026-01-05,obm_spent_value_ge365_btc_daily,5402.00502453,BTC,daily,OBM v0.1.0
2026-01-06,obm_spent_value_ge365_btc_daily,3120.51160313,BTC,daily,OBM v0.1.0
2026-01-07,obm_spent_value_ge365_btc_daily,24581.33944224,BTC,daily,OBM v0.1.0
2026-01-08,obm_spent_value_ge365_btc_daily,6328.33521973,BTC,daily,OBM v0.1.0
2026-01-09,obm_spent_value_ge365_btc_daily,4534.03069951,BTC,daily,OBM v0.1.0
2026-01-10,obm_spent_value_ge365_btc_daily,6126.08170916,BTC,daily,OBM v0.1.0
2026-01-11,obm_spent_value_ge365_btc_daily,1820.00855560,BTC,daily,OBM v0.1.0
2026-01-12,obm_spent_value_ge365_btc_daily,6651.61201591,BTC,daily,OBM v0.1.0
2026-01-13,obm_spent_value_ge365_btc_daily,13595.02806731,BTC,daily,OBM v0.1.0
2026-01-14,obm_spent_value_ge365_btc_daily,7517.32068078,BTC,daily,OBM v0.1.0
2026-01-15,obm_spent_value_ge365_btc_daily,6861.47201622,BTC,daily,OBM v0.1.0
2026-01-16,obm_spent_value_ge365_btc_daily,2732.49510669,BTC,daily,OBM v0.1.0
2026-01-17,obm_spent_value_ge365_btc_daily,2936.81200360,BTC,daily,OBM v0.1.0
2026-01-18,obm_spent_value_ge365_btc_daily,2453.56235496,BTC,daily,OBM v0.1.0
2026-01-19,obm_spent_value_ge365_btc_daily,3825.80966601,BTC,daily,OBM v0.1.0
2026-01-20,obm_spent_value_ge365_btc_daily,4699.65652169,BTC,daily,OBM v0.1.0
2026-01-21,obm_spent_value_ge365_btc_daily,3027.06714474,BTC,daily,OBM v0.1.0
2026-01-22,obm_spent_value_ge365_btc_daily,7234.69615442,BTC,daily,OBM v0.1.0
2026-01-23,obm_spent_value_ge365_btc_daily,6619.49635622,BTC,daily,OBM v0.1.0
2026-01-24,obm_spent_value_ge365_btc_daily,2291.68287834,BTC,daily,OBM v0.1.0
2026-01-25,obm_spent_value_ge365_btc_daily,2714.13148307,BTC,daily,OBM v0.1.0
2026-01-26,obm_spent_value_ge365_btc_daily,5009.42702118,BTC,daily,OBM v0.1.0
2026-01-27,obm_spent_value_ge365_btc_daily,4616.17599544,BTC,daily,OBM v0.1.0
2026-01-28,obm_spent_value_ge365_btc_daily,3901.89882818,BTC,daily,OBM v0.1.0
2026-01-29,obm_spent_value_ge365_btc_daily,3538.66879141,BTC,daily,OBM v0.1.0
2026-01-30,obm_spent_value_ge365_btc_daily,7588.36897583,BTC,daily,OBM v0.1.0
2026-01-31,obm_spent_value_ge365_btc_daily,7762.63712689,BTC,daily,OBM v0.1.0
2026-02-01,obm_spent_value_ge365_btc_daily,8074.37803252,BTC,daily,OBM v0.1.0
2026-02-02,obm_spent_value_ge365_btc_daily,9191.03884822,BTC,daily,OBM v0.1.0
2026-02-03,obm_spent_value_ge365_btc_daily,7512.21944821,BTC,daily,OBM v0.1.0
2026-02-04,obm_spent_value_ge365_btc_daily,8020.86193776,BTC,daily,OBM v0.1.0
2026-02-05,obm_spent_value_ge365_btc_daily,21662.72460378,BTC,daily,OBM v0.1.0
2026-02-06,obm_spent_value_ge365_btc_daily,16406.09432163,BTC,daily,OBM v0.1.0
2026-02-07,obm_spent_value_ge365_btc_daily,4754.69429853,BTC,daily,OBM v0.1.0
2026-02-08,obm_spent_value_ge365_btc_daily,3830.63979194,BTC,daily,OBM v0.1.0
2026-02-09,obm_spent_value_ge365_btc_daily,4238.87390811,BTC,daily,OBM v0.1.0
2026-02-10,obm_spent_value_ge365_btc_daily,9638.89279636,BTC,daily,OBM v0.1.0
2026-02-11,obm_spent_value_ge365_btc_daily,3417.76993575,BTC,daily,OBM v0.1.0
2026-02-12,obm_spent_value_ge365_btc_daily,4997.36166919,BTC,daily,OBM v0.1.0
2026-02-13,obm_spent_value_ge365_btc_daily,7352.96628743,BTC,daily,OBM v0.1.0
2026-02-14,obm_spent_value_ge365_btc_daily,1748.16532194,BTC,daily,OBM v0.1.0
2026-02-15,obm_spent_value_ge365_btc_daily,1561.79472731,BTC,daily,OBM v0.1.0
2026-02-16,obm_spent_value_ge365_btc_daily,1798.75029297,BTC,daily,OBM v0.1.0
2026-02-17,obm_spent_value_ge365_btc_daily,4421.73107886,BTC,daily,OBM v0.1.0
2026-02-18,obm_spent_value_ge365_btc_daily,7765.47947435,BTC,daily,OBM v0.1.0
2026-02-19,obm_spent_value_ge365_btc_daily,3862.59542946,BTC,daily,OBM v0.1.0
2026-02-20,obm_spent_value_ge365_btc_daily,3848.56408783,BTC,daily,OBM v0.1.0
2026-02-21,obm_spent_value_ge365_btc_daily,2850.30493210,BTC,daily,OBM v0.1.0
2026-02-22,obm_spent_value_ge365_btc_daily,1243.34770973,BTC,daily,OBM v0.1.0
2026-02-23,obm_spent_value_ge365_btc_daily,4122.45808935,BTC,daily,OBM v0.1.0
2026-02-24,obm_spent_value_ge365_btc_daily,7826.35271511,BTC,daily,OBM v0.1.0
2026-02-25,obm_spent_value_ge365_btc_daily,3964.95696895,BTC,daily,OBM v0.1.0
2026-02-26,obm_spent_value_ge365_btc_daily,5193.60976687,BTC,daily,OBM v0.1.0
2026-02-27,obm_spent_value_ge365_btc_daily,2933.21280810,BTC,daily,OBM v0.1.0
2026-02-28,obm_spent_value_ge365_btc_daily,1576.39188592,BTC,daily,OBM v0.1.0
2026-03-01,obm_spent_value_ge365_btc_daily,1368.94319222,BTC,daily,OBM v0.1.0
2026-03-02,obm_spent_value_ge365_btc_daily,3459.04182965,BTC,daily,OBM v0.1.0
2026-03-03,obm_spent_value_ge365_btc_daily,2681.42127828,BTC,daily,OBM v0.1.0
2026-03-04,obm_spent_value_ge365_btc_daily,2670.00756800,BTC,daily,OBM v0.1.0
2026-03-05,obm_spent_value_ge365_btc_daily,3514.38425159,BTC,daily,OBM v0.1.0
2026-03-06,obm_spent_value_ge365_btc_daily,11230.73758913,BTC,daily,OBM v0.1.0
2026-03-07,obm_spent_value_ge365_btc_daily,1902.13872428,BTC,daily,OBM v0.1.0
2026-03-08,obm_spent_value_ge365_btc_daily,2230.35658874,BTC,daily,OBM v0.1.0
2026-03-09,obm_spent_value_ge365_btc_daily,4968.50069871,BTC,daily,OBM v0.1.0
2026-03-10,obm_spent_value_ge365_btc_daily,2584.46543239,BTC,daily,OBM v0.1.0
2026-03-11,obm_spent_value_ge365_btc_daily,3002.81043873,BTC,daily,OBM v0.1.0
2026-03-12,obm_spent_value_ge365_btc_daily,9158.41983004,BTC,daily,OBM v0.1.0
2026-03-13,obm_spent_value_ge365_btc_daily,4892.90244906,BTC,daily,OBM v0.1.0
2026-03-14,obm_spent_value_ge365_btc_daily,1950.85046438,BTC,daily,OBM v0.1.0
2026-03-15,obm_spent_value_ge365_btc_daily,1388.13898097,BTC,daily,OBM v0.1.0
2026-03-16,obm_spent_value_ge365_btc_daily,11628.13530354,BTC,daily,OBM v0.1.0
2026-03-17,obm_spent_value_ge365_btc_daily,3845.09070060,BTC,daily,OBM v0.1.0
2026-03-18,obm_spent_value_ge365_btc_daily,2261.34281490,BTC,daily,OBM v0.1.0
2026-03-19,obm_spent_value_ge365_btc_daily,4054.32388255,BTC,daily,OBM v0.1.0
2026-03-20,obm_spent_value_ge365_btc_daily,4050.47451249,BTC,daily,OBM v0.1.0
2026-03-21,obm_spent_value_ge365_btc_daily,1249.89601688,BTC,daily,OBM v0.1.0
2026-03-22,obm_spent_value_ge365_btc_daily,15863.26374700,BTC,daily,OBM v0.1.0
2026-03-23,obm_spent_value_ge365_btc_daily,4637.73257358,BTC,daily,OBM v0.1.0
2026-03-24,obm_spent_value_ge365_btc_daily,3494.20611280,BTC,daily,OBM v0.1.0
2026-03-25,obm_spent_value_ge365_btc_daily,2653.46769804,BTC,daily,OBM v0.1.0
2026-03-26,obm_spent_value_ge365_btc_daily,3617.83990451,BTC,daily,OBM v0.1.0
2026-03-27,obm_spent_value_ge365_btc_daily,3000.00399951,BTC,daily,OBM v0.1.0
2026-03-28,obm_spent_value_ge365_btc_daily,3095.99000409,BTC,daily,OBM v0.1.0
2026-03-29,obm_spent_value_ge365_btc_daily,1714.61828889,BTC,daily,OBM v0.1.0
2026-03-30,obm_spent_value_ge365_btc_daily,2128.20120643,BTC,daily,OBM v0.1.0
2026-03-31,obm_spent_value_ge365_btc_daily,14866.20763673,BTC,daily,OBM v0.1.0
2026-04-01,obm_spent_value_ge365_btc_daily,3102.71940229,BTC,daily,OBM v0.1.0
2026-04-02,obm_spent_value_ge365_btc_daily,2988.40608508,BTC,daily,OBM v0.1.0
2026-04-03,obm_spent_value_ge365_btc_daily,3238.50244457,BTC,daily,OBM v0.1.0
2026-04-04,obm_spent_value_ge365_btc_daily,1237.91163106,BTC,daily,OBM v0.1.0
2026-04-05,obm_spent_value_ge365_btc_daily,5085.66266909,BTC,daily,OBM v0.1.0
2026-04-06,obm_spent_value_ge365_btc_daily,3217.95625845,BTC,daily,OBM v0.1.0
2026-04-07,obm_spent_value_ge365_btc_daily,5192.61534425,BTC,daily,OBM v0.1.0
2026-04-08,obm_spent_value_ge365_btc_daily,3257.30637964,BTC,daily,OBM v0.1.0
2026-04-09,obm_spent_value_ge365_btc_daily,6158.57340629,BTC,daily,OBM v0.1.0
2026-04-10,obm_spent_value_ge365_btc_daily,4042.38672747,BTC,daily,OBM v0.1.0
2026-04-11,obm_spent_value_ge365_btc_daily,1980.65388513,BTC,daily,OBM v0.1.0
2026-04-12,obm_spent_value_ge365_btc_daily,2188.56349559,BTC,daily,OBM v0.1.0
2026-04-13,obm_spent_value_ge365_btc_daily,3950.40730499,BTC,daily,OBM v0.1.0
2026-04-14,obm_spent_value_ge365_btc_daily,16694.70664631,BTC,daily,OBM v0.1.0
2026-04-15,obm_spent_value_ge365_btc_daily,3201.60699147,BTC,daily,OBM v0.1.0
2026-04-16,obm_spent_value_ge365_btc_daily,11813.43557766,BTC,daily,OBM v0.1.0
2026-04-17,obm_spent_value_ge365_btc_daily,3997.99705137,BTC,daily,OBM v0.1.0
2026-04-18,obm_spent_value_ge365_btc_daily,3319.46707649,BTC,daily,OBM v0.1.0
2026-04-19,obm_spent_value_ge365_btc_daily,2136.16573359,BTC,daily,OBM v0.1.0
2026-04-20,obm_spent_value_ge365_btc_daily,8806.60564599,BTC,daily,OBM v0.1.0
2026-04-21,obm_spent_value_ge365_btc_daily,19650.18143197,BTC,daily,OBM v0.1.0
2026-04-22,obm_spent_value_ge365_btc_daily,13103.48480186,BTC,daily,OBM v0.1.0
2026-04-23,obm_spent_value_ge365_btc_daily,5095.36710561,BTC,daily,OBM v0.1.0
2026-04-24,obm_spent_value_ge365_btc_daily,18460.79270230,BTC,daily,OBM v0.1.0
2026-04-25,obm_spent_value_ge365_btc_daily,1147.72851323,BTC,daily,OBM v0.1.0
2026-04-26,obm_spent_value_ge365_btc_daily,2063.30141436,BTC,daily,OBM v0.1.0
2026-04-27,obm_spent_value_ge365_btc_daily,2656.79896278,BTC,daily,OBM v0.1.0
2026-04-28,obm_spent_value_ge365_btc_daily,4156.91240159,BTC,daily,OBM v0.1.0
2026-04-29,obm_spent_value_ge365_btc_daily,2778.46857379,BTC,daily,OBM v0.1.0
2026-04-30,obm_spent_value_ge365_btc_daily,7838.15787280,BTC,daily,OBM v0.1.0
2026-05-01,obm_spent_value_ge365_btc_daily,7886.82298901,BTC,daily,OBM v0.1.0
2026-05-02,obm_spent_value_ge365_btc_daily,1195.34140688,BTC,daily,OBM v0.1.0
2026-05-03,obm_spent_value_ge365_btc_daily,3523.38001515,BTC,daily,OBM v0.1.0
2026-05-04,obm_spent_value_ge365_btc_daily,16597.23221610,BTC,daily,OBM v0.1.0
2026-05-05,obm_spent_value_ge365_btc_daily,3520.23878323,BTC,daily,OBM v0.1.0
2026-05-06,obm_spent_value_ge365_btc_daily,3367.90721756,BTC,daily,OBM v0.1.0
2026-05-07,obm_spent_value_ge365_btc_daily,6153.75750833,BTC,daily,OBM v0.1.0
2026-05-08,obm_spent_value_ge365_btc_daily,3823.66924476,BTC,daily,OBM v0.1.0
2026-05-09,obm_spent_value_ge365_btc_daily,1814.79351267,BTC,daily,OBM v0.1.0
2026-05-10,obm_spent_value_ge365_btc_daily,2397.88527766,BTC,daily,OBM v0.1.0
2026-05-11,obm_spent_value_ge365_btc_daily,3645.05192165,BTC,daily,OBM v0.1.0
2026-05-12,obm_spent_value_ge365_btc_daily,2724.97113574,BTC,daily,OBM v0.1.0
2026-05-13,obm_spent_value_ge365_btc_daily,3999.74132884,BTC,daily,OBM v0.1.0
2026-05-14,obm_spent_value_ge365_btc_daily,3512.17914906,BTC,daily,OBM v0.1.0
2026-05-15,obm_spent_value_ge365_btc_daily,2034.88130714,BTC,daily,OBM v0.1.0
2026-05-16,obm_spent_value_ge365_btc_daily,1549.39454714,BTC,daily,OBM v0.1.0
2026-05-17,obm_spent_value_ge365_btc_daily,1047.15553797,BTC,daily,OBM v0.1.0
2026-05-18,obm_spent_value_ge365_btc_daily,3415.54853155,BTC,daily,OBM v0.1.0
2026-05-19,obm_spent_value_ge365_btc_daily,3582.38546803,BTC,daily,OBM v0.1.0
2026-05-20,obm_spent_value_ge365_btc_daily,2475.17258748,BTC,daily,OBM v0.1.0
2026-05-21,obm_spent_value_ge365_btc_daily,4017.29231799,BTC,daily,OBM v0.1.0
2026-05-22,obm_spent_value_ge365_btc_daily,4395.52187975,BTC,daily,OBM v0.1.0
2026-05-23,obm_spent_value_ge365_btc_daily,2647.99915074,BTC,daily,OBM v0.1.0
2026-05-24,obm_spent_value_ge365_btc_daily,4451.37488730,BTC,daily,OBM v0.1.0
2026-05-25,obm_spent_value_ge365_btc_daily,2462.25696338,BTC,daily,OBM v0.1.0
2026-05-26,obm_spent_value_ge365_btc_daily,9491.62413178,BTC,daily,OBM v0.1.0
2026-05-27,obm_spent_value_ge365_btc_daily,4495.99817628,BTC,daily,OBM v0.1.0
2026-05-28,obm_spent_value_ge365_btc_daily,5036.74578057,BTC,daily,OBM v0.1.0
2026-05-29,obm_spent_value_ge365_btc_daily,5753.82415502,BTC,daily,OBM v0.1.0
2026-05-30,obm_spent_value_ge365_btc_daily,2087.25568659,BTC,daily,OBM v0.1.0
2026-05-31,obm_spent_value_ge365_btc_daily,2426.32960398,BTC,daily,OBM v0.1.0
2026-06-01,obm_spent_value_ge365_btc_daily,5832.46196546,BTC,daily,OBM v0.1.0
2026-06-02,obm_spent_value_ge365_btc_daily,6912.53464231,BTC,daily,OBM v0.1.0
2026-06-03,obm_spent_value_ge365_btc_daily,4470.28133829,BTC,daily,OBM v0.1.0
2026-06-04,obm_spent_value_ge365_btc_daily,4891.01071792,BTC,daily,OBM v0.1.0
2026-06-05,obm_spent_value_ge365_btc_daily,7234.10080526,BTC,daily,OBM v0.1.0
2026-06-06,obm_spent_value_ge365_btc_daily,6939.23002258,BTC,daily,OBM v0.1.0
2026-06-07,obm_spent_value_ge365_btc_daily,4782.06019258,BTC,daily,OBM v0.1.0
2026-06-08,obm_spent_value_ge365_btc_daily,2649.39296430,BTC,daily,OBM v0.1.0
2026-06-09,obm_spent_value_ge365_btc_daily,5130.74582972,BTC,daily,OBM v0.1.0
2026-06-10,obm_spent_value_ge365_btc_daily,3471.96499214,BTC,daily,OBM v0.1.0
2026-06-11,obm_spent_value_ge365_btc_daily,6619.58289929,BTC,daily,OBM v0.1.0
2026-06-12,obm_spent_value_ge365_btc_daily,2712.21791632,BTC,daily,OBM v0.1.0
2026-06-13,obm_spent_value_ge365_btc_daily,1124.45163841,BTC,daily,OBM v0.1.0
2026-06-14,obm_spent_value_ge365_btc_daily,2401.19279940,BTC,daily,OBM v0.1.0
2026-06-15,obm_spent_value_ge365_btc_daily,5523.62840155,BTC,daily,OBM v0.1.0
2026-06-16,obm_spent_value_ge365_btc_daily,12139.30945504,BTC,daily,OBM v0.1.0
2026-06-17,obm_spent_value_ge365_btc_daily,3234.75678267,BTC,daily,OBM v0.1.0
2026-06-18,obm_spent_value_ge365_btc_daily,3116.04231455,BTC,daily,OBM v0.1.0
2026-06-19,obm_spent_value_ge365_btc_daily,2003.74229891,BTC,daily,OBM v0.1.0
2026-06-20,obm_spent_value_ge365_btc_daily,899.24546999,BTC,daily,OBM v0.1.0
2026-06-21,obm_spent_value_ge365_btc_daily,16114.40491543,BTC,daily,OBM v0.1.0
2026-06-22,obm_spent_value_ge365_btc_daily,2630.00838475,BTC,daily,OBM v0.1.0
2026-06-23,obm_spent_value_ge365_btc_daily,12431.23517671,BTC,daily,OBM v0.1.0
2026-06-24,obm_spent_value_ge365_btc_daily,4293.42121308,BTC,daily,OBM v0.1.0
2026-06-25,obm_spent_value_ge365_btc_daily,11164.16780143,BTC,daily,OBM v0.1.0
2026-06-26,obm_spent_value_ge365_btc_daily,4828.33319622,BTC,daily,OBM v0.1.0
2026-06-27,obm_spent_value_ge365_btc_daily,2435.14127335,BTC,daily,OBM v0.1.0
2026-06-28,obm_spent_value_ge365_btc_daily,2602.52083953,BTC,daily,OBM v0.1.0
2026-06-29,obm_spent_value_ge365_btc_daily,8076.50802366,BTC,daily,OBM v0.1.0
2026-06-30,obm_spent_value_ge365_btc_daily,9681.37630254,BTC,daily,OBM v0.1.0
2026-07-01,obm_spent_value_ge365_btc_daily,8653.86238436,BTC,daily,OBM v0.1.0
2026-07-02,obm_spent_value_ge365_btc_daily,12165.26040165,BTC,daily,OBM v0.1.0
2026-07-03,obm_spent_value_ge365_btc_daily,3252.37441319,BTC,daily,OBM v0.1.0
2026-07-04,obm_spent_value_ge365_btc_daily,1187.78623614,BTC,daily,OBM v0.1.0
2026-07-05,obm_spent_value_ge365_btc_daily,2870.23383093,BTC,daily,OBM v0.1.0
2026-07-06,obm_spent_value_ge365_btc_daily,3471.36287071,BTC,daily,OBM v0.1.0
