date,series_id,value,unit,frequency,release_version
2009-01-01,obm_spent_value_ge155d_btc_daily,0.00000000,BTC,daily,OBM v0.1.0
2009-01-02,obm_spent_value_ge155d_btc_daily,0.00000000,BTC,daily,OBM v0.1.0
2009-01-03,obm_spent_value_ge155d_btc_daily,0.00000000,BTC,daily,OBM v0.1.0
2009-01-04,obm_spent_value_ge155d_btc_daily,0.00000000,BTC,daily,OBM v0.1.0
2009-01-05,obm_spent_value_ge155d_btc_daily,0.00000000,BTC,daily,OBM v0.1.0
2009-01-06,obm_spent_value_ge155d_btc_daily,0.00000000,BTC,daily,OBM v0.1.0
2009-01-07,obm_spent_value_ge155d_btc_daily,0.00000000,BTC,daily,OBM v0.1.0
2009-01-08,obm_spent_value_ge155d_btc_daily,0.00000000,BTC,daily,OBM v0.1.0
2009-01-09,obm_spent_value_ge155d_btc_daily,0.00000000,BTC,daily,OBM v0.1.0
2009-01-10,obm_spent_value_ge155d_btc_daily,0.00000000,BTC,daily,OBM v0.1.0
2009-01-11,obm_spent_value_ge155d_btc_daily,0.00000000,BTC,daily,OBM v0.1.0
2009-01-12,obm_spent_value_ge155d_btc_daily,0.00000000,BTC,daily,OBM v0.1.0
2009-01-13,obm_spent_value_ge155d_btc_daily,0.00000000,BTC,daily,OBM v0.1.0
2009-01-14,obm_spent_value_ge155d_btc_daily,0.00000000,BTC,daily,OBM v0.1.0
2009-01-15,obm_spent_value_ge155d_btc_daily,0.00000000,BTC,daily,OBM v0.1.0
2009-01-16,obm_spent_value_ge155d_btc_daily,0.00000000,BTC,daily,OBM v0.1.0
2009-01-17,obm_spent_value_ge155d_btc_daily,0.00000000,BTC,daily,OBM v0.1.0
2009-01-18,obm_spent_value_ge155d_btc_daily,0.00000000,BTC,daily,OBM v0.1.0
2009-01-19,obm_spent_value_ge155d_btc_daily,0.00000000,BTC,daily,OBM v0.1.0
2009-01-20,obm_spent_value_ge155d_btc_daily,0.00000000,BTC,daily,OBM v0.1.0
2009-01-21,obm_spent_value_ge155d_btc_daily,0.00000000,BTC,daily,OBM v0.1.0
2009-01-22,obm_spent_value_ge155d_btc_daily,0.00000000,BTC,daily,OBM v0.1.0
2009-01-23,obm_spent_value_ge155d_btc_daily,0.00000000,BTC,daily,OBM v0.1.0
2009-01-24,obm_spent_value_ge155d_btc_daily,0.00000000,BTC,daily,OBM v0.1.0
2009-01-25,obm_spent_value_ge155d_btc_daily,0.00000000,BTC,daily,OBM v0.1.0
2009-01-26,obm_spent_value_ge155d_btc_daily,0.00000000,BTC,daily,OBM v0.1.0
2009-01-27,obm_spent_value_ge155d_btc_daily,0.00000000,BTC,daily,OBM v0.1.0
2009-01-28,obm_spent_value_ge155d_btc_daily,0.00000000,BTC,daily,OBM v0.1.0
2009-01-29,obm_spent_value_ge155d_btc_daily,0.00000000,BTC,daily,OBM v0.1.0
2009-01-30,obm_spent_value_ge155d_btc_daily,0.00000000,BTC,daily,OBM v0.1.0
2009-01-31,obm_spent_value_ge155d_btc_daily,0.00000000,BTC,daily,OBM v0.1.0
2009-02-01,obm_spent_value_ge155d_btc_daily,0.00000000,BTC,daily,OBM v0.1.0
2009-02-02,obm_spent_value_ge155d_btc_daily,0.00000000,BTC,daily,OBM v0.1.0
2009-02-03,obm_spent_value_ge155d_btc_daily,0.00000000,BTC,daily,OBM v0.1.0
2009-02-04,obm_spent_value_ge155d_btc_daily,0.00000000,BTC,daily,OBM v0.1.0
2009-02-05,obm_spent_value_ge155d_btc_daily,0.00000000,BTC,daily,OBM v0.1.0
2009-02-06,obm_spent_value_ge155d_btc_daily,0.00000000,BTC,daily,OBM v0.1.0
2009-02-07,obm_spent_value_ge155d_btc_daily,0.00000000,BTC,daily,OBM v0.1.0
2009-02-08,obm_spent_value_ge155d_btc_daily,0.00000000,BTC,daily,OBM v0.1.0
2009-02-09,obm_spent_value_ge155d_btc_daily,0.00000000,BTC,daily,OBM v0.1.0
2009-02-10,obm_spent_value_ge155d_btc_daily,0.00000000,BTC,daily,OBM v0.1.0
2009-02-11,obm_spent_value_ge155d_btc_daily,0.00000000,BTC,daily,OBM v0.1.0
2009-02-12,obm_spent_value_ge155d_btc_daily,0.00000000,BTC,daily,OBM v0.1.0
2009-02-13,obm_spent_value_ge155d_btc_daily,0.00000000,BTC,daily,OBM v0.1.0
2009-02-14,obm_spent_value_ge155d_btc_daily,0.00000000,BTC,daily,OBM v0.1.0
2009-02-15,obm_spent_value_ge155d_btc_daily,0.00000000,BTC,daily,OBM v0.1.0
2009-02-16,obm_spent_value_ge155d_btc_daily,0.00000000,BTC,daily,OBM v0.1.0
2009-02-17,obm_spent_value_ge155d_btc_daily,0.00000000,BTC,daily,OBM v0.1.0
2009-02-18,obm_spent_value_ge155d_btc_daily,0.00000000,BTC,daily,OBM v0.1.0
2009-02-19,obm_spent_value_ge155d_btc_daily,0.00000000,BTC,daily,OBM v0.1.0
2009-02-20,obm_spent_value_ge155d_btc_daily,0.00000000,BTC,daily,OBM v0.1.0
2009-02-21,obm_spent_value_ge155d_btc_daily,0.00000000,BTC,daily,OBM v0.1.0
2009-02-22,obm_spent_value_ge155d_btc_daily,0.00000000,BTC,daily,OBM v0.1.0
2009-02-23,obm_spent_value_ge155d_btc_daily,0.00000000,BTC,daily,OBM v0.1.0
2009-02-24,obm_spent_value_ge155d_btc_daily,0.00000000,BTC,daily,OBM v0.1.0
2009-02-25,obm_spent_value_ge155d_btc_daily,0.00000000,BTC,daily,OBM v0.1.0
2009-02-26,obm_spent_value_ge155d_btc_daily,0.00000000,BTC,daily,OBM v0.1.0
2009-02-27,obm_spent_value_ge155d_btc_daily,0.00000000,BTC,daily,OBM v0.1.0
2009-02-28,obm_spent_value_ge155d_btc_daily,0.00000000,BTC,daily,OBM v0.1.0
2009-03-01,obm_spent_value_ge155d_btc_daily,0.00000000,BTC,daily,OBM v0.1.0
2009-03-02,obm_spent_value_ge155d_btc_daily,0.00000000,BTC,daily,OBM v0.1.0
2009-03-03,obm_spent_value_ge155d_btc_daily,0.00000000,BTC,daily,OBM v0.1.0
2009-03-04,obm_spent_value_ge155d_btc_daily,0.00000000,BTC,daily,OBM v0.1.0
2009-03-05,obm_spent_value_ge155d_btc_daily,0.00000000,BTC,daily,OBM v0.1.0
2009-03-06,obm_spent_value_ge155d_btc_daily,0.00000000,BTC,daily,OBM v0.1.0
2009-03-07,obm_spent_value_ge155d_btc_daily,0.00000000,BTC,daily,OBM v0.1.0
2009-03-08,obm_spent_value_ge155d_btc_daily,0.00000000,BTC,daily,OBM v0.1.0
2009-03-09,obm_spent_value_ge155d_btc_daily,0.00000000,BTC,daily,OBM v0.1.0
2009-03-10,obm_spent_value_ge155d_btc_daily,0.00000000,BTC,daily,OBM v0.1.0
2009-03-11,obm_spent_value_ge155d_btc_daily,0.00000000,BTC,daily,OBM v0.1.0
2009-03-12,obm_spent_value_ge155d_btc_daily,0.00000000,BTC,daily,OBM v0.1.0
2009-03-13,obm_spent_value_ge155d_btc_daily,0.00000000,BTC,daily,OBM v0.1.0
2009-03-14,obm_spent_value_ge155d_btc_daily,0.00000000,BTC,daily,OBM v0.1.0
2009-03-15,obm_spent_value_ge155d_btc_daily,0.00000000,BTC,daily,OBM v0.1.0
2009-03-16,obm_spent_value_ge155d_btc_daily,0.00000000,BTC,daily,OBM v0.1.0
2009-03-17,obm_spent_value_ge155d_btc_daily,0.00000000,BTC,daily,OBM v0.1.0
2009-03-18,obm_spent_value_ge155d_btc_daily,0.00000000,BTC,daily,OBM v0.1.0
2009-03-19,obm_spent_value_ge155d_btc_daily,0.00000000,BTC,daily,OBM v0.1.0
2009-03-20,obm_spent_value_ge155d_btc_daily,0.00000000,BTC,daily,OBM v0.1.0
2009-03-21,obm_spent_value_ge155d_btc_daily,0.00000000,BTC,daily,OBM v0.1.0
2009-03-22,obm_spent_value_ge155d_btc_daily,0.00000000,BTC,daily,OBM v0.1.0
2009-03-23,obm_spent_value_ge155d_btc_daily,0.00000000,BTC,daily,OBM v0.1.0
2009-03-24,obm_spent_value_ge155d_btc_daily,0.00000000,BTC,daily,OBM v0.1.0
2009-03-25,obm_spent_value_ge155d_btc_daily,0.00000000,BTC,daily,OBM v0.1.0
2009-03-26,obm_spent_value_ge155d_btc_daily,0.00000000,BTC,daily,OBM v0.1.0
2009-03-27,obm_spent_value_ge155d_btc_daily,0.00000000,BTC,daily,OBM v0.1.0
2009-03-28,obm_spent_value_ge155d_btc_daily,0.00000000,BTC,daily,OBM v0.1.0
2009-03-29,obm_spent_value_ge155d_btc_daily,0.00000000,BTC,daily,OBM v0.1.0
2009-03-30,obm_spent_value_ge155d_btc_daily,0.00000000,BTC,daily,OBM v0.1.0
2009-03-31,obm_spent_value_ge155d_btc_daily,0.00000000,BTC,daily,OBM v0.1.0
2009-04-01,obm_spent_value_ge155d_btc_daily,0.00000000,BTC,daily,OBM v0.1.0
2009-04-02,obm_spent_value_ge155d_btc_daily,0.00000000,BTC,daily,OBM v0.1.0
2009-04-03,obm_spent_value_ge155d_btc_daily,0.00000000,BTC,daily,OBM v0.1.0
2009-04-04,obm_spent_value_ge155d_btc_daily,0.00000000,BTC,daily,OBM v0.1.0
2009-04-05,obm_spent_value_ge155d_btc_daily,0.00000000,BTC,daily,OBM v0.1.0
2009-04-06,obm_spent_value_ge155d_btc_daily,0.00000000,BTC,daily,OBM v0.1.0
2009-04-07,obm_spent_value_ge155d_btc_daily,0.00000000,BTC,daily,OBM v0.1.0
2009-04-08,obm_spent_value_ge155d_btc_daily,0.00000000,BTC,daily,OBM v0.1.0
2009-04-09,obm_spent_value_ge155d_btc_daily,0.00000000,BTC,daily,OBM v0.1.0
2009-04-10,obm_spent_value_ge155d_btc_daily,0.00000000,BTC,daily,OBM v0.1.0
2009-04-11,obm_spent_value_ge155d_btc_daily,0.00000000,BTC,daily,OBM v0.1.0
2009-04-12,obm_spent_value_ge155d_btc_daily,0.00000000,BTC,daily,OBM v0.1.0
2009-04-13,obm_spent_value_ge155d_btc_daily,0.00000000,BTC,daily,OBM v0.1.0
2009-04-14,obm_spent_value_ge155d_btc_daily,0.00000000,BTC,daily,OBM v0.1.0
2009-04-15,obm_spent_value_ge155d_btc_daily,0.00000000,BTC,daily,OBM v0.1.0
2009-04-16,obm_spent_value_ge155d_btc_daily,0.00000000,BTC,daily,OBM v0.1.0
2009-04-17,obm_spent_value_ge155d_btc_daily,0.00000000,BTC,daily,OBM v0.1.0
2009-04-18,obm_spent_value_ge155d_btc_daily,0.00000000,BTC,daily,OBM v0.1.0
2009-04-19,obm_spent_value_ge155d_btc_daily,0.00000000,BTC,daily,OBM v0.1.0
2009-04-20,obm_spent_value_ge155d_btc_daily,0.00000000,BTC,daily,OBM v0.1.0
2009-04-21,obm_spent_value_ge155d_btc_daily,0.00000000,BTC,daily,OBM v0.1.0
2009-04-22,obm_spent_value_ge155d_btc_daily,0.00000000,BTC,daily,OBM v0.1.0
2009-04-23,obm_spent_value_ge155d_btc_daily,0.00000000,BTC,daily,OBM v0.1.0
2009-04-24,obm_spent_value_ge155d_btc_daily,0.00000000,BTC,daily,OBM v0.1.0
2009-04-25,obm_spent_value_ge155d_btc_daily,0.00000000,BTC,daily,OBM v0.1.0
2009-04-26,obm_spent_value_ge155d_btc_daily,0.00000000,BTC,daily,OBM v0.1.0
2009-04-27,obm_spent_value_ge155d_btc_daily,0.00000000,BTC,daily,OBM v0.1.0
2009-04-28,obm_spent_value_ge155d_btc_daily,0.00000000,BTC,daily,OBM v0.1.0
2009-04-29,obm_spent_value_ge155d_btc_daily,0.00000000,BTC,daily,OBM v0.1.0
2009-04-30,obm_spent_value_ge155d_btc_daily,0.00000000,BTC,daily,OBM v0.1.0
2009-05-01,obm_spent_value_ge155d_btc_daily,0.00000000,BTC,daily,OBM v0.1.0
2009-05-02,obm_spent_value_ge155d_btc_daily,0.00000000,BTC,daily,OBM v0.1.0
2009-05-03,obm_spent_value_ge155d_btc_daily,0.00000000,BTC,daily,OBM v0.1.0
2009-05-04,obm_spent_value_ge155d_btc_daily,0.00000000,BTC,daily,OBM v0.1.0
2009-05-05,obm_spent_value_ge155d_btc_daily,0.00000000,BTC,daily,OBM v0.1.0
2009-05-06,obm_spent_value_ge155d_btc_daily,0.00000000,BTC,daily,OBM v0.1.0
2009-05-07,obm_spent_value_ge155d_btc_daily,0.00000000,BTC,daily,OBM v0.1.0
2009-05-08,obm_spent_value_ge155d_btc_daily,0.00000000,BTC,daily,OBM v0.1.0
2009-05-09,obm_spent_value_ge155d_btc_daily,0.00000000,BTC,daily,OBM v0.1.0
2009-05-10,obm_spent_value_ge155d_btc_daily,0.00000000,BTC,daily,OBM v0.1.0
2009-05-11,obm_spent_value_ge155d_btc_daily,0.00000000,BTC,daily,OBM v0.1.0
2009-05-12,obm_spent_value_ge155d_btc_daily,0.00000000,BTC,daily,OBM v0.1.0
2009-05-13,obm_spent_value_ge155d_btc_daily,0.00000000,BTC,daily,OBM v0.1.0
2009-05-14,obm_spent_value_ge155d_btc_daily,0.00000000,BTC,daily,OBM v0.1.0
2009-05-15,obm_spent_value_ge155d_btc_daily,0.00000000,BTC,daily,OBM v0.1.0
2009-05-16,obm_spent_value_ge155d_btc_daily,0.00000000,BTC,daily,OBM v0.1.0
2009-05-17,obm_spent_value_ge155d_btc_daily,0.00000000,BTC,daily,OBM v0.1.0
2009-05-18,obm_spent_value_ge155d_btc_daily,0.00000000,BTC,daily,OBM v0.1.0
2009-05-19,obm_spent_value_ge155d_btc_daily,0.00000000,BTC,daily,OBM v0.1.0
2009-05-20,obm_spent_value_ge155d_btc_daily,0.00000000,BTC,daily,OBM v0.1.0
2009-05-21,obm_spent_value_ge155d_btc_daily,0.00000000,BTC,daily,OBM v0.1.0
2009-05-22,obm_spent_value_ge155d_btc_daily,0.00000000,BTC,daily,OBM v0.1.0
2009-05-23,obm_spent_value_ge155d_btc_daily,0.00000000,BTC,daily,OBM v0.1.0
2009-05-24,obm_spent_value_ge155d_btc_daily,0.00000000,BTC,daily,OBM v0.1.0
2009-05-25,obm_spent_value_ge155d_btc_daily,0.00000000,BTC,daily,OBM v0.1.0
2009-05-26,obm_spent_value_ge155d_btc_daily,0.00000000,BTC,daily,OBM v0.1.0
2009-05-27,obm_spent_value_ge155d_btc_daily,0.00000000,BTC,daily,OBM v0.1.0
2009-05-28,obm_spent_value_ge155d_btc_daily,0.00000000,BTC,daily,OBM v0.1.0
2009-05-29,obm_spent_value_ge155d_btc_daily,0.00000000,BTC,daily,OBM v0.1.0
2009-05-30,obm_spent_value_ge155d_btc_daily,0.00000000,BTC,daily,OBM v0.1.0
2009-05-31,obm_spent_value_ge155d_btc_daily,0.00000000,BTC,daily,OBM v0.1.0
2009-06-01,obm_spent_value_ge155d_btc_daily,0.00000000,BTC,daily,OBM v0.1.0
2009-06-02,obm_spent_value_ge155d_btc_daily,0.00000000,BTC,daily,OBM v0.1.0
2009-06-03,obm_spent_value_ge155d_btc_daily,0.00000000,BTC,daily,OBM v0.1.0
2009-06-04,obm_spent_value_ge155d_btc_daily,0.00000000,BTC,daily,OBM v0.1.0
2009-06-05,obm_spent_value_ge155d_btc_daily,0.00000000,BTC,daily,OBM v0.1.0
2009-06-06,obm_spent_value_ge155d_btc_daily,0.00000000,BTC,daily,OBM v0.1.0
2009-06-07,obm_spent_value_ge155d_btc_daily,0.00000000,BTC,daily,OBM v0.1.0
2009-06-08,obm_spent_value_ge155d_btc_daily,0.00000000,BTC,daily,OBM v0.1.0
2009-06-09,obm_spent_value_ge155d_btc_daily,0.00000000,BTC,daily,OBM v0.1.0
2009-06-10,obm_spent_value_ge155d_btc_daily,0.00000000,BTC,daily,OBM v0.1.0
2009-06-11,obm_spent_value_ge155d_btc_daily,0.00000000,BTC,daily,OBM v0.1.0
2009-06-12,obm_spent_value_ge155d_btc_daily,0.00000000,BTC,daily,OBM v0.1.0
2009-06-13,obm_spent_value_ge155d_btc_daily,0.00000000,BTC,daily,OBM v0.1.0
2009-06-14,obm_spent_value_ge155d_btc_daily,0.00000000,BTC,daily,OBM v0.1.0
2009-06-15,obm_spent_value_ge155d_btc_daily,0.00000000,BTC,daily,OBM v0.1.0
2009-06-16,obm_spent_value_ge155d_btc_daily,0.00000000,BTC,daily,OBM v0.1.0
2009-06-17,obm_spent_value_ge155d_btc_daily,0.00000000,BTC,daily,OBM v0.1.0
2009-06-18,obm_spent_value_ge155d_btc_daily,0.00000000,BTC,daily,OBM v0.1.0
2009-06-19,obm_spent_value_ge155d_btc_daily,0.00000000,BTC,daily,OBM v0.1.0
2009-06-20,obm_spent_value_ge155d_btc_daily,0.00000000,BTC,daily,OBM v0.1.0
2009-06-21,obm_spent_value_ge155d_btc_daily,0.00000000,BTC,daily,OBM v0.1.0
2009-06-22,obm_spent_value_ge155d_btc_daily,0.00000000,BTC,daily,OBM v0.1.0
2009-06-23,obm_spent_value_ge155d_btc_daily,0.00000000,BTC,daily,OBM v0.1.0
2009-06-24,obm_spent_value_ge155d_btc_daily,0.00000000,BTC,daily,OBM v0.1.0
2009-06-25,obm_spent_value_ge155d_btc_daily,0.00000000,BTC,daily,OBM v0.1.0
2009-06-26,obm_spent_value_ge155d_btc_daily,0.00000000,BTC,daily,OBM v0.1.0
2009-06-27,obm_spent_value_ge155d_btc_daily,0.00000000,BTC,daily,OBM v0.1.0
2009-06-28,obm_spent_value_ge155d_btc_daily,0.00000000,BTC,daily,OBM v0.1.0
2009-06-29,obm_spent_value_ge155d_btc_daily,0.00000000,BTC,daily,OBM v0.1.0
2009-06-30,obm_spent_value_ge155d_btc_daily,0.00000000,BTC,daily,OBM v0.1.0
2009-07-01,obm_spent_value_ge155d_btc_daily,0.00000000,BTC,daily,OBM v0.1.0
2009-07-02,obm_spent_value_ge155d_btc_daily,0.00000000,BTC,daily,OBM v0.1.0
2009-07-03,obm_spent_value_ge155d_btc_daily,0.00000000,BTC,daily,OBM v0.1.0
2009-07-04,obm_spent_value_ge155d_btc_daily,0.00000000,BTC,daily,OBM v0.1.0
2009-07-05,obm_spent_value_ge155d_btc_daily,0.00000000,BTC,daily,OBM v0.1.0
2009-07-06,obm_spent_value_ge155d_btc_daily,0.00000000,BTC,daily,OBM v0.1.0
2009-07-07,obm_spent_value_ge155d_btc_daily,0.00000000,BTC,daily,OBM v0.1.0
2009-07-08,obm_spent_value_ge155d_btc_daily,0.00000000,BTC,daily,OBM v0.1.0
2009-07-09,obm_spent_value_ge155d_btc_daily,0.00000000,BTC,daily,OBM v0.1.0
2009-07-10,obm_spent_value_ge155d_btc_daily,0.00000000,BTC,daily,OBM v0.1.0
2009-07-11,obm_spent_value_ge155d_btc_daily,0.00000000,BTC,daily,OBM v0.1.0
2009-07-12,obm_spent_value_ge155d_btc_daily,0.00000000,BTC,daily,OBM v0.1.0
2009-07-13,obm_spent_value_ge155d_btc_daily,0.00000000,BTC,daily,OBM v0.1.0
2009-07-14,obm_spent_value_ge155d_btc_daily,0.00000000,BTC,daily,OBM v0.1.0
2009-07-15,obm_spent_value_ge155d_btc_daily,0.00000000,BTC,daily,OBM v0.1.0
2009-07-16,obm_spent_value_ge155d_btc_daily,0.00000000,BTC,daily,OBM v0.1.0
2009-07-17,obm_spent_value_ge155d_btc_daily,0.00000000,BTC,daily,OBM v0.1.0
2009-07-18,obm_spent_value_ge155d_btc_daily,0.00000000,BTC,daily,OBM v0.1.0
2009-07-19,obm_spent_value_ge155d_btc_daily,0.00000000,BTC,daily,OBM v0.1.0
2009-07-20,obm_spent_value_ge155d_btc_daily,0.00000000,BTC,daily,OBM v0.1.0
2009-07-21,obm_spent_value_ge155d_btc_daily,0.00000000,BTC,daily,OBM v0.1.0
2009-07-22,obm_spent_value_ge155d_btc_daily,0.00000000,BTC,daily,OBM v0.1.0
2009-07-23,obm_spent_value_ge155d_btc_daily,0.00000000,BTC,daily,OBM v0.1.0
2009-07-24,obm_spent_value_ge155d_btc_daily,0.00000000,BTC,daily,OBM v0.1.0
2009-07-25,obm_spent_value_ge155d_btc_daily,0.00000000,BTC,daily,OBM v0.1.0
2009-07-26,obm_spent_value_ge155d_btc_daily,0.00000000,BTC,daily,OBM v0.1.0
2009-07-27,obm_spent_value_ge155d_btc_daily,0.00000000,BTC,daily,OBM v0.1.0
2009-07-28,obm_spent_value_ge155d_btc_daily,0.00000000,BTC,daily,OBM v0.1.0
2009-07-29,obm_spent_value_ge155d_btc_daily,0.00000000,BTC,daily,OBM v0.1.0
2009-07-30,obm_spent_value_ge155d_btc_daily,0.00000000,BTC,daily,OBM v0.1.0
2009-07-31,obm_spent_value_ge155d_btc_daily,0.00000000,BTC,daily,OBM v0.1.0
2009-08-01,obm_spent_value_ge155d_btc_daily,0.00000000,BTC,daily,OBM v0.1.0
2009-08-02,obm_spent_value_ge155d_btc_daily,0.00000000,BTC,daily,OBM v0.1.0
2009-08-03,obm_spent_value_ge155d_btc_daily,0.00000000,BTC,daily,OBM v0.1.0
2009-08-04,obm_spent_value_ge155d_btc_daily,0.00000000,BTC,daily,OBM v0.1.0
2009-08-05,obm_spent_value_ge155d_btc_daily,0.00000000,BTC,daily,OBM v0.1.0
2009-08-06,obm_spent_value_ge155d_btc_daily,0.00000000,BTC,daily,OBM v0.1.0
2009-08-07,obm_spent_value_ge155d_btc_daily,0.00000000,BTC,daily,OBM v0.1.0
2009-08-08,obm_spent_value_ge155d_btc_daily,0.00000000,BTC,daily,OBM v0.1.0
2009-08-09,obm_spent_value_ge155d_btc_daily,0.00000000,BTC,daily,OBM v0.1.0
2009-08-10,obm_spent_value_ge155d_btc_daily,0.00000000,BTC,daily,OBM v0.1.0
2009-08-11,obm_spent_value_ge155d_btc_daily,0.00000000,BTC,daily,OBM v0.1.0
2009-08-12,obm_spent_value_ge155d_btc_daily,0.00000000,BTC,daily,OBM v0.1.0
2009-08-13,obm_spent_value_ge155d_btc_daily,0.00000000,BTC,daily,OBM v0.1.0
2009-08-14,obm_spent_value_ge155d_btc_daily,0.00000000,BTC,daily,OBM v0.1.0
2009-08-15,obm_spent_value_ge155d_btc_daily,0.00000000,BTC,daily,OBM v0.1.0
2009-08-16,obm_spent_value_ge155d_btc_daily,0.00000000,BTC,daily,OBM v0.1.0
2009-08-17,obm_spent_value_ge155d_btc_daily,0.00000000,BTC,daily,OBM v0.1.0
2009-08-18,obm_spent_value_ge155d_btc_daily,0.00000000,BTC,daily,OBM v0.1.0
2009-08-19,obm_spent_value_ge155d_btc_daily,0.00000000,BTC,daily,OBM v0.1.0
2009-08-20,obm_spent_value_ge155d_btc_daily,0.00000000,BTC,daily,OBM v0.1.0
2009-08-21,obm_spent_value_ge155d_btc_daily,0.00000000,BTC,daily,OBM v0.1.0
2009-08-22,obm_spent_value_ge155d_btc_daily,0.00000000,BTC,daily,OBM v0.1.0
2009-08-23,obm_spent_value_ge155d_btc_daily,0.00000000,BTC,daily,OBM v0.1.0
2009-08-24,obm_spent_value_ge155d_btc_daily,0.00000000,BTC,daily,OBM v0.1.0
2009-08-25,obm_spent_value_ge155d_btc_daily,0.00000000,BTC,daily,OBM v0.1.0
2009-08-26,obm_spent_value_ge155d_btc_daily,0.00000000,BTC,daily,OBM v0.1.0
2009-08-27,obm_spent_value_ge155d_btc_daily,0.00000000,BTC,daily,OBM v0.1.0
2009-08-28,obm_spent_value_ge155d_btc_daily,0.00000000,BTC,daily,OBM v0.1.0
2009-08-29,obm_spent_value_ge155d_btc_daily,0.00000000,BTC,daily,OBM v0.1.0
2009-08-30,obm_spent_value_ge155d_btc_daily,0.00000000,BTC,daily,OBM v0.1.0
2009-08-31,obm_spent_value_ge155d_btc_daily,0.00000000,BTC,daily,OBM v0.1.0
2009-09-01,obm_spent_value_ge155d_btc_daily,0.00000000,BTC,daily,OBM v0.1.0
2009-09-02,obm_spent_value_ge155d_btc_daily,0.00000000,BTC,daily,OBM v0.1.0
2009-09-03,obm_spent_value_ge155d_btc_daily,0.00000000,BTC,daily,OBM v0.1.0
2009-09-04,obm_spent_value_ge155d_btc_daily,0.00000000,BTC,daily,OBM v0.1.0
2009-09-05,obm_spent_value_ge155d_btc_daily,0.00000000,BTC,daily,OBM v0.1.0
2009-09-06,obm_spent_value_ge155d_btc_daily,0.00000000,BTC,daily,OBM v0.1.0
2009-09-07,obm_spent_value_ge155d_btc_daily,0.00000000,BTC,daily,OBM v0.1.0
2009-09-08,obm_spent_value_ge155d_btc_daily,0.00000000,BTC,daily,OBM v0.1.0
2009-09-09,obm_spent_value_ge155d_btc_daily,0.00000000,BTC,daily,OBM v0.1.0
2009-09-10,obm_spent_value_ge155d_btc_daily,0.00000000,BTC,daily,OBM v0.1.0
2009-09-11,obm_spent_value_ge155d_btc_daily,0.00000000,BTC,daily,OBM v0.1.0
2009-09-12,obm_spent_value_ge155d_btc_daily,0.00000000,BTC,daily,OBM v0.1.0
2009-09-13,obm_spent_value_ge155d_btc_daily,0.00000000,BTC,daily,OBM v0.1.0
2009-09-14,obm_spent_value_ge155d_btc_daily,0.00000000,BTC,daily,OBM v0.1.0
2009-09-15,obm_spent_value_ge155d_btc_daily,0.00000000,BTC,daily,OBM v0.1.0
2009-09-16,obm_spent_value_ge155d_btc_daily,0.00000000,BTC,daily,OBM v0.1.0
2009-09-17,obm_spent_value_ge155d_btc_daily,0.00000000,BTC,daily,OBM v0.1.0
2009-09-18,obm_spent_value_ge155d_btc_daily,0.00000000,BTC,daily,OBM v0.1.0
2009-09-19,obm_spent_value_ge155d_btc_daily,0.00000000,BTC,daily,OBM v0.1.0
2009-09-20,obm_spent_value_ge155d_btc_daily,0.00000000,BTC,daily,OBM v0.1.0
2009-09-21,obm_spent_value_ge155d_btc_daily,0.00000000,BTC,daily,OBM v0.1.0
2009-09-22,obm_spent_value_ge155d_btc_daily,0.00000000,BTC,daily,OBM v0.1.0
2009-09-23,obm_spent_value_ge155d_btc_daily,0.00000000,BTC,daily,OBM v0.1.0
2009-09-24,obm_spent_value_ge155d_btc_daily,0.00000000,BTC,daily,OBM v0.1.0
2009-09-25,obm_spent_value_ge155d_btc_daily,0.00000000,BTC,daily,OBM v0.1.0
2009-09-26,obm_spent_value_ge155d_btc_daily,0.00000000,BTC,daily,OBM v0.1.0
2009-09-27,obm_spent_value_ge155d_btc_daily,0.00000000,BTC,daily,OBM v0.1.0
2009-09-28,obm_spent_value_ge155d_btc_daily,0.00000000,BTC,daily,OBM v0.1.0
2009-09-29,obm_spent_value_ge155d_btc_daily,0.00000000,BTC,daily,OBM v0.1.0
2009-09-30,obm_spent_value_ge155d_btc_daily,0.00000000,BTC,daily,OBM v0.1.0
2009-10-01,obm_spent_value_ge155d_btc_daily,0.00000000,BTC,daily,OBM v0.1.0
2009-10-02,obm_spent_value_ge155d_btc_daily,0.00000000,BTC,daily,OBM v0.1.0
2009-10-03,obm_spent_value_ge155d_btc_daily,0.00000000,BTC,daily,OBM v0.1.0
2009-10-04,obm_spent_value_ge155d_btc_daily,0.00000000,BTC,daily,OBM v0.1.0
2009-10-05,obm_spent_value_ge155d_btc_daily,0.00000000,BTC,daily,OBM v0.1.0
2009-10-06,obm_spent_value_ge155d_btc_daily,0.00000000,BTC,daily,OBM v0.1.0
2009-10-07,obm_spent_value_ge155d_btc_daily,0.00000000,BTC,daily,OBM v0.1.0
2009-10-08,obm_spent_value_ge155d_btc_daily,0.00000000,BTC,daily,OBM v0.1.0
2009-10-09,obm_spent_value_ge155d_btc_daily,0.00000000,BTC,daily,OBM v0.1.0
2009-10-10,obm_spent_value_ge155d_btc_daily,0.00000000,BTC,daily,OBM v0.1.0
2009-10-11,obm_spent_value_ge155d_btc_daily,0.00000000,BTC,daily,OBM v0.1.0
2009-10-12,obm_spent_value_ge155d_btc_daily,450.00000000,BTC,daily,OBM v0.1.0
2009-10-13,obm_spent_value_ge155d_btc_daily,0.00000000,BTC,daily,OBM v0.1.0
2009-10-14,obm_spent_value_ge155d_btc_daily,0.00000000,BTC,daily,OBM v0.1.0
2009-10-15,obm_spent_value_ge155d_btc_daily,0.00000000,BTC,daily,OBM v0.1.0
2009-10-16,obm_spent_value_ge155d_btc_daily,0.00000000,BTC,daily,OBM v0.1.0
2009-10-17,obm_spent_value_ge155d_btc_daily,0.00000000,BTC,daily,OBM v0.1.0
2009-10-18,obm_spent_value_ge155d_btc_daily,0.00000000,BTC,daily,OBM v0.1.0
2009-10-19,obm_spent_value_ge155d_btc_daily,0.00000000,BTC,daily,OBM v0.1.0
2009-10-20,obm_spent_value_ge155d_btc_daily,0.00000000,BTC,daily,OBM v0.1.0
2009-10-21,obm_spent_value_ge155d_btc_daily,0.00000000,BTC,daily,OBM v0.1.0
2009-10-22,obm_spent_value_ge155d_btc_daily,0.00000000,BTC,daily,OBM v0.1.0
2009-10-23,obm_spent_value_ge155d_btc_daily,0.00000000,BTC,daily,OBM v0.1.0
2009-10-24,obm_spent_value_ge155d_btc_daily,0.00000000,BTC,daily,OBM v0.1.0
2009-10-25,obm_spent_value_ge155d_btc_daily,0.00000000,BTC,daily,OBM v0.1.0
2009-10-26,obm_spent_value_ge155d_btc_daily,0.00000000,BTC,daily,OBM v0.1.0
2009-10-27,obm_spent_value_ge155d_btc_daily,0.00000000,BTC,daily,OBM v0.1.0
2009-10-28,obm_spent_value_ge155d_btc_daily,0.00000000,BTC,daily,OBM v0.1.0
2009-10-29,obm_spent_value_ge155d_btc_daily,0.00000000,BTC,daily,OBM v0.1.0
2009-10-30,obm_spent_value_ge155d_btc_daily,0.00000000,BTC,daily,OBM v0.1.0
2009-10-31,obm_spent_value_ge155d_btc_daily,0.00000000,BTC,daily,OBM v0.1.0
2009-11-01,obm_spent_value_ge155d_btc_daily,0.00000000,BTC,daily,OBM v0.1.0
2009-11-02,obm_spent_value_ge155d_btc_daily,0.00000000,BTC,daily,OBM v0.1.0
2009-11-03,obm_spent_value_ge155d_btc_daily,0.00000000,BTC,daily,OBM v0.1.0
2009-11-04,obm_spent_value_ge155d_btc_daily,0.00000000,BTC,daily,OBM v0.1.0
2009-11-05,obm_spent_value_ge155d_btc_daily,0.00000000,BTC,daily,OBM v0.1.0
2009-11-06,obm_spent_value_ge155d_btc_daily,0.00000000,BTC,daily,OBM v0.1.0
2009-11-07,obm_spent_value_ge155d_btc_daily,0.00000000,BTC,daily,OBM v0.1.0
2009-11-08,obm_spent_value_ge155d_btc_daily,0.00000000,BTC,daily,OBM v0.1.0
2009-11-09,obm_spent_value_ge155d_btc_daily,0.00000000,BTC,daily,OBM v0.1.0
2009-11-10,obm_spent_value_ge155d_btc_daily,0.00000000,BTC,daily,OBM v0.1.0
2009-11-11,obm_spent_value_ge155d_btc_daily,0.00000000,BTC,daily,OBM v0.1.0
2009-11-12,obm_spent_value_ge155d_btc_daily,0.00000000,BTC,daily,OBM v0.1.0
2009-11-13,obm_spent_value_ge155d_btc_daily,0.00000000,BTC,daily,OBM v0.1.0
2009-11-14,obm_spent_value_ge155d_btc_daily,0.00000000,BTC,daily,OBM v0.1.0
2009-11-15,obm_spent_value_ge155d_btc_daily,0.00000000,BTC,daily,OBM v0.1.0
2009-11-16,obm_spent_value_ge155d_btc_daily,0.00000000,BTC,daily,OBM v0.1.0
2009-11-17,obm_spent_value_ge155d_btc_daily,0.00000000,BTC,daily,OBM v0.1.0
2009-11-18,obm_spent_value_ge155d_btc_daily,0.00000000,BTC,daily,OBM v0.1.0
2009-11-19,obm_spent_value_ge155d_btc_daily,0.00000000,BTC,daily,OBM v0.1.0
2009-11-20,obm_spent_value_ge155d_btc_daily,0.00000000,BTC,daily,OBM v0.1.0
2009-11-21,obm_spent_value_ge155d_btc_daily,0.00000000,BTC,daily,OBM v0.1.0
2009-11-22,obm_spent_value_ge155d_btc_daily,0.00000000,BTC,daily,OBM v0.1.0
2009-11-23,obm_spent_value_ge155d_btc_daily,0.00000000,BTC,daily,OBM v0.1.0
2009-11-24,obm_spent_value_ge155d_btc_daily,0.00000000,BTC,daily,OBM v0.1.0
2009-11-25,obm_spent_value_ge155d_btc_daily,0.00000000,BTC,daily,OBM v0.1.0
2009-11-26,obm_spent_value_ge155d_btc_daily,0.00000000,BTC,daily,OBM v0.1.0
2009-11-27,obm_spent_value_ge155d_btc_daily,0.00000000,BTC,daily,OBM v0.1.0
2009-11-28,obm_spent_value_ge155d_btc_daily,0.00000000,BTC,daily,OBM v0.1.0
2009-11-29,obm_spent_value_ge155d_btc_daily,0.00000000,BTC,daily,OBM v0.1.0
2009-11-30,obm_spent_value_ge155d_btc_daily,0.00000000,BTC,daily,OBM v0.1.0
2009-12-01,obm_spent_value_ge155d_btc_daily,2700.00000000,BTC,daily,OBM v0.1.0
2009-12-02,obm_spent_value_ge155d_btc_daily,0.00000000,BTC,daily,OBM v0.1.0
2009-12-03,obm_spent_value_ge155d_btc_daily,0.00000000,BTC,daily,OBM v0.1.0
2009-12-04,obm_spent_value_ge155d_btc_daily,0.00000000,BTC,daily,OBM v0.1.0
2009-12-05,obm_spent_value_ge155d_btc_daily,0.00000000,BTC,daily,OBM v0.1.0
2009-12-06,obm_spent_value_ge155d_btc_daily,0.00000000,BTC,daily,OBM v0.1.0
2009-12-07,obm_spent_value_ge155d_btc_daily,0.00000000,BTC,daily,OBM v0.1.0
2009-12-08,obm_spent_value_ge155d_btc_daily,0.00000000,BTC,daily,OBM v0.1.0
2009-12-09,obm_spent_value_ge155d_btc_daily,0.00000000,BTC,daily,OBM v0.1.0
2009-12-10,obm_spent_value_ge155d_btc_daily,0.00000000,BTC,daily,OBM v0.1.0
2009-12-11,obm_spent_value_ge155d_btc_daily,0.00000000,BTC,daily,OBM v0.1.0
2009-12-12,obm_spent_value_ge155d_btc_daily,0.00000000,BTC,daily,OBM v0.1.0
2009-12-13,obm_spent_value_ge155d_btc_daily,0.00000000,BTC,daily,OBM v0.1.0
2009-12-14,obm_spent_value_ge155d_btc_daily,0.00000000,BTC,daily,OBM v0.1.0
2009-12-15,obm_spent_value_ge155d_btc_daily,0.00000000,BTC,daily,OBM v0.1.0
2009-12-16,obm_spent_value_ge155d_btc_daily,0.00000000,BTC,daily,OBM v0.1.0
2009-12-17,obm_spent_value_ge155d_btc_daily,200.00000000,BTC,daily,OBM v0.1.0
2009-12-18,obm_spent_value_ge155d_btc_daily,0.00000000,BTC,daily,OBM v0.1.0
2009-12-19,obm_spent_value_ge155d_btc_daily,0.00000000,BTC,daily,OBM v0.1.0
2009-12-20,obm_spent_value_ge155d_btc_daily,0.00000000,BTC,daily,OBM v0.1.0
2009-12-21,obm_spent_value_ge155d_btc_daily,0.00000000,BTC,daily,OBM v0.1.0
2009-12-22,obm_spent_value_ge155d_btc_daily,0.00000000,BTC,daily,OBM v0.1.0
2009-12-23,obm_spent_value_ge155d_btc_daily,0.00000000,BTC,daily,OBM v0.1.0
2009-12-24,obm_spent_value_ge155d_btc_daily,0.00000000,BTC,daily,OBM v0.1.0
2009-12-25,obm_spent_value_ge155d_btc_daily,0.00000000,BTC,daily,OBM v0.1.0
2009-12-26,obm_spent_value_ge155d_btc_daily,0.00000000,BTC,daily,OBM v0.1.0
2009-12-27,obm_spent_value_ge155d_btc_daily,0.00000000,BTC,daily,OBM v0.1.0
2009-12-28,obm_spent_value_ge155d_btc_daily,0.00000000,BTC,daily,OBM v0.1.0
2009-12-29,obm_spent_value_ge155d_btc_daily,0.00000000,BTC,daily,OBM v0.1.0
2009-12-30,obm_spent_value_ge155d_btc_daily,0.00000000,BTC,daily,OBM v0.1.0
2009-12-31,obm_spent_value_ge155d_btc_daily,0.00000000,BTC,daily,OBM v0.1.0
2010-01-01,obm_spent_value_ge155d_btc_daily,0.00000000,BTC,daily,OBM v0.1.0
2010-01-02,obm_spent_value_ge155d_btc_daily,0.00000000,BTC,daily,OBM v0.1.0
2010-01-03,obm_spent_value_ge155d_btc_daily,0.00000000,BTC,daily,OBM v0.1.0
2010-01-04,obm_spent_value_ge155d_btc_daily,0.00000000,BTC,daily,OBM v0.1.0
2010-01-05,obm_spent_value_ge155d_btc_daily,0.00000000,BTC,daily,OBM v0.1.0
2010-01-06,obm_spent_value_ge155d_btc_daily,0.00000000,BTC,daily,OBM v0.1.0
2010-01-07,obm_spent_value_ge155d_btc_daily,0.00000000,BTC,daily,OBM v0.1.0
2010-01-08,obm_spent_value_ge155d_btc_daily,0.00000000,BTC,daily,OBM v0.1.0
2010-01-09,obm_spent_value_ge155d_btc_daily,0.00000000,BTC,daily,OBM v0.1.0
2010-01-10,obm_spent_value_ge155d_btc_daily,0.00000000,BTC,daily,OBM v0.1.0
2010-01-11,obm_spent_value_ge155d_btc_daily,0.00000000,BTC,daily,OBM v0.1.0
2010-01-12,obm_spent_value_ge155d_btc_daily,0.00000000,BTC,daily,OBM v0.1.0
2010-01-13,obm_spent_value_ge155d_btc_daily,0.00000000,BTC,daily,OBM v0.1.0
2010-01-14,obm_spent_value_ge155d_btc_daily,0.00000000,BTC,daily,OBM v0.1.0
2010-01-15,obm_spent_value_ge155d_btc_daily,0.00000000,BTC,daily,OBM v0.1.0
2010-01-16,obm_spent_value_ge155d_btc_daily,0.00000000,BTC,daily,OBM v0.1.0
2010-01-17,obm_spent_value_ge155d_btc_daily,0.00000000,BTC,daily,OBM v0.1.0
2010-01-18,obm_spent_value_ge155d_btc_daily,0.00000000,BTC,daily,OBM v0.1.0
2010-01-19,obm_spent_value_ge155d_btc_daily,0.00000000,BTC,daily,OBM v0.1.0
2010-01-20,obm_spent_value_ge155d_btc_daily,0.00000000,BTC,daily,OBM v0.1.0
2010-01-21,obm_spent_value_ge155d_btc_daily,0.00000000,BTC,daily,OBM v0.1.0
2010-01-22,obm_spent_value_ge155d_btc_daily,0.00000000,BTC,daily,OBM v0.1.0
2010-01-23,obm_spent_value_ge155d_btc_daily,0.00000000,BTC,daily,OBM v0.1.0
2010-01-24,obm_spent_value_ge155d_btc_daily,0.00000000,BTC,daily,OBM v0.1.0
2010-01-25,obm_spent_value_ge155d_btc_daily,0.00000000,BTC,daily,OBM v0.1.0
2010-01-26,obm_spent_value_ge155d_btc_daily,0.00000000,BTC,daily,OBM v0.1.0
2010-01-27,obm_spent_value_ge155d_btc_daily,0.00000000,BTC,daily,OBM v0.1.0
2010-01-28,obm_spent_value_ge155d_btc_daily,0.00000000,BTC,daily,OBM v0.1.0
2010-01-29,obm_spent_value_ge155d_btc_daily,0.00000000,BTC,daily,OBM v0.1.0
2010-01-30,obm_spent_value_ge155d_btc_daily,0.00000000,BTC,daily,OBM v0.1.0
2010-01-31,obm_spent_value_ge155d_btc_daily,0.00000000,BTC,daily,OBM v0.1.0
2010-02-01,obm_spent_value_ge155d_btc_daily,0.00000000,BTC,daily,OBM v0.1.0
2010-02-02,obm_spent_value_ge155d_btc_daily,0.00000000,BTC,daily,OBM v0.1.0
2010-02-03,obm_spent_value_ge155d_btc_daily,0.00000000,BTC,daily,OBM v0.1.0
2010-02-04,obm_spent_value_ge155d_btc_daily,0.00000000,BTC,daily,OBM v0.1.0
2010-02-05,obm_spent_value_ge155d_btc_daily,0.00000000,BTC,daily,OBM v0.1.0
2010-02-06,obm_spent_value_ge155d_btc_daily,0.00000000,BTC,daily,OBM v0.1.0
2010-02-07,obm_spent_value_ge155d_btc_daily,0.00000000,BTC,daily,OBM v0.1.0
2010-02-08,obm_spent_value_ge155d_btc_daily,0.00000000,BTC,daily,OBM v0.1.0
2010-02-09,obm_spent_value_ge155d_btc_daily,0.00000000,BTC,daily,OBM v0.1.0
2010-02-10,obm_spent_value_ge155d_btc_daily,0.00000000,BTC,daily,OBM v0.1.0
2010-02-11,obm_spent_value_ge155d_btc_daily,0.00000000,BTC,daily,OBM v0.1.0
2010-02-12,obm_spent_value_ge155d_btc_daily,0.00000000,BTC,daily,OBM v0.1.0
2010-02-13,obm_spent_value_ge155d_btc_daily,0.00000000,BTC,daily,OBM v0.1.0
2010-02-14,obm_spent_value_ge155d_btc_daily,0.00000000,BTC,daily,OBM v0.1.0
2010-02-15,obm_spent_value_ge155d_btc_daily,0.00000000,BTC,daily,OBM v0.1.0
2010-02-16,obm_spent_value_ge155d_btc_daily,0.00000000,BTC,daily,OBM v0.1.0
2010-02-17,obm_spent_value_ge155d_btc_daily,0.00000000,BTC,daily,OBM v0.1.0
2010-02-18,obm_spent_value_ge155d_btc_daily,0.00000000,BTC,daily,OBM v0.1.0
2010-02-19,obm_spent_value_ge155d_btc_daily,0.00000000,BTC,daily,OBM v0.1.0
2010-02-20,obm_spent_value_ge155d_btc_daily,0.00000000,BTC,daily,OBM v0.1.0
2010-02-21,obm_spent_value_ge155d_btc_daily,0.00000000,BTC,daily,OBM v0.1.0
2010-02-22,obm_spent_value_ge155d_btc_daily,0.00000000,BTC,daily,OBM v0.1.0
2010-02-23,obm_spent_value_ge155d_btc_daily,0.00000000,BTC,daily,OBM v0.1.0
2010-02-24,obm_spent_value_ge155d_btc_daily,0.00000000,BTC,daily,OBM v0.1.0
2010-02-25,obm_spent_value_ge155d_btc_daily,0.00000000,BTC,daily,OBM v0.1.0
2010-02-26,obm_spent_value_ge155d_btc_daily,0.00000000,BTC,daily,OBM v0.1.0
2010-02-27,obm_spent_value_ge155d_btc_daily,0.00000000,BTC,daily,OBM v0.1.0
2010-02-28,obm_spent_value_ge155d_btc_daily,0.00000000,BTC,daily,OBM v0.1.0
2010-03-01,obm_spent_value_ge155d_btc_daily,0.00000000,BTC,daily,OBM v0.1.0
2010-03-02,obm_spent_value_ge155d_btc_daily,0.00000000,BTC,daily,OBM v0.1.0
2010-03-03,obm_spent_value_ge155d_btc_daily,0.00000000,BTC,daily,OBM v0.1.0
2010-03-04,obm_spent_value_ge155d_btc_daily,600.00000000,BTC,daily,OBM v0.1.0
2010-03-05,obm_spent_value_ge155d_btc_daily,0.00000000,BTC,daily,OBM v0.1.0
2010-03-06,obm_spent_value_ge155d_btc_daily,0.00000000,BTC,daily,OBM v0.1.0
2010-03-07,obm_spent_value_ge155d_btc_daily,0.00000000,BTC,daily,OBM v0.1.0
2010-03-08,obm_spent_value_ge155d_btc_daily,0.00000000,BTC,daily,OBM v0.1.0
2010-03-09,obm_spent_value_ge155d_btc_daily,0.00000000,BTC,daily,OBM v0.1.0
2010-03-10,obm_spent_value_ge155d_btc_daily,0.00000000,BTC,daily,OBM v0.1.0
2010-03-11,obm_spent_value_ge155d_btc_daily,0.00000000,BTC,daily,OBM v0.1.0
2010-03-12,obm_spent_value_ge155d_btc_daily,0.00000000,BTC,daily,OBM v0.1.0
2010-03-13,obm_spent_value_ge155d_btc_daily,0.00000000,BTC,daily,OBM v0.1.0
2010-03-14,obm_spent_value_ge155d_btc_daily,0.00000000,BTC,daily,OBM v0.1.0
2010-03-15,obm_spent_value_ge155d_btc_daily,0.00000000,BTC,daily,OBM v0.1.0
2010-03-16,obm_spent_value_ge155d_btc_daily,150.00000000,BTC,daily,OBM v0.1.0
2010-03-17,obm_spent_value_ge155d_btc_daily,0.00000000,BTC,daily,OBM v0.1.0
2010-03-18,obm_spent_value_ge155d_btc_daily,0.00000000,BTC,daily,OBM v0.1.0
2010-03-19,obm_spent_value_ge155d_btc_daily,0.00000000,BTC,daily,OBM v0.1.0
2010-03-20,obm_spent_value_ge155d_btc_daily,0.00000000,BTC,daily,OBM v0.1.0
2010-03-21,obm_spent_value_ge155d_btc_daily,0.00000000,BTC,daily,OBM v0.1.0
2010-03-22,obm_spent_value_ge155d_btc_daily,0.00000000,BTC,daily,OBM v0.1.0
2010-03-23,obm_spent_value_ge155d_btc_daily,0.00000000,BTC,daily,OBM v0.1.0
2010-03-24,obm_spent_value_ge155d_btc_daily,0.00000000,BTC,daily,OBM v0.1.0
2010-03-25,obm_spent_value_ge155d_btc_daily,100.00000000,BTC,daily,OBM v0.1.0
2010-03-26,obm_spent_value_ge155d_btc_daily,0.00000000,BTC,daily,OBM v0.1.0
2010-03-27,obm_spent_value_ge155d_btc_daily,0.00000000,BTC,daily,OBM v0.1.0
2010-03-28,obm_spent_value_ge155d_btc_daily,100.00000000,BTC,daily,OBM v0.1.0
2010-03-29,obm_spent_value_ge155d_btc_daily,0.00000000,BTC,daily,OBM v0.1.0
2010-03-30,obm_spent_value_ge155d_btc_daily,0.00000000,BTC,daily,OBM v0.1.0
2010-03-31,obm_spent_value_ge155d_btc_daily,0.00000000,BTC,daily,OBM v0.1.0
2010-04-01,obm_spent_value_ge155d_btc_daily,0.00000000,BTC,daily,OBM v0.1.0
2010-04-02,obm_spent_value_ge155d_btc_daily,0.00000000,BTC,daily,OBM v0.1.0
2010-04-03,obm_spent_value_ge155d_btc_daily,0.00000000,BTC,daily,OBM v0.1.0
2010-04-04,obm_spent_value_ge155d_btc_daily,100.00000000,BTC,daily,OBM v0.1.0
2010-04-05,obm_spent_value_ge155d_btc_daily,0.00000000,BTC,daily,OBM v0.1.0
2010-04-06,obm_spent_value_ge155d_btc_daily,100.00000000,BTC,daily,OBM v0.1.0
2010-04-07,obm_spent_value_ge155d_btc_daily,0.00000000,BTC,daily,OBM v0.1.0
2010-04-08,obm_spent_value_ge155d_btc_daily,0.00000000,BTC,daily,OBM v0.1.0
2010-04-09,obm_spent_value_ge155d_btc_daily,0.00000000,BTC,daily,OBM v0.1.0
2010-04-10,obm_spent_value_ge155d_btc_daily,0.00000000,BTC,daily,OBM v0.1.0
2010-04-11,obm_spent_value_ge155d_btc_daily,0.00000000,BTC,daily,OBM v0.1.0
2010-04-12,obm_spent_value_ge155d_btc_daily,0.00000000,BTC,daily,OBM v0.1.0
2010-04-13,obm_spent_value_ge155d_btc_daily,0.00000000,BTC,daily,OBM v0.1.0
2010-04-14,obm_spent_value_ge155d_btc_daily,0.00000000,BTC,daily,OBM v0.1.0
2010-04-15,obm_spent_value_ge155d_btc_daily,27050.00000000,BTC,daily,OBM v0.1.0
2010-04-16,obm_spent_value_ge155d_btc_daily,0.00000000,BTC,daily,OBM v0.1.0
2010-04-17,obm_spent_value_ge155d_btc_daily,0.00000000,BTC,daily,OBM v0.1.0
2010-04-18,obm_spent_value_ge155d_btc_daily,50.00000000,BTC,daily,OBM v0.1.0
2010-04-19,obm_spent_value_ge155d_btc_daily,0.00000000,BTC,daily,OBM v0.1.0
2010-04-20,obm_spent_value_ge155d_btc_daily,600.00000000,BTC,daily,OBM v0.1.0
2010-04-21,obm_spent_value_ge155d_btc_daily,0.00000000,BTC,daily,OBM v0.1.0
2010-04-22,obm_spent_value_ge155d_btc_daily,0.00000000,BTC,daily,OBM v0.1.0
2010-04-23,obm_spent_value_ge155d_btc_daily,0.00000000,BTC,daily,OBM v0.1.0
2010-04-24,obm_spent_value_ge155d_btc_daily,150.00000000,BTC,daily,OBM v0.1.0
2010-04-25,obm_spent_value_ge155d_btc_daily,550.00000000,BTC,daily,OBM v0.1.0
2010-04-26,obm_spent_value_ge155d_btc_daily,0.00000000,BTC,daily,OBM v0.1.0
2010-04-27,obm_spent_value_ge155d_btc_daily,0.00000000,BTC,daily,OBM v0.1.0
2010-04-28,obm_spent_value_ge155d_btc_daily,0.00000000,BTC,daily,OBM v0.1.0
2010-04-29,obm_spent_value_ge155d_btc_daily,0.00000000,BTC,daily,OBM v0.1.0
2010-04-30,obm_spent_value_ge155d_btc_daily,0.00000000,BTC,daily,OBM v0.1.0
2010-05-01,obm_spent_value_ge155d_btc_daily,0.00000000,BTC,daily,OBM v0.1.0
2010-05-02,obm_spent_value_ge155d_btc_daily,0.00000000,BTC,daily,OBM v0.1.0
2010-05-03,obm_spent_value_ge155d_btc_daily,0.00000000,BTC,daily,OBM v0.1.0
2010-05-04,obm_spent_value_ge155d_btc_daily,0.00000000,BTC,daily,OBM v0.1.0
2010-05-05,obm_spent_value_ge155d_btc_daily,0.00000000,BTC,daily,OBM v0.1.0
2010-05-06,obm_spent_value_ge155d_btc_daily,0.00000000,BTC,daily,OBM v0.1.0
2010-05-07,obm_spent_value_ge155d_btc_daily,0.00000000,BTC,daily,OBM v0.1.0
2010-05-08,obm_spent_value_ge155d_btc_daily,0.00000000,BTC,daily,OBM v0.1.0
2010-05-09,obm_spent_value_ge155d_btc_daily,0.00000000,BTC,daily,OBM v0.1.0
2010-05-10,obm_spent_value_ge155d_btc_daily,0.00000000,BTC,daily,OBM v0.1.0
2010-05-11,obm_spent_value_ge155d_btc_daily,0.00000000,BTC,daily,OBM v0.1.0
2010-05-12,obm_spent_value_ge155d_btc_daily,600.00000000,BTC,daily,OBM v0.1.0
2010-05-13,obm_spent_value_ge155d_btc_daily,0.00000000,BTC,daily,OBM v0.1.0
2010-05-14,obm_spent_value_ge155d_btc_daily,250.00000000,BTC,daily,OBM v0.1.0
2010-05-15,obm_spent_value_ge155d_btc_daily,0.00000000,BTC,daily,OBM v0.1.0
2010-05-16,obm_spent_value_ge155d_btc_daily,0.00000000,BTC,daily,OBM v0.1.0
2010-05-17,obm_spent_value_ge155d_btc_daily,600.00000000,BTC,daily,OBM v0.1.0
2010-05-18,obm_spent_value_ge155d_btc_daily,0.00000000,BTC,daily,OBM v0.1.0
2010-05-19,obm_spent_value_ge155d_btc_daily,0.00000000,BTC,daily,OBM v0.1.0
2010-05-20,obm_spent_value_ge155d_btc_daily,0.00000000,BTC,daily,OBM v0.1.0
2010-05-21,obm_spent_value_ge155d_btc_daily,0.00000000,BTC,daily,OBM v0.1.0
2010-05-22,obm_spent_value_ge155d_btc_daily,0.00000000,BTC,daily,OBM v0.1.0
2010-05-23,obm_spent_value_ge155d_btc_daily,0.00000000,BTC,daily,OBM v0.1.0
2010-05-24,obm_spent_value_ge155d_btc_daily,0.00000000,BTC,daily,OBM v0.1.0
2010-05-25,obm_spent_value_ge155d_btc_daily,0.00000000,BTC,daily,OBM v0.1.0
2010-05-26,obm_spent_value_ge155d_btc_daily,0.00000000,BTC,daily,OBM v0.1.0
2010-05-27,obm_spent_value_ge155d_btc_daily,0.00000000,BTC,daily,OBM v0.1.0
2010-05-28,obm_spent_value_ge155d_btc_daily,0.00000000,BTC,daily,OBM v0.1.0
2010-05-29,obm_spent_value_ge155d_btc_daily,850.00000000,BTC,daily,OBM v0.1.0
2010-05-30,obm_spent_value_ge155d_btc_daily,0.00000000,BTC,daily,OBM v0.1.0
2010-05-31,obm_spent_value_ge155d_btc_daily,0.00000000,BTC,daily,OBM v0.1.0
2010-06-01,obm_spent_value_ge155d_btc_daily,0.00000000,BTC,daily,OBM v0.1.0
2010-06-02,obm_spent_value_ge155d_btc_daily,0.00000000,BTC,daily,OBM v0.1.0
2010-06-03,obm_spent_value_ge155d_btc_daily,0.00000000,BTC,daily,OBM v0.1.0
2010-06-04,obm_spent_value_ge155d_btc_daily,0.00000000,BTC,daily,OBM v0.1.0
2010-06-05,obm_spent_value_ge155d_btc_daily,0.00000000,BTC,daily,OBM v0.1.0
2010-06-06,obm_spent_value_ge155d_btc_daily,0.00000000,BTC,daily,OBM v0.1.0
2010-06-07,obm_spent_value_ge155d_btc_daily,0.00000000,BTC,daily,OBM v0.1.0
2010-06-08,obm_spent_value_ge155d_btc_daily,0.00000000,BTC,daily,OBM v0.1.0
2010-06-09,obm_spent_value_ge155d_btc_daily,0.00000000,BTC,daily,OBM v0.1.0
2010-06-10,obm_spent_value_ge155d_btc_daily,0.00000000,BTC,daily,OBM v0.1.0
2010-06-11,obm_spent_value_ge155d_btc_daily,0.00000000,BTC,daily,OBM v0.1.0
2010-06-12,obm_spent_value_ge155d_btc_daily,0.00000000,BTC,daily,OBM v0.1.0
2010-06-13,obm_spent_value_ge155d_btc_daily,50.00000000,BTC,daily,OBM v0.1.0
2010-06-14,obm_spent_value_ge155d_btc_daily,2850.00000000,BTC,daily,OBM v0.1.0
2010-06-15,obm_spent_value_ge155d_btc_daily,0.00000000,BTC,daily,OBM v0.1.0
2010-06-16,obm_spent_value_ge155d_btc_daily,0.00000000,BTC,daily,OBM v0.1.0
2010-06-17,obm_spent_value_ge155d_btc_daily,0.00000000,BTC,daily,OBM v0.1.0
2010-06-18,obm_spent_value_ge155d_btc_daily,0.00000000,BTC,daily,OBM v0.1.0
2010-06-19,obm_spent_value_ge155d_btc_daily,650.00000000,BTC,daily,OBM v0.1.0
2010-06-20,obm_spent_value_ge155d_btc_daily,0.00000000,BTC,daily,OBM v0.1.0
2010-06-21,obm_spent_value_ge155d_btc_daily,0.00000000,BTC,daily,OBM v0.1.0
2010-06-22,obm_spent_value_ge155d_btc_daily,0.00000000,BTC,daily,OBM v0.1.0
2010-06-23,obm_spent_value_ge155d_btc_daily,0.00000000,BTC,daily,OBM v0.1.0
2010-06-24,obm_spent_value_ge155d_btc_daily,0.00000000,BTC,daily,OBM v0.1.0
2010-06-25,obm_spent_value_ge155d_btc_daily,0.00000000,BTC,daily,OBM v0.1.0
2010-06-26,obm_spent_value_ge155d_btc_daily,0.00000000,BTC,daily,OBM v0.1.0
2010-06-27,obm_spent_value_ge155d_btc_daily,0.00000000,BTC,daily,OBM v0.1.0
2010-06-28,obm_spent_value_ge155d_btc_daily,10.00000000,BTC,daily,OBM v0.1.0
2010-06-29,obm_spent_value_ge155d_btc_daily,0.00000000,BTC,daily,OBM v0.1.0
2010-06-30,obm_spent_value_ge155d_btc_daily,0.00000000,BTC,daily,OBM v0.1.0
2010-07-01,obm_spent_value_ge155d_btc_daily,0.00000000,BTC,daily,OBM v0.1.0
2010-07-02,obm_spent_value_ge155d_btc_daily,0.00000000,BTC,daily,OBM v0.1.0
2010-07-03,obm_spent_value_ge155d_btc_daily,0.00000000,BTC,daily,OBM v0.1.0
2010-07-04,obm_spent_value_ge155d_btc_daily,0.00000000,BTC,daily,OBM v0.1.0
2010-07-05,obm_spent_value_ge155d_btc_daily,0.00000000,BTC,daily,OBM v0.1.0
2010-07-06,obm_spent_value_ge155d_btc_daily,0.00000000,BTC,daily,OBM v0.1.0
2010-07-07,obm_spent_value_ge155d_btc_daily,0.00000000,BTC,daily,OBM v0.1.0
2010-07-08,obm_spent_value_ge155d_btc_daily,500.00000000,BTC,daily,OBM v0.1.0
2010-07-09,obm_spent_value_ge155d_btc_daily,0.00000000,BTC,daily,OBM v0.1.0
2010-07-10,obm_spent_value_ge155d_btc_daily,0.00000000,BTC,daily,OBM v0.1.0
2010-07-11,obm_spent_value_ge155d_btc_daily,25.00000000,BTC,daily,OBM v0.1.0
2010-07-12,obm_spent_value_ge155d_btc_daily,100.00000000,BTC,daily,OBM v0.1.0
2010-07-13,obm_spent_value_ge155d_btc_daily,0.00000000,BTC,daily,OBM v0.1.0
2010-07-14,obm_spent_value_ge155d_btc_daily,100.00000000,BTC,daily,OBM v0.1.0
2010-07-15,obm_spent_value_ge155d_btc_daily,7500.00000000,BTC,daily,OBM v0.1.0
2010-07-16,obm_spent_value_ge155d_btc_daily,450.00000000,BTC,daily,OBM v0.1.0
2010-07-17,obm_spent_value_ge155d_btc_daily,0.00000000,BTC,daily,OBM v0.1.0
2010-07-18,obm_spent_value_ge155d_btc_daily,4200.02000000,BTC,daily,OBM v0.1.0
2010-07-19,obm_spent_value_ge155d_btc_daily,0.00000000,BTC,daily,OBM v0.1.0
2010-07-20,obm_spent_value_ge155d_btc_daily,0.00000000,BTC,daily,OBM v0.1.0
2010-07-21,obm_spent_value_ge155d_btc_daily,2975.00000000,BTC,daily,OBM v0.1.0
2010-07-22,obm_spent_value_ge155d_btc_daily,0.00000000,BTC,daily,OBM v0.1.0
2010-07-23,obm_spent_value_ge155d_btc_daily,750.00000000,BTC,daily,OBM v0.1.0
2010-07-24,obm_spent_value_ge155d_btc_daily,0.00000000,BTC,daily,OBM v0.1.0
2010-07-25,obm_spent_value_ge155d_btc_daily,0.00000000,BTC,daily,OBM v0.1.0
2010-07-26,obm_spent_value_ge155d_btc_daily,18001.00000000,BTC,daily,OBM v0.1.0
2010-07-27,obm_spent_value_ge155d_btc_daily,5750.00000000,BTC,daily,OBM v0.1.0
2010-07-28,obm_spent_value_ge155d_btc_daily,150.00000000,BTC,daily,OBM v0.1.0
2010-07-29,obm_spent_value_ge155d_btc_daily,50.00000000,BTC,daily,OBM v0.1.0
2010-07-30,obm_spent_value_ge155d_btc_daily,0.00000000,BTC,daily,OBM v0.1.0
2010-07-31,obm_spent_value_ge155d_btc_daily,1750.00000000,BTC,daily,OBM v0.1.0
2010-08-01,obm_spent_value_ge155d_btc_daily,1800.00000000,BTC,daily,OBM v0.1.0
2010-08-02,obm_spent_value_ge155d_btc_daily,0.00000000,BTC,daily,OBM v0.1.0
2010-08-03,obm_spent_value_ge155d_btc_daily,0.00000000,BTC,daily,OBM v0.1.0
2010-08-04,obm_spent_value_ge155d_btc_daily,2600.00000000,BTC,daily,OBM v0.1.0
2010-08-05,obm_spent_value_ge155d_btc_daily,0.00000000,BTC,daily,OBM v0.1.0
2010-08-06,obm_spent_value_ge155d_btc_daily,50.00000000,BTC,daily,OBM v0.1.0
2010-08-07,obm_spent_value_ge155d_btc_daily,3500.00000000,BTC,daily,OBM v0.1.0
2010-08-08,obm_spent_value_ge155d_btc_daily,1850.00000000,BTC,daily,OBM v0.1.0
2010-08-09,obm_spent_value_ge155d_btc_daily,750.00000000,BTC,daily,OBM v0.1.0
2010-08-10,obm_spent_value_ge155d_btc_daily,1800.26000000,BTC,daily,OBM v0.1.0
2010-08-11,obm_spent_value_ge155d_btc_daily,0.00000000,BTC,daily,OBM v0.1.0
2010-08-12,obm_spent_value_ge155d_btc_daily,0.00000000,BTC,daily,OBM v0.1.0
2010-08-13,obm_spent_value_ge155d_btc_daily,0.00000000,BTC,daily,OBM v0.1.0
2010-08-14,obm_spent_value_ge155d_btc_daily,0.00000000,BTC,daily,OBM v0.1.0
2010-08-15,obm_spent_value_ge155d_btc_daily,0.00000000,BTC,daily,OBM v0.1.0
2010-08-16,obm_spent_value_ge155d_btc_daily,0.00000000,BTC,daily,OBM v0.1.0
2010-08-17,obm_spent_value_ge155d_btc_daily,0.00000000,BTC,daily,OBM v0.1.0
2010-08-18,obm_spent_value_ge155d_btc_daily,800.00000000,BTC,daily,OBM v0.1.0
2010-08-19,obm_spent_value_ge155d_btc_daily,0.00000000,BTC,daily,OBM v0.1.0
2010-08-20,obm_spent_value_ge155d_btc_daily,0.00000000,BTC,daily,OBM v0.1.0
2010-08-21,obm_spent_value_ge155d_btc_daily,150.00000000,BTC,daily,OBM v0.1.0
2010-08-22,obm_spent_value_ge155d_btc_daily,0.00000000,BTC,daily,OBM v0.1.0
2010-08-23,obm_spent_value_ge155d_btc_daily,0.00000000,BTC,daily,OBM v0.1.0
2010-08-24,obm_spent_value_ge155d_btc_daily,0.00000000,BTC,daily,OBM v0.1.0
2010-08-25,obm_spent_value_ge155d_btc_daily,0.00000000,BTC,daily,OBM v0.1.0
2010-08-26,obm_spent_value_ge155d_btc_daily,0.00000000,BTC,daily,OBM v0.1.0
2010-08-27,obm_spent_value_ge155d_btc_daily,700.00000000,BTC,daily,OBM v0.1.0
2010-08-28,obm_spent_value_ge155d_btc_daily,0.00000000,BTC,daily,OBM v0.1.0
2010-08-29,obm_spent_value_ge155d_btc_daily,0.00000000,BTC,daily,OBM v0.1.0
2010-08-30,obm_spent_value_ge155d_btc_daily,0.00000000,BTC,daily,OBM v0.1.0
2010-08-31,obm_spent_value_ge155d_btc_daily,1850.00000000,BTC,daily,OBM v0.1.0
2010-09-01,obm_spent_value_ge155d_btc_daily,0.00000000,BTC,daily,OBM v0.1.0
2010-09-02,obm_spent_value_ge155d_btc_daily,0.00000000,BTC,daily,OBM v0.1.0
2010-09-03,obm_spent_value_ge155d_btc_daily,850.00000000,BTC,daily,OBM v0.1.0
2010-09-04,obm_spent_value_ge155d_btc_daily,0.00000000,BTC,daily,OBM v0.1.0
2010-09-05,obm_spent_value_ge155d_btc_daily,1250.44000000,BTC,daily,OBM v0.1.0
2010-09-06,obm_spent_value_ge155d_btc_daily,100.00000000,BTC,daily,OBM v0.1.0
2010-09-07,obm_spent_value_ge155d_btc_daily,0.00000000,BTC,daily,OBM v0.1.0
2010-09-08,obm_spent_value_ge155d_btc_daily,0.00000000,BTC,daily,OBM v0.1.0
2010-09-09,obm_spent_value_ge155d_btc_daily,0.00000000,BTC,daily,OBM v0.1.0
2010-09-10,obm_spent_value_ge155d_btc_daily,0.00000000,BTC,daily,OBM v0.1.0
2010-09-11,obm_spent_value_ge155d_btc_daily,0.00000000,BTC,daily,OBM v0.1.0
2010-09-12,obm_spent_value_ge155d_btc_daily,0.00000000,BTC,daily,OBM v0.1.0
2010-09-13,obm_spent_value_ge155d_btc_daily,0.00000000,BTC,daily,OBM v0.1.0
2010-09-14,obm_spent_value_ge155d_btc_daily,0.00000000,BTC,daily,OBM v0.1.0
2010-09-15,obm_spent_value_ge155d_btc_daily,50.00000000,BTC,daily,OBM v0.1.0
2010-09-16,obm_spent_value_ge155d_btc_daily,50.00000000,BTC,daily,OBM v0.1.0
2010-09-17,obm_spent_value_ge155d_btc_daily,24700.00000000,BTC,daily,OBM v0.1.0
2010-09-18,obm_spent_value_ge155d_btc_daily,0.00000000,BTC,daily,OBM v0.1.0
2010-09-19,obm_spent_value_ge155d_btc_daily,350.00000000,BTC,daily,OBM v0.1.0
2010-09-20,obm_spent_value_ge155d_btc_daily,0.00000000,BTC,daily,OBM v0.1.0
2010-09-21,obm_spent_value_ge155d_btc_daily,0.00000000,BTC,daily,OBM v0.1.0
2010-09-22,obm_spent_value_ge155d_btc_daily,750.00000000,BTC,daily,OBM v0.1.0
2010-09-23,obm_spent_value_ge155d_btc_daily,1.00000000,BTC,daily,OBM v0.1.0
2010-09-24,obm_spent_value_ge155d_btc_daily,0.00000000,BTC,daily,OBM v0.1.0
2010-09-25,obm_spent_value_ge155d_btc_daily,0.00000000,BTC,daily,OBM v0.1.0
2010-09-26,obm_spent_value_ge155d_btc_daily,0.00000000,BTC,daily,OBM v0.1.0
2010-09-27,obm_spent_value_ge155d_btc_daily,15200.00000000,BTC,daily,OBM v0.1.0
2010-09-28,obm_spent_value_ge155d_btc_daily,47165.12000000,BTC,daily,OBM v0.1.0
2010-09-29,obm_spent_value_ge155d_btc_daily,450.00000000,BTC,daily,OBM v0.1.0
2010-09-30,obm_spent_value_ge155d_btc_daily,0.00000000,BTC,daily,OBM v0.1.0
2010-10-01,obm_spent_value_ge155d_btc_daily,22500.00000000,BTC,daily,OBM v0.1.0
2010-10-02,obm_spent_value_ge155d_btc_daily,0.00000000,BTC,daily,OBM v0.1.0
2010-10-03,obm_spent_value_ge155d_btc_daily,0.00000000,BTC,daily,OBM v0.1.0
2010-10-04,obm_spent_value_ge155d_btc_daily,2139.41000000,BTC,daily,OBM v0.1.0
2010-10-05,obm_spent_value_ge155d_btc_daily,23246.49000000,BTC,daily,OBM v0.1.0
2010-10-06,obm_spent_value_ge155d_btc_daily,0.00000000,BTC,daily,OBM v0.1.0
2010-10-07,obm_spent_value_ge155d_btc_daily,1050.00000000,BTC,daily,OBM v0.1.0
2010-10-08,obm_spent_value_ge155d_btc_daily,5700.00000000,BTC,daily,OBM v0.1.0
2010-10-09,obm_spent_value_ge155d_btc_daily,1050.00000000,BTC,daily,OBM v0.1.0
2010-10-10,obm_spent_value_ge155d_btc_daily,0.00000000,BTC,daily,OBM v0.1.0
2010-10-11,obm_spent_value_ge155d_btc_daily,100.00000000,BTC,daily,OBM v0.1.0
2010-10-12,obm_spent_value_ge155d_btc_daily,1000.00000000,BTC,daily,OBM v0.1.0
2010-10-13,obm_spent_value_ge155d_btc_daily,15000.00000000,BTC,daily,OBM v0.1.0
2010-10-14,obm_spent_value_ge155d_btc_daily,1800.00000000,BTC,daily,OBM v0.1.0
2010-10-15,obm_spent_value_ge155d_btc_daily,3250.00000000,BTC,daily,OBM v0.1.0
2010-10-16,obm_spent_value_ge155d_btc_daily,14900.00000000,BTC,daily,OBM v0.1.0
2010-10-17,obm_spent_value_ge155d_btc_daily,625.00000000,BTC,daily,OBM v0.1.0
2010-10-18,obm_spent_value_ge155d_btc_daily,0.00000000,BTC,daily,OBM v0.1.0
2010-10-19,obm_spent_value_ge155d_btc_daily,0.00000000,BTC,daily,OBM v0.1.0
2010-10-20,obm_spent_value_ge155d_btc_daily,0.00000000,BTC,daily,OBM v0.1.0
2010-10-21,obm_spent_value_ge155d_btc_daily,50.00000000,BTC,daily,OBM v0.1.0
2010-10-22,obm_spent_value_ge155d_btc_daily,0.00000000,BTC,daily,OBM v0.1.0
2010-10-23,obm_spent_value_ge155d_btc_daily,0.00000000,BTC,daily,OBM v0.1.0
2010-10-24,obm_spent_value_ge155d_btc_daily,450.00000000,BTC,daily,OBM v0.1.0
2010-10-25,obm_spent_value_ge155d_btc_daily,0.00000000,BTC,daily,OBM v0.1.0
2010-10-26,obm_spent_value_ge155d_btc_daily,0.00000000,BTC,daily,OBM v0.1.0
2010-10-27,obm_spent_value_ge155d_btc_daily,1500.00000000,BTC,daily,OBM v0.1.0
2010-10-28,obm_spent_value_ge155d_btc_daily,6000.00000000,BTC,daily,OBM v0.1.0
2010-10-29,obm_spent_value_ge155d_btc_daily,507.05000000,BTC,daily,OBM v0.1.0
2010-10-30,obm_spent_value_ge155d_btc_daily,0.00000000,BTC,daily,OBM v0.1.0
2010-10-31,obm_spent_value_ge155d_btc_daily,100.00000000,BTC,daily,OBM v0.1.0
2010-11-01,obm_spent_value_ge155d_btc_daily,1857.20000000,BTC,daily,OBM v0.1.0
2010-11-02,obm_spent_value_ge155d_btc_daily,0.00000000,BTC,daily,OBM v0.1.0
2010-11-03,obm_spent_value_ge155d_btc_daily,0.00000000,BTC,daily,OBM v0.1.0
2010-11-04,obm_spent_value_ge155d_btc_daily,0.00000000,BTC,daily,OBM v0.1.0
2010-11-05,obm_spent_value_ge155d_btc_daily,3950.00000000,BTC,daily,OBM v0.1.0
2010-11-06,obm_spent_value_ge155d_btc_daily,0.00000000,BTC,daily,OBM v0.1.0
2010-11-07,obm_spent_value_ge155d_btc_daily,50.00000000,BTC,daily,OBM v0.1.0
2010-11-08,obm_spent_value_ge155d_btc_daily,70.00000000,BTC,daily,OBM v0.1.0
2010-11-09,obm_spent_value_ge155d_btc_daily,1350.00000000,BTC,daily,OBM v0.1.0
2010-11-10,obm_spent_value_ge155d_btc_daily,0.00000000,BTC,daily,OBM v0.1.0
2010-11-11,obm_spent_value_ge155d_btc_daily,150.00000000,BTC,daily,OBM v0.1.0
2010-11-12,obm_spent_value_ge155d_btc_daily,100.00000000,BTC,daily,OBM v0.1.0
2010-11-13,obm_spent_value_ge155d_btc_daily,0.00000000,BTC,daily,OBM v0.1.0
2010-11-14,obm_spent_value_ge155d_btc_daily,2800.00000000,BTC,daily,OBM v0.1.0
2010-11-15,obm_spent_value_ge155d_btc_daily,31935.33000000,BTC,daily,OBM v0.1.0
2010-11-16,obm_spent_value_ge155d_btc_daily,167.00000000,BTC,daily,OBM v0.1.0
2010-11-17,obm_spent_value_ge155d_btc_daily,0.00000000,BTC,daily,OBM v0.1.0
2010-11-18,obm_spent_value_ge155d_btc_daily,0.00000000,BTC,daily,OBM v0.1.0
2010-11-19,obm_spent_value_ge155d_btc_daily,100.00000000,BTC,daily,OBM v0.1.0
2010-11-20,obm_spent_value_ge155d_btc_daily,49.99000000,BTC,daily,OBM v0.1.0
2010-11-21,obm_spent_value_ge155d_btc_daily,100.00000000,BTC,daily,OBM v0.1.0
2010-11-22,obm_spent_value_ge155d_btc_daily,0.00000000,BTC,daily,OBM v0.1.0
2010-11-23,obm_spent_value_ge155d_btc_daily,2650.00000000,BTC,daily,OBM v0.1.0
2010-11-24,obm_spent_value_ge155d_btc_daily,3055.00000000,BTC,daily,OBM v0.1.0
2010-11-25,obm_spent_value_ge155d_btc_daily,2705.00000000,BTC,daily,OBM v0.1.0
2010-11-26,obm_spent_value_ge155d_btc_daily,150.00000000,BTC,daily,OBM v0.1.0
2010-11-27,obm_spent_value_ge155d_btc_daily,700.00000000,BTC,daily,OBM v0.1.0
2010-11-28,obm_spent_value_ge155d_btc_daily,0.00000000,BTC,daily,OBM v0.1.0
2010-11-29,obm_spent_value_ge155d_btc_daily,0.00000000,BTC,daily,OBM v0.1.0
2010-11-30,obm_spent_value_ge155d_btc_daily,1200.00000000,BTC,daily,OBM v0.1.0
2010-12-01,obm_spent_value_ge155d_btc_daily,399.97000000,BTC,daily,OBM v0.1.0
2010-12-02,obm_spent_value_ge155d_btc_daily,3950.00000000,BTC,daily,OBM v0.1.0
2010-12-03,obm_spent_value_ge155d_btc_daily,0.00000000,BTC,daily,OBM v0.1.0
2010-12-04,obm_spent_value_ge155d_btc_daily,750.00000000,BTC,daily,OBM v0.1.0
2010-12-05,obm_spent_value_ge155d_btc_daily,0.00000000,BTC,daily,OBM v0.1.0
2010-12-06,obm_spent_value_ge155d_btc_daily,0.00000000,BTC,daily,OBM v0.1.0
2010-12-07,obm_spent_value_ge155d_btc_daily,5250.00000000,BTC,daily,OBM v0.1.0
2010-12-08,obm_spent_value_ge155d_btc_daily,50.00000000,BTC,daily,OBM v0.1.0
2010-12-09,obm_spent_value_ge155d_btc_daily,404.00000000,BTC,daily,OBM v0.1.0
2010-12-10,obm_spent_value_ge155d_btc_daily,801.66000000,BTC,daily,OBM v0.1.0
2010-12-11,obm_spent_value_ge155d_btc_daily,1.00000000,BTC,daily,OBM v0.1.0
2010-12-12,obm_spent_value_ge155d_btc_daily,100.00000000,BTC,daily,OBM v0.1.0
2010-12-13,obm_spent_value_ge155d_btc_daily,350.00000000,BTC,daily,OBM v0.1.0
2010-12-14,obm_spent_value_ge155d_btc_daily,5.00000000,BTC,daily,OBM v0.1.0
2010-12-15,obm_spent_value_ge155d_btc_daily,60.00000000,BTC,daily,OBM v0.1.0
2010-12-16,obm_spent_value_ge155d_btc_daily,50.00000000,BTC,daily,OBM v0.1.0
2010-12-17,obm_spent_value_ge155d_btc_daily,0.00000000,BTC,daily,OBM v0.1.0
2010-12-18,obm_spent_value_ge155d_btc_daily,50.00000000,BTC,daily,OBM v0.1.0
2010-12-19,obm_spent_value_ge155d_btc_daily,0.00000000,BTC,daily,OBM v0.1.0
2010-12-20,obm_spent_value_ge155d_btc_daily,10500.00000000,BTC,daily,OBM v0.1.0
2010-12-21,obm_spent_value_ge155d_btc_daily,25180.00000000,BTC,daily,OBM v0.1.0
2010-12-22,obm_spent_value_ge155d_btc_daily,50.10000000,BTC,daily,OBM v0.1.0
2010-12-23,obm_spent_value_ge155d_btc_daily,10.10000000,BTC,daily,OBM v0.1.0
2010-12-24,obm_spent_value_ge155d_btc_daily,0.00000000,BTC,daily,OBM v0.1.0
2010-12-25,obm_spent_value_ge155d_btc_daily,1100.00000000,BTC,daily,OBM v0.1.0
2010-12-26,obm_spent_value_ge155d_btc_daily,700.00000000,BTC,daily,OBM v0.1.0
2010-12-27,obm_spent_value_ge155d_btc_daily,905.00000000,BTC,daily,OBM v0.1.0
2010-12-28,obm_spent_value_ge155d_btc_daily,0.00000000,BTC,daily,OBM v0.1.0
2010-12-29,obm_spent_value_ge155d_btc_daily,100.02000000,BTC,daily,OBM v0.1.0
2010-12-30,obm_spent_value_ge155d_btc_daily,0.05000000,BTC,daily,OBM v0.1.0
2010-12-31,obm_spent_value_ge155d_btc_daily,0.00000000,BTC,daily,OBM v0.1.0
2011-01-01,obm_spent_value_ge155d_btc_daily,31.02000000,BTC,daily,OBM v0.1.0
2011-01-02,obm_spent_value_ge155d_btc_daily,1350.05000000,BTC,daily,OBM v0.1.0
2011-01-03,obm_spent_value_ge155d_btc_daily,228.18000000,BTC,daily,OBM v0.1.0
2011-01-04,obm_spent_value_ge155d_btc_daily,50.01000000,BTC,daily,OBM v0.1.0
2011-01-05,obm_spent_value_ge155d_btc_daily,611.55000000,BTC,daily,OBM v0.1.0
2011-01-06,obm_spent_value_ge155d_btc_daily,1500.00000000,BTC,daily,OBM v0.1.0
2011-01-07,obm_spent_value_ge155d_btc_daily,655.00000000,BTC,daily,OBM v0.1.0
2011-01-08,obm_spent_value_ge155d_btc_daily,1550.00000000,BTC,daily,OBM v0.1.0
2011-01-09,obm_spent_value_ge155d_btc_daily,301.00000000,BTC,daily,OBM v0.1.0
2011-01-10,obm_spent_value_ge155d_btc_daily,34.02000000,BTC,daily,OBM v0.1.0
2011-01-11,obm_spent_value_ge155d_btc_daily,23850.00000000,BTC,daily,OBM v0.1.0
2011-01-12,obm_spent_value_ge155d_btc_daily,150.00000000,BTC,daily,OBM v0.1.0
2011-01-13,obm_spent_value_ge155d_btc_daily,355.48000000,BTC,daily,OBM v0.1.0
2011-01-14,obm_spent_value_ge155d_btc_daily,2460.00000000,BTC,daily,OBM v0.1.0
2011-01-15,obm_spent_value_ge155d_btc_daily,0.00000000,BTC,daily,OBM v0.1.0
2011-01-16,obm_spent_value_ge155d_btc_daily,7841.27000000,BTC,daily,OBM v0.1.0
2011-01-17,obm_spent_value_ge155d_btc_daily,200.00000000,BTC,daily,OBM v0.1.0
2011-01-18,obm_spent_value_ge155d_btc_daily,50.00000000,BTC,daily,OBM v0.1.0
2011-01-19,obm_spent_value_ge155d_btc_daily,7650.00000000,BTC,daily,OBM v0.1.0
2011-01-20,obm_spent_value_ge155d_btc_daily,0.00000000,BTC,daily,OBM v0.1.0
2011-01-21,obm_spent_value_ge155d_btc_daily,0.00000000,BTC,daily,OBM v0.1.0
2011-01-22,obm_spent_value_ge155d_btc_daily,130.83000000,BTC,daily,OBM v0.1.0
2011-01-23,obm_spent_value_ge155d_btc_daily,572.72000000,BTC,daily,OBM v0.1.0
2011-01-24,obm_spent_value_ge155d_btc_daily,2000.00000000,BTC,daily,OBM v0.1.0
2011-01-25,obm_spent_value_ge155d_btc_daily,0.00000000,BTC,daily,OBM v0.1.0
2011-01-26,obm_spent_value_ge155d_btc_daily,9500.00000000,BTC,daily,OBM v0.1.0
2011-01-27,obm_spent_value_ge155d_btc_daily,745.04000000,BTC,daily,OBM v0.1.0
2011-01-28,obm_spent_value_ge155d_btc_daily,6255.18000000,BTC,daily,OBM v0.1.0
2011-01-29,obm_spent_value_ge155d_btc_daily,10306.44000000,BTC,daily,OBM v0.1.0
2011-01-30,obm_spent_value_ge155d_btc_daily,50.00000000,BTC,daily,OBM v0.1.0
2011-01-31,obm_spent_value_ge155d_btc_daily,50.00000000,BTC,daily,OBM v0.1.0
2011-02-01,obm_spent_value_ge155d_btc_daily,1011.10000000,BTC,daily,OBM v0.1.0
2011-02-02,obm_spent_value_ge155d_btc_daily,1105.22000000,BTC,daily,OBM v0.1.0
2011-02-03,obm_spent_value_ge155d_btc_daily,200.15000000,BTC,daily,OBM v0.1.0
2011-02-04,obm_spent_value_ge155d_btc_daily,1402.11000000,BTC,daily,OBM v0.1.0
2011-02-05,obm_spent_value_ge155d_btc_daily,347.55000000,BTC,daily,OBM v0.1.0
2011-02-06,obm_spent_value_ge155d_btc_daily,250.00000000,BTC,daily,OBM v0.1.0
2011-02-07,obm_spent_value_ge155d_btc_daily,2085.00000000,BTC,daily,OBM v0.1.0
2011-02-08,obm_spent_value_ge155d_btc_daily,7.01000000,BTC,daily,OBM v0.1.0
2011-02-09,obm_spent_value_ge155d_btc_daily,858.73000000,BTC,daily,OBM v0.1.0
2011-02-10,obm_spent_value_ge155d_btc_daily,2609.01000000,BTC,daily,OBM v0.1.0
2011-02-11,obm_spent_value_ge155d_btc_daily,9215.11000000,BTC,daily,OBM v0.1.0
2011-02-12,obm_spent_value_ge155d_btc_daily,1214.13000000,BTC,daily,OBM v0.1.0
2011-02-13,obm_spent_value_ge155d_btc_daily,1055.90000000,BTC,daily,OBM v0.1.0
2011-02-14,obm_spent_value_ge155d_btc_daily,25712.14000000,BTC,daily,OBM v0.1.0
2011-02-15,obm_spent_value_ge155d_btc_daily,1541.47000000,BTC,daily,OBM v0.1.0
2011-02-16,obm_spent_value_ge155d_btc_daily,1265.16000000,BTC,daily,OBM v0.1.0
2011-02-17,obm_spent_value_ge155d_btc_daily,312.57000000,BTC,daily,OBM v0.1.0
2011-02-18,obm_spent_value_ge155d_btc_daily,2265.07000000,BTC,daily,OBM v0.1.0
2011-02-19,obm_spent_value_ge155d_btc_daily,1690.01000000,BTC,daily,OBM v0.1.0
2011-02-20,obm_spent_value_ge155d_btc_daily,112.33000000,BTC,daily,OBM v0.1.0
2011-02-21,obm_spent_value_ge155d_btc_daily,1575.00000000,BTC,daily,OBM v0.1.0
2011-02-22,obm_spent_value_ge155d_btc_daily,308.05000000,BTC,daily,OBM v0.1.0
2011-02-23,obm_spent_value_ge155d_btc_daily,880.00000000,BTC,daily,OBM v0.1.0
2011-02-24,obm_spent_value_ge155d_btc_daily,2255.50000000,BTC,daily,OBM v0.1.0
2011-02-25,obm_spent_value_ge155d_btc_daily,1440.06000000,BTC,daily,OBM v0.1.0
2011-02-26,obm_spent_value_ge155d_btc_daily,13100.00000000,BTC,daily,OBM v0.1.0
2011-02-27,obm_spent_value_ge155d_btc_daily,1360.21000000,BTC,daily,OBM v0.1.0
2011-02-28,obm_spent_value_ge155d_btc_daily,266.98000000,BTC,daily,OBM v0.1.0
2011-03-01,obm_spent_value_ge155d_btc_daily,3322.64000000,BTC,daily,OBM v0.1.0
2011-03-02,obm_spent_value_ge155d_btc_daily,992.40000000,BTC,daily,OBM v0.1.0
2011-03-03,obm_spent_value_ge155d_btc_daily,200.00000000,BTC,daily,OBM v0.1.0
2011-03-04,obm_spent_value_ge155d_btc_daily,750.12000000,BTC,daily,OBM v0.1.0
2011-03-05,obm_spent_value_ge155d_btc_daily,4855.03000000,BTC,daily,OBM v0.1.0
2011-03-06,obm_spent_value_ge155d_btc_daily,250.66000000,BTC,daily,OBM v0.1.0
2011-03-07,obm_spent_value_ge155d_btc_daily,105.00000000,BTC,daily,OBM v0.1.0
2011-03-08,obm_spent_value_ge155d_btc_daily,255.00000000,BTC,daily,OBM v0.1.0
2011-03-09,obm_spent_value_ge155d_btc_daily,156.77000000,BTC,daily,OBM v0.1.0
2011-03-10,obm_spent_value_ge155d_btc_daily,547.00000000,BTC,daily,OBM v0.1.0
2011-03-11,obm_spent_value_ge155d_btc_daily,1302.00000000,BTC,daily,OBM v0.1.0
2011-03-12,obm_spent_value_ge155d_btc_daily,50.01000000,BTC,daily,OBM v0.1.0
2011-03-13,obm_spent_value_ge155d_btc_daily,290.05000000,BTC,daily,OBM v0.1.0
2011-03-14,obm_spent_value_ge155d_btc_daily,0.05000000,BTC,daily,OBM v0.1.0
2011-03-15,obm_spent_value_ge155d_btc_daily,1188.00000000,BTC,daily,OBM v0.1.0
2011-03-16,obm_spent_value_ge155d_btc_daily,10183.35000000,BTC,daily,OBM v0.1.0
2011-03-17,obm_spent_value_ge155d_btc_daily,1656.00000000,BTC,daily,OBM v0.1.0
2011-03-18,obm_spent_value_ge155d_btc_daily,100.02000000,BTC,daily,OBM v0.1.0
2011-03-19,obm_spent_value_ge155d_btc_daily,353.49000000,BTC,daily,OBM v0.1.0
2011-03-20,obm_spent_value_ge155d_btc_daily,0.00000000,BTC,daily,OBM v0.1.0
2011-03-21,obm_spent_value_ge155d_btc_daily,1075.06000000,BTC,daily,OBM v0.1.0
2011-03-22,obm_spent_value_ge155d_btc_daily,750.00000000,BTC,daily,OBM v0.1.0
2011-03-23,obm_spent_value_ge155d_btc_daily,976.54960412,BTC,daily,OBM v0.1.0
2011-03-24,obm_spent_value_ge155d_btc_daily,16691.62000000,BTC,daily,OBM v0.1.0
2011-03-25,obm_spent_value_ge155d_btc_daily,513.00000000,BTC,daily,OBM v0.1.0
2011-03-26,obm_spent_value_ge155d_btc_daily,6110.01000000,BTC,daily,OBM v0.1.0
2011-03-27,obm_spent_value_ge155d_btc_daily,4828.29000000,BTC,daily,OBM v0.1.0
2011-03-28,obm_spent_value_ge155d_btc_daily,1529.05000000,BTC,daily,OBM v0.1.0
2011-03-29,obm_spent_value_ge155d_btc_daily,599.03000000,BTC,daily,OBM v0.1.0
2011-03-30,obm_spent_value_ge155d_btc_daily,657.14000000,BTC,daily,OBM v0.1.0
2011-03-31,obm_spent_value_ge155d_btc_daily,351.00000000,BTC,daily,OBM v0.1.0
2011-04-01,obm_spent_value_ge155d_btc_daily,399.99000000,BTC,daily,OBM v0.1.0
2011-04-02,obm_spent_value_ge155d_btc_daily,0.00000000,BTC,daily,OBM v0.1.0
2011-04-03,obm_spent_value_ge155d_btc_daily,350.57000000,BTC,daily,OBM v0.1.0
2011-04-04,obm_spent_value_ge155d_btc_daily,13355.52000040,BTC,daily,OBM v0.1.0
2011-04-05,obm_spent_value_ge155d_btc_daily,1955.00000000,BTC,daily,OBM v0.1.0
2011-04-06,obm_spent_value_ge155d_btc_daily,1655.01000000,BTC,daily,OBM v0.1.0
2011-04-07,obm_spent_value_ge155d_btc_daily,851.50000000,BTC,daily,OBM v0.1.0
2011-04-08,obm_spent_value_ge155d_btc_daily,955.00000000,BTC,daily,OBM v0.1.0
2011-04-09,obm_spent_value_ge155d_btc_daily,300.88000000,BTC,daily,OBM v0.1.0
2011-04-10,obm_spent_value_ge155d_btc_daily,96.96000000,BTC,daily,OBM v0.1.0
2011-04-11,obm_spent_value_ge155d_btc_daily,382.96000000,BTC,daily,OBM v0.1.0
2011-04-12,obm_spent_value_ge155d_btc_daily,2124.22000000,BTC,daily,OBM v0.1.0
2011-04-13,obm_spent_value_ge155d_btc_daily,1632.35000000,BTC,daily,OBM v0.1.0
2011-04-14,obm_spent_value_ge155d_btc_daily,1600.09000000,BTC,daily,OBM v0.1.0
2011-04-15,obm_spent_value_ge155d_btc_daily,5860.87000000,BTC,daily,OBM v0.1.0
2011-04-16,obm_spent_value_ge155d_btc_daily,10624.55000000,BTC,daily,OBM v0.1.0
2011-04-17,obm_spent_value_ge155d_btc_daily,177.54000000,BTC,daily,OBM v0.1.0
2011-04-18,obm_spent_value_ge155d_btc_daily,2606.30000000,BTC,daily,OBM v0.1.0
2011-04-19,obm_spent_value_ge155d_btc_daily,1448.10000000,BTC,daily,OBM v0.1.0
2011-04-20,obm_spent_value_ge155d_btc_daily,3180.63000000,BTC,daily,OBM v0.1.0
2011-04-21,obm_spent_value_ge155d_btc_daily,11.55000000,BTC,daily,OBM v0.1.0
2011-04-22,obm_spent_value_ge155d_btc_daily,1554.80000000,BTC,daily,OBM v0.1.0
2011-04-23,obm_spent_value_ge155d_btc_daily,7249.96000000,BTC,daily,OBM v0.1.0
2011-04-24,obm_spent_value_ge155d_btc_daily,1340.11000000,BTC,daily,OBM v0.1.0
2011-04-25,obm_spent_value_ge155d_btc_daily,5025.02000000,BTC,daily,OBM v0.1.0
2011-04-26,obm_spent_value_ge155d_btc_daily,4697.66000000,BTC,daily,OBM v0.1.0
2011-04-27,obm_spent_value_ge155d_btc_daily,4361.45000000,BTC,daily,OBM v0.1.0
2011-04-28,obm_spent_value_ge155d_btc_daily,6213.60000000,BTC,daily,OBM v0.1.0
2011-04-29,obm_spent_value_ge155d_btc_daily,6430.99000000,BTC,daily,OBM v0.1.0
2011-04-30,obm_spent_value_ge155d_btc_daily,4596.05000000,BTC,daily,OBM v0.1.0
2011-05-01,obm_spent_value_ge155d_btc_daily,5119.57000000,BTC,daily,OBM v0.1.0
2011-05-02,obm_spent_value_ge155d_btc_daily,6857.63000000,BTC,daily,OBM v0.1.0
2011-05-03,obm_spent_value_ge155d_btc_daily,8664.56000000,BTC,daily,OBM v0.1.0
2011-05-04,obm_spent_value_ge155d_btc_daily,9544.79000000,BTC,daily,OBM v0.1.0
2011-05-05,obm_spent_value_ge155d_btc_daily,2446.10000000,BTC,daily,OBM v0.1.0
2011-05-06,obm_spent_value_ge155d_btc_daily,1938.27000000,BTC,daily,OBM v0.1.0
2011-05-07,obm_spent_value_ge155d_btc_daily,3770.08000000,BTC,daily,OBM v0.1.0
2011-05-08,obm_spent_value_ge155d_btc_daily,3034.51000000,BTC,daily,OBM v0.1.0
2011-05-09,obm_spent_value_ge155d_btc_daily,5214.75000000,BTC,daily,OBM v0.1.0
2011-05-10,obm_spent_value_ge155d_btc_daily,7852.30000000,BTC,daily,OBM v0.1.0
2011-05-11,obm_spent_value_ge155d_btc_daily,11254.05000000,BTC,daily,OBM v0.1.0
2011-05-12,obm_spent_value_ge155d_btc_daily,46755.40000000,BTC,daily,OBM v0.1.0
2011-05-13,obm_spent_value_ge155d_btc_daily,16568.18000000,BTC,daily,OBM v0.1.0
2011-05-14,obm_spent_value_ge155d_btc_daily,6691.60000000,BTC,daily,OBM v0.1.0
2011-05-15,obm_spent_value_ge155d_btc_daily,1699.87000000,BTC,daily,OBM v0.1.0
2011-05-16,obm_spent_value_ge155d_btc_daily,44857.10000000,BTC,daily,OBM v0.1.0
2011-05-17,obm_spent_value_ge155d_btc_daily,2407.56000000,BTC,daily,OBM v0.1.0
2011-05-18,obm_spent_value_ge155d_btc_daily,4293.64147327,BTC,daily,OBM v0.1.0
2011-05-19,obm_spent_value_ge155d_btc_daily,10232.92000000,BTC,daily,OBM v0.1.0
2011-05-20,obm_spent_value_ge155d_btc_daily,6453.46000000,BTC,daily,OBM v0.1.0
2011-05-21,obm_spent_value_ge155d_btc_daily,4451.30000000,BTC,daily,OBM v0.1.0
2011-05-22,obm_spent_value_ge155d_btc_daily,1805.44000000,BTC,daily,OBM v0.1.0
2011-05-23,obm_spent_value_ge155d_btc_daily,3514.31000000,BTC,daily,OBM v0.1.0
2011-05-24,obm_spent_value_ge155d_btc_daily,10825.39000000,BTC,daily,OBM v0.1.0
2011-05-25,obm_spent_value_ge155d_btc_daily,7905.73219796,BTC,daily,OBM v0.1.0
2011-05-26,obm_spent_value_ge155d_btc_daily,4394.10000000,BTC,daily,OBM v0.1.0
2011-05-27,obm_spent_value_ge155d_btc_daily,3315.70380284,BTC,daily,OBM v0.1.0
2011-05-28,obm_spent_value_ge155d_btc_daily,3049.60000000,BTC,daily,OBM v0.1.0
2011-05-29,obm_spent_value_ge155d_btc_daily,1629.90000000,BTC,daily,OBM v0.1.0
2011-05-30,obm_spent_value_ge155d_btc_daily,8027.84000000,BTC,daily,OBM v0.1.0
2011-05-31,obm_spent_value_ge155d_btc_daily,2844.86004383,BTC,daily,OBM v0.1.0
2011-06-01,obm_spent_value_ge155d_btc_daily,3483.56000000,BTC,daily,OBM v0.1.0
2011-06-02,obm_spent_value_ge155d_btc_daily,18695.95000000,BTC,daily,OBM v0.1.0
2011-06-03,obm_spent_value_ge155d_btc_daily,39484.85190056,BTC,daily,OBM v0.1.0
2011-06-04,obm_spent_value_ge155d_btc_daily,5353.08550681,BTC,daily,OBM v0.1.0
2011-06-05,obm_spent_value_ge155d_btc_daily,27534.41000000,BTC,daily,OBM v0.1.0
2011-06-06,obm_spent_value_ge155d_btc_daily,5931.30000000,BTC,daily,OBM v0.1.0
2011-06-07,obm_spent_value_ge155d_btc_daily,6838.85000000,BTC,daily,OBM v0.1.0
2011-06-08,obm_spent_value_ge155d_btc_daily,59184.49000000,BTC,daily,OBM v0.1.0
2011-06-09,obm_spent_value_ge155d_btc_daily,21361.77075517,BTC,daily,OBM v0.1.0
2011-06-10,obm_spent_value_ge155d_btc_daily,18820.84280390,BTC,daily,OBM v0.1.0
2011-06-11,obm_spent_value_ge155d_btc_daily,35980.43137738,BTC,daily,OBM v0.1.0
2011-06-12,obm_spent_value_ge155d_btc_daily,10615.36717941,BTC,daily,OBM v0.1.0
2011-06-13,obm_spent_value_ge155d_btc_daily,32919.93000000,BTC,daily,OBM v0.1.0
2011-06-14,obm_spent_value_ge155d_btc_daily,73190.23000000,BTC,daily,OBM v0.1.0
2011-06-15,obm_spent_value_ge155d_btc_daily,84312.38000000,BTC,daily,OBM v0.1.0
2011-06-16,obm_spent_value_ge155d_btc_daily,42359.15000000,BTC,daily,OBM v0.1.0
2011-06-17,obm_spent_value_ge155d_btc_daily,8745.70096508,BTC,daily,OBM v0.1.0
2011-06-18,obm_spent_value_ge155d_btc_daily,2144.07000000,BTC,daily,OBM v0.1.0
2011-06-19,obm_spent_value_ge155d_btc_daily,16316.35496468,BTC,daily,OBM v0.1.0
2011-06-20,obm_spent_value_ge155d_btc_daily,6137.08000000,BTC,daily,OBM v0.1.0
2011-06-21,obm_spent_value_ge155d_btc_daily,1382.41061938,BTC,daily,OBM v0.1.0
2011-06-22,obm_spent_value_ge155d_btc_daily,551.32000000,BTC,daily,OBM v0.1.0
2011-06-23,obm_spent_value_ge155d_btc_daily,1240.37000000,BTC,daily,OBM v0.1.0
2011-06-24,obm_spent_value_ge155d_btc_daily,3936.56944146,BTC,daily,OBM v0.1.0
2011-06-25,obm_spent_value_ge155d_btc_daily,900.70492010,BTC,daily,OBM v0.1.0
2011-06-26,obm_spent_value_ge155d_btc_daily,21110.03000000,BTC,daily,OBM v0.1.0
2011-06-27,obm_spent_value_ge155d_btc_daily,30455.21000000,BTC,daily,OBM v0.1.0
2011-06-28,obm_spent_value_ge155d_btc_daily,8161.90515021,BTC,daily,OBM v0.1.0
2011-06-29,obm_spent_value_ge155d_btc_daily,5725.89000000,BTC,daily,OBM v0.1.0
2011-06-30,obm_spent_value_ge155d_btc_daily,1213.44000000,BTC,daily,OBM v0.1.0
2011-07-01,obm_spent_value_ge155d_btc_daily,2708.14000000,BTC,daily,OBM v0.1.0
2011-07-02,obm_spent_value_ge155d_btc_daily,445.16000000,BTC,daily,OBM v0.1.0
2011-07-03,obm_spent_value_ge155d_btc_daily,1713.63498291,BTC,daily,OBM v0.1.0
2011-07-04,obm_spent_value_ge155d_btc_daily,1362.93000000,BTC,daily,OBM v0.1.0
2011-07-05,obm_spent_value_ge155d_btc_daily,8202.72000000,BTC,daily,OBM v0.1.0
2011-07-06,obm_spent_value_ge155d_btc_daily,1218.16000000,BTC,daily,OBM v0.1.0
2011-07-07,obm_spent_value_ge155d_btc_daily,3615.50000000,BTC,daily,OBM v0.1.0
2011-07-08,obm_spent_value_ge155d_btc_daily,1885.05000000,BTC,daily,OBM v0.1.0
2011-07-09,obm_spent_value_ge155d_btc_daily,359.15000000,BTC,daily,OBM v0.1.0
2011-07-10,obm_spent_value_ge155d_btc_daily,14320.62000000,BTC,daily,OBM v0.1.0
2011-07-11,obm_spent_value_ge155d_btc_daily,5085.72000000,BTC,daily,OBM v0.1.0
2011-07-12,obm_spent_value_ge155d_btc_daily,1909.02000000,BTC,daily,OBM v0.1.0
2011-07-13,obm_spent_value_ge155d_btc_daily,83.15000000,BTC,daily,OBM v0.1.0
2011-07-14,obm_spent_value_ge155d_btc_daily,1522.93000000,BTC,daily,OBM v0.1.0
2011-07-15,obm_spent_value_ge155d_btc_daily,1775.05000000,BTC,daily,OBM v0.1.0
2011-07-16,obm_spent_value_ge155d_btc_daily,440.54000000,BTC,daily,OBM v0.1.0
2011-07-17,obm_spent_value_ge155d_btc_daily,1212.46000000,BTC,daily,OBM v0.1.0
2011-07-18,obm_spent_value_ge155d_btc_daily,2884.38000000,BTC,daily,OBM v0.1.0
2011-07-19,obm_spent_value_ge155d_btc_daily,3072.13000000,BTC,daily,OBM v0.1.0
2011-07-20,obm_spent_value_ge155d_btc_daily,1266.11000000,BTC,daily,OBM v0.1.0
2011-07-21,obm_spent_value_ge155d_btc_daily,273.09000000,BTC,daily,OBM v0.1.0
2011-07-22,obm_spent_value_ge155d_btc_daily,189.70000000,BTC,daily,OBM v0.1.0
2011-07-23,obm_spent_value_ge155d_btc_daily,260.09000000,BTC,daily,OBM v0.1.0
2011-07-24,obm_spent_value_ge155d_btc_daily,2632.46000000,BTC,daily,OBM v0.1.0
2011-07-25,obm_spent_value_ge155d_btc_daily,765.33000000,BTC,daily,OBM v0.1.0
2011-07-26,obm_spent_value_ge155d_btc_daily,1055.59000000,BTC,daily,OBM v0.1.0
2011-07-27,obm_spent_value_ge155d_btc_daily,1765.65000000,BTC,daily,OBM v0.1.0
2011-07-28,obm_spent_value_ge155d_btc_daily,1369.71000000,BTC,daily,OBM v0.1.0
2011-07-29,obm_spent_value_ge155d_btc_daily,1766.57000000,BTC,daily,OBM v0.1.0
2011-07-30,obm_spent_value_ge155d_btc_daily,2049.65000000,BTC,daily,OBM v0.1.0
2011-07-31,obm_spent_value_ge155d_btc_daily,93.34000000,BTC,daily,OBM v0.1.0
2011-08-01,obm_spent_value_ge155d_btc_daily,1691.87000000,BTC,daily,OBM v0.1.0
2011-08-02,obm_spent_value_ge155d_btc_daily,2126.20081716,BTC,daily,OBM v0.1.0
2011-08-03,obm_spent_value_ge155d_btc_daily,896.80000000,BTC,daily,OBM v0.1.0
2011-08-04,obm_spent_value_ge155d_btc_daily,6336.26000000,BTC,daily,OBM v0.1.0
2011-08-05,obm_spent_value_ge155d_btc_daily,2834.72000000,BTC,daily,OBM v0.1.0
2011-08-06,obm_spent_value_ge155d_btc_daily,3161.17000000,BTC,daily,OBM v0.1.0
2011-08-07,obm_spent_value_ge155d_btc_daily,185.52000000,BTC,daily,OBM v0.1.0
2011-08-08,obm_spent_value_ge155d_btc_daily,625.27000000,BTC,daily,OBM v0.1.0
2011-08-09,obm_spent_value_ge155d_btc_daily,359.32000000,BTC,daily,OBM v0.1.0
2011-08-10,obm_spent_value_ge155d_btc_daily,150.05000000,BTC,daily,OBM v0.1.0
2011-08-11,obm_spent_value_ge155d_btc_daily,804.73000000,BTC,daily,OBM v0.1.0
2011-08-12,obm_spent_value_ge155d_btc_daily,102.05884469,BTC,daily,OBM v0.1.0
2011-08-13,obm_spent_value_ge155d_btc_daily,1697.44000000,BTC,daily,OBM v0.1.0
2011-08-14,obm_spent_value_ge155d_btc_daily,281.90000000,BTC,daily,OBM v0.1.0
2011-08-15,obm_spent_value_ge155d_btc_daily,204.36000000,BTC,daily,OBM v0.1.0
2011-08-16,obm_spent_value_ge155d_btc_daily,443.85000000,BTC,daily,OBM v0.1.0
2011-08-17,obm_spent_value_ge155d_btc_daily,1349.51000000,BTC,daily,OBM v0.1.0
2011-08-18,obm_spent_value_ge155d_btc_daily,2206.59000000,BTC,daily,OBM v0.1.0
2011-08-19,obm_spent_value_ge155d_btc_daily,229.18000000,BTC,daily,OBM v0.1.0
2011-08-20,obm_spent_value_ge155d_btc_daily,2207.60000000,BTC,daily,OBM v0.1.0
2011-08-21,obm_spent_value_ge155d_btc_daily,435.33000000,BTC,daily,OBM v0.1.0
2011-08-22,obm_spent_value_ge155d_btc_daily,402.27020000,BTC,daily,OBM v0.1.0
2011-08-23,obm_spent_value_ge155d_btc_daily,155.84000000,BTC,daily,OBM v0.1.0
2011-08-24,obm_spent_value_ge155d_btc_daily,985.23000000,BTC,daily,OBM v0.1.0
2011-08-25,obm_spent_value_ge155d_btc_daily,38136.90000000,BTC,daily,OBM v0.1.0
2011-08-26,obm_spent_value_ge155d_btc_daily,15760.57020000,BTC,daily,OBM v0.1.0
2011-08-27,obm_spent_value_ge155d_btc_daily,1321.40000000,BTC,daily,OBM v0.1.0
2011-08-28,obm_spent_value_ge155d_btc_daily,1920.84000000,BTC,daily,OBM v0.1.0
2011-08-29,obm_spent_value_ge155d_btc_daily,10151.87000000,BTC,daily,OBM v0.1.0
2011-08-30,obm_spent_value_ge155d_btc_daily,232.92000000,BTC,daily,OBM v0.1.0
2011-08-31,obm_spent_value_ge155d_btc_daily,263.69000000,BTC,daily,OBM v0.1.0
2011-09-01,obm_spent_value_ge155d_btc_daily,109.49000000,BTC,daily,OBM v0.1.0
2011-09-02,obm_spent_value_ge155d_btc_daily,1546.05000000,BTC,daily,OBM v0.1.0
2011-09-03,obm_spent_value_ge155d_btc_daily,193.03000000,BTC,daily,OBM v0.1.0
2011-09-04,obm_spent_value_ge155d_btc_daily,645.67000000,BTC,daily,OBM v0.1.0
2011-09-05,obm_spent_value_ge155d_btc_daily,1372.06051858,BTC,daily,OBM v0.1.0
2011-09-06,obm_spent_value_ge155d_btc_daily,5132.51000000,BTC,daily,OBM v0.1.0
2011-09-07,obm_spent_value_ge155d_btc_daily,5333.30000000,BTC,daily,OBM v0.1.0
2011-09-08,obm_spent_value_ge155d_btc_daily,3556.64034667,BTC,daily,OBM v0.1.0
2011-09-09,obm_spent_value_ge155d_btc_daily,19553.78000000,BTC,daily,OBM v0.1.0
2011-09-10,obm_spent_value_ge155d_btc_daily,160.90000000,BTC,daily,OBM v0.1.0
2011-09-11,obm_spent_value_ge155d_btc_daily,555.38000000,BTC,daily,OBM v0.1.0
2011-09-12,obm_spent_value_ge155d_btc_daily,1270.18000000,BTC,daily,OBM v0.1.0
2011-09-13,obm_spent_value_ge155d_btc_daily,922.28433171,BTC,daily,OBM v0.1.0
2011-09-14,obm_spent_value_ge155d_btc_daily,10475.96130727,BTC,daily,OBM v0.1.0
2011-09-15,obm_spent_value_ge155d_btc_daily,323.91000000,BTC,daily,OBM v0.1.0
2011-09-16,obm_spent_value_ge155d_btc_daily,34.69000000,BTC,daily,OBM v0.1.0
2011-09-17,obm_spent_value_ge155d_btc_daily,1511.79000000,BTC,daily,OBM v0.1.0
2011-09-18,obm_spent_value_ge155d_btc_daily,607.66000000,BTC,daily,OBM v0.1.0
2011-09-19,obm_spent_value_ge155d_btc_daily,617.78000000,BTC,daily,OBM v0.1.0
2011-09-20,obm_spent_value_ge155d_btc_daily,1549.40000000,BTC,daily,OBM v0.1.0
2011-09-21,obm_spent_value_ge155d_btc_daily,198.92000000,BTC,daily,OBM v0.1.0
2011-09-22,obm_spent_value_ge155d_btc_daily,75.36000000,BTC,daily,OBM v0.1.0
2011-09-23,obm_spent_value_ge155d_btc_daily,1814.65000000,BTC,daily,OBM v0.1.0
2011-09-24,obm_spent_value_ge155d_btc_daily,12.78000000,BTC,daily,OBM v0.1.0
2011-09-25,obm_spent_value_ge155d_btc_daily,19.08000000,BTC,daily,OBM v0.1.0
2011-09-26,obm_spent_value_ge155d_btc_daily,951.14000000,BTC,daily,OBM v0.1.0
2011-09-27,obm_spent_value_ge155d_btc_daily,1600.19000000,BTC,daily,OBM v0.1.0
2011-09-28,obm_spent_value_ge155d_btc_daily,1027.05000000,BTC,daily,OBM v0.1.0
2011-09-29,obm_spent_value_ge155d_btc_daily,13.56000000,BTC,daily,OBM v0.1.0
2011-09-30,obm_spent_value_ge155d_btc_daily,1550.18000000,BTC,daily,OBM v0.1.0
2011-10-01,obm_spent_value_ge155d_btc_daily,72.02000000,BTC,daily,OBM v0.1.0
2011-10-02,obm_spent_value_ge155d_btc_daily,40.19000000,BTC,daily,OBM v0.1.0
2011-10-03,obm_spent_value_ge155d_btc_daily,100.18000000,BTC,daily,OBM v0.1.0
2011-10-04,obm_spent_value_ge155d_btc_daily,1160.23000000,BTC,daily,OBM v0.1.0
2011-10-05,obm_spent_value_ge155d_btc_daily,223.25000000,BTC,daily,OBM v0.1.0
2011-10-06,obm_spent_value_ge155d_btc_daily,12052.04000000,BTC,daily,OBM v0.1.0
2011-10-07,obm_spent_value_ge155d_btc_daily,714.67000000,BTC,daily,OBM v0.1.0
2011-10-08,obm_spent_value_ge155d_btc_daily,928.41398651,BTC,daily,OBM v0.1.0
2011-10-09,obm_spent_value_ge155d_btc_daily,2102.09000000,BTC,daily,OBM v0.1.0
2011-10-10,obm_spent_value_ge155d_btc_daily,1533.92707870,BTC,daily,OBM v0.1.0
2011-10-11,obm_spent_value_ge155d_btc_daily,22.55000000,BTC,daily,OBM v0.1.0
2011-10-12,obm_spent_value_ge155d_btc_daily,734.03000000,BTC,daily,OBM v0.1.0
2011-10-13,obm_spent_value_ge155d_btc_daily,734.07000000,BTC,daily,OBM v0.1.0
2011-10-14,obm_spent_value_ge155d_btc_daily,1499.90000000,BTC,daily,OBM v0.1.0
2011-10-15,obm_spent_value_ge155d_btc_daily,1309.31000000,BTC,daily,OBM v0.1.0
2011-10-16,obm_spent_value_ge155d_btc_daily,2175.11000000,BTC,daily,OBM v0.1.0
2011-10-17,obm_spent_value_ge155d_btc_daily,20055.40000000,BTC,daily,OBM v0.1.0
2011-10-18,obm_spent_value_ge155d_btc_daily,3938.28992470,BTC,daily,OBM v0.1.0
2011-10-19,obm_spent_value_ge155d_btc_daily,7679.98000000,BTC,daily,OBM v0.1.0
2011-10-20,obm_spent_value_ge155d_btc_daily,590.03000000,BTC,daily,OBM v0.1.0
2011-10-21,obm_spent_value_ge155d_btc_daily,156.77086168,BTC,daily,OBM v0.1.0
2011-10-22,obm_spent_value_ge155d_btc_daily,2086.54000000,BTC,daily,OBM v0.1.0
2011-10-23,obm_spent_value_ge155d_btc_daily,552.13526758,BTC,daily,OBM v0.1.0
2011-10-24,obm_spent_value_ge155d_btc_daily,28.64281605,BTC,daily,OBM v0.1.0
2011-10-25,obm_spent_value_ge155d_btc_daily,63.30000000,BTC,daily,OBM v0.1.0
2011-10-26,obm_spent_value_ge155d_btc_daily,205.80877386,BTC,daily,OBM v0.1.0
2011-10-27,obm_spent_value_ge155d_btc_daily,2395.05000000,BTC,daily,OBM v0.1.0
2011-10-28,obm_spent_value_ge155d_btc_daily,183.35695892,BTC,daily,OBM v0.1.0
2011-10-29,obm_spent_value_ge155d_btc_daily,122.93000000,BTC,daily,OBM v0.1.0
2011-10-30,obm_spent_value_ge155d_btc_daily,2999.41818175,BTC,daily,OBM v0.1.0
2011-10-31,obm_spent_value_ge155d_btc_daily,211.19000000,BTC,daily,OBM v0.1.0
2011-11-01,obm_spent_value_ge155d_btc_daily,2747.07221849,BTC,daily,OBM v0.1.0
2011-11-02,obm_spent_value_ge155d_btc_daily,45.01000000,BTC,daily,OBM v0.1.0
2011-11-03,obm_spent_value_ge155d_btc_daily,3009.01000000,BTC,daily,OBM v0.1.0
2011-11-04,obm_spent_value_ge155d_btc_daily,2545.03000000,BTC,daily,OBM v0.1.0
2011-11-05,obm_spent_value_ge155d_btc_daily,144.04949629,BTC,daily,OBM v0.1.0
2011-11-06,obm_spent_value_ge155d_btc_daily,26.01002000,BTC,daily,OBM v0.1.0
2011-11-07,obm_spent_value_ge155d_btc_daily,1177.67466789,BTC,daily,OBM v0.1.0
2011-11-08,obm_spent_value_ge155d_btc_daily,319.26340000,BTC,daily,OBM v0.1.0
2011-11-09,obm_spent_value_ge155d_btc_daily,4452.12001354,BTC,daily,OBM v0.1.0
2011-11-10,obm_spent_value_ge155d_btc_daily,10170.48000000,BTC,daily,OBM v0.1.0
2011-11-11,obm_spent_value_ge155d_btc_daily,443.57484346,BTC,daily,OBM v0.1.0
2011-11-12,obm_spent_value_ge155d_btc_daily,5275.72049399,BTC,daily,OBM v0.1.0
2011-11-13,obm_spent_value_ge155d_btc_daily,348.54627131,BTC,daily,OBM v0.1.0
2011-11-14,obm_spent_value_ge155d_btc_daily,4700.60314892,BTC,daily,OBM v0.1.0
2011-11-15,obm_spent_value_ge155d_btc_daily,4653.52820395,BTC,daily,OBM v0.1.0
2011-11-16,obm_spent_value_ge155d_btc_daily,2939.69950563,BTC,daily,OBM v0.1.0
2011-11-17,obm_spent_value_ge155d_btc_daily,6988.08849868,BTC,daily,OBM v0.1.0
2011-11-18,obm_spent_value_ge155d_btc_daily,3023.32392023,BTC,daily,OBM v0.1.0
2011-11-19,obm_spent_value_ge155d_btc_daily,129.73501799,BTC,daily,OBM v0.1.0
2011-11-20,obm_spent_value_ge155d_btc_daily,2997.19055145,BTC,daily,OBM v0.1.0
2011-11-21,obm_spent_value_ge155d_btc_daily,6945.73370001,BTC,daily,OBM v0.1.0
2011-11-22,obm_spent_value_ge155d_btc_daily,5374.84627942,BTC,daily,OBM v0.1.0
2011-11-23,obm_spent_value_ge155d_btc_daily,420.26727426,BTC,daily,OBM v0.1.0
2011-11-24,obm_spent_value_ge155d_btc_daily,6420.89391648,BTC,daily,OBM v0.1.0
2011-11-25,obm_spent_value_ge155d_btc_daily,1460.42542371,BTC,daily,OBM v0.1.0
2011-11-26,obm_spent_value_ge155d_btc_daily,1475.75215824,BTC,daily,OBM v0.1.0
2011-11-27,obm_spent_value_ge155d_btc_daily,364.27404972,BTC,daily,OBM v0.1.0
2011-11-28,obm_spent_value_ge155d_btc_daily,21275.55512949,BTC,daily,OBM v0.1.0
2011-11-29,obm_spent_value_ge155d_btc_daily,6581.83981313,BTC,daily,OBM v0.1.0
2011-11-30,obm_spent_value_ge155d_btc_daily,4560.57360698,BTC,daily,OBM v0.1.0
2011-12-01,obm_spent_value_ge155d_btc_daily,2232.06464194,BTC,daily,OBM v0.1.0
2011-12-02,obm_spent_value_ge155d_btc_daily,229.62204309,BTC,daily,OBM v0.1.0
2011-12-03,obm_spent_value_ge155d_btc_daily,1137.71241731,BTC,daily,OBM v0.1.0
2011-12-04,obm_spent_value_ge155d_btc_daily,4885.85740787,BTC,daily,OBM v0.1.0
2011-12-05,obm_spent_value_ge155d_btc_daily,4328.37526817,BTC,daily,OBM v0.1.0
2011-12-06,obm_spent_value_ge155d_btc_daily,800.53120472,BTC,daily,OBM v0.1.0
2011-12-07,obm_spent_value_ge155d_btc_daily,5629.83749306,BTC,daily,OBM v0.1.0
2011-12-08,obm_spent_value_ge155d_btc_daily,5302.11602592,BTC,daily,OBM v0.1.0
2011-12-09,obm_spent_value_ge155d_btc_daily,149.60744555,BTC,daily,OBM v0.1.0
2011-12-10,obm_spent_value_ge155d_btc_daily,613.19495855,BTC,daily,OBM v0.1.0
2011-12-11,obm_spent_value_ge155d_btc_daily,6734.28365517,BTC,daily,OBM v0.1.0
2011-12-12,obm_spent_value_ge155d_btc_daily,389.16358778,BTC,daily,OBM v0.1.0
2011-12-13,obm_spent_value_ge155d_btc_daily,426.70001605,BTC,daily,OBM v0.1.0
2011-12-14,obm_spent_value_ge155d_btc_daily,1110.52856270,BTC,daily,OBM v0.1.0
2011-12-15,obm_spent_value_ge155d_btc_daily,228.43283466,BTC,daily,OBM v0.1.0
2011-12-16,obm_spent_value_ge155d_btc_daily,2792.28664545,BTC,daily,OBM v0.1.0
2011-12-17,obm_spent_value_ge155d_btc_daily,329.90747516,BTC,daily,OBM v0.1.0
2011-12-18,obm_spent_value_ge155d_btc_daily,297.05411582,BTC,daily,OBM v0.1.0
2011-12-19,obm_spent_value_ge155d_btc_daily,8012.72892428,BTC,daily,OBM v0.1.0
2011-12-20,obm_spent_value_ge155d_btc_daily,8682.38524764,BTC,daily,OBM v0.1.0
2011-12-21,obm_spent_value_ge155d_btc_daily,1068.04708543,BTC,daily,OBM v0.1.0
2011-12-22,obm_spent_value_ge155d_btc_daily,647.24504422,BTC,daily,OBM v0.1.0
2011-12-23,obm_spent_value_ge155d_btc_daily,434.98024735,BTC,daily,OBM v0.1.0
2011-12-24,obm_spent_value_ge155d_btc_daily,2441.79911510,BTC,daily,OBM v0.1.0
2011-12-25,obm_spent_value_ge155d_btc_daily,4938.68209616,BTC,daily,OBM v0.1.0
2011-12-26,obm_spent_value_ge155d_btc_daily,1779.37698673,BTC,daily,OBM v0.1.0
2011-12-27,obm_spent_value_ge155d_btc_daily,199.77661601,BTC,daily,OBM v0.1.0
2011-12-28,obm_spent_value_ge155d_btc_daily,2269.49138079,BTC,daily,OBM v0.1.0
2011-12-29,obm_spent_value_ge155d_btc_daily,881.27814113,BTC,daily,OBM v0.1.0
2011-12-30,obm_spent_value_ge155d_btc_daily,1090.43534799,BTC,daily,OBM v0.1.0
2011-12-31,obm_spent_value_ge155d_btc_daily,881.36654128,BTC,daily,OBM v0.1.0
2012-01-01,obm_spent_value_ge155d_btc_daily,1304.85219320,BTC,daily,OBM v0.1.0
2012-01-02,obm_spent_value_ge155d_btc_daily,10987.00254314,BTC,daily,OBM v0.1.0
2012-01-03,obm_spent_value_ge155d_btc_daily,1371.65117940,BTC,daily,OBM v0.1.0
2012-01-04,obm_spent_value_ge155d_btc_daily,1705.59842331,BTC,daily,OBM v0.1.0
2012-01-05,obm_spent_value_ge155d_btc_daily,4386.31795255,BTC,daily,OBM v0.1.0
2012-01-06,obm_spent_value_ge155d_btc_daily,3062.88307121,BTC,daily,OBM v0.1.0
2012-01-07,obm_spent_value_ge155d_btc_daily,4632.94106331,BTC,daily,OBM v0.1.0
2012-01-08,obm_spent_value_ge155d_btc_daily,5599.71465012,BTC,daily,OBM v0.1.0
2012-01-09,obm_spent_value_ge155d_btc_daily,3102.14957924,BTC,daily,OBM v0.1.0
2012-01-10,obm_spent_value_ge155d_btc_daily,13074.14175810,BTC,daily,OBM v0.1.0
2012-01-11,obm_spent_value_ge155d_btc_daily,1702.20581488,BTC,daily,OBM v0.1.0
2012-01-12,obm_spent_value_ge155d_btc_daily,32856.72503378,BTC,daily,OBM v0.1.0
2012-01-13,obm_spent_value_ge155d_btc_daily,1423.65281720,BTC,daily,OBM v0.1.0
2012-01-14,obm_spent_value_ge155d_btc_daily,2628.63903024,BTC,daily,OBM v0.1.0
2012-01-15,obm_spent_value_ge155d_btc_daily,5050.11574440,BTC,daily,OBM v0.1.0
2012-01-16,obm_spent_value_ge155d_btc_daily,2772.82013732,BTC,daily,OBM v0.1.0
2012-01-17,obm_spent_value_ge155d_btc_daily,2590.15735838,BTC,daily,OBM v0.1.0
2012-01-18,obm_spent_value_ge155d_btc_daily,1990.53846685,BTC,daily,OBM v0.1.0
2012-01-19,obm_spent_value_ge155d_btc_daily,759.14465546,BTC,daily,OBM v0.1.0
2012-01-20,obm_spent_value_ge155d_btc_daily,2614.08330713,BTC,daily,OBM v0.1.0
2012-01-21,obm_spent_value_ge155d_btc_daily,1236.46203171,BTC,daily,OBM v0.1.0
2012-01-22,obm_spent_value_ge155d_btc_daily,435.16749439,BTC,daily,OBM v0.1.0
2012-01-23,obm_spent_value_ge155d_btc_daily,713.53628902,BTC,daily,OBM v0.1.0
2012-01-24,obm_spent_value_ge155d_btc_daily,1574.53541544,BTC,daily,OBM v0.1.0
2012-01-25,obm_spent_value_ge155d_btc_daily,1157.82081600,BTC,daily,OBM v0.1.0
2012-01-26,obm_spent_value_ge155d_btc_daily,4774.24326251,BTC,daily,OBM v0.1.0
2012-01-27,obm_spent_value_ge155d_btc_daily,1058.25994142,BTC,daily,OBM v0.1.0
2012-01-28,obm_spent_value_ge155d_btc_daily,1670.45300051,BTC,daily,OBM v0.1.0
2012-01-29,obm_spent_value_ge155d_btc_daily,1017.50315717,BTC,daily,OBM v0.1.0
2012-01-30,obm_spent_value_ge155d_btc_daily,1104.79802577,BTC,daily,OBM v0.1.0
2012-01-31,obm_spent_value_ge155d_btc_daily,2565.54420948,BTC,daily,OBM v0.1.0
2012-02-01,obm_spent_value_ge155d_btc_daily,1838.08808737,BTC,daily,OBM v0.1.0
2012-02-02,obm_spent_value_ge155d_btc_daily,1498.51835194,BTC,daily,OBM v0.1.0
2012-02-03,obm_spent_value_ge155d_btc_daily,888.38263057,BTC,daily,OBM v0.1.0
2012-02-04,obm_spent_value_ge155d_btc_daily,2292.84419100,BTC,daily,OBM v0.1.0
2012-02-05,obm_spent_value_ge155d_btc_daily,974.53846341,BTC,daily,OBM v0.1.0
2012-02-06,obm_spent_value_ge155d_btc_daily,4169.98595618,BTC,daily,OBM v0.1.0
2012-02-07,obm_spent_value_ge155d_btc_daily,2124.22076589,BTC,daily,OBM v0.1.0
2012-02-08,obm_spent_value_ge155d_btc_daily,169.89644884,BTC,daily,OBM v0.1.0
2012-02-09,obm_spent_value_ge155d_btc_daily,534.81702346,BTC,daily,OBM v0.1.0
2012-02-10,obm_spent_value_ge155d_btc_daily,4138.03130273,BTC,daily,OBM v0.1.0
2012-02-11,obm_spent_value_ge155d_btc_daily,19057.51222552,BTC,daily,OBM v0.1.0
2012-02-12,obm_spent_value_ge155d_btc_daily,2299.61419955,BTC,daily,OBM v0.1.0
2012-02-13,obm_spent_value_ge155d_btc_daily,45254.74770542,BTC,daily,OBM v0.1.0
2012-02-14,obm_spent_value_ge155d_btc_daily,28745.66803709,BTC,daily,OBM v0.1.0
2012-02-15,obm_spent_value_ge155d_btc_daily,1352.07809649,BTC,daily,OBM v0.1.0
2012-02-16,obm_spent_value_ge155d_btc_daily,3292.88337046,BTC,daily,OBM v0.1.0
2012-02-17,obm_spent_value_ge155d_btc_daily,532.35835863,BTC,daily,OBM v0.1.0
2012-02-18,obm_spent_value_ge155d_btc_daily,5944.41516197,BTC,daily,OBM v0.1.0
2012-02-19,obm_spent_value_ge155d_btc_daily,839.07903597,BTC,daily,OBM v0.1.0
2012-02-20,obm_spent_value_ge155d_btc_daily,358.45179380,BTC,daily,OBM v0.1.0
2012-02-21,obm_spent_value_ge155d_btc_daily,839.39544500,BTC,daily,OBM v0.1.0
2012-02-22,obm_spent_value_ge155d_btc_daily,2047.40588778,BTC,daily,OBM v0.1.0
2012-02-23,obm_spent_value_ge155d_btc_daily,1316.02942601,BTC,daily,OBM v0.1.0
2012-02-24,obm_spent_value_ge155d_btc_daily,4886.92009626,BTC,daily,OBM v0.1.0
2012-02-25,obm_spent_value_ge155d_btc_daily,995.47275208,BTC,daily,OBM v0.1.0
2012-02-26,obm_spent_value_ge155d_btc_daily,1163.11422024,BTC,daily,OBM v0.1.0
2012-02-27,obm_spent_value_ge155d_btc_daily,562.16301399,BTC,daily,OBM v0.1.0
2012-02-28,obm_spent_value_ge155d_btc_daily,1139.05703217,BTC,daily,OBM v0.1.0
2012-02-29,obm_spent_value_ge155d_btc_daily,20211.50687762,BTC,daily,OBM v0.1.0
2012-03-01,obm_spent_value_ge155d_btc_daily,676.77164046,BTC,daily,OBM v0.1.0
2012-03-02,obm_spent_value_ge155d_btc_daily,1141.80012697,BTC,daily,OBM v0.1.0
2012-03-03,obm_spent_value_ge155d_btc_daily,6361.46046390,BTC,daily,OBM v0.1.0
2012-03-04,obm_spent_value_ge155d_btc_daily,1056.60798684,BTC,daily,OBM v0.1.0
2012-03-05,obm_spent_value_ge155d_btc_daily,1675.96441256,BTC,daily,OBM v0.1.0
2012-03-06,obm_spent_value_ge155d_btc_daily,619.86211663,BTC,daily,OBM v0.1.0
2012-03-07,obm_spent_value_ge155d_btc_daily,1463.35626642,BTC,daily,OBM v0.1.0
2012-03-08,obm_spent_value_ge155d_btc_daily,2920.77323964,BTC,daily,OBM v0.1.0
2012-03-09,obm_spent_value_ge155d_btc_daily,2988.25728392,BTC,daily,OBM v0.1.0
2012-03-10,obm_spent_value_ge155d_btc_daily,3733.68935776,BTC,daily,OBM v0.1.0
2012-03-11,obm_spent_value_ge155d_btc_daily,6764.23904717,BTC,daily,OBM v0.1.0
2012-03-12,obm_spent_value_ge155d_btc_daily,486.69954059,BTC,daily,OBM v0.1.0
2012-03-13,obm_spent_value_ge155d_btc_daily,4353.01916236,BTC,daily,OBM v0.1.0
2012-03-14,obm_spent_value_ge155d_btc_daily,1930.71748431,BTC,daily,OBM v0.1.0
2012-03-15,obm_spent_value_ge155d_btc_daily,594.39093407,BTC,daily,OBM v0.1.0
2012-03-16,obm_spent_value_ge155d_btc_daily,4936.63770416,BTC,daily,OBM v0.1.0
2012-03-17,obm_spent_value_ge155d_btc_daily,2131.32870064,BTC,daily,OBM v0.1.0
2012-03-18,obm_spent_value_ge155d_btc_daily,6771.21000106,BTC,daily,OBM v0.1.0
2012-03-19,obm_spent_value_ge155d_btc_daily,1984.31047368,BTC,daily,OBM v0.1.0
2012-03-20,obm_spent_value_ge155d_btc_daily,2292.28098645,BTC,daily,OBM v0.1.0
2012-03-21,obm_spent_value_ge155d_btc_daily,6745.20408065,BTC,daily,OBM v0.1.0
2012-03-22,obm_spent_value_ge155d_btc_daily,689.41227037,BTC,daily,OBM v0.1.0
2012-03-23,obm_spent_value_ge155d_btc_daily,8452.83471514,BTC,daily,OBM v0.1.0
2012-03-24,obm_spent_value_ge155d_btc_daily,4195.75798133,BTC,daily,OBM v0.1.0
2012-03-25,obm_spent_value_ge155d_btc_daily,1078.41491532,BTC,daily,OBM v0.1.0
2012-03-26,obm_spent_value_ge155d_btc_daily,594.49396035,BTC,daily,OBM v0.1.0
2012-03-27,obm_spent_value_ge155d_btc_daily,1091.63150231,BTC,daily,OBM v0.1.0
2012-03-28,obm_spent_value_ge155d_btc_daily,1900.41513708,BTC,daily,OBM v0.1.0
2012-03-29,obm_spent_value_ge155d_btc_daily,2549.76211902,BTC,daily,OBM v0.1.0
2012-03-30,obm_spent_value_ge155d_btc_daily,50263.04475810,BTC,daily,OBM v0.1.0
2012-03-31,obm_spent_value_ge155d_btc_daily,1477.31505886,BTC,daily,OBM v0.1.0
2012-04-01,obm_spent_value_ge155d_btc_daily,1009.98402932,BTC,daily,OBM v0.1.0
2012-04-02,obm_spent_value_ge155d_btc_daily,1047.91949054,BTC,daily,OBM v0.1.0
2012-04-03,obm_spent_value_ge155d_btc_daily,11623.87132112,BTC,daily,OBM v0.1.0
2012-04-04,obm_spent_value_ge155d_btc_daily,3763.11796004,BTC,daily,OBM v0.1.0
2012-04-05,obm_spent_value_ge155d_btc_daily,2977.21432634,BTC,daily,OBM v0.1.0
2012-04-06,obm_spent_value_ge155d_btc_daily,2622.64636753,BTC,daily,OBM v0.1.0
2012-04-07,obm_spent_value_ge155d_btc_daily,1088.82853342,BTC,daily,OBM v0.1.0
2012-04-08,obm_spent_value_ge155d_btc_daily,728.38482673,BTC,daily,OBM v0.1.0
2012-04-09,obm_spent_value_ge155d_btc_daily,3919.68734281,BTC,daily,OBM v0.1.0
2012-04-10,obm_spent_value_ge155d_btc_daily,622.84459965,BTC,daily,OBM v0.1.0
2012-04-11,obm_spent_value_ge155d_btc_daily,7573.12484168,BTC,daily,OBM v0.1.0
2012-04-12,obm_spent_value_ge155d_btc_daily,7845.99645454,BTC,daily,OBM v0.1.0
2012-04-13,obm_spent_value_ge155d_btc_daily,3416.53217982,BTC,daily,OBM v0.1.0
2012-04-14,obm_spent_value_ge155d_btc_daily,595.03555130,BTC,daily,OBM v0.1.0
2012-04-15,obm_spent_value_ge155d_btc_daily,3873.80804345,BTC,daily,OBM v0.1.0
2012-04-16,obm_spent_value_ge155d_btc_daily,5243.66030958,BTC,daily,OBM v0.1.0
2012-04-17,obm_spent_value_ge155d_btc_daily,1036.41369402,BTC,daily,OBM v0.1.0
2012-04-18,obm_spent_value_ge155d_btc_daily,2357.99129675,BTC,daily,OBM v0.1.0
2012-04-19,obm_spent_value_ge155d_btc_daily,2324.33210203,BTC,daily,OBM v0.1.0
2012-04-20,obm_spent_value_ge155d_btc_daily,1542.56570997,BTC,daily,OBM v0.1.0
2012-04-21,obm_spent_value_ge155d_btc_daily,1617.18327174,BTC,daily,OBM v0.1.0
2012-04-22,obm_spent_value_ge155d_btc_daily,1656.82607668,BTC,daily,OBM v0.1.0
2012-04-23,obm_spent_value_ge155d_btc_daily,3855.33235581,BTC,daily,OBM v0.1.0
2012-04-24,obm_spent_value_ge155d_btc_daily,1945.60953578,BTC,daily,OBM v0.1.0
2012-04-25,obm_spent_value_ge155d_btc_daily,109929.80288969,BTC,daily,OBM v0.1.0
2012-04-26,obm_spent_value_ge155d_btc_daily,4844.29032454,BTC,daily,OBM v0.1.0
2012-04-27,obm_spent_value_ge155d_btc_daily,599.75889240,BTC,daily,OBM v0.1.0
2012-04-28,obm_spent_value_ge155d_btc_daily,1583.98156845,BTC,daily,OBM v0.1.0
2012-04-29,obm_spent_value_ge155d_btc_daily,246.87669455,BTC,daily,OBM v0.1.0
2012-04-30,obm_spent_value_ge155d_btc_daily,12139.75496834,BTC,daily,OBM v0.1.0
2012-05-01,obm_spent_value_ge155d_btc_daily,1214.49233010,BTC,daily,OBM v0.1.0
2012-05-02,obm_spent_value_ge155d_btc_daily,722.16058705,BTC,daily,OBM v0.1.0
2012-05-03,obm_spent_value_ge155d_btc_daily,1436.45860546,BTC,daily,OBM v0.1.0
2012-05-04,obm_spent_value_ge155d_btc_daily,1500.74214395,BTC,daily,OBM v0.1.0
2012-05-05,obm_spent_value_ge155d_btc_daily,544.23071022,BTC,daily,OBM v0.1.0
2012-05-06,obm_spent_value_ge155d_btc_daily,6442.18110688,BTC,daily,OBM v0.1.0
2012-05-07,obm_spent_value_ge155d_btc_daily,899.31729755,BTC,daily,OBM v0.1.0
2012-05-08,obm_spent_value_ge155d_btc_daily,2178.30871255,BTC,daily,OBM v0.1.0
2012-05-09,obm_spent_value_ge155d_btc_daily,3053.32910083,BTC,daily,OBM v0.1.0
2012-05-10,obm_spent_value_ge155d_btc_daily,3644.58312346,BTC,daily,OBM v0.1.0
2012-05-11,obm_spent_value_ge155d_btc_daily,1236.82757029,BTC,daily,OBM v0.1.0
2012-05-12,obm_spent_value_ge155d_btc_daily,26868.04696042,BTC,daily,OBM v0.1.0
2012-05-13,obm_spent_value_ge155d_btc_daily,6428.22957831,BTC,daily,OBM v0.1.0
2012-05-14,obm_spent_value_ge155d_btc_daily,11530.43090250,BTC,daily,OBM v0.1.0
2012-05-15,obm_spent_value_ge155d_btc_daily,5556.54309812,BTC,daily,OBM v0.1.0
2012-05-16,obm_spent_value_ge155d_btc_daily,6477.25496241,BTC,daily,OBM v0.1.0
2012-05-17,obm_spent_value_ge155d_btc_daily,7548.33714059,BTC,daily,OBM v0.1.0
2012-05-18,obm_spent_value_ge155d_btc_daily,5134.47617188,BTC,daily,OBM v0.1.0
2012-05-19,obm_spent_value_ge155d_btc_daily,5145.85198528,BTC,daily,OBM v0.1.0
2012-05-20,obm_spent_value_ge155d_btc_daily,9032.69247060,BTC,daily,OBM v0.1.0
2012-05-21,obm_spent_value_ge155d_btc_daily,7505.99735226,BTC,daily,OBM v0.1.0
2012-05-22,obm_spent_value_ge155d_btc_daily,8897.18030400,BTC,daily,OBM v0.1.0
2012-05-23,obm_spent_value_ge155d_btc_daily,3057.00332949,BTC,daily,OBM v0.1.0
2012-05-24,obm_spent_value_ge155d_btc_daily,6220.32869984,BTC,daily,OBM v0.1.0
2012-05-25,obm_spent_value_ge155d_btc_daily,1716.69133039,BTC,daily,OBM v0.1.0
2012-05-26,obm_spent_value_ge155d_btc_daily,6091.58930815,BTC,daily,OBM v0.1.0
2012-05-27,obm_spent_value_ge155d_btc_daily,6338.04982635,BTC,daily,OBM v0.1.0
2012-05-28,obm_spent_value_ge155d_btc_daily,2161.35542586,BTC,daily,OBM v0.1.0
2012-05-29,obm_spent_value_ge155d_btc_daily,2727.50739885,BTC,daily,OBM v0.1.0
2012-05-30,obm_spent_value_ge155d_btc_daily,644.23673591,BTC,daily,OBM v0.1.0
2012-05-31,obm_spent_value_ge155d_btc_daily,35844.01719079,BTC,daily,OBM v0.1.0
2012-06-01,obm_spent_value_ge155d_btc_daily,3088.47874885,BTC,daily,OBM v0.1.0
2012-06-02,obm_spent_value_ge155d_btc_daily,1508.86520121,BTC,daily,OBM v0.1.0
2012-06-03,obm_spent_value_ge155d_btc_daily,2781.95939184,BTC,daily,OBM v0.1.0
2012-06-04,obm_spent_value_ge155d_btc_daily,2341.69243864,BTC,daily,OBM v0.1.0
2012-06-05,obm_spent_value_ge155d_btc_daily,2324.50902579,BTC,daily,OBM v0.1.0
2012-06-06,obm_spent_value_ge155d_btc_daily,1140.90637854,BTC,daily,OBM v0.1.0
2012-06-07,obm_spent_value_ge155d_btc_daily,1556.13399531,BTC,daily,OBM v0.1.0
2012-06-08,obm_spent_value_ge155d_btc_daily,2086.75006373,BTC,daily,OBM v0.1.0
2012-06-09,obm_spent_value_ge155d_btc_daily,1132.34756230,BTC,daily,OBM v0.1.0
2012-06-10,obm_spent_value_ge155d_btc_daily,1016.21328093,BTC,daily,OBM v0.1.0
2012-06-11,obm_spent_value_ge155d_btc_daily,1313.60570883,BTC,daily,OBM v0.1.0
2012-06-12,obm_spent_value_ge155d_btc_daily,3028.75555029,BTC,daily,OBM v0.1.0
2012-06-13,obm_spent_value_ge155d_btc_daily,1683.58229788,BTC,daily,OBM v0.1.0
2012-06-14,obm_spent_value_ge155d_btc_daily,3997.94346026,BTC,daily,OBM v0.1.0
2012-06-15,obm_spent_value_ge155d_btc_daily,1902.89307099,BTC,daily,OBM v0.1.0
2012-06-16,obm_spent_value_ge155d_btc_daily,2277.57646431,BTC,daily,OBM v0.1.0
2012-06-17,obm_spent_value_ge155d_btc_daily,3625.02340198,BTC,daily,OBM v0.1.0
2012-06-18,obm_spent_value_ge155d_btc_daily,2859.87061917,BTC,daily,OBM v0.1.0
2012-06-19,obm_spent_value_ge155d_btc_daily,3212.05913701,BTC,daily,OBM v0.1.0
2012-06-20,obm_spent_value_ge155d_btc_daily,17434.51773649,BTC,daily,OBM v0.1.0
2012-06-21,obm_spent_value_ge155d_btc_daily,1802.90471055,BTC,daily,OBM v0.1.0
2012-06-22,obm_spent_value_ge155d_btc_daily,2543.48492740,BTC,daily,OBM v0.1.0
2012-06-23,obm_spent_value_ge155d_btc_daily,2136.31755003,BTC,daily,OBM v0.1.0
2012-06-24,obm_spent_value_ge155d_btc_daily,13100.58184083,BTC,daily,OBM v0.1.0
2012-06-25,obm_spent_value_ge155d_btc_daily,4825.18035269,BTC,daily,OBM v0.1.0
2012-06-26,obm_spent_value_ge155d_btc_daily,4374.99913821,BTC,daily,OBM v0.1.0
2012-06-27,obm_spent_value_ge155d_btc_daily,2896.87965926,BTC,daily,OBM v0.1.0
2012-06-28,obm_spent_value_ge155d_btc_daily,1859.36492481,BTC,daily,OBM v0.1.0
2012-06-29,obm_spent_value_ge155d_btc_daily,1748.24177569,BTC,daily,OBM v0.1.0
2012-06-30,obm_spent_value_ge155d_btc_daily,1599.25275407,BTC,daily,OBM v0.1.0
2012-07-01,obm_spent_value_ge155d_btc_daily,1698.43983477,BTC,daily,OBM v0.1.0
2012-07-02,obm_spent_value_ge155d_btc_daily,1693.48160180,BTC,daily,OBM v0.1.0
2012-07-03,obm_spent_value_ge155d_btc_daily,1551.30274815,BTC,daily,OBM v0.1.0
2012-07-04,obm_spent_value_ge155d_btc_daily,7358.18295644,BTC,daily,OBM v0.1.0
2012-07-05,obm_spent_value_ge155d_btc_daily,1101.73973530,BTC,daily,OBM v0.1.0
2012-07-06,obm_spent_value_ge155d_btc_daily,4455.27539122,BTC,daily,OBM v0.1.0
2012-07-07,obm_spent_value_ge155d_btc_daily,12375.73615206,BTC,daily,OBM v0.1.0
2012-07-08,obm_spent_value_ge155d_btc_daily,3807.63383516,BTC,daily,OBM v0.1.0
2012-07-09,obm_spent_value_ge155d_btc_daily,6219.69619857,BTC,daily,OBM v0.1.0
2012-07-10,obm_spent_value_ge155d_btc_daily,48047.52991544,BTC,daily,OBM v0.1.0
2012-07-11,obm_spent_value_ge155d_btc_daily,7232.51023700,BTC,daily,OBM v0.1.0
2012-07-12,obm_spent_value_ge155d_btc_daily,1912.74855257,BTC,daily,OBM v0.1.0
2012-07-13,obm_spent_value_ge155d_btc_daily,10451.39022363,BTC,daily,OBM v0.1.0
2012-07-14,obm_spent_value_ge155d_btc_daily,35685.40604356,BTC,daily,OBM v0.1.0
2012-07-15,obm_spent_value_ge155d_btc_daily,3735.40498567,BTC,daily,OBM v0.1.0
2012-07-16,obm_spent_value_ge155d_btc_daily,4030.39410542,BTC,daily,OBM v0.1.0
2012-07-17,obm_spent_value_ge155d_btc_daily,41929.61059240,BTC,daily,OBM v0.1.0
2012-07-18,obm_spent_value_ge155d_btc_daily,5846.27960886,BTC,daily,OBM v0.1.0
2012-07-19,obm_spent_value_ge155d_btc_daily,2565.82304691,BTC,daily,OBM v0.1.0
2012-07-20,obm_spent_value_ge155d_btc_daily,7085.34411605,BTC,daily,OBM v0.1.0
2012-07-21,obm_spent_value_ge155d_btc_daily,4852.38515745,BTC,daily,OBM v0.1.0
2012-07-22,obm_spent_value_ge155d_btc_daily,2122.28610469,BTC,daily,OBM v0.1.0
2012-07-23,obm_spent_value_ge155d_btc_daily,4561.03448280,BTC,daily,OBM v0.1.0
2012-07-24,obm_spent_value_ge155d_btc_daily,1729.27427971,BTC,daily,OBM v0.1.0
2012-07-25,obm_spent_value_ge155d_btc_daily,3366.49978455,BTC,daily,OBM v0.1.0
2012-07-26,obm_spent_value_ge155d_btc_daily,1914.46471151,BTC,daily,OBM v0.1.0
2012-07-27,obm_spent_value_ge155d_btc_daily,5948.81927286,BTC,daily,OBM v0.1.0
2012-07-28,obm_spent_value_ge155d_btc_daily,4941.28601760,BTC,daily,OBM v0.1.0
2012-07-29,obm_spent_value_ge155d_btc_daily,2172.92455757,BTC,daily,OBM v0.1.0
2012-07-30,obm_spent_value_ge155d_btc_daily,2739.58618221,BTC,daily,OBM v0.1.0
2012-07-31,obm_spent_value_ge155d_btc_daily,3558.30672930,BTC,daily,OBM v0.1.0
2012-08-01,obm_spent_value_ge155d_btc_daily,2895.26079187,BTC,daily,OBM v0.1.0
2012-08-02,obm_spent_value_ge155d_btc_daily,5092.14096278,BTC,daily,OBM v0.1.0
2012-08-03,obm_spent_value_ge155d_btc_daily,5058.62166804,BTC,daily,OBM v0.1.0
2012-08-04,obm_spent_value_ge155d_btc_daily,5366.01767976,BTC,daily,OBM v0.1.0
2012-08-05,obm_spent_value_ge155d_btc_daily,2458.68003754,BTC,daily,OBM v0.1.0
2012-08-06,obm_spent_value_ge155d_btc_daily,2914.99659140,BTC,daily,OBM v0.1.0
2012-08-07,obm_spent_value_ge155d_btc_daily,7276.01435654,BTC,daily,OBM v0.1.0
2012-08-08,obm_spent_value_ge155d_btc_daily,20809.33033381,BTC,daily,OBM v0.1.0
2012-08-09,obm_spent_value_ge155d_btc_daily,3072.46364713,BTC,daily,OBM v0.1.0
2012-08-10,obm_spent_value_ge155d_btc_daily,3445.50821953,BTC,daily,OBM v0.1.0
2012-08-11,obm_spent_value_ge155d_btc_daily,2235.59392297,BTC,daily,OBM v0.1.0
2012-08-12,obm_spent_value_ge155d_btc_daily,2340.72635346,BTC,daily,OBM v0.1.0
2012-08-13,obm_spent_value_ge155d_btc_daily,2494.40874121,BTC,daily,OBM v0.1.0
2012-08-14,obm_spent_value_ge155d_btc_daily,5298.98292869,BTC,daily,OBM v0.1.0
2012-08-15,obm_spent_value_ge155d_btc_daily,11241.22647713,BTC,daily,OBM v0.1.0
2012-08-16,obm_spent_value_ge155d_btc_daily,4904.01152546,BTC,daily,OBM v0.1.0
2012-08-17,obm_spent_value_ge155d_btc_daily,34976.75518066,BTC,daily,OBM v0.1.0
2012-08-18,obm_spent_value_ge155d_btc_daily,29883.51114259,BTC,daily,OBM v0.1.0
2012-08-19,obm_spent_value_ge155d_btc_daily,13670.06725971,BTC,daily,OBM v0.1.0
2012-08-20,obm_spent_value_ge155d_btc_daily,6113.72506884,BTC,daily,OBM v0.1.0
2012-08-21,obm_spent_value_ge155d_btc_daily,4703.82328632,BTC,daily,OBM v0.1.0
2012-08-22,obm_spent_value_ge155d_btc_daily,6307.45516261,BTC,daily,OBM v0.1.0
2012-08-23,obm_spent_value_ge155d_btc_daily,11000.03422392,BTC,daily,OBM v0.1.0
2012-08-24,obm_spent_value_ge155d_btc_daily,1522.61928715,BTC,daily,OBM v0.1.0
2012-08-25,obm_spent_value_ge155d_btc_daily,2006.00711110,BTC,daily,OBM v0.1.0
2012-08-26,obm_spent_value_ge155d_btc_daily,2495.76799205,BTC,daily,OBM v0.1.0
2012-08-27,obm_spent_value_ge155d_btc_daily,46912.77871006,BTC,daily,OBM v0.1.0
2012-08-28,obm_spent_value_ge155d_btc_daily,10648.82358107,BTC,daily,OBM v0.1.0
2012-08-29,obm_spent_value_ge155d_btc_daily,1613.03187278,BTC,daily,OBM v0.1.0
2012-08-30,obm_spent_value_ge155d_btc_daily,1447.67072414,BTC,daily,OBM v0.1.0
2012-08-31,obm_spent_value_ge155d_btc_daily,60388.80776386,BTC,daily,OBM v0.1.0
2012-09-01,obm_spent_value_ge155d_btc_daily,1253.64853055,BTC,daily,OBM v0.1.0
2012-09-02,obm_spent_value_ge155d_btc_daily,3096.61607940,BTC,daily,OBM v0.1.0
2012-09-03,obm_spent_value_ge155d_btc_daily,1305.76918023,BTC,daily,OBM v0.1.0
2012-09-04,obm_spent_value_ge155d_btc_daily,1876.62769896,BTC,daily,OBM v0.1.0
2012-09-05,obm_spent_value_ge155d_btc_daily,2174.71714648,BTC,daily,OBM v0.1.0
2012-09-06,obm_spent_value_ge155d_btc_daily,6340.37741730,BTC,daily,OBM v0.1.0
2012-09-07,obm_spent_value_ge155d_btc_daily,4214.76716788,BTC,daily,OBM v0.1.0
2012-09-08,obm_spent_value_ge155d_btc_daily,1535.51639470,BTC,daily,OBM v0.1.0
2012-09-09,obm_spent_value_ge155d_btc_daily,1279.09522035,BTC,daily,OBM v0.1.0
2012-09-10,obm_spent_value_ge155d_btc_daily,38691.33552618,BTC,daily,OBM v0.1.0
2012-09-11,obm_spent_value_ge155d_btc_daily,399.57725356,BTC,daily,OBM v0.1.0
2012-09-12,obm_spent_value_ge155d_btc_daily,1920.48204643,BTC,daily,OBM v0.1.0
2012-09-13,obm_spent_value_ge155d_btc_daily,2201.04171791,BTC,daily,OBM v0.1.0
2012-09-14,obm_spent_value_ge155d_btc_daily,3000.03203496,BTC,daily,OBM v0.1.0
2012-09-15,obm_spent_value_ge155d_btc_daily,6750.99541136,BTC,daily,OBM v0.1.0
2012-09-16,obm_spent_value_ge155d_btc_daily,1413.23907278,BTC,daily,OBM v0.1.0
2012-09-17,obm_spent_value_ge155d_btc_daily,18395.47348837,BTC,daily,OBM v0.1.0
2012-09-18,obm_spent_value_ge155d_btc_daily,23446.71466763,BTC,daily,OBM v0.1.0
2012-09-19,obm_spent_value_ge155d_btc_daily,4345.77189656,BTC,daily,OBM v0.1.0
2012-09-20,obm_spent_value_ge155d_btc_daily,11639.08558542,BTC,daily,OBM v0.1.0
2012-09-21,obm_spent_value_ge155d_btc_daily,10570.32821889,BTC,daily,OBM v0.1.0
2012-09-22,obm_spent_value_ge155d_btc_daily,10865.11900963,BTC,daily,OBM v0.1.0
2012-09-23,obm_spent_value_ge155d_btc_daily,1428.56698213,BTC,daily,OBM v0.1.0
2012-09-24,obm_spent_value_ge155d_btc_daily,12399.96938531,BTC,daily,OBM v0.1.0
2012-09-25,obm_spent_value_ge155d_btc_daily,4295.56603267,BTC,daily,OBM v0.1.0
2012-09-26,obm_spent_value_ge155d_btc_daily,2039.02891161,BTC,daily,OBM v0.1.0
2012-09-27,obm_spent_value_ge155d_btc_daily,1670.25302540,BTC,daily,OBM v0.1.0
2012-09-28,obm_spent_value_ge155d_btc_daily,10975.20510639,BTC,daily,OBM v0.1.0
2012-09-29,obm_spent_value_ge155d_btc_daily,3048.96426432,BTC,daily,OBM v0.1.0
2012-09-30,obm_spent_value_ge155d_btc_daily,740.86313286,BTC,daily,OBM v0.1.0
2012-10-01,obm_spent_value_ge155d_btc_daily,4136.46134327,BTC,daily,OBM v0.1.0
2012-10-02,obm_spent_value_ge155d_btc_daily,2300.02806034,BTC,daily,OBM v0.1.0
2012-10-03,obm_spent_value_ge155d_btc_daily,12095.17411389,BTC,daily,OBM v0.1.0
2012-10-04,obm_spent_value_ge155d_btc_daily,3917.30449525,BTC,daily,OBM v0.1.0
2012-10-05,obm_spent_value_ge155d_btc_daily,2106.29439787,BTC,daily,OBM v0.1.0
2012-10-06,obm_spent_value_ge155d_btc_daily,1641.98199323,BTC,daily,OBM v0.1.0
2012-10-07,obm_spent_value_ge155d_btc_daily,836.49405648,BTC,daily,OBM v0.1.0
2012-10-08,obm_spent_value_ge155d_btc_daily,30130.73324802,BTC,daily,OBM v0.1.0
2012-10-09,obm_spent_value_ge155d_btc_daily,2979.59128406,BTC,daily,OBM v0.1.0
2012-10-10,obm_spent_value_ge155d_btc_daily,5609.71129830,BTC,daily,OBM v0.1.0
2012-10-11,obm_spent_value_ge155d_btc_daily,2005.69599925,BTC,daily,OBM v0.1.0
2012-10-12,obm_spent_value_ge155d_btc_daily,6588.58922988,BTC,daily,OBM v0.1.0
2012-10-13,obm_spent_value_ge155d_btc_daily,1151.08146641,BTC,daily,OBM v0.1.0
2012-10-14,obm_spent_value_ge155d_btc_daily,11225.87741356,BTC,daily,OBM v0.1.0
2012-10-15,obm_spent_value_ge155d_btc_daily,6315.21086828,BTC,daily,OBM v0.1.0
2012-10-16,obm_spent_value_ge155d_btc_daily,2610.89122236,BTC,daily,OBM v0.1.0
2012-10-17,obm_spent_value_ge155d_btc_daily,14451.88348086,BTC,daily,OBM v0.1.0
2012-10-18,obm_spent_value_ge155d_btc_daily,3325.52629572,BTC,daily,OBM v0.1.0
2012-10-19,obm_spent_value_ge155d_btc_daily,4193.98750920,BTC,daily,OBM v0.1.0
2012-10-20,obm_spent_value_ge155d_btc_daily,2290.17109394,BTC,daily,OBM v0.1.0
2012-10-21,obm_spent_value_ge155d_btc_daily,16278.53723227,BTC,daily,OBM v0.1.0
2012-10-22,obm_spent_value_ge155d_btc_daily,1799.97863313,BTC,daily,OBM v0.1.0
2012-10-23,obm_spent_value_ge155d_btc_daily,3875.88605732,BTC,daily,OBM v0.1.0
2012-10-24,obm_spent_value_ge155d_btc_daily,1583.84396026,BTC,daily,OBM v0.1.0
2012-10-25,obm_spent_value_ge155d_btc_daily,9650.69870130,BTC,daily,OBM v0.1.0
2012-10-26,obm_spent_value_ge155d_btc_daily,13518.01406991,BTC,daily,OBM v0.1.0
2012-10-27,obm_spent_value_ge155d_btc_daily,699.47480343,BTC,daily,OBM v0.1.0
2012-10-28,obm_spent_value_ge155d_btc_daily,1352.63804083,BTC,daily,OBM v0.1.0
2012-10-29,obm_spent_value_ge155d_btc_daily,2070.92571231,BTC,daily,OBM v0.1.0
2012-10-30,obm_spent_value_ge155d_btc_daily,8329.98143058,BTC,daily,OBM v0.1.0
2012-10-31,obm_spent_value_ge155d_btc_daily,5384.59139047,BTC,daily,OBM v0.1.0
2012-11-01,obm_spent_value_ge155d_btc_daily,4833.38979518,BTC,daily,OBM v0.1.0
2012-11-02,obm_spent_value_ge155d_btc_daily,1098.91576873,BTC,daily,OBM v0.1.0
2012-11-03,obm_spent_value_ge155d_btc_daily,1334.09083686,BTC,daily,OBM v0.1.0
2012-11-04,obm_spent_value_ge155d_btc_daily,13143.84263473,BTC,daily,OBM v0.1.0
2012-11-05,obm_spent_value_ge155d_btc_daily,1698.07360338,BTC,daily,OBM v0.1.0
2012-11-06,obm_spent_value_ge155d_btc_daily,1745.30958048,BTC,daily,OBM v0.1.0
2012-11-07,obm_spent_value_ge155d_btc_daily,6169.93692311,BTC,daily,OBM v0.1.0
2012-11-08,obm_spent_value_ge155d_btc_daily,2068.37225432,BTC,daily,OBM v0.1.0
2012-11-09,obm_spent_value_ge155d_btc_daily,2438.36444566,BTC,daily,OBM v0.1.0
2012-11-10,obm_spent_value_ge155d_btc_daily,1453.41537776,BTC,daily,OBM v0.1.0
2012-11-11,obm_spent_value_ge155d_btc_daily,6081.28704041,BTC,daily,OBM v0.1.0
2012-11-12,obm_spent_value_ge155d_btc_daily,9652.12648177,BTC,daily,OBM v0.1.0
2012-11-13,obm_spent_value_ge155d_btc_daily,1355.04734916,BTC,daily,OBM v0.1.0
2012-11-14,obm_spent_value_ge155d_btc_daily,4117.56334217,BTC,daily,OBM v0.1.0
2012-11-15,obm_spent_value_ge155d_btc_daily,2055.36300639,BTC,daily,OBM v0.1.0
2012-11-16,obm_spent_value_ge155d_btc_daily,5973.82489868,BTC,daily,OBM v0.1.0
2012-11-17,obm_spent_value_ge155d_btc_daily,2010.08895271,BTC,daily,OBM v0.1.0
2012-11-18,obm_spent_value_ge155d_btc_daily,1244.34512922,BTC,daily,OBM v0.1.0
2012-11-19,obm_spent_value_ge155d_btc_daily,2091.29629076,BTC,daily,OBM v0.1.0
2012-11-20,obm_spent_value_ge155d_btc_daily,830.01550067,BTC,daily,OBM v0.1.0
2012-11-21,obm_spent_value_ge155d_btc_daily,2440.09117397,BTC,daily,OBM v0.1.0
2012-11-22,obm_spent_value_ge155d_btc_daily,2192.27265760,BTC,daily,OBM v0.1.0
2012-11-23,obm_spent_value_ge155d_btc_daily,3934.85300849,BTC,daily,OBM v0.1.0
2012-11-24,obm_spent_value_ge155d_btc_daily,1352.77599780,BTC,daily,OBM v0.1.0
2012-11-25,obm_spent_value_ge155d_btc_daily,6909.45647182,BTC,daily,OBM v0.1.0
2012-11-26,obm_spent_value_ge155d_btc_daily,7461.56607358,BTC,daily,OBM v0.1.0
2012-11-27,obm_spent_value_ge155d_btc_daily,4608.44367457,BTC,daily,OBM v0.1.0
2012-11-28,obm_spent_value_ge155d_btc_daily,3406.35231373,BTC,daily,OBM v0.1.0
2012-11-29,obm_spent_value_ge155d_btc_daily,2890.54122174,BTC,daily,OBM v0.1.0
2012-11-30,obm_spent_value_ge155d_btc_daily,7667.33202850,BTC,daily,OBM v0.1.0
2012-12-01,obm_spent_value_ge155d_btc_daily,2602.30299413,BTC,daily,OBM v0.1.0
2012-12-02,obm_spent_value_ge155d_btc_daily,1442.23021005,BTC,daily,OBM v0.1.0
2012-12-03,obm_spent_value_ge155d_btc_daily,3320.87717385,BTC,daily,OBM v0.1.0
2012-12-04,obm_spent_value_ge155d_btc_daily,28923.73012693,BTC,daily,OBM v0.1.0
2012-12-05,obm_spent_value_ge155d_btc_daily,4240.03840494,BTC,daily,OBM v0.1.0
2012-12-06,obm_spent_value_ge155d_btc_daily,2059.74218393,BTC,daily,OBM v0.1.0
2012-12-07,obm_spent_value_ge155d_btc_daily,16191.98450934,BTC,daily,OBM v0.1.0
2012-12-08,obm_spent_value_ge155d_btc_daily,2383.38601145,BTC,daily,OBM v0.1.0
2012-12-09,obm_spent_value_ge155d_btc_daily,4341.10781144,BTC,daily,OBM v0.1.0
2012-12-10,obm_spent_value_ge155d_btc_daily,7160.78865336,BTC,daily,OBM v0.1.0
2012-12-11,obm_spent_value_ge155d_btc_daily,5163.54636316,BTC,daily,OBM v0.1.0
2012-12-12,obm_spent_value_ge155d_btc_daily,10941.66429085,BTC,daily,OBM v0.1.0
2012-12-13,obm_spent_value_ge155d_btc_daily,6233.70392012,BTC,daily,OBM v0.1.0
2012-12-14,obm_spent_value_ge155d_btc_daily,2979.16173512,BTC,daily,OBM v0.1.0
2012-12-15,obm_spent_value_ge155d_btc_daily,2132.85077703,BTC,daily,OBM v0.1.0
2012-12-16,obm_spent_value_ge155d_btc_daily,4273.96776347,BTC,daily,OBM v0.1.0
2012-12-17,obm_spent_value_ge155d_btc_daily,1850.68744933,BTC,daily,OBM v0.1.0
2012-12-18,obm_spent_value_ge155d_btc_daily,3442.89842031,BTC,daily,OBM v0.1.0
2012-12-19,obm_spent_value_ge155d_btc_daily,5847.26664078,BTC,daily,OBM v0.1.0
2012-12-20,obm_spent_value_ge155d_btc_daily,10928.24386576,BTC,daily,OBM v0.1.0
2012-12-21,obm_spent_value_ge155d_btc_daily,4688.71548066,BTC,daily,OBM v0.1.0
2012-12-22,obm_spent_value_ge155d_btc_daily,1091.82040931,BTC,daily,OBM v0.1.0
2012-12-23,obm_spent_value_ge155d_btc_daily,1892.77189023,BTC,daily,OBM v0.1.0
2012-12-24,obm_spent_value_ge155d_btc_daily,1657.68585229,BTC,daily,OBM v0.1.0
2012-12-25,obm_spent_value_ge155d_btc_daily,1251.65260827,BTC,daily,OBM v0.1.0
2012-12-26,obm_spent_value_ge155d_btc_daily,533.81861192,BTC,daily,OBM v0.1.0
2012-12-27,obm_spent_value_ge155d_btc_daily,1613.49179245,BTC,daily,OBM v0.1.0
2012-12-28,obm_spent_value_ge155d_btc_daily,1830.76792417,BTC,daily,OBM v0.1.0
2012-12-29,obm_spent_value_ge155d_btc_daily,2979.29375365,BTC,daily,OBM v0.1.0
2012-12-30,obm_spent_value_ge155d_btc_daily,3798.28932028,BTC,daily,OBM v0.1.0
2012-12-31,obm_spent_value_ge155d_btc_daily,12589.88852973,BTC,daily,OBM v0.1.0
2013-01-01,obm_spent_value_ge155d_btc_daily,3161.35417589,BTC,daily,OBM v0.1.0
2013-01-02,obm_spent_value_ge155d_btc_daily,1320.58283706,BTC,daily,OBM v0.1.0
2013-01-03,obm_spent_value_ge155d_btc_daily,3662.44860979,BTC,daily,OBM v0.1.0
2013-01-04,obm_spent_value_ge155d_btc_daily,2268.13642380,BTC,daily,OBM v0.1.0
2013-01-05,obm_spent_value_ge155d_btc_daily,2554.59272787,BTC,daily,OBM v0.1.0
2013-01-06,obm_spent_value_ge155d_btc_daily,788.40135091,BTC,daily,OBM v0.1.0
2013-01-07,obm_spent_value_ge155d_btc_daily,3020.04856173,BTC,daily,OBM v0.1.0
2013-01-08,obm_spent_value_ge155d_btc_daily,3506.40895572,BTC,daily,OBM v0.1.0
2013-01-09,obm_spent_value_ge155d_btc_daily,6073.88031169,BTC,daily,OBM v0.1.0
2013-01-10,obm_spent_value_ge155d_btc_daily,7274.33115781,BTC,daily,OBM v0.1.0
2013-01-11,obm_spent_value_ge155d_btc_daily,3326.83956649,BTC,daily,OBM v0.1.0
2013-01-12,obm_spent_value_ge155d_btc_daily,2656.41333079,BTC,daily,OBM v0.1.0
2013-01-13,obm_spent_value_ge155d_btc_daily,5542.39341713,BTC,daily,OBM v0.1.0
2013-01-14,obm_spent_value_ge155d_btc_daily,2772.55409751,BTC,daily,OBM v0.1.0
2013-01-15,obm_spent_value_ge155d_btc_daily,2361.80762420,BTC,daily,OBM v0.1.0
2013-01-16,obm_spent_value_ge155d_btc_daily,6023.19574273,BTC,daily,OBM v0.1.0
2013-01-17,obm_spent_value_ge155d_btc_daily,7690.85259560,BTC,daily,OBM v0.1.0
2013-01-18,obm_spent_value_ge155d_btc_daily,4630.12216796,BTC,daily,OBM v0.1.0
2013-01-19,obm_spent_value_ge155d_btc_daily,2460.00332494,BTC,daily,OBM v0.1.0
2013-01-20,obm_spent_value_ge155d_btc_daily,4700.38355625,BTC,daily,OBM v0.1.0
2013-01-21,obm_spent_value_ge155d_btc_daily,7571.33493735,BTC,daily,OBM v0.1.0
2013-01-22,obm_spent_value_ge155d_btc_daily,32320.99822811,BTC,daily,OBM v0.1.0
2013-01-23,obm_spent_value_ge155d_btc_daily,3038.52361741,BTC,daily,OBM v0.1.0
2013-01-24,obm_spent_value_ge155d_btc_daily,14395.26606224,BTC,daily,OBM v0.1.0
2013-01-25,obm_spent_value_ge155d_btc_daily,7747.73178078,BTC,daily,OBM v0.1.0
2013-01-26,obm_spent_value_ge155d_btc_daily,6408.93145846,BTC,daily,OBM v0.1.0
2013-01-27,obm_spent_value_ge155d_btc_daily,14049.74018727,BTC,daily,OBM v0.1.0
2013-01-28,obm_spent_value_ge155d_btc_daily,7881.25356162,BTC,daily,OBM v0.1.0
2013-01-29,obm_spent_value_ge155d_btc_daily,17318.26819749,BTC,daily,OBM v0.1.0
2013-01-30,obm_spent_value_ge155d_btc_daily,26207.33079420,BTC,daily,OBM v0.1.0
2013-01-31,obm_spent_value_ge155d_btc_daily,21661.65224503,BTC,daily,OBM v0.1.0
2013-02-01,obm_spent_value_ge155d_btc_daily,66477.38211033,BTC,daily,OBM v0.1.0
2013-02-02,obm_spent_value_ge155d_btc_daily,15717.13062430,BTC,daily,OBM v0.1.0
2013-02-03,obm_spent_value_ge155d_btc_daily,5743.06744224,BTC,daily,OBM v0.1.0
2013-02-04,obm_spent_value_ge155d_btc_daily,14388.63066919,BTC,daily,OBM v0.1.0
2013-02-05,obm_spent_value_ge155d_btc_daily,10346.30263044,BTC,daily,OBM v0.1.0
2013-02-06,obm_spent_value_ge155d_btc_daily,3953.28049702,BTC,daily,OBM v0.1.0
2013-02-07,obm_spent_value_ge155d_btc_daily,10340.85127862,BTC,daily,OBM v0.1.0
2013-02-08,obm_spent_value_ge155d_btc_daily,8118.91128035,BTC,daily,OBM v0.1.0
2013-02-09,obm_spent_value_ge155d_btc_daily,18056.96350882,BTC,daily,OBM v0.1.0
2013-02-10,obm_spent_value_ge155d_btc_daily,5518.71496447,BTC,daily,OBM v0.1.0
2013-02-11,obm_spent_value_ge155d_btc_daily,11189.87632189,BTC,daily,OBM v0.1.0
2013-02-12,obm_spent_value_ge155d_btc_daily,10964.19672210,BTC,daily,OBM v0.1.0
2013-02-13,obm_spent_value_ge155d_btc_daily,9078.21810160,BTC,daily,OBM v0.1.0
2013-02-14,obm_spent_value_ge155d_btc_daily,9969.84381837,BTC,daily,OBM v0.1.0
2013-02-15,obm_spent_value_ge155d_btc_daily,25715.05939592,BTC,daily,OBM v0.1.0
2013-02-16,obm_spent_value_ge155d_btc_daily,4673.99659796,BTC,daily,OBM v0.1.0
2013-02-17,obm_spent_value_ge155d_btc_daily,6166.71014821,BTC,daily,OBM v0.1.0
2013-02-18,obm_spent_value_ge155d_btc_daily,13051.48912122,BTC,daily,OBM v0.1.0
2013-02-19,obm_spent_value_ge155d_btc_daily,12625.69554208,BTC,daily,OBM v0.1.0
2013-02-20,obm_spent_value_ge155d_btc_daily,16191.90729872,BTC,daily,OBM v0.1.0
2013-02-21,obm_spent_value_ge155d_btc_daily,4656.95732869,BTC,daily,OBM v0.1.0
2013-02-22,obm_spent_value_ge155d_btc_daily,8103.24899189,BTC,daily,OBM v0.1.0
2013-02-23,obm_spent_value_ge155d_btc_daily,6985.15213644,BTC,daily,OBM v0.1.0
2013-02-24,obm_spent_value_ge155d_btc_daily,6179.96088575,BTC,daily,OBM v0.1.0
2013-02-25,obm_spent_value_ge155d_btc_daily,82470.42607357,BTC,daily,OBM v0.1.0
2013-02-26,obm_spent_value_ge155d_btc_daily,17919.83964948,BTC,daily,OBM v0.1.0
2013-02-27,obm_spent_value_ge155d_btc_daily,3362.99461578,BTC,daily,OBM v0.1.0
2013-02-28,obm_spent_value_ge155d_btc_daily,45930.72321394,BTC,daily,OBM v0.1.0
2013-03-01,obm_spent_value_ge155d_btc_daily,11128.32919153,BTC,daily,OBM v0.1.0
2013-03-02,obm_spent_value_ge155d_btc_daily,5749.42498580,BTC,daily,OBM v0.1.0
2013-03-03,obm_spent_value_ge155d_btc_daily,8946.62617823,BTC,daily,OBM v0.1.0
2013-03-04,obm_spent_value_ge155d_btc_daily,5907.46671407,BTC,daily,OBM v0.1.0
2013-03-05,obm_spent_value_ge155d_btc_daily,22169.95765965,BTC,daily,OBM v0.1.0
2013-03-06,obm_spent_value_ge155d_btc_daily,37217.16016360,BTC,daily,OBM v0.1.0
2013-03-07,obm_spent_value_ge155d_btc_daily,22337.43066555,BTC,daily,OBM v0.1.0
2013-03-08,obm_spent_value_ge155d_btc_daily,5861.28967455,BTC,daily,OBM v0.1.0
2013-03-09,obm_spent_value_ge155d_btc_daily,15031.42467075,BTC,daily,OBM v0.1.0
2013-03-10,obm_spent_value_ge155d_btc_daily,4497.21518379,BTC,daily,OBM v0.1.0
2013-03-11,obm_spent_value_ge155d_btc_daily,13528.41515222,BTC,daily,OBM v0.1.0
2013-03-12,obm_spent_value_ge155d_btc_daily,15878.61646662,BTC,daily,OBM v0.1.0
2013-03-13,obm_spent_value_ge155d_btc_daily,16962.64819437,BTC,daily,OBM v0.1.0
2013-03-14,obm_spent_value_ge155d_btc_daily,7921.65530019,BTC,daily,OBM v0.1.0
2013-03-15,obm_spent_value_ge155d_btc_daily,13415.66509561,BTC,daily,OBM v0.1.0
2013-03-16,obm_spent_value_ge155d_btc_daily,5047.07407323,BTC,daily,OBM v0.1.0
2013-03-17,obm_spent_value_ge155d_btc_daily,10634.93305445,BTC,daily,OBM v0.1.0
2013-03-18,obm_spent_value_ge155d_btc_daily,3018.59872483,BTC,daily,OBM v0.1.0
2013-03-19,obm_spent_value_ge155d_btc_daily,12983.01217959,BTC,daily,OBM v0.1.0
2013-03-20,obm_spent_value_ge155d_btc_daily,12989.78102535,BTC,daily,OBM v0.1.0
2013-03-21,obm_spent_value_ge155d_btc_daily,32952.97945408,BTC,daily,OBM v0.1.0
2013-03-22,obm_spent_value_ge155d_btc_daily,29423.68809568,BTC,daily,OBM v0.1.0
2013-03-23,obm_spent_value_ge155d_btc_daily,15479.86429167,BTC,daily,OBM v0.1.0
2013-03-24,obm_spent_value_ge155d_btc_daily,19947.24819412,BTC,daily,OBM v0.1.0
2013-03-25,obm_spent_value_ge155d_btc_daily,33302.89398910,BTC,daily,OBM v0.1.0
2013-03-26,obm_spent_value_ge155d_btc_daily,15222.72997180,BTC,daily,OBM v0.1.0
2013-03-27,obm_spent_value_ge155d_btc_daily,22467.41171421,BTC,daily,OBM v0.1.0
2013-03-28,obm_spent_value_ge155d_btc_daily,13203.65071975,BTC,daily,OBM v0.1.0
2013-03-29,obm_spent_value_ge155d_btc_daily,16176.39768864,BTC,daily,OBM v0.1.0
2013-03-30,obm_spent_value_ge155d_btc_daily,43634.25131962,BTC,daily,OBM v0.1.0
2013-03-31,obm_spent_value_ge155d_btc_daily,5244.05028949,BTC,daily,OBM v0.1.0
2013-04-01,obm_spent_value_ge155d_btc_daily,47253.43861040,BTC,daily,OBM v0.1.0
2013-04-02,obm_spent_value_ge155d_btc_daily,24187.02594142,BTC,daily,OBM v0.1.0
2013-04-03,obm_spent_value_ge155d_btc_daily,87453.85372714,BTC,daily,OBM v0.1.0
2013-04-04,obm_spent_value_ge155d_btc_daily,20731.90236517,BTC,daily,OBM v0.1.0
2013-04-05,obm_spent_value_ge155d_btc_daily,75054.24231160,BTC,daily,OBM v0.1.0
2013-04-06,obm_spent_value_ge155d_btc_daily,26815.36661017,BTC,daily,OBM v0.1.0
2013-04-07,obm_spent_value_ge155d_btc_daily,19603.41766155,BTC,daily,OBM v0.1.0
2013-04-08,obm_spent_value_ge155d_btc_daily,31718.29397726,BTC,daily,OBM v0.1.0
2013-04-09,obm_spent_value_ge155d_btc_daily,120154.40457305,BTC,daily,OBM v0.1.0
2013-04-10,obm_spent_value_ge155d_btc_daily,50856.48107246,BTC,daily,OBM v0.1.0
2013-04-11,obm_spent_value_ge155d_btc_daily,38666.62648124,BTC,daily,OBM v0.1.0
2013-04-12,obm_spent_value_ge155d_btc_daily,23377.59755641,BTC,daily,OBM v0.1.0
2013-04-13,obm_spent_value_ge155d_btc_daily,20766.02694014,BTC,daily,OBM v0.1.0
2013-04-14,obm_spent_value_ge155d_btc_daily,14967.65536971,BTC,daily,OBM v0.1.0
2013-04-15,obm_spent_value_ge155d_btc_daily,16831.91122746,BTC,daily,OBM v0.1.0
2013-04-16,obm_spent_value_ge155d_btc_daily,41197.18728799,BTC,daily,OBM v0.1.0
2013-04-17,obm_spent_value_ge155d_btc_daily,23993.16860461,BTC,daily,OBM v0.1.0
2013-04-18,obm_spent_value_ge155d_btc_daily,4985.10861168,BTC,daily,OBM v0.1.0
2013-04-19,obm_spent_value_ge155d_btc_daily,7855.53001168,BTC,daily,OBM v0.1.0
2013-04-20,obm_spent_value_ge155d_btc_daily,7484.53215799,BTC,daily,OBM v0.1.0
2013-04-21,obm_spent_value_ge155d_btc_daily,14130.34281781,BTC,daily,OBM v0.1.0
2013-04-22,obm_spent_value_ge155d_btc_daily,8264.23512686,BTC,daily,OBM v0.1.0
2013-04-23,obm_spent_value_ge155d_btc_daily,22419.49169548,BTC,daily,OBM v0.1.0
2013-04-24,obm_spent_value_ge155d_btc_daily,19158.99094863,BTC,daily,OBM v0.1.0
2013-04-25,obm_spent_value_ge155d_btc_daily,3275.28751230,BTC,daily,OBM v0.1.0
2013-04-26,obm_spent_value_ge155d_btc_daily,3376.04993072,BTC,daily,OBM v0.1.0
2013-04-27,obm_spent_value_ge155d_btc_daily,7480.33722151,BTC,daily,OBM v0.1.0
2013-04-28,obm_spent_value_ge155d_btc_daily,4084.17403340,BTC,daily,OBM v0.1.0
2013-04-29,obm_spent_value_ge155d_btc_daily,5794.38440043,BTC,daily,OBM v0.1.0
2013-04-30,obm_spent_value_ge155d_btc_daily,3146.47436365,BTC,daily,OBM v0.1.0
2013-05-01,obm_spent_value_ge155d_btc_daily,16677.97469446,BTC,daily,OBM v0.1.0
2013-05-02,obm_spent_value_ge155d_btc_daily,3886.80685673,BTC,daily,OBM v0.1.0
2013-05-03,obm_spent_value_ge155d_btc_daily,37519.69647838,BTC,daily,OBM v0.1.0
2013-05-04,obm_spent_value_ge155d_btc_daily,3547.65596680,BTC,daily,OBM v0.1.0
2013-05-05,obm_spent_value_ge155d_btc_daily,12435.65462422,BTC,daily,OBM v0.1.0
2013-05-06,obm_spent_value_ge155d_btc_daily,3412.54127254,BTC,daily,OBM v0.1.0
2013-05-07,obm_spent_value_ge155d_btc_daily,6329.59700732,BTC,daily,OBM v0.1.0
2013-05-08,obm_spent_value_ge155d_btc_daily,2454.93296795,BTC,daily,OBM v0.1.0
2013-05-09,obm_spent_value_ge155d_btc_daily,4388.76127792,BTC,daily,OBM v0.1.0
2013-05-10,obm_spent_value_ge155d_btc_daily,6338.83693079,BTC,daily,OBM v0.1.0
2013-05-11,obm_spent_value_ge155d_btc_daily,12475.75912871,BTC,daily,OBM v0.1.0
2013-05-12,obm_spent_value_ge155d_btc_daily,1638.84359415,BTC,daily,OBM v0.1.0
2013-05-13,obm_spent_value_ge155d_btc_daily,3449.33412511,BTC,daily,OBM v0.1.0
2013-05-14,obm_spent_value_ge155d_btc_daily,4001.98138065,BTC,daily,OBM v0.1.0
2013-05-15,obm_spent_value_ge155d_btc_daily,10379.61558997,BTC,daily,OBM v0.1.0
2013-05-16,obm_spent_value_ge155d_btc_daily,2679.20213863,BTC,daily,OBM v0.1.0
2013-05-17,obm_spent_value_ge155d_btc_daily,1771.57841901,BTC,daily,OBM v0.1.0
2013-05-18,obm_spent_value_ge155d_btc_daily,17449.31152973,BTC,daily,OBM v0.1.0
2013-05-19,obm_spent_value_ge155d_btc_daily,1522.79579098,BTC,daily,OBM v0.1.0
2013-05-20,obm_spent_value_ge155d_btc_daily,2137.15446436,BTC,daily,OBM v0.1.0
2013-05-21,obm_spent_value_ge155d_btc_daily,2257.16191448,BTC,daily,OBM v0.1.0
2013-05-22,obm_spent_value_ge155d_btc_daily,2400.64249242,BTC,daily,OBM v0.1.0
2013-05-23,obm_spent_value_ge155d_btc_daily,2184.98315632,BTC,daily,OBM v0.1.0
2013-05-24,obm_spent_value_ge155d_btc_daily,1293.77927163,BTC,daily,OBM v0.1.0
2013-05-25,obm_spent_value_ge155d_btc_daily,38826.73197294,BTC,daily,OBM v0.1.0
2013-05-26,obm_spent_value_ge155d_btc_daily,668.77584742,BTC,daily,OBM v0.1.0
2013-05-27,obm_spent_value_ge155d_btc_daily,1876.36331218,BTC,daily,OBM v0.1.0
2013-05-28,obm_spent_value_ge155d_btc_daily,4054.49820968,BTC,daily,OBM v0.1.0
2013-05-29,obm_spent_value_ge155d_btc_daily,9492.76098921,BTC,daily,OBM v0.1.0
2013-05-30,obm_spent_value_ge155d_btc_daily,3204.53708841,BTC,daily,OBM v0.1.0
2013-05-31,obm_spent_value_ge155d_btc_daily,9443.47892496,BTC,daily,OBM v0.1.0
2013-06-01,obm_spent_value_ge155d_btc_daily,3284.92437552,BTC,daily,OBM v0.1.0
2013-06-02,obm_spent_value_ge155d_btc_daily,5410.03638873,BTC,daily,OBM v0.1.0
2013-06-03,obm_spent_value_ge155d_btc_daily,3355.90600236,BTC,daily,OBM v0.1.0
2013-06-04,obm_spent_value_ge155d_btc_daily,5769.32306250,BTC,daily,OBM v0.1.0
2013-06-05,obm_spent_value_ge155d_btc_daily,14111.49345673,BTC,daily,OBM v0.1.0
2013-06-06,obm_spent_value_ge155d_btc_daily,21193.93958478,BTC,daily,OBM v0.1.0
2013-06-07,obm_spent_value_ge155d_btc_daily,5985.38793490,BTC,daily,OBM v0.1.0
2013-06-08,obm_spent_value_ge155d_btc_daily,3392.69891196,BTC,daily,OBM v0.1.0
2013-06-09,obm_spent_value_ge155d_btc_daily,14187.09507487,BTC,daily,OBM v0.1.0
2013-06-10,obm_spent_value_ge155d_btc_daily,1377.52227111,BTC,daily,OBM v0.1.0
2013-06-11,obm_spent_value_ge155d_btc_daily,9028.91589044,BTC,daily,OBM v0.1.0
2013-06-12,obm_spent_value_ge155d_btc_daily,813.14831542,BTC,daily,OBM v0.1.0
2013-06-13,obm_spent_value_ge155d_btc_daily,1697.68908681,BTC,daily,OBM v0.1.0
2013-06-14,obm_spent_value_ge155d_btc_daily,7316.23317233,BTC,daily,OBM v0.1.0
2013-06-15,obm_spent_value_ge155d_btc_daily,2344.72503911,BTC,daily,OBM v0.1.0
2013-06-16,obm_spent_value_ge155d_btc_daily,2709.18338630,BTC,daily,OBM v0.1.0
2013-06-17,obm_spent_value_ge155d_btc_daily,1122.49054493,BTC,daily,OBM v0.1.0
2013-06-18,obm_spent_value_ge155d_btc_daily,1004.70711868,BTC,daily,OBM v0.1.0
2013-06-19,obm_spent_value_ge155d_btc_daily,3514.86873071,BTC,daily,OBM v0.1.0
2013-06-20,obm_spent_value_ge155d_btc_daily,941.74226998,BTC,daily,OBM v0.1.0
2013-06-21,obm_spent_value_ge155d_btc_daily,1240.08708827,BTC,daily,OBM v0.1.0
2013-06-22,obm_spent_value_ge155d_btc_daily,1636.57741009,BTC,daily,OBM v0.1.0
2013-06-23,obm_spent_value_ge155d_btc_daily,1438.48188141,BTC,daily,OBM v0.1.0
2013-06-24,obm_spent_value_ge155d_btc_daily,2297.50431464,BTC,daily,OBM v0.1.0
2013-06-25,obm_spent_value_ge155d_btc_daily,7720.93689056,BTC,daily,OBM v0.1.0
2013-06-26,obm_spent_value_ge155d_btc_daily,6617.63348921,BTC,daily,OBM v0.1.0
2013-06-27,obm_spent_value_ge155d_btc_daily,6028.05724513,BTC,daily,OBM v0.1.0
2013-06-28,obm_spent_value_ge155d_btc_daily,6607.06321739,BTC,daily,OBM v0.1.0
2013-06-29,obm_spent_value_ge155d_btc_daily,6793.86250842,BTC,daily,OBM v0.1.0
2013-06-30,obm_spent_value_ge155d_btc_daily,2664.16180998,BTC,daily,OBM v0.1.0
2013-07-01,obm_spent_value_ge155d_btc_daily,18128.23790432,BTC,daily,OBM v0.1.0
2013-07-02,obm_spent_value_ge155d_btc_daily,10370.98973411,BTC,daily,OBM v0.1.0
2013-07-03,obm_spent_value_ge155d_btc_daily,11180.70091814,BTC,daily,OBM v0.1.0
2013-07-04,obm_spent_value_ge155d_btc_daily,4874.98068997,BTC,daily,OBM v0.1.0
2013-07-05,obm_spent_value_ge155d_btc_daily,9813.74966422,BTC,daily,OBM v0.1.0
2013-07-06,obm_spent_value_ge155d_btc_daily,1638.15767964,BTC,daily,OBM v0.1.0
2013-07-07,obm_spent_value_ge155d_btc_daily,6576.05424428,BTC,daily,OBM v0.1.0
2013-07-08,obm_spent_value_ge155d_btc_daily,4179.61313579,BTC,daily,OBM v0.1.0
2013-07-09,obm_spent_value_ge155d_btc_daily,2156.77047427,BTC,daily,OBM v0.1.0
2013-07-10,obm_spent_value_ge155d_btc_daily,28780.85367144,BTC,daily,OBM v0.1.0
2013-07-11,obm_spent_value_ge155d_btc_daily,3129.69908790,BTC,daily,OBM v0.1.0
2013-07-12,obm_spent_value_ge155d_btc_daily,11851.78164578,BTC,daily,OBM v0.1.0
2013-07-13,obm_spent_value_ge155d_btc_daily,19605.00923456,BTC,daily,OBM v0.1.0
2013-07-14,obm_spent_value_ge155d_btc_daily,1172.85798274,BTC,daily,OBM v0.1.0
2013-07-15,obm_spent_value_ge155d_btc_daily,1621.93256068,BTC,daily,OBM v0.1.0
2013-07-16,obm_spent_value_ge155d_btc_daily,1638.97622523,BTC,daily,OBM v0.1.0
2013-07-17,obm_spent_value_ge155d_btc_daily,2228.51873671,BTC,daily,OBM v0.1.0
2013-07-18,obm_spent_value_ge155d_btc_daily,1728.66519625,BTC,daily,OBM v0.1.0
2013-07-19,obm_spent_value_ge155d_btc_daily,850.10753144,BTC,daily,OBM v0.1.0
2013-07-20,obm_spent_value_ge155d_btc_daily,3714.30472641,BTC,daily,OBM v0.1.0
2013-07-21,obm_spent_value_ge155d_btc_daily,3238.76065774,BTC,daily,OBM v0.1.0
2013-07-22,obm_spent_value_ge155d_btc_daily,4737.87624206,BTC,daily,OBM v0.1.0
2013-07-23,obm_spent_value_ge155d_btc_daily,3004.68790341,BTC,daily,OBM v0.1.0
2013-07-24,obm_spent_value_ge155d_btc_daily,2654.36043505,BTC,daily,OBM v0.1.0
2013-07-25,obm_spent_value_ge155d_btc_daily,3576.15647845,BTC,daily,OBM v0.1.0
2013-07-26,obm_spent_value_ge155d_btc_daily,2321.00546241,BTC,daily,OBM v0.1.0
2013-07-27,obm_spent_value_ge155d_btc_daily,2730.47830678,BTC,daily,OBM v0.1.0
2013-07-28,obm_spent_value_ge155d_btc_daily,2831.91628321,BTC,daily,OBM v0.1.0
2013-07-29,obm_spent_value_ge155d_btc_daily,4446.17726468,BTC,daily,OBM v0.1.0
2013-07-30,obm_spent_value_ge155d_btc_daily,2156.22879379,BTC,daily,OBM v0.1.0
2013-07-31,obm_spent_value_ge155d_btc_daily,4418.71156715,BTC,daily,OBM v0.1.0
2013-08-01,obm_spent_value_ge155d_btc_daily,2129.03670535,BTC,daily,OBM v0.1.0
2013-08-02,obm_spent_value_ge155d_btc_daily,9875.90108195,BTC,daily,OBM v0.1.0
2013-08-03,obm_spent_value_ge155d_btc_daily,42133.98123281,BTC,daily,OBM v0.1.0
2013-08-04,obm_spent_value_ge155d_btc_daily,3205.49055858,BTC,daily,OBM v0.1.0
2013-08-05,obm_spent_value_ge155d_btc_daily,7803.02324741,BTC,daily,OBM v0.1.0
2013-08-06,obm_spent_value_ge155d_btc_daily,1626.42297762,BTC,daily,OBM v0.1.0
2013-08-07,obm_spent_value_ge155d_btc_daily,2473.11514330,BTC,daily,OBM v0.1.0
2013-08-08,obm_spent_value_ge155d_btc_daily,4764.71943461,BTC,daily,OBM v0.1.0
2013-08-09,obm_spent_value_ge155d_btc_daily,2686.52519939,BTC,daily,OBM v0.1.0
2013-08-10,obm_spent_value_ge155d_btc_daily,5698.18609198,BTC,daily,OBM v0.1.0
2013-08-11,obm_spent_value_ge155d_btc_daily,2780.93849207,BTC,daily,OBM v0.1.0
2013-08-12,obm_spent_value_ge155d_btc_daily,2675.46352253,BTC,daily,OBM v0.1.0
2013-08-13,obm_spent_value_ge155d_btc_daily,28787.55574953,BTC,daily,OBM v0.1.0
2013-08-14,obm_spent_value_ge155d_btc_daily,2787.01042121,BTC,daily,OBM v0.1.0
2013-08-15,obm_spent_value_ge155d_btc_daily,13080.45377224,BTC,daily,OBM v0.1.0
2013-08-16,obm_spent_value_ge155d_btc_daily,4111.30198034,BTC,daily,OBM v0.1.0
2013-08-17,obm_spent_value_ge155d_btc_daily,5768.15311357,BTC,daily,OBM v0.1.0
2013-08-18,obm_spent_value_ge155d_btc_daily,2392.63556728,BTC,daily,OBM v0.1.0
2013-08-19,obm_spent_value_ge155d_btc_daily,4177.86179867,BTC,daily,OBM v0.1.0
2013-08-20,obm_spent_value_ge155d_btc_daily,2654.23707908,BTC,daily,OBM v0.1.0
2013-08-21,obm_spent_value_ge155d_btc_daily,1911.71609084,BTC,daily,OBM v0.1.0
2013-08-22,obm_spent_value_ge155d_btc_daily,2094.73984786,BTC,daily,OBM v0.1.0
2013-08-23,obm_spent_value_ge155d_btc_daily,8273.03554776,BTC,daily,OBM v0.1.0
2013-08-24,obm_spent_value_ge155d_btc_daily,1527.58915155,BTC,daily,OBM v0.1.0
2013-08-25,obm_spent_value_ge155d_btc_daily,1820.23492409,BTC,daily,OBM v0.1.0
2013-08-26,obm_spent_value_ge155d_btc_daily,2860.80390952,BTC,daily,OBM v0.1.0
2013-08-27,obm_spent_value_ge155d_btc_daily,1931.14133133,BTC,daily,OBM v0.1.0
2013-08-28,obm_spent_value_ge155d_btc_daily,3818.21480993,BTC,daily,OBM v0.1.0
2013-08-29,obm_spent_value_ge155d_btc_daily,6202.44694391,BTC,daily,OBM v0.1.0
2013-08-30,obm_spent_value_ge155d_btc_daily,5056.14928136,BTC,daily,OBM v0.1.0
2013-08-31,obm_spent_value_ge155d_btc_daily,4996.07727317,BTC,daily,OBM v0.1.0
2013-09-01,obm_spent_value_ge155d_btc_daily,5124.51640913,BTC,daily,OBM v0.1.0
2013-09-02,obm_spent_value_ge155d_btc_daily,6463.95152275,BTC,daily,OBM v0.1.0
2013-09-03,obm_spent_value_ge155d_btc_daily,13626.33606376,BTC,daily,OBM v0.1.0
2013-09-04,obm_spent_value_ge155d_btc_daily,5164.86285378,BTC,daily,OBM v0.1.0
2013-09-05,obm_spent_value_ge155d_btc_daily,1993.46396452,BTC,daily,OBM v0.1.0
2013-09-06,obm_spent_value_ge155d_btc_daily,2047.23210545,BTC,daily,OBM v0.1.0
2013-09-07,obm_spent_value_ge155d_btc_daily,5825.50839469,BTC,daily,OBM v0.1.0
2013-09-08,obm_spent_value_ge155d_btc_daily,2569.86012335,BTC,daily,OBM v0.1.0
2013-09-09,obm_spent_value_ge155d_btc_daily,10730.43101328,BTC,daily,OBM v0.1.0
2013-09-10,obm_spent_value_ge155d_btc_daily,2521.98438866,BTC,daily,OBM v0.1.0
2013-09-11,obm_spent_value_ge155d_btc_daily,5682.49143160,BTC,daily,OBM v0.1.0
2013-09-12,obm_spent_value_ge155d_btc_daily,25690.76495184,BTC,daily,OBM v0.1.0
2013-09-13,obm_spent_value_ge155d_btc_daily,2618.62493818,BTC,daily,OBM v0.1.0
2013-09-14,obm_spent_value_ge155d_btc_daily,24012.30834754,BTC,daily,OBM v0.1.0
2013-09-15,obm_spent_value_ge155d_btc_daily,5661.49234607,BTC,daily,OBM v0.1.0
2013-09-16,obm_spent_value_ge155d_btc_daily,6382.89675557,BTC,daily,OBM v0.1.0
2013-09-17,obm_spent_value_ge155d_btc_daily,4743.62095978,BTC,daily,OBM v0.1.0
2013-09-18,obm_spent_value_ge155d_btc_daily,7218.58418844,BTC,daily,OBM v0.1.0
2013-09-19,obm_spent_value_ge155d_btc_daily,28392.19995553,BTC,daily,OBM v0.1.0
2013-09-20,obm_spent_value_ge155d_btc_daily,1604.18372578,BTC,daily,OBM v0.1.0
2013-09-21,obm_spent_value_ge155d_btc_daily,12749.35343592,BTC,daily,OBM v0.1.0
2013-09-22,obm_spent_value_ge155d_btc_daily,6800.70736674,BTC,daily,OBM v0.1.0
2013-09-23,obm_spent_value_ge155d_btc_daily,2430.77951441,BTC,daily,OBM v0.1.0
2013-09-24,obm_spent_value_ge155d_btc_daily,4710.52850781,BTC,daily,OBM v0.1.0
2013-09-25,obm_spent_value_ge155d_btc_daily,4956.01234818,BTC,daily,OBM v0.1.0
2013-09-26,obm_spent_value_ge155d_btc_daily,1525.40948469,BTC,daily,OBM v0.1.0
2013-09-27,obm_spent_value_ge155d_btc_daily,3008.23867376,BTC,daily,OBM v0.1.0
2013-09-28,obm_spent_value_ge155d_btc_daily,1373.76620640,BTC,daily,OBM v0.1.0
2013-09-29,obm_spent_value_ge155d_btc_daily,5700.41321323,BTC,daily,OBM v0.1.0
2013-09-30,obm_spent_value_ge155d_btc_daily,5934.73462625,BTC,daily,OBM v0.1.0
2013-10-01,obm_spent_value_ge155d_btc_daily,2534.61544132,BTC,daily,OBM v0.1.0
2013-10-02,obm_spent_value_ge155d_btc_daily,18866.39856833,BTC,daily,OBM v0.1.0
2013-10-03,obm_spent_value_ge155d_btc_daily,3642.64885318,BTC,daily,OBM v0.1.0
2013-10-04,obm_spent_value_ge155d_btc_daily,1314.19510468,BTC,daily,OBM v0.1.0
2013-10-05,obm_spent_value_ge155d_btc_daily,6984.12565460,BTC,daily,OBM v0.1.0
2013-10-06,obm_spent_value_ge155d_btc_daily,5342.29621358,BTC,daily,OBM v0.1.0
2013-10-07,obm_spent_value_ge155d_btc_daily,49751.54853823,BTC,daily,OBM v0.1.0
2013-10-08,obm_spent_value_ge155d_btc_daily,2784.56686917,BTC,daily,OBM v0.1.0
2013-10-09,obm_spent_value_ge155d_btc_daily,4691.87103413,BTC,daily,OBM v0.1.0
2013-10-10,obm_spent_value_ge155d_btc_daily,8378.17208350,BTC,daily,OBM v0.1.0
2013-10-11,obm_spent_value_ge155d_btc_daily,3378.56204783,BTC,daily,OBM v0.1.0
2013-10-12,obm_spent_value_ge155d_btc_daily,2637.75023088,BTC,daily,OBM v0.1.0
2013-10-13,obm_spent_value_ge155d_btc_daily,5255.97555709,BTC,daily,OBM v0.1.0
2013-10-14,obm_spent_value_ge155d_btc_daily,6200.54388004,BTC,daily,OBM v0.1.0
2013-10-15,obm_spent_value_ge155d_btc_daily,7533.35003395,BTC,daily,OBM v0.1.0
2013-10-16,obm_spent_value_ge155d_btc_daily,14746.86359445,BTC,daily,OBM v0.1.0
2013-10-17,obm_spent_value_ge155d_btc_daily,6067.07053186,BTC,daily,OBM v0.1.0
2013-10-18,obm_spent_value_ge155d_btc_daily,12200.77012649,BTC,daily,OBM v0.1.0
2013-10-19,obm_spent_value_ge155d_btc_daily,15603.60220632,BTC,daily,OBM v0.1.0
2013-10-20,obm_spent_value_ge155d_btc_daily,10623.94350505,BTC,daily,OBM v0.1.0
2013-10-21,obm_spent_value_ge155d_btc_daily,55129.18893899,BTC,daily,OBM v0.1.0
2013-10-22,obm_spent_value_ge155d_btc_daily,55568.89360012,BTC,daily,OBM v0.1.0
2013-10-23,obm_spent_value_ge155d_btc_daily,17988.83910679,BTC,daily,OBM v0.1.0
2013-10-24,obm_spent_value_ge155d_btc_daily,14282.66930157,BTC,daily,OBM v0.1.0
2013-10-25,obm_spent_value_ge155d_btc_daily,189781.99807898,BTC,daily,OBM v0.1.0
2013-10-26,obm_spent_value_ge155d_btc_daily,6761.66159832,BTC,daily,OBM v0.1.0
2013-10-27,obm_spent_value_ge155d_btc_daily,7852.69963371,BTC,daily,OBM v0.1.0
2013-10-28,obm_spent_value_ge155d_btc_daily,4865.70200936,BTC,daily,OBM v0.1.0
2013-10-29,obm_spent_value_ge155d_btc_daily,8438.70313733,BTC,daily,OBM v0.1.0
2013-10-30,obm_spent_value_ge155d_btc_daily,5338.29833639,BTC,daily,OBM v0.1.0
2013-10-31,obm_spent_value_ge155d_btc_daily,9080.42018558,BTC,daily,OBM v0.1.0
2013-11-01,obm_spent_value_ge155d_btc_daily,6783.73445856,BTC,daily,OBM v0.1.0
2013-11-02,obm_spent_value_ge155d_btc_daily,4624.42188564,BTC,daily,OBM v0.1.0
2013-11-03,obm_spent_value_ge155d_btc_daily,10670.88894580,BTC,daily,OBM v0.1.0
2013-11-04,obm_spent_value_ge155d_btc_daily,18423.22059440,BTC,daily,OBM v0.1.0
2013-11-05,obm_spent_value_ge155d_btc_daily,24758.70629220,BTC,daily,OBM v0.1.0
2013-11-06,obm_spent_value_ge155d_btc_daily,21970.71039377,BTC,daily,OBM v0.1.0
2013-11-07,obm_spent_value_ge155d_btc_daily,36176.20213942,BTC,daily,OBM v0.1.0
2013-11-08,obm_spent_value_ge155d_btc_daily,29959.18860319,BTC,daily,OBM v0.1.0
2013-11-09,obm_spent_value_ge155d_btc_daily,30672.64759004,BTC,daily,OBM v0.1.0
2013-11-10,obm_spent_value_ge155d_btc_daily,21381.59188879,BTC,daily,OBM v0.1.0
2013-11-11,obm_spent_value_ge155d_btc_daily,27553.18222424,BTC,daily,OBM v0.1.0
2013-11-12,obm_spent_value_ge155d_btc_daily,32085.12338898,BTC,daily,OBM v0.1.0
2013-11-13,obm_spent_value_ge155d_btc_daily,33958.21389593,BTC,daily,OBM v0.1.0
2013-11-14,obm_spent_value_ge155d_btc_daily,56731.57387003,BTC,daily,OBM v0.1.0
2013-11-15,obm_spent_value_ge155d_btc_daily,38577.18887907,BTC,daily,OBM v0.1.0
2013-11-16,obm_spent_value_ge155d_btc_daily,23797.58886124,BTC,daily,OBM v0.1.0
2013-11-17,obm_spent_value_ge155d_btc_daily,30007.63890415,BTC,daily,OBM v0.1.0
2013-11-18,obm_spent_value_ge155d_btc_daily,45899.83425045,BTC,daily,OBM v0.1.0
2013-11-19,obm_spent_value_ge155d_btc_daily,52513.49637442,BTC,daily,OBM v0.1.0
2013-11-20,obm_spent_value_ge155d_btc_daily,45934.71632502,BTC,daily,OBM v0.1.0
2013-11-21,obm_spent_value_ge155d_btc_daily,25831.85251075,BTC,daily,OBM v0.1.0
2013-11-22,obm_spent_value_ge155d_btc_daily,19664.37534139,BTC,daily,OBM v0.1.0
2013-11-23,obm_spent_value_ge155d_btc_daily,38193.07249401,BTC,daily,OBM v0.1.0
2013-11-24,obm_spent_value_ge155d_btc_daily,18132.46144411,BTC,daily,OBM v0.1.0
2013-11-25,obm_spent_value_ge155d_btc_daily,57635.32390740,BTC,daily,OBM v0.1.0
2013-11-26,obm_spent_value_ge155d_btc_daily,146021.05314137,BTC,daily,OBM v0.1.0
2013-11-27,obm_spent_value_ge155d_btc_daily,46949.64923232,BTC,daily,OBM v0.1.0
2013-11-28,obm_spent_value_ge155d_btc_daily,42438.03373510,BTC,daily,OBM v0.1.0
2013-11-29,obm_spent_value_ge155d_btc_daily,30350.82549843,BTC,daily,OBM v0.1.0
2013-11-30,obm_spent_value_ge155d_btc_daily,17155.33056460,BTC,daily,OBM v0.1.0
2013-12-01,obm_spent_value_ge155d_btc_daily,17363.89457750,BTC,daily,OBM v0.1.0
2013-12-02,obm_spent_value_ge155d_btc_daily,21303.27045229,BTC,daily,OBM v0.1.0
2013-12-03,obm_spent_value_ge155d_btc_daily,17254.05721540,BTC,daily,OBM v0.1.0
2013-12-04,obm_spent_value_ge155d_btc_daily,9196.68904411,BTC,daily,OBM v0.1.0
2013-12-05,obm_spent_value_ge155d_btc_daily,17603.16538194,BTC,daily,OBM v0.1.0
2013-12-06,obm_spent_value_ge155d_btc_daily,12606.82142166,BTC,daily,OBM v0.1.0
2013-12-07,obm_spent_value_ge155d_btc_daily,15255.22540646,BTC,daily,OBM v0.1.0
2013-12-08,obm_spent_value_ge155d_btc_daily,4659.35411745,BTC,daily,OBM v0.1.0
2013-12-09,obm_spent_value_ge155d_btc_daily,8198.39947953,BTC,daily,OBM v0.1.0
2013-12-10,obm_spent_value_ge155d_btc_daily,9059.68068986,BTC,daily,OBM v0.1.0
2013-12-11,obm_spent_value_ge155d_btc_daily,11514.09057852,BTC,daily,OBM v0.1.0
2013-12-12,obm_spent_value_ge155d_btc_daily,5328.16036940,BTC,daily,OBM v0.1.0
2013-12-13,obm_spent_value_ge155d_btc_daily,10308.79523060,BTC,daily,OBM v0.1.0
2013-12-14,obm_spent_value_ge155d_btc_daily,7668.02758808,BTC,daily,OBM v0.1.0
2013-12-15,obm_spent_value_ge155d_btc_daily,12562.16125718,BTC,daily,OBM v0.1.0
2013-12-16,obm_spent_value_ge155d_btc_daily,19873.22198598,BTC,daily,OBM v0.1.0
2013-12-17,obm_spent_value_ge155d_btc_daily,8061.38847656,BTC,daily,OBM v0.1.0
2013-12-18,obm_spent_value_ge155d_btc_daily,28371.02626705,BTC,daily,OBM v0.1.0
2013-12-19,obm_spent_value_ge155d_btc_daily,5915.12348542,BTC,daily,OBM v0.1.0
2013-12-20,obm_spent_value_ge155d_btc_daily,13099.81092225,BTC,daily,OBM v0.1.0
2013-12-21,obm_spent_value_ge155d_btc_daily,122098.56404609,BTC,daily,OBM v0.1.0
2013-12-22,obm_spent_value_ge155d_btc_daily,3302.42813471,BTC,daily,OBM v0.1.0
2013-12-23,obm_spent_value_ge155d_btc_daily,3955.33456454,BTC,daily,OBM v0.1.0
2013-12-24,obm_spent_value_ge155d_btc_daily,6808.88048171,BTC,daily,OBM v0.1.0
2013-12-25,obm_spent_value_ge155d_btc_daily,87237.32454725,BTC,daily,OBM v0.1.0
2013-12-26,obm_spent_value_ge155d_btc_daily,3381.45128301,BTC,daily,OBM v0.1.0
2013-12-27,obm_spent_value_ge155d_btc_daily,16978.04103147,BTC,daily,OBM v0.1.0
2013-12-28,obm_spent_value_ge155d_btc_daily,1166.46106716,BTC,daily,OBM v0.1.0
2013-12-29,obm_spent_value_ge155d_btc_daily,3231.59040548,BTC,daily,OBM v0.1.0
2013-12-30,obm_spent_value_ge155d_btc_daily,1627.57539910,BTC,daily,OBM v0.1.0
2013-12-31,obm_spent_value_ge155d_btc_daily,1932.19865371,BTC,daily,OBM v0.1.0
2014-01-01,obm_spent_value_ge155d_btc_daily,1586.08140449,BTC,daily,OBM v0.1.0
2014-01-02,obm_spent_value_ge155d_btc_daily,6008.59835924,BTC,daily,OBM v0.1.0
2014-01-03,obm_spent_value_ge155d_btc_daily,10412.57000621,BTC,daily,OBM v0.1.0
2014-01-04,obm_spent_value_ge155d_btc_daily,28834.14001983,BTC,daily,OBM v0.1.0
2014-01-05,obm_spent_value_ge155d_btc_daily,11836.24436139,BTC,daily,OBM v0.1.0
2014-01-06,obm_spent_value_ge155d_btc_daily,6443.18140226,BTC,daily,OBM v0.1.0
2014-01-07,obm_spent_value_ge155d_btc_daily,5072.65958941,BTC,daily,OBM v0.1.0
2014-01-08,obm_spent_value_ge155d_btc_daily,3916.99578341,BTC,daily,OBM v0.1.0
2014-01-09,obm_spent_value_ge155d_btc_daily,4370.18534201,BTC,daily,OBM v0.1.0
2014-01-10,obm_spent_value_ge155d_btc_daily,2800.64512420,BTC,daily,OBM v0.1.0
2014-01-11,obm_spent_value_ge155d_btc_daily,20734.75747436,BTC,daily,OBM v0.1.0
2014-01-12,obm_spent_value_ge155d_btc_daily,10524.80495824,BTC,daily,OBM v0.1.0
2014-01-13,obm_spent_value_ge155d_btc_daily,5086.14814740,BTC,daily,OBM v0.1.0
2014-01-14,obm_spent_value_ge155d_btc_daily,12397.57108096,BTC,daily,OBM v0.1.0
2014-01-15,obm_spent_value_ge155d_btc_daily,5006.73730995,BTC,daily,OBM v0.1.0
2014-01-16,obm_spent_value_ge155d_btc_daily,7121.79936024,BTC,daily,OBM v0.1.0
2014-01-17,obm_spent_value_ge155d_btc_daily,3276.17757297,BTC,daily,OBM v0.1.0
2014-01-18,obm_spent_value_ge155d_btc_daily,2853.15186643,BTC,daily,OBM v0.1.0
2014-01-19,obm_spent_value_ge155d_btc_daily,5595.28356405,BTC,daily,OBM v0.1.0
2014-01-20,obm_spent_value_ge155d_btc_daily,4451.77721084,BTC,daily,OBM v0.1.0
2014-01-21,obm_spent_value_ge155d_btc_daily,2965.45909405,BTC,daily,OBM v0.1.0
2014-01-22,obm_spent_value_ge155d_btc_daily,10534.98322432,BTC,daily,OBM v0.1.0
2014-01-23,obm_spent_value_ge155d_btc_daily,2517.16959636,BTC,daily,OBM v0.1.0
2014-01-24,obm_spent_value_ge155d_btc_daily,9568.59332163,BTC,daily,OBM v0.1.0
2014-01-25,obm_spent_value_ge155d_btc_daily,6178.80321832,BTC,daily,OBM v0.1.0
2014-01-26,obm_spent_value_ge155d_btc_daily,1794.16225073,BTC,daily,OBM v0.1.0
2014-01-27,obm_spent_value_ge155d_btc_daily,6060.38272450,BTC,daily,OBM v0.1.0
2014-01-28,obm_spent_value_ge155d_btc_daily,3480.30353045,BTC,daily,OBM v0.1.0
2014-01-29,obm_spent_value_ge155d_btc_daily,8633.63290504,BTC,daily,OBM v0.1.0
2014-01-30,obm_spent_value_ge155d_btc_daily,4954.86144334,BTC,daily,OBM v0.1.0
2014-01-31,obm_spent_value_ge155d_btc_daily,2324.66471713,BTC,daily,OBM v0.1.0
2014-02-01,obm_spent_value_ge155d_btc_daily,11616.42081026,BTC,daily,OBM v0.1.0
2014-02-02,obm_spent_value_ge155d_btc_daily,2754.65996324,BTC,daily,OBM v0.1.0
2014-02-03,obm_spent_value_ge155d_btc_daily,1695.19684956,BTC,daily,OBM v0.1.0
2014-02-04,obm_spent_value_ge155d_btc_daily,4100.59585574,BTC,daily,OBM v0.1.0
2014-02-05,obm_spent_value_ge155d_btc_daily,152193.33202577,BTC,daily,OBM v0.1.0
2014-02-06,obm_spent_value_ge155d_btc_daily,10687.17334293,BTC,daily,OBM v0.1.0
2014-02-07,obm_spent_value_ge155d_btc_daily,4990.63426858,BTC,daily,OBM v0.1.0
2014-02-08,obm_spent_value_ge155d_btc_daily,3562.81548305,BTC,daily,OBM v0.1.0
2014-02-09,obm_spent_value_ge155d_btc_daily,5353.48829373,BTC,daily,OBM v0.1.0
2014-02-10,obm_spent_value_ge155d_btc_daily,3383.19391627,BTC,daily,OBM v0.1.0
2014-02-11,obm_spent_value_ge155d_btc_daily,4332.96936332,BTC,daily,OBM v0.1.0
2014-02-12,obm_spent_value_ge155d_btc_daily,9526.81032841,BTC,daily,OBM v0.1.0
2014-02-13,obm_spent_value_ge155d_btc_daily,5144.32346914,BTC,daily,OBM v0.1.0
2014-02-14,obm_spent_value_ge155d_btc_daily,8161.18962800,BTC,daily,OBM v0.1.0
2014-02-15,obm_spent_value_ge155d_btc_daily,1564.57488949,BTC,daily,OBM v0.1.0
2014-02-16,obm_spent_value_ge155d_btc_daily,6399.88999153,BTC,daily,OBM v0.1.0
2014-02-17,obm_spent_value_ge155d_btc_daily,2615.84244616,BTC,daily,OBM v0.1.0
2014-02-18,obm_spent_value_ge155d_btc_daily,14115.75747345,BTC,daily,OBM v0.1.0
2014-02-19,obm_spent_value_ge155d_btc_daily,1295.03380605,BTC,daily,OBM v0.1.0
2014-02-20,obm_spent_value_ge155d_btc_daily,7624.43194118,BTC,daily,OBM v0.1.0
2014-02-21,obm_spent_value_ge155d_btc_daily,7842.29636369,BTC,daily,OBM v0.1.0
2014-02-22,obm_spent_value_ge155d_btc_daily,1501.11841247,BTC,daily,OBM v0.1.0
2014-02-23,obm_spent_value_ge155d_btc_daily,4848.23141987,BTC,daily,OBM v0.1.0
2014-02-24,obm_spent_value_ge155d_btc_daily,4460.27585691,BTC,daily,OBM v0.1.0
2014-02-25,obm_spent_value_ge155d_btc_daily,9729.21473472,BTC,daily,OBM v0.1.0
2014-02-26,obm_spent_value_ge155d_btc_daily,2765.93540889,BTC,daily,OBM v0.1.0
2014-02-27,obm_spent_value_ge155d_btc_daily,3442.43836254,BTC,daily,OBM v0.1.0
2014-02-28,obm_spent_value_ge155d_btc_daily,22853.07560405,BTC,daily,OBM v0.1.0
2014-03-01,obm_spent_value_ge155d_btc_daily,10904.56139481,BTC,daily,OBM v0.1.0
2014-03-02,obm_spent_value_ge155d_btc_daily,6702.05441957,BTC,daily,OBM v0.1.0
2014-03-03,obm_spent_value_ge155d_btc_daily,8935.57951805,BTC,daily,OBM v0.1.0
2014-03-04,obm_spent_value_ge155d_btc_daily,3509.22484855,BTC,daily,OBM v0.1.0
2014-03-05,obm_spent_value_ge155d_btc_daily,15675.46471453,BTC,daily,OBM v0.1.0
2014-03-06,obm_spent_value_ge155d_btc_daily,5037.57537043,BTC,daily,OBM v0.1.0
2014-03-07,obm_spent_value_ge155d_btc_daily,206385.60191416,BTC,daily,OBM v0.1.0
2014-03-08,obm_spent_value_ge155d_btc_daily,4666.26403468,BTC,daily,OBM v0.1.0
2014-03-09,obm_spent_value_ge155d_btc_daily,116179.53983726,BTC,daily,OBM v0.1.0
2014-03-10,obm_spent_value_ge155d_btc_daily,17946.19990354,BTC,daily,OBM v0.1.0
2014-03-11,obm_spent_value_ge155d_btc_daily,6449.62777079,BTC,daily,OBM v0.1.0
2014-03-12,obm_spent_value_ge155d_btc_daily,13022.18723223,BTC,daily,OBM v0.1.0
2014-03-13,obm_spent_value_ge155d_btc_daily,3894.12052913,BTC,daily,OBM v0.1.0
2014-03-14,obm_spent_value_ge155d_btc_daily,1865.46428264,BTC,daily,OBM v0.1.0
2014-03-15,obm_spent_value_ge155d_btc_daily,2273.95467441,BTC,daily,OBM v0.1.0
2014-03-16,obm_spent_value_ge155d_btc_daily,2333.27573571,BTC,daily,OBM v0.1.0
2014-03-17,obm_spent_value_ge155d_btc_daily,3894.00812884,BTC,daily,OBM v0.1.0
2014-03-18,obm_spent_value_ge155d_btc_daily,7592.41373402,BTC,daily,OBM v0.1.0
2014-03-19,obm_spent_value_ge155d_btc_daily,5674.97772788,BTC,daily,OBM v0.1.0
2014-03-20,obm_spent_value_ge155d_btc_daily,6515.99101955,BTC,daily,OBM v0.1.0
2014-03-21,obm_spent_value_ge155d_btc_daily,41960.50271918,BTC,daily,OBM v0.1.0
2014-03-22,obm_spent_value_ge155d_btc_daily,5126.35853359,BTC,daily,OBM v0.1.0
2014-03-23,obm_spent_value_ge155d_btc_daily,2247.42163093,BTC,daily,OBM v0.1.0
2014-03-24,obm_spent_value_ge155d_btc_daily,5962.31066655,BTC,daily,OBM v0.1.0
2014-03-25,obm_spent_value_ge155d_btc_daily,10228.01196666,BTC,daily,OBM v0.1.0
2014-03-26,obm_spent_value_ge155d_btc_daily,5161.43518171,BTC,daily,OBM v0.1.0
2014-03-27,obm_spent_value_ge155d_btc_daily,5303.76143874,BTC,daily,OBM v0.1.0
2014-03-28,obm_spent_value_ge155d_btc_daily,6287.31165064,BTC,daily,OBM v0.1.0
2014-03-29,obm_spent_value_ge155d_btc_daily,3671.18118736,BTC,daily,OBM v0.1.0
2014-03-30,obm_spent_value_ge155d_btc_daily,5259.81011099,BTC,daily,OBM v0.1.0
2014-03-31,obm_spent_value_ge155d_btc_daily,4788.56111327,BTC,daily,OBM v0.1.0
2014-04-01,obm_spent_value_ge155d_btc_daily,3458.92849649,BTC,daily,OBM v0.1.0
2014-04-02,obm_spent_value_ge155d_btc_daily,3262.13470708,BTC,daily,OBM v0.1.0
2014-04-03,obm_spent_value_ge155d_btc_daily,14066.68314408,BTC,daily,OBM v0.1.0
2014-04-04,obm_spent_value_ge155d_btc_daily,1110.79981827,BTC,daily,OBM v0.1.0
2014-04-05,obm_spent_value_ge155d_btc_daily,3073.99089689,BTC,daily,OBM v0.1.0
2014-04-06,obm_spent_value_ge155d_btc_daily,8076.54025454,BTC,daily,OBM v0.1.0
2014-04-07,obm_spent_value_ge155d_btc_daily,1768.94143269,BTC,daily,OBM v0.1.0
2014-04-08,obm_spent_value_ge155d_btc_daily,1247.81988858,BTC,daily,OBM v0.1.0
2014-04-09,obm_spent_value_ge155d_btc_daily,24383.70893552,BTC,daily,OBM v0.1.0
2014-04-10,obm_spent_value_ge155d_btc_daily,11517.20471493,BTC,daily,OBM v0.1.0
2014-04-11,obm_spent_value_ge155d_btc_daily,3452.53488316,BTC,daily,OBM v0.1.0
2014-04-12,obm_spent_value_ge155d_btc_daily,1120.89532197,BTC,daily,OBM v0.1.0
2014-04-13,obm_spent_value_ge155d_btc_daily,2734.68624617,BTC,daily,OBM v0.1.0
2014-04-14,obm_spent_value_ge155d_btc_daily,4178.55212831,BTC,daily,OBM v0.1.0
2014-04-15,obm_spent_value_ge155d_btc_daily,2893.11750647,BTC,daily,OBM v0.1.0
2014-04-16,obm_spent_value_ge155d_btc_daily,32141.41664051,BTC,daily,OBM v0.1.0
2014-04-17,obm_spent_value_ge155d_btc_daily,9496.44879834,BTC,daily,OBM v0.1.0
2014-04-18,obm_spent_value_ge155d_btc_daily,2302.46813593,BTC,daily,OBM v0.1.0
2014-04-19,obm_spent_value_ge155d_btc_daily,1288.43376531,BTC,daily,OBM v0.1.0
2014-04-20,obm_spent_value_ge155d_btc_daily,1278.42073214,BTC,daily,OBM v0.1.0
2014-04-21,obm_spent_value_ge155d_btc_daily,1962.02492096,BTC,daily,OBM v0.1.0
2014-04-22,obm_spent_value_ge155d_btc_daily,4277.95792996,BTC,daily,OBM v0.1.0
2014-04-23,obm_spent_value_ge155d_btc_daily,15738.76817621,BTC,daily,OBM v0.1.0
2014-04-24,obm_spent_value_ge155d_btc_daily,4443.15267637,BTC,daily,OBM v0.1.0
2014-04-25,obm_spent_value_ge155d_btc_daily,2338.24161203,BTC,daily,OBM v0.1.0
2014-04-26,obm_spent_value_ge155d_btc_daily,2520.83032104,BTC,daily,OBM v0.1.0
2014-04-27,obm_spent_value_ge155d_btc_daily,3160.10273457,BTC,daily,OBM v0.1.0
2014-04-28,obm_spent_value_ge155d_btc_daily,3571.70531333,BTC,daily,OBM v0.1.0
2014-04-29,obm_spent_value_ge155d_btc_daily,4820.11042446,BTC,daily,OBM v0.1.0
2014-04-30,obm_spent_value_ge155d_btc_daily,3084.23233942,BTC,daily,OBM v0.1.0
2014-05-01,obm_spent_value_ge155d_btc_daily,3323.34710212,BTC,daily,OBM v0.1.0
2014-05-02,obm_spent_value_ge155d_btc_daily,3790.05169116,BTC,daily,OBM v0.1.0
2014-05-03,obm_spent_value_ge155d_btc_daily,1252.91535055,BTC,daily,OBM v0.1.0
2014-05-04,obm_spent_value_ge155d_btc_daily,1740.57843024,BTC,daily,OBM v0.1.0
2014-05-05,obm_spent_value_ge155d_btc_daily,3196.47734156,BTC,daily,OBM v0.1.0
2014-05-06,obm_spent_value_ge155d_btc_daily,2374.38420646,BTC,daily,OBM v0.1.0
2014-05-07,obm_spent_value_ge155d_btc_daily,3087.67541182,BTC,daily,OBM v0.1.0
2014-05-08,obm_spent_value_ge155d_btc_daily,4010.40549042,BTC,daily,OBM v0.1.0
2014-05-09,obm_spent_value_ge155d_btc_daily,1954.15073666,BTC,daily,OBM v0.1.0
2014-05-10,obm_spent_value_ge155d_btc_daily,1273.89873160,BTC,daily,OBM v0.1.0
2014-05-11,obm_spent_value_ge155d_btc_daily,2237.91073329,BTC,daily,OBM v0.1.0
2014-05-12,obm_spent_value_ge155d_btc_daily,1553.11007906,BTC,daily,OBM v0.1.0
2014-05-13,obm_spent_value_ge155d_btc_daily,1599.79323237,BTC,daily,OBM v0.1.0
2014-05-14,obm_spent_value_ge155d_btc_daily,23454.50838008,BTC,daily,OBM v0.1.0
2014-05-15,obm_spent_value_ge155d_btc_daily,2819.44936147,BTC,daily,OBM v0.1.0
2014-05-16,obm_spent_value_ge155d_btc_daily,1807.70115544,BTC,daily,OBM v0.1.0
2014-05-17,obm_spent_value_ge155d_btc_daily,1366.80863137,BTC,daily,OBM v0.1.0
2014-05-18,obm_spent_value_ge155d_btc_daily,3791.46487717,BTC,daily,OBM v0.1.0
2014-05-19,obm_spent_value_ge155d_btc_daily,2767.44430095,BTC,daily,OBM v0.1.0
2014-05-20,obm_spent_value_ge155d_btc_daily,3248.19699849,BTC,daily,OBM v0.1.0
2014-05-21,obm_spent_value_ge155d_btc_daily,6043.16636010,BTC,daily,OBM v0.1.0
2014-05-22,obm_spent_value_ge155d_btc_daily,4301.51948776,BTC,daily,OBM v0.1.0
2014-05-23,obm_spent_value_ge155d_btc_daily,3586.43871562,BTC,daily,OBM v0.1.0
2014-05-24,obm_spent_value_ge155d_btc_daily,1930.27282208,BTC,daily,OBM v0.1.0
2014-05-25,obm_spent_value_ge155d_btc_daily,16290.75149749,BTC,daily,OBM v0.1.0
2014-05-26,obm_spent_value_ge155d_btc_daily,6809.06908643,BTC,daily,OBM v0.1.0
2014-05-27,obm_spent_value_ge155d_btc_daily,60109.03319020,BTC,daily,OBM v0.1.0
2014-05-28,obm_spent_value_ge155d_btc_daily,5335.64403053,BTC,daily,OBM v0.1.0
2014-05-29,obm_spent_value_ge155d_btc_daily,4095.68211942,BTC,daily,OBM v0.1.0
2014-05-30,obm_spent_value_ge155d_btc_daily,7632.27627924,BTC,daily,OBM v0.1.0
2014-05-31,obm_spent_value_ge155d_btc_daily,11414.70484621,BTC,daily,OBM v0.1.0
2014-06-01,obm_spent_value_ge155d_btc_daily,13363.90397724,BTC,daily,OBM v0.1.0
2014-06-02,obm_spent_value_ge155d_btc_daily,10646.28915866,BTC,daily,OBM v0.1.0
2014-06-03,obm_spent_value_ge155d_btc_daily,6686.33581601,BTC,daily,OBM v0.1.0
2014-06-04,obm_spent_value_ge155d_btc_daily,4602.30195366,BTC,daily,OBM v0.1.0
2014-06-05,obm_spent_value_ge155d_btc_daily,6439.35010716,BTC,daily,OBM v0.1.0
2014-06-06,obm_spent_value_ge155d_btc_daily,4700.51018578,BTC,daily,OBM v0.1.0
2014-06-07,obm_spent_value_ge155d_btc_daily,4229.76236499,BTC,daily,OBM v0.1.0
2014-06-08,obm_spent_value_ge155d_btc_daily,4169.46376531,BTC,daily,OBM v0.1.0
2014-06-09,obm_spent_value_ge155d_btc_daily,6233.01194559,BTC,daily,OBM v0.1.0
2014-06-10,obm_spent_value_ge155d_btc_daily,7445.55401716,BTC,daily,OBM v0.1.0
2014-06-11,obm_spent_value_ge155d_btc_daily,7838.23671664,BTC,daily,OBM v0.1.0
2014-06-12,obm_spent_value_ge155d_btc_daily,177598.47039804,BTC,daily,OBM v0.1.0
2014-06-13,obm_spent_value_ge155d_btc_daily,8006.46107971,BTC,daily,OBM v0.1.0
2014-06-14,obm_spent_value_ge155d_btc_daily,3432.37541230,BTC,daily,OBM v0.1.0
2014-06-15,obm_spent_value_ge155d_btc_daily,1610.95516771,BTC,daily,OBM v0.1.0
2014-06-16,obm_spent_value_ge155d_btc_daily,7746.90066939,BTC,daily,OBM v0.1.0
2014-06-17,obm_spent_value_ge155d_btc_daily,5772.00436165,BTC,daily,OBM v0.1.0
2014-06-18,obm_spent_value_ge155d_btc_daily,3504.04169532,BTC,daily,OBM v0.1.0
2014-06-19,obm_spent_value_ge155d_btc_daily,5082.71303865,BTC,daily,OBM v0.1.0
2014-06-20,obm_spent_value_ge155d_btc_daily,3692.58625357,BTC,daily,OBM v0.1.0
2014-06-21,obm_spent_value_ge155d_btc_daily,3140.81209186,BTC,daily,OBM v0.1.0
2014-06-22,obm_spent_value_ge155d_btc_daily,3769.97626678,BTC,daily,OBM v0.1.0
2014-06-23,obm_spent_value_ge155d_btc_daily,5761.73986057,BTC,daily,OBM v0.1.0
2014-06-24,obm_spent_value_ge155d_btc_daily,3331.37850402,BTC,daily,OBM v0.1.0
2014-06-25,obm_spent_value_ge155d_btc_daily,2583.57282480,BTC,daily,OBM v0.1.0
2014-06-26,obm_spent_value_ge155d_btc_daily,12430.46049638,BTC,daily,OBM v0.1.0
2014-06-27,obm_spent_value_ge155d_btc_daily,3997.11403726,BTC,daily,OBM v0.1.0
2014-06-28,obm_spent_value_ge155d_btc_daily,1821.79178590,BTC,daily,OBM v0.1.0
2014-06-29,obm_spent_value_ge155d_btc_daily,14430.26800822,BTC,daily,OBM v0.1.0
2014-06-30,obm_spent_value_ge155d_btc_daily,10300.68899831,BTC,daily,OBM v0.1.0
2014-07-01,obm_spent_value_ge155d_btc_daily,5208.01934405,BTC,daily,OBM v0.1.0
2014-07-02,obm_spent_value_ge155d_btc_daily,7827.34208012,BTC,daily,OBM v0.1.0
2014-07-03,obm_spent_value_ge155d_btc_daily,14890.44960918,BTC,daily,OBM v0.1.0
2014-07-04,obm_spent_value_ge155d_btc_daily,3499.40108145,BTC,daily,OBM v0.1.0
2014-07-05,obm_spent_value_ge155d_btc_daily,4208.62839295,BTC,daily,OBM v0.1.0
2014-07-06,obm_spent_value_ge155d_btc_daily,3077.02575648,BTC,daily,OBM v0.1.0
2014-07-07,obm_spent_value_ge155d_btc_daily,3281.59553807,BTC,daily,OBM v0.1.0
2014-07-08,obm_spent_value_ge155d_btc_daily,1777.58883790,BTC,daily,OBM v0.1.0
2014-07-09,obm_spent_value_ge155d_btc_daily,15031.28305242,BTC,daily,OBM v0.1.0
2014-07-10,obm_spent_value_ge155d_btc_daily,4542.01136496,BTC,daily,OBM v0.1.0
2014-07-11,obm_spent_value_ge155d_btc_daily,2784.80602370,BTC,daily,OBM v0.1.0
2014-07-12,obm_spent_value_ge155d_btc_daily,2803.55227170,BTC,daily,OBM v0.1.0
2014-07-13,obm_spent_value_ge155d_btc_daily,2184.11976550,BTC,daily,OBM v0.1.0
2014-07-14,obm_spent_value_ge155d_btc_daily,3528.64650577,BTC,daily,OBM v0.1.0
2014-07-15,obm_spent_value_ge155d_btc_daily,3416.60014715,BTC,daily,OBM v0.1.0
2014-07-16,obm_spent_value_ge155d_btc_daily,1665.81475197,BTC,daily,OBM v0.1.0
2014-07-17,obm_spent_value_ge155d_btc_daily,4941.11996112,BTC,daily,OBM v0.1.0
2014-07-18,obm_spent_value_ge155d_btc_daily,7083.67482020,BTC,daily,OBM v0.1.0
2014-07-19,obm_spent_value_ge155d_btc_daily,13456.21621972,BTC,daily,OBM v0.1.0
2014-07-20,obm_spent_value_ge155d_btc_daily,3629.01700033,BTC,daily,OBM v0.1.0
2014-07-21,obm_spent_value_ge155d_btc_daily,5471.77665390,BTC,daily,OBM v0.1.0
2014-07-22,obm_spent_value_ge155d_btc_daily,3802.64899023,BTC,daily,OBM v0.1.0
2014-07-23,obm_spent_value_ge155d_btc_daily,10284.72898553,BTC,daily,OBM v0.1.0
2014-07-24,obm_spent_value_ge155d_btc_daily,6461.38116726,BTC,daily,OBM v0.1.0
2014-07-25,obm_spent_value_ge155d_btc_daily,4064.33543484,BTC,daily,OBM v0.1.0
2014-07-26,obm_spent_value_ge155d_btc_daily,3672.12654250,BTC,daily,OBM v0.1.0
2014-07-27,obm_spent_value_ge155d_btc_daily,6276.71645177,BTC,daily,OBM v0.1.0
2014-07-28,obm_spent_value_ge155d_btc_daily,6595.62014392,BTC,daily,OBM v0.1.0
2014-07-29,obm_spent_value_ge155d_btc_daily,13432.18753724,BTC,daily,OBM v0.1.0
2014-07-30,obm_spent_value_ge155d_btc_daily,2250.37640079,BTC,daily,OBM v0.1.0
2014-07-31,obm_spent_value_ge155d_btc_daily,7453.21059000,BTC,daily,OBM v0.1.0
2014-08-01,obm_spent_value_ge155d_btc_daily,6336.61282046,BTC,daily,OBM v0.1.0
2014-08-02,obm_spent_value_ge155d_btc_daily,6004.62158964,BTC,daily,OBM v0.1.0
2014-08-03,obm_spent_value_ge155d_btc_daily,5136.57187392,BTC,daily,OBM v0.1.0
2014-08-04,obm_spent_value_ge155d_btc_daily,17742.51839015,BTC,daily,OBM v0.1.0
2014-08-05,obm_spent_value_ge155d_btc_daily,74576.59652231,BTC,daily,OBM v0.1.0
2014-08-06,obm_spent_value_ge155d_btc_daily,6702.45499061,BTC,daily,OBM v0.1.0
2014-08-07,obm_spent_value_ge155d_btc_daily,10097.29376439,BTC,daily,OBM v0.1.0
2014-08-08,obm_spent_value_ge155d_btc_daily,3816.88701937,BTC,daily,OBM v0.1.0
2014-08-09,obm_spent_value_ge155d_btc_daily,5817.60699233,BTC,daily,OBM v0.1.0
2014-08-10,obm_spent_value_ge155d_btc_daily,4979.02085887,BTC,daily,OBM v0.1.0
2014-08-11,obm_spent_value_ge155d_btc_daily,3864.60626970,BTC,daily,OBM v0.1.0
2014-08-12,obm_spent_value_ge155d_btc_daily,5423.80715802,BTC,daily,OBM v0.1.0
2014-08-13,obm_spent_value_ge155d_btc_daily,7586.96032097,BTC,daily,OBM v0.1.0
2014-08-14,obm_spent_value_ge155d_btc_daily,3894.12247619,BTC,daily,OBM v0.1.0
2014-08-15,obm_spent_value_ge155d_btc_daily,7348.71786464,BTC,daily,OBM v0.1.0
2014-08-16,obm_spent_value_ge155d_btc_daily,4207.87863653,BTC,daily,OBM v0.1.0
2014-08-17,obm_spent_value_ge155d_btc_daily,6404.65741708,BTC,daily,OBM v0.1.0
2014-08-18,obm_spent_value_ge155d_btc_daily,7173.06187739,BTC,daily,OBM v0.1.0
2014-08-19,obm_spent_value_ge155d_btc_daily,4740.86651034,BTC,daily,OBM v0.1.0
2014-08-20,obm_spent_value_ge155d_btc_daily,4594.51725732,BTC,daily,OBM v0.1.0
2014-08-21,obm_spent_value_ge155d_btc_daily,25772.90786268,BTC,daily,OBM v0.1.0
2014-08-22,obm_spent_value_ge155d_btc_daily,7164.53288846,BTC,daily,OBM v0.1.0
2014-08-23,obm_spent_value_ge155d_btc_daily,8793.07998344,BTC,daily,OBM v0.1.0
2014-08-24,obm_spent_value_ge155d_btc_daily,3414.50908296,BTC,daily,OBM v0.1.0
2014-08-25,obm_spent_value_ge155d_btc_daily,12785.93366370,BTC,daily,OBM v0.1.0
2014-08-26,obm_spent_value_ge155d_btc_daily,8496.69517562,BTC,daily,OBM v0.1.0
2014-08-27,obm_spent_value_ge155d_btc_daily,4200.70376761,BTC,daily,OBM v0.1.0
2014-08-28,obm_spent_value_ge155d_btc_daily,6098.29704683,BTC,daily,OBM v0.1.0
2014-08-29,obm_spent_value_ge155d_btc_daily,24856.77824084,BTC,daily,OBM v0.1.0
2014-08-30,obm_spent_value_ge155d_btc_daily,4432.13026283,BTC,daily,OBM v0.1.0
2014-08-31,obm_spent_value_ge155d_btc_daily,4689.09645913,BTC,daily,OBM v0.1.0
2014-09-01,obm_spent_value_ge155d_btc_daily,15235.08686242,BTC,daily,OBM v0.1.0
2014-09-02,obm_spent_value_ge155d_btc_daily,10681.61234787,BTC,daily,OBM v0.1.0
2014-09-03,obm_spent_value_ge155d_btc_daily,4057.61477652,BTC,daily,OBM v0.1.0
2014-09-04,obm_spent_value_ge155d_btc_daily,7964.71434534,BTC,daily,OBM v0.1.0
2014-09-05,obm_spent_value_ge155d_btc_daily,8647.44256620,BTC,daily,OBM v0.1.0
2014-09-06,obm_spent_value_ge155d_btc_daily,13239.13853170,BTC,daily,OBM v0.1.0
2014-09-07,obm_spent_value_ge155d_btc_daily,10661.55462169,BTC,daily,OBM v0.1.0
2014-09-08,obm_spent_value_ge155d_btc_daily,3986.07556505,BTC,daily,OBM v0.1.0
2014-09-09,obm_spent_value_ge155d_btc_daily,30735.35435376,BTC,daily,OBM v0.1.0
2014-09-10,obm_spent_value_ge155d_btc_daily,10943.36867446,BTC,daily,OBM v0.1.0
2014-09-11,obm_spent_value_ge155d_btc_daily,4437.98500915,BTC,daily,OBM v0.1.0
2014-09-12,obm_spent_value_ge155d_btc_daily,13264.71736212,BTC,daily,OBM v0.1.0
2014-09-13,obm_spent_value_ge155d_btc_daily,3325.55023007,BTC,daily,OBM v0.1.0
2014-09-14,obm_spent_value_ge155d_btc_daily,3799.09838506,BTC,daily,OBM v0.1.0
2014-09-15,obm_spent_value_ge155d_btc_daily,15293.93575366,BTC,daily,OBM v0.1.0
2014-09-16,obm_spent_value_ge155d_btc_daily,4402.91932186,BTC,daily,OBM v0.1.0
2014-09-17,obm_spent_value_ge155d_btc_daily,8708.51737079,BTC,daily,OBM v0.1.0
2014-09-18,obm_spent_value_ge155d_btc_daily,9165.58361135,BTC,daily,OBM v0.1.0
2014-09-19,obm_spent_value_ge155d_btc_daily,10367.44525908,BTC,daily,OBM v0.1.0
2014-09-20,obm_spent_value_ge155d_btc_daily,43866.22760026,BTC,daily,OBM v0.1.0
2014-09-21,obm_spent_value_ge155d_btc_daily,8125.01528521,BTC,daily,OBM v0.1.0
2014-09-22,obm_spent_value_ge155d_btc_daily,2711.10829721,BTC,daily,OBM v0.1.0
2014-09-23,obm_spent_value_ge155d_btc_daily,7522.51301417,BTC,daily,OBM v0.1.0
2014-09-24,obm_spent_value_ge155d_btc_daily,5279.11408694,BTC,daily,OBM v0.1.0
2014-09-25,obm_spent_value_ge155d_btc_daily,5098.31069983,BTC,daily,OBM v0.1.0
2014-09-26,obm_spent_value_ge155d_btc_daily,13771.57529078,BTC,daily,OBM v0.1.0
2014-09-27,obm_spent_value_ge155d_btc_daily,4280.06860238,BTC,daily,OBM v0.1.0
2014-09-28,obm_spent_value_ge155d_btc_daily,9013.13313214,BTC,daily,OBM v0.1.0
2014-09-29,obm_spent_value_ge155d_btc_daily,21881.74071485,BTC,daily,OBM v0.1.0
2014-09-30,obm_spent_value_ge155d_btc_daily,9042.11193475,BTC,daily,OBM v0.1.0
2014-10-01,obm_spent_value_ge155d_btc_daily,10686.32308340,BTC,daily,OBM v0.1.0
2014-10-02,obm_spent_value_ge155d_btc_daily,12404.96345527,BTC,daily,OBM v0.1.0
2014-10-03,obm_spent_value_ge155d_btc_daily,18960.52983814,BTC,daily,OBM v0.1.0
2014-10-04,obm_spent_value_ge155d_btc_daily,14544.72624120,BTC,daily,OBM v0.1.0
2014-10-05,obm_spent_value_ge155d_btc_daily,52522.56052358,BTC,daily,OBM v0.1.0
2014-10-06,obm_spent_value_ge155d_btc_daily,16462.05917205,BTC,daily,OBM v0.1.0
2014-10-07,obm_spent_value_ge155d_btc_daily,15624.04471904,BTC,daily,OBM v0.1.0
2014-10-08,obm_spent_value_ge155d_btc_daily,19124.04058949,BTC,daily,OBM v0.1.0
2014-10-09,obm_spent_value_ge155d_btc_daily,4221.55646539,BTC,daily,OBM v0.1.0
2014-10-10,obm_spent_value_ge155d_btc_daily,23485.94911304,BTC,daily,OBM v0.1.0
2014-10-11,obm_spent_value_ge155d_btc_daily,3288.24271108,BTC,daily,OBM v0.1.0
2014-10-12,obm_spent_value_ge155d_btc_daily,21637.14997326,BTC,daily,OBM v0.1.0
2014-10-13,obm_spent_value_ge155d_btc_daily,7473.46051172,BTC,daily,OBM v0.1.0
2014-10-14,obm_spent_value_ge155d_btc_daily,9875.25690695,BTC,daily,OBM v0.1.0
2014-10-15,obm_spent_value_ge155d_btc_daily,6697.45053989,BTC,daily,OBM v0.1.0
2014-10-16,obm_spent_value_ge155d_btc_daily,6819.45426537,BTC,daily,OBM v0.1.0
2014-10-17,obm_spent_value_ge155d_btc_daily,11608.91094253,BTC,daily,OBM v0.1.0
2014-10-18,obm_spent_value_ge155d_btc_daily,2000.34686511,BTC,daily,OBM v0.1.0
2014-10-19,obm_spent_value_ge155d_btc_daily,2027.94689312,BTC,daily,OBM v0.1.0
2014-10-20,obm_spent_value_ge155d_btc_daily,3385.76615377,BTC,daily,OBM v0.1.0
2014-10-21,obm_spent_value_ge155d_btc_daily,2216.47764910,BTC,daily,OBM v0.1.0
2014-10-22,obm_spent_value_ge155d_btc_daily,8248.96203971,BTC,daily,OBM v0.1.0
2014-10-23,obm_spent_value_ge155d_btc_daily,10672.26228393,BTC,daily,OBM v0.1.0
2014-10-24,obm_spent_value_ge155d_btc_daily,15604.07191573,BTC,daily,OBM v0.1.0
2014-10-25,obm_spent_value_ge155d_btc_daily,2778.82462580,BTC,daily,OBM v0.1.0
2014-10-26,obm_spent_value_ge155d_btc_daily,1498.55707050,BTC,daily,OBM v0.1.0
2014-10-27,obm_spent_value_ge155d_btc_daily,5040.12604871,BTC,daily,OBM v0.1.0
2014-10-28,obm_spent_value_ge155d_btc_daily,5520.99727268,BTC,daily,OBM v0.1.0
2014-10-29,obm_spent_value_ge155d_btc_daily,4782.32562154,BTC,daily,OBM v0.1.0
2014-10-30,obm_spent_value_ge155d_btc_daily,10368.84742813,BTC,daily,OBM v0.1.0
2014-10-31,obm_spent_value_ge155d_btc_daily,2408.87652049,BTC,daily,OBM v0.1.0
2014-11-01,obm_spent_value_ge155d_btc_daily,7597.54580843,BTC,daily,OBM v0.1.0
2014-11-02,obm_spent_value_ge155d_btc_daily,3493.78446832,BTC,daily,OBM v0.1.0
2014-11-03,obm_spent_value_ge155d_btc_daily,4663.67581153,BTC,daily,OBM v0.1.0
2014-11-04,obm_spent_value_ge155d_btc_daily,6245.93514847,BTC,daily,OBM v0.1.0
2014-11-05,obm_spent_value_ge155d_btc_daily,6541.24157095,BTC,daily,OBM v0.1.0
2014-11-06,obm_spent_value_ge155d_btc_daily,8105.34794963,BTC,daily,OBM v0.1.0
2014-11-07,obm_spent_value_ge155d_btc_daily,23965.07334526,BTC,daily,OBM v0.1.0
2014-11-08,obm_spent_value_ge155d_btc_daily,9310.00246154,BTC,daily,OBM v0.1.0
2014-11-09,obm_spent_value_ge155d_btc_daily,17285.55025154,BTC,daily,OBM v0.1.0
2014-11-10,obm_spent_value_ge155d_btc_daily,6204.25690741,BTC,daily,OBM v0.1.0
2014-11-11,obm_spent_value_ge155d_btc_daily,5413.63774962,BTC,daily,OBM v0.1.0
2014-11-12,obm_spent_value_ge155d_btc_daily,13449.43810003,BTC,daily,OBM v0.1.0
2014-11-13,obm_spent_value_ge155d_btc_daily,10513.69296861,BTC,daily,OBM v0.1.0
2014-11-14,obm_spent_value_ge155d_btc_daily,9109.28017813,BTC,daily,OBM v0.1.0
2014-11-15,obm_spent_value_ge155d_btc_daily,3343.76121501,BTC,daily,OBM v0.1.0
2014-11-16,obm_spent_value_ge155d_btc_daily,2591.36204175,BTC,daily,OBM v0.1.0
2014-11-17,obm_spent_value_ge155d_btc_daily,3857.30183745,BTC,daily,OBM v0.1.0
2014-11-18,obm_spent_value_ge155d_btc_daily,4529.32838963,BTC,daily,OBM v0.1.0
2014-11-19,obm_spent_value_ge155d_btc_daily,16782.07543150,BTC,daily,OBM v0.1.0
2014-11-20,obm_spent_value_ge155d_btc_daily,15093.19942770,BTC,daily,OBM v0.1.0
2014-11-21,obm_spent_value_ge155d_btc_daily,5950.60491137,BTC,daily,OBM v0.1.0
2014-11-22,obm_spent_value_ge155d_btc_daily,2755.59671441,BTC,daily,OBM v0.1.0
2014-11-23,obm_spent_value_ge155d_btc_daily,2000.44509659,BTC,daily,OBM v0.1.0
2014-11-24,obm_spent_value_ge155d_btc_daily,4562.95296328,BTC,daily,OBM v0.1.0
2014-11-25,obm_spent_value_ge155d_btc_daily,7535.57396812,BTC,daily,OBM v0.1.0
2014-11-26,obm_spent_value_ge155d_btc_daily,6682.54215816,BTC,daily,OBM v0.1.0
2014-11-27,obm_spent_value_ge155d_btc_daily,2639.39247136,BTC,daily,OBM v0.1.0
2014-11-28,obm_spent_value_ge155d_btc_daily,173837.70147065,BTC,daily,OBM v0.1.0
2014-11-29,obm_spent_value_ge155d_btc_daily,5656.63603655,BTC,daily,OBM v0.1.0
2014-11-30,obm_spent_value_ge155d_btc_daily,4028.40780417,BTC,daily,OBM v0.1.0
2014-12-01,obm_spent_value_ge155d_btc_daily,2746.25840095,BTC,daily,OBM v0.1.0
2014-12-02,obm_spent_value_ge155d_btc_daily,6104.90161024,BTC,daily,OBM v0.1.0
2014-12-03,obm_spent_value_ge155d_btc_daily,6720.54668139,BTC,daily,OBM v0.1.0
2014-12-04,obm_spent_value_ge155d_btc_daily,49385.62141772,BTC,daily,OBM v0.1.0
2014-12-05,obm_spent_value_ge155d_btc_daily,2942.66504413,BTC,daily,OBM v0.1.0
2014-12-06,obm_spent_value_ge155d_btc_daily,2891.19077065,BTC,daily,OBM v0.1.0
2014-12-07,obm_spent_value_ge155d_btc_daily,8694.59497884,BTC,daily,OBM v0.1.0
2014-12-08,obm_spent_value_ge155d_btc_daily,149110.68350701,BTC,daily,OBM v0.1.0
2014-12-09,obm_spent_value_ge155d_btc_daily,42513.95825904,BTC,daily,OBM v0.1.0
2014-12-10,obm_spent_value_ge155d_btc_daily,4720.88812508,BTC,daily,OBM v0.1.0
2014-12-11,obm_spent_value_ge155d_btc_daily,5809.46729231,BTC,daily,OBM v0.1.0
2014-12-12,obm_spent_value_ge155d_btc_daily,2917.13085488,BTC,daily,OBM v0.1.0
2014-12-13,obm_spent_value_ge155d_btc_daily,3088.59302334,BTC,daily,OBM v0.1.0
2014-12-14,obm_spent_value_ge155d_btc_daily,2755.01845467,BTC,daily,OBM v0.1.0
2014-12-15,obm_spent_value_ge155d_btc_daily,6717.56620556,BTC,daily,OBM v0.1.0
2014-12-16,obm_spent_value_ge155d_btc_daily,4235.68339080,BTC,daily,OBM v0.1.0
2014-12-17,obm_spent_value_ge155d_btc_daily,4614.11575251,BTC,daily,OBM v0.1.0
2014-12-18,obm_spent_value_ge155d_btc_daily,8065.88806948,BTC,daily,OBM v0.1.0
2014-12-19,obm_spent_value_ge155d_btc_daily,3499.68064497,BTC,daily,OBM v0.1.0
2014-12-20,obm_spent_value_ge155d_btc_daily,5758.07364857,BTC,daily,OBM v0.1.0
2014-12-21,obm_spent_value_ge155d_btc_daily,8362.84763535,BTC,daily,OBM v0.1.0
2014-12-22,obm_spent_value_ge155d_btc_daily,4534.63868802,BTC,daily,OBM v0.1.0
2014-12-23,obm_spent_value_ge155d_btc_daily,4006.02201189,BTC,daily,OBM v0.1.0
2014-12-24,obm_spent_value_ge155d_btc_daily,65934.89380517,BTC,daily,OBM v0.1.0
2014-12-25,obm_spent_value_ge155d_btc_daily,2379.86175433,BTC,daily,OBM v0.1.0
2014-12-26,obm_spent_value_ge155d_btc_daily,3625.62010301,BTC,daily,OBM v0.1.0
2014-12-27,obm_spent_value_ge155d_btc_daily,2191.20321120,BTC,daily,OBM v0.1.0
2014-12-28,obm_spent_value_ge155d_btc_daily,2017.19429591,BTC,daily,OBM v0.1.0
2014-12-29,obm_spent_value_ge155d_btc_daily,4441.62309451,BTC,daily,OBM v0.1.0
2014-12-30,obm_spent_value_ge155d_btc_daily,48806.82180236,BTC,daily,OBM v0.1.0
2014-12-31,obm_spent_value_ge155d_btc_daily,19693.32310333,BTC,daily,OBM v0.1.0
2015-01-01,obm_spent_value_ge155d_btc_daily,1893.70309848,BTC,daily,OBM v0.1.0
2015-01-02,obm_spent_value_ge155d_btc_daily,4307.39320909,BTC,daily,OBM v0.1.0
2015-01-03,obm_spent_value_ge155d_btc_daily,4790.83975861,BTC,daily,OBM v0.1.0
2015-01-04,obm_spent_value_ge155d_btc_daily,11552.25034892,BTC,daily,OBM v0.1.0
2015-01-05,obm_spent_value_ge155d_btc_daily,7825.53614561,BTC,daily,OBM v0.1.0
2015-01-06,obm_spent_value_ge155d_btc_daily,17341.64350495,BTC,daily,OBM v0.1.0
2015-01-07,obm_spent_value_ge155d_btc_daily,9415.71210925,BTC,daily,OBM v0.1.0
2015-01-08,obm_spent_value_ge155d_btc_daily,18975.41584031,BTC,daily,OBM v0.1.0
2015-01-09,obm_spent_value_ge155d_btc_daily,6088.75513564,BTC,daily,OBM v0.1.0
2015-01-10,obm_spent_value_ge155d_btc_daily,5298.08443873,BTC,daily,OBM v0.1.0
2015-01-11,obm_spent_value_ge155d_btc_daily,7334.69473424,BTC,daily,OBM v0.1.0
2015-01-12,obm_spent_value_ge155d_btc_daily,10527.45725587,BTC,daily,OBM v0.1.0
2015-01-13,obm_spent_value_ge155d_btc_daily,20964.85582497,BTC,daily,OBM v0.1.0
2015-01-14,obm_spent_value_ge155d_btc_daily,26039.60901684,BTC,daily,OBM v0.1.0
2015-01-15,obm_spent_value_ge155d_btc_daily,13486.76927806,BTC,daily,OBM v0.1.0
2015-01-16,obm_spent_value_ge155d_btc_daily,10239.44507593,BTC,daily,OBM v0.1.0
2015-01-17,obm_spent_value_ge155d_btc_daily,4722.24454039,BTC,daily,OBM v0.1.0
2015-01-18,obm_spent_value_ge155d_btc_daily,4933.39677871,BTC,daily,OBM v0.1.0
2015-01-19,obm_spent_value_ge155d_btc_daily,2697.77161891,BTC,daily,OBM v0.1.0
2015-01-20,obm_spent_value_ge155d_btc_daily,2740.18468902,BTC,daily,OBM v0.1.0
2015-01-21,obm_spent_value_ge155d_btc_daily,18854.84764621,BTC,daily,OBM v0.1.0
2015-01-22,obm_spent_value_ge155d_btc_daily,3440.34211144,BTC,daily,OBM v0.1.0
2015-01-23,obm_spent_value_ge155d_btc_daily,2958.03105951,BTC,daily,OBM v0.1.0
2015-01-24,obm_spent_value_ge155d_btc_daily,4522.78579113,BTC,daily,OBM v0.1.0
2015-01-25,obm_spent_value_ge155d_btc_daily,2241.58044468,BTC,daily,OBM v0.1.0
2015-01-26,obm_spent_value_ge155d_btc_daily,51721.62649715,BTC,daily,OBM v0.1.0
2015-01-27,obm_spent_value_ge155d_btc_daily,6234.79319363,BTC,daily,OBM v0.1.0
2015-01-28,obm_spent_value_ge155d_btc_daily,4952.19114369,BTC,daily,OBM v0.1.0
2015-01-29,obm_spent_value_ge155d_btc_daily,5801.28450335,BTC,daily,OBM v0.1.0
2015-01-30,obm_spent_value_ge155d_btc_daily,2914.07179997,BTC,daily,OBM v0.1.0
2015-01-31,obm_spent_value_ge155d_btc_daily,2218.25965465,BTC,daily,OBM v0.1.0
2015-02-01,obm_spent_value_ge155d_btc_daily,2838.39679255,BTC,daily,OBM v0.1.0
2015-02-02,obm_spent_value_ge155d_btc_daily,5251.20403928,BTC,daily,OBM v0.1.0
2015-02-03,obm_spent_value_ge155d_btc_daily,5081.42820708,BTC,daily,OBM v0.1.0
2015-02-04,obm_spent_value_ge155d_btc_daily,13601.77844227,BTC,daily,OBM v0.1.0
2015-02-05,obm_spent_value_ge155d_btc_daily,7904.23466843,BTC,daily,OBM v0.1.0
2015-02-06,obm_spent_value_ge155d_btc_daily,3285.40099402,BTC,daily,OBM v0.1.0
2015-02-07,obm_spent_value_ge155d_btc_daily,1805.50585467,BTC,daily,OBM v0.1.0
2015-02-08,obm_spent_value_ge155d_btc_daily,1989.08966199,BTC,daily,OBM v0.1.0
2015-02-09,obm_spent_value_ge155d_btc_daily,5761.18614322,BTC,daily,OBM v0.1.0
2015-02-10,obm_spent_value_ge155d_btc_daily,2383.17430406,BTC,daily,OBM v0.1.0
2015-02-11,obm_spent_value_ge155d_btc_daily,3902.87405358,BTC,daily,OBM v0.1.0
2015-02-12,obm_spent_value_ge155d_btc_daily,4316.19580134,BTC,daily,OBM v0.1.0
2015-02-13,obm_spent_value_ge155d_btc_daily,7253.63166555,BTC,daily,OBM v0.1.0
2015-02-14,obm_spent_value_ge155d_btc_daily,7385.15241151,BTC,daily,OBM v0.1.0
2015-02-15,obm_spent_value_ge155d_btc_daily,4386.29438715,BTC,daily,OBM v0.1.0
2015-02-16,obm_spent_value_ge155d_btc_daily,4596.17383790,BTC,daily,OBM v0.1.0
2015-02-17,obm_spent_value_ge155d_btc_daily,4985.01053975,BTC,daily,OBM v0.1.0
2015-02-18,obm_spent_value_ge155d_btc_daily,2711.46919494,BTC,daily,OBM v0.1.0
2015-02-19,obm_spent_value_ge155d_btc_daily,28993.40572803,BTC,daily,OBM v0.1.0
2015-02-20,obm_spent_value_ge155d_btc_daily,29120.80086898,BTC,daily,OBM v0.1.0
2015-02-21,obm_spent_value_ge155d_btc_daily,1475.99622759,BTC,daily,OBM v0.1.0
2015-02-22,obm_spent_value_ge155d_btc_daily,3280.86054269,BTC,daily,OBM v0.1.0
2015-02-23,obm_spent_value_ge155d_btc_daily,9528.15430596,BTC,daily,OBM v0.1.0
2015-02-24,obm_spent_value_ge155d_btc_daily,5583.83983206,BTC,daily,OBM v0.1.0
2015-02-25,obm_spent_value_ge155d_btc_daily,15921.52071496,BTC,daily,OBM v0.1.0
2015-02-26,obm_spent_value_ge155d_btc_daily,2760.91225170,BTC,daily,OBM v0.1.0
2015-02-27,obm_spent_value_ge155d_btc_daily,6988.10543224,BTC,daily,OBM v0.1.0
2015-02-28,obm_spent_value_ge155d_btc_daily,10327.27263755,BTC,daily,OBM v0.1.0
2015-03-01,obm_spent_value_ge155d_btc_daily,15182.83006025,BTC,daily,OBM v0.1.0
2015-03-02,obm_spent_value_ge155d_btc_daily,4917.71798113,BTC,daily,OBM v0.1.0
2015-03-03,obm_spent_value_ge155d_btc_daily,28016.28546327,BTC,daily,OBM v0.1.0
2015-03-04,obm_spent_value_ge155d_btc_daily,8218.19809837,BTC,daily,OBM v0.1.0
2015-03-05,obm_spent_value_ge155d_btc_daily,20614.86344248,BTC,daily,OBM v0.1.0
2015-03-06,obm_spent_value_ge155d_btc_daily,11605.72287900,BTC,daily,OBM v0.1.0
2015-03-07,obm_spent_value_ge155d_btc_daily,16019.68740618,BTC,daily,OBM v0.1.0
2015-03-08,obm_spent_value_ge155d_btc_daily,16069.44418529,BTC,daily,OBM v0.1.0
2015-03-09,obm_spent_value_ge155d_btc_daily,1715.84923953,BTC,daily,OBM v0.1.0
2015-03-10,obm_spent_value_ge155d_btc_daily,45972.05937443,BTC,daily,OBM v0.1.0
2015-03-11,obm_spent_value_ge155d_btc_daily,4375.56681456,BTC,daily,OBM v0.1.0
2015-03-12,obm_spent_value_ge155d_btc_daily,4142.12922519,BTC,daily,OBM v0.1.0
2015-03-13,obm_spent_value_ge155d_btc_daily,17302.54560927,BTC,daily,OBM v0.1.0
2015-03-14,obm_spent_value_ge155d_btc_daily,2306.50838505,BTC,daily,OBM v0.1.0
2015-03-15,obm_spent_value_ge155d_btc_daily,3139.07586292,BTC,daily,OBM v0.1.0
2015-03-16,obm_spent_value_ge155d_btc_daily,6153.80360175,BTC,daily,OBM v0.1.0
2015-03-17,obm_spent_value_ge155d_btc_daily,2227.79737539,BTC,daily,OBM v0.1.0
2015-03-18,obm_spent_value_ge155d_btc_daily,10764.75174175,BTC,daily,OBM v0.1.0
2015-03-19,obm_spent_value_ge155d_btc_daily,7553.08600009,BTC,daily,OBM v0.1.0
2015-03-20,obm_spent_value_ge155d_btc_daily,5167.52942181,BTC,daily,OBM v0.1.0
2015-03-21,obm_spent_value_ge155d_btc_daily,4238.21550674,BTC,daily,OBM v0.1.0
2015-03-22,obm_spent_value_ge155d_btc_daily,4089.12062525,BTC,daily,OBM v0.1.0
2015-03-23,obm_spent_value_ge155d_btc_daily,3204.70493400,BTC,daily,OBM v0.1.0
2015-03-24,obm_spent_value_ge155d_btc_daily,4957.06003386,BTC,daily,OBM v0.1.0
2015-03-25,obm_spent_value_ge155d_btc_daily,9580.50620704,BTC,daily,OBM v0.1.0
2015-03-26,obm_spent_value_ge155d_btc_daily,4136.94023331,BTC,daily,OBM v0.1.0
2015-03-27,obm_spent_value_ge155d_btc_daily,7594.79989634,BTC,daily,OBM v0.1.0
2015-03-28,obm_spent_value_ge155d_btc_daily,2257.91866390,BTC,daily,OBM v0.1.0
2015-03-29,obm_spent_value_ge155d_btc_daily,2064.97723962,BTC,daily,OBM v0.1.0
2015-03-30,obm_spent_value_ge155d_btc_daily,1808.00252923,BTC,daily,OBM v0.1.0
2015-03-31,obm_spent_value_ge155d_btc_daily,2232.71769114,BTC,daily,OBM v0.1.0
2015-04-01,obm_spent_value_ge155d_btc_daily,24796.29893553,BTC,daily,OBM v0.1.0
2015-04-02,obm_spent_value_ge155d_btc_daily,15936.67087966,BTC,daily,OBM v0.1.0
2015-04-03,obm_spent_value_ge155d_btc_daily,6046.49286045,BTC,daily,OBM v0.1.0
2015-04-04,obm_spent_value_ge155d_btc_daily,2414.27830396,BTC,daily,OBM v0.1.0
2015-04-05,obm_spent_value_ge155d_btc_daily,2963.83830132,BTC,daily,OBM v0.1.0
2015-04-06,obm_spent_value_ge155d_btc_daily,3259.79827663,BTC,daily,OBM v0.1.0
2015-04-07,obm_spent_value_ge155d_btc_daily,3295.79218769,BTC,daily,OBM v0.1.0
2015-04-08,obm_spent_value_ge155d_btc_daily,5459.37432821,BTC,daily,OBM v0.1.0
2015-04-09,obm_spent_value_ge155d_btc_daily,6727.35368208,BTC,daily,OBM v0.1.0
2015-04-10,obm_spent_value_ge155d_btc_daily,42134.98645886,BTC,daily,OBM v0.1.0
2015-04-11,obm_spent_value_ge155d_btc_daily,1526.04537830,BTC,daily,OBM v0.1.0
2015-04-12,obm_spent_value_ge155d_btc_daily,5717.43536500,BTC,daily,OBM v0.1.0
2015-04-13,obm_spent_value_ge155d_btc_daily,8113.12940185,BTC,daily,OBM v0.1.0
2015-04-14,obm_spent_value_ge155d_btc_daily,6405.15361126,BTC,daily,OBM v0.1.0
2015-04-15,obm_spent_value_ge155d_btc_daily,31678.99452644,BTC,daily,OBM v0.1.0
2015-04-16,obm_spent_value_ge155d_btc_daily,3482.93001699,BTC,daily,OBM v0.1.0
2015-04-17,obm_spent_value_ge155d_btc_daily,3796.53677117,BTC,daily,OBM v0.1.0
2015-04-18,obm_spent_value_ge155d_btc_daily,1345.48137260,BTC,daily,OBM v0.1.0
2015-04-19,obm_spent_value_ge155d_btc_daily,1206.19067336,BTC,daily,OBM v0.1.0
2015-04-20,obm_spent_value_ge155d_btc_daily,7564.66738895,BTC,daily,OBM v0.1.0
2015-04-21,obm_spent_value_ge155d_btc_daily,7063.29421103,BTC,daily,OBM v0.1.0
2015-04-22,obm_spent_value_ge155d_btc_daily,3417.60941179,BTC,daily,OBM v0.1.0
2015-04-23,obm_spent_value_ge155d_btc_daily,71712.09155957,BTC,daily,OBM v0.1.0
2015-04-24,obm_spent_value_ge155d_btc_daily,4129.92617965,BTC,daily,OBM v0.1.0
2015-04-25,obm_spent_value_ge155d_btc_daily,5971.06159491,BTC,daily,OBM v0.1.0
2015-04-26,obm_spent_value_ge155d_btc_daily,3052.35282354,BTC,daily,OBM v0.1.0
2015-04-27,obm_spent_value_ge155d_btc_daily,7041.37721840,BTC,daily,OBM v0.1.0
2015-04-28,obm_spent_value_ge155d_btc_daily,4290.48975928,BTC,daily,OBM v0.1.0
2015-04-29,obm_spent_value_ge155d_btc_daily,2882.52435671,BTC,daily,OBM v0.1.0
2015-04-30,obm_spent_value_ge155d_btc_daily,2143.76942650,BTC,daily,OBM v0.1.0
2015-05-01,obm_spent_value_ge155d_btc_daily,3172.91629134,BTC,daily,OBM v0.1.0
2015-05-02,obm_spent_value_ge155d_btc_daily,1711.99642025,BTC,daily,OBM v0.1.0
2015-05-03,obm_spent_value_ge155d_btc_daily,5033.27353989,BTC,daily,OBM v0.1.0
2015-05-04,obm_spent_value_ge155d_btc_daily,3497.15965663,BTC,daily,OBM v0.1.0
2015-05-05,obm_spent_value_ge155d_btc_daily,6004.19180092,BTC,daily,OBM v0.1.0
2015-05-06,obm_spent_value_ge155d_btc_daily,2943.10222661,BTC,daily,OBM v0.1.0
2015-05-07,obm_spent_value_ge155d_btc_daily,2567.51470218,BTC,daily,OBM v0.1.0
2015-05-08,obm_spent_value_ge155d_btc_daily,2189.07384525,BTC,daily,OBM v0.1.0
2015-05-09,obm_spent_value_ge155d_btc_daily,3146.06444086,BTC,daily,OBM v0.1.0
2015-05-10,obm_spent_value_ge155d_btc_daily,2492.02260764,BTC,daily,OBM v0.1.0
2015-05-11,obm_spent_value_ge155d_btc_daily,13346.59463691,BTC,daily,OBM v0.1.0
2015-05-12,obm_spent_value_ge155d_btc_daily,5089.88837823,BTC,daily,OBM v0.1.0
2015-05-13,obm_spent_value_ge155d_btc_daily,4508.23636819,BTC,daily,OBM v0.1.0
2015-05-14,obm_spent_value_ge155d_btc_daily,3364.80253172,BTC,daily,OBM v0.1.0
2015-05-15,obm_spent_value_ge155d_btc_daily,3307.90373173,BTC,daily,OBM v0.1.0
2015-05-16,obm_spent_value_ge155d_btc_daily,3531.50950155,BTC,daily,OBM v0.1.0
2015-05-17,obm_spent_value_ge155d_btc_daily,1903.30918440,BTC,daily,OBM v0.1.0
2015-05-18,obm_spent_value_ge155d_btc_daily,4079.89040806,BTC,daily,OBM v0.1.0
2015-05-19,obm_spent_value_ge155d_btc_daily,3753.02505172,BTC,daily,OBM v0.1.0
2015-05-20,obm_spent_value_ge155d_btc_daily,3064.76733031,BTC,daily,OBM v0.1.0
2015-05-21,obm_spent_value_ge155d_btc_daily,2585.11646641,BTC,daily,OBM v0.1.0
2015-05-22,obm_spent_value_ge155d_btc_daily,6510.12368768,BTC,daily,OBM v0.1.0
2015-05-23,obm_spent_value_ge155d_btc_daily,3267.71677533,BTC,daily,OBM v0.1.0
2015-05-24,obm_spent_value_ge155d_btc_daily,1958.42997440,BTC,daily,OBM v0.1.0
2015-05-25,obm_spent_value_ge155d_btc_daily,6554.89886645,BTC,daily,OBM v0.1.0
2015-05-26,obm_spent_value_ge155d_btc_daily,3615.62492355,BTC,daily,OBM v0.1.0
2015-05-27,obm_spent_value_ge155d_btc_daily,5153.94023163,BTC,daily,OBM v0.1.0
2015-05-28,obm_spent_value_ge155d_btc_daily,9091.30617761,BTC,daily,OBM v0.1.0
2015-05-29,obm_spent_value_ge155d_btc_daily,5083.53790168,BTC,daily,OBM v0.1.0
2015-05-30,obm_spent_value_ge155d_btc_daily,38027.41530062,BTC,daily,OBM v0.1.0
2015-05-31,obm_spent_value_ge155d_btc_daily,6185.42124351,BTC,daily,OBM v0.1.0
2015-06-01,obm_spent_value_ge155d_btc_daily,11378.64262555,BTC,daily,OBM v0.1.0
2015-06-02,obm_spent_value_ge155d_btc_daily,5711.64790738,BTC,daily,OBM v0.1.0
2015-06-03,obm_spent_value_ge155d_btc_daily,2272.62248922,BTC,daily,OBM v0.1.0
2015-06-04,obm_spent_value_ge155d_btc_daily,5678.36228474,BTC,daily,OBM v0.1.0
2015-06-05,obm_spent_value_ge155d_btc_daily,2518.10115334,BTC,daily,OBM v0.1.0
2015-06-06,obm_spent_value_ge155d_btc_daily,1539.69462114,BTC,daily,OBM v0.1.0
2015-06-07,obm_spent_value_ge155d_btc_daily,7184.96220902,BTC,daily,OBM v0.1.0
2015-06-08,obm_spent_value_ge155d_btc_daily,2854.48583449,BTC,daily,OBM v0.1.0
2015-06-09,obm_spent_value_ge155d_btc_daily,2756.34780504,BTC,daily,OBM v0.1.0
2015-06-10,obm_spent_value_ge155d_btc_daily,6555.52577333,BTC,daily,OBM v0.1.0
2015-06-11,obm_spent_value_ge155d_btc_daily,5883.77675085,BTC,daily,OBM v0.1.0
2015-06-12,obm_spent_value_ge155d_btc_daily,11339.59637808,BTC,daily,OBM v0.1.0
2015-06-13,obm_spent_value_ge155d_btc_daily,6773.22508234,BTC,daily,OBM v0.1.0
2015-06-14,obm_spent_value_ge155d_btc_daily,6003.78180277,BTC,daily,OBM v0.1.0
2015-06-15,obm_spent_value_ge155d_btc_daily,4474.62909334,BTC,daily,OBM v0.1.0
2015-06-16,obm_spent_value_ge155d_btc_daily,9342.39455483,BTC,daily,OBM v0.1.0
2015-06-17,obm_spent_value_ge155d_btc_daily,8359.03791915,BTC,daily,OBM v0.1.0
2015-06-18,obm_spent_value_ge155d_btc_daily,4330.25045271,BTC,daily,OBM v0.1.0
2015-06-19,obm_spent_value_ge155d_btc_daily,12298.43781850,BTC,daily,OBM v0.1.0
2015-06-20,obm_spent_value_ge155d_btc_daily,17309.58802896,BTC,daily,OBM v0.1.0
2015-06-21,obm_spent_value_ge155d_btc_daily,5813.51878948,BTC,daily,OBM v0.1.0
2015-06-22,obm_spent_value_ge155d_btc_daily,3724.83899032,BTC,daily,OBM v0.1.0
2015-06-23,obm_spent_value_ge155d_btc_daily,7922.99633964,BTC,daily,OBM v0.1.0
2015-06-24,obm_spent_value_ge155d_btc_daily,5545.57520551,BTC,daily,OBM v0.1.0
2015-06-25,obm_spent_value_ge155d_btc_daily,4372.61952129,BTC,daily,OBM v0.1.0
2015-06-26,obm_spent_value_ge155d_btc_daily,6466.66333857,BTC,daily,OBM v0.1.0
2015-06-27,obm_spent_value_ge155d_btc_daily,4056.91417639,BTC,daily,OBM v0.1.0
2015-06-28,obm_spent_value_ge155d_btc_daily,2101.11693398,BTC,daily,OBM v0.1.0
2015-06-29,obm_spent_value_ge155d_btc_daily,9418.66406047,BTC,daily,OBM v0.1.0
2015-06-30,obm_spent_value_ge155d_btc_daily,7514.34150004,BTC,daily,OBM v0.1.0
2015-07-01,obm_spent_value_ge155d_btc_daily,4681.46447254,BTC,daily,OBM v0.1.0
2015-07-02,obm_spent_value_ge155d_btc_daily,6965.58027304,BTC,daily,OBM v0.1.0
2015-07-03,obm_spent_value_ge155d_btc_daily,17882.22160006,BTC,daily,OBM v0.1.0
2015-07-04,obm_spent_value_ge155d_btc_daily,1925.02099477,BTC,daily,OBM v0.1.0
2015-07-05,obm_spent_value_ge155d_btc_daily,8154.71067934,BTC,daily,OBM v0.1.0
2015-07-06,obm_spent_value_ge155d_btc_daily,16571.56764934,BTC,daily,OBM v0.1.0
2015-07-07,obm_spent_value_ge155d_btc_daily,13458.96688027,BTC,daily,OBM v0.1.0
2015-07-08,obm_spent_value_ge155d_btc_daily,14464.56482062,BTC,daily,OBM v0.1.0
2015-07-09,obm_spent_value_ge155d_btc_daily,14386.00583534,BTC,daily,OBM v0.1.0
2015-07-10,obm_spent_value_ge155d_btc_daily,14750.33750182,BTC,daily,OBM v0.1.0
2015-07-11,obm_spent_value_ge155d_btc_daily,15798.41757199,BTC,daily,OBM v0.1.0
2015-07-12,obm_spent_value_ge155d_btc_daily,15745.95902049,BTC,daily,OBM v0.1.0
2015-07-13,obm_spent_value_ge155d_btc_daily,6532.13177916,BTC,daily,OBM v0.1.0
2015-07-14,obm_spent_value_ge155d_btc_daily,5096.08746586,BTC,daily,OBM v0.1.0
2015-07-15,obm_spent_value_ge155d_btc_daily,5043.68191307,BTC,daily,OBM v0.1.0
2015-07-16,obm_spent_value_ge155d_btc_daily,6027.88565850,BTC,daily,OBM v0.1.0
2015-07-17,obm_spent_value_ge155d_btc_daily,10247.74921538,BTC,daily,OBM v0.1.0
2015-07-18,obm_spent_value_ge155d_btc_daily,6159.24058793,BTC,daily,OBM v0.1.0
2015-07-19,obm_spent_value_ge155d_btc_daily,2553.00374297,BTC,daily,OBM v0.1.0
2015-07-20,obm_spent_value_ge155d_btc_daily,14336.52594591,BTC,daily,OBM v0.1.0
2015-07-21,obm_spent_value_ge155d_btc_daily,7551.26580039,BTC,daily,OBM v0.1.0
2015-07-22,obm_spent_value_ge155d_btc_daily,3671.89334377,BTC,daily,OBM v0.1.0
2015-07-23,obm_spent_value_ge155d_btc_daily,3183.35396934,BTC,daily,OBM v0.1.0
2015-07-24,obm_spent_value_ge155d_btc_daily,4148.59236455,BTC,daily,OBM v0.1.0
2015-07-25,obm_spent_value_ge155d_btc_daily,11947.27696435,BTC,daily,OBM v0.1.0
2015-07-26,obm_spent_value_ge155d_btc_daily,4224.81369079,BTC,daily,OBM v0.1.0
2015-07-27,obm_spent_value_ge155d_btc_daily,5295.66074077,BTC,daily,OBM v0.1.0
2015-07-28,obm_spent_value_ge155d_btc_daily,6440.42443022,BTC,daily,OBM v0.1.0
2015-07-29,obm_spent_value_ge155d_btc_daily,5423.68170572,BTC,daily,OBM v0.1.0
2015-07-30,obm_spent_value_ge155d_btc_daily,7259.63440998,BTC,daily,OBM v0.1.0
2015-07-31,obm_spent_value_ge155d_btc_daily,5697.98954149,BTC,daily,OBM v0.1.0
2015-08-01,obm_spent_value_ge155d_btc_daily,3059.68380440,BTC,daily,OBM v0.1.0
2015-08-02,obm_spent_value_ge155d_btc_daily,1710.05592108,BTC,daily,OBM v0.1.0
2015-08-03,obm_spent_value_ge155d_btc_daily,7547.26191378,BTC,daily,OBM v0.1.0
2015-08-04,obm_spent_value_ge155d_btc_daily,7450.76191907,BTC,daily,OBM v0.1.0
2015-08-05,obm_spent_value_ge155d_btc_daily,4595.12142052,BTC,daily,OBM v0.1.0
2015-08-06,obm_spent_value_ge155d_btc_daily,3123.69060904,BTC,daily,OBM v0.1.0
2015-08-07,obm_spent_value_ge155d_btc_daily,5296.23681183,BTC,daily,OBM v0.1.0
2015-08-08,obm_spent_value_ge155d_btc_daily,4110.39391638,BTC,daily,OBM v0.1.0
2015-08-09,obm_spent_value_ge155d_btc_daily,125801.79571833,BTC,daily,OBM v0.1.0
2015-08-10,obm_spent_value_ge155d_btc_daily,3610.82057045,BTC,daily,OBM v0.1.0
2015-08-11,obm_spent_value_ge155d_btc_daily,6857.56585006,BTC,daily,OBM v0.1.0
2015-08-12,obm_spent_value_ge155d_btc_daily,7527.38918039,BTC,daily,OBM v0.1.0
2015-08-13,obm_spent_value_ge155d_btc_daily,10754.87758662,BTC,daily,OBM v0.1.0
2015-08-14,obm_spent_value_ge155d_btc_daily,10525.84393126,BTC,daily,OBM v0.1.0
2015-08-15,obm_spent_value_ge155d_btc_daily,6428.23900288,BTC,daily,OBM v0.1.0
2015-08-16,obm_spent_value_ge155d_btc_daily,7895.04710836,BTC,daily,OBM v0.1.0
2015-08-17,obm_spent_value_ge155d_btc_daily,6310.27607792,BTC,daily,OBM v0.1.0
2015-08-18,obm_spent_value_ge155d_btc_daily,6306.03006418,BTC,daily,OBM v0.1.0
2015-08-19,obm_spent_value_ge155d_btc_daily,20947.98669365,BTC,daily,OBM v0.1.0
2015-08-20,obm_spent_value_ge155d_btc_daily,13660.28869344,BTC,daily,OBM v0.1.0
2015-08-21,obm_spent_value_ge155d_btc_daily,5673.83208866,BTC,daily,OBM v0.1.0
2015-08-22,obm_spent_value_ge155d_btc_daily,8353.02675144,BTC,daily,OBM v0.1.0
2015-08-23,obm_spent_value_ge155d_btc_daily,12512.52450131,BTC,daily,OBM v0.1.0
2015-08-24,obm_spent_value_ge155d_btc_daily,35689.81566533,BTC,daily,OBM v0.1.0
2015-08-25,obm_spent_value_ge155d_btc_daily,44924.86130040,BTC,daily,OBM v0.1.0
2015-08-26,obm_spent_value_ge155d_btc_daily,58102.92171103,BTC,daily,OBM v0.1.0
2015-08-27,obm_spent_value_ge155d_btc_daily,8634.46628677,BTC,daily,OBM v0.1.0
2015-08-28,obm_spent_value_ge155d_btc_daily,5331.39974264,BTC,daily,OBM v0.1.0
2015-08-29,obm_spent_value_ge155d_btc_daily,8499.64210659,BTC,daily,OBM v0.1.0
2015-08-30,obm_spent_value_ge155d_btc_daily,6341.72259793,BTC,daily,OBM v0.1.0
2015-08-31,obm_spent_value_ge155d_btc_daily,3958.81060049,BTC,daily,OBM v0.1.0
2015-09-01,obm_spent_value_ge155d_btc_daily,6914.09553078,BTC,daily,OBM v0.1.0
2015-09-02,obm_spent_value_ge155d_btc_daily,8253.14731536,BTC,daily,OBM v0.1.0
2015-09-03,obm_spent_value_ge155d_btc_daily,13972.84650203,BTC,daily,OBM v0.1.0
2015-09-04,obm_spent_value_ge155d_btc_daily,5078.43191716,BTC,daily,OBM v0.1.0
2015-09-05,obm_spent_value_ge155d_btc_daily,3946.17518142,BTC,daily,OBM v0.1.0
2015-09-06,obm_spent_value_ge155d_btc_daily,8932.57796615,BTC,daily,OBM v0.1.0
2015-09-07,obm_spent_value_ge155d_btc_daily,2234.02974658,BTC,daily,OBM v0.1.0
2015-09-08,obm_spent_value_ge155d_btc_daily,5353.60673422,BTC,daily,OBM v0.1.0
2015-09-09,obm_spent_value_ge155d_btc_daily,10338.40006633,BTC,daily,OBM v0.1.0
2015-09-10,obm_spent_value_ge155d_btc_daily,16921.75314282,BTC,daily,OBM v0.1.0
2015-09-11,obm_spent_value_ge155d_btc_daily,2714.65446366,BTC,daily,OBM v0.1.0
2015-09-12,obm_spent_value_ge155d_btc_daily,2141.54746878,BTC,daily,OBM v0.1.0
2015-09-13,obm_spent_value_ge155d_btc_daily,2475.42069157,BTC,daily,OBM v0.1.0
2015-09-14,obm_spent_value_ge155d_btc_daily,2500.02369383,BTC,daily,OBM v0.1.0
2015-09-15,obm_spent_value_ge155d_btc_daily,2760.63232328,BTC,daily,OBM v0.1.0
2015-09-16,obm_spent_value_ge155d_btc_daily,4964.98635710,BTC,daily,OBM v0.1.0
2015-09-17,obm_spent_value_ge155d_btc_daily,3378.89837912,BTC,daily,OBM v0.1.0
2015-09-18,obm_spent_value_ge155d_btc_daily,2240.07786625,BTC,daily,OBM v0.1.0
2015-09-19,obm_spent_value_ge155d_btc_daily,3426.76611084,BTC,daily,OBM v0.1.0
2015-09-20,obm_spent_value_ge155d_btc_daily,2569.82620435,BTC,daily,OBM v0.1.0
2015-09-21,obm_spent_value_ge155d_btc_daily,10833.47193618,BTC,daily,OBM v0.1.0
2015-09-22,obm_spent_value_ge155d_btc_daily,7800.35385532,BTC,daily,OBM v0.1.0
2015-09-23,obm_spent_value_ge155d_btc_daily,24032.16029761,BTC,daily,OBM v0.1.0
2015-09-24,obm_spent_value_ge155d_btc_daily,3096.41851159,BTC,daily,OBM v0.1.0
2015-09-25,obm_spent_value_ge155d_btc_daily,3311.65388602,BTC,daily,OBM v0.1.0
2015-09-26,obm_spent_value_ge155d_btc_daily,2161.25190280,BTC,daily,OBM v0.1.0
2015-09-27,obm_spent_value_ge155d_btc_daily,1527.12430814,BTC,daily,OBM v0.1.0
2015-09-28,obm_spent_value_ge155d_btc_daily,10886.04456432,BTC,daily,OBM v0.1.0
2015-09-29,obm_spent_value_ge155d_btc_daily,2018.09045660,BTC,daily,OBM v0.1.0
2015-09-30,obm_spent_value_ge155d_btc_daily,6286.44961487,BTC,daily,OBM v0.1.0
2015-10-01,obm_spent_value_ge155d_btc_daily,9127.33264040,BTC,daily,OBM v0.1.0
2015-10-02,obm_spent_value_ge155d_btc_daily,1538.70179764,BTC,daily,OBM v0.1.0
2015-10-03,obm_spent_value_ge155d_btc_daily,8617.92583765,BTC,daily,OBM v0.1.0
2015-10-04,obm_spent_value_ge155d_btc_daily,3182.23909166,BTC,daily,OBM v0.1.0
2015-10-05,obm_spent_value_ge155d_btc_daily,4427.88827176,BTC,daily,OBM v0.1.0
2015-10-06,obm_spent_value_ge155d_btc_daily,5987.67483058,BTC,daily,OBM v0.1.0
2015-10-07,obm_spent_value_ge155d_btc_daily,47373.20603879,BTC,daily,OBM v0.1.0
2015-10-08,obm_spent_value_ge155d_btc_daily,9112.11160276,BTC,daily,OBM v0.1.0
2015-10-09,obm_spent_value_ge155d_btc_daily,3465.02395621,BTC,daily,OBM v0.1.0
2015-10-10,obm_spent_value_ge155d_btc_daily,5534.61816645,BTC,daily,OBM v0.1.0
2015-10-11,obm_spent_value_ge155d_btc_daily,3176.64314031,BTC,daily,OBM v0.1.0
2015-10-12,obm_spent_value_ge155d_btc_daily,15350.77322962,BTC,daily,OBM v0.1.0
2015-10-13,obm_spent_value_ge155d_btc_daily,6654.05640673,BTC,daily,OBM v0.1.0
2015-10-14,obm_spent_value_ge155d_btc_daily,14160.61500387,BTC,daily,OBM v0.1.0
2015-10-15,obm_spent_value_ge155d_btc_daily,6222.92457152,BTC,daily,OBM v0.1.0
2015-10-16,obm_spent_value_ge155d_btc_daily,6277.05204322,BTC,daily,OBM v0.1.0
2015-10-17,obm_spent_value_ge155d_btc_daily,6029.52079502,BTC,daily,OBM v0.1.0
2015-10-18,obm_spent_value_ge155d_btc_daily,4133.41283641,BTC,daily,OBM v0.1.0
2015-10-19,obm_spent_value_ge155d_btc_daily,6771.23710924,BTC,daily,OBM v0.1.0
2015-10-20,obm_spent_value_ge155d_btc_daily,6916.18823119,BTC,daily,OBM v0.1.0
2015-10-21,obm_spent_value_ge155d_btc_daily,10117.18583759,BTC,daily,OBM v0.1.0
2015-10-22,obm_spent_value_ge155d_btc_daily,8894.97388119,BTC,daily,OBM v0.1.0
2015-10-23,obm_spent_value_ge155d_btc_daily,5091.95470459,BTC,daily,OBM v0.1.0
2015-10-24,obm_spent_value_ge155d_btc_daily,2122.09625226,BTC,daily,OBM v0.1.0
2015-10-25,obm_spent_value_ge155d_btc_daily,7725.03562478,BTC,daily,OBM v0.1.0
2015-10-26,obm_spent_value_ge155d_btc_daily,6776.52295713,BTC,daily,OBM v0.1.0
2015-10-27,obm_spent_value_ge155d_btc_daily,8558.72289310,BTC,daily,OBM v0.1.0
2015-10-28,obm_spent_value_ge155d_btc_daily,163370.22665264,BTC,daily,OBM v0.1.0
2015-10-29,obm_spent_value_ge155d_btc_daily,8315.23669820,BTC,daily,OBM v0.1.0
2015-10-30,obm_spent_value_ge155d_btc_daily,30832.10663566,BTC,daily,OBM v0.1.0
2015-10-31,obm_spent_value_ge155d_btc_daily,15871.74664054,BTC,daily,OBM v0.1.0
2015-11-01,obm_spent_value_ge155d_btc_daily,17742.35006561,BTC,daily,OBM v0.1.0
2015-11-02,obm_spent_value_ge155d_btc_daily,7154.17344286,BTC,daily,OBM v0.1.0
2015-11-03,obm_spent_value_ge155d_btc_daily,50975.30456697,BTC,daily,OBM v0.1.0
2015-11-04,obm_spent_value_ge155d_btc_daily,46583.40651979,BTC,daily,OBM v0.1.0
2015-11-05,obm_spent_value_ge155d_btc_daily,28687.18299933,BTC,daily,OBM v0.1.0
2015-11-06,obm_spent_value_ge155d_btc_daily,10830.39658473,BTC,daily,OBM v0.1.0
2015-11-07,obm_spent_value_ge155d_btc_daily,29922.91311741,BTC,daily,OBM v0.1.0
2015-11-08,obm_spent_value_ge155d_btc_daily,10514.73901020,BTC,daily,OBM v0.1.0
2015-11-09,obm_spent_value_ge155d_btc_daily,63728.47818414,BTC,daily,OBM v0.1.0
2015-11-10,obm_spent_value_ge155d_btc_daily,23168.34554678,BTC,daily,OBM v0.1.0
2015-11-11,obm_spent_value_ge155d_btc_daily,17432.46384534,BTC,daily,OBM v0.1.0
2015-11-12,obm_spent_value_ge155d_btc_daily,8839.57545097,BTC,daily,OBM v0.1.0
2015-11-13,obm_spent_value_ge155d_btc_daily,23006.66191492,BTC,daily,OBM v0.1.0
2015-11-14,obm_spent_value_ge155d_btc_daily,14348.94648780,BTC,daily,OBM v0.1.0
2015-11-15,obm_spent_value_ge155d_btc_daily,7333.58313400,BTC,daily,OBM v0.1.0
2015-11-16,obm_spent_value_ge155d_btc_daily,5476.82476362,BTC,daily,OBM v0.1.0
2015-11-17,obm_spent_value_ge155d_btc_daily,12795.82756031,BTC,daily,OBM v0.1.0
2015-11-18,obm_spent_value_ge155d_btc_daily,3246.86497027,BTC,daily,OBM v0.1.0
2015-11-19,obm_spent_value_ge155d_btc_daily,10060.41109834,BTC,daily,OBM v0.1.0
2015-11-20,obm_spent_value_ge155d_btc_daily,8975.45679324,BTC,daily,OBM v0.1.0
2015-11-21,obm_spent_value_ge155d_btc_daily,4874.38624434,BTC,daily,OBM v0.1.0
2015-11-22,obm_spent_value_ge155d_btc_daily,8684.61672068,BTC,daily,OBM v0.1.0
2015-11-23,obm_spent_value_ge155d_btc_daily,3798.04134096,BTC,daily,OBM v0.1.0
2015-11-24,obm_spent_value_ge155d_btc_daily,7280.70223790,BTC,daily,OBM v0.1.0
2015-11-25,obm_spent_value_ge155d_btc_daily,4127.27527290,BTC,daily,OBM v0.1.0
2015-11-26,obm_spent_value_ge155d_btc_daily,5810.78291383,BTC,daily,OBM v0.1.0
2015-11-27,obm_spent_value_ge155d_btc_daily,10634.75790644,BTC,daily,OBM v0.1.0
2015-11-28,obm_spent_value_ge155d_btc_daily,3528.78332915,BTC,daily,OBM v0.1.0
2015-11-29,obm_spent_value_ge155d_btc_daily,2188.69059894,BTC,daily,OBM v0.1.0
2015-11-30,obm_spent_value_ge155d_btc_daily,4746.66022892,BTC,daily,OBM v0.1.0
2015-12-01,obm_spent_value_ge155d_btc_daily,7889.35224233,BTC,daily,OBM v0.1.0
2015-12-02,obm_spent_value_ge155d_btc_daily,13662.53847161,BTC,daily,OBM v0.1.0
2015-12-03,obm_spent_value_ge155d_btc_daily,6435.53033844,BTC,daily,OBM v0.1.0
2015-12-04,obm_spent_value_ge155d_btc_daily,12936.32027864,BTC,daily,OBM v0.1.0
2015-12-05,obm_spent_value_ge155d_btc_daily,5477.93408317,BTC,daily,OBM v0.1.0
2015-12-06,obm_spent_value_ge155d_btc_daily,23157.92290291,BTC,daily,OBM v0.1.0
2015-12-07,obm_spent_value_ge155d_btc_daily,7676.89993745,BTC,daily,OBM v0.1.0
2015-12-08,obm_spent_value_ge155d_btc_daily,5079.82664278,BTC,daily,OBM v0.1.0
2015-12-09,obm_spent_value_ge155d_btc_daily,39527.51383303,BTC,daily,OBM v0.1.0
2015-12-10,obm_spent_value_ge155d_btc_daily,6212.10382459,BTC,daily,OBM v0.1.0
2015-12-11,obm_spent_value_ge155d_btc_daily,15791.17192408,BTC,daily,OBM v0.1.0
2015-12-12,obm_spent_value_ge155d_btc_daily,7768.00495546,BTC,daily,OBM v0.1.0
2015-12-13,obm_spent_value_ge155d_btc_daily,11816.40627635,BTC,daily,OBM v0.1.0
2015-12-14,obm_spent_value_ge155d_btc_daily,24328.39693374,BTC,daily,OBM v0.1.0
2015-12-15,obm_spent_value_ge155d_btc_daily,11529.50113776,BTC,daily,OBM v0.1.0
2015-12-16,obm_spent_value_ge155d_btc_daily,6382.22420012,BTC,daily,OBM v0.1.0
2015-12-17,obm_spent_value_ge155d_btc_daily,4805.28363850,BTC,daily,OBM v0.1.0
2015-12-18,obm_spent_value_ge155d_btc_daily,7196.82971535,BTC,daily,OBM v0.1.0
2015-12-19,obm_spent_value_ge155d_btc_daily,40316.31508347,BTC,daily,OBM v0.1.0
2015-12-20,obm_spent_value_ge155d_btc_daily,2763.14039403,BTC,daily,OBM v0.1.0
2015-12-21,obm_spent_value_ge155d_btc_daily,6348.42984573,BTC,daily,OBM v0.1.0
2015-12-22,obm_spent_value_ge155d_btc_daily,7570.30872081,BTC,daily,OBM v0.1.0
2015-12-23,obm_spent_value_ge155d_btc_daily,9198.47659016,BTC,daily,OBM v0.1.0
2015-12-24,obm_spent_value_ge155d_btc_daily,7776.25280433,BTC,daily,OBM v0.1.0
2015-12-25,obm_spent_value_ge155d_btc_daily,32649.70113509,BTC,daily,OBM v0.1.0
2015-12-26,obm_spent_value_ge155d_btc_daily,5877.71751529,BTC,daily,OBM v0.1.0
2015-12-27,obm_spent_value_ge155d_btc_daily,3886.91143747,BTC,daily,OBM v0.1.0
2015-12-28,obm_spent_value_ge155d_btc_daily,3280.63076472,BTC,daily,OBM v0.1.0
2015-12-29,obm_spent_value_ge155d_btc_daily,3439.61369877,BTC,daily,OBM v0.1.0
2015-12-30,obm_spent_value_ge155d_btc_daily,5472.60592768,BTC,daily,OBM v0.1.0
2015-12-31,obm_spent_value_ge155d_btc_daily,3300.19496843,BTC,daily,OBM v0.1.0
2016-01-01,obm_spent_value_ge155d_btc_daily,1532.93661389,BTC,daily,OBM v0.1.0
2016-01-02,obm_spent_value_ge155d_btc_daily,2853.92219935,BTC,daily,OBM v0.1.0
2016-01-03,obm_spent_value_ge155d_btc_daily,3066.11022424,BTC,daily,OBM v0.1.0
2016-01-04,obm_spent_value_ge155d_btc_daily,3906.18907447,BTC,daily,OBM v0.1.0
2016-01-05,obm_spent_value_ge155d_btc_daily,7259.07402905,BTC,daily,OBM v0.1.0
2016-01-06,obm_spent_value_ge155d_btc_daily,5064.22215047,BTC,daily,OBM v0.1.0
2016-01-07,obm_spent_value_ge155d_btc_daily,29721.13981381,BTC,daily,OBM v0.1.0
2016-01-08,obm_spent_value_ge155d_btc_daily,28557.64819855,BTC,daily,OBM v0.1.0
2016-01-09,obm_spent_value_ge155d_btc_daily,2640.35504371,BTC,daily,OBM v0.1.0
2016-01-10,obm_spent_value_ge155d_btc_daily,17761.70784102,BTC,daily,OBM v0.1.0
2016-01-11,obm_spent_value_ge155d_btc_daily,6177.09764337,BTC,daily,OBM v0.1.0
2016-01-12,obm_spent_value_ge155d_btc_daily,3680.35720961,BTC,daily,OBM v0.1.0
2016-01-13,obm_spent_value_ge155d_btc_daily,19054.86518658,BTC,daily,OBM v0.1.0
2016-01-14,obm_spent_value_ge155d_btc_daily,3018.62928428,BTC,daily,OBM v0.1.0
2016-01-15,obm_spent_value_ge155d_btc_daily,23654.55658988,BTC,daily,OBM v0.1.0
2016-01-16,obm_spent_value_ge155d_btc_daily,11626.27043963,BTC,daily,OBM v0.1.0
2016-01-17,obm_spent_value_ge155d_btc_daily,4912.19672896,BTC,daily,OBM v0.1.0
2016-01-18,obm_spent_value_ge155d_btc_daily,5285.14920577,BTC,daily,OBM v0.1.0
2016-01-19,obm_spent_value_ge155d_btc_daily,8133.46267122,BTC,daily,OBM v0.1.0
2016-01-20,obm_spent_value_ge155d_btc_daily,5763.42415465,BTC,daily,OBM v0.1.0
2016-01-21,obm_spent_value_ge155d_btc_daily,9482.87993915,BTC,daily,OBM v0.1.0
2016-01-22,obm_spent_value_ge155d_btc_daily,57812.62183857,BTC,daily,OBM v0.1.0
2016-01-23,obm_spent_value_ge155d_btc_daily,36347.52763556,BTC,daily,OBM v0.1.0
2016-01-24,obm_spent_value_ge155d_btc_daily,4073.33791296,BTC,daily,OBM v0.1.0
2016-01-25,obm_spent_value_ge155d_btc_daily,15194.26446414,BTC,daily,OBM v0.1.0
2016-01-26,obm_spent_value_ge155d_btc_daily,17388.29252488,BTC,daily,OBM v0.1.0
2016-01-27,obm_spent_value_ge155d_btc_daily,6528.35213746,BTC,daily,OBM v0.1.0
2016-01-28,obm_spent_value_ge155d_btc_daily,15812.35169638,BTC,daily,OBM v0.1.0
2016-01-29,obm_spent_value_ge155d_btc_daily,4433.53749336,BTC,daily,OBM v0.1.0
2016-01-30,obm_spent_value_ge155d_btc_daily,19404.15798583,BTC,daily,OBM v0.1.0
2016-01-31,obm_spent_value_ge155d_btc_daily,10708.40370621,BTC,daily,OBM v0.1.0
2016-02-01,obm_spent_value_ge155d_btc_daily,10799.66968072,BTC,daily,OBM v0.1.0
2016-02-02,obm_spent_value_ge155d_btc_daily,4911.91027525,BTC,daily,OBM v0.1.0
2016-02-03,obm_spent_value_ge155d_btc_daily,3014.20807159,BTC,daily,OBM v0.1.0
2016-02-04,obm_spent_value_ge155d_btc_daily,12288.51147941,BTC,daily,OBM v0.1.0
2016-02-05,obm_spent_value_ge155d_btc_daily,8429.65234992,BTC,daily,OBM v0.1.0
2016-02-06,obm_spent_value_ge155d_btc_daily,8249.49036402,BTC,daily,OBM v0.1.0
2016-02-07,obm_spent_value_ge155d_btc_daily,5138.08308799,BTC,daily,OBM v0.1.0
2016-02-08,obm_spent_value_ge155d_btc_daily,4272.58788372,BTC,daily,OBM v0.1.0
2016-02-09,obm_spent_value_ge155d_btc_daily,9307.19822623,BTC,daily,OBM v0.1.0
2016-02-10,obm_spent_value_ge155d_btc_daily,10757.70954049,BTC,daily,OBM v0.1.0
2016-02-11,obm_spent_value_ge155d_btc_daily,9656.83415684,BTC,daily,OBM v0.1.0
2016-02-12,obm_spent_value_ge155d_btc_daily,6317.98826985,BTC,daily,OBM v0.1.0
2016-02-13,obm_spent_value_ge155d_btc_daily,5220.00528825,BTC,daily,OBM v0.1.0
2016-02-14,obm_spent_value_ge155d_btc_daily,5618.70573530,BTC,daily,OBM v0.1.0
2016-02-15,obm_spent_value_ge155d_btc_daily,16874.67804544,BTC,daily,OBM v0.1.0
2016-02-16,obm_spent_value_ge155d_btc_daily,10128.02220064,BTC,daily,OBM v0.1.0
2016-02-17,obm_spent_value_ge155d_btc_daily,27532.95240486,BTC,daily,OBM v0.1.0
2016-02-18,obm_spent_value_ge155d_btc_daily,3866.64079179,BTC,daily,OBM v0.1.0
2016-02-19,obm_spent_value_ge155d_btc_daily,14964.41242520,BTC,daily,OBM v0.1.0
2016-02-20,obm_spent_value_ge155d_btc_daily,7535.80330217,BTC,daily,OBM v0.1.0
2016-02-21,obm_spent_value_ge155d_btc_daily,5460.21819230,BTC,daily,OBM v0.1.0
2016-02-22,obm_spent_value_ge155d_btc_daily,5865.98382813,BTC,daily,OBM v0.1.0
2016-02-23,obm_spent_value_ge155d_btc_daily,3862.57725492,BTC,daily,OBM v0.1.0
2016-02-24,obm_spent_value_ge155d_btc_daily,10179.46250448,BTC,daily,OBM v0.1.0
2016-02-25,obm_spent_value_ge155d_btc_daily,13482.59895067,BTC,daily,OBM v0.1.0
2016-02-26,obm_spent_value_ge155d_btc_daily,4989.93483406,BTC,daily,OBM v0.1.0
2016-02-27,obm_spent_value_ge155d_btc_daily,3485.50053605,BTC,daily,OBM v0.1.0
2016-02-28,obm_spent_value_ge155d_btc_daily,9514.02300971,BTC,daily,OBM v0.1.0
2016-02-29,obm_spent_value_ge155d_btc_daily,15959.75776663,BTC,daily,OBM v0.1.0
2016-03-01,obm_spent_value_ge155d_btc_daily,73664.35757493,BTC,daily,OBM v0.1.0
2016-03-02,obm_spent_value_ge155d_btc_daily,10020.81986919,BTC,daily,OBM v0.1.0
2016-03-03,obm_spent_value_ge155d_btc_daily,16217.16393924,BTC,daily,OBM v0.1.0
2016-03-04,obm_spent_value_ge155d_btc_daily,9125.02147234,BTC,daily,OBM v0.1.0
2016-03-05,obm_spent_value_ge155d_btc_daily,30052.40935489,BTC,daily,OBM v0.1.0
2016-03-06,obm_spent_value_ge155d_btc_daily,10826.74695057,BTC,daily,OBM v0.1.0
2016-03-07,obm_spent_value_ge155d_btc_daily,15137.45500793,BTC,daily,OBM v0.1.0
2016-03-08,obm_spent_value_ge155d_btc_daily,11992.50659366,BTC,daily,OBM v0.1.0
2016-03-09,obm_spent_value_ge155d_btc_daily,17581.63714458,BTC,daily,OBM v0.1.0
2016-03-10,obm_spent_value_ge155d_btc_daily,13675.40982883,BTC,daily,OBM v0.1.0
2016-03-11,obm_spent_value_ge155d_btc_daily,8789.69285306,BTC,daily,OBM v0.1.0
2016-03-12,obm_spent_value_ge155d_btc_daily,7071.26308455,BTC,daily,OBM v0.1.0
2016-03-13,obm_spent_value_ge155d_btc_daily,10430.90948691,BTC,daily,OBM v0.1.0
2016-03-14,obm_spent_value_ge155d_btc_daily,9357.26319181,BTC,daily,OBM v0.1.0
2016-03-15,obm_spent_value_ge155d_btc_daily,8240.38799492,BTC,daily,OBM v0.1.0
2016-03-16,obm_spent_value_ge155d_btc_daily,14728.97760821,BTC,daily,OBM v0.1.0
2016-03-17,obm_spent_value_ge155d_btc_daily,10118.27413818,BTC,daily,OBM v0.1.0
2016-03-18,obm_spent_value_ge155d_btc_daily,5536.99080767,BTC,daily,OBM v0.1.0
2016-03-19,obm_spent_value_ge155d_btc_daily,5007.00242121,BTC,daily,OBM v0.1.0
2016-03-20,obm_spent_value_ge155d_btc_daily,4558.09442604,BTC,daily,OBM v0.1.0
2016-03-21,obm_spent_value_ge155d_btc_daily,17158.36463419,BTC,daily,OBM v0.1.0
2016-03-22,obm_spent_value_ge155d_btc_daily,9850.15432582,BTC,daily,OBM v0.1.0
2016-03-23,obm_spent_value_ge155d_btc_daily,2722.70800203,BTC,daily,OBM v0.1.0
2016-03-24,obm_spent_value_ge155d_btc_daily,6250.92855116,BTC,daily,OBM v0.1.0
2016-03-25,obm_spent_value_ge155d_btc_daily,18645.29956120,BTC,daily,OBM v0.1.0
2016-03-26,obm_spent_value_ge155d_btc_daily,5595.31708217,BTC,daily,OBM v0.1.0
2016-03-27,obm_spent_value_ge155d_btc_daily,2964.78121642,BTC,daily,OBM v0.1.0
2016-03-28,obm_spent_value_ge155d_btc_daily,10273.37460806,BTC,daily,OBM v0.1.0
2016-03-29,obm_spent_value_ge155d_btc_daily,7331.07493619,BTC,daily,OBM v0.1.0
2016-03-30,obm_spent_value_ge155d_btc_daily,13600.18336709,BTC,daily,OBM v0.1.0
2016-03-31,obm_spent_value_ge155d_btc_daily,16685.38525376,BTC,daily,OBM v0.1.0
2016-04-01,obm_spent_value_ge155d_btc_daily,5035.98879182,BTC,daily,OBM v0.1.0
2016-04-02,obm_spent_value_ge155d_btc_daily,4732.12862592,BTC,daily,OBM v0.1.0
2016-04-03,obm_spent_value_ge155d_btc_daily,5726.71755658,BTC,daily,OBM v0.1.0
2016-04-04,obm_spent_value_ge155d_btc_daily,3091.49689665,BTC,daily,OBM v0.1.0
2016-04-05,obm_spent_value_ge155d_btc_daily,6100.90370392,BTC,daily,OBM v0.1.0
2016-04-06,obm_spent_value_ge155d_btc_daily,17602.96922247,BTC,daily,OBM v0.1.0
2016-04-07,obm_spent_value_ge155d_btc_daily,55248.30374063,BTC,daily,OBM v0.1.0
2016-04-08,obm_spent_value_ge155d_btc_daily,5292.24048235,BTC,daily,OBM v0.1.0
2016-04-09,obm_spent_value_ge155d_btc_daily,2289.00310392,BTC,daily,OBM v0.1.0
2016-04-10,obm_spent_value_ge155d_btc_daily,30831.06171503,BTC,daily,OBM v0.1.0
2016-04-11,obm_spent_value_ge155d_btc_daily,6024.16819989,BTC,daily,OBM v0.1.0
2016-04-12,obm_spent_value_ge155d_btc_daily,10764.66098473,BTC,daily,OBM v0.1.0
2016-04-13,obm_spent_value_ge155d_btc_daily,4622.40688164,BTC,daily,OBM v0.1.0
2016-04-14,obm_spent_value_ge155d_btc_daily,3997.96141195,BTC,daily,OBM v0.1.0
2016-04-15,obm_spent_value_ge155d_btc_daily,3179.94116295,BTC,daily,OBM v0.1.0
2016-04-16,obm_spent_value_ge155d_btc_daily,4659.82470978,BTC,daily,OBM v0.1.0
2016-04-17,obm_spent_value_ge155d_btc_daily,4347.38429367,BTC,daily,OBM v0.1.0
2016-04-18,obm_spent_value_ge155d_btc_daily,4772.65552287,BTC,daily,OBM v0.1.0
2016-04-19,obm_spent_value_ge155d_btc_daily,6412.38655274,BTC,daily,OBM v0.1.0
2016-04-20,obm_spent_value_ge155d_btc_daily,9317.43605396,BTC,daily,OBM v0.1.0
2016-04-21,obm_spent_value_ge155d_btc_daily,4401.49819234,BTC,daily,OBM v0.1.0
2016-04-22,obm_spent_value_ge155d_btc_daily,11206.30969886,BTC,daily,OBM v0.1.0
2016-04-23,obm_spent_value_ge155d_btc_daily,4802.60828013,BTC,daily,OBM v0.1.0
2016-04-24,obm_spent_value_ge155d_btc_daily,15399.50314687,BTC,daily,OBM v0.1.0
2016-04-25,obm_spent_value_ge155d_btc_daily,18043.26523054,BTC,daily,OBM v0.1.0
2016-04-26,obm_spent_value_ge155d_btc_daily,10546.68983909,BTC,daily,OBM v0.1.0
2016-04-27,obm_spent_value_ge155d_btc_daily,5115.13610994,BTC,daily,OBM v0.1.0
2016-04-28,obm_spent_value_ge155d_btc_daily,7257.82186096,BTC,daily,OBM v0.1.0
2016-04-29,obm_spent_value_ge155d_btc_daily,9013.55433218,BTC,daily,OBM v0.1.0
2016-04-30,obm_spent_value_ge155d_btc_daily,5694.74413444,BTC,daily,OBM v0.1.0
2016-05-01,obm_spent_value_ge155d_btc_daily,17141.07495055,BTC,daily,OBM v0.1.0
2016-05-02,obm_spent_value_ge155d_btc_daily,2864.82290491,BTC,daily,OBM v0.1.0
2016-05-03,obm_spent_value_ge155d_btc_daily,4243.50678857,BTC,daily,OBM v0.1.0
2016-05-04,obm_spent_value_ge155d_btc_daily,7061.32350783,BTC,daily,OBM v0.1.0
2016-05-05,obm_spent_value_ge155d_btc_daily,4509.11539976,BTC,daily,OBM v0.1.0
2016-05-06,obm_spent_value_ge155d_btc_daily,11583.08758695,BTC,daily,OBM v0.1.0
2016-05-07,obm_spent_value_ge155d_btc_daily,14661.49133311,BTC,daily,OBM v0.1.0
2016-05-08,obm_spent_value_ge155d_btc_daily,4688.86121389,BTC,daily,OBM v0.1.0
2016-05-09,obm_spent_value_ge155d_btc_daily,5238.76184980,BTC,daily,OBM v0.1.0
2016-05-10,obm_spent_value_ge155d_btc_daily,8245.20951159,BTC,daily,OBM v0.1.0
2016-05-11,obm_spent_value_ge155d_btc_daily,16088.88493827,BTC,daily,OBM v0.1.0
2016-05-12,obm_spent_value_ge155d_btc_daily,8532.60230925,BTC,daily,OBM v0.1.0
2016-05-13,obm_spent_value_ge155d_btc_daily,5273.31063440,BTC,daily,OBM v0.1.0
2016-05-14,obm_spent_value_ge155d_btc_daily,8645.48099864,BTC,daily,OBM v0.1.0
2016-05-15,obm_spent_value_ge155d_btc_daily,2920.81129049,BTC,daily,OBM v0.1.0
2016-05-16,obm_spent_value_ge155d_btc_daily,9432.26531382,BTC,daily,OBM v0.1.0
2016-05-17,obm_spent_value_ge155d_btc_daily,98245.83767699,BTC,daily,OBM v0.1.0
2016-05-18,obm_spent_value_ge155d_btc_daily,8618.23191602,BTC,daily,OBM v0.1.0
2016-05-19,obm_spent_value_ge155d_btc_daily,13885.77542232,BTC,daily,OBM v0.1.0
2016-05-20,obm_spent_value_ge155d_btc_daily,16283.63676817,BTC,daily,OBM v0.1.0
2016-05-21,obm_spent_value_ge155d_btc_daily,5041.52186156,BTC,daily,OBM v0.1.0
2016-05-22,obm_spent_value_ge155d_btc_daily,4522.55844551,BTC,daily,OBM v0.1.0
2016-05-23,obm_spent_value_ge155d_btc_daily,12711.16585917,BTC,daily,OBM v0.1.0
2016-05-24,obm_spent_value_ge155d_btc_daily,9543.92942047,BTC,daily,OBM v0.1.0
2016-05-25,obm_spent_value_ge155d_btc_daily,21268.02501564,BTC,daily,OBM v0.1.0
2016-05-26,obm_spent_value_ge155d_btc_daily,10897.19370553,BTC,daily,OBM v0.1.0
2016-05-27,obm_spent_value_ge155d_btc_daily,48284.41048393,BTC,daily,OBM v0.1.0
2016-05-28,obm_spent_value_ge155d_btc_daily,14548.83611548,BTC,daily,OBM v0.1.0
2016-05-29,obm_spent_value_ge155d_btc_daily,16804.34317607,BTC,daily,OBM v0.1.0
2016-05-30,obm_spent_value_ge155d_btc_daily,13244.23064939,BTC,daily,OBM v0.1.0
2016-05-31,obm_spent_value_ge155d_btc_daily,13239.25486725,BTC,daily,OBM v0.1.0
2016-06-01,obm_spent_value_ge155d_btc_daily,12721.40257109,BTC,daily,OBM v0.1.0
2016-06-02,obm_spent_value_ge155d_btc_daily,19777.01071827,BTC,daily,OBM v0.1.0
2016-06-03,obm_spent_value_ge155d_btc_daily,7391.17135722,BTC,daily,OBM v0.1.0
2016-06-04,obm_spent_value_ge155d_btc_daily,4502.28449176,BTC,daily,OBM v0.1.0
2016-06-05,obm_spent_value_ge155d_btc_daily,6125.15502906,BTC,daily,OBM v0.1.0
2016-06-06,obm_spent_value_ge155d_btc_daily,17080.41293527,BTC,daily,OBM v0.1.0
2016-06-07,obm_spent_value_ge155d_btc_daily,12208.88465880,BTC,daily,OBM v0.1.0
2016-06-08,obm_spent_value_ge155d_btc_daily,9740.97184266,BTC,daily,OBM v0.1.0
2016-06-09,obm_spent_value_ge155d_btc_daily,6584.15944250,BTC,daily,OBM v0.1.0
2016-06-10,obm_spent_value_ge155d_btc_daily,10464.52061341,BTC,daily,OBM v0.1.0
2016-06-11,obm_spent_value_ge155d_btc_daily,9643.46333416,BTC,daily,OBM v0.1.0
2016-06-12,obm_spent_value_ge155d_btc_daily,45517.85017019,BTC,daily,OBM v0.1.0
2016-06-13,obm_spent_value_ge155d_btc_daily,20948.32730553,BTC,daily,OBM v0.1.0
2016-06-14,obm_spent_value_ge155d_btc_daily,19214.18489577,BTC,daily,OBM v0.1.0
2016-06-15,obm_spent_value_ge155d_btc_daily,21986.13054269,BTC,daily,OBM v0.1.0
2016-06-16,obm_spent_value_ge155d_btc_daily,21801.76657591,BTC,daily,OBM v0.1.0
2016-06-17,obm_spent_value_ge155d_btc_daily,14356.01241465,BTC,daily,OBM v0.1.0
2016-06-18,obm_spent_value_ge155d_btc_daily,10191.61881391,BTC,daily,OBM v0.1.0
2016-06-19,obm_spent_value_ge155d_btc_daily,7181.80803723,BTC,daily,OBM v0.1.0
2016-06-20,obm_spent_value_ge155d_btc_daily,16989.00687963,BTC,daily,OBM v0.1.0
2016-06-21,obm_spent_value_ge155d_btc_daily,16882.11098965,BTC,daily,OBM v0.1.0
2016-06-22,obm_spent_value_ge155d_btc_daily,11656.08580420,BTC,daily,OBM v0.1.0
2016-06-23,obm_spent_value_ge155d_btc_daily,6415.12886487,BTC,daily,OBM v0.1.0
2016-06-24,obm_spent_value_ge155d_btc_daily,9313.99170261,BTC,daily,OBM v0.1.0
2016-06-25,obm_spent_value_ge155d_btc_daily,42730.45373462,BTC,daily,OBM v0.1.0
2016-06-26,obm_spent_value_ge155d_btc_daily,3821.85174894,BTC,daily,OBM v0.1.0
2016-06-27,obm_spent_value_ge155d_btc_daily,6506.71276408,BTC,daily,OBM v0.1.0
2016-06-28,obm_spent_value_ge155d_btc_daily,3470.07634801,BTC,daily,OBM v0.1.0
2016-06-29,obm_spent_value_ge155d_btc_daily,3250.12490487,BTC,daily,OBM v0.1.0
2016-06-30,obm_spent_value_ge155d_btc_daily,27401.70432539,BTC,daily,OBM v0.1.0
2016-07-01,obm_spent_value_ge155d_btc_daily,4723.89061427,BTC,daily,OBM v0.1.0
2016-07-02,obm_spent_value_ge155d_btc_daily,4061.09169101,BTC,daily,OBM v0.1.0
2016-07-03,obm_spent_value_ge155d_btc_daily,2781.39626606,BTC,daily,OBM v0.1.0
2016-07-04,obm_spent_value_ge155d_btc_daily,3476.54491918,BTC,daily,OBM v0.1.0
2016-07-05,obm_spent_value_ge155d_btc_daily,13380.87831476,BTC,daily,OBM v0.1.0
2016-07-06,obm_spent_value_ge155d_btc_daily,7443.17767150,BTC,daily,OBM v0.1.0
2016-07-07,obm_spent_value_ge155d_btc_daily,7060.01116459,BTC,daily,OBM v0.1.0
2016-07-08,obm_spent_value_ge155d_btc_daily,7207.12537345,BTC,daily,OBM v0.1.0
2016-07-09,obm_spent_value_ge155d_btc_daily,16509.64549397,BTC,daily,OBM v0.1.0
2016-07-10,obm_spent_value_ge155d_btc_daily,10583.39906535,BTC,daily,OBM v0.1.0
2016-07-11,obm_spent_value_ge155d_btc_daily,14619.91767772,BTC,daily,OBM v0.1.0
2016-07-12,obm_spent_value_ge155d_btc_daily,2608.76756612,BTC,daily,OBM v0.1.0
2016-07-13,obm_spent_value_ge155d_btc_daily,4366.90978507,BTC,daily,OBM v0.1.0
2016-07-14,obm_spent_value_ge155d_btc_daily,3868.95781846,BTC,daily,OBM v0.1.0
2016-07-15,obm_spent_value_ge155d_btc_daily,2777.05056520,BTC,daily,OBM v0.1.0
2016-07-16,obm_spent_value_ge155d_btc_daily,2143.17278070,BTC,daily,OBM v0.1.0
2016-07-17,obm_spent_value_ge155d_btc_daily,4085.95761973,BTC,daily,OBM v0.1.0
2016-07-18,obm_spent_value_ge155d_btc_daily,4237.96213854,BTC,daily,OBM v0.1.0
2016-07-19,obm_spent_value_ge155d_btc_daily,10601.85368469,BTC,daily,OBM v0.1.0
2016-07-20,obm_spent_value_ge155d_btc_daily,4090.87329029,BTC,daily,OBM v0.1.0
2016-07-21,obm_spent_value_ge155d_btc_daily,3317.31314155,BTC,daily,OBM v0.1.0
2016-07-22,obm_spent_value_ge155d_btc_daily,7115.50126222,BTC,daily,OBM v0.1.0
2016-07-23,obm_spent_value_ge155d_btc_daily,3135.51659647,BTC,daily,OBM v0.1.0
2016-07-24,obm_spent_value_ge155d_btc_daily,11939.57463645,BTC,daily,OBM v0.1.0
2016-07-25,obm_spent_value_ge155d_btc_daily,14805.67485961,BTC,daily,OBM v0.1.0
2016-07-26,obm_spent_value_ge155d_btc_daily,7161.40603468,BTC,daily,OBM v0.1.0
2016-07-27,obm_spent_value_ge155d_btc_daily,6978.55941882,BTC,daily,OBM v0.1.0
2016-07-28,obm_spent_value_ge155d_btc_daily,4017.88115941,BTC,daily,OBM v0.1.0
2016-07-29,obm_spent_value_ge155d_btc_daily,6296.39920657,BTC,daily,OBM v0.1.0
2016-07-30,obm_spent_value_ge155d_btc_daily,8652.82620816,BTC,daily,OBM v0.1.0
2016-07-31,obm_spent_value_ge155d_btc_daily,4505.58515207,BTC,daily,OBM v0.1.0
2016-08-01,obm_spent_value_ge155d_btc_daily,4881.64307661,BTC,daily,OBM v0.1.0
2016-08-02,obm_spent_value_ge155d_btc_daily,19368.18850345,BTC,daily,OBM v0.1.0
2016-08-03,obm_spent_value_ge155d_btc_daily,15309.72935309,BTC,daily,OBM v0.1.0
2016-08-04,obm_spent_value_ge155d_btc_daily,59233.22244455,BTC,daily,OBM v0.1.0
2016-08-05,obm_spent_value_ge155d_btc_daily,8882.87349742,BTC,daily,OBM v0.1.0
2016-08-06,obm_spent_value_ge155d_btc_daily,3310.20657361,BTC,daily,OBM v0.1.0
2016-08-07,obm_spent_value_ge155d_btc_daily,5668.50362976,BTC,daily,OBM v0.1.0
2016-08-08,obm_spent_value_ge155d_btc_daily,7756.44986049,BTC,daily,OBM v0.1.0
2016-08-09,obm_spent_value_ge155d_btc_daily,2953.69904944,BTC,daily,OBM v0.1.0
2016-08-10,obm_spent_value_ge155d_btc_daily,4384.11935332,BTC,daily,OBM v0.1.0
2016-08-11,obm_spent_value_ge155d_btc_daily,3499.50484498,BTC,daily,OBM v0.1.0
2016-08-12,obm_spent_value_ge155d_btc_daily,7426.74839914,BTC,daily,OBM v0.1.0
2016-08-13,obm_spent_value_ge155d_btc_daily,4657.54697262,BTC,daily,OBM v0.1.0
2016-08-14,obm_spent_value_ge155d_btc_daily,12594.42154708,BTC,daily,OBM v0.1.0
2016-08-15,obm_spent_value_ge155d_btc_daily,2353.42457147,BTC,daily,OBM v0.1.0
2016-08-16,obm_spent_value_ge155d_btc_daily,19069.56965434,BTC,daily,OBM v0.1.0
2016-08-17,obm_spent_value_ge155d_btc_daily,5683.86595371,BTC,daily,OBM v0.1.0
2016-08-18,obm_spent_value_ge155d_btc_daily,3782.85549244,BTC,daily,OBM v0.1.0
2016-08-19,obm_spent_value_ge155d_btc_daily,12187.40140495,BTC,daily,OBM v0.1.0
2016-08-20,obm_spent_value_ge155d_btc_daily,38873.30785626,BTC,daily,OBM v0.1.0
2016-08-21,obm_spent_value_ge155d_btc_daily,5620.35429443,BTC,daily,OBM v0.1.0
2016-08-22,obm_spent_value_ge155d_btc_daily,4106.30796199,BTC,daily,OBM v0.1.0
2016-08-23,obm_spent_value_ge155d_btc_daily,5991.82439532,BTC,daily,OBM v0.1.0
2016-08-24,obm_spent_value_ge155d_btc_daily,5451.64878042,BTC,daily,OBM v0.1.0
2016-08-25,obm_spent_value_ge155d_btc_daily,31642.83187243,BTC,daily,OBM v0.1.0
2016-08-26,obm_spent_value_ge155d_btc_daily,8931.50960724,BTC,daily,OBM v0.1.0
2016-08-27,obm_spent_value_ge155d_btc_daily,2151.20764849,BTC,daily,OBM v0.1.0
2016-08-28,obm_spent_value_ge155d_btc_daily,2967.78901778,BTC,daily,OBM v0.1.0
2016-08-29,obm_spent_value_ge155d_btc_daily,4842.40468562,BTC,daily,OBM v0.1.0
2016-08-30,obm_spent_value_ge155d_btc_daily,23708.09553708,BTC,daily,OBM v0.1.0
2016-08-31,obm_spent_value_ge155d_btc_daily,15920.12141906,BTC,daily,OBM v0.1.0
2016-09-01,obm_spent_value_ge155d_btc_daily,4488.14271328,BTC,daily,OBM v0.1.0
2016-09-02,obm_spent_value_ge155d_btc_daily,4276.71764544,BTC,daily,OBM v0.1.0
2016-09-03,obm_spent_value_ge155d_btc_daily,4632.48109592,BTC,daily,OBM v0.1.0
2016-09-04,obm_spent_value_ge155d_btc_daily,6143.70699813,BTC,daily,OBM v0.1.0
2016-09-05,obm_spent_value_ge155d_btc_daily,4428.30731319,BTC,daily,OBM v0.1.0
2016-09-06,obm_spent_value_ge155d_btc_daily,7426.63080791,BTC,daily,OBM v0.1.0
2016-09-07,obm_spent_value_ge155d_btc_daily,3319.81887766,BTC,daily,OBM v0.1.0
2016-09-08,obm_spent_value_ge155d_btc_daily,5588.19399830,BTC,daily,OBM v0.1.0
2016-09-09,obm_spent_value_ge155d_btc_daily,6861.22762244,BTC,daily,OBM v0.1.0
2016-09-10,obm_spent_value_ge155d_btc_daily,3035.31200861,BTC,daily,OBM v0.1.0
2016-09-11,obm_spent_value_ge155d_btc_daily,6644.18488104,BTC,daily,OBM v0.1.0
2016-09-12,obm_spent_value_ge155d_btc_daily,6199.81100904,BTC,daily,OBM v0.1.0
2016-09-13,obm_spent_value_ge155d_btc_daily,15712.70775685,BTC,daily,OBM v0.1.0
2016-09-14,obm_spent_value_ge155d_btc_daily,7872.58172775,BTC,daily,OBM v0.1.0
2016-09-15,obm_spent_value_ge155d_btc_daily,3770.87964959,BTC,daily,OBM v0.1.0
2016-09-16,obm_spent_value_ge155d_btc_daily,12416.98818242,BTC,daily,OBM v0.1.0
2016-09-17,obm_spent_value_ge155d_btc_daily,4486.56794735,BTC,daily,OBM v0.1.0
2016-09-18,obm_spent_value_ge155d_btc_daily,3749.91132569,BTC,daily,OBM v0.1.0
2016-09-19,obm_spent_value_ge155d_btc_daily,5369.88658581,BTC,daily,OBM v0.1.0
2016-09-20,obm_spent_value_ge155d_btc_daily,8988.28729198,BTC,daily,OBM v0.1.0
2016-09-21,obm_spent_value_ge155d_btc_daily,7533.76289887,BTC,daily,OBM v0.1.0
2016-09-22,obm_spent_value_ge155d_btc_daily,4247.65819943,BTC,daily,OBM v0.1.0
2016-09-23,obm_spent_value_ge155d_btc_daily,3349.58771097,BTC,daily,OBM v0.1.0
2016-09-24,obm_spent_value_ge155d_btc_daily,12717.16312035,BTC,daily,OBM v0.1.0
2016-09-25,obm_spent_value_ge155d_btc_daily,14094.36775514,BTC,daily,OBM v0.1.0
2016-09-26,obm_spent_value_ge155d_btc_daily,3571.82604663,BTC,daily,OBM v0.1.0
2016-09-27,obm_spent_value_ge155d_btc_daily,8600.41980514,BTC,daily,OBM v0.1.0
2016-09-28,obm_spent_value_ge155d_btc_daily,5174.07441413,BTC,daily,OBM v0.1.0
2016-09-29,obm_spent_value_ge155d_btc_daily,3838.26352199,BTC,daily,OBM v0.1.0
2016-09-30,obm_spent_value_ge155d_btc_daily,1968.22666910,BTC,daily,OBM v0.1.0
2016-10-01,obm_spent_value_ge155d_btc_daily,2882.71972436,BTC,daily,OBM v0.1.0
2016-10-02,obm_spent_value_ge155d_btc_daily,2805.30863522,BTC,daily,OBM v0.1.0
2016-10-03,obm_spent_value_ge155d_btc_daily,18510.87290376,BTC,daily,OBM v0.1.0
2016-10-04,obm_spent_value_ge155d_btc_daily,10464.66996501,BTC,daily,OBM v0.1.0
2016-10-05,obm_spent_value_ge155d_btc_daily,6345.33378846,BTC,daily,OBM v0.1.0
2016-10-06,obm_spent_value_ge155d_btc_daily,4004.44115376,BTC,daily,OBM v0.1.0
2016-10-07,obm_spent_value_ge155d_btc_daily,5201.24435220,BTC,daily,OBM v0.1.0
2016-10-08,obm_spent_value_ge155d_btc_daily,7634.26302728,BTC,daily,OBM v0.1.0
2016-10-09,obm_spent_value_ge155d_btc_daily,3932.41323412,BTC,daily,OBM v0.1.0
2016-10-10,obm_spent_value_ge155d_btc_daily,6738.99268135,BTC,daily,OBM v0.1.0
2016-10-11,obm_spent_value_ge155d_btc_daily,19565.81376793,BTC,daily,OBM v0.1.0
2016-10-12,obm_spent_value_ge155d_btc_daily,29345.00524717,BTC,daily,OBM v0.1.0
2016-10-13,obm_spent_value_ge155d_btc_daily,6479.09933391,BTC,daily,OBM v0.1.0
2016-10-14,obm_spent_value_ge155d_btc_daily,5850.80467242,BTC,daily,OBM v0.1.0
2016-10-15,obm_spent_value_ge155d_btc_daily,2485.08255137,BTC,daily,OBM v0.1.0
2016-10-16,obm_spent_value_ge155d_btc_daily,4375.61266811,BTC,daily,OBM v0.1.0
2016-10-17,obm_spent_value_ge155d_btc_daily,26876.18654892,BTC,daily,OBM v0.1.0
2016-10-18,obm_spent_value_ge155d_btc_daily,21183.42412888,BTC,daily,OBM v0.1.0
2016-10-19,obm_spent_value_ge155d_btc_daily,7850.09114728,BTC,daily,OBM v0.1.0
2016-10-20,obm_spent_value_ge155d_btc_daily,8117.91632371,BTC,daily,OBM v0.1.0
2016-10-21,obm_spent_value_ge155d_btc_daily,20478.49160536,BTC,daily,OBM v0.1.0
2016-10-22,obm_spent_value_ge155d_btc_daily,5274.79668166,BTC,daily,OBM v0.1.0
2016-10-23,obm_spent_value_ge155d_btc_daily,6321.09800189,BTC,daily,OBM v0.1.0
2016-10-24,obm_spent_value_ge155d_btc_daily,14611.91785622,BTC,daily,OBM v0.1.0
2016-10-25,obm_spent_value_ge155d_btc_daily,15947.16436229,BTC,daily,OBM v0.1.0
2016-10-26,obm_spent_value_ge155d_btc_daily,18417.16298531,BTC,daily,OBM v0.1.0
2016-10-27,obm_spent_value_ge155d_btc_daily,15714.66632353,BTC,daily,OBM v0.1.0
2016-10-28,obm_spent_value_ge155d_btc_daily,4222.96954330,BTC,daily,OBM v0.1.0
2016-10-29,obm_spent_value_ge155d_btc_daily,12838.30152279,BTC,daily,OBM v0.1.0
2016-10-30,obm_spent_value_ge155d_btc_daily,4164.67108460,BTC,daily,OBM v0.1.0
2016-10-31,obm_spent_value_ge155d_btc_daily,7228.22467028,BTC,daily,OBM v0.1.0
2016-11-01,obm_spent_value_ge155d_btc_daily,7837.84301266,BTC,daily,OBM v0.1.0
2016-11-02,obm_spent_value_ge155d_btc_daily,9123.27418336,BTC,daily,OBM v0.1.0
2016-11-03,obm_spent_value_ge155d_btc_daily,12020.49901725,BTC,daily,OBM v0.1.0
2016-11-04,obm_spent_value_ge155d_btc_daily,7347.11630319,BTC,daily,OBM v0.1.0
2016-11-05,obm_spent_value_ge155d_btc_daily,4739.93799654,BTC,daily,OBM v0.1.0
2016-11-06,obm_spent_value_ge155d_btc_daily,4044.49923551,BTC,daily,OBM v0.1.0
2016-11-07,obm_spent_value_ge155d_btc_daily,4912.23013001,BTC,daily,OBM v0.1.0
2016-11-08,obm_spent_value_ge155d_btc_daily,13382.89443026,BTC,daily,OBM v0.1.0
2016-11-09,obm_spent_value_ge155d_btc_daily,12396.74518313,BTC,daily,OBM v0.1.0
2016-11-10,obm_spent_value_ge155d_btc_daily,9128.26336613,BTC,daily,OBM v0.1.0
2016-11-11,obm_spent_value_ge155d_btc_daily,8901.98960940,BTC,daily,OBM v0.1.0
2016-11-12,obm_spent_value_ge155d_btc_daily,5584.87731088,BTC,daily,OBM v0.1.0
2016-11-13,obm_spent_value_ge155d_btc_daily,4552.28481186,BTC,daily,OBM v0.1.0
2016-11-14,obm_spent_value_ge155d_btc_daily,10534.37056106,BTC,daily,OBM v0.1.0
2016-11-15,obm_spent_value_ge155d_btc_daily,11823.28510639,BTC,daily,OBM v0.1.0
2016-11-16,obm_spent_value_ge155d_btc_daily,21310.97437205,BTC,daily,OBM v0.1.0
2016-11-17,obm_spent_value_ge155d_btc_daily,27945.63728660,BTC,daily,OBM v0.1.0
2016-11-18,obm_spent_value_ge155d_btc_daily,12901.21427396,BTC,daily,OBM v0.1.0
2016-11-19,obm_spent_value_ge155d_btc_daily,5713.97940125,BTC,daily,OBM v0.1.0
2016-11-20,obm_spent_value_ge155d_btc_daily,5441.32383614,BTC,daily,OBM v0.1.0
2016-11-21,obm_spent_value_ge155d_btc_daily,13437.14252497,BTC,daily,OBM v0.1.0
2016-11-22,obm_spent_value_ge155d_btc_daily,26738.59292595,BTC,daily,OBM v0.1.0
2016-11-23,obm_spent_value_ge155d_btc_daily,5231.07208902,BTC,daily,OBM v0.1.0
2016-11-24,obm_spent_value_ge155d_btc_daily,60725.84489093,BTC,daily,OBM v0.1.0
2016-11-25,obm_spent_value_ge155d_btc_daily,5778.38806402,BTC,daily,OBM v0.1.0
2016-11-26,obm_spent_value_ge155d_btc_daily,13090.73965077,BTC,daily,OBM v0.1.0
2016-11-27,obm_spent_value_ge155d_btc_daily,10636.48972131,BTC,daily,OBM v0.1.0
2016-11-28,obm_spent_value_ge155d_btc_daily,17159.57471625,BTC,daily,OBM v0.1.0
2016-11-29,obm_spent_value_ge155d_btc_daily,8258.72288483,BTC,daily,OBM v0.1.0
2016-11-30,obm_spent_value_ge155d_btc_daily,13927.63685424,BTC,daily,OBM v0.1.0
2016-12-01,obm_spent_value_ge155d_btc_daily,18986.35717239,BTC,daily,OBM v0.1.0
2016-12-02,obm_spent_value_ge155d_btc_daily,20347.27314520,BTC,daily,OBM v0.1.0
2016-12-03,obm_spent_value_ge155d_btc_daily,98674.51307553,BTC,daily,OBM v0.1.0
2016-12-04,obm_spent_value_ge155d_btc_daily,3104.89478577,BTC,daily,OBM v0.1.0
2016-12-05,obm_spent_value_ge155d_btc_daily,13025.33367029,BTC,daily,OBM v0.1.0
2016-12-06,obm_spent_value_ge155d_btc_daily,7789.93355850,BTC,daily,OBM v0.1.0
2016-12-07,obm_spent_value_ge155d_btc_daily,9385.52927546,BTC,daily,OBM v0.1.0
2016-12-08,obm_spent_value_ge155d_btc_daily,16262.10050952,BTC,daily,OBM v0.1.0
2016-12-09,obm_spent_value_ge155d_btc_daily,7342.14170070,BTC,daily,OBM v0.1.0
2016-12-10,obm_spent_value_ge155d_btc_daily,20963.28949706,BTC,daily,OBM v0.1.0
2016-12-11,obm_spent_value_ge155d_btc_daily,8094.75317950,BTC,daily,OBM v0.1.0
2016-12-12,obm_spent_value_ge155d_btc_daily,7761.31714456,BTC,daily,OBM v0.1.0
2016-12-13,obm_spent_value_ge155d_btc_daily,10740.04587359,BTC,daily,OBM v0.1.0
2016-12-14,obm_spent_value_ge155d_btc_daily,12366.51118077,BTC,daily,OBM v0.1.0
2016-12-15,obm_spent_value_ge155d_btc_daily,14606.09063593,BTC,daily,OBM v0.1.0
2016-12-16,obm_spent_value_ge155d_btc_daily,17621.10984456,BTC,daily,OBM v0.1.0
2016-12-17,obm_spent_value_ge155d_btc_daily,11853.21540565,BTC,daily,OBM v0.1.0
2016-12-18,obm_spent_value_ge155d_btc_daily,13919.62724262,BTC,daily,OBM v0.1.0
2016-12-19,obm_spent_value_ge155d_btc_daily,7858.48679365,BTC,daily,OBM v0.1.0
2016-12-20,obm_spent_value_ge155d_btc_daily,9064.97735121,BTC,daily,OBM v0.1.0
2016-12-21,obm_spent_value_ge155d_btc_daily,31798.14903980,BTC,daily,OBM v0.1.0
2016-12-22,obm_spent_value_ge155d_btc_daily,27366.08397766,BTC,daily,OBM v0.1.0
2016-12-23,obm_spent_value_ge155d_btc_daily,31153.18754828,BTC,daily,OBM v0.1.0
2016-12-24,obm_spent_value_ge155d_btc_daily,13947.02613524,BTC,daily,OBM v0.1.0
2016-12-25,obm_spent_value_ge155d_btc_daily,13147.71765293,BTC,daily,OBM v0.1.0
2016-12-26,obm_spent_value_ge155d_btc_daily,9752.30679799,BTC,daily,OBM v0.1.0
2016-12-27,obm_spent_value_ge155d_btc_daily,14141.98926974,BTC,daily,OBM v0.1.0
2016-12-28,obm_spent_value_ge155d_btc_daily,25515.83632529,BTC,daily,OBM v0.1.0
2016-12-29,obm_spent_value_ge155d_btc_daily,20734.67990261,BTC,daily,OBM v0.1.0
2016-12-30,obm_spent_value_ge155d_btc_daily,16845.15113202,BTC,daily,OBM v0.1.0
2016-12-31,obm_spent_value_ge155d_btc_daily,6658.87005474,BTC,daily,OBM v0.1.0
2017-01-01,obm_spent_value_ge155d_btc_daily,17244.83815150,BTC,daily,OBM v0.1.0
2017-01-02,obm_spent_value_ge155d_btc_daily,22658.58397620,BTC,daily,OBM v0.1.0
2017-01-03,obm_spent_value_ge155d_btc_daily,16068.70906819,BTC,daily,OBM v0.1.0
2017-01-04,obm_spent_value_ge155d_btc_daily,39768.29702292,BTC,daily,OBM v0.1.0
2017-01-05,obm_spent_value_ge155d_btc_daily,134064.47304728,BTC,daily,OBM v0.1.0
2017-01-06,obm_spent_value_ge155d_btc_daily,29675.73260185,BTC,daily,OBM v0.1.0
2017-01-07,obm_spent_value_ge155d_btc_daily,10907.48703261,BTC,daily,OBM v0.1.0
2017-01-08,obm_spent_value_ge155d_btc_daily,16167.58598003,BTC,daily,OBM v0.1.0
2017-01-09,obm_spent_value_ge155d_btc_daily,26614.08808976,BTC,daily,OBM v0.1.0
2017-01-10,obm_spent_value_ge155d_btc_daily,14816.14352629,BTC,daily,OBM v0.1.0
2017-01-11,obm_spent_value_ge155d_btc_daily,36541.41590886,BTC,daily,OBM v0.1.0
2017-01-12,obm_spent_value_ge155d_btc_daily,11040.59144124,BTC,daily,OBM v0.1.0
2017-01-13,obm_spent_value_ge155d_btc_daily,14772.52214735,BTC,daily,OBM v0.1.0
2017-01-14,obm_spent_value_ge155d_btc_daily,4019.66544580,BTC,daily,OBM v0.1.0
2017-01-15,obm_spent_value_ge155d_btc_daily,5195.20038655,BTC,daily,OBM v0.1.0
2017-01-16,obm_spent_value_ge155d_btc_daily,10091.12789551,BTC,daily,OBM v0.1.0
2017-01-17,obm_spent_value_ge155d_btc_daily,17454.48309717,BTC,daily,OBM v0.1.0
2017-01-18,obm_spent_value_ge155d_btc_daily,5896.25426978,BTC,daily,OBM v0.1.0
2017-01-19,obm_spent_value_ge155d_btc_daily,6918.26072579,BTC,daily,OBM v0.1.0
2017-01-20,obm_spent_value_ge155d_btc_daily,7200.74303873,BTC,daily,OBM v0.1.0
2017-01-21,obm_spent_value_ge155d_btc_daily,9190.51194192,BTC,daily,OBM v0.1.0
2017-01-22,obm_spent_value_ge155d_btc_daily,8875.08184817,BTC,daily,OBM v0.1.0
2017-01-23,obm_spent_value_ge155d_btc_daily,6889.50968917,BTC,daily,OBM v0.1.0
2017-01-24,obm_spent_value_ge155d_btc_daily,25672.69535198,BTC,daily,OBM v0.1.0
2017-01-25,obm_spent_value_ge155d_btc_daily,10041.13580948,BTC,daily,OBM v0.1.0
2017-01-26,obm_spent_value_ge155d_btc_daily,13178.39302705,BTC,daily,OBM v0.1.0
2017-01-27,obm_spent_value_ge155d_btc_daily,5682.69122772,BTC,daily,OBM v0.1.0
2017-01-28,obm_spent_value_ge155d_btc_daily,3770.21589741,BTC,daily,OBM v0.1.0
2017-01-29,obm_spent_value_ge155d_btc_daily,31942.04536424,BTC,daily,OBM v0.1.0
2017-01-30,obm_spent_value_ge155d_btc_daily,3999.59682156,BTC,daily,OBM v0.1.0
2017-01-31,obm_spent_value_ge155d_btc_daily,8415.54655366,BTC,daily,OBM v0.1.0
2017-02-01,obm_spent_value_ge155d_btc_daily,7666.28770053,BTC,daily,OBM v0.1.0
2017-02-02,obm_spent_value_ge155d_btc_daily,11835.55258720,BTC,daily,OBM v0.1.0
2017-02-03,obm_spent_value_ge155d_btc_daily,24755.97133751,BTC,daily,OBM v0.1.0
2017-02-04,obm_spent_value_ge155d_btc_daily,7558.18635026,BTC,daily,OBM v0.1.0
2017-02-05,obm_spent_value_ge155d_btc_daily,8885.23766202,BTC,daily,OBM v0.1.0
2017-02-06,obm_spent_value_ge155d_btc_daily,13394.51475268,BTC,daily,OBM v0.1.0
2017-02-07,obm_spent_value_ge155d_btc_daily,20379.51991085,BTC,daily,OBM v0.1.0
2017-02-08,obm_spent_value_ge155d_btc_daily,8824.00120609,BTC,daily,OBM v0.1.0
2017-02-09,obm_spent_value_ge155d_btc_daily,23989.44490665,BTC,daily,OBM v0.1.0
2017-02-10,obm_spent_value_ge155d_btc_daily,19687.50935016,BTC,daily,OBM v0.1.0
2017-02-11,obm_spent_value_ge155d_btc_daily,2694.43458159,BTC,daily,OBM v0.1.0
2017-02-12,obm_spent_value_ge155d_btc_daily,10648.21213581,BTC,daily,OBM v0.1.0
2017-02-13,obm_spent_value_ge155d_btc_daily,12279.19180209,BTC,daily,OBM v0.1.0
2017-02-14,obm_spent_value_ge155d_btc_daily,11526.71925517,BTC,daily,OBM v0.1.0
2017-02-15,obm_spent_value_ge155d_btc_daily,3866.12234397,BTC,daily,OBM v0.1.0
2017-02-16,obm_spent_value_ge155d_btc_daily,8542.20229401,BTC,daily,OBM v0.1.0
2017-02-17,obm_spent_value_ge155d_btc_daily,10727.99867650,BTC,daily,OBM v0.1.0
2017-02-18,obm_spent_value_ge155d_btc_daily,4804.28770493,BTC,daily,OBM v0.1.0
2017-02-19,obm_spent_value_ge155d_btc_daily,6795.55497647,BTC,daily,OBM v0.1.0
2017-02-20,obm_spent_value_ge155d_btc_daily,5708.26365794,BTC,daily,OBM v0.1.0
2017-02-21,obm_spent_value_ge155d_btc_daily,10778.24855682,BTC,daily,OBM v0.1.0
2017-02-22,obm_spent_value_ge155d_btc_daily,21230.73983210,BTC,daily,OBM v0.1.0
2017-02-23,obm_spent_value_ge155d_btc_daily,13237.50775865,BTC,daily,OBM v0.1.0
2017-02-24,obm_spent_value_ge155d_btc_daily,25598.61551178,BTC,daily,OBM v0.1.0
2017-02-25,obm_spent_value_ge155d_btc_daily,9356.93287037,BTC,daily,OBM v0.1.0
2017-02-26,obm_spent_value_ge155d_btc_daily,5227.49497917,BTC,daily,OBM v0.1.0
2017-02-27,obm_spent_value_ge155d_btc_daily,9520.41781911,BTC,daily,OBM v0.1.0
2017-02-28,obm_spent_value_ge155d_btc_daily,7477.71800359,BTC,daily,OBM v0.1.0
2017-03-01,obm_spent_value_ge155d_btc_daily,10950.33398241,BTC,daily,OBM v0.1.0
2017-03-02,obm_spent_value_ge155d_btc_daily,10801.26017813,BTC,daily,OBM v0.1.0
2017-03-03,obm_spent_value_ge155d_btc_daily,31256.80280931,BTC,daily,OBM v0.1.0
2017-03-04,obm_spent_value_ge155d_btc_daily,8344.20082767,BTC,daily,OBM v0.1.0
2017-03-05,obm_spent_value_ge155d_btc_daily,7274.46842676,BTC,daily,OBM v0.1.0
2017-03-06,obm_spent_value_ge155d_btc_daily,20735.54582403,BTC,daily,OBM v0.1.0
2017-03-07,obm_spent_value_ge155d_btc_daily,11394.25716227,BTC,daily,OBM v0.1.0
2017-03-08,obm_spent_value_ge155d_btc_daily,13563.35809246,BTC,daily,OBM v0.1.0
2017-03-09,obm_spent_value_ge155d_btc_daily,12254.68907993,BTC,daily,OBM v0.1.0
2017-03-10,obm_spent_value_ge155d_btc_daily,16688.48374227,BTC,daily,OBM v0.1.0
2017-03-11,obm_spent_value_ge155d_btc_daily,7226.70272961,BTC,daily,OBM v0.1.0
2017-03-12,obm_spent_value_ge155d_btc_daily,7257.71336369,BTC,daily,OBM v0.1.0
2017-03-13,obm_spent_value_ge155d_btc_daily,52596.97866708,BTC,daily,OBM v0.1.0
2017-03-14,obm_spent_value_ge155d_btc_daily,9997.67880195,BTC,daily,OBM v0.1.0
2017-03-15,obm_spent_value_ge155d_btc_daily,14921.01539017,BTC,daily,OBM v0.1.0
2017-03-16,obm_spent_value_ge155d_btc_daily,22588.97128349,BTC,daily,OBM v0.1.0
2017-03-17,obm_spent_value_ge155d_btc_daily,31738.17694845,BTC,daily,OBM v0.1.0
2017-03-18,obm_spent_value_ge155d_btc_daily,44204.97628346,BTC,daily,OBM v0.1.0
2017-03-19,obm_spent_value_ge155d_btc_daily,20210.46738468,BTC,daily,OBM v0.1.0
2017-03-20,obm_spent_value_ge155d_btc_daily,11315.21230325,BTC,daily,OBM v0.1.0
2017-03-21,obm_spent_value_ge155d_btc_daily,24788.00615546,BTC,daily,OBM v0.1.0
2017-03-22,obm_spent_value_ge155d_btc_daily,25424.06930000,BTC,daily,OBM v0.1.0
2017-03-23,obm_spent_value_ge155d_btc_daily,14728.75000038,BTC,daily,OBM v0.1.0
2017-03-24,obm_spent_value_ge155d_btc_daily,88969.32299625,BTC,daily,OBM v0.1.0
2017-03-25,obm_spent_value_ge155d_btc_daily,32759.25287615,BTC,daily,OBM v0.1.0
2017-03-26,obm_spent_value_ge155d_btc_daily,20699.79371449,BTC,daily,OBM v0.1.0
2017-03-27,obm_spent_value_ge155d_btc_daily,13486.81843153,BTC,daily,OBM v0.1.0
2017-03-28,obm_spent_value_ge155d_btc_daily,14333.36088423,BTC,daily,OBM v0.1.0
2017-03-29,obm_spent_value_ge155d_btc_daily,10408.81104922,BTC,daily,OBM v0.1.0
2017-03-30,obm_spent_value_ge155d_btc_daily,18074.79985048,BTC,daily,OBM v0.1.0
2017-03-31,obm_spent_value_ge155d_btc_daily,15787.28877024,BTC,daily,OBM v0.1.0
2017-04-01,obm_spent_value_ge155d_btc_daily,9122.71125937,BTC,daily,OBM v0.1.0
2017-04-02,obm_spent_value_ge155d_btc_daily,8578.55341158,BTC,daily,OBM v0.1.0
2017-04-03,obm_spent_value_ge155d_btc_daily,10016.47115612,BTC,daily,OBM v0.1.0
2017-04-04,obm_spent_value_ge155d_btc_daily,5730.59007141,BTC,daily,OBM v0.1.0
2017-04-05,obm_spent_value_ge155d_btc_daily,9443.99473851,BTC,daily,OBM v0.1.0
2017-04-06,obm_spent_value_ge155d_btc_daily,10438.40521202,BTC,daily,OBM v0.1.0
2017-04-07,obm_spent_value_ge155d_btc_daily,17607.51775327,BTC,daily,OBM v0.1.0
2017-04-08,obm_spent_value_ge155d_btc_daily,5035.63331827,BTC,daily,OBM v0.1.0
2017-04-09,obm_spent_value_ge155d_btc_daily,4040.36750185,BTC,daily,OBM v0.1.0
2017-04-10,obm_spent_value_ge155d_btc_daily,9023.35447098,BTC,daily,OBM v0.1.0
2017-04-11,obm_spent_value_ge155d_btc_daily,10054.48530432,BTC,daily,OBM v0.1.0
2017-04-12,obm_spent_value_ge155d_btc_daily,12862.01183070,BTC,daily,OBM v0.1.0
2017-04-13,obm_spent_value_ge155d_btc_daily,4620.18567038,BTC,daily,OBM v0.1.0
2017-04-14,obm_spent_value_ge155d_btc_daily,15726.61780469,BTC,daily,OBM v0.1.0
2017-04-15,obm_spent_value_ge155d_btc_daily,4716.07278646,BTC,daily,OBM v0.1.0
2017-04-16,obm_spent_value_ge155d_btc_daily,3053.37815144,BTC,daily,OBM v0.1.0
2017-04-17,obm_spent_value_ge155d_btc_daily,9213.56690978,BTC,daily,OBM v0.1.0
2017-04-18,obm_spent_value_ge155d_btc_daily,10409.40427796,BTC,daily,OBM v0.1.0
2017-04-19,obm_spent_value_ge155d_btc_daily,6315.10514359,BTC,daily,OBM v0.1.0
2017-04-20,obm_spent_value_ge155d_btc_daily,9439.27390570,BTC,daily,OBM v0.1.0
2017-04-21,obm_spent_value_ge155d_btc_daily,4206.93272104,BTC,daily,OBM v0.1.0
2017-04-22,obm_spent_value_ge155d_btc_daily,4805.45856781,BTC,daily,OBM v0.1.0
2017-04-23,obm_spent_value_ge155d_btc_daily,7610.84974339,BTC,daily,OBM v0.1.0
2017-04-24,obm_spent_value_ge155d_btc_daily,14470.93153324,BTC,daily,OBM v0.1.0
2017-04-25,obm_spent_value_ge155d_btc_daily,10596.53724424,BTC,daily,OBM v0.1.0
2017-04-26,obm_spent_value_ge155d_btc_daily,10109.01365400,BTC,daily,OBM v0.1.0
2017-04-27,obm_spent_value_ge155d_btc_daily,8387.50492429,BTC,daily,OBM v0.1.0
2017-04-28,obm_spent_value_ge155d_btc_daily,31161.02668521,BTC,daily,OBM v0.1.0
2017-04-29,obm_spent_value_ge155d_btc_daily,7791.22402477,BTC,daily,OBM v0.1.0
2017-04-30,obm_spent_value_ge155d_btc_daily,12307.05981438,BTC,daily,OBM v0.1.0
2017-05-01,obm_spent_value_ge155d_btc_daily,27290.54860174,BTC,daily,OBM v0.1.0
2017-05-02,obm_spent_value_ge155d_btc_daily,16881.21021217,BTC,daily,OBM v0.1.0
2017-05-03,obm_spent_value_ge155d_btc_daily,12173.24139217,BTC,daily,OBM v0.1.0
2017-05-04,obm_spent_value_ge155d_btc_daily,18408.88212272,BTC,daily,OBM v0.1.0
2017-05-05,obm_spent_value_ge155d_btc_daily,33702.83763100,BTC,daily,OBM v0.1.0
2017-05-06,obm_spent_value_ge155d_btc_daily,6882.22058163,BTC,daily,OBM v0.1.0
2017-05-07,obm_spent_value_ge155d_btc_daily,8744.78256634,BTC,daily,OBM v0.1.0
2017-05-08,obm_spent_value_ge155d_btc_daily,20121.46046495,BTC,daily,OBM v0.1.0
2017-05-09,obm_spent_value_ge155d_btc_daily,25378.08133166,BTC,daily,OBM v0.1.0
2017-05-10,obm_spent_value_ge155d_btc_daily,12915.67475617,BTC,daily,OBM v0.1.0
2017-05-11,obm_spent_value_ge155d_btc_daily,26237.54774656,BTC,daily,OBM v0.1.0
2017-05-12,obm_spent_value_ge155d_btc_daily,16371.39447110,BTC,daily,OBM v0.1.0
2017-05-13,obm_spent_value_ge155d_btc_daily,6916.05733507,BTC,daily,OBM v0.1.0
2017-05-14,obm_spent_value_ge155d_btc_daily,6132.31884605,BTC,daily,OBM v0.1.0
2017-05-15,obm_spent_value_ge155d_btc_daily,14955.43868947,BTC,daily,OBM v0.1.0
2017-05-16,obm_spent_value_ge155d_btc_daily,7677.29551316,BTC,daily,OBM v0.1.0
2017-05-17,obm_spent_value_ge155d_btc_daily,30296.79916818,BTC,daily,OBM v0.1.0
2017-05-18,obm_spent_value_ge155d_btc_daily,10220.86988202,BTC,daily,OBM v0.1.0
2017-05-19,obm_spent_value_ge155d_btc_daily,20045.51326465,BTC,daily,OBM v0.1.0
2017-05-20,obm_spent_value_ge155d_btc_daily,11470.53860772,BTC,daily,OBM v0.1.0
2017-05-21,obm_spent_value_ge155d_btc_daily,16071.57873677,BTC,daily,OBM v0.1.0
2017-05-22,obm_spent_value_ge155d_btc_daily,54265.73877694,BTC,daily,OBM v0.1.0
2017-05-23,obm_spent_value_ge155d_btc_daily,33429.73741016,BTC,daily,OBM v0.1.0
2017-05-24,obm_spent_value_ge155d_btc_daily,33380.04198586,BTC,daily,OBM v0.1.0
2017-05-25,obm_spent_value_ge155d_btc_daily,57086.99605654,BTC,daily,OBM v0.1.0
2017-05-26,obm_spent_value_ge155d_btc_daily,19963.11618642,BTC,daily,OBM v0.1.0
2017-05-27,obm_spent_value_ge155d_btc_daily,19393.81859998,BTC,daily,OBM v0.1.0
2017-05-28,obm_spent_value_ge155d_btc_daily,15691.72855090,BTC,daily,OBM v0.1.0
2017-05-29,obm_spent_value_ge155d_btc_daily,11853.42685225,BTC,daily,OBM v0.1.0
2017-05-30,obm_spent_value_ge155d_btc_daily,22673.97266887,BTC,daily,OBM v0.1.0
2017-05-31,obm_spent_value_ge155d_btc_daily,23552.58162511,BTC,daily,OBM v0.1.0
2017-06-01,obm_spent_value_ge155d_btc_daily,22211.50374390,BTC,daily,OBM v0.1.0
2017-06-02,obm_spent_value_ge155d_btc_daily,10938.20962894,BTC,daily,OBM v0.1.0
2017-06-03,obm_spent_value_ge155d_btc_daily,13619.34489047,BTC,daily,OBM v0.1.0
2017-06-04,obm_spent_value_ge155d_btc_daily,15377.97419275,BTC,daily,OBM v0.1.0
2017-06-05,obm_spent_value_ge155d_btc_daily,15666.04050791,BTC,daily,OBM v0.1.0
2017-06-06,obm_spent_value_ge155d_btc_daily,16416.18910063,BTC,daily,OBM v0.1.0
2017-06-07,obm_spent_value_ge155d_btc_daily,10088.79896136,BTC,daily,OBM v0.1.0
2017-06-08,obm_spent_value_ge155d_btc_daily,21037.99885906,BTC,daily,OBM v0.1.0
2017-06-09,obm_spent_value_ge155d_btc_daily,19791.04724036,BTC,daily,OBM v0.1.0
2017-06-10,obm_spent_value_ge155d_btc_daily,34134.93718614,BTC,daily,OBM v0.1.0
2017-06-11,obm_spent_value_ge155d_btc_daily,12618.88860800,BTC,daily,OBM v0.1.0
2017-06-12,obm_spent_value_ge155d_btc_daily,45407.33622330,BTC,daily,OBM v0.1.0
2017-06-13,obm_spent_value_ge155d_btc_daily,46567.28062882,BTC,daily,OBM v0.1.0
2017-06-14,obm_spent_value_ge155d_btc_daily,25028.81451411,BTC,daily,OBM v0.1.0
2017-06-15,obm_spent_value_ge155d_btc_daily,17478.79082376,BTC,daily,OBM v0.1.0
2017-06-16,obm_spent_value_ge155d_btc_daily,33644.01578612,BTC,daily,OBM v0.1.0
2017-06-17,obm_spent_value_ge155d_btc_daily,7575.75431820,BTC,daily,OBM v0.1.0
2017-06-18,obm_spent_value_ge155d_btc_daily,42261.88522489,BTC,daily,OBM v0.1.0
2017-06-19,obm_spent_value_ge155d_btc_daily,17994.55453467,BTC,daily,OBM v0.1.0
2017-06-20,obm_spent_value_ge155d_btc_daily,20702.33158435,BTC,daily,OBM v0.1.0
2017-06-21,obm_spent_value_ge155d_btc_daily,16183.94459923,BTC,daily,OBM v0.1.0
2017-06-22,obm_spent_value_ge155d_btc_daily,16280.51578833,BTC,daily,OBM v0.1.0
2017-06-23,obm_spent_value_ge155d_btc_daily,13968.96659367,BTC,daily,OBM v0.1.0
2017-06-24,obm_spent_value_ge155d_btc_daily,14907.96065438,BTC,daily,OBM v0.1.0
2017-06-25,obm_spent_value_ge155d_btc_daily,10125.54999791,BTC,daily,OBM v0.1.0
2017-06-26,obm_spent_value_ge155d_btc_daily,12650.71256724,BTC,daily,OBM v0.1.0
2017-06-27,obm_spent_value_ge155d_btc_daily,16543.42595078,BTC,daily,OBM v0.1.0
2017-06-28,obm_spent_value_ge155d_btc_daily,17615.82189921,BTC,daily,OBM v0.1.0
2017-06-29,obm_spent_value_ge155d_btc_daily,11422.17513545,BTC,daily,OBM v0.1.0
2017-06-30,obm_spent_value_ge155d_btc_daily,20040.88667338,BTC,daily,OBM v0.1.0
2017-07-01,obm_spent_value_ge155d_btc_daily,11422.40182320,BTC,daily,OBM v0.1.0
2017-07-02,obm_spent_value_ge155d_btc_daily,10239.45443117,BTC,daily,OBM v0.1.0
2017-07-03,obm_spent_value_ge155d_btc_daily,19592.54349173,BTC,daily,OBM v0.1.0
2017-07-04,obm_spent_value_ge155d_btc_daily,10628.00295841,BTC,daily,OBM v0.1.0
2017-07-05,obm_spent_value_ge155d_btc_daily,23356.72104650,BTC,daily,OBM v0.1.0
2017-07-06,obm_spent_value_ge155d_btc_daily,12323.52337716,BTC,daily,OBM v0.1.0
2017-07-07,obm_spent_value_ge155d_btc_daily,15219.15549671,BTC,daily,OBM v0.1.0
2017-07-08,obm_spent_value_ge155d_btc_daily,8804.09986063,BTC,daily,OBM v0.1.0
2017-07-09,obm_spent_value_ge155d_btc_daily,6710.70981804,BTC,daily,OBM v0.1.0
2017-07-10,obm_spent_value_ge155d_btc_daily,9625.49376682,BTC,daily,OBM v0.1.0
2017-07-11,obm_spent_value_ge155d_btc_daily,12513.37338859,BTC,daily,OBM v0.1.0
2017-07-12,obm_spent_value_ge155d_btc_daily,7997.68392805,BTC,daily,OBM v0.1.0
2017-07-13,obm_spent_value_ge155d_btc_daily,15655.91849985,BTC,daily,OBM v0.1.0
2017-07-14,obm_spent_value_ge155d_btc_daily,15467.96642659,BTC,daily,OBM v0.1.0
2017-07-15,obm_spent_value_ge155d_btc_daily,8653.82213571,BTC,daily,OBM v0.1.0
2017-07-16,obm_spent_value_ge155d_btc_daily,9011.24220821,BTC,daily,OBM v0.1.0
2017-07-17,obm_spent_value_ge155d_btc_daily,35566.70060324,BTC,daily,OBM v0.1.0
2017-07-18,obm_spent_value_ge155d_btc_daily,15210.26148701,BTC,daily,OBM v0.1.0
2017-07-19,obm_spent_value_ge155d_btc_daily,13579.59078911,BTC,daily,OBM v0.1.0
2017-07-20,obm_spent_value_ge155d_btc_daily,17130.81847633,BTC,daily,OBM v0.1.0
2017-07-21,obm_spent_value_ge155d_btc_daily,11848.08769315,BTC,daily,OBM v0.1.0
2017-07-22,obm_spent_value_ge155d_btc_daily,9027.96507031,BTC,daily,OBM v0.1.0
2017-07-23,obm_spent_value_ge155d_btc_daily,6198.89801885,BTC,daily,OBM v0.1.0
2017-07-24,obm_spent_value_ge155d_btc_daily,14811.43644330,BTC,daily,OBM v0.1.0
2017-07-25,obm_spent_value_ge155d_btc_daily,75536.86847618,BTC,daily,OBM v0.1.0
2017-07-26,obm_spent_value_ge155d_btc_daily,12539.83530815,BTC,daily,OBM v0.1.0
2017-07-27,obm_spent_value_ge155d_btc_daily,36510.56504079,BTC,daily,OBM v0.1.0
2017-07-28,obm_spent_value_ge155d_btc_daily,81783.46789749,BTC,daily,OBM v0.1.0
2017-07-29,obm_spent_value_ge155d_btc_daily,102073.11359057,BTC,daily,OBM v0.1.0
2017-07-30,obm_spent_value_ge155d_btc_daily,148774.64577767,BTC,daily,OBM v0.1.0
2017-07-31,obm_spent_value_ge155d_btc_daily,178021.86662582,BTC,daily,OBM v0.1.0
2017-08-01,obm_spent_value_ge155d_btc_daily,38982.84510265,BTC,daily,OBM v0.1.0
2017-08-02,obm_spent_value_ge155d_btc_daily,46008.70121864,BTC,daily,OBM v0.1.0
2017-08-03,obm_spent_value_ge155d_btc_daily,64653.15415874,BTC,daily,OBM v0.1.0
2017-08-04,obm_spent_value_ge155d_btc_daily,111020.37033895,BTC,daily,OBM v0.1.0
2017-08-05,obm_spent_value_ge155d_btc_daily,67175.63562455,BTC,daily,OBM v0.1.0
2017-08-06,obm_spent_value_ge155d_btc_daily,58771.73904176,BTC,daily,OBM v0.1.0
2017-08-07,obm_spent_value_ge155d_btc_daily,56759.47826982,BTC,daily,OBM v0.1.0
2017-08-08,obm_spent_value_ge155d_btc_daily,72337.79015223,BTC,daily,OBM v0.1.0
2017-08-09,obm_spent_value_ge155d_btc_daily,62348.01137639,BTC,daily,OBM v0.1.0
2017-08-10,obm_spent_value_ge155d_btc_daily,19445.83688556,BTC,daily,OBM v0.1.0
2017-08-11,obm_spent_value_ge155d_btc_daily,15821.72914329,BTC,daily,OBM v0.1.0
2017-08-12,obm_spent_value_ge155d_btc_daily,21322.65927000,BTC,daily,OBM v0.1.0
2017-08-13,obm_spent_value_ge155d_btc_daily,21457.01922919,BTC,daily,OBM v0.1.0
2017-08-14,obm_spent_value_ge155d_btc_daily,21596.61228898,BTC,daily,OBM v0.1.0
2017-08-15,obm_spent_value_ge155d_btc_daily,17070.19493093,BTC,daily,OBM v0.1.0
2017-08-16,obm_spent_value_ge155d_btc_daily,13936.92096060,BTC,daily,OBM v0.1.0
2017-08-17,obm_spent_value_ge155d_btc_daily,31239.79066010,BTC,daily,OBM v0.1.0
2017-08-18,obm_spent_value_ge155d_btc_daily,29375.80300828,BTC,daily,OBM v0.1.0
2017-08-19,obm_spent_value_ge155d_btc_daily,29968.17133719,BTC,daily,OBM v0.1.0
2017-08-20,obm_spent_value_ge155d_btc_daily,53455.11614760,BTC,daily,OBM v0.1.0
2017-08-21,obm_spent_value_ge155d_btc_daily,19355.21137037,BTC,daily,OBM v0.1.0
2017-08-22,obm_spent_value_ge155d_btc_daily,29048.60513019,BTC,daily,OBM v0.1.0
2017-08-23,obm_spent_value_ge155d_btc_daily,32069.98386264,BTC,daily,OBM v0.1.0
2017-08-24,obm_spent_value_ge155d_btc_daily,16408.90174946,BTC,daily,OBM v0.1.0
2017-08-25,obm_spent_value_ge155d_btc_daily,13131.51534204,BTC,daily,OBM v0.1.0
2017-08-26,obm_spent_value_ge155d_btc_daily,16286.44516195,BTC,daily,OBM v0.1.0
2017-08-27,obm_spent_value_ge155d_btc_daily,15153.56992282,BTC,daily,OBM v0.1.0
2017-08-28,obm_spent_value_ge155d_btc_daily,15537.84087010,BTC,daily,OBM v0.1.0
2017-08-29,obm_spent_value_ge155d_btc_daily,29832.02637769,BTC,daily,OBM v0.1.0
2017-08-30,obm_spent_value_ge155d_btc_daily,25458.82312139,BTC,daily,OBM v0.1.0
2017-08-31,obm_spent_value_ge155d_btc_daily,20713.78660711,BTC,daily,OBM v0.1.0
2017-09-01,obm_spent_value_ge155d_btc_daily,26371.62106948,BTC,daily,OBM v0.1.0
2017-09-02,obm_spent_value_ge155d_btc_daily,21567.84024040,BTC,daily,OBM v0.1.0
2017-09-03,obm_spent_value_ge155d_btc_daily,13556.57837765,BTC,daily,OBM v0.1.0
2017-09-04,obm_spent_value_ge155d_btc_daily,22999.41074065,BTC,daily,OBM v0.1.0
2017-09-05,obm_spent_value_ge155d_btc_daily,11234.01767263,BTC,daily,OBM v0.1.0
2017-09-06,obm_spent_value_ge155d_btc_daily,11486.33625781,BTC,daily,OBM v0.1.0
2017-09-07,obm_spent_value_ge155d_btc_daily,9085.69620333,BTC,daily,OBM v0.1.0
2017-09-08,obm_spent_value_ge155d_btc_daily,8055.89395967,BTC,daily,OBM v0.1.0
2017-09-09,obm_spent_value_ge155d_btc_daily,8230.05356580,BTC,daily,OBM v0.1.0
2017-09-10,obm_spent_value_ge155d_btc_daily,17300.62680725,BTC,daily,OBM v0.1.0
2017-09-11,obm_spent_value_ge155d_btc_daily,15690.61353121,BTC,daily,OBM v0.1.0
2017-09-12,obm_spent_value_ge155d_btc_daily,13778.16345573,BTC,daily,OBM v0.1.0
2017-09-13,obm_spent_value_ge155d_btc_daily,15880.24813716,BTC,daily,OBM v0.1.0
2017-09-14,obm_spent_value_ge155d_btc_daily,16542.40719327,BTC,daily,OBM v0.1.0
2017-09-15,obm_spent_value_ge155d_btc_daily,35931.01347078,BTC,daily,OBM v0.1.0
2017-09-16,obm_spent_value_ge155d_btc_daily,13497.11160005,BTC,daily,OBM v0.1.0
2017-09-17,obm_spent_value_ge155d_btc_daily,9021.26677168,BTC,daily,OBM v0.1.0
2017-09-18,obm_spent_value_ge155d_btc_daily,7987.78201942,BTC,daily,OBM v0.1.0
2017-09-19,obm_spent_value_ge155d_btc_daily,15358.65568842,BTC,daily,OBM v0.1.0
2017-09-20,obm_spent_value_ge155d_btc_daily,8800.12501154,BTC,daily,OBM v0.1.0
2017-09-21,obm_spent_value_ge155d_btc_daily,12956.82168738,BTC,daily,OBM v0.1.0
2017-09-22,obm_spent_value_ge155d_btc_daily,20392.30927791,BTC,daily,OBM v0.1.0
2017-09-23,obm_spent_value_ge155d_btc_daily,8167.24775260,BTC,daily,OBM v0.1.0
2017-09-24,obm_spent_value_ge155d_btc_daily,5548.29323527,BTC,daily,OBM v0.1.0
2017-09-25,obm_spent_value_ge155d_btc_daily,73328.43998243,BTC,daily,OBM v0.1.0
2017-09-26,obm_spent_value_ge155d_btc_daily,19825.59472814,BTC,daily,OBM v0.1.0
2017-09-27,obm_spent_value_ge155d_btc_daily,7815.27072438,BTC,daily,OBM v0.1.0
2017-09-28,obm_spent_value_ge155d_btc_daily,11519.18170623,BTC,daily,OBM v0.1.0
2017-09-29,obm_spent_value_ge155d_btc_daily,7041.46080520,BTC,daily,OBM v0.1.0
2017-09-30,obm_spent_value_ge155d_btc_daily,22701.73767820,BTC,daily,OBM v0.1.0
2017-10-01,obm_spent_value_ge155d_btc_daily,7190.90257899,BTC,daily,OBM v0.1.0
2017-10-02,obm_spent_value_ge155d_btc_daily,18416.46141484,BTC,daily,OBM v0.1.0
2017-10-03,obm_spent_value_ge155d_btc_daily,13331.84419145,BTC,daily,OBM v0.1.0
2017-10-04,obm_spent_value_ge155d_btc_daily,13453.35722876,BTC,daily,OBM v0.1.0
2017-10-05,obm_spent_value_ge155d_btc_daily,41210.86557011,BTC,daily,OBM v0.1.0
2017-10-06,obm_spent_value_ge155d_btc_daily,10251.52904288,BTC,daily,OBM v0.1.0
2017-10-07,obm_spent_value_ge155d_btc_daily,8235.67353940,BTC,daily,OBM v0.1.0
2017-10-08,obm_spent_value_ge155d_btc_daily,16080.63484213,BTC,daily,OBM v0.1.0
2017-10-09,obm_spent_value_ge155d_btc_daily,24465.40712536,BTC,daily,OBM v0.1.0
2017-10-10,obm_spent_value_ge155d_btc_daily,16711.46623858,BTC,daily,OBM v0.1.0
2017-10-11,obm_spent_value_ge155d_btc_daily,7561.27556013,BTC,daily,OBM v0.1.0
2017-10-12,obm_spent_value_ge155d_btc_daily,13370.02804791,BTC,daily,OBM v0.1.0
2017-10-13,obm_spent_value_ge155d_btc_daily,18387.37759616,BTC,daily,OBM v0.1.0
2017-10-14,obm_spent_value_ge155d_btc_daily,11640.37771878,BTC,daily,OBM v0.1.0
2017-10-15,obm_spent_value_ge155d_btc_daily,17081.98785870,BTC,daily,OBM v0.1.0
2017-10-16,obm_spent_value_ge155d_btc_daily,24721.72319474,BTC,daily,OBM v0.1.0
2017-10-17,obm_spent_value_ge155d_btc_daily,24771.11926757,BTC,daily,OBM v0.1.0
2017-10-18,obm_spent_value_ge155d_btc_daily,13435.69250646,BTC,daily,OBM v0.1.0
2017-10-19,obm_spent_value_ge155d_btc_daily,21101.44659391,BTC,daily,OBM v0.1.0
2017-10-20,obm_spent_value_ge155d_btc_daily,9339.59770527,BTC,daily,OBM v0.1.0
2017-10-21,obm_spent_value_ge155d_btc_daily,9879.69981955,BTC,daily,OBM v0.1.0
2017-10-22,obm_spent_value_ge155d_btc_daily,29847.76913608,BTC,daily,OBM v0.1.0
2017-10-23,obm_spent_value_ge155d_btc_daily,29952.20363953,BTC,daily,OBM v0.1.0
2017-10-24,obm_spent_value_ge155d_btc_daily,13789.50116766,BTC,daily,OBM v0.1.0
2017-10-25,obm_spent_value_ge155d_btc_daily,21729.94605681,BTC,daily,OBM v0.1.0
2017-10-26,obm_spent_value_ge155d_btc_daily,8301.25368314,BTC,daily,OBM v0.1.0
2017-10-27,obm_spent_value_ge155d_btc_daily,12886.66815831,BTC,daily,OBM v0.1.0
2017-10-28,obm_spent_value_ge155d_btc_daily,7608.02538329,BTC,daily,OBM v0.1.0
2017-10-29,obm_spent_value_ge155d_btc_daily,13332.52415094,BTC,daily,OBM v0.1.0
2017-10-30,obm_spent_value_ge155d_btc_daily,19879.84294949,BTC,daily,OBM v0.1.0
2017-10-31,obm_spent_value_ge155d_btc_daily,12638.71792986,BTC,daily,OBM v0.1.0
2017-11-01,obm_spent_value_ge155d_btc_daily,21846.63261711,BTC,daily,OBM v0.1.0
2017-11-02,obm_spent_value_ge155d_btc_daily,22513.35075330,BTC,daily,OBM v0.1.0
2017-11-03,obm_spent_value_ge155d_btc_daily,11500.76885377,BTC,daily,OBM v0.1.0
2017-11-04,obm_spent_value_ge155d_btc_daily,9401.74401095,BTC,daily,OBM v0.1.0
2017-11-05,obm_spent_value_ge155d_btc_daily,22364.28707518,BTC,daily,OBM v0.1.0
2017-11-06,obm_spent_value_ge155d_btc_daily,6786.73324653,BTC,daily,OBM v0.1.0
2017-11-07,obm_spent_value_ge155d_btc_daily,22907.09904484,BTC,daily,OBM v0.1.0
2017-11-08,obm_spent_value_ge155d_btc_daily,13062.18450585,BTC,daily,OBM v0.1.0
2017-11-09,obm_spent_value_ge155d_btc_daily,17010.61735238,BTC,daily,OBM v0.1.0
2017-11-10,obm_spent_value_ge155d_btc_daily,27361.44538816,BTC,daily,OBM v0.1.0
2017-11-11,obm_spent_value_ge155d_btc_daily,30479.79676942,BTC,daily,OBM v0.1.0
2017-11-12,obm_spent_value_ge155d_btc_daily,129841.31445286,BTC,daily,OBM v0.1.0
2017-11-13,obm_spent_value_ge155d_btc_daily,48939.45310799,BTC,daily,OBM v0.1.0
2017-11-14,obm_spent_value_ge155d_btc_daily,17776.96532453,BTC,daily,OBM v0.1.0
2017-11-15,obm_spent_value_ge155d_btc_daily,15426.23869796,BTC,daily,OBM v0.1.0
2017-11-16,obm_spent_value_ge155d_btc_daily,34460.66612070,BTC,daily,OBM v0.1.0
2017-11-17,obm_spent_value_ge155d_btc_daily,26354.67759803,BTC,daily,OBM v0.1.0
2017-11-18,obm_spent_value_ge155d_btc_daily,12973.02835702,BTC,daily,OBM v0.1.0
2017-11-19,obm_spent_value_ge155d_btc_daily,15365.27423584,BTC,daily,OBM v0.1.0
2017-11-20,obm_spent_value_ge155d_btc_daily,28964.78528596,BTC,daily,OBM v0.1.0
2017-11-21,obm_spent_value_ge155d_btc_daily,17644.56067710,BTC,daily,OBM v0.1.0
2017-11-22,obm_spent_value_ge155d_btc_daily,9557.17048859,BTC,daily,OBM v0.1.0
2017-11-23,obm_spent_value_ge155d_btc_daily,10709.28814171,BTC,daily,OBM v0.1.0
2017-11-24,obm_spent_value_ge155d_btc_daily,35089.77794209,BTC,daily,OBM v0.1.0
2017-11-25,obm_spent_value_ge155d_btc_daily,20821.23202956,BTC,daily,OBM v0.1.0
2017-11-26,obm_spent_value_ge155d_btc_daily,16277.77637140,BTC,daily,OBM v0.1.0
2017-11-27,obm_spent_value_ge155d_btc_daily,19392.68844059,BTC,daily,OBM v0.1.0
2017-11-28,obm_spent_value_ge155d_btc_daily,27120.36383999,BTC,daily,OBM v0.1.0
2017-11-29,obm_spent_value_ge155d_btc_daily,22405.35048649,BTC,daily,OBM v0.1.0
2017-11-30,obm_spent_value_ge155d_btc_daily,13349.10811997,BTC,daily,OBM v0.1.0
2017-12-01,obm_spent_value_ge155d_btc_daily,17353.24350029,BTC,daily,OBM v0.1.0
2017-12-02,obm_spent_value_ge155d_btc_daily,17286.01291282,BTC,daily,OBM v0.1.0
2017-12-03,obm_spent_value_ge155d_btc_daily,11516.26151289,BTC,daily,OBM v0.1.0
2017-12-04,obm_spent_value_ge155d_btc_daily,23180.51336776,BTC,daily,OBM v0.1.0
2017-12-05,obm_spent_value_ge155d_btc_daily,16856.65470688,BTC,daily,OBM v0.1.0
2017-12-06,obm_spent_value_ge155d_btc_daily,24262.23550682,BTC,daily,OBM v0.1.0
2017-12-07,obm_spent_value_ge155d_btc_daily,93780.54969014,BTC,daily,OBM v0.1.0
2017-12-08,obm_spent_value_ge155d_btc_daily,33428.89396321,BTC,daily,OBM v0.1.0
2017-12-09,obm_spent_value_ge155d_btc_daily,14383.82514651,BTC,daily,OBM v0.1.0
2017-12-10,obm_spent_value_ge155d_btc_daily,15972.34431364,BTC,daily,OBM v0.1.0
2017-12-11,obm_spent_value_ge155d_btc_daily,14048.09388473,BTC,daily,OBM v0.1.0
2017-12-12,obm_spent_value_ge155d_btc_daily,68235.16001100,BTC,daily,OBM v0.1.0
2017-12-13,obm_spent_value_ge155d_btc_daily,30386.13043250,BTC,daily,OBM v0.1.0
2017-12-14,obm_spent_value_ge155d_btc_daily,17490.95719799,BTC,daily,OBM v0.1.0
2017-12-15,obm_spent_value_ge155d_btc_daily,27802.31394697,BTC,daily,OBM v0.1.0
2017-12-16,obm_spent_value_ge155d_btc_daily,8978.60511138,BTC,daily,OBM v0.1.0
2017-12-17,obm_spent_value_ge155d_btc_daily,25169.25171615,BTC,daily,OBM v0.1.0
2017-12-18,obm_spent_value_ge155d_btc_daily,13887.49188683,BTC,daily,OBM v0.1.0
2017-12-19,obm_spent_value_ge155d_btc_daily,17408.64651209,BTC,daily,OBM v0.1.0
2017-12-20,obm_spent_value_ge155d_btc_daily,55226.74900907,BTC,daily,OBM v0.1.0
2017-12-21,obm_spent_value_ge155d_btc_daily,14802.81088648,BTC,daily,OBM v0.1.0
2017-12-22,obm_spent_value_ge155d_btc_daily,30018.14933510,BTC,daily,OBM v0.1.0
2017-12-23,obm_spent_value_ge155d_btc_daily,13590.18135956,BTC,daily,OBM v0.1.0
2017-12-24,obm_spent_value_ge155d_btc_daily,25796.94212432,BTC,daily,OBM v0.1.0
2017-12-25,obm_spent_value_ge155d_btc_daily,9115.29531556,BTC,daily,OBM v0.1.0
2017-12-26,obm_spent_value_ge155d_btc_daily,29284.71462052,BTC,daily,OBM v0.1.0
2017-12-27,obm_spent_value_ge155d_btc_daily,20243.71649215,BTC,daily,OBM v0.1.0
2017-12-28,obm_spent_value_ge155d_btc_daily,11103.85707449,BTC,daily,OBM v0.1.0
2017-12-29,obm_spent_value_ge155d_btc_daily,17587.23228346,BTC,daily,OBM v0.1.0
2017-12-30,obm_spent_value_ge155d_btc_daily,20411.55548205,BTC,daily,OBM v0.1.0
2017-12-31,obm_spent_value_ge155d_btc_daily,18771.87668045,BTC,daily,OBM v0.1.0
2018-01-01,obm_spent_value_ge155d_btc_daily,8052.41186726,BTC,daily,OBM v0.1.0
2018-01-02,obm_spent_value_ge155d_btc_daily,19045.73474376,BTC,daily,OBM v0.1.0
2018-01-03,obm_spent_value_ge155d_btc_daily,12436.86135376,BTC,daily,OBM v0.1.0
2018-01-04,obm_spent_value_ge155d_btc_daily,16092.81967856,BTC,daily,OBM v0.1.0
2018-01-05,obm_spent_value_ge155d_btc_daily,38313.36789393,BTC,daily,OBM v0.1.0
2018-01-06,obm_spent_value_ge155d_btc_daily,17783.46607234,BTC,daily,OBM v0.1.0
2018-01-07,obm_spent_value_ge155d_btc_daily,54242.47525253,BTC,daily,OBM v0.1.0
2018-01-08,obm_spent_value_ge155d_btc_daily,10571.03344677,BTC,daily,OBM v0.1.0
2018-01-09,obm_spent_value_ge155d_btc_daily,12470.02739776,BTC,daily,OBM v0.1.0
2018-01-10,obm_spent_value_ge155d_btc_daily,12366.30473474,BTC,daily,OBM v0.1.0
2018-01-11,obm_spent_value_ge155d_btc_daily,30327.81847741,BTC,daily,OBM v0.1.0
2018-01-12,obm_spent_value_ge155d_btc_daily,21142.52705483,BTC,daily,OBM v0.1.0
2018-01-13,obm_spent_value_ge155d_btc_daily,14047.25225896,BTC,daily,OBM v0.1.0
2018-01-14,obm_spent_value_ge155d_btc_daily,14273.02535597,BTC,daily,OBM v0.1.0
2018-01-15,obm_spent_value_ge155d_btc_daily,7633.72637481,BTC,daily,OBM v0.1.0
2018-01-16,obm_spent_value_ge155d_btc_daily,25113.21665130,BTC,daily,OBM v0.1.0
2018-01-17,obm_spent_value_ge155d_btc_daily,34315.78263480,BTC,daily,OBM v0.1.0
2018-01-18,obm_spent_value_ge155d_btc_daily,5205.67131901,BTC,daily,OBM v0.1.0
2018-01-19,obm_spent_value_ge155d_btc_daily,18775.09240170,BTC,daily,OBM v0.1.0
2018-01-20,obm_spent_value_ge155d_btc_daily,8211.25124985,BTC,daily,OBM v0.1.0
2018-01-21,obm_spent_value_ge155d_btc_daily,8839.06302520,BTC,daily,OBM v0.1.0
2018-01-22,obm_spent_value_ge155d_btc_daily,14206.06499637,BTC,daily,OBM v0.1.0
2018-01-23,obm_spent_value_ge155d_btc_daily,12034.91734864,BTC,daily,OBM v0.1.0
2018-01-24,obm_spent_value_ge155d_btc_daily,9855.17736392,BTC,daily,OBM v0.1.0
2018-01-25,obm_spent_value_ge155d_btc_daily,12306.14713977,BTC,daily,OBM v0.1.0
2018-01-26,obm_spent_value_ge155d_btc_daily,11967.47261239,BTC,daily,OBM v0.1.0
2018-01-27,obm_spent_value_ge155d_btc_daily,6362.22725984,BTC,daily,OBM v0.1.0
2018-01-28,obm_spent_value_ge155d_btc_daily,22736.15647556,BTC,daily,OBM v0.1.0
2018-01-29,obm_spent_value_ge155d_btc_daily,6739.69318019,BTC,daily,OBM v0.1.0
2018-01-30,obm_spent_value_ge155d_btc_daily,9748.78093032,BTC,daily,OBM v0.1.0
2018-01-31,obm_spent_value_ge155d_btc_daily,11549.20133603,BTC,daily,OBM v0.1.0
2018-02-01,obm_spent_value_ge155d_btc_daily,30855.15712945,BTC,daily,OBM v0.1.0
2018-02-02,obm_spent_value_ge155d_btc_daily,16528.81684663,BTC,daily,OBM v0.1.0
2018-02-03,obm_spent_value_ge155d_btc_daily,8779.33346501,BTC,daily,OBM v0.1.0
2018-02-04,obm_spent_value_ge155d_btc_daily,50969.75238668,BTC,daily,OBM v0.1.0
2018-02-05,obm_spent_value_ge155d_btc_daily,37686.08036844,BTC,daily,OBM v0.1.0
2018-02-06,obm_spent_value_ge155d_btc_daily,38887.47543015,BTC,daily,OBM v0.1.0
2018-02-07,obm_spent_value_ge155d_btc_daily,7104.43330387,BTC,daily,OBM v0.1.0
2018-02-08,obm_spent_value_ge155d_btc_daily,18060.56142385,BTC,daily,OBM v0.1.0
2018-02-09,obm_spent_value_ge155d_btc_daily,3992.66192900,BTC,daily,OBM v0.1.0
2018-02-10,obm_spent_value_ge155d_btc_daily,5607.77997889,BTC,daily,OBM v0.1.0
2018-02-11,obm_spent_value_ge155d_btc_daily,7130.94643739,BTC,daily,OBM v0.1.0
2018-02-12,obm_spent_value_ge155d_btc_daily,9576.39999177,BTC,daily,OBM v0.1.0
2018-02-13,obm_spent_value_ge155d_btc_daily,3894.91279161,BTC,daily,OBM v0.1.0
2018-02-14,obm_spent_value_ge155d_btc_daily,12039.87425398,BTC,daily,OBM v0.1.0
2018-02-15,obm_spent_value_ge155d_btc_daily,23778.98031543,BTC,daily,OBM v0.1.0
2018-02-16,obm_spent_value_ge155d_btc_daily,7315.82758519,BTC,daily,OBM v0.1.0
2018-02-17,obm_spent_value_ge155d_btc_daily,3153.16868615,BTC,daily,OBM v0.1.0
2018-02-18,obm_spent_value_ge155d_btc_daily,5290.37503023,BTC,daily,OBM v0.1.0
2018-02-19,obm_spent_value_ge155d_btc_daily,4308.99099546,BTC,daily,OBM v0.1.0
2018-02-20,obm_spent_value_ge155d_btc_daily,14790.80234599,BTC,daily,OBM v0.1.0
2018-02-21,obm_spent_value_ge155d_btc_daily,6665.16107459,BTC,daily,OBM v0.1.0
2018-02-22,obm_spent_value_ge155d_btc_daily,132300.80405451,BTC,daily,OBM v0.1.0
2018-02-23,obm_spent_value_ge155d_btc_daily,9261.98944854,BTC,daily,OBM v0.1.0
2018-02-24,obm_spent_value_ge155d_btc_daily,5315.82184790,BTC,daily,OBM v0.1.0
2018-02-25,obm_spent_value_ge155d_btc_daily,5131.56471418,BTC,daily,OBM v0.1.0
2018-02-26,obm_spent_value_ge155d_btc_daily,4809.27807067,BTC,daily,OBM v0.1.0
2018-02-27,obm_spent_value_ge155d_btc_daily,6968.81195170,BTC,daily,OBM v0.1.0
2018-02-28,obm_spent_value_ge155d_btc_daily,43111.47970758,BTC,daily,OBM v0.1.0
2018-03-01,obm_spent_value_ge155d_btc_daily,9857.14226475,BTC,daily,OBM v0.1.0
2018-03-02,obm_spent_value_ge155d_btc_daily,6193.13732887,BTC,daily,OBM v0.1.0
2018-03-03,obm_spent_value_ge155d_btc_daily,4502.38595769,BTC,daily,OBM v0.1.0
2018-03-04,obm_spent_value_ge155d_btc_daily,11406.87883754,BTC,daily,OBM v0.1.0
2018-03-05,obm_spent_value_ge155d_btc_daily,10499.91364465,BTC,daily,OBM v0.1.0
2018-03-06,obm_spent_value_ge155d_btc_daily,9979.36741619,BTC,daily,OBM v0.1.0
2018-03-07,obm_spent_value_ge155d_btc_daily,3786.35922986,BTC,daily,OBM v0.1.0
2018-03-08,obm_spent_value_ge155d_btc_daily,4499.19996084,BTC,daily,OBM v0.1.0
2018-03-09,obm_spent_value_ge155d_btc_daily,13431.83963381,BTC,daily,OBM v0.1.0
2018-03-10,obm_spent_value_ge155d_btc_daily,4025.60098938,BTC,daily,OBM v0.1.0
2018-03-11,obm_spent_value_ge155d_btc_daily,11245.82075106,BTC,daily,OBM v0.1.0
2018-03-12,obm_spent_value_ge155d_btc_daily,6525.89631930,BTC,daily,OBM v0.1.0
2018-03-13,obm_spent_value_ge155d_btc_daily,8292.97588930,BTC,daily,OBM v0.1.0
2018-03-14,obm_spent_value_ge155d_btc_daily,4730.39872358,BTC,daily,OBM v0.1.0
2018-03-15,obm_spent_value_ge155d_btc_daily,8789.59945822,BTC,daily,OBM v0.1.0
2018-03-16,obm_spent_value_ge155d_btc_daily,9464.77197225,BTC,daily,OBM v0.1.0
2018-03-17,obm_spent_value_ge155d_btc_daily,5429.24971948,BTC,daily,OBM v0.1.0
2018-03-18,obm_spent_value_ge155d_btc_daily,9672.16471026,BTC,daily,OBM v0.1.0
2018-03-19,obm_spent_value_ge155d_btc_daily,7108.37563721,BTC,daily,OBM v0.1.0
2018-03-20,obm_spent_value_ge155d_btc_daily,2756.96700341,BTC,daily,OBM v0.1.0
2018-03-21,obm_spent_value_ge155d_btc_daily,6839.41066454,BTC,daily,OBM v0.1.0
2018-03-22,obm_spent_value_ge155d_btc_daily,6902.48990172,BTC,daily,OBM v0.1.0
2018-03-23,obm_spent_value_ge155d_btc_daily,3169.58797898,BTC,daily,OBM v0.1.0
2018-03-24,obm_spent_value_ge155d_btc_daily,9775.18234452,BTC,daily,OBM v0.1.0
2018-03-25,obm_spent_value_ge155d_btc_daily,2773.04434508,BTC,daily,OBM v0.1.0
2018-03-26,obm_spent_value_ge155d_btc_daily,6762.90559052,BTC,daily,OBM v0.1.0
2018-03-27,obm_spent_value_ge155d_btc_daily,4026.26555716,BTC,daily,OBM v0.1.0
2018-03-28,obm_spent_value_ge155d_btc_daily,3517.75333401,BTC,daily,OBM v0.1.0
2018-03-29,obm_spent_value_ge155d_btc_daily,10598.09711969,BTC,daily,OBM v0.1.0
2018-03-30,obm_spent_value_ge155d_btc_daily,14046.49883382,BTC,daily,OBM v0.1.0
2018-03-31,obm_spent_value_ge155d_btc_daily,8936.01004923,BTC,daily,OBM v0.1.0
2018-04-01,obm_spent_value_ge155d_btc_daily,8791.08273236,BTC,daily,OBM v0.1.0
2018-04-02,obm_spent_value_ge155d_btc_daily,5427.89336607,BTC,daily,OBM v0.1.0
2018-04-03,obm_spent_value_ge155d_btc_daily,2727.79552644,BTC,daily,OBM v0.1.0
2018-04-04,obm_spent_value_ge155d_btc_daily,4971.13818101,BTC,daily,OBM v0.1.0
2018-04-05,obm_spent_value_ge155d_btc_daily,7381.56935201,BTC,daily,OBM v0.1.0
2018-04-06,obm_spent_value_ge155d_btc_daily,3555.19438559,BTC,daily,OBM v0.1.0
2018-04-07,obm_spent_value_ge155d_btc_daily,7687.52155720,BTC,daily,OBM v0.1.0
2018-04-08,obm_spent_value_ge155d_btc_daily,10332.02867764,BTC,daily,OBM v0.1.0
2018-04-09,obm_spent_value_ge155d_btc_daily,2650.89094908,BTC,daily,OBM v0.1.0
2018-04-10,obm_spent_value_ge155d_btc_daily,10141.56780242,BTC,daily,OBM v0.1.0
2018-04-11,obm_spent_value_ge155d_btc_daily,19000.40949112,BTC,daily,OBM v0.1.0
2018-04-12,obm_spent_value_ge155d_btc_daily,11795.84862459,BTC,daily,OBM v0.1.0
2018-04-13,obm_spent_value_ge155d_btc_daily,6844.27541653,BTC,daily,OBM v0.1.0
2018-04-14,obm_spent_value_ge155d_btc_daily,3853.26328179,BTC,daily,OBM v0.1.0
2018-04-15,obm_spent_value_ge155d_btc_daily,3870.25563067,BTC,daily,OBM v0.1.0
2018-04-16,obm_spent_value_ge155d_btc_daily,8393.51585815,BTC,daily,OBM v0.1.0
2018-04-17,obm_spent_value_ge155d_btc_daily,8016.86780721,BTC,daily,OBM v0.1.0
2018-04-18,obm_spent_value_ge155d_btc_daily,7820.80986067,BTC,daily,OBM v0.1.0
2018-04-19,obm_spent_value_ge155d_btc_daily,38221.44237219,BTC,daily,OBM v0.1.0
2018-04-20,obm_spent_value_ge155d_btc_daily,11120.10523161,BTC,daily,OBM v0.1.0
2018-04-21,obm_spent_value_ge155d_btc_daily,9891.57322774,BTC,daily,OBM v0.1.0
2018-04-22,obm_spent_value_ge155d_btc_daily,8064.95958801,BTC,daily,OBM v0.1.0
2018-04-23,obm_spent_value_ge155d_btc_daily,7327.54264507,BTC,daily,OBM v0.1.0
2018-04-24,obm_spent_value_ge155d_btc_daily,11673.06629136,BTC,daily,OBM v0.1.0
2018-04-25,obm_spent_value_ge155d_btc_daily,6297.43356784,BTC,daily,OBM v0.1.0
2018-04-26,obm_spent_value_ge155d_btc_daily,22105.09755799,BTC,daily,OBM v0.1.0
2018-04-27,obm_spent_value_ge155d_btc_daily,4219.72108671,BTC,daily,OBM v0.1.0
2018-04-28,obm_spent_value_ge155d_btc_daily,2806.08819142,BTC,daily,OBM v0.1.0
2018-04-29,obm_spent_value_ge155d_btc_daily,9362.25655855,BTC,daily,OBM v0.1.0
2018-04-30,obm_spent_value_ge155d_btc_daily,12320.15993655,BTC,daily,OBM v0.1.0
2018-05-01,obm_spent_value_ge155d_btc_daily,3707.74694575,BTC,daily,OBM v0.1.0
2018-05-02,obm_spent_value_ge155d_btc_daily,26307.62354242,BTC,daily,OBM v0.1.0
2018-05-03,obm_spent_value_ge155d_btc_daily,10969.22326760,BTC,daily,OBM v0.1.0
2018-05-04,obm_spent_value_ge155d_btc_daily,10286.22745135,BTC,daily,OBM v0.1.0
2018-05-05,obm_spent_value_ge155d_btc_daily,9667.60132327,BTC,daily,OBM v0.1.0
2018-05-06,obm_spent_value_ge155d_btc_daily,8035.11065316,BTC,daily,OBM v0.1.0
2018-05-07,obm_spent_value_ge155d_btc_daily,6215.27314488,BTC,daily,OBM v0.1.0
2018-05-08,obm_spent_value_ge155d_btc_daily,4252.17831948,BTC,daily,OBM v0.1.0
2018-05-09,obm_spent_value_ge155d_btc_daily,17340.74996069,BTC,daily,OBM v0.1.0
2018-05-10,obm_spent_value_ge155d_btc_daily,11239.99971956,BTC,daily,OBM v0.1.0
2018-05-11,obm_spent_value_ge155d_btc_daily,11486.88865775,BTC,daily,OBM v0.1.0
2018-05-12,obm_spent_value_ge155d_btc_daily,4465.62050810,BTC,daily,OBM v0.1.0
2018-05-13,obm_spent_value_ge155d_btc_daily,4361.14147113,BTC,daily,OBM v0.1.0
2018-05-14,obm_spent_value_ge155d_btc_daily,82880.35202143,BTC,daily,OBM v0.1.0
2018-05-15,obm_spent_value_ge155d_btc_daily,14562.05150978,BTC,daily,OBM v0.1.0
2018-05-16,obm_spent_value_ge155d_btc_daily,10081.41121199,BTC,daily,OBM v0.1.0
2018-05-17,obm_spent_value_ge155d_btc_daily,79075.38094372,BTC,daily,OBM v0.1.0
2018-05-18,obm_spent_value_ge155d_btc_daily,5981.81176591,BTC,daily,OBM v0.1.0
2018-05-19,obm_spent_value_ge155d_btc_daily,10005.92303119,BTC,daily,OBM v0.1.0
2018-05-20,obm_spent_value_ge155d_btc_daily,4251.14597446,BTC,daily,OBM v0.1.0
2018-05-21,obm_spent_value_ge155d_btc_daily,7923.41042297,BTC,daily,OBM v0.1.0
2018-05-22,obm_spent_value_ge155d_btc_daily,4379.21190762,BTC,daily,OBM v0.1.0
2018-05-23,obm_spent_value_ge155d_btc_daily,14419.25029526,BTC,daily,OBM v0.1.0
2018-05-24,obm_spent_value_ge155d_btc_daily,20540.02607767,BTC,daily,OBM v0.1.0
2018-05-25,obm_spent_value_ge155d_btc_daily,5053.79950447,BTC,daily,OBM v0.1.0
2018-05-26,obm_spent_value_ge155d_btc_daily,2283.79215685,BTC,daily,OBM v0.1.0
2018-05-27,obm_spent_value_ge155d_btc_daily,3800.57840131,BTC,daily,OBM v0.1.0
2018-05-28,obm_spent_value_ge155d_btc_daily,4388.02615739,BTC,daily,OBM v0.1.0
2018-05-29,obm_spent_value_ge155d_btc_daily,5382.70518007,BTC,daily,OBM v0.1.0
2018-05-30,obm_spent_value_ge155d_btc_daily,10927.25889671,BTC,daily,OBM v0.1.0
2018-05-31,obm_spent_value_ge155d_btc_daily,4529.15779332,BTC,daily,OBM v0.1.0
2018-06-01,obm_spent_value_ge155d_btc_daily,7301.37273968,BTC,daily,OBM v0.1.0
2018-06-02,obm_spent_value_ge155d_btc_daily,4025.89112018,BTC,daily,OBM v0.1.0
2018-06-03,obm_spent_value_ge155d_btc_daily,4067.03418001,BTC,daily,OBM v0.1.0
2018-06-04,obm_spent_value_ge155d_btc_daily,5357.99814519,BTC,daily,OBM v0.1.0
2018-06-05,obm_spent_value_ge155d_btc_daily,5327.29721843,BTC,daily,OBM v0.1.0
2018-06-06,obm_spent_value_ge155d_btc_daily,8224.25836146,BTC,daily,OBM v0.1.0
2018-06-07,obm_spent_value_ge155d_btc_daily,4425.22309074,BTC,daily,OBM v0.1.0
2018-06-08,obm_spent_value_ge155d_btc_daily,3367.40146212,BTC,daily,OBM v0.1.0
2018-06-09,obm_spent_value_ge155d_btc_daily,5807.22299809,BTC,daily,OBM v0.1.0
2018-06-10,obm_spent_value_ge155d_btc_daily,4469.58068725,BTC,daily,OBM v0.1.0
2018-06-11,obm_spent_value_ge155d_btc_daily,6072.57915416,BTC,daily,OBM v0.1.0
2018-06-12,obm_spent_value_ge155d_btc_daily,3813.47236786,BTC,daily,OBM v0.1.0
2018-06-13,obm_spent_value_ge155d_btc_daily,14548.41985720,BTC,daily,OBM v0.1.0
2018-06-14,obm_spent_value_ge155d_btc_daily,7242.33115188,BTC,daily,OBM v0.1.0
2018-06-15,obm_spent_value_ge155d_btc_daily,6113.54330248,BTC,daily,OBM v0.1.0
2018-06-16,obm_spent_value_ge155d_btc_daily,1919.21557378,BTC,daily,OBM v0.1.0
2018-06-17,obm_spent_value_ge155d_btc_daily,2877.46046226,BTC,daily,OBM v0.1.0
2018-06-18,obm_spent_value_ge155d_btc_daily,5474.56176655,BTC,daily,OBM v0.1.0
2018-06-19,obm_spent_value_ge155d_btc_daily,4060.74172171,BTC,daily,OBM v0.1.0
2018-06-20,obm_spent_value_ge155d_btc_daily,4608.71369348,BTC,daily,OBM v0.1.0
2018-06-21,obm_spent_value_ge155d_btc_daily,14889.38186407,BTC,daily,OBM v0.1.0
2018-06-22,obm_spent_value_ge155d_btc_daily,6153.26240520,BTC,daily,OBM v0.1.0
2018-06-23,obm_spent_value_ge155d_btc_daily,3492.33765340,BTC,daily,OBM v0.1.0
2018-06-24,obm_spent_value_ge155d_btc_daily,7104.19489630,BTC,daily,OBM v0.1.0
2018-06-25,obm_spent_value_ge155d_btc_daily,7687.34149898,BTC,daily,OBM v0.1.0
2018-06-26,obm_spent_value_ge155d_btc_daily,7707.34111625,BTC,daily,OBM v0.1.0
2018-06-27,obm_spent_value_ge155d_btc_daily,55693.19901179,BTC,daily,OBM v0.1.0
2018-06-28,obm_spent_value_ge155d_btc_daily,10276.66382166,BTC,daily,OBM v0.1.0
2018-06-29,obm_spent_value_ge155d_btc_daily,4776.92565951,BTC,daily,OBM v0.1.0
2018-06-30,obm_spent_value_ge155d_btc_daily,5632.88046245,BTC,daily,OBM v0.1.0
2018-07-01,obm_spent_value_ge155d_btc_daily,3862.25003757,BTC,daily,OBM v0.1.0
2018-07-02,obm_spent_value_ge155d_btc_daily,11356.77497384,BTC,daily,OBM v0.1.0
2018-07-03,obm_spent_value_ge155d_btc_daily,8986.18212170,BTC,daily,OBM v0.1.0
2018-07-04,obm_spent_value_ge155d_btc_daily,10385.79247271,BTC,daily,OBM v0.1.0
2018-07-05,obm_spent_value_ge155d_btc_daily,3249.68836355,BTC,daily,OBM v0.1.0
2018-07-06,obm_spent_value_ge155d_btc_daily,7826.15433032,BTC,daily,OBM v0.1.0
2018-07-07,obm_spent_value_ge155d_btc_daily,5524.74448476,BTC,daily,OBM v0.1.0
2018-07-08,obm_spent_value_ge155d_btc_daily,3031.09066094,BTC,daily,OBM v0.1.0
2018-07-09,obm_spent_value_ge155d_btc_daily,8249.17891039,BTC,daily,OBM v0.1.0
2018-07-10,obm_spent_value_ge155d_btc_daily,10849.28449597,BTC,daily,OBM v0.1.0
2018-07-11,obm_spent_value_ge155d_btc_daily,7148.39208719,BTC,daily,OBM v0.1.0
2018-07-12,obm_spent_value_ge155d_btc_daily,10035.41253688,BTC,daily,OBM v0.1.0
2018-07-13,obm_spent_value_ge155d_btc_daily,12779.46722250,BTC,daily,OBM v0.1.0
2018-07-14,obm_spent_value_ge155d_btc_daily,2702.92458318,BTC,daily,OBM v0.1.0
2018-07-15,obm_spent_value_ge155d_btc_daily,2685.42607391,BTC,daily,OBM v0.1.0
2018-07-16,obm_spent_value_ge155d_btc_daily,8384.62841181,BTC,daily,OBM v0.1.0
2018-07-17,obm_spent_value_ge155d_btc_daily,6724.07856477,BTC,daily,OBM v0.1.0
2018-07-18,obm_spent_value_ge155d_btc_daily,10971.94034898,BTC,daily,OBM v0.1.0
2018-07-19,obm_spent_value_ge155d_btc_daily,15023.63765318,BTC,daily,OBM v0.1.0
2018-07-20,obm_spent_value_ge155d_btc_daily,7220.14011512,BTC,daily,OBM v0.1.0
2018-07-21,obm_spent_value_ge155d_btc_daily,13016.75771707,BTC,daily,OBM v0.1.0
2018-07-22,obm_spent_value_ge155d_btc_daily,8150.40442582,BTC,daily,OBM v0.1.0
2018-07-23,obm_spent_value_ge155d_btc_daily,10575.39101953,BTC,daily,OBM v0.1.0
2018-07-24,obm_spent_value_ge155d_btc_daily,14206.14903045,BTC,daily,OBM v0.1.0
2018-07-25,obm_spent_value_ge155d_btc_daily,8904.37866840,BTC,daily,OBM v0.1.0
2018-07-26,obm_spent_value_ge155d_btc_daily,8981.45815209,BTC,daily,OBM v0.1.0
2018-07-27,obm_spent_value_ge155d_btc_daily,5376.23571047,BTC,daily,OBM v0.1.0
2018-07-28,obm_spent_value_ge155d_btc_daily,7038.21608695,BTC,daily,OBM v0.1.0
2018-07-29,obm_spent_value_ge155d_btc_daily,10411.46050908,BTC,daily,OBM v0.1.0
2018-07-30,obm_spent_value_ge155d_btc_daily,7972.65020832,BTC,daily,OBM v0.1.0
2018-07-31,obm_spent_value_ge155d_btc_daily,6739.51840693,BTC,daily,OBM v0.1.0
2018-08-01,obm_spent_value_ge155d_btc_daily,3999.11146197,BTC,daily,OBM v0.1.0
2018-08-02,obm_spent_value_ge155d_btc_daily,16432.43962255,BTC,daily,OBM v0.1.0
2018-08-03,obm_spent_value_ge155d_btc_daily,8342.42526189,BTC,daily,OBM v0.1.0
2018-08-04,obm_spent_value_ge155d_btc_daily,14951.94736255,BTC,daily,OBM v0.1.0
2018-08-05,obm_spent_value_ge155d_btc_daily,6784.47703041,BTC,daily,OBM v0.1.0
2018-08-06,obm_spent_value_ge155d_btc_daily,20747.93171597,BTC,daily,OBM v0.1.0
2018-08-07,obm_spent_value_ge155d_btc_daily,4724.55936770,BTC,daily,OBM v0.1.0
2018-08-08,obm_spent_value_ge155d_btc_daily,7272.50403212,BTC,daily,OBM v0.1.0
2018-08-09,obm_spent_value_ge155d_btc_daily,21436.30850700,BTC,daily,OBM v0.1.0
2018-08-10,obm_spent_value_ge155d_btc_daily,17636.72552714,BTC,daily,OBM v0.1.0
2018-08-11,obm_spent_value_ge155d_btc_daily,8629.83070232,BTC,daily,OBM v0.1.0
2018-08-12,obm_spent_value_ge155d_btc_daily,3230.87959225,BTC,daily,OBM v0.1.0
2018-08-13,obm_spent_value_ge155d_btc_daily,20193.70342134,BTC,daily,OBM v0.1.0
2018-08-14,obm_spent_value_ge155d_btc_daily,15802.83090122,BTC,daily,OBM v0.1.0
2018-08-15,obm_spent_value_ge155d_btc_daily,22674.62093662,BTC,daily,OBM v0.1.0
2018-08-16,obm_spent_value_ge155d_btc_daily,13052.67165872,BTC,daily,OBM v0.1.0
2018-08-17,obm_spent_value_ge155d_btc_daily,14286.12456102,BTC,daily,OBM v0.1.0
2018-08-18,obm_spent_value_ge155d_btc_daily,2547.38595091,BTC,daily,OBM v0.1.0
2018-08-19,obm_spent_value_ge155d_btc_daily,9136.20221866,BTC,daily,OBM v0.1.0
2018-08-20,obm_spent_value_ge155d_btc_daily,9481.74535455,BTC,daily,OBM v0.1.0
2018-08-21,obm_spent_value_ge155d_btc_daily,14250.65247013,BTC,daily,OBM v0.1.0
2018-08-22,obm_spent_value_ge155d_btc_daily,16047.07275002,BTC,daily,OBM v0.1.0
2018-08-23,obm_spent_value_ge155d_btc_daily,16239.20821113,BTC,daily,OBM v0.1.0
2018-08-24,obm_spent_value_ge155d_btc_daily,6346.50523923,BTC,daily,OBM v0.1.0
2018-08-25,obm_spent_value_ge155d_btc_daily,19378.85834611,BTC,daily,OBM v0.1.0
2018-08-26,obm_spent_value_ge155d_btc_daily,10591.36846404,BTC,daily,OBM v0.1.0
2018-08-27,obm_spent_value_ge155d_btc_daily,17994.51768135,BTC,daily,OBM v0.1.0
2018-08-28,obm_spent_value_ge155d_btc_daily,12998.69949879,BTC,daily,OBM v0.1.0
2018-08-29,obm_spent_value_ge155d_btc_daily,16937.62348888,BTC,daily,OBM v0.1.0
2018-08-30,obm_spent_value_ge155d_btc_daily,15631.91561547,BTC,daily,OBM v0.1.0
2018-08-31,obm_spent_value_ge155d_btc_daily,10737.29146995,BTC,daily,OBM v0.1.0
2018-09-01,obm_spent_value_ge155d_btc_daily,4464.46803872,BTC,daily,OBM v0.1.0
2018-09-02,obm_spent_value_ge155d_btc_daily,4211.44015148,BTC,daily,OBM v0.1.0
2018-09-03,obm_spent_value_ge155d_btc_daily,6647.00447021,BTC,daily,OBM v0.1.0
2018-09-04,obm_spent_value_ge155d_btc_daily,8292.05466194,BTC,daily,OBM v0.1.0
2018-09-05,obm_spent_value_ge155d_btc_daily,8265.16822581,BTC,daily,OBM v0.1.0
2018-09-06,obm_spent_value_ge155d_btc_daily,10874.07436195,BTC,daily,OBM v0.1.0
2018-09-07,obm_spent_value_ge155d_btc_daily,8218.84418816,BTC,daily,OBM v0.1.0
2018-09-08,obm_spent_value_ge155d_btc_daily,6417.84056412,BTC,daily,OBM v0.1.0
2018-09-09,obm_spent_value_ge155d_btc_daily,5800.65987552,BTC,daily,OBM v0.1.0
2018-09-10,obm_spent_value_ge155d_btc_daily,9086.95217709,BTC,daily,OBM v0.1.0
2018-09-11,obm_spent_value_ge155d_btc_daily,19640.61531239,BTC,daily,OBM v0.1.0
2018-09-12,obm_spent_value_ge155d_btc_daily,6637.76704408,BTC,daily,OBM v0.1.0
2018-09-13,obm_spent_value_ge155d_btc_daily,67753.03387856,BTC,daily,OBM v0.1.0
2018-09-14,obm_spent_value_ge155d_btc_daily,4459.83998296,BTC,daily,OBM v0.1.0
2018-09-15,obm_spent_value_ge155d_btc_daily,5470.43749816,BTC,daily,OBM v0.1.0
2018-09-16,obm_spent_value_ge155d_btc_daily,5090.23286277,BTC,daily,OBM v0.1.0
2018-09-17,obm_spent_value_ge155d_btc_daily,7967.53246346,BTC,daily,OBM v0.1.0
2018-09-18,obm_spent_value_ge155d_btc_daily,5556.55231092,BTC,daily,OBM v0.1.0
2018-09-19,obm_spent_value_ge155d_btc_daily,8658.95460096,BTC,daily,OBM v0.1.0
2018-09-20,obm_spent_value_ge155d_btc_daily,13327.16026334,BTC,daily,OBM v0.1.0
2018-09-21,obm_spent_value_ge155d_btc_daily,24061.32150176,BTC,daily,OBM v0.1.0
2018-09-22,obm_spent_value_ge155d_btc_daily,5212.65529473,BTC,daily,OBM v0.1.0
2018-09-23,obm_spent_value_ge155d_btc_daily,6826.18845095,BTC,daily,OBM v0.1.0
2018-09-24,obm_spent_value_ge155d_btc_daily,7352.03818166,BTC,daily,OBM v0.1.0
2018-09-25,obm_spent_value_ge155d_btc_daily,33786.48610415,BTC,daily,OBM v0.1.0
2018-09-26,obm_spent_value_ge155d_btc_daily,7735.45679051,BTC,daily,OBM v0.1.0
2018-09-27,obm_spent_value_ge155d_btc_daily,6218.19120085,BTC,daily,OBM v0.1.0
2018-09-28,obm_spent_value_ge155d_btc_daily,27440.30002298,BTC,daily,OBM v0.1.0
2018-09-29,obm_spent_value_ge155d_btc_daily,8294.11867425,BTC,daily,OBM v0.1.0
2018-09-30,obm_spent_value_ge155d_btc_daily,9882.83168774,BTC,daily,OBM v0.1.0
2018-10-01,obm_spent_value_ge155d_btc_daily,16131.48519582,BTC,daily,OBM v0.1.0
2018-10-02,obm_spent_value_ge155d_btc_daily,17132.30564089,BTC,daily,OBM v0.1.0
2018-10-03,obm_spent_value_ge155d_btc_daily,8918.75606424,BTC,daily,OBM v0.1.0
2018-10-04,obm_spent_value_ge155d_btc_daily,7893.44924362,BTC,daily,OBM v0.1.0
2018-10-05,obm_spent_value_ge155d_btc_daily,6405.89429917,BTC,daily,OBM v0.1.0
2018-10-06,obm_spent_value_ge155d_btc_daily,5631.23249991,BTC,daily,OBM v0.1.0
2018-10-07,obm_spent_value_ge155d_btc_daily,4171.83185209,BTC,daily,OBM v0.1.0
2018-10-08,obm_spent_value_ge155d_btc_daily,9290.07550275,BTC,daily,OBM v0.1.0
2018-10-09,obm_spent_value_ge155d_btc_daily,9751.40831449,BTC,daily,OBM v0.1.0
2018-10-10,obm_spent_value_ge155d_btc_daily,18456.98236509,BTC,daily,OBM v0.1.0
2018-10-11,obm_spent_value_ge155d_btc_daily,31168.13242924,BTC,daily,OBM v0.1.0
2018-10-12,obm_spent_value_ge155d_btc_daily,9718.79289243,BTC,daily,OBM v0.1.0
2018-10-13,obm_spent_value_ge155d_btc_daily,8865.02278224,BTC,daily,OBM v0.1.0
2018-10-14,obm_spent_value_ge155d_btc_daily,9754.85600111,BTC,daily,OBM v0.1.0
2018-10-15,obm_spent_value_ge155d_btc_daily,16942.55133627,BTC,daily,OBM v0.1.0
2018-10-16,obm_spent_value_ge155d_btc_daily,28157.53823871,BTC,daily,OBM v0.1.0
2018-10-17,obm_spent_value_ge155d_btc_daily,12906.24621708,BTC,daily,OBM v0.1.0
2018-10-18,obm_spent_value_ge155d_btc_daily,8016.93312983,BTC,daily,OBM v0.1.0
2018-10-19,obm_spent_value_ge155d_btc_daily,21065.14756213,BTC,daily,OBM v0.1.0
2018-10-20,obm_spent_value_ge155d_btc_daily,54866.23460688,BTC,daily,OBM v0.1.0
2018-10-21,obm_spent_value_ge155d_btc_daily,5166.09487709,BTC,daily,OBM v0.1.0
2018-10-22,obm_spent_value_ge155d_btc_daily,16310.31385806,BTC,daily,OBM v0.1.0
2018-10-23,obm_spent_value_ge155d_btc_daily,10735.98032417,BTC,daily,OBM v0.1.0
2018-10-24,obm_spent_value_ge155d_btc_daily,6866.58492547,BTC,daily,OBM v0.1.0
2018-10-25,obm_spent_value_ge155d_btc_daily,9940.48783101,BTC,daily,OBM v0.1.0
2018-10-26,obm_spent_value_ge155d_btc_daily,42127.26320101,BTC,daily,OBM v0.1.0
2018-10-27,obm_spent_value_ge155d_btc_daily,4943.25511215,BTC,daily,OBM v0.1.0
2018-10-28,obm_spent_value_ge155d_btc_daily,3953.35661519,BTC,daily,OBM v0.1.0
2018-10-29,obm_spent_value_ge155d_btc_daily,6376.67856403,BTC,daily,OBM v0.1.0
2018-10-30,obm_spent_value_ge155d_btc_daily,5104.22326856,BTC,daily,OBM v0.1.0
2018-10-31,obm_spent_value_ge155d_btc_daily,12845.27101633,BTC,daily,OBM v0.1.0
2018-11-01,obm_spent_value_ge155d_btc_daily,13841.80101833,BTC,daily,OBM v0.1.0
2018-11-02,obm_spent_value_ge155d_btc_daily,8983.87500547,BTC,daily,OBM v0.1.0
2018-11-03,obm_spent_value_ge155d_btc_daily,3231.88160686,BTC,daily,OBM v0.1.0
2018-11-04,obm_spent_value_ge155d_btc_daily,8497.85707675,BTC,daily,OBM v0.1.0
2018-11-05,obm_spent_value_ge155d_btc_daily,8866.71691100,BTC,daily,OBM v0.1.0
2018-11-06,obm_spent_value_ge155d_btc_daily,9184.85943930,BTC,daily,OBM v0.1.0
2018-11-07,obm_spent_value_ge155d_btc_daily,9564.85566761,BTC,daily,OBM v0.1.0
2018-11-08,obm_spent_value_ge155d_btc_daily,6348.55234271,BTC,daily,OBM v0.1.0
2018-11-09,obm_spent_value_ge155d_btc_daily,8030.55562950,BTC,daily,OBM v0.1.0
2018-11-10,obm_spent_value_ge155d_btc_daily,4859.91646455,BTC,daily,OBM v0.1.0
2018-11-11,obm_spent_value_ge155d_btc_daily,4710.40729054,BTC,daily,OBM v0.1.0
2018-11-12,obm_spent_value_ge155d_btc_daily,8059.14349166,BTC,daily,OBM v0.1.0
2018-11-13,obm_spent_value_ge155d_btc_daily,14418.95278750,BTC,daily,OBM v0.1.0
2018-11-14,obm_spent_value_ge155d_btc_daily,26397.84922919,BTC,daily,OBM v0.1.0
2018-11-15,obm_spent_value_ge155d_btc_daily,141294.91715254,BTC,daily,OBM v0.1.0
2018-11-16,obm_spent_value_ge155d_btc_daily,17633.58935452,BTC,daily,OBM v0.1.0
2018-11-17,obm_spent_value_ge155d_btc_daily,6825.69802606,BTC,daily,OBM v0.1.0
2018-11-18,obm_spent_value_ge155d_btc_daily,5230.87255341,BTC,daily,OBM v0.1.0
2018-11-19,obm_spent_value_ge155d_btc_daily,24179.93737222,BTC,daily,OBM v0.1.0
2018-11-20,obm_spent_value_ge155d_btc_daily,42992.55622968,BTC,daily,OBM v0.1.0
2018-11-21,obm_spent_value_ge155d_btc_daily,11242.38673692,BTC,daily,OBM v0.1.0
2018-11-22,obm_spent_value_ge155d_btc_daily,18815.37348205,BTC,daily,OBM v0.1.0
2018-11-23,obm_spent_value_ge155d_btc_daily,12422.20751379,BTC,daily,OBM v0.1.0
2018-11-24,obm_spent_value_ge155d_btc_daily,14178.62148310,BTC,daily,OBM v0.1.0
2018-11-25,obm_spent_value_ge155d_btc_daily,18413.77360083,BTC,daily,OBM v0.1.0
2018-11-26,obm_spent_value_ge155d_btc_daily,18871.47976330,BTC,daily,OBM v0.1.0
2018-11-27,obm_spent_value_ge155d_btc_daily,26339.67890106,BTC,daily,OBM v0.1.0
2018-11-28,obm_spent_value_ge155d_btc_daily,26605.15256715,BTC,daily,OBM v0.1.0
2018-11-29,obm_spent_value_ge155d_btc_daily,46205.60394225,BTC,daily,OBM v0.1.0
2018-11-30,obm_spent_value_ge155d_btc_daily,134561.40418211,BTC,daily,OBM v0.1.0
2018-12-01,obm_spent_value_ge155d_btc_daily,56037.50011209,BTC,daily,OBM v0.1.0
2018-12-02,obm_spent_value_ge155d_btc_daily,5342.95461449,BTC,daily,OBM v0.1.0
2018-12-03,obm_spent_value_ge155d_btc_daily,112868.94598746,BTC,daily,OBM v0.1.0
2018-12-04,obm_spent_value_ge155d_btc_daily,295999.84960783,BTC,daily,OBM v0.1.0
2018-12-05,obm_spent_value_ge155d_btc_daily,165314.75844141,BTC,daily,OBM v0.1.0
2018-12-06,obm_spent_value_ge155d_btc_daily,107494.95827570,BTC,daily,OBM v0.1.0
2018-12-07,obm_spent_value_ge155d_btc_daily,17920.02535610,BTC,daily,OBM v0.1.0
2018-12-08,obm_spent_value_ge155d_btc_daily,7449.21400378,BTC,daily,OBM v0.1.0
2018-12-09,obm_spent_value_ge155d_btc_daily,3721.30733333,BTC,daily,OBM v0.1.0
2018-12-10,obm_spent_value_ge155d_btc_daily,14586.01259792,BTC,daily,OBM v0.1.0
2018-12-11,obm_spent_value_ge155d_btc_daily,51449.30663726,BTC,daily,OBM v0.1.0
2018-12-12,obm_spent_value_ge155d_btc_daily,11101.01116093,BTC,daily,OBM v0.1.0
2018-12-13,obm_spent_value_ge155d_btc_daily,8999.72336670,BTC,daily,OBM v0.1.0
2018-12-14,obm_spent_value_ge155d_btc_daily,14721.93625915,BTC,daily,OBM v0.1.0
2018-12-15,obm_spent_value_ge155d_btc_daily,8844.68768380,BTC,daily,OBM v0.1.0
2018-12-16,obm_spent_value_ge155d_btc_daily,7060.92833537,BTC,daily,OBM v0.1.0
2018-12-17,obm_spent_value_ge155d_btc_daily,7814.64559118,BTC,daily,OBM v0.1.0
2018-12-18,obm_spent_value_ge155d_btc_daily,22625.78333312,BTC,daily,OBM v0.1.0
2018-12-19,obm_spent_value_ge155d_btc_daily,16907.01575323,BTC,daily,OBM v0.1.0
2018-12-20,obm_spent_value_ge155d_btc_daily,9851.17292919,BTC,daily,OBM v0.1.0
2018-12-21,obm_spent_value_ge155d_btc_daily,16399.82170333,BTC,daily,OBM v0.1.0
2018-12-22,obm_spent_value_ge155d_btc_daily,4088.87578886,BTC,daily,OBM v0.1.0
2018-12-23,obm_spent_value_ge155d_btc_daily,6698.31461861,BTC,daily,OBM v0.1.0
2018-12-24,obm_spent_value_ge155d_btc_daily,10275.46557287,BTC,daily,OBM v0.1.0
2018-12-25,obm_spent_value_ge155d_btc_daily,4524.87458502,BTC,daily,OBM v0.1.0
2018-12-26,obm_spent_value_ge155d_btc_daily,5738.18826645,BTC,daily,OBM v0.1.0
2018-12-27,obm_spent_value_ge155d_btc_daily,9765.31955298,BTC,daily,OBM v0.1.0
2018-12-28,obm_spent_value_ge155d_btc_daily,16866.40078348,BTC,daily,OBM v0.1.0
2018-12-29,obm_spent_value_ge155d_btc_daily,55996.14017830,BTC,daily,OBM v0.1.0
2018-12-30,obm_spent_value_ge155d_btc_daily,9401.04314036,BTC,daily,OBM v0.1.0
2018-12-31,obm_spent_value_ge155d_btc_daily,13656.44635093,BTC,daily,OBM v0.1.0
2019-01-01,obm_spent_value_ge155d_btc_daily,6142.58998288,BTC,daily,OBM v0.1.0
2019-01-02,obm_spent_value_ge155d_btc_daily,5184.82265578,BTC,daily,OBM v0.1.0
2019-01-03,obm_spent_value_ge155d_btc_daily,6108.77283861,BTC,daily,OBM v0.1.0
2019-01-04,obm_spent_value_ge155d_btc_daily,5582.67655850,BTC,daily,OBM v0.1.0
2019-01-05,obm_spent_value_ge155d_btc_daily,2941.39777210,BTC,daily,OBM v0.1.0
2019-01-06,obm_spent_value_ge155d_btc_daily,9676.57375428,BTC,daily,OBM v0.1.0
2019-01-07,obm_spent_value_ge155d_btc_daily,12886.92964170,BTC,daily,OBM v0.1.0
2019-01-08,obm_spent_value_ge155d_btc_daily,11633.46160394,BTC,daily,OBM v0.1.0
2019-01-09,obm_spent_value_ge155d_btc_daily,5222.65584240,BTC,daily,OBM v0.1.0
2019-01-10,obm_spent_value_ge155d_btc_daily,29410.02606100,BTC,daily,OBM v0.1.0
2019-01-11,obm_spent_value_ge155d_btc_daily,121227.33060807,BTC,daily,OBM v0.1.0
2019-01-12,obm_spent_value_ge155d_btc_daily,4642.81789220,BTC,daily,OBM v0.1.0
2019-01-13,obm_spent_value_ge155d_btc_daily,5022.39519779,BTC,daily,OBM v0.1.0
2019-01-14,obm_spent_value_ge155d_btc_daily,19208.27765623,BTC,daily,OBM v0.1.0
2019-01-15,obm_spent_value_ge155d_btc_daily,81778.66364956,BTC,daily,OBM v0.1.0
2019-01-16,obm_spent_value_ge155d_btc_daily,16751.92850727,BTC,daily,OBM v0.1.0
2019-01-17,obm_spent_value_ge155d_btc_daily,8637.01127741,BTC,daily,OBM v0.1.0
2019-01-18,obm_spent_value_ge155d_btc_daily,3542.73108247,BTC,daily,OBM v0.1.0
2019-01-19,obm_spent_value_ge155d_btc_daily,6883.04468917,BTC,daily,OBM v0.1.0
2019-01-20,obm_spent_value_ge155d_btc_daily,3690.31657918,BTC,daily,OBM v0.1.0
2019-01-21,obm_spent_value_ge155d_btc_daily,15836.42477353,BTC,daily,OBM v0.1.0
2019-01-22,obm_spent_value_ge155d_btc_daily,13743.18370363,BTC,daily,OBM v0.1.0
2019-01-23,obm_spent_value_ge155d_btc_daily,6742.88813634,BTC,daily,OBM v0.1.0
2019-01-24,obm_spent_value_ge155d_btc_daily,4012.16040204,BTC,daily,OBM v0.1.0
2019-01-25,obm_spent_value_ge155d_btc_daily,4512.77764428,BTC,daily,OBM v0.1.0
2019-01-26,obm_spent_value_ge155d_btc_daily,5115.68924724,BTC,daily,OBM v0.1.0
2019-01-27,obm_spent_value_ge155d_btc_daily,5349.24933842,BTC,daily,OBM v0.1.0
2019-01-28,obm_spent_value_ge155d_btc_daily,10343.57401051,BTC,daily,OBM v0.1.0
2019-01-29,obm_spent_value_ge155d_btc_daily,10442.74539715,BTC,daily,OBM v0.1.0
2019-01-30,obm_spent_value_ge155d_btc_daily,28564.93617663,BTC,daily,OBM v0.1.0
2019-01-31,obm_spent_value_ge155d_btc_daily,7456.71794340,BTC,daily,OBM v0.1.0
2019-02-01,obm_spent_value_ge155d_btc_daily,3181.32442796,BTC,daily,OBM v0.1.0
2019-02-02,obm_spent_value_ge155d_btc_daily,2959.66273698,BTC,daily,OBM v0.1.0
2019-02-03,obm_spent_value_ge155d_btc_daily,2965.92833275,BTC,daily,OBM v0.1.0
2019-02-04,obm_spent_value_ge155d_btc_daily,7064.02353878,BTC,daily,OBM v0.1.0
2019-02-05,obm_spent_value_ge155d_btc_daily,7152.28366757,BTC,daily,OBM v0.1.0
2019-02-06,obm_spent_value_ge155d_btc_daily,17014.23124203,BTC,daily,OBM v0.1.0
2019-02-07,obm_spent_value_ge155d_btc_daily,9015.83103454,BTC,daily,OBM v0.1.0
2019-02-08,obm_spent_value_ge155d_btc_daily,8989.89557720,BTC,daily,OBM v0.1.0
2019-02-09,obm_spent_value_ge155d_btc_daily,5133.87015912,BTC,daily,OBM v0.1.0
2019-02-10,obm_spent_value_ge155d_btc_daily,3326.45710087,BTC,daily,OBM v0.1.0
2019-02-11,obm_spent_value_ge155d_btc_daily,9371.32615623,BTC,daily,OBM v0.1.0
2019-02-12,obm_spent_value_ge155d_btc_daily,6573.36905017,BTC,daily,OBM v0.1.0
2019-02-13,obm_spent_value_ge155d_btc_daily,29151.91836091,BTC,daily,OBM v0.1.0
2019-02-14,obm_spent_value_ge155d_btc_daily,6145.62388595,BTC,daily,OBM v0.1.0
2019-02-15,obm_spent_value_ge155d_btc_daily,5191.91180081,BTC,daily,OBM v0.1.0
2019-02-16,obm_spent_value_ge155d_btc_daily,12231.07678100,BTC,daily,OBM v0.1.0
2019-02-17,obm_spent_value_ge155d_btc_daily,4660.34783059,BTC,daily,OBM v0.1.0
2019-02-18,obm_spent_value_ge155d_btc_daily,11918.90760492,BTC,daily,OBM v0.1.0
2019-02-19,obm_spent_value_ge155d_btc_daily,22393.83178106,BTC,daily,OBM v0.1.0
2019-02-20,obm_spent_value_ge155d_btc_daily,24703.01752709,BTC,daily,OBM v0.1.0
2019-02-21,obm_spent_value_ge155d_btc_daily,19732.33072108,BTC,daily,OBM v0.1.0
2019-02-22,obm_spent_value_ge155d_btc_daily,7578.52233940,BTC,daily,OBM v0.1.0
2019-02-23,obm_spent_value_ge155d_btc_daily,23983.89385940,BTC,daily,OBM v0.1.0
2019-02-24,obm_spent_value_ge155d_btc_daily,6846.60280401,BTC,daily,OBM v0.1.0
2019-02-25,obm_spent_value_ge155d_btc_daily,14850.85152252,BTC,daily,OBM v0.1.0
2019-02-26,obm_spent_value_ge155d_btc_daily,6425.70562165,BTC,daily,OBM v0.1.0
2019-02-27,obm_spent_value_ge155d_btc_daily,5524.41523534,BTC,daily,OBM v0.1.0
2019-02-28,obm_spent_value_ge155d_btc_daily,84463.30442079,BTC,daily,OBM v0.1.0
2019-03-01,obm_spent_value_ge155d_btc_daily,4857.43379860,BTC,daily,OBM v0.1.0
2019-03-02,obm_spent_value_ge155d_btc_daily,9694.07458209,BTC,daily,OBM v0.1.0
2019-03-03,obm_spent_value_ge155d_btc_daily,2462.41244359,BTC,daily,OBM v0.1.0
2019-03-04,obm_spent_value_ge155d_btc_daily,5305.38945528,BTC,daily,OBM v0.1.0
2019-03-05,obm_spent_value_ge155d_btc_daily,9082.90962713,BTC,daily,OBM v0.1.0
2019-03-06,obm_spent_value_ge155d_btc_daily,6517.85833041,BTC,daily,OBM v0.1.0
2019-03-07,obm_spent_value_ge155d_btc_daily,6084.70402545,BTC,daily,OBM v0.1.0
2019-03-08,obm_spent_value_ge155d_btc_daily,9555.66461016,BTC,daily,OBM v0.1.0
2019-03-09,obm_spent_value_ge155d_btc_daily,3381.11318721,BTC,daily,OBM v0.1.0
2019-03-10,obm_spent_value_ge155d_btc_daily,8798.49758610,BTC,daily,OBM v0.1.0
2019-03-11,obm_spent_value_ge155d_btc_daily,9714.33176759,BTC,daily,OBM v0.1.0
2019-03-12,obm_spent_value_ge155d_btc_daily,17205.49627285,BTC,daily,OBM v0.1.0
2019-03-13,obm_spent_value_ge155d_btc_daily,6081.80542095,BTC,daily,OBM v0.1.0
2019-03-14,obm_spent_value_ge155d_btc_daily,6643.09717935,BTC,daily,OBM v0.1.0
2019-03-15,obm_spent_value_ge155d_btc_daily,8527.17422504,BTC,daily,OBM v0.1.0
2019-03-16,obm_spent_value_ge155d_btc_daily,3800.32918549,BTC,daily,OBM v0.1.0
2019-03-17,obm_spent_value_ge155d_btc_daily,2907.13966652,BTC,daily,OBM v0.1.0
2019-03-18,obm_spent_value_ge155d_btc_daily,7975.10652091,BTC,daily,OBM v0.1.0
2019-03-19,obm_spent_value_ge155d_btc_daily,6048.85591947,BTC,daily,OBM v0.1.0
2019-03-20,obm_spent_value_ge155d_btc_daily,8145.76019007,BTC,daily,OBM v0.1.0
2019-03-21,obm_spent_value_ge155d_btc_daily,17053.58405055,BTC,daily,OBM v0.1.0
2019-03-22,obm_spent_value_ge155d_btc_daily,5951.08118038,BTC,daily,OBM v0.1.0
2019-03-23,obm_spent_value_ge155d_btc_daily,4244.94111385,BTC,daily,OBM v0.1.0
2019-03-24,obm_spent_value_ge155d_btc_daily,3359.20164143,BTC,daily,OBM v0.1.0
2019-03-25,obm_spent_value_ge155d_btc_daily,5877.70156106,BTC,daily,OBM v0.1.0
2019-03-26,obm_spent_value_ge155d_btc_daily,14908.29471375,BTC,daily,OBM v0.1.0
2019-03-27,obm_spent_value_ge155d_btc_daily,6224.40981276,BTC,daily,OBM v0.1.0
2019-03-28,obm_spent_value_ge155d_btc_daily,4728.92596814,BTC,daily,OBM v0.1.0
2019-03-29,obm_spent_value_ge155d_btc_daily,25126.52469631,BTC,daily,OBM v0.1.0
2019-03-30,obm_spent_value_ge155d_btc_daily,3023.99190053,BTC,daily,OBM v0.1.0
2019-03-31,obm_spent_value_ge155d_btc_daily,9616.24786971,BTC,daily,OBM v0.1.0
2019-04-01,obm_spent_value_ge155d_btc_daily,6884.44527953,BTC,daily,OBM v0.1.0
2019-04-02,obm_spent_value_ge155d_btc_daily,14664.26139428,BTC,daily,OBM v0.1.0
2019-04-03,obm_spent_value_ge155d_btc_daily,20158.37287995,BTC,daily,OBM v0.1.0
2019-04-04,obm_spent_value_ge155d_btc_daily,7853.41305869,BTC,daily,OBM v0.1.0
2019-04-05,obm_spent_value_ge155d_btc_daily,32207.61153661,BTC,daily,OBM v0.1.0
2019-04-06,obm_spent_value_ge155d_btc_daily,6291.02276747,BTC,daily,OBM v0.1.0
2019-04-07,obm_spent_value_ge155d_btc_daily,7006.19839959,BTC,daily,OBM v0.1.0
2019-04-08,obm_spent_value_ge155d_btc_daily,20494.87573435,BTC,daily,OBM v0.1.0
2019-04-09,obm_spent_value_ge155d_btc_daily,7668.27936396,BTC,daily,OBM v0.1.0
2019-04-10,obm_spent_value_ge155d_btc_daily,14166.37016731,BTC,daily,OBM v0.1.0
2019-04-11,obm_spent_value_ge155d_btc_daily,11495.90078507,BTC,daily,OBM v0.1.0
2019-04-12,obm_spent_value_ge155d_btc_daily,12966.00660377,BTC,daily,OBM v0.1.0
2019-04-13,obm_spent_value_ge155d_btc_daily,6168.18985243,BTC,daily,OBM v0.1.0
2019-04-14,obm_spent_value_ge155d_btc_daily,42666.54908127,BTC,daily,OBM v0.1.0
2019-04-15,obm_spent_value_ge155d_btc_daily,7747.11773928,BTC,daily,OBM v0.1.0
2019-04-16,obm_spent_value_ge155d_btc_daily,7348.08351228,BTC,daily,OBM v0.1.0
2019-04-17,obm_spent_value_ge155d_btc_daily,10650.04250719,BTC,daily,OBM v0.1.0
2019-04-18,obm_spent_value_ge155d_btc_daily,9114.91918976,BTC,daily,OBM v0.1.0
2019-04-19,obm_spent_value_ge155d_btc_daily,17047.52403523,BTC,daily,OBM v0.1.0
2019-04-20,obm_spent_value_ge155d_btc_daily,4898.24366046,BTC,daily,OBM v0.1.0
2019-04-21,obm_spent_value_ge155d_btc_daily,7514.06590885,BTC,daily,OBM v0.1.0
2019-04-22,obm_spent_value_ge155d_btc_daily,17925.74720160,BTC,daily,OBM v0.1.0
2019-04-23,obm_spent_value_ge155d_btc_daily,6388.81918925,BTC,daily,OBM v0.1.0
2019-04-24,obm_spent_value_ge155d_btc_daily,68239.31716758,BTC,daily,OBM v0.1.0
2019-04-25,obm_spent_value_ge155d_btc_daily,8189.17316453,BTC,daily,OBM v0.1.0
2019-04-26,obm_spent_value_ge155d_btc_daily,33437.58859314,BTC,daily,OBM v0.1.0
2019-04-27,obm_spent_value_ge155d_btc_daily,6517.36997940,BTC,daily,OBM v0.1.0
2019-04-28,obm_spent_value_ge155d_btc_daily,4995.24356401,BTC,daily,OBM v0.1.0
2019-04-29,obm_spent_value_ge155d_btc_daily,22964.76574829,BTC,daily,OBM v0.1.0
2019-04-30,obm_spent_value_ge155d_btc_daily,4195.14279423,BTC,daily,OBM v0.1.0
2019-05-01,obm_spent_value_ge155d_btc_daily,57211.41794620,BTC,daily,OBM v0.1.0
2019-05-02,obm_spent_value_ge155d_btc_daily,12221.29865206,BTC,daily,OBM v0.1.0
2019-05-03,obm_spent_value_ge155d_btc_daily,8473.96204922,BTC,daily,OBM v0.1.0
2019-05-04,obm_spent_value_ge155d_btc_daily,4527.48879055,BTC,daily,OBM v0.1.0
2019-05-05,obm_spent_value_ge155d_btc_daily,5137.44653510,BTC,daily,OBM v0.1.0
2019-05-06,obm_spent_value_ge155d_btc_daily,8154.67607276,BTC,daily,OBM v0.1.0
2019-05-07,obm_spent_value_ge155d_btc_daily,21219.70935714,BTC,daily,OBM v0.1.0
2019-05-08,obm_spent_value_ge155d_btc_daily,10232.50562621,BTC,daily,OBM v0.1.0
2019-05-09,obm_spent_value_ge155d_btc_daily,21404.39997504,BTC,daily,OBM v0.1.0
2019-05-10,obm_spent_value_ge155d_btc_daily,55359.44969685,BTC,daily,OBM v0.1.0
2019-05-11,obm_spent_value_ge155d_btc_daily,15872.67229191,BTC,daily,OBM v0.1.0
2019-05-12,obm_spent_value_ge155d_btc_daily,13033.33914759,BTC,daily,OBM v0.1.0
2019-05-13,obm_spent_value_ge155d_btc_daily,28855.84185493,BTC,daily,OBM v0.1.0
2019-05-14,obm_spent_value_ge155d_btc_daily,55653.60007936,BTC,daily,OBM v0.1.0
2019-05-15,obm_spent_value_ge155d_btc_daily,62412.04618756,BTC,daily,OBM v0.1.0
2019-05-16,obm_spent_value_ge155d_btc_daily,15346.30824689,BTC,daily,OBM v0.1.0
2019-05-17,obm_spent_value_ge155d_btc_daily,9173.02934778,BTC,daily,OBM v0.1.0
2019-05-18,obm_spent_value_ge155d_btc_daily,7510.55639953,BTC,daily,OBM v0.1.0
2019-05-19,obm_spent_value_ge155d_btc_daily,14414.79820463,BTC,daily,OBM v0.1.0
2019-05-20,obm_spent_value_ge155d_btc_daily,19116.68285400,BTC,daily,OBM v0.1.0
2019-05-21,obm_spent_value_ge155d_btc_daily,20737.33792077,BTC,daily,OBM v0.1.0
2019-05-22,obm_spent_value_ge155d_btc_daily,27237.17387552,BTC,daily,OBM v0.1.0
2019-05-23,obm_spent_value_ge155d_btc_daily,9876.98550184,BTC,daily,OBM v0.1.0
2019-05-24,obm_spent_value_ge155d_btc_daily,8936.53447194,BTC,daily,OBM v0.1.0
2019-05-25,obm_spent_value_ge155d_btc_daily,9690.17198834,BTC,daily,OBM v0.1.0
2019-05-26,obm_spent_value_ge155d_btc_daily,9635.62973083,BTC,daily,OBM v0.1.0
2019-05-27,obm_spent_value_ge155d_btc_daily,14478.86881069,BTC,daily,OBM v0.1.0
2019-05-28,obm_spent_value_ge155d_btc_daily,14520.09427473,BTC,daily,OBM v0.1.0
2019-05-29,obm_spent_value_ge155d_btc_daily,26932.33313243,BTC,daily,OBM v0.1.0
2019-05-30,obm_spent_value_ge155d_btc_daily,8208.13076444,BTC,daily,OBM v0.1.0
2019-05-31,obm_spent_value_ge155d_btc_daily,11720.84981954,BTC,daily,OBM v0.1.0
2019-06-01,obm_spent_value_ge155d_btc_daily,6816.40614454,BTC,daily,OBM v0.1.0
2019-06-02,obm_spent_value_ge155d_btc_daily,8164.18465118,BTC,daily,OBM v0.1.0
2019-06-03,obm_spent_value_ge155d_btc_daily,32379.87876862,BTC,daily,OBM v0.1.0
2019-06-04,obm_spent_value_ge155d_btc_daily,48075.46205854,BTC,daily,OBM v0.1.0
2019-06-05,obm_spent_value_ge155d_btc_daily,72339.58482482,BTC,daily,OBM v0.1.0
2019-06-06,obm_spent_value_ge155d_btc_daily,12333.46581479,BTC,daily,OBM v0.1.0
2019-06-07,obm_spent_value_ge155d_btc_daily,5563.75897917,BTC,daily,OBM v0.1.0
2019-06-08,obm_spent_value_ge155d_btc_daily,5883.79336234,BTC,daily,OBM v0.1.0
2019-06-09,obm_spent_value_ge155d_btc_daily,12494.81401057,BTC,daily,OBM v0.1.0
2019-06-10,obm_spent_value_ge155d_btc_daily,14880.17075098,BTC,daily,OBM v0.1.0
2019-06-11,obm_spent_value_ge155d_btc_daily,7952.71500547,BTC,daily,OBM v0.1.0
2019-06-12,obm_spent_value_ge155d_btc_daily,16148.88437968,BTC,daily,OBM v0.1.0
2019-06-13,obm_spent_value_ge155d_btc_daily,7013.51031966,BTC,daily,OBM v0.1.0
2019-06-14,obm_spent_value_ge155d_btc_daily,24260.02420110,BTC,daily,OBM v0.1.0
2019-06-15,obm_spent_value_ge155d_btc_daily,4966.72545324,BTC,daily,OBM v0.1.0
2019-06-16,obm_spent_value_ge155d_btc_daily,12276.64750778,BTC,daily,OBM v0.1.0
2019-06-17,obm_spent_value_ge155d_btc_daily,14782.57614318,BTC,daily,OBM v0.1.0
2019-06-18,obm_spent_value_ge155d_btc_daily,11649.25525370,BTC,daily,OBM v0.1.0
2019-06-19,obm_spent_value_ge155d_btc_daily,33103.28689061,BTC,daily,OBM v0.1.0
2019-06-20,obm_spent_value_ge155d_btc_daily,8763.71262655,BTC,daily,OBM v0.1.0
2019-06-21,obm_spent_value_ge155d_btc_daily,19211.82000191,BTC,daily,OBM v0.1.0
2019-06-22,obm_spent_value_ge155d_btc_daily,22711.16664180,BTC,daily,OBM v0.1.0
2019-06-23,obm_spent_value_ge155d_btc_daily,12481.56333984,BTC,daily,OBM v0.1.0
2019-06-24,obm_spent_value_ge155d_btc_daily,15543.84282786,BTC,daily,OBM v0.1.0
2019-06-25,obm_spent_value_ge155d_btc_daily,32446.34000209,BTC,daily,OBM v0.1.0
2019-06-26,obm_spent_value_ge155d_btc_daily,46806.17639101,BTC,daily,OBM v0.1.0
2019-06-27,obm_spent_value_ge155d_btc_daily,34355.88076249,BTC,daily,OBM v0.1.0
2019-06-28,obm_spent_value_ge155d_btc_daily,50384.22217655,BTC,daily,OBM v0.1.0
2019-06-29,obm_spent_value_ge155d_btc_daily,9418.82729006,BTC,daily,OBM v0.1.0
2019-06-30,obm_spent_value_ge155d_btc_daily,28455.25168166,BTC,daily,OBM v0.1.0
2019-07-01,obm_spent_value_ge155d_btc_daily,8989.96710774,BTC,daily,OBM v0.1.0
2019-07-02,obm_spent_value_ge155d_btc_daily,24523.21288068,BTC,daily,OBM v0.1.0
2019-07-03,obm_spent_value_ge155d_btc_daily,17152.89206935,BTC,daily,OBM v0.1.0
2019-07-04,obm_spent_value_ge155d_btc_daily,27004.62472477,BTC,daily,OBM v0.1.0
2019-07-05,obm_spent_value_ge155d_btc_daily,16702.11808527,BTC,daily,OBM v0.1.0
2019-07-06,obm_spent_value_ge155d_btc_daily,3229.67175993,BTC,daily,OBM v0.1.0
2019-07-07,obm_spent_value_ge155d_btc_daily,5139.21191545,BTC,daily,OBM v0.1.0
2019-07-08,obm_spent_value_ge155d_btc_daily,13836.60496728,BTC,daily,OBM v0.1.0
2019-07-09,obm_spent_value_ge155d_btc_daily,15774.25116142,BTC,daily,OBM v0.1.0
2019-07-10,obm_spent_value_ge155d_btc_daily,14948.84819543,BTC,daily,OBM v0.1.0
2019-07-11,obm_spent_value_ge155d_btc_daily,24577.46863753,BTC,daily,OBM v0.1.0
2019-07-12,obm_spent_value_ge155d_btc_daily,14718.81158290,BTC,daily,OBM v0.1.0
2019-07-13,obm_spent_value_ge155d_btc_daily,5346.98731442,BTC,daily,OBM v0.1.0
2019-07-14,obm_spent_value_ge155d_btc_daily,7138.37236364,BTC,daily,OBM v0.1.0
2019-07-15,obm_spent_value_ge155d_btc_daily,9238.46255202,BTC,daily,OBM v0.1.0
2019-07-16,obm_spent_value_ge155d_btc_daily,16041.75122145,BTC,daily,OBM v0.1.0
2019-07-17,obm_spent_value_ge155d_btc_daily,53028.08355181,BTC,daily,OBM v0.1.0
2019-07-18,obm_spent_value_ge155d_btc_daily,26809.73512229,BTC,daily,OBM v0.1.0
2019-07-19,obm_spent_value_ge155d_btc_daily,28039.61740749,BTC,daily,OBM v0.1.0
2019-07-20,obm_spent_value_ge155d_btc_daily,10408.65284073,BTC,daily,OBM v0.1.0
2019-07-21,obm_spent_value_ge155d_btc_daily,9284.44092443,BTC,daily,OBM v0.1.0
2019-07-22,obm_spent_value_ge155d_btc_daily,6891.71497724,BTC,daily,OBM v0.1.0
2019-07-23,obm_spent_value_ge155d_btc_daily,3333.19693813,BTC,daily,OBM v0.1.0
2019-07-24,obm_spent_value_ge155d_btc_daily,36595.20363304,BTC,daily,OBM v0.1.0
2019-07-25,obm_spent_value_ge155d_btc_daily,13259.30255425,BTC,daily,OBM v0.1.0
2019-07-26,obm_spent_value_ge155d_btc_daily,8503.22712192,BTC,daily,OBM v0.1.0
2019-07-27,obm_spent_value_ge155d_btc_daily,3395.81852587,BTC,daily,OBM v0.1.0
2019-07-28,obm_spent_value_ge155d_btc_daily,2796.81546687,BTC,daily,OBM v0.1.0
2019-07-29,obm_spent_value_ge155d_btc_daily,213090.16169658,BTC,daily,OBM v0.1.0
2019-07-30,obm_spent_value_ge155d_btc_daily,6365.74453297,BTC,daily,OBM v0.1.0
2019-07-31,obm_spent_value_ge155d_btc_daily,4994.93130023,BTC,daily,OBM v0.1.0
2019-08-01,obm_spent_value_ge155d_btc_daily,7995.97253164,BTC,daily,OBM v0.1.0
2019-08-02,obm_spent_value_ge155d_btc_daily,3429.13032259,BTC,daily,OBM v0.1.0
2019-08-03,obm_spent_value_ge155d_btc_daily,2364.95051080,BTC,daily,OBM v0.1.0
2019-08-04,obm_spent_value_ge155d_btc_daily,12236.47791550,BTC,daily,OBM v0.1.0
2019-08-05,obm_spent_value_ge155d_btc_daily,57777.73084244,BTC,daily,OBM v0.1.0
2019-08-06,obm_spent_value_ge155d_btc_daily,47391.88268639,BTC,daily,OBM v0.1.0
2019-08-07,obm_spent_value_ge155d_btc_daily,21456.89296039,BTC,daily,OBM v0.1.0
2019-08-08,obm_spent_value_ge155d_btc_daily,16745.25078982,BTC,daily,OBM v0.1.0
2019-08-09,obm_spent_value_ge155d_btc_daily,4900.02395091,BTC,daily,OBM v0.1.0
2019-08-10,obm_spent_value_ge155d_btc_daily,4151.05777276,BTC,daily,OBM v0.1.0
2019-08-11,obm_spent_value_ge155d_btc_daily,11196.21767875,BTC,daily,OBM v0.1.0
2019-08-12,obm_spent_value_ge155d_btc_daily,9536.17512769,BTC,daily,OBM v0.1.0
2019-08-13,obm_spent_value_ge155d_btc_daily,11805.79661057,BTC,daily,OBM v0.1.0
2019-08-14,obm_spent_value_ge155d_btc_daily,5275.84110712,BTC,daily,OBM v0.1.0
2019-08-15,obm_spent_value_ge155d_btc_daily,4680.81915932,BTC,daily,OBM v0.1.0
2019-08-16,obm_spent_value_ge155d_btc_daily,6003.64469495,BTC,daily,OBM v0.1.0
2019-08-17,obm_spent_value_ge155d_btc_daily,3176.85282543,BTC,daily,OBM v0.1.0
2019-08-18,obm_spent_value_ge155d_btc_daily,1970.34488160,BTC,daily,OBM v0.1.0
2019-08-19,obm_spent_value_ge155d_btc_daily,9780.78604761,BTC,daily,OBM v0.1.0
2019-08-20,obm_spent_value_ge155d_btc_daily,14160.85887722,BTC,daily,OBM v0.1.0
2019-08-21,obm_spent_value_ge155d_btc_daily,5143.10598418,BTC,daily,OBM v0.1.0
2019-08-22,obm_spent_value_ge155d_btc_daily,3155.08974688,BTC,daily,OBM v0.1.0
2019-08-23,obm_spent_value_ge155d_btc_daily,6561.36890768,BTC,daily,OBM v0.1.0
2019-08-24,obm_spent_value_ge155d_btc_daily,2833.00655285,BTC,daily,OBM v0.1.0
2019-08-25,obm_spent_value_ge155d_btc_daily,5250.35383060,BTC,daily,OBM v0.1.0
2019-08-26,obm_spent_value_ge155d_btc_daily,8086.69948233,BTC,daily,OBM v0.1.0
2019-08-27,obm_spent_value_ge155d_btc_daily,19777.08220442,BTC,daily,OBM v0.1.0
2019-08-28,obm_spent_value_ge155d_btc_daily,5706.46607600,BTC,daily,OBM v0.1.0
2019-08-29,obm_spent_value_ge155d_btc_daily,6659.72327886,BTC,daily,OBM v0.1.0
2019-08-30,obm_spent_value_ge155d_btc_daily,5074.83421277,BTC,daily,OBM v0.1.0
2019-08-31,obm_spent_value_ge155d_btc_daily,2145.99560016,BTC,daily,OBM v0.1.0
2019-09-01,obm_spent_value_ge155d_btc_daily,8225.48795217,BTC,daily,OBM v0.1.0
2019-09-02,obm_spent_value_ge155d_btc_daily,5561.45455518,BTC,daily,OBM v0.1.0
2019-09-03,obm_spent_value_ge155d_btc_daily,8602.36779630,BTC,daily,OBM v0.1.0
2019-09-04,obm_spent_value_ge155d_btc_daily,11291.71817063,BTC,daily,OBM v0.1.0
2019-09-05,obm_spent_value_ge155d_btc_daily,12581.81880835,BTC,daily,OBM v0.1.0
2019-09-06,obm_spent_value_ge155d_btc_daily,100103.06980156,BTC,daily,OBM v0.1.0
2019-09-07,obm_spent_value_ge155d_btc_daily,5756.77558470,BTC,daily,OBM v0.1.0
2019-09-08,obm_spent_value_ge155d_btc_daily,5361.33962611,BTC,daily,OBM v0.1.0
2019-09-09,obm_spent_value_ge155d_btc_daily,7603.92913891,BTC,daily,OBM v0.1.0
2019-09-10,obm_spent_value_ge155d_btc_daily,5474.36783053,BTC,daily,OBM v0.1.0
2019-09-11,obm_spent_value_ge155d_btc_daily,5480.52720221,BTC,daily,OBM v0.1.0
2019-09-12,obm_spent_value_ge155d_btc_daily,7245.91695000,BTC,daily,OBM v0.1.0
2019-09-13,obm_spent_value_ge155d_btc_daily,8413.98019589,BTC,daily,OBM v0.1.0
2019-09-14,obm_spent_value_ge155d_btc_daily,4287.61201978,BTC,daily,OBM v0.1.0
2019-09-15,obm_spent_value_ge155d_btc_daily,4134.81323815,BTC,daily,OBM v0.1.0
2019-09-16,obm_spent_value_ge155d_btc_daily,4637.92799097,BTC,daily,OBM v0.1.0
2019-09-17,obm_spent_value_ge155d_btc_daily,8293.88933772,BTC,daily,OBM v0.1.0
2019-09-18,obm_spent_value_ge155d_btc_daily,17056.89800624,BTC,daily,OBM v0.1.0
2019-09-19,obm_spent_value_ge155d_btc_daily,4153.45785067,BTC,daily,OBM v0.1.0
2019-09-20,obm_spent_value_ge155d_btc_daily,5912.33365849,BTC,daily,OBM v0.1.0
2019-09-21,obm_spent_value_ge155d_btc_daily,2447.90950690,BTC,daily,OBM v0.1.0
2019-09-22,obm_spent_value_ge155d_btc_daily,1700.07993203,BTC,daily,OBM v0.1.0
2019-09-23,obm_spent_value_ge155d_btc_daily,5766.00791660,BTC,daily,OBM v0.1.0
2019-09-24,obm_spent_value_ge155d_btc_daily,62921.51510321,BTC,daily,OBM v0.1.0
2019-09-25,obm_spent_value_ge155d_btc_daily,17927.67058909,BTC,daily,OBM v0.1.0
2019-09-26,obm_spent_value_ge155d_btc_daily,12230.47538657,BTC,daily,OBM v0.1.0
2019-09-27,obm_spent_value_ge155d_btc_daily,17498.11096677,BTC,daily,OBM v0.1.0
2019-09-28,obm_spent_value_ge155d_btc_daily,4290.42113870,BTC,daily,OBM v0.1.0
2019-09-29,obm_spent_value_ge155d_btc_daily,5761.12885473,BTC,daily,OBM v0.1.0
2019-09-30,obm_spent_value_ge155d_btc_daily,6524.92579839,BTC,daily,OBM v0.1.0
2019-10-01,obm_spent_value_ge155d_btc_daily,2910.49581670,BTC,daily,OBM v0.1.0
2019-10-02,obm_spent_value_ge155d_btc_daily,3312.75090352,BTC,daily,OBM v0.1.0
2019-10-03,obm_spent_value_ge155d_btc_daily,4793.47819592,BTC,daily,OBM v0.1.0
2019-10-04,obm_spent_value_ge155d_btc_daily,4104.07771376,BTC,daily,OBM v0.1.0
2019-10-05,obm_spent_value_ge155d_btc_daily,2956.21489104,BTC,daily,OBM v0.1.0
2019-10-06,obm_spent_value_ge155d_btc_daily,3038.63045430,BTC,daily,OBM v0.1.0
2019-10-07,obm_spent_value_ge155d_btc_daily,8483.24912325,BTC,daily,OBM v0.1.0
2019-10-08,obm_spent_value_ge155d_btc_daily,20893.64385411,BTC,daily,OBM v0.1.0
2019-10-09,obm_spent_value_ge155d_btc_daily,3665.04527073,BTC,daily,OBM v0.1.0
2019-10-10,obm_spent_value_ge155d_btc_daily,3539.88674349,BTC,daily,OBM v0.1.0
2019-10-11,obm_spent_value_ge155d_btc_daily,6448.68994891,BTC,daily,OBM v0.1.0
2019-10-12,obm_spent_value_ge155d_btc_daily,6774.29222951,BTC,daily,OBM v0.1.0
2019-10-13,obm_spent_value_ge155d_btc_daily,1191.14005718,BTC,daily,OBM v0.1.0
2019-10-14,obm_spent_value_ge155d_btc_daily,109176.84260130,BTC,daily,OBM v0.1.0
2019-10-15,obm_spent_value_ge155d_btc_daily,22271.61910166,BTC,daily,OBM v0.1.0
2019-10-16,obm_spent_value_ge155d_btc_daily,9135.19132999,BTC,daily,OBM v0.1.0
2019-10-17,obm_spent_value_ge155d_btc_daily,6602.80021992,BTC,daily,OBM v0.1.0
2019-10-18,obm_spent_value_ge155d_btc_daily,18254.91101370,BTC,daily,OBM v0.1.0
2019-10-19,obm_spent_value_ge155d_btc_daily,4324.05227908,BTC,daily,OBM v0.1.0
2019-10-20,obm_spent_value_ge155d_btc_daily,2644.34248827,BTC,daily,OBM v0.1.0
2019-10-21,obm_spent_value_ge155d_btc_daily,34837.60069596,BTC,daily,OBM v0.1.0
2019-10-22,obm_spent_value_ge155d_btc_daily,4992.87102885,BTC,daily,OBM v0.1.0
2019-10-23,obm_spent_value_ge155d_btc_daily,5453.48645029,BTC,daily,OBM v0.1.0
2019-10-24,obm_spent_value_ge155d_btc_daily,8635.76938428,BTC,daily,OBM v0.1.0
2019-10-25,obm_spent_value_ge155d_btc_daily,20082.17018559,BTC,daily,OBM v0.1.0
2019-10-26,obm_spent_value_ge155d_btc_daily,8198.23164821,BTC,daily,OBM v0.1.0
2019-10-27,obm_spent_value_ge155d_btc_daily,5795.59431737,BTC,daily,OBM v0.1.0
2019-10-28,obm_spent_value_ge155d_btc_daily,28318.43420583,BTC,daily,OBM v0.1.0
2019-10-29,obm_spent_value_ge155d_btc_daily,16931.41882707,BTC,daily,OBM v0.1.0
2019-10-30,obm_spent_value_ge155d_btc_daily,8021.16827963,BTC,daily,OBM v0.1.0
2019-10-31,obm_spent_value_ge155d_btc_daily,8193.89238630,BTC,daily,OBM v0.1.0
2019-11-01,obm_spent_value_ge155d_btc_daily,57821.43458737,BTC,daily,OBM v0.1.0
2019-11-02,obm_spent_value_ge155d_btc_daily,4450.34545041,BTC,daily,OBM v0.1.0
2019-11-03,obm_spent_value_ge155d_btc_daily,3863.35564469,BTC,daily,OBM v0.1.0
2019-11-04,obm_spent_value_ge155d_btc_daily,5472.64451622,BTC,daily,OBM v0.1.0
2019-11-05,obm_spent_value_ge155d_btc_daily,27297.70678157,BTC,daily,OBM v0.1.0
2019-11-06,obm_spent_value_ge155d_btc_daily,29607.28381910,BTC,daily,OBM v0.1.0
2019-11-07,obm_spent_value_ge155d_btc_daily,9410.02582023,BTC,daily,OBM v0.1.0
2019-11-08,obm_spent_value_ge155d_btc_daily,5656.20521849,BTC,daily,OBM v0.1.0
2019-11-09,obm_spent_value_ge155d_btc_daily,2145.78021480,BTC,daily,OBM v0.1.0
2019-11-10,obm_spent_value_ge155d_btc_daily,2123.81823412,BTC,daily,OBM v0.1.0
2019-11-11,obm_spent_value_ge155d_btc_daily,8144.06487397,BTC,daily,OBM v0.1.0
2019-11-12,obm_spent_value_ge155d_btc_daily,6488.08031968,BTC,daily,OBM v0.1.0
2019-11-13,obm_spent_value_ge155d_btc_daily,42727.60890840,BTC,daily,OBM v0.1.0
2019-11-14,obm_spent_value_ge155d_btc_daily,5998.60046444,BTC,daily,OBM v0.1.0
2019-11-15,obm_spent_value_ge155d_btc_daily,10464.98460968,BTC,daily,OBM v0.1.0
2019-11-16,obm_spent_value_ge155d_btc_daily,1905.14964071,BTC,daily,OBM v0.1.0
2019-11-17,obm_spent_value_ge155d_btc_daily,2727.15174435,BTC,daily,OBM v0.1.0
2019-11-18,obm_spent_value_ge155d_btc_daily,21045.97138655,BTC,daily,OBM v0.1.0
2019-11-19,obm_spent_value_ge155d_btc_daily,12246.53974783,BTC,daily,OBM v0.1.0
2019-11-20,obm_spent_value_ge155d_btc_daily,4423.41543198,BTC,daily,OBM v0.1.0
2019-11-21,obm_spent_value_ge155d_btc_daily,12288.41447229,BTC,daily,OBM v0.1.0
2019-11-22,obm_spent_value_ge155d_btc_daily,68197.90237001,BTC,daily,OBM v0.1.0
2019-11-23,obm_spent_value_ge155d_btc_daily,17887.87558920,BTC,daily,OBM v0.1.0
2019-11-24,obm_spent_value_ge155d_btc_daily,17223.95819718,BTC,daily,OBM v0.1.0
2019-11-25,obm_spent_value_ge155d_btc_daily,22205.72735762,BTC,daily,OBM v0.1.0
2019-11-26,obm_spent_value_ge155d_btc_daily,14263.98941590,BTC,daily,OBM v0.1.0
2019-11-27,obm_spent_value_ge155d_btc_daily,8118.18829974,BTC,daily,OBM v0.1.0
2019-11-28,obm_spent_value_ge155d_btc_daily,5901.77590439,BTC,daily,OBM v0.1.0
2019-11-29,obm_spent_value_ge155d_btc_daily,5140.44101680,BTC,daily,OBM v0.1.0
2019-11-30,obm_spent_value_ge155d_btc_daily,10771.21178427,BTC,daily,OBM v0.1.0
2019-12-01,obm_spent_value_ge155d_btc_daily,5092.85163431,BTC,daily,OBM v0.1.0
2019-12-02,obm_spent_value_ge155d_btc_daily,7468.98539242,BTC,daily,OBM v0.1.0
2019-12-03,obm_spent_value_ge155d_btc_daily,8041.29182745,BTC,daily,OBM v0.1.0
2019-12-04,obm_spent_value_ge155d_btc_daily,24166.31972854,BTC,daily,OBM v0.1.0
2019-12-05,obm_spent_value_ge155d_btc_daily,5841.50556343,BTC,daily,OBM v0.1.0
2019-12-06,obm_spent_value_ge155d_btc_daily,5763.45053247,BTC,daily,OBM v0.1.0
2019-12-07,obm_spent_value_ge155d_btc_daily,2918.38515408,BTC,daily,OBM v0.1.0
2019-12-08,obm_spent_value_ge155d_btc_daily,3671.36014088,BTC,daily,OBM v0.1.0
2019-12-09,obm_spent_value_ge155d_btc_daily,5817.33764062,BTC,daily,OBM v0.1.0
2019-12-10,obm_spent_value_ge155d_btc_daily,3858.89417958,BTC,daily,OBM v0.1.0
2019-12-11,obm_spent_value_ge155d_btc_daily,11664.00192297,BTC,daily,OBM v0.1.0
2019-12-12,obm_spent_value_ge155d_btc_daily,6929.34782721,BTC,daily,OBM v0.1.0
2019-12-13,obm_spent_value_ge155d_btc_daily,8085.04662968,BTC,daily,OBM v0.1.0
2019-12-14,obm_spent_value_ge155d_btc_daily,8359.25475383,BTC,daily,OBM v0.1.0
2019-12-15,obm_spent_value_ge155d_btc_daily,5083.81193311,BTC,daily,OBM v0.1.0
2019-12-16,obm_spent_value_ge155d_btc_daily,7939.91329931,BTC,daily,OBM v0.1.0
2019-12-17,obm_spent_value_ge155d_btc_daily,10891.19849118,BTC,daily,OBM v0.1.0
2019-12-18,obm_spent_value_ge155d_btc_daily,6770.18186374,BTC,daily,OBM v0.1.0
2019-12-19,obm_spent_value_ge155d_btc_daily,14811.11093497,BTC,daily,OBM v0.1.0
2019-12-20,obm_spent_value_ge155d_btc_daily,50326.61211928,BTC,daily,OBM v0.1.0
2019-12-21,obm_spent_value_ge155d_btc_daily,4053.65082559,BTC,daily,OBM v0.1.0
2019-12-22,obm_spent_value_ge155d_btc_daily,3526.59819232,BTC,daily,OBM v0.1.0
2019-12-23,obm_spent_value_ge155d_btc_daily,9299.80561366,BTC,daily,OBM v0.1.0
2019-12-24,obm_spent_value_ge155d_btc_daily,16152.40342081,BTC,daily,OBM v0.1.0
2019-12-25,obm_spent_value_ge155d_btc_daily,5517.10813684,BTC,daily,OBM v0.1.0
2019-12-26,obm_spent_value_ge155d_btc_daily,23499.02722021,BTC,daily,OBM v0.1.0
2019-12-27,obm_spent_value_ge155d_btc_daily,13459.86563500,BTC,daily,OBM v0.1.0
2019-12-28,obm_spent_value_ge155d_btc_daily,6716.83343451,BTC,daily,OBM v0.1.0
2019-12-29,obm_spent_value_ge155d_btc_daily,4388.32951817,BTC,daily,OBM v0.1.0
2019-12-30,obm_spent_value_ge155d_btc_daily,8475.46961541,BTC,daily,OBM v0.1.0
2019-12-31,obm_spent_value_ge155d_btc_daily,6094.19303869,BTC,daily,OBM v0.1.0
2020-01-01,obm_spent_value_ge155d_btc_daily,3176.56944095,BTC,daily,OBM v0.1.0
2020-01-02,obm_spent_value_ge155d_btc_daily,13956.50211501,BTC,daily,OBM v0.1.0
2020-01-03,obm_spent_value_ge155d_btc_daily,5183.90171603,BTC,daily,OBM v0.1.0
2020-01-04,obm_spent_value_ge155d_btc_daily,5349.42109596,BTC,daily,OBM v0.1.0
2020-01-05,obm_spent_value_ge155d_btc_daily,4514.53114382,BTC,daily,OBM v0.1.0
2020-01-06,obm_spent_value_ge155d_btc_daily,8288.02252120,BTC,daily,OBM v0.1.0
2020-01-07,obm_spent_value_ge155d_btc_daily,11543.03046078,BTC,daily,OBM v0.1.0
2020-01-08,obm_spent_value_ge155d_btc_daily,8935.53988032,BTC,daily,OBM v0.1.0
2020-01-09,obm_spent_value_ge155d_btc_daily,9626.64385267,BTC,daily,OBM v0.1.0
2020-01-10,obm_spent_value_ge155d_btc_daily,6690.60568950,BTC,daily,OBM v0.1.0
2020-01-11,obm_spent_value_ge155d_btc_daily,3190.90992408,BTC,daily,OBM v0.1.0
2020-01-12,obm_spent_value_ge155d_btc_daily,5522.91904160,BTC,daily,OBM v0.1.0
2020-01-13,obm_spent_value_ge155d_btc_daily,6765.60926048,BTC,daily,OBM v0.1.0
2020-01-14,obm_spent_value_ge155d_btc_daily,57351.96936485,BTC,daily,OBM v0.1.0
2020-01-15,obm_spent_value_ge155d_btc_daily,22889.33456843,BTC,daily,OBM v0.1.0
2020-01-16,obm_spent_value_ge155d_btc_daily,16692.40530162,BTC,daily,OBM v0.1.0
2020-01-17,obm_spent_value_ge155d_btc_daily,5679.58918694,BTC,daily,OBM v0.1.0
2020-01-18,obm_spent_value_ge155d_btc_daily,5512.10364276,BTC,daily,OBM v0.1.0
2020-01-19,obm_spent_value_ge155d_btc_daily,4269.44671559,BTC,daily,OBM v0.1.0
2020-01-20,obm_spent_value_ge155d_btc_daily,7163.06561791,BTC,daily,OBM v0.1.0
2020-01-21,obm_spent_value_ge155d_btc_daily,7044.14843587,BTC,daily,OBM v0.1.0
2020-01-22,obm_spent_value_ge155d_btc_daily,9342.47514363,BTC,daily,OBM v0.1.0
2020-01-23,obm_spent_value_ge155d_btc_daily,14639.75495995,BTC,daily,OBM v0.1.0
2020-01-24,obm_spent_value_ge155d_btc_daily,9303.30971253,BTC,daily,OBM v0.1.0
2020-01-25,obm_spent_value_ge155d_btc_daily,5612.32356810,BTC,daily,OBM v0.1.0
2020-01-26,obm_spent_value_ge155d_btc_daily,4242.19933316,BTC,daily,OBM v0.1.0
2020-01-27,obm_spent_value_ge155d_btc_daily,6995.75606323,BTC,daily,OBM v0.1.0
2020-01-28,obm_spent_value_ge155d_btc_daily,7725.82310757,BTC,daily,OBM v0.1.0
2020-01-29,obm_spent_value_ge155d_btc_daily,38340.99425803,BTC,daily,OBM v0.1.0
2020-01-30,obm_spent_value_ge155d_btc_daily,9910.58961492,BTC,daily,OBM v0.1.0
2020-01-31,obm_spent_value_ge155d_btc_daily,17759.21977429,BTC,daily,OBM v0.1.0
2020-02-01,obm_spent_value_ge155d_btc_daily,5788.39480451,BTC,daily,OBM v0.1.0
2020-02-02,obm_spent_value_ge155d_btc_daily,15040.54234918,BTC,daily,OBM v0.1.0
2020-02-03,obm_spent_value_ge155d_btc_daily,94583.46519738,BTC,daily,OBM v0.1.0
2020-02-04,obm_spent_value_ge155d_btc_daily,14339.04898570,BTC,daily,OBM v0.1.0
2020-02-05,obm_spent_value_ge155d_btc_daily,9156.41564164,BTC,daily,OBM v0.1.0
2020-02-06,obm_spent_value_ge155d_btc_daily,54926.23442056,BTC,daily,OBM v0.1.0
2020-02-07,obm_spent_value_ge155d_btc_daily,94954.96617441,BTC,daily,OBM v0.1.0
2020-02-08,obm_spent_value_ge155d_btc_daily,11485.46097577,BTC,daily,OBM v0.1.0
2020-02-09,obm_spent_value_ge155d_btc_daily,13121.51741460,BTC,daily,OBM v0.1.0
2020-02-10,obm_spent_value_ge155d_btc_daily,29819.80010838,BTC,daily,OBM v0.1.0
2020-02-11,obm_spent_value_ge155d_btc_daily,12519.95520824,BTC,daily,OBM v0.1.0
2020-02-12,obm_spent_value_ge155d_btc_daily,11307.13147809,BTC,daily,OBM v0.1.0
2020-02-13,obm_spent_value_ge155d_btc_daily,13925.31258000,BTC,daily,OBM v0.1.0
2020-02-14,obm_spent_value_ge155d_btc_daily,10885.75279053,BTC,daily,OBM v0.1.0
2020-02-15,obm_spent_value_ge155d_btc_daily,11475.48878694,BTC,daily,OBM v0.1.0
2020-02-16,obm_spent_value_ge155d_btc_daily,4499.70445653,BTC,daily,OBM v0.1.0
2020-02-17,obm_spent_value_ge155d_btc_daily,6858.33990032,BTC,daily,OBM v0.1.0
2020-02-18,obm_spent_value_ge155d_btc_daily,9590.57566169,BTC,daily,OBM v0.1.0
2020-02-19,obm_spent_value_ge155d_btc_daily,19605.81277405,BTC,daily,OBM v0.1.0
2020-02-20,obm_spent_value_ge155d_btc_daily,37344.02040077,BTC,daily,OBM v0.1.0
2020-02-21,obm_spent_value_ge155d_btc_daily,8818.94819651,BTC,daily,OBM v0.1.0
2020-02-22,obm_spent_value_ge155d_btc_daily,3475.21689603,BTC,daily,OBM v0.1.0
2020-02-23,obm_spent_value_ge155d_btc_daily,4345.96733329,BTC,daily,OBM v0.1.0
2020-02-24,obm_spent_value_ge155d_btc_daily,6960.18709463,BTC,daily,OBM v0.1.0
2020-02-25,obm_spent_value_ge155d_btc_daily,14614.79539792,BTC,daily,OBM v0.1.0
2020-02-26,obm_spent_value_ge155d_btc_daily,12063.21130246,BTC,daily,OBM v0.1.0
2020-02-27,obm_spent_value_ge155d_btc_daily,8145.89951010,BTC,daily,OBM v0.1.0
2020-02-28,obm_spent_value_ge155d_btc_daily,14062.66159078,BTC,daily,OBM v0.1.0
2020-02-29,obm_spent_value_ge155d_btc_daily,13306.59778211,BTC,daily,OBM v0.1.0
2020-03-01,obm_spent_value_ge155d_btc_daily,7401.33368275,BTC,daily,OBM v0.1.0
2020-03-02,obm_spent_value_ge155d_btc_daily,16446.75796150,BTC,daily,OBM v0.1.0
2020-03-03,obm_spent_value_ge155d_btc_daily,27727.13219457,BTC,daily,OBM v0.1.0
2020-03-04,obm_spent_value_ge155d_btc_daily,8429.51675048,BTC,daily,OBM v0.1.0
2020-03-05,obm_spent_value_ge155d_btc_daily,21339.46266420,BTC,daily,OBM v0.1.0
2020-03-06,obm_spent_value_ge155d_btc_daily,8325.51825164,BTC,daily,OBM v0.1.0
2020-03-07,obm_spent_value_ge155d_btc_daily,3745.50711214,BTC,daily,OBM v0.1.0
2020-03-08,obm_spent_value_ge155d_btc_daily,6785.01495160,BTC,daily,OBM v0.1.0
2020-03-09,obm_spent_value_ge155d_btc_daily,21698.37702214,BTC,daily,OBM v0.1.0
2020-03-10,obm_spent_value_ge155d_btc_daily,11681.55790906,BTC,daily,OBM v0.1.0
2020-03-11,obm_spent_value_ge155d_btc_daily,33773.83220454,BTC,daily,OBM v0.1.0
2020-03-12,obm_spent_value_ge155d_btc_daily,77043.79466830,BTC,daily,OBM v0.1.0
2020-03-13,obm_spent_value_ge155d_btc_daily,51118.03319570,BTC,daily,OBM v0.1.0
2020-03-14,obm_spent_value_ge155d_btc_daily,22934.07431255,BTC,daily,OBM v0.1.0
2020-03-15,obm_spent_value_ge155d_btc_daily,12206.10047904,BTC,daily,OBM v0.1.0
2020-03-16,obm_spent_value_ge155d_btc_daily,26423.30616980,BTC,daily,OBM v0.1.0
2020-03-17,obm_spent_value_ge155d_btc_daily,35619.88855078,BTC,daily,OBM v0.1.0
2020-03-18,obm_spent_value_ge155d_btc_daily,9043.16331917,BTC,daily,OBM v0.1.0
2020-03-19,obm_spent_value_ge155d_btc_daily,14137.90298964,BTC,daily,OBM v0.1.0
2020-03-20,obm_spent_value_ge155d_btc_daily,11616.67107932,BTC,daily,OBM v0.1.0
2020-03-21,obm_spent_value_ge155d_btc_daily,4500.85888369,BTC,daily,OBM v0.1.0
2020-03-22,obm_spent_value_ge155d_btc_daily,6445.28596886,BTC,daily,OBM v0.1.0
2020-03-23,obm_spent_value_ge155d_btc_daily,18286.76933851,BTC,daily,OBM v0.1.0
2020-03-24,obm_spent_value_ge155d_btc_daily,9565.01249012,BTC,daily,OBM v0.1.0
2020-03-25,obm_spent_value_ge155d_btc_daily,30989.13425311,BTC,daily,OBM v0.1.0
2020-03-26,obm_spent_value_ge155d_btc_daily,14910.55188332,BTC,daily,OBM v0.1.0
2020-03-27,obm_spent_value_ge155d_btc_daily,8165.60167805,BTC,daily,OBM v0.1.0
2020-03-28,obm_spent_value_ge155d_btc_daily,4855.83673829,BTC,daily,OBM v0.1.0
2020-03-29,obm_spent_value_ge155d_btc_daily,12378.53010974,BTC,daily,OBM v0.1.0
2020-03-30,obm_spent_value_ge155d_btc_daily,12705.47097446,BTC,daily,OBM v0.1.0
2020-03-31,obm_spent_value_ge155d_btc_daily,5040.99724345,BTC,daily,OBM v0.1.0
2020-04-01,obm_spent_value_ge155d_btc_daily,4984.40247870,BTC,daily,OBM v0.1.0
2020-04-02,obm_spent_value_ge155d_btc_daily,10487.09811952,BTC,daily,OBM v0.1.0
2020-04-03,obm_spent_value_ge155d_btc_daily,5511.11497962,BTC,daily,OBM v0.1.0
2020-04-04,obm_spent_value_ge155d_btc_daily,2674.80317266,BTC,daily,OBM v0.1.0
2020-04-05,obm_spent_value_ge155d_btc_daily,3355.54311373,BTC,daily,OBM v0.1.0
2020-04-06,obm_spent_value_ge155d_btc_daily,11459.56146592,BTC,daily,OBM v0.1.0
2020-04-07,obm_spent_value_ge155d_btc_daily,20995.29320176,BTC,daily,OBM v0.1.0
2020-04-08,obm_spent_value_ge155d_btc_daily,5402.79809707,BTC,daily,OBM v0.1.0
2020-04-09,obm_spent_value_ge155d_btc_daily,16996.45189007,BTC,daily,OBM v0.1.0
2020-04-10,obm_spent_value_ge155d_btc_daily,7723.40899345,BTC,daily,OBM v0.1.0
2020-04-11,obm_spent_value_ge155d_btc_daily,3414.59300589,BTC,daily,OBM v0.1.0
2020-04-12,obm_spent_value_ge155d_btc_daily,2560.96056705,BTC,daily,OBM v0.1.0
2020-04-13,obm_spent_value_ge155d_btc_daily,4509.77790458,BTC,daily,OBM v0.1.0
2020-04-14,obm_spent_value_ge155d_btc_daily,3634.47896197,BTC,daily,OBM v0.1.0
2020-04-15,obm_spent_value_ge155d_btc_daily,5822.24415155,BTC,daily,OBM v0.1.0
2020-04-16,obm_spent_value_ge155d_btc_daily,9782.03113939,BTC,daily,OBM v0.1.0
2020-04-17,obm_spent_value_ge155d_btc_daily,11342.44481732,BTC,daily,OBM v0.1.0
2020-04-18,obm_spent_value_ge155d_btc_daily,4038.37820840,BTC,daily,OBM v0.1.0
2020-04-19,obm_spent_value_ge155d_btc_daily,7592.94604866,BTC,daily,OBM v0.1.0
2020-04-20,obm_spent_value_ge155d_btc_daily,6818.05459045,BTC,daily,OBM v0.1.0
2020-04-21,obm_spent_value_ge155d_btc_daily,8696.77318797,BTC,daily,OBM v0.1.0
2020-04-22,obm_spent_value_ge155d_btc_daily,7649.03068765,BTC,daily,OBM v0.1.0
2020-04-23,obm_spent_value_ge155d_btc_daily,13577.16412234,BTC,daily,OBM v0.1.0
2020-04-24,obm_spent_value_ge155d_btc_daily,5885.37505239,BTC,daily,OBM v0.1.0
2020-04-25,obm_spent_value_ge155d_btc_daily,3846.59539273,BTC,daily,OBM v0.1.0
2020-04-26,obm_spent_value_ge155d_btc_daily,4353.00716186,BTC,daily,OBM v0.1.0
2020-04-27,obm_spent_value_ge155d_btc_daily,6488.31466376,BTC,daily,OBM v0.1.0
2020-04-28,obm_spent_value_ge155d_btc_daily,7313.83876074,BTC,daily,OBM v0.1.0
2020-04-29,obm_spent_value_ge155d_btc_daily,27278.59790992,BTC,daily,OBM v0.1.0
2020-04-30,obm_spent_value_ge155d_btc_daily,17132.09479569,BTC,daily,OBM v0.1.0
2020-05-01,obm_spent_value_ge155d_btc_daily,6882.90516434,BTC,daily,OBM v0.1.0
2020-05-02,obm_spent_value_ge155d_btc_daily,4130.48287435,BTC,daily,OBM v0.1.0
2020-05-03,obm_spent_value_ge155d_btc_daily,8127.69302271,BTC,daily,OBM v0.1.0
2020-05-04,obm_spent_value_ge155d_btc_daily,6759.63008147,BTC,daily,OBM v0.1.0
2020-05-05,obm_spent_value_ge155d_btc_daily,9633.94579842,BTC,daily,OBM v0.1.0
2020-05-06,obm_spent_value_ge155d_btc_daily,27204.84905279,BTC,daily,OBM v0.1.0
2020-05-07,obm_spent_value_ge155d_btc_daily,62613.79403547,BTC,daily,OBM v0.1.0
2020-05-08,obm_spent_value_ge155d_btc_daily,26315.76287244,BTC,daily,OBM v0.1.0
2020-05-09,obm_spent_value_ge155d_btc_daily,14291.97084563,BTC,daily,OBM v0.1.0
2020-05-10,obm_spent_value_ge155d_btc_daily,9929.74425993,BTC,daily,OBM v0.1.0
2020-05-11,obm_spent_value_ge155d_btc_daily,23526.65751151,BTC,daily,OBM v0.1.0
2020-05-12,obm_spent_value_ge155d_btc_daily,6423.14442689,BTC,daily,OBM v0.1.0
2020-05-13,obm_spent_value_ge155d_btc_daily,5524.66140166,BTC,daily,OBM v0.1.0
2020-05-14,obm_spent_value_ge155d_btc_daily,10415.67526291,BTC,daily,OBM v0.1.0
2020-05-15,obm_spent_value_ge155d_btc_daily,15442.68553857,BTC,daily,OBM v0.1.0
2020-05-16,obm_spent_value_ge155d_btc_daily,4708.55401674,BTC,daily,OBM v0.1.0
2020-05-17,obm_spent_value_ge155d_btc_daily,4911.44010741,BTC,daily,OBM v0.1.0
2020-05-18,obm_spent_value_ge155d_btc_daily,8513.10974858,BTC,daily,OBM v0.1.0
2020-05-19,obm_spent_value_ge155d_btc_daily,6071.26685609,BTC,daily,OBM v0.1.0
2020-05-20,obm_spent_value_ge155d_btc_daily,10022.69593047,BTC,daily,OBM v0.1.0
2020-05-21,obm_spent_value_ge155d_btc_daily,10520.15680438,BTC,daily,OBM v0.1.0
2020-05-22,obm_spent_value_ge155d_btc_daily,8220.12254425,BTC,daily,OBM v0.1.0
2020-05-23,obm_spent_value_ge155d_btc_daily,10509.85366807,BTC,daily,OBM v0.1.0
2020-05-24,obm_spent_value_ge155d_btc_daily,4107.92726851,BTC,daily,OBM v0.1.0
2020-05-25,obm_spent_value_ge155d_btc_daily,3936.76972674,BTC,daily,OBM v0.1.0
2020-05-26,obm_spent_value_ge155d_btc_daily,5485.23661875,BTC,daily,OBM v0.1.0
2020-05-27,obm_spent_value_ge155d_btc_daily,5085.67844967,BTC,daily,OBM v0.1.0
2020-05-28,obm_spent_value_ge155d_btc_daily,11514.96455241,BTC,daily,OBM v0.1.0
2020-05-29,obm_spent_value_ge155d_btc_daily,15700.71230564,BTC,daily,OBM v0.1.0
2020-05-30,obm_spent_value_ge155d_btc_daily,5745.30175107,BTC,daily,OBM v0.1.0
2020-05-31,obm_spent_value_ge155d_btc_daily,9545.86170446,BTC,daily,OBM v0.1.0
2020-06-01,obm_spent_value_ge155d_btc_daily,62956.53948795,BTC,daily,OBM v0.1.0
2020-06-02,obm_spent_value_ge155d_btc_daily,15738.43389170,BTC,daily,OBM v0.1.0
2020-06-03,obm_spent_value_ge155d_btc_daily,7920.92168942,BTC,daily,OBM v0.1.0
2020-06-04,obm_spent_value_ge155d_btc_daily,12568.22387054,BTC,daily,OBM v0.1.0
2020-06-05,obm_spent_value_ge155d_btc_daily,6025.89420977,BTC,daily,OBM v0.1.0
2020-06-06,obm_spent_value_ge155d_btc_daily,6856.32212596,BTC,daily,OBM v0.1.0
2020-06-07,obm_spent_value_ge155d_btc_daily,4176.96663915,BTC,daily,OBM v0.1.0
2020-06-08,obm_spent_value_ge155d_btc_daily,27930.73727883,BTC,daily,OBM v0.1.0
2020-06-09,obm_spent_value_ge155d_btc_daily,7555.75515149,BTC,daily,OBM v0.1.0
2020-06-10,obm_spent_value_ge155d_btc_daily,11241.08762099,BTC,daily,OBM v0.1.0
2020-06-11,obm_spent_value_ge155d_btc_daily,7178.67199010,BTC,daily,OBM v0.1.0
2020-06-12,obm_spent_value_ge155d_btc_daily,5734.17468461,BTC,daily,OBM v0.1.0
2020-06-13,obm_spent_value_ge155d_btc_daily,6760.89271426,BTC,daily,OBM v0.1.0
2020-06-14,obm_spent_value_ge155d_btc_daily,7860.43089479,BTC,daily,OBM v0.1.0
2020-06-15,obm_spent_value_ge155d_btc_daily,8353.59269010,BTC,daily,OBM v0.1.0
2020-06-16,obm_spent_value_ge155d_btc_daily,7453.56319841,BTC,daily,OBM v0.1.0
2020-06-17,obm_spent_value_ge155d_btc_daily,5755.86863432,BTC,daily,OBM v0.1.0
2020-06-18,obm_spent_value_ge155d_btc_daily,7853.05694730,BTC,daily,OBM v0.1.0
2020-06-19,obm_spent_value_ge155d_btc_daily,4922.15720132,BTC,daily,OBM v0.1.0
2020-06-20,obm_spent_value_ge155d_btc_daily,5476.58563205,BTC,daily,OBM v0.1.0
2020-06-21,obm_spent_value_ge155d_btc_daily,7024.50192486,BTC,daily,OBM v0.1.0
2020-06-22,obm_spent_value_ge155d_btc_daily,10126.69370037,BTC,daily,OBM v0.1.0
2020-06-23,obm_spent_value_ge155d_btc_daily,11966.14130289,BTC,daily,OBM v0.1.0
2020-06-24,obm_spent_value_ge155d_btc_daily,25581.33724245,BTC,daily,OBM v0.1.0
2020-06-25,obm_spent_value_ge155d_btc_daily,5069.26243200,BTC,daily,OBM v0.1.0
2020-06-26,obm_spent_value_ge155d_btc_daily,7014.07047239,BTC,daily,OBM v0.1.0
2020-06-27,obm_spent_value_ge155d_btc_daily,7096.72221173,BTC,daily,OBM v0.1.0
2020-06-28,obm_spent_value_ge155d_btc_daily,6578.77850922,BTC,daily,OBM v0.1.0
2020-06-29,obm_spent_value_ge155d_btc_daily,12591.25679798,BTC,daily,OBM v0.1.0
2020-06-30,obm_spent_value_ge155d_btc_daily,10474.93270389,BTC,daily,OBM v0.1.0
2020-07-01,obm_spent_value_ge155d_btc_daily,8284.58320562,BTC,daily,OBM v0.1.0
2020-07-02,obm_spent_value_ge155d_btc_daily,6412.62163586,BTC,daily,OBM v0.1.0
2020-07-03,obm_spent_value_ge155d_btc_daily,4701.40678753,BTC,daily,OBM v0.1.0
2020-07-04,obm_spent_value_ge155d_btc_daily,4558.04964815,BTC,daily,OBM v0.1.0
2020-07-05,obm_spent_value_ge155d_btc_daily,2281.10757109,BTC,daily,OBM v0.1.0
2020-07-06,obm_spent_value_ge155d_btc_daily,9059.44882676,BTC,daily,OBM v0.1.0
2020-07-07,obm_spent_value_ge155d_btc_daily,10529.80545531,BTC,daily,OBM v0.1.0
2020-07-08,obm_spent_value_ge155d_btc_daily,26092.70309541,BTC,daily,OBM v0.1.0
2020-07-09,obm_spent_value_ge155d_btc_daily,7395.24704572,BTC,daily,OBM v0.1.0
2020-07-10,obm_spent_value_ge155d_btc_daily,4539.36874839,BTC,daily,OBM v0.1.0
2020-07-11,obm_spent_value_ge155d_btc_daily,2807.27758831,BTC,daily,OBM v0.1.0
2020-07-12,obm_spent_value_ge155d_btc_daily,4560.19573371,BTC,daily,OBM v0.1.0
2020-07-13,obm_spent_value_ge155d_btc_daily,11042.24262211,BTC,daily,OBM v0.1.0
2020-07-14,obm_spent_value_ge155d_btc_daily,20049.71788678,BTC,daily,OBM v0.1.0
2020-07-15,obm_spent_value_ge155d_btc_daily,14109.18071056,BTC,daily,OBM v0.1.0
2020-07-16,obm_spent_value_ge155d_btc_daily,5284.95016206,BTC,daily,OBM v0.1.0
2020-07-17,obm_spent_value_ge155d_btc_daily,7267.92755823,BTC,daily,OBM v0.1.0
2020-07-18,obm_spent_value_ge155d_btc_daily,4654.42268782,BTC,daily,OBM v0.1.0
2020-07-19,obm_spent_value_ge155d_btc_daily,6499.82314438,BTC,daily,OBM v0.1.0
2020-07-20,obm_spent_value_ge155d_btc_daily,4209.73766384,BTC,daily,OBM v0.1.0
2020-07-21,obm_spent_value_ge155d_btc_daily,13859.34397349,BTC,daily,OBM v0.1.0
2020-07-22,obm_spent_value_ge155d_btc_daily,18384.68084051,BTC,daily,OBM v0.1.0
2020-07-23,obm_spent_value_ge155d_btc_daily,13026.91646623,BTC,daily,OBM v0.1.0
2020-07-24,obm_spent_value_ge155d_btc_daily,9044.74405842,BTC,daily,OBM v0.1.0
2020-07-25,obm_spent_value_ge155d_btc_daily,5954.39057177,BTC,daily,OBM v0.1.0
2020-07-26,obm_spent_value_ge155d_btc_daily,7563.66848540,BTC,daily,OBM v0.1.0
2020-07-27,obm_spent_value_ge155d_btc_daily,17673.11006409,BTC,daily,OBM v0.1.0
2020-07-28,obm_spent_value_ge155d_btc_daily,45168.62832104,BTC,daily,OBM v0.1.0
2020-07-29,obm_spent_value_ge155d_btc_daily,12479.94657084,BTC,daily,OBM v0.1.0
2020-07-30,obm_spent_value_ge155d_btc_daily,19628.20544617,BTC,daily,OBM v0.1.0
2020-07-31,obm_spent_value_ge155d_btc_daily,14961.11321819,BTC,daily,OBM v0.1.0
2020-08-01,obm_spent_value_ge155d_btc_daily,12333.98163443,BTC,daily,OBM v0.1.0
2020-08-02,obm_spent_value_ge155d_btc_daily,14964.24705530,BTC,daily,OBM v0.1.0
2020-08-03,obm_spent_value_ge155d_btc_daily,11943.85845422,BTC,daily,OBM v0.1.0
2020-08-04,obm_spent_value_ge155d_btc_daily,11023.49287522,BTC,daily,OBM v0.1.0
2020-08-05,obm_spent_value_ge155d_btc_daily,26648.16304442,BTC,daily,OBM v0.1.0
2020-08-06,obm_spent_value_ge155d_btc_daily,17626.62839904,BTC,daily,OBM v0.1.0
2020-08-07,obm_spent_value_ge155d_btc_daily,28265.37129256,BTC,daily,OBM v0.1.0
2020-08-08,obm_spent_value_ge155d_btc_daily,7218.54024689,BTC,daily,OBM v0.1.0
2020-08-09,obm_spent_value_ge155d_btc_daily,14097.84779204,BTC,daily,OBM v0.1.0
2020-08-10,obm_spent_value_ge155d_btc_daily,7752.85402978,BTC,daily,OBM v0.1.0
2020-08-11,obm_spent_value_ge155d_btc_daily,40454.12845178,BTC,daily,OBM v0.1.0
2020-08-12,obm_spent_value_ge155d_btc_daily,19287.64834430,BTC,daily,OBM v0.1.0
2020-08-13,obm_spent_value_ge155d_btc_daily,9946.66527749,BTC,daily,OBM v0.1.0
2020-08-14,obm_spent_value_ge155d_btc_daily,18338.95597081,BTC,daily,OBM v0.1.0
2020-08-15,obm_spent_value_ge155d_btc_daily,9583.67192504,BTC,daily,OBM v0.1.0
2020-08-16,obm_spent_value_ge155d_btc_daily,8778.55803634,BTC,daily,OBM v0.1.0
2020-08-17,obm_spent_value_ge155d_btc_daily,31587.63879763,BTC,daily,OBM v0.1.0
2020-08-18,obm_spent_value_ge155d_btc_daily,7076.87325069,BTC,daily,OBM v0.1.0
2020-08-19,obm_spent_value_ge155d_btc_daily,9648.95968716,BTC,daily,OBM v0.1.0
2020-08-20,obm_spent_value_ge155d_btc_daily,16231.28945033,BTC,daily,OBM v0.1.0
2020-08-21,obm_spent_value_ge155d_btc_daily,23159.91109446,BTC,daily,OBM v0.1.0
2020-08-22,obm_spent_value_ge155d_btc_daily,4515.79673482,BTC,daily,OBM v0.1.0
2020-08-23,obm_spent_value_ge155d_btc_daily,5564.02578040,BTC,daily,OBM v0.1.0
2020-08-24,obm_spent_value_ge155d_btc_daily,8559.96963776,BTC,daily,OBM v0.1.0
2020-08-25,obm_spent_value_ge155d_btc_daily,15340.30232317,BTC,daily,OBM v0.1.0
2020-08-26,obm_spent_value_ge155d_btc_daily,21548.19164838,BTC,daily,OBM v0.1.0
2020-08-27,obm_spent_value_ge155d_btc_daily,7803.90742092,BTC,daily,OBM v0.1.0
2020-08-28,obm_spent_value_ge155d_btc_daily,23421.58602032,BTC,daily,OBM v0.1.0
2020-08-29,obm_spent_value_ge155d_btc_daily,5596.52768227,BTC,daily,OBM v0.1.0
2020-08-30,obm_spent_value_ge155d_btc_daily,6229.97033246,BTC,daily,OBM v0.1.0
2020-08-31,obm_spent_value_ge155d_btc_daily,27653.61995519,BTC,daily,OBM v0.1.0
2020-09-01,obm_spent_value_ge155d_btc_daily,18226.88680401,BTC,daily,OBM v0.1.0
2020-09-02,obm_spent_value_ge155d_btc_daily,18417.66637338,BTC,daily,OBM v0.1.0
2020-09-03,obm_spent_value_ge155d_btc_daily,11844.53939934,BTC,daily,OBM v0.1.0
2020-09-04,obm_spent_value_ge155d_btc_daily,24068.04882388,BTC,daily,OBM v0.1.0
2020-09-05,obm_spent_value_ge155d_btc_daily,11007.27049456,BTC,daily,OBM v0.1.0
2020-09-06,obm_spent_value_ge155d_btc_daily,10058.04752012,BTC,daily,OBM v0.1.0
2020-09-07,obm_spent_value_ge155d_btc_daily,9703.84587981,BTC,daily,OBM v0.1.0
2020-09-08,obm_spent_value_ge155d_btc_daily,7886.66731318,BTC,daily,OBM v0.1.0
2020-09-09,obm_spent_value_ge155d_btc_daily,13684.53860705,BTC,daily,OBM v0.1.0
2020-09-10,obm_spent_value_ge155d_btc_daily,10847.59816052,BTC,daily,OBM v0.1.0
2020-09-11,obm_spent_value_ge155d_btc_daily,17726.44584714,BTC,daily,OBM v0.1.0
2020-09-12,obm_spent_value_ge155d_btc_daily,7311.14025914,BTC,daily,OBM v0.1.0
2020-09-13,obm_spent_value_ge155d_btc_daily,6512.11084273,BTC,daily,OBM v0.1.0
2020-09-14,obm_spent_value_ge155d_btc_daily,7524.78065389,BTC,daily,OBM v0.1.0
2020-09-15,obm_spent_value_ge155d_btc_daily,21013.84597779,BTC,daily,OBM v0.1.0
2020-09-16,obm_spent_value_ge155d_btc_daily,29943.20719871,BTC,daily,OBM v0.1.0
2020-09-17,obm_spent_value_ge155d_btc_daily,14971.38847157,BTC,daily,OBM v0.1.0
2020-09-18,obm_spent_value_ge155d_btc_daily,20730.88478236,BTC,daily,OBM v0.1.0
2020-09-19,obm_spent_value_ge155d_btc_daily,21089.59660851,BTC,daily,OBM v0.1.0
2020-09-20,obm_spent_value_ge155d_btc_daily,12531.04765443,BTC,daily,OBM v0.1.0
2020-09-21,obm_spent_value_ge155d_btc_daily,9236.06582684,BTC,daily,OBM v0.1.0
2020-09-22,obm_spent_value_ge155d_btc_daily,32861.89077895,BTC,daily,OBM v0.1.0
2020-09-23,obm_spent_value_ge155d_btc_daily,11191.54211551,BTC,daily,OBM v0.1.0
2020-09-24,obm_spent_value_ge155d_btc_daily,13703.41777918,BTC,daily,OBM v0.1.0
2020-09-25,obm_spent_value_ge155d_btc_daily,18363.31116258,BTC,daily,OBM v0.1.0
2020-09-26,obm_spent_value_ge155d_btc_daily,8300.67221610,BTC,daily,OBM v0.1.0
2020-09-27,obm_spent_value_ge155d_btc_daily,11001.93378988,BTC,daily,OBM v0.1.0
2020-09-28,obm_spent_value_ge155d_btc_daily,8494.15323224,BTC,daily,OBM v0.1.0
2020-09-29,obm_spent_value_ge155d_btc_daily,33952.73957047,BTC,daily,OBM v0.1.0
2020-09-30,obm_spent_value_ge155d_btc_daily,23444.47479249,BTC,daily,OBM v0.1.0
2020-10-01,obm_spent_value_ge155d_btc_daily,8509.23034219,BTC,daily,OBM v0.1.0
2020-10-02,obm_spent_value_ge155d_btc_daily,13263.68774987,BTC,daily,OBM v0.1.0
2020-10-03,obm_spent_value_ge155d_btc_daily,4855.12467867,BTC,daily,OBM v0.1.0
2020-10-04,obm_spent_value_ge155d_btc_daily,4379.06089227,BTC,daily,OBM v0.1.0
2020-10-05,obm_spent_value_ge155d_btc_daily,7172.30048665,BTC,daily,OBM v0.1.0
2020-10-06,obm_spent_value_ge155d_btc_daily,7848.07833245,BTC,daily,OBM v0.1.0
2020-10-07,obm_spent_value_ge155d_btc_daily,12020.81856359,BTC,daily,OBM v0.1.0
2020-10-08,obm_spent_value_ge155d_btc_daily,15973.58968852,BTC,daily,OBM v0.1.0
2020-10-09,obm_spent_value_ge155d_btc_daily,12019.67090085,BTC,daily,OBM v0.1.0
2020-10-10,obm_spent_value_ge155d_btc_daily,4640.65082810,BTC,daily,OBM v0.1.0
2020-10-11,obm_spent_value_ge155d_btc_daily,4934.91562358,BTC,daily,OBM v0.1.0
2020-10-12,obm_spent_value_ge155d_btc_daily,12285.24278921,BTC,daily,OBM v0.1.0
2020-10-13,obm_spent_value_ge155d_btc_daily,4467.78926537,BTC,daily,OBM v0.1.0
2020-10-14,obm_spent_value_ge155d_btc_daily,17582.34036502,BTC,daily,OBM v0.1.0
2020-10-15,obm_spent_value_ge155d_btc_daily,15365.15924136,BTC,daily,OBM v0.1.0
2020-10-16,obm_spent_value_ge155d_btc_daily,5358.02389493,BTC,daily,OBM v0.1.0
2020-10-17,obm_spent_value_ge155d_btc_daily,3433.15723185,BTC,daily,OBM v0.1.0
2020-10-18,obm_spent_value_ge155d_btc_daily,4267.23840628,BTC,daily,OBM v0.1.0
2020-10-19,obm_spent_value_ge155d_btc_daily,52958.92781760,BTC,daily,OBM v0.1.0
2020-10-20,obm_spent_value_ge155d_btc_daily,12799.22349355,BTC,daily,OBM v0.1.0
2020-10-21,obm_spent_value_ge155d_btc_daily,13189.30569178,BTC,daily,OBM v0.1.0
2020-10-22,obm_spent_value_ge155d_btc_daily,77252.10011394,BTC,daily,OBM v0.1.0
2020-10-23,obm_spent_value_ge155d_btc_daily,113852.69005352,BTC,daily,OBM v0.1.0
2020-10-24,obm_spent_value_ge155d_btc_daily,8745.42401204,BTC,daily,OBM v0.1.0
2020-10-25,obm_spent_value_ge155d_btc_daily,9737.13492068,BTC,daily,OBM v0.1.0
2020-10-26,obm_spent_value_ge155d_btc_daily,7227.20678799,BTC,daily,OBM v0.1.0
2020-10-27,obm_spent_value_ge155d_btc_daily,25368.66966871,BTC,daily,OBM v0.1.0
2020-10-28,obm_spent_value_ge155d_btc_daily,21150.11756877,BTC,daily,OBM v0.1.0
2020-10-29,obm_spent_value_ge155d_btc_daily,19203.34474717,BTC,daily,OBM v0.1.0
2020-10-30,obm_spent_value_ge155d_btc_daily,14536.96897098,BTC,daily,OBM v0.1.0
2020-10-31,obm_spent_value_ge155d_btc_daily,11584.33534791,BTC,daily,OBM v0.1.0
2020-11-01,obm_spent_value_ge155d_btc_daily,15366.01999072,BTC,daily,OBM v0.1.0
2020-11-02,obm_spent_value_ge155d_btc_daily,44886.20151263,BTC,daily,OBM v0.1.0
2020-11-03,obm_spent_value_ge155d_btc_daily,180512.44535944,BTC,daily,OBM v0.1.0
2020-11-04,obm_spent_value_ge155d_btc_daily,18012.22743494,BTC,daily,OBM v0.1.0
2020-11-05,obm_spent_value_ge155d_btc_daily,73380.60565161,BTC,daily,OBM v0.1.0
2020-11-06,obm_spent_value_ge155d_btc_daily,21578.46326734,BTC,daily,OBM v0.1.0
2020-11-07,obm_spent_value_ge155d_btc_daily,12175.29151771,BTC,daily,OBM v0.1.0
2020-11-08,obm_spent_value_ge155d_btc_daily,12594.87018023,BTC,daily,OBM v0.1.0
2020-11-09,obm_spent_value_ge155d_btc_daily,20840.75511448,BTC,daily,OBM v0.1.0
2020-11-10,obm_spent_value_ge155d_btc_daily,14730.91818714,BTC,daily,OBM v0.1.0
2020-11-11,obm_spent_value_ge155d_btc_daily,15295.04122917,BTC,daily,OBM v0.1.0
2020-11-12,obm_spent_value_ge155d_btc_daily,21548.15189878,BTC,daily,OBM v0.1.0
2020-11-13,obm_spent_value_ge155d_btc_daily,21622.65862708,BTC,daily,OBM v0.1.0
2020-11-14,obm_spent_value_ge155d_btc_daily,15014.14857688,BTC,daily,OBM v0.1.0
2020-11-15,obm_spent_value_ge155d_btc_daily,9709.25088290,BTC,daily,OBM v0.1.0
2020-11-16,obm_spent_value_ge155d_btc_daily,15291.14942728,BTC,daily,OBM v0.1.0
2020-11-17,obm_spent_value_ge155d_btc_daily,28383.80374052,BTC,daily,OBM v0.1.0
2020-11-18,obm_spent_value_ge155d_btc_daily,34392.44579053,BTC,daily,OBM v0.1.0
2020-11-19,obm_spent_value_ge155d_btc_daily,18292.73832409,BTC,daily,OBM v0.1.0
2020-11-20,obm_spent_value_ge155d_btc_daily,67396.27360777,BTC,daily,OBM v0.1.0
2020-11-21,obm_spent_value_ge155d_btc_daily,36575.89070161,BTC,daily,OBM v0.1.0
2020-11-22,obm_spent_value_ge155d_btc_daily,13858.91124743,BTC,daily,OBM v0.1.0
2020-11-23,obm_spent_value_ge155d_btc_daily,12492.51048593,BTC,daily,OBM v0.1.0
2020-11-24,obm_spent_value_ge155d_btc_daily,42016.13227262,BTC,daily,OBM v0.1.0
2020-11-25,obm_spent_value_ge155d_btc_daily,14965.95439672,BTC,daily,OBM v0.1.0
2020-11-26,obm_spent_value_ge155d_btc_daily,50665.17709488,BTC,daily,OBM v0.1.0
2020-11-27,obm_spent_value_ge155d_btc_daily,23523.12083613,BTC,daily,OBM v0.1.0
2020-11-28,obm_spent_value_ge155d_btc_daily,6478.03994038,BTC,daily,OBM v0.1.0
2020-11-29,obm_spent_value_ge155d_btc_daily,10645.56331592,BTC,daily,OBM v0.1.0
2020-11-30,obm_spent_value_ge155d_btc_daily,29019.52206594,BTC,daily,OBM v0.1.0
2020-12-01,obm_spent_value_ge155d_btc_daily,25986.39307884,BTC,daily,OBM v0.1.0
2020-12-02,obm_spent_value_ge155d_btc_daily,25897.38709852,BTC,daily,OBM v0.1.0
2020-12-03,obm_spent_value_ge155d_btc_daily,33850.68824059,BTC,daily,OBM v0.1.0
2020-12-04,obm_spent_value_ge155d_btc_daily,20278.85481638,BTC,daily,OBM v0.1.0
2020-12-05,obm_spent_value_ge155d_btc_daily,7373.48804206,BTC,daily,OBM v0.1.0
2020-12-06,obm_spent_value_ge155d_btc_daily,9059.53396852,BTC,daily,OBM v0.1.0
2020-12-07,obm_spent_value_ge155d_btc_daily,20677.13370462,BTC,daily,OBM v0.1.0
2020-12-08,obm_spent_value_ge155d_btc_daily,20885.03881408,BTC,daily,OBM v0.1.0
2020-12-09,obm_spent_value_ge155d_btc_daily,17365.32335967,BTC,daily,OBM v0.1.0
2020-12-10,obm_spent_value_ge155d_btc_daily,46686.29851040,BTC,daily,OBM v0.1.0
2020-12-11,obm_spent_value_ge155d_btc_daily,33811.60406288,BTC,daily,OBM v0.1.0
2020-12-12,obm_spent_value_ge155d_btc_daily,25896.09768834,BTC,daily,OBM v0.1.0
2020-12-13,obm_spent_value_ge155d_btc_daily,78911.09408947,BTC,daily,OBM v0.1.0
2020-12-14,obm_spent_value_ge155d_btc_daily,17436.82953974,BTC,daily,OBM v0.1.0
2020-12-15,obm_spent_value_ge155d_btc_daily,20616.02207308,BTC,daily,OBM v0.1.0
2020-12-16,obm_spent_value_ge155d_btc_daily,52539.29784514,BTC,daily,OBM v0.1.0
2020-12-17,obm_spent_value_ge155d_btc_daily,49219.44459537,BTC,daily,OBM v0.1.0
2020-12-18,obm_spent_value_ge155d_btc_daily,37602.18140087,BTC,daily,OBM v0.1.0
2020-12-19,obm_spent_value_ge155d_btc_daily,21455.53197195,BTC,daily,OBM v0.1.0
2020-12-20,obm_spent_value_ge155d_btc_daily,41281.39257209,BTC,daily,OBM v0.1.0
2020-12-21,obm_spent_value_ge155d_btc_daily,26364.90030756,BTC,daily,OBM v0.1.0
2020-12-22,obm_spent_value_ge155d_btc_daily,79137.02264441,BTC,daily,OBM v0.1.0
2020-12-23,obm_spent_value_ge155d_btc_daily,71483.02655442,BTC,daily,OBM v0.1.0
2020-12-24,obm_spent_value_ge155d_btc_daily,32707.76691514,BTC,daily,OBM v0.1.0
2020-12-25,obm_spent_value_ge155d_btc_daily,8557.27417354,BTC,daily,OBM v0.1.0
2020-12-26,obm_spent_value_ge155d_btc_daily,15967.54193065,BTC,daily,OBM v0.1.0
2020-12-27,obm_spent_value_ge155d_btc_daily,29563.35461309,BTC,daily,OBM v0.1.0
2020-12-28,obm_spent_value_ge155d_btc_daily,156948.11460754,BTC,daily,OBM v0.1.0
2020-12-29,obm_spent_value_ge155d_btc_daily,28656.69425137,BTC,daily,OBM v0.1.0
2020-12-30,obm_spent_value_ge155d_btc_daily,18874.22354652,BTC,daily,OBM v0.1.0
2020-12-31,obm_spent_value_ge155d_btc_daily,24961.79004134,BTC,daily,OBM v0.1.0
2021-01-01,obm_spent_value_ge155d_btc_daily,28095.01907716,BTC,daily,OBM v0.1.0
2021-01-02,obm_spent_value_ge155d_btc_daily,77356.30294684,BTC,daily,OBM v0.1.0
2021-01-03,obm_spent_value_ge155d_btc_daily,41913.62634496,BTC,daily,OBM v0.1.0
2021-01-04,obm_spent_value_ge155d_btc_daily,44925.16756221,BTC,daily,OBM v0.1.0
2021-01-05,obm_spent_value_ge155d_btc_daily,30261.57078289,BTC,daily,OBM v0.1.0
2021-01-06,obm_spent_value_ge155d_btc_daily,23503.46560910,BTC,daily,OBM v0.1.0
2021-01-07,obm_spent_value_ge155d_btc_daily,48488.64935842,BTC,daily,OBM v0.1.0
2021-01-08,obm_spent_value_ge155d_btc_daily,46072.03795313,BTC,daily,OBM v0.1.0
2021-01-09,obm_spent_value_ge155d_btc_daily,36870.03936286,BTC,daily,OBM v0.1.0
2021-01-10,obm_spent_value_ge155d_btc_daily,23518.40989516,BTC,daily,OBM v0.1.0
2021-01-11,obm_spent_value_ge155d_btc_daily,35176.67065899,BTC,daily,OBM v0.1.0
2021-01-12,obm_spent_value_ge155d_btc_daily,18385.46324371,BTC,daily,OBM v0.1.0
2021-01-13,obm_spent_value_ge155d_btc_daily,13158.88598702,BTC,daily,OBM v0.1.0
2021-01-14,obm_spent_value_ge155d_btc_daily,20553.56736890,BTC,daily,OBM v0.1.0
2021-01-15,obm_spent_value_ge155d_btc_daily,31245.86958523,BTC,daily,OBM v0.1.0
2021-01-16,obm_spent_value_ge155d_btc_daily,15575.01424201,BTC,daily,OBM v0.1.0
2021-01-17,obm_spent_value_ge155d_btc_daily,13859.33584559,BTC,daily,OBM v0.1.0
2021-01-18,obm_spent_value_ge155d_btc_daily,21362.48046681,BTC,daily,OBM v0.1.0
2021-01-19,obm_spent_value_ge155d_btc_daily,13344.10702219,BTC,daily,OBM v0.1.0
2021-01-20,obm_spent_value_ge155d_btc_daily,10161.38327701,BTC,daily,OBM v0.1.0
2021-01-21,obm_spent_value_ge155d_btc_daily,15591.30931363,BTC,daily,OBM v0.1.0
2021-01-22,obm_spent_value_ge155d_btc_daily,11910.12246027,BTC,daily,OBM v0.1.0
2021-01-23,obm_spent_value_ge155d_btc_daily,6944.67071647,BTC,daily,OBM v0.1.0
2021-01-24,obm_spent_value_ge155d_btc_daily,6538.68220026,BTC,daily,OBM v0.1.0
2021-01-25,obm_spent_value_ge155d_btc_daily,8373.52090572,BTC,daily,OBM v0.1.0
2021-01-26,obm_spent_value_ge155d_btc_daily,7366.42800610,BTC,daily,OBM v0.1.0
2021-01-27,obm_spent_value_ge155d_btc_daily,55941.21804871,BTC,daily,OBM v0.1.0
2021-01-28,obm_spent_value_ge155d_btc_daily,17660.01136063,BTC,daily,OBM v0.1.0
2021-01-29,obm_spent_value_ge155d_btc_daily,26282.77553386,BTC,daily,OBM v0.1.0
2021-01-30,obm_spent_value_ge155d_btc_daily,13116.18123207,BTC,daily,OBM v0.1.0
2021-01-31,obm_spent_value_ge155d_btc_daily,23542.88150580,BTC,daily,OBM v0.1.0
2021-02-01,obm_spent_value_ge155d_btc_daily,7230.00692492,BTC,daily,OBM v0.1.0
2021-02-02,obm_spent_value_ge155d_btc_daily,10235.01273968,BTC,daily,OBM v0.1.0
2021-02-03,obm_spent_value_ge155d_btc_daily,11700.16271366,BTC,daily,OBM v0.1.0
2021-02-04,obm_spent_value_ge155d_btc_daily,18621.45166891,BTC,daily,OBM v0.1.0
2021-02-05,obm_spent_value_ge155d_btc_daily,20702.82673760,BTC,daily,OBM v0.1.0
2021-02-06,obm_spent_value_ge155d_btc_daily,10581.47455348,BTC,daily,OBM v0.1.0
2021-02-07,obm_spent_value_ge155d_btc_daily,14501.93721320,BTC,daily,OBM v0.1.0
2021-02-08,obm_spent_value_ge155d_btc_daily,20339.91947198,BTC,daily,OBM v0.1.0
2021-02-09,obm_spent_value_ge155d_btc_daily,24903.98718417,BTC,daily,OBM v0.1.0
2021-02-10,obm_spent_value_ge155d_btc_daily,23117.93147734,BTC,daily,OBM v0.1.0
2021-02-11,obm_spent_value_ge155d_btc_daily,14549.45328761,BTC,daily,OBM v0.1.0
2021-02-12,obm_spent_value_ge155d_btc_daily,15372.53130128,BTC,daily,OBM v0.1.0
2021-02-13,obm_spent_value_ge155d_btc_daily,6700.31687505,BTC,daily,OBM v0.1.0
2021-02-14,obm_spent_value_ge155d_btc_daily,9878.81393744,BTC,daily,OBM v0.1.0
2021-02-15,obm_spent_value_ge155d_btc_daily,9076.14879397,BTC,daily,OBM v0.1.0
2021-02-16,obm_spent_value_ge155d_btc_daily,15116.94939026,BTC,daily,OBM v0.1.0
2021-02-17,obm_spent_value_ge155d_btc_daily,18293.92772500,BTC,daily,OBM v0.1.0
2021-02-18,obm_spent_value_ge155d_btc_daily,23885.12012727,BTC,daily,OBM v0.1.0
2021-02-19,obm_spent_value_ge155d_btc_daily,29428.57088012,BTC,daily,OBM v0.1.0
2021-02-20,obm_spent_value_ge155d_btc_daily,24350.18052307,BTC,daily,OBM v0.1.0
2021-02-21,obm_spent_value_ge155d_btc_daily,15839.98908907,BTC,daily,OBM v0.1.0
2021-02-22,obm_spent_value_ge155d_btc_daily,23234.37539354,BTC,daily,OBM v0.1.0
2021-02-23,obm_spent_value_ge155d_btc_daily,37140.12974040,BTC,daily,OBM v0.1.0
2021-02-24,obm_spent_value_ge155d_btc_daily,30521.73557262,BTC,daily,OBM v0.1.0
2021-02-25,obm_spent_value_ge155d_btc_daily,22552.54267039,BTC,daily,OBM v0.1.0
2021-02-26,obm_spent_value_ge155d_btc_daily,19697.69149206,BTC,daily,OBM v0.1.0
2021-02-27,obm_spent_value_ge155d_btc_daily,11330.74264881,BTC,daily,OBM v0.1.0
2021-02-28,obm_spent_value_ge155d_btc_daily,8207.24903822,BTC,daily,OBM v0.1.0
2021-03-01,obm_spent_value_ge155d_btc_daily,7491.80932188,BTC,daily,OBM v0.1.0
2021-03-02,obm_spent_value_ge155d_btc_daily,24952.48073985,BTC,daily,OBM v0.1.0
2021-03-03,obm_spent_value_ge155d_btc_daily,7915.84476318,BTC,daily,OBM v0.1.0
2021-03-04,obm_spent_value_ge155d_btc_daily,10123.31217577,BTC,daily,OBM v0.1.0
2021-03-05,obm_spent_value_ge155d_btc_daily,18702.66110728,BTC,daily,OBM v0.1.0
2021-03-06,obm_spent_value_ge155d_btc_daily,8596.87421167,BTC,daily,OBM v0.1.0
2021-03-07,obm_spent_value_ge155d_btc_daily,5734.79046734,BTC,daily,OBM v0.1.0
2021-03-08,obm_spent_value_ge155d_btc_daily,23006.37233583,BTC,daily,OBM v0.1.0
2021-03-09,obm_spent_value_ge155d_btc_daily,11583.78034927,BTC,daily,OBM v0.1.0
2021-03-10,obm_spent_value_ge155d_btc_daily,11016.14332987,BTC,daily,OBM v0.1.0
2021-03-11,obm_spent_value_ge155d_btc_daily,21212.90592447,BTC,daily,OBM v0.1.0
2021-03-12,obm_spent_value_ge155d_btc_daily,14760.20031327,BTC,daily,OBM v0.1.0
2021-03-13,obm_spent_value_ge155d_btc_daily,8581.85319663,BTC,daily,OBM v0.1.0
2021-03-14,obm_spent_value_ge155d_btc_daily,19975.21711536,BTC,daily,OBM v0.1.0
2021-03-15,obm_spent_value_ge155d_btc_daily,10175.62050523,BTC,daily,OBM v0.1.0
2021-03-16,obm_spent_value_ge155d_btc_daily,9598.52880360,BTC,daily,OBM v0.1.0
2021-03-17,obm_spent_value_ge155d_btc_daily,15871.12951371,BTC,daily,OBM v0.1.0
2021-03-18,obm_spent_value_ge155d_btc_daily,6985.52013359,BTC,daily,OBM v0.1.0
2021-03-19,obm_spent_value_ge155d_btc_daily,6478.38371474,BTC,daily,OBM v0.1.0
2021-03-20,obm_spent_value_ge155d_btc_daily,12276.59325095,BTC,daily,OBM v0.1.0
2021-03-21,obm_spent_value_ge155d_btc_daily,6577.13414321,BTC,daily,OBM v0.1.0
2021-03-22,obm_spent_value_ge155d_btc_daily,18866.03879748,BTC,daily,OBM v0.1.0
2021-03-23,obm_spent_value_ge155d_btc_daily,19887.49373831,BTC,daily,OBM v0.1.0
2021-03-24,obm_spent_value_ge155d_btc_daily,11148.32568160,BTC,daily,OBM v0.1.0
2021-03-25,obm_spent_value_ge155d_btc_daily,25570.23886611,BTC,daily,OBM v0.1.0
2021-03-26,obm_spent_value_ge155d_btc_daily,13461.75013566,BTC,daily,OBM v0.1.0
2021-03-27,obm_spent_value_ge155d_btc_daily,15994.54329083,BTC,daily,OBM v0.1.0
2021-03-28,obm_spent_value_ge155d_btc_daily,8693.80676946,BTC,daily,OBM v0.1.0
2021-03-29,obm_spent_value_ge155d_btc_daily,6698.84314120,BTC,daily,OBM v0.1.0
2021-03-30,obm_spent_value_ge155d_btc_daily,8668.25078291,BTC,daily,OBM v0.1.0
2021-03-31,obm_spent_value_ge155d_btc_daily,14649.61271348,BTC,daily,OBM v0.1.0
2021-04-01,obm_spent_value_ge155d_btc_daily,31232.10538692,BTC,daily,OBM v0.1.0
2021-04-02,obm_spent_value_ge155d_btc_daily,14591.66805064,BTC,daily,OBM v0.1.0
2021-04-03,obm_spent_value_ge155d_btc_daily,4595.33343278,BTC,daily,OBM v0.1.0
2021-04-04,obm_spent_value_ge155d_btc_daily,6828.27275431,BTC,daily,OBM v0.1.0
2021-04-05,obm_spent_value_ge155d_btc_daily,9914.80970421,BTC,daily,OBM v0.1.0
2021-04-06,obm_spent_value_ge155d_btc_daily,86558.24706297,BTC,daily,OBM v0.1.0
2021-04-07,obm_spent_value_ge155d_btc_daily,9207.06554757,BTC,daily,OBM v0.1.0
2021-04-08,obm_spent_value_ge155d_btc_daily,6837.19053501,BTC,daily,OBM v0.1.0
2021-04-09,obm_spent_value_ge155d_btc_daily,8640.38504050,BTC,daily,OBM v0.1.0
2021-04-10,obm_spent_value_ge155d_btc_daily,8804.01625033,BTC,daily,OBM v0.1.0
2021-04-11,obm_spent_value_ge155d_btc_daily,18977.04768846,BTC,daily,OBM v0.1.0
2021-04-12,obm_spent_value_ge155d_btc_daily,20100.16714645,BTC,daily,OBM v0.1.0
2021-04-13,obm_spent_value_ge155d_btc_daily,13900.22216505,BTC,daily,OBM v0.1.0
2021-04-14,obm_spent_value_ge155d_btc_daily,25473.65363743,BTC,daily,OBM v0.1.0
2021-04-15,obm_spent_value_ge155d_btc_daily,22816.66811843,BTC,daily,OBM v0.1.0
2021-04-16,obm_spent_value_ge155d_btc_daily,8875.66588812,BTC,daily,OBM v0.1.0
2021-04-17,obm_spent_value_ge155d_btc_daily,12293.60071931,BTC,daily,OBM v0.1.0
2021-04-18,obm_spent_value_ge155d_btc_daily,98438.27178819,BTC,daily,OBM v0.1.0
2021-04-19,obm_spent_value_ge155d_btc_daily,5680.09506540,BTC,daily,OBM v0.1.0
2021-04-20,obm_spent_value_ge155d_btc_daily,13942.74790015,BTC,daily,OBM v0.1.0
2021-04-21,obm_spent_value_ge155d_btc_daily,9737.95495748,BTC,daily,OBM v0.1.0
2021-04-22,obm_spent_value_ge155d_btc_daily,9139.65720523,BTC,daily,OBM v0.1.0
2021-04-23,obm_spent_value_ge155d_btc_daily,19478.51245160,BTC,daily,OBM v0.1.0
2021-04-24,obm_spent_value_ge155d_btc_daily,19433.42403948,BTC,daily,OBM v0.1.0
2021-04-25,obm_spent_value_ge155d_btc_daily,11861.83009224,BTC,daily,OBM v0.1.0
2021-04-26,obm_spent_value_ge155d_btc_daily,13463.80657105,BTC,daily,OBM v0.1.0
2021-04-27,obm_spent_value_ge155d_btc_daily,26486.05330770,BTC,daily,OBM v0.1.0
2021-04-28,obm_spent_value_ge155d_btc_daily,10903.00375946,BTC,daily,OBM v0.1.0
2021-04-29,obm_spent_value_ge155d_btc_daily,24626.93928626,BTC,daily,OBM v0.1.0
2021-04-30,obm_spent_value_ge155d_btc_daily,22731.01872333,BTC,daily,OBM v0.1.0
2021-05-01,obm_spent_value_ge155d_btc_daily,6546.90455015,BTC,daily,OBM v0.1.0
2021-05-02,obm_spent_value_ge155d_btc_daily,9225.59532801,BTC,daily,OBM v0.1.0
2021-05-03,obm_spent_value_ge155d_btc_daily,12416.89758640,BTC,daily,OBM v0.1.0
2021-05-04,obm_spent_value_ge155d_btc_daily,17849.29352634,BTC,daily,OBM v0.1.0
2021-05-05,obm_spent_value_ge155d_btc_daily,13637.50851838,BTC,daily,OBM v0.1.0
2021-05-06,obm_spent_value_ge155d_btc_daily,16174.71574547,BTC,daily,OBM v0.1.0
2021-05-07,obm_spent_value_ge155d_btc_daily,21697.74332917,BTC,daily,OBM v0.1.0
2021-05-08,obm_spent_value_ge155d_btc_daily,5241.83665653,BTC,daily,OBM v0.1.0
2021-05-09,obm_spent_value_ge155d_btc_daily,10573.04561031,BTC,daily,OBM v0.1.0
2021-05-10,obm_spent_value_ge155d_btc_daily,12796.74764368,BTC,daily,OBM v0.1.0
2021-05-11,obm_spent_value_ge155d_btc_daily,8760.94843839,BTC,daily,OBM v0.1.0
2021-05-12,obm_spent_value_ge155d_btc_daily,23413.11797198,BTC,daily,OBM v0.1.0
2021-05-13,obm_spent_value_ge155d_btc_daily,22841.43828086,BTC,daily,OBM v0.1.0
2021-05-14,obm_spent_value_ge155d_btc_daily,10482.57922287,BTC,daily,OBM v0.1.0
2021-05-15,obm_spent_value_ge155d_btc_daily,9094.62398915,BTC,daily,OBM v0.1.0
2021-05-16,obm_spent_value_ge155d_btc_daily,8342.02697587,BTC,daily,OBM v0.1.0
2021-05-17,obm_spent_value_ge155d_btc_daily,10659.51091361,BTC,daily,OBM v0.1.0
2021-05-18,obm_spent_value_ge155d_btc_daily,12137.75021693,BTC,daily,OBM v0.1.0
2021-05-19,obm_spent_value_ge155d_btc_daily,39832.11994396,BTC,daily,OBM v0.1.0
2021-05-20,obm_spent_value_ge155d_btc_daily,19140.08730199,BTC,daily,OBM v0.1.0
2021-05-21,obm_spent_value_ge155d_btc_daily,16877.45048891,BTC,daily,OBM v0.1.0
2021-05-22,obm_spent_value_ge155d_btc_daily,6632.67451916,BTC,daily,OBM v0.1.0
2021-05-23,obm_spent_value_ge155d_btc_daily,20771.41763790,BTC,daily,OBM v0.1.0
2021-05-24,obm_spent_value_ge155d_btc_daily,30081.18405691,BTC,daily,OBM v0.1.0
2021-05-25,obm_spent_value_ge155d_btc_daily,8618.01173846,BTC,daily,OBM v0.1.0
2021-05-26,obm_spent_value_ge155d_btc_daily,16443.04664916,BTC,daily,OBM v0.1.0
2021-05-27,obm_spent_value_ge155d_btc_daily,3277.64242621,BTC,daily,OBM v0.1.0
2021-05-28,obm_spent_value_ge155d_btc_daily,7482.87280357,BTC,daily,OBM v0.1.0
2021-05-29,obm_spent_value_ge155d_btc_daily,3831.88637568,BTC,daily,OBM v0.1.0
2021-05-30,obm_spent_value_ge155d_btc_daily,15872.80910143,BTC,daily,OBM v0.1.0
2021-05-31,obm_spent_value_ge155d_btc_daily,3473.63684523,BTC,daily,OBM v0.1.0
2021-06-01,obm_spent_value_ge155d_btc_daily,30144.71836080,BTC,daily,OBM v0.1.0
2021-06-02,obm_spent_value_ge155d_btc_daily,7895.10927642,BTC,daily,OBM v0.1.0
2021-06-03,obm_spent_value_ge155d_btc_daily,18458.01416067,BTC,daily,OBM v0.1.0
2021-06-04,obm_spent_value_ge155d_btc_daily,3715.96810143,BTC,daily,OBM v0.1.0
2021-06-05,obm_spent_value_ge155d_btc_daily,3569.39171462,BTC,daily,OBM v0.1.0
2021-06-06,obm_spent_value_ge155d_btc_daily,3756.30136404,BTC,daily,OBM v0.1.0
2021-06-07,obm_spent_value_ge155d_btc_daily,8864.32117244,BTC,daily,OBM v0.1.0
2021-06-08,obm_spent_value_ge155d_btc_daily,9852.50332289,BTC,daily,OBM v0.1.0
2021-06-09,obm_spent_value_ge155d_btc_daily,15051.98222086,BTC,daily,OBM v0.1.0
2021-06-10,obm_spent_value_ge155d_btc_daily,16019.76532230,BTC,daily,OBM v0.1.0
2021-06-11,obm_spent_value_ge155d_btc_daily,16563.49741667,BTC,daily,OBM v0.1.0
2021-06-12,obm_spent_value_ge155d_btc_daily,2285.95051800,BTC,daily,OBM v0.1.0
2021-06-13,obm_spent_value_ge155d_btc_daily,5181.40557527,BTC,daily,OBM v0.1.0
2021-06-14,obm_spent_value_ge155d_btc_daily,11817.98151705,BTC,daily,OBM v0.1.0
2021-06-15,obm_spent_value_ge155d_btc_daily,16715.10318106,BTC,daily,OBM v0.1.0
2021-06-16,obm_spent_value_ge155d_btc_daily,5867.16969308,BTC,daily,OBM v0.1.0
2021-06-17,obm_spent_value_ge155d_btc_daily,4916.08502803,BTC,daily,OBM v0.1.0
2021-06-18,obm_spent_value_ge155d_btc_daily,6361.32013803,BTC,daily,OBM v0.1.0
2021-06-19,obm_spent_value_ge155d_btc_daily,2268.66243273,BTC,daily,OBM v0.1.0
2021-06-20,obm_spent_value_ge155d_btc_daily,4011.15008035,BTC,daily,OBM v0.1.0
2021-06-21,obm_spent_value_ge155d_btc_daily,10390.21545195,BTC,daily,OBM v0.1.0
2021-06-22,obm_spent_value_ge155d_btc_daily,10670.73824921,BTC,daily,OBM v0.1.0
2021-06-23,obm_spent_value_ge155d_btc_daily,15108.36270147,BTC,daily,OBM v0.1.0
2021-06-24,obm_spent_value_ge155d_btc_daily,19176.81434021,BTC,daily,OBM v0.1.0
2021-06-25,obm_spent_value_ge155d_btc_daily,10221.94695394,BTC,daily,OBM v0.1.0
2021-06-26,obm_spent_value_ge155d_btc_daily,3038.69478231,BTC,daily,OBM v0.1.0
2021-06-27,obm_spent_value_ge155d_btc_daily,5763.14946479,BTC,daily,OBM v0.1.0
2021-06-28,obm_spent_value_ge155d_btc_daily,6304.39898472,BTC,daily,OBM v0.1.0
2021-06-29,obm_spent_value_ge155d_btc_daily,5577.86034010,BTC,daily,OBM v0.1.0
2021-06-30,obm_spent_value_ge155d_btc_daily,6803.60721032,BTC,daily,OBM v0.1.0
2021-07-01,obm_spent_value_ge155d_btc_daily,6763.68776655,BTC,daily,OBM v0.1.0
2021-07-02,obm_spent_value_ge155d_btc_daily,15603.31349797,BTC,daily,OBM v0.1.0
2021-07-03,obm_spent_value_ge155d_btc_daily,3004.21944448,BTC,daily,OBM v0.1.0
2021-07-04,obm_spent_value_ge155d_btc_daily,4257.84625351,BTC,daily,OBM v0.1.0
2021-07-05,obm_spent_value_ge155d_btc_daily,4611.87265345,BTC,daily,OBM v0.1.0
2021-07-06,obm_spent_value_ge155d_btc_daily,4790.58583829,BTC,daily,OBM v0.1.0
2021-07-07,obm_spent_value_ge155d_btc_daily,8131.93608530,BTC,daily,OBM v0.1.0
2021-07-08,obm_spent_value_ge155d_btc_daily,3712.59064863,BTC,daily,OBM v0.1.0
2021-07-09,obm_spent_value_ge155d_btc_daily,6593.16018236,BTC,daily,OBM v0.1.0
2021-07-10,obm_spent_value_ge155d_btc_daily,2228.93006888,BTC,daily,OBM v0.1.0
2021-07-11,obm_spent_value_ge155d_btc_daily,2636.14299687,BTC,daily,OBM v0.1.0
2021-07-12,obm_spent_value_ge155d_btc_daily,20555.47949063,BTC,daily,OBM v0.1.0
2021-07-13,obm_spent_value_ge155d_btc_daily,5841.52108402,BTC,daily,OBM v0.1.0
2021-07-14,obm_spent_value_ge155d_btc_daily,5493.03213977,BTC,daily,OBM v0.1.0
2021-07-15,obm_spent_value_ge155d_btc_daily,5481.76742708,BTC,daily,OBM v0.1.0
2021-07-16,obm_spent_value_ge155d_btc_daily,11293.11185742,BTC,daily,OBM v0.1.0
2021-07-17,obm_spent_value_ge155d_btc_daily,53601.48939696,BTC,daily,OBM v0.1.0
2021-07-18,obm_spent_value_ge155d_btc_daily,3146.54157156,BTC,daily,OBM v0.1.0
2021-07-19,obm_spent_value_ge155d_btc_daily,7372.45027576,BTC,daily,OBM v0.1.0
2021-07-20,obm_spent_value_ge155d_btc_daily,15605.31459066,BTC,daily,OBM v0.1.0
2021-07-21,obm_spent_value_ge155d_btc_daily,11233.89240163,BTC,daily,OBM v0.1.0
2021-07-22,obm_spent_value_ge155d_btc_daily,15584.61731557,BTC,daily,OBM v0.1.0
2021-07-23,obm_spent_value_ge155d_btc_daily,2768.55444478,BTC,daily,OBM v0.1.0
2021-07-24,obm_spent_value_ge155d_btc_daily,2459.61443306,BTC,daily,OBM v0.1.0
2021-07-25,obm_spent_value_ge155d_btc_daily,2179.65115192,BTC,daily,OBM v0.1.0
2021-07-26,obm_spent_value_ge155d_btc_daily,62434.68804882,BTC,daily,OBM v0.1.0
2021-07-27,obm_spent_value_ge155d_btc_daily,60392.81889805,BTC,daily,OBM v0.1.0
2021-07-28,obm_spent_value_ge155d_btc_daily,40929.25000300,BTC,daily,OBM v0.1.0
2021-07-29,obm_spent_value_ge155d_btc_daily,123746.01499239,BTC,daily,OBM v0.1.0
2021-07-30,obm_spent_value_ge155d_btc_daily,10350.72065149,BTC,daily,OBM v0.1.0
2021-07-31,obm_spent_value_ge155d_btc_daily,7348.28369175,BTC,daily,OBM v0.1.0
2021-08-01,obm_spent_value_ge155d_btc_daily,3586.13605700,BTC,daily,OBM v0.1.0
2021-08-02,obm_spent_value_ge155d_btc_daily,4118.29221710,BTC,daily,OBM v0.1.0
2021-08-03,obm_spent_value_ge155d_btc_daily,4949.43005668,BTC,daily,OBM v0.1.0
2021-08-04,obm_spent_value_ge155d_btc_daily,4416.51748240,BTC,daily,OBM v0.1.0
2021-08-05,obm_spent_value_ge155d_btc_daily,6929.06200744,BTC,daily,OBM v0.1.0
2021-08-06,obm_spent_value_ge155d_btc_daily,10912.72671712,BTC,daily,OBM v0.1.0
2021-08-07,obm_spent_value_ge155d_btc_daily,5007.09101181,BTC,daily,OBM v0.1.0
2021-08-08,obm_spent_value_ge155d_btc_daily,10144.96276537,BTC,daily,OBM v0.1.0
2021-08-09,obm_spent_value_ge155d_btc_daily,6257.03164484,BTC,daily,OBM v0.1.0
2021-08-10,obm_spent_value_ge155d_btc_daily,4409.25217087,BTC,daily,OBM v0.1.0
2021-08-11,obm_spent_value_ge155d_btc_daily,8333.64761417,BTC,daily,OBM v0.1.0
2021-08-12,obm_spent_value_ge155d_btc_daily,4244.60653205,BTC,daily,OBM v0.1.0
2021-08-13,obm_spent_value_ge155d_btc_daily,5408.53072552,BTC,daily,OBM v0.1.0
2021-08-14,obm_spent_value_ge155d_btc_daily,19110.31340200,BTC,daily,OBM v0.1.0
2021-08-15,obm_spent_value_ge155d_btc_daily,2827.59824480,BTC,daily,OBM v0.1.0
2021-08-16,obm_spent_value_ge155d_btc_daily,4937.57907073,BTC,daily,OBM v0.1.0
2021-08-17,obm_spent_value_ge155d_btc_daily,7419.79451844,BTC,daily,OBM v0.1.0
2021-08-18,obm_spent_value_ge155d_btc_daily,11340.14052835,BTC,daily,OBM v0.1.0
2021-08-19,obm_spent_value_ge155d_btc_daily,5241.54347844,BTC,daily,OBM v0.1.0
2021-08-20,obm_spent_value_ge155d_btc_daily,7283.99543717,BTC,daily,OBM v0.1.0
2021-08-21,obm_spent_value_ge155d_btc_daily,5594.59537629,BTC,daily,OBM v0.1.0
2021-08-22,obm_spent_value_ge155d_btc_daily,7523.46350030,BTC,daily,OBM v0.1.0
2021-08-23,obm_spent_value_ge155d_btc_daily,23264.65787638,BTC,daily,OBM v0.1.0
2021-08-24,obm_spent_value_ge155d_btc_daily,5533.68049231,BTC,daily,OBM v0.1.0
2021-08-25,obm_spent_value_ge155d_btc_daily,35379.87189278,BTC,daily,OBM v0.1.0
2021-08-26,obm_spent_value_ge155d_btc_daily,23343.26742372,BTC,daily,OBM v0.1.0
2021-08-27,obm_spent_value_ge155d_btc_daily,7149.63629592,BTC,daily,OBM v0.1.0
2021-08-28,obm_spent_value_ge155d_btc_daily,6118.79730989,BTC,daily,OBM v0.1.0
2021-08-29,obm_spent_value_ge155d_btc_daily,3970.04840584,BTC,daily,OBM v0.1.0
2021-08-30,obm_spent_value_ge155d_btc_daily,10797.38246322,BTC,daily,OBM v0.1.0
2021-08-31,obm_spent_value_ge155d_btc_daily,13019.96023926,BTC,daily,OBM v0.1.0
2021-09-01,obm_spent_value_ge155d_btc_daily,14448.91862846,BTC,daily,OBM v0.1.0
2021-09-02,obm_spent_value_ge155d_btc_daily,8341.61775247,BTC,daily,OBM v0.1.0
2021-09-03,obm_spent_value_ge155d_btc_daily,7455.97702674,BTC,daily,OBM v0.1.0
2021-09-04,obm_spent_value_ge155d_btc_daily,4974.48361499,BTC,daily,OBM v0.1.0
2021-09-05,obm_spent_value_ge155d_btc_daily,3711.50010493,BTC,daily,OBM v0.1.0
2021-09-06,obm_spent_value_ge155d_btc_daily,9372.57387536,BTC,daily,OBM v0.1.0
2021-09-07,obm_spent_value_ge155d_btc_daily,11118.49467758,BTC,daily,OBM v0.1.0
2021-09-08,obm_spent_value_ge155d_btc_daily,5751.78534208,BTC,daily,OBM v0.1.0
2021-09-09,obm_spent_value_ge155d_btc_daily,15224.26979153,BTC,daily,OBM v0.1.0
2021-09-10,obm_spent_value_ge155d_btc_daily,7116.36706329,BTC,daily,OBM v0.1.0
2021-09-11,obm_spent_value_ge155d_btc_daily,6447.27472314,BTC,daily,OBM v0.1.0
2021-09-12,obm_spent_value_ge155d_btc_daily,3776.50308374,BTC,daily,OBM v0.1.0
2021-09-13,obm_spent_value_ge155d_btc_daily,4861.23493230,BTC,daily,OBM v0.1.0
2021-09-14,obm_spent_value_ge155d_btc_daily,11380.39421078,BTC,daily,OBM v0.1.0
2021-09-15,obm_spent_value_ge155d_btc_daily,14618.70190768,BTC,daily,OBM v0.1.0
2021-09-16,obm_spent_value_ge155d_btc_daily,17591.05788571,BTC,daily,OBM v0.1.0
2021-09-17,obm_spent_value_ge155d_btc_daily,10201.89969069,BTC,daily,OBM v0.1.0
2021-09-18,obm_spent_value_ge155d_btc_daily,5236.66114438,BTC,daily,OBM v0.1.0
2021-09-19,obm_spent_value_ge155d_btc_daily,3355.55146058,BTC,daily,OBM v0.1.0
2021-09-20,obm_spent_value_ge155d_btc_daily,5888.17816401,BTC,daily,OBM v0.1.0
2021-09-21,obm_spent_value_ge155d_btc_daily,4566.52494392,BTC,daily,OBM v0.1.0
2021-09-22,obm_spent_value_ge155d_btc_daily,7525.73140755,BTC,daily,OBM v0.1.0
2021-09-23,obm_spent_value_ge155d_btc_daily,5361.67423948,BTC,daily,OBM v0.1.0
2021-09-24,obm_spent_value_ge155d_btc_daily,5476.96058162,BTC,daily,OBM v0.1.0
2021-09-25,obm_spent_value_ge155d_btc_daily,1676.87442978,BTC,daily,OBM v0.1.0
2021-09-26,obm_spent_value_ge155d_btc_daily,98076.53815847,BTC,daily,OBM v0.1.0
2021-09-27,obm_spent_value_ge155d_btc_daily,10052.47395693,BTC,daily,OBM v0.1.0
2021-09-28,obm_spent_value_ge155d_btc_daily,12157.02515053,BTC,daily,OBM v0.1.0
2021-09-29,obm_spent_value_ge155d_btc_daily,7817.04439226,BTC,daily,OBM v0.1.0
2021-09-30,obm_spent_value_ge155d_btc_daily,10375.93825555,BTC,daily,OBM v0.1.0
2021-10-01,obm_spent_value_ge155d_btc_daily,7322.95640803,BTC,daily,OBM v0.1.0
2021-10-02,obm_spent_value_ge155d_btc_daily,5130.48353973,BTC,daily,OBM v0.1.0
2021-10-03,obm_spent_value_ge155d_btc_daily,4201.11630805,BTC,daily,OBM v0.1.0
2021-10-04,obm_spent_value_ge155d_btc_daily,12709.31721547,BTC,daily,OBM v0.1.0
2021-10-05,obm_spent_value_ge155d_btc_daily,10012.17629181,BTC,daily,OBM v0.1.0
2021-10-06,obm_spent_value_ge155d_btc_daily,10305.41015024,BTC,daily,OBM v0.1.0
2021-10-07,obm_spent_value_ge155d_btc_daily,13881.08197993,BTC,daily,OBM v0.1.0
2021-10-08,obm_spent_value_ge155d_btc_daily,8823.15737148,BTC,daily,OBM v0.1.0
2021-10-09,obm_spent_value_ge155d_btc_daily,6450.31653526,BTC,daily,OBM v0.1.0
2021-10-10,obm_spent_value_ge155d_btc_daily,12168.39558938,BTC,daily,OBM v0.1.0
2021-10-11,obm_spent_value_ge155d_btc_daily,10697.25440907,BTC,daily,OBM v0.1.0
2021-10-12,obm_spent_value_ge155d_btc_daily,22033.55391375,BTC,daily,OBM v0.1.0
2021-10-13,obm_spent_value_ge155d_btc_daily,12224.73019588,BTC,daily,OBM v0.1.0
2021-10-14,obm_spent_value_ge155d_btc_daily,8383.97831002,BTC,daily,OBM v0.1.0
2021-10-15,obm_spent_value_ge155d_btc_daily,13972.67358156,BTC,daily,OBM v0.1.0
2021-10-16,obm_spent_value_ge155d_btc_daily,16000.88438629,BTC,daily,OBM v0.1.0
2021-10-17,obm_spent_value_ge155d_btc_daily,5673.68217267,BTC,daily,OBM v0.1.0
2021-10-18,obm_spent_value_ge155d_btc_daily,19239.45463822,BTC,daily,OBM v0.1.0
2021-10-19,obm_spent_value_ge155d_btc_daily,42010.31980307,BTC,daily,OBM v0.1.0
2021-10-20,obm_spent_value_ge155d_btc_daily,27238.49281102,BTC,daily,OBM v0.1.0
2021-10-21,obm_spent_value_ge155d_btc_daily,14089.93374885,BTC,daily,OBM v0.1.0
2021-10-22,obm_spent_value_ge155d_btc_daily,47582.06451510,BTC,daily,OBM v0.1.0
2021-10-23,obm_spent_value_ge155d_btc_daily,5694.25502009,BTC,daily,OBM v0.1.0
2021-10-24,obm_spent_value_ge155d_btc_daily,64261.48308336,BTC,daily,OBM v0.1.0
2021-10-25,obm_spent_value_ge155d_btc_daily,26080.52621801,BTC,daily,OBM v0.1.0
2021-10-26,obm_spent_value_ge155d_btc_daily,13254.46367510,BTC,daily,OBM v0.1.0
2021-10-27,obm_spent_value_ge155d_btc_daily,8066.11693102,BTC,daily,OBM v0.1.0
2021-10-28,obm_spent_value_ge155d_btc_daily,9926.66711332,BTC,daily,OBM v0.1.0
2021-10-29,obm_spent_value_ge155d_btc_daily,7671.22808482,BTC,daily,OBM v0.1.0
2021-10-30,obm_spent_value_ge155d_btc_daily,6045.96979045,BTC,daily,OBM v0.1.0
2021-10-31,obm_spent_value_ge155d_btc_daily,16883.89872147,BTC,daily,OBM v0.1.0
2021-11-01,obm_spent_value_ge155d_btc_daily,34630.63696567,BTC,daily,OBM v0.1.0
2021-11-02,obm_spent_value_ge155d_btc_daily,48603.92854496,BTC,daily,OBM v0.1.0
2021-11-03,obm_spent_value_ge155d_btc_daily,45810.50567527,BTC,daily,OBM v0.1.0
2021-11-04,obm_spent_value_ge155d_btc_daily,7597.85026438,BTC,daily,OBM v0.1.0
2021-11-05,obm_spent_value_ge155d_btc_daily,20458.29332951,BTC,daily,OBM v0.1.0
2021-11-06,obm_spent_value_ge155d_btc_daily,15051.09511915,BTC,daily,OBM v0.1.0
2021-11-07,obm_spent_value_ge155d_btc_daily,4275.71048000,BTC,daily,OBM v0.1.0
2021-11-08,obm_spent_value_ge155d_btc_daily,18179.07769850,BTC,daily,OBM v0.1.0
2021-11-09,obm_spent_value_ge155d_btc_daily,13357.22824190,BTC,daily,OBM v0.1.0
2021-11-10,obm_spent_value_ge155d_btc_daily,20988.57200181,BTC,daily,OBM v0.1.0
2021-11-11,obm_spent_value_ge155d_btc_daily,9341.52716314,BTC,daily,OBM v0.1.0
2021-11-12,obm_spent_value_ge155d_btc_daily,10096.56073738,BTC,daily,OBM v0.1.0
2021-11-13,obm_spent_value_ge155d_btc_daily,6560.66765929,BTC,daily,OBM v0.1.0
2021-11-14,obm_spent_value_ge155d_btc_daily,4771.34980450,BTC,daily,OBM v0.1.0
2021-11-15,obm_spent_value_ge155d_btc_daily,18330.94795617,BTC,daily,OBM v0.1.0
2021-11-16,obm_spent_value_ge155d_btc_daily,46872.36791883,BTC,daily,OBM v0.1.0
2021-11-17,obm_spent_value_ge155d_btc_daily,19254.80475596,BTC,daily,OBM v0.1.0
2021-11-18,obm_spent_value_ge155d_btc_daily,16620.98172452,BTC,daily,OBM v0.1.0
2021-11-19,obm_spent_value_ge155d_btc_daily,11114.48274101,BTC,daily,OBM v0.1.0
2021-11-20,obm_spent_value_ge155d_btc_daily,4746.61998238,BTC,daily,OBM v0.1.0
2021-11-21,obm_spent_value_ge155d_btc_daily,4823.17709342,BTC,daily,OBM v0.1.0
2021-11-22,obm_spent_value_ge155d_btc_daily,9866.88706756,BTC,daily,OBM v0.1.0
2021-11-23,obm_spent_value_ge155d_btc_daily,9590.60956956,BTC,daily,OBM v0.1.0
2021-11-24,obm_spent_value_ge155d_btc_daily,9894.65135896,BTC,daily,OBM v0.1.0
2021-11-25,obm_spent_value_ge155d_btc_daily,85881.22991485,BTC,daily,OBM v0.1.0
2021-11-26,obm_spent_value_ge155d_btc_daily,17084.61340793,BTC,daily,OBM v0.1.0
2021-11-27,obm_spent_value_ge155d_btc_daily,4967.40222031,BTC,daily,OBM v0.1.0
2021-11-28,obm_spent_value_ge155d_btc_daily,11137.89783224,BTC,daily,OBM v0.1.0
2021-11-29,obm_spent_value_ge155d_btc_daily,13935.15751510,BTC,daily,OBM v0.1.0
2021-11-30,obm_spent_value_ge155d_btc_daily,19334.24920851,BTC,daily,OBM v0.1.0
2021-12-01,obm_spent_value_ge155d_btc_daily,20384.32895786,BTC,daily,OBM v0.1.0
2021-12-02,obm_spent_value_ge155d_btc_daily,7898.60300603,BTC,daily,OBM v0.1.0
2021-12-03,obm_spent_value_ge155d_btc_daily,12671.62966577,BTC,daily,OBM v0.1.0
2021-12-04,obm_spent_value_ge155d_btc_daily,10481.31778684,BTC,daily,OBM v0.1.0
2021-12-05,obm_spent_value_ge155d_btc_daily,8051.02075658,BTC,daily,OBM v0.1.0
2021-12-06,obm_spent_value_ge155d_btc_daily,14442.05529517,BTC,daily,OBM v0.1.0
2021-12-07,obm_spent_value_ge155d_btc_daily,44088.72362380,BTC,daily,OBM v0.1.0
2021-12-08,obm_spent_value_ge155d_btc_daily,9077.67032261,BTC,daily,OBM v0.1.0
2021-12-09,obm_spent_value_ge155d_btc_daily,18150.23561293,BTC,daily,OBM v0.1.0
2021-12-10,obm_spent_value_ge155d_btc_daily,15460.56317543,BTC,daily,OBM v0.1.0
2021-12-11,obm_spent_value_ge155d_btc_daily,8485.01816184,BTC,daily,OBM v0.1.0
2021-12-12,obm_spent_value_ge155d_btc_daily,3425.29106805,BTC,daily,OBM v0.1.0
2021-12-13,obm_spent_value_ge155d_btc_daily,13754.65481820,BTC,daily,OBM v0.1.0
2021-12-14,obm_spent_value_ge155d_btc_daily,24769.34371071,BTC,daily,OBM v0.1.0
2021-12-15,obm_spent_value_ge155d_btc_daily,12308.45443951,BTC,daily,OBM v0.1.0
2021-12-16,obm_spent_value_ge155d_btc_daily,18895.00509414,BTC,daily,OBM v0.1.0
2021-12-17,obm_spent_value_ge155d_btc_daily,6780.67456337,BTC,daily,OBM v0.1.0
2021-12-18,obm_spent_value_ge155d_btc_daily,8215.44769802,BTC,daily,OBM v0.1.0
2021-12-19,obm_spent_value_ge155d_btc_daily,3100.18945291,BTC,daily,OBM v0.1.0
2021-12-20,obm_spent_value_ge155d_btc_daily,11553.39931213,BTC,daily,OBM v0.1.0
2021-12-21,obm_spent_value_ge155d_btc_daily,7393.70128067,BTC,daily,OBM v0.1.0
2021-12-22,obm_spent_value_ge155d_btc_daily,11205.50590497,BTC,daily,OBM v0.1.0
2021-12-23,obm_spent_value_ge155d_btc_daily,30329.37990316,BTC,daily,OBM v0.1.0
2021-12-24,obm_spent_value_ge155d_btc_daily,4326.44141957,BTC,daily,OBM v0.1.0
2021-12-25,obm_spent_value_ge155d_btc_daily,10928.35499682,BTC,daily,OBM v0.1.0
2021-12-26,obm_spent_value_ge155d_btc_daily,13576.12953411,BTC,daily,OBM v0.1.0
2021-12-27,obm_spent_value_ge155d_btc_daily,6404.69166501,BTC,daily,OBM v0.1.0
2021-12-28,obm_spent_value_ge155d_btc_daily,9945.88581772,BTC,daily,OBM v0.1.0
2021-12-29,obm_spent_value_ge155d_btc_daily,7838.65382668,BTC,daily,OBM v0.1.0
2021-12-30,obm_spent_value_ge155d_btc_daily,29640.46813072,BTC,daily,OBM v0.1.0
2021-12-31,obm_spent_value_ge155d_btc_daily,24183.39498751,BTC,daily,OBM v0.1.0
2022-01-01,obm_spent_value_ge155d_btc_daily,4400.56638933,BTC,daily,OBM v0.1.0
2022-01-02,obm_spent_value_ge155d_btc_daily,2921.23914263,BTC,daily,OBM v0.1.0
2022-01-03,obm_spent_value_ge155d_btc_daily,8056.97030568,BTC,daily,OBM v0.1.0
2022-01-04,obm_spent_value_ge155d_btc_daily,12413.74528119,BTC,daily,OBM v0.1.0
2022-01-05,obm_spent_value_ge155d_btc_daily,13096.46213790,BTC,daily,OBM v0.1.0
2022-01-06,obm_spent_value_ge155d_btc_daily,23045.44200469,BTC,daily,OBM v0.1.0
2022-01-07,obm_spent_value_ge155d_btc_daily,10326.92817300,BTC,daily,OBM v0.1.0
2022-01-08,obm_spent_value_ge155d_btc_daily,3852.17368184,BTC,daily,OBM v0.1.0
2022-01-09,obm_spent_value_ge155d_btc_daily,4618.47701819,BTC,daily,OBM v0.1.0
2022-01-10,obm_spent_value_ge155d_btc_daily,8841.75553200,BTC,daily,OBM v0.1.0
2022-01-11,obm_spent_value_ge155d_btc_daily,5789.91769353,BTC,daily,OBM v0.1.0
2022-01-12,obm_spent_value_ge155d_btc_daily,14034.41539979,BTC,daily,OBM v0.1.0
2022-01-13,obm_spent_value_ge155d_btc_daily,4844.93319056,BTC,daily,OBM v0.1.0
2022-01-14,obm_spent_value_ge155d_btc_daily,6251.87757584,BTC,daily,OBM v0.1.0
2022-01-15,obm_spent_value_ge155d_btc_daily,2899.14346519,BTC,daily,OBM v0.1.0
2022-01-16,obm_spent_value_ge155d_btc_daily,4269.53821968,BTC,daily,OBM v0.1.0
2022-01-17,obm_spent_value_ge155d_btc_daily,5728.62261728,BTC,daily,OBM v0.1.0
2022-01-18,obm_spent_value_ge155d_btc_daily,8622.32887868,BTC,daily,OBM v0.1.0
2022-01-19,obm_spent_value_ge155d_btc_daily,15030.99788185,BTC,daily,OBM v0.1.0
2022-01-20,obm_spent_value_ge155d_btc_daily,8053.05007872,BTC,daily,OBM v0.1.0
2022-01-21,obm_spent_value_ge155d_btc_daily,11128.96566235,BTC,daily,OBM v0.1.0
2022-01-22,obm_spent_value_ge155d_btc_daily,14671.86742415,BTC,daily,OBM v0.1.0
2022-01-23,obm_spent_value_ge155d_btc_daily,9351.73772745,BTC,daily,OBM v0.1.0
2022-01-24,obm_spent_value_ge155d_btc_daily,13278.14035989,BTC,daily,OBM v0.1.0
2022-01-25,obm_spent_value_ge155d_btc_daily,12327.26953393,BTC,daily,OBM v0.1.0
2022-01-26,obm_spent_value_ge155d_btc_daily,5514.23148815,BTC,daily,OBM v0.1.0
2022-01-27,obm_spent_value_ge155d_btc_daily,17939.49212191,BTC,daily,OBM v0.1.0
2022-01-28,obm_spent_value_ge155d_btc_daily,5927.59964582,BTC,daily,OBM v0.1.0
2022-01-29,obm_spent_value_ge155d_btc_daily,5222.39459749,BTC,daily,OBM v0.1.0
2022-01-30,obm_spent_value_ge155d_btc_daily,4570.41586709,BTC,daily,OBM v0.1.0
2022-01-31,obm_spent_value_ge155d_btc_daily,4604.88751495,BTC,daily,OBM v0.1.0
2022-02-01,obm_spent_value_ge155d_btc_daily,103165.67584396,BTC,daily,OBM v0.1.0
2022-02-02,obm_spent_value_ge155d_btc_daily,5187.66524059,BTC,daily,OBM v0.1.0
2022-02-03,obm_spent_value_ge155d_btc_daily,12165.30970820,BTC,daily,OBM v0.1.0
2022-02-04,obm_spent_value_ge155d_btc_daily,3404.02505353,BTC,daily,OBM v0.1.0
2022-02-05,obm_spent_value_ge155d_btc_daily,8856.54456702,BTC,daily,OBM v0.1.0
2022-02-06,obm_spent_value_ge155d_btc_daily,7622.53806935,BTC,daily,OBM v0.1.0
2022-02-07,obm_spent_value_ge155d_btc_daily,9875.48980526,BTC,daily,OBM v0.1.0
2022-02-08,obm_spent_value_ge155d_btc_daily,11747.82057159,BTC,daily,OBM v0.1.0
2022-02-09,obm_spent_value_ge155d_btc_daily,8649.00379086,BTC,daily,OBM v0.1.0
2022-02-10,obm_spent_value_ge155d_btc_daily,10241.47452738,BTC,daily,OBM v0.1.0
2022-02-11,obm_spent_value_ge155d_btc_daily,12969.58817416,BTC,daily,OBM v0.1.0
2022-02-12,obm_spent_value_ge155d_btc_daily,3404.71885873,BTC,daily,OBM v0.1.0
2022-02-13,obm_spent_value_ge155d_btc_daily,3380.52861276,BTC,daily,OBM v0.1.0
2022-02-14,obm_spent_value_ge155d_btc_daily,3766.49849690,BTC,daily,OBM v0.1.0
2022-02-15,obm_spent_value_ge155d_btc_daily,8715.47866527,BTC,daily,OBM v0.1.0
2022-02-16,obm_spent_value_ge155d_btc_daily,4819.03974701,BTC,daily,OBM v0.1.0
2022-02-17,obm_spent_value_ge155d_btc_daily,10962.81175017,BTC,daily,OBM v0.1.0
2022-02-18,obm_spent_value_ge155d_btc_daily,6218.92778686,BTC,daily,OBM v0.1.0
2022-02-19,obm_spent_value_ge155d_btc_daily,3528.75413583,BTC,daily,OBM v0.1.0
2022-02-20,obm_spent_value_ge155d_btc_daily,5279.12397363,BTC,daily,OBM v0.1.0
2022-02-21,obm_spent_value_ge155d_btc_daily,13195.84179342,BTC,daily,OBM v0.1.0
2022-02-22,obm_spent_value_ge155d_btc_daily,6201.46038719,BTC,daily,OBM v0.1.0
2022-02-23,obm_spent_value_ge155d_btc_daily,14616.29471589,BTC,daily,OBM v0.1.0
2022-02-24,obm_spent_value_ge155d_btc_daily,6791.85715498,BTC,daily,OBM v0.1.0
2022-02-25,obm_spent_value_ge155d_btc_daily,13114.07561566,BTC,daily,OBM v0.1.0
2022-02-26,obm_spent_value_ge155d_btc_daily,5554.76135299,BTC,daily,OBM v0.1.0
2022-02-27,obm_spent_value_ge155d_btc_daily,10379.05202805,BTC,daily,OBM v0.1.0
2022-02-28,obm_spent_value_ge155d_btc_daily,155615.37602006,BTC,daily,OBM v0.1.0
2022-03-01,obm_spent_value_ge155d_btc_daily,13230.34176562,BTC,daily,OBM v0.1.0
2022-03-02,obm_spent_value_ge155d_btc_daily,10643.90018364,BTC,daily,OBM v0.1.0
2022-03-03,obm_spent_value_ge155d_btc_daily,18230.54767771,BTC,daily,OBM v0.1.0
2022-03-04,obm_spent_value_ge155d_btc_daily,11921.27185803,BTC,daily,OBM v0.1.0
2022-03-05,obm_spent_value_ge155d_btc_daily,2591.07655653,BTC,daily,OBM v0.1.0
2022-03-06,obm_spent_value_ge155d_btc_daily,4549.19575036,BTC,daily,OBM v0.1.0
2022-03-07,obm_spent_value_ge155d_btc_daily,11747.36965634,BTC,daily,OBM v0.1.0
2022-03-08,obm_spent_value_ge155d_btc_daily,17202.81939783,BTC,daily,OBM v0.1.0
2022-03-09,obm_spent_value_ge155d_btc_daily,11044.26482074,BTC,daily,OBM v0.1.0
2022-03-10,obm_spent_value_ge155d_btc_daily,6520.56565730,BTC,daily,OBM v0.1.0
2022-03-11,obm_spent_value_ge155d_btc_daily,37833.14622252,BTC,daily,OBM v0.1.0
2022-03-12,obm_spent_value_ge155d_btc_daily,7839.26203822,BTC,daily,OBM v0.1.0
2022-03-13,obm_spent_value_ge155d_btc_daily,4684.64991596,BTC,daily,OBM v0.1.0
2022-03-14,obm_spent_value_ge155d_btc_daily,6304.42784897,BTC,daily,OBM v0.1.0
2022-03-15,obm_spent_value_ge155d_btc_daily,7104.75845224,BTC,daily,OBM v0.1.0
2022-03-16,obm_spent_value_ge155d_btc_daily,15026.18288125,BTC,daily,OBM v0.1.0
2022-03-17,obm_spent_value_ge155d_btc_daily,30938.68371720,BTC,daily,OBM v0.1.0
2022-03-18,obm_spent_value_ge155d_btc_daily,4439.43382421,BTC,daily,OBM v0.1.0
2022-03-19,obm_spent_value_ge155d_btc_daily,6235.37335694,BTC,daily,OBM v0.1.0
2022-03-20,obm_spent_value_ge155d_btc_daily,4114.24978568,BTC,daily,OBM v0.1.0
2022-03-21,obm_spent_value_ge155d_btc_daily,13642.56508718,BTC,daily,OBM v0.1.0
2022-03-22,obm_spent_value_ge155d_btc_daily,6373.54958097,BTC,daily,OBM v0.1.0
2022-03-23,obm_spent_value_ge155d_btc_daily,8123.09593041,BTC,daily,OBM v0.1.0
2022-03-24,obm_spent_value_ge155d_btc_daily,11996.11967588,BTC,daily,OBM v0.1.0
2022-03-25,obm_spent_value_ge155d_btc_daily,64826.22539453,BTC,daily,OBM v0.1.0
2022-03-26,obm_spent_value_ge155d_btc_daily,6644.75739648,BTC,daily,OBM v0.1.0
2022-03-27,obm_spent_value_ge155d_btc_daily,3055.98820264,BTC,daily,OBM v0.1.0
2022-03-28,obm_spent_value_ge155d_btc_daily,7696.61428867,BTC,daily,OBM v0.1.0
2022-03-29,obm_spent_value_ge155d_btc_daily,18068.73565706,BTC,daily,OBM v0.1.0
2022-03-30,obm_spent_value_ge155d_btc_daily,5224.04566859,BTC,daily,OBM v0.1.0
2022-03-31,obm_spent_value_ge155d_btc_daily,14504.54310230,BTC,daily,OBM v0.1.0
2022-04-01,obm_spent_value_ge155d_btc_daily,9866.07672304,BTC,daily,OBM v0.1.0
2022-04-02,obm_spent_value_ge155d_btc_daily,7363.26159650,BTC,daily,OBM v0.1.0
2022-04-03,obm_spent_value_ge155d_btc_daily,6131.40304003,BTC,daily,OBM v0.1.0
2022-04-04,obm_spent_value_ge155d_btc_daily,22431.10851932,BTC,daily,OBM v0.1.0
2022-04-05,obm_spent_value_ge155d_btc_daily,14389.05092354,BTC,daily,OBM v0.1.0
2022-04-06,obm_spent_value_ge155d_btc_daily,7005.04033048,BTC,daily,OBM v0.1.0
2022-04-07,obm_spent_value_ge155d_btc_daily,4045.91472616,BTC,daily,OBM v0.1.0
2022-04-08,obm_spent_value_ge155d_btc_daily,5913.30867750,BTC,daily,OBM v0.1.0
2022-04-09,obm_spent_value_ge155d_btc_daily,2332.48750632,BTC,daily,OBM v0.1.0
2022-04-10,obm_spent_value_ge155d_btc_daily,3003.55895615,BTC,daily,OBM v0.1.0
2022-04-11,obm_spent_value_ge155d_btc_daily,7750.81320226,BTC,daily,OBM v0.1.0
2022-04-12,obm_spent_value_ge155d_btc_daily,42089.95441332,BTC,daily,OBM v0.1.0
2022-04-13,obm_spent_value_ge155d_btc_daily,10097.02188587,BTC,daily,OBM v0.1.0
2022-04-14,obm_spent_value_ge155d_btc_daily,38174.78640604,BTC,daily,OBM v0.1.0
2022-04-15,obm_spent_value_ge155d_btc_daily,4321.57073211,BTC,daily,OBM v0.1.0
2022-04-16,obm_spent_value_ge155d_btc_daily,1689.85041961,BTC,daily,OBM v0.1.0
2022-04-17,obm_spent_value_ge155d_btc_daily,2023.39805318,BTC,daily,OBM v0.1.0
2022-04-18,obm_spent_value_ge155d_btc_daily,4220.81717384,BTC,daily,OBM v0.1.0
2022-04-19,obm_spent_value_ge155d_btc_daily,10509.42380385,BTC,daily,OBM v0.1.0
2022-04-20,obm_spent_value_ge155d_btc_daily,5499.44331524,BTC,daily,OBM v0.1.0
2022-04-21,obm_spent_value_ge155d_btc_daily,40761.02415670,BTC,daily,OBM v0.1.0
2022-04-22,obm_spent_value_ge155d_btc_daily,17668.22380032,BTC,daily,OBM v0.1.0
2022-04-23,obm_spent_value_ge155d_btc_daily,4203.07412566,BTC,daily,OBM v0.1.0
2022-04-24,obm_spent_value_ge155d_btc_daily,3303.43925249,BTC,daily,OBM v0.1.0
2022-04-25,obm_spent_value_ge155d_btc_daily,5828.29904681,BTC,daily,OBM v0.1.0
2022-04-26,obm_spent_value_ge155d_btc_daily,11583.14798496,BTC,daily,OBM v0.1.0
2022-04-27,obm_spent_value_ge155d_btc_daily,4606.89198342,BTC,daily,OBM v0.1.0
2022-04-28,obm_spent_value_ge155d_btc_daily,11595.59352814,BTC,daily,OBM v0.1.0
2022-04-29,obm_spent_value_ge155d_btc_daily,13286.13852540,BTC,daily,OBM v0.1.0
2022-04-30,obm_spent_value_ge155d_btc_daily,6953.26439733,BTC,daily,OBM v0.1.0
2022-05-01,obm_spent_value_ge155d_btc_daily,4017.53654301,BTC,daily,OBM v0.1.0
2022-05-02,obm_spent_value_ge155d_btc_daily,25299.17265322,BTC,daily,OBM v0.1.0
2022-05-03,obm_spent_value_ge155d_btc_daily,21113.83347999,BTC,daily,OBM v0.1.0
2022-05-04,obm_spent_value_ge155d_btc_daily,15376.62395467,BTC,daily,OBM v0.1.0
2022-05-05,obm_spent_value_ge155d_btc_daily,9544.04303622,BTC,daily,OBM v0.1.0
2022-05-06,obm_spent_value_ge155d_btc_daily,14173.11523795,BTC,daily,OBM v0.1.0
2022-05-07,obm_spent_value_ge155d_btc_daily,3197.05541058,BTC,daily,OBM v0.1.0
2022-05-08,obm_spent_value_ge155d_btc_daily,7439.85256576,BTC,daily,OBM v0.1.0
2022-05-09,obm_spent_value_ge155d_btc_daily,25742.69072785,BTC,daily,OBM v0.1.0
2022-05-10,obm_spent_value_ge155d_btc_daily,15168.81746626,BTC,daily,OBM v0.1.0
2022-05-11,obm_spent_value_ge155d_btc_daily,38100.39059606,BTC,daily,OBM v0.1.0
2022-05-12,obm_spent_value_ge155d_btc_daily,26139.93407540,BTC,daily,OBM v0.1.0
2022-05-13,obm_spent_value_ge155d_btc_daily,27254.77245570,BTC,daily,OBM v0.1.0
2022-05-14,obm_spent_value_ge155d_btc_daily,47070.33248234,BTC,daily,OBM v0.1.0
2022-05-15,obm_spent_value_ge155d_btc_daily,5461.62356185,BTC,daily,OBM v0.1.0
2022-05-16,obm_spent_value_ge155d_btc_daily,13354.00879417,BTC,daily,OBM v0.1.0
2022-05-17,obm_spent_value_ge155d_btc_daily,17427.49597421,BTC,daily,OBM v0.1.0
2022-05-18,obm_spent_value_ge155d_btc_daily,7653.57237043,BTC,daily,OBM v0.1.0
2022-05-19,obm_spent_value_ge155d_btc_daily,28583.33860822,BTC,daily,OBM v0.1.0
2022-05-20,obm_spent_value_ge155d_btc_daily,12335.70123290,BTC,daily,OBM v0.1.0
2022-05-21,obm_spent_value_ge155d_btc_daily,5068.57712257,BTC,daily,OBM v0.1.0
2022-05-22,obm_spent_value_ge155d_btc_daily,2364.42607365,BTC,daily,OBM v0.1.0
2022-05-23,obm_spent_value_ge155d_btc_daily,10041.62060337,BTC,daily,OBM v0.1.0
2022-05-24,obm_spent_value_ge155d_btc_daily,10164.35956513,BTC,daily,OBM v0.1.0
2022-05-25,obm_spent_value_ge155d_btc_daily,9189.95864133,BTC,daily,OBM v0.1.0
2022-05-26,obm_spent_value_ge155d_btc_daily,7586.35442462,BTC,daily,OBM v0.1.0
2022-05-27,obm_spent_value_ge155d_btc_daily,13970.84978800,BTC,daily,OBM v0.1.0
2022-05-28,obm_spent_value_ge155d_btc_daily,2623.58467541,BTC,daily,OBM v0.1.0
2022-05-29,obm_spent_value_ge155d_btc_daily,5841.29449329,BTC,daily,OBM v0.1.0
2022-05-30,obm_spent_value_ge155d_btc_daily,6745.36797512,BTC,daily,OBM v0.1.0
2022-05-31,obm_spent_value_ge155d_btc_daily,7327.08042727,BTC,daily,OBM v0.1.0
2022-06-01,obm_spent_value_ge155d_btc_daily,19052.41185850,BTC,daily,OBM v0.1.0
2022-06-02,obm_spent_value_ge155d_btc_daily,47970.77400724,BTC,daily,OBM v0.1.0
2022-06-03,obm_spent_value_ge155d_btc_daily,18504.60653609,BTC,daily,OBM v0.1.0
2022-06-04,obm_spent_value_ge155d_btc_daily,7558.74527472,BTC,daily,OBM v0.1.0
2022-06-05,obm_spent_value_ge155d_btc_daily,2159.57644467,BTC,daily,OBM v0.1.0
2022-06-06,obm_spent_value_ge155d_btc_daily,5912.23942587,BTC,daily,OBM v0.1.0
2022-06-07,obm_spent_value_ge155d_btc_daily,36119.31221410,BTC,daily,OBM v0.1.0
2022-06-08,obm_spent_value_ge155d_btc_daily,10066.77457364,BTC,daily,OBM v0.1.0
2022-06-09,obm_spent_value_ge155d_btc_daily,24253.63049123,BTC,daily,OBM v0.1.0
2022-06-10,obm_spent_value_ge155d_btc_daily,19865.83949669,BTC,daily,OBM v0.1.0
2022-06-11,obm_spent_value_ge155d_btc_daily,16653.50704527,BTC,daily,OBM v0.1.0
2022-06-12,obm_spent_value_ge155d_btc_daily,11089.77308419,BTC,daily,OBM v0.1.0
2022-06-13,obm_spent_value_ge155d_btc_daily,41539.84976602,BTC,daily,OBM v0.1.0
2022-06-14,obm_spent_value_ge155d_btc_daily,34104.64351562,BTC,daily,OBM v0.1.0
2022-06-15,obm_spent_value_ge155d_btc_daily,51451.98190629,BTC,daily,OBM v0.1.0
2022-06-16,obm_spent_value_ge155d_btc_daily,17465.63483797,BTC,daily,OBM v0.1.0
2022-06-17,obm_spent_value_ge155d_btc_daily,94382.57802747,BTC,daily,OBM v0.1.0
2022-06-18,obm_spent_value_ge155d_btc_daily,25344.93521809,BTC,daily,OBM v0.1.0
2022-06-19,obm_spent_value_ge155d_btc_daily,7568.45247422,BTC,daily,OBM v0.1.0
2022-06-20,obm_spent_value_ge155d_btc_daily,8031.40512432,BTC,daily,OBM v0.1.0
2022-06-21,obm_spent_value_ge155d_btc_daily,17880.39275463,BTC,daily,OBM v0.1.0
2022-06-22,obm_spent_value_ge155d_btc_daily,11976.31844573,BTC,daily,OBM v0.1.0
2022-06-23,obm_spent_value_ge155d_btc_daily,6718.45177819,BTC,daily,OBM v0.1.0
2022-06-24,obm_spent_value_ge155d_btc_daily,11378.66563278,BTC,daily,OBM v0.1.0
2022-06-25,obm_spent_value_ge155d_btc_daily,10478.33940245,BTC,daily,OBM v0.1.0
2022-06-26,obm_spent_value_ge155d_btc_daily,2074.43691611,BTC,daily,OBM v0.1.0
2022-06-27,obm_spent_value_ge155d_btc_daily,7706.10550825,BTC,daily,OBM v0.1.0
2022-06-28,obm_spent_value_ge155d_btc_daily,13296.99293103,BTC,daily,OBM v0.1.0
2022-06-29,obm_spent_value_ge155d_btc_daily,10571.16783657,BTC,daily,OBM v0.1.0
2022-06-30,obm_spent_value_ge155d_btc_daily,28034.65351798,BTC,daily,OBM v0.1.0
2022-07-01,obm_spent_value_ge155d_btc_daily,12967.61242420,BTC,daily,OBM v0.1.0
2022-07-02,obm_spent_value_ge155d_btc_daily,6283.57097091,BTC,daily,OBM v0.1.0
2022-07-03,obm_spent_value_ge155d_btc_daily,12225.66110182,BTC,daily,OBM v0.1.0
2022-07-04,obm_spent_value_ge155d_btc_daily,3058.64675581,BTC,daily,OBM v0.1.0
2022-07-05,obm_spent_value_ge155d_btc_daily,3555.93951403,BTC,daily,OBM v0.1.0
2022-07-06,obm_spent_value_ge155d_btc_daily,12622.00691941,BTC,daily,OBM v0.1.0
2022-07-07,obm_spent_value_ge155d_btc_daily,5805.07682191,BTC,daily,OBM v0.1.0
2022-07-08,obm_spent_value_ge155d_btc_daily,5635.64193772,BTC,daily,OBM v0.1.0
2022-07-09,obm_spent_value_ge155d_btc_daily,2861.97355355,BTC,daily,OBM v0.1.0
2022-07-10,obm_spent_value_ge155d_btc_daily,3376.69764345,BTC,daily,OBM v0.1.0
2022-07-11,obm_spent_value_ge155d_btc_daily,36038.59546514,BTC,daily,OBM v0.1.0
2022-07-12,obm_spent_value_ge155d_btc_daily,4822.37424350,BTC,daily,OBM v0.1.0
2022-07-13,obm_spent_value_ge155d_btc_daily,2629.36613474,BTC,daily,OBM v0.1.0
2022-07-14,obm_spent_value_ge155d_btc_daily,15012.45813130,BTC,daily,OBM v0.1.0
2022-07-15,obm_spent_value_ge155d_btc_daily,35801.45119712,BTC,daily,OBM v0.1.0
2022-07-16,obm_spent_value_ge155d_btc_daily,2107.13328206,BTC,daily,OBM v0.1.0
2022-07-17,obm_spent_value_ge155d_btc_daily,1276.77617908,BTC,daily,OBM v0.1.0
2022-07-18,obm_spent_value_ge155d_btc_daily,8034.18326946,BTC,daily,OBM v0.1.0
2022-07-19,obm_spent_value_ge155d_btc_daily,62719.13665597,BTC,daily,OBM v0.1.0
2022-07-20,obm_spent_value_ge155d_btc_daily,7108.19714833,BTC,daily,OBM v0.1.0
2022-07-21,obm_spent_value_ge155d_btc_daily,57568.86138054,BTC,daily,OBM v0.1.0
2022-07-22,obm_spent_value_ge155d_btc_daily,23058.54232649,BTC,daily,OBM v0.1.0
2022-07-23,obm_spent_value_ge155d_btc_daily,10612.63884974,BTC,daily,OBM v0.1.0
2022-07-24,obm_spent_value_ge155d_btc_daily,4453.12312877,BTC,daily,OBM v0.1.0
2022-07-25,obm_spent_value_ge155d_btc_daily,8819.74348986,BTC,daily,OBM v0.1.0
2022-07-26,obm_spent_value_ge155d_btc_daily,5617.09912320,BTC,daily,OBM v0.1.0
2022-07-27,obm_spent_value_ge155d_btc_daily,3054.38493530,BTC,daily,OBM v0.1.0
2022-07-28,obm_spent_value_ge155d_btc_daily,3362.42914375,BTC,daily,OBM v0.1.0
2022-07-29,obm_spent_value_ge155d_btc_daily,6698.27269615,BTC,daily,OBM v0.1.0
2022-07-30,obm_spent_value_ge155d_btc_daily,2485.20637231,BTC,daily,OBM v0.1.0
2022-07-31,obm_spent_value_ge155d_btc_daily,6979.16393202,BTC,daily,OBM v0.1.0
2022-08-01,obm_spent_value_ge155d_btc_daily,3084.70939839,BTC,daily,OBM v0.1.0
2022-08-02,obm_spent_value_ge155d_btc_daily,6414.77637719,BTC,daily,OBM v0.1.0
2022-08-03,obm_spent_value_ge155d_btc_daily,5094.04047615,BTC,daily,OBM v0.1.0
2022-08-04,obm_spent_value_ge155d_btc_daily,16997.07042714,BTC,daily,OBM v0.1.0
2022-08-05,obm_spent_value_ge155d_btc_daily,3976.50440102,BTC,daily,OBM v0.1.0
2022-08-06,obm_spent_value_ge155d_btc_daily,3582.09151105,BTC,daily,OBM v0.1.0
2022-08-07,obm_spent_value_ge155d_btc_daily,4796.76807433,BTC,daily,OBM v0.1.0
2022-08-08,obm_spent_value_ge155d_btc_daily,4935.89359688,BTC,daily,OBM v0.1.0
2022-08-09,obm_spent_value_ge155d_btc_daily,17839.10468329,BTC,daily,OBM v0.1.0
2022-08-10,obm_spent_value_ge155d_btc_daily,13962.90815399,BTC,daily,OBM v0.1.0
2022-08-11,obm_spent_value_ge155d_btc_daily,6064.51453433,BTC,daily,OBM v0.1.0
2022-08-12,obm_spent_value_ge155d_btc_daily,4830.39502930,BTC,daily,OBM v0.1.0
2022-08-13,obm_spent_value_ge155d_btc_daily,2525.99066008,BTC,daily,OBM v0.1.0
2022-08-14,obm_spent_value_ge155d_btc_daily,3405.27579796,BTC,daily,OBM v0.1.0
2022-08-15,obm_spent_value_ge155d_btc_daily,6588.67997694,BTC,daily,OBM v0.1.0
2022-08-16,obm_spent_value_ge155d_btc_daily,3741.37892722,BTC,daily,OBM v0.1.0
2022-08-17,obm_spent_value_ge155d_btc_daily,7806.54122115,BTC,daily,OBM v0.1.0
2022-08-18,obm_spent_value_ge155d_btc_daily,3744.87524056,BTC,daily,OBM v0.1.0
2022-08-19,obm_spent_value_ge155d_btc_daily,15586.04394501,BTC,daily,OBM v0.1.0
2022-08-20,obm_spent_value_ge155d_btc_daily,4309.09273749,BTC,daily,OBM v0.1.0
2022-08-21,obm_spent_value_ge155d_btc_daily,1758.72734628,BTC,daily,OBM v0.1.0
2022-08-22,obm_spent_value_ge155d_btc_daily,7079.82427062,BTC,daily,OBM v0.1.0
2022-08-23,obm_spent_value_ge155d_btc_daily,4287.11126043,BTC,daily,OBM v0.1.0
2022-08-24,obm_spent_value_ge155d_btc_daily,4670.28092075,BTC,daily,OBM v0.1.0
2022-08-25,obm_spent_value_ge155d_btc_daily,4275.69687290,BTC,daily,OBM v0.1.0
2022-08-26,obm_spent_value_ge155d_btc_daily,3949.95621521,BTC,daily,OBM v0.1.0
2022-08-27,obm_spent_value_ge155d_btc_daily,2959.24685060,BTC,daily,OBM v0.1.0
2022-08-28,obm_spent_value_ge155d_btc_daily,7711.39466069,BTC,daily,OBM v0.1.0
2022-08-29,obm_spent_value_ge155d_btc_daily,8558.32360329,BTC,daily,OBM v0.1.0
2022-08-30,obm_spent_value_ge155d_btc_daily,18629.22327348,BTC,daily,OBM v0.1.0
2022-08-31,obm_spent_value_ge155d_btc_daily,4053.49297435,BTC,daily,OBM v0.1.0
2022-09-01,obm_spent_value_ge155d_btc_daily,5769.81497324,BTC,daily,OBM v0.1.0
2022-09-02,obm_spent_value_ge155d_btc_daily,7565.00852640,BTC,daily,OBM v0.1.0
2022-09-03,obm_spent_value_ge155d_btc_daily,2128.87038720,BTC,daily,OBM v0.1.0
2022-09-04,obm_spent_value_ge155d_btc_daily,6621.23694741,BTC,daily,OBM v0.1.0
2022-09-05,obm_spent_value_ge155d_btc_daily,3186.65333197,BTC,daily,OBM v0.1.0
2022-09-06,obm_spent_value_ge155d_btc_daily,11958.64488127,BTC,daily,OBM v0.1.0
2022-09-07,obm_spent_value_ge155d_btc_daily,7209.70145377,BTC,daily,OBM v0.1.0
2022-09-08,obm_spent_value_ge155d_btc_daily,8103.94766181,BTC,daily,OBM v0.1.0
2022-09-09,obm_spent_value_ge155d_btc_daily,4918.92250490,BTC,daily,OBM v0.1.0
2022-09-10,obm_spent_value_ge155d_btc_daily,3089.19093517,BTC,daily,OBM v0.1.0
2022-09-11,obm_spent_value_ge155d_btc_daily,3151.45076962,BTC,daily,OBM v0.1.0
2022-09-12,obm_spent_value_ge155d_btc_daily,5107.70953264,BTC,daily,OBM v0.1.0
2022-09-13,obm_spent_value_ge155d_btc_daily,20176.50754248,BTC,daily,OBM v0.1.0
2022-09-14,obm_spent_value_ge155d_btc_daily,11609.28886619,BTC,daily,OBM v0.1.0
2022-09-15,obm_spent_value_ge155d_btc_daily,11105.59587415,BTC,daily,OBM v0.1.0
2022-09-16,obm_spent_value_ge155d_btc_daily,3968.05415699,BTC,daily,OBM v0.1.0
2022-09-17,obm_spent_value_ge155d_btc_daily,2861.90998601,BTC,daily,OBM v0.1.0
2022-09-18,obm_spent_value_ge155d_btc_daily,2573.94612238,BTC,daily,OBM v0.1.0
2022-09-19,obm_spent_value_ge155d_btc_daily,12149.14879785,BTC,daily,OBM v0.1.0
2022-09-20,obm_spent_value_ge155d_btc_daily,6941.56411869,BTC,daily,OBM v0.1.0
2022-09-21,obm_spent_value_ge155d_btc_daily,8216.42250852,BTC,daily,OBM v0.1.0
2022-09-22,obm_spent_value_ge155d_btc_daily,4072.21875947,BTC,daily,OBM v0.1.0
2022-09-23,obm_spent_value_ge155d_btc_daily,5602.46463214,BTC,daily,OBM v0.1.0
2022-09-24,obm_spent_value_ge155d_btc_daily,1720.85211293,BTC,daily,OBM v0.1.0
2022-09-25,obm_spent_value_ge155d_btc_daily,3102.23028174,BTC,daily,OBM v0.1.0
2022-09-26,obm_spent_value_ge155d_btc_daily,5011.33504665,BTC,daily,OBM v0.1.0
2022-09-27,obm_spent_value_ge155d_btc_daily,10651.67874707,BTC,daily,OBM v0.1.0
2022-09-28,obm_spent_value_ge155d_btc_daily,11136.73483842,BTC,daily,OBM v0.1.0
2022-09-29,obm_spent_value_ge155d_btc_daily,4547.26267225,BTC,daily,OBM v0.1.0
2022-09-30,obm_spent_value_ge155d_btc_daily,9318.81566632,BTC,daily,OBM v0.1.0
2022-10-01,obm_spent_value_ge155d_btc_daily,2560.76257022,BTC,daily,OBM v0.1.0
2022-10-02,obm_spent_value_ge155d_btc_daily,2072.23255951,BTC,daily,OBM v0.1.0
2022-10-03,obm_spent_value_ge155d_btc_daily,4123.15740157,BTC,daily,OBM v0.1.0
2022-10-04,obm_spent_value_ge155d_btc_daily,7842.89230364,BTC,daily,OBM v0.1.0
2022-10-05,obm_spent_value_ge155d_btc_daily,9664.22552242,BTC,daily,OBM v0.1.0
2022-10-06,obm_spent_value_ge155d_btc_daily,6697.29130474,BTC,daily,OBM v0.1.0
2022-10-07,obm_spent_value_ge155d_btc_daily,6039.48256577,BTC,daily,OBM v0.1.0
2022-10-08,obm_spent_value_ge155d_btc_daily,8588.43836752,BTC,daily,OBM v0.1.0
2022-10-09,obm_spent_value_ge155d_btc_daily,1886.59774003,BTC,daily,OBM v0.1.0
2022-10-10,obm_spent_value_ge155d_btc_daily,4860.74318497,BTC,daily,OBM v0.1.0
2022-10-11,obm_spent_value_ge155d_btc_daily,7474.76565257,BTC,daily,OBM v0.1.0
2022-10-12,obm_spent_value_ge155d_btc_daily,5734.07490049,BTC,daily,OBM v0.1.0
2022-10-13,obm_spent_value_ge155d_btc_daily,3651.34330812,BTC,daily,OBM v0.1.0
2022-10-14,obm_spent_value_ge155d_btc_daily,5170.42918603,BTC,daily,OBM v0.1.0
2022-10-15,obm_spent_value_ge155d_btc_daily,2225.86593715,BTC,daily,OBM v0.1.0
2022-10-16,obm_spent_value_ge155d_btc_daily,4509.02780918,BTC,daily,OBM v0.1.0
2022-10-17,obm_spent_value_ge155d_btc_daily,29659.31825433,BTC,daily,OBM v0.1.0
2022-10-18,obm_spent_value_ge155d_btc_daily,48429.97809524,BTC,daily,OBM v0.1.0
2022-10-19,obm_spent_value_ge155d_btc_daily,6420.38054130,BTC,daily,OBM v0.1.0
2022-10-20,obm_spent_value_ge155d_btc_daily,4256.51252582,BTC,daily,OBM v0.1.0
2022-10-21,obm_spent_value_ge155d_btc_daily,5086.31676914,BTC,daily,OBM v0.1.0
2022-10-22,obm_spent_value_ge155d_btc_daily,16834.41823611,BTC,daily,OBM v0.1.0
2022-10-23,obm_spent_value_ge155d_btc_daily,2666.78012590,BTC,daily,OBM v0.1.0
2022-10-24,obm_spent_value_ge155d_btc_daily,4524.75057398,BTC,daily,OBM v0.1.0
2022-10-25,obm_spent_value_ge155d_btc_daily,8653.18439901,BTC,daily,OBM v0.1.0
2022-10-26,obm_spent_value_ge155d_btc_daily,11960.26478392,BTC,daily,OBM v0.1.0
2022-10-27,obm_spent_value_ge155d_btc_daily,10439.63442513,BTC,daily,OBM v0.1.0
2022-10-28,obm_spent_value_ge155d_btc_daily,6722.49231755,BTC,daily,OBM v0.1.0
2022-10-29,obm_spent_value_ge155d_btc_daily,3535.99816631,BTC,daily,OBM v0.1.0
2022-10-30,obm_spent_value_ge155d_btc_daily,4266.72561475,BTC,daily,OBM v0.1.0
2022-10-31,obm_spent_value_ge155d_btc_daily,8129.60256757,BTC,daily,OBM v0.1.0
2022-11-01,obm_spent_value_ge155d_btc_daily,7978.20936218,BTC,daily,OBM v0.1.0
2022-11-02,obm_spent_value_ge155d_btc_daily,8989.44607397,BTC,daily,OBM v0.1.0
2022-11-03,obm_spent_value_ge155d_btc_daily,6401.73628443,BTC,daily,OBM v0.1.0
2022-11-04,obm_spent_value_ge155d_btc_daily,42292.68681481,BTC,daily,OBM v0.1.0
2022-11-05,obm_spent_value_ge155d_btc_daily,11801.93229114,BTC,daily,OBM v0.1.0
2022-11-06,obm_spent_value_ge155d_btc_daily,3955.72024516,BTC,daily,OBM v0.1.0
2022-11-07,obm_spent_value_ge155d_btc_daily,36914.78137055,BTC,daily,OBM v0.1.0
2022-11-08,obm_spent_value_ge155d_btc_daily,13548.56475588,BTC,daily,OBM v0.1.0
2022-11-09,obm_spent_value_ge155d_btc_daily,39873.43678667,BTC,daily,OBM v0.1.0
2022-11-10,obm_spent_value_ge155d_btc_daily,25503.23260679,BTC,daily,OBM v0.1.0
2022-11-11,obm_spent_value_ge155d_btc_daily,34240.64671957,BTC,daily,OBM v0.1.0
2022-11-12,obm_spent_value_ge155d_btc_daily,51128.31555205,BTC,daily,OBM v0.1.0
2022-11-13,obm_spent_value_ge155d_btc_daily,5786.57858319,BTC,daily,OBM v0.1.0
2022-11-14,obm_spent_value_ge155d_btc_daily,19226.95931339,BTC,daily,OBM v0.1.0
2022-11-15,obm_spent_value_ge155d_btc_daily,28428.33840963,BTC,daily,OBM v0.1.0
2022-11-16,obm_spent_value_ge155d_btc_daily,44083.37177889,BTC,daily,OBM v0.1.0
2022-11-17,obm_spent_value_ge155d_btc_daily,42145.87430768,BTC,daily,OBM v0.1.0
2022-11-18,obm_spent_value_ge155d_btc_daily,142176.37014143,BTC,daily,OBM v0.1.0
2022-11-19,obm_spent_value_ge155d_btc_daily,8510.49771143,BTC,daily,OBM v0.1.0
2022-11-20,obm_spent_value_ge155d_btc_daily,12017.64592811,BTC,daily,OBM v0.1.0
2022-11-21,obm_spent_value_ge155d_btc_daily,20668.23212685,BTC,daily,OBM v0.1.0
2022-11-22,obm_spent_value_ge155d_btc_daily,22132.24825390,BTC,daily,OBM v0.1.0
2022-11-23,obm_spent_value_ge155d_btc_daily,58867.08810981,BTC,daily,OBM v0.1.0
2022-11-24,obm_spent_value_ge155d_btc_daily,9352.64079834,BTC,daily,OBM v0.1.0
2022-11-25,obm_spent_value_ge155d_btc_daily,10508.87257720,BTC,daily,OBM v0.1.0
2022-11-26,obm_spent_value_ge155d_btc_daily,7212.30328596,BTC,daily,OBM v0.1.0
2022-11-27,obm_spent_value_ge155d_btc_daily,3891.01586529,BTC,daily,OBM v0.1.0
2022-11-28,obm_spent_value_ge155d_btc_daily,15782.54541126,BTC,daily,OBM v0.1.0
2022-11-29,obm_spent_value_ge155d_btc_daily,8351.40993514,BTC,daily,OBM v0.1.0
2022-11-30,obm_spent_value_ge155d_btc_daily,11090.30481685,BTC,daily,OBM v0.1.0
2022-12-01,obm_spent_value_ge155d_btc_daily,14160.55605017,BTC,daily,OBM v0.1.0
2022-12-02,obm_spent_value_ge155d_btc_daily,15560.99631252,BTC,daily,OBM v0.1.0
2022-12-03,obm_spent_value_ge155d_btc_daily,4985.75446476,BTC,daily,OBM v0.1.0
2022-12-04,obm_spent_value_ge155d_btc_daily,9181.34916484,BTC,daily,OBM v0.1.0
2022-12-05,obm_spent_value_ge155d_btc_daily,43733.13567134,BTC,daily,OBM v0.1.0
2022-12-06,obm_spent_value_ge155d_btc_daily,12187.22521645,BTC,daily,OBM v0.1.0
2022-12-07,obm_spent_value_ge155d_btc_daily,4874.46451196,BTC,daily,OBM v0.1.0
2022-12-08,obm_spent_value_ge155d_btc_daily,12656.92556896,BTC,daily,OBM v0.1.0
2022-12-09,obm_spent_value_ge155d_btc_daily,17136.32056706,BTC,daily,OBM v0.1.0
2022-12-10,obm_spent_value_ge155d_btc_daily,3645.14093512,BTC,daily,OBM v0.1.0
2022-12-11,obm_spent_value_ge155d_btc_daily,7918.96261487,BTC,daily,OBM v0.1.0
2022-12-12,obm_spent_value_ge155d_btc_daily,5890.59094152,BTC,daily,OBM v0.1.0
2022-12-13,obm_spent_value_ge155d_btc_daily,13138.40441008,BTC,daily,OBM v0.1.0
2022-12-14,obm_spent_value_ge155d_btc_daily,18683.39995096,BTC,daily,OBM v0.1.0
2022-12-15,obm_spent_value_ge155d_btc_daily,5925.26238618,BTC,daily,OBM v0.1.0
2022-12-16,obm_spent_value_ge155d_btc_daily,10022.93734022,BTC,daily,OBM v0.1.0
2022-12-17,obm_spent_value_ge155d_btc_daily,6015.13229924,BTC,daily,OBM v0.1.0
2022-12-18,obm_spent_value_ge155d_btc_daily,4413.58230978,BTC,daily,OBM v0.1.0
2022-12-19,obm_spent_value_ge155d_btc_daily,7083.74719583,BTC,daily,OBM v0.1.0
2022-12-20,obm_spent_value_ge155d_btc_daily,5365.59336987,BTC,daily,OBM v0.1.0
2022-12-21,obm_spent_value_ge155d_btc_daily,12181.28070137,BTC,daily,OBM v0.1.0
2022-12-22,obm_spent_value_ge155d_btc_daily,10373.74058857,BTC,daily,OBM v0.1.0
2022-12-23,obm_spent_value_ge155d_btc_daily,10116.00808588,BTC,daily,OBM v0.1.0
2022-12-24,obm_spent_value_ge155d_btc_daily,5589.12494144,BTC,daily,OBM v0.1.0
2022-12-25,obm_spent_value_ge155d_btc_daily,8839.07517295,BTC,daily,OBM v0.1.0
2022-12-26,obm_spent_value_ge155d_btc_daily,2905.53960977,BTC,daily,OBM v0.1.0
2022-12-27,obm_spent_value_ge155d_btc_daily,7806.37641636,BTC,daily,OBM v0.1.0
2022-12-28,obm_spent_value_ge155d_btc_daily,38382.72067936,BTC,daily,OBM v0.1.0
2022-12-29,obm_spent_value_ge155d_btc_daily,22963.23126777,BTC,daily,OBM v0.1.0
2022-12-30,obm_spent_value_ge155d_btc_daily,11179.46778877,BTC,daily,OBM v0.1.0
2022-12-31,obm_spent_value_ge155d_btc_daily,29673.48287343,BTC,daily,OBM v0.1.0
2023-01-01,obm_spent_value_ge155d_btc_daily,4282.68815442,BTC,daily,OBM v0.1.0
2023-01-02,obm_spent_value_ge155d_btc_daily,6369.65463548,BTC,daily,OBM v0.1.0
2023-01-03,obm_spent_value_ge155d_btc_daily,10487.09617515,BTC,daily,OBM v0.1.0
2023-01-04,obm_spent_value_ge155d_btc_daily,16133.04444190,BTC,daily,OBM v0.1.0
2023-01-05,obm_spent_value_ge155d_btc_daily,32341.15095446,BTC,daily,OBM v0.1.0
2023-01-06,obm_spent_value_ge155d_btc_daily,15516.48485340,BTC,daily,OBM v0.1.0
2023-01-07,obm_spent_value_ge155d_btc_daily,8574.50650372,BTC,daily,OBM v0.1.0
2023-01-08,obm_spent_value_ge155d_btc_daily,4067.63718372,BTC,daily,OBM v0.1.0
2023-01-09,obm_spent_value_ge155d_btc_daily,5412.81195992,BTC,daily,OBM v0.1.0
2023-01-10,obm_spent_value_ge155d_btc_daily,14839.63250216,BTC,daily,OBM v0.1.0
2023-01-11,obm_spent_value_ge155d_btc_daily,16867.12455239,BTC,daily,OBM v0.1.0
2023-01-12,obm_spent_value_ge155d_btc_daily,11295.61630159,BTC,daily,OBM v0.1.0
2023-01-13,obm_spent_value_ge155d_btc_daily,10281.39294281,BTC,daily,OBM v0.1.0
2023-01-14,obm_spent_value_ge155d_btc_daily,7404.68973472,BTC,daily,OBM v0.1.0
2023-01-15,obm_spent_value_ge155d_btc_daily,6396.30142277,BTC,daily,OBM v0.1.0
2023-01-16,obm_spent_value_ge155d_btc_daily,14548.55393356,BTC,daily,OBM v0.1.0
2023-01-17,obm_spent_value_ge155d_btc_daily,8277.63801581,BTC,daily,OBM v0.1.0
2023-01-18,obm_spent_value_ge155d_btc_daily,13114.59676932,BTC,daily,OBM v0.1.0
2023-01-19,obm_spent_value_ge155d_btc_daily,13825.27801726,BTC,daily,OBM v0.1.0
2023-01-20,obm_spent_value_ge155d_btc_daily,8170.29432473,BTC,daily,OBM v0.1.0
2023-01-21,obm_spent_value_ge155d_btc_daily,6456.24085450,BTC,daily,OBM v0.1.0
2023-01-22,obm_spent_value_ge155d_btc_daily,3178.55235483,BTC,daily,OBM v0.1.0
2023-01-23,obm_spent_value_ge155d_btc_daily,8556.44689347,BTC,daily,OBM v0.1.0
2023-01-24,obm_spent_value_ge155d_btc_daily,6361.12918992,BTC,daily,OBM v0.1.0
2023-01-25,obm_spent_value_ge155d_btc_daily,8893.69740338,BTC,daily,OBM v0.1.0
2023-01-26,obm_spent_value_ge155d_btc_daily,66432.98231391,BTC,daily,OBM v0.1.0
2023-01-27,obm_spent_value_ge155d_btc_daily,32354.02801105,BTC,daily,OBM v0.1.0
2023-01-28,obm_spent_value_ge155d_btc_daily,3016.68232129,BTC,daily,OBM v0.1.0
2023-01-29,obm_spent_value_ge155d_btc_daily,4723.93187320,BTC,daily,OBM v0.1.0
2023-01-30,obm_spent_value_ge155d_btc_daily,4621.72873125,BTC,daily,OBM v0.1.0
2023-01-31,obm_spent_value_ge155d_btc_daily,6829.69109954,BTC,daily,OBM v0.1.0
2023-02-01,obm_spent_value_ge155d_btc_daily,4744.36504035,BTC,daily,OBM v0.1.0
2023-02-02,obm_spent_value_ge155d_btc_daily,5109.50676234,BTC,daily,OBM v0.1.0
2023-02-03,obm_spent_value_ge155d_btc_daily,11267.82598445,BTC,daily,OBM v0.1.0
2023-02-04,obm_spent_value_ge155d_btc_daily,3222.14224852,BTC,daily,OBM v0.1.0
2023-02-05,obm_spent_value_ge155d_btc_daily,3923.67544220,BTC,daily,OBM v0.1.0
2023-02-06,obm_spent_value_ge155d_btc_daily,4806.26137619,BTC,daily,OBM v0.1.0
2023-02-07,obm_spent_value_ge155d_btc_daily,5662.53680208,BTC,daily,OBM v0.1.0
2023-02-08,obm_spent_value_ge155d_btc_daily,3772.62022355,BTC,daily,OBM v0.1.0
2023-02-09,obm_spent_value_ge155d_btc_daily,7810.48774106,BTC,daily,OBM v0.1.0
2023-02-10,obm_spent_value_ge155d_btc_daily,14672.48708291,BTC,daily,OBM v0.1.0
2023-02-11,obm_spent_value_ge155d_btc_daily,3122.43721344,BTC,daily,OBM v0.1.0
2023-02-12,obm_spent_value_ge155d_btc_daily,4031.89905484,BTC,daily,OBM v0.1.0
2023-02-13,obm_spent_value_ge155d_btc_daily,6116.17471142,BTC,daily,OBM v0.1.0
2023-02-14,obm_spent_value_ge155d_btc_daily,3276.08189713,BTC,daily,OBM v0.1.0
2023-02-15,obm_spent_value_ge155d_btc_daily,7369.87355194,BTC,daily,OBM v0.1.0
2023-02-16,obm_spent_value_ge155d_btc_daily,8317.02342134,BTC,daily,OBM v0.1.0
2023-02-17,obm_spent_value_ge155d_btc_daily,5851.86228534,BTC,daily,OBM v0.1.0
2023-02-18,obm_spent_value_ge155d_btc_daily,3030.53365269,BTC,daily,OBM v0.1.0
2023-02-19,obm_spent_value_ge155d_btc_daily,5475.34220368,BTC,daily,OBM v0.1.0
2023-02-20,obm_spent_value_ge155d_btc_daily,3158.95842952,BTC,daily,OBM v0.1.0
2023-02-21,obm_spent_value_ge155d_btc_daily,6536.29694305,BTC,daily,OBM v0.1.0
2023-02-22,obm_spent_value_ge155d_btc_daily,14078.72831510,BTC,daily,OBM v0.1.0
2023-02-23,obm_spent_value_ge155d_btc_daily,4212.19890032,BTC,daily,OBM v0.1.0
2023-02-24,obm_spent_value_ge155d_btc_daily,12030.64052583,BTC,daily,OBM v0.1.0
2023-02-25,obm_spent_value_ge155d_btc_daily,4762.24519641,BTC,daily,OBM v0.1.0
2023-02-26,obm_spent_value_ge155d_btc_daily,3275.09551367,BTC,daily,OBM v0.1.0
2023-02-27,obm_spent_value_ge155d_btc_daily,8600.07898046,BTC,daily,OBM v0.1.0
2023-02-28,obm_spent_value_ge155d_btc_daily,26921.30495343,BTC,daily,OBM v0.1.0
2023-03-01,obm_spent_value_ge155d_btc_daily,28159.70162118,BTC,daily,OBM v0.1.0
2023-03-02,obm_spent_value_ge155d_btc_daily,7258.01213488,BTC,daily,OBM v0.1.0
2023-03-03,obm_spent_value_ge155d_btc_daily,6676.53627448,BTC,daily,OBM v0.1.0
2023-03-04,obm_spent_value_ge155d_btc_daily,3556.82786253,BTC,daily,OBM v0.1.0
2023-03-05,obm_spent_value_ge155d_btc_daily,18624.77740112,BTC,daily,OBM v0.1.0
2023-03-06,obm_spent_value_ge155d_btc_daily,11647.47827878,BTC,daily,OBM v0.1.0
2023-03-07,obm_spent_value_ge155d_btc_daily,61707.91201597,BTC,daily,OBM v0.1.0
2023-03-08,obm_spent_value_ge155d_btc_daily,5035.87112750,BTC,daily,OBM v0.1.0
2023-03-09,obm_spent_value_ge155d_btc_daily,8373.54099277,BTC,daily,OBM v0.1.0
2023-03-10,obm_spent_value_ge155d_btc_daily,6589.55250874,BTC,daily,OBM v0.1.0
2023-03-11,obm_spent_value_ge155d_btc_daily,10306.76789649,BTC,daily,OBM v0.1.0
2023-03-12,obm_spent_value_ge155d_btc_daily,3879.25709844,BTC,daily,OBM v0.1.0
2023-03-13,obm_spent_value_ge155d_btc_daily,19316.23512578,BTC,daily,OBM v0.1.0
2023-03-14,obm_spent_value_ge155d_btc_daily,13450.74172688,BTC,daily,OBM v0.1.0
2023-03-15,obm_spent_value_ge155d_btc_daily,22058.69961976,BTC,daily,OBM v0.1.0
2023-03-16,obm_spent_value_ge155d_btc_daily,10592.09576539,BTC,daily,OBM v0.1.0
2023-03-17,obm_spent_value_ge155d_btc_daily,8073.61529901,BTC,daily,OBM v0.1.0
2023-03-18,obm_spent_value_ge155d_btc_daily,6168.60765134,BTC,daily,OBM v0.1.0
2023-03-19,obm_spent_value_ge155d_btc_daily,8111.99867177,BTC,daily,OBM v0.1.0
2023-03-20,obm_spent_value_ge155d_btc_daily,9550.58693956,BTC,daily,OBM v0.1.0
2023-03-21,obm_spent_value_ge155d_btc_daily,7809.78531322,BTC,daily,OBM v0.1.0
2023-03-22,obm_spent_value_ge155d_btc_daily,12391.04753269,BTC,daily,OBM v0.1.0
2023-03-23,obm_spent_value_ge155d_btc_daily,17654.48563774,BTC,daily,OBM v0.1.0
2023-03-24,obm_spent_value_ge155d_btc_daily,7629.68116442,BTC,daily,OBM v0.1.0
2023-03-25,obm_spent_value_ge155d_btc_daily,5023.73725540,BTC,daily,OBM v0.1.0
2023-03-26,obm_spent_value_ge155d_btc_daily,3624.37273570,BTC,daily,OBM v0.1.0
2023-03-27,obm_spent_value_ge155d_btc_daily,7619.76759382,BTC,daily,OBM v0.1.0
2023-03-28,obm_spent_value_ge155d_btc_daily,7237.42689378,BTC,daily,OBM v0.1.0
2023-03-29,obm_spent_value_ge155d_btc_daily,4574.05249213,BTC,daily,OBM v0.1.0
2023-03-30,obm_spent_value_ge155d_btc_daily,176908.45188664,BTC,daily,OBM v0.1.0
2023-03-31,obm_spent_value_ge155d_btc_daily,15209.48029374,BTC,daily,OBM v0.1.0
2023-04-01,obm_spent_value_ge155d_btc_daily,3906.54565951,BTC,daily,OBM v0.1.0
2023-04-02,obm_spent_value_ge155d_btc_daily,2718.21507132,BTC,daily,OBM v0.1.0
2023-04-03,obm_spent_value_ge155d_btc_daily,8117.34328001,BTC,daily,OBM v0.1.0
2023-04-04,obm_spent_value_ge155d_btc_daily,17226.76717652,BTC,daily,OBM v0.1.0
2023-04-05,obm_spent_value_ge155d_btc_daily,18208.97200660,BTC,daily,OBM v0.1.0
2023-04-06,obm_spent_value_ge155d_btc_daily,17156.11164775,BTC,daily,OBM v0.1.0
2023-04-07,obm_spent_value_ge155d_btc_daily,16828.46023242,BTC,daily,OBM v0.1.0
2023-04-08,obm_spent_value_ge155d_btc_daily,2805.70219104,BTC,daily,OBM v0.1.0
2023-04-09,obm_spent_value_ge155d_btc_daily,1889.83656426,BTC,daily,OBM v0.1.0
2023-04-10,obm_spent_value_ge155d_btc_daily,14561.78190388,BTC,daily,OBM v0.1.0
2023-04-11,obm_spent_value_ge155d_btc_daily,33725.86070559,BTC,daily,OBM v0.1.0
2023-04-12,obm_spent_value_ge155d_btc_daily,33780.03612117,BTC,daily,OBM v0.1.0
2023-04-13,obm_spent_value_ge155d_btc_daily,10447.94920272,BTC,daily,OBM v0.1.0
2023-04-14,obm_spent_value_ge155d_btc_daily,9347.55258381,BTC,daily,OBM v0.1.0
2023-04-15,obm_spent_value_ge155d_btc_daily,3865.71757390,BTC,daily,OBM v0.1.0
2023-04-16,obm_spent_value_ge155d_btc_daily,3759.82109073,BTC,daily,OBM v0.1.0
2023-04-17,obm_spent_value_ge155d_btc_daily,6951.27564040,BTC,daily,OBM v0.1.0
2023-04-18,obm_spent_value_ge155d_btc_daily,7591.84746169,BTC,daily,OBM v0.1.0
2023-04-19,obm_spent_value_ge155d_btc_daily,12714.47494058,BTC,daily,OBM v0.1.0
2023-04-20,obm_spent_value_ge155d_btc_daily,6265.75421686,BTC,daily,OBM v0.1.0
2023-04-21,obm_spent_value_ge155d_btc_daily,5137.91970457,BTC,daily,OBM v0.1.0
2023-04-22,obm_spent_value_ge155d_btc_daily,3332.66150226,BTC,daily,OBM v0.1.0
2023-04-23,obm_spent_value_ge155d_btc_daily,3958.94848449,BTC,daily,OBM v0.1.0
2023-04-24,obm_spent_value_ge155d_btc_daily,4545.87583788,BTC,daily,OBM v0.1.0
2023-04-25,obm_spent_value_ge155d_btc_daily,7459.81511405,BTC,daily,OBM v0.1.0
2023-04-26,obm_spent_value_ge155d_btc_daily,5149.73059605,BTC,daily,OBM v0.1.0
2023-04-27,obm_spent_value_ge155d_btc_daily,4721.22792095,BTC,daily,OBM v0.1.0
2023-04-28,obm_spent_value_ge155d_btc_daily,9602.74765798,BTC,daily,OBM v0.1.0
2023-04-29,obm_spent_value_ge155d_btc_daily,10370.80848420,BTC,daily,OBM v0.1.0
2023-04-30,obm_spent_value_ge155d_btc_daily,2784.36965005,BTC,daily,OBM v0.1.0
2023-05-01,obm_spent_value_ge155d_btc_daily,4853.83787078,BTC,daily,OBM v0.1.0
2023-05-02,obm_spent_value_ge155d_btc_daily,5329.33767580,BTC,daily,OBM v0.1.0
2023-05-03,obm_spent_value_ge155d_btc_daily,7658.13354594,BTC,daily,OBM v0.1.0
2023-05-04,obm_spent_value_ge155d_btc_daily,5871.20424998,BTC,daily,OBM v0.1.0
2023-05-05,obm_spent_value_ge155d_btc_daily,4839.41678633,BTC,daily,OBM v0.1.0
2023-05-06,obm_spent_value_ge155d_btc_daily,2339.16433415,BTC,daily,OBM v0.1.0
2023-05-07,obm_spent_value_ge155d_btc_daily,128961.86689919,BTC,daily,OBM v0.1.0
2023-05-08,obm_spent_value_ge155d_btc_daily,23819.69442403,BTC,daily,OBM v0.1.0
2023-05-09,obm_spent_value_ge155d_btc_daily,3013.81219893,BTC,daily,OBM v0.1.0
2023-05-10,obm_spent_value_ge155d_btc_daily,9651.60473114,BTC,daily,OBM v0.1.0
2023-05-11,obm_spent_value_ge155d_btc_daily,10549.87036109,BTC,daily,OBM v0.1.0
2023-05-12,obm_spent_value_ge155d_btc_daily,16710.67974897,BTC,daily,OBM v0.1.0
2023-05-13,obm_spent_value_ge155d_btc_daily,4323.28440508,BTC,daily,OBM v0.1.0
2023-05-14,obm_spent_value_ge155d_btc_daily,5503.97825870,BTC,daily,OBM v0.1.0
2023-05-15,obm_spent_value_ge155d_btc_daily,27332.38195076,BTC,daily,OBM v0.1.0
2023-05-16,obm_spent_value_ge155d_btc_daily,5845.89217277,BTC,daily,OBM v0.1.0
2023-05-17,obm_spent_value_ge155d_btc_daily,6219.77127555,BTC,daily,OBM v0.1.0
2023-05-18,obm_spent_value_ge155d_btc_daily,5473.59060497,BTC,daily,OBM v0.1.0
2023-05-19,obm_spent_value_ge155d_btc_daily,5366.67283750,BTC,daily,OBM v0.1.0
2023-05-20,obm_spent_value_ge155d_btc_daily,3744.36195806,BTC,daily,OBM v0.1.0
2023-05-21,obm_spent_value_ge155d_btc_daily,6818.18378263,BTC,daily,OBM v0.1.0
2023-05-22,obm_spent_value_ge155d_btc_daily,24456.70205942,BTC,daily,OBM v0.1.0
2023-05-23,obm_spent_value_ge155d_btc_daily,9327.44440030,BTC,daily,OBM v0.1.0
2023-05-24,obm_spent_value_ge155d_btc_daily,8496.22172517,BTC,daily,OBM v0.1.0
2023-05-25,obm_spent_value_ge155d_btc_daily,55536.29828110,BTC,daily,OBM v0.1.0
2023-05-26,obm_spent_value_ge155d_btc_daily,16388.04378891,BTC,daily,OBM v0.1.0
2023-05-27,obm_spent_value_ge155d_btc_daily,3031.12623673,BTC,daily,OBM v0.1.0
2023-05-28,obm_spent_value_ge155d_btc_daily,5094.48772790,BTC,daily,OBM v0.1.0
2023-05-29,obm_spent_value_ge155d_btc_daily,7480.42125575,BTC,daily,OBM v0.1.0
2023-05-30,obm_spent_value_ge155d_btc_daily,11874.78597157,BTC,daily,OBM v0.1.0
2023-05-31,obm_spent_value_ge155d_btc_daily,10287.27022905,BTC,daily,OBM v0.1.0
2023-06-01,obm_spent_value_ge155d_btc_daily,25793.37283438,BTC,daily,OBM v0.1.0
2023-06-02,obm_spent_value_ge155d_btc_daily,7415.11334557,BTC,daily,OBM v0.1.0
2023-06-03,obm_spent_value_ge155d_btc_daily,3753.02420967,BTC,daily,OBM v0.1.0
2023-06-04,obm_spent_value_ge155d_btc_daily,4104.56804171,BTC,daily,OBM v0.1.0
2023-06-05,obm_spent_value_ge155d_btc_daily,17241.17632618,BTC,daily,OBM v0.1.0
2023-06-06,obm_spent_value_ge155d_btc_daily,5549.95402000,BTC,daily,OBM v0.1.0
2023-06-07,obm_spent_value_ge155d_btc_daily,6976.12971076,BTC,daily,OBM v0.1.0
2023-06-08,obm_spent_value_ge155d_btc_daily,7653.24445330,BTC,daily,OBM v0.1.0
2023-06-09,obm_spent_value_ge155d_btc_daily,4420.00738322,BTC,daily,OBM v0.1.0
2023-06-10,obm_spent_value_ge155d_btc_daily,8804.45965061,BTC,daily,OBM v0.1.0
2023-06-11,obm_spent_value_ge155d_btc_daily,5808.13757843,BTC,daily,OBM v0.1.0
2023-06-12,obm_spent_value_ge155d_btc_daily,6516.28711958,BTC,daily,OBM v0.1.0
2023-06-13,obm_spent_value_ge155d_btc_daily,13179.58669294,BTC,daily,OBM v0.1.0
2023-06-14,obm_spent_value_ge155d_btc_daily,25254.13632014,BTC,daily,OBM v0.1.0
2023-06-15,obm_spent_value_ge155d_btc_daily,15549.89952688,BTC,daily,OBM v0.1.0
2023-06-16,obm_spent_value_ge155d_btc_daily,8412.03292607,BTC,daily,OBM v0.1.0
2023-06-17,obm_spent_value_ge155d_btc_daily,2337.60909762,BTC,daily,OBM v0.1.0
2023-06-18,obm_spent_value_ge155d_btc_daily,13807.23053042,BTC,daily,OBM v0.1.0
2023-06-19,obm_spent_value_ge155d_btc_daily,5492.21609664,BTC,daily,OBM v0.1.0
2023-06-20,obm_spent_value_ge155d_btc_daily,26667.65423104,BTC,daily,OBM v0.1.0
2023-06-21,obm_spent_value_ge155d_btc_daily,32303.68193315,BTC,daily,OBM v0.1.0
2023-06-22,obm_spent_value_ge155d_btc_daily,8669.13433853,BTC,daily,OBM v0.1.0
2023-06-23,obm_spent_value_ge155d_btc_daily,23905.72921918,BTC,daily,OBM v0.1.0
2023-06-24,obm_spent_value_ge155d_btc_daily,6601.82972712,BTC,daily,OBM v0.1.0
2023-06-25,obm_spent_value_ge155d_btc_daily,6603.98399971,BTC,daily,OBM v0.1.0
2023-06-26,obm_spent_value_ge155d_btc_daily,6047.90876804,BTC,daily,OBM v0.1.0
2023-06-27,obm_spent_value_ge155d_btc_daily,13388.21136146,BTC,daily,OBM v0.1.0
2023-06-28,obm_spent_value_ge155d_btc_daily,22654.73197168,BTC,daily,OBM v0.1.0
2023-06-29,obm_spent_value_ge155d_btc_daily,27638.39477665,BTC,daily,OBM v0.1.0
2023-06-30,obm_spent_value_ge155d_btc_daily,8253.92930345,BTC,daily,OBM v0.1.0
2023-07-01,obm_spent_value_ge155d_btc_daily,25848.39107009,BTC,daily,OBM v0.1.0
2023-07-02,obm_spent_value_ge155d_btc_daily,3946.23920659,BTC,daily,OBM v0.1.0
2023-07-03,obm_spent_value_ge155d_btc_daily,7202.38085068,BTC,daily,OBM v0.1.0
2023-07-04,obm_spent_value_ge155d_btc_daily,6363.92117974,BTC,daily,OBM v0.1.0
2023-07-05,obm_spent_value_ge155d_btc_daily,6370.85256332,BTC,daily,OBM v0.1.0
2023-07-06,obm_spent_value_ge155d_btc_daily,30955.70116003,BTC,daily,OBM v0.1.0
2023-07-07,obm_spent_value_ge155d_btc_daily,5455.30697824,BTC,daily,OBM v0.1.0
2023-07-08,obm_spent_value_ge155d_btc_daily,2813.76295317,BTC,daily,OBM v0.1.0
2023-07-09,obm_spent_value_ge155d_btc_daily,4398.51618553,BTC,daily,OBM v0.1.0
2023-07-10,obm_spent_value_ge155d_btc_daily,8144.21748647,BTC,daily,OBM v0.1.0
2023-07-11,obm_spent_value_ge155d_btc_daily,11565.49469740,BTC,daily,OBM v0.1.0
2023-07-12,obm_spent_value_ge155d_btc_daily,7290.13521077,BTC,daily,OBM v0.1.0
2023-07-13,obm_spent_value_ge155d_btc_daily,16789.10408009,BTC,daily,OBM v0.1.0
2023-07-14,obm_spent_value_ge155d_btc_daily,10459.05056445,BTC,daily,OBM v0.1.0
2023-07-15,obm_spent_value_ge155d_btc_daily,2863.88448053,BTC,daily,OBM v0.1.0
2023-07-16,obm_spent_value_ge155d_btc_daily,3586.37209200,BTC,daily,OBM v0.1.0
2023-07-17,obm_spent_value_ge155d_btc_daily,13804.37623263,BTC,daily,OBM v0.1.0
2023-07-18,obm_spent_value_ge155d_btc_daily,11754.71785919,BTC,daily,OBM v0.1.0
2023-07-19,obm_spent_value_ge155d_btc_daily,6873.13139190,BTC,daily,OBM v0.1.0
2023-07-20,obm_spent_value_ge155d_btc_daily,8894.30867632,BTC,daily,OBM v0.1.0
2023-07-21,obm_spent_value_ge155d_btc_daily,11911.05934184,BTC,daily,OBM v0.1.0
2023-07-22,obm_spent_value_ge155d_btc_daily,3044.56957242,BTC,daily,OBM v0.1.0
2023-07-23,obm_spent_value_ge155d_btc_daily,3836.35069923,BTC,daily,OBM v0.1.0
2023-07-24,obm_spent_value_ge155d_btc_daily,9437.59987531,BTC,daily,OBM v0.1.0
2023-07-25,obm_spent_value_ge155d_btc_daily,5963.76418207,BTC,daily,OBM v0.1.0
2023-07-26,obm_spent_value_ge155d_btc_daily,4889.72465965,BTC,daily,OBM v0.1.0
2023-07-27,obm_spent_value_ge155d_btc_daily,39744.43173972,BTC,daily,OBM v0.1.0
2023-07-28,obm_spent_value_ge155d_btc_daily,114405.06835520,BTC,daily,OBM v0.1.0
2023-07-29,obm_spent_value_ge155d_btc_daily,2684.01695046,BTC,daily,OBM v0.1.0
2023-07-30,obm_spent_value_ge155d_btc_daily,3063.21450277,BTC,daily,OBM v0.1.0
2023-07-31,obm_spent_value_ge155d_btc_daily,9748.75909741,BTC,daily,OBM v0.1.0
2023-08-01,obm_spent_value_ge155d_btc_daily,5069.61106613,BTC,daily,OBM v0.1.0
2023-08-02,obm_spent_value_ge155d_btc_daily,13235.75355743,BTC,daily,OBM v0.1.0
2023-08-03,obm_spent_value_ge155d_btc_daily,3858.59952516,BTC,daily,OBM v0.1.0
2023-08-04,obm_spent_value_ge155d_btc_daily,8287.36438855,BTC,daily,OBM v0.1.0
2023-08-05,obm_spent_value_ge155d_btc_daily,2360.44094292,BTC,daily,OBM v0.1.0
2023-08-06,obm_spent_value_ge155d_btc_daily,3747.75222128,BTC,daily,OBM v0.1.0
2023-08-07,obm_spent_value_ge155d_btc_daily,5542.80417045,BTC,daily,OBM v0.1.0
2023-08-08,obm_spent_value_ge155d_btc_daily,12470.60718096,BTC,daily,OBM v0.1.0
2023-08-09,obm_spent_value_ge155d_btc_daily,9303.83300487,BTC,daily,OBM v0.1.0
2023-08-10,obm_spent_value_ge155d_btc_daily,10224.74606762,BTC,daily,OBM v0.1.0
2023-08-11,obm_spent_value_ge155d_btc_daily,6541.88351679,BTC,daily,OBM v0.1.0
2023-08-12,obm_spent_value_ge155d_btc_daily,6068.69083888,BTC,daily,OBM v0.1.0
2023-08-13,obm_spent_value_ge155d_btc_daily,5829.56074760,BTC,daily,OBM v0.1.0
2023-08-14,obm_spent_value_ge155d_btc_daily,11684.15041817,BTC,daily,OBM v0.1.0
2023-08-15,obm_spent_value_ge155d_btc_daily,6739.17267518,BTC,daily,OBM v0.1.0
2023-08-16,obm_spent_value_ge155d_btc_daily,10974.53580828,BTC,daily,OBM v0.1.0
2023-08-17,obm_spent_value_ge155d_btc_daily,13715.01305102,BTC,daily,OBM v0.1.0
2023-08-18,obm_spent_value_ge155d_btc_daily,19854.93658734,BTC,daily,OBM v0.1.0
2023-08-19,obm_spent_value_ge155d_btc_daily,2822.54142473,BTC,daily,OBM v0.1.0
2023-08-20,obm_spent_value_ge155d_btc_daily,3336.09132793,BTC,daily,OBM v0.1.0
2023-08-21,obm_spent_value_ge155d_btc_daily,6148.95802619,BTC,daily,OBM v0.1.0
2023-08-22,obm_spent_value_ge155d_btc_daily,12296.73151209,BTC,daily,OBM v0.1.0
2023-08-23,obm_spent_value_ge155d_btc_daily,7098.48117657,BTC,daily,OBM v0.1.0
2023-08-24,obm_spent_value_ge155d_btc_daily,6282.83203647,BTC,daily,OBM v0.1.0
2023-08-25,obm_spent_value_ge155d_btc_daily,8066.26881982,BTC,daily,OBM v0.1.0
2023-08-26,obm_spent_value_ge155d_btc_daily,2557.97958794,BTC,daily,OBM v0.1.0
2023-08-27,obm_spent_value_ge155d_btc_daily,5871.93366711,BTC,daily,OBM v0.1.0
2023-08-28,obm_spent_value_ge155d_btc_daily,9623.34446786,BTC,daily,OBM v0.1.0
2023-08-29,obm_spent_value_ge155d_btc_daily,21535.53296781,BTC,daily,OBM v0.1.0
2023-08-30,obm_spent_value_ge155d_btc_daily,7134.53403735,BTC,daily,OBM v0.1.0
2023-08-31,obm_spent_value_ge155d_btc_daily,8926.29035332,BTC,daily,OBM v0.1.0
2023-09-01,obm_spent_value_ge155d_btc_daily,7550.30293550,BTC,daily,OBM v0.1.0
2023-09-02,obm_spent_value_ge155d_btc_daily,3104.71209781,BTC,daily,OBM v0.1.0
2023-09-03,obm_spent_value_ge155d_btc_daily,4275.10063573,BTC,daily,OBM v0.1.0
2023-09-04,obm_spent_value_ge155d_btc_daily,6037.72481622,BTC,daily,OBM v0.1.0
2023-09-05,obm_spent_value_ge155d_btc_daily,5899.22287556,BTC,daily,OBM v0.1.0
2023-09-06,obm_spent_value_ge155d_btc_daily,5099.42806806,BTC,daily,OBM v0.1.0
2023-09-07,obm_spent_value_ge155d_btc_daily,4528.01919968,BTC,daily,OBM v0.1.0
2023-09-08,obm_spent_value_ge155d_btc_daily,5758.42604417,BTC,daily,OBM v0.1.0
2023-09-09,obm_spent_value_ge155d_btc_daily,4160.17800170,BTC,daily,OBM v0.1.0
2023-09-10,obm_spent_value_ge155d_btc_daily,2578.78361017,BTC,daily,OBM v0.1.0
2023-09-11,obm_spent_value_ge155d_btc_daily,7692.23622775,BTC,daily,OBM v0.1.0
2023-09-12,obm_spent_value_ge155d_btc_daily,6410.78802360,BTC,daily,OBM v0.1.0
2023-09-13,obm_spent_value_ge155d_btc_daily,3951.86908660,BTC,daily,OBM v0.1.0
2023-09-14,obm_spent_value_ge155d_btc_daily,13124.88896511,BTC,daily,OBM v0.1.0
2023-09-15,obm_spent_value_ge155d_btc_daily,4382.77163613,BTC,daily,OBM v0.1.0
2023-09-16,obm_spent_value_ge155d_btc_daily,5744.75132214,BTC,daily,OBM v0.1.0
2023-09-17,obm_spent_value_ge155d_btc_daily,3009.42024806,BTC,daily,OBM v0.1.0
2023-09-18,obm_spent_value_ge155d_btc_daily,7435.83256230,BTC,daily,OBM v0.1.0
2023-09-19,obm_spent_value_ge155d_btc_daily,15270.01568543,BTC,daily,OBM v0.1.0
2023-09-20,obm_spent_value_ge155d_btc_daily,6436.24741491,BTC,daily,OBM v0.1.0
2023-09-21,obm_spent_value_ge155d_btc_daily,3496.59883821,BTC,daily,OBM v0.1.0
2023-09-22,obm_spent_value_ge155d_btc_daily,2606.51153590,BTC,daily,OBM v0.1.0
2023-09-23,obm_spent_value_ge155d_btc_daily,2939.21460298,BTC,daily,OBM v0.1.0
2023-09-24,obm_spent_value_ge155d_btc_daily,2830.73535686,BTC,daily,OBM v0.1.0
2023-09-25,obm_spent_value_ge155d_btc_daily,7237.32242042,BTC,daily,OBM v0.1.0
2023-09-26,obm_spent_value_ge155d_btc_daily,6759.46344886,BTC,daily,OBM v0.1.0
2023-09-27,obm_spent_value_ge155d_btc_daily,6423.05764201,BTC,daily,OBM v0.1.0
2023-09-28,obm_spent_value_ge155d_btc_daily,5666.69367331,BTC,daily,OBM v0.1.0
2023-09-29,obm_spent_value_ge155d_btc_daily,13489.21998887,BTC,daily,OBM v0.1.0
2023-09-30,obm_spent_value_ge155d_btc_daily,6092.61127494,BTC,daily,OBM v0.1.0
2023-10-01,obm_spent_value_ge155d_btc_daily,5812.60257665,BTC,daily,OBM v0.1.0
2023-10-02,obm_spent_value_ge155d_btc_daily,18175.58217055,BTC,daily,OBM v0.1.0
2023-10-03,obm_spent_value_ge155d_btc_daily,9418.10382838,BTC,daily,OBM v0.1.0
2023-10-04,obm_spent_value_ge155d_btc_daily,9645.16929369,BTC,daily,OBM v0.1.0
2023-10-05,obm_spent_value_ge155d_btc_daily,6441.07422809,BTC,daily,OBM v0.1.0
2023-10-06,obm_spent_value_ge155d_btc_daily,17048.14191667,BTC,daily,OBM v0.1.0
2023-10-07,obm_spent_value_ge155d_btc_daily,8533.36069734,BTC,daily,OBM v0.1.0
2023-10-08,obm_spent_value_ge155d_btc_daily,2191.29704081,BTC,daily,OBM v0.1.0
2023-10-09,obm_spent_value_ge155d_btc_daily,18947.45285823,BTC,daily,OBM v0.1.0
2023-10-10,obm_spent_value_ge155d_btc_daily,6224.77311674,BTC,daily,OBM v0.1.0
2023-10-11,obm_spent_value_ge155d_btc_daily,21538.96726272,BTC,daily,OBM v0.1.0
2023-10-12,obm_spent_value_ge155d_btc_daily,9152.67645158,BTC,daily,OBM v0.1.0
2023-10-13,obm_spent_value_ge155d_btc_daily,4908.26857293,BTC,daily,OBM v0.1.0
2023-10-14,obm_spent_value_ge155d_btc_daily,21471.78141815,BTC,daily,OBM v0.1.0
2023-10-15,obm_spent_value_ge155d_btc_daily,4437.99406234,BTC,daily,OBM v0.1.0
2023-10-16,obm_spent_value_ge155d_btc_daily,7348.48185817,BTC,daily,OBM v0.1.0
2023-10-17,obm_spent_value_ge155d_btc_daily,8697.46819171,BTC,daily,OBM v0.1.0
2023-10-18,obm_spent_value_ge155d_btc_daily,9145.54358445,BTC,daily,OBM v0.1.0
2023-10-19,obm_spent_value_ge155d_btc_daily,9789.16420922,BTC,daily,OBM v0.1.0
2023-10-20,obm_spent_value_ge155d_btc_daily,15147.95319047,BTC,daily,OBM v0.1.0
2023-10-21,obm_spent_value_ge155d_btc_daily,5196.51719318,BTC,daily,OBM v0.1.0
2023-10-22,obm_spent_value_ge155d_btc_daily,5349.61467864,BTC,daily,OBM v0.1.0
2023-10-23,obm_spent_value_ge155d_btc_daily,19579.01894924,BTC,daily,OBM v0.1.0
2023-10-24,obm_spent_value_ge155d_btc_daily,40616.90597652,BTC,daily,OBM v0.1.0
2023-10-25,obm_spent_value_ge155d_btc_daily,13483.69756436,BTC,daily,OBM v0.1.0
2023-10-26,obm_spent_value_ge155d_btc_daily,31261.61017023,BTC,daily,OBM v0.1.0
2023-10-27,obm_spent_value_ge155d_btc_daily,13507.64913695,BTC,daily,OBM v0.1.0
2023-10-28,obm_spent_value_ge155d_btc_daily,6671.91430981,BTC,daily,OBM v0.1.0
2023-10-29,obm_spent_value_ge155d_btc_daily,5903.95613144,BTC,daily,OBM v0.1.0
2023-10-30,obm_spent_value_ge155d_btc_daily,10995.33024519,BTC,daily,OBM v0.1.0
2023-10-31,obm_spent_value_ge155d_btc_daily,12523.82968841,BTC,daily,OBM v0.1.0
2023-11-01,obm_spent_value_ge155d_btc_daily,24446.94290861,BTC,daily,OBM v0.1.0
2023-11-02,obm_spent_value_ge155d_btc_daily,10792.70293100,BTC,daily,OBM v0.1.0
2023-11-03,obm_spent_value_ge155d_btc_daily,21356.41186915,BTC,daily,OBM v0.1.0
2023-11-04,obm_spent_value_ge155d_btc_daily,6633.04605247,BTC,daily,OBM v0.1.0
2023-11-05,obm_spent_value_ge155d_btc_daily,4666.47970233,BTC,daily,OBM v0.1.0
2023-11-06,obm_spent_value_ge155d_btc_daily,6431.12919193,BTC,daily,OBM v0.1.0
2023-11-07,obm_spent_value_ge155d_btc_daily,11447.13117705,BTC,daily,OBM v0.1.0
2023-11-08,obm_spent_value_ge155d_btc_daily,6386.99041613,BTC,daily,OBM v0.1.0
2023-11-09,obm_spent_value_ge155d_btc_daily,75016.35667500,BTC,daily,OBM v0.1.0
2023-11-10,obm_spent_value_ge155d_btc_daily,10576.74237407,BTC,daily,OBM v0.1.0
2023-11-11,obm_spent_value_ge155d_btc_daily,5475.97957627,BTC,daily,OBM v0.1.0
2023-11-12,obm_spent_value_ge155d_btc_daily,4349.10199278,BTC,daily,OBM v0.1.0
2023-11-13,obm_spent_value_ge155d_btc_daily,7325.86907017,BTC,daily,OBM v0.1.0
2023-11-14,obm_spent_value_ge155d_btc_daily,7820.21672533,BTC,daily,OBM v0.1.0
2023-11-15,obm_spent_value_ge155d_btc_daily,15873.95129193,BTC,daily,OBM v0.1.0
2023-11-16,obm_spent_value_ge155d_btc_daily,15305.01081092,BTC,daily,OBM v0.1.0
2023-11-17,obm_spent_value_ge155d_btc_daily,8386.61456452,BTC,daily,OBM v0.1.0
2023-11-18,obm_spent_value_ge155d_btc_daily,3873.67649108,BTC,daily,OBM v0.1.0
2023-11-19,obm_spent_value_ge155d_btc_daily,6191.92523667,BTC,daily,OBM v0.1.0
2023-11-20,obm_spent_value_ge155d_btc_daily,8977.29416144,BTC,daily,OBM v0.1.0
2023-11-21,obm_spent_value_ge155d_btc_daily,30222.29764687,BTC,daily,OBM v0.1.0
2023-11-22,obm_spent_value_ge155d_btc_daily,23877.13715076,BTC,daily,OBM v0.1.0
2023-11-23,obm_spent_value_ge155d_btc_daily,4398.53422809,BTC,daily,OBM v0.1.0
2023-11-24,obm_spent_value_ge155d_btc_daily,6527.83903661,BTC,daily,OBM v0.1.0
2023-11-25,obm_spent_value_ge155d_btc_daily,3821.12463237,BTC,daily,OBM v0.1.0
2023-11-26,obm_spent_value_ge155d_btc_daily,6661.99553269,BTC,daily,OBM v0.1.0
2023-11-27,obm_spent_value_ge155d_btc_daily,6055.51915402,BTC,daily,OBM v0.1.0
2023-11-28,obm_spent_value_ge155d_btc_daily,11238.80776628,BTC,daily,OBM v0.1.0
2023-11-29,obm_spent_value_ge155d_btc_daily,7635.84264118,BTC,daily,OBM v0.1.0
2023-11-30,obm_spent_value_ge155d_btc_daily,30262.63060695,BTC,daily,OBM v0.1.0
2023-12-01,obm_spent_value_ge155d_btc_daily,11339.72862899,BTC,daily,OBM v0.1.0
2023-12-02,obm_spent_value_ge155d_btc_daily,8152.98104899,BTC,daily,OBM v0.1.0
2023-12-03,obm_spent_value_ge155d_btc_daily,5264.05937854,BTC,daily,OBM v0.1.0
2023-12-04,obm_spent_value_ge155d_btc_daily,21235.51362802,BTC,daily,OBM v0.1.0
2023-12-05,obm_spent_value_ge155d_btc_daily,18201.93826576,BTC,daily,OBM v0.1.0
2023-12-06,obm_spent_value_ge155d_btc_daily,35978.56328392,BTC,daily,OBM v0.1.0
2023-12-07,obm_spent_value_ge155d_btc_daily,13012.83031234,BTC,daily,OBM v0.1.0
2023-12-08,obm_spent_value_ge155d_btc_daily,15558.03648888,BTC,daily,OBM v0.1.0
2023-12-09,obm_spent_value_ge155d_btc_daily,12396.79083785,BTC,daily,OBM v0.1.0
2023-12-10,obm_spent_value_ge155d_btc_daily,6863.97173472,BTC,daily,OBM v0.1.0
2023-12-11,obm_spent_value_ge155d_btc_daily,19724.41321613,BTC,daily,OBM v0.1.0
2023-12-12,obm_spent_value_ge155d_btc_daily,35649.71452947,BTC,daily,OBM v0.1.0
2023-12-13,obm_spent_value_ge155d_btc_daily,10274.10985725,BTC,daily,OBM v0.1.0
2023-12-14,obm_spent_value_ge155d_btc_daily,6673.53920371,BTC,daily,OBM v0.1.0
2023-12-15,obm_spent_value_ge155d_btc_daily,24055.21804330,BTC,daily,OBM v0.1.0
2023-12-16,obm_spent_value_ge155d_btc_daily,15525.35720574,BTC,daily,OBM v0.1.0
2023-12-17,obm_spent_value_ge155d_btc_daily,3447.50860552,BTC,daily,OBM v0.1.0
2023-12-18,obm_spent_value_ge155d_btc_daily,16935.07159724,BTC,daily,OBM v0.1.0
2023-12-19,obm_spent_value_ge155d_btc_daily,14808.06327177,BTC,daily,OBM v0.1.0
2023-12-20,obm_spent_value_ge155d_btc_daily,22775.01357312,BTC,daily,OBM v0.1.0
2023-12-21,obm_spent_value_ge155d_btc_daily,10141.63583719,BTC,daily,OBM v0.1.0
2023-12-22,obm_spent_value_ge155d_btc_daily,22771.37022908,BTC,daily,OBM v0.1.0
2023-12-23,obm_spent_value_ge155d_btc_daily,9154.27082244,BTC,daily,OBM v0.1.0
2023-12-24,obm_spent_value_ge155d_btc_daily,15008.58437036,BTC,daily,OBM v0.1.0
2023-12-25,obm_spent_value_ge155d_btc_daily,6127.72891930,BTC,daily,OBM v0.1.0
2023-12-26,obm_spent_value_ge155d_btc_daily,4749.60239174,BTC,daily,OBM v0.1.0
2023-12-27,obm_spent_value_ge155d_btc_daily,46498.73325165,BTC,daily,OBM v0.1.0
2023-12-28,obm_spent_value_ge155d_btc_daily,10267.84415667,BTC,daily,OBM v0.1.0
2023-12-29,obm_spent_value_ge155d_btc_daily,33407.41088385,BTC,daily,OBM v0.1.0
2023-12-30,obm_spent_value_ge155d_btc_daily,7997.26749141,BTC,daily,OBM v0.1.0
2023-12-31,obm_spent_value_ge155d_btc_daily,6067.53791584,BTC,daily,OBM v0.1.0
2024-01-01,obm_spent_value_ge155d_btc_daily,5486.58274679,BTC,daily,OBM v0.1.0
2024-01-02,obm_spent_value_ge155d_btc_daily,19568.43383649,BTC,daily,OBM v0.1.0
2024-01-03,obm_spent_value_ge155d_btc_daily,19574.02498071,BTC,daily,OBM v0.1.0
2024-01-04,obm_spent_value_ge155d_btc_daily,200176.96015709,BTC,daily,OBM v0.1.0
2024-01-05,obm_spent_value_ge155d_btc_daily,22968.39119187,BTC,daily,OBM v0.1.0
2024-01-06,obm_spent_value_ge155d_btc_daily,4993.20080065,BTC,daily,OBM v0.1.0
2024-01-07,obm_spent_value_ge155d_btc_daily,5784.38933860,BTC,daily,OBM v0.1.0
2024-01-08,obm_spent_value_ge155d_btc_daily,10773.33827220,BTC,daily,OBM v0.1.0
2024-01-09,obm_spent_value_ge155d_btc_daily,21064.78359175,BTC,daily,OBM v0.1.0
2024-01-10,obm_spent_value_ge155d_btc_daily,13254.80654909,BTC,daily,OBM v0.1.0
2024-01-11,obm_spent_value_ge155d_btc_daily,17459.00573391,BTC,daily,OBM v0.1.0
2024-01-12,obm_spent_value_ge155d_btc_daily,12474.21890197,BTC,daily,OBM v0.1.0
2024-01-13,obm_spent_value_ge155d_btc_daily,5897.14587917,BTC,daily,OBM v0.1.0
2024-01-14,obm_spent_value_ge155d_btc_daily,5739.10798368,BTC,daily,OBM v0.1.0
2024-01-15,obm_spent_value_ge155d_btc_daily,8881.17079842,BTC,daily,OBM v0.1.0
2024-01-16,obm_spent_value_ge155d_btc_daily,64389.08400552,BTC,daily,OBM v0.1.0
2024-01-17,obm_spent_value_ge155d_btc_daily,26033.20795991,BTC,daily,OBM v0.1.0
2024-01-18,obm_spent_value_ge155d_btc_daily,17620.37142313,BTC,daily,OBM v0.1.0
2024-01-19,obm_spent_value_ge155d_btc_daily,19532.98620001,BTC,daily,OBM v0.1.0
2024-01-20,obm_spent_value_ge155d_btc_daily,3845.20584097,BTC,daily,OBM v0.1.0
2024-01-21,obm_spent_value_ge155d_btc_daily,2882.46858863,BTC,daily,OBM v0.1.0
2024-01-22,obm_spent_value_ge155d_btc_daily,24772.49172684,BTC,daily,OBM v0.1.0
2024-01-23,obm_spent_value_ge155d_btc_daily,24924.45378689,BTC,daily,OBM v0.1.0
2024-01-24,obm_spent_value_ge155d_btc_daily,50785.69047861,BTC,daily,OBM v0.1.0
2024-01-25,obm_spent_value_ge155d_btc_daily,18905.92589763,BTC,daily,OBM v0.1.0
2024-01-26,obm_spent_value_ge155d_btc_daily,18753.82966505,BTC,daily,OBM v0.1.0
2024-01-27,obm_spent_value_ge155d_btc_daily,5636.52897046,BTC,daily,OBM v0.1.0
2024-01-28,obm_spent_value_ge155d_btc_daily,3933.06835803,BTC,daily,OBM v0.1.0
2024-01-29,obm_spent_value_ge155d_btc_daily,14805.37750509,BTC,daily,OBM v0.1.0
2024-01-30,obm_spent_value_ge155d_btc_daily,46594.51626398,BTC,daily,OBM v0.1.0
2024-01-31,obm_spent_value_ge155d_btc_daily,18390.92987012,BTC,daily,OBM v0.1.0
2024-02-01,obm_spent_value_ge155d_btc_daily,10859.77369784,BTC,daily,OBM v0.1.0
2024-02-02,obm_spent_value_ge155d_btc_daily,11876.16078826,BTC,daily,OBM v0.1.0
2024-02-03,obm_spent_value_ge155d_btc_daily,2143.06016087,BTC,daily,OBM v0.1.0
2024-02-04,obm_spent_value_ge155d_btc_daily,5622.33528969,BTC,daily,OBM v0.1.0
2024-02-05,obm_spent_value_ge155d_btc_daily,12441.11292796,BTC,daily,OBM v0.1.0
2024-02-06,obm_spent_value_ge155d_btc_daily,19374.13571137,BTC,daily,OBM v0.1.0
2024-02-07,obm_spent_value_ge155d_btc_daily,10292.84061755,BTC,daily,OBM v0.1.0
2024-02-08,obm_spent_value_ge155d_btc_daily,9845.99462181,BTC,daily,OBM v0.1.0
2024-02-09,obm_spent_value_ge155d_btc_daily,11952.63187766,BTC,daily,OBM v0.1.0
2024-02-10,obm_spent_value_ge155d_btc_daily,8792.52420162,BTC,daily,OBM v0.1.0
2024-02-11,obm_spent_value_ge155d_btc_daily,7544.63051957,BTC,daily,OBM v0.1.0
2024-02-12,obm_spent_value_ge155d_btc_daily,16442.18097829,BTC,daily,OBM v0.1.0
2024-02-13,obm_spent_value_ge155d_btc_daily,11454.26167359,BTC,daily,OBM v0.1.0
2024-02-14,obm_spent_value_ge155d_btc_daily,48128.17283186,BTC,daily,OBM v0.1.0
2024-02-15,obm_spent_value_ge155d_btc_daily,15813.51348699,BTC,daily,OBM v0.1.0
2024-02-16,obm_spent_value_ge155d_btc_daily,19011.13614536,BTC,daily,OBM v0.1.0
2024-02-17,obm_spent_value_ge155d_btc_daily,6899.74875707,BTC,daily,OBM v0.1.0
2024-02-18,obm_spent_value_ge155d_btc_daily,5201.40111871,BTC,daily,OBM v0.1.0
2024-02-19,obm_spent_value_ge155d_btc_daily,28978.56303159,BTC,daily,OBM v0.1.0
2024-02-20,obm_spent_value_ge155d_btc_daily,9829.91657670,BTC,daily,OBM v0.1.0
2024-02-21,obm_spent_value_ge155d_btc_daily,14500.52485798,BTC,daily,OBM v0.1.0
2024-02-22,obm_spent_value_ge155d_btc_daily,15438.26582254,BTC,daily,OBM v0.1.0
2024-02-23,obm_spent_value_ge155d_btc_daily,34409.87029848,BTC,daily,OBM v0.1.0
2024-02-24,obm_spent_value_ge155d_btc_daily,5355.65709084,BTC,daily,OBM v0.1.0
2024-02-25,obm_spent_value_ge155d_btc_daily,5182.59403758,BTC,daily,OBM v0.1.0
2024-02-26,obm_spent_value_ge155d_btc_daily,18187.76460706,BTC,daily,OBM v0.1.0
2024-02-27,obm_spent_value_ge155d_btc_daily,22210.12458076,BTC,daily,OBM v0.1.0
2024-02-28,obm_spent_value_ge155d_btc_daily,72513.10592863,BTC,daily,OBM v0.1.0
2024-02-29,obm_spent_value_ge155d_btc_daily,29752.76522227,BTC,daily,OBM v0.1.0
2024-03-01,obm_spent_value_ge155d_btc_daily,50826.45411992,BTC,daily,OBM v0.1.0
2024-03-02,obm_spent_value_ge155d_btc_daily,7272.99815464,BTC,daily,OBM v0.1.0
2024-03-03,obm_spent_value_ge155d_btc_daily,8779.69073649,BTC,daily,OBM v0.1.0
2024-03-04,obm_spent_value_ge155d_btc_daily,34577.20894993,BTC,daily,OBM v0.1.0
2024-03-05,obm_spent_value_ge155d_btc_daily,65205.54650459,BTC,daily,OBM v0.1.0
2024-03-06,obm_spent_value_ge155d_btc_daily,149557.55413971,BTC,daily,OBM v0.1.0
2024-03-07,obm_spent_value_ge155d_btc_daily,47102.02023313,BTC,daily,OBM v0.1.0
2024-03-08,obm_spent_value_ge155d_btc_daily,34593.48499415,BTC,daily,OBM v0.1.0
2024-03-09,obm_spent_value_ge155d_btc_daily,10381.28298110,BTC,daily,OBM v0.1.0
2024-03-10,obm_spent_value_ge155d_btc_daily,16459.60909385,BTC,daily,OBM v0.1.0
2024-03-11,obm_spent_value_ge155d_btc_daily,32496.20807172,BTC,daily,OBM v0.1.0
2024-03-12,obm_spent_value_ge155d_btc_daily,23036.78289981,BTC,daily,OBM v0.1.0
2024-03-13,obm_spent_value_ge155d_btc_daily,17367.03363511,BTC,daily,OBM v0.1.0
2024-03-14,obm_spent_value_ge155d_btc_daily,30318.85792099,BTC,daily,OBM v0.1.0
2024-03-15,obm_spent_value_ge155d_btc_daily,21025.73268415,BTC,daily,OBM v0.1.0
2024-03-16,obm_spent_value_ge155d_btc_daily,7879.21648105,BTC,daily,OBM v0.1.0
2024-03-17,obm_spent_value_ge155d_btc_daily,24269.92324511,BTC,daily,OBM v0.1.0
2024-03-18,obm_spent_value_ge155d_btc_daily,16274.16252892,BTC,daily,OBM v0.1.0
2024-03-19,obm_spent_value_ge155d_btc_daily,13650.13576735,BTC,daily,OBM v0.1.0
2024-03-20,obm_spent_value_ge155d_btc_daily,16822.41391889,BTC,daily,OBM v0.1.0
2024-03-21,obm_spent_value_ge155d_btc_daily,26096.77827338,BTC,daily,OBM v0.1.0
2024-03-22,obm_spent_value_ge155d_btc_daily,24273.77774367,BTC,daily,OBM v0.1.0
2024-03-23,obm_spent_value_ge155d_btc_daily,100367.67415971,BTC,daily,OBM v0.1.0
2024-03-24,obm_spent_value_ge155d_btc_daily,7573.56970010,BTC,daily,OBM v0.1.0
2024-03-25,obm_spent_value_ge155d_btc_daily,110394.09018787,BTC,daily,OBM v0.1.0
2024-03-26,obm_spent_value_ge155d_btc_daily,15205.76282238,BTC,daily,OBM v0.1.0
2024-03-27,obm_spent_value_ge155d_btc_daily,11958.20572736,BTC,daily,OBM v0.1.0
2024-03-28,obm_spent_value_ge155d_btc_daily,27779.35105623,BTC,daily,OBM v0.1.0
2024-03-29,obm_spent_value_ge155d_btc_daily,8718.90370850,BTC,daily,OBM v0.1.0
2024-03-30,obm_spent_value_ge155d_btc_daily,5277.06009964,BTC,daily,OBM v0.1.0
2024-03-31,obm_spent_value_ge155d_btc_daily,7128.23227492,BTC,daily,OBM v0.1.0
2024-04-01,obm_spent_value_ge155d_btc_daily,69806.80697560,BTC,daily,OBM v0.1.0
2024-04-02,obm_spent_value_ge155d_btc_daily,46014.79028243,BTC,daily,OBM v0.1.0
2024-04-03,obm_spent_value_ge155d_btc_daily,16629.05365564,BTC,daily,OBM v0.1.0
2024-04-04,obm_spent_value_ge155d_btc_daily,9109.80593271,BTC,daily,OBM v0.1.0
2024-04-05,obm_spent_value_ge155d_btc_daily,6157.68379148,BTC,daily,OBM v0.1.0
2024-04-06,obm_spent_value_ge155d_btc_daily,5574.39958576,BTC,daily,OBM v0.1.0
2024-04-07,obm_spent_value_ge155d_btc_daily,4920.33865022,BTC,daily,OBM v0.1.0
2024-04-08,obm_spent_value_ge155d_btc_daily,8903.43261550,BTC,daily,OBM v0.1.0
2024-04-09,obm_spent_value_ge155d_btc_daily,11005.24098340,BTC,daily,OBM v0.1.0
2024-04-10,obm_spent_value_ge155d_btc_daily,8301.91942414,BTC,daily,OBM v0.1.0
2024-04-11,obm_spent_value_ge155d_btc_daily,8080.68409457,BTC,daily,OBM v0.1.0
2024-04-12,obm_spent_value_ge155d_btc_daily,7629.11324268,BTC,daily,OBM v0.1.0
2024-04-13,obm_spent_value_ge155d_btc_daily,5621.07633605,BTC,daily,OBM v0.1.0
2024-04-14,obm_spent_value_ge155d_btc_daily,7867.82091776,BTC,daily,OBM v0.1.0
2024-04-15,obm_spent_value_ge155d_btc_daily,11459.80037870,BTC,daily,OBM v0.1.0
2024-04-16,obm_spent_value_ge155d_btc_daily,16285.51697869,BTC,daily,OBM v0.1.0
2024-04-17,obm_spent_value_ge155d_btc_daily,7698.04285559,BTC,daily,OBM v0.1.0
2024-04-18,obm_spent_value_ge155d_btc_daily,26553.12249550,BTC,daily,OBM v0.1.0
2024-04-19,obm_spent_value_ge155d_btc_daily,16293.16421958,BTC,daily,OBM v0.1.0
2024-04-20,obm_spent_value_ge155d_btc_daily,2323.71416065,BTC,daily,OBM v0.1.0
2024-04-21,obm_spent_value_ge155d_btc_daily,2869.42701298,BTC,daily,OBM v0.1.0
2024-04-22,obm_spent_value_ge155d_btc_daily,7433.71771597,BTC,daily,OBM v0.1.0
2024-04-23,obm_spent_value_ge155d_btc_daily,8052.97370463,BTC,daily,OBM v0.1.0
2024-04-24,obm_spent_value_ge155d_btc_daily,69210.16515861,BTC,daily,OBM v0.1.0
2024-04-25,obm_spent_value_ge155d_btc_daily,8676.57480953,BTC,daily,OBM v0.1.0
2024-04-26,obm_spent_value_ge155d_btc_daily,7643.12432555,BTC,daily,OBM v0.1.0
2024-04-27,obm_spent_value_ge155d_btc_daily,6600.95383074,BTC,daily,OBM v0.1.0
2024-04-28,obm_spent_value_ge155d_btc_daily,12161.52728028,BTC,daily,OBM v0.1.0
2024-04-29,obm_spent_value_ge155d_btc_daily,10354.93464023,BTC,daily,OBM v0.1.0
2024-04-30,obm_spent_value_ge155d_btc_daily,12918.77454091,BTC,daily,OBM v0.1.0
2024-05-01,obm_spent_value_ge155d_btc_daily,10148.07817246,BTC,daily,OBM v0.1.0
2024-05-02,obm_spent_value_ge155d_btc_daily,8214.05790573,BTC,daily,OBM v0.1.0
2024-05-03,obm_spent_value_ge155d_btc_daily,7710.07856810,BTC,daily,OBM v0.1.0
2024-05-04,obm_spent_value_ge155d_btc_daily,4077.72235867,BTC,daily,OBM v0.1.0
2024-05-05,obm_spent_value_ge155d_btc_daily,2210.28373456,BTC,daily,OBM v0.1.0
2024-05-06,obm_spent_value_ge155d_btc_daily,6652.30712026,BTC,daily,OBM v0.1.0
2024-05-07,obm_spent_value_ge155d_btc_daily,5233.79177832,BTC,daily,OBM v0.1.0
2024-05-08,obm_spent_value_ge155d_btc_daily,5559.70054032,BTC,daily,OBM v0.1.0
2024-05-09,obm_spent_value_ge155d_btc_daily,4955.49663342,BTC,daily,OBM v0.1.0
2024-05-10,obm_spent_value_ge155d_btc_daily,4109.05524102,BTC,daily,OBM v0.1.0
2024-05-11,obm_spent_value_ge155d_btc_daily,5388.27064643,BTC,daily,OBM v0.1.0
2024-05-12,obm_spent_value_ge155d_btc_daily,5761.87661362,BTC,daily,OBM v0.1.0
2024-05-13,obm_spent_value_ge155d_btc_daily,8371.37433660,BTC,daily,OBM v0.1.0
2024-05-14,obm_spent_value_ge155d_btc_daily,8135.04045186,BTC,daily,OBM v0.1.0
2024-05-15,obm_spent_value_ge155d_btc_daily,29354.79357817,BTC,daily,OBM v0.1.0
2024-05-16,obm_spent_value_ge155d_btc_daily,6607.45875517,BTC,daily,OBM v0.1.0
2024-05-17,obm_spent_value_ge155d_btc_daily,8988.13897996,BTC,daily,OBM v0.1.0
2024-05-18,obm_spent_value_ge155d_btc_daily,4392.52458987,BTC,daily,OBM v0.1.0
2024-05-19,obm_spent_value_ge155d_btc_daily,5099.17825744,BTC,daily,OBM v0.1.0
2024-05-20,obm_spent_value_ge155d_btc_daily,11460.66199773,BTC,daily,OBM v0.1.0
2024-05-21,obm_spent_value_ge155d_btc_daily,14118.61389810,BTC,daily,OBM v0.1.0
2024-05-22,obm_spent_value_ge155d_btc_daily,10459.83566160,BTC,daily,OBM v0.1.0
2024-05-23,obm_spent_value_ge155d_btc_daily,14077.00758549,BTC,daily,OBM v0.1.0
2024-05-24,obm_spent_value_ge155d_btc_daily,8092.76779833,BTC,daily,OBM v0.1.0
2024-05-25,obm_spent_value_ge155d_btc_daily,3298.94862234,BTC,daily,OBM v0.1.0
2024-05-26,obm_spent_value_ge155d_btc_daily,8149.20940534,BTC,daily,OBM v0.1.0
2024-05-27,obm_spent_value_ge155d_btc_daily,12868.92782842,BTC,daily,OBM v0.1.0
2024-05-28,obm_spent_value_ge155d_btc_daily,148763.08132643,BTC,daily,OBM v0.1.0
2024-05-29,obm_spent_value_ge155d_btc_daily,7757.33741115,BTC,daily,OBM v0.1.0
2024-05-30,obm_spent_value_ge155d_btc_daily,6227.83528983,BTC,daily,OBM v0.1.0
2024-05-31,obm_spent_value_ge155d_btc_daily,8227.31981869,BTC,daily,OBM v0.1.0
2024-06-01,obm_spent_value_ge155d_btc_daily,4323.25859510,BTC,daily,OBM v0.1.0
2024-06-02,obm_spent_value_ge155d_btc_daily,5163.40657845,BTC,daily,OBM v0.1.0
2024-06-03,obm_spent_value_ge155d_btc_daily,19558.61547109,BTC,daily,OBM v0.1.0
2024-06-04,obm_spent_value_ge155d_btc_daily,9026.62754962,BTC,daily,OBM v0.1.0
2024-06-05,obm_spent_value_ge155d_btc_daily,10199.28212435,BTC,daily,OBM v0.1.0
2024-06-06,obm_spent_value_ge155d_btc_daily,26939.17722259,BTC,daily,OBM v0.1.0
2024-06-07,obm_spent_value_ge155d_btc_daily,15256.55233227,BTC,daily,OBM v0.1.0
2024-06-08,obm_spent_value_ge155d_btc_daily,4913.67518004,BTC,daily,OBM v0.1.0
2024-06-09,obm_spent_value_ge155d_btc_daily,4645.46814431,BTC,daily,OBM v0.1.0
2024-06-10,obm_spent_value_ge155d_btc_daily,6394.22957574,BTC,daily,OBM v0.1.0
2024-06-11,obm_spent_value_ge155d_btc_daily,29500.88964221,BTC,daily,OBM v0.1.0
2024-06-12,obm_spent_value_ge155d_btc_daily,13252.08572983,BTC,daily,OBM v0.1.0
2024-06-13,obm_spent_value_ge155d_btc_daily,4363.29726823,BTC,daily,OBM v0.1.0
2024-06-14,obm_spent_value_ge155d_btc_daily,9036.69175533,BTC,daily,OBM v0.1.0
2024-06-15,obm_spent_value_ge155d_btc_daily,8640.37207840,BTC,daily,OBM v0.1.0
2024-06-16,obm_spent_value_ge155d_btc_daily,2934.89639189,BTC,daily,OBM v0.1.0
2024-06-17,obm_spent_value_ge155d_btc_daily,7997.84309829,BTC,daily,OBM v0.1.0
2024-06-18,obm_spent_value_ge155d_btc_daily,7500.16014796,BTC,daily,OBM v0.1.0
2024-06-19,obm_spent_value_ge155d_btc_daily,4978.70189450,BTC,daily,OBM v0.1.0
2024-06-20,obm_spent_value_ge155d_btc_daily,5733.70529529,BTC,daily,OBM v0.1.0
2024-06-21,obm_spent_value_ge155d_btc_daily,14497.44283373,BTC,daily,OBM v0.1.0
2024-06-22,obm_spent_value_ge155d_btc_daily,47273.52957792,BTC,daily,OBM v0.1.0
2024-06-23,obm_spent_value_ge155d_btc_daily,3440.21718280,BTC,daily,OBM v0.1.0
2024-06-24,obm_spent_value_ge155d_btc_daily,15792.44426159,BTC,daily,OBM v0.1.0
2024-06-25,obm_spent_value_ge155d_btc_daily,6434.15318524,BTC,daily,OBM v0.1.0
2024-06-26,obm_spent_value_ge155d_btc_daily,11401.43260861,BTC,daily,OBM v0.1.0
2024-06-27,obm_spent_value_ge155d_btc_daily,36553.41376839,BTC,daily,OBM v0.1.0
2024-06-28,obm_spent_value_ge155d_btc_daily,11953.48071921,BTC,daily,OBM v0.1.0
2024-06-29,obm_spent_value_ge155d_btc_daily,3995.70359313,BTC,daily,OBM v0.1.0
2024-06-30,obm_spent_value_ge155d_btc_daily,4109.04127722,BTC,daily,OBM v0.1.0
2024-07-01,obm_spent_value_ge155d_btc_daily,11811.07696729,BTC,daily,OBM v0.1.0
2024-07-02,obm_spent_value_ge155d_btc_daily,4639.81263618,BTC,daily,OBM v0.1.0
2024-07-03,obm_spent_value_ge155d_btc_daily,15894.50010754,BTC,daily,OBM v0.1.0
2024-07-04,obm_spent_value_ge155d_btc_daily,52478.78646327,BTC,daily,OBM v0.1.0
2024-07-05,obm_spent_value_ge155d_btc_daily,49819.95684730,BTC,daily,OBM v0.1.0
2024-07-06,obm_spent_value_ge155d_btc_daily,2834.95664166,BTC,daily,OBM v0.1.0
2024-07-07,obm_spent_value_ge155d_btc_daily,8701.21082968,BTC,daily,OBM v0.1.0
2024-07-08,obm_spent_value_ge155d_btc_daily,4098.71484917,BTC,daily,OBM v0.1.0
2024-07-09,obm_spent_value_ge155d_btc_daily,16188.46521398,BTC,daily,OBM v0.1.0
2024-07-10,obm_spent_value_ge155d_btc_daily,9828.09005913,BTC,daily,OBM v0.1.0
2024-07-11,obm_spent_value_ge155d_btc_daily,4026.66353495,BTC,daily,OBM v0.1.0
2024-07-12,obm_spent_value_ge155d_btc_daily,8795.99556465,BTC,daily,OBM v0.1.0
2024-07-13,obm_spent_value_ge155d_btc_daily,4477.15257840,BTC,daily,OBM v0.1.0
2024-07-14,obm_spent_value_ge155d_btc_daily,3106.59328380,BTC,daily,OBM v0.1.0
2024-07-15,obm_spent_value_ge155d_btc_daily,13490.41872682,BTC,daily,OBM v0.1.0
2024-07-16,obm_spent_value_ge155d_btc_daily,5024.72526917,BTC,daily,OBM v0.1.0
2024-07-17,obm_spent_value_ge155d_btc_daily,11826.47950735,BTC,daily,OBM v0.1.0
2024-07-18,obm_spent_value_ge155d_btc_daily,18242.69862921,BTC,daily,OBM v0.1.0
2024-07-19,obm_spent_value_ge155d_btc_daily,25570.48874877,BTC,daily,OBM v0.1.0
2024-07-20,obm_spent_value_ge155d_btc_daily,4268.56479330,BTC,daily,OBM v0.1.0
2024-07-21,obm_spent_value_ge155d_btc_daily,3512.22651253,BTC,daily,OBM v0.1.0
2024-07-22,obm_spent_value_ge155d_btc_daily,8817.28710481,BTC,daily,OBM v0.1.0
2024-07-23,obm_spent_value_ge155d_btc_daily,38566.96441208,BTC,daily,OBM v0.1.0
2024-07-24,obm_spent_value_ge155d_btc_daily,6493.63589757,BTC,daily,OBM v0.1.0
2024-07-25,obm_spent_value_ge155d_btc_daily,7181.72265679,BTC,daily,OBM v0.1.0
2024-07-26,obm_spent_value_ge155d_btc_daily,6386.81806693,BTC,daily,OBM v0.1.0
2024-07-27,obm_spent_value_ge155d_btc_daily,6812.47958646,BTC,daily,OBM v0.1.0
2024-07-28,obm_spent_value_ge155d_btc_daily,3646.07302529,BTC,daily,OBM v0.1.0
2024-07-29,obm_spent_value_ge155d_btc_daily,10439.72358910,BTC,daily,OBM v0.1.0
2024-07-30,obm_spent_value_ge155d_btc_daily,35582.32853561,BTC,daily,OBM v0.1.0
2024-07-31,obm_spent_value_ge155d_btc_daily,4986.13769341,BTC,daily,OBM v0.1.0
2024-08-01,obm_spent_value_ge155d_btc_daily,21504.49066976,BTC,daily,OBM v0.1.0
2024-08-02,obm_spent_value_ge155d_btc_daily,8590.31244942,BTC,daily,OBM v0.1.0
2024-08-03,obm_spent_value_ge155d_btc_daily,5528.57863145,BTC,daily,OBM v0.1.0
2024-08-04,obm_spent_value_ge155d_btc_daily,6841.46184529,BTC,daily,OBM v0.1.0
2024-08-05,obm_spent_value_ge155d_btc_daily,40834.79944179,BTC,daily,OBM v0.1.0
2024-08-06,obm_spent_value_ge155d_btc_daily,4845.87494434,BTC,daily,OBM v0.1.0
2024-08-07,obm_spent_value_ge155d_btc_daily,14972.39153085,BTC,daily,OBM v0.1.0
2024-08-08,obm_spent_value_ge155d_btc_daily,11056.63405410,BTC,daily,OBM v0.1.0
2024-08-09,obm_spent_value_ge155d_btc_daily,8547.18890115,BTC,daily,OBM v0.1.0
2024-08-10,obm_spent_value_ge155d_btc_daily,20362.21997696,BTC,daily,OBM v0.1.0
2024-08-11,obm_spent_value_ge155d_btc_daily,2240.28825347,BTC,daily,OBM v0.1.0
2024-08-12,obm_spent_value_ge155d_btc_daily,9258.38824946,BTC,daily,OBM v0.1.0
2024-08-13,obm_spent_value_ge155d_btc_daily,11976.73598793,BTC,daily,OBM v0.1.0
2024-08-14,obm_spent_value_ge155d_btc_daily,6922.12770525,BTC,daily,OBM v0.1.0
2024-08-15,obm_spent_value_ge155d_btc_daily,7484.64625158,BTC,daily,OBM v0.1.0
2024-08-16,obm_spent_value_ge155d_btc_daily,6091.82957538,BTC,daily,OBM v0.1.0
2024-08-17,obm_spent_value_ge155d_btc_daily,2341.18827055,BTC,daily,OBM v0.1.0
2024-08-18,obm_spent_value_ge155d_btc_daily,3223.56230066,BTC,daily,OBM v0.1.0
2024-08-19,obm_spent_value_ge155d_btc_daily,8830.68786562,BTC,daily,OBM v0.1.0
2024-08-20,obm_spent_value_ge155d_btc_daily,7186.06964969,BTC,daily,OBM v0.1.0
2024-08-21,obm_spent_value_ge155d_btc_daily,10735.85464246,BTC,daily,OBM v0.1.0
2024-08-22,obm_spent_value_ge155d_btc_daily,8460.64641093,BTC,daily,OBM v0.1.0
2024-08-23,obm_spent_value_ge155d_btc_daily,13512.05817168,BTC,daily,OBM v0.1.0
2024-08-24,obm_spent_value_ge155d_btc_daily,3507.13512418,BTC,daily,OBM v0.1.0
2024-08-25,obm_spent_value_ge155d_btc_daily,2392.76173382,BTC,daily,OBM v0.1.0
2024-08-26,obm_spent_value_ge155d_btc_daily,8945.06426150,BTC,daily,OBM v0.1.0
2024-08-27,obm_spent_value_ge155d_btc_daily,85150.75925366,BTC,daily,OBM v0.1.0
2024-08-28,obm_spent_value_ge155d_btc_daily,7729.96534245,BTC,daily,OBM v0.1.0
2024-08-29,obm_spent_value_ge155d_btc_daily,24947.19680184,BTC,daily,OBM v0.1.0
2024-08-30,obm_spent_value_ge155d_btc_daily,6839.23334514,BTC,daily,OBM v0.1.0
2024-08-31,obm_spent_value_ge155d_btc_daily,4817.05313358,BTC,daily,OBM v0.1.0
2024-09-01,obm_spent_value_ge155d_btc_daily,2349.48745571,BTC,daily,OBM v0.1.0
2024-09-02,obm_spent_value_ge155d_btc_daily,5278.86415629,BTC,daily,OBM v0.1.0
2024-09-03,obm_spent_value_ge155d_btc_daily,10304.90969030,BTC,daily,OBM v0.1.0
2024-09-04,obm_spent_value_ge155d_btc_daily,7862.79586186,BTC,daily,OBM v0.1.0
2024-09-05,obm_spent_value_ge155d_btc_daily,6365.53127073,BTC,daily,OBM v0.1.0
2024-09-06,obm_spent_value_ge155d_btc_daily,14516.95289316,BTC,daily,OBM v0.1.0
2024-09-07,obm_spent_value_ge155d_btc_daily,2763.85015757,BTC,daily,OBM v0.1.0
2024-09-08,obm_spent_value_ge155d_btc_daily,2084.53710274,BTC,daily,OBM v0.1.0
2024-09-09,obm_spent_value_ge155d_btc_daily,14626.45267702,BTC,daily,OBM v0.1.0
2024-09-10,obm_spent_value_ge155d_btc_daily,8034.94891203,BTC,daily,OBM v0.1.0
2024-09-11,obm_spent_value_ge155d_btc_daily,8206.43447691,BTC,daily,OBM v0.1.0
2024-09-12,obm_spent_value_ge155d_btc_daily,7681.75273014,BTC,daily,OBM v0.1.0
2024-09-13,obm_spent_value_ge155d_btc_daily,19920.46309989,BTC,daily,OBM v0.1.0
2024-09-14,obm_spent_value_ge155d_btc_daily,4298.33729408,BTC,daily,OBM v0.1.0
2024-09-15,obm_spent_value_ge155d_btc_daily,3554.31273734,BTC,daily,OBM v0.1.0
2024-09-16,obm_spent_value_ge155d_btc_daily,14072.96512306,BTC,daily,OBM v0.1.0
2024-09-17,obm_spent_value_ge155d_btc_daily,10396.97150310,BTC,daily,OBM v0.1.0
2024-09-18,obm_spent_value_ge155d_btc_daily,12314.13385226,BTC,daily,OBM v0.1.0
2024-09-19,obm_spent_value_ge155d_btc_daily,8299.03771321,BTC,daily,OBM v0.1.0
2024-09-20,obm_spent_value_ge155d_btc_daily,21527.99171745,BTC,daily,OBM v0.1.0
2024-09-21,obm_spent_value_ge155d_btc_daily,6512.44570090,BTC,daily,OBM v0.1.0
2024-09-22,obm_spent_value_ge155d_btc_daily,5023.60499790,BTC,daily,OBM v0.1.0
2024-09-23,obm_spent_value_ge155d_btc_daily,34878.59879443,BTC,daily,OBM v0.1.0
2024-09-24,obm_spent_value_ge155d_btc_daily,7575.76431318,BTC,daily,OBM v0.1.0
2024-09-25,obm_spent_value_ge155d_btc_daily,24178.18612822,BTC,daily,OBM v0.1.0
2024-09-26,obm_spent_value_ge155d_btc_daily,15068.39656327,BTC,daily,OBM v0.1.0
2024-09-27,obm_spent_value_ge155d_btc_daily,10245.09634876,BTC,daily,OBM v0.1.0
2024-09-28,obm_spent_value_ge155d_btc_daily,3822.95244157,BTC,daily,OBM v0.1.0
2024-09-29,obm_spent_value_ge155d_btc_daily,3684.46319646,BTC,daily,OBM v0.1.0
2024-09-30,obm_spent_value_ge155d_btc_daily,10153.06451744,BTC,daily,OBM v0.1.0
2024-10-01,obm_spent_value_ge155d_btc_daily,5573.62857892,BTC,daily,OBM v0.1.0
2024-10-02,obm_spent_value_ge155d_btc_daily,8676.45638694,BTC,daily,OBM v0.1.0
2024-10-03,obm_spent_value_ge155d_btc_daily,8458.96093145,BTC,daily,OBM v0.1.0
2024-10-04,obm_spent_value_ge155d_btc_daily,10942.87138648,BTC,daily,OBM v0.1.0
2024-10-05,obm_spent_value_ge155d_btc_daily,2408.40078389,BTC,daily,OBM v0.1.0
2024-10-06,obm_spent_value_ge155d_btc_daily,3466.34866092,BTC,daily,OBM v0.1.0
2024-10-07,obm_spent_value_ge155d_btc_daily,6715.03937134,BTC,daily,OBM v0.1.0
2024-10-08,obm_spent_value_ge155d_btc_daily,200169.32559719,BTC,daily,OBM v0.1.0
2024-10-09,obm_spent_value_ge155d_btc_daily,27140.17805847,BTC,daily,OBM v0.1.0
2024-10-10,obm_spent_value_ge155d_btc_daily,15058.76238417,BTC,daily,OBM v0.1.0
2024-10-11,obm_spent_value_ge155d_btc_daily,64887.34910636,BTC,daily,OBM v0.1.0
2024-10-12,obm_spent_value_ge155d_btc_daily,13625.64157656,BTC,daily,OBM v0.1.0
2024-10-13,obm_spent_value_ge155d_btc_daily,5770.78215152,BTC,daily,OBM v0.1.0
2024-10-14,obm_spent_value_ge155d_btc_daily,14147.06572748,BTC,daily,OBM v0.1.0
2024-10-15,obm_spent_value_ge155d_btc_daily,23473.78957400,BTC,daily,OBM v0.1.0
2024-10-16,obm_spent_value_ge155d_btc_daily,9636.99984165,BTC,daily,OBM v0.1.0
2024-10-17,obm_spent_value_ge155d_btc_daily,11233.27690291,BTC,daily,OBM v0.1.0
2024-10-18,obm_spent_value_ge155d_btc_daily,12588.40686594,BTC,daily,OBM v0.1.0
2024-10-19,obm_spent_value_ge155d_btc_daily,9944.48383375,BTC,daily,OBM v0.1.0
2024-10-20,obm_spent_value_ge155d_btc_daily,43436.13338211,BTC,daily,OBM v0.1.0
2024-10-21,obm_spent_value_ge155d_btc_daily,39832.49585769,BTC,daily,OBM v0.1.0
2024-10-22,obm_spent_value_ge155d_btc_daily,8307.71441069,BTC,daily,OBM v0.1.0
2024-10-23,obm_spent_value_ge155d_btc_daily,7466.79060712,BTC,daily,OBM v0.1.0
2024-10-24,obm_spent_value_ge155d_btc_daily,8079.64344853,BTC,daily,OBM v0.1.0
2024-10-25,obm_spent_value_ge155d_btc_daily,9581.80107678,BTC,daily,OBM v0.1.0
2024-10-26,obm_spent_value_ge155d_btc_daily,5612.52832476,BTC,daily,OBM v0.1.0
2024-10-27,obm_spent_value_ge155d_btc_daily,4511.30901769,BTC,daily,OBM v0.1.0
2024-10-28,obm_spent_value_ge155d_btc_daily,12414.81809992,BTC,daily,OBM v0.1.0
2024-10-29,obm_spent_value_ge155d_btc_daily,20996.21368532,BTC,daily,OBM v0.1.0
2024-10-30,obm_spent_value_ge155d_btc_daily,15167.92206306,BTC,daily,OBM v0.1.0
2024-10-31,obm_spent_value_ge155d_btc_daily,12214.42571708,BTC,daily,OBM v0.1.0
2024-11-01,obm_spent_value_ge155d_btc_daily,16041.13287899,BTC,daily,OBM v0.1.0
2024-11-02,obm_spent_value_ge155d_btc_daily,7963.41111889,BTC,daily,OBM v0.1.0
2024-11-03,obm_spent_value_ge155d_btc_daily,4643.67001964,BTC,daily,OBM v0.1.0
2024-11-04,obm_spent_value_ge155d_btc_daily,10146.02472066,BTC,daily,OBM v0.1.0
2024-11-05,obm_spent_value_ge155d_btc_daily,17518.85987225,BTC,daily,OBM v0.1.0
2024-11-06,obm_spent_value_ge155d_btc_daily,208695.76054539,BTC,daily,OBM v0.1.0
2024-11-07,obm_spent_value_ge155d_btc_daily,15502.32155880,BTC,daily,OBM v0.1.0
2024-11-08,obm_spent_value_ge155d_btc_daily,20537.24369935,BTC,daily,OBM v0.1.0
2024-11-09,obm_spent_value_ge155d_btc_daily,6285.39322028,BTC,daily,OBM v0.1.0
2024-11-10,obm_spent_value_ge155d_btc_daily,15697.46308327,BTC,daily,OBM v0.1.0
2024-11-11,obm_spent_value_ge155d_btc_daily,36499.84221332,BTC,daily,OBM v0.1.0
2024-11-12,obm_spent_value_ge155d_btc_daily,46002.66425573,BTC,daily,OBM v0.1.0
2024-11-13,obm_spent_value_ge155d_btc_daily,39399.74885398,BTC,daily,OBM v0.1.0
2024-11-14,obm_spent_value_ge155d_btc_daily,95556.10868875,BTC,daily,OBM v0.1.0
2024-11-15,obm_spent_value_ge155d_btc_daily,32510.51783522,BTC,daily,OBM v0.1.0
2024-11-16,obm_spent_value_ge155d_btc_daily,11380.98853987,BTC,daily,OBM v0.1.0
2024-11-17,obm_spent_value_ge155d_btc_daily,8556.29910641,BTC,daily,OBM v0.1.0
2024-11-18,obm_spent_value_ge155d_btc_daily,22092.85030592,BTC,daily,OBM v0.1.0
2024-11-19,obm_spent_value_ge155d_btc_daily,70253.08236325,BTC,daily,OBM v0.1.0
2024-11-20,obm_spent_value_ge155d_btc_daily,52532.75623456,BTC,daily,OBM v0.1.0
2024-11-21,obm_spent_value_ge155d_btc_daily,71477.44117738,BTC,daily,OBM v0.1.0
2024-11-22,obm_spent_value_ge155d_btc_daily,71422.91627356,BTC,daily,OBM v0.1.0
2024-11-23,obm_spent_value_ge155d_btc_daily,27401.69581924,BTC,daily,OBM v0.1.0
2024-11-24,obm_spent_value_ge155d_btc_daily,12680.90282334,BTC,daily,OBM v0.1.0
2024-11-25,obm_spent_value_ge155d_btc_daily,48674.44060700,BTC,daily,OBM v0.1.0
2024-11-26,obm_spent_value_ge155d_btc_daily,29204.85704725,BTC,daily,OBM v0.1.0
2024-11-27,obm_spent_value_ge155d_btc_daily,22471.86472868,BTC,daily,OBM v0.1.0
2024-11-28,obm_spent_value_ge155d_btc_daily,19198.79298890,BTC,daily,OBM v0.1.0
2024-11-29,obm_spent_value_ge155d_btc_daily,14723.06308807,BTC,daily,OBM v0.1.0
2024-11-30,obm_spent_value_ge155d_btc_daily,8284.05024554,BTC,daily,OBM v0.1.0
2024-12-01,obm_spent_value_ge155d_btc_daily,8560.12751045,BTC,daily,OBM v0.1.0
2024-12-02,obm_spent_value_ge155d_btc_daily,21564.50330876,BTC,daily,OBM v0.1.0
2024-12-03,obm_spent_value_ge155d_btc_daily,26759.67417749,BTC,daily,OBM v0.1.0
2024-12-04,obm_spent_value_ge155d_btc_daily,23418.53889470,BTC,daily,OBM v0.1.0
2024-12-05,obm_spent_value_ge155d_btc_daily,132686.46936225,BTC,daily,OBM v0.1.0
2024-12-06,obm_spent_value_ge155d_btc_daily,142541.79491788,BTC,daily,OBM v0.1.0
2024-12-07,obm_spent_value_ge155d_btc_daily,10616.14693639,BTC,daily,OBM v0.1.0
2024-12-08,obm_spent_value_ge155d_btc_daily,8899.94688789,BTC,daily,OBM v0.1.0
2024-12-09,obm_spent_value_ge155d_btc_daily,45587.46280920,BTC,daily,OBM v0.1.0
2024-12-10,obm_spent_value_ge155d_btc_daily,15591.35516422,BTC,daily,OBM v0.1.0
2024-12-11,obm_spent_value_ge155d_btc_daily,31705.80690693,BTC,daily,OBM v0.1.0
2024-12-12,obm_spent_value_ge155d_btc_daily,12528.21037097,BTC,daily,OBM v0.1.0
2024-12-13,obm_spent_value_ge155d_btc_daily,21363.76558528,BTC,daily,OBM v0.1.0
2024-12-14,obm_spent_value_ge155d_btc_daily,8783.98234289,BTC,daily,OBM v0.1.0
2024-12-15,obm_spent_value_ge155d_btc_daily,22594.01542930,BTC,daily,OBM v0.1.0
2024-12-16,obm_spent_value_ge155d_btc_daily,26363.64991663,BTC,daily,OBM v0.1.0
2024-12-17,obm_spent_value_ge155d_btc_daily,61498.44208621,BTC,daily,OBM v0.1.0
2024-12-18,obm_spent_value_ge155d_btc_daily,26820.19824158,BTC,daily,OBM v0.1.0
2024-12-19,obm_spent_value_ge155d_btc_daily,84621.34187687,BTC,daily,OBM v0.1.0
2024-12-20,obm_spent_value_ge155d_btc_daily,26687.02605084,BTC,daily,OBM v0.1.0
2024-12-21,obm_spent_value_ge155d_btc_daily,7525.98589384,BTC,daily,OBM v0.1.0
2024-12-22,obm_spent_value_ge155d_btc_daily,8447.03415512,BTC,daily,OBM v0.1.0
2024-12-23,obm_spent_value_ge155d_btc_daily,83923.47250252,BTC,daily,OBM v0.1.0
2024-12-24,obm_spent_value_ge155d_btc_daily,35915.23257634,BTC,daily,OBM v0.1.0
2024-12-25,obm_spent_value_ge155d_btc_daily,4895.94155697,BTC,daily,OBM v0.1.0
2024-12-26,obm_spent_value_ge155d_btc_daily,15198.31050433,BTC,daily,OBM v0.1.0
2024-12-27,obm_spent_value_ge155d_btc_daily,18856.60320040,BTC,daily,OBM v0.1.0
2024-12-28,obm_spent_value_ge155d_btc_daily,6537.98452579,BTC,daily,OBM v0.1.0
2024-12-29,obm_spent_value_ge155d_btc_daily,14398.50324793,BTC,daily,OBM v0.1.0
2024-12-30,obm_spent_value_ge155d_btc_daily,58487.53246859,BTC,daily,OBM v0.1.0
2024-12-31,obm_spent_value_ge155d_btc_daily,23960.93610953,BTC,daily,OBM v0.1.0
2025-01-01,obm_spent_value_ge155d_btc_daily,14820.29732950,BTC,daily,OBM v0.1.0
2025-01-02,obm_spent_value_ge155d_btc_daily,16226.19043833,BTC,daily,OBM v0.1.0
2025-01-03,obm_spent_value_ge155d_btc_daily,7906.35679404,BTC,daily,OBM v0.1.0
2025-01-04,obm_spent_value_ge155d_btc_daily,5677.35904647,BTC,daily,OBM v0.1.0
2025-01-05,obm_spent_value_ge155d_btc_daily,4822.33141965,BTC,daily,OBM v0.1.0
2025-01-06,obm_spent_value_ge155d_btc_daily,11013.70293738,BTC,daily,OBM v0.1.0
2025-01-07,obm_spent_value_ge155d_btc_daily,41179.30803163,BTC,daily,OBM v0.1.0
2025-01-08,obm_spent_value_ge155d_btc_daily,13173.09233650,BTC,daily,OBM v0.1.0
2025-01-09,obm_spent_value_ge155d_btc_daily,7963.08389269,BTC,daily,OBM v0.1.0
2025-01-10,obm_spent_value_ge155d_btc_daily,11460.14232172,BTC,daily,OBM v0.1.0
2025-01-11,obm_spent_value_ge155d_btc_daily,4064.13990309,BTC,daily,OBM v0.1.0
2025-01-12,obm_spent_value_ge155d_btc_daily,4468.31928883,BTC,daily,OBM v0.1.0
2025-01-13,obm_spent_value_ge155d_btc_daily,6355.24358224,BTC,daily,OBM v0.1.0
2025-01-14,obm_spent_value_ge155d_btc_daily,7751.64181376,BTC,daily,OBM v0.1.0
2025-01-15,obm_spent_value_ge155d_btc_daily,18036.99503562,BTC,daily,OBM v0.1.0
2025-01-16,obm_spent_value_ge155d_btc_daily,7851.60137940,BTC,daily,OBM v0.1.0
2025-01-17,obm_spent_value_ge155d_btc_daily,14550.41002801,BTC,daily,OBM v0.1.0
2025-01-18,obm_spent_value_ge155d_btc_daily,12184.52281319,BTC,daily,OBM v0.1.0
2025-01-19,obm_spent_value_ge155d_btc_daily,10500.77686191,BTC,daily,OBM v0.1.0
2025-01-20,obm_spent_value_ge155d_btc_daily,15387.49637869,BTC,daily,OBM v0.1.0
2025-01-21,obm_spent_value_ge155d_btc_daily,22173.07442251,BTC,daily,OBM v0.1.0
2025-01-22,obm_spent_value_ge155d_btc_daily,18617.98901276,BTC,daily,OBM v0.1.0
2025-01-23,obm_spent_value_ge155d_btc_daily,53294.95141526,BTC,daily,OBM v0.1.0
2025-01-24,obm_spent_value_ge155d_btc_daily,7883.55023969,BTC,daily,OBM v0.1.0
2025-01-25,obm_spent_value_ge155d_btc_daily,4719.06839896,BTC,daily,OBM v0.1.0
2025-01-26,obm_spent_value_ge155d_btc_daily,4517.75619860,BTC,daily,OBM v0.1.0
2025-01-27,obm_spent_value_ge155d_btc_daily,23363.71303086,BTC,daily,OBM v0.1.0
2025-01-28,obm_spent_value_ge155d_btc_daily,8106.29428257,BTC,daily,OBM v0.1.0
2025-01-29,obm_spent_value_ge155d_btc_daily,5364.42125562,BTC,daily,OBM v0.1.0
2025-01-30,obm_spent_value_ge155d_btc_daily,10294.70956985,BTC,daily,OBM v0.1.0
2025-01-31,obm_spent_value_ge155d_btc_daily,10858.27862651,BTC,daily,OBM v0.1.0
2025-02-01,obm_spent_value_ge155d_btc_daily,4471.09643579,BTC,daily,OBM v0.1.0
2025-02-02,obm_spent_value_ge155d_btc_daily,6913.02923611,BTC,daily,OBM v0.1.0
2025-02-03,obm_spent_value_ge155d_btc_daily,21804.69072915,BTC,daily,OBM v0.1.0
2025-02-04,obm_spent_value_ge155d_btc_daily,58228.39679718,BTC,daily,OBM v0.1.0
2025-02-05,obm_spent_value_ge155d_btc_daily,24841.13378005,BTC,daily,OBM v0.1.0
2025-02-06,obm_spent_value_ge155d_btc_daily,17705.27292602,BTC,daily,OBM v0.1.0
2025-02-07,obm_spent_value_ge155d_btc_daily,11636.51881497,BTC,daily,OBM v0.1.0
2025-02-08,obm_spent_value_ge155d_btc_daily,7052.15000393,BTC,daily,OBM v0.1.0
2025-02-09,obm_spent_value_ge155d_btc_daily,17665.18573087,BTC,daily,OBM v0.1.0
2025-02-10,obm_spent_value_ge155d_btc_daily,7098.03107058,BTC,daily,OBM v0.1.0
2025-02-11,obm_spent_value_ge155d_btc_daily,13286.34569745,BTC,daily,OBM v0.1.0
2025-02-12,obm_spent_value_ge155d_btc_daily,7140.28842685,BTC,daily,OBM v0.1.0
2025-02-13,obm_spent_value_ge155d_btc_daily,6413.56113763,BTC,daily,OBM v0.1.0
2025-02-14,obm_spent_value_ge155d_btc_daily,7643.89775400,BTC,daily,OBM v0.1.0
2025-02-15,obm_spent_value_ge155d_btc_daily,5158.52793711,BTC,daily,OBM v0.1.0
2025-02-16,obm_spent_value_ge155d_btc_daily,2586.46671673,BTC,daily,OBM v0.1.0
2025-02-17,obm_spent_value_ge155d_btc_daily,4110.51723354,BTC,daily,OBM v0.1.0
2025-02-18,obm_spent_value_ge155d_btc_daily,8020.64354275,BTC,daily,OBM v0.1.0
2025-02-19,obm_spent_value_ge155d_btc_daily,5007.47363190,BTC,daily,OBM v0.1.0
2025-02-20,obm_spent_value_ge155d_btc_daily,4573.91335535,BTC,daily,OBM v0.1.0
2025-02-21,obm_spent_value_ge155d_btc_daily,10055.33850599,BTC,daily,OBM v0.1.0
2025-02-22,obm_spent_value_ge155d_btc_daily,9197.14832913,BTC,daily,OBM v0.1.0
2025-02-23,obm_spent_value_ge155d_btc_daily,3748.33588715,BTC,daily,OBM v0.1.0
2025-02-24,obm_spent_value_ge155d_btc_daily,7822.90594823,BTC,daily,OBM v0.1.0
2025-02-25,obm_spent_value_ge155d_btc_daily,24470.92801767,BTC,daily,OBM v0.1.0
2025-02-26,obm_spent_value_ge155d_btc_daily,23393.61635922,BTC,daily,OBM v0.1.0
2025-02-27,obm_spent_value_ge155d_btc_daily,26019.30301872,BTC,daily,OBM v0.1.0
2025-02-28,obm_spent_value_ge155d_btc_daily,19857.06657986,BTC,daily,OBM v0.1.0
2025-03-01,obm_spent_value_ge155d_btc_daily,4983.65137968,BTC,daily,OBM v0.1.0
2025-03-02,obm_spent_value_ge155d_btc_daily,4830.58868920,BTC,daily,OBM v0.1.0
2025-03-03,obm_spent_value_ge155d_btc_daily,13526.16585179,BTC,daily,OBM v0.1.0
2025-03-04,obm_spent_value_ge155d_btc_daily,9909.33215403,BTC,daily,OBM v0.1.0
2025-03-05,obm_spent_value_ge155d_btc_daily,7359.40879733,BTC,daily,OBM v0.1.0
2025-03-06,obm_spent_value_ge155d_btc_daily,23068.71366318,BTC,daily,OBM v0.1.0
2025-03-07,obm_spent_value_ge155d_btc_daily,17152.17387485,BTC,daily,OBM v0.1.0
2025-03-08,obm_spent_value_ge155d_btc_daily,2708.61109325,BTC,daily,OBM v0.1.0
2025-03-09,obm_spent_value_ge155d_btc_daily,5631.57224986,BTC,daily,OBM v0.1.0
2025-03-10,obm_spent_value_ge155d_btc_daily,27299.05278678,BTC,daily,OBM v0.1.0
2025-03-11,obm_spent_value_ge155d_btc_daily,29379.56526307,BTC,daily,OBM v0.1.0
2025-03-12,obm_spent_value_ge155d_btc_daily,37813.96778140,BTC,daily,OBM v0.1.0
2025-03-13,obm_spent_value_ge155d_btc_daily,9004.65825426,BTC,daily,OBM v0.1.0
2025-03-14,obm_spent_value_ge155d_btc_daily,10679.21824528,BTC,daily,OBM v0.1.0
2025-03-15,obm_spent_value_ge155d_btc_daily,1831.16780948,BTC,daily,OBM v0.1.0
2025-03-16,obm_spent_value_ge155d_btc_daily,5023.55552776,BTC,daily,OBM v0.1.0
2025-03-17,obm_spent_value_ge155d_btc_daily,7907.43949085,BTC,daily,OBM v0.1.0
2025-03-18,obm_spent_value_ge155d_btc_daily,7873.86252899,BTC,daily,OBM v0.1.0
2025-03-19,obm_spent_value_ge155d_btc_daily,9179.67375124,BTC,daily,OBM v0.1.0
2025-03-20,obm_spent_value_ge155d_btc_daily,12362.16794141,BTC,daily,OBM v0.1.0
2025-03-21,obm_spent_value_ge155d_btc_daily,3815.24790261,BTC,daily,OBM v0.1.0
2025-03-22,obm_spent_value_ge155d_btc_daily,5344.06063177,BTC,daily,OBM v0.1.0
2025-03-23,obm_spent_value_ge155d_btc_daily,2764.38249917,BTC,daily,OBM v0.1.0
2025-03-24,obm_spent_value_ge155d_btc_daily,5744.44259938,BTC,daily,OBM v0.1.0
2025-03-25,obm_spent_value_ge155d_btc_daily,5097.91076979,BTC,daily,OBM v0.1.0
2025-03-26,obm_spent_value_ge155d_btc_daily,8022.43273440,BTC,daily,OBM v0.1.0
2025-03-27,obm_spent_value_ge155d_btc_daily,6657.98218011,BTC,daily,OBM v0.1.0
2025-03-28,obm_spent_value_ge155d_btc_daily,24343.97144116,BTC,daily,OBM v0.1.0
2025-03-29,obm_spent_value_ge155d_btc_daily,4541.98679140,BTC,daily,OBM v0.1.0
2025-03-30,obm_spent_value_ge155d_btc_daily,4304.61141319,BTC,daily,OBM v0.1.0
2025-03-31,obm_spent_value_ge155d_btc_daily,9416.44363426,BTC,daily,OBM v0.1.0
2025-04-01,obm_spent_value_ge155d_btc_daily,6689.88258255,BTC,daily,OBM v0.1.0
2025-04-02,obm_spent_value_ge155d_btc_daily,25399.59457880,BTC,daily,OBM v0.1.0
2025-04-03,obm_spent_value_ge155d_btc_daily,24492.42187273,BTC,daily,OBM v0.1.0
2025-04-04,obm_spent_value_ge155d_btc_daily,14178.61380265,BTC,daily,OBM v0.1.0
2025-04-05,obm_spent_value_ge155d_btc_daily,3509.01710833,BTC,daily,OBM v0.1.0
2025-04-06,obm_spent_value_ge155d_btc_daily,5977.61335635,BTC,daily,OBM v0.1.0
2025-04-07,obm_spent_value_ge155d_btc_daily,24404.45459599,BTC,daily,OBM v0.1.0
2025-04-08,obm_spent_value_ge155d_btc_daily,6831.10770606,BTC,daily,OBM v0.1.0
2025-04-09,obm_spent_value_ge155d_btc_daily,16031.13171306,BTC,daily,OBM v0.1.0
2025-04-10,obm_spent_value_ge155d_btc_daily,16214.76154700,BTC,daily,OBM v0.1.0
2025-04-11,obm_spent_value_ge155d_btc_daily,12702.92481395,BTC,daily,OBM v0.1.0
2025-04-12,obm_spent_value_ge155d_btc_daily,3991.96757081,BTC,daily,OBM v0.1.0
2025-04-13,obm_spent_value_ge155d_btc_daily,5259.52963120,BTC,daily,OBM v0.1.0
2025-04-14,obm_spent_value_ge155d_btc_daily,7487.13543971,BTC,daily,OBM v0.1.0
2025-04-15,obm_spent_value_ge155d_btc_daily,5304.01461086,BTC,daily,OBM v0.1.0
2025-04-16,obm_spent_value_ge155d_btc_daily,14585.33987166,BTC,daily,OBM v0.1.0
2025-04-17,obm_spent_value_ge155d_btc_daily,6253.24094220,BTC,daily,OBM v0.1.0
2025-04-18,obm_spent_value_ge155d_btc_daily,3123.30859975,BTC,daily,OBM v0.1.0
2025-04-19,obm_spent_value_ge155d_btc_daily,1804.26053099,BTC,daily,OBM v0.1.0
2025-04-20,obm_spent_value_ge155d_btc_daily,3240.89330294,BTC,daily,OBM v0.1.0
2025-04-21,obm_spent_value_ge155d_btc_daily,7034.30757483,BTC,daily,OBM v0.1.0
2025-04-22,obm_spent_value_ge155d_btc_daily,11048.53252809,BTC,daily,OBM v0.1.0
2025-04-23,obm_spent_value_ge155d_btc_daily,12373.88851389,BTC,daily,OBM v0.1.0
2025-04-24,obm_spent_value_ge155d_btc_daily,18665.33354273,BTC,daily,OBM v0.1.0
2025-04-25,obm_spent_value_ge155d_btc_daily,67087.84555217,BTC,daily,OBM v0.1.0
2025-04-26,obm_spent_value_ge155d_btc_daily,6498.69096120,BTC,daily,OBM v0.1.0
2025-04-27,obm_spent_value_ge155d_btc_daily,3692.57920381,BTC,daily,OBM v0.1.0
2025-04-28,obm_spent_value_ge155d_btc_daily,22488.07008294,BTC,daily,OBM v0.1.0
2025-04-29,obm_spent_value_ge155d_btc_daily,20622.78503567,BTC,daily,OBM v0.1.0
2025-04-30,obm_spent_value_ge155d_btc_daily,17160.70002085,BTC,daily,OBM v0.1.0
2025-05-01,obm_spent_value_ge155d_btc_daily,13009.26529835,BTC,daily,OBM v0.1.0
2025-05-02,obm_spent_value_ge155d_btc_daily,17152.89497142,BTC,daily,OBM v0.1.0
2025-05-03,obm_spent_value_ge155d_btc_daily,3398.25657165,BTC,daily,OBM v0.1.0
2025-05-04,obm_spent_value_ge155d_btc_daily,2494.05189745,BTC,daily,OBM v0.1.0
2025-05-05,obm_spent_value_ge155d_btc_daily,29413.99792113,BTC,daily,OBM v0.1.0
2025-05-06,obm_spent_value_ge155d_btc_daily,22398.46505525,BTC,daily,OBM v0.1.0
2025-05-07,obm_spent_value_ge155d_btc_daily,17674.30565471,BTC,daily,OBM v0.1.0
2025-05-08,obm_spent_value_ge155d_btc_daily,19615.09500545,BTC,daily,OBM v0.1.0
2025-05-09,obm_spent_value_ge155d_btc_daily,17215.13951484,BTC,daily,OBM v0.1.0
2025-05-10,obm_spent_value_ge155d_btc_daily,3659.67268253,BTC,daily,OBM v0.1.0
2025-05-11,obm_spent_value_ge155d_btc_daily,5063.29697976,BTC,daily,OBM v0.1.0
2025-05-12,obm_spent_value_ge155d_btc_daily,14209.77300477,BTC,daily,OBM v0.1.0
2025-05-13,obm_spent_value_ge155d_btc_daily,30875.18555466,BTC,daily,OBM v0.1.0
2025-05-14,obm_spent_value_ge155d_btc_daily,15361.58803838,BTC,daily,OBM v0.1.0
2025-05-15,obm_spent_value_ge155d_btc_daily,23307.33346916,BTC,daily,OBM v0.1.0
2025-05-16,obm_spent_value_ge155d_btc_daily,13120.18251774,BTC,daily,OBM v0.1.0
2025-05-17,obm_spent_value_ge155d_btc_daily,3410.63300044,BTC,daily,OBM v0.1.0
2025-05-18,obm_spent_value_ge155d_btc_daily,5554.07290769,BTC,daily,OBM v0.1.0
2025-05-19,obm_spent_value_ge155d_btc_daily,26835.09086031,BTC,daily,OBM v0.1.0
2025-05-20,obm_spent_value_ge155d_btc_daily,23674.87564606,BTC,daily,OBM v0.1.0
2025-05-21,obm_spent_value_ge155d_btc_daily,26419.77959010,BTC,daily,OBM v0.1.0
2025-05-22,obm_spent_value_ge155d_btc_daily,23334.06945171,BTC,daily,OBM v0.1.0
2025-05-23,obm_spent_value_ge155d_btc_daily,19371.05590667,BTC,daily,OBM v0.1.0
2025-05-24,obm_spent_value_ge155d_btc_daily,4386.49515439,BTC,daily,OBM v0.1.0
2025-05-25,obm_spent_value_ge155d_btc_daily,5579.62528854,BTC,daily,OBM v0.1.0
2025-05-26,obm_spent_value_ge155d_btc_daily,25651.08920704,BTC,daily,OBM v0.1.0
2025-05-27,obm_spent_value_ge155d_btc_daily,41583.12890853,BTC,daily,OBM v0.1.0
2025-05-28,obm_spent_value_ge155d_btc_daily,13533.67765025,BTC,daily,OBM v0.1.0
2025-05-29,obm_spent_value_ge155d_btc_daily,23593.74337223,BTC,daily,OBM v0.1.0
2025-05-30,obm_spent_value_ge155d_btc_daily,9657.01158133,BTC,daily,OBM v0.1.0
2025-05-31,obm_spent_value_ge155d_btc_daily,2830.14836039,BTC,daily,OBM v0.1.0
2025-06-01,obm_spent_value_ge155d_btc_daily,3759.38493779,BTC,daily,OBM v0.1.0
2025-06-02,obm_spent_value_ge155d_btc_daily,14849.87702453,BTC,daily,OBM v0.1.0
2025-06-03,obm_spent_value_ge155d_btc_daily,7716.72590920,BTC,daily,OBM v0.1.0
2025-06-04,obm_spent_value_ge155d_btc_daily,24001.88804112,BTC,daily,OBM v0.1.0
2025-06-05,obm_spent_value_ge155d_btc_daily,5438.84470831,BTC,daily,OBM v0.1.0
2025-06-06,obm_spent_value_ge155d_btc_daily,12677.26049141,BTC,daily,OBM v0.1.0
2025-06-07,obm_spent_value_ge155d_btc_daily,6942.67401076,BTC,daily,OBM v0.1.0
2025-06-08,obm_spent_value_ge155d_btc_daily,5725.68410854,BTC,daily,OBM v0.1.0
2025-06-09,obm_spent_value_ge155d_btc_daily,7233.87991394,BTC,daily,OBM v0.1.0
2025-06-10,obm_spent_value_ge155d_btc_daily,16701.52422893,BTC,daily,OBM v0.1.0
2025-06-11,obm_spent_value_ge155d_btc_daily,19654.39253528,BTC,daily,OBM v0.1.0
2025-06-12,obm_spent_value_ge155d_btc_daily,7366.97598936,BTC,daily,OBM v0.1.0
2025-06-13,obm_spent_value_ge155d_btc_daily,18192.84597283,BTC,daily,OBM v0.1.0
2025-06-14,obm_spent_value_ge155d_btc_daily,2862.06246338,BTC,daily,OBM v0.1.0
2025-06-15,obm_spent_value_ge155d_btc_daily,5357.46151875,BTC,daily,OBM v0.1.0
2025-06-16,obm_spent_value_ge155d_btc_daily,25880.36282192,BTC,daily,OBM v0.1.0
2025-06-17,obm_spent_value_ge155d_btc_daily,10075.95274103,BTC,daily,OBM v0.1.0
2025-06-18,obm_spent_value_ge155d_btc_daily,14334.92287267,BTC,daily,OBM v0.1.0
2025-06-19,obm_spent_value_ge155d_btc_daily,9879.85173818,BTC,daily,OBM v0.1.0
2025-06-20,obm_spent_value_ge155d_btc_daily,10144.84472727,BTC,daily,OBM v0.1.0
2025-06-21,obm_spent_value_ge155d_btc_daily,6703.93290901,BTC,daily,OBM v0.1.0
2025-06-22,obm_spent_value_ge155d_btc_daily,10720.14142467,BTC,daily,OBM v0.1.0
2025-06-23,obm_spent_value_ge155d_btc_daily,16139.13854576,BTC,daily,OBM v0.1.0
2025-06-24,obm_spent_value_ge155d_btc_daily,16422.05183749,BTC,daily,OBM v0.1.0
2025-06-25,obm_spent_value_ge155d_btc_daily,15672.69547611,BTC,daily,OBM v0.1.0
2025-06-26,obm_spent_value_ge155d_btc_daily,26696.22102812,BTC,daily,OBM v0.1.0
2025-06-27,obm_spent_value_ge155d_btc_daily,31617.98544985,BTC,daily,OBM v0.1.0
2025-06-28,obm_spent_value_ge155d_btc_daily,4411.41015997,BTC,daily,OBM v0.1.0
2025-06-29,obm_spent_value_ge155d_btc_daily,3846.55935393,BTC,daily,OBM v0.1.0
2025-06-30,obm_spent_value_ge155d_btc_daily,28466.17811736,BTC,daily,OBM v0.1.0
2025-07-01,obm_spent_value_ge155d_btc_daily,9782.73152769,BTC,daily,OBM v0.1.0
2025-07-02,obm_spent_value_ge155d_btc_daily,11075.37243963,BTC,daily,OBM v0.1.0
2025-07-03,obm_spent_value_ge155d_btc_daily,16530.96322726,BTC,daily,OBM v0.1.0
2025-07-04,obm_spent_value_ge155d_btc_daily,86104.72114636,BTC,daily,OBM v0.1.0
2025-07-05,obm_spent_value_ge155d_btc_daily,2974.22982103,BTC,daily,OBM v0.1.0
2025-07-06,obm_spent_value_ge155d_btc_daily,3764.64509601,BTC,daily,OBM v0.1.0
2025-07-07,obm_spent_value_ge155d_btc_daily,22796.13576337,BTC,daily,OBM v0.1.0
2025-07-08,obm_spent_value_ge155d_btc_daily,22792.67080004,BTC,daily,OBM v0.1.0
2025-07-09,obm_spent_value_ge155d_btc_daily,22348.51030813,BTC,daily,OBM v0.1.0
2025-07-10,obm_spent_value_ge155d_btc_daily,10925.39197550,BTC,daily,OBM v0.1.0
2025-07-11,obm_spent_value_ge155d_btc_daily,29926.67533293,BTC,daily,OBM v0.1.0
2025-07-12,obm_spent_value_ge155d_btc_daily,16959.15842576,BTC,daily,OBM v0.1.0
2025-07-13,obm_spent_value_ge155d_btc_daily,8377.71709319,BTC,daily,OBM v0.1.0
2025-07-14,obm_spent_value_ge155d_btc_daily,26122.08244684,BTC,daily,OBM v0.1.0
2025-07-15,obm_spent_value_ge155d_btc_daily,19351.83532729,BTC,daily,OBM v0.1.0
2025-07-16,obm_spent_value_ge155d_btc_daily,104110.38591344,BTC,daily,OBM v0.1.0
2025-07-17,obm_spent_value_ge155d_btc_daily,50010.71898448,BTC,daily,OBM v0.1.0
2025-07-18,obm_spent_value_ge155d_btc_daily,19438.17659367,BTC,daily,OBM v0.1.0
2025-07-19,obm_spent_value_ge155d_btc_daily,13774.69106629,BTC,daily,OBM v0.1.0
2025-07-20,obm_spent_value_ge155d_btc_daily,5990.53693333,BTC,daily,OBM v0.1.0
2025-07-21,obm_spent_value_ge155d_btc_daily,12226.29571799,BTC,daily,OBM v0.1.0
2025-07-22,obm_spent_value_ge155d_btc_daily,27008.51702431,BTC,daily,OBM v0.1.0
2025-07-23,obm_spent_value_ge155d_btc_daily,19729.46972961,BTC,daily,OBM v0.1.0
2025-07-24,obm_spent_value_ge155d_btc_daily,16414.38662698,BTC,daily,OBM v0.1.0
2025-07-25,obm_spent_value_ge155d_btc_daily,25979.46669086,BTC,daily,OBM v0.1.0
2025-07-26,obm_spent_value_ge155d_btc_daily,7532.08421861,BTC,daily,OBM v0.1.0
2025-07-27,obm_spent_value_ge155d_btc_daily,6662.40532080,BTC,daily,OBM v0.1.0
2025-07-28,obm_spent_value_ge155d_btc_daily,13222.61680686,BTC,daily,OBM v0.1.0
2025-07-29,obm_spent_value_ge155d_btc_daily,22183.15476006,BTC,daily,OBM v0.1.0
2025-07-30,obm_spent_value_ge155d_btc_daily,14170.86649349,BTC,daily,OBM v0.1.0
2025-07-31,obm_spent_value_ge155d_btc_daily,11319.71999021,BTC,daily,OBM v0.1.0
2025-08-01,obm_spent_value_ge155d_btc_daily,11364.18601818,BTC,daily,OBM v0.1.0
2025-08-02,obm_spent_value_ge155d_btc_daily,3182.48004494,BTC,daily,OBM v0.1.0
2025-08-03,obm_spent_value_ge155d_btc_daily,8536.59927818,BTC,daily,OBM v0.1.0
2025-08-04,obm_spent_value_ge155d_btc_daily,11001.41008585,BTC,daily,OBM v0.1.0
2025-08-05,obm_spent_value_ge155d_btc_daily,13212.40888662,BTC,daily,OBM v0.1.0
2025-08-06,obm_spent_value_ge155d_btc_daily,6998.03400311,BTC,daily,OBM v0.1.0
2025-08-07,obm_spent_value_ge155d_btc_daily,19350.17062440,BTC,daily,OBM v0.1.0
2025-08-08,obm_spent_value_ge155d_btc_daily,16127.42700558,BTC,daily,OBM v0.1.0
2025-08-09,obm_spent_value_ge155d_btc_daily,4713.85636179,BTC,daily,OBM v0.1.0
2025-08-10,obm_spent_value_ge155d_btc_daily,6453.51695766,BTC,daily,OBM v0.1.0
2025-08-11,obm_spent_value_ge155d_btc_daily,8499.07342472,BTC,daily,OBM v0.1.0
2025-08-12,obm_spent_value_ge155d_btc_daily,16116.49326552,BTC,daily,OBM v0.1.0
2025-08-13,obm_spent_value_ge155d_btc_daily,18711.83047247,BTC,daily,OBM v0.1.0
2025-08-14,obm_spent_value_ge155d_btc_daily,22953.96654665,BTC,daily,OBM v0.1.0
2025-08-15,obm_spent_value_ge155d_btc_daily,19746.50204948,BTC,daily,OBM v0.1.0
2025-08-16,obm_spent_value_ge155d_btc_daily,35569.85425775,BTC,daily,OBM v0.1.0
2025-08-17,obm_spent_value_ge155d_btc_daily,3822.11869067,BTC,daily,OBM v0.1.0
2025-08-18,obm_spent_value_ge155d_btc_daily,7989.66678756,BTC,daily,OBM v0.1.0
2025-08-19,obm_spent_value_ge155d_btc_daily,27411.21285944,BTC,daily,OBM v0.1.0
2025-08-20,obm_spent_value_ge155d_btc_daily,16715.90712371,BTC,daily,OBM v0.1.0
2025-08-21,obm_spent_value_ge155d_btc_daily,19247.33072679,BTC,daily,OBM v0.1.0
2025-08-22,obm_spent_value_ge155d_btc_daily,34443.61883457,BTC,daily,OBM v0.1.0
2025-08-23,obm_spent_value_ge155d_btc_daily,13286.29612907,BTC,daily,OBM v0.1.0
2025-08-24,obm_spent_value_ge155d_btc_daily,3726.70091730,BTC,daily,OBM v0.1.0
2025-08-25,obm_spent_value_ge155d_btc_daily,10308.81917982,BTC,daily,OBM v0.1.0
2025-08-26,obm_spent_value_ge155d_btc_daily,17087.06264109,BTC,daily,OBM v0.1.0
2025-08-27,obm_spent_value_ge155d_btc_daily,17367.46816557,BTC,daily,OBM v0.1.0
2025-08-28,obm_spent_value_ge155d_btc_daily,37526.79482104,BTC,daily,OBM v0.1.0
2025-08-29,obm_spent_value_ge155d_btc_daily,107495.63790286,BTC,daily,OBM v0.1.0
2025-08-30,obm_spent_value_ge155d_btc_daily,15035.34827693,BTC,daily,OBM v0.1.0
2025-08-31,obm_spent_value_ge155d_btc_daily,4874.05400482,BTC,daily,OBM v0.1.0
2025-09-01,obm_spent_value_ge155d_btc_daily,5832.45078734,BTC,daily,OBM v0.1.0
2025-09-02,obm_spent_value_ge155d_btc_daily,6550.11714684,BTC,daily,OBM v0.1.0
2025-09-03,obm_spent_value_ge155d_btc_daily,16151.79034671,BTC,daily,OBM v0.1.0
2025-09-04,obm_spent_value_ge155d_btc_daily,21266.82600403,BTC,daily,OBM v0.1.0
2025-09-05,obm_spent_value_ge155d_btc_daily,46857.02553502,BTC,daily,OBM v0.1.0
2025-09-06,obm_spent_value_ge155d_btc_daily,12605.09446214,BTC,daily,OBM v0.1.0
2025-09-07,obm_spent_value_ge155d_btc_daily,5750.68287195,BTC,daily,OBM v0.1.0
2025-09-08,obm_spent_value_ge155d_btc_daily,11010.36780650,BTC,daily,OBM v0.1.0
2025-09-09,obm_spent_value_ge155d_btc_daily,15773.58284295,BTC,daily,OBM v0.1.0
2025-09-10,obm_spent_value_ge155d_btc_daily,16687.94352482,BTC,daily,OBM v0.1.0
2025-09-11,obm_spent_value_ge155d_btc_daily,19520.83900455,BTC,daily,OBM v0.1.0
2025-09-12,obm_spent_value_ge155d_btc_daily,18544.79202817,BTC,daily,OBM v0.1.0
2025-09-13,obm_spent_value_ge155d_btc_daily,13745.77213707,BTC,daily,OBM v0.1.0
2025-09-14,obm_spent_value_ge155d_btc_daily,4280.76128798,BTC,daily,OBM v0.1.0
2025-09-15,obm_spent_value_ge155d_btc_daily,13124.99520215,BTC,daily,OBM v0.1.0
2025-09-16,obm_spent_value_ge155d_btc_daily,18476.53960403,BTC,daily,OBM v0.1.0
2025-09-17,obm_spent_value_ge155d_btc_daily,23435.33738758,BTC,daily,OBM v0.1.0
2025-09-18,obm_spent_value_ge155d_btc_daily,19528.20575532,BTC,daily,OBM v0.1.0
2025-09-19,obm_spent_value_ge155d_btc_daily,31844.99740859,BTC,daily,OBM v0.1.0
2025-09-20,obm_spent_value_ge155d_btc_daily,11454.01143443,BTC,daily,OBM v0.1.0
2025-09-21,obm_spent_value_ge155d_btc_daily,4505.18534193,BTC,daily,OBM v0.1.0
2025-09-22,obm_spent_value_ge155d_btc_daily,6253.14648531,BTC,daily,OBM v0.1.0
2025-09-23,obm_spent_value_ge155d_btc_daily,25947.07994236,BTC,daily,OBM v0.1.0
2025-09-24,obm_spent_value_ge155d_btc_daily,23461.76757429,BTC,daily,OBM v0.1.0
2025-09-25,obm_spent_value_ge155d_btc_daily,31019.64829899,BTC,daily,OBM v0.1.0
2025-09-26,obm_spent_value_ge155d_btc_daily,24119.50962288,BTC,daily,OBM v0.1.0
2025-09-27,obm_spent_value_ge155d_btc_daily,12342.44561655,BTC,daily,OBM v0.1.0
2025-09-28,obm_spent_value_ge155d_btc_daily,5787.27222784,BTC,daily,OBM v0.1.0
2025-09-29,obm_spent_value_ge155d_btc_daily,10691.53541927,BTC,daily,OBM v0.1.0
2025-09-30,obm_spent_value_ge155d_btc_daily,20527.00792192,BTC,daily,OBM v0.1.0
2025-10-01,obm_spent_value_ge155d_btc_daily,57862.94033972,BTC,daily,OBM v0.1.0
2025-10-02,obm_spent_value_ge155d_btc_daily,35172.22234075,BTC,daily,OBM v0.1.0
2025-10-03,obm_spent_value_ge155d_btc_daily,30917.41610512,BTC,daily,OBM v0.1.0
2025-10-04,obm_spent_value_ge155d_btc_daily,16560.83188616,BTC,daily,OBM v0.1.0
2025-10-05,obm_spent_value_ge155d_btc_daily,9273.79064986,BTC,daily,OBM v0.1.0
2025-10-06,obm_spent_value_ge155d_btc_daily,11555.85364719,BTC,daily,OBM v0.1.0
2025-10-07,obm_spent_value_ge155d_btc_daily,53219.39493524,BTC,daily,OBM v0.1.0
2025-10-08,obm_spent_value_ge155d_btc_daily,21134.79965916,BTC,daily,OBM v0.1.0
2025-10-09,obm_spent_value_ge155d_btc_daily,28971.18001314,BTC,daily,OBM v0.1.0
2025-10-10,obm_spent_value_ge155d_btc_daily,17341.79313455,BTC,daily,OBM v0.1.0
2025-10-11,obm_spent_value_ge155d_btc_daily,19855.40187982,BTC,daily,OBM v0.1.0
2025-10-12,obm_spent_value_ge155d_btc_daily,4721.51751146,BTC,daily,OBM v0.1.0
2025-10-13,obm_spent_value_ge155d_btc_daily,5485.24079272,BTC,daily,OBM v0.1.0
2025-10-14,obm_spent_value_ge155d_btc_daily,71176.29495900,BTC,daily,OBM v0.1.0
2025-10-15,obm_spent_value_ge155d_btc_daily,65704.08175582,BTC,daily,OBM v0.1.0
2025-10-16,obm_spent_value_ge155d_btc_daily,17232.46977622,BTC,daily,OBM v0.1.0
2025-10-17,obm_spent_value_ge155d_btc_daily,32395.79487276,BTC,daily,OBM v0.1.0
2025-10-18,obm_spent_value_ge155d_btc_daily,13907.28484534,BTC,daily,OBM v0.1.0
2025-10-19,obm_spent_value_ge155d_btc_daily,4361.11622070,BTC,daily,OBM v0.1.0
2025-10-20,obm_spent_value_ge155d_btc_daily,6846.81203786,BTC,daily,OBM v0.1.0
2025-10-21,obm_spent_value_ge155d_btc_daily,24187.02064101,BTC,daily,OBM v0.1.0
2025-10-22,obm_spent_value_ge155d_btc_daily,39596.83639523,BTC,daily,OBM v0.1.0
2025-10-23,obm_spent_value_ge155d_btc_daily,26500.08070301,BTC,daily,OBM v0.1.0
2025-10-24,obm_spent_value_ge155d_btc_daily,19901.66635855,BTC,daily,OBM v0.1.0
2025-10-25,obm_spent_value_ge155d_btc_daily,14342.83642202,BTC,daily,OBM v0.1.0
2025-10-26,obm_spent_value_ge155d_btc_daily,10770.37716152,BTC,daily,OBM v0.1.0
2025-10-27,obm_spent_value_ge155d_btc_daily,15471.89661151,BTC,daily,OBM v0.1.0
2025-10-28,obm_spent_value_ge155d_btc_daily,42645.83597490,BTC,daily,OBM v0.1.0
2025-10-29,obm_spent_value_ge155d_btc_daily,41185.98629726,BTC,daily,OBM v0.1.0
2025-10-30,obm_spent_value_ge155d_btc_daily,59204.46890959,BTC,daily,OBM v0.1.0
2025-10-31,obm_spent_value_ge155d_btc_daily,25897.43293208,BTC,daily,OBM v0.1.0
2025-11-01,obm_spent_value_ge155d_btc_daily,15792.00928471,BTC,daily,OBM v0.1.0
2025-11-02,obm_spent_value_ge155d_btc_daily,4269.15926519,BTC,daily,OBM v0.1.0
2025-11-03,obm_spent_value_ge155d_btc_daily,20069.13230975,BTC,daily,OBM v0.1.0
2025-11-04,obm_spent_value_ge155d_btc_daily,46583.14255666,BTC,daily,OBM v0.1.0
2025-11-05,obm_spent_value_ge155d_btc_daily,36046.53906250,BTC,daily,OBM v0.1.0
2025-11-06,obm_spent_value_ge155d_btc_daily,34949.81447320,BTC,daily,OBM v0.1.0
2025-11-07,obm_spent_value_ge155d_btc_daily,77822.45592982,BTC,daily,OBM v0.1.0
2025-11-08,obm_spent_value_ge155d_btc_daily,14514.19066918,BTC,daily,OBM v0.1.0
2025-11-09,obm_spent_value_ge155d_btc_daily,3179.40794227,BTC,daily,OBM v0.1.0
2025-11-10,obm_spent_value_ge155d_btc_daily,25547.83917776,BTC,daily,OBM v0.1.0
2025-11-11,obm_spent_value_ge155d_btc_daily,29717.30293883,BTC,daily,OBM v0.1.0
2025-11-12,obm_spent_value_ge155d_btc_daily,24215.73285124,BTC,daily,OBM v0.1.0
2025-11-13,obm_spent_value_ge155d_btc_daily,31940.77566562,BTC,daily,OBM v0.1.0
2025-11-14,obm_spent_value_ge155d_btc_daily,37416.83350547,BTC,daily,OBM v0.1.0
2025-11-15,obm_spent_value_ge155d_btc_daily,8395.42702245,BTC,daily,OBM v0.1.0
2025-11-16,obm_spent_value_ge155d_btc_daily,7644.58217130,BTC,daily,OBM v0.1.0
2025-11-17,obm_spent_value_ge155d_btc_daily,38304.13269018,BTC,daily,OBM v0.1.0
2025-11-18,obm_spent_value_ge155d_btc_daily,85053.99647532,BTC,daily,OBM v0.1.0
2025-11-19,obm_spent_value_ge155d_btc_daily,28395.72246982,BTC,daily,OBM v0.1.0
2025-11-20,obm_spent_value_ge155d_btc_daily,36272.60955564,BTC,daily,OBM v0.1.0
2025-11-21,obm_spent_value_ge155d_btc_daily,29731.78140539,BTC,daily,OBM v0.1.0
2025-11-22,obm_spent_value_ge155d_btc_daily,549476.87094290,BTC,daily,OBM v0.1.0
2025-11-23,obm_spent_value_ge155d_btc_daily,172067.37505240,BTC,daily,OBM v0.1.0
2025-11-24,obm_spent_value_ge155d_btc_daily,15536.53317125,BTC,daily,OBM v0.1.0
2025-11-25,obm_spent_value_ge155d_btc_daily,9796.20524500,BTC,daily,OBM v0.1.0
2025-11-26,obm_spent_value_ge155d_btc_daily,59808.56121968,BTC,daily,OBM v0.1.0
2025-11-27,obm_spent_value_ge155d_btc_daily,6476.72286678,BTC,daily,OBM v0.1.0
2025-11-28,obm_spent_value_ge155d_btc_daily,10541.35150115,BTC,daily,OBM v0.1.0
2025-11-29,obm_spent_value_ge155d_btc_daily,2889.51166372,BTC,daily,OBM v0.1.0
2025-11-30,obm_spent_value_ge155d_btc_daily,4897.92239234,BTC,daily,OBM v0.1.0
2025-12-01,obm_spent_value_ge155d_btc_daily,25161.00245110,BTC,daily,OBM v0.1.0
2025-12-02,obm_spent_value_ge155d_btc_daily,9069.78195952,BTC,daily,OBM v0.1.0
2025-12-03,obm_spent_value_ge155d_btc_daily,43862.78551544,BTC,daily,OBM v0.1.0
2025-12-04,obm_spent_value_ge155d_btc_daily,11202.31398459,BTC,daily,OBM v0.1.0
2025-12-05,obm_spent_value_ge155d_btc_daily,11561.78348045,BTC,daily,OBM v0.1.0
2025-12-06,obm_spent_value_ge155d_btc_daily,4365.51176868,BTC,daily,OBM v0.1.0
2025-12-07,obm_spent_value_ge155d_btc_daily,5027.97615969,BTC,daily,OBM v0.1.0
2025-12-08,obm_spent_value_ge155d_btc_daily,25833.82422812,BTC,daily,OBM v0.1.0
2025-12-09,obm_spent_value_ge155d_btc_daily,19384.26658765,BTC,daily,OBM v0.1.0
2025-12-10,obm_spent_value_ge155d_btc_daily,58895.14721729,BTC,daily,OBM v0.1.0
2025-12-11,obm_spent_value_ge155d_btc_daily,15700.38517673,BTC,daily,OBM v0.1.0
2025-12-12,obm_spent_value_ge155d_btc_daily,23517.78405556,BTC,daily,OBM v0.1.0
2025-12-13,obm_spent_value_ge155d_btc_daily,11936.18828401,BTC,daily,OBM v0.1.0
2025-12-14,obm_spent_value_ge155d_btc_daily,5348.11380611,BTC,daily,OBM v0.1.0
2025-12-15,obm_spent_value_ge155d_btc_daily,12448.05687165,BTC,daily,OBM v0.1.0
2025-12-16,obm_spent_value_ge155d_btc_daily,35543.29846292,BTC,daily,OBM v0.1.0
2025-12-17,obm_spent_value_ge155d_btc_daily,30977.33575061,BTC,daily,OBM v0.1.0
2025-12-18,obm_spent_value_ge155d_btc_daily,10115.07983412,BTC,daily,OBM v0.1.0
2025-12-19,obm_spent_value_ge155d_btc_daily,24251.03804557,BTC,daily,OBM v0.1.0
2025-12-20,obm_spent_value_ge155d_btc_daily,50911.83038834,BTC,daily,OBM v0.1.0
2025-12-21,obm_spent_value_ge155d_btc_daily,3597.17332654,BTC,daily,OBM v0.1.0
2025-12-22,obm_spent_value_ge155d_btc_daily,10524.20387683,BTC,daily,OBM v0.1.0
2025-12-23,obm_spent_value_ge155d_btc_daily,27525.82185043,BTC,daily,OBM v0.1.0
2025-12-24,obm_spent_value_ge155d_btc_daily,5272.14814609,BTC,daily,OBM v0.1.0
2025-12-25,obm_spent_value_ge155d_btc_daily,3611.65187938,BTC,daily,OBM v0.1.0
2025-12-26,obm_spent_value_ge155d_btc_daily,6532.52883739,BTC,daily,OBM v0.1.0
2025-12-27,obm_spent_value_ge155d_btc_daily,3906.04227073,BTC,daily,OBM v0.1.0
2025-12-28,obm_spent_value_ge155d_btc_daily,5105.21697200,BTC,daily,OBM v0.1.0
2025-12-29,obm_spent_value_ge155d_btc_daily,11715.60008289,BTC,daily,OBM v0.1.0
2025-12-30,obm_spent_value_ge155d_btc_daily,18950.26883775,BTC,daily,OBM v0.1.0
2025-12-31,obm_spent_value_ge155d_btc_daily,41650.55602863,BTC,daily,OBM v0.1.0
2026-01-01,obm_spent_value_ge155d_btc_daily,18724.52104810,BTC,daily,OBM v0.1.0
2026-01-02,obm_spent_value_ge155d_btc_daily,7167.70143534,BTC,daily,OBM v0.1.0
2026-01-03,obm_spent_value_ge155d_btc_daily,2845.11837288,BTC,daily,OBM v0.1.0
2026-01-04,obm_spent_value_ge155d_btc_daily,4688.36256114,BTC,daily,OBM v0.1.0
2026-01-05,obm_spent_value_ge155d_btc_daily,12961.47595994,BTC,daily,OBM v0.1.0
2026-01-06,obm_spent_value_ge155d_btc_daily,4623.29490707,BTC,daily,OBM v0.1.0
2026-01-07,obm_spent_value_ge155d_btc_daily,55982.30919188,BTC,daily,OBM v0.1.0
2026-01-08,obm_spent_value_ge155d_btc_daily,12708.47703817,BTC,daily,OBM v0.1.0
2026-01-09,obm_spent_value_ge155d_btc_daily,19633.11696211,BTC,daily,OBM v0.1.0
2026-01-10,obm_spent_value_ge155d_btc_daily,14229.30044233,BTC,daily,OBM v0.1.0
2026-01-11,obm_spent_value_ge155d_btc_daily,2606.83561387,BTC,daily,OBM v0.1.0
2026-01-12,obm_spent_value_ge155d_btc_daily,10755.39777024,BTC,daily,OBM v0.1.0
2026-01-13,obm_spent_value_ge155d_btc_daily,18020.54036240,BTC,daily,OBM v0.1.0
2026-01-14,obm_spent_value_ge155d_btc_daily,10715.58111495,BTC,daily,OBM v0.1.0
2026-01-15,obm_spent_value_ge155d_btc_daily,14238.14924461,BTC,daily,OBM v0.1.0
2026-01-16,obm_spent_value_ge155d_btc_daily,9040.59098834,BTC,daily,OBM v0.1.0
2026-01-17,obm_spent_value_ge155d_btc_daily,4507.19123545,BTC,daily,OBM v0.1.0
2026-01-18,obm_spent_value_ge155d_btc_daily,3638.77420088,BTC,daily,OBM v0.1.0
2026-01-19,obm_spent_value_ge155d_btc_daily,5272.74591174,BTC,daily,OBM v0.1.0
2026-01-20,obm_spent_value_ge155d_btc_daily,8887.12665355,BTC,daily,OBM v0.1.0
2026-01-21,obm_spent_value_ge155d_btc_daily,9329.83989812,BTC,daily,OBM v0.1.0
2026-01-22,obm_spent_value_ge155d_btc_daily,14451.37543090,BTC,daily,OBM v0.1.0
2026-01-23,obm_spent_value_ge155d_btc_daily,9395.73885995,BTC,daily,OBM v0.1.0
2026-01-24,obm_spent_value_ge155d_btc_daily,3648.51678596,BTC,daily,OBM v0.1.0
2026-01-25,obm_spent_value_ge155d_btc_daily,3798.30164029,BTC,daily,OBM v0.1.0
2026-01-26,obm_spent_value_ge155d_btc_daily,6796.22615811,BTC,daily,OBM v0.1.0
2026-01-27,obm_spent_value_ge155d_btc_daily,6195.11430640,BTC,daily,OBM v0.1.0
2026-01-28,obm_spent_value_ge155d_btc_daily,9620.28277524,BTC,daily,OBM v0.1.0
2026-01-29,obm_spent_value_ge155d_btc_daily,7904.05493090,BTC,daily,OBM v0.1.0
2026-01-30,obm_spent_value_ge155d_btc_daily,14651.12750243,BTC,daily,OBM v0.1.0
2026-01-31,obm_spent_value_ge155d_btc_daily,11458.73496756,BTC,daily,OBM v0.1.0
2026-02-01,obm_spent_value_ge155d_btc_daily,10363.27515214,BTC,daily,OBM v0.1.0
2026-02-02,obm_spent_value_ge155d_btc_daily,23102.28546984,BTC,daily,OBM v0.1.0
2026-02-03,obm_spent_value_ge155d_btc_daily,16564.00215829,BTC,daily,OBM v0.1.0
2026-02-04,obm_spent_value_ge155d_btc_daily,18591.67309014,BTC,daily,OBM v0.1.0
2026-02-05,obm_spent_value_ge155d_btc_daily,45544.63141830,BTC,daily,OBM v0.1.0
2026-02-06,obm_spent_value_ge155d_btc_daily,31407.69653205,BTC,daily,OBM v0.1.0
2026-02-07,obm_spent_value_ge155d_btc_daily,6337.24287930,BTC,daily,OBM v0.1.0
2026-02-08,obm_spent_value_ge155d_btc_daily,4785.30333057,BTC,daily,OBM v0.1.0
2026-02-09,obm_spent_value_ge155d_btc_daily,12923.08187021,BTC,daily,OBM v0.1.0
2026-02-10,obm_spent_value_ge155d_btc_daily,18259.91207225,BTC,daily,OBM v0.1.0
2026-02-11,obm_spent_value_ge155d_btc_daily,14310.58995153,BTC,daily,OBM v0.1.0
2026-02-12,obm_spent_value_ge155d_btc_daily,9633.55328647,BTC,daily,OBM v0.1.0
2026-02-13,obm_spent_value_ge155d_btc_daily,25457.91348056,BTC,daily,OBM v0.1.0
2026-02-14,obm_spent_value_ge155d_btc_daily,3160.71803505,BTC,daily,OBM v0.1.0
2026-02-15,obm_spent_value_ge155d_btc_daily,2283.92031131,BTC,daily,OBM v0.1.0
2026-02-16,obm_spent_value_ge155d_btc_daily,3787.34269745,BTC,daily,OBM v0.1.0
2026-02-17,obm_spent_value_ge155d_btc_daily,6022.75202261,BTC,daily,OBM v0.1.0
2026-02-18,obm_spent_value_ge155d_btc_daily,18665.07291379,BTC,daily,OBM v0.1.0
2026-02-19,obm_spent_value_ge155d_btc_daily,6527.74174058,BTC,daily,OBM v0.1.0
2026-02-20,obm_spent_value_ge155d_btc_daily,9970.75107583,BTC,daily,OBM v0.1.0
2026-02-21,obm_spent_value_ge155d_btc_daily,3437.15289111,BTC,daily,OBM v0.1.0
2026-02-22,obm_spent_value_ge155d_btc_daily,1935.79168630,BTC,daily,OBM v0.1.0
2026-02-23,obm_spent_value_ge155d_btc_daily,6620.43994903,BTC,daily,OBM v0.1.0
2026-02-24,obm_spent_value_ge155d_btc_daily,10905.25016090,BTC,daily,OBM v0.1.0
2026-02-25,obm_spent_value_ge155d_btc_daily,6147.53393450,BTC,daily,OBM v0.1.0
2026-02-26,obm_spent_value_ge155d_btc_daily,8832.82937169,BTC,daily,OBM v0.1.0
2026-02-27,obm_spent_value_ge155d_btc_daily,8524.47290741,BTC,daily,OBM v0.1.0
2026-02-28,obm_spent_value_ge155d_btc_daily,2510.68374505,BTC,daily,OBM v0.1.0
2026-03-01,obm_spent_value_ge155d_btc_daily,3125.48626622,BTC,daily,OBM v0.1.0
2026-03-02,obm_spent_value_ge155d_btc_daily,5909.34206387,BTC,daily,OBM v0.1.0
2026-03-03,obm_spent_value_ge155d_btc_daily,5202.34908013,BTC,daily,OBM v0.1.0
2026-03-04,obm_spent_value_ge155d_btc_daily,4022.71015145,BTC,daily,OBM v0.1.0
2026-03-05,obm_spent_value_ge155d_btc_daily,11088.90473084,BTC,daily,OBM v0.1.0
2026-03-06,obm_spent_value_ge155d_btc_daily,17549.94720200,BTC,daily,OBM v0.1.0
2026-03-07,obm_spent_value_ge155d_btc_daily,2793.76258725,BTC,daily,OBM v0.1.0
2026-03-08,obm_spent_value_ge155d_btc_daily,2693.24349102,BTC,daily,OBM v0.1.0
2026-03-09,obm_spent_value_ge155d_btc_daily,9957.21619164,BTC,daily,OBM v0.1.0
2026-03-10,obm_spent_value_ge155d_btc_daily,5388.31408088,BTC,daily,OBM v0.1.0
2026-03-11,obm_spent_value_ge155d_btc_daily,24115.53549281,BTC,daily,OBM v0.1.0
2026-03-12,obm_spent_value_ge155d_btc_daily,18715.19178668,BTC,daily,OBM v0.1.0
2026-03-13,obm_spent_value_ge155d_btc_daily,7575.05669329,BTC,daily,OBM v0.1.0
2026-03-14,obm_spent_value_ge155d_btc_daily,3353.02064532,BTC,daily,OBM v0.1.0
2026-03-15,obm_spent_value_ge155d_btc_daily,2053.81070049,BTC,daily,OBM v0.1.0
2026-03-16,obm_spent_value_ge155d_btc_daily,15572.61055720,BTC,daily,OBM v0.1.0
2026-03-17,obm_spent_value_ge155d_btc_daily,11964.52879329,BTC,daily,OBM v0.1.0
2026-03-18,obm_spent_value_ge155d_btc_daily,7971.95486272,BTC,daily,OBM v0.1.0
2026-03-19,obm_spent_value_ge155d_btc_daily,9242.69053888,BTC,daily,OBM v0.1.0
2026-03-20,obm_spent_value_ge155d_btc_daily,9510.08784336,BTC,daily,OBM v0.1.0
2026-03-21,obm_spent_value_ge155d_btc_daily,1785.92026079,BTC,daily,OBM v0.1.0
2026-03-22,obm_spent_value_ge155d_btc_daily,18329.05044829,BTC,daily,OBM v0.1.0
2026-03-23,obm_spent_value_ge155d_btc_daily,7765.38614598,BTC,daily,OBM v0.1.0
2026-03-24,obm_spent_value_ge155d_btc_daily,6435.19660637,BTC,daily,OBM v0.1.0
2026-03-25,obm_spent_value_ge155d_btc_daily,5500.24512280,BTC,daily,OBM v0.1.0
2026-03-26,obm_spent_value_ge155d_btc_daily,8392.08650044,BTC,daily,OBM v0.1.0
2026-03-27,obm_spent_value_ge155d_btc_daily,6758.30953061,BTC,daily,OBM v0.1.0
2026-03-28,obm_spent_value_ge155d_btc_daily,8180.77803351,BTC,daily,OBM v0.1.0
2026-03-29,obm_spent_value_ge155d_btc_daily,2992.30266562,BTC,daily,OBM v0.1.0
2026-03-30,obm_spent_value_ge155d_btc_daily,13290.28727129,BTC,daily,OBM v0.1.0
2026-03-31,obm_spent_value_ge155d_btc_daily,22473.06969137,BTC,daily,OBM v0.1.0
2026-04-01,obm_spent_value_ge155d_btc_daily,5327.50056968,BTC,daily,OBM v0.1.0
2026-04-02,obm_spent_value_ge155d_btc_daily,8721.06476399,BTC,daily,OBM v0.1.0
2026-04-03,obm_spent_value_ge155d_btc_daily,5490.67415778,BTC,daily,OBM v0.1.0
2026-04-04,obm_spent_value_ge155d_btc_daily,2439.39217370,BTC,daily,OBM v0.1.0
2026-04-05,obm_spent_value_ge155d_btc_daily,5829.26774616,BTC,daily,OBM v0.1.0
2026-04-06,obm_spent_value_ge155d_btc_daily,6327.23999585,BTC,daily,OBM v0.1.0
2026-04-07,obm_spent_value_ge155d_btc_daily,8022.25713960,BTC,daily,OBM v0.1.0
2026-04-08,obm_spent_value_ge155d_btc_daily,5983.43546129,BTC,daily,OBM v0.1.0
2026-04-09,obm_spent_value_ge155d_btc_daily,7934.85033517,BTC,daily,OBM v0.1.0
2026-04-10,obm_spent_value_ge155d_btc_daily,6216.67679364,BTC,daily,OBM v0.1.0
2026-04-11,obm_spent_value_ge155d_btc_daily,4447.69156334,BTC,daily,OBM v0.1.0
2026-04-12,obm_spent_value_ge155d_btc_daily,2925.16452983,BTC,daily,OBM v0.1.0
2026-04-13,obm_spent_value_ge155d_btc_daily,5067.92869064,BTC,daily,OBM v0.1.0
2026-04-14,obm_spent_value_ge155d_btc_daily,32149.28708166,BTC,daily,OBM v0.1.0
2026-04-15,obm_spent_value_ge155d_btc_daily,12187.06065067,BTC,daily,OBM v0.1.0
2026-04-16,obm_spent_value_ge155d_btc_daily,14872.67449832,BTC,daily,OBM v0.1.0
2026-04-17,obm_spent_value_ge155d_btc_daily,9203.85035665,BTC,daily,OBM v0.1.0
2026-04-18,obm_spent_value_ge155d_btc_daily,5223.41478166,BTC,daily,OBM v0.1.0
2026-04-19,obm_spent_value_ge155d_btc_daily,4246.09568846,BTC,daily,OBM v0.1.0
2026-04-20,obm_spent_value_ge155d_btc_daily,21549.67308478,BTC,daily,OBM v0.1.0
2026-04-21,obm_spent_value_ge155d_btc_daily,34296.07682044,BTC,daily,OBM v0.1.0
2026-04-22,obm_spent_value_ge155d_btc_daily,32938.97973235,BTC,daily,OBM v0.1.0
2026-04-23,obm_spent_value_ge155d_btc_daily,7252.16524928,BTC,daily,OBM v0.1.0
2026-04-24,obm_spent_value_ge155d_btc_daily,25402.63967882,BTC,daily,OBM v0.1.0
2026-04-25,obm_spent_value_ge155d_btc_daily,1746.64197123,BTC,daily,OBM v0.1.0
2026-04-26,obm_spent_value_ge155d_btc_daily,2554.89552883,BTC,daily,OBM v0.1.0
2026-04-27,obm_spent_value_ge155d_btc_daily,8319.78398577,BTC,daily,OBM v0.1.0
2026-04-28,obm_spent_value_ge155d_btc_daily,7739.31997418,BTC,daily,OBM v0.1.0
2026-04-29,obm_spent_value_ge155d_btc_daily,21673.31052817,BTC,daily,OBM v0.1.0
2026-04-30,obm_spent_value_ge155d_btc_daily,16581.54171042,BTC,daily,OBM v0.1.0
2026-05-01,obm_spent_value_ge155d_btc_daily,11403.87941636,BTC,daily,OBM v0.1.0
2026-05-02,obm_spent_value_ge155d_btc_daily,4860.50821717,BTC,daily,OBM v0.1.0
2026-05-03,obm_spent_value_ge155d_btc_daily,4529.07407399,BTC,daily,OBM v0.1.0
2026-05-04,obm_spent_value_ge155d_btc_daily,21382.57265423,BTC,daily,OBM v0.1.0
2026-05-05,obm_spent_value_ge155d_btc_daily,7371.73305946,BTC,daily,OBM v0.1.0
2026-05-06,obm_spent_value_ge155d_btc_daily,7054.65892289,BTC,daily,OBM v0.1.0
2026-05-07,obm_spent_value_ge155d_btc_daily,11939.94776419,BTC,daily,OBM v0.1.0
2026-05-08,obm_spent_value_ge155d_btc_daily,8177.70487514,BTC,daily,OBM v0.1.0
2026-05-09,obm_spent_value_ge155d_btc_daily,4065.23228782,BTC,daily,OBM v0.1.0
2026-05-10,obm_spent_value_ge155d_btc_daily,3258.82372431,BTC,daily,OBM v0.1.0
2026-05-11,obm_spent_value_ge155d_btc_daily,6239.52400501,BTC,daily,OBM v0.1.0
2026-05-12,obm_spent_value_ge155d_btc_daily,4531.06830381,BTC,daily,OBM v0.1.0
2026-05-13,obm_spent_value_ge155d_btc_daily,10517.39790547,BTC,daily,OBM v0.1.0
2026-05-14,obm_spent_value_ge155d_btc_daily,13324.30865200,BTC,daily,OBM v0.1.0
2026-05-15,obm_spent_value_ge155d_btc_daily,6927.02191065,BTC,daily,OBM v0.1.0
2026-05-16,obm_spent_value_ge155d_btc_daily,2263.91348193,BTC,daily,OBM v0.1.0
2026-05-17,obm_spent_value_ge155d_btc_daily,1529.99034886,BTC,daily,OBM v0.1.0
2026-05-18,obm_spent_value_ge155d_btc_daily,8645.20775900,BTC,daily,OBM v0.1.0
2026-05-19,obm_spent_value_ge155d_btc_daily,17193.96639460,BTC,daily,OBM v0.1.0
2026-05-20,obm_spent_value_ge155d_btc_daily,9590.32805105,BTC,daily,OBM v0.1.0
2026-05-21,obm_spent_value_ge155d_btc_daily,11538.71806976,BTC,daily,OBM v0.1.0
2026-05-22,obm_spent_value_ge155d_btc_daily,14092.32547697,BTC,daily,OBM v0.1.0
2026-05-23,obm_spent_value_ge155d_btc_daily,5048.46363270,BTC,daily,OBM v0.1.0
2026-05-24,obm_spent_value_ge155d_btc_daily,6156.51408602,BTC,daily,OBM v0.1.0
2026-05-25,obm_spent_value_ge155d_btc_daily,3482.40400292,BTC,daily,OBM v0.1.0
2026-05-26,obm_spent_value_ge155d_btc_daily,14423.48663776,BTC,daily,OBM v0.1.0
2026-05-27,obm_spent_value_ge155d_btc_daily,9765.70956072,BTC,daily,OBM v0.1.0
2026-05-28,obm_spent_value_ge155d_btc_daily,19759.31027563,BTC,daily,OBM v0.1.0
2026-05-29,obm_spent_value_ge155d_btc_daily,25461.55023081,BTC,daily,OBM v0.1.0
2026-05-30,obm_spent_value_ge155d_btc_daily,14751.26883413,BTC,daily,OBM v0.1.0
