date,series_id,value,unit,frequency,release_version
2009-01-01,obm_miner_revenue_btc_daily,0.00000000,BTC,daily,OBM v0.1.0
2009-01-02,obm_miner_revenue_btc_daily,0.00000000,BTC,daily,OBM v0.1.0
2009-01-03,obm_miner_revenue_btc_daily,50.00000000,BTC,daily,OBM v0.1.0
2009-01-04,obm_miner_revenue_btc_daily,0.00000000,BTC,daily,OBM v0.1.0
2009-01-05,obm_miner_revenue_btc_daily,0.00000000,BTC,daily,OBM v0.1.0
2009-01-06,obm_miner_revenue_btc_daily,0.00000000,BTC,daily,OBM v0.1.0
2009-01-07,obm_miner_revenue_btc_daily,0.00000000,BTC,daily,OBM v0.1.0
2009-01-08,obm_miner_revenue_btc_daily,0.00000000,BTC,daily,OBM v0.1.0
2009-01-09,obm_miner_revenue_btc_daily,700.00000000,BTC,daily,OBM v0.1.0
2009-01-10,obm_miner_revenue_btc_daily,3050.00000000,BTC,daily,OBM v0.1.0
2009-01-11,obm_miner_revenue_btc_daily,4650.00000000,BTC,daily,OBM v0.1.0
2009-01-12,obm_miner_revenue_btc_daily,4700.00000000,BTC,daily,OBM v0.1.0
2009-01-13,obm_miner_revenue_btc_daily,6150.00000000,BTC,daily,OBM v0.1.0
2009-01-14,obm_miner_revenue_btc_daily,6450.00000000,BTC,daily,OBM v0.1.0
2009-01-15,obm_miner_revenue_btc_daily,6300.00000000,BTC,daily,OBM v0.1.0
2009-01-16,obm_miner_revenue_btc_daily,5400.00000000,BTC,daily,OBM v0.1.0
2009-01-17,obm_miner_revenue_btc_daily,5450.00000000,BTC,daily,OBM v0.1.0
2009-01-18,obm_miner_revenue_btc_daily,5350.00000000,BTC,daily,OBM v0.1.0
2009-01-19,obm_miner_revenue_btc_daily,5750.00000000,BTC,daily,OBM v0.1.0
2009-01-20,obm_miner_revenue_btc_daily,5700.00000000,BTC,daily,OBM v0.1.0
2009-01-21,obm_miner_revenue_btc_daily,5100.00000000,BTC,daily,OBM v0.1.0
2009-01-22,obm_miner_revenue_btc_daily,4550.00000000,BTC,daily,OBM v0.1.0
2009-01-23,obm_miner_revenue_btc_daily,4200.00000000,BTC,daily,OBM v0.1.0
2009-01-24,obm_miner_revenue_btc_daily,10050.00000000,BTC,daily,OBM v0.1.0
2009-01-25,obm_miner_revenue_btc_daily,9550.00000000,BTC,daily,OBM v0.1.0
2009-01-26,obm_miner_revenue_btc_daily,4800.00000000,BTC,daily,OBM v0.1.0
2009-01-27,obm_miner_revenue_btc_daily,4850.00000000,BTC,daily,OBM v0.1.0
2009-01-28,obm_miner_revenue_btc_daily,5600.00000000,BTC,daily,OBM v0.1.0
2009-01-29,obm_miner_revenue_btc_daily,6050.00000000,BTC,daily,OBM v0.1.0
2009-01-30,obm_miner_revenue_btc_daily,5850.00000000,BTC,daily,OBM v0.1.0
2009-01-31,obm_miner_revenue_btc_daily,6900.00000000,BTC,daily,OBM v0.1.0
2009-02-01,obm_miner_revenue_btc_daily,5650.00000000,BTC,daily,OBM v0.1.0
2009-02-02,obm_miner_revenue_btc_daily,6400.00000000,BTC,daily,OBM v0.1.0
2009-02-03,obm_miner_revenue_btc_daily,6952.01000000,BTC,daily,OBM v0.1.0
2009-02-04,obm_miner_revenue_btc_daily,5950.00000000,BTC,daily,OBM v0.1.0
2009-02-05,obm_miner_revenue_btc_daily,6300.00000000,BTC,daily,OBM v0.1.0
2009-02-06,obm_miner_revenue_btc_daily,6100.00000000,BTC,daily,OBM v0.1.0
2009-02-07,obm_miner_revenue_btc_daily,6450.00000000,BTC,daily,OBM v0.1.0
2009-02-08,obm_miner_revenue_btc_daily,6600.00000000,BTC,daily,OBM v0.1.0
2009-02-09,obm_miner_revenue_btc_daily,6700.00000000,BTC,daily,OBM v0.1.0
2009-02-10,obm_miner_revenue_btc_daily,6000.00000000,BTC,daily,OBM v0.1.0
2009-02-11,obm_miner_revenue_btc_daily,6650.00000000,BTC,daily,OBM v0.1.0
2009-02-12,obm_miner_revenue_btc_daily,5950.00000000,BTC,daily,OBM v0.1.0
2009-02-13,obm_miner_revenue_btc_daily,6200.00000000,BTC,daily,OBM v0.1.0
2009-02-14,obm_miner_revenue_btc_daily,6800.00000000,BTC,daily,OBM v0.1.0
2009-02-15,obm_miner_revenue_btc_daily,6400.00000000,BTC,daily,OBM v0.1.0
2009-02-16,obm_miner_revenue_btc_daily,6100.00000000,BTC,daily,OBM v0.1.0
2009-02-17,obm_miner_revenue_btc_daily,5850.00000000,BTC,daily,OBM v0.1.0
2009-02-18,obm_miner_revenue_btc_daily,5900.00000000,BTC,daily,OBM v0.1.0
2009-02-19,obm_miner_revenue_btc_daily,6200.00000000,BTC,daily,OBM v0.1.0
2009-02-20,obm_miner_revenue_btc_daily,6100.00000000,BTC,daily,OBM v0.1.0
2009-02-21,obm_miner_revenue_btc_daily,5700.00000000,BTC,daily,OBM v0.1.0
2009-02-22,obm_miner_revenue_btc_daily,6050.00000000,BTC,daily,OBM v0.1.0
2009-02-23,obm_miner_revenue_btc_daily,5400.00000000,BTC,daily,OBM v0.1.0
2009-02-24,obm_miner_revenue_btc_daily,5300.00000000,BTC,daily,OBM v0.1.0
2009-02-25,obm_miner_revenue_btc_daily,5250.00000000,BTC,daily,OBM v0.1.0
2009-02-26,obm_miner_revenue_btc_daily,5350.00000000,BTC,daily,OBM v0.1.0
2009-02-27,obm_miner_revenue_btc_daily,5750.00000000,BTC,daily,OBM v0.1.0
2009-02-28,obm_miner_revenue_btc_daily,4950.00000000,BTC,daily,OBM v0.1.0
2009-03-01,obm_miner_revenue_btc_daily,5250.00000000,BTC,daily,OBM v0.1.0
2009-03-02,obm_miner_revenue_btc_daily,5400.00000000,BTC,daily,OBM v0.1.0
2009-03-03,obm_miner_revenue_btc_daily,5250.00000000,BTC,daily,OBM v0.1.0
2009-03-04,obm_miner_revenue_btc_daily,5200.00000000,BTC,daily,OBM v0.1.0
2009-03-05,obm_miner_revenue_btc_daily,5600.00000000,BTC,daily,OBM v0.1.0
2009-03-06,obm_miner_revenue_btc_daily,5850.00000000,BTC,daily,OBM v0.1.0
2009-03-07,obm_miner_revenue_btc_daily,5450.00000000,BTC,daily,OBM v0.1.0
2009-03-08,obm_miner_revenue_btc_daily,5750.00000000,BTC,daily,OBM v0.1.0
2009-03-09,obm_miner_revenue_btc_daily,5400.00000000,BTC,daily,OBM v0.1.0
2009-03-10,obm_miner_revenue_btc_daily,5350.00000000,BTC,daily,OBM v0.1.0
2009-03-11,obm_miner_revenue_btc_daily,5700.00000000,BTC,daily,OBM v0.1.0
2009-03-12,obm_miner_revenue_btc_daily,5900.00000000,BTC,daily,OBM v0.1.0
2009-03-13,obm_miner_revenue_btc_daily,5650.00000000,BTC,daily,OBM v0.1.0
2009-03-14,obm_miner_revenue_btc_daily,5500.00000000,BTC,daily,OBM v0.1.0
2009-03-15,obm_miner_revenue_btc_daily,6150.00000000,BTC,daily,OBM v0.1.0
2009-03-16,obm_miner_revenue_btc_daily,6050.00000000,BTC,daily,OBM v0.1.0
2009-03-17,obm_miner_revenue_btc_daily,5700.00000000,BTC,daily,OBM v0.1.0
2009-03-18,obm_miner_revenue_btc_daily,5700.00000000,BTC,daily,OBM v0.1.0
2009-03-19,obm_miner_revenue_btc_daily,6100.00000000,BTC,daily,OBM v0.1.0
2009-03-20,obm_miner_revenue_btc_daily,5900.00000000,BTC,daily,OBM v0.1.0
2009-03-21,obm_miner_revenue_btc_daily,2500.00000000,BTC,daily,OBM v0.1.0
2009-03-22,obm_miner_revenue_btc_daily,5950.00000000,BTC,daily,OBM v0.1.0
2009-03-23,obm_miner_revenue_btc_daily,6500.00000000,BTC,daily,OBM v0.1.0
2009-03-24,obm_miner_revenue_btc_daily,5250.00000000,BTC,daily,OBM v0.1.0
2009-03-25,obm_miner_revenue_btc_daily,5850.00000000,BTC,daily,OBM v0.1.0
2009-03-26,obm_miner_revenue_btc_daily,5850.00000000,BTC,daily,OBM v0.1.0
2009-03-27,obm_miner_revenue_btc_daily,5300.00000000,BTC,daily,OBM v0.1.0
2009-03-28,obm_miner_revenue_btc_daily,5950.00000000,BTC,daily,OBM v0.1.0
2009-03-29,obm_miner_revenue_btc_daily,5800.00000000,BTC,daily,OBM v0.1.0
2009-03-30,obm_miner_revenue_btc_daily,6000.00000000,BTC,daily,OBM v0.1.0
2009-03-31,obm_miner_revenue_btc_daily,5500.00000000,BTC,daily,OBM v0.1.0
2009-04-01,obm_miner_revenue_btc_daily,5700.00000000,BTC,daily,OBM v0.1.0
2009-04-02,obm_miner_revenue_btc_daily,5750.00000000,BTC,daily,OBM v0.1.0
2009-04-03,obm_miner_revenue_btc_daily,5800.00000000,BTC,daily,OBM v0.1.0
2009-04-04,obm_miner_revenue_btc_daily,5650.00000000,BTC,daily,OBM v0.1.0
2009-04-05,obm_miner_revenue_btc_daily,6500.00000000,BTC,daily,OBM v0.1.0
2009-04-06,obm_miner_revenue_btc_daily,5450.00000000,BTC,daily,OBM v0.1.0
2009-04-07,obm_miner_revenue_btc_daily,5000.00000000,BTC,daily,OBM v0.1.0
2009-04-08,obm_miner_revenue_btc_daily,5250.00000000,BTC,daily,OBM v0.1.0
2009-04-09,obm_miner_revenue_btc_daily,4950.00000000,BTC,daily,OBM v0.1.0
2009-04-10,obm_miner_revenue_btc_daily,5400.00000000,BTC,daily,OBM v0.1.0
2009-04-11,obm_miner_revenue_btc_daily,6000.00000000,BTC,daily,OBM v0.1.0
2009-04-12,obm_miner_revenue_btc_daily,5900.00000000,BTC,daily,OBM v0.1.0
2009-04-13,obm_miner_revenue_btc_daily,5750.00000000,BTC,daily,OBM v0.1.0
2009-04-14,obm_miner_revenue_btc_daily,6200.00000000,BTC,daily,OBM v0.1.0
2009-04-15,obm_miner_revenue_btc_daily,5650.00000000,BTC,daily,OBM v0.1.0
2009-04-16,obm_miner_revenue_btc_daily,6150.00000000,BTC,daily,OBM v0.1.0
2009-04-17,obm_miner_revenue_btc_daily,5600.00000000,BTC,daily,OBM v0.1.0
2009-04-18,obm_miner_revenue_btc_daily,6300.00000000,BTC,daily,OBM v0.1.0
2009-04-19,obm_miner_revenue_btc_daily,5950.00000000,BTC,daily,OBM v0.1.0
2009-04-20,obm_miner_revenue_btc_daily,5950.00000000,BTC,daily,OBM v0.1.0
2009-04-21,obm_miner_revenue_btc_daily,6150.00000000,BTC,daily,OBM v0.1.0
2009-04-22,obm_miner_revenue_btc_daily,6050.00000000,BTC,daily,OBM v0.1.0
2009-04-23,obm_miner_revenue_btc_daily,3750.00000000,BTC,daily,OBM v0.1.0
2009-04-24,obm_miner_revenue_btc_daily,5750.00000000,BTC,daily,OBM v0.1.0
2009-04-25,obm_miner_revenue_btc_daily,5900.00000000,BTC,daily,OBM v0.1.0
2009-04-26,obm_miner_revenue_btc_daily,5600.00000000,BTC,daily,OBM v0.1.0
2009-04-27,obm_miner_revenue_btc_daily,5200.00000000,BTC,daily,OBM v0.1.0
2009-04-28,obm_miner_revenue_btc_daily,5850.00000000,BTC,daily,OBM v0.1.0
2009-04-29,obm_miner_revenue_btc_daily,6400.00000000,BTC,daily,OBM v0.1.0
2009-04-30,obm_miner_revenue_btc_daily,6550.00000000,BTC,daily,OBM v0.1.0
2009-05-01,obm_miner_revenue_btc_daily,6050.00000000,BTC,daily,OBM v0.1.0
2009-05-02,obm_miner_revenue_btc_daily,6300.03000000,BTC,daily,OBM v0.1.0
2009-05-03,obm_miner_revenue_btc_daily,5300.00000000,BTC,daily,OBM v0.1.0
2009-05-04,obm_miner_revenue_btc_daily,6400.00000000,BTC,daily,OBM v0.1.0
2009-05-05,obm_miner_revenue_btc_daily,6750.00000000,BTC,daily,OBM v0.1.0
2009-05-06,obm_miner_revenue_btc_daily,6750.00000000,BTC,daily,OBM v0.1.0
2009-05-07,obm_miner_revenue_btc_daily,6100.00000000,BTC,daily,OBM v0.1.0
2009-05-08,obm_miner_revenue_btc_daily,5350.00000000,BTC,daily,OBM v0.1.0
2009-05-09,obm_miner_revenue_btc_daily,3900.00000000,BTC,daily,OBM v0.1.0
2009-05-10,obm_miner_revenue_btc_daily,4250.00000000,BTC,daily,OBM v0.1.0
2009-05-11,obm_miner_revenue_btc_daily,6000.10000000,BTC,daily,OBM v0.1.0
2009-05-12,obm_miner_revenue_btc_daily,6500.00000000,BTC,daily,OBM v0.1.0
2009-05-13,obm_miner_revenue_btc_daily,5550.00000000,BTC,daily,OBM v0.1.0
2009-05-14,obm_miner_revenue_btc_daily,6950.00000000,BTC,daily,OBM v0.1.0
2009-05-15,obm_miner_revenue_btc_daily,6800.00000000,BTC,daily,OBM v0.1.0
2009-05-16,obm_miner_revenue_btc_daily,5950.00000000,BTC,daily,OBM v0.1.0
2009-05-17,obm_miner_revenue_btc_daily,6350.00000000,BTC,daily,OBM v0.1.0
2009-05-18,obm_miner_revenue_btc_daily,5900.00000000,BTC,daily,OBM v0.1.0
2009-05-19,obm_miner_revenue_btc_daily,4300.00000000,BTC,daily,OBM v0.1.0
2009-05-20,obm_miner_revenue_btc_daily,6000.00000000,BTC,daily,OBM v0.1.0
2009-05-21,obm_miner_revenue_btc_daily,4100.00000000,BTC,daily,OBM v0.1.0
2009-05-22,obm_miner_revenue_btc_daily,3050.00000000,BTC,daily,OBM v0.1.0
2009-05-23,obm_miner_revenue_btc_daily,1600.00000000,BTC,daily,OBM v0.1.0
2009-05-24,obm_miner_revenue_btc_daily,5000.00000000,BTC,daily,OBM v0.1.0
2009-05-25,obm_miner_revenue_btc_daily,5450.00000000,BTC,daily,OBM v0.1.0
2009-05-26,obm_miner_revenue_btc_daily,6250.00000000,BTC,daily,OBM v0.1.0
2009-05-27,obm_miner_revenue_btc_daily,5950.00000000,BTC,daily,OBM v0.1.0
2009-05-28,obm_miner_revenue_btc_daily,4750.00000000,BTC,daily,OBM v0.1.0
2009-05-29,obm_miner_revenue_btc_daily,5300.00000000,BTC,daily,OBM v0.1.0
2009-05-30,obm_miner_revenue_btc_daily,5450.00000000,BTC,daily,OBM v0.1.0
2009-05-31,obm_miner_revenue_btc_daily,4800.00000000,BTC,daily,OBM v0.1.0
2009-06-01,obm_miner_revenue_btc_daily,3550.00000000,BTC,daily,OBM v0.1.0
2009-06-02,obm_miner_revenue_btc_daily,5550.00000000,BTC,daily,OBM v0.1.0
2009-06-03,obm_miner_revenue_btc_daily,3550.00000000,BTC,daily,OBM v0.1.0
2009-06-04,obm_miner_revenue_btc_daily,3300.00000000,BTC,daily,OBM v0.1.0
2009-06-05,obm_miner_revenue_btc_daily,1500.00000000,BTC,daily,OBM v0.1.0
2009-06-06,obm_miner_revenue_btc_daily,1400.00000000,BTC,daily,OBM v0.1.0
2009-06-07,obm_miner_revenue_btc_daily,800.00000000,BTC,daily,OBM v0.1.0
2009-06-08,obm_miner_revenue_btc_daily,4100.00000000,BTC,daily,OBM v0.1.0
2009-06-09,obm_miner_revenue_btc_daily,4550.00000000,BTC,daily,OBM v0.1.0
2009-06-10,obm_miner_revenue_btc_daily,4100.00000000,BTC,daily,OBM v0.1.0
2009-06-11,obm_miner_revenue_btc_daily,4450.00000000,BTC,daily,OBM v0.1.0
2009-06-12,obm_miner_revenue_btc_daily,4300.00000000,BTC,daily,OBM v0.1.0
2009-06-13,obm_miner_revenue_btc_daily,3900.00000000,BTC,daily,OBM v0.1.0
2009-06-14,obm_miner_revenue_btc_daily,3600.00000000,BTC,daily,OBM v0.1.0
2009-06-15,obm_miner_revenue_btc_daily,4200.00000000,BTC,daily,OBM v0.1.0
2009-06-16,obm_miner_revenue_btc_daily,3550.00000000,BTC,daily,OBM v0.1.0
2009-06-17,obm_miner_revenue_btc_daily,3950.00000000,BTC,daily,OBM v0.1.0
2009-06-18,obm_miner_revenue_btc_daily,4000.00000000,BTC,daily,OBM v0.1.0
2009-06-19,obm_miner_revenue_btc_daily,4350.00000000,BTC,daily,OBM v0.1.0
2009-06-20,obm_miner_revenue_btc_daily,3900.00000000,BTC,daily,OBM v0.1.0
2009-06-21,obm_miner_revenue_btc_daily,4050.00000000,BTC,daily,OBM v0.1.0
2009-06-22,obm_miner_revenue_btc_daily,3800.00000000,BTC,daily,OBM v0.1.0
2009-06-23,obm_miner_revenue_btc_daily,3800.00000000,BTC,daily,OBM v0.1.0
2009-06-24,obm_miner_revenue_btc_daily,4750.00000000,BTC,daily,OBM v0.1.0
2009-06-25,obm_miner_revenue_btc_daily,3400.00000000,BTC,daily,OBM v0.1.0
2009-06-26,obm_miner_revenue_btc_daily,4500.00000000,BTC,daily,OBM v0.1.0
2009-06-27,obm_miner_revenue_btc_daily,4200.00000000,BTC,daily,OBM v0.1.0
2009-06-28,obm_miner_revenue_btc_daily,2300.00000000,BTC,daily,OBM v0.1.0
2009-06-29,obm_miner_revenue_btc_daily,4150.00000000,BTC,daily,OBM v0.1.0
2009-06-30,obm_miner_revenue_btc_daily,4250.00000000,BTC,daily,OBM v0.1.0
2009-07-01,obm_miner_revenue_btc_daily,3700.00000000,BTC,daily,OBM v0.1.0
2009-07-02,obm_miner_revenue_btc_daily,4150.00000000,BTC,daily,OBM v0.1.0
2009-07-03,obm_miner_revenue_btc_daily,4100.00000000,BTC,daily,OBM v0.1.0
2009-07-04,obm_miner_revenue_btc_daily,4450.00000000,BTC,daily,OBM v0.1.0
2009-07-05,obm_miner_revenue_btc_daily,3950.00000000,BTC,daily,OBM v0.1.0
2009-07-06,obm_miner_revenue_btc_daily,4200.00000000,BTC,daily,OBM v0.1.0
2009-07-07,obm_miner_revenue_btc_daily,3450.00000000,BTC,daily,OBM v0.1.0
2009-07-08,obm_miner_revenue_btc_daily,3700.00000000,BTC,daily,OBM v0.1.0
2009-07-09,obm_miner_revenue_btc_daily,4300.00000000,BTC,daily,OBM v0.1.0
2009-07-10,obm_miner_revenue_btc_daily,4050.00000000,BTC,daily,OBM v0.1.0
2009-07-11,obm_miner_revenue_btc_daily,4150.00000000,BTC,daily,OBM v0.1.0
2009-07-12,obm_miner_revenue_btc_daily,3850.00000000,BTC,daily,OBM v0.1.0
2009-07-13,obm_miner_revenue_btc_daily,3900.00000000,BTC,daily,OBM v0.1.0
2009-07-14,obm_miner_revenue_btc_daily,3450.00000000,BTC,daily,OBM v0.1.0
2009-07-15,obm_miner_revenue_btc_daily,2250.00000000,BTC,daily,OBM v0.1.0
2009-07-16,obm_miner_revenue_btc_daily,3550.00000000,BTC,daily,OBM v0.1.0
2009-07-17,obm_miner_revenue_btc_daily,2350.00000000,BTC,daily,OBM v0.1.0
2009-07-18,obm_miner_revenue_btc_daily,200.00000000,BTC,daily,OBM v0.1.0
2009-07-19,obm_miner_revenue_btc_daily,3500.00000000,BTC,daily,OBM v0.1.0
2009-07-20,obm_miner_revenue_btc_daily,3500.14000000,BTC,daily,OBM v0.1.0
2009-07-21,obm_miner_revenue_btc_daily,4100.00000000,BTC,daily,OBM v0.1.0
2009-07-22,obm_miner_revenue_btc_daily,3000.00000000,BTC,daily,OBM v0.1.0
2009-07-23,obm_miner_revenue_btc_daily,3800.00000000,BTC,daily,OBM v0.1.0
2009-07-24,obm_miner_revenue_btc_daily,3650.00000000,BTC,daily,OBM v0.1.0
2009-07-25,obm_miner_revenue_btc_daily,1600.00000000,BTC,daily,OBM v0.1.0
2009-07-26,obm_miner_revenue_btc_daily,1050.00000000,BTC,daily,OBM v0.1.0
2009-07-27,obm_miner_revenue_btc_daily,3700.00000000,BTC,daily,OBM v0.1.0
2009-07-28,obm_miner_revenue_btc_daily,2050.00000000,BTC,daily,OBM v0.1.0
2009-07-29,obm_miner_revenue_btc_daily,950.00000000,BTC,daily,OBM v0.1.0
2009-07-30,obm_miner_revenue_btc_daily,750.00000000,BTC,daily,OBM v0.1.0
2009-07-31,obm_miner_revenue_btc_daily,850.00000000,BTC,daily,OBM v0.1.0
2009-08-01,obm_miner_revenue_btc_daily,1400.00000000,BTC,daily,OBM v0.1.0
2009-08-02,obm_miner_revenue_btc_daily,1150.00000000,BTC,daily,OBM v0.1.0
2009-08-03,obm_miner_revenue_btc_daily,600.00000000,BTC,daily,OBM v0.1.0
2009-08-04,obm_miner_revenue_btc_daily,4050.00000000,BTC,daily,OBM v0.1.0
2009-08-05,obm_miner_revenue_btc_daily,4350.00000000,BTC,daily,OBM v0.1.0
2009-08-06,obm_miner_revenue_btc_daily,4500.00000000,BTC,daily,OBM v0.1.0
2009-08-07,obm_miner_revenue_btc_daily,4000.13000000,BTC,daily,OBM v0.1.0
2009-08-08,obm_miner_revenue_btc_daily,4000.00000000,BTC,daily,OBM v0.1.0
2009-08-09,obm_miner_revenue_btc_daily,5050.00000000,BTC,daily,OBM v0.1.0
2009-08-10,obm_miner_revenue_btc_daily,3750.00000000,BTC,daily,OBM v0.1.0
2009-08-11,obm_miner_revenue_btc_daily,3500.00000000,BTC,daily,OBM v0.1.0
2009-08-12,obm_miner_revenue_btc_daily,3150.00000000,BTC,daily,OBM v0.1.0
2009-08-13,obm_miner_revenue_btc_daily,4250.00000000,BTC,daily,OBM v0.1.0
2009-08-14,obm_miner_revenue_btc_daily,3150.00000000,BTC,daily,OBM v0.1.0
2009-08-15,obm_miner_revenue_btc_daily,1300.00000000,BTC,daily,OBM v0.1.0
2009-08-16,obm_miner_revenue_btc_daily,950.00000000,BTC,daily,OBM v0.1.0
2009-08-17,obm_miner_revenue_btc_daily,850.00000000,BTC,daily,OBM v0.1.0
2009-08-18,obm_miner_revenue_btc_daily,500.00000000,BTC,daily,OBM v0.1.0
2009-08-19,obm_miner_revenue_btc_daily,900.00000000,BTC,daily,OBM v0.1.0
2009-08-20,obm_miner_revenue_btc_daily,1100.00000000,BTC,daily,OBM v0.1.0
2009-08-21,obm_miner_revenue_btc_daily,700.00000000,BTC,daily,OBM v0.1.0
2009-08-22,obm_miner_revenue_btc_daily,350.00000000,BTC,daily,OBM v0.1.0
2009-08-23,obm_miner_revenue_btc_daily,750.00000000,BTC,daily,OBM v0.1.0
2009-08-24,obm_miner_revenue_btc_daily,750.00000000,BTC,daily,OBM v0.1.0
2009-08-25,obm_miner_revenue_btc_daily,2500.00000000,BTC,daily,OBM v0.1.0
2009-08-26,obm_miner_revenue_btc_daily,2400.00000000,BTC,daily,OBM v0.1.0
2009-08-27,obm_miner_revenue_btc_daily,1450.00000000,BTC,daily,OBM v0.1.0
2009-08-28,obm_miner_revenue_btc_daily,3750.00000000,BTC,daily,OBM v0.1.0
2009-08-29,obm_miner_revenue_btc_daily,3900.00000000,BTC,daily,OBM v0.1.0
2009-08-30,obm_miner_revenue_btc_daily,4850.00000000,BTC,daily,OBM v0.1.0
2009-08-31,obm_miner_revenue_btc_daily,4300.00000000,BTC,daily,OBM v0.1.0
2009-09-01,obm_miner_revenue_btc_daily,3900.00000000,BTC,daily,OBM v0.1.0
2009-09-02,obm_miner_revenue_btc_daily,3300.00000000,BTC,daily,OBM v0.1.0
2009-09-03,obm_miner_revenue_btc_daily,3050.00000000,BTC,daily,OBM v0.1.0
2009-09-04,obm_miner_revenue_btc_daily,3200.00000000,BTC,daily,OBM v0.1.0
2009-09-05,obm_miner_revenue_btc_daily,3800.00000000,BTC,daily,OBM v0.1.0
2009-09-06,obm_miner_revenue_btc_daily,3400.00000000,BTC,daily,OBM v0.1.0
2009-09-07,obm_miner_revenue_btc_daily,3900.00000000,BTC,daily,OBM v0.1.0
2009-09-08,obm_miner_revenue_btc_daily,3450.00000000,BTC,daily,OBM v0.1.0
2009-09-09,obm_miner_revenue_btc_daily,2700.00000000,BTC,daily,OBM v0.1.0
2009-09-10,obm_miner_revenue_btc_daily,3350.00000000,BTC,daily,OBM v0.1.0
2009-09-11,obm_miner_revenue_btc_daily,3350.00000000,BTC,daily,OBM v0.1.0
2009-09-12,obm_miner_revenue_btc_daily,3450.00000000,BTC,daily,OBM v0.1.0
2009-09-13,obm_miner_revenue_btc_daily,3750.00000000,BTC,daily,OBM v0.1.0
2009-09-14,obm_miner_revenue_btc_daily,3700.00000000,BTC,daily,OBM v0.1.0
2009-09-15,obm_miner_revenue_btc_daily,2200.00000000,BTC,daily,OBM v0.1.0
2009-09-16,obm_miner_revenue_btc_daily,3600.00000000,BTC,daily,OBM v0.1.0
2009-09-17,obm_miner_revenue_btc_daily,4200.12000000,BTC,daily,OBM v0.1.0
2009-09-18,obm_miner_revenue_btc_daily,3900.00000000,BTC,daily,OBM v0.1.0
2009-09-19,obm_miner_revenue_btc_daily,3700.00000000,BTC,daily,OBM v0.1.0
2009-09-20,obm_miner_revenue_btc_daily,3900.00000000,BTC,daily,OBM v0.1.0
2009-09-21,obm_miner_revenue_btc_daily,3450.00000000,BTC,daily,OBM v0.1.0
2009-09-22,obm_miner_revenue_btc_daily,1250.00000000,BTC,daily,OBM v0.1.0
2009-09-23,obm_miner_revenue_btc_daily,1800.00000000,BTC,daily,OBM v0.1.0
2009-09-24,obm_miner_revenue_btc_daily,4850.00000000,BTC,daily,OBM v0.1.0
2009-09-25,obm_miner_revenue_btc_daily,4550.00000000,BTC,daily,OBM v0.1.0
2009-09-26,obm_miner_revenue_btc_daily,5000.00000000,BTC,daily,OBM v0.1.0
2009-09-27,obm_miner_revenue_btc_daily,4350.00000000,BTC,daily,OBM v0.1.0
2009-09-28,obm_miner_revenue_btc_daily,4250.00000000,BTC,daily,OBM v0.1.0
2009-09-29,obm_miner_revenue_btc_daily,4400.00000000,BTC,daily,OBM v0.1.0
2009-09-30,obm_miner_revenue_btc_daily,4250.00000000,BTC,daily,OBM v0.1.0
2009-10-01,obm_miner_revenue_btc_daily,4100.00000000,BTC,daily,OBM v0.1.0
2009-10-02,obm_miner_revenue_btc_daily,3600.00000000,BTC,daily,OBM v0.1.0
2009-10-03,obm_miner_revenue_btc_daily,2900.00000000,BTC,daily,OBM v0.1.0
2009-10-04,obm_miner_revenue_btc_daily,2650.00000000,BTC,daily,OBM v0.1.0
2009-10-05,obm_miner_revenue_btc_daily,2750.00000000,BTC,daily,OBM v0.1.0
2009-10-06,obm_miner_revenue_btc_daily,2150.00000000,BTC,daily,OBM v0.1.0
2009-10-07,obm_miner_revenue_btc_daily,3000.00000000,BTC,daily,OBM v0.1.0
2009-10-08,obm_miner_revenue_btc_daily,3500.00000000,BTC,daily,OBM v0.1.0
2009-10-09,obm_miner_revenue_btc_daily,3950.00000000,BTC,daily,OBM v0.1.0
2009-10-10,obm_miner_revenue_btc_daily,3850.00000000,BTC,daily,OBM v0.1.0
2009-10-11,obm_miner_revenue_btc_daily,3700.00000000,BTC,daily,OBM v0.1.0
2009-10-12,obm_miner_revenue_btc_daily,2900.00000000,BTC,daily,OBM v0.1.0
2009-10-13,obm_miner_revenue_btc_daily,2850.00000000,BTC,daily,OBM v0.1.0
2009-10-14,obm_miner_revenue_btc_daily,3450.00000000,BTC,daily,OBM v0.1.0
2009-10-15,obm_miner_revenue_btc_daily,3550.00000000,BTC,daily,OBM v0.1.0
2009-10-16,obm_miner_revenue_btc_daily,3000.00000000,BTC,daily,OBM v0.1.0
2009-10-17,obm_miner_revenue_btc_daily,2850.00000000,BTC,daily,OBM v0.1.0
2009-10-18,obm_miner_revenue_btc_daily,3700.00000000,BTC,daily,OBM v0.1.0
2009-10-19,obm_miner_revenue_btc_daily,5600.00000000,BTC,daily,OBM v0.1.0
2009-10-20,obm_miner_revenue_btc_daily,4750.12000000,BTC,daily,OBM v0.1.0
2009-10-21,obm_miner_revenue_btc_daily,4000.00000000,BTC,daily,OBM v0.1.0
2009-10-22,obm_miner_revenue_btc_daily,4500.00000000,BTC,daily,OBM v0.1.0
2009-10-23,obm_miner_revenue_btc_daily,4450.00000000,BTC,daily,OBM v0.1.0
2009-10-24,obm_miner_revenue_btc_daily,3100.00000000,BTC,daily,OBM v0.1.0
2009-10-25,obm_miner_revenue_btc_daily,3800.00000000,BTC,daily,OBM v0.1.0
2009-10-26,obm_miner_revenue_btc_daily,3550.00000000,BTC,daily,OBM v0.1.0
2009-10-27,obm_miner_revenue_btc_daily,3200.00000000,BTC,daily,OBM v0.1.0
2009-10-28,obm_miner_revenue_btc_daily,3300.00000000,BTC,daily,OBM v0.1.0
2009-10-29,obm_miner_revenue_btc_daily,2300.00000000,BTC,daily,OBM v0.1.0
2009-10-30,obm_miner_revenue_btc_daily,3000.00000000,BTC,daily,OBM v0.1.0
2009-10-31,obm_miner_revenue_btc_daily,2300.00000000,BTC,daily,OBM v0.1.0
2009-11-01,obm_miner_revenue_btc_daily,1250.00000000,BTC,daily,OBM v0.1.0
2009-11-02,obm_miner_revenue_btc_daily,1650.00000000,BTC,daily,OBM v0.1.0
2009-11-03,obm_miner_revenue_btc_daily,3100.00000000,BTC,daily,OBM v0.1.0
2009-11-04,obm_miner_revenue_btc_daily,3150.00000000,BTC,daily,OBM v0.1.0
2009-11-05,obm_miner_revenue_btc_daily,2850.00000000,BTC,daily,OBM v0.1.0
2009-11-06,obm_miner_revenue_btc_daily,3100.00000000,BTC,daily,OBM v0.1.0
2009-11-07,obm_miner_revenue_btc_daily,3450.00000000,BTC,daily,OBM v0.1.0
2009-11-08,obm_miner_revenue_btc_daily,3650.00000000,BTC,daily,OBM v0.1.0
2009-11-09,obm_miner_revenue_btc_daily,3200.00000000,BTC,daily,OBM v0.1.0
2009-11-10,obm_miner_revenue_btc_daily,3900.00000000,BTC,daily,OBM v0.1.0
2009-11-11,obm_miner_revenue_btc_daily,3200.00000000,BTC,daily,OBM v0.1.0
2009-11-12,obm_miner_revenue_btc_daily,3300.00000000,BTC,daily,OBM v0.1.0
2009-11-13,obm_miner_revenue_btc_daily,4000.00000000,BTC,daily,OBM v0.1.0
2009-11-14,obm_miner_revenue_btc_daily,3950.00000000,BTC,daily,OBM v0.1.0
2009-11-15,obm_miner_revenue_btc_daily,4800.00000000,BTC,daily,OBM v0.1.0
2009-11-16,obm_miner_revenue_btc_daily,4850.00000000,BTC,daily,OBM v0.1.0
2009-11-17,obm_miner_revenue_btc_daily,4600.00000000,BTC,daily,OBM v0.1.0
2009-11-18,obm_miner_revenue_btc_daily,3950.00000000,BTC,daily,OBM v0.1.0
2009-11-19,obm_miner_revenue_btc_daily,3500.00000000,BTC,daily,OBM v0.1.0
2009-11-20,obm_miner_revenue_btc_daily,4300.00000000,BTC,daily,OBM v0.1.0
2009-11-21,obm_miner_revenue_btc_daily,3650.00000000,BTC,daily,OBM v0.1.0
2009-11-22,obm_miner_revenue_btc_daily,5300.00000000,BTC,daily,OBM v0.1.0
2009-11-23,obm_miner_revenue_btc_daily,4800.00000000,BTC,daily,OBM v0.1.0
2009-11-24,obm_miner_revenue_btc_daily,4650.00000000,BTC,daily,OBM v0.1.0
2009-11-25,obm_miner_revenue_btc_daily,4500.00000000,BTC,daily,OBM v0.1.0
2009-11-26,obm_miner_revenue_btc_daily,4200.00000000,BTC,daily,OBM v0.1.0
2009-11-27,obm_miner_revenue_btc_daily,3700.00000000,BTC,daily,OBM v0.1.0
2009-11-28,obm_miner_revenue_btc_daily,3550.00000000,BTC,daily,OBM v0.1.0
2009-11-29,obm_miner_revenue_btc_daily,3000.00000000,BTC,daily,OBM v0.1.0
2009-11-30,obm_miner_revenue_btc_daily,3750.00000000,BTC,daily,OBM v0.1.0
2009-12-01,obm_miner_revenue_btc_daily,3650.22000000,BTC,daily,OBM v0.1.0
2009-12-02,obm_miner_revenue_btc_daily,4700.00000000,BTC,daily,OBM v0.1.0
2009-12-03,obm_miner_revenue_btc_daily,4400.00000000,BTC,daily,OBM v0.1.0
2009-12-04,obm_miner_revenue_btc_daily,1800.00000000,BTC,daily,OBM v0.1.0
2009-12-05,obm_miner_revenue_btc_daily,3200.00000000,BTC,daily,OBM v0.1.0
2009-12-06,obm_miner_revenue_btc_daily,5150.00000000,BTC,daily,OBM v0.1.0
2009-12-07,obm_miner_revenue_btc_daily,5600.00000000,BTC,daily,OBM v0.1.0
2009-12-08,obm_miner_revenue_btc_daily,5250.00000000,BTC,daily,OBM v0.1.0
2009-12-09,obm_miner_revenue_btc_daily,4800.00000000,BTC,daily,OBM v0.1.0
2009-12-10,obm_miner_revenue_btc_daily,5200.00000000,BTC,daily,OBM v0.1.0
2009-12-11,obm_miner_revenue_btc_daily,5600.00000000,BTC,daily,OBM v0.1.0
2009-12-12,obm_miner_revenue_btc_daily,5500.00000000,BTC,daily,OBM v0.1.0
2009-12-13,obm_miner_revenue_btc_daily,5700.00000000,BTC,daily,OBM v0.1.0
2009-12-14,obm_miner_revenue_btc_daily,5100.00000000,BTC,daily,OBM v0.1.0
2009-12-15,obm_miner_revenue_btc_daily,5500.00000000,BTC,daily,OBM v0.1.0
2009-12-16,obm_miner_revenue_btc_daily,6800.00000000,BTC,daily,OBM v0.1.0
2009-12-17,obm_miner_revenue_btc_daily,8450.00000000,BTC,daily,OBM v0.1.0
2009-12-18,obm_miner_revenue_btc_daily,11250.00000000,BTC,daily,OBM v0.1.0
2009-12-19,obm_miner_revenue_btc_daily,9900.00000000,BTC,daily,OBM v0.1.0
2009-12-20,obm_miner_revenue_btc_daily,8750.00000000,BTC,daily,OBM v0.1.0
2009-12-21,obm_miner_revenue_btc_daily,8750.00000000,BTC,daily,OBM v0.1.0
2009-12-22,obm_miner_revenue_btc_daily,8100.00000000,BTC,daily,OBM v0.1.0
2009-12-23,obm_miner_revenue_btc_daily,7700.00000000,BTC,daily,OBM v0.1.0
2009-12-24,obm_miner_revenue_btc_daily,7700.00000000,BTC,daily,OBM v0.1.0
2009-12-25,obm_miner_revenue_btc_daily,7450.00000000,BTC,daily,OBM v0.1.0
2009-12-26,obm_miner_revenue_btc_daily,8700.00000000,BTC,daily,OBM v0.1.0
2009-12-27,obm_miner_revenue_btc_daily,8350.00000000,BTC,daily,OBM v0.1.0
2009-12-28,obm_miner_revenue_btc_daily,6850.00000000,BTC,daily,OBM v0.1.0
2009-12-29,obm_miner_revenue_btc_daily,8550.00000000,BTC,daily,OBM v0.1.0
2009-12-30,obm_miner_revenue_btc_daily,7050.00000000,BTC,daily,OBM v0.1.0
2009-12-31,obm_miner_revenue_btc_daily,6900.00000000,BTC,daily,OBM v0.1.0
2010-01-01,obm_miner_revenue_btc_daily,6600.00000000,BTC,daily,OBM v0.1.0
2010-01-02,obm_miner_revenue_btc_daily,6300.00000000,BTC,daily,OBM v0.1.0
2010-01-03,obm_miner_revenue_btc_daily,9300.00000000,BTC,daily,OBM v0.1.0
2010-01-04,obm_miner_revenue_btc_daily,9050.00000000,BTC,daily,OBM v0.1.0
2010-01-05,obm_miner_revenue_btc_daily,9900.00000000,BTC,daily,OBM v0.1.0
2010-01-06,obm_miner_revenue_btc_daily,8150.00000000,BTC,daily,OBM v0.1.0
2010-01-07,obm_miner_revenue_btc_daily,7700.00000000,BTC,daily,OBM v0.1.0
2010-01-08,obm_miner_revenue_btc_daily,7650.00000000,BTC,daily,OBM v0.1.0
2010-01-09,obm_miner_revenue_btc_daily,7550.00000000,BTC,daily,OBM v0.1.0
2010-01-10,obm_miner_revenue_btc_daily,9500.00000000,BTC,daily,OBM v0.1.0
2010-01-11,obm_miner_revenue_btc_daily,7950.00000000,BTC,daily,OBM v0.1.0
2010-01-12,obm_miner_revenue_btc_daily,7950.26000000,BTC,daily,OBM v0.1.0
2010-01-13,obm_miner_revenue_btc_daily,8200.00000000,BTC,daily,OBM v0.1.0
2010-01-14,obm_miner_revenue_btc_daily,7150.00000000,BTC,daily,OBM v0.1.0
2010-01-15,obm_miner_revenue_btc_daily,7050.00000000,BTC,daily,OBM v0.1.0
2010-01-16,obm_miner_revenue_btc_daily,6250.00000000,BTC,daily,OBM v0.1.0
2010-01-17,obm_miner_revenue_btc_daily,6550.00000000,BTC,daily,OBM v0.1.0
2010-01-18,obm_miner_revenue_btc_daily,6250.00000000,BTC,daily,OBM v0.1.0
2010-01-19,obm_miner_revenue_btc_daily,6200.00000000,BTC,daily,OBM v0.1.0
2010-01-20,obm_miner_revenue_btc_daily,7900.00000000,BTC,daily,OBM v0.1.0
2010-01-21,obm_miner_revenue_btc_daily,8750.00000000,BTC,daily,OBM v0.1.0
2010-01-22,obm_miner_revenue_btc_daily,6650.00000000,BTC,daily,OBM v0.1.0
2010-01-23,obm_miner_revenue_btc_daily,8000.00000000,BTC,daily,OBM v0.1.0
2010-01-24,obm_miner_revenue_btc_daily,7700.00000000,BTC,daily,OBM v0.1.0
2010-01-25,obm_miner_revenue_btc_daily,10550.00000000,BTC,daily,OBM v0.1.0
2010-01-26,obm_miner_revenue_btc_daily,9750.00000000,BTC,daily,OBM v0.1.0
2010-01-27,obm_miner_revenue_btc_daily,8200.00000000,BTC,daily,OBM v0.1.0
2010-01-28,obm_miner_revenue_btc_daily,8850.00000000,BTC,daily,OBM v0.1.0
2010-01-29,obm_miner_revenue_btc_daily,9850.00000000,BTC,daily,OBM v0.1.0
2010-01-30,obm_miner_revenue_btc_daily,10500.00000000,BTC,daily,OBM v0.1.0
2010-01-31,obm_miner_revenue_btc_daily,8250.00000000,BTC,daily,OBM v0.1.0
2010-02-01,obm_miner_revenue_btc_daily,9200.00000000,BTC,daily,OBM v0.1.0
2010-02-02,obm_miner_revenue_btc_daily,7250.00000000,BTC,daily,OBM v0.1.0
2010-02-03,obm_miner_revenue_btc_daily,13500.00000000,BTC,daily,OBM v0.1.0
2010-02-04,obm_miner_revenue_btc_daily,11450.00000000,BTC,daily,OBM v0.1.0
2010-02-05,obm_miner_revenue_btc_daily,11150.00000000,BTC,daily,OBM v0.1.0
2010-02-06,obm_miner_revenue_btc_daily,9600.00000000,BTC,daily,OBM v0.1.0
2010-02-07,obm_miner_revenue_btc_daily,10850.00000000,BTC,daily,OBM v0.1.0
2010-02-08,obm_miner_revenue_btc_daily,10000.00000000,BTC,daily,OBM v0.1.0
2010-02-09,obm_miner_revenue_btc_daily,10350.44000000,BTC,daily,OBM v0.1.0
2010-02-10,obm_miner_revenue_btc_daily,8400.00000000,BTC,daily,OBM v0.1.0
2010-02-11,obm_miner_revenue_btc_daily,8450.00000000,BTC,daily,OBM v0.1.0
2010-02-12,obm_miner_revenue_btc_daily,9150.00000000,BTC,daily,OBM v0.1.0
2010-02-13,obm_miner_revenue_btc_daily,11600.00000000,BTC,daily,OBM v0.1.0
2010-02-14,obm_miner_revenue_btc_daily,10400.00000000,BTC,daily,OBM v0.1.0
2010-02-15,obm_miner_revenue_btc_daily,8800.00000000,BTC,daily,OBM v0.1.0
2010-02-16,obm_miner_revenue_btc_daily,9750.00000000,BTC,daily,OBM v0.1.0
2010-02-17,obm_miner_revenue_btc_daily,11950.00000000,BTC,daily,OBM v0.1.0
2010-02-18,obm_miner_revenue_btc_daily,10400.00000000,BTC,daily,OBM v0.1.0
2010-02-19,obm_miner_revenue_btc_daily,9600.00000000,BTC,daily,OBM v0.1.0
2010-02-20,obm_miner_revenue_btc_daily,10400.00000000,BTC,daily,OBM v0.1.0
2010-02-21,obm_miner_revenue_btc_daily,11150.00000000,BTC,daily,OBM v0.1.0
2010-02-22,obm_miner_revenue_btc_daily,13000.00000000,BTC,daily,OBM v0.1.0
2010-02-23,obm_miner_revenue_btc_daily,12500.00000000,BTC,daily,OBM v0.1.0
2010-02-24,obm_miner_revenue_btc_daily,8550.00000000,BTC,daily,OBM v0.1.0
2010-02-25,obm_miner_revenue_btc_daily,7700.00000000,BTC,daily,OBM v0.1.0
2010-02-26,obm_miner_revenue_btc_daily,8600.00000000,BTC,daily,OBM v0.1.0
2010-02-27,obm_miner_revenue_btc_daily,8600.00000000,BTC,daily,OBM v0.1.0
2010-02-28,obm_miner_revenue_btc_daily,7800.00000000,BTC,daily,OBM v0.1.0
2010-03-01,obm_miner_revenue_btc_daily,9750.00000000,BTC,daily,OBM v0.1.0
2010-03-02,obm_miner_revenue_btc_daily,9400.00000000,BTC,daily,OBM v0.1.0
2010-03-03,obm_miner_revenue_btc_daily,7600.00000000,BTC,daily,OBM v0.1.0
2010-03-04,obm_miner_revenue_btc_daily,9250.00000000,BTC,daily,OBM v0.1.0
2010-03-05,obm_miner_revenue_btc_daily,8550.00000000,BTC,daily,OBM v0.1.0
2010-03-06,obm_miner_revenue_btc_daily,8850.00000000,BTC,daily,OBM v0.1.0
2010-03-07,obm_miner_revenue_btc_daily,8950.00000000,BTC,daily,OBM v0.1.0
2010-03-08,obm_miner_revenue_btc_daily,6250.00000000,BTC,daily,OBM v0.1.0
2010-03-09,obm_miner_revenue_btc_daily,7300.00000000,BTC,daily,OBM v0.1.0
2010-03-10,obm_miner_revenue_btc_daily,8100.00000000,BTC,daily,OBM v0.1.0
2010-03-11,obm_miner_revenue_btc_daily,6650.00000000,BTC,daily,OBM v0.1.0
2010-03-12,obm_miner_revenue_btc_daily,6050.00000000,BTC,daily,OBM v0.1.0
2010-03-13,obm_miner_revenue_btc_daily,7650.00000000,BTC,daily,OBM v0.1.0
2010-03-14,obm_miner_revenue_btc_daily,6250.00000000,BTC,daily,OBM v0.1.0
2010-03-15,obm_miner_revenue_btc_daily,6750.00000000,BTC,daily,OBM v0.1.0
2010-03-16,obm_miner_revenue_btc_daily,6300.00000000,BTC,daily,OBM v0.1.0
2010-03-17,obm_miner_revenue_btc_daily,6800.00000000,BTC,daily,OBM v0.1.0
2010-03-18,obm_miner_revenue_btc_daily,7000.00000000,BTC,daily,OBM v0.1.0
2010-03-19,obm_miner_revenue_btc_daily,7650.00000000,BTC,daily,OBM v0.1.0
2010-03-20,obm_miner_revenue_btc_daily,9600.00000000,BTC,daily,OBM v0.1.0
2010-03-21,obm_miner_revenue_btc_daily,9150.00000000,BTC,daily,OBM v0.1.0
2010-03-22,obm_miner_revenue_btc_daily,8950.00000000,BTC,daily,OBM v0.1.0
2010-03-23,obm_miner_revenue_btc_daily,10350.00000000,BTC,daily,OBM v0.1.0
2010-03-24,obm_miner_revenue_btc_daily,8550.00000000,BTC,daily,OBM v0.1.0
2010-03-25,obm_miner_revenue_btc_daily,9350.00000000,BTC,daily,OBM v0.1.0
2010-03-26,obm_miner_revenue_btc_daily,9850.00000000,BTC,daily,OBM v0.1.0
2010-03-27,obm_miner_revenue_btc_daily,8900.00000000,BTC,daily,OBM v0.1.0
2010-03-28,obm_miner_revenue_btc_daily,9300.00000000,BTC,daily,OBM v0.1.0
2010-03-29,obm_miner_revenue_btc_daily,9750.00000000,BTC,daily,OBM v0.1.0
2010-03-30,obm_miner_revenue_btc_daily,10750.00000000,BTC,daily,OBM v0.1.0
2010-03-31,obm_miner_revenue_btc_daily,10450.00000000,BTC,daily,OBM v0.1.0
2010-04-01,obm_miner_revenue_btc_daily,8400.00000000,BTC,daily,OBM v0.1.0
2010-04-02,obm_miner_revenue_btc_daily,7800.00000000,BTC,daily,OBM v0.1.0
2010-04-03,obm_miner_revenue_btc_daily,8050.00000000,BTC,daily,OBM v0.1.0
2010-04-04,obm_miner_revenue_btc_daily,8550.26000000,BTC,daily,OBM v0.1.0
2010-04-05,obm_miner_revenue_btc_daily,7650.00000000,BTC,daily,OBM v0.1.0
2010-04-06,obm_miner_revenue_btc_daily,7950.00000000,BTC,daily,OBM v0.1.0
2010-04-07,obm_miner_revenue_btc_daily,9650.00000000,BTC,daily,OBM v0.1.0
2010-04-08,obm_miner_revenue_btc_daily,9150.00000000,BTC,daily,OBM v0.1.0
2010-04-09,obm_miner_revenue_btc_daily,9450.00000000,BTC,daily,OBM v0.1.0
2010-04-10,obm_miner_revenue_btc_daily,13000.00000000,BTC,daily,OBM v0.1.0
2010-04-11,obm_miner_revenue_btc_daily,11150.00000000,BTC,daily,OBM v0.1.0
2010-04-12,obm_miner_revenue_btc_daily,10150.00000000,BTC,daily,OBM v0.1.0
2010-04-13,obm_miner_revenue_btc_daily,9450.00000000,BTC,daily,OBM v0.1.0
2010-04-14,obm_miner_revenue_btc_daily,9000.00000000,BTC,daily,OBM v0.1.0
2010-04-15,obm_miner_revenue_btc_daily,10800.00000000,BTC,daily,OBM v0.1.0
2010-04-16,obm_miner_revenue_btc_daily,10100.00000000,BTC,daily,OBM v0.1.0
2010-04-17,obm_miner_revenue_btc_daily,11050.00000000,BTC,daily,OBM v0.1.0
2010-04-18,obm_miner_revenue_btc_daily,12250.00000000,BTC,daily,OBM v0.1.0
2010-04-19,obm_miner_revenue_btc_daily,11600.00000000,BTC,daily,OBM v0.1.0
2010-04-20,obm_miner_revenue_btc_daily,10250.00000000,BTC,daily,OBM v0.1.0
2010-04-21,obm_miner_revenue_btc_daily,10950.00000000,BTC,daily,OBM v0.1.0
2010-04-22,obm_miner_revenue_btc_daily,7950.00000000,BTC,daily,OBM v0.1.0
2010-04-23,obm_miner_revenue_btc_daily,7500.00000000,BTC,daily,OBM v0.1.0
2010-04-24,obm_miner_revenue_btc_daily,8400.00000000,BTC,daily,OBM v0.1.0
2010-04-25,obm_miner_revenue_btc_daily,7900.00000000,BTC,daily,OBM v0.1.0
2010-04-26,obm_miner_revenue_btc_daily,8200.00000000,BTC,daily,OBM v0.1.0
2010-04-27,obm_miner_revenue_btc_daily,9000.00000000,BTC,daily,OBM v0.1.0
2010-04-28,obm_miner_revenue_btc_daily,9000.00000000,BTC,daily,OBM v0.1.0
2010-04-29,obm_miner_revenue_btc_daily,7350.00000000,BTC,daily,OBM v0.1.0
2010-04-30,obm_miner_revenue_btc_daily,7200.00000000,BTC,daily,OBM v0.1.0
2010-05-01,obm_miner_revenue_btc_daily,9150.00000000,BTC,daily,OBM v0.1.0
2010-05-02,obm_miner_revenue_btc_daily,7750.00000000,BTC,daily,OBM v0.1.0
2010-05-03,obm_miner_revenue_btc_daily,7950.00000000,BTC,daily,OBM v0.1.0
2010-05-04,obm_miner_revenue_btc_daily,6800.00000000,BTC,daily,OBM v0.1.0
2010-05-05,obm_miner_revenue_btc_daily,6850.00000000,BTC,daily,OBM v0.1.0
2010-05-06,obm_miner_revenue_btc_daily,7450.00000000,BTC,daily,OBM v0.1.0
2010-05-07,obm_miner_revenue_btc_daily,6600.00000000,BTC,daily,OBM v0.1.0
2010-05-08,obm_miner_revenue_btc_daily,7700.00000000,BTC,daily,OBM v0.1.0
2010-05-09,obm_miner_revenue_btc_daily,7150.00000000,BTC,daily,OBM v0.1.0
2010-05-10,obm_miner_revenue_btc_daily,6400.00000000,BTC,daily,OBM v0.1.0
2010-05-11,obm_miner_revenue_btc_daily,5550.00000000,BTC,daily,OBM v0.1.0
2010-05-12,obm_miner_revenue_btc_daily,6350.00000000,BTC,daily,OBM v0.1.0
2010-05-13,obm_miner_revenue_btc_daily,6400.00000000,BTC,daily,OBM v0.1.0
2010-05-14,obm_miner_revenue_btc_daily,6156.71000000,BTC,daily,OBM v0.1.0
2010-05-15,obm_miner_revenue_btc_daily,4552.64000000,BTC,daily,OBM v0.1.0
2010-05-16,obm_miner_revenue_btc_daily,5650.00000000,BTC,daily,OBM v0.1.0
2010-05-17,obm_miner_revenue_btc_daily,7150.00000000,BTC,daily,OBM v0.1.0
2010-05-18,obm_miner_revenue_btc_daily,8400.00000000,BTC,daily,OBM v0.1.0
2010-05-19,obm_miner_revenue_btc_daily,8200.00000000,BTC,daily,OBM v0.1.0
2010-05-20,obm_miner_revenue_btc_daily,10150.00000000,BTC,daily,OBM v0.1.0
2010-05-21,obm_miner_revenue_btc_daily,8800.00000000,BTC,daily,OBM v0.1.0
2010-05-22,obm_miner_revenue_btc_daily,9750.99000000,BTC,daily,OBM v0.1.0
2010-05-23,obm_miner_revenue_btc_daily,10550.00000000,BTC,daily,OBM v0.1.0
2010-05-24,obm_miner_revenue_btc_daily,9400.00000000,BTC,daily,OBM v0.1.0
2010-05-25,obm_miner_revenue_btc_daily,10500.00000000,BTC,daily,OBM v0.1.0
2010-05-26,obm_miner_revenue_btc_daily,11150.00000000,BTC,daily,OBM v0.1.0
2010-05-27,obm_miner_revenue_btc_daily,9600.00000000,BTC,daily,OBM v0.1.0
2010-05-28,obm_miner_revenue_btc_daily,11150.00000000,BTC,daily,OBM v0.1.0
2010-05-29,obm_miner_revenue_btc_daily,9200.00000000,BTC,daily,OBM v0.1.0
2010-05-30,obm_miner_revenue_btc_daily,7450.00000000,BTC,daily,OBM v0.1.0
2010-05-31,obm_miner_revenue_btc_daily,7100.00000000,BTC,daily,OBM v0.1.0
2010-06-01,obm_miner_revenue_btc_daily,6750.00000000,BTC,daily,OBM v0.1.0
2010-06-02,obm_miner_revenue_btc_daily,7350.00000000,BTC,daily,OBM v0.1.0
2010-06-03,obm_miner_revenue_btc_daily,7600.00000000,BTC,daily,OBM v0.1.0
2010-06-04,obm_miner_revenue_btc_daily,6250.00000000,BTC,daily,OBM v0.1.0
2010-06-05,obm_miner_revenue_btc_daily,7250.00000000,BTC,daily,OBM v0.1.0
2010-06-06,obm_miner_revenue_btc_daily,7400.00000000,BTC,daily,OBM v0.1.0
2010-06-07,obm_miner_revenue_btc_daily,7850.00000000,BTC,daily,OBM v0.1.0
2010-06-08,obm_miner_revenue_btc_daily,8000.00000000,BTC,daily,OBM v0.1.0
2010-06-09,obm_miner_revenue_btc_daily,8400.00000000,BTC,daily,OBM v0.1.0
2010-06-10,obm_miner_revenue_btc_daily,8000.00000000,BTC,daily,OBM v0.1.0
2010-06-11,obm_miner_revenue_btc_daily,8400.00000000,BTC,daily,OBM v0.1.0
2010-06-12,obm_miner_revenue_btc_daily,6750.00000000,BTC,daily,OBM v0.1.0
2010-06-13,obm_miner_revenue_btc_daily,8600.00000000,BTC,daily,OBM v0.1.0
2010-06-14,obm_miner_revenue_btc_daily,8050.00000000,BTC,daily,OBM v0.1.0
2010-06-15,obm_miner_revenue_btc_daily,9200.00000000,BTC,daily,OBM v0.1.0
2010-06-16,obm_miner_revenue_btc_daily,7100.00000000,BTC,daily,OBM v0.1.0
2010-06-17,obm_miner_revenue_btc_daily,7300.00000000,BTC,daily,OBM v0.1.0
2010-06-18,obm_miner_revenue_btc_daily,7500.00000000,BTC,daily,OBM v0.1.0
2010-06-19,obm_miner_revenue_btc_daily,7500.00000000,BTC,daily,OBM v0.1.0
2010-06-20,obm_miner_revenue_btc_daily,9250.00000000,BTC,daily,OBM v0.1.0
2010-06-21,obm_miner_revenue_btc_daily,7700.00000000,BTC,daily,OBM v0.1.0
2010-06-22,obm_miner_revenue_btc_daily,7800.00000000,BTC,daily,OBM v0.1.0
2010-06-23,obm_miner_revenue_btc_daily,9350.00000000,BTC,daily,OBM v0.1.0
2010-06-24,obm_miner_revenue_btc_daily,8450.00000000,BTC,daily,OBM v0.1.0
2010-06-25,obm_miner_revenue_btc_daily,7500.00000000,BTC,daily,OBM v0.1.0
2010-06-26,obm_miner_revenue_btc_daily,7950.00000000,BTC,daily,OBM v0.1.0
2010-06-27,obm_miner_revenue_btc_daily,8900.00000000,BTC,daily,OBM v0.1.0
2010-06-28,obm_miner_revenue_btc_daily,7600.00000000,BTC,daily,OBM v0.1.0
2010-06-29,obm_miner_revenue_btc_daily,8450.00000000,BTC,daily,OBM v0.1.0
2010-06-30,obm_miner_revenue_btc_daily,9101.37000000,BTC,daily,OBM v0.1.0
2010-07-01,obm_miner_revenue_btc_daily,10550.00000000,BTC,daily,OBM v0.1.0
2010-07-02,obm_miner_revenue_btc_daily,8350.00000000,BTC,daily,OBM v0.1.0
2010-07-03,obm_miner_revenue_btc_daily,10600.00000000,BTC,daily,OBM v0.1.0
2010-07-04,obm_miner_revenue_btc_daily,8300.00000000,BTC,daily,OBM v0.1.0
2010-07-05,obm_miner_revenue_btc_daily,8950.00000000,BTC,daily,OBM v0.1.0
2010-07-06,obm_miner_revenue_btc_daily,8450.00000000,BTC,daily,OBM v0.1.0
2010-07-07,obm_miner_revenue_btc_daily,7800.00000000,BTC,daily,OBM v0.1.0
2010-07-08,obm_miner_revenue_btc_daily,7550.00000000,BTC,daily,OBM v0.1.0
2010-07-09,obm_miner_revenue_btc_daily,9950.00000000,BTC,daily,OBM v0.1.0
2010-07-10,obm_miner_revenue_btc_daily,9900.00000000,BTC,daily,OBM v0.1.0
2010-07-11,obm_miner_revenue_btc_daily,8950.00000000,BTC,daily,OBM v0.1.0
2010-07-12,obm_miner_revenue_btc_daily,32950.00000000,BTC,daily,OBM v0.1.0
2010-07-13,obm_miner_revenue_btc_daily,34600.00000000,BTC,daily,OBM v0.1.0
2010-07-14,obm_miner_revenue_btc_daily,28900.01000000,BTC,daily,OBM v0.1.0
2010-07-15,obm_miner_revenue_btc_daily,31200.66000000,BTC,daily,OBM v0.1.0
2010-07-16,obm_miner_revenue_btc_daily,25250.27000000,BTC,daily,OBM v0.1.0
2010-07-17,obm_miner_revenue_btc_daily,8650.05000000,BTC,daily,OBM v0.1.0
2010-07-18,obm_miner_revenue_btc_daily,8600.83000000,BTC,daily,OBM v0.1.0
2010-07-19,obm_miner_revenue_btc_daily,8700.09000000,BTC,daily,OBM v0.1.0
2010-07-20,obm_miner_revenue_btc_daily,9050.00000000,BTC,daily,OBM v0.1.0
2010-07-21,obm_miner_revenue_btc_daily,10350.00000000,BTC,daily,OBM v0.1.0
2010-07-22,obm_miner_revenue_btc_daily,8800.00000000,BTC,daily,OBM v0.1.0
2010-07-23,obm_miner_revenue_btc_daily,9700.01000000,BTC,daily,OBM v0.1.0
2010-07-24,obm_miner_revenue_btc_daily,9450.00000000,BTC,daily,OBM v0.1.0
2010-07-25,obm_miner_revenue_btc_daily,11552.90000000,BTC,daily,OBM v0.1.0
2010-07-26,obm_miner_revenue_btc_daily,12151.51000000,BTC,daily,OBM v0.1.0
2010-07-27,obm_miner_revenue_btc_daily,8300.67000000,BTC,daily,OBM v0.1.0
2010-07-28,obm_miner_revenue_btc_daily,7951.05000000,BTC,daily,OBM v0.1.0
2010-07-29,obm_miner_revenue_btc_daily,9000.89000000,BTC,daily,OBM v0.1.0
2010-07-30,obm_miner_revenue_btc_daily,9100.29000000,BTC,daily,OBM v0.1.0
2010-07-31,obm_miner_revenue_btc_daily,10150.30000000,BTC,daily,OBM v0.1.0
2010-08-01,obm_miner_revenue_btc_daily,11950.31000000,BTC,daily,OBM v0.1.0
2010-08-02,obm_miner_revenue_btc_daily,12100.21000000,BTC,daily,OBM v0.1.0
2010-08-03,obm_miner_revenue_btc_daily,11350.00000000,BTC,daily,OBM v0.1.0
2010-08-04,obm_miner_revenue_btc_daily,12150.00000000,BTC,daily,OBM v0.1.0
2010-08-05,obm_miner_revenue_btc_daily,10900.00000000,BTC,daily,OBM v0.1.0
2010-08-06,obm_miner_revenue_btc_daily,7350.00000000,BTC,daily,OBM v0.1.0
2010-08-07,obm_miner_revenue_btc_daily,7752.31000000,BTC,daily,OBM v0.1.0
2010-08-08,obm_miner_revenue_btc_daily,9950.00000000,BTC,daily,OBM v0.1.0
2010-08-09,obm_miner_revenue_btc_daily,9504.32000000,BTC,daily,OBM v0.1.0
2010-08-10,obm_miner_revenue_btc_daily,9550.00000000,BTC,daily,OBM v0.1.0
2010-08-11,obm_miner_revenue_btc_daily,11650.00000000,BTC,daily,OBM v0.1.0
2010-08-12,obm_miner_revenue_btc_daily,10850.00000000,BTC,daily,OBM v0.1.0
2010-08-13,obm_miner_revenue_btc_daily,10750.00000000,BTC,daily,OBM v0.1.0
2010-08-14,obm_miner_revenue_btc_daily,14050.00000000,BTC,daily,OBM v0.1.0
2010-08-15,obm_miner_revenue_btc_daily,10350.00000000,BTC,daily,OBM v0.1.0
2010-08-16,obm_miner_revenue_btc_daily,7350.67000000,BTC,daily,OBM v0.1.0
2010-08-17,obm_miner_revenue_btc_daily,6450.00000000,BTC,daily,OBM v0.1.0
2010-08-18,obm_miner_revenue_btc_daily,6651.56000000,BTC,daily,OBM v0.1.0
2010-08-19,obm_miner_revenue_btc_daily,6750.00000000,BTC,daily,OBM v0.1.0
2010-08-20,obm_miner_revenue_btc_daily,9650.00000000,BTC,daily,OBM v0.1.0
2010-08-21,obm_miner_revenue_btc_daily,8650.00000000,BTC,daily,OBM v0.1.0
2010-08-22,obm_miner_revenue_btc_daily,10600.00000000,BTC,daily,OBM v0.1.0
2010-08-23,obm_miner_revenue_btc_daily,10650.00000000,BTC,daily,OBM v0.1.0
2010-08-24,obm_miner_revenue_btc_daily,10750.80000000,BTC,daily,OBM v0.1.0
2010-08-25,obm_miner_revenue_btc_daily,10800.00000000,BTC,daily,OBM v0.1.0
2010-08-26,obm_miner_revenue_btc_daily,10500.00000000,BTC,daily,OBM v0.1.0
2010-08-27,obm_miner_revenue_btc_daily,8550.00000000,BTC,daily,OBM v0.1.0
2010-08-28,obm_miner_revenue_btc_daily,8500.00000110,BTC,daily,OBM v0.1.0
2010-08-29,obm_miner_revenue_btc_daily,8100.23000000,BTC,daily,OBM v0.1.0
2010-08-30,obm_miner_revenue_btc_daily,7450.36000000,BTC,daily,OBM v0.1.0
2010-08-31,obm_miner_revenue_btc_daily,9200.20000030,BTC,daily,OBM v0.1.0
2010-09-01,obm_miner_revenue_btc_daily,7850.08000020,BTC,daily,OBM v0.1.0
2010-09-02,obm_miner_revenue_btc_daily,7800.00000000,BTC,daily,OBM v0.1.0
2010-09-03,obm_miner_revenue_btc_daily,8200.00000000,BTC,daily,OBM v0.1.0
2010-09-04,obm_miner_revenue_btc_daily,9050.00000000,BTC,daily,OBM v0.1.0
2010-09-05,obm_miner_revenue_btc_daily,8250.01000000,BTC,daily,OBM v0.1.0
2010-09-06,obm_miner_revenue_btc_daily,7900.00000010,BTC,daily,OBM v0.1.0
2010-09-07,obm_miner_revenue_btc_daily,8000.00000000,BTC,daily,OBM v0.1.0
2010-09-08,obm_miner_revenue_btc_daily,8250.00000020,BTC,daily,OBM v0.1.0
2010-09-09,obm_miner_revenue_btc_daily,6750.11000010,BTC,daily,OBM v0.1.0
2010-09-10,obm_miner_revenue_btc_daily,8850.00000010,BTC,daily,OBM v0.1.0
2010-09-11,obm_miner_revenue_btc_daily,8000.00000000,BTC,daily,OBM v0.1.0
2010-09-12,obm_miner_revenue_btc_daily,8850.15000000,BTC,daily,OBM v0.1.0
2010-09-13,obm_miner_revenue_btc_daily,8550.00000010,BTC,daily,OBM v0.1.0
2010-09-14,obm_miner_revenue_btc_daily,10150.00960352,BTC,daily,OBM v0.1.0
2010-09-15,obm_miner_revenue_btc_daily,8450.00000000,BTC,daily,OBM v0.1.0
2010-09-16,obm_miner_revenue_btc_daily,10950.00000000,BTC,daily,OBM v0.1.0
2010-09-17,obm_miner_revenue_btc_daily,10400.00000000,BTC,daily,OBM v0.1.0
2010-09-18,obm_miner_revenue_btc_daily,11850.18000000,BTC,daily,OBM v0.1.0
2010-09-19,obm_miner_revenue_btc_daily,10450.00000000,BTC,daily,OBM v0.1.0
2010-09-20,obm_miner_revenue_btc_daily,10150.00000000,BTC,daily,OBM v0.1.0
2010-09-21,obm_miner_revenue_btc_daily,8600.00000010,BTC,daily,OBM v0.1.0
2010-09-22,obm_miner_revenue_btc_daily,8700.00000000,BTC,daily,OBM v0.1.0
2010-09-23,obm_miner_revenue_btc_daily,11700.00000000,BTC,daily,OBM v0.1.0
2010-09-24,obm_miner_revenue_btc_daily,11400.00000000,BTC,daily,OBM v0.1.0
2010-09-25,obm_miner_revenue_btc_daily,10350.00000000,BTC,daily,OBM v0.1.0
2010-09-26,obm_miner_revenue_btc_daily,10250.00000000,BTC,daily,OBM v0.1.0
2010-09-27,obm_miner_revenue_btc_daily,11450.02000000,BTC,daily,OBM v0.1.0
2010-09-28,obm_miner_revenue_btc_daily,10601.44000000,BTC,daily,OBM v0.1.0
2010-09-29,obm_miner_revenue_btc_daily,8200.00000000,BTC,daily,OBM v0.1.0
2010-09-30,obm_miner_revenue_btc_daily,7300.00000000,BTC,daily,OBM v0.1.0
2010-10-01,obm_miner_revenue_btc_daily,7700.56000000,BTC,daily,OBM v0.1.0
2010-10-02,obm_miner_revenue_btc_daily,5000.00776813,BTC,daily,OBM v0.1.0
2010-10-03,obm_miner_revenue_btc_daily,6100.00776625,BTC,daily,OBM v0.1.0
2010-10-04,obm_miner_revenue_btc_daily,7650.00000099,BTC,daily,OBM v0.1.0
2010-10-05,obm_miner_revenue_btc_daily,6300.00000000,BTC,daily,OBM v0.1.0
2010-10-06,obm_miner_revenue_btc_daily,8550.00000109,BTC,daily,OBM v0.1.0
2010-10-07,obm_miner_revenue_btc_daily,8000.00000000,BTC,daily,OBM v0.1.0
2010-10-08,obm_miner_revenue_btc_daily,7700.00000000,BTC,daily,OBM v0.1.0
2010-10-09,obm_miner_revenue_btc_daily,7900.00000000,BTC,daily,OBM v0.1.0
2010-10-10,obm_miner_revenue_btc_daily,8900.00000000,BTC,daily,OBM v0.1.0
2010-10-11,obm_miner_revenue_btc_daily,7950.00000109,BTC,daily,OBM v0.1.0
2010-10-12,obm_miner_revenue_btc_daily,7750.00000000,BTC,daily,OBM v0.1.0
2010-10-13,obm_miner_revenue_btc_daily,8800.35000000,BTC,daily,OBM v0.1.0
2010-10-14,obm_miner_revenue_btc_daily,10250.00000000,BTC,daily,OBM v0.1.0
2010-10-15,obm_miner_revenue_btc_daily,8850.00000000,BTC,daily,OBM v0.1.0
2010-10-16,obm_miner_revenue_btc_daily,12900.00000000,BTC,daily,OBM v0.1.0
2010-10-17,obm_miner_revenue_btc_daily,13500.00000000,BTC,daily,OBM v0.1.0
2010-10-18,obm_miner_revenue_btc_daily,12450.02000000,BTC,daily,OBM v0.1.0
2010-10-19,obm_miner_revenue_btc_daily,12800.00000000,BTC,daily,OBM v0.1.0
2010-10-20,obm_miner_revenue_btc_daily,13200.00000000,BTC,daily,OBM v0.1.0
2010-10-21,obm_miner_revenue_btc_daily,9300.00776615,BTC,daily,OBM v0.1.0
2010-10-22,obm_miner_revenue_btc_daily,7700.00000000,BTC,daily,OBM v0.1.0
2010-10-23,obm_miner_revenue_btc_daily,8750.05000000,BTC,daily,OBM v0.1.0
2010-10-24,obm_miner_revenue_btc_daily,10250.00000000,BTC,daily,OBM v0.1.0
2010-10-25,obm_miner_revenue_btc_daily,10150.00000000,BTC,daily,OBM v0.1.0
2010-10-26,obm_miner_revenue_btc_daily,12050.00000000,BTC,daily,OBM v0.1.0
2010-10-27,obm_miner_revenue_btc_daily,10650.00000000,BTC,daily,OBM v0.1.0
2010-10-28,obm_miner_revenue_btc_daily,10950.00000000,BTC,daily,OBM v0.1.0
2010-10-29,obm_miner_revenue_btc_daily,11150.00000000,BTC,daily,OBM v0.1.0
2010-10-30,obm_miner_revenue_btc_daily,12600.00000000,BTC,daily,OBM v0.1.0
2010-10-31,obm_miner_revenue_btc_daily,8950.00000000,BTC,daily,OBM v0.1.0
2010-11-01,obm_miner_revenue_btc_daily,8850.00000000,BTC,daily,OBM v0.1.0
2010-11-02,obm_miner_revenue_btc_daily,8800.00000000,BTC,daily,OBM v0.1.0
2010-11-03,obm_miner_revenue_btc_daily,9500.00000000,BTC,daily,OBM v0.1.0
2010-11-04,obm_miner_revenue_btc_daily,10050.00000000,BTC,daily,OBM v0.1.0
2010-11-05,obm_miner_revenue_btc_daily,10950.00000000,BTC,daily,OBM v0.1.0
2010-11-06,obm_miner_revenue_btc_daily,10900.00000000,BTC,daily,OBM v0.1.0
2010-11-07,obm_miner_revenue_btc_daily,12050.00000000,BTC,daily,OBM v0.1.0
2010-11-08,obm_miner_revenue_btc_daily,13750.83000000,BTC,daily,OBM v0.1.0
2010-11-09,obm_miner_revenue_btc_daily,10850.00000000,BTC,daily,OBM v0.1.0
2010-11-10,obm_miner_revenue_btc_daily,10150.00000000,BTC,daily,OBM v0.1.0
2010-11-11,obm_miner_revenue_btc_daily,10950.00000000,BTC,daily,OBM v0.1.0
2010-11-12,obm_miner_revenue_btc_daily,8450.00000000,BTC,daily,OBM v0.1.0
2010-11-13,obm_miner_revenue_btc_daily,11150.00000000,BTC,daily,OBM v0.1.0
2010-11-14,obm_miner_revenue_btc_daily,12800.00000000,BTC,daily,OBM v0.1.0
2010-11-15,obm_miner_revenue_btc_daily,10000.48000000,BTC,daily,OBM v0.1.0
2010-11-16,obm_miner_revenue_btc_daily,9850.00000000,BTC,daily,OBM v0.1.0
2010-11-17,obm_miner_revenue_btc_daily,12350.00000000,BTC,daily,OBM v0.1.0
2010-11-18,obm_miner_revenue_btc_daily,12850.00000000,BTC,daily,OBM v0.1.0
2010-11-19,obm_miner_revenue_btc_daily,7500.08000000,BTC,daily,OBM v0.1.0
2010-11-20,obm_miner_revenue_btc_daily,5801.00000000,BTC,daily,OBM v0.1.0
2010-11-21,obm_miner_revenue_btc_daily,7001.04000000,BTC,daily,OBM v0.1.0
2010-11-22,obm_miner_revenue_btc_daily,8150.56000000,BTC,daily,OBM v0.1.0
2010-11-23,obm_miner_revenue_btc_daily,7000.48000000,BTC,daily,OBM v0.1.0
2010-11-24,obm_miner_revenue_btc_daily,8850.19000000,BTC,daily,OBM v0.1.0
2010-11-25,obm_miner_revenue_btc_daily,9050.00000000,BTC,daily,OBM v0.1.0
2010-11-26,obm_miner_revenue_btc_daily,9700.37000000,BTC,daily,OBM v0.1.0
2010-11-27,obm_miner_revenue_btc_daily,9000.02000000,BTC,daily,OBM v0.1.0
2010-11-28,obm_miner_revenue_btc_daily,8600.00000000,BTC,daily,OBM v0.1.0
2010-11-29,obm_miner_revenue_btc_daily,10450.03000000,BTC,daily,OBM v0.1.0
2010-11-30,obm_miner_revenue_btc_daily,10100.01000000,BTC,daily,OBM v0.1.0
2010-12-01,obm_miner_revenue_btc_daily,9400.04000000,BTC,daily,OBM v0.1.0
2010-12-02,obm_miner_revenue_btc_daily,9400.06000000,BTC,daily,OBM v0.1.0
2010-12-03,obm_miner_revenue_btc_daily,9450.01000000,BTC,daily,OBM v0.1.0
2010-12-04,obm_miner_revenue_btc_daily,11450.01090727,BTC,daily,OBM v0.1.0
2010-12-05,obm_miner_revenue_btc_daily,11950.03000000,BTC,daily,OBM v0.1.0
2010-12-06,obm_miner_revenue_btc_daily,12050.04518713,BTC,daily,OBM v0.1.0
2010-12-07,obm_miner_revenue_btc_daily,11950.08214637,BTC,daily,OBM v0.1.0
2010-12-08,obm_miner_revenue_btc_daily,11900.04000000,BTC,daily,OBM v0.1.0
2010-12-09,obm_miner_revenue_btc_daily,11150.03727261,BTC,daily,OBM v0.1.0
2010-12-10,obm_miner_revenue_btc_daily,7350.07000000,BTC,daily,OBM v0.1.0
2010-12-11,obm_miner_revenue_btc_daily,8750.11724798,BTC,daily,OBM v0.1.0
2010-12-12,obm_miner_revenue_btc_daily,8550.14857412,BTC,daily,OBM v0.1.0
2010-12-13,obm_miner_revenue_btc_daily,7050.31147648,BTC,daily,OBM v0.1.0
2010-12-14,obm_miner_revenue_btc_daily,8550.04892339,BTC,daily,OBM v0.1.0
2010-12-15,obm_miner_revenue_btc_daily,9800.06743052,BTC,daily,OBM v0.1.0
2010-12-16,obm_miner_revenue_btc_daily,8650.10356946,BTC,daily,OBM v0.1.0
2010-12-17,obm_miner_revenue_btc_daily,8300.23443294,BTC,daily,OBM v0.1.0
2010-12-18,obm_miner_revenue_btc_daily,8050.06653564,BTC,daily,OBM v0.1.0
2010-12-19,obm_miner_revenue_btc_daily,9200.11564519,BTC,daily,OBM v0.1.0
2010-12-20,obm_miner_revenue_btc_daily,7950.06699317,BTC,daily,OBM v0.1.0
2010-12-21,obm_miner_revenue_btc_daily,9750.11000000,BTC,daily,OBM v0.1.0
2010-12-22,obm_miner_revenue_btc_daily,7900.17743052,BTC,daily,OBM v0.1.0
2010-12-23,obm_miner_revenue_btc_daily,7250.06000000,BTC,daily,OBM v0.1.0
2010-12-24,obm_miner_revenue_btc_daily,7400.07829328,BTC,daily,OBM v0.1.0
2010-12-25,obm_miner_revenue_btc_daily,8400.06743052,BTC,daily,OBM v0.1.0
2010-12-26,obm_miner_revenue_btc_daily,7250.09564519,BTC,daily,OBM v0.1.0
2010-12-27,obm_miner_revenue_btc_daily,8300.07664517,BTC,daily,OBM v0.1.0
2010-12-28,obm_miner_revenue_btc_daily,8450.10339267,BTC,daily,OBM v0.1.0
2010-12-29,obm_miner_revenue_btc_daily,8250.13574567,BTC,daily,OBM v0.1.0
2010-12-30,obm_miner_revenue_btc_daily,8450.09238552,BTC,daily,OBM v0.1.0
2010-12-31,obm_miner_revenue_btc_daily,8100.02335061,BTC,daily,OBM v0.1.0
2011-01-01,obm_miner_revenue_btc_daily,9050.08915258,BTC,daily,OBM v0.1.0
2011-01-02,obm_miner_revenue_btc_daily,8750.08767732,BTC,daily,OBM v0.1.0
2011-01-03,obm_miner_revenue_btc_daily,7800.72825402,BTC,daily,OBM v0.1.0
2011-01-04,obm_miner_revenue_btc_daily,7050.03129091,BTC,daily,OBM v0.1.0
2011-01-05,obm_miner_revenue_btc_daily,7700.09287614,BTC,daily,OBM v0.1.0
2011-01-06,obm_miner_revenue_btc_daily,7050.08308601,BTC,daily,OBM v0.1.0
2011-01-07,obm_miner_revenue_btc_daily,8200.05352512,BTC,daily,OBM v0.1.0
2011-01-08,obm_miner_revenue_btc_daily,8500.01765433,BTC,daily,OBM v0.1.0
2011-01-09,obm_miner_revenue_btc_daily,8150.14000000,BTC,daily,OBM v0.1.0
2011-01-10,obm_miner_revenue_btc_daily,8100.06884469,BTC,daily,OBM v0.1.0
2011-01-11,obm_miner_revenue_btc_daily,8600.04152517,BTC,daily,OBM v0.1.0
2011-01-12,obm_miner_revenue_btc_daily,8350.29060390,BTC,daily,OBM v0.1.0
2011-01-13,obm_miner_revenue_btc_daily,9400.02493887,BTC,daily,OBM v0.1.0
2011-01-14,obm_miner_revenue_btc_daily,9050.06493887,BTC,daily,OBM v0.1.0
2011-01-15,obm_miner_revenue_btc_daily,7850.10493887,BTC,daily,OBM v0.1.0
2011-01-16,obm_miner_revenue_btc_daily,8700.08627860,BTC,daily,OBM v0.1.0
2011-01-17,obm_miner_revenue_btc_daily,9050.15807480,BTC,daily,OBM v0.1.0
2011-01-18,obm_miner_revenue_btc_daily,7050.03768351,BTC,daily,OBM v0.1.0
2011-01-19,obm_miner_revenue_btc_daily,8450.05000000,BTC,daily,OBM v0.1.0
2011-01-20,obm_miner_revenue_btc_daily,9300.11736667,BTC,daily,OBM v0.1.0
2011-01-21,obm_miner_revenue_btc_daily,8700.05048576,BTC,daily,OBM v0.1.0
2011-01-22,obm_miner_revenue_btc_daily,8250.46923415,BTC,daily,OBM v0.1.0
2011-01-23,obm_miner_revenue_btc_daily,8500.35905919,BTC,daily,OBM v0.1.0
2011-01-24,obm_miner_revenue_btc_daily,9400.23000000,BTC,daily,OBM v0.1.0
2011-01-25,obm_miner_revenue_btc_daily,7800.12905919,BTC,daily,OBM v0.1.0
2011-01-26,obm_miner_revenue_btc_daily,9000.11000000,BTC,daily,OBM v0.1.0
2011-01-27,obm_miner_revenue_btc_daily,8000.59000000,BTC,daily,OBM v0.1.0
2011-01-28,obm_miner_revenue_btc_daily,7900.06000000,BTC,daily,OBM v0.1.0
2011-01-29,obm_miner_revenue_btc_daily,8050.44195608,BTC,daily,OBM v0.1.0
2011-01-30,obm_miner_revenue_btc_daily,7802.82108788,BTC,daily,OBM v0.1.0
2011-01-31,obm_miner_revenue_btc_daily,8500.76000000,BTC,daily,OBM v0.1.0
2011-02-01,obm_miner_revenue_btc_daily,8200.79108788,BTC,daily,OBM v0.1.0
2011-02-02,obm_miner_revenue_btc_daily,7900.05000000,BTC,daily,OBM v0.1.0
2011-02-03,obm_miner_revenue_btc_daily,8000.16818974,BTC,daily,OBM v0.1.0
2011-02-04,obm_miner_revenue_btc_daily,9700.12359852,BTC,daily,OBM v0.1.0
2011-02-05,obm_miner_revenue_btc_daily,8950.15826263,BTC,daily,OBM v0.1.0
2011-02-06,obm_miner_revenue_btc_daily,8850.12112588,BTC,daily,OBM v0.1.0
2011-02-07,obm_miner_revenue_btc_daily,10150.31547204,BTC,daily,OBM v0.1.0
2011-02-08,obm_miner_revenue_btc_daily,8400.17736992,BTC,daily,OBM v0.1.0
2011-02-09,obm_miner_revenue_btc_daily,9600.06551728,BTC,daily,OBM v0.1.0
2011-02-10,obm_miner_revenue_btc_daily,9300.87294408,BTC,daily,OBM v0.1.0
2011-02-11,obm_miner_revenue_btc_daily,9300.49910687,BTC,daily,OBM v0.1.0
2011-02-12,obm_miner_revenue_btc_daily,9800.74186934,BTC,daily,OBM v0.1.0
2011-02-13,obm_miner_revenue_btc_daily,9900.24000000,BTC,daily,OBM v0.1.0
2011-02-14,obm_miner_revenue_btc_daily,9802.74000000,BTC,daily,OBM v0.1.0
2011-02-15,obm_miner_revenue_btc_daily,11250.24346193,BTC,daily,OBM v0.1.0
2011-02-16,obm_miner_revenue_btc_daily,11600.59000000,BTC,daily,OBM v0.1.0
2011-02-17,obm_miner_revenue_btc_daily,11550.12346193,BTC,daily,OBM v0.1.0
2011-02-18,obm_miner_revenue_btc_daily,10600.53000000,BTC,daily,OBM v0.1.0
2011-02-19,obm_miner_revenue_btc_daily,8050.54000000,BTC,daily,OBM v0.1.0
2011-02-20,obm_miner_revenue_btc_daily,9900.20000000,BTC,daily,OBM v0.1.0
2011-02-21,obm_miner_revenue_btc_daily,9700.41000000,BTC,daily,OBM v0.1.0
2011-02-22,obm_miner_revenue_btc_daily,10550.24546822,BTC,daily,OBM v0.1.0
2011-02-23,obm_miner_revenue_btc_daily,12150.37785377,BTC,daily,OBM v0.1.0
2011-02-24,obm_miner_revenue_btc_daily,10350.16769472,BTC,daily,OBM v0.1.0
2011-02-25,obm_miner_revenue_btc_daily,11250.41097152,BTC,daily,OBM v0.1.0
2011-02-26,obm_miner_revenue_btc_daily,13800.56049575,BTC,daily,OBM v0.1.0
2011-02-27,obm_miner_revenue_btc_daily,12201.08000000,BTC,daily,OBM v0.1.0
2011-02-28,obm_miner_revenue_btc_daily,7500.51785377,BTC,daily,OBM v0.1.0
2011-03-01,obm_miner_revenue_btc_daily,6500.42215377,BTC,daily,OBM v0.1.0
2011-03-02,obm_miner_revenue_btc_daily,8400.39250000,BTC,daily,OBM v0.1.0
2011-03-03,obm_miner_revenue_btc_daily,9307.06690000,BTC,daily,OBM v0.1.0
2011-03-04,obm_miner_revenue_btc_daily,11050.72070000,BTC,daily,OBM v0.1.0
2011-03-05,obm_miner_revenue_btc_daily,13852.40320002,BTC,daily,OBM v0.1.0
2011-03-06,obm_miner_revenue_btc_daily,13705.20150000,BTC,daily,OBM v0.1.0
2011-03-07,obm_miner_revenue_btc_daily,10555.97707488,BTC,daily,OBM v0.1.0
2011-03-08,obm_miner_revenue_btc_daily,9353.93000002,BTC,daily,OBM v0.1.0
2011-03-09,obm_miner_revenue_btc_daily,8003.24779297,BTC,daily,OBM v0.1.0
2011-03-10,obm_miner_revenue_btc_daily,5502.22833744,BTC,daily,OBM v0.1.0
2011-03-11,obm_miner_revenue_btc_daily,6506.58222915,BTC,daily,OBM v0.1.0
2011-03-12,obm_miner_revenue_btc_daily,7001.54693618,BTC,daily,OBM v0.1.0
2011-03-13,obm_miner_revenue_btc_daily,5851.75539295,BTC,daily,OBM v0.1.0
2011-03-14,obm_miner_revenue_btc_daily,5601.77642325,BTC,daily,OBM v0.1.0
2011-03-15,obm_miner_revenue_btc_daily,5601.83019999,BTC,daily,OBM v0.1.0
2011-03-16,obm_miner_revenue_btc_daily,6801.81000000,BTC,daily,OBM v0.1.0
2011-03-17,obm_miner_revenue_btc_daily,7051.38939294,BTC,daily,OBM v0.1.0
2011-03-18,obm_miner_revenue_btc_daily,6001.35139999,BTC,daily,OBM v0.1.0
2011-03-19,obm_miner_revenue_btc_daily,5751.21779295,BTC,daily,OBM v0.1.0
2011-03-20,obm_miner_revenue_btc_daily,6852.48707870,BTC,daily,OBM v0.1.0
2011-03-21,obm_miner_revenue_btc_daily,7408.66789295,BTC,daily,OBM v0.1.0
2011-03-22,obm_miner_revenue_btc_daily,5960.53020000,BTC,daily,OBM v0.1.0
2011-03-23,obm_miner_revenue_btc_daily,7868.07356270,BTC,daily,OBM v0.1.0
2011-03-24,obm_miner_revenue_btc_daily,7608.27023194,BTC,daily,OBM v0.1.0
2011-03-25,obm_miner_revenue_btc_daily,8655.18270000,BTC,daily,OBM v0.1.0
2011-03-26,obm_miner_revenue_btc_daily,6904.53010000,BTC,daily,OBM v0.1.0
2011-03-27,obm_miner_revenue_btc_daily,7156.32023270,BTC,daily,OBM v0.1.0
2011-03-28,obm_miner_revenue_btc_daily,8404.41000000,BTC,daily,OBM v0.1.0
2011-03-29,obm_miner_revenue_btc_daily,8153.42010001,BTC,daily,OBM v0.1.0
2011-03-30,obm_miner_revenue_btc_daily,7804.13090000,BTC,daily,OBM v0.1.0
2011-03-31,obm_miner_revenue_btc_daily,10053.92000000,BTC,daily,OBM v0.1.0
2011-04-01,obm_miner_revenue_btc_daily,8803.40000000,BTC,daily,OBM v0.1.0
2011-04-02,obm_miner_revenue_btc_daily,9002.74040002,BTC,daily,OBM v0.1.0
2011-04-03,obm_miner_revenue_btc_daily,8754.24911330,BTC,daily,OBM v0.1.0
2011-04-04,obm_miner_revenue_btc_daily,8905.67785472,BTC,daily,OBM v0.1.0
2011-04-05,obm_miner_revenue_btc_daily,9705.27080000,BTC,daily,OBM v0.1.0
2011-04-06,obm_miner_revenue_btc_daily,7404.89030001,BTC,daily,OBM v0.1.0
2011-04-07,obm_miner_revenue_btc_daily,7352.99020000,BTC,daily,OBM v0.1.0
2011-04-08,obm_miner_revenue_btc_daily,8304.12010000,BTC,daily,OBM v0.1.0
2011-04-09,obm_miner_revenue_btc_daily,7804.21000000,BTC,daily,OBM v0.1.0
2011-04-10,obm_miner_revenue_btc_daily,8655.25368921,BTC,daily,OBM v0.1.0
2011-04-11,obm_miner_revenue_btc_daily,8154.36709964,BTC,daily,OBM v0.1.0
2011-04-12,obm_miner_revenue_btc_daily,8154.69552894,BTC,daily,OBM v0.1.0
2011-04-13,obm_miner_revenue_btc_daily,9704.06059999,BTC,daily,OBM v0.1.0
2011-04-14,obm_miner_revenue_btc_daily,8014.20310000,BTC,daily,OBM v0.1.0
2011-04-15,obm_miner_revenue_btc_daily,6802.50004348,BTC,daily,OBM v0.1.0
2011-04-16,obm_miner_revenue_btc_daily,8653.66088576,BTC,daily,OBM v0.1.0
2011-04-17,obm_miner_revenue_btc_daily,9002.16250000,BTC,daily,OBM v0.1.0
2011-04-18,obm_miner_revenue_btc_daily,7403.27520399,BTC,daily,OBM v0.1.0
2011-04-19,obm_miner_revenue_btc_daily,7705.65128213,BTC,daily,OBM v0.1.0
2011-04-20,obm_miner_revenue_btc_daily,7207.14490659,BTC,daily,OBM v0.1.0
2011-04-21,obm_miner_revenue_btc_daily,7353.37373380,BTC,daily,OBM v0.1.0
2011-04-22,obm_miner_revenue_btc_daily,8805.29000000,BTC,daily,OBM v0.1.0
2011-04-23,obm_miner_revenue_btc_daily,8605.27120000,BTC,daily,OBM v0.1.0
2011-04-24,obm_miner_revenue_btc_daily,8106.65212226,BTC,daily,OBM v0.1.0
2011-04-25,obm_miner_revenue_btc_daily,9608.71326592,BTC,daily,OBM v0.1.0
2011-04-26,obm_miner_revenue_btc_daily,9755.11887739,BTC,daily,OBM v0.1.0
2011-04-27,obm_miner_revenue_btc_daily,9159.21167893,BTC,daily,OBM v0.1.0
2011-04-28,obm_miner_revenue_btc_daily,8206.63050000,BTC,daily,OBM v0.1.0
2011-04-29,obm_miner_revenue_btc_daily,10007.42157689,BTC,daily,OBM v0.1.0
2011-04-30,obm_miner_revenue_btc_daily,9460.33932272,BTC,daily,OBM v0.1.0
2011-05-01,obm_miner_revenue_btc_daily,8961.33184732,BTC,daily,OBM v0.1.0
2011-05-02,obm_miner_revenue_btc_daily,9854.81371355,BTC,daily,OBM v0.1.0
2011-05-03,obm_miner_revenue_btc_daily,9804.81618089,BTC,daily,OBM v0.1.0
2011-05-04,obm_miner_revenue_btc_daily,9856.36378725,BTC,daily,OBM v0.1.0
2011-05-05,obm_miner_revenue_btc_daily,10959.49085224,BTC,daily,OBM v0.1.0
2011-05-06,obm_miner_revenue_btc_daily,10907.58751661,BTC,daily,OBM v0.1.0
2011-05-07,obm_miner_revenue_btc_daily,10706.65502296,BTC,daily,OBM v0.1.0
2011-05-08,obm_miner_revenue_btc_daily,10957.42987117,BTC,daily,OBM v0.1.0
2011-05-09,obm_miner_revenue_btc_daily,11960.88841447,BTC,daily,OBM v0.1.0
2011-05-10,obm_miner_revenue_btc_daily,9158.16121563,BTC,daily,OBM v0.1.0
2011-05-11,obm_miner_revenue_btc_daily,9557.99288502,BTC,daily,OBM v0.1.0
2011-05-12,obm_miner_revenue_btc_daily,8457.23333412,BTC,daily,OBM v0.1.0
2011-05-13,obm_miner_revenue_btc_daily,10361.54072268,BTC,daily,OBM v0.1.0
2011-05-14,obm_miner_revenue_btc_daily,12114.50626880,BTC,daily,OBM v0.1.0
2011-05-15,obm_miner_revenue_btc_daily,11014.89642967,BTC,daily,OBM v0.1.0
2011-05-16,obm_miner_revenue_btc_daily,12364.64512120,BTC,daily,OBM v0.1.0
2011-05-17,obm_miner_revenue_btc_daily,12863.78504578,BTC,daily,OBM v0.1.0
2011-05-18,obm_miner_revenue_btc_daily,14419.64344119,BTC,daily,OBM v0.1.0
2011-05-19,obm_miner_revenue_btc_daily,8566.22203741,BTC,daily,OBM v0.1.0
2011-05-20,obm_miner_revenue_btc_daily,11017.44287894,BTC,daily,OBM v0.1.0
2011-05-21,obm_miner_revenue_btc_daily,11021.09099033,BTC,daily,OBM v0.1.0
2011-05-22,obm_miner_revenue_btc_daily,12618.82072222,BTC,daily,OBM v0.1.0
2011-05-23,obm_miner_revenue_btc_daily,14317.89042548,BTC,daily,OBM v0.1.0
2011-05-24,obm_miner_revenue_btc_daily,14971.10884931,BTC,daily,OBM v0.1.0
2011-05-25,obm_miner_revenue_btc_daily,15370.84249128,BTC,daily,OBM v0.1.0
2011-05-26,obm_miner_revenue_btc_daily,14821.20593701,BTC,daily,OBM v0.1.0
2011-05-27,obm_miner_revenue_btc_daily,8363.83792316,BTC,daily,OBM v0.1.0
2011-05-28,obm_miner_revenue_btc_daily,7763.95017832,BTC,daily,OBM v0.1.0
2011-05-29,obm_miner_revenue_btc_daily,9013.79916359,BTC,daily,OBM v0.1.0
2011-05-30,obm_miner_revenue_btc_daily,7718.69512439,BTC,daily,OBM v0.1.0
2011-05-31,obm_miner_revenue_btc_daily,7519.95330875,BTC,daily,OBM v0.1.0
2011-06-01,obm_miner_revenue_btc_daily,9424.09437364,BTC,daily,OBM v0.1.0
2011-06-02,obm_miner_revenue_btc_daily,9523.67861874,BTC,daily,OBM v0.1.0
2011-06-03,obm_miner_revenue_btc_daily,10126.26233617,BTC,daily,OBM v0.1.0
2011-06-04,obm_miner_revenue_btc_daily,11232.17970115,BTC,daily,OBM v0.1.0
2011-06-05,obm_miner_revenue_btc_daily,10423.68250492,BTC,daily,OBM v0.1.0
2011-06-06,obm_miner_revenue_btc_daily,11679.30295222,BTC,daily,OBM v0.1.0
2011-06-07,obm_miner_revenue_btc_daily,8529.07019952,BTC,daily,OBM v0.1.0
2011-06-08,obm_miner_revenue_btc_daily,9294.39330716,BTC,daily,OBM v0.1.0
2011-06-09,obm_miner_revenue_btc_daily,11143.33116344,BTC,daily,OBM v0.1.0
2011-06-10,obm_miner_revenue_btc_daily,11188.40760005,BTC,daily,OBM v0.1.0
2011-06-11,obm_miner_revenue_btc_daily,12635.35827060,BTC,daily,OBM v0.1.0
2011-06-12,obm_miner_revenue_btc_daily,11694.31036940,BTC,daily,OBM v0.1.0
2011-06-13,obm_miner_revenue_btc_daily,11386.54969249,BTC,daily,OBM v0.1.0
2011-06-14,obm_miner_revenue_btc_daily,12386.22552882,BTC,daily,OBM v0.1.0
2011-06-15,obm_miner_revenue_btc_daily,13990.07210388,BTC,daily,OBM v0.1.0
2011-06-16,obm_miner_revenue_btc_daily,9031.88585283,BTC,daily,OBM v0.1.0
2011-06-17,obm_miner_revenue_btc_daily,9330.92216766,BTC,daily,OBM v0.1.0
2011-06-18,obm_miner_revenue_btc_daily,9878.33145981,BTC,daily,OBM v0.1.0
2011-06-19,obm_miner_revenue_btc_daily,11175.89261141,BTC,daily,OBM v0.1.0
2011-06-20,obm_miner_revenue_btc_daily,11720.27643280,BTC,daily,OBM v0.1.0
2011-06-21,obm_miner_revenue_btc_daily,12667.89533531,BTC,daily,OBM v0.1.0
2011-06-22,obm_miner_revenue_btc_daily,13017.71723129,BTC,daily,OBM v0.1.0
2011-06-23,obm_miner_revenue_btc_daily,12014.54556958,BTC,daily,OBM v0.1.0
2011-06-24,obm_miner_revenue_btc_daily,10816.40096242,BTC,daily,OBM v0.1.0
2011-06-25,obm_miner_revenue_btc_daily,7173.41617735,BTC,daily,OBM v0.1.0
2011-06-26,obm_miner_revenue_btc_daily,7475.25259969,BTC,daily,OBM v0.1.0
2011-06-27,obm_miner_revenue_btc_daily,8476.52695141,BTC,daily,OBM v0.1.0
2011-06-28,obm_miner_revenue_btc_daily,8019.84870564,BTC,daily,OBM v0.1.0
2011-06-29,obm_miner_revenue_btc_daily,8619.98040622,BTC,daily,OBM v0.1.0
2011-06-30,obm_miner_revenue_btc_daily,9567.70001400,BTC,daily,OBM v0.1.0
2011-07-01,obm_miner_revenue_btc_daily,8668.66566795,BTC,daily,OBM v0.1.0
2011-07-02,obm_miner_revenue_btc_daily,8464.73519868,BTC,daily,OBM v0.1.0
2011-07-03,obm_miner_revenue_btc_daily,8263.34786788,BTC,daily,OBM v0.1.0
2011-07-04,obm_miner_revenue_btc_daily,8516.00174485,BTC,daily,OBM v0.1.0
2011-07-05,obm_miner_revenue_btc_daily,6968.80583735,BTC,daily,OBM v0.1.0
2011-07-06,obm_miner_revenue_btc_daily,7867.00709649,BTC,daily,OBM v0.1.0
2011-07-07,obm_miner_revenue_btc_daily,6564.01481972,BTC,daily,OBM v0.1.0
2011-07-08,obm_miner_revenue_btc_daily,8263.22525411,BTC,daily,OBM v0.1.0
2011-07-09,obm_miner_revenue_btc_daily,7462.97080973,BTC,daily,OBM v0.1.0
2011-07-10,obm_miner_revenue_btc_daily,6862.51029136,BTC,daily,OBM v0.1.0
2011-07-11,obm_miner_revenue_btc_daily,7864.86748074,BTC,daily,OBM v0.1.0
2011-07-12,obm_miner_revenue_btc_daily,7062.78697604,BTC,daily,OBM v0.1.0
2011-07-13,obm_miner_revenue_btc_daily,9564.94299643,BTC,daily,OBM v0.1.0
2011-07-14,obm_miner_revenue_btc_daily,7213.39252803,BTC,daily,OBM v0.1.0
2011-07-15,obm_miner_revenue_btc_daily,8116.29588524,BTC,daily,OBM v0.1.0
2011-07-16,obm_miner_revenue_btc_daily,7861.15044690,BTC,daily,OBM v0.1.0
2011-07-17,obm_miner_revenue_btc_daily,8512.13235639,BTC,daily,OBM v0.1.0
2011-07-18,obm_miner_revenue_btc_daily,8512.93738114,BTC,daily,OBM v0.1.0
2011-07-19,obm_miner_revenue_btc_daily,7114.84897984,BTC,daily,OBM v0.1.0
2011-07-20,obm_miner_revenue_btc_daily,7460.57322296,BTC,daily,OBM v0.1.0
2011-07-21,obm_miner_revenue_btc_daily,7609.00174475,BTC,daily,OBM v0.1.0
2011-07-22,obm_miner_revenue_btc_daily,7563.54095816,BTC,daily,OBM v0.1.0
2011-07-23,obm_miner_revenue_btc_daily,7307.70811859,BTC,daily,OBM v0.1.0
2011-07-24,obm_miner_revenue_btc_daily,8310.20384419,BTC,daily,OBM v0.1.0
2011-07-25,obm_miner_revenue_btc_daily,8262.10683379,BTC,daily,OBM v0.1.0
2011-07-26,obm_miner_revenue_btc_daily,8807.83379577,BTC,daily,OBM v0.1.0
2011-07-27,obm_miner_revenue_btc_daily,8708.88988639,BTC,daily,OBM v0.1.0
2011-07-28,obm_miner_revenue_btc_daily,7757.53972477,BTC,daily,OBM v0.1.0
2011-07-29,obm_miner_revenue_btc_daily,8207.11432307,BTC,daily,OBM v0.1.0
2011-07-30,obm_miner_revenue_btc_daily,7605.71270055,BTC,daily,OBM v0.1.0
2011-07-31,obm_miner_revenue_btc_daily,8756.80016221,BTC,daily,OBM v0.1.0
2011-08-01,obm_miner_revenue_btc_daily,8257.69590762,BTC,daily,OBM v0.1.0
2011-08-02,obm_miner_revenue_btc_daily,7707.42971882,BTC,daily,OBM v0.1.0
2011-08-03,obm_miner_revenue_btc_daily,7858.19534382,BTC,daily,OBM v0.1.0
2011-08-04,obm_miner_revenue_btc_daily,6457.77788215,BTC,daily,OBM v0.1.0
2011-08-05,obm_miner_revenue_btc_daily,7006.37744951,BTC,daily,OBM v0.1.0
2011-08-06,obm_miner_revenue_btc_daily,6124.09643181,BTC,daily,OBM v0.1.0
2011-08-07,obm_miner_revenue_btc_daily,6306.53899155,BTC,daily,OBM v0.1.0
2011-08-08,obm_miner_revenue_btc_daily,6807.94504845,BTC,daily,OBM v0.1.0
2011-08-09,obm_miner_revenue_btc_daily,7311.68800022,BTC,daily,OBM v0.1.0
2011-08-10,obm_miner_revenue_btc_daily,7610.74649911,BTC,daily,OBM v0.1.0
2011-08-11,obm_miner_revenue_btc_daily,6857.11131223,BTC,daily,OBM v0.1.0
2011-08-12,obm_miner_revenue_btc_daily,6556.08149005,BTC,daily,OBM v0.1.0
2011-08-13,obm_miner_revenue_btc_daily,6506.89250462,BTC,daily,OBM v0.1.0
2011-08-14,obm_miner_revenue_btc_daily,6610.31653556,BTC,daily,OBM v0.1.0
2011-08-15,obm_miner_revenue_btc_daily,6459.74393646,BTC,daily,OBM v0.1.0
2011-08-16,obm_miner_revenue_btc_daily,7359.93047003,BTC,daily,OBM v0.1.0
2011-08-17,obm_miner_revenue_btc_daily,6806.74044315,BTC,daily,OBM v0.1.0
2011-08-18,obm_miner_revenue_btc_daily,7205.91856628,BTC,daily,OBM v0.1.0
2011-08-19,obm_miner_revenue_btc_daily,6557.76704450,BTC,daily,OBM v0.1.0
2011-08-20,obm_miner_revenue_btc_daily,7605.41691304,BTC,daily,OBM v0.1.0
2011-08-21,obm_miner_revenue_btc_daily,8005.68728636,BTC,daily,OBM v0.1.0
2011-08-22,obm_miner_revenue_btc_daily,8457.55144943,BTC,daily,OBM v0.1.0
2011-08-23,obm_miner_revenue_btc_daily,7756.96478529,BTC,daily,OBM v0.1.0
2011-08-24,obm_miner_revenue_btc_daily,6708.69528835,BTC,daily,OBM v0.1.0
2011-08-25,obm_miner_revenue_btc_daily,6755.99715430,BTC,daily,OBM v0.1.0
2011-08-26,obm_miner_revenue_btc_daily,7354.68880866,BTC,daily,OBM v0.1.0
2011-08-27,obm_miner_revenue_btc_daily,6105.02820664,BTC,daily,OBM v0.1.0
2011-08-28,obm_miner_revenue_btc_daily,5804.51282409,BTC,daily,OBM v0.1.0
2011-08-29,obm_miner_revenue_btc_daily,6905.35429164,BTC,daily,OBM v0.1.0
2011-08-30,obm_miner_revenue_btc_daily,7309.82284288,BTC,daily,OBM v0.1.0
2011-08-31,obm_miner_revenue_btc_daily,7755.91458926,BTC,daily,OBM v0.1.0
2011-09-01,obm_miner_revenue_btc_daily,6455.61094361,BTC,daily,OBM v0.1.0
2011-09-02,obm_miner_revenue_btc_daily,7806.83590736,BTC,daily,OBM v0.1.0
2011-09-03,obm_miner_revenue_btc_daily,7253.82927997,BTC,daily,OBM v0.1.0
2011-09-04,obm_miner_revenue_btc_daily,6709.87229329,BTC,daily,OBM v0.1.0
2011-09-05,obm_miner_revenue_btc_daily,7807.17082890,BTC,daily,OBM v0.1.0
2011-09-06,obm_miner_revenue_btc_daily,7556.52405064,BTC,daily,OBM v0.1.0
2011-09-07,obm_miner_revenue_btc_daily,6808.13899549,BTC,daily,OBM v0.1.0
2011-09-08,obm_miner_revenue_btc_daily,6454.66847138,BTC,daily,OBM v0.1.0
2011-09-09,obm_miner_revenue_btc_daily,7707.67312696,BTC,daily,OBM v0.1.0
2011-09-10,obm_miner_revenue_btc_daily,6655.36476482,BTC,daily,OBM v0.1.0
2011-09-11,obm_miner_revenue_btc_daily,6255.09702161,BTC,daily,OBM v0.1.0
2011-09-12,obm_miner_revenue_btc_daily,6655.37417472,BTC,daily,OBM v0.1.0
2011-09-13,obm_miner_revenue_btc_daily,7104.15771892,BTC,daily,OBM v0.1.0
2011-09-14,obm_miner_revenue_btc_daily,7303.78071682,BTC,daily,OBM v0.1.0
2011-09-15,obm_miner_revenue_btc_daily,7807.32051008,BTC,daily,OBM v0.1.0
2011-09-16,obm_miner_revenue_btc_daily,5954.96831626,BTC,daily,OBM v0.1.0
2011-09-17,obm_miner_revenue_btc_daily,6705.15724892,BTC,daily,OBM v0.1.0
2011-09-18,obm_miner_revenue_btc_daily,7905.37796247,BTC,daily,OBM v0.1.0
2011-09-19,obm_miner_revenue_btc_daily,6355.92737413,BTC,daily,OBM v0.1.0
2011-09-20,obm_miner_revenue_btc_daily,7006.56952256,BTC,daily,OBM v0.1.0
2011-09-21,obm_miner_revenue_btc_daily,7305.17605015,BTC,daily,OBM v0.1.0
2011-09-22,obm_miner_revenue_btc_daily,7403.78408626,BTC,daily,OBM v0.1.0
2011-09-23,obm_miner_revenue_btc_daily,6654.22941300,BTC,daily,OBM v0.1.0
2011-09-24,obm_miner_revenue_btc_daily,6456.71538477,BTC,daily,OBM v0.1.0
2011-09-25,obm_miner_revenue_btc_daily,6853.36760959,BTC,daily,OBM v0.1.0
2011-09-26,obm_miner_revenue_btc_daily,6702.94068583,BTC,daily,OBM v0.1.0
2011-09-27,obm_miner_revenue_btc_daily,6654.67819858,BTC,daily,OBM v0.1.0
2011-09-28,obm_miner_revenue_btc_daily,7354.37902600,BTC,daily,OBM v0.1.0
2011-09-29,obm_miner_revenue_btc_daily,6253.40420567,BTC,daily,OBM v0.1.0
2011-09-30,obm_miner_revenue_btc_daily,6103.60740812,BTC,daily,OBM v0.1.0
2011-10-01,obm_miner_revenue_btc_daily,7153.64170627,BTC,daily,OBM v0.1.0
2011-10-02,obm_miner_revenue_btc_daily,6053.17980555,BTC,daily,OBM v0.1.0
2011-10-03,obm_miner_revenue_btc_daily,7259.04096463,BTC,daily,OBM v0.1.0
2011-10-04,obm_miner_revenue_btc_daily,5603.67361125,BTC,daily,OBM v0.1.0
2011-10-05,obm_miner_revenue_btc_daily,7253.96348448,BTC,daily,OBM v0.1.0
2011-10-06,obm_miner_revenue_btc_daily,6408.08896045,BTC,daily,OBM v0.1.0
2011-10-07,obm_miner_revenue_btc_daily,6904.29311937,BTC,daily,OBM v0.1.0
2011-10-08,obm_miner_revenue_btc_daily,5953.31460839,BTC,daily,OBM v0.1.0
2011-10-09,obm_miner_revenue_btc_daily,6352.93826347,BTC,daily,OBM v0.1.0
2011-10-10,obm_miner_revenue_btc_daily,6153.34552432,BTC,daily,OBM v0.1.0
2011-10-11,obm_miner_revenue_btc_daily,4655.23729813,BTC,daily,OBM v0.1.0
2011-10-12,obm_miner_revenue_btc_daily,6004.62867518,BTC,daily,OBM v0.1.0
2011-10-13,obm_miner_revenue_btc_daily,4854.15961153,BTC,daily,OBM v0.1.0
2011-10-14,obm_miner_revenue_btc_daily,6953.40803011,BTC,daily,OBM v0.1.0
2011-10-15,obm_miner_revenue_btc_daily,6703.37524119,BTC,daily,OBM v0.1.0
2011-10-16,obm_miner_revenue_btc_daily,5953.20900548,BTC,daily,OBM v0.1.0
2011-10-17,obm_miner_revenue_btc_daily,5904.29614349,BTC,daily,OBM v0.1.0
2011-10-18,obm_miner_revenue_btc_daily,6002.90288072,BTC,daily,OBM v0.1.0
2011-10-19,obm_miner_revenue_btc_daily,6653.26182986,BTC,daily,OBM v0.1.0
2011-10-20,obm_miner_revenue_btc_daily,5756.01146197,BTC,daily,OBM v0.1.0
2011-10-21,obm_miner_revenue_btc_daily,6052.67678376,BTC,daily,OBM v0.1.0
2011-10-22,obm_miner_revenue_btc_daily,4902.81398947,BTC,daily,OBM v0.1.0
2011-10-23,obm_miner_revenue_btc_daily,5403.12097763,BTC,daily,OBM v0.1.0
2011-10-24,obm_miner_revenue_btc_daily,6353.48844221,BTC,daily,OBM v0.1.0
2011-10-25,obm_miner_revenue_btc_daily,6452.74079235,BTC,daily,OBM v0.1.0
2011-10-26,obm_miner_revenue_btc_daily,5853.08756534,BTC,daily,OBM v0.1.0
2011-10-27,obm_miner_revenue_btc_daily,5002.68449510,BTC,daily,OBM v0.1.0
2011-10-28,obm_miner_revenue_btc_daily,5253.04376757,BTC,daily,OBM v0.1.0
2011-10-29,obm_miner_revenue_btc_daily,5653.47376641,BTC,daily,OBM v0.1.0
2011-10-30,obm_miner_revenue_btc_daily,5553.28358643,BTC,daily,OBM v0.1.0
2011-10-31,obm_miner_revenue_btc_daily,6553.12185320,BTC,daily,OBM v0.1.0
2011-11-01,obm_miner_revenue_btc_daily,7504.90302985,BTC,daily,OBM v0.1.0
2011-11-02,obm_miner_revenue_btc_daily,7703.29867938,BTC,daily,OBM v0.1.0
2011-11-03,obm_miner_revenue_btc_daily,6252.90902778,BTC,daily,OBM v0.1.0
2011-11-04,obm_miner_revenue_btc_daily,7353.14947335,BTC,daily,OBM v0.1.0
2011-11-05,obm_miner_revenue_btc_daily,7303.62211848,BTC,daily,OBM v0.1.0
2011-11-06,obm_miner_revenue_btc_daily,7202.36602429,BTC,daily,OBM v0.1.0
2011-11-07,obm_miner_revenue_btc_daily,6603.48022274,BTC,daily,OBM v0.1.0
2011-11-08,obm_miner_revenue_btc_daily,7454.16780068,BTC,daily,OBM v0.1.0
2011-11-09,obm_miner_revenue_btc_daily,8053.28183143,BTC,daily,OBM v0.1.0
2011-11-10,obm_miner_revenue_btc_daily,7053.33778992,BTC,daily,OBM v0.1.0
2011-11-11,obm_miner_revenue_btc_daily,5952.09090012,BTC,daily,OBM v0.1.0
2011-11-12,obm_miner_revenue_btc_daily,7152.47113317,BTC,daily,OBM v0.1.0
2011-11-13,obm_miner_revenue_btc_daily,7202.84207788,BTC,daily,OBM v0.1.0
2011-11-14,obm_miner_revenue_btc_daily,7152.75307178,BTC,daily,OBM v0.1.0
2011-11-15,obm_miner_revenue_btc_daily,8252.88289742,BTC,daily,OBM v0.1.0
2011-11-16,obm_miner_revenue_btc_daily,6753.76975825,BTC,daily,OBM v0.1.0
2011-11-17,obm_miner_revenue_btc_daily,6952.84779587,BTC,daily,OBM v0.1.0
2011-11-18,obm_miner_revenue_btc_daily,6653.35692678,BTC,daily,OBM v0.1.0
2011-11-19,obm_miner_revenue_btc_daily,6153.13022030,BTC,daily,OBM v0.1.0
2011-11-20,obm_miner_revenue_btc_daily,7153.93536390,BTC,daily,OBM v0.1.0
2011-11-21,obm_miner_revenue_btc_daily,5902.77203285,BTC,daily,OBM v0.1.0
2011-11-22,obm_miner_revenue_btc_daily,7002.95829998,BTC,daily,OBM v0.1.0
2011-11-23,obm_miner_revenue_btc_daily,6703.51238566,BTC,daily,OBM v0.1.0
2011-11-24,obm_miner_revenue_btc_daily,5653.99912116,BTC,daily,OBM v0.1.0
2011-11-25,obm_miner_revenue_btc_daily,6754.28642080,BTC,daily,OBM v0.1.0
2011-11-26,obm_miner_revenue_btc_daily,6002.83428324,BTC,daily,OBM v0.1.0
2011-11-27,obm_miner_revenue_btc_daily,5702.55055237,BTC,daily,OBM v0.1.0
2011-11-28,obm_miner_revenue_btc_daily,6353.04346641,BTC,daily,OBM v0.1.0
2011-11-29,obm_miner_revenue_btc_daily,6904.38064219,BTC,daily,OBM v0.1.0
2011-11-30,obm_miner_revenue_btc_daily,8103.65481320,BTC,daily,OBM v0.1.0
2011-12-01,obm_miner_revenue_btc_daily,9104.48500523,BTC,daily,OBM v0.1.0
2011-12-02,obm_miner_revenue_btc_daily,7304.59537048,BTC,daily,OBM v0.1.0
2011-12-03,obm_miner_revenue_btc_daily,7604.65336537,BTC,daily,OBM v0.1.0
2011-12-04,obm_miner_revenue_btc_daily,6802.84299205,BTC,daily,OBM v0.1.0
2011-12-05,obm_miner_revenue_btc_daily,7903.00216604,BTC,daily,OBM v0.1.0
2011-12-06,obm_miner_revenue_btc_daily,8554.24956871,BTC,daily,OBM v0.1.0
2011-12-07,obm_miner_revenue_btc_daily,6903.86961131,BTC,daily,OBM v0.1.0
2011-12-08,obm_miner_revenue_btc_daily,8202.73893984,BTC,daily,OBM v0.1.0
2011-12-09,obm_miner_revenue_btc_daily,7353.01044520,BTC,daily,OBM v0.1.0
2011-12-10,obm_miner_revenue_btc_daily,7202.88798269,BTC,daily,OBM v0.1.0
2011-12-11,obm_miner_revenue_btc_daily,7820.20342270,BTC,daily,OBM v0.1.0
2011-12-12,obm_miner_revenue_btc_daily,6527.32322513,BTC,daily,OBM v0.1.0
2011-12-13,obm_miner_revenue_btc_daily,6604.05414175,BTC,daily,OBM v0.1.0
2011-12-14,obm_miner_revenue_btc_daily,7653.86264306,BTC,daily,OBM v0.1.0
2011-12-15,obm_miner_revenue_btc_daily,5607.82976711,BTC,daily,OBM v0.1.0
2011-12-16,obm_miner_revenue_btc_daily,5902.70176401,BTC,daily,OBM v0.1.0
2011-12-17,obm_miner_revenue_btc_daily,7503.61587343,BTC,daily,OBM v0.1.0
2011-12-18,obm_miner_revenue_btc_daily,7203.10125952,BTC,daily,OBM v0.1.0
2011-12-19,obm_miner_revenue_btc_daily,7954.15730356,BTC,daily,OBM v0.1.0
2011-12-20,obm_miner_revenue_btc_daily,6705.90673522,BTC,daily,OBM v0.1.0
2011-12-21,obm_miner_revenue_btc_daily,7454.26075206,BTC,daily,OBM v0.1.0
2011-12-22,obm_miner_revenue_btc_daily,7403.45347236,BTC,daily,OBM v0.1.0
2011-12-23,obm_miner_revenue_btc_daily,7102.65278626,BTC,daily,OBM v0.1.0
2011-12-24,obm_miner_revenue_btc_daily,7252.24582386,BTC,daily,OBM v0.1.0
2011-12-25,obm_miner_revenue_btc_daily,8702.92534449,BTC,daily,OBM v0.1.0
2011-12-26,obm_miner_revenue_btc_daily,8853.25628134,BTC,daily,OBM v0.1.0
2011-12-27,obm_miner_revenue_btc_daily,7252.99677875,BTC,daily,OBM v0.1.0
2011-12-28,obm_miner_revenue_btc_daily,7753.14922344,BTC,daily,OBM v0.1.0
2011-12-29,obm_miner_revenue_btc_daily,6904.15995739,BTC,daily,OBM v0.1.0
2011-12-30,obm_miner_revenue_btc_daily,7103.33845198,BTC,daily,OBM v0.1.0
2011-12-31,obm_miner_revenue_btc_daily,7553.94540785,BTC,daily,OBM v0.1.0
2012-01-01,obm_miner_revenue_btc_daily,7653.55428136,BTC,daily,OBM v0.1.0
2012-01-02,obm_miner_revenue_btc_daily,7555.55312158,BTC,daily,OBM v0.1.0
2012-01-03,obm_miner_revenue_btc_daily,7955.35215755,BTC,daily,OBM v0.1.0
2012-01-04,obm_miner_revenue_btc_daily,7464.19587733,BTC,daily,OBM v0.1.0
2012-01-05,obm_miner_revenue_btc_daily,7355.69832762,BTC,daily,OBM v0.1.0
2012-01-06,obm_miner_revenue_btc_daily,8556.48923847,BTC,daily,OBM v0.1.0
2012-01-07,obm_miner_revenue_btc_daily,9204.47999358,BTC,daily,OBM v0.1.0
2012-01-08,obm_miner_revenue_btc_daily,8153.72339797,BTC,daily,OBM v0.1.0
2012-01-09,obm_miner_revenue_btc_daily,8206.36959413,BTC,daily,OBM v0.1.0
2012-01-10,obm_miner_revenue_btc_daily,7054.89613037,BTC,daily,OBM v0.1.0
2012-01-11,obm_miner_revenue_btc_daily,7655.70224742,BTC,daily,OBM v0.1.0
2012-01-12,obm_miner_revenue_btc_daily,7791.21799271,BTC,daily,OBM v0.1.0
2012-01-13,obm_miner_revenue_btc_daily,7009.78890443,BTC,daily,OBM v0.1.0
2012-01-14,obm_miner_revenue_btc_daily,7512.78590354,BTC,daily,OBM v0.1.0
2012-01-15,obm_miner_revenue_btc_daily,6963.42837115,BTC,daily,OBM v0.1.0
2012-01-16,obm_miner_revenue_btc_daily,8789.00729892,BTC,daily,OBM v0.1.0
2012-01-17,obm_miner_revenue_btc_daily,7857.65115618,BTC,daily,OBM v0.1.0
2012-01-18,obm_miner_revenue_btc_daily,6410.82733779,BTC,daily,OBM v0.1.0
2012-01-19,obm_miner_revenue_btc_daily,7527.41770139,BTC,daily,OBM v0.1.0
2012-01-20,obm_miner_revenue_btc_daily,7274.37679784,BTC,daily,OBM v0.1.0
2012-01-21,obm_miner_revenue_btc_daily,8204.33072564,BTC,daily,OBM v0.1.0
2012-01-22,obm_miner_revenue_btc_daily,6802.83270240,BTC,daily,OBM v0.1.0
2012-01-23,obm_miner_revenue_btc_daily,8504.79157948,BTC,daily,OBM v0.1.0
2012-01-24,obm_miner_revenue_btc_daily,6958.63950453,BTC,daily,OBM v0.1.0
2012-01-25,obm_miner_revenue_btc_daily,7407.45665461,BTC,daily,OBM v0.1.0
2012-01-26,obm_miner_revenue_btc_daily,6908.25804479,BTC,daily,OBM v0.1.0
2012-01-27,obm_miner_revenue_btc_daily,7071.58708064,BTC,daily,OBM v0.1.0
2012-01-28,obm_miner_revenue_btc_daily,7256.78576916,BTC,daily,OBM v0.1.0
2012-01-29,obm_miner_revenue_btc_daily,8569.31747822,BTC,daily,OBM v0.1.0
2012-01-30,obm_miner_revenue_btc_daily,8628.77936030,BTC,daily,OBM v0.1.0
2012-01-31,obm_miner_revenue_btc_daily,7507.11814321,BTC,daily,OBM v0.1.0
2012-02-01,obm_miner_revenue_btc_daily,7054.51261970,BTC,daily,OBM v0.1.0
2012-02-02,obm_miner_revenue_btc_daily,7961.42466102,BTC,daily,OBM v0.1.0
2012-02-03,obm_miner_revenue_btc_daily,7906.74740291,BTC,daily,OBM v0.1.0
2012-02-04,obm_miner_revenue_btc_daily,7858.65923440,BTC,daily,OBM v0.1.0
2012-02-05,obm_miner_revenue_btc_daily,7104.26033091,BTC,daily,OBM v0.1.0
2012-02-06,obm_miner_revenue_btc_daily,7304.29055832,BTC,daily,OBM v0.1.0
2012-02-07,obm_miner_revenue_btc_daily,6856.63824854,BTC,daily,OBM v0.1.0
2012-02-08,obm_miner_revenue_btc_daily,7255.11443415,BTC,daily,OBM v0.1.0
2012-02-09,obm_miner_revenue_btc_daily,7257.41846940,BTC,daily,OBM v0.1.0
2012-02-10,obm_miner_revenue_btc_daily,6904.17461763,BTC,daily,OBM v0.1.0
2012-02-11,obm_miner_revenue_btc_daily,7503.77382659,BTC,daily,OBM v0.1.0
2012-02-12,obm_miner_revenue_btc_daily,7903.83869352,BTC,daily,OBM v0.1.0
2012-02-13,obm_miner_revenue_btc_daily,6855.25311801,BTC,daily,OBM v0.1.0
2012-02-14,obm_miner_revenue_btc_daily,6915.45996451,BTC,daily,OBM v0.1.0
2012-02-15,obm_miner_revenue_btc_daily,6706.09255971,BTC,daily,OBM v0.1.0
2012-02-16,obm_miner_revenue_btc_daily,6909.92902532,BTC,daily,OBM v0.1.0
2012-02-17,obm_miner_revenue_btc_daily,7603.59789153,BTC,daily,OBM v0.1.0
2012-02-18,obm_miner_revenue_btc_daily,8553.34530801,BTC,daily,OBM v0.1.0
2012-02-19,obm_miner_revenue_btc_daily,7902.65186887,BTC,daily,OBM v0.1.0
2012-02-20,obm_miner_revenue_btc_daily,7004.11776338,BTC,daily,OBM v0.1.0
2012-02-21,obm_miner_revenue_btc_daily,6453.42801758,BTC,daily,OBM v0.1.0
2012-02-22,obm_miner_revenue_btc_daily,7953.41392900,BTC,daily,OBM v0.1.0
2012-02-23,obm_miner_revenue_btc_daily,8305.00951708,BTC,daily,OBM v0.1.0
2012-02-24,obm_miner_revenue_btc_daily,7454.41363023,BTC,daily,OBM v0.1.0
2012-02-25,obm_miner_revenue_btc_daily,8253.12296116,BTC,daily,OBM v0.1.0
2012-02-26,obm_miner_revenue_btc_daily,7503.41998330,BTC,daily,OBM v0.1.0
2012-02-27,obm_miner_revenue_btc_daily,7705.66176552,BTC,daily,OBM v0.1.0
2012-02-28,obm_miner_revenue_btc_daily,8003.84771572,BTC,daily,OBM v0.1.0
2012-02-29,obm_miner_revenue_btc_daily,8953.40234542,BTC,daily,OBM v0.1.0
2012-03-01,obm_miner_revenue_btc_daily,7556.71836722,BTC,daily,OBM v0.1.0
2012-03-02,obm_miner_revenue_btc_daily,6704.50574566,BTC,daily,OBM v0.1.0
2012-03-03,obm_miner_revenue_btc_daily,5652.44244810,BTC,daily,OBM v0.1.0
2012-03-04,obm_miner_revenue_btc_daily,6854.81756734,BTC,daily,OBM v0.1.0
2012-03-05,obm_miner_revenue_btc_daily,7255.18860926,BTC,daily,OBM v0.1.0
2012-03-06,obm_miner_revenue_btc_daily,6854.79395258,BTC,daily,OBM v0.1.0
2012-03-07,obm_miner_revenue_btc_daily,7704.02072620,BTC,daily,OBM v0.1.0
2012-03-08,obm_miner_revenue_btc_daily,7804.07410789,BTC,daily,OBM v0.1.0
2012-03-09,obm_miner_revenue_btc_daily,8404.13638026,BTC,daily,OBM v0.1.0
2012-03-10,obm_miner_revenue_btc_daily,8254.38179608,BTC,daily,OBM v0.1.0
2012-03-11,obm_miner_revenue_btc_daily,6702.90460712,BTC,daily,OBM v0.1.0
2012-03-12,obm_miner_revenue_btc_daily,8303.76477631,BTC,daily,OBM v0.1.0
2012-03-13,obm_miner_revenue_btc_daily,8011.31640397,BTC,daily,OBM v0.1.0
2012-03-14,obm_miner_revenue_btc_daily,6855.17901821,BTC,daily,OBM v0.1.0
2012-03-15,obm_miner_revenue_btc_daily,6053.61549948,BTC,daily,OBM v0.1.0
2012-03-16,obm_miner_revenue_btc_daily,7658.82293451,BTC,daily,OBM v0.1.0
2012-03-17,obm_miner_revenue_btc_daily,8503.56057831,BTC,daily,OBM v0.1.0
2012-03-18,obm_miner_revenue_btc_daily,8003.22801017,BTC,daily,OBM v0.1.0
2012-03-19,obm_miner_revenue_btc_daily,7154.22460866,BTC,daily,OBM v0.1.0
2012-03-20,obm_miner_revenue_btc_daily,8004.81981657,BTC,daily,OBM v0.1.0
2012-03-21,obm_miner_revenue_btc_daily,7903.37831566,BTC,daily,OBM v0.1.0
2012-03-22,obm_miner_revenue_btc_daily,7903.38385442,BTC,daily,OBM v0.1.0
2012-03-23,obm_miner_revenue_btc_daily,6304.22778506,BTC,daily,OBM v0.1.0
2012-03-24,obm_miner_revenue_btc_daily,9214.90705662,BTC,daily,OBM v0.1.0
2012-03-25,obm_miner_revenue_btc_daily,7856.90424078,BTC,daily,OBM v0.1.0
2012-03-26,obm_miner_revenue_btc_daily,7553.47762179,BTC,daily,OBM v0.1.0
2012-03-27,obm_miner_revenue_btc_daily,7804.26964421,BTC,daily,OBM v0.1.0
2012-03-28,obm_miner_revenue_btc_daily,7504.94067765,BTC,daily,OBM v0.1.0
2012-03-29,obm_miner_revenue_btc_daily,7054.46542200,BTC,daily,OBM v0.1.0
2012-03-30,obm_miner_revenue_btc_daily,7704.39585095,BTC,daily,OBM v0.1.0
2012-03-31,obm_miner_revenue_btc_daily,8504.51687503,BTC,daily,OBM v0.1.0
2012-04-01,obm_miner_revenue_btc_daily,7103.81877650,BTC,daily,OBM v0.1.0
2012-04-02,obm_miner_revenue_btc_daily,5804.18861998,BTC,daily,OBM v0.1.0
2012-04-03,obm_miner_revenue_btc_daily,6655.07741879,BTC,daily,OBM v0.1.0
2012-04-04,obm_miner_revenue_btc_daily,6854.93334700,BTC,daily,OBM v0.1.0
2012-04-05,obm_miner_revenue_btc_daily,5854.87816401,BTC,daily,OBM v0.1.0
2012-04-06,obm_miner_revenue_btc_daily,6804.81551397,BTC,daily,OBM v0.1.0
2012-04-07,obm_miner_revenue_btc_daily,6453.70891690,BTC,daily,OBM v0.1.0
2012-04-08,obm_miner_revenue_btc_daily,7503.89195527,BTC,daily,OBM v0.1.0
2012-04-09,obm_miner_revenue_btc_daily,7303.84716990,BTC,daily,OBM v0.1.0
2012-04-10,obm_miner_revenue_btc_daily,7356.99130937,BTC,daily,OBM v0.1.0
2012-04-11,obm_miner_revenue_btc_daily,7055.24550745,BTC,daily,OBM v0.1.0
2012-04-12,obm_miner_revenue_btc_daily,6356.27057008,BTC,daily,OBM v0.1.0
2012-04-13,obm_miner_revenue_btc_daily,6154.10579243,BTC,daily,OBM v0.1.0
2012-04-14,obm_miner_revenue_btc_daily,6956.08591529,BTC,daily,OBM v0.1.0
2012-04-15,obm_miner_revenue_btc_daily,5353.69750206,BTC,daily,OBM v0.1.0
2012-04-16,obm_miner_revenue_btc_daily,7505.97850946,BTC,daily,OBM v0.1.0
2012-04-17,obm_miner_revenue_btc_daily,6756.72206006,BTC,daily,OBM v0.1.0
2012-04-18,obm_miner_revenue_btc_daily,6506.21412925,BTC,daily,OBM v0.1.0
2012-04-19,obm_miner_revenue_btc_daily,7855.84943097,BTC,daily,OBM v0.1.0
2012-04-20,obm_miner_revenue_btc_daily,7707.22135160,BTC,daily,OBM v0.1.0
2012-04-21,obm_miner_revenue_btc_daily,7704.93120932,BTC,daily,OBM v0.1.0
2012-04-22,obm_miner_revenue_btc_daily,7004.86652314,BTC,daily,OBM v0.1.0
2012-04-23,obm_miner_revenue_btc_daily,6754.28070220,BTC,daily,OBM v0.1.0
2012-04-24,obm_miner_revenue_btc_daily,6906.55608110,BTC,daily,OBM v0.1.0
2012-04-25,obm_miner_revenue_btc_daily,6355.52832728,BTC,daily,OBM v0.1.0
2012-04-26,obm_miner_revenue_btc_daily,7762.40886862,BTC,daily,OBM v0.1.0
2012-04-27,obm_miner_revenue_btc_daily,6756.88570856,BTC,daily,OBM v0.1.0
2012-04-28,obm_miner_revenue_btc_daily,7606.86687116,BTC,daily,OBM v0.1.0
2012-04-29,obm_miner_revenue_btc_daily,8954.06208503,BTC,daily,OBM v0.1.0
2012-04-30,obm_miner_revenue_btc_daily,8955.13386643,BTC,daily,OBM v0.1.0
2012-05-01,obm_miner_revenue_btc_daily,8506.73048886,BTC,daily,OBM v0.1.0
2012-05-02,obm_miner_revenue_btc_daily,7506.93450193,BTC,daily,OBM v0.1.0
2012-05-03,obm_miner_revenue_btc_daily,7861.29578945,BTC,daily,OBM v0.1.0
2012-05-04,obm_miner_revenue_btc_daily,8060.45653352,BTC,daily,OBM v0.1.0
2012-05-05,obm_miner_revenue_btc_daily,8357.87065714,BTC,daily,OBM v0.1.0
2012-05-06,obm_miner_revenue_btc_daily,8207.36267072,BTC,daily,OBM v0.1.0
2012-05-07,obm_miner_revenue_btc_daily,8513.49373830,BTC,daily,OBM v0.1.0
2012-05-08,obm_miner_revenue_btc_daily,8812.37444677,BTC,daily,OBM v0.1.0
2012-05-09,obm_miner_revenue_btc_daily,8314.13032343,BTC,daily,OBM v0.1.0
2012-05-10,obm_miner_revenue_btc_daily,6458.83074595,BTC,daily,OBM v0.1.0
2012-05-11,obm_miner_revenue_btc_daily,7162.28912955,BTC,daily,OBM v0.1.0
2012-05-12,obm_miner_revenue_btc_daily,6410.93265347,BTC,daily,OBM v0.1.0
2012-05-13,obm_miner_revenue_btc_daily,7011.80632246,BTC,daily,OBM v0.1.0
2012-05-14,obm_miner_revenue_btc_daily,6977.81385804,BTC,daily,OBM v0.1.0
2012-05-15,obm_miner_revenue_btc_daily,6520.40042864,BTC,daily,OBM v0.1.0
2012-05-16,obm_miner_revenue_btc_daily,6063.00778295,BTC,daily,OBM v0.1.0
2012-05-17,obm_miner_revenue_btc_daily,5811.71407133,BTC,daily,OBM v0.1.0
2012-05-18,obm_miner_revenue_btc_daily,7267.12257882,BTC,daily,OBM v0.1.0
2012-05-19,obm_miner_revenue_btc_daily,7481.84653518,BTC,daily,OBM v0.1.0
2012-05-20,obm_miner_revenue_btc_daily,6920.00525514,BTC,daily,OBM v0.1.0
2012-05-21,obm_miner_revenue_btc_daily,6319.56644229,BTC,daily,OBM v0.1.0
2012-05-22,obm_miner_revenue_btc_daily,5762.76767573,BTC,daily,OBM v0.1.0
2012-05-23,obm_miner_revenue_btc_daily,6519.09824774,BTC,daily,OBM v0.1.0
2012-05-24,obm_miner_revenue_btc_daily,6269.42446160,BTC,daily,OBM v0.1.0
2012-05-25,obm_miner_revenue_btc_daily,6069.27698871,BTC,daily,OBM v0.1.0
2012-05-26,obm_miner_revenue_btc_daily,7115.59025857,BTC,daily,OBM v0.1.0
2012-05-27,obm_miner_revenue_btc_daily,7967.56035855,BTC,daily,OBM v0.1.0
2012-05-28,obm_miner_revenue_btc_daily,7119.49032691,BTC,daily,OBM v0.1.0
2012-05-29,obm_miner_revenue_btc_daily,6316.97324696,BTC,daily,OBM v0.1.0
2012-05-30,obm_miner_revenue_btc_daily,6568.86941539,BTC,daily,OBM v0.1.0
2012-05-31,obm_miner_revenue_btc_daily,6912.52747933,BTC,daily,OBM v0.1.0
2012-06-01,obm_miner_revenue_btc_daily,7616.41695479,BTC,daily,OBM v0.1.0
2012-06-02,obm_miner_revenue_btc_daily,8007.13307653,BTC,daily,OBM v0.1.0
2012-06-03,obm_miner_revenue_btc_daily,7669.26751479,BTC,daily,OBM v0.1.0
2012-06-04,obm_miner_revenue_btc_daily,7778.75857062,BTC,daily,OBM v0.1.0
2012-06-05,obm_miner_revenue_btc_daily,7380.13988721,BTC,daily,OBM v0.1.0
2012-06-06,obm_miner_revenue_btc_daily,7661.27263476,BTC,daily,OBM v0.1.0
2012-06-07,obm_miner_revenue_btc_daily,6971.41060510,BTC,daily,OBM v0.1.0
2012-06-08,obm_miner_revenue_btc_daily,7066.49378686,BTC,daily,OBM v0.1.0
2012-06-09,obm_miner_revenue_btc_daily,8572.70984789,BTC,daily,OBM v0.1.0
2012-06-10,obm_miner_revenue_btc_daily,8325.33378545,BTC,daily,OBM v0.1.0
2012-06-11,obm_miner_revenue_btc_daily,7018.24942065,BTC,daily,OBM v0.1.0
2012-06-12,obm_miner_revenue_btc_daily,7811.25953378,BTC,daily,OBM v0.1.0
2012-06-13,obm_miner_revenue_btc_daily,7537.94132440,BTC,daily,OBM v0.1.0
2012-06-14,obm_miner_revenue_btc_daily,7838.70982266,BTC,daily,OBM v0.1.0
2012-06-15,obm_miner_revenue_btc_daily,7983.55888777,BTC,daily,OBM v0.1.0
2012-06-16,obm_miner_revenue_btc_daily,7827.60466426,BTC,daily,OBM v0.1.0
2012-06-17,obm_miner_revenue_btc_daily,8226.51410146,BTC,daily,OBM v0.1.0
2012-06-18,obm_miner_revenue_btc_daily,8777.88105011,BTC,daily,OBM v0.1.0
2012-06-19,obm_miner_revenue_btc_daily,7375.22971280,BTC,daily,OBM v0.1.0
2012-06-20,obm_miner_revenue_btc_daily,7271.69924435,BTC,daily,OBM v0.1.0
2012-06-21,obm_miner_revenue_btc_daily,6831.45562954,BTC,daily,OBM v0.1.0
2012-06-22,obm_miner_revenue_btc_daily,6920.69931783,BTC,daily,OBM v0.1.0
2012-06-23,obm_miner_revenue_btc_daily,8217.73012569,BTC,daily,OBM v0.1.0
2012-06-24,obm_miner_revenue_btc_daily,6564.63998007,BTC,daily,OBM v0.1.0
2012-06-25,obm_miner_revenue_btc_daily,7716.12560794,BTC,daily,OBM v0.1.0
2012-06-26,obm_miner_revenue_btc_daily,7468.27698114,BTC,daily,OBM v0.1.0
2012-06-27,obm_miner_revenue_btc_daily,8168.17418009,BTC,daily,OBM v0.1.0
2012-06-28,obm_miner_revenue_btc_daily,6865.76571961,BTC,daily,OBM v0.1.0
2012-06-29,obm_miner_revenue_btc_daily,7311.83306472,BTC,daily,OBM v0.1.0
2012-06-30,obm_miner_revenue_btc_daily,6613.93811293,BTC,daily,OBM v0.1.0
2012-07-01,obm_miner_revenue_btc_daily,7109.65391992,BTC,daily,OBM v0.1.0
2012-07-02,obm_miner_revenue_btc_daily,7618.36498247,BTC,daily,OBM v0.1.0
2012-07-03,obm_miner_revenue_btc_daily,8012.35125229,BTC,daily,OBM v0.1.0
2012-07-04,obm_miner_revenue_btc_daily,7513.27572083,BTC,daily,OBM v0.1.0
2012-07-05,obm_miner_revenue_btc_daily,7212.65097392,BTC,daily,OBM v0.1.0
2012-07-06,obm_miner_revenue_btc_daily,7766.38067211,BTC,daily,OBM v0.1.0
2012-07-07,obm_miner_revenue_btc_daily,8342.86643213,BTC,daily,OBM v0.1.0
2012-07-08,obm_miner_revenue_btc_daily,7661.50102767,BTC,daily,OBM v0.1.0
2012-07-09,obm_miner_revenue_btc_daily,8165.88969336,BTC,daily,OBM v0.1.0
2012-07-10,obm_miner_revenue_btc_daily,7524.02841985,BTC,daily,OBM v0.1.0
2012-07-11,obm_miner_revenue_btc_daily,6719.17084500,BTC,daily,OBM v0.1.0
2012-07-12,obm_miner_revenue_btc_daily,7513.52856867,BTC,daily,OBM v0.1.0
2012-07-13,obm_miner_revenue_btc_daily,8164.39919066,BTC,daily,OBM v0.1.0
2012-07-14,obm_miner_revenue_btc_daily,8065.31162089,BTC,daily,OBM v0.1.0
2012-07-15,obm_miner_revenue_btc_daily,7017.60055063,BTC,daily,OBM v0.1.0
2012-07-16,obm_miner_revenue_btc_daily,7521.28248376,BTC,daily,OBM v0.1.0
2012-07-17,obm_miner_revenue_btc_daily,8620.14140364,BTC,daily,OBM v0.1.0
2012-07-18,obm_miner_revenue_btc_daily,7776.40459394,BTC,daily,OBM v0.1.0
2012-07-19,obm_miner_revenue_btc_daily,6770.18883470,BTC,daily,OBM v0.1.0
2012-07-20,obm_miner_revenue_btc_daily,7437.46716162,BTC,daily,OBM v0.1.0
2012-07-21,obm_miner_revenue_btc_daily,7070.01122229,BTC,daily,OBM v0.1.0
2012-07-22,obm_miner_revenue_btc_daily,7768.10261197,BTC,daily,OBM v0.1.0
2012-07-23,obm_miner_revenue_btc_daily,7071.71914555,BTC,daily,OBM v0.1.0
2012-07-24,obm_miner_revenue_btc_daily,8065.98500134,BTC,daily,OBM v0.1.0
2012-07-25,obm_miner_revenue_btc_daily,8015.09682498,BTC,daily,OBM v0.1.0
2012-07-26,obm_miner_revenue_btc_daily,8468.17802407,BTC,daily,OBM v0.1.0
2012-07-27,obm_miner_revenue_btc_daily,8917.18425100,BTC,daily,OBM v0.1.0
2012-07-28,obm_miner_revenue_btc_daily,7670.55912157,BTC,daily,OBM v0.1.0
2012-07-29,obm_miner_revenue_btc_daily,8318.46427249,BTC,daily,OBM v0.1.0
2012-07-30,obm_miner_revenue_btc_daily,8819.97616280,BTC,daily,OBM v0.1.0
2012-07-31,obm_miner_revenue_btc_daily,6521.09128958,BTC,daily,OBM v0.1.0
2012-08-01,obm_miner_revenue_btc_daily,6720.02176151,BTC,daily,OBM v0.1.0
2012-08-02,obm_miner_revenue_btc_daily,8269.81449506,BTC,daily,OBM v0.1.0
2012-08-03,obm_miner_revenue_btc_daily,8124.78774211,BTC,daily,OBM v0.1.0
2012-08-04,obm_miner_revenue_btc_daily,7816.36217093,BTC,daily,OBM v0.1.0
2012-08-05,obm_miner_revenue_btc_daily,6975.67541134,BTC,daily,OBM v0.1.0
2012-08-06,obm_miner_revenue_btc_daily,7024.99694464,BTC,daily,OBM v0.1.0
2012-08-07,obm_miner_revenue_btc_daily,8218.92910420,BTC,daily,OBM v0.1.0
2012-08-08,obm_miner_revenue_btc_daily,8352.57205312,BTC,daily,OBM v0.1.0
2012-08-09,obm_miner_revenue_btc_daily,8517.37976224,BTC,daily,OBM v0.1.0
2012-08-10,obm_miner_revenue_btc_daily,7844.52608507,BTC,daily,OBM v0.1.0
2012-08-11,obm_miner_revenue_btc_daily,8419.13275992,BTC,daily,OBM v0.1.0
2012-08-12,obm_miner_revenue_btc_daily,7967.21666550,BTC,daily,OBM v0.1.0
2012-08-13,obm_miner_revenue_btc_daily,8025.55301796,BTC,daily,OBM v0.1.0
2012-08-14,obm_miner_revenue_btc_daily,7870.67631015,BTC,daily,OBM v0.1.0
2012-08-15,obm_miner_revenue_btc_daily,8383.97170623,BTC,daily,OBM v0.1.0
2012-08-16,obm_miner_revenue_btc_daily,7728.34630819,BTC,daily,OBM v0.1.0
2012-08-17,obm_miner_revenue_btc_daily,6930.86466635,BTC,daily,OBM v0.1.0
2012-08-18,obm_miner_revenue_btc_daily,7568.19540149,BTC,daily,OBM v0.1.0
2012-08-19,obm_miner_revenue_btc_daily,9121.76688458,BTC,daily,OBM v0.1.0
2012-08-20,obm_miner_revenue_btc_daily,8727.55556440,BTC,daily,OBM v0.1.0
2012-08-21,obm_miner_revenue_btc_daily,8674.56276695,BTC,daily,OBM v0.1.0
2012-08-22,obm_miner_revenue_btc_daily,7822.84194268,BTC,daily,OBM v0.1.0
2012-08-23,obm_miner_revenue_btc_daily,8270.83023950,BTC,daily,OBM v0.1.0
2012-08-24,obm_miner_revenue_btc_daily,7419.24725465,BTC,daily,OBM v0.1.0
2012-08-25,obm_miner_revenue_btc_daily,6923.90980340,BTC,daily,OBM v0.1.0
2012-08-26,obm_miner_revenue_btc_daily,8970.57949421,BTC,daily,OBM v0.1.0
2012-08-27,obm_miner_revenue_btc_daily,7278.81775679,BTC,daily,OBM v0.1.0
2012-08-28,obm_miner_revenue_btc_daily,7575.10097771,BTC,daily,OBM v0.1.0
2012-08-29,obm_miner_revenue_btc_daily,8424.15207933,BTC,daily,OBM v0.1.0
2012-08-30,obm_miner_revenue_btc_daily,7729.09172139,BTC,daily,OBM v0.1.0
2012-08-31,obm_miner_revenue_btc_daily,7030.48483604,BTC,daily,OBM v0.1.0
2012-09-01,obm_miner_revenue_btc_daily,8085.33011176,BTC,daily,OBM v0.1.0
2012-09-02,obm_miner_revenue_btc_daily,8230.54741150,BTC,daily,OBM v0.1.0
2012-09-03,obm_miner_revenue_btc_daily,7883.79426690,BTC,daily,OBM v0.1.0
2012-09-04,obm_miner_revenue_btc_daily,7679.66376976,BTC,daily,OBM v0.1.0
2012-09-05,obm_miner_revenue_btc_daily,9026.19990000,BTC,daily,OBM v0.1.0
2012-09-06,obm_miner_revenue_btc_daily,8575.55177416,BTC,daily,OBM v0.1.0
2012-09-07,obm_miner_revenue_btc_daily,8419.96120059,BTC,daily,OBM v0.1.0
2012-09-08,obm_miner_revenue_btc_daily,7272.24036760,BTC,daily,OBM v0.1.0
2012-09-09,obm_miner_revenue_btc_daily,7972.06034644,BTC,daily,OBM v0.1.0
2012-09-10,obm_miner_revenue_btc_daily,7524.05662363,BTC,daily,OBM v0.1.0
2012-09-11,obm_miner_revenue_btc_daily,7280.79028155,BTC,daily,OBM v0.1.0
2012-09-12,obm_miner_revenue_btc_daily,7770.50212504,BTC,daily,OBM v0.1.0
2012-09-13,obm_miner_revenue_btc_daily,6519.68413641,BTC,daily,OBM v0.1.0
2012-09-14,obm_miner_revenue_btc_daily,8120.22012586,BTC,daily,OBM v0.1.0
2012-09-15,obm_miner_revenue_btc_daily,7214.73366468,BTC,daily,OBM v0.1.0
2012-09-16,obm_miner_revenue_btc_daily,8064.76293640,BTC,daily,OBM v0.1.0
2012-09-17,obm_miner_revenue_btc_daily,8414.62459347,BTC,daily,OBM v0.1.0
2012-09-18,obm_miner_revenue_btc_daily,8372.39976053,BTC,daily,OBM v0.1.0
2012-09-19,obm_miner_revenue_btc_daily,7071.44336382,BTC,daily,OBM v0.1.0
2012-09-20,obm_miner_revenue_btc_daily,7617.98877273,BTC,daily,OBM v0.1.0
2012-09-21,obm_miner_revenue_btc_daily,8479.31585698,BTC,daily,OBM v0.1.0
2012-09-22,obm_miner_revenue_btc_daily,7865.23368456,BTC,daily,OBM v0.1.0
2012-09-23,obm_miner_revenue_btc_daily,7918.18004702,BTC,daily,OBM v0.1.0
2012-09-24,obm_miner_revenue_btc_daily,7678.22867346,BTC,daily,OBM v0.1.0
2012-09-25,obm_miner_revenue_btc_daily,6964.37700690,BTC,daily,OBM v0.1.0
2012-09-26,obm_miner_revenue_btc_daily,7019.55185895,BTC,daily,OBM v0.1.0
2012-09-27,obm_miner_revenue_btc_daily,8066.11576529,BTC,daily,OBM v0.1.0
2012-09-28,obm_miner_revenue_btc_daily,7959.39218166,BTC,daily,OBM v0.1.0
2012-09-29,obm_miner_revenue_btc_daily,8414.29688403,BTC,daily,OBM v0.1.0
2012-09-30,obm_miner_revenue_btc_daily,7961.45608154,BTC,daily,OBM v0.1.0
2012-10-01,obm_miner_revenue_btc_daily,6566.59077226,BTC,daily,OBM v0.1.0
2012-10-02,obm_miner_revenue_btc_daily,7330.46356752,BTC,daily,OBM v0.1.0
2012-10-03,obm_miner_revenue_btc_daily,6668.39219413,BTC,daily,OBM v0.1.0
2012-10-04,obm_miner_revenue_btc_daily,6681.31522337,BTC,daily,OBM v0.1.0
2012-10-05,obm_miner_revenue_btc_daily,6827.60380983,BTC,daily,OBM v0.1.0
2012-10-06,obm_miner_revenue_btc_daily,7772.33578348,BTC,daily,OBM v0.1.0
2012-10-07,obm_miner_revenue_btc_daily,6276.42825547,BTC,daily,OBM v0.1.0
2012-10-08,obm_miner_revenue_btc_daily,8927.24266665,BTC,daily,OBM v0.1.0
2012-10-09,obm_miner_revenue_btc_daily,7125.74112051,BTC,daily,OBM v0.1.0
2012-10-10,obm_miner_revenue_btc_daily,7473.44129821,BTC,daily,OBM v0.1.0
2012-10-11,obm_miner_revenue_btc_daily,6922.53899244,BTC,daily,OBM v0.1.0
2012-10-12,obm_miner_revenue_btc_daily,7470.44986309,BTC,daily,OBM v0.1.0
2012-10-13,obm_miner_revenue_btc_daily,7421.04490427,BTC,daily,OBM v0.1.0
2012-10-14,obm_miner_revenue_btc_daily,6367.11524123,BTC,daily,OBM v0.1.0
2012-10-15,obm_miner_revenue_btc_daily,8471.72463793,BTC,daily,OBM v0.1.0
2012-10-16,obm_miner_revenue_btc_daily,7775.00993862,BTC,daily,OBM v0.1.0
2012-10-17,obm_miner_revenue_btc_daily,7166.76624541,BTC,daily,OBM v0.1.0
2012-10-18,obm_miner_revenue_btc_daily,7867.03015131,BTC,daily,OBM v0.1.0
2012-10-19,obm_miner_revenue_btc_daily,6765.76937115,BTC,daily,OBM v0.1.0
2012-10-20,obm_miner_revenue_btc_daily,7917.96519692,BTC,daily,OBM v0.1.0
2012-10-21,obm_miner_revenue_btc_daily,8074.78449416,BTC,daily,OBM v0.1.0
2012-10-22,obm_miner_revenue_btc_daily,7875.22117775,BTC,daily,OBM v0.1.0
2012-10-23,obm_miner_revenue_btc_daily,6521.00122991,BTC,daily,OBM v0.1.0
2012-10-24,obm_miner_revenue_btc_daily,8121.30409168,BTC,daily,OBM v0.1.0
2012-10-25,obm_miner_revenue_btc_daily,7166.66836671,BTC,daily,OBM v0.1.0
2012-10-26,obm_miner_revenue_btc_daily,8268.24724533,BTC,daily,OBM v0.1.0
2012-10-27,obm_miner_revenue_btc_daily,8762.54326824,BTC,daily,OBM v0.1.0
2012-10-28,obm_miner_revenue_btc_daily,8312.70799238,BTC,daily,OBM v0.1.0
2012-10-29,obm_miner_revenue_btc_daily,7917.37388911,BTC,daily,OBM v0.1.0
2012-10-30,obm_miner_revenue_btc_daily,7173.68493361,BTC,daily,OBM v0.1.0
2012-10-31,obm_miner_revenue_btc_daily,7222.95824606,BTC,daily,OBM v0.1.0
2012-11-01,obm_miner_revenue_btc_daily,6870.21831119,BTC,daily,OBM v0.1.0
2012-11-02,obm_miner_revenue_btc_daily,7177.07059311,BTC,daily,OBM v0.1.0
2012-11-03,obm_miner_revenue_btc_daily,7318.75168624,BTC,daily,OBM v0.1.0
2012-11-04,obm_miner_revenue_btc_daily,7869.50897363,BTC,daily,OBM v0.1.0
2012-11-05,obm_miner_revenue_btc_daily,8025.76303178,BTC,daily,OBM v0.1.0
2012-11-06,obm_miner_revenue_btc_daily,6775.68502625,BTC,daily,OBM v0.1.0
2012-11-07,obm_miner_revenue_btc_daily,7879.24684125,BTC,daily,OBM v0.1.0
2012-11-08,obm_miner_revenue_btc_daily,7725.23791353,BTC,daily,OBM v0.1.0
2012-11-09,obm_miner_revenue_btc_daily,7619.40131595,BTC,daily,OBM v0.1.0
2012-11-10,obm_miner_revenue_btc_daily,7221.55054518,BTC,daily,OBM v0.1.0
2012-11-11,obm_miner_revenue_btc_daily,7367.43723092,BTC,daily,OBM v0.1.0
2012-11-12,obm_miner_revenue_btc_daily,6617.84911422,BTC,daily,OBM v0.1.0
2012-11-13,obm_miner_revenue_btc_daily,7020.53399413,BTC,daily,OBM v0.1.0
2012-11-14,obm_miner_revenue_btc_daily,7173.01282516,BTC,daily,OBM v0.1.0
2012-11-15,obm_miner_revenue_btc_daily,6831.64103950,BTC,daily,OBM v0.1.0
2012-11-16,obm_miner_revenue_btc_daily,7281.93127546,BTC,daily,OBM v0.1.0
2012-11-17,obm_miner_revenue_btc_daily,7025.60502784,BTC,daily,OBM v0.1.0
2012-11-18,obm_miner_revenue_btc_daily,7327.19114800,BTC,daily,OBM v0.1.0
2012-11-19,obm_miner_revenue_btc_daily,7327.94257641,BTC,daily,OBM v0.1.0
2012-11-20,obm_miner_revenue_btc_daily,7378.12541303,BTC,daily,OBM v0.1.0
2012-11-21,obm_miner_revenue_btc_daily,7630.78838241,BTC,daily,OBM v0.1.0
2012-11-22,obm_miner_revenue_btc_daily,7221.88657548,BTC,daily,OBM v0.1.0
2012-11-23,obm_miner_revenue_btc_daily,8176.59890194,BTC,daily,OBM v0.1.0
2012-11-24,obm_miner_revenue_btc_daily,7571.75742328,BTC,daily,OBM v0.1.0
2012-11-25,obm_miner_revenue_btc_daily,7329.51412090,BTC,daily,OBM v0.1.0
2012-11-26,obm_miner_revenue_btc_daily,7876.50350354,BTC,daily,OBM v0.1.0
2012-11-27,obm_miner_revenue_btc_daily,7482.01676744,BTC,daily,OBM v0.1.0
2012-11-28,obm_miner_revenue_btc_daily,7168.59397007,BTC,daily,OBM v0.1.0
2012-11-29,obm_miner_revenue_btc_daily,4179.66232715,BTC,daily,OBM v0.1.0
2012-11-30,obm_miner_revenue_btc_daily,3147.53013094,BTC,daily,OBM v0.1.0
2012-12-01,obm_miner_revenue_btc_daily,4201.44707959,BTC,daily,OBM v0.1.0
2012-12-02,obm_miner_revenue_btc_daily,3590.21461215,BTC,daily,OBM v0.1.0
2012-12-03,obm_miner_revenue_btc_daily,3693.28832863,BTC,daily,OBM v0.1.0
2012-12-04,obm_miner_revenue_btc_daily,2828.15564675,BTC,daily,OBM v0.1.0
2012-12-05,obm_miner_revenue_btc_daily,3077.22245881,BTC,daily,OBM v0.1.0
2012-12-06,obm_miner_revenue_btc_daily,3456.14950691,BTC,daily,OBM v0.1.0
2012-12-07,obm_miner_revenue_btc_daily,3249.33069284,BTC,daily,OBM v0.1.0
2012-12-08,obm_miner_revenue_btc_daily,3475.78649742,BTC,daily,OBM v0.1.0
2012-12-09,obm_miner_revenue_btc_daily,3174.32194589,BTC,daily,OBM v0.1.0
2012-12-10,obm_miner_revenue_btc_daily,3605.78823008,BTC,daily,OBM v0.1.0
2012-12-11,obm_miner_revenue_btc_daily,3631.49489467,BTC,daily,OBM v0.1.0
2012-12-12,obm_miner_revenue_btc_daily,3278.63395313,BTC,daily,OBM v0.1.0
2012-12-13,obm_miner_revenue_btc_daily,3320.13393912,BTC,daily,OBM v0.1.0
2012-12-14,obm_miner_revenue_btc_daily,2682.10940905,BTC,daily,OBM v0.1.0
2012-12-15,obm_miner_revenue_btc_daily,2924.33947049,BTC,daily,OBM v0.1.0
2012-12-16,obm_miner_revenue_btc_daily,2802.82115671,BTC,daily,OBM v0.1.0
2012-12-17,obm_miner_revenue_btc_daily,3383.21702088,BTC,daily,OBM v0.1.0
2012-12-18,obm_miner_revenue_btc_daily,3165.01882898,BTC,daily,OBM v0.1.0
2012-12-19,obm_miner_revenue_btc_daily,3584.99712470,BTC,daily,OBM v0.1.0
2012-12-20,obm_miner_revenue_btc_daily,2681.17886509,BTC,daily,OBM v0.1.0
2012-12-21,obm_miner_revenue_btc_daily,3186.94698575,BTC,daily,OBM v0.1.0
2012-12-22,obm_miner_revenue_btc_daily,3865.90212442,BTC,daily,OBM v0.1.0
2012-12-23,obm_miner_revenue_btc_daily,3081.44897995,BTC,daily,OBM v0.1.0
2012-12-24,obm_miner_revenue_btc_daily,3328.03944895,BTC,daily,OBM v0.1.0
2012-12-25,obm_miner_revenue_btc_daily,3123.31306943,BTC,daily,OBM v0.1.0
2012-12-26,obm_miner_revenue_btc_daily,3879.24173830,BTC,daily,OBM v0.1.0
2012-12-27,obm_miner_revenue_btc_daily,3936.93617681,BTC,daily,OBM v0.1.0
2012-12-28,obm_miner_revenue_btc_daily,4262.39226701,BTC,daily,OBM v0.1.0
2012-12-29,obm_miner_revenue_btc_daily,3629.87791228,BTC,daily,OBM v0.1.0
2012-12-30,obm_miner_revenue_btc_daily,4185.03644571,BTC,daily,OBM v0.1.0
2012-12-31,obm_miner_revenue_btc_daily,3974.42008122,BTC,daily,OBM v0.1.0
2013-01-01,obm_miner_revenue_btc_daily,4075.40501812,BTC,daily,OBM v0.1.0
2013-01-02,obm_miner_revenue_btc_daily,3857.06708934,BTC,daily,OBM v0.1.0
2013-01-03,obm_miner_revenue_btc_daily,4087.66332749,BTC,daily,OBM v0.1.0
2013-01-04,obm_miner_revenue_btc_daily,3863.49961321,BTC,daily,OBM v0.1.0
2013-01-05,obm_miner_revenue_btc_daily,3556.34809436,BTC,daily,OBM v0.1.0
2013-01-06,obm_miner_revenue_btc_daily,3659.86566689,BTC,daily,OBM v0.1.0
2013-01-07,obm_miner_revenue_btc_daily,4235.94025474,BTC,daily,OBM v0.1.0
2013-01-08,obm_miner_revenue_btc_daily,3357.40627682,BTC,daily,OBM v0.1.0
2013-01-09,obm_miner_revenue_btc_daily,3282.78502402,BTC,daily,OBM v0.1.0
2013-01-10,obm_miner_revenue_btc_daily,3828.39407914,BTC,daily,OBM v0.1.0
2013-01-11,obm_miner_revenue_btc_daily,2967.53198676,BTC,daily,OBM v0.1.0
2013-01-12,obm_miner_revenue_btc_daily,3086.66480767,BTC,daily,OBM v0.1.0
2013-01-13,obm_miner_revenue_btc_daily,3364.17273209,BTC,daily,OBM v0.1.0
2013-01-14,obm_miner_revenue_btc_daily,3959.87708233,BTC,daily,OBM v0.1.0
2013-01-15,obm_miner_revenue_btc_daily,3058.57025696,BTC,daily,OBM v0.1.0
2013-01-16,obm_miner_revenue_btc_daily,3316.21985845,BTC,daily,OBM v0.1.0
2013-01-17,obm_miner_revenue_btc_daily,2812.87138715,BTC,daily,OBM v0.1.0
2013-01-18,obm_miner_revenue_btc_daily,3062.60523767,BTC,daily,OBM v0.1.0
2013-01-19,obm_miner_revenue_btc_daily,3913.54185081,BTC,daily,OBM v0.1.0
2013-01-20,obm_miner_revenue_btc_daily,3282.98767964,BTC,daily,OBM v0.1.0
2013-01-21,obm_miner_revenue_btc_daily,3329.60139549,BTC,daily,OBM v0.1.0
2013-01-22,obm_miner_revenue_btc_daily,3633.17597267,BTC,daily,OBM v0.1.0
2013-01-23,obm_miner_revenue_btc_daily,3194.40542999,BTC,daily,OBM v0.1.0
2013-01-24,obm_miner_revenue_btc_daily,3944.02182598,BTC,daily,OBM v0.1.0
2013-01-25,obm_miner_revenue_btc_daily,3466.41498230,BTC,daily,OBM v0.1.0
2013-01-26,obm_miner_revenue_btc_daily,3947.90817554,BTC,daily,OBM v0.1.0
2013-01-27,obm_miner_revenue_btc_daily,3822.71962398,BTC,daily,OBM v0.1.0
2013-01-28,obm_miner_revenue_btc_daily,3718.14462379,BTC,daily,OBM v0.1.0
2013-01-29,obm_miner_revenue_btc_daily,3999.61549217,BTC,daily,OBM v0.1.0
2013-01-30,obm_miner_revenue_btc_daily,3859.88884331,BTC,daily,OBM v0.1.0
2013-01-31,obm_miner_revenue_btc_daily,4872.79615089,BTC,daily,OBM v0.1.0
2013-02-01,obm_miner_revenue_btc_daily,3727.28502156,BTC,daily,OBM v0.1.0
2013-02-02,obm_miner_revenue_btc_daily,3898.88530888,BTC,daily,OBM v0.1.0
2013-02-03,obm_miner_revenue_btc_daily,4702.05330007,BTC,daily,OBM v0.1.0
2013-02-04,obm_miner_revenue_btc_daily,4145.21952171,BTC,daily,OBM v0.1.0
2013-02-05,obm_miner_revenue_btc_daily,4217.35767660,BTC,daily,OBM v0.1.0
2013-02-06,obm_miner_revenue_btc_daily,3682.24293065,BTC,daily,OBM v0.1.0
2013-02-07,obm_miner_revenue_btc_daily,3898.56054643,BTC,daily,OBM v0.1.0
2013-02-08,obm_miner_revenue_btc_daily,3824.26209751,BTC,daily,OBM v0.1.0
2013-02-09,obm_miner_revenue_btc_daily,3620.14276120,BTC,daily,OBM v0.1.0
2013-02-10,obm_miner_revenue_btc_daily,4070.20682246,BTC,daily,OBM v0.1.0
2013-02-11,obm_miner_revenue_btc_daily,4023.78625412,BTC,daily,OBM v0.1.0
2013-02-12,obm_miner_revenue_btc_daily,3523.47954373,BTC,daily,OBM v0.1.0
2013-02-13,obm_miner_revenue_btc_daily,4331.12258455,BTC,daily,OBM v0.1.0
2013-02-14,obm_miner_revenue_btc_daily,3818.45320621,BTC,daily,OBM v0.1.0
2013-02-15,obm_miner_revenue_btc_daily,4532.30463264,BTC,daily,OBM v0.1.0
2013-02-16,obm_miner_revenue_btc_daily,4775.77739001,BTC,daily,OBM v0.1.0
2013-02-17,obm_miner_revenue_btc_daily,4746.81260946,BTC,daily,OBM v0.1.0
2013-02-18,obm_miner_revenue_btc_daily,4070.08899670,BTC,daily,OBM v0.1.0
2013-02-19,obm_miner_revenue_btc_daily,4021.41017356,BTC,daily,OBM v0.1.0
2013-02-20,obm_miner_revenue_btc_daily,4874.92178523,BTC,daily,OBM v0.1.0
2013-02-21,obm_miner_revenue_btc_daily,4451.49040623,BTC,daily,OBM v0.1.0
2013-02-22,obm_miner_revenue_btc_daily,4303.25121434,BTC,daily,OBM v0.1.0
2013-02-23,obm_miner_revenue_btc_daily,4148.17999206,BTC,daily,OBM v0.1.0
2013-02-24,obm_miner_revenue_btc_daily,3945.02498748,BTC,daily,OBM v0.1.0
2013-02-25,obm_miner_revenue_btc_daily,5166.62694799,BTC,daily,OBM v0.1.0
2013-02-26,obm_miner_revenue_btc_daily,4206.92142259,BTC,daily,OBM v0.1.0
2013-02-27,obm_miner_revenue_btc_daily,4879.54148604,BTC,daily,OBM v0.1.0
2013-02-28,obm_miner_revenue_btc_daily,4260.71233274,BTC,daily,OBM v0.1.0
2013-03-01,obm_miner_revenue_btc_daily,3868.00827271,BTC,daily,OBM v0.1.0
2013-03-02,obm_miner_revenue_btc_daily,3676.16423992,BTC,daily,OBM v0.1.0
2013-03-03,obm_miner_revenue_btc_daily,4069.96913537,BTC,daily,OBM v0.1.0
2013-03-04,obm_miner_revenue_btc_daily,4530.23875673,BTC,daily,OBM v0.1.0
2013-03-05,obm_miner_revenue_btc_daily,3526.38976576,BTC,daily,OBM v0.1.0
2013-03-06,obm_miner_revenue_btc_daily,4032.26796982,BTC,daily,OBM v0.1.0
2013-03-07,obm_miner_revenue_btc_daily,4061.66524582,BTC,daily,OBM v0.1.0
2013-03-08,obm_miner_revenue_btc_daily,4047.62159398,BTC,daily,OBM v0.1.0
2013-03-09,obm_miner_revenue_btc_daily,4277.11584112,BTC,daily,OBM v0.1.0
2013-03-10,obm_miner_revenue_btc_daily,4636.30182365,BTC,daily,OBM v0.1.0
2013-03-11,obm_miner_revenue_btc_daily,4149.91899256,BTC,daily,OBM v0.1.0
2013-03-12,obm_miner_revenue_btc_daily,3441.64959923,BTC,daily,OBM v0.1.0
2013-03-13,obm_miner_revenue_btc_daily,3977.69642830,BTC,daily,OBM v0.1.0
2013-03-14,obm_miner_revenue_btc_daily,4527.59340170,BTC,daily,OBM v0.1.0
2013-03-15,obm_miner_revenue_btc_daily,4365.01535308,BTC,daily,OBM v0.1.0
2013-03-16,obm_miner_revenue_btc_daily,4406.43838406,BTC,daily,OBM v0.1.0
2013-03-17,obm_miner_revenue_btc_daily,5256.69724524,BTC,daily,OBM v0.1.0
2013-03-18,obm_miner_revenue_btc_daily,4787.83272726,BTC,daily,OBM v0.1.0
2013-03-19,obm_miner_revenue_btc_daily,4301.65432050,BTC,daily,OBM v0.1.0
2013-03-20,obm_miner_revenue_btc_daily,5312.09057415,BTC,daily,OBM v0.1.0
2013-03-21,obm_miner_revenue_btc_daily,5500.61033936,BTC,daily,OBM v0.1.0
2013-03-22,obm_miner_revenue_btc_daily,5792.77189737,BTC,daily,OBM v0.1.0
2013-03-23,obm_miner_revenue_btc_daily,5477.59750326,BTC,daily,OBM v0.1.0
2013-03-24,obm_miner_revenue_btc_daily,4765.62806852,BTC,daily,OBM v0.1.0
2013-03-25,obm_miner_revenue_btc_daily,3644.37006807,BTC,daily,OBM v0.1.0
2013-03-26,obm_miner_revenue_btc_daily,3820.33356205,BTC,daily,OBM v0.1.0
2013-03-27,obm_miner_revenue_btc_daily,3335.03141889,BTC,daily,OBM v0.1.0
2013-03-28,obm_miner_revenue_btc_daily,4636.16315652,BTC,daily,OBM v0.1.0
2013-03-29,obm_miner_revenue_btc_daily,4410.71937681,BTC,daily,OBM v0.1.0
2013-03-30,obm_miner_revenue_btc_daily,4389.07864300,BTC,daily,OBM v0.1.0
2013-03-31,obm_miner_revenue_btc_daily,4270.85459760,BTC,daily,OBM v0.1.0
2013-04-01,obm_miner_revenue_btc_daily,4993.14277923,BTC,daily,OBM v0.1.0
2013-04-02,obm_miner_revenue_btc_daily,4586.20019573,BTC,daily,OBM v0.1.0
2013-04-03,obm_miner_revenue_btc_daily,4445.77401024,BTC,daily,OBM v0.1.0
2013-04-04,obm_miner_revenue_btc_daily,3926.29306698,BTC,daily,OBM v0.1.0
2013-04-05,obm_miner_revenue_btc_daily,4007.23865760,BTC,daily,OBM v0.1.0
2013-04-06,obm_miner_revenue_btc_daily,4113.85304125,BTC,daily,OBM v0.1.0
2013-04-07,obm_miner_revenue_btc_daily,4153.95925354,BTC,daily,OBM v0.1.0
2013-04-08,obm_miner_revenue_btc_daily,3921.27039614,BTC,daily,OBM v0.1.0
2013-04-09,obm_miner_revenue_btc_daily,4449.27107352,BTC,daily,OBM v0.1.0
2013-04-10,obm_miner_revenue_btc_daily,4839.66733147,BTC,daily,OBM v0.1.0
2013-04-11,obm_miner_revenue_btc_daily,4063.36863780,BTC,daily,OBM v0.1.0
2013-04-12,obm_miner_revenue_btc_daily,4381.41949219,BTC,daily,OBM v0.1.0
2013-04-13,obm_miner_revenue_btc_daily,4215.27230947,BTC,daily,OBM v0.1.0
2013-04-14,obm_miner_revenue_btc_daily,3878.37811427,BTC,daily,OBM v0.1.0
2013-04-15,obm_miner_revenue_btc_daily,4174.27178560,BTC,daily,OBM v0.1.0
2013-04-16,obm_miner_revenue_btc_daily,4477.03197367,BTC,daily,OBM v0.1.0
2013-04-17,obm_miner_revenue_btc_daily,4356.48473727,BTC,daily,OBM v0.1.0
2013-04-18,obm_miner_revenue_btc_daily,3717.53670086,BTC,daily,OBM v0.1.0
2013-04-19,obm_miner_revenue_btc_daily,3480.34670877,BTC,daily,OBM v0.1.0
2013-04-20,obm_miner_revenue_btc_daily,3896.22212486,BTC,daily,OBM v0.1.0
2013-04-21,obm_miner_revenue_btc_daily,4432.91401779,BTC,daily,OBM v0.1.0
2013-04-22,obm_miner_revenue_btc_daily,3871.46535059,BTC,daily,OBM v0.1.0
2013-04-23,obm_miner_revenue_btc_daily,4261.23818202,BTC,daily,OBM v0.1.0
2013-04-24,obm_miner_revenue_btc_daily,4112.49187407,BTC,daily,OBM v0.1.0
2013-04-25,obm_miner_revenue_btc_daily,4360.57018720,BTC,daily,OBM v0.1.0
2013-04-26,obm_miner_revenue_btc_daily,4315.59900011,BTC,daily,OBM v0.1.0
2013-04-27,obm_miner_revenue_btc_daily,3714.01893051,BTC,daily,OBM v0.1.0
2013-04-28,obm_miner_revenue_btc_daily,4457.79194181,BTC,daily,OBM v0.1.0
2013-04-29,obm_miner_revenue_btc_daily,4395.72291389,BTC,daily,OBM v0.1.0
2013-04-30,obm_miner_revenue_btc_daily,3770.74865143,BTC,daily,OBM v0.1.0
2013-05-01,obm_miner_revenue_btc_daily,3815.88593753,BTC,daily,OBM v0.1.0
2013-05-02,obm_miner_revenue_btc_daily,3402.55400390,BTC,daily,OBM v0.1.0
2013-05-03,obm_miner_revenue_btc_daily,3470.45884469,BTC,daily,OBM v0.1.0
2013-05-04,obm_miner_revenue_btc_daily,4020.66787787,BTC,daily,OBM v0.1.0
2013-05-05,obm_miner_revenue_btc_daily,4161.56506628,BTC,daily,OBM v0.1.0
2013-05-06,obm_miner_revenue_btc_daily,4202.94511009,BTC,daily,OBM v0.1.0
2013-05-07,obm_miner_revenue_btc_daily,4246.71463015,BTC,daily,OBM v0.1.0
2013-05-08,obm_miner_revenue_btc_daily,4177.00264132,BTC,daily,OBM v0.1.0
2013-05-09,obm_miner_revenue_btc_daily,4165.88905401,BTC,daily,OBM v0.1.0
2013-05-10,obm_miner_revenue_btc_daily,4364.27633127,BTC,daily,OBM v0.1.0
2013-05-11,obm_miner_revenue_btc_daily,4611.69773114,BTC,daily,OBM v0.1.0
2013-05-12,obm_miner_revenue_btc_daily,4256.57452505,BTC,daily,OBM v0.1.0
2013-05-13,obm_miner_revenue_btc_daily,4408.50963163,BTC,daily,OBM v0.1.0
2013-05-14,obm_miner_revenue_btc_daily,3907.38806322,BTC,daily,OBM v0.1.0
2013-05-15,obm_miner_revenue_btc_daily,3585.48403576,BTC,daily,OBM v0.1.0
2013-05-16,obm_miner_revenue_btc_daily,3777.36863781,BTC,daily,OBM v0.1.0
2013-05-17,obm_miner_revenue_btc_daily,4080.40377799,BTC,daily,OBM v0.1.0
2013-05-18,obm_miner_revenue_btc_daily,3764.56532087,BTC,daily,OBM v0.1.0
2013-05-19,obm_miner_revenue_btc_daily,3947.14334424,BTC,daily,OBM v0.1.0
2013-05-20,obm_miner_revenue_btc_daily,3268.45547937,BTC,daily,OBM v0.1.0
2013-05-21,obm_miner_revenue_btc_daily,3821.50942757,BTC,daily,OBM v0.1.0
2013-05-22,obm_miner_revenue_btc_daily,3949.88873569,BTC,daily,OBM v0.1.0
2013-05-23,obm_miner_revenue_btc_daily,4406.46156491,BTC,daily,OBM v0.1.0
2013-05-24,obm_miner_revenue_btc_daily,4273.33183927,BTC,daily,OBM v0.1.0
2013-05-25,obm_miner_revenue_btc_daily,4172.27625949,BTC,daily,OBM v0.1.0
2013-05-26,obm_miner_revenue_btc_daily,4106.52893970,BTC,daily,OBM v0.1.0
2013-05-27,obm_miner_revenue_btc_daily,4448.88847213,BTC,daily,OBM v0.1.0
2013-05-28,obm_miner_revenue_btc_daily,4004.78926938,BTC,daily,OBM v0.1.0
2013-05-29,obm_miner_revenue_btc_daily,4252.15347597,BTC,daily,OBM v0.1.0
2013-05-30,obm_miner_revenue_btc_daily,4522.48125079,BTC,daily,OBM v0.1.0
2013-05-31,obm_miner_revenue_btc_daily,4420.06128758,BTC,daily,OBM v0.1.0
2013-06-01,obm_miner_revenue_btc_daily,5366.25064975,BTC,daily,OBM v0.1.0
2013-06-02,obm_miner_revenue_btc_daily,5023.82755776,BTC,daily,OBM v0.1.0
2013-06-03,obm_miner_revenue_btc_daily,5383.88445252,BTC,daily,OBM v0.1.0
2013-06-04,obm_miner_revenue_btc_daily,5379.21273887,BTC,daily,OBM v0.1.0
2013-06-05,obm_miner_revenue_btc_daily,4660.12802918,BTC,daily,OBM v0.1.0
2013-06-06,obm_miner_revenue_btc_daily,4566.26218009,BTC,daily,OBM v0.1.0
2013-06-07,obm_miner_revenue_btc_daily,4064.16184703,BTC,daily,OBM v0.1.0
2013-06-08,obm_miner_revenue_btc_daily,4571.07546975,BTC,daily,OBM v0.1.0
2013-06-09,obm_miner_revenue_btc_daily,4011.04930663,BTC,daily,OBM v0.1.0
2013-06-10,obm_miner_revenue_btc_daily,4384.47766724,BTC,daily,OBM v0.1.0
2013-06-11,obm_miner_revenue_btc_daily,4547.66766862,BTC,daily,OBM v0.1.0
2013-06-12,obm_miner_revenue_btc_daily,5117.54762436,BTC,daily,OBM v0.1.0
2013-06-13,obm_miner_revenue_btc_daily,4690.87879140,BTC,daily,OBM v0.1.0
2013-06-14,obm_miner_revenue_btc_daily,4536.32062691,BTC,daily,OBM v0.1.0
2013-06-15,obm_miner_revenue_btc_daily,4358.01626946,BTC,daily,OBM v0.1.0
2013-06-16,obm_miner_revenue_btc_daily,4656.28648429,BTC,daily,OBM v0.1.0
2013-06-17,obm_miner_revenue_btc_daily,3661.85317147,BTC,daily,OBM v0.1.0
2013-06-18,obm_miner_revenue_btc_daily,3537.77149405,BTC,daily,OBM v0.1.0
2013-06-19,obm_miner_revenue_btc_daily,3437.40857420,BTC,daily,OBM v0.1.0
2013-06-20,obm_miner_revenue_btc_daily,3919.89069826,BTC,daily,OBM v0.1.0
2013-06-21,obm_miner_revenue_btc_daily,4242.99107458,BTC,daily,OBM v0.1.0
2013-06-22,obm_miner_revenue_btc_daily,4455.58427754,BTC,daily,OBM v0.1.0
2013-06-23,obm_miner_revenue_btc_daily,4157.89707161,BTC,daily,OBM v0.1.0
2013-06-24,obm_miner_revenue_btc_daily,3789.19235757,BTC,daily,OBM v0.1.0
2013-06-25,obm_miner_revenue_btc_daily,3958.79573922,BTC,daily,OBM v0.1.0
2013-06-26,obm_miner_revenue_btc_daily,4390.29547374,BTC,daily,OBM v0.1.0
2013-06-27,obm_miner_revenue_btc_daily,4205.74477184,BTC,daily,OBM v0.1.0
2013-06-28,obm_miner_revenue_btc_daily,4273.09132266,BTC,daily,OBM v0.1.0
2013-06-29,obm_miner_revenue_btc_daily,4249.38738042,BTC,daily,OBM v0.1.0
2013-06-30,obm_miner_revenue_btc_daily,3854.09684130,BTC,daily,OBM v0.1.0
2013-07-01,obm_miner_revenue_btc_daily,3949.12834059,BTC,daily,OBM v0.1.0
2013-07-02,obm_miner_revenue_btc_daily,3860.58288433,BTC,daily,OBM v0.1.0
2013-07-03,obm_miner_revenue_btc_daily,4628.17488168,BTC,daily,OBM v0.1.0
2013-07-04,obm_miner_revenue_btc_daily,4148.33133526,BTC,daily,OBM v0.1.0
2013-07-05,obm_miner_revenue_btc_daily,4682.46852246,BTC,daily,OBM v0.1.0
2013-07-06,obm_miner_revenue_btc_daily,4704.81300277,BTC,daily,OBM v0.1.0
2013-07-07,obm_miner_revenue_btc_daily,4668.42094257,BTC,daily,OBM v0.1.0
2013-07-08,obm_miner_revenue_btc_daily,4832.80380724,BTC,daily,OBM v0.1.0
2013-07-09,obm_miner_revenue_btc_daily,4659.75026174,BTC,daily,OBM v0.1.0
2013-07-10,obm_miner_revenue_btc_daily,4901.39959721,BTC,daily,OBM v0.1.0
2013-07-11,obm_miner_revenue_btc_daily,4385.32010629,BTC,daily,OBM v0.1.0
2013-07-12,obm_miner_revenue_btc_daily,3880.77909548,BTC,daily,OBM v0.1.0
2013-07-13,obm_miner_revenue_btc_daily,3958.60786141,BTC,daily,OBM v0.1.0
2013-07-14,obm_miner_revenue_btc_daily,4322.93218923,BTC,daily,OBM v0.1.0
2013-07-15,obm_miner_revenue_btc_daily,4122.33268606,BTC,daily,OBM v0.1.0
2013-07-16,obm_miner_revenue_btc_daily,4135.87711540,BTC,daily,OBM v0.1.0
2013-07-17,obm_miner_revenue_btc_daily,4633.68340783,BTC,daily,OBM v0.1.0
2013-07-18,obm_miner_revenue_btc_daily,4062.38979778,BTC,daily,OBM v0.1.0
2013-07-19,obm_miner_revenue_btc_daily,4296.11963162,BTC,daily,OBM v0.1.0
2013-07-20,obm_miner_revenue_btc_daily,4672.97726435,BTC,daily,OBM v0.1.0
2013-07-21,obm_miner_revenue_btc_daily,4999.55597227,BTC,daily,OBM v0.1.0
2013-07-22,obm_miner_revenue_btc_daily,4157.76948050,BTC,daily,OBM v0.1.0
2013-07-23,obm_miner_revenue_btc_daily,3546.44867879,BTC,daily,OBM v0.1.0
2013-07-24,obm_miner_revenue_btc_daily,4010.62006140,BTC,daily,OBM v0.1.0
2013-07-25,obm_miner_revenue_btc_daily,3683.78420434,BTC,daily,OBM v0.1.0
2013-07-26,obm_miner_revenue_btc_daily,4120.32379372,BTC,daily,OBM v0.1.0
2013-07-27,obm_miner_revenue_btc_daily,4557.14157306,BTC,daily,OBM v0.1.0
2013-07-28,obm_miner_revenue_btc_daily,4223.82217431,BTC,daily,OBM v0.1.0
2013-07-29,obm_miner_revenue_btc_daily,4480.41102588,BTC,daily,OBM v0.1.0
2013-07-30,obm_miner_revenue_btc_daily,4962.66596925,BTC,daily,OBM v0.1.0
2013-07-31,obm_miner_revenue_btc_daily,4799.24699101,BTC,daily,OBM v0.1.0
2013-08-01,obm_miner_revenue_btc_daily,4463.34057257,BTC,daily,OBM v0.1.0
2013-08-02,obm_miner_revenue_btc_daily,4829.13020760,BTC,daily,OBM v0.1.0
2013-08-03,obm_miner_revenue_btc_daily,4276.43529564,BTC,daily,OBM v0.1.0
2013-08-04,obm_miner_revenue_btc_daily,4506.50890033,BTC,daily,OBM v0.1.0
2013-08-05,obm_miner_revenue_btc_daily,4752.84873298,BTC,daily,OBM v0.1.0
2013-08-06,obm_miner_revenue_btc_daily,4791.68065710,BTC,daily,OBM v0.1.0
2013-08-07,obm_miner_revenue_btc_daily,4681.55560425,BTC,daily,OBM v0.1.0
2013-08-08,obm_miner_revenue_btc_daily,5174.11009386,BTC,daily,OBM v0.1.0
2013-08-09,obm_miner_revenue_btc_daily,4918.88784490,BTC,daily,OBM v0.1.0
2013-08-10,obm_miner_revenue_btc_daily,5279.64591768,BTC,daily,OBM v0.1.0
2013-08-11,obm_miner_revenue_btc_daily,5432.84307247,BTC,daily,OBM v0.1.0
2013-08-12,obm_miner_revenue_btc_daily,5425.37058276,BTC,daily,OBM v0.1.0
2013-08-13,obm_miner_revenue_btc_daily,4604.74852431,BTC,daily,OBM v0.1.0
2013-08-14,obm_miner_revenue_btc_daily,4244.20760856,BTC,daily,OBM v0.1.0
2013-08-15,obm_miner_revenue_btc_daily,4313.29990312,BTC,daily,OBM v0.1.0
2013-08-16,obm_miner_revenue_btc_daily,4246.94701273,BTC,daily,OBM v0.1.0
2013-08-17,obm_miner_revenue_btc_daily,4778.92158036,BTC,daily,OBM v0.1.0
2013-08-18,obm_miner_revenue_btc_daily,4895.94836173,BTC,daily,OBM v0.1.0
2013-08-19,obm_miner_revenue_btc_daily,4473.64870760,BTC,daily,OBM v0.1.0
2013-08-20,obm_miner_revenue_btc_daily,4784.17570561,BTC,daily,OBM v0.1.0
2013-08-21,obm_miner_revenue_btc_daily,4932.14886264,BTC,daily,OBM v0.1.0
2013-08-22,obm_miner_revenue_btc_daily,5438.77155120,BTC,daily,OBM v0.1.0
2013-08-23,obm_miner_revenue_btc_daily,4933.86687545,BTC,daily,OBM v0.1.0
2013-08-24,obm_miner_revenue_btc_daily,4602.73017547,BTC,daily,OBM v0.1.0
2013-08-25,obm_miner_revenue_btc_daily,3805.27034915,BTC,daily,OBM v0.1.0
2013-08-26,obm_miner_revenue_btc_daily,4190.80643368,BTC,daily,OBM v0.1.0
2013-08-27,obm_miner_revenue_btc_daily,4264.84639775,BTC,daily,OBM v0.1.0
2013-08-28,obm_miner_revenue_btc_daily,4710.83498262,BTC,daily,OBM v0.1.0
2013-08-29,obm_miner_revenue_btc_daily,4752.03969735,BTC,daily,OBM v0.1.0
2013-08-30,obm_miner_revenue_btc_daily,5168.91193998,BTC,daily,OBM v0.1.0
2013-08-31,obm_miner_revenue_btc_daily,5606.22585731,BTC,daily,OBM v0.1.0
2013-09-01,obm_miner_revenue_btc_daily,5549.95132746,BTC,daily,OBM v0.1.0
2013-09-02,obm_miner_revenue_btc_daily,5422.40491922,BTC,daily,OBM v0.1.0
2013-09-03,obm_miner_revenue_btc_daily,4881.23219885,BTC,daily,OBM v0.1.0
2013-09-04,obm_miner_revenue_btc_daily,4102.06159070,BTC,daily,OBM v0.1.0
2013-09-05,obm_miner_revenue_btc_daily,4507.62242832,BTC,daily,OBM v0.1.0
2013-09-06,obm_miner_revenue_btc_daily,4658.49086393,BTC,daily,OBM v0.1.0
2013-09-07,obm_miner_revenue_btc_daily,3649.49911746,BTC,daily,OBM v0.1.0
2013-09-08,obm_miner_revenue_btc_daily,3951.14222954,BTC,daily,OBM v0.1.0
2013-09-09,obm_miner_revenue_btc_daily,5105.53100606,BTC,daily,OBM v0.1.0
2013-09-10,obm_miner_revenue_btc_daily,4800.52371160,BTC,daily,OBM v0.1.0
2013-09-11,obm_miner_revenue_btc_daily,5022.55500301,BTC,daily,OBM v0.1.0
2013-09-12,obm_miner_revenue_btc_daily,5355.34461292,BTC,daily,OBM v0.1.0
2013-09-13,obm_miner_revenue_btc_daily,5120.96323621,BTC,daily,OBM v0.1.0
2013-09-14,obm_miner_revenue_btc_daily,5470.23750549,BTC,daily,OBM v0.1.0
2013-09-15,obm_miner_revenue_btc_daily,4552.64617927,BTC,daily,OBM v0.1.0
2013-09-16,obm_miner_revenue_btc_daily,3891.20048691,BTC,daily,OBM v0.1.0
2013-09-17,obm_miner_revenue_btc_daily,4777.75425378,BTC,daily,OBM v0.1.0
2013-09-18,obm_miner_revenue_btc_daily,4232.50935731,BTC,daily,OBM v0.1.0
2013-09-19,obm_miner_revenue_btc_daily,4841.74587436,BTC,daily,OBM v0.1.0
2013-09-20,obm_miner_revenue_btc_daily,5027.00884796,BTC,daily,OBM v0.1.0
2013-09-21,obm_miner_revenue_btc_daily,4751.75531601,BTC,daily,OBM v0.1.0
2013-09-22,obm_miner_revenue_btc_daily,5101.29032181,BTC,daily,OBM v0.1.0
2013-09-23,obm_miner_revenue_btc_daily,5289.47388851,BTC,daily,OBM v0.1.0
2013-09-24,obm_miner_revenue_btc_daily,5330.66022492,BTC,daily,OBM v0.1.0
2013-09-25,obm_miner_revenue_btc_daily,5181.06396518,BTC,daily,OBM v0.1.0
2013-09-26,obm_miner_revenue_btc_daily,4077.23002047,BTC,daily,OBM v0.1.0
2013-09-27,obm_miner_revenue_btc_daily,4532.61986498,BTC,daily,OBM v0.1.0
2013-09-28,obm_miner_revenue_btc_daily,4451.08609449,BTC,daily,OBM v0.1.0
2013-09-29,obm_miner_revenue_btc_daily,4275.84549691,BTC,daily,OBM v0.1.0
2013-09-30,obm_miner_revenue_btc_daily,4100.75183782,BTC,daily,OBM v0.1.0
2013-10-01,obm_miner_revenue_btc_daily,4714.13974553,BTC,daily,OBM v0.1.0
2013-10-02,obm_miner_revenue_btc_daily,4814.92303312,BTC,daily,OBM v0.1.0
2013-10-03,obm_miner_revenue_btc_daily,5011.60294587,BTC,daily,OBM v0.1.0
2013-10-04,obm_miner_revenue_btc_daily,4524.77279491,BTC,daily,OBM v0.1.0
2013-10-05,obm_miner_revenue_btc_daily,5501.06242489,BTC,daily,OBM v0.1.0
2013-10-06,obm_miner_revenue_btc_daily,4646.15735044,BTC,daily,OBM v0.1.0
2013-10-07,obm_miner_revenue_btc_daily,3932.57715142,BTC,daily,OBM v0.1.0
2013-10-08,obm_miner_revenue_btc_daily,4042.13190379,BTC,daily,OBM v0.1.0
2013-10-09,obm_miner_revenue_btc_daily,4505.37507628,BTC,daily,OBM v0.1.0
2013-10-10,obm_miner_revenue_btc_daily,4831.05788363,BTC,daily,OBM v0.1.0
2013-10-11,obm_miner_revenue_btc_daily,4647.76995908,BTC,daily,OBM v0.1.0
2013-10-12,obm_miner_revenue_btc_daily,5382.14776583,BTC,daily,OBM v0.1.0
2013-10-13,obm_miner_revenue_btc_daily,5555.80432869,BTC,daily,OBM v0.1.0
2013-10-14,obm_miner_revenue_btc_daily,6283.03670276,BTC,daily,OBM v0.1.0
2013-10-15,obm_miner_revenue_btc_daily,6538.64309771,BTC,daily,OBM v0.1.0
2013-10-16,obm_miner_revenue_btc_daily,5297.19904597,BTC,daily,OBM v0.1.0
2013-10-17,obm_miner_revenue_btc_daily,4211.51952508,BTC,daily,OBM v0.1.0
2013-10-18,obm_miner_revenue_btc_daily,4838.35801158,BTC,daily,OBM v0.1.0
2013-10-19,obm_miner_revenue_btc_daily,5611.26226694,BTC,daily,OBM v0.1.0
2013-10-20,obm_miner_revenue_btc_daily,5003.48710739,BTC,daily,OBM v0.1.0
2013-10-21,obm_miner_revenue_btc_daily,5312.66450678,BTC,daily,OBM v0.1.0
2013-10-22,obm_miner_revenue_btc_daily,6166.68008116,BTC,daily,OBM v0.1.0
2013-10-23,obm_miner_revenue_btc_daily,5570.77781754,BTC,daily,OBM v0.1.0
2013-10-24,obm_miner_revenue_btc_daily,5425.76496010,BTC,daily,OBM v0.1.0
2013-10-25,obm_miner_revenue_btc_daily,5926.07518210,BTC,daily,OBM v0.1.0
2013-10-26,obm_miner_revenue_btc_daily,4585.34328044,BTC,daily,OBM v0.1.0
2013-10-27,obm_miner_revenue_btc_daily,4532.75029853,BTC,daily,OBM v0.1.0
2013-10-28,obm_miner_revenue_btc_daily,4406.18348979,BTC,daily,OBM v0.1.0
2013-10-29,obm_miner_revenue_btc_daily,4034.45509300,BTC,daily,OBM v0.1.0
2013-10-30,obm_miner_revenue_btc_daily,4904.72252695,BTC,daily,OBM v0.1.0
2013-10-31,obm_miner_revenue_btc_daily,5304.97871915,BTC,daily,OBM v0.1.0
2013-11-01,obm_miner_revenue_btc_daily,5235.00360841,BTC,daily,OBM v0.1.0
2013-11-02,obm_miner_revenue_btc_daily,5073.53096079,BTC,daily,OBM v0.1.0
2013-11-03,obm_miner_revenue_btc_daily,4840.87943337,BTC,daily,OBM v0.1.0
2013-11-04,obm_miner_revenue_btc_daily,4926.82985587,BTC,daily,OBM v0.1.0
2013-11-05,obm_miner_revenue_btc_daily,4397.27916843,BTC,daily,OBM v0.1.0
2013-11-06,obm_miner_revenue_btc_daily,4220.62558243,BTC,daily,OBM v0.1.0
2013-11-07,obm_miner_revenue_btc_daily,3728.50248332,BTC,daily,OBM v0.1.0
2013-11-08,obm_miner_revenue_btc_daily,3456.82017227,BTC,daily,OBM v0.1.0
2013-11-09,obm_miner_revenue_btc_daily,3756.05344924,BTC,daily,OBM v0.1.0
2013-11-10,obm_miner_revenue_btc_daily,4320.83360662,BTC,daily,OBM v0.1.0
2013-11-11,obm_miner_revenue_btc_daily,4737.22351764,BTC,daily,OBM v0.1.0
2013-11-12,obm_miner_revenue_btc_daily,5047.51123231,BTC,daily,OBM v0.1.0
2013-11-13,obm_miner_revenue_btc_daily,4223.04229153,BTC,daily,OBM v0.1.0
2013-11-14,obm_miner_revenue_btc_daily,4598.13862517,BTC,daily,OBM v0.1.0
2013-11-15,obm_miner_revenue_btc_daily,4167.31629565,BTC,daily,OBM v0.1.0
2013-11-16,obm_miner_revenue_btc_daily,4864.26598980,BTC,daily,OBM v0.1.0
2013-11-17,obm_miner_revenue_btc_daily,4667.08725612,BTC,daily,OBM v0.1.0
2013-11-18,obm_miner_revenue_btc_daily,3927.23178132,BTC,daily,OBM v0.1.0
2013-11-19,obm_miner_revenue_btc_daily,4056.59785609,BTC,daily,OBM v0.1.0
2013-11-20,obm_miner_revenue_btc_daily,4125.27945207,BTC,daily,OBM v0.1.0
2013-11-21,obm_miner_revenue_btc_daily,3776.55807643,BTC,daily,OBM v0.1.0
2013-11-22,obm_miner_revenue_btc_daily,4323.29739671,BTC,daily,OBM v0.1.0
2013-11-23,obm_miner_revenue_btc_daily,4271.01611529,BTC,daily,OBM v0.1.0
2013-11-24,obm_miner_revenue_btc_daily,4217.53595197,BTC,daily,OBM v0.1.0
2013-11-25,obm_miner_revenue_btc_daily,4344.60120774,BTC,daily,OBM v0.1.0
2013-11-26,obm_miner_revenue_btc_daily,4000.23691730,BTC,daily,OBM v0.1.0
2013-11-27,obm_miner_revenue_btc_daily,4355.41271141,BTC,daily,OBM v0.1.0
2013-11-28,obm_miner_revenue_btc_daily,4555.73997164,BTC,daily,OBM v0.1.0
2013-11-29,obm_miner_revenue_btc_daily,4351.09068458,BTC,daily,OBM v0.1.0
2013-11-30,obm_miner_revenue_btc_daily,4420.18102674,BTC,daily,OBM v0.1.0
2013-12-01,obm_miner_revenue_btc_daily,4893.88083922,BTC,daily,OBM v0.1.0
2013-12-02,obm_miner_revenue_btc_daily,3996.13751064,BTC,daily,OBM v0.1.0
2013-12-03,obm_miner_revenue_btc_daily,5020.40592636,BTC,daily,OBM v0.1.0
2013-12-04,obm_miner_revenue_btc_daily,4295.83224443,BTC,daily,OBM v0.1.0
2013-12-05,obm_miner_revenue_btc_daily,4272.54506788,BTC,daily,OBM v0.1.0
2013-12-06,obm_miner_revenue_btc_daily,5219.20163235,BTC,daily,OBM v0.1.0
2013-12-07,obm_miner_revenue_btc_daily,4912.49123851,BTC,daily,OBM v0.1.0
2013-12-08,obm_miner_revenue_btc_daily,4886.38643048,BTC,daily,OBM v0.1.0
2013-12-09,obm_miner_revenue_btc_daily,4417.04236096,BTC,daily,OBM v0.1.0
2013-12-10,obm_miner_revenue_btc_daily,4817.50092456,BTC,daily,OBM v0.1.0
2013-12-11,obm_miner_revenue_btc_daily,4142.44596076,BTC,daily,OBM v0.1.0
2013-12-12,obm_miner_revenue_btc_daily,4089.34126064,BTC,daily,OBM v0.1.0
2013-12-13,obm_miner_revenue_btc_daily,4365.13416963,BTC,daily,OBM v0.1.0
2013-12-14,obm_miner_revenue_btc_daily,4962.40103420,BTC,daily,OBM v0.1.0
2013-12-15,obm_miner_revenue_btc_daily,4436.51956075,BTC,daily,OBM v0.1.0
2013-12-16,obm_miner_revenue_btc_daily,5040.70545173,BTC,daily,OBM v0.1.0
2013-12-17,obm_miner_revenue_btc_daily,5090.20684554,BTC,daily,OBM v0.1.0
2013-12-18,obm_miner_revenue_btc_daily,4993.64447134,BTC,daily,OBM v0.1.0
2013-12-19,obm_miner_revenue_btc_daily,5666.48965383,BTC,daily,OBM v0.1.0
2013-12-20,obm_miner_revenue_btc_daily,4466.24432139,BTC,daily,OBM v0.1.0
2013-12-21,obm_miner_revenue_btc_daily,4037.43490207,BTC,daily,OBM v0.1.0
2013-12-22,obm_miner_revenue_btc_daily,4236.46529505,BTC,daily,OBM v0.1.0
2013-12-23,obm_miner_revenue_btc_daily,4287.11174057,BTC,daily,OBM v0.1.0
2013-12-24,obm_miner_revenue_btc_daily,4237.06624608,BTC,daily,OBM v0.1.0
2013-12-25,obm_miner_revenue_btc_daily,4062.31784641,BTC,daily,OBM v0.1.0
2013-12-26,obm_miner_revenue_btc_daily,4513.36262326,BTC,daily,OBM v0.1.0
2013-12-27,obm_miner_revenue_btc_daily,4612.27928333,BTC,daily,OBM v0.1.0
2013-12-28,obm_miner_revenue_btc_daily,3761.65867105,BTC,daily,OBM v0.1.0
2013-12-29,obm_miner_revenue_btc_daily,4214.55153464,BTC,daily,OBM v0.1.0
2013-12-30,obm_miner_revenue_btc_daily,4336.74180891,BTC,daily,OBM v0.1.0
2013-12-31,obm_miner_revenue_btc_daily,4610.98600975,BTC,daily,OBM v0.1.0
2014-01-01,obm_miner_revenue_btc_daily,5134.36534252,BTC,daily,OBM v0.1.0
2014-01-02,obm_miner_revenue_btc_daily,3363.81188660,BTC,daily,OBM v0.1.0
2014-01-03,obm_miner_revenue_btc_daily,4038.81938881,BTC,daily,OBM v0.1.0
2014-01-04,obm_miner_revenue_btc_daily,3537.28749852,BTC,daily,OBM v0.1.0
2014-01-05,obm_miner_revenue_btc_daily,4838.93812559,BTC,daily,OBM v0.1.0
2014-01-06,obm_miner_revenue_btc_daily,4679.50823266,BTC,daily,OBM v0.1.0
2014-01-07,obm_miner_revenue_btc_daily,4440.53038267,BTC,daily,OBM v0.1.0
2014-01-08,obm_miner_revenue_btc_daily,4839.12498292,BTC,daily,OBM v0.1.0
2014-01-09,obm_miner_revenue_btc_daily,5187.80728921,BTC,daily,OBM v0.1.0
2014-01-10,obm_miner_revenue_btc_daily,4687.53797561,BTC,daily,OBM v0.1.0
2014-01-11,obm_miner_revenue_btc_daily,5262.25450903,BTC,daily,OBM v0.1.0
2014-01-12,obm_miner_revenue_btc_daily,5186.79779395,BTC,daily,OBM v0.1.0
2014-01-13,obm_miner_revenue_btc_daily,4236.99050639,BTC,daily,OBM v0.1.0
2014-01-14,obm_miner_revenue_btc_daily,4066.08978681,BTC,daily,OBM v0.1.0
2014-01-15,obm_miner_revenue_btc_daily,4616.85023545,BTC,daily,OBM v0.1.0
2014-01-16,obm_miner_revenue_btc_daily,4638.24725593,BTC,daily,OBM v0.1.0
2014-01-17,obm_miner_revenue_btc_daily,3814.67029517,BTC,daily,OBM v0.1.0
2014-01-18,obm_miner_revenue_btc_daily,4362.72316648,BTC,daily,OBM v0.1.0
2014-01-19,obm_miner_revenue_btc_daily,4236.42147877,BTC,daily,OBM v0.1.0
2014-01-20,obm_miner_revenue_btc_daily,4890.27797507,BTC,daily,OBM v0.1.0
2014-01-21,obm_miner_revenue_btc_daily,4165.59907460,BTC,daily,OBM v0.1.0
2014-01-22,obm_miner_revenue_btc_daily,4814.78206656,BTC,daily,OBM v0.1.0
2014-01-23,obm_miner_revenue_btc_daily,4441.79639116,BTC,daily,OBM v0.1.0
2014-01-24,obm_miner_revenue_btc_daily,4740.28913391,BTC,daily,OBM v0.1.0
2014-01-25,obm_miner_revenue_btc_daily,4136.85303748,BTC,daily,OBM v0.1.0
2014-01-26,obm_miner_revenue_btc_daily,3811.74920813,BTC,daily,OBM v0.1.0
2014-01-27,obm_miner_revenue_btc_daily,4363.45771067,BTC,daily,OBM v0.1.0
2014-01-28,obm_miner_revenue_btc_daily,3864.15795644,BTC,daily,OBM v0.1.0
2014-01-29,obm_miner_revenue_btc_daily,3813.31325321,BTC,daily,OBM v0.1.0
2014-01-30,obm_miner_revenue_btc_daily,4413.29500605,BTC,daily,OBM v0.1.0
2014-01-31,obm_miner_revenue_btc_daily,4614.37916749,BTC,daily,OBM v0.1.0
2014-02-01,obm_miner_revenue_btc_daily,4736.42304608,BTC,daily,OBM v0.1.0
2014-02-02,obm_miner_revenue_btc_daily,4660.80299217,BTC,daily,OBM v0.1.0
2014-02-03,obm_miner_revenue_btc_daily,4537.14407582,BTC,daily,OBM v0.1.0
2014-02-04,obm_miner_revenue_btc_daily,4314.22240734,BTC,daily,OBM v0.1.0
2014-02-05,obm_miner_revenue_btc_daily,4213.81992653,BTC,daily,OBM v0.1.0
2014-02-06,obm_miner_revenue_btc_daily,4565.01442794,BTC,daily,OBM v0.1.0
2014-02-07,obm_miner_revenue_btc_daily,3890.30919578,BTC,daily,OBM v0.1.0
2014-02-08,obm_miner_revenue_btc_daily,4562.26699028,BTC,daily,OBM v0.1.0
2014-02-09,obm_miner_revenue_btc_daily,3460.63153353,BTC,daily,OBM v0.1.0
2014-02-10,obm_miner_revenue_btc_daily,3913.13957152,BTC,daily,OBM v0.1.0
2014-02-11,obm_miner_revenue_btc_daily,4113.09678624,BTC,daily,OBM v0.1.0
2014-02-12,obm_miner_revenue_btc_daily,4466.03686540,BTC,daily,OBM v0.1.0
2014-02-13,obm_miner_revenue_btc_daily,4464.05001731,BTC,daily,OBM v0.1.0
2014-02-14,obm_miner_revenue_btc_daily,4792.09758792,BTC,daily,OBM v0.1.0
2014-02-15,obm_miner_revenue_btc_daily,4687.55607333,BTC,daily,OBM v0.1.0
2014-02-16,obm_miner_revenue_btc_daily,4886.32317875,BTC,daily,OBM v0.1.0
2014-02-17,obm_miner_revenue_btc_daily,3898.56170280,BTC,daily,OBM v0.1.0
2014-02-18,obm_miner_revenue_btc_daily,4088.34942050,BTC,daily,OBM v0.1.0
2014-02-19,obm_miner_revenue_btc_daily,5014.45880350,BTC,daily,OBM v0.1.0
2014-02-20,obm_miner_revenue_btc_daily,4439.81614558,BTC,daily,OBM v0.1.0
2014-02-21,obm_miner_revenue_btc_daily,3813.88804876,BTC,daily,OBM v0.1.0
2014-02-22,obm_miner_revenue_btc_daily,4512.31655659,BTC,daily,OBM v0.1.0
2014-02-23,obm_miner_revenue_btc_daily,4212.04602794,BTC,daily,OBM v0.1.0
2014-02-24,obm_miner_revenue_btc_daily,4790.21980169,BTC,daily,OBM v0.1.0
2014-02-25,obm_miner_revenue_btc_daily,4042.70847152,BTC,daily,OBM v0.1.0
2014-02-26,obm_miner_revenue_btc_daily,4614.86319291,BTC,daily,OBM v0.1.0
2014-02-27,obm_miner_revenue_btc_daily,4714.41419632,BTC,daily,OBM v0.1.0
2014-02-28,obm_miner_revenue_btc_daily,4541.40787615,BTC,daily,OBM v0.1.0
2014-03-01,obm_miner_revenue_btc_daily,3612.59578282,BTC,daily,OBM v0.1.0
2014-03-02,obm_miner_revenue_btc_daily,3510.82910593,BTC,daily,OBM v0.1.0
2014-03-03,obm_miner_revenue_btc_daily,3717.23526890,BTC,daily,OBM v0.1.0
2014-03-04,obm_miner_revenue_btc_daily,3742.38424603,BTC,daily,OBM v0.1.0
2014-03-05,obm_miner_revenue_btc_daily,3914.32140013,BTC,daily,OBM v0.1.0
2014-03-06,obm_miner_revenue_btc_daily,4339.65574101,BTC,daily,OBM v0.1.0
2014-03-07,obm_miner_revenue_btc_daily,4163.86113137,BTC,daily,OBM v0.1.0
2014-03-08,obm_miner_revenue_btc_daily,4211.62425694,BTC,daily,OBM v0.1.0
2014-03-09,obm_miner_revenue_btc_daily,4487.28010559,BTC,daily,OBM v0.1.0
2014-03-10,obm_miner_revenue_btc_daily,3741.26715826,BTC,daily,OBM v0.1.0
2014-03-11,obm_miner_revenue_btc_daily,4215.29331241,BTC,daily,OBM v0.1.0
2014-03-12,obm_miner_revenue_btc_daily,4566.51719963,BTC,daily,OBM v0.1.0
2014-03-13,obm_miner_revenue_btc_daily,4064.65089124,BTC,daily,OBM v0.1.0
2014-03-14,obm_miner_revenue_btc_daily,3338.65532312,BTC,daily,OBM v0.1.0
2014-03-15,obm_miner_revenue_btc_daily,4135.91359883,BTC,daily,OBM v0.1.0
2014-03-16,obm_miner_revenue_btc_daily,4287.38310041,BTC,daily,OBM v0.1.0
2014-03-17,obm_miner_revenue_btc_daily,4038.08166330,BTC,daily,OBM v0.1.0
2014-03-18,obm_miner_revenue_btc_daily,3659.74137670,BTC,daily,OBM v0.1.0
2014-03-19,obm_miner_revenue_btc_daily,4013.48145116,BTC,daily,OBM v0.1.0
2014-03-20,obm_miner_revenue_btc_daily,4438.73412060,BTC,daily,OBM v0.1.0
2014-03-21,obm_miner_revenue_btc_daily,4664.67722865,BTC,daily,OBM v0.1.0
2014-03-22,obm_miner_revenue_btc_daily,4267.57915737,BTC,daily,OBM v0.1.0
2014-03-23,obm_miner_revenue_btc_daily,5361.13423626,BTC,daily,OBM v0.1.0
2014-03-24,obm_miner_revenue_btc_daily,4712.99764579,BTC,daily,OBM v0.1.0
2014-03-25,obm_miner_revenue_btc_daily,3939.55404643,BTC,daily,OBM v0.1.0
2014-03-26,obm_miner_revenue_btc_daily,3990.14818021,BTC,daily,OBM v0.1.0
2014-03-27,obm_miner_revenue_btc_daily,4338.76146264,BTC,daily,OBM v0.1.0
2014-03-28,obm_miner_revenue_btc_daily,4362.32486726,BTC,daily,OBM v0.1.0
2014-03-29,obm_miner_revenue_btc_daily,4384.79142385,BTC,daily,OBM v0.1.0
2014-03-30,obm_miner_revenue_btc_daily,3510.88456963,BTC,daily,OBM v0.1.0
2014-03-31,obm_miner_revenue_btc_daily,4512.63855609,BTC,daily,OBM v0.1.0
2014-04-01,obm_miner_revenue_btc_daily,4287.31562078,BTC,daily,OBM v0.1.0
2014-04-02,obm_miner_revenue_btc_daily,4938.24419169,BTC,daily,OBM v0.1.0
2014-04-03,obm_miner_revenue_btc_daily,5113.44998103,BTC,daily,OBM v0.1.0
2014-04-04,obm_miner_revenue_btc_daily,4888.52233973,BTC,daily,OBM v0.1.0
2014-04-05,obm_miner_revenue_btc_daily,4286.16666447,BTC,daily,OBM v0.1.0
2014-04-06,obm_miner_revenue_btc_daily,3785.34855898,BTC,daily,OBM v0.1.0
2014-04-07,obm_miner_revenue_btc_daily,3789.19487722,BTC,daily,OBM v0.1.0
2014-04-08,obm_miner_revenue_btc_daily,3364.76358943,BTC,daily,OBM v0.1.0
2014-04-09,obm_miner_revenue_btc_daily,4045.25920875,BTC,daily,OBM v0.1.0
2014-04-10,obm_miner_revenue_btc_daily,3889.37984843,BTC,daily,OBM v0.1.0
2014-04-11,obm_miner_revenue_btc_daily,4238.94326692,BTC,daily,OBM v0.1.0
2014-04-12,obm_miner_revenue_btc_daily,4034.07114824,BTC,daily,OBM v0.1.0
2014-04-13,obm_miner_revenue_btc_daily,4685.29986168,BTC,daily,OBM v0.1.0
2014-04-14,obm_miner_revenue_btc_daily,4840.33806640,BTC,daily,OBM v0.1.0
2014-04-15,obm_miner_revenue_btc_daily,4566.49954518,BTC,daily,OBM v0.1.0
2014-04-16,obm_miner_revenue_btc_daily,3989.27444650,BTC,daily,OBM v0.1.0
2014-04-17,obm_miner_revenue_btc_daily,4239.99553797,BTC,daily,OBM v0.1.0
2014-04-18,obm_miner_revenue_btc_daily,4012.16011272,BTC,daily,OBM v0.1.0
2014-04-19,obm_miner_revenue_btc_daily,3987.61314875,BTC,daily,OBM v0.1.0
2014-04-20,obm_miner_revenue_btc_daily,4460.86690665,BTC,daily,OBM v0.1.0
2014-04-21,obm_miner_revenue_btc_daily,4287.47640246,BTC,daily,OBM v0.1.0
2014-04-22,obm_miner_revenue_btc_daily,3865.29422985,BTC,daily,OBM v0.1.0
2014-04-23,obm_miner_revenue_btc_daily,4139.56230652,BTC,daily,OBM v0.1.0
2014-04-24,obm_miner_revenue_btc_daily,3789.94749758,BTC,daily,OBM v0.1.0
2014-04-25,obm_miner_revenue_btc_daily,4563.64442103,BTC,daily,OBM v0.1.0
2014-04-26,obm_miner_revenue_btc_daily,4084.13901624,BTC,daily,OBM v0.1.0
2014-04-27,obm_miner_revenue_btc_daily,4436.74870756,BTC,daily,OBM v0.1.0
2014-04-28,obm_miner_revenue_btc_daily,3812.79024099,BTC,daily,OBM v0.1.0
2014-04-29,obm_miner_revenue_btc_daily,4287.61638574,BTC,daily,OBM v0.1.0
2014-04-30,obm_miner_revenue_btc_daily,3437.95362061,BTC,daily,OBM v0.1.0
2014-05-01,obm_miner_revenue_btc_daily,4410.84631035,BTC,daily,OBM v0.1.0
2014-05-02,obm_miner_revenue_btc_daily,4036.87743613,BTC,daily,OBM v0.1.0
2014-05-03,obm_miner_revenue_btc_daily,3560.28949159,BTC,daily,OBM v0.1.0
2014-05-04,obm_miner_revenue_btc_daily,3784.88528194,BTC,daily,OBM v0.1.0
2014-05-05,obm_miner_revenue_btc_daily,3138.53297617,BTC,daily,OBM v0.1.0
2014-05-06,obm_miner_revenue_btc_daily,4865.00387446,BTC,daily,OBM v0.1.0
2014-05-07,obm_miner_revenue_btc_daily,3988.54172333,BTC,daily,OBM v0.1.0
2014-05-08,obm_miner_revenue_btc_daily,4188.58433577,BTC,daily,OBM v0.1.0
2014-05-09,obm_miner_revenue_btc_daily,4265.57402453,BTC,daily,OBM v0.1.0
2014-05-10,obm_miner_revenue_btc_daily,4485.09687328,BTC,daily,OBM v0.1.0
2014-05-11,obm_miner_revenue_btc_daily,3809.70016918,BTC,daily,OBM v0.1.0
2014-05-12,obm_miner_revenue_btc_daily,4113.93177704,BTC,daily,OBM v0.1.0
2014-05-13,obm_miner_revenue_btc_daily,4062.37220357,BTC,daily,OBM v0.1.0
2014-05-14,obm_miner_revenue_btc_daily,3762.08030118,BTC,daily,OBM v0.1.0
2014-05-15,obm_miner_revenue_btc_daily,4287.80133980,BTC,daily,OBM v0.1.0
2014-05-16,obm_miner_revenue_btc_daily,4536.63597683,BTC,daily,OBM v0.1.0
2014-05-17,obm_miner_revenue_btc_daily,4334.31030062,BTC,daily,OBM v0.1.0
2014-05-18,obm_miner_revenue_btc_daily,4308.71450665,BTC,daily,OBM v0.1.0
2014-05-19,obm_miner_revenue_btc_daily,4211.40509824,BTC,daily,OBM v0.1.0
2014-05-20,obm_miner_revenue_btc_daily,4438.38509866,BTC,daily,OBM v0.1.0
2014-05-21,obm_miner_revenue_btc_daily,4387.79533682,BTC,daily,OBM v0.1.0
2014-05-22,obm_miner_revenue_btc_daily,4312.75997199,BTC,daily,OBM v0.1.0
2014-05-23,obm_miner_revenue_btc_daily,4137.72896008,BTC,daily,OBM v0.1.0
2014-05-24,obm_miner_revenue_btc_daily,3861.23540029,BTC,daily,OBM v0.1.0
2014-05-25,obm_miner_revenue_btc_daily,4035.14448351,BTC,daily,OBM v0.1.0
2014-05-26,obm_miner_revenue_btc_daily,3962.57750285,BTC,daily,OBM v0.1.0
2014-05-27,obm_miner_revenue_btc_daily,3412.14135874,BTC,daily,OBM v0.1.0
2014-05-28,obm_miner_revenue_btc_daily,4238.95978274,BTC,daily,OBM v0.1.0
2014-05-29,obm_miner_revenue_btc_daily,3536.95135479,BTC,daily,OBM v0.1.0
2014-05-30,obm_miner_revenue_btc_daily,4186.59815107,BTC,daily,OBM v0.1.0
2014-05-31,obm_miner_revenue_btc_daily,3684.64770833,BTC,daily,OBM v0.1.0
2014-06-01,obm_miner_revenue_btc_daily,4385.75014255,BTC,daily,OBM v0.1.0
2014-06-02,obm_miner_revenue_btc_daily,4836.70443213,BTC,daily,OBM v0.1.0
2014-06-03,obm_miner_revenue_btc_daily,4463.44054734,BTC,daily,OBM v0.1.0
2014-06-04,obm_miner_revenue_btc_daily,4537.00635921,BTC,daily,OBM v0.1.0
2014-06-05,obm_miner_revenue_btc_daily,3812.34989787,BTC,daily,OBM v0.1.0
2014-06-06,obm_miner_revenue_btc_daily,3485.80069596,BTC,daily,OBM v0.1.0
2014-06-07,obm_miner_revenue_btc_daily,3883.78221121,BTC,daily,OBM v0.1.0
2014-06-08,obm_miner_revenue_btc_daily,3408.84632234,BTC,daily,OBM v0.1.0
2014-06-09,obm_miner_revenue_btc_daily,3911.09517441,BTC,daily,OBM v0.1.0
2014-06-10,obm_miner_revenue_btc_daily,4186.64592603,BTC,daily,OBM v0.1.0
2014-06-11,obm_miner_revenue_btc_daily,3661.27334026,BTC,daily,OBM v0.1.0
2014-06-12,obm_miner_revenue_btc_daily,4312.93722403,BTC,daily,OBM v0.1.0
2014-06-13,obm_miner_revenue_btc_daily,4086.54801410,BTC,daily,OBM v0.1.0
2014-06-14,obm_miner_revenue_btc_daily,4459.08986917,BTC,daily,OBM v0.1.0
2014-06-15,obm_miner_revenue_btc_daily,4759.53850979,BTC,daily,OBM v0.1.0
2014-06-16,obm_miner_revenue_btc_daily,4711.98941586,BTC,daily,OBM v0.1.0
2014-06-17,obm_miner_revenue_btc_daily,4612.02490540,BTC,daily,OBM v0.1.0
2014-06-18,obm_miner_revenue_btc_daily,3962.91108153,BTC,daily,OBM v0.1.0
2014-06-19,obm_miner_revenue_btc_daily,4186.72007406,BTC,daily,OBM v0.1.0
2014-06-20,obm_miner_revenue_btc_daily,4660.71588434,BTC,daily,OBM v0.1.0
2014-06-21,obm_miner_revenue_btc_daily,4659.18948220,BTC,daily,OBM v0.1.0
2014-06-22,obm_miner_revenue_btc_daily,4509.02204780,BTC,daily,OBM v0.1.0
2014-06-23,obm_miner_revenue_btc_daily,4411.29559499,BTC,daily,OBM v0.1.0
2014-06-24,obm_miner_revenue_btc_daily,4711.06251476,BTC,daily,OBM v0.1.0
2014-06-25,obm_miner_revenue_btc_daily,4687.36028780,BTC,daily,OBM v0.1.0
2014-06-26,obm_miner_revenue_btc_daily,4285.13416507,BTC,daily,OBM v0.1.0
2014-06-27,obm_miner_revenue_btc_daily,4935.70192844,BTC,daily,OBM v0.1.0
2014-06-28,obm_miner_revenue_btc_daily,4559.26408687,BTC,daily,OBM v0.1.0
2014-06-29,obm_miner_revenue_btc_daily,3933.71685196,BTC,daily,OBM v0.1.0
2014-06-30,obm_miner_revenue_btc_daily,3311.88919685,BTC,daily,OBM v0.1.0
2014-07-01,obm_miner_revenue_btc_daily,3338.11584120,BTC,daily,OBM v0.1.0
2014-07-02,obm_miner_revenue_btc_daily,3437.74840425,BTC,daily,OBM v0.1.0
2014-07-03,obm_miner_revenue_btc_daily,3485.97580230,BTC,daily,OBM v0.1.0
2014-07-04,obm_miner_revenue_btc_daily,4160.11443135,BTC,daily,OBM v0.1.0
2014-07-05,obm_miner_revenue_btc_daily,3808.29427605,BTC,daily,OBM v0.1.0
2014-07-06,obm_miner_revenue_btc_daily,3559.22847962,BTC,daily,OBM v0.1.0
2014-07-07,obm_miner_revenue_btc_daily,3761.21868823,BTC,daily,OBM v0.1.0
2014-07-08,obm_miner_revenue_btc_daily,3762.27727536,BTC,daily,OBM v0.1.0
2014-07-09,obm_miner_revenue_btc_daily,4161.68912918,BTC,daily,OBM v0.1.0
2014-07-10,obm_miner_revenue_btc_daily,3736.18585911,BTC,daily,OBM v0.1.0
2014-07-11,obm_miner_revenue_btc_daily,3910.87078401,BTC,daily,OBM v0.1.0
2014-07-12,obm_miner_revenue_btc_daily,3933.71204703,BTC,daily,OBM v0.1.0
2014-07-13,obm_miner_revenue_btc_daily,4009.42346258,BTC,daily,OBM v0.1.0
2014-07-14,obm_miner_revenue_btc_daily,3386.75980369,BTC,daily,OBM v0.1.0
2014-07-15,obm_miner_revenue_btc_daily,3987.51728456,BTC,daily,OBM v0.1.0
2014-07-16,obm_miner_revenue_btc_daily,3612.61360631,BTC,daily,OBM v0.1.0
2014-07-17,obm_miner_revenue_btc_daily,4311.76351954,BTC,daily,OBM v0.1.0
2014-07-18,obm_miner_revenue_btc_daily,4311.94868880,BTC,daily,OBM v0.1.0
2014-07-19,obm_miner_revenue_btc_daily,4435.35413294,BTC,daily,OBM v0.1.0
2014-07-20,obm_miner_revenue_btc_daily,3883.98402817,BTC,daily,OBM v0.1.0
2014-07-21,obm_miner_revenue_btc_daily,3885.59027192,BTC,daily,OBM v0.1.0
2014-07-22,obm_miner_revenue_btc_daily,3561.71344544,BTC,daily,OBM v0.1.0
2014-07-23,obm_miner_revenue_btc_daily,3661.00879636,BTC,daily,OBM v0.1.0
2014-07-24,obm_miner_revenue_btc_daily,3585.69751731,BTC,daily,OBM v0.1.0
2014-07-25,obm_miner_revenue_btc_daily,4085.29317626,BTC,daily,OBM v0.1.0
2014-07-26,obm_miner_revenue_btc_daily,3358.73951865,BTC,daily,OBM v0.1.0
2014-07-27,obm_miner_revenue_btc_daily,3833.90936210,BTC,daily,OBM v0.1.0
2014-07-28,obm_miner_revenue_btc_daily,3760.35052053,BTC,daily,OBM v0.1.0
2014-07-29,obm_miner_revenue_btc_daily,3735.39546815,BTC,daily,OBM v0.1.0
2014-07-30,obm_miner_revenue_btc_daily,4311.03235411,BTC,daily,OBM v0.1.0
2014-07-31,obm_miner_revenue_btc_daily,3861.25832902,BTC,daily,OBM v0.1.0
2014-08-01,obm_miner_revenue_btc_daily,3935.67915418,BTC,daily,OBM v0.1.0
2014-08-02,obm_miner_revenue_btc_daily,4083.46604847,BTC,daily,OBM v0.1.0
2014-08-03,obm_miner_revenue_btc_daily,3858.55001533,BTC,daily,OBM v0.1.0
2014-08-04,obm_miner_revenue_btc_daily,3211.09744160,BTC,daily,OBM v0.1.0
2014-08-05,obm_miner_revenue_btc_daily,3387.10342599,BTC,daily,OBM v0.1.0
2014-08-06,obm_miner_revenue_btc_daily,4113.16238132,BTC,daily,OBM v0.1.0
2014-08-07,obm_miner_revenue_btc_daily,4010.97700977,BTC,daily,OBM v0.1.0
2014-08-08,obm_miner_revenue_btc_daily,3961.16762997,BTC,daily,OBM v0.1.0
2014-08-09,obm_miner_revenue_btc_daily,4559.30738340,BTC,daily,OBM v0.1.0
2014-08-10,obm_miner_revenue_btc_daily,4434.83127720,BTC,daily,OBM v0.1.0
2014-08-11,obm_miner_revenue_btc_daily,4562.25468145,BTC,daily,OBM v0.1.0
2014-08-12,obm_miner_revenue_btc_daily,4362.52436069,BTC,daily,OBM v0.1.0
2014-08-13,obm_miner_revenue_btc_daily,3637.41970851,BTC,daily,OBM v0.1.0
2014-08-14,obm_miner_revenue_btc_daily,4512.19660765,BTC,daily,OBM v0.1.0
2014-08-15,obm_miner_revenue_btc_daily,4137.03876959,BTC,daily,OBM v0.1.0
2014-08-16,obm_miner_revenue_btc_daily,3963.05170457,BTC,daily,OBM v0.1.0
2014-08-17,obm_miner_revenue_btc_daily,4287.32208652,BTC,daily,OBM v0.1.0
2014-08-18,obm_miner_revenue_btc_daily,4961.75673016,BTC,daily,OBM v0.1.0
2014-08-19,obm_miner_revenue_btc_daily,4662.80157171,BTC,daily,OBM v0.1.0
2014-08-20,obm_miner_revenue_btc_daily,4236.96609234,BTC,daily,OBM v0.1.0
2014-08-21,obm_miner_revenue_btc_daily,4136.43122201,BTC,daily,OBM v0.1.0
2014-08-22,obm_miner_revenue_btc_daily,3935.75447813,BTC,daily,OBM v0.1.0
2014-08-23,obm_miner_revenue_btc_daily,4058.62310978,BTC,daily,OBM v0.1.0
2014-08-24,obm_miner_revenue_btc_daily,3659.04448264,BTC,daily,OBM v0.1.0
2014-08-25,obm_miner_revenue_btc_daily,3441.45338417,BTC,daily,OBM v0.1.0
2014-08-26,obm_miner_revenue_btc_daily,4336.56150685,BTC,daily,OBM v0.1.0
2014-08-27,obm_miner_revenue_btc_daily,4236.54152570,BTC,daily,OBM v0.1.0
2014-08-28,obm_miner_revenue_btc_daily,4335.39725982,BTC,daily,OBM v0.1.0
2014-08-29,obm_miner_revenue_btc_daily,4260.42778542,BTC,daily,OBM v0.1.0
2014-08-30,obm_miner_revenue_btc_daily,4559.13520702,BTC,daily,OBM v0.1.0
2014-08-31,obm_miner_revenue_btc_daily,4708.89399010,BTC,daily,OBM v0.1.0
2014-09-01,obm_miner_revenue_btc_daily,3410.91278347,BTC,daily,OBM v0.1.0
2014-09-02,obm_miner_revenue_btc_daily,3686.59704012,BTC,daily,OBM v0.1.0
2014-09-03,obm_miner_revenue_btc_daily,4236.12706440,BTC,daily,OBM v0.1.0
2014-09-04,obm_miner_revenue_btc_daily,3961.19739332,BTC,daily,OBM v0.1.0
2014-09-05,obm_miner_revenue_btc_daily,3636.04072468,BTC,daily,OBM v0.1.0
2014-09-06,obm_miner_revenue_btc_daily,4484.61430998,BTC,daily,OBM v0.1.0
2014-09-07,obm_miner_revenue_btc_daily,3894.79030044,BTC,daily,OBM v0.1.0
2014-09-08,obm_miner_revenue_btc_daily,3612.20418844,BTC,daily,OBM v0.1.0
2014-09-09,obm_miner_revenue_btc_daily,3664.11448904,BTC,daily,OBM v0.1.0
2014-09-10,obm_miner_revenue_btc_daily,3937.74883973,BTC,daily,OBM v0.1.0
2014-09-11,obm_miner_revenue_btc_daily,4260.15059039,BTC,daily,OBM v0.1.0
2014-09-12,obm_miner_revenue_btc_daily,3860.70477886,BTC,daily,OBM v0.1.0
2014-09-13,obm_miner_revenue_btc_daily,4534.54517518,BTC,daily,OBM v0.1.0
2014-09-14,obm_miner_revenue_btc_daily,3961.23423996,BTC,daily,OBM v0.1.0
2014-09-15,obm_miner_revenue_btc_daily,3962.22944483,BTC,daily,OBM v0.1.0
2014-09-16,obm_miner_revenue_btc_daily,4289.35162373,BTC,daily,OBM v0.1.0
2014-09-17,obm_miner_revenue_btc_daily,4662.26986597,BTC,daily,OBM v0.1.0
2014-09-18,obm_miner_revenue_btc_daily,4487.34660263,BTC,daily,OBM v0.1.0
2014-09-19,obm_miner_revenue_btc_daily,4285.61078897,BTC,daily,OBM v0.1.0
2014-09-20,obm_miner_revenue_btc_daily,4410.26633681,BTC,daily,OBM v0.1.0
2014-09-21,obm_miner_revenue_btc_daily,4109.33716280,BTC,daily,OBM v0.1.0
2014-09-22,obm_miner_revenue_btc_daily,4211.71465132,BTC,daily,OBM v0.1.0
2014-09-23,obm_miner_revenue_btc_daily,3762.74391608,BTC,daily,OBM v0.1.0
2014-09-24,obm_miner_revenue_btc_daily,3912.35686671,BTC,daily,OBM v0.1.0
2014-09-25,obm_miner_revenue_btc_daily,4313.21049144,BTC,daily,OBM v0.1.0
2014-09-26,obm_miner_revenue_btc_daily,3397.85118349,BTC,daily,OBM v0.1.0
2014-09-27,obm_miner_revenue_btc_daily,3360.47057790,BTC,daily,OBM v0.1.0
2014-09-28,obm_miner_revenue_btc_daily,3260.76874401,BTC,daily,OBM v0.1.0
2014-09-29,obm_miner_revenue_btc_daily,3437.19074481,BTC,daily,OBM v0.1.0
2014-09-30,obm_miner_revenue_btc_daily,3837.12654940,BTC,daily,OBM v0.1.0
2014-10-01,obm_miner_revenue_btc_daily,3887.91355722,BTC,daily,OBM v0.1.0
2014-10-02,obm_miner_revenue_btc_daily,3461.24874892,BTC,daily,OBM v0.1.0
2014-10-03,obm_miner_revenue_btc_daily,3662.07576762,BTC,daily,OBM v0.1.0
2014-10-04,obm_miner_revenue_btc_daily,3862.57120078,BTC,daily,OBM v0.1.0
2014-10-05,obm_miner_revenue_btc_daily,4236.89447047,BTC,daily,OBM v0.1.0
2014-10-06,obm_miner_revenue_btc_daily,4037.61174465,BTC,daily,OBM v0.1.0
2014-10-07,obm_miner_revenue_btc_daily,3363.36032911,BTC,daily,OBM v0.1.0
2014-10-08,obm_miner_revenue_btc_daily,3612.53986648,BTC,daily,OBM v0.1.0
2014-10-09,obm_miner_revenue_btc_daily,3713.90439876,BTC,daily,OBM v0.1.0
2014-10-10,obm_miner_revenue_btc_daily,3888.00507017,BTC,daily,OBM v0.1.0
2014-10-11,obm_miner_revenue_btc_daily,3610.38153171,BTC,daily,OBM v0.1.0
2014-10-12,obm_miner_revenue_btc_daily,3711.01613637,BTC,daily,OBM v0.1.0
2014-10-13,obm_miner_revenue_btc_daily,3888.10403550,BTC,daily,OBM v0.1.0
2014-10-14,obm_miner_revenue_btc_daily,3313.26556263,BTC,daily,OBM v0.1.0
2014-10-15,obm_miner_revenue_btc_daily,3787.55077471,BTC,daily,OBM v0.1.0
2014-10-16,obm_miner_revenue_btc_daily,3712.15888547,BTC,daily,OBM v0.1.0
2014-10-17,obm_miner_revenue_btc_daily,3561.70451158,BTC,daily,OBM v0.1.0
2014-10-18,obm_miner_revenue_btc_daily,4110.35069092,BTC,daily,OBM v0.1.0
2014-10-19,obm_miner_revenue_btc_daily,3335.55272153,BTC,daily,OBM v0.1.0
2014-10-20,obm_miner_revenue_btc_daily,3437.95595559,BTC,daily,OBM v0.1.0
2014-10-21,obm_miner_revenue_btc_daily,3838.01537323,BTC,daily,OBM v0.1.0
2014-10-22,obm_miner_revenue_btc_daily,3987.67184925,BTC,daily,OBM v0.1.0
2014-10-23,obm_miner_revenue_btc_daily,3787.79445941,BTC,daily,OBM v0.1.0
2014-10-24,obm_miner_revenue_btc_daily,3987.35002581,BTC,daily,OBM v0.1.0
2014-10-25,obm_miner_revenue_btc_daily,3886.10930101,BTC,daily,OBM v0.1.0
2014-10-26,obm_miner_revenue_btc_daily,3136.22128422,BTC,daily,OBM v0.1.0
2014-10-27,obm_miner_revenue_btc_daily,3988.52589194,BTC,daily,OBM v0.1.0
2014-10-28,obm_miner_revenue_btc_daily,3463.36919791,BTC,daily,OBM v0.1.0
2014-10-29,obm_miner_revenue_btc_daily,3889.27478919,BTC,daily,OBM v0.1.0
2014-10-30,obm_miner_revenue_btc_daily,4263.86147032,BTC,daily,OBM v0.1.0
2014-10-31,obm_miner_revenue_btc_daily,4712.88146038,BTC,daily,OBM v0.1.0
2014-11-01,obm_miner_revenue_btc_daily,3987.57724969,BTC,daily,OBM v0.1.0
2014-11-02,obm_miner_revenue_btc_daily,3887.64623465,BTC,daily,OBM v0.1.0
2014-11-03,obm_miner_revenue_btc_daily,4241.58571291,BTC,daily,OBM v0.1.0
2014-11-04,obm_miner_revenue_btc_daily,4063.52152956,BTC,daily,OBM v0.1.0
2014-11-05,obm_miner_revenue_btc_daily,3463.39815386,BTC,daily,OBM v0.1.0
2014-11-06,obm_miner_revenue_btc_daily,3864.41971427,BTC,daily,OBM v0.1.0
2014-11-07,obm_miner_revenue_btc_daily,3763.41908085,BTC,daily,OBM v0.1.0
2014-11-08,obm_miner_revenue_btc_daily,3835.78458677,BTC,daily,OBM v0.1.0
2014-11-09,obm_miner_revenue_btc_daily,3765.04557370,BTC,daily,OBM v0.1.0
2014-11-10,obm_miner_revenue_btc_daily,3688.42372982,BTC,daily,OBM v0.1.0
2014-11-11,obm_miner_revenue_btc_daily,3238.37416163,BTC,daily,OBM v0.1.0
2014-11-12,obm_miner_revenue_btc_daily,3690.12202360,BTC,daily,OBM v0.1.0
2014-11-13,obm_miner_revenue_btc_daily,3639.39117594,BTC,daily,OBM v0.1.0
2014-11-14,obm_miner_revenue_btc_daily,3863.15059241,BTC,daily,OBM v0.1.0
2014-11-15,obm_miner_revenue_btc_daily,3511.20153289,BTC,daily,OBM v0.1.0
2014-11-16,obm_miner_revenue_btc_daily,3761.61501236,BTC,daily,OBM v0.1.0
2014-11-17,obm_miner_revenue_btc_daily,3615.10046843,BTC,daily,OBM v0.1.0
2014-11-18,obm_miner_revenue_btc_daily,3863.06674027,BTC,daily,OBM v0.1.0
2014-11-19,obm_miner_revenue_btc_daily,3538.16045397,BTC,daily,OBM v0.1.0
2014-11-20,obm_miner_revenue_btc_daily,3463.27805051,BTC,daily,OBM v0.1.0
2014-11-21,obm_miner_revenue_btc_daily,3187.73306344,BTC,daily,OBM v0.1.0
2014-11-22,obm_miner_revenue_btc_daily,3861.00513028,BTC,daily,OBM v0.1.0
2014-11-23,obm_miner_revenue_btc_daily,3561.91356960,BTC,daily,OBM v0.1.0
2014-11-24,obm_miner_revenue_btc_daily,3688.08281470,BTC,daily,OBM v0.1.0
2014-11-25,obm_miner_revenue_btc_daily,3312.18659868,BTC,daily,OBM v0.1.0
2014-11-26,obm_miner_revenue_btc_daily,3437.15985418,BTC,daily,OBM v0.1.0
2014-11-27,obm_miner_revenue_btc_daily,3536.99225619,BTC,daily,OBM v0.1.0
2014-11-28,obm_miner_revenue_btc_daily,3711.67570350,BTC,daily,OBM v0.1.0
2014-11-29,obm_miner_revenue_btc_daily,3936.08339144,BTC,daily,OBM v0.1.0
2014-11-30,obm_miner_revenue_btc_daily,4012.79344747,BTC,daily,OBM v0.1.0
2014-12-01,obm_miner_revenue_btc_daily,3263.91266140,BTC,daily,OBM v0.1.0
2014-12-02,obm_miner_revenue_btc_daily,3764.19657740,BTC,daily,OBM v0.1.0
2014-12-03,obm_miner_revenue_btc_daily,2913.66172344,BTC,daily,OBM v0.1.0
2014-12-04,obm_miner_revenue_btc_daily,3664.82170755,BTC,daily,OBM v0.1.0
2014-12-05,obm_miner_revenue_btc_daily,3912.38234866,BTC,daily,OBM v0.1.0
2014-12-06,obm_miner_revenue_btc_daily,3436.18769286,BTC,daily,OBM v0.1.0
2014-12-07,obm_miner_revenue_btc_daily,3160.91019053,BTC,daily,OBM v0.1.0
2014-12-08,obm_miner_revenue_btc_daily,4090.78243929,BTC,daily,OBM v0.1.0
2014-12-09,obm_miner_revenue_btc_daily,3562.59212127,BTC,daily,OBM v0.1.0
2014-12-10,obm_miner_revenue_btc_daily,3587.50345362,BTC,daily,OBM v0.1.0
2014-12-11,obm_miner_revenue_btc_daily,3711.96549856,BTC,daily,OBM v0.1.0
2014-12-12,obm_miner_revenue_btc_daily,3536.56648508,BTC,daily,OBM v0.1.0
2014-12-13,obm_miner_revenue_btc_daily,3660.37249204,BTC,daily,OBM v0.1.0
2014-12-14,obm_miner_revenue_btc_daily,3537.07562664,BTC,daily,OBM v0.1.0
2014-12-15,obm_miner_revenue_btc_daily,3539.15068874,BTC,daily,OBM v0.1.0
2014-12-16,obm_miner_revenue_btc_daily,3590.01735313,BTC,daily,OBM v0.1.0
2014-12-17,obm_miner_revenue_btc_daily,3215.18390144,BTC,daily,OBM v0.1.0
2014-12-18,obm_miner_revenue_btc_daily,3238.73600085,BTC,daily,OBM v0.1.0
2014-12-19,obm_miner_revenue_btc_daily,3439.85967210,BTC,daily,OBM v0.1.0
2014-12-20,obm_miner_revenue_btc_daily,3362.13819778,BTC,daily,OBM v0.1.0
2014-12-21,obm_miner_revenue_btc_daily,3311.33607592,BTC,daily,OBM v0.1.0
2014-12-22,obm_miner_revenue_btc_daily,4114.00200160,BTC,daily,OBM v0.1.0
2014-12-23,obm_miner_revenue_btc_daily,3764.15710028,BTC,daily,OBM v0.1.0
2014-12-24,obm_miner_revenue_btc_daily,3836.10071030,BTC,daily,OBM v0.1.0
2014-12-25,obm_miner_revenue_btc_daily,3959.31387778,BTC,daily,OBM v0.1.0
2014-12-26,obm_miner_revenue_btc_daily,3819.30070793,BTC,daily,OBM v0.1.0
2014-12-27,obm_miner_revenue_btc_daily,3817.17108793,BTC,daily,OBM v0.1.0
2014-12-28,obm_miner_revenue_btc_daily,4237.28692784,BTC,daily,OBM v0.1.0
2014-12-29,obm_miner_revenue_btc_daily,4114.43763440,BTC,daily,OBM v0.1.0
2014-12-30,obm_miner_revenue_btc_daily,3888.86755078,BTC,daily,OBM v0.1.0
2014-12-31,obm_miner_revenue_btc_daily,3811.38141903,BTC,daily,OBM v0.1.0
2015-01-01,obm_miner_revenue_btc_daily,4133.05416484,BTC,daily,OBM v0.1.0
2015-01-02,obm_miner_revenue_btc_daily,4136.82270129,BTC,daily,OBM v0.1.0
2015-01-03,obm_miner_revenue_btc_daily,4061.79841308,BTC,daily,OBM v0.1.0
2015-01-04,obm_miner_revenue_btc_daily,4321.74861782,BTC,daily,OBM v0.1.0
2015-01-05,obm_miner_revenue_btc_daily,3916.09135479,BTC,daily,OBM v0.1.0
2015-01-06,obm_miner_revenue_btc_daily,3962.84608123,BTC,daily,OBM v0.1.0
2015-01-07,obm_miner_revenue_btc_daily,3512.78348978,BTC,daily,OBM v0.1.0
2015-01-08,obm_miner_revenue_btc_daily,3691.27746896,BTC,daily,OBM v0.1.0
2015-01-09,obm_miner_revenue_btc_daily,3515.20418118,BTC,daily,OBM v0.1.0
2015-01-10,obm_miner_revenue_btc_daily,3690.25846972,BTC,daily,OBM v0.1.0
2015-01-11,obm_miner_revenue_btc_daily,3888.53639408,BTC,daily,OBM v0.1.0
2015-01-12,obm_miner_revenue_btc_daily,3582.94802367,BTC,daily,OBM v0.1.0
2015-01-13,obm_miner_revenue_btc_daily,3190.50901423,BTC,daily,OBM v0.1.0
2015-01-14,obm_miner_revenue_btc_daily,3640.22479663,BTC,daily,OBM v0.1.0
2015-01-15,obm_miner_revenue_btc_daily,3792.25104955,BTC,daily,OBM v0.1.0
2015-01-16,obm_miner_revenue_btc_daily,3489.59406088,BTC,daily,OBM v0.1.0
2015-01-17,obm_miner_revenue_btc_daily,3463.34222178,BTC,daily,OBM v0.1.0
2015-01-18,obm_miner_revenue_btc_daily,3838.87720200,BTC,daily,OBM v0.1.0
2015-01-19,obm_miner_revenue_btc_daily,3614.34755742,BTC,daily,OBM v0.1.0
2015-01-20,obm_miner_revenue_btc_daily,2964.37349806,BTC,daily,OBM v0.1.0
2015-01-21,obm_miner_revenue_btc_daily,3738.40029971,BTC,daily,OBM v0.1.0
2015-01-22,obm_miner_revenue_btc_daily,3388.40410002,BTC,daily,OBM v0.1.0
2015-01-23,obm_miner_revenue_btc_daily,3113.68235392,BTC,daily,OBM v0.1.0
2015-01-24,obm_miner_revenue_btc_daily,3161.54826012,BTC,daily,OBM v0.1.0
2015-01-25,obm_miner_revenue_btc_daily,3138.30637600,BTC,daily,OBM v0.1.0
2015-01-26,obm_miner_revenue_btc_daily,3191.01810841,BTC,daily,OBM v0.1.0
2015-01-27,obm_miner_revenue_btc_daily,3739.03022961,BTC,daily,OBM v0.1.0
2015-01-28,obm_miner_revenue_btc_daily,4111.59256582,BTC,daily,OBM v0.1.0
2015-01-29,obm_miner_revenue_btc_daily,4112.23134655,BTC,daily,OBM v0.1.0
2015-01-30,obm_miner_revenue_btc_daily,3461.21422969,BTC,daily,OBM v0.1.0
2015-01-31,obm_miner_revenue_btc_daily,4162.52130893,BTC,daily,OBM v0.1.0
2015-02-01,obm_miner_revenue_btc_daily,3886.21454393,BTC,daily,OBM v0.1.0
2015-02-02,obm_miner_revenue_btc_daily,3987.46050215,BTC,daily,OBM v0.1.0
2015-02-03,obm_miner_revenue_btc_daily,3188.07488376,BTC,daily,OBM v0.1.0
2015-02-04,obm_miner_revenue_btc_daily,3987.57715341,BTC,daily,OBM v0.1.0
2015-02-05,obm_miner_revenue_btc_daily,3987.09566718,BTC,daily,OBM v0.1.0
2015-02-06,obm_miner_revenue_btc_daily,4436.70807312,BTC,daily,OBM v0.1.0
2015-02-07,obm_miner_revenue_btc_daily,3986.76433401,BTC,daily,OBM v0.1.0
2015-02-08,obm_miner_revenue_btc_daily,3311.75275630,BTC,daily,OBM v0.1.0
2015-02-09,obm_miner_revenue_btc_daily,4039.88796877,BTC,daily,OBM v0.1.0
2015-02-10,obm_miner_revenue_btc_daily,3614.33710661,BTC,daily,OBM v0.1.0
2015-02-11,obm_miner_revenue_btc_daily,3964.40657851,BTC,daily,OBM v0.1.0
2015-02-12,obm_miner_revenue_btc_daily,2987.55298681,BTC,daily,OBM v0.1.0
2015-02-13,obm_miner_revenue_btc_daily,3667.42269239,BTC,daily,OBM v0.1.0
2015-02-14,obm_miner_revenue_btc_daily,4015.01567083,BTC,daily,OBM v0.1.0
2015-02-15,obm_miner_revenue_btc_daily,3513.82078432,BTC,daily,OBM v0.1.0
2015-02-16,obm_miner_revenue_btc_daily,3940.37666720,BTC,daily,OBM v0.1.0
2015-02-17,obm_miner_revenue_btc_daily,3740.96837665,BTC,daily,OBM v0.1.0
2015-02-18,obm_miner_revenue_btc_daily,4189.96619549,BTC,daily,OBM v0.1.0
2015-02-19,obm_miner_revenue_btc_daily,4163.58169837,BTC,daily,OBM v0.1.0
2015-02-20,obm_miner_revenue_btc_daily,3965.10495925,BTC,daily,OBM v0.1.0
2015-02-21,obm_miner_revenue_btc_daily,3562.94726109,BTC,daily,OBM v0.1.0
2015-02-22,obm_miner_revenue_btc_daily,3787.35815172,BTC,daily,OBM v0.1.0
2015-02-23,obm_miner_revenue_btc_daily,3564.52475248,BTC,daily,OBM v0.1.0
2015-02-24,obm_miner_revenue_btc_daily,3239.41178545,BTC,daily,OBM v0.1.0
2015-02-25,obm_miner_revenue_btc_daily,3990.23357961,BTC,daily,OBM v0.1.0
2015-02-26,obm_miner_revenue_btc_daily,3764.09722225,BTC,daily,OBM v0.1.0
2015-02-27,obm_miner_revenue_btc_daily,3814.39065266,BTC,daily,OBM v0.1.0
2015-02-28,obm_miner_revenue_btc_daily,3563.49989157,BTC,daily,OBM v0.1.0
2015-03-01,obm_miner_revenue_btc_daily,3513.97061238,BTC,daily,OBM v0.1.0
2015-03-02,obm_miner_revenue_btc_daily,3965.39402280,BTC,daily,OBM v0.1.0
2015-03-03,obm_miner_revenue_btc_daily,3965.64400780,BTC,daily,OBM v0.1.0
2015-03-04,obm_miner_revenue_btc_daily,3514.53469909,BTC,daily,OBM v0.1.0
2015-03-05,obm_miner_revenue_btc_daily,3314.89058476,BTC,daily,OBM v0.1.0
2015-03-06,obm_miner_revenue_btc_daily,3716.76618435,BTC,daily,OBM v0.1.0
2015-03-07,obm_miner_revenue_btc_daily,3513.06858102,BTC,daily,OBM v0.1.0
2015-03-08,obm_miner_revenue_btc_daily,3913.21540516,BTC,daily,OBM v0.1.0
2015-03-09,obm_miner_revenue_btc_daily,3615.72043904,BTC,daily,OBM v0.1.0
2015-03-10,obm_miner_revenue_btc_daily,3815.35729233,BTC,daily,OBM v0.1.0
2015-03-11,obm_miner_revenue_btc_daily,3865.32225806,BTC,daily,OBM v0.1.0
2015-03-12,obm_miner_revenue_btc_daily,3289.00767054,BTC,daily,OBM v0.1.0
2015-03-13,obm_miner_revenue_btc_daily,3663.70402241,BTC,daily,OBM v0.1.0
2015-03-14,obm_miner_revenue_btc_daily,3287.34936058,BTC,daily,OBM v0.1.0
2015-03-15,obm_miner_revenue_btc_daily,3586.97403880,BTC,daily,OBM v0.1.0
2015-03-16,obm_miner_revenue_btc_daily,3490.13383473,BTC,daily,OBM v0.1.0
2015-03-17,obm_miner_revenue_btc_daily,3214.10203756,BTC,daily,OBM v0.1.0
2015-03-18,obm_miner_revenue_btc_daily,3840.16419516,BTC,daily,OBM v0.1.0
2015-03-19,obm_miner_revenue_btc_daily,3441.48516776,BTC,daily,OBM v0.1.0
2015-03-20,obm_miner_revenue_btc_daily,3416.09654010,BTC,daily,OBM v0.1.0
2015-03-21,obm_miner_revenue_btc_daily,3788.25657744,BTC,daily,OBM v0.1.0
2015-03-22,obm_miner_revenue_btc_daily,3563.13911317,BTC,daily,OBM v0.1.0
2015-03-23,obm_miner_revenue_btc_daily,3642.57202944,BTC,daily,OBM v0.1.0
2015-03-24,obm_miner_revenue_btc_daily,4338.68366895,BTC,daily,OBM v0.1.0
2015-03-25,obm_miner_revenue_btc_daily,4065.77234281,BTC,daily,OBM v0.1.0
2015-03-26,obm_miner_revenue_btc_daily,3714.52750048,BTC,daily,OBM v0.1.0
2015-03-27,obm_miner_revenue_btc_daily,4288.97818158,BTC,daily,OBM v0.1.0
2015-03-28,obm_miner_revenue_btc_daily,3712.58691333,BTC,daily,OBM v0.1.0
2015-03-29,obm_miner_revenue_btc_daily,3837.76426269,BTC,daily,OBM v0.1.0
2015-03-30,obm_miner_revenue_btc_daily,3565.45788621,BTC,daily,OBM v0.1.0
2015-03-31,obm_miner_revenue_btc_daily,3766.30322108,BTC,daily,OBM v0.1.0
2015-04-01,obm_miner_revenue_btc_daily,3316.83868407,BTC,daily,OBM v0.1.0
2015-04-02,obm_miner_revenue_btc_daily,4165.69228121,BTC,daily,OBM v0.1.0
2015-04-03,obm_miner_revenue_btc_daily,3664.93981790,BTC,daily,OBM v0.1.0
2015-04-04,obm_miner_revenue_btc_daily,3838.74643295,BTC,daily,OBM v0.1.0
2015-04-05,obm_miner_revenue_btc_daily,3714.83959852,BTC,daily,OBM v0.1.0
2015-04-06,obm_miner_revenue_btc_daily,3166.08612337,BTC,daily,OBM v0.1.0
2015-04-07,obm_miner_revenue_btc_daily,3815.69444220,BTC,daily,OBM v0.1.0
2015-04-08,obm_miner_revenue_btc_daily,3141.15277510,BTC,daily,OBM v0.1.0
2015-04-09,obm_miner_revenue_btc_daily,3343.87801779,BTC,daily,OBM v0.1.0
2015-04-10,obm_miner_revenue_btc_daily,3827.80415534,BTC,daily,OBM v0.1.0
2015-04-11,obm_miner_revenue_btc_daily,3516.61500470,BTC,daily,OBM v0.1.0
2015-04-12,obm_miner_revenue_btc_daily,3214.10159871,BTC,daily,OBM v0.1.0
2015-04-13,obm_miner_revenue_btc_daily,3917.27967925,BTC,daily,OBM v0.1.0
2015-04-14,obm_miner_revenue_btc_daily,3741.02169132,BTC,daily,OBM v0.1.0
2015-04-15,obm_miner_revenue_btc_daily,3065.47774603,BTC,daily,OBM v0.1.0
2015-04-16,obm_miner_revenue_btc_daily,3464.03218749,BTC,daily,OBM v0.1.0
2015-04-17,obm_miner_revenue_btc_daily,3164.66698599,BTC,daily,OBM v0.1.0
2015-04-18,obm_miner_revenue_btc_daily,3663.32714608,BTC,daily,OBM v0.1.0
2015-04-19,obm_miner_revenue_btc_daily,3637.99562204,BTC,daily,OBM v0.1.0
2015-04-20,obm_miner_revenue_btc_daily,3867.01682374,BTC,daily,OBM v0.1.0
2015-04-21,obm_miner_revenue_btc_daily,3840.43035927,BTC,daily,OBM v0.1.0
2015-04-22,obm_miner_revenue_btc_daily,3815.86411600,BTC,daily,OBM v0.1.0
2015-04-23,obm_miner_revenue_btc_daily,3265.85553042,BTC,daily,OBM v0.1.0
2015-04-24,obm_miner_revenue_btc_daily,3115.60361285,BTC,daily,OBM v0.1.0
2015-04-25,obm_miner_revenue_btc_daily,4174.35690506,BTC,daily,OBM v0.1.0
2015-04-26,obm_miner_revenue_btc_daily,3613.43856985,BTC,daily,OBM v0.1.0
2015-04-27,obm_miner_revenue_btc_daily,3440.72423382,BTC,daily,OBM v0.1.0
2015-04-28,obm_miner_revenue_btc_daily,3841.15746744,BTC,daily,OBM v0.1.0
2015-04-29,obm_miner_revenue_btc_daily,3191.87860527,BTC,daily,OBM v0.1.0
2015-04-30,obm_miner_revenue_btc_daily,3366.73387524,BTC,daily,OBM v0.1.0
2015-05-01,obm_miner_revenue_btc_daily,3713.73766087,BTC,daily,OBM v0.1.0
2015-05-02,obm_miner_revenue_btc_daily,3688.99169181,BTC,daily,OBM v0.1.0
2015-05-03,obm_miner_revenue_btc_daily,3537.34368977,BTC,daily,OBM v0.1.0
2015-05-04,obm_miner_revenue_btc_daily,3215.10627218,BTC,daily,OBM v0.1.0
2015-05-05,obm_miner_revenue_btc_daily,3866.32255227,BTC,daily,OBM v0.1.0
2015-05-06,obm_miner_revenue_btc_daily,4040.78427708,BTC,daily,OBM v0.1.0
2015-05-07,obm_miner_revenue_btc_daily,3540.99528963,BTC,daily,OBM v0.1.0
2015-05-08,obm_miner_revenue_btc_daily,3766.57046441,BTC,daily,OBM v0.1.0
2015-05-09,obm_miner_revenue_btc_daily,3238.34743823,BTC,daily,OBM v0.1.0
2015-05-10,obm_miner_revenue_btc_daily,3240.58545140,BTC,daily,OBM v0.1.0
2015-05-11,obm_miner_revenue_btc_daily,3967.33158914,BTC,daily,OBM v0.1.0
2015-05-12,obm_miner_revenue_btc_daily,3766.05606726,BTC,daily,OBM v0.1.0
2015-05-13,obm_miner_revenue_btc_daily,4065.48162095,BTC,daily,OBM v0.1.0
2015-05-14,obm_miner_revenue_btc_daily,3864.06091765,BTC,daily,OBM v0.1.0
2015-05-15,obm_miner_revenue_btc_daily,3690.12186504,BTC,daily,OBM v0.1.0
2015-05-16,obm_miner_revenue_btc_daily,3313.11363793,BTC,daily,OBM v0.1.0
2015-05-17,obm_miner_revenue_btc_daily,4288.07921042,BTC,daily,OBM v0.1.0
2015-05-18,obm_miner_revenue_btc_daily,3614.84130953,BTC,daily,OBM v0.1.0
2015-05-19,obm_miner_revenue_btc_daily,3265.68797983,BTC,daily,OBM v0.1.0
2015-05-20,obm_miner_revenue_btc_daily,3640.04039670,BTC,daily,OBM v0.1.0
2015-05-21,obm_miner_revenue_btc_daily,3889.47529212,BTC,daily,OBM v0.1.0
2015-05-22,obm_miner_revenue_btc_daily,3465.33794565,BTC,daily,OBM v0.1.0
2015-05-23,obm_miner_revenue_btc_daily,2812.75570619,BTC,daily,OBM v0.1.0
2015-05-24,obm_miner_revenue_btc_daily,3663.52427108,BTC,daily,OBM v0.1.0
2015-05-25,obm_miner_revenue_btc_daily,3540.52614626,BTC,daily,OBM v0.1.0
2015-05-26,obm_miner_revenue_btc_daily,3618.04951479,BTC,daily,OBM v0.1.0
2015-05-27,obm_miner_revenue_btc_daily,3466.00109647,BTC,daily,OBM v0.1.0
2015-05-28,obm_miner_revenue_btc_daily,3316.24789347,BTC,daily,OBM v0.1.0
2015-05-29,obm_miner_revenue_btc_daily,3867.83224896,BTC,daily,OBM v0.1.0
2015-05-30,obm_miner_revenue_btc_daily,3417.04206720,BTC,daily,OBM v0.1.0
2015-05-31,obm_miner_revenue_btc_daily,3739.45981082,BTC,daily,OBM v0.1.0
2015-06-01,obm_miner_revenue_btc_daily,3321.70563529,BTC,daily,OBM v0.1.0
2015-06-02,obm_miner_revenue_btc_daily,3768.56065267,BTC,daily,OBM v0.1.0
2015-06-03,obm_miner_revenue_btc_daily,3568.03214868,BTC,daily,OBM v0.1.0
2015-06-04,obm_miner_revenue_btc_daily,3541.82484681,BTC,daily,OBM v0.1.0
2015-06-05,obm_miner_revenue_btc_daily,3465.91131490,BTC,daily,OBM v0.1.0
2015-06-06,obm_miner_revenue_btc_daily,4464.25095862,BTC,daily,OBM v0.1.0
2015-06-07,obm_miner_revenue_btc_daily,3737.96274061,BTC,daily,OBM v0.1.0
2015-06-08,obm_miner_revenue_btc_daily,3942.34380551,BTC,daily,OBM v0.1.0
2015-06-09,obm_miner_revenue_btc_daily,3792.71721190,BTC,daily,OBM v0.1.0
2015-06-10,obm_miner_revenue_btc_daily,4245.08297998,BTC,daily,OBM v0.1.0
2015-06-11,obm_miner_revenue_btc_daily,3392.44264663,BTC,daily,OBM v0.1.0
2015-06-12,obm_miner_revenue_btc_daily,3568.36680608,BTC,daily,OBM v0.1.0
2015-06-13,obm_miner_revenue_btc_daily,3991.90253670,BTC,daily,OBM v0.1.0
2015-06-14,obm_miner_revenue_btc_daily,3715.98348336,BTC,daily,OBM v0.1.0
2015-06-15,obm_miner_revenue_btc_daily,3619.87304204,BTC,daily,OBM v0.1.0
2015-06-16,obm_miner_revenue_btc_daily,2970.13279514,BTC,daily,OBM v0.1.0
2015-06-17,obm_miner_revenue_btc_daily,3973.45269754,BTC,daily,OBM v0.1.0
2015-06-18,obm_miner_revenue_btc_daily,3927.33272035,BTC,daily,OBM v0.1.0
2015-06-19,obm_miner_revenue_btc_daily,3702.30544421,BTC,daily,OBM v0.1.0
2015-06-20,obm_miner_revenue_btc_daily,3365.37216810,BTC,daily,OBM v0.1.0
2015-06-21,obm_miner_revenue_btc_daily,3114.07698414,BTC,daily,OBM v0.1.0
2015-06-22,obm_miner_revenue_btc_daily,3852.92504014,BTC,daily,OBM v0.1.0
2015-06-23,obm_miner_revenue_btc_daily,3518.74452789,BTC,daily,OBM v0.1.0
2015-06-24,obm_miner_revenue_btc_daily,3916.35528118,BTC,daily,OBM v0.1.0
2015-06-25,obm_miner_revenue_btc_daily,3816.69325104,BTC,daily,OBM v0.1.0
2015-06-26,obm_miner_revenue_btc_daily,3868.16023869,BTC,daily,OBM v0.1.0
2015-06-27,obm_miner_revenue_btc_daily,3241.74241236,BTC,daily,OBM v0.1.0
2015-06-28,obm_miner_revenue_btc_daily,3540.39498690,BTC,daily,OBM v0.1.0
2015-06-29,obm_miner_revenue_btc_daily,3518.70253432,BTC,daily,OBM v0.1.0
2015-06-30,obm_miner_revenue_btc_daily,3654.95122247,BTC,daily,OBM v0.1.0
2015-07-01,obm_miner_revenue_btc_daily,3396.27628595,BTC,daily,OBM v0.1.0
2015-07-02,obm_miner_revenue_btc_daily,3874.29662311,BTC,daily,OBM v0.1.0
2015-07-03,obm_miner_revenue_btc_daily,4047.79418437,BTC,daily,OBM v0.1.0
2015-07-04,obm_miner_revenue_btc_daily,3817.84510252,BTC,daily,OBM v0.1.0
2015-07-05,obm_miner_revenue_btc_daily,3570.94808987,BTC,daily,OBM v0.1.0
2015-07-06,obm_miner_revenue_btc_daily,4560.59063900,BTC,daily,OBM v0.1.0
2015-07-07,obm_miner_revenue_btc_daily,3393.28253875,BTC,daily,OBM v0.1.0
2015-07-08,obm_miner_revenue_btc_daily,4075.78148310,BTC,daily,OBM v0.1.0
2015-07-09,obm_miner_revenue_btc_daily,3365.17988719,BTC,daily,OBM v0.1.0
2015-07-10,obm_miner_revenue_btc_daily,3887.36990049,BTC,daily,OBM v0.1.0
2015-07-11,obm_miner_revenue_btc_daily,3738.71393068,BTC,daily,OBM v0.1.0
2015-07-12,obm_miner_revenue_btc_daily,3419.36391382,BTC,daily,OBM v0.1.0
2015-07-13,obm_miner_revenue_btc_daily,3732.26811751,BTC,daily,OBM v0.1.0
2015-07-14,obm_miner_revenue_btc_daily,3629.19469656,BTC,daily,OBM v0.1.0
2015-07-15,obm_miner_revenue_btc_daily,3851.13382277,BTC,daily,OBM v0.1.0
2015-07-16,obm_miner_revenue_btc_daily,3377.39621947,BTC,daily,OBM v0.1.0
2015-07-17,obm_miner_revenue_btc_daily,3699.04523437,BTC,daily,OBM v0.1.0
2015-07-18,obm_miner_revenue_btc_daily,3768.55700027,BTC,daily,OBM v0.1.0
2015-07-19,obm_miner_revenue_btc_daily,3819.63776890,BTC,daily,OBM v0.1.0
2015-07-20,obm_miner_revenue_btc_daily,3940.05246965,BTC,daily,OBM v0.1.0
2015-07-21,obm_miner_revenue_btc_daily,3200.67332781,BTC,daily,OBM v0.1.0
2015-07-22,obm_miner_revenue_btc_daily,3877.36251591,BTC,daily,OBM v0.1.0
2015-07-23,obm_miner_revenue_btc_daily,3526.58585451,BTC,daily,OBM v0.1.0
2015-07-24,obm_miner_revenue_btc_daily,4248.27602155,BTC,daily,OBM v0.1.0
2015-07-25,obm_miner_revenue_btc_daily,3870.24099182,BTC,daily,OBM v0.1.0
2015-07-26,obm_miner_revenue_btc_daily,3621.17046613,BTC,daily,OBM v0.1.0
2015-07-27,obm_miner_revenue_btc_daily,3756.33315906,BTC,daily,OBM v0.1.0
2015-07-28,obm_miner_revenue_btc_daily,3427.90367841,BTC,daily,OBM v0.1.0
2015-07-29,obm_miner_revenue_btc_daily,3839.00263677,BTC,daily,OBM v0.1.0
2015-07-30,obm_miner_revenue_btc_daily,3384.02627027,BTC,daily,OBM v0.1.0
2015-07-31,obm_miner_revenue_btc_daily,3812.75865133,BTC,daily,OBM v0.1.0
2015-08-01,obm_miner_revenue_btc_daily,3907.67417545,BTC,daily,OBM v0.1.0
2015-08-02,obm_miner_revenue_btc_daily,3795.81821964,BTC,daily,OBM v0.1.0
2015-08-03,obm_miner_revenue_btc_daily,3952.09518893,BTC,daily,OBM v0.1.0
2015-08-04,obm_miner_revenue_btc_daily,3435.18586297,BTC,daily,OBM v0.1.0
2015-08-05,obm_miner_revenue_btc_daily,3358.89808802,BTC,daily,OBM v0.1.0
2015-08-06,obm_miner_revenue_btc_daily,3612.05030425,BTC,daily,OBM v0.1.0
2015-08-07,obm_miner_revenue_btc_daily,3450.06010357,BTC,daily,OBM v0.1.0
2015-08-08,obm_miner_revenue_btc_daily,4047.40730609,BTC,daily,OBM v0.1.0
2015-08-09,obm_miner_revenue_btc_daily,3569.00348649,BTC,daily,OBM v0.1.0
2015-08-10,obm_miner_revenue_btc_daily,4203.56865140,BTC,daily,OBM v0.1.0
2015-08-11,obm_miner_revenue_btc_daily,4076.09037644,BTC,daily,OBM v0.1.0
2015-08-12,obm_miner_revenue_btc_daily,3175.59291304,BTC,daily,OBM v0.1.0
2015-08-13,obm_miner_revenue_btc_daily,3699.68525201,BTC,daily,OBM v0.1.0
2015-08-14,obm_miner_revenue_btc_daily,3574.26238231,BTC,daily,OBM v0.1.0
2015-08-15,obm_miner_revenue_btc_daily,3445.52411840,BTC,daily,OBM v0.1.0
2015-08-16,obm_miner_revenue_btc_daily,3468.95351010,BTC,daily,OBM v0.1.0
2015-08-17,obm_miner_revenue_btc_daily,3698.50533255,BTC,daily,OBM v0.1.0
2015-08-18,obm_miner_revenue_btc_daily,3550.60465587,BTC,daily,OBM v0.1.0
2015-08-19,obm_miner_revenue_btc_daily,3924.16873641,BTC,daily,OBM v0.1.0
2015-08-20,obm_miner_revenue_btc_daily,3775.77554216,BTC,daily,OBM v0.1.0
2015-08-21,obm_miner_revenue_btc_daily,4148.20451447,BTC,daily,OBM v0.1.0
2015-08-22,obm_miner_revenue_btc_daily,3972.39789595,BTC,daily,OBM v0.1.0
2015-08-23,obm_miner_revenue_btc_daily,3370.68006617,BTC,daily,OBM v0.1.0
2015-08-24,obm_miner_revenue_btc_daily,3901.21538332,BTC,daily,OBM v0.1.0
2015-08-25,obm_miner_revenue_btc_daily,3400.24057210,BTC,daily,OBM v0.1.0
2015-08-26,obm_miner_revenue_btc_daily,4050.15845138,BTC,daily,OBM v0.1.0
2015-08-27,obm_miner_revenue_btc_daily,3448.87492571,BTC,daily,OBM v0.1.0
2015-08-28,obm_miner_revenue_btc_daily,3899.44245868,BTC,daily,OBM v0.1.0
2015-08-29,obm_miner_revenue_btc_daily,4021.35923021,BTC,daily,OBM v0.1.0
2015-08-30,obm_miner_revenue_btc_daily,3769.51472621,BTC,daily,OBM v0.1.0
2015-08-31,obm_miner_revenue_btc_daily,3952.56912196,BTC,daily,OBM v0.1.0
2015-09-01,obm_miner_revenue_btc_daily,3875.26556984,BTC,daily,OBM v0.1.0
2015-09-02,obm_miner_revenue_btc_daily,4053.88841426,BTC,daily,OBM v0.1.0
2015-09-03,obm_miner_revenue_btc_daily,3677.97427509,BTC,daily,OBM v0.1.0
2015-09-04,obm_miner_revenue_btc_daily,3925.08295191,BTC,daily,OBM v0.1.0
2015-09-05,obm_miner_revenue_btc_daily,3702.84723132,BTC,daily,OBM v0.1.0
2015-09-06,obm_miner_revenue_btc_daily,3621.87159142,BTC,daily,OBM v0.1.0
2015-09-07,obm_miner_revenue_btc_daily,3829.70364898,BTC,daily,OBM v0.1.0
2015-09-08,obm_miner_revenue_btc_daily,3425.62157265,BTC,daily,OBM v0.1.0
2015-09-09,obm_miner_revenue_btc_daily,3752.16877078,BTC,daily,OBM v0.1.0
2015-09-10,obm_miner_revenue_btc_daily,4302.79300834,BTC,daily,OBM v0.1.0
2015-09-11,obm_miner_revenue_btc_daily,3988.07931771,BTC,daily,OBM v0.1.0
2015-09-12,obm_miner_revenue_btc_daily,3404.08465555,BTC,daily,OBM v0.1.0
2015-09-13,obm_miner_revenue_btc_daily,3800.36632619,BTC,daily,OBM v0.1.0
2015-09-14,obm_miner_revenue_btc_daily,3831.22149088,BTC,daily,OBM v0.1.0
2015-09-15,obm_miner_revenue_btc_daily,4028.87989851,BTC,daily,OBM v0.1.0
2015-09-16,obm_miner_revenue_btc_daily,3576.10466496,BTC,daily,OBM v0.1.0
2015-09-17,obm_miner_revenue_btc_daily,3627.11789352,BTC,daily,OBM v0.1.0
2015-09-18,obm_miner_revenue_btc_daily,3700.40203437,BTC,daily,OBM v0.1.0
2015-09-19,obm_miner_revenue_btc_daily,3146.74704429,BTC,daily,OBM v0.1.0
2015-09-20,obm_miner_revenue_btc_daily,3221.25348050,BTC,daily,OBM v0.1.0
2015-09-21,obm_miner_revenue_btc_daily,3328.77250376,BTC,daily,OBM v0.1.0
2015-09-22,obm_miner_revenue_btc_daily,3952.82720079,BTC,daily,OBM v0.1.0
2015-09-23,obm_miner_revenue_btc_daily,3975.52187592,BTC,daily,OBM v0.1.0
2015-09-24,obm_miner_revenue_btc_daily,3524.27461543,BTC,daily,OBM v0.1.0
2015-09-25,obm_miner_revenue_btc_daily,4127.11947875,BTC,daily,OBM v0.1.0
2015-09-26,obm_miner_revenue_btc_daily,3699.99832779,BTC,daily,OBM v0.1.0
2015-09-27,obm_miner_revenue_btc_daily,3746.98745167,BTC,daily,OBM v0.1.0
2015-09-28,obm_miner_revenue_btc_daily,3601.28988147,BTC,daily,OBM v0.1.0
2015-09-29,obm_miner_revenue_btc_daily,4377.37654970,BTC,daily,OBM v0.1.0
2015-09-30,obm_miner_revenue_btc_daily,3726.79319008,BTC,daily,OBM v0.1.0
2015-10-01,obm_miner_revenue_btc_daily,3753.82708269,BTC,daily,OBM v0.1.0
2015-10-02,obm_miner_revenue_btc_daily,3475.92049816,BTC,daily,OBM v0.1.0
2015-10-03,obm_miner_revenue_btc_daily,3646.68642606,BTC,daily,OBM v0.1.0
2015-10-04,obm_miner_revenue_btc_daily,3844.36537912,BTC,daily,OBM v0.1.0
2015-10-05,obm_miner_revenue_btc_daily,3848.34896688,BTC,daily,OBM v0.1.0
2015-10-06,obm_miner_revenue_btc_daily,3575.80662237,BTC,daily,OBM v0.1.0
2015-10-07,obm_miner_revenue_btc_daily,3349.96770404,BTC,daily,OBM v0.1.0
2015-10-08,obm_miner_revenue_btc_daily,3526.86679732,BTC,daily,OBM v0.1.0
2015-10-09,obm_miner_revenue_btc_daily,3173.10188544,BTC,daily,OBM v0.1.0
2015-10-10,obm_miner_revenue_btc_daily,4024.80907025,BTC,daily,OBM v0.1.0
2015-10-11,obm_miner_revenue_btc_daily,3669.35308736,BTC,daily,OBM v0.1.0
2015-10-12,obm_miner_revenue_btc_daily,3575.47023804,BTC,daily,OBM v0.1.0
2015-10-13,obm_miner_revenue_btc_daily,3449.94470798,BTC,daily,OBM v0.1.0
2015-10-14,obm_miner_revenue_btc_daily,3827.15648782,BTC,daily,OBM v0.1.0
2015-10-15,obm_miner_revenue_btc_daily,4178.38709887,BTC,daily,OBM v0.1.0
2015-10-16,obm_miner_revenue_btc_daily,3628.35618390,BTC,daily,OBM v0.1.0
2015-10-17,obm_miner_revenue_btc_daily,3427.00692963,BTC,daily,OBM v0.1.0
2015-10-18,obm_miner_revenue_btc_daily,3647.87814229,BTC,daily,OBM v0.1.0
2015-10-19,obm_miner_revenue_btc_daily,4153.30097624,BTC,daily,OBM v0.1.0
2015-10-20,obm_miner_revenue_btc_daily,3231.63227656,BTC,daily,OBM v0.1.0
2015-10-21,obm_miner_revenue_btc_daily,3628.40338671,BTC,daily,OBM v0.1.0
2015-10-22,obm_miner_revenue_btc_daily,3729.41208760,BTC,daily,OBM v0.1.0
2015-10-23,obm_miner_revenue_btc_daily,3753.73077494,BTC,daily,OBM v0.1.0
2015-10-24,obm_miner_revenue_btc_daily,3651.88985085,BTC,daily,OBM v0.1.0
2015-10-25,obm_miner_revenue_btc_daily,3899.82972719,BTC,daily,OBM v0.1.0
2015-10-26,obm_miner_revenue_btc_daily,4126.65010032,BTC,daily,OBM v0.1.0
2015-10-27,obm_miner_revenue_btc_daily,3704.03670838,BTC,daily,OBM v0.1.0
2015-10-28,obm_miner_revenue_btc_daily,3505.11709528,BTC,daily,OBM v0.1.0
2015-10-29,obm_miner_revenue_btc_daily,3808.96205933,BTC,daily,OBM v0.1.0
2015-10-30,obm_miner_revenue_btc_daily,4307.04370245,BTC,daily,OBM v0.1.0
2015-10-31,obm_miner_revenue_btc_daily,3703.54469017,BTC,daily,OBM v0.1.0
2015-11-01,obm_miner_revenue_btc_daily,3852.34475095,BTC,daily,OBM v0.1.0
2015-11-02,obm_miner_revenue_btc_daily,3858.28238640,BTC,daily,OBM v0.1.0
2015-11-03,obm_miner_revenue_btc_daily,3909.34305541,BTC,daily,OBM v0.1.0
2015-11-04,obm_miner_revenue_btc_daily,3919.91027343,BTC,daily,OBM v0.1.0
2015-11-05,obm_miner_revenue_btc_daily,3684.12758502,BTC,daily,OBM v0.1.0
2015-11-06,obm_miner_revenue_btc_daily,3657.32119456,BTC,daily,OBM v0.1.0
2015-11-07,obm_miner_revenue_btc_daily,3825.79858313,BTC,daily,OBM v0.1.0
2015-11-08,obm_miner_revenue_btc_daily,3498.43890815,BTC,daily,OBM v0.1.0
2015-11-09,obm_miner_revenue_btc_daily,3754.59354321,BTC,daily,OBM v0.1.0
2015-11-10,obm_miner_revenue_btc_daily,3679.20202127,BTC,daily,OBM v0.1.0
2015-11-11,obm_miner_revenue_btc_daily,4227.96582529,BTC,daily,OBM v0.1.0
2015-11-12,obm_miner_revenue_btc_daily,4050.76607374,BTC,daily,OBM v0.1.0
2015-11-13,obm_miner_revenue_btc_daily,4025.62122509,BTC,daily,OBM v0.1.0
2015-11-14,obm_miner_revenue_btc_daily,3574.47520325,BTC,daily,OBM v0.1.0
2015-11-15,obm_miner_revenue_btc_daily,4023.01078957,BTC,daily,OBM v0.1.0
2015-11-16,obm_miner_revenue_btc_daily,4352.79466448,BTC,daily,OBM v0.1.0
2015-11-17,obm_miner_revenue_btc_daily,3751.30052583,BTC,daily,OBM v0.1.0
2015-11-18,obm_miner_revenue_btc_daily,3852.37508755,BTC,daily,OBM v0.1.0
2015-11-19,obm_miner_revenue_btc_daily,3425.73583511,BTC,daily,OBM v0.1.0
2015-11-20,obm_miner_revenue_btc_daily,4200.74141814,BTC,daily,OBM v0.1.0
2015-11-21,obm_miner_revenue_btc_daily,4373.84630843,BTC,daily,OBM v0.1.0
2015-11-22,obm_miner_revenue_btc_daily,4323.30401546,BTC,daily,OBM v0.1.0
2015-11-23,obm_miner_revenue_btc_daily,4100.64701023,BTC,daily,OBM v0.1.0
2015-11-24,obm_miner_revenue_btc_daily,3925.12325561,BTC,daily,OBM v0.1.0
2015-11-25,obm_miner_revenue_btc_daily,3726.50728282,BTC,daily,OBM v0.1.0
2015-11-26,obm_miner_revenue_btc_daily,4427.95046286,BTC,daily,OBM v0.1.0
2015-11-27,obm_miner_revenue_btc_daily,3351.65176592,BTC,daily,OBM v0.1.0
2015-11-28,obm_miner_revenue_btc_daily,3876.47215741,BTC,daily,OBM v0.1.0
2015-11-29,obm_miner_revenue_btc_daily,3747.17266336,BTC,daily,OBM v0.1.0
2015-11-30,obm_miner_revenue_btc_daily,4084.29084643,BTC,daily,OBM v0.1.0
2015-12-01,obm_miner_revenue_btc_daily,4206.25843549,BTC,daily,OBM v0.1.0
2015-12-02,obm_miner_revenue_btc_daily,4057.47262681,BTC,daily,OBM v0.1.0
2015-12-03,obm_miner_revenue_btc_daily,3579.71151175,BTC,daily,OBM v0.1.0
2015-12-04,obm_miner_revenue_btc_daily,3853.66553139,BTC,daily,OBM v0.1.0
2015-12-05,obm_miner_revenue_btc_daily,4406.07756174,BTC,daily,OBM v0.1.0
2015-12-06,obm_miner_revenue_btc_daily,4005.36759062,BTC,daily,OBM v0.1.0
2015-12-07,obm_miner_revenue_btc_daily,3708.02830019,BTC,daily,OBM v0.1.0
2015-12-08,obm_miner_revenue_btc_daily,4407.78755044,BTC,daily,OBM v0.1.0
2015-12-09,obm_miner_revenue_btc_daily,4237.30535029,BTC,daily,OBM v0.1.0
2015-12-10,obm_miner_revenue_btc_daily,5435.89685418,BTC,daily,OBM v0.1.0
2015-12-11,obm_miner_revenue_btc_daily,4043.27706332,BTC,daily,OBM v0.1.0
2015-12-12,obm_miner_revenue_btc_daily,4086.96162758,BTC,daily,OBM v0.1.0
2015-12-13,obm_miner_revenue_btc_daily,3583.25167033,BTC,daily,OBM v0.1.0
2015-12-14,obm_miner_revenue_btc_daily,4915.52758586,BTC,daily,OBM v0.1.0
2015-12-15,obm_miner_revenue_btc_daily,4614.99899310,BTC,daily,OBM v0.1.0
2015-12-16,obm_miner_revenue_btc_daily,4112.38604758,BTC,daily,OBM v0.1.0
2015-12-17,obm_miner_revenue_btc_daily,3912.64708734,BTC,daily,OBM v0.1.0
2015-12-18,obm_miner_revenue_btc_daily,4262.77548047,BTC,daily,OBM v0.1.0
2015-12-19,obm_miner_revenue_btc_daily,3960.23701085,BTC,daily,OBM v0.1.0
2015-12-20,obm_miner_revenue_btc_daily,4158.53649378,BTC,daily,OBM v0.1.0
2015-12-21,obm_miner_revenue_btc_daily,3766.10369193,BTC,daily,OBM v0.1.0
2015-12-22,obm_miner_revenue_btc_daily,3789.13063975,BTC,daily,OBM v0.1.0
2015-12-23,obm_miner_revenue_btc_daily,3964.81257790,BTC,daily,OBM v0.1.0
2015-12-24,obm_miner_revenue_btc_daily,3486.33612595,BTC,daily,OBM v0.1.0
2015-12-25,obm_miner_revenue_btc_daily,4079.58094326,BTC,daily,OBM v0.1.0
2015-12-26,obm_miner_revenue_btc_daily,4306.37472184,BTC,daily,OBM v0.1.0
2015-12-27,obm_miner_revenue_btc_daily,5152.06454523,BTC,daily,OBM v0.1.0
2015-12-28,obm_miner_revenue_btc_daily,3806.14441685,BTC,daily,OBM v0.1.0
2015-12-29,obm_miner_revenue_btc_daily,4006.35063356,BTC,daily,OBM v0.1.0
2015-12-30,obm_miner_revenue_btc_daily,4155.79767766,BTC,daily,OBM v0.1.0
2015-12-31,obm_miner_revenue_btc_daily,3575.50670682,BTC,daily,OBM v0.1.0
2016-01-01,obm_miner_revenue_btc_daily,3394.82080598,BTC,daily,OBM v0.1.0
2016-01-02,obm_miner_revenue_btc_daily,3656.37600479,BTC,daily,OBM v0.1.0
2016-01-03,obm_miner_revenue_btc_daily,3649.08304879,BTC,daily,OBM v0.1.0
2016-01-04,obm_miner_revenue_btc_daily,4555.74684308,BTC,daily,OBM v0.1.0
2016-01-05,obm_miner_revenue_btc_daily,3957.27846687,BTC,daily,OBM v0.1.0
2016-01-06,obm_miner_revenue_btc_daily,3555.40324362,BTC,daily,OBM v0.1.0
2016-01-07,obm_miner_revenue_btc_daily,3712.02453793,BTC,daily,OBM v0.1.0
2016-01-08,obm_miner_revenue_btc_daily,4357.53002298,BTC,daily,OBM v0.1.0
2016-01-09,obm_miner_revenue_btc_daily,3805.22393822,BTC,daily,OBM v0.1.0
2016-01-10,obm_miner_revenue_btc_daily,4402.95780106,BTC,daily,OBM v0.1.0
2016-01-11,obm_miner_revenue_btc_daily,4285.90416653,BTC,daily,OBM v0.1.0
2016-01-12,obm_miner_revenue_btc_daily,4284.70749772,BTC,daily,OBM v0.1.0
2016-01-13,obm_miner_revenue_btc_daily,3734.27954249,BTC,daily,OBM v0.1.0
2016-01-14,obm_miner_revenue_btc_daily,3356.82088874,BTC,daily,OBM v0.1.0
2016-01-15,obm_miner_revenue_btc_daily,3085.76071656,BTC,daily,OBM v0.1.0
2016-01-16,obm_miner_revenue_btc_daily,3584.77336876,BTC,daily,OBM v0.1.0
2016-01-17,obm_miner_revenue_btc_daily,3811.32679500,BTC,daily,OBM v0.1.0
2016-01-18,obm_miner_revenue_btc_daily,4364.48023545,BTC,daily,OBM v0.1.0
2016-01-19,obm_miner_revenue_btc_daily,3364.67840683,BTC,daily,OBM v0.1.0
2016-01-20,obm_miner_revenue_btc_daily,3846.47964248,BTC,daily,OBM v0.1.0
2016-01-21,obm_miner_revenue_btc_daily,3475.36037950,BTC,daily,OBM v0.1.0
2016-01-22,obm_miner_revenue_btc_daily,4445.16359551,BTC,daily,OBM v0.1.0
2016-01-23,obm_miner_revenue_btc_daily,4513.59889347,BTC,daily,OBM v0.1.0
2016-01-24,obm_miner_revenue_btc_daily,4315.18242360,BTC,daily,OBM v0.1.0
2016-01-25,obm_miner_revenue_btc_daily,4095.98396640,BTC,daily,OBM v0.1.0
2016-01-26,obm_miner_revenue_btc_daily,4047.01650631,BTC,daily,OBM v0.1.0
2016-01-27,obm_miner_revenue_btc_daily,3924.12850373,BTC,daily,OBM v0.1.0
2016-01-28,obm_miner_revenue_btc_daily,3697.43453192,BTC,daily,OBM v0.1.0
2016-01-29,obm_miner_revenue_btc_daily,4271.98023086,BTC,daily,OBM v0.1.0
2016-01-30,obm_miner_revenue_btc_daily,4713.97923245,BTC,daily,OBM v0.1.0
2016-01-31,obm_miner_revenue_btc_daily,4559.55384553,BTC,daily,OBM v0.1.0
2016-02-01,obm_miner_revenue_btc_daily,4080.98834185,BTC,daily,OBM v0.1.0
2016-02-02,obm_miner_revenue_btc_daily,4558.64427461,BTC,daily,OBM v0.1.0
2016-02-03,obm_miner_revenue_btc_daily,4519.72773300,BTC,daily,OBM v0.1.0
2016-02-04,obm_miner_revenue_btc_daily,4238.13751292,BTC,daily,OBM v0.1.0
2016-02-05,obm_miner_revenue_btc_daily,4743.03457951,BTC,daily,OBM v0.1.0
2016-02-06,obm_miner_revenue_btc_daily,5040.20959148,BTC,daily,OBM v0.1.0
2016-02-07,obm_miner_revenue_btc_daily,4438.93269746,BTC,daily,OBM v0.1.0
2016-02-08,obm_miner_revenue_btc_daily,3742.13873335,BTC,daily,OBM v0.1.0
2016-02-09,obm_miner_revenue_btc_daily,4441.75333830,BTC,daily,OBM v0.1.0
2016-02-10,obm_miner_revenue_btc_daily,4145.10160409,BTC,daily,OBM v0.1.0
2016-02-11,obm_miner_revenue_btc_daily,4844.25502408,BTC,daily,OBM v0.1.0
2016-02-12,obm_miner_revenue_btc_daily,4314.03763903,BTC,daily,OBM v0.1.0
2016-02-13,obm_miner_revenue_btc_daily,3934.91582779,BTC,daily,OBM v0.1.0
2016-02-14,obm_miner_revenue_btc_daily,4185.15265778,BTC,daily,OBM v0.1.0
2016-02-15,obm_miner_revenue_btc_daily,3842.11669849,BTC,daily,OBM v0.1.0
2016-02-16,obm_miner_revenue_btc_daily,3492.20291344,BTC,daily,OBM v0.1.0
2016-02-17,obm_miner_revenue_btc_daily,3918.84467565,BTC,daily,OBM v0.1.0
2016-02-18,obm_miner_revenue_btc_daily,4268.33919321,BTC,daily,OBM v0.1.0
2016-02-19,obm_miner_revenue_btc_daily,3670.93178995,BTC,daily,OBM v0.1.0
2016-02-20,obm_miner_revenue_btc_daily,3791.35279322,BTC,daily,OBM v0.1.0
2016-02-21,obm_miner_revenue_btc_daily,3240.31753710,BTC,daily,OBM v0.1.0
2016-02-22,obm_miner_revenue_btc_daily,3220.80619995,BTC,daily,OBM v0.1.0
2016-02-23,obm_miner_revenue_btc_daily,3448.35862446,BTC,daily,OBM v0.1.0
2016-02-24,obm_miner_revenue_btc_daily,2995.99151748,BTC,daily,OBM v0.1.0
2016-02-25,obm_miner_revenue_btc_daily,3920.89148285,BTC,daily,OBM v0.1.0
2016-02-26,obm_miner_revenue_btc_daily,3542.35918186,BTC,daily,OBM v0.1.0
2016-02-27,obm_miner_revenue_btc_daily,3712.33826946,BTC,daily,OBM v0.1.0
2016-02-28,obm_miner_revenue_btc_daily,3394.48851907,BTC,daily,OBM v0.1.0
2016-02-29,obm_miner_revenue_btc_daily,3380.28146424,BTC,daily,OBM v0.1.0
2016-03-01,obm_miner_revenue_btc_daily,3585.06599979,BTC,daily,OBM v0.1.0
2016-03-02,obm_miner_revenue_btc_daily,4017.15325496,BTC,daily,OBM v0.1.0
2016-03-03,obm_miner_revenue_btc_daily,3431.09368275,BTC,daily,OBM v0.1.0
2016-03-04,obm_miner_revenue_btc_daily,3926.56297271,BTC,daily,OBM v0.1.0
2016-03-05,obm_miner_revenue_btc_daily,3812.07709524,BTC,daily,OBM v0.1.0
2016-03-06,obm_miner_revenue_btc_daily,3739.12461422,BTC,daily,OBM v0.1.0
2016-03-07,obm_miner_revenue_btc_daily,3368.73955784,BTC,daily,OBM v0.1.0
2016-03-08,obm_miner_revenue_btc_daily,3894.92403847,BTC,daily,OBM v0.1.0
2016-03-09,obm_miner_revenue_btc_daily,4254.68048263,BTC,daily,OBM v0.1.0
2016-03-10,obm_miner_revenue_btc_daily,3916.07926816,BTC,daily,OBM v0.1.0
2016-03-11,obm_miner_revenue_btc_daily,4039.76764706,BTC,daily,OBM v0.1.0
2016-03-12,obm_miner_revenue_btc_daily,3634.40586731,BTC,daily,OBM v0.1.0
2016-03-13,obm_miner_revenue_btc_daily,3360.80250793,BTC,daily,OBM v0.1.0
2016-03-14,obm_miner_revenue_btc_daily,3841.05698574,BTC,daily,OBM v0.1.0
2016-03-15,obm_miner_revenue_btc_daily,4067.88754793,BTC,daily,OBM v0.1.0
2016-03-16,obm_miner_revenue_btc_daily,3847.99646002,BTC,daily,OBM v0.1.0
2016-03-17,obm_miner_revenue_btc_daily,3571.32816082,BTC,daily,OBM v0.1.0
2016-03-18,obm_miner_revenue_btc_daily,3442.89497200,BTC,daily,OBM v0.1.0
2016-03-19,obm_miner_revenue_btc_daily,3434.35487023,BTC,daily,OBM v0.1.0
2016-03-20,obm_miner_revenue_btc_daily,3683.74667059,BTC,daily,OBM v0.1.0
2016-03-21,obm_miner_revenue_btc_daily,3516.13390235,BTC,daily,OBM v0.1.0
2016-03-22,obm_miner_revenue_btc_daily,3742.63768215,BTC,daily,OBM v0.1.0
2016-03-23,obm_miner_revenue_btc_daily,3763.35156743,BTC,daily,OBM v0.1.0
2016-03-24,obm_miner_revenue_btc_daily,3713.50255692,BTC,daily,OBM v0.1.0
2016-03-25,obm_miner_revenue_btc_daily,3682.70337620,BTC,daily,OBM v0.1.0
2016-03-26,obm_miner_revenue_btc_daily,3860.83237590,BTC,daily,OBM v0.1.0
2016-03-27,obm_miner_revenue_btc_daily,3556.75097348,BTC,daily,OBM v0.1.0
2016-03-28,obm_miner_revenue_btc_daily,4296.15226717,BTC,daily,OBM v0.1.0
2016-03-29,obm_miner_revenue_btc_daily,3982.79052183,BTC,daily,OBM v0.1.0
2016-03-30,obm_miner_revenue_btc_daily,3720.75345212,BTC,daily,OBM v0.1.0
2016-03-31,obm_miner_revenue_btc_daily,3145.74989907,BTC,daily,OBM v0.1.0
2016-04-01,obm_miner_revenue_btc_daily,3878.22769540,BTC,daily,OBM v0.1.0
2016-04-02,obm_miner_revenue_btc_daily,3524.66375403,BTC,daily,OBM v0.1.0
2016-04-03,obm_miner_revenue_btc_daily,3593.58224685,BTC,daily,OBM v0.1.0
2016-04-04,obm_miner_revenue_btc_daily,4195.08180774,BTC,daily,OBM v0.1.0
2016-04-05,obm_miner_revenue_btc_daily,3922.92742177,BTC,daily,OBM v0.1.0
2016-04-06,obm_miner_revenue_btc_daily,3983.44875393,BTC,daily,OBM v0.1.0
2016-04-07,obm_miner_revenue_btc_daily,3519.73522886,BTC,daily,OBM v0.1.0
2016-04-08,obm_miner_revenue_btc_daily,3643.53738918,BTC,daily,OBM v0.1.0
2016-04-09,obm_miner_revenue_btc_daily,4086.54361898,BTC,daily,OBM v0.1.0
2016-04-10,obm_miner_revenue_btc_daily,4358.25339902,BTC,daily,OBM v0.1.0
2016-04-11,obm_miner_revenue_btc_daily,3875.11203705,BTC,daily,OBM v0.1.0
2016-04-12,obm_miner_revenue_btc_daily,3750.75962758,BTC,daily,OBM v0.1.0
2016-04-13,obm_miner_revenue_btc_daily,4145.74314812,BTC,daily,OBM v0.1.0
2016-04-14,obm_miner_revenue_btc_daily,4144.86320501,BTC,daily,OBM v0.1.0
2016-04-15,obm_miner_revenue_btc_daily,3519.67354732,BTC,daily,OBM v0.1.0
2016-04-16,obm_miner_revenue_btc_daily,3484.12321152,BTC,daily,OBM v0.1.0
2016-04-17,obm_miner_revenue_btc_daily,3984.28061725,BTC,daily,OBM v0.1.0
2016-04-18,obm_miner_revenue_btc_daily,3397.33042977,BTC,daily,OBM v0.1.0
2016-04-19,obm_miner_revenue_btc_daily,3793.48327587,BTC,daily,OBM v0.1.0
2016-04-20,obm_miner_revenue_btc_daily,4168.21507171,BTC,daily,OBM v0.1.0
2016-04-21,obm_miner_revenue_btc_daily,3817.82120266,BTC,daily,OBM v0.1.0
2016-04-22,obm_miner_revenue_btc_daily,3617.68874359,BTC,daily,OBM v0.1.0
2016-04-23,obm_miner_revenue_btc_daily,3633.15097021,BTC,daily,OBM v0.1.0
2016-04-24,obm_miner_revenue_btc_daily,3333.26865456,BTC,daily,OBM v0.1.0
2016-04-25,obm_miner_revenue_btc_daily,3218.29847026,BTC,daily,OBM v0.1.0
2016-04-26,obm_miner_revenue_btc_daily,4112.75557382,BTC,daily,OBM v0.1.0
2016-04-27,obm_miner_revenue_btc_daily,3271.11149971,BTC,daily,OBM v0.1.0
2016-04-28,obm_miner_revenue_btc_daily,3424.62034503,BTC,daily,OBM v0.1.0
2016-04-29,obm_miner_revenue_btc_daily,3999.91958740,BTC,daily,OBM v0.1.0
2016-04-30,obm_miner_revenue_btc_daily,3690.87923127,BTC,daily,OBM v0.1.0
2016-05-01,obm_miner_revenue_btc_daily,3909.50281105,BTC,daily,OBM v0.1.0
2016-05-02,obm_miner_revenue_btc_daily,3970.13159943,BTC,daily,OBM v0.1.0
2016-05-03,obm_miner_revenue_btc_daily,3819.86828296,BTC,daily,OBM v0.1.0
2016-05-04,obm_miner_revenue_btc_daily,4222.16983445,BTC,daily,OBM v0.1.0
2016-05-05,obm_miner_revenue_btc_daily,3919.25619976,BTC,daily,OBM v0.1.0
2016-05-06,obm_miner_revenue_btc_daily,4094.51955200,BTC,daily,OBM v0.1.0
2016-05-07,obm_miner_revenue_btc_daily,3787.61683514,BTC,daily,OBM v0.1.0
2016-05-08,obm_miner_revenue_btc_daily,4234.73771327,BTC,daily,OBM v0.1.0
2016-05-09,obm_miner_revenue_btc_daily,4315.46544740,BTC,daily,OBM v0.1.0
2016-05-10,obm_miner_revenue_btc_daily,3998.10185732,BTC,daily,OBM v0.1.0
2016-05-11,obm_miner_revenue_btc_daily,3370.88566709,BTC,daily,OBM v0.1.0
2016-05-12,obm_miner_revenue_btc_daily,3521.75238994,BTC,daily,OBM v0.1.0
2016-05-13,obm_miner_revenue_btc_daily,3847.58216903,BTC,daily,OBM v0.1.0
2016-05-14,obm_miner_revenue_btc_daily,3648.00318276,BTC,daily,OBM v0.1.0
2016-05-15,obm_miner_revenue_btc_daily,3520.61359577,BTC,daily,OBM v0.1.0
2016-05-16,obm_miner_revenue_btc_daily,3585.51568467,BTC,daily,OBM v0.1.0
2016-05-17,obm_miner_revenue_btc_daily,3583.44087260,BTC,daily,OBM v0.1.0
2016-05-18,obm_miner_revenue_btc_daily,3883.26811656,BTC,daily,OBM v0.1.0
2016-05-19,obm_miner_revenue_btc_daily,3054.98968957,BTC,daily,OBM v0.1.0
2016-05-20,obm_miner_revenue_btc_daily,3776.58622819,BTC,daily,OBM v0.1.0
2016-05-21,obm_miner_revenue_btc_daily,3581.82664163,BTC,daily,OBM v0.1.0
2016-05-22,obm_miner_revenue_btc_daily,4643.20770201,BTC,daily,OBM v0.1.0
2016-05-23,obm_miner_revenue_btc_daily,4554.73645083,BTC,daily,OBM v0.1.0
2016-05-24,obm_miner_revenue_btc_daily,3734.53134626,BTC,daily,OBM v0.1.0
2016-05-25,obm_miner_revenue_btc_daily,3509.87550803,BTC,daily,OBM v0.1.0
2016-05-26,obm_miner_revenue_btc_daily,3430.65651605,BTC,daily,OBM v0.1.0
2016-05-27,obm_miner_revenue_btc_daily,3545.89209327,BTC,daily,OBM v0.1.0
2016-05-28,obm_miner_revenue_btc_daily,3377.34180926,BTC,daily,OBM v0.1.0
2016-05-29,obm_miner_revenue_btc_daily,3722.98546674,BTC,daily,OBM v0.1.0
2016-05-30,obm_miner_revenue_btc_daily,3657.85196125,BTC,daily,OBM v0.1.0
2016-05-31,obm_miner_revenue_btc_daily,3227.33924442,BTC,daily,OBM v0.1.0
2016-06-01,obm_miner_revenue_btc_daily,3631.18497783,BTC,daily,OBM v0.1.0
2016-06-02,obm_miner_revenue_btc_daily,3508.53519721,BTC,daily,OBM v0.1.0
2016-06-03,obm_miner_revenue_btc_daily,3604.69656979,BTC,daily,OBM v0.1.0
2016-06-04,obm_miner_revenue_btc_daily,3021.44371282,BTC,daily,OBM v0.1.0
2016-06-05,obm_miner_revenue_btc_daily,4294.16827831,BTC,daily,OBM v0.1.0
2016-06-06,obm_miner_revenue_btc_daily,4302.13956486,BTC,daily,OBM v0.1.0
2016-06-07,obm_miner_revenue_btc_daily,3552.51815706,BTC,daily,OBM v0.1.0
2016-06-08,obm_miner_revenue_btc_daily,3650.40981971,BTC,daily,OBM v0.1.0
2016-06-09,obm_miner_revenue_btc_daily,4178.21550949,BTC,daily,OBM v0.1.0
2016-06-10,obm_miner_revenue_btc_daily,3652.81223012,BTC,daily,OBM v0.1.0
2016-06-11,obm_miner_revenue_btc_daily,3946.24529278,BTC,daily,OBM v0.1.0
2016-06-12,obm_miner_revenue_btc_daily,3702.42482099,BTC,daily,OBM v0.1.0
2016-06-13,obm_miner_revenue_btc_daily,4088.87453511,BTC,daily,OBM v0.1.0
2016-06-14,obm_miner_revenue_btc_daily,3369.04509389,BTC,daily,OBM v0.1.0
2016-06-15,obm_miner_revenue_btc_daily,3883.38614703,BTC,daily,OBM v0.1.0
2016-06-16,obm_miner_revenue_btc_daily,3807.29665972,BTC,daily,OBM v0.1.0
2016-06-17,obm_miner_revenue_btc_daily,3803.90209509,BTC,daily,OBM v0.1.0
2016-06-18,obm_miner_revenue_btc_daily,4020.57830565,BTC,daily,OBM v0.1.0
2016-06-19,obm_miner_revenue_btc_daily,4488.14349102,BTC,daily,OBM v0.1.0
2016-06-20,obm_miner_revenue_btc_daily,4176.77113580,BTC,daily,OBM v0.1.0
2016-06-21,obm_miner_revenue_btc_daily,3801.28917579,BTC,daily,OBM v0.1.0
2016-06-22,obm_miner_revenue_btc_daily,3303.85018659,BTC,daily,OBM v0.1.0
2016-06-23,obm_miner_revenue_btc_daily,3575.30395381,BTC,daily,OBM v0.1.0
2016-06-24,obm_miner_revenue_btc_daily,3299.11847429,BTC,daily,OBM v0.1.0
2016-06-25,obm_miner_revenue_btc_daily,4110.99766676,BTC,daily,OBM v0.1.0
2016-06-26,obm_miner_revenue_btc_daily,3704.30478358,BTC,daily,OBM v0.1.0
2016-06-27,obm_miner_revenue_btc_daily,3736.78464957,BTC,daily,OBM v0.1.0
2016-06-28,obm_miner_revenue_btc_daily,3758.37675619,BTC,daily,OBM v0.1.0
2016-06-29,obm_miner_revenue_btc_daily,3711.68595835,BTC,daily,OBM v0.1.0
2016-06-30,obm_miner_revenue_btc_daily,3812.50402880,BTC,daily,OBM v0.1.0
2016-07-01,obm_miner_revenue_btc_daily,3932.69296304,BTC,daily,OBM v0.1.0
2016-07-02,obm_miner_revenue_btc_daily,3777.92652832,BTC,daily,OBM v0.1.0
2016-07-03,obm_miner_revenue_btc_daily,3895.47185343,BTC,daily,OBM v0.1.0
2016-07-04,obm_miner_revenue_btc_daily,3830.14588726,BTC,daily,OBM v0.1.0
2016-07-05,obm_miner_revenue_btc_daily,3680.87364447,BTC,daily,OBM v0.1.0
2016-07-06,obm_miner_revenue_btc_daily,3555.67845334,BTC,daily,OBM v0.1.0
2016-07-07,obm_miner_revenue_btc_daily,3481.50728572,BTC,daily,OBM v0.1.0
2016-07-08,obm_miner_revenue_btc_daily,3682.25884524,BTC,daily,OBM v0.1.0
2016-07-09,obm_miner_revenue_btc_daily,3172.40040469,BTC,daily,OBM v0.1.0
2016-07-10,obm_miner_revenue_btc_daily,1988.56114004,BTC,daily,OBM v0.1.0
2016-07-11,obm_miner_revenue_btc_daily,1844.83521701,BTC,daily,OBM v0.1.0
2016-07-12,obm_miner_revenue_btc_daily,1838.67140866,BTC,daily,OBM v0.1.0
2016-07-13,obm_miner_revenue_btc_daily,1665.68160911,BTC,daily,OBM v0.1.0
2016-07-14,obm_miner_revenue_btc_daily,1819.98641729,BTC,daily,OBM v0.1.0
2016-07-15,obm_miner_revenue_btc_daily,1742.72548963,BTC,daily,OBM v0.1.0
2016-07-16,obm_miner_revenue_btc_daily,2013.17563958,BTC,daily,OBM v0.1.0
2016-07-17,obm_miner_revenue_btc_daily,1910.37291321,BTC,daily,OBM v0.1.0
2016-07-18,obm_miner_revenue_btc_daily,1909.07113707,BTC,daily,OBM v0.1.0
2016-07-19,obm_miner_revenue_btc_daily,1661.86165427,BTC,daily,OBM v0.1.0
2016-07-20,obm_miner_revenue_btc_daily,1939.19434833,BTC,daily,OBM v0.1.0
2016-07-21,obm_miner_revenue_btc_daily,1722.91625410,BTC,daily,OBM v0.1.0
2016-07-22,obm_miner_revenue_btc_daily,1677.69185579,BTC,daily,OBM v0.1.0
2016-07-23,obm_miner_revenue_btc_daily,1697.53161359,BTC,daily,OBM v0.1.0
2016-07-24,obm_miner_revenue_btc_daily,1600.90576380,BTC,daily,OBM v0.1.0
2016-07-25,obm_miner_revenue_btc_daily,1707.22168119,BTC,daily,OBM v0.1.0
2016-07-26,obm_miner_revenue_btc_daily,1683.29427446,BTC,daily,OBM v0.1.0
2016-07-27,obm_miner_revenue_btc_daily,1674.91411699,BTC,daily,OBM v0.1.0
2016-07-28,obm_miner_revenue_btc_daily,1771.63045994,BTC,daily,OBM v0.1.0
2016-07-29,obm_miner_revenue_btc_daily,1909.76700639,BTC,daily,OBM v0.1.0
2016-07-30,obm_miner_revenue_btc_daily,1553.22047583,BTC,daily,OBM v0.1.0
2016-07-31,obm_miner_revenue_btc_daily,1997.55961680,BTC,daily,OBM v0.1.0
2016-08-01,obm_miner_revenue_btc_daily,1985.67800941,BTC,daily,OBM v0.1.0
2016-08-02,obm_miner_revenue_btc_daily,2006.38920804,BTC,daily,OBM v0.1.0
2016-08-03,obm_miner_revenue_btc_daily,2150.68290751,BTC,daily,OBM v0.1.0
2016-08-04,obm_miner_revenue_btc_daily,1982.03744777,BTC,daily,OBM v0.1.0
2016-08-05,obm_miner_revenue_btc_daily,2187.05527344,BTC,daily,OBM v0.1.0
2016-08-06,obm_miner_revenue_btc_daily,2134.68826373,BTC,daily,OBM v0.1.0
2016-08-07,obm_miner_revenue_btc_daily,1916.98389239,BTC,daily,OBM v0.1.0
2016-08-08,obm_miner_revenue_btc_daily,1936.44357031,BTC,daily,OBM v0.1.0
2016-08-09,obm_miner_revenue_btc_daily,1624.29724567,BTC,daily,OBM v0.1.0
2016-08-10,obm_miner_revenue_btc_daily,1963.03269014,BTC,daily,OBM v0.1.0
2016-08-11,obm_miner_revenue_btc_daily,1954.92226711,BTC,daily,OBM v0.1.0
2016-08-12,obm_miner_revenue_btc_daily,1933.26200713,BTC,daily,OBM v0.1.0
2016-08-13,obm_miner_revenue_btc_daily,2100.24827301,BTC,daily,OBM v0.1.0
2016-08-14,obm_miner_revenue_btc_daily,2099.12650466,BTC,daily,OBM v0.1.0
2016-08-15,obm_miner_revenue_btc_daily,1893.34053066,BTC,daily,OBM v0.1.0
2016-08-16,obm_miner_revenue_btc_daily,1770.59112751,BTC,daily,OBM v0.1.0
2016-08-17,obm_miner_revenue_btc_daily,1611.23160399,BTC,daily,OBM v0.1.0
2016-08-18,obm_miner_revenue_btc_daily,2001.47075341,BTC,daily,OBM v0.1.0
2016-08-19,obm_miner_revenue_btc_daily,2005.79961253,BTC,daily,OBM v0.1.0
2016-08-20,obm_miner_revenue_btc_daily,1998.71304534,BTC,daily,OBM v0.1.0
2016-08-21,obm_miner_revenue_btc_daily,2088.16277505,BTC,daily,OBM v0.1.0
2016-08-22,obm_miner_revenue_btc_daily,2040.77382642,BTC,daily,OBM v0.1.0
2016-08-23,obm_miner_revenue_btc_daily,1905.15790776,BTC,daily,OBM v0.1.0
2016-08-24,obm_miner_revenue_btc_daily,1964.62449049,BTC,daily,OBM v0.1.0
2016-08-25,obm_miner_revenue_btc_daily,1689.61425534,BTC,daily,OBM v0.1.0
2016-08-26,obm_miner_revenue_btc_daily,1712.44953714,BTC,daily,OBM v0.1.0
2016-08-27,obm_miner_revenue_btc_daily,1855.47429433,BTC,daily,OBM v0.1.0
2016-08-28,obm_miner_revenue_btc_daily,1948.91366874,BTC,daily,OBM v0.1.0
2016-08-29,obm_miner_revenue_btc_daily,1926.87949671,BTC,daily,OBM v0.1.0
2016-08-30,obm_miner_revenue_btc_daily,2117.63053145,BTC,daily,OBM v0.1.0
2016-08-31,obm_miner_revenue_btc_daily,1737.47730836,BTC,daily,OBM v0.1.0
2016-09-01,obm_miner_revenue_btc_daily,1813.48703333,BTC,daily,OBM v0.1.0
2016-09-02,obm_miner_revenue_btc_daily,1969.83859607,BTC,daily,OBM v0.1.0
2016-09-03,obm_miner_revenue_btc_daily,1626.54954056,BTC,daily,OBM v0.1.0
2016-09-04,obm_miner_revenue_btc_daily,2284.13006916,BTC,daily,OBM v0.1.0
2016-09-05,obm_miner_revenue_btc_daily,1813.04984857,BTC,daily,OBM v0.1.0
2016-09-06,obm_miner_revenue_btc_daily,1760.65357465,BTC,daily,OBM v0.1.0
2016-09-07,obm_miner_revenue_btc_daily,1963.76239601,BTC,daily,OBM v0.1.0
2016-09-08,obm_miner_revenue_btc_daily,1859.60240707,BTC,daily,OBM v0.1.0
2016-09-09,obm_miner_revenue_btc_daily,1838.36822147,BTC,daily,OBM v0.1.0
2016-09-10,obm_miner_revenue_btc_daily,1988.65995466,BTC,daily,OBM v0.1.0
2016-09-11,obm_miner_revenue_btc_daily,2097.43305867,BTC,daily,OBM v0.1.0
2016-09-12,obm_miner_revenue_btc_daily,2093.42604475,BTC,daily,OBM v0.1.0
2016-09-13,obm_miner_revenue_btc_daily,2130.55656902,BTC,daily,OBM v0.1.0
2016-09-14,obm_miner_revenue_btc_daily,2012.36523412,BTC,daily,OBM v0.1.0
2016-09-15,obm_miner_revenue_btc_daily,1984.69619981,BTC,daily,OBM v0.1.0
2016-09-16,obm_miner_revenue_btc_daily,1801.49372021,BTC,daily,OBM v0.1.0
2016-09-17,obm_miner_revenue_btc_daily,2095.13998368,BTC,daily,OBM v0.1.0
2016-09-18,obm_miner_revenue_btc_daily,1865.52257570,BTC,daily,OBM v0.1.0
2016-09-19,obm_miner_revenue_btc_daily,1728.62043758,BTC,daily,OBM v0.1.0
2016-09-20,obm_miner_revenue_btc_daily,1955.86086914,BTC,daily,OBM v0.1.0
2016-09-21,obm_miner_revenue_btc_daily,2139.96509855,BTC,daily,OBM v0.1.0
2016-09-22,obm_miner_revenue_btc_daily,1825.22699094,BTC,daily,OBM v0.1.0
2016-09-23,obm_miner_revenue_btc_daily,1760.05767564,BTC,daily,OBM v0.1.0
2016-09-24,obm_miner_revenue_btc_daily,2133.95425424,BTC,daily,OBM v0.1.0
2016-09-25,obm_miner_revenue_btc_daily,2362.09149659,BTC,daily,OBM v0.1.0
2016-09-26,obm_miner_revenue_btc_daily,1973.02560461,BTC,daily,OBM v0.1.0
2016-09-27,obm_miner_revenue_btc_daily,2150.49270729,BTC,daily,OBM v0.1.0
2016-09-28,obm_miner_revenue_btc_daily,1914.74431075,BTC,daily,OBM v0.1.0
2016-09-29,obm_miner_revenue_btc_daily,1856.03955587,BTC,daily,OBM v0.1.0
2016-09-30,obm_miner_revenue_btc_daily,1843.45068728,BTC,daily,OBM v0.1.0
2016-10-01,obm_miner_revenue_btc_daily,2021.23516440,BTC,daily,OBM v0.1.0
2016-10-02,obm_miner_revenue_btc_daily,1815.92262056,BTC,daily,OBM v0.1.0
2016-10-03,obm_miner_revenue_btc_daily,1962.73840275,BTC,daily,OBM v0.1.0
2016-10-04,obm_miner_revenue_btc_daily,2046.03602966,BTC,daily,OBM v0.1.0
2016-10-05,obm_miner_revenue_btc_daily,2160.27844316,BTC,daily,OBM v0.1.0
2016-10-06,obm_miner_revenue_btc_daily,2090.22649993,BTC,daily,OBM v0.1.0
2016-10-07,obm_miner_revenue_btc_daily,1859.55178137,BTC,daily,OBM v0.1.0
2016-10-08,obm_miner_revenue_btc_daily,2180.01007174,BTC,daily,OBM v0.1.0
2016-10-09,obm_miner_revenue_btc_daily,2058.27379152,BTC,daily,OBM v0.1.0
2016-10-10,obm_miner_revenue_btc_daily,1617.83531890,BTC,daily,OBM v0.1.0
2016-10-11,obm_miner_revenue_btc_daily,1818.25501147,BTC,daily,OBM v0.1.0
2016-10-12,obm_miner_revenue_btc_daily,1868.31244694,BTC,daily,OBM v0.1.0
2016-10-13,obm_miner_revenue_btc_daily,1667.12105979,BTC,daily,OBM v0.1.0
2016-10-14,obm_miner_revenue_btc_daily,1768.01350542,BTC,daily,OBM v0.1.0
2016-10-15,obm_miner_revenue_btc_daily,1837.60063720,BTC,daily,OBM v0.1.0
2016-10-16,obm_miner_revenue_btc_daily,1682.54846761,BTC,daily,OBM v0.1.0
2016-10-17,obm_miner_revenue_btc_daily,1634.94112233,BTC,daily,OBM v0.1.0
2016-10-18,obm_miner_revenue_btc_daily,2014.74037508,BTC,daily,OBM v0.1.0
2016-10-19,obm_miner_revenue_btc_daily,1624.88149631,BTC,daily,OBM v0.1.0
2016-10-20,obm_miner_revenue_btc_daily,1764.31863339,BTC,daily,OBM v0.1.0
2016-10-21,obm_miner_revenue_btc_daily,2126.08109984,BTC,daily,OBM v0.1.0
2016-10-22,obm_miner_revenue_btc_daily,1929.12886636,BTC,daily,OBM v0.1.0
2016-10-23,obm_miner_revenue_btc_daily,1867.49823388,BTC,daily,OBM v0.1.0
2016-10-24,obm_miner_revenue_btc_daily,1868.64570038,BTC,daily,OBM v0.1.0
2016-10-25,obm_miner_revenue_btc_daily,1836.59135171,BTC,daily,OBM v0.1.0
2016-10-26,obm_miner_revenue_btc_daily,1848.66682607,BTC,daily,OBM v0.1.0
2016-10-27,obm_miner_revenue_btc_daily,2136.04197547,BTC,daily,OBM v0.1.0
2016-10-28,obm_miner_revenue_btc_daily,1982.18591551,BTC,daily,OBM v0.1.0
2016-10-29,obm_miner_revenue_btc_daily,1935.66334719,BTC,daily,OBM v0.1.0
2016-10-30,obm_miner_revenue_btc_daily,2162.61635815,BTC,daily,OBM v0.1.0
2016-10-31,obm_miner_revenue_btc_daily,1913.80761672,BTC,daily,OBM v0.1.0
2016-11-01,obm_miner_revenue_btc_daily,1878.88304167,BTC,daily,OBM v0.1.0
2016-11-02,obm_miner_revenue_btc_daily,1742.02440935,BTC,daily,OBM v0.1.0
2016-11-03,obm_miner_revenue_btc_daily,2016.48965840,BTC,daily,OBM v0.1.0
2016-11-04,obm_miner_revenue_btc_daily,1534.33985522,BTC,daily,OBM v0.1.0
2016-11-05,obm_miner_revenue_btc_daily,1911.25387364,BTC,daily,OBM v0.1.0
2016-11-06,obm_miner_revenue_btc_daily,1983.31542827,BTC,daily,OBM v0.1.0
2016-11-07,obm_miner_revenue_btc_daily,1916.27487749,BTC,daily,OBM v0.1.0
2016-11-08,obm_miner_revenue_btc_daily,2201.75535917,BTC,daily,OBM v0.1.0
2016-11-09,obm_miner_revenue_btc_daily,1921.23198606,BTC,daily,OBM v0.1.0
2016-11-10,obm_miner_revenue_btc_daily,2182.29286720,BTC,daily,OBM v0.1.0
2016-11-11,obm_miner_revenue_btc_daily,2110.24402535,BTC,daily,OBM v0.1.0
2016-11-12,obm_miner_revenue_btc_daily,2165.89536127,BTC,daily,OBM v0.1.0
2016-11-13,obm_miner_revenue_btc_daily,1837.67231406,BTC,daily,OBM v0.1.0
2016-11-14,obm_miner_revenue_btc_daily,2229.42615064,BTC,daily,OBM v0.1.0
2016-11-15,obm_miner_revenue_btc_daily,2031.45867865,BTC,daily,OBM v0.1.0
2016-11-16,obm_miner_revenue_btc_daily,2216.96533169,BTC,daily,OBM v0.1.0
2016-11-17,obm_miner_revenue_btc_daily,2076.53665576,BTC,daily,OBM v0.1.0
2016-11-18,obm_miner_revenue_btc_daily,1933.54457183,BTC,daily,OBM v0.1.0
2016-11-19,obm_miner_revenue_btc_daily,1847.14751446,BTC,daily,OBM v0.1.0
2016-11-20,obm_miner_revenue_btc_daily,1672.95353104,BTC,daily,OBM v0.1.0
2016-11-21,obm_miner_revenue_btc_daily,1832.42004537,BTC,daily,OBM v0.1.0
2016-11-22,obm_miner_revenue_btc_daily,1776.52105178,BTC,daily,OBM v0.1.0
2016-11-23,obm_miner_revenue_btc_daily,1946.45046532,BTC,daily,OBM v0.1.0
2016-11-24,obm_miner_revenue_btc_daily,2160.86177837,BTC,daily,OBM v0.1.0
2016-11-25,obm_miner_revenue_btc_daily,2038.07167767,BTC,daily,OBM v0.1.0
2016-11-26,obm_miner_revenue_btc_daily,2014.24634136,BTC,daily,OBM v0.1.0
2016-11-27,obm_miner_revenue_btc_daily,1881.15381886,BTC,daily,OBM v0.1.0
2016-11-28,obm_miner_revenue_btc_daily,2159.57588157,BTC,daily,OBM v0.1.0
2016-11-29,obm_miner_revenue_btc_daily,1963.55426951,BTC,daily,OBM v0.1.0
2016-11-30,obm_miner_revenue_btc_daily,1874.56774283,BTC,daily,OBM v0.1.0
2016-12-01,obm_miner_revenue_btc_daily,1927.70561249,BTC,daily,OBM v0.1.0
2016-12-02,obm_miner_revenue_btc_daily,1908.09021932,BTC,daily,OBM v0.1.0
2016-12-03,obm_miner_revenue_btc_daily,2251.13526766,BTC,daily,OBM v0.1.0
2016-12-04,obm_miner_revenue_btc_daily,1942.63816666,BTC,daily,OBM v0.1.0
2016-12-05,obm_miner_revenue_btc_daily,2006.12511446,BTC,daily,OBM v0.1.0
2016-12-06,obm_miner_revenue_btc_daily,1994.47737538,BTC,daily,OBM v0.1.0
2016-12-07,obm_miner_revenue_btc_daily,2282.59327335,BTC,daily,OBM v0.1.0
2016-12-08,obm_miner_revenue_btc_daily,2058.73895714,BTC,daily,OBM v0.1.0
2016-12-09,obm_miner_revenue_btc_daily,1783.80486037,BTC,daily,OBM v0.1.0
2016-12-10,obm_miner_revenue_btc_daily,1736.84229837,BTC,daily,OBM v0.1.0
2016-12-11,obm_miner_revenue_btc_daily,2414.19390919,BTC,daily,OBM v0.1.0
2016-12-12,obm_miner_revenue_btc_daily,2043.12640060,BTC,daily,OBM v0.1.0
2016-12-13,obm_miner_revenue_btc_daily,2322.65573127,BTC,daily,OBM v0.1.0
2016-12-14,obm_miner_revenue_btc_daily,1832.32014754,BTC,daily,OBM v0.1.0
2016-12-15,obm_miner_revenue_btc_daily,1687.93219466,BTC,daily,OBM v0.1.0
2016-12-16,obm_miner_revenue_btc_daily,1760.07905572,BTC,daily,OBM v0.1.0
2016-12-17,obm_miner_revenue_btc_daily,1881.36024503,BTC,daily,OBM v0.1.0
2016-12-18,obm_miner_revenue_btc_daily,1843.31959375,BTC,daily,OBM v0.1.0
2016-12-19,obm_miner_revenue_btc_daily,1991.46098767,BTC,daily,OBM v0.1.0
2016-12-20,obm_miner_revenue_btc_daily,1826.92528818,BTC,daily,OBM v0.1.0
2016-12-21,obm_miner_revenue_btc_daily,2102.42502583,BTC,daily,OBM v0.1.0
2016-12-22,obm_miner_revenue_btc_daily,2093.67675284,BTC,daily,OBM v0.1.0
2016-12-23,obm_miner_revenue_btc_daily,2000.48771495,BTC,daily,OBM v0.1.0
2016-12-24,obm_miner_revenue_btc_daily,1796.08322018,BTC,daily,OBM v0.1.0
2016-12-25,obm_miner_revenue_btc_daily,2124.43750723,BTC,daily,OBM v0.1.0
2016-12-26,obm_miner_revenue_btc_daily,1862.97239373,BTC,daily,OBM v0.1.0
2016-12-27,obm_miner_revenue_btc_daily,2049.53217417,BTC,daily,OBM v0.1.0
2016-12-28,obm_miner_revenue_btc_daily,2154.35263976,BTC,daily,OBM v0.1.0
2016-12-29,obm_miner_revenue_btc_daily,1982.23074067,BTC,daily,OBM v0.1.0
2016-12-30,obm_miner_revenue_btc_daily,2062.81872400,BTC,daily,OBM v0.1.0
2016-12-31,obm_miner_revenue_btc_daily,1932.32831226,BTC,daily,OBM v0.1.0
2017-01-01,obm_miner_revenue_btc_daily,2015.07949883,BTC,daily,OBM v0.1.0
2017-01-02,obm_miner_revenue_btc_daily,2100.38414659,BTC,daily,OBM v0.1.0
2017-01-03,obm_miner_revenue_btc_daily,2167.50869676,BTC,daily,OBM v0.1.0
2017-01-04,obm_miner_revenue_btc_daily,2105.83743620,BTC,daily,OBM v0.1.0
2017-01-05,obm_miner_revenue_btc_daily,1864.99194252,BTC,daily,OBM v0.1.0
2017-01-06,obm_miner_revenue_btc_daily,2140.27072194,BTC,daily,OBM v0.1.0
2017-01-07,obm_miner_revenue_btc_daily,1831.33841730,BTC,daily,OBM v0.1.0
2017-01-08,obm_miner_revenue_btc_daily,2178.74134820,BTC,daily,OBM v0.1.0
2017-01-09,obm_miner_revenue_btc_daily,1802.04592665,BTC,daily,OBM v0.1.0
2017-01-10,obm_miner_revenue_btc_daily,2119.94087094,BTC,daily,OBM v0.1.0
2017-01-11,obm_miner_revenue_btc_daily,2024.32087465,BTC,daily,OBM v0.1.0
2017-01-12,obm_miner_revenue_btc_daily,2255.50392824,BTC,daily,OBM v0.1.0
2017-01-13,obm_miner_revenue_btc_daily,1971.99540130,BTC,daily,OBM v0.1.0
2017-01-14,obm_miner_revenue_btc_daily,2236.85666196,BTC,daily,OBM v0.1.0
2017-01-15,obm_miner_revenue_btc_daily,2169.72432059,BTC,daily,OBM v0.1.0
2017-01-16,obm_miner_revenue_btc_daily,2216.14270285,BTC,daily,OBM v0.1.0
2017-01-17,obm_miner_revenue_btc_daily,2084.39305302,BTC,daily,OBM v0.1.0
2017-01-18,obm_miner_revenue_btc_daily,1982.93626344,BTC,daily,OBM v0.1.0
2017-01-19,obm_miner_revenue_btc_daily,2287.39573320,BTC,daily,OBM v0.1.0
2017-01-20,obm_miner_revenue_btc_daily,2467.34963495,BTC,daily,OBM v0.1.0
2017-01-21,obm_miner_revenue_btc_daily,2357.08963263,BTC,daily,OBM v0.1.0
2017-01-22,obm_miner_revenue_btc_daily,2262.11486550,BTC,daily,OBM v0.1.0
2017-01-23,obm_miner_revenue_btc_daily,1834.01172711,BTC,daily,OBM v0.1.0
2017-01-24,obm_miner_revenue_btc_daily,2005.66521050,BTC,daily,OBM v0.1.0
2017-01-25,obm_miner_revenue_btc_daily,1997.50808277,BTC,daily,OBM v0.1.0
2017-01-26,obm_miner_revenue_btc_daily,2061.05631958,BTC,daily,OBM v0.1.0
2017-01-27,obm_miner_revenue_btc_daily,2239.04371837,BTC,daily,OBM v0.1.0
2017-01-28,obm_miner_revenue_btc_daily,2022.53506930,BTC,daily,OBM v0.1.0
2017-01-29,obm_miner_revenue_btc_daily,2207.33779830,BTC,daily,OBM v0.1.0
2017-01-30,obm_miner_revenue_btc_daily,1935.15608339,BTC,daily,OBM v0.1.0
2017-01-31,obm_miner_revenue_btc_daily,1958.16158893,BTC,daily,OBM v0.1.0
2017-02-01,obm_miner_revenue_btc_daily,2554.91657240,BTC,daily,OBM v0.1.0
2017-02-02,obm_miner_revenue_btc_daily,2104.80055361,BTC,daily,OBM v0.1.0
2017-02-03,obm_miner_revenue_btc_daily,2024.92120704,BTC,daily,OBM v0.1.0
2017-02-04,obm_miner_revenue_btc_daily,1938.64644801,BTC,daily,OBM v0.1.0
2017-02-05,obm_miner_revenue_btc_daily,2123.67869567,BTC,daily,OBM v0.1.0
2017-02-06,obm_miner_revenue_btc_daily,1717.43020175,BTC,daily,OBM v0.1.0
2017-02-07,obm_miner_revenue_btc_daily,2058.25671139,BTC,daily,OBM v0.1.0
2017-02-08,obm_miner_revenue_btc_daily,1982.14493504,BTC,daily,OBM v0.1.0
2017-02-09,obm_miner_revenue_btc_daily,2286.68568718,BTC,daily,OBM v0.1.0
2017-02-10,obm_miner_revenue_btc_daily,1977.27915541,BTC,daily,OBM v0.1.0
2017-02-11,obm_miner_revenue_btc_daily,1854.58000976,BTC,daily,OBM v0.1.0
2017-02-12,obm_miner_revenue_btc_daily,1852.51055926,BTC,daily,OBM v0.1.0
2017-02-13,obm_miner_revenue_btc_daily,2174.27242215,BTC,daily,OBM v0.1.0
2017-02-14,obm_miner_revenue_btc_daily,2253.49131586,BTC,daily,OBM v0.1.0
2017-02-15,obm_miner_revenue_btc_daily,1871.54888989,BTC,daily,OBM v0.1.0
2017-02-16,obm_miner_revenue_btc_daily,2057.37720101,BTC,daily,OBM v0.1.0
2017-02-17,obm_miner_revenue_btc_daily,2053.34442388,BTC,daily,OBM v0.1.0
2017-02-18,obm_miner_revenue_btc_daily,2039.72901802,BTC,daily,OBM v0.1.0
2017-02-19,obm_miner_revenue_btc_daily,1804.44377921,BTC,daily,OBM v0.1.0
2017-02-20,obm_miner_revenue_btc_daily,2009.91401438,BTC,daily,OBM v0.1.0
2017-02-21,obm_miner_revenue_btc_daily,1890.81707207,BTC,daily,OBM v0.1.0
2017-02-22,obm_miner_revenue_btc_daily,1907.03570523,BTC,daily,OBM v0.1.0
2017-02-23,obm_miner_revenue_btc_daily,2086.65472424,BTC,daily,OBM v0.1.0
2017-02-24,obm_miner_revenue_btc_daily,2264.20991440,BTC,daily,OBM v0.1.0
2017-02-25,obm_miner_revenue_btc_daily,2278.80417997,BTC,daily,OBM v0.1.0
2017-02-26,obm_miner_revenue_btc_daily,2386.17260121,BTC,daily,OBM v0.1.0
2017-02-27,obm_miner_revenue_btc_daily,1995.38746144,BTC,daily,OBM v0.1.0
2017-02-28,obm_miner_revenue_btc_daily,2139.87147230,BTC,daily,OBM v0.1.0
2017-03-01,obm_miner_revenue_btc_daily,2029.59036693,BTC,daily,OBM v0.1.0
2017-03-02,obm_miner_revenue_btc_daily,2214.72663973,BTC,daily,OBM v0.1.0
2017-03-03,obm_miner_revenue_btc_daily,2147.18606189,BTC,daily,OBM v0.1.0
2017-03-04,obm_miner_revenue_btc_daily,1870.29548015,BTC,daily,OBM v0.1.0
2017-03-05,obm_miner_revenue_btc_daily,2054.19618574,BTC,daily,OBM v0.1.0
2017-03-06,obm_miner_revenue_btc_daily,2013.98093612,BTC,daily,OBM v0.1.0
2017-03-07,obm_miner_revenue_btc_daily,2182.27191295,BTC,daily,OBM v0.1.0
2017-03-08,obm_miner_revenue_btc_daily,2008.73076230,BTC,daily,OBM v0.1.0
2017-03-09,obm_miner_revenue_btc_daily,2086.67178552,BTC,daily,OBM v0.1.0
2017-03-10,obm_miner_revenue_btc_daily,2207.91797636,BTC,daily,OBM v0.1.0
2017-03-11,obm_miner_revenue_btc_daily,2080.16771727,BTC,daily,OBM v0.1.0
2017-03-12,obm_miner_revenue_btc_daily,2128.12879952,BTC,daily,OBM v0.1.0
2017-03-13,obm_miner_revenue_btc_daily,2033.25092528,BTC,daily,OBM v0.1.0
2017-03-14,obm_miner_revenue_btc_daily,2206.53171308,BTC,daily,OBM v0.1.0
2017-03-15,obm_miner_revenue_btc_daily,2011.25501962,BTC,daily,OBM v0.1.0
2017-03-16,obm_miner_revenue_btc_daily,2177.05158129,BTC,daily,OBM v0.1.0
2017-03-17,obm_miner_revenue_btc_daily,2169.58901754,BTC,daily,OBM v0.1.0
2017-03-18,obm_miner_revenue_btc_daily,2179.55770532,BTC,daily,OBM v0.1.0
2017-03-19,obm_miner_revenue_btc_daily,2274.12793576,BTC,daily,OBM v0.1.0
2017-03-20,obm_miner_revenue_btc_daily,1941.15787713,BTC,daily,OBM v0.1.0
2017-03-21,obm_miner_revenue_btc_daily,2023.63661350,BTC,daily,OBM v0.1.0
2017-03-22,obm_miner_revenue_btc_daily,2253.34522812,BTC,daily,OBM v0.1.0
2017-03-23,obm_miner_revenue_btc_daily,2085.99807634,BTC,daily,OBM v0.1.0
2017-03-24,obm_miner_revenue_btc_daily,2431.55050182,BTC,daily,OBM v0.1.0
2017-03-25,obm_miner_revenue_btc_daily,1844.50765156,BTC,daily,OBM v0.1.0
2017-03-26,obm_miner_revenue_btc_daily,2229.65177428,BTC,daily,OBM v0.1.0
2017-03-27,obm_miner_revenue_btc_daily,1844.84378734,BTC,daily,OBM v0.1.0
2017-03-28,obm_miner_revenue_btc_daily,2170.72176362,BTC,daily,OBM v0.1.0
2017-03-29,obm_miner_revenue_btc_daily,1937.93579722,BTC,daily,OBM v0.1.0
2017-03-30,obm_miner_revenue_btc_daily,2253.40448684,BTC,daily,OBM v0.1.0
2017-03-31,obm_miner_revenue_btc_daily,1904.77700693,BTC,daily,OBM v0.1.0
2017-04-01,obm_miner_revenue_btc_daily,1840.64263242,BTC,daily,OBM v0.1.0
2017-04-02,obm_miner_revenue_btc_daily,2155.73640574,BTC,daily,OBM v0.1.0
2017-04-03,obm_miner_revenue_btc_daily,2421.03918997,BTC,daily,OBM v0.1.0
2017-04-04,obm_miner_revenue_btc_daily,1762.80284512,BTC,daily,OBM v0.1.0
2017-04-05,obm_miner_revenue_btc_daily,2261.29861443,BTC,daily,OBM v0.1.0
2017-04-06,obm_miner_revenue_btc_daily,2059.21976913,BTC,daily,OBM v0.1.0
2017-04-07,obm_miner_revenue_btc_daily,2250.14679282,BTC,daily,OBM v0.1.0
2017-04-08,obm_miner_revenue_btc_daily,1884.11302076,BTC,daily,OBM v0.1.0
2017-04-09,obm_miner_revenue_btc_daily,2155.55979031,BTC,daily,OBM v0.1.0
2017-04-10,obm_miner_revenue_btc_daily,2034.76586623,BTC,daily,OBM v0.1.0
2017-04-11,obm_miner_revenue_btc_daily,2313.84667638,BTC,daily,OBM v0.1.0
2017-04-12,obm_miner_revenue_btc_daily,1987.15521160,BTC,daily,OBM v0.1.0
2017-04-13,obm_miner_revenue_btc_daily,1804.16765492,BTC,daily,OBM v0.1.0
2017-04-14,obm_miner_revenue_btc_daily,1972.98446532,BTC,daily,OBM v0.1.0
2017-04-15,obm_miner_revenue_btc_daily,2076.55356574,BTC,daily,OBM v0.1.0
2017-04-16,obm_miner_revenue_btc_daily,1983.85627688,BTC,daily,OBM v0.1.0
2017-04-17,obm_miner_revenue_btc_daily,1905.72834518,BTC,daily,OBM v0.1.0
2017-04-18,obm_miner_revenue_btc_daily,2045.20687325,BTC,daily,OBM v0.1.0
2017-04-19,obm_miner_revenue_btc_daily,1997.02935942,BTC,daily,OBM v0.1.0
2017-04-20,obm_miner_revenue_btc_daily,1953.37557725,BTC,daily,OBM v0.1.0
2017-04-21,obm_miner_revenue_btc_daily,2331.88907052,BTC,daily,OBM v0.1.0
2017-04-22,obm_miner_revenue_btc_daily,1992.84051775,BTC,daily,OBM v0.1.0
2017-04-23,obm_miner_revenue_btc_daily,2082.17309519,BTC,daily,OBM v0.1.0
2017-04-24,obm_miner_revenue_btc_daily,1737.96137981,BTC,daily,OBM v0.1.0
2017-04-25,obm_miner_revenue_btc_daily,2121.62738431,BTC,daily,OBM v0.1.0
2017-04-26,obm_miner_revenue_btc_daily,2166.34367765,BTC,daily,OBM v0.1.0
2017-04-27,obm_miner_revenue_btc_daily,2093.94731571,BTC,daily,OBM v0.1.0
2017-04-28,obm_miner_revenue_btc_daily,1949.68419536,BTC,daily,OBM v0.1.0
2017-04-29,obm_miner_revenue_btc_daily,2418.87648122,BTC,daily,OBM v0.1.0
2017-04-30,obm_miner_revenue_btc_daily,2086.80763935,BTC,daily,OBM v0.1.0
2017-05-01,obm_miner_revenue_btc_daily,2102.74886560,BTC,daily,OBM v0.1.0
2017-05-02,obm_miner_revenue_btc_daily,2247.67966183,BTC,daily,OBM v0.1.0
2017-05-03,obm_miner_revenue_btc_daily,1897.34367708,BTC,daily,OBM v0.1.0
2017-05-04,obm_miner_revenue_btc_daily,2407.09568071,BTC,daily,OBM v0.1.0
2017-05-05,obm_miner_revenue_btc_daily,1873.81168454,BTC,daily,OBM v0.1.0
2017-05-06,obm_miner_revenue_btc_daily,2396.57369266,BTC,daily,OBM v0.1.0
2017-05-07,obm_miner_revenue_btc_daily,2364.53575031,BTC,daily,OBM v0.1.0
2017-05-08,obm_miner_revenue_btc_daily,2566.44955280,BTC,daily,OBM v0.1.0
2017-05-09,obm_miner_revenue_btc_daily,2240.46153363,BTC,daily,OBM v0.1.0
2017-05-10,obm_miner_revenue_btc_daily,2153.26495895,BTC,daily,OBM v0.1.0
2017-05-11,obm_miner_revenue_btc_daily,1967.08022914,BTC,daily,OBM v0.1.0
2017-05-12,obm_miner_revenue_btc_daily,2247.05057537,BTC,daily,OBM v0.1.0
2017-05-13,obm_miner_revenue_btc_daily,2276.19440047,BTC,daily,OBM v0.1.0
2017-05-14,obm_miner_revenue_btc_daily,2347.47622441,BTC,daily,OBM v0.1.0
2017-05-15,obm_miner_revenue_btc_daily,2452.30377033,BTC,daily,OBM v0.1.0
2017-05-16,obm_miner_revenue_btc_daily,1993.40900559,BTC,daily,OBM v0.1.0
2017-05-17,obm_miner_revenue_btc_daily,2423.43611220,BTC,daily,OBM v0.1.0
2017-05-18,obm_miner_revenue_btc_daily,2167.02141315,BTC,daily,OBM v0.1.0
2017-05-19,obm_miner_revenue_btc_daily,2492.81193400,BTC,daily,OBM v0.1.0
2017-05-20,obm_miner_revenue_btc_daily,2450.25385430,BTC,daily,OBM v0.1.0
2017-05-21,obm_miner_revenue_btc_daily,2190.28845637,BTC,daily,OBM v0.1.0
2017-05-22,obm_miner_revenue_btc_daily,2231.63804239,BTC,daily,OBM v0.1.0
2017-05-23,obm_miner_revenue_btc_daily,2568.38356854,BTC,daily,OBM v0.1.0
2017-05-24,obm_miner_revenue_btc_daily,2397.94001691,BTC,daily,OBM v0.1.0
2017-05-25,obm_miner_revenue_btc_daily,2536.37943053,BTC,daily,OBM v0.1.0
2017-05-26,obm_miner_revenue_btc_daily,2382.29624965,BTC,daily,OBM v0.1.0
2017-05-27,obm_miner_revenue_btc_daily,2628.82782220,BTC,daily,OBM v0.1.0
2017-05-28,obm_miner_revenue_btc_daily,2483.98503001,BTC,daily,OBM v0.1.0
2017-05-29,obm_miner_revenue_btc_daily,2382.40441559,BTC,daily,OBM v0.1.0
2017-05-30,obm_miner_revenue_btc_daily,2825.88790095,BTC,daily,OBM v0.1.0
2017-05-31,obm_miner_revenue_btc_daily,2620.41985440,BTC,daily,OBM v0.1.0
2017-06-01,obm_miner_revenue_btc_daily,2694.07004507,BTC,daily,OBM v0.1.0
2017-06-02,obm_miner_revenue_btc_daily,2295.15193004,BTC,daily,OBM v0.1.0
2017-06-03,obm_miner_revenue_btc_daily,2945.64725387,BTC,daily,OBM v0.1.0
2017-06-04,obm_miner_revenue_btc_daily,2454.49355556,BTC,daily,OBM v0.1.0
2017-06-05,obm_miner_revenue_btc_daily,2525.43804182,BTC,daily,OBM v0.1.0
2017-06-06,obm_miner_revenue_btc_daily,2398.83813564,BTC,daily,OBM v0.1.0
2017-06-07,obm_miner_revenue_btc_daily,2730.63204735,BTC,daily,OBM v0.1.0
2017-06-08,obm_miner_revenue_btc_daily,2553.49044140,BTC,daily,OBM v0.1.0
2017-06-09,obm_miner_revenue_btc_daily,2343.06014992,BTC,daily,OBM v0.1.0
2017-06-10,obm_miner_revenue_btc_daily,2153.40403310,BTC,daily,OBM v0.1.0
2017-06-11,obm_miner_revenue_btc_daily,2181.12024978,BTC,daily,OBM v0.1.0
2017-06-12,obm_miner_revenue_btc_daily,2247.36437130,BTC,daily,OBM v0.1.0
2017-06-13,obm_miner_revenue_btc_daily,2241.93977642,BTC,daily,OBM v0.1.0
2017-06-14,obm_miner_revenue_btc_daily,2204.74199601,BTC,daily,OBM v0.1.0
2017-06-15,obm_miner_revenue_btc_daily,2347.90345777,BTC,daily,OBM v0.1.0
2017-06-16,obm_miner_revenue_btc_daily,2225.35139576,BTC,daily,OBM v0.1.0
2017-06-17,obm_miner_revenue_btc_daily,2123.89831919,BTC,daily,OBM v0.1.0
2017-06-18,obm_miner_revenue_btc_daily,2090.49559460,BTC,daily,OBM v0.1.0
2017-06-19,obm_miner_revenue_btc_daily,2274.66284645,BTC,daily,OBM v0.1.0
2017-06-20,obm_miner_revenue_btc_daily,2113.08537505,BTC,daily,OBM v0.1.0
2017-06-21,obm_miner_revenue_btc_daily,2212.70370719,BTC,daily,OBM v0.1.0
2017-06-22,obm_miner_revenue_btc_daily,2184.60509654,BTC,daily,OBM v0.1.0
2017-06-23,obm_miner_revenue_btc_daily,2338.95972894,BTC,daily,OBM v0.1.0
2017-06-24,obm_miner_revenue_btc_daily,2132.20884336,BTC,daily,OBM v0.1.0
2017-06-25,obm_miner_revenue_btc_daily,1783.68838592,BTC,daily,OBM v0.1.0
2017-06-26,obm_miner_revenue_btc_daily,2150.05657594,BTC,daily,OBM v0.1.0
2017-06-27,obm_miner_revenue_btc_daily,2005.39377898,BTC,daily,OBM v0.1.0
2017-06-28,obm_miner_revenue_btc_daily,2348.36002411,BTC,daily,OBM v0.1.0
2017-06-29,obm_miner_revenue_btc_daily,1841.40053758,BTC,daily,OBM v0.1.0
2017-06-30,obm_miner_revenue_btc_daily,2282.17190559,BTC,daily,OBM v0.1.0
2017-07-01,obm_miner_revenue_btc_daily,2305.27403629,BTC,daily,OBM v0.1.0
2017-07-02,obm_miner_revenue_btc_daily,2547.85958294,BTC,daily,OBM v0.1.0
2017-07-03,obm_miner_revenue_btc_daily,2408.21012118,BTC,daily,OBM v0.1.0
2017-07-04,obm_miner_revenue_btc_daily,2206.43425872,BTC,daily,OBM v0.1.0
2017-07-05,obm_miner_revenue_btc_daily,2088.32080685,BTC,daily,OBM v0.1.0
2017-07-06,obm_miner_revenue_btc_daily,2016.52060511,BTC,daily,OBM v0.1.0
2017-07-07,obm_miner_revenue_btc_daily,2090.65571245,BTC,daily,OBM v0.1.0
2017-07-08,obm_miner_revenue_btc_daily,2254.91183082,BTC,daily,OBM v0.1.0
2017-07-09,obm_miner_revenue_btc_daily,1882.22803089,BTC,daily,OBM v0.1.0
2017-07-10,obm_miner_revenue_btc_daily,2668.07250621,BTC,daily,OBM v0.1.0
2017-07-11,obm_miner_revenue_btc_daily,2370.07617324,BTC,daily,OBM v0.1.0
2017-07-12,obm_miner_revenue_btc_daily,2434.85199706,BTC,daily,OBM v0.1.0
2017-07-13,obm_miner_revenue_btc_daily,2173.29018124,BTC,daily,OBM v0.1.0
2017-07-14,obm_miner_revenue_btc_daily,1952.87764419,BTC,daily,OBM v0.1.0
2017-07-15,obm_miner_revenue_btc_daily,1965.85756847,BTC,daily,OBM v0.1.0
2017-07-16,obm_miner_revenue_btc_daily,2204.42852306,BTC,daily,OBM v0.1.0
2017-07-17,obm_miner_revenue_btc_daily,2048.03657541,BTC,daily,OBM v0.1.0
2017-07-18,obm_miner_revenue_btc_daily,2287.01846967,BTC,daily,OBM v0.1.0
2017-07-19,obm_miner_revenue_btc_daily,2064.10223858,BTC,daily,OBM v0.1.0
2017-07-20,obm_miner_revenue_btc_daily,2254.27219537,BTC,daily,OBM v0.1.0
2017-07-21,obm_miner_revenue_btc_daily,2174.73969757,BTC,daily,OBM v0.1.0
2017-07-22,obm_miner_revenue_btc_daily,2171.03691992,BTC,daily,OBM v0.1.0
2017-07-23,obm_miner_revenue_btc_daily,2275.37693822,BTC,daily,OBM v0.1.0
2017-07-24,obm_miner_revenue_btc_daily,2391.96352984,BTC,daily,OBM v0.1.0
2017-07-25,obm_miner_revenue_btc_daily,2018.49293292,BTC,daily,OBM v0.1.0
2017-07-26,obm_miner_revenue_btc_daily,2005.03481996,BTC,daily,OBM v0.1.0
2017-07-27,obm_miner_revenue_btc_daily,2091.27056958,BTC,daily,OBM v0.1.0
2017-07-28,obm_miner_revenue_btc_daily,2063.43132327,BTC,daily,OBM v0.1.0
2017-07-29,obm_miner_revenue_btc_daily,2118.96665323,BTC,daily,OBM v0.1.0
2017-07-30,obm_miner_revenue_btc_daily,1975.61682207,BTC,daily,OBM v0.1.0
2017-07-31,obm_miner_revenue_btc_daily,2007.36886623,BTC,daily,OBM v0.1.0
2017-08-01,obm_miner_revenue_btc_daily,1938.44662047,BTC,daily,OBM v0.1.0
2017-08-02,obm_miner_revenue_btc_daily,2030.51485681,BTC,daily,OBM v0.1.0
2017-08-03,obm_miner_revenue_btc_daily,1849.10595421,BTC,daily,OBM v0.1.0
2017-08-04,obm_miner_revenue_btc_daily,2350.97123621,BTC,daily,OBM v0.1.0
2017-08-05,obm_miner_revenue_btc_daily,2326.06678695,BTC,daily,OBM v0.1.0
2017-08-06,obm_miner_revenue_btc_daily,1837.90639938,BTC,daily,OBM v0.1.0
2017-08-07,obm_miner_revenue_btc_daily,2034.32649183,BTC,daily,OBM v0.1.0
2017-08-08,obm_miner_revenue_btc_daily,2209.06311046,BTC,daily,OBM v0.1.0
2017-08-09,obm_miner_revenue_btc_daily,1882.95191308,BTC,daily,OBM v0.1.0
2017-08-10,obm_miner_revenue_btc_daily,1868.18600285,BTC,daily,OBM v0.1.0
2017-08-11,obm_miner_revenue_btc_daily,2034.94470226,BTC,daily,OBM v0.1.0
2017-08-12,obm_miner_revenue_btc_daily,1898.25240215,BTC,daily,OBM v0.1.0
2017-08-13,obm_miner_revenue_btc_daily,2039.71104645,BTC,daily,OBM v0.1.0
2017-08-14,obm_miner_revenue_btc_daily,1874.18827382,BTC,daily,OBM v0.1.0
2017-08-15,obm_miner_revenue_btc_daily,2250.45038263,BTC,daily,OBM v0.1.0
2017-08-16,obm_miner_revenue_btc_daily,1972.52500864,BTC,daily,OBM v0.1.0
2017-08-17,obm_miner_revenue_btc_daily,2602.81634907,BTC,daily,OBM v0.1.0
2017-08-18,obm_miner_revenue_btc_daily,2200.46192313,BTC,daily,OBM v0.1.0
2017-08-19,obm_miner_revenue_btc_daily,2153.41179874,BTC,daily,OBM v0.1.0
2017-08-20,obm_miner_revenue_btc_daily,1833.98199629,BTC,daily,OBM v0.1.0
2017-08-21,obm_miner_revenue_btc_daily,1735.46496476,BTC,daily,OBM v0.1.0
2017-08-22,obm_miner_revenue_btc_daily,1446.68474511,BTC,daily,OBM v0.1.0
2017-08-23,obm_miner_revenue_btc_daily,2529.47068076,BTC,daily,OBM v0.1.0
2017-08-24,obm_miner_revenue_btc_daily,1648.49923422,BTC,daily,OBM v0.1.0
2017-08-25,obm_miner_revenue_btc_daily,1688.31587924,BTC,daily,OBM v0.1.0
2017-08-26,obm_miner_revenue_btc_daily,1737.81312205,BTC,daily,OBM v0.1.0
2017-08-27,obm_miner_revenue_btc_daily,2296.34272770,BTC,daily,OBM v0.1.0
2017-08-28,obm_miner_revenue_btc_daily,1990.67846684,BTC,daily,OBM v0.1.0
2017-08-29,obm_miner_revenue_btc_daily,2324.26014165,BTC,daily,OBM v0.1.0
2017-08-30,obm_miner_revenue_btc_daily,2488.49753062,BTC,daily,OBM v0.1.0
2017-08-31,obm_miner_revenue_btc_daily,2450.71489691,BTC,daily,OBM v0.1.0
2017-09-01,obm_miner_revenue_btc_daily,2557.74200641,BTC,daily,OBM v0.1.0
2017-09-02,obm_miner_revenue_btc_daily,2340.49925993,BTC,daily,OBM v0.1.0
2017-09-03,obm_miner_revenue_btc_daily,2164.13526989,BTC,daily,OBM v0.1.0
2017-09-04,obm_miner_revenue_btc_daily,2512.90168020,BTC,daily,OBM v0.1.0
2017-09-05,obm_miner_revenue_btc_daily,2744.40480312,BTC,daily,OBM v0.1.0
2017-09-06,obm_miner_revenue_btc_daily,2297.59987797,BTC,daily,OBM v0.1.0
2017-09-07,obm_miner_revenue_btc_daily,2457.33579475,BTC,daily,OBM v0.1.0
2017-09-08,obm_miner_revenue_btc_daily,2405.26572461,BTC,daily,OBM v0.1.0
2017-09-09,obm_miner_revenue_btc_daily,2257.35041627,BTC,daily,OBM v0.1.0
2017-09-10,obm_miner_revenue_btc_daily,1868.23841995,BTC,daily,OBM v0.1.0
2017-09-11,obm_miner_revenue_btc_daily,2334.73383041,BTC,daily,OBM v0.1.0
2017-09-12,obm_miner_revenue_btc_daily,2498.90795620,BTC,daily,OBM v0.1.0
2017-09-13,obm_miner_revenue_btc_daily,2508.73148672,BTC,daily,OBM v0.1.0
2017-09-14,obm_miner_revenue_btc_daily,2328.73503588,BTC,daily,OBM v0.1.0
2017-09-15,obm_miner_revenue_btc_daily,2424.81664788,BTC,daily,OBM v0.1.0
2017-09-16,obm_miner_revenue_btc_daily,2232.41780546,BTC,daily,OBM v0.1.0
2017-09-17,obm_miner_revenue_btc_daily,2299.41066001,BTC,daily,OBM v0.1.0
2017-09-18,obm_miner_revenue_btc_daily,1755.80810036,BTC,daily,OBM v0.1.0
2017-09-19,obm_miner_revenue_btc_daily,2123.70341529,BTC,daily,OBM v0.1.0
2017-09-20,obm_miner_revenue_btc_daily,1608.90700953,BTC,daily,OBM v0.1.0
2017-09-21,obm_miner_revenue_btc_daily,2336.34884416,BTC,daily,OBM v0.1.0
2017-09-22,obm_miner_revenue_btc_daily,1854.66416810,BTC,daily,OBM v0.1.0
2017-09-23,obm_miner_revenue_btc_daily,2174.69585805,BTC,daily,OBM v0.1.0
2017-09-24,obm_miner_revenue_btc_daily,1896.17519444,BTC,daily,OBM v0.1.0
2017-09-25,obm_miner_revenue_btc_daily,1709.87049675,BTC,daily,OBM v0.1.0
2017-09-26,obm_miner_revenue_btc_daily,1875.08561133,BTC,daily,OBM v0.1.0
2017-09-27,obm_miner_revenue_btc_daily,1980.99865258,BTC,daily,OBM v0.1.0
2017-09-28,obm_miner_revenue_btc_daily,2346.95160224,BTC,daily,OBM v0.1.0
2017-09-29,obm_miner_revenue_btc_daily,2227.83216245,BTC,daily,OBM v0.1.0
2017-09-30,obm_miner_revenue_btc_daily,1826.44145793,BTC,daily,OBM v0.1.0
2017-10-01,obm_miner_revenue_btc_daily,1744.05349794,BTC,daily,OBM v0.1.0
2017-10-02,obm_miner_revenue_btc_daily,2055.47323995,BTC,daily,OBM v0.1.0
2017-10-03,obm_miner_revenue_btc_daily,2440.03441884,BTC,daily,OBM v0.1.0
2017-10-04,obm_miner_revenue_btc_daily,1811.73283395,BTC,daily,OBM v0.1.0
2017-10-05,obm_miner_revenue_btc_daily,1722.84424031,BTC,daily,OBM v0.1.0
2017-10-06,obm_miner_revenue_btc_daily,2136.52120217,BTC,daily,OBM v0.1.0
2017-10-07,obm_miner_revenue_btc_daily,2083.21556432,BTC,daily,OBM v0.1.0
2017-10-08,obm_miner_revenue_btc_daily,2386.79647505,BTC,daily,OBM v0.1.0
2017-10-09,obm_miner_revenue_btc_daily,2161.84098656,BTC,daily,OBM v0.1.0
2017-10-10,obm_miner_revenue_btc_daily,2167.25820990,BTC,daily,OBM v0.1.0
2017-10-11,obm_miner_revenue_btc_daily,1885.67289183,BTC,daily,OBM v0.1.0
2017-10-12,obm_miner_revenue_btc_daily,2086.91451470,BTC,daily,OBM v0.1.0
2017-10-13,obm_miner_revenue_btc_daily,1981.53458216,BTC,daily,OBM v0.1.0
2017-10-14,obm_miner_revenue_btc_daily,1990.09563891,BTC,daily,OBM v0.1.0
2017-10-15,obm_miner_revenue_btc_daily,2600.20732820,BTC,daily,OBM v0.1.0
2017-10-16,obm_miner_revenue_btc_daily,2368.41946089,BTC,daily,OBM v0.1.0
2017-10-17,obm_miner_revenue_btc_daily,2259.13726138,BTC,daily,OBM v0.1.0
2017-10-18,obm_miner_revenue_btc_daily,2079.70267160,BTC,daily,OBM v0.1.0
2017-10-19,obm_miner_revenue_btc_daily,2416.51239568,BTC,daily,OBM v0.1.0
2017-10-20,obm_miner_revenue_btc_daily,2399.47244556,BTC,daily,OBM v0.1.0
2017-10-21,obm_miner_revenue_btc_daily,2080.26730117,BTC,daily,OBM v0.1.0
2017-10-22,obm_miner_revenue_btc_daily,2430.33193023,BTC,daily,OBM v0.1.0
2017-10-23,obm_miner_revenue_btc_daily,2323.14433949,BTC,daily,OBM v0.1.0
2017-10-24,obm_miner_revenue_btc_daily,2287.29056912,BTC,daily,OBM v0.1.0
2017-10-25,obm_miner_revenue_btc_daily,2454.47537543,BTC,daily,OBM v0.1.0
2017-10-26,obm_miner_revenue_btc_daily,2362.65051758,BTC,daily,OBM v0.1.0
2017-10-27,obm_miner_revenue_btc_daily,1466.66745997,BTC,daily,OBM v0.1.0
2017-10-28,obm_miner_revenue_btc_daily,1237.53828084,BTC,daily,OBM v0.1.0
2017-10-29,obm_miner_revenue_btc_daily,2203.85712501,BTC,daily,OBM v0.1.0
2017-10-30,obm_miner_revenue_btc_daily,2101.09097424,BTC,daily,OBM v0.1.0
2017-10-31,obm_miner_revenue_btc_daily,1956.89499927,BTC,daily,OBM v0.1.0
2017-11-01,obm_miner_revenue_btc_daily,2246.93760422,BTC,daily,OBM v0.1.0
2017-11-02,obm_miner_revenue_btc_daily,2152.59079476,BTC,daily,OBM v0.1.0
2017-11-03,obm_miner_revenue_btc_daily,1759.27385265,BTC,daily,OBM v0.1.0
2017-11-04,obm_miner_revenue_btc_daily,1898.24972900,BTC,daily,OBM v0.1.0
2017-11-05,obm_miner_revenue_btc_daily,1960.15639930,BTC,daily,OBM v0.1.0
2017-11-06,obm_miner_revenue_btc_daily,1902.83789733,BTC,daily,OBM v0.1.0
2017-11-07,obm_miner_revenue_btc_daily,2244.12731396,BTC,daily,OBM v0.1.0
2017-11-08,obm_miner_revenue_btc_daily,2062.16939123,BTC,daily,OBM v0.1.0
2017-11-09,obm_miner_revenue_btc_daily,2273.82993999,BTC,daily,OBM v0.1.0
2017-11-10,obm_miner_revenue_btc_daily,1819.97295719,BTC,daily,OBM v0.1.0
2017-11-11,obm_miner_revenue_btc_daily,1317.05792683,BTC,daily,OBM v0.1.0
2017-11-12,obm_miner_revenue_btc_daily,1583.61046709,BTC,daily,OBM v0.1.0
2017-11-13,obm_miner_revenue_btc_daily,2533.38626441,BTC,daily,OBM v0.1.0
2017-11-14,obm_miner_revenue_btc_daily,2215.08687921,BTC,daily,OBM v0.1.0
2017-11-15,obm_miner_revenue_btc_daily,2503.50996198,BTC,daily,OBM v0.1.0
2017-11-16,obm_miner_revenue_btc_daily,2402.64025918,BTC,daily,OBM v0.1.0
2017-11-17,obm_miner_revenue_btc_daily,2488.66643265,BTC,daily,OBM v0.1.0
2017-11-18,obm_miner_revenue_btc_daily,1989.98839235,BTC,daily,OBM v0.1.0
2017-11-19,obm_miner_revenue_btc_daily,2247.44354414,BTC,daily,OBM v0.1.0
2017-11-20,obm_miner_revenue_btc_daily,2516.51817427,BTC,daily,OBM v0.1.0
2017-11-21,obm_miner_revenue_btc_daily,2472.79655182,BTC,daily,OBM v0.1.0
2017-11-22,obm_miner_revenue_btc_daily,2106.40318228,BTC,daily,OBM v0.1.0
2017-11-23,obm_miner_revenue_btc_daily,2228.41956914,BTC,daily,OBM v0.1.0
2017-11-24,obm_miner_revenue_btc_daily,2096.03648718,BTC,daily,OBM v0.1.0
2017-11-25,obm_miner_revenue_btc_daily,2145.63976527,BTC,daily,OBM v0.1.0
2017-11-26,obm_miner_revenue_btc_daily,2103.72207725,BTC,daily,OBM v0.1.0
2017-11-27,obm_miner_revenue_btc_daily,2361.50308310,BTC,daily,OBM v0.1.0
2017-11-28,obm_miner_revenue_btc_daily,2195.23091351,BTC,daily,OBM v0.1.0
2017-11-29,obm_miner_revenue_btc_daily,2453.40212783,BTC,daily,OBM v0.1.0
2017-11-30,obm_miner_revenue_btc_daily,2358.13114407,BTC,daily,OBM v0.1.0
2017-12-01,obm_miner_revenue_btc_daily,2534.55190560,BTC,daily,OBM v0.1.0
2017-12-02,obm_miner_revenue_btc_daily,2202.79585342,BTC,daily,OBM v0.1.0
2017-12-03,obm_miner_revenue_btc_daily,2387.45114274,BTC,daily,OBM v0.1.0
2017-12-04,obm_miner_revenue_btc_daily,2488.61990963,BTC,daily,OBM v0.1.0
2017-12-05,obm_miner_revenue_btc_daily,2444.67975400,BTC,daily,OBM v0.1.0
2017-12-06,obm_miner_revenue_btc_daily,2607.16995428,BTC,daily,OBM v0.1.0
2017-12-07,obm_miner_revenue_btc_daily,2264.60560502,BTC,daily,OBM v0.1.0
2017-12-08,obm_miner_revenue_btc_daily,2591.42966479,BTC,daily,OBM v0.1.0
2017-12-09,obm_miner_revenue_btc_daily,2742.08842445,BTC,daily,OBM v0.1.0
2017-12-10,obm_miner_revenue_btc_daily,2508.10029691,BTC,daily,OBM v0.1.0
2017-12-11,obm_miner_revenue_btc_daily,2621.13865068,BTC,daily,OBM v0.1.0
2017-12-12,obm_miner_revenue_btc_daily,2487.94407913,BTC,daily,OBM v0.1.0
2017-12-13,obm_miner_revenue_btc_daily,2929.29794520,BTC,daily,OBM v0.1.0
2017-12-14,obm_miner_revenue_btc_daily,2957.10794431,BTC,daily,OBM v0.1.0
2017-12-15,obm_miner_revenue_btc_daily,2705.20393350,BTC,daily,OBM v0.1.0
2017-12-16,obm_miner_revenue_btc_daily,2671.51138337,BTC,daily,OBM v0.1.0
2017-12-17,obm_miner_revenue_btc_daily,2847.93867532,BTC,daily,OBM v0.1.0
2017-12-18,obm_miner_revenue_btc_daily,2862.12548366,BTC,daily,OBM v0.1.0
2017-12-19,obm_miner_revenue_btc_daily,2412.59550536,BTC,daily,OBM v0.1.0
2017-12-20,obm_miner_revenue_btc_daily,2611.59174277,BTC,daily,OBM v0.1.0
2017-12-21,obm_miner_revenue_btc_daily,2778.76167038,BTC,daily,OBM v0.1.0
2017-12-22,obm_miner_revenue_btc_daily,3433.44647734,BTC,daily,OBM v0.1.0
2017-12-23,obm_miner_revenue_btc_daily,2803.11559484,BTC,daily,OBM v0.1.0
2017-12-24,obm_miner_revenue_btc_daily,2781.12136284,BTC,daily,OBM v0.1.0
2017-12-25,obm_miner_revenue_btc_daily,2376.89441204,BTC,daily,OBM v0.1.0
2017-12-26,obm_miner_revenue_btc_daily,2500.62381816,BTC,daily,OBM v0.1.0
2017-12-27,obm_miner_revenue_btc_daily,2734.81712352,BTC,daily,OBM v0.1.0
2017-12-28,obm_miner_revenue_btc_daily,2648.33389168,BTC,daily,OBM v0.1.0
2017-12-29,obm_miner_revenue_btc_daily,2848.29504963,BTC,daily,OBM v0.1.0
2017-12-30,obm_miner_revenue_btc_daily,2603.57110970,BTC,daily,OBM v0.1.0
2017-12-31,obm_miner_revenue_btc_daily,2582.64452622,BTC,daily,OBM v0.1.0
2018-01-01,obm_miner_revenue_btc_daily,2419.41303646,BTC,daily,OBM v0.1.0
2018-01-02,obm_miner_revenue_btc_daily,2786.66497626,BTC,daily,OBM v0.1.0
2018-01-03,obm_miner_revenue_btc_daily,2712.18547259,BTC,daily,OBM v0.1.0
2018-01-04,obm_miner_revenue_btc_daily,2878.26109477,BTC,daily,OBM v0.1.0
2018-01-05,obm_miner_revenue_btc_daily,2488.85602010,BTC,daily,OBM v0.1.0
2018-01-06,obm_miner_revenue_btc_daily,2794.47790564,BTC,daily,OBM v0.1.0
2018-01-07,obm_miner_revenue_btc_daily,2711.11400249,BTC,daily,OBM v0.1.0
2018-01-08,obm_miner_revenue_btc_daily,2769.52640550,BTC,daily,OBM v0.1.0
2018-01-09,obm_miner_revenue_btc_daily,2802.41820280,BTC,daily,OBM v0.1.0
2018-01-10,obm_miner_revenue_btc_daily,2795.32570087,BTC,daily,OBM v0.1.0
2018-01-11,obm_miner_revenue_btc_daily,3109.94083354,BTC,daily,OBM v0.1.0
2018-01-12,obm_miner_revenue_btc_daily,2842.63579417,BTC,daily,OBM v0.1.0
2018-01-13,obm_miner_revenue_btc_daily,2390.96632102,BTC,daily,OBM v0.1.0
2018-01-14,obm_miner_revenue_btc_daily,2428.82446483,BTC,daily,OBM v0.1.0
2018-01-15,obm_miner_revenue_btc_daily,2385.11761779,BTC,daily,OBM v0.1.0
2018-01-16,obm_miner_revenue_btc_daily,2593.88246009,BTC,daily,OBM v0.1.0
2018-01-17,obm_miner_revenue_btc_daily,2762.59668652,BTC,daily,OBM v0.1.0
2018-01-18,obm_miner_revenue_btc_daily,2819.39753535,BTC,daily,OBM v0.1.0
2018-01-19,obm_miner_revenue_btc_daily,2553.98999429,BTC,daily,OBM v0.1.0
2018-01-20,obm_miner_revenue_btc_daily,2654.40319750,BTC,daily,OBM v0.1.0
2018-01-21,obm_miner_revenue_btc_daily,2680.86269629,BTC,daily,OBM v0.1.0
2018-01-22,obm_miner_revenue_btc_daily,2402.11253947,BTC,daily,OBM v0.1.0
2018-01-23,obm_miner_revenue_btc_daily,2498.45800518,BTC,daily,OBM v0.1.0
2018-01-24,obm_miner_revenue_btc_daily,2483.49809897,BTC,daily,OBM v0.1.0
2018-01-25,obm_miner_revenue_btc_daily,2195.85446644,BTC,daily,OBM v0.1.0
2018-01-26,obm_miner_revenue_btc_daily,2146.63221596,BTC,daily,OBM v0.1.0
2018-01-27,obm_miner_revenue_btc_daily,2130.75469362,BTC,daily,OBM v0.1.0
2018-01-28,obm_miner_revenue_btc_daily,2130.34485572,BTC,daily,OBM v0.1.0
2018-01-29,obm_miner_revenue_btc_daily,1995.75112922,BTC,daily,OBM v0.1.0
2018-01-30,obm_miner_revenue_btc_daily,2247.80090386,BTC,daily,OBM v0.1.0
2018-01-31,obm_miner_revenue_btc_daily,1624.70623626,BTC,daily,OBM v0.1.0
2018-02-01,obm_miner_revenue_btc_daily,2214.02754492,BTC,daily,OBM v0.1.0
2018-02-02,obm_miner_revenue_btc_daily,2374.36258243,BTC,daily,OBM v0.1.0
2018-02-03,obm_miner_revenue_btc_daily,2121.92776937,BTC,daily,OBM v0.1.0
2018-02-04,obm_miner_revenue_btc_daily,2336.31669812,BTC,daily,OBM v0.1.0
2018-02-05,obm_miner_revenue_btc_daily,2486.26750114,BTC,daily,OBM v0.1.0
2018-02-06,obm_miner_revenue_btc_daily,2289.26998571,BTC,daily,OBM v0.1.0
2018-02-07,obm_miner_revenue_btc_daily,1886.02109098,BTC,daily,OBM v0.1.0
2018-02-08,obm_miner_revenue_btc_daily,1725.48500449,BTC,daily,OBM v0.1.0
2018-02-09,obm_miner_revenue_btc_daily,1775.86425123,BTC,daily,OBM v0.1.0
2018-02-10,obm_miner_revenue_btc_daily,1876.29565618,BTC,daily,OBM v0.1.0
2018-02-11,obm_miner_revenue_btc_daily,1949.46458348,BTC,daily,OBM v0.1.0
2018-02-12,obm_miner_revenue_btc_daily,2144.96971094,BTC,daily,OBM v0.1.0
2018-02-13,obm_miner_revenue_btc_daily,2118.57325292,BTC,daily,OBM v0.1.0
2018-02-14,obm_miner_revenue_btc_daily,2301.25846926,BTC,daily,OBM v0.1.0
2018-02-15,obm_miner_revenue_btc_daily,1701.58005499,BTC,daily,OBM v0.1.0
2018-02-16,obm_miner_revenue_btc_daily,2020.75713445,BTC,daily,OBM v0.1.0
2018-02-17,obm_miner_revenue_btc_daily,1911.13875388,BTC,daily,OBM v0.1.0
2018-02-18,obm_miner_revenue_btc_daily,2069.58328081,BTC,daily,OBM v0.1.0
2018-02-19,obm_miner_revenue_btc_daily,2075.90811190,BTC,daily,OBM v0.1.0
2018-02-20,obm_miner_revenue_btc_daily,1814.73072575,BTC,daily,OBM v0.1.0
2018-02-21,obm_miner_revenue_btc_daily,2153.18256761,BTC,daily,OBM v0.1.0
2018-02-22,obm_miner_revenue_btc_daily,1900.10222865,BTC,daily,OBM v0.1.0
2018-02-23,obm_miner_revenue_btc_daily,1923.94810594,BTC,daily,OBM v0.1.0
2018-02-24,obm_miner_revenue_btc_daily,1908.60766905,BTC,daily,OBM v0.1.0
2018-02-25,obm_miner_revenue_btc_daily,2178.94060303,BTC,daily,OBM v0.1.0
2018-02-26,obm_miner_revenue_btc_daily,1808.69035139,BTC,daily,OBM v0.1.0
2018-02-27,obm_miner_revenue_btc_daily,2050.54578675,BTC,daily,OBM v0.1.0
2018-02-28,obm_miner_revenue_btc_daily,1988.79908764,BTC,daily,OBM v0.1.0
2018-03-01,obm_miner_revenue_btc_daily,2114.55574602,BTC,daily,OBM v0.1.0
2018-03-02,obm_miner_revenue_btc_daily,1992.01376982,BTC,daily,OBM v0.1.0
2018-03-03,obm_miner_revenue_btc_daily,2287.96379904,BTC,daily,OBM v0.1.0
2018-03-04,obm_miner_revenue_btc_daily,1883.46586197,BTC,daily,OBM v0.1.0
2018-03-05,obm_miner_revenue_btc_daily,1907.03138052,BTC,daily,OBM v0.1.0
2018-03-06,obm_miner_revenue_btc_daily,1987.24003205,BTC,daily,OBM v0.1.0
2018-03-07,obm_miner_revenue_btc_daily,1997.33770640,BTC,daily,OBM v0.1.0
2018-03-08,obm_miner_revenue_btc_daily,2060.63080068,BTC,daily,OBM v0.1.0
2018-03-09,obm_miner_revenue_btc_daily,1859.84594140,BTC,daily,OBM v0.1.0
2018-03-10,obm_miner_revenue_btc_daily,1790.27322368,BTC,daily,OBM v0.1.0
2018-03-11,obm_miner_revenue_btc_daily,1952.11038377,BTC,daily,OBM v0.1.0
2018-03-12,obm_miner_revenue_btc_daily,2045.96783473,BTC,daily,OBM v0.1.0
2018-03-13,obm_miner_revenue_btc_daily,2035.67628875,BTC,daily,OBM v0.1.0
2018-03-14,obm_miner_revenue_btc_daily,1837.04036657,BTC,daily,OBM v0.1.0
2018-03-15,obm_miner_revenue_btc_daily,1836.64624829,BTC,daily,OBM v0.1.0
2018-03-16,obm_miner_revenue_btc_daily,1979.65177072,BTC,daily,OBM v0.1.0
2018-03-17,obm_miner_revenue_btc_daily,1884.01541723,BTC,daily,OBM v0.1.0
2018-03-18,obm_miner_revenue_btc_daily,1912.83293823,BTC,daily,OBM v0.1.0
2018-03-19,obm_miner_revenue_btc_daily,1968.28064883,BTC,daily,OBM v0.1.0
2018-03-20,obm_miner_revenue_btc_daily,1618.87907950,BTC,daily,OBM v0.1.0
2018-03-21,obm_miner_revenue_btc_daily,1931.02527440,BTC,daily,OBM v0.1.0
2018-03-22,obm_miner_revenue_btc_daily,1815.22478850,BTC,daily,OBM v0.1.0
2018-03-23,obm_miner_revenue_btc_daily,1688.75767192,BTC,daily,OBM v0.1.0
2018-03-24,obm_miner_revenue_btc_daily,1971.76498898,BTC,daily,OBM v0.1.0
2018-03-25,obm_miner_revenue_btc_daily,1707.73147507,BTC,daily,OBM v0.1.0
2018-03-26,obm_miner_revenue_btc_daily,1901.98506764,BTC,daily,OBM v0.1.0
2018-03-27,obm_miner_revenue_btc_daily,1927.51028124,BTC,daily,OBM v0.1.0
2018-03-28,obm_miner_revenue_btc_daily,1711.59273355,BTC,daily,OBM v0.1.0
2018-03-29,obm_miner_revenue_btc_daily,1927.20122872,BTC,daily,OBM v0.1.0
2018-03-30,obm_miner_revenue_btc_daily,2050.76466930,BTC,daily,OBM v0.1.0
2018-03-31,obm_miner_revenue_btc_daily,1620.07447617,BTC,daily,OBM v0.1.0
2018-04-01,obm_miner_revenue_btc_daily,2043.28180544,BTC,daily,OBM v0.1.0
2018-04-02,obm_miner_revenue_btc_daily,1971.39248333,BTC,daily,OBM v0.1.0
2018-04-03,obm_miner_revenue_btc_daily,2062.62929851,BTC,daily,OBM v0.1.0
2018-04-04,obm_miner_revenue_btc_daily,1862.31899369,BTC,daily,OBM v0.1.0
2018-04-05,obm_miner_revenue_btc_daily,1974.46293557,BTC,daily,OBM v0.1.0
2018-04-06,obm_miner_revenue_btc_daily,1759.53138383,BTC,daily,OBM v0.1.0
2018-04-07,obm_miner_revenue_btc_daily,2277.16559493,BTC,daily,OBM v0.1.0
2018-04-08,obm_miner_revenue_btc_daily,2033.51734283,BTC,daily,OBM v0.1.0
2018-04-09,obm_miner_revenue_btc_daily,1859.92407623,BTC,daily,OBM v0.1.0
2018-04-10,obm_miner_revenue_btc_daily,2072.98846383,BTC,daily,OBM v0.1.0
2018-04-11,obm_miner_revenue_btc_daily,2035.25353142,BTC,daily,OBM v0.1.0
2018-04-12,obm_miner_revenue_btc_daily,1960.70920887,BTC,daily,OBM v0.1.0
2018-04-13,obm_miner_revenue_btc_daily,2098.86336175,BTC,daily,OBM v0.1.0
2018-04-14,obm_miner_revenue_btc_daily,1736.25939568,BTC,daily,OBM v0.1.0
2018-04-15,obm_miner_revenue_btc_daily,2061.80501194,BTC,daily,OBM v0.1.0
2018-04-16,obm_miner_revenue_btc_daily,1788.23063079,BTC,daily,OBM v0.1.0
2018-04-17,obm_miner_revenue_btc_daily,2051.13707878,BTC,daily,OBM v0.1.0
2018-04-18,obm_miner_revenue_btc_daily,2025.31797642,BTC,daily,OBM v0.1.0
2018-04-19,obm_miner_revenue_btc_daily,2252.67228390,BTC,daily,OBM v0.1.0
2018-04-20,obm_miner_revenue_btc_daily,1741.52296386,BTC,daily,OBM v0.1.0
2018-04-21,obm_miner_revenue_btc_daily,2015.90590158,BTC,daily,OBM v0.1.0
2018-04-22,obm_miner_revenue_btc_daily,2021.73949684,BTC,daily,OBM v0.1.0
2018-04-23,obm_miner_revenue_btc_daily,1941.63376866,BTC,daily,OBM v0.1.0
2018-04-24,obm_miner_revenue_btc_daily,2052.91086420,BTC,daily,OBM v0.1.0
2018-04-25,obm_miner_revenue_btc_daily,1629.23241634,BTC,daily,OBM v0.1.0
2018-04-26,obm_miner_revenue_btc_daily,1830.08831497,BTC,daily,OBM v0.1.0
2018-04-27,obm_miner_revenue_btc_daily,1830.63050596,BTC,daily,OBM v0.1.0
2018-04-28,obm_miner_revenue_btc_daily,1641.94707220,BTC,daily,OBM v0.1.0
2018-04-29,obm_miner_revenue_btc_daily,2009.88624020,BTC,daily,OBM v0.1.0
2018-04-30,obm_miner_revenue_btc_daily,1974.21911167,BTC,daily,OBM v0.1.0
2018-05-01,obm_miner_revenue_btc_daily,2006.75790178,BTC,daily,OBM v0.1.0
2018-05-02,obm_miner_revenue_btc_daily,1788.88684015,BTC,daily,OBM v0.1.0
2018-05-03,obm_miner_revenue_btc_daily,1926.90065166,BTC,daily,OBM v0.1.0
2018-05-04,obm_miner_revenue_btc_daily,1764.37853649,BTC,daily,OBM v0.1.0
2018-05-05,obm_miner_revenue_btc_daily,2044.67831497,BTC,daily,OBM v0.1.0
2018-05-06,obm_miner_revenue_btc_daily,1743.78195837,BTC,daily,OBM v0.1.0
2018-05-07,obm_miner_revenue_btc_daily,1910.90014262,BTC,daily,OBM v0.1.0
2018-05-08,obm_miner_revenue_btc_daily,1771.79413504,BTC,daily,OBM v0.1.0
2018-05-09,obm_miner_revenue_btc_daily,2030.52956993,BTC,daily,OBM v0.1.0
2018-05-10,obm_miner_revenue_btc_daily,1951.71177891,BTC,daily,OBM v0.1.0
2018-05-11,obm_miner_revenue_btc_daily,1626.11210375,BTC,daily,OBM v0.1.0
2018-05-12,obm_miner_revenue_btc_daily,2090.88834405,BTC,daily,OBM v0.1.0
2018-05-13,obm_miner_revenue_btc_daily,1873.33858622,BTC,daily,OBM v0.1.0
2018-05-14,obm_miner_revenue_btc_daily,1685.25774075,BTC,daily,OBM v0.1.0
2018-05-15,obm_miner_revenue_btc_daily,1862.83474629,BTC,daily,OBM v0.1.0
2018-05-16,obm_miner_revenue_btc_daily,2269.85890796,BTC,daily,OBM v0.1.0
2018-05-17,obm_miner_revenue_btc_daily,1704.05727301,BTC,daily,OBM v0.1.0
2018-05-18,obm_miner_revenue_btc_daily,1920.13995212,BTC,daily,OBM v0.1.0
2018-05-19,obm_miner_revenue_btc_daily,1956.42390531,BTC,daily,OBM v0.1.0
2018-05-20,obm_miner_revenue_btc_daily,1824.98915763,BTC,daily,OBM v0.1.0
2018-05-21,obm_miner_revenue_btc_daily,1993.78915469,BTC,daily,OBM v0.1.0
2018-05-22,obm_miner_revenue_btc_daily,1914.02413321,BTC,daily,OBM v0.1.0
2018-05-23,obm_miner_revenue_btc_daily,2055.82025138,BTC,daily,OBM v0.1.0
2018-05-24,obm_miner_revenue_btc_daily,1817.25362781,BTC,daily,OBM v0.1.0
2018-05-25,obm_miner_revenue_btc_daily,2230.37696335,BTC,daily,OBM v0.1.0
2018-05-26,obm_miner_revenue_btc_daily,2047.51408114,BTC,daily,OBM v0.1.0
2018-05-27,obm_miner_revenue_btc_daily,2069.47089151,BTC,daily,OBM v0.1.0
2018-05-28,obm_miner_revenue_btc_daily,1979.12400991,BTC,daily,OBM v0.1.0
2018-05-29,obm_miner_revenue_btc_daily,1766.13684227,BTC,daily,OBM v0.1.0
2018-05-30,obm_miner_revenue_btc_daily,2197.66213792,BTC,daily,OBM v0.1.0
2018-05-31,obm_miner_revenue_btc_daily,2146.65414270,BTC,daily,OBM v0.1.0
2018-06-01,obm_miner_revenue_btc_daily,2095.37476636,BTC,daily,OBM v0.1.0
2018-06-02,obm_miner_revenue_btc_daily,1916.27842016,BTC,daily,OBM v0.1.0
2018-06-03,obm_miner_revenue_btc_daily,2052.80740380,BTC,daily,OBM v0.1.0
2018-06-04,obm_miner_revenue_btc_daily,2308.21075272,BTC,daily,OBM v0.1.0
2018-06-05,obm_miner_revenue_btc_daily,2206.02827963,BTC,daily,OBM v0.1.0
2018-06-06,obm_miner_revenue_btc_daily,1856.95797083,BTC,daily,OBM v0.1.0
2018-06-07,obm_miner_revenue_btc_daily,1808.16993650,BTC,daily,OBM v0.1.0
2018-06-08,obm_miner_revenue_btc_daily,1824.14042019,BTC,daily,OBM v0.1.0
2018-06-09,obm_miner_revenue_btc_daily,1806.20736639,BTC,daily,OBM v0.1.0
2018-06-10,obm_miner_revenue_btc_daily,1604.20095310,BTC,daily,OBM v0.1.0
2018-06-11,obm_miner_revenue_btc_daily,1774.67101824,BTC,daily,OBM v0.1.0
2018-06-12,obm_miner_revenue_btc_daily,1834.40653344,BTC,daily,OBM v0.1.0
2018-06-13,obm_miner_revenue_btc_daily,1824.91423101,BTC,daily,OBM v0.1.0
2018-06-14,obm_miner_revenue_btc_daily,1940.51723038,BTC,daily,OBM v0.1.0
2018-06-15,obm_miner_revenue_btc_daily,1935.69453149,BTC,daily,OBM v0.1.0
2018-06-16,obm_miner_revenue_btc_daily,2091.44224754,BTC,daily,OBM v0.1.0
2018-06-17,obm_miner_revenue_btc_daily,1985.98901953,BTC,daily,OBM v0.1.0
2018-06-18,obm_miner_revenue_btc_daily,2067.52291191,BTC,daily,OBM v0.1.0
2018-06-19,obm_miner_revenue_btc_daily,2021.30865315,BTC,daily,OBM v0.1.0
2018-06-20,obm_miner_revenue_btc_daily,2140.78531945,BTC,daily,OBM v0.1.0
2018-06-21,obm_miner_revenue_btc_daily,2198.52012133,BTC,daily,OBM v0.1.0
2018-06-22,obm_miner_revenue_btc_daily,1956.43682020,BTC,daily,OBM v0.1.0
2018-06-23,obm_miner_revenue_btc_daily,2031.93798474,BTC,daily,OBM v0.1.0
2018-06-24,obm_miner_revenue_btc_daily,2164.53085745,BTC,daily,OBM v0.1.0
2018-06-25,obm_miner_revenue_btc_daily,1997.18013653,BTC,daily,OBM v0.1.0
2018-06-26,obm_miner_revenue_btc_daily,1857.34384664,BTC,daily,OBM v0.1.0
2018-06-27,obm_miner_revenue_btc_daily,1544.65886049,BTC,daily,OBM v0.1.0
2018-06-28,obm_miner_revenue_btc_daily,1989.65925646,BTC,daily,OBM v0.1.0
2018-06-29,obm_miner_revenue_btc_daily,1914.91063627,BTC,daily,OBM v0.1.0
2018-06-30,obm_miner_revenue_btc_daily,1786.10409685,BTC,daily,OBM v0.1.0
2018-07-01,obm_miner_revenue_btc_daily,1854.29288883,BTC,daily,OBM v0.1.0
2018-07-02,obm_miner_revenue_btc_daily,1785.98063765,BTC,daily,OBM v0.1.0
2018-07-03,obm_miner_revenue_btc_daily,1477.90259694,BTC,daily,OBM v0.1.0
2018-07-04,obm_miner_revenue_btc_daily,1696.54447472,BTC,daily,OBM v0.1.0
2018-07-05,obm_miner_revenue_btc_daily,1732.26600446,BTC,daily,OBM v0.1.0
2018-07-06,obm_miner_revenue_btc_daily,2021.70276596,BTC,daily,OBM v0.1.0
2018-07-07,obm_miner_revenue_btc_daily,1966.56969368,BTC,daily,OBM v0.1.0
2018-07-08,obm_miner_revenue_btc_daily,1990.64479917,BTC,daily,OBM v0.1.0
2018-07-09,obm_miner_revenue_btc_daily,1719.92606448,BTC,daily,OBM v0.1.0
2018-07-10,obm_miner_revenue_btc_daily,1885.36065998,BTC,daily,OBM v0.1.0
2018-07-11,obm_miner_revenue_btc_daily,1707.94250057,BTC,daily,OBM v0.1.0
2018-07-12,obm_miner_revenue_btc_daily,1781.13321237,BTC,daily,OBM v0.1.0
2018-07-13,obm_miner_revenue_btc_daily,1807.03514153,BTC,daily,OBM v0.1.0
2018-07-14,obm_miner_revenue_btc_daily,1677.51264127,BTC,daily,OBM v0.1.0
2018-07-15,obm_miner_revenue_btc_daily,1677.77821656,BTC,daily,OBM v0.1.0
2018-07-16,obm_miner_revenue_btc_daily,1523.61292569,BTC,daily,OBM v0.1.0
2018-07-17,obm_miner_revenue_btc_daily,2012.44209666,BTC,daily,OBM v0.1.0
2018-07-18,obm_miner_revenue_btc_daily,2206.82668328,BTC,daily,OBM v0.1.0
2018-07-19,obm_miner_revenue_btc_daily,2166.32741836,BTC,daily,OBM v0.1.0
2018-07-20,obm_miner_revenue_btc_daily,1948.08779797,BTC,daily,OBM v0.1.0
2018-07-21,obm_miner_revenue_btc_daily,1729.87819099,BTC,daily,OBM v0.1.0
2018-07-22,obm_miner_revenue_btc_daily,2289.77231882,BTC,daily,OBM v0.1.0
2018-07-23,obm_miner_revenue_btc_daily,2101.12072165,BTC,daily,OBM v0.1.0
2018-07-24,obm_miner_revenue_btc_daily,2017.14294953,BTC,daily,OBM v0.1.0
2018-07-25,obm_miner_revenue_btc_daily,2239.32417265,BTC,daily,OBM v0.1.0
2018-07-26,obm_miner_revenue_btc_daily,2086.38022702,BTC,daily,OBM v0.1.0
2018-07-27,obm_miner_revenue_btc_daily,2108.22404419,BTC,daily,OBM v0.1.0
2018-07-28,obm_miner_revenue_btc_daily,1829.24880925,BTC,daily,OBM v0.1.0
2018-07-29,obm_miner_revenue_btc_daily,2140.67066861,BTC,daily,OBM v0.1.0
2018-07-30,obm_miner_revenue_btc_daily,1699.57789474,BTC,daily,OBM v0.1.0
2018-07-31,obm_miner_revenue_btc_daily,1863.08296892,BTC,daily,OBM v0.1.0
2018-08-01,obm_miner_revenue_btc_daily,1896.28329704,BTC,daily,OBM v0.1.0
2018-08-02,obm_miner_revenue_btc_daily,1937.70903629,BTC,daily,OBM v0.1.0
2018-08-03,obm_miner_revenue_btc_daily,2098.21487948,BTC,daily,OBM v0.1.0
2018-08-04,obm_miner_revenue_btc_daily,2217.19453121,BTC,daily,OBM v0.1.0
2018-08-05,obm_miner_revenue_btc_daily,2013.62993280,BTC,daily,OBM v0.1.0
2018-08-06,obm_miner_revenue_btc_daily,1655.25048541,BTC,daily,OBM v0.1.0
2018-08-07,obm_miner_revenue_btc_daily,1906.11533926,BTC,daily,OBM v0.1.0
2018-08-08,obm_miner_revenue_btc_daily,1983.25085863,BTC,daily,OBM v0.1.0
2018-08-09,obm_miner_revenue_btc_daily,1883.25020750,BTC,daily,OBM v0.1.0
2018-08-10,obm_miner_revenue_btc_daily,2220.41451688,BTC,daily,OBM v0.1.0
2018-08-11,obm_miner_revenue_btc_daily,2140.39050663,BTC,daily,OBM v0.1.0
2018-08-12,obm_miner_revenue_btc_daily,1950.27525619,BTC,daily,OBM v0.1.0
2018-08-13,obm_miner_revenue_btc_daily,1894.92080391,BTC,daily,OBM v0.1.0
2018-08-14,obm_miner_revenue_btc_daily,1726.45582537,BTC,daily,OBM v0.1.0
2018-08-15,obm_miner_revenue_btc_daily,2034.66329425,BTC,daily,OBM v0.1.0
2018-08-16,obm_miner_revenue_btc_daily,1999.04769454,BTC,daily,OBM v0.1.0
2018-08-17,obm_miner_revenue_btc_daily,1924.88424895,BTC,daily,OBM v0.1.0
2018-08-18,obm_miner_revenue_btc_daily,2016.45331646,BTC,daily,OBM v0.1.0
2018-08-19,obm_miner_revenue_btc_daily,1829.54585929,BTC,daily,OBM v0.1.0
2018-08-20,obm_miner_revenue_btc_daily,1904.07233893,BTC,daily,OBM v0.1.0
2018-08-21,obm_miner_revenue_btc_daily,1874.75227516,BTC,daily,OBM v0.1.0
2018-08-22,obm_miner_revenue_btc_daily,2024.27417893,BTC,daily,OBM v0.1.0
2018-08-23,obm_miner_revenue_btc_daily,1881.80836963,BTC,daily,OBM v0.1.0
2018-08-24,obm_miner_revenue_btc_daily,1844.15356329,BTC,daily,OBM v0.1.0
2018-08-25,obm_miner_revenue_btc_daily,1708.56312548,BTC,daily,OBM v0.1.0
2018-08-26,obm_miner_revenue_btc_daily,2190.30300460,BTC,daily,OBM v0.1.0
2018-08-27,obm_miner_revenue_btc_daily,2345.15580283,BTC,daily,OBM v0.1.0
2018-08-28,obm_miner_revenue_btc_daily,1957.71346372,BTC,daily,OBM v0.1.0
2018-08-29,obm_miner_revenue_btc_daily,1761.14752291,BTC,daily,OBM v0.1.0
2018-08-30,obm_miner_revenue_btc_daily,1949.10101527,BTC,daily,OBM v0.1.0
2018-08-31,obm_miner_revenue_btc_daily,1962.75627960,BTC,daily,OBM v0.1.0
2018-09-01,obm_miner_revenue_btc_daily,1906.71172220,BTC,daily,OBM v0.1.0
2018-09-02,obm_miner_revenue_btc_daily,1816.30331633,BTC,daily,OBM v0.1.0
2018-09-03,obm_miner_revenue_btc_daily,1819.91598191,BTC,daily,OBM v0.1.0
2018-09-04,obm_miner_revenue_btc_daily,1599.10653790,BTC,daily,OBM v0.1.0
2018-09-05,obm_miner_revenue_btc_daily,1681.82732444,BTC,daily,OBM v0.1.0
2018-09-06,obm_miner_revenue_btc_daily,1906.29005945,BTC,daily,OBM v0.1.0
2018-09-07,obm_miner_revenue_btc_daily,1927.92194982,BTC,daily,OBM v0.1.0
2018-09-08,obm_miner_revenue_btc_daily,1893.81937591,BTC,daily,OBM v0.1.0
2018-09-09,obm_miner_revenue_btc_daily,2055.87028897,BTC,daily,OBM v0.1.0
2018-09-10,obm_miner_revenue_btc_daily,1707.47514305,BTC,daily,OBM v0.1.0
2018-09-11,obm_miner_revenue_btc_daily,1785.77470384,BTC,daily,OBM v0.1.0
2018-09-12,obm_miner_revenue_btc_daily,2123.91441239,BTC,daily,OBM v0.1.0
2018-09-13,obm_miner_revenue_btc_daily,1870.29803693,BTC,daily,OBM v0.1.0
2018-09-14,obm_miner_revenue_btc_daily,1671.21893106,BTC,daily,OBM v0.1.0
2018-09-15,obm_miner_revenue_btc_daily,1765.69995673,BTC,daily,OBM v0.1.0
2018-09-16,obm_miner_revenue_btc_daily,1750.57015135,BTC,daily,OBM v0.1.0
2018-09-17,obm_miner_revenue_btc_daily,1704.95767671,BTC,daily,OBM v0.1.0
2018-09-18,obm_miner_revenue_btc_daily,1794.01368472,BTC,daily,OBM v0.1.0
2018-09-19,obm_miner_revenue_btc_daily,1967.09335521,BTC,daily,OBM v0.1.0
2018-09-20,obm_miner_revenue_btc_daily,1943.26192982,BTC,daily,OBM v0.1.0
2018-09-21,obm_miner_revenue_btc_daily,1825.61259389,BTC,daily,OBM v0.1.0
2018-09-22,obm_miner_revenue_btc_daily,1956.15597068,BTC,daily,OBM v0.1.0
2018-09-23,obm_miner_revenue_btc_daily,1889.47737832,BTC,daily,OBM v0.1.0
2018-09-24,obm_miner_revenue_btc_daily,1865.50844294,BTC,daily,OBM v0.1.0
2018-09-25,obm_miner_revenue_btc_daily,2132.81737127,BTC,daily,OBM v0.1.0
2018-09-26,obm_miner_revenue_btc_daily,1757.63386640,BTC,daily,OBM v0.1.0
2018-09-27,obm_miner_revenue_btc_daily,1811.15350638,BTC,daily,OBM v0.1.0
2018-09-28,obm_miner_revenue_btc_daily,1953.91825487,BTC,daily,OBM v0.1.0
2018-09-29,obm_miner_revenue_btc_daily,1919.10685859,BTC,daily,OBM v0.1.0
2018-09-30,obm_miner_revenue_btc_daily,2052.92794706,BTC,daily,OBM v0.1.0
2018-10-01,obm_miner_revenue_btc_daily,1996.82334691,BTC,daily,OBM v0.1.0
2018-10-02,obm_miner_revenue_btc_daily,1738.22269107,BTC,daily,OBM v0.1.0
2018-10-03,obm_miner_revenue_btc_daily,1833.86448501,BTC,daily,OBM v0.1.0
2018-10-04,obm_miner_revenue_btc_daily,1893.70916379,BTC,daily,OBM v0.1.0
2018-10-05,obm_miner_revenue_btc_daily,1646.33672301,BTC,daily,OBM v0.1.0
2018-10-06,obm_miner_revenue_btc_daily,1580.07876392,BTC,daily,OBM v0.1.0
2018-10-07,obm_miner_revenue_btc_daily,1788.06671677,BTC,daily,OBM v0.1.0
2018-10-08,obm_miner_revenue_btc_daily,1704.29599849,BTC,daily,OBM v0.1.0
2018-10-09,obm_miner_revenue_btc_daily,1641.66631934,BTC,daily,OBM v0.1.0
2018-10-10,obm_miner_revenue_btc_daily,1815.63393730,BTC,daily,OBM v0.1.0
2018-10-11,obm_miner_revenue_btc_daily,2005.91720560,BTC,daily,OBM v0.1.0
2018-10-12,obm_miner_revenue_btc_daily,1668.44585713,BTC,daily,OBM v0.1.0
2018-10-13,obm_miner_revenue_btc_daily,1775.78476496,BTC,daily,OBM v0.1.0
2018-10-14,obm_miner_revenue_btc_daily,1437.41784997,BTC,daily,OBM v0.1.0
2018-10-15,obm_miner_revenue_btc_daily,2048.09602031,BTC,daily,OBM v0.1.0
2018-10-16,obm_miner_revenue_btc_daily,1706.81942675,BTC,daily,OBM v0.1.0
2018-10-17,obm_miner_revenue_btc_daily,1743.85008030,BTC,daily,OBM v0.1.0
2018-10-18,obm_miner_revenue_btc_daily,1743.05926167,BTC,daily,OBM v0.1.0
2018-10-19,obm_miner_revenue_btc_daily,1792.65876226,BTC,daily,OBM v0.1.0
2018-10-20,obm_miner_revenue_btc_daily,1801.82509812,BTC,daily,OBM v0.1.0
2018-10-21,obm_miner_revenue_btc_daily,1737.46404029,BTC,daily,OBM v0.1.0
2018-10-22,obm_miner_revenue_btc_daily,1954.19951180,BTC,daily,OBM v0.1.0
2018-10-23,obm_miner_revenue_btc_daily,1941.58331912,BTC,daily,OBM v0.1.0
2018-10-24,obm_miner_revenue_btc_daily,1429.44168952,BTC,daily,OBM v0.1.0
2018-10-25,obm_miner_revenue_btc_daily,1730.03993992,BTC,daily,OBM v0.1.0
2018-10-26,obm_miner_revenue_btc_daily,1805.41509911,BTC,daily,OBM v0.1.0
2018-10-27,obm_miner_revenue_btc_daily,1713.09651959,BTC,daily,OBM v0.1.0
2018-10-28,obm_miner_revenue_btc_daily,1766.51393590,BTC,daily,OBM v0.1.0
2018-10-29,obm_miner_revenue_btc_daily,1844.60417590,BTC,daily,OBM v0.1.0
2018-10-30,obm_miner_revenue_btc_daily,1943.77140942,BTC,daily,OBM v0.1.0
2018-10-31,obm_miner_revenue_btc_daily,2054.15229276,BTC,daily,OBM v0.1.0
2018-11-01,obm_miner_revenue_btc_daily,1942.45938887,BTC,daily,OBM v0.1.0
2018-11-02,obm_miner_revenue_btc_daily,1805.82471846,BTC,daily,OBM v0.1.0
2018-11-03,obm_miner_revenue_btc_daily,2026.09185082,BTC,daily,OBM v0.1.0
2018-11-04,obm_miner_revenue_btc_daily,1550.33578294,BTC,daily,OBM v0.1.0
2018-11-05,obm_miner_revenue_btc_daily,1818.68872972,BTC,daily,OBM v0.1.0
2018-11-06,obm_miner_revenue_btc_daily,1619.18392815,BTC,daily,OBM v0.1.0
2018-11-07,obm_miner_revenue_btc_daily,1645.33841010,BTC,daily,OBM v0.1.0
2018-11-08,obm_miner_revenue_btc_daily,1533.49890399,BTC,daily,OBM v0.1.0
2018-11-09,obm_miner_revenue_btc_daily,1609.92896582,BTC,daily,OBM v0.1.0
2018-11-10,obm_miner_revenue_btc_daily,1654.14920253,BTC,daily,OBM v0.1.0
2018-11-11,obm_miner_revenue_btc_daily,1839.13978687,BTC,daily,OBM v0.1.0
2018-11-12,obm_miner_revenue_btc_daily,1769.17199757,BTC,daily,OBM v0.1.0
2018-11-13,obm_miner_revenue_btc_daily,1518.07251239,BTC,daily,OBM v0.1.0
2018-11-14,obm_miner_revenue_btc_daily,1713.32337117,BTC,daily,OBM v0.1.0
2018-11-15,obm_miner_revenue_btc_daily,1626.15117983,BTC,daily,OBM v0.1.0
2018-11-16,obm_miner_revenue_btc_daily,1611.92729384,BTC,daily,OBM v0.1.0
2018-11-17,obm_miner_revenue_btc_daily,1834.05099415,BTC,daily,OBM v0.1.0
2018-11-18,obm_miner_revenue_btc_daily,1555.53746701,BTC,daily,OBM v0.1.0
2018-11-19,obm_miner_revenue_btc_daily,1614.96948610,BTC,daily,OBM v0.1.0
2018-11-20,obm_miner_revenue_btc_daily,1719.36765011,BTC,daily,OBM v0.1.0
2018-11-21,obm_miner_revenue_btc_daily,1362.45016009,BTC,daily,OBM v0.1.0
2018-11-22,obm_miner_revenue_btc_daily,1564.13421764,BTC,daily,OBM v0.1.0
2018-11-23,obm_miner_revenue_btc_daily,1599.48433712,BTC,daily,OBM v0.1.0
2018-11-24,obm_miner_revenue_btc_daily,1818.67997638,BTC,daily,OBM v0.1.0
2018-11-25,obm_miner_revenue_btc_daily,1619.51112732,BTC,daily,OBM v0.1.0
2018-11-26,obm_miner_revenue_btc_daily,1425.77901151,BTC,daily,OBM v0.1.0
2018-11-27,obm_miner_revenue_btc_daily,1674.88312649,BTC,daily,OBM v0.1.0
2018-11-28,obm_miner_revenue_btc_daily,1513.73742286,BTC,daily,OBM v0.1.0
2018-11-29,obm_miner_revenue_btc_daily,1357.57238045,BTC,daily,OBM v0.1.0
2018-11-30,obm_miner_revenue_btc_daily,1303.27812171,BTC,daily,OBM v0.1.0
2018-12-01,obm_miner_revenue_btc_daily,1581.11731237,BTC,daily,OBM v0.1.0
2018-12-02,obm_miner_revenue_btc_daily,1448.24535308,BTC,daily,OBM v0.1.0
2018-12-03,obm_miner_revenue_btc_daily,1456.12664818,BTC,daily,OBM v0.1.0
2018-12-04,obm_miner_revenue_btc_daily,1756.50009203,BTC,daily,OBM v0.1.0
2018-12-05,obm_miner_revenue_btc_daily,1651.31110179,BTC,daily,OBM v0.1.0
2018-12-06,obm_miner_revenue_btc_daily,1715.97570217,BTC,daily,OBM v0.1.0
2018-12-07,obm_miner_revenue_btc_daily,1456.19535557,BTC,daily,OBM v0.1.0
2018-12-08,obm_miner_revenue_btc_daily,1607.25236340,BTC,daily,OBM v0.1.0
2018-12-09,obm_miner_revenue_btc_daily,1616.83358837,BTC,daily,OBM v0.1.0
2018-12-10,obm_miner_revenue_btc_daily,1572.97283382,BTC,daily,OBM v0.1.0
2018-12-11,obm_miner_revenue_btc_daily,1585.81901023,BTC,daily,OBM v0.1.0
2018-12-12,obm_miner_revenue_btc_daily,1522.35779149,BTC,daily,OBM v0.1.0
2018-12-13,obm_miner_revenue_btc_daily,1659.58826418,BTC,daily,OBM v0.1.0
2018-12-14,obm_miner_revenue_btc_daily,1850.09538231,BTC,daily,OBM v0.1.0
2018-12-15,obm_miner_revenue_btc_daily,1880.87318136,BTC,daily,OBM v0.1.0
2018-12-16,obm_miner_revenue_btc_daily,1452.34875261,BTC,daily,OBM v0.1.0
2018-12-17,obm_miner_revenue_btc_daily,2020.97551137,BTC,daily,OBM v0.1.0
2018-12-18,obm_miner_revenue_btc_daily,1626.57834854,BTC,daily,OBM v0.1.0
2018-12-19,obm_miner_revenue_btc_daily,1895.42958464,BTC,daily,OBM v0.1.0
2018-12-20,obm_miner_revenue_btc_daily,1715.12806589,BTC,daily,OBM v0.1.0
2018-12-21,obm_miner_revenue_btc_daily,1780.95900116,BTC,daily,OBM v0.1.0
2018-12-22,obm_miner_revenue_btc_daily,2206.27646281,BTC,daily,OBM v0.1.0
2018-12-23,obm_miner_revenue_btc_daily,2215.44952443,BTC,daily,OBM v0.1.0
2018-12-24,obm_miner_revenue_btc_daily,1923.01715097,BTC,daily,OBM v0.1.0
2018-12-25,obm_miner_revenue_btc_daily,2005.78673875,BTC,daily,OBM v0.1.0
2018-12-26,obm_miner_revenue_btc_daily,1978.72660938,BTC,daily,OBM v0.1.0
2018-12-27,obm_miner_revenue_btc_daily,2191.91659845,BTC,daily,OBM v0.1.0
2018-12-28,obm_miner_revenue_btc_daily,2105.47068908,BTC,daily,OBM v0.1.0
2018-12-29,obm_miner_revenue_btc_daily,1740.31251107,BTC,daily,OBM v0.1.0
2018-12-30,obm_miner_revenue_btc_daily,2213.91108006,BTC,daily,OBM v0.1.0
2018-12-31,obm_miner_revenue_btc_daily,1953.40842885,BTC,daily,OBM v0.1.0
2019-01-01,obm_miner_revenue_btc_daily,1873.72870449,BTC,daily,OBM v0.1.0
2019-01-02,obm_miner_revenue_btc_daily,1905.54040760,BTC,daily,OBM v0.1.0
2019-01-03,obm_miner_revenue_btc_daily,1956.66783820,BTC,daily,OBM v0.1.0
2019-01-04,obm_miner_revenue_btc_daily,1882.07925017,BTC,daily,OBM v0.1.0
2019-01-05,obm_miner_revenue_btc_daily,2049.77107591,BTC,daily,OBM v0.1.0
2019-01-06,obm_miner_revenue_btc_daily,1779.09508434,BTC,daily,OBM v0.1.0
2019-01-07,obm_miner_revenue_btc_daily,1786.37585077,BTC,daily,OBM v0.1.0
2019-01-08,obm_miner_revenue_btc_daily,2133.44683492,BTC,daily,OBM v0.1.0
2019-01-09,obm_miner_revenue_btc_daily,2074.16978699,BTC,daily,OBM v0.1.0
2019-01-10,obm_miner_revenue_btc_daily,1975.84515048,BTC,daily,OBM v0.1.0
2019-01-11,obm_miner_revenue_btc_daily,1874.25918558,BTC,daily,OBM v0.1.0
2019-01-12,obm_miner_revenue_btc_daily,1742.12273992,BTC,daily,OBM v0.1.0
2019-01-13,obm_miner_revenue_btc_daily,1726.67709438,BTC,daily,OBM v0.1.0
2019-01-14,obm_miner_revenue_btc_daily,1882.49425343,BTC,daily,OBM v0.1.0
2019-01-15,obm_miner_revenue_btc_daily,1671.20358949,BTC,daily,OBM v0.1.0
2019-01-16,obm_miner_revenue_btc_daily,1687.57927963,BTC,daily,OBM v0.1.0
2019-01-17,obm_miner_revenue_btc_daily,1610.98759589,BTC,daily,OBM v0.1.0
2019-01-18,obm_miner_revenue_btc_daily,1745.91797749,BTC,daily,OBM v0.1.0
2019-01-19,obm_miner_revenue_btc_daily,1680.07732062,BTC,daily,OBM v0.1.0
2019-01-20,obm_miner_revenue_btc_daily,1976.92266508,BTC,daily,OBM v0.1.0
2019-01-21,obm_miner_revenue_btc_daily,1894.91907516,BTC,daily,OBM v0.1.0
2019-01-22,obm_miner_revenue_btc_daily,1645.90036540,BTC,daily,OBM v0.1.0
2019-01-23,obm_miner_revenue_btc_daily,1847.67278096,BTC,daily,OBM v0.1.0
2019-01-24,obm_miner_revenue_btc_daily,2047.98899317,BTC,daily,OBM v0.1.0
2019-01-25,obm_miner_revenue_btc_daily,1749.82339222,BTC,daily,OBM v0.1.0
2019-01-26,obm_miner_revenue_btc_daily,1894.88019910,BTC,daily,OBM v0.1.0
2019-01-27,obm_miner_revenue_btc_daily,1728.40784813,BTC,daily,OBM v0.1.0
2019-01-28,obm_miner_revenue_btc_daily,1836.66321392,BTC,daily,OBM v0.1.0
2019-01-29,obm_miner_revenue_btc_daily,1848.14980149,BTC,daily,OBM v0.1.0
2019-01-30,obm_miner_revenue_btc_daily,1721.22346169,BTC,daily,OBM v0.1.0
2019-01-31,obm_miner_revenue_btc_daily,1966.53627429,BTC,daily,OBM v0.1.0
2019-02-01,obm_miner_revenue_btc_daily,2008.11076701,BTC,daily,OBM v0.1.0
2019-02-02,obm_miner_revenue_btc_daily,1818.92618462,BTC,daily,OBM v0.1.0
2019-02-03,obm_miner_revenue_btc_daily,1739.74322284,BTC,daily,OBM v0.1.0
2019-02-04,obm_miner_revenue_btc_daily,1854.58811248,BTC,daily,OBM v0.1.0
2019-02-05,obm_miner_revenue_btc_daily,1854.71081291,BTC,daily,OBM v0.1.0
2019-02-06,obm_miner_revenue_btc_daily,2071.79051765,BTC,daily,OBM v0.1.0
2019-02-07,obm_miner_revenue_btc_daily,2191.74141122,BTC,daily,OBM v0.1.0
2019-02-08,obm_miner_revenue_btc_daily,2058.41053599,BTC,daily,OBM v0.1.0
2019-02-09,obm_miner_revenue_btc_daily,1892.75264078,BTC,daily,OBM v0.1.0
2019-02-10,obm_miner_revenue_btc_daily,1763.62075475,BTC,daily,OBM v0.1.0
2019-02-11,obm_miner_revenue_btc_daily,1835.63798165,BTC,daily,OBM v0.1.0
2019-02-12,obm_miner_revenue_btc_daily,1634.31602175,BTC,daily,OBM v0.1.0
2019-02-13,obm_miner_revenue_btc_daily,1948.13755618,BTC,daily,OBM v0.1.0
2019-02-14,obm_miner_revenue_btc_daily,1788.68039800,BTC,daily,OBM v0.1.0
2019-02-15,obm_miner_revenue_btc_daily,1613.96547377,BTC,daily,OBM v0.1.0
2019-02-16,obm_miner_revenue_btc_daily,1897.36572171,BTC,daily,OBM v0.1.0
2019-02-17,obm_miner_revenue_btc_daily,2006.67235936,BTC,daily,OBM v0.1.0
2019-02-18,obm_miner_revenue_btc_daily,1966.90410079,BTC,daily,OBM v0.1.0
2019-02-19,obm_miner_revenue_btc_daily,1986.59295015,BTC,daily,OBM v0.1.0
2019-02-20,obm_miner_revenue_btc_daily,1662.76184521,BTC,daily,OBM v0.1.0
2019-02-21,obm_miner_revenue_btc_daily,1522.21560858,BTC,daily,OBM v0.1.0
2019-02-22,obm_miner_revenue_btc_daily,2064.01280561,BTC,daily,OBM v0.1.0
2019-02-23,obm_miner_revenue_btc_daily,1812.93940867,BTC,daily,OBM v0.1.0
2019-02-24,obm_miner_revenue_btc_daily,1742.05542146,BTC,daily,OBM v0.1.0
2019-02-25,obm_miner_revenue_btc_daily,1826.35345862,BTC,daily,OBM v0.1.0
2019-02-26,obm_miner_revenue_btc_daily,2048.34517142,BTC,daily,OBM v0.1.0
2019-02-27,obm_miner_revenue_btc_daily,1795.16318415,BTC,daily,OBM v0.1.0
2019-02-28,obm_miner_revenue_btc_daily,1905.29594103,BTC,daily,OBM v0.1.0
2019-03-01,obm_miner_revenue_btc_daily,2055.48611973,BTC,daily,OBM v0.1.0
2019-03-02,obm_miner_revenue_btc_daily,1675.32153705,BTC,daily,OBM v0.1.0
2019-03-03,obm_miner_revenue_btc_daily,1846.38429981,BTC,daily,OBM v0.1.0
2019-03-04,obm_miner_revenue_btc_daily,1740.95991569,BTC,daily,OBM v0.1.0
2019-03-05,obm_miner_revenue_btc_daily,1891.52363002,BTC,daily,OBM v0.1.0
2019-03-06,obm_miner_revenue_btc_daily,1638.43684345,BTC,daily,OBM v0.1.0
2019-03-07,obm_miner_revenue_btc_daily,1813.15885184,BTC,daily,OBM v0.1.0
2019-03-08,obm_miner_revenue_btc_daily,1859.53420729,BTC,daily,OBM v0.1.0
2019-03-09,obm_miner_revenue_btc_daily,1749.54420613,BTC,daily,OBM v0.1.0
2019-03-10,obm_miner_revenue_btc_daily,1719.08668276,BTC,daily,OBM v0.1.0
2019-03-11,obm_miner_revenue_btc_daily,1805.82179358,BTC,daily,OBM v0.1.0
2019-03-12,obm_miner_revenue_btc_daily,1819.00427651,BTC,daily,OBM v0.1.0
2019-03-13,obm_miner_revenue_btc_daily,1723.54315035,BTC,daily,OBM v0.1.0
2019-03-14,obm_miner_revenue_btc_daily,1975.06437664,BTC,daily,OBM v0.1.0
2019-03-15,obm_miner_revenue_btc_daily,1943.62448995,BTC,daily,OBM v0.1.0
2019-03-16,obm_miner_revenue_btc_daily,2059.86301366,BTC,daily,OBM v0.1.0
2019-03-17,obm_miner_revenue_btc_daily,1841.78071195,BTC,daily,OBM v0.1.0
2019-03-18,obm_miner_revenue_btc_daily,2034.87480548,BTC,daily,OBM v0.1.0
2019-03-19,obm_miner_revenue_btc_daily,2197.30871865,BTC,daily,OBM v0.1.0
2019-03-20,obm_miner_revenue_btc_daily,2039.69979230,BTC,daily,OBM v0.1.0
2019-03-21,obm_miner_revenue_btc_daily,1823.03040752,BTC,daily,OBM v0.1.0
2019-03-22,obm_miner_revenue_btc_daily,2039.64701994,BTC,daily,OBM v0.1.0
2019-03-23,obm_miner_revenue_btc_daily,1830.44886278,BTC,daily,OBM v0.1.0
2019-03-24,obm_miner_revenue_btc_daily,1890.67630252,BTC,daily,OBM v0.1.0
2019-03-25,obm_miner_revenue_btc_daily,1879.20096219,BTC,daily,OBM v0.1.0
2019-03-26,obm_miner_revenue_btc_daily,1711.41495629,BTC,daily,OBM v0.1.0
2019-03-27,obm_miner_revenue_btc_daily,1910.52051729,BTC,daily,OBM v0.1.0
2019-03-28,obm_miner_revenue_btc_daily,1872.81690988,BTC,daily,OBM v0.1.0
2019-03-29,obm_miner_revenue_btc_daily,1900.98208552,BTC,daily,OBM v0.1.0
2019-03-30,obm_miner_revenue_btc_daily,1792.17372903,BTC,daily,OBM v0.1.0
2019-03-31,obm_miner_revenue_btc_daily,1782.11425508,BTC,daily,OBM v0.1.0
2019-04-01,obm_miner_revenue_btc_daily,1761.84673730,BTC,daily,OBM v0.1.0
2019-04-02,obm_miner_revenue_btc_daily,2076.98978878,BTC,daily,OBM v0.1.0
2019-04-03,obm_miner_revenue_btc_daily,1917.10298824,BTC,daily,OBM v0.1.0
2019-04-04,obm_miner_revenue_btc_daily,1904.46353030,BTC,daily,OBM v0.1.0
2019-04-05,obm_miner_revenue_btc_daily,2089.82307281,BTC,daily,OBM v0.1.0
2019-04-06,obm_miner_revenue_btc_daily,1818.34759712,BTC,daily,OBM v0.1.0
2019-04-07,obm_miner_revenue_btc_daily,1848.01644481,BTC,daily,OBM v0.1.0
2019-04-08,obm_miner_revenue_btc_daily,1980.54444043,BTC,daily,OBM v0.1.0
2019-04-09,obm_miner_revenue_btc_daily,1764.92556114,BTC,daily,OBM v0.1.0
2019-04-10,obm_miner_revenue_btc_daily,1961.78539463,BTC,daily,OBM v0.1.0
2019-04-11,obm_miner_revenue_btc_daily,2077.78509796,BTC,daily,OBM v0.1.0
2019-04-12,obm_miner_revenue_btc_daily,1988.06571481,BTC,daily,OBM v0.1.0
2019-04-13,obm_miner_revenue_btc_daily,1753.72119369,BTC,daily,OBM v0.1.0
2019-04-14,obm_miner_revenue_btc_daily,1582.42373876,BTC,daily,OBM v0.1.0
2019-04-15,obm_miner_revenue_btc_daily,1891.46972247,BTC,daily,OBM v0.1.0
2019-04-16,obm_miner_revenue_btc_daily,1889.06869368,BTC,daily,OBM v0.1.0
2019-04-17,obm_miner_revenue_btc_daily,1802.14980905,BTC,daily,OBM v0.1.0
2019-04-18,obm_miner_revenue_btc_daily,1934.91958660,BTC,daily,OBM v0.1.0
2019-04-19,obm_miner_revenue_btc_daily,1978.43301725,BTC,daily,OBM v0.1.0
2019-04-20,obm_miner_revenue_btc_daily,1695.59103814,BTC,daily,OBM v0.1.0
2019-04-21,obm_miner_revenue_btc_daily,2075.31279868,BTC,daily,OBM v0.1.0
2019-04-22,obm_miner_revenue_btc_daily,1745.12693315,BTC,daily,OBM v0.1.0
2019-04-23,obm_miner_revenue_btc_daily,1546.48121035,BTC,daily,OBM v0.1.0
2019-04-24,obm_miner_revenue_btc_daily,2168.17492641,BTC,daily,OBM v0.1.0
2019-04-25,obm_miner_revenue_btc_daily,1881.80087588,BTC,daily,OBM v0.1.0
2019-04-26,obm_miner_revenue_btc_daily,1978.94744899,BTC,daily,OBM v0.1.0
2019-04-27,obm_miner_revenue_btc_daily,1766.92092725,BTC,daily,OBM v0.1.0
2019-04-28,obm_miner_revenue_btc_daily,2085.45393039,BTC,daily,OBM v0.1.0
2019-04-29,obm_miner_revenue_btc_daily,2108.45469952,BTC,daily,OBM v0.1.0
2019-04-30,obm_miner_revenue_btc_daily,1835.48463465,BTC,daily,OBM v0.1.0
2019-05-01,obm_miner_revenue_btc_daily,2203.12521893,BTC,daily,OBM v0.1.0
2019-05-02,obm_miner_revenue_btc_daily,2364.71081505,BTC,daily,OBM v0.1.0
2019-05-03,obm_miner_revenue_btc_daily,1981.27225085,BTC,daily,OBM v0.1.0
2019-05-04,obm_miner_revenue_btc_daily,1710.62915441,BTC,daily,OBM v0.1.0
2019-05-05,obm_miner_revenue_btc_daily,1675.37230397,BTC,daily,OBM v0.1.0
2019-05-06,obm_miner_revenue_btc_daily,1963.81168717,BTC,daily,OBM v0.1.0
2019-05-07,obm_miner_revenue_btc_daily,1679.81932906,BTC,daily,OBM v0.1.0
2019-05-08,obm_miner_revenue_btc_daily,2012.30765219,BTC,daily,OBM v0.1.0
2019-05-09,obm_miner_revenue_btc_daily,1981.95654809,BTC,daily,OBM v0.1.0
2019-05-10,obm_miner_revenue_btc_daily,1686.24361638,BTC,daily,OBM v0.1.0
2019-05-11,obm_miner_revenue_btc_daily,1750.12338209,BTC,daily,OBM v0.1.0
2019-05-12,obm_miner_revenue_btc_daily,2079.08015488,BTC,daily,OBM v0.1.0
2019-05-13,obm_miner_revenue_btc_daily,2199.70050336,BTC,daily,OBM v0.1.0
2019-05-14,obm_miner_revenue_btc_daily,2032.68789564,BTC,daily,OBM v0.1.0
2019-05-15,obm_miner_revenue_btc_daily,2054.85907380,BTC,daily,OBM v0.1.0
2019-05-16,obm_miner_revenue_btc_daily,2053.51579452,BTC,daily,OBM v0.1.0
2019-05-17,obm_miner_revenue_btc_daily,2114.76659937,BTC,daily,OBM v0.1.0
2019-05-18,obm_miner_revenue_btc_daily,2047.28731749,BTC,daily,OBM v0.1.0
2019-05-19,obm_miner_revenue_btc_daily,2163.16729304,BTC,daily,OBM v0.1.0
2019-05-20,obm_miner_revenue_btc_daily,2198.59991132,BTC,daily,OBM v0.1.0
2019-05-21,obm_miner_revenue_btc_daily,2114.98141460,BTC,daily,OBM v0.1.0
2019-05-22,obm_miner_revenue_btc_daily,2264.23831345,BTC,daily,OBM v0.1.0
2019-05-23,obm_miner_revenue_btc_daily,2138.96291640,BTC,daily,OBM v0.1.0
2019-05-24,obm_miner_revenue_btc_daily,2104.38316682,BTC,daily,OBM v0.1.0
2019-05-25,obm_miner_revenue_btc_daily,1878.11880175,BTC,daily,OBM v0.1.0
2019-05-26,obm_miner_revenue_btc_daily,2158.38613898,BTC,daily,OBM v0.1.0
2019-05-27,obm_miner_revenue_btc_daily,2276.81338885,BTC,daily,OBM v0.1.0
2019-05-28,obm_miner_revenue_btc_daily,2242.95031406,BTC,daily,OBM v0.1.0
2019-05-29,obm_miner_revenue_btc_daily,2362.08362645,BTC,daily,OBM v0.1.0
2019-05-30,obm_miner_revenue_btc_daily,2188.20649317,BTC,daily,OBM v0.1.0
2019-05-31,obm_miner_revenue_btc_daily,1667.53723630,BTC,daily,OBM v0.1.0
2019-06-01,obm_miner_revenue_btc_daily,2046.92190914,BTC,daily,OBM v0.1.0
2019-06-02,obm_miner_revenue_btc_daily,1755.94554020,BTC,daily,OBM v0.1.0
2019-06-03,obm_miner_revenue_btc_daily,1686.49326951,BTC,daily,OBM v0.1.0
2019-06-04,obm_miner_revenue_btc_daily,2142.91296317,BTC,daily,OBM v0.1.0
2019-06-05,obm_miner_revenue_btc_daily,2159.42665516,BTC,daily,OBM v0.1.0
2019-06-06,obm_miner_revenue_btc_daily,2084.68994068,BTC,daily,OBM v0.1.0
2019-06-07,obm_miner_revenue_btc_daily,2081.49246900,BTC,daily,OBM v0.1.0
2019-06-08,obm_miner_revenue_btc_daily,1623.36472651,BTC,daily,OBM v0.1.0
2019-06-09,obm_miner_revenue_btc_daily,1900.49063806,BTC,daily,OBM v0.1.0
2019-06-10,obm_miner_revenue_btc_daily,2064.33001618,BTC,daily,OBM v0.1.0
2019-06-11,obm_miner_revenue_btc_daily,1898.08719487,BTC,daily,OBM v0.1.0
2019-06-12,obm_miner_revenue_btc_daily,1746.36976113,BTC,daily,OBM v0.1.0
2019-06-13,obm_miner_revenue_btc_daily,1996.95513590,BTC,daily,OBM v0.1.0
2019-06-14,obm_miner_revenue_btc_daily,2230.44954717,BTC,daily,OBM v0.1.0
2019-06-15,obm_miner_revenue_btc_daily,1903.70156593,BTC,daily,OBM v0.1.0
2019-06-16,obm_miner_revenue_btc_daily,1699.36012488,BTC,daily,OBM v0.1.0
2019-06-17,obm_miner_revenue_btc_daily,1780.29979394,BTC,daily,OBM v0.1.0
2019-06-18,obm_miner_revenue_btc_daily,2154.03825829,BTC,daily,OBM v0.1.0
2019-06-19,obm_miner_revenue_btc_daily,2318.25494722,BTC,daily,OBM v0.1.0
2019-06-20,obm_miner_revenue_btc_daily,1911.81603852,BTC,daily,OBM v0.1.0
2019-06-21,obm_miner_revenue_btc_daily,1788.73246862,BTC,daily,OBM v0.1.0
2019-06-22,obm_miner_revenue_btc_daily,1884.97914731,BTC,daily,OBM v0.1.0
2019-06-23,obm_miner_revenue_btc_daily,2343.73531107,BTC,daily,OBM v0.1.0
2019-06-24,obm_miner_revenue_btc_daily,2314.59827261,BTC,daily,OBM v0.1.0
2019-06-25,obm_miner_revenue_btc_daily,1946.10744515,BTC,daily,OBM v0.1.0
2019-06-26,obm_miner_revenue_btc_daily,2246.56503874,BTC,daily,OBM v0.1.0
2019-06-27,obm_miner_revenue_btc_daily,1975.10125128,BTC,daily,OBM v0.1.0
2019-06-28,obm_miner_revenue_btc_daily,2219.76443511,BTC,daily,OBM v0.1.0
2019-06-29,obm_miner_revenue_btc_daily,2283.76597550,BTC,daily,OBM v0.1.0
2019-06-30,obm_miner_revenue_btc_daily,2004.91860437,BTC,daily,OBM v0.1.0
2019-07-01,obm_miner_revenue_btc_daily,1914.43823662,BTC,daily,OBM v0.1.0
2019-07-02,obm_miner_revenue_btc_daily,2092.88960184,BTC,daily,OBM v0.1.0
2019-07-03,obm_miner_revenue_btc_daily,2244.74754649,BTC,daily,OBM v0.1.0
2019-07-04,obm_miner_revenue_btc_daily,2171.34208402,BTC,daily,OBM v0.1.0
2019-07-05,obm_miner_revenue_btc_daily,2438.39684282,BTC,daily,OBM v0.1.0
2019-07-06,obm_miner_revenue_btc_daily,2275.61747346,BTC,daily,OBM v0.1.0
2019-07-07,obm_miner_revenue_btc_daily,1958.11655545,BTC,daily,OBM v0.1.0
2019-07-08,obm_miner_revenue_btc_daily,2292.46056127,BTC,daily,OBM v0.1.0
2019-07-09,obm_miner_revenue_btc_daily,1996.27502267,BTC,daily,OBM v0.1.0
2019-07-10,obm_miner_revenue_btc_daily,1698.14297124,BTC,daily,OBM v0.1.0
2019-07-11,obm_miner_revenue_btc_daily,1691.86667460,BTC,daily,OBM v0.1.0
2019-07-12,obm_miner_revenue_btc_daily,2117.42668665,BTC,daily,OBM v0.1.0
2019-07-13,obm_miner_revenue_btc_daily,1806.88220922,BTC,daily,OBM v0.1.0
2019-07-14,obm_miner_revenue_btc_daily,1853.22985688,BTC,daily,OBM v0.1.0
2019-07-15,obm_miner_revenue_btc_daily,1888.91746490,BTC,daily,OBM v0.1.0
2019-07-16,obm_miner_revenue_btc_daily,2087.69846283,BTC,daily,OBM v0.1.0
2019-07-17,obm_miner_revenue_btc_daily,1727.00187448,BTC,daily,OBM v0.1.0
2019-07-18,obm_miner_revenue_btc_daily,1584.60541604,BTC,daily,OBM v0.1.0
2019-07-19,obm_miner_revenue_btc_daily,1546.10278562,BTC,daily,OBM v0.1.0
2019-07-20,obm_miner_revenue_btc_daily,2262.54991704,BTC,daily,OBM v0.1.0
2019-07-21,obm_miner_revenue_btc_daily,1900.05119006,BTC,daily,OBM v0.1.0
2019-07-22,obm_miner_revenue_btc_daily,2028.88043597,BTC,daily,OBM v0.1.0
2019-07-23,obm_miner_revenue_btc_daily,1839.22742398,BTC,daily,OBM v0.1.0
2019-07-24,obm_miner_revenue_btc_daily,1787.40886061,BTC,daily,OBM v0.1.0
2019-07-25,obm_miner_revenue_btc_daily,1931.16150579,BTC,daily,OBM v0.1.0
2019-07-26,obm_miner_revenue_btc_daily,2121.51899261,BTC,daily,OBM v0.1.0
2019-07-27,obm_miner_revenue_btc_daily,1933.04147241,BTC,daily,OBM v0.1.0
2019-07-28,obm_miner_revenue_btc_daily,2213.96571032,BTC,daily,OBM v0.1.0
2019-07-29,obm_miner_revenue_btc_daily,2139.74585484,BTC,daily,OBM v0.1.0
2019-07-30,obm_miner_revenue_btc_daily,1835.22741784,BTC,daily,OBM v0.1.0
2019-07-31,obm_miner_revenue_btc_daily,2191.11582214,BTC,daily,OBM v0.1.0
2019-08-01,obm_miner_revenue_btc_daily,1821.73246753,BTC,daily,OBM v0.1.0
2019-08-02,obm_miner_revenue_btc_daily,2157.18839341,BTC,daily,OBM v0.1.0
2019-08-03,obm_miner_revenue_btc_daily,2189.97791508,BTC,daily,OBM v0.1.0
2019-08-04,obm_miner_revenue_btc_daily,2107.22213176,BTC,daily,OBM v0.1.0
2019-08-05,obm_miner_revenue_btc_daily,1829.75818140,BTC,daily,OBM v0.1.0
2019-08-06,obm_miner_revenue_btc_daily,2058.30524692,BTC,daily,OBM v0.1.0
2019-08-07,obm_miner_revenue_btc_daily,1983.32696510,BTC,daily,OBM v0.1.0
2019-08-08,obm_miner_revenue_btc_daily,1845.35974254,BTC,daily,OBM v0.1.0
2019-08-09,obm_miner_revenue_btc_daily,1902.83402972,BTC,daily,OBM v0.1.0
2019-08-10,obm_miner_revenue_btc_daily,1927.19033865,BTC,daily,OBM v0.1.0
2019-08-11,obm_miner_revenue_btc_daily,1942.84570890,BTC,daily,OBM v0.1.0
2019-08-12,obm_miner_revenue_btc_daily,1713.04359801,BTC,daily,OBM v0.1.0
2019-08-13,obm_miner_revenue_btc_daily,2037.59047834,BTC,daily,OBM v0.1.0
2019-08-14,obm_miner_revenue_btc_daily,1958.70170397,BTC,daily,OBM v0.1.0
2019-08-15,obm_miner_revenue_btc_daily,2016.34796972,BTC,daily,OBM v0.1.0
2019-08-16,obm_miner_revenue_btc_daily,1888.83526040,BTC,daily,OBM v0.1.0
2019-08-17,obm_miner_revenue_btc_daily,1635.38250195,BTC,daily,OBM v0.1.0
2019-08-18,obm_miner_revenue_btc_daily,1604.17234292,BTC,daily,OBM v0.1.0
2019-08-19,obm_miner_revenue_btc_daily,2079.16948045,BTC,daily,OBM v0.1.0
2019-08-20,obm_miner_revenue_btc_daily,1959.19008955,BTC,daily,OBM v0.1.0
2019-08-21,obm_miner_revenue_btc_daily,1752.22587338,BTC,daily,OBM v0.1.0
2019-08-22,obm_miner_revenue_btc_daily,1816.49879943,BTC,daily,OBM v0.1.0
2019-08-23,obm_miner_revenue_btc_daily,1953.97394501,BTC,daily,OBM v0.1.0
2019-08-24,obm_miner_revenue_btc_daily,2030.09100724,BTC,daily,OBM v0.1.0
2019-08-25,obm_miner_revenue_btc_daily,1959.07904241,BTC,daily,OBM v0.1.0
2019-08-26,obm_miner_revenue_btc_daily,1745.67030815,BTC,daily,OBM v0.1.0
2019-08-27,obm_miner_revenue_btc_daily,1721.48335977,BTC,daily,OBM v0.1.0
2019-08-28,obm_miner_revenue_btc_daily,1921.37031855,BTC,daily,OBM v0.1.0
2019-08-29,obm_miner_revenue_btc_daily,2096.41744300,BTC,daily,OBM v0.1.0
2019-08-30,obm_miner_revenue_btc_daily,2034.46053373,BTC,daily,OBM v0.1.0
2019-08-31,obm_miner_revenue_btc_daily,2099.03741901,BTC,daily,OBM v0.1.0
2019-09-01,obm_miner_revenue_btc_daily,1807.56226895,BTC,daily,OBM v0.1.0
2019-09-02,obm_miner_revenue_btc_daily,1891.26124703,BTC,daily,OBM v0.1.0
2019-09-03,obm_miner_revenue_btc_daily,2088.97833529,BTC,daily,OBM v0.1.0
2019-09-04,obm_miner_revenue_btc_daily,1737.34474772,BTC,daily,OBM v0.1.0
2019-09-05,obm_miner_revenue_btc_daily,2099.19293406,BTC,daily,OBM v0.1.0
2019-09-06,obm_miner_revenue_btc_daily,2012.39638382,BTC,daily,OBM v0.1.0
2019-09-07,obm_miner_revenue_btc_daily,1901.71813665,BTC,daily,OBM v0.1.0
2019-09-08,obm_miner_revenue_btc_daily,2234.24727421,BTC,daily,OBM v0.1.0
2019-09-09,obm_miner_revenue_btc_daily,1857.71159075,BTC,daily,OBM v0.1.0
2019-09-10,obm_miner_revenue_btc_daily,2312.34868133,BTC,daily,OBM v0.1.0
2019-09-11,obm_miner_revenue_btc_daily,2334.77775666,BTC,daily,OBM v0.1.0
2019-09-12,obm_miner_revenue_btc_daily,2004.51206759,BTC,daily,OBM v0.1.0
2019-09-13,obm_miner_revenue_btc_daily,1902.54043167,BTC,daily,OBM v0.1.0
2019-09-14,obm_miner_revenue_btc_daily,1958.52471880,BTC,daily,OBM v0.1.0
2019-09-15,obm_miner_revenue_btc_daily,1855.74300380,BTC,daily,OBM v0.1.0
2019-09-16,obm_miner_revenue_btc_daily,2066.75867219,BTC,daily,OBM v0.1.0
2019-09-17,obm_miner_revenue_btc_daily,1884.64137449,BTC,daily,OBM v0.1.0
2019-09-18,obm_miner_revenue_btc_daily,2209.12588668,BTC,daily,OBM v0.1.0
2019-09-19,obm_miner_revenue_btc_daily,1886.54501485,BTC,daily,OBM v0.1.0
2019-09-20,obm_miner_revenue_btc_daily,1919.53804814,BTC,daily,OBM v0.1.0
2019-09-21,obm_miner_revenue_btc_daily,2098.40048063,BTC,daily,OBM v0.1.0
2019-09-22,obm_miner_revenue_btc_daily,2095.52728871,BTC,daily,OBM v0.1.0
2019-09-23,obm_miner_revenue_btc_daily,1457.19540269,BTC,daily,OBM v0.1.0
2019-09-24,obm_miner_revenue_btc_daily,2000.96150022,BTC,daily,OBM v0.1.0
2019-09-25,obm_miner_revenue_btc_daily,1992.82475804,BTC,daily,OBM v0.1.0
2019-09-26,obm_miner_revenue_btc_daily,2170.14172934,BTC,daily,OBM v0.1.0
2019-09-27,obm_miner_revenue_btc_daily,1684.26327785,BTC,daily,OBM v0.1.0
2019-09-28,obm_miner_revenue_btc_daily,2010.66487157,BTC,daily,OBM v0.1.0
2019-09-29,obm_miner_revenue_btc_daily,1721.00156166,BTC,daily,OBM v0.1.0
2019-09-30,obm_miner_revenue_btc_daily,1666.01329030,BTC,daily,OBM v0.1.0
2019-10-01,obm_miner_revenue_btc_daily,1835.76497357,BTC,daily,OBM v0.1.0
2019-10-02,obm_miner_revenue_btc_daily,1887.20021491,BTC,daily,OBM v0.1.0
2019-10-03,obm_miner_revenue_btc_daily,1875.38399226,BTC,daily,OBM v0.1.0
2019-10-04,obm_miner_revenue_btc_daily,1865.30367596,BTC,daily,OBM v0.1.0
2019-10-05,obm_miner_revenue_btc_daily,1994.14811395,BTC,daily,OBM v0.1.0
2019-10-06,obm_miner_revenue_btc_daily,1878.99098962,BTC,daily,OBM v0.1.0
2019-10-07,obm_miner_revenue_btc_daily,1962.20415950,BTC,daily,OBM v0.1.0
2019-10-08,obm_miner_revenue_btc_daily,2052.65920023,BTC,daily,OBM v0.1.0
2019-10-09,obm_miner_revenue_btc_daily,1755.36615188,BTC,daily,OBM v0.1.0
2019-10-10,obm_miner_revenue_btc_daily,2058.46657648,BTC,daily,OBM v0.1.0
2019-10-11,obm_miner_revenue_btc_daily,1977.83013723,BTC,daily,OBM v0.1.0
2019-10-12,obm_miner_revenue_btc_daily,1683.26242438,BTC,daily,OBM v0.1.0
2019-10-13,obm_miner_revenue_btc_daily,1791.18085575,BTC,daily,OBM v0.1.0
2019-10-14,obm_miner_revenue_btc_daily,1711.32030921,BTC,daily,OBM v0.1.0
2019-10-15,obm_miner_revenue_btc_daily,1938.39458072,BTC,daily,OBM v0.1.0
2019-10-16,obm_miner_revenue_btc_daily,1816.63647841,BTC,daily,OBM v0.1.0
2019-10-17,obm_miner_revenue_btc_daily,1900.40381954,BTC,daily,OBM v0.1.0
2019-10-18,obm_miner_revenue_btc_daily,2024.94346328,BTC,daily,OBM v0.1.0
2019-10-19,obm_miner_revenue_btc_daily,1793.30723571,BTC,daily,OBM v0.1.0
2019-10-20,obm_miner_revenue_btc_daily,1840.84344804,BTC,daily,OBM v0.1.0
2019-10-21,obm_miner_revenue_btc_daily,2008.13255238,BTC,daily,OBM v0.1.0
2019-10-22,obm_miner_revenue_btc_daily,2134.71592037,BTC,daily,OBM v0.1.0
2019-10-23,obm_miner_revenue_btc_daily,2131.07041069,BTC,daily,OBM v0.1.0
2019-10-24,obm_miner_revenue_btc_daily,1691.45992490,BTC,daily,OBM v0.1.0
2019-10-25,obm_miner_revenue_btc_daily,1761.08670023,BTC,daily,OBM v0.1.0
2019-10-26,obm_miner_revenue_btc_daily,1797.85635330,BTC,daily,OBM v0.1.0
2019-10-27,obm_miner_revenue_btc_daily,1471.47050101,BTC,daily,OBM v0.1.0
2019-10-28,obm_miner_revenue_btc_daily,1712.98415405,BTC,daily,OBM v0.1.0
2019-10-29,obm_miner_revenue_btc_daily,1697.97022733,BTC,daily,OBM v0.1.0
2019-10-30,obm_miner_revenue_btc_daily,1708.65141019,BTC,daily,OBM v0.1.0
2019-10-31,obm_miner_revenue_btc_daily,1685.46517509,BTC,daily,OBM v0.1.0
2019-11-01,obm_miner_revenue_btc_daily,1665.18774408,BTC,daily,OBM v0.1.0
2019-11-02,obm_miner_revenue_btc_daily,1702.69024942,BTC,daily,OBM v0.1.0
2019-11-03,obm_miner_revenue_btc_daily,1751.06616560,BTC,daily,OBM v0.1.0
2019-11-04,obm_miner_revenue_btc_daily,1698.28785176,BTC,daily,OBM v0.1.0
2019-11-05,obm_miner_revenue_btc_daily,1843.73232482,BTC,daily,OBM v0.1.0
2019-11-06,obm_miner_revenue_btc_daily,1688.66539842,BTC,daily,OBM v0.1.0
2019-11-07,obm_miner_revenue_btc_daily,1727.23640604,BTC,daily,OBM v0.1.0
2019-11-08,obm_miner_revenue_btc_daily,1640.88879104,BTC,daily,OBM v0.1.0
2019-11-09,obm_miner_revenue_btc_daily,1829.44260954,BTC,daily,OBM v0.1.0
2019-11-10,obm_miner_revenue_btc_daily,2098.86642196,BTC,daily,OBM v0.1.0
2019-11-11,obm_miner_revenue_btc_daily,1917.06238739,BTC,daily,OBM v0.1.0
2019-11-12,obm_miner_revenue_btc_daily,1716.15525709,BTC,daily,OBM v0.1.0
2019-11-13,obm_miner_revenue_btc_daily,1721.81516352,BTC,daily,OBM v0.1.0
2019-11-14,obm_miner_revenue_btc_daily,2142.14079727,BTC,daily,OBM v0.1.0
2019-11-15,obm_miner_revenue_btc_daily,2004.64859081,BTC,daily,OBM v0.1.0
2019-11-16,obm_miner_revenue_btc_daily,1872.93336843,BTC,daily,OBM v0.1.0
2019-11-17,obm_miner_revenue_btc_daily,1946.08122965,BTC,daily,OBM v0.1.0
2019-11-18,obm_miner_revenue_btc_daily,1777.82718296,BTC,daily,OBM v0.1.0
2019-11-19,obm_miner_revenue_btc_daily,1871.86839889,BTC,daily,OBM v0.1.0
2019-11-20,obm_miner_revenue_btc_daily,1802.36373955,BTC,daily,OBM v0.1.0
2019-11-21,obm_miner_revenue_btc_daily,1749.35944226,BTC,daily,OBM v0.1.0
2019-11-22,obm_miner_revenue_btc_daily,1690.02095823,BTC,daily,OBM v0.1.0
2019-11-23,obm_miner_revenue_btc_daily,2184.04802760,BTC,daily,OBM v0.1.0
2019-11-24,obm_miner_revenue_btc_daily,1654.51472240,BTC,daily,OBM v0.1.0
2019-11-25,obm_miner_revenue_btc_daily,1594.68493307,BTC,daily,OBM v0.1.0
2019-11-26,obm_miner_revenue_btc_daily,1564.86894065,BTC,daily,OBM v0.1.0
2019-11-27,obm_miner_revenue_btc_daily,1771.36031284,BTC,daily,OBM v0.1.0
2019-11-28,obm_miner_revenue_btc_daily,2063.67198877,BTC,daily,OBM v0.1.0
2019-11-29,obm_miner_revenue_btc_daily,1732.70649438,BTC,daily,OBM v0.1.0
2019-11-30,obm_miner_revenue_btc_daily,1602.23029381,BTC,daily,OBM v0.1.0
2019-12-01,obm_miner_revenue_btc_daily,1759.40876399,BTC,daily,OBM v0.1.0
2019-12-02,obm_miner_revenue_btc_daily,1838.59108998,BTC,daily,OBM v0.1.0
2019-12-03,obm_miner_revenue_btc_daily,2000.47734062,BTC,daily,OBM v0.1.0
2019-12-04,obm_miner_revenue_btc_daily,2117.04553925,BTC,daily,OBM v0.1.0
2019-12-05,obm_miner_revenue_btc_daily,1835.74165709,BTC,daily,OBM v0.1.0
2019-12-06,obm_miner_revenue_btc_daily,1837.53292648,BTC,daily,OBM v0.1.0
2019-12-07,obm_miner_revenue_btc_daily,1955.55659965,BTC,daily,OBM v0.1.0
2019-12-08,obm_miner_revenue_btc_daily,1864.50348020,BTC,daily,OBM v0.1.0
2019-12-09,obm_miner_revenue_btc_daily,1871.82070486,BTC,daily,OBM v0.1.0
2019-12-10,obm_miner_revenue_btc_daily,1873.22218997,BTC,daily,OBM v0.1.0
2019-12-11,obm_miner_revenue_btc_daily,1674.60426083,BTC,daily,OBM v0.1.0
2019-12-12,obm_miner_revenue_btc_daily,1685.06385567,BTC,daily,OBM v0.1.0
2019-12-13,obm_miner_revenue_btc_daily,1922.47116310,BTC,daily,OBM v0.1.0
2019-12-14,obm_miner_revenue_btc_daily,1902.86404462,BTC,daily,OBM v0.1.0
2019-12-15,obm_miner_revenue_btc_daily,1570.44781660,BTC,daily,OBM v0.1.0
2019-12-16,obm_miner_revenue_btc_daily,1984.66325645,BTC,daily,OBM v0.1.0
2019-12-17,obm_miner_revenue_btc_daily,1785.42717755,BTC,daily,OBM v0.1.0
2019-12-18,obm_miner_revenue_btc_daily,1702.48314294,BTC,daily,OBM v0.1.0
2019-12-19,obm_miner_revenue_btc_daily,1991.21547007,BTC,daily,OBM v0.1.0
2019-12-20,obm_miner_revenue_btc_daily,1975.47719556,BTC,daily,OBM v0.1.0
2019-12-21,obm_miner_revenue_btc_daily,2216.60936724,BTC,daily,OBM v0.1.0
2019-12-22,obm_miner_revenue_btc_daily,2125.30407837,BTC,daily,OBM v0.1.0
2019-12-23,obm_miner_revenue_btc_daily,1806.37107421,BTC,daily,OBM v0.1.0
2019-12-24,obm_miner_revenue_btc_daily,1580.10848203,BTC,daily,OBM v0.1.0
2019-12-25,obm_miner_revenue_btc_daily,1613.13196764,BTC,daily,OBM v0.1.0
2019-12-26,obm_miner_revenue_btc_daily,2106.41209694,BTC,daily,OBM v0.1.0
2019-12-27,obm_miner_revenue_btc_daily,1829.61633792,BTC,daily,OBM v0.1.0
2019-12-28,obm_miner_revenue_btc_daily,1876.30390964,BTC,daily,OBM v0.1.0
2019-12-29,obm_miner_revenue_btc_daily,1950.10924730,BTC,daily,OBM v0.1.0
2019-12-30,obm_miner_revenue_btc_daily,2090.90283263,BTC,daily,OBM v0.1.0
2019-12-31,obm_miner_revenue_btc_daily,1827.34211896,BTC,daily,OBM v0.1.0
2020-01-01,obm_miner_revenue_btc_daily,2184.97099973,BTC,daily,OBM v0.1.0
2020-01-02,obm_miner_revenue_btc_daily,1776.28084459,BTC,daily,OBM v0.1.0
2020-01-03,obm_miner_revenue_btc_daily,2128.88979535,BTC,daily,OBM v0.1.0
2020-01-04,obm_miner_revenue_btc_daily,2112.31216518,BTC,daily,OBM v0.1.0
2020-01-05,obm_miner_revenue_btc_daily,2049.38711242,BTC,daily,OBM v0.1.0
2020-01-06,obm_miner_revenue_btc_daily,1707.99312376,BTC,daily,OBM v0.1.0
2020-01-07,obm_miner_revenue_btc_daily,2225.56190656,BTC,daily,OBM v0.1.0
2020-01-08,obm_miner_revenue_btc_daily,1805.83081053,BTC,daily,OBM v0.1.0
2020-01-09,obm_miner_revenue_btc_daily,1992.28119837,BTC,daily,OBM v0.1.0
2020-01-10,obm_miner_revenue_btc_daily,1895.06513430,BTC,daily,OBM v0.1.0
2020-01-11,obm_miner_revenue_btc_daily,2055.88352814,BTC,daily,OBM v0.1.0
2020-01-12,obm_miner_revenue_btc_daily,1902.03164303,BTC,daily,OBM v0.1.0
2020-01-13,obm_miner_revenue_btc_daily,1805.13102526,BTC,daily,OBM v0.1.0
2020-01-14,obm_miner_revenue_btc_daily,1838.72157700,BTC,daily,OBM v0.1.0
2020-01-15,obm_miner_revenue_btc_daily,1918.85812937,BTC,daily,OBM v0.1.0
2020-01-16,obm_miner_revenue_btc_daily,2011.35247351,BTC,daily,OBM v0.1.0
2020-01-17,obm_miner_revenue_btc_daily,2011.79323765,BTC,daily,OBM v0.1.0
2020-01-18,obm_miner_revenue_btc_daily,1667.76555017,BTC,daily,OBM v0.1.0
2020-01-19,obm_miner_revenue_btc_daily,1891.51759350,BTC,daily,OBM v0.1.0
2020-01-20,obm_miner_revenue_btc_daily,1917.74334005,BTC,daily,OBM v0.1.0
2020-01-21,obm_miner_revenue_btc_daily,1933.01905021,BTC,daily,OBM v0.1.0
2020-01-22,obm_miner_revenue_btc_daily,1971.67952284,BTC,daily,OBM v0.1.0
2020-01-23,obm_miner_revenue_btc_daily,2008.53754657,BTC,daily,OBM v0.1.0
2020-01-24,obm_miner_revenue_btc_daily,1916.10082373,BTC,daily,OBM v0.1.0
2020-01-25,obm_miner_revenue_btc_daily,2061.39326294,BTC,daily,OBM v0.1.0
2020-01-26,obm_miner_revenue_btc_daily,1798.07299079,BTC,daily,OBM v0.1.0
2020-01-27,obm_miner_revenue_btc_daily,1632.28717492,BTC,daily,OBM v0.1.0
2020-01-28,obm_miner_revenue_btc_daily,1797.98737848,BTC,daily,OBM v0.1.0
2020-01-29,obm_miner_revenue_btc_daily,2020.42515898,BTC,daily,OBM v0.1.0
2020-01-30,obm_miner_revenue_btc_daily,1969.64580869,BTC,daily,OBM v0.1.0
2020-01-31,obm_miner_revenue_btc_daily,1822.53135857,BTC,daily,OBM v0.1.0
2020-02-01,obm_miner_revenue_btc_daily,1904.98159990,BTC,daily,OBM v0.1.0
2020-02-02,obm_miner_revenue_btc_daily,1804.44878932,BTC,daily,OBM v0.1.0
2020-02-03,obm_miner_revenue_btc_daily,1871.53312454,BTC,daily,OBM v0.1.0
2020-02-04,obm_miner_revenue_btc_daily,1673.74587464,BTC,daily,OBM v0.1.0
2020-02-05,obm_miner_revenue_btc_daily,2012.94140813,BTC,daily,OBM v0.1.0
2020-02-06,obm_miner_revenue_btc_daily,1714.60635364,BTC,daily,OBM v0.1.0
2020-02-07,obm_miner_revenue_btc_daily,1769.01759356,BTC,daily,OBM v0.1.0
2020-02-08,obm_miner_revenue_btc_daily,1758.83690612,BTC,daily,OBM v0.1.0
2020-02-09,obm_miner_revenue_btc_daily,1932.32178690,BTC,daily,OBM v0.1.0
2020-02-10,obm_miner_revenue_btc_daily,1552.58066679,BTC,daily,OBM v0.1.0
2020-02-11,obm_miner_revenue_btc_daily,1884.77248558,BTC,daily,OBM v0.1.0
2020-02-12,obm_miner_revenue_btc_daily,1812.39850183,BTC,daily,OBM v0.1.0
2020-02-13,obm_miner_revenue_btc_daily,1797.97858608,BTC,daily,OBM v0.1.0
2020-02-14,obm_miner_revenue_btc_daily,1719.67258486,BTC,daily,OBM v0.1.0
2020-02-15,obm_miner_revenue_btc_daily,1803.54821404,BTC,daily,OBM v0.1.0
2020-02-16,obm_miner_revenue_btc_daily,1796.59936997,BTC,daily,OBM v0.1.0
2020-02-17,obm_miner_revenue_btc_daily,1987.79770103,BTC,daily,OBM v0.1.0
2020-02-18,obm_miner_revenue_btc_daily,1905.12812537,BTC,daily,OBM v0.1.0
2020-02-19,obm_miner_revenue_btc_daily,1793.92856170,BTC,daily,OBM v0.1.0
2020-02-20,obm_miner_revenue_btc_daily,1602.79666259,BTC,daily,OBM v0.1.0
2020-02-21,obm_miner_revenue_btc_daily,1948.54449483,BTC,daily,OBM v0.1.0
2020-02-22,obm_miner_revenue_btc_daily,1868.32436669,BTC,daily,OBM v0.1.0
2020-02-23,obm_miner_revenue_btc_daily,1791.62073804,BTC,daily,OBM v0.1.0
2020-02-24,obm_miner_revenue_btc_daily,1785.42426270,BTC,daily,OBM v0.1.0
2020-02-25,obm_miner_revenue_btc_daily,1824.54482939,BTC,daily,OBM v0.1.0
2020-02-26,obm_miner_revenue_btc_daily,1729.29911468,BTC,daily,OBM v0.1.0
2020-02-27,obm_miner_revenue_btc_daily,1864.45964399,BTC,daily,OBM v0.1.0
2020-02-28,obm_miner_revenue_btc_daily,2001.28258744,BTC,daily,OBM v0.1.0
2020-02-29,obm_miner_revenue_btc_daily,1756.00395585,BTC,daily,OBM v0.1.0
2020-03-01,obm_miner_revenue_btc_daily,2226.94661092,BTC,daily,OBM v0.1.0
2020-03-02,obm_miner_revenue_btc_daily,1885.43901727,BTC,daily,OBM v0.1.0
2020-03-03,obm_miner_revenue_btc_daily,1937.21643759,BTC,daily,OBM v0.1.0
2020-03-04,obm_miner_revenue_btc_daily,2111.75737051,BTC,daily,OBM v0.1.0
2020-03-05,obm_miner_revenue_btc_daily,2061.87165686,BTC,daily,OBM v0.1.0
2020-03-06,obm_miner_revenue_btc_daily,1964.13263902,BTC,daily,OBM v0.1.0
2020-03-07,obm_miner_revenue_btc_daily,1981.03853474,BTC,daily,OBM v0.1.0
2020-03-08,obm_miner_revenue_btc_daily,1991.14238732,BTC,daily,OBM v0.1.0
2020-03-09,obm_miner_revenue_btc_daily,1900.61204951,BTC,daily,OBM v0.1.0
2020-03-10,obm_miner_revenue_btc_daily,1677.94128010,BTC,daily,OBM v0.1.0
2020-03-11,obm_miner_revenue_btc_daily,1517.06150425,BTC,daily,OBM v0.1.0
2020-03-12,obm_miner_revenue_btc_daily,1946.66829292,BTC,daily,OBM v0.1.0
2020-03-13,obm_miner_revenue_btc_daily,1646.81311198,BTC,daily,OBM v0.1.0
2020-03-14,obm_miner_revenue_btc_daily,1652.86649863,BTC,daily,OBM v0.1.0
2020-03-15,obm_miner_revenue_btc_daily,1531.80830399,BTC,daily,OBM v0.1.0
2020-03-16,obm_miner_revenue_btc_daily,1549.06626918,BTC,daily,OBM v0.1.0
2020-03-17,obm_miner_revenue_btc_daily,1599.75196409,BTC,daily,OBM v0.1.0
2020-03-18,obm_miner_revenue_btc_daily,1308.77164193,BTC,daily,OBM v0.1.0
2020-03-19,obm_miner_revenue_btc_daily,1405.95700527,BTC,daily,OBM v0.1.0
2020-03-20,obm_miner_revenue_btc_daily,1442.48994299,BTC,daily,OBM v0.1.0
2020-03-21,obm_miner_revenue_btc_daily,1597.08077798,BTC,daily,OBM v0.1.0
2020-03-22,obm_miner_revenue_btc_daily,1620.84176341,BTC,daily,OBM v0.1.0
2020-03-23,obm_miner_revenue_btc_daily,1451.42451024,BTC,daily,OBM v0.1.0
2020-03-24,obm_miner_revenue_btc_daily,1694.74357832,BTC,daily,OBM v0.1.0
2020-03-25,obm_miner_revenue_btc_daily,1195.40177404,BTC,daily,OBM v0.1.0
2020-03-26,obm_miner_revenue_btc_daily,2055.05597495,BTC,daily,OBM v0.1.0
2020-03-27,obm_miner_revenue_btc_daily,1979.07854400,BTC,daily,OBM v0.1.0
2020-03-28,obm_miner_revenue_btc_daily,1716.31999627,BTC,daily,OBM v0.1.0
2020-03-29,obm_miner_revenue_btc_daily,1908.56190880,BTC,daily,OBM v0.1.0
2020-03-30,obm_miner_revenue_btc_daily,1863.74289384,BTC,daily,OBM v0.1.0
2020-03-31,obm_miner_revenue_btc_daily,2016.56116194,BTC,daily,OBM v0.1.0
2020-04-01,obm_miner_revenue_btc_daily,1939.24327122,BTC,daily,OBM v0.1.0
2020-04-02,obm_miner_revenue_btc_daily,1937.51439071,BTC,daily,OBM v0.1.0
2020-04-03,obm_miner_revenue_btc_daily,1675.82618528,BTC,daily,OBM v0.1.0
2020-04-04,obm_miner_revenue_btc_daily,1979.17009774,BTC,daily,OBM v0.1.0
2020-04-05,obm_miner_revenue_btc_daily,2201.14940917,BTC,daily,OBM v0.1.0
2020-04-06,obm_miner_revenue_btc_daily,1620.99212028,BTC,daily,OBM v0.1.0
2020-04-07,obm_miner_revenue_btc_daily,2125.32409774,BTC,daily,OBM v0.1.0
2020-04-08,obm_miner_revenue_btc_daily,1822.66278450,BTC,daily,OBM v0.1.0
2020-04-09,obm_miner_revenue_btc_daily,1948.29595386,BTC,daily,OBM v0.1.0
2020-04-10,obm_miner_revenue_btc_daily,2058.28686915,BTC,daily,OBM v0.1.0
2020-04-11,obm_miner_revenue_btc_daily,2001.25253175,BTC,daily,OBM v0.1.0
2020-04-12,obm_miner_revenue_btc_daily,1925.36445785,BTC,daily,OBM v0.1.0
2020-04-13,obm_miner_revenue_btc_daily,2154.24379536,BTC,daily,OBM v0.1.0
2020-04-14,obm_miner_revenue_btc_daily,2122.46964436,BTC,daily,OBM v0.1.0
2020-04-15,obm_miner_revenue_btc_daily,2139.04420742,BTC,daily,OBM v0.1.0
2020-04-16,obm_miner_revenue_btc_daily,1953.64066040,BTC,daily,OBM v0.1.0
2020-04-17,obm_miner_revenue_btc_daily,1613.04078133,BTC,daily,OBM v0.1.0
2020-04-18,obm_miner_revenue_btc_daily,1994.26357420,BTC,daily,OBM v0.1.0
2020-04-19,obm_miner_revenue_btc_daily,1915.56965781,BTC,daily,OBM v0.1.0
2020-04-20,obm_miner_revenue_btc_daily,2034.47670283,BTC,daily,OBM v0.1.0
2020-04-21,obm_miner_revenue_btc_daily,1885.87622201,BTC,daily,OBM v0.1.0
2020-04-22,obm_miner_revenue_btc_daily,1662.87330280,BTC,daily,OBM v0.1.0
2020-04-23,obm_miner_revenue_btc_daily,1816.12345331,BTC,daily,OBM v0.1.0
2020-04-24,obm_miner_revenue_btc_daily,1837.06157042,BTC,daily,OBM v0.1.0
2020-04-25,obm_miner_revenue_btc_daily,1727.81417372,BTC,daily,OBM v0.1.0
2020-04-26,obm_miner_revenue_btc_daily,1733.25041249,BTC,daily,OBM v0.1.0
2020-04-27,obm_miner_revenue_btc_daily,1790.57989150,BTC,daily,OBM v0.1.0
2020-04-28,obm_miner_revenue_btc_daily,1952.79591192,BTC,daily,OBM v0.1.0
2020-04-29,obm_miner_revenue_btc_daily,1864.22660237,BTC,daily,OBM v0.1.0
2020-04-30,obm_miner_revenue_btc_daily,1794.17585999,BTC,daily,OBM v0.1.0
2020-05-01,obm_miner_revenue_btc_daily,1872.69665812,BTC,daily,OBM v0.1.0
2020-05-02,obm_miner_revenue_btc_daily,1918.24207768,BTC,daily,OBM v0.1.0
2020-05-03,obm_miner_revenue_btc_daily,2157.28031251,BTC,daily,OBM v0.1.0
2020-05-04,obm_miner_revenue_btc_daily,2042.05887239,BTC,daily,OBM v0.1.0
2020-05-05,obm_miner_revenue_btc_daily,2046.89874272,BTC,daily,OBM v0.1.0
2020-05-06,obm_miner_revenue_btc_daily,1993.53849328,BTC,daily,OBM v0.1.0
2020-05-07,obm_miner_revenue_btc_daily,1925.81823092,BTC,daily,OBM v0.1.0
2020-05-08,obm_miner_revenue_btc_daily,1816.60178500,BTC,daily,OBM v0.1.0
2020-05-09,obm_miner_revenue_btc_daily,1787.06031277,BTC,daily,OBM v0.1.0
2020-05-10,obm_miner_revenue_btc_daily,2188.27358086,BTC,daily,OBM v0.1.0
2020-05-11,obm_miner_revenue_btc_daily,1901.10442418,BTC,daily,OBM v0.1.0
2020-05-12,obm_miner_revenue_btc_daily,1022.31191323,BTC,daily,OBM v0.1.0
2020-05-13,obm_miner_revenue_btc_daily,852.61188214,BTC,daily,OBM v0.1.0
2020-05-14,obm_miner_revenue_btc_daily,858.09263376,BTC,daily,OBM v0.1.0
2020-05-15,obm_miner_revenue_btc_daily,943.02900478,BTC,daily,OBM v0.1.0
2020-05-16,obm_miner_revenue_btc_daily,895.81654619,BTC,daily,OBM v0.1.0
2020-05-17,obm_miner_revenue_btc_daily,738.15014834,BTC,daily,OBM v0.1.0
2020-05-18,obm_miner_revenue_btc_daily,963.90960993,BTC,daily,OBM v0.1.0
2020-05-19,obm_miner_revenue_btc_daily,901.09876244,BTC,daily,OBM v0.1.0
2020-05-20,obm_miner_revenue_btc_daily,911.03599464,BTC,daily,OBM v0.1.0
2020-05-21,obm_miner_revenue_btc_daily,1020.24979488,BTC,daily,OBM v0.1.0
2020-05-22,obm_miner_revenue_btc_daily,852.38953474,BTC,daily,OBM v0.1.0
2020-05-23,obm_miner_revenue_btc_daily,851.78281588,BTC,daily,OBM v0.1.0
2020-05-24,obm_miner_revenue_btc_daily,798.43623594,BTC,daily,OBM v0.1.0
2020-05-25,obm_miner_revenue_btc_daily,873.62630560,BTC,daily,OBM v0.1.0
2020-05-26,obm_miner_revenue_btc_daily,855.47442225,BTC,daily,OBM v0.1.0
2020-05-27,obm_miner_revenue_btc_daily,940.39905605,BTC,daily,OBM v0.1.0
2020-05-28,obm_miner_revenue_btc_daily,907.09237133,BTC,daily,OBM v0.1.0
2020-05-29,obm_miner_revenue_btc_daily,887.85951218,BTC,daily,OBM v0.1.0
2020-05-30,obm_miner_revenue_btc_daily,1043.43244870,BTC,daily,OBM v0.1.0
2020-05-31,obm_miner_revenue_btc_daily,998.52644621,BTC,daily,OBM v0.1.0
2020-06-01,obm_miner_revenue_btc_daily,917.23065264,BTC,daily,OBM v0.1.0
2020-06-02,obm_miner_revenue_btc_daily,904.17708045,BTC,daily,OBM v0.1.0
2020-06-03,obm_miner_revenue_btc_daily,950.91455447,BTC,daily,OBM v0.1.0
2020-06-04,obm_miner_revenue_btc_daily,1006.12744471,BTC,daily,OBM v0.1.0
2020-06-05,obm_miner_revenue_btc_daily,1174.74573563,BTC,daily,OBM v0.1.0
2020-06-06,obm_miner_revenue_btc_daily,1256.92632001,BTC,daily,OBM v0.1.0
2020-06-07,obm_miner_revenue_btc_daily,1020.07906276,BTC,daily,OBM v0.1.0
2020-06-08,obm_miner_revenue_btc_daily,1054.22247948,BTC,daily,OBM v0.1.0
2020-06-09,obm_miner_revenue_btc_daily,1035.17462860,BTC,daily,OBM v0.1.0
2020-06-10,obm_miner_revenue_btc_daily,1063.38552450,BTC,daily,OBM v0.1.0
2020-06-11,obm_miner_revenue_btc_daily,1194.84236598,BTC,daily,OBM v0.1.0
2020-06-12,obm_miner_revenue_btc_daily,1048.66881048,BTC,daily,OBM v0.1.0
2020-06-13,obm_miner_revenue_btc_daily,1008.58334260,BTC,daily,OBM v0.1.0
2020-06-14,obm_miner_revenue_btc_daily,1078.79688827,BTC,daily,OBM v0.1.0
2020-06-15,obm_miner_revenue_btc_daily,896.68315891,BTC,daily,OBM v0.1.0
2020-06-16,obm_miner_revenue_btc_daily,988.09742513,BTC,daily,OBM v0.1.0
2020-06-17,obm_miner_revenue_btc_daily,910.29264099,BTC,daily,OBM v0.1.0
2020-06-18,obm_miner_revenue_btc_daily,812.83269654,BTC,daily,OBM v0.1.0
2020-06-19,obm_miner_revenue_btc_daily,944.02471305,BTC,daily,OBM v0.1.0
2020-06-20,obm_miner_revenue_btc_daily,886.26002493,BTC,daily,OBM v0.1.0
2020-06-21,obm_miner_revenue_btc_daily,937.47941736,BTC,daily,OBM v0.1.0
2020-06-22,obm_miner_revenue_btc_daily,929.90947427,BTC,daily,OBM v0.1.0
2020-06-23,obm_miner_revenue_btc_daily,1033.31049682,BTC,daily,OBM v0.1.0
2020-06-24,obm_miner_revenue_btc_daily,911.10734490,BTC,daily,OBM v0.1.0
2020-06-25,obm_miner_revenue_btc_daily,921.33334016,BTC,daily,OBM v0.1.0
2020-06-26,obm_miner_revenue_btc_daily,1059.04227231,BTC,daily,OBM v0.1.0
2020-06-27,obm_miner_revenue_btc_daily,885.90413949,BTC,daily,OBM v0.1.0
2020-06-28,obm_miner_revenue_btc_daily,957.19907106,BTC,daily,OBM v0.1.0
2020-06-29,obm_miner_revenue_btc_daily,939.64475024,BTC,daily,OBM v0.1.0
2020-06-30,obm_miner_revenue_btc_daily,961.72241908,BTC,daily,OBM v0.1.0
2020-07-01,obm_miner_revenue_btc_daily,1075.32571084,BTC,daily,OBM v0.1.0
2020-07-02,obm_miner_revenue_btc_daily,1081.01403666,BTC,daily,OBM v0.1.0
2020-07-03,obm_miner_revenue_btc_daily,1072.53625541,BTC,daily,OBM v0.1.0
2020-07-04,obm_miner_revenue_btc_daily,1013.12048128,BTC,daily,OBM v0.1.0
2020-07-05,obm_miner_revenue_btc_daily,1043.85955930,BTC,daily,OBM v0.1.0
2020-07-06,obm_miner_revenue_btc_daily,999.40829526,BTC,daily,OBM v0.1.0
2020-07-07,obm_miner_revenue_btc_daily,1046.97918894,BTC,daily,OBM v0.1.0
2020-07-08,obm_miner_revenue_btc_daily,991.43607406,BTC,daily,OBM v0.1.0
2020-07-09,obm_miner_revenue_btc_daily,1080.08128328,BTC,daily,OBM v0.1.0
2020-07-10,obm_miner_revenue_btc_daily,1054.66811415,BTC,daily,OBM v0.1.0
2020-07-11,obm_miner_revenue_btc_daily,1007.69940240,BTC,daily,OBM v0.1.0
2020-07-12,obm_miner_revenue_btc_daily,974.58523070,BTC,daily,OBM v0.1.0
2020-07-13,obm_miner_revenue_btc_daily,959.66827816,BTC,daily,OBM v0.1.0
2020-07-14,obm_miner_revenue_btc_daily,962.95443097,BTC,daily,OBM v0.1.0
2020-07-15,obm_miner_revenue_btc_daily,926.82008944,BTC,daily,OBM v0.1.0
2020-07-16,obm_miner_revenue_btc_daily,928.15856789,BTC,daily,OBM v0.1.0
2020-07-17,obm_miner_revenue_btc_daily,814.80576136,BTC,daily,OBM v0.1.0
2020-07-18,obm_miner_revenue_btc_daily,888.81263773,BTC,daily,OBM v0.1.0
2020-07-19,obm_miner_revenue_btc_daily,864.71803343,BTC,daily,OBM v0.1.0
2020-07-20,obm_miner_revenue_btc_daily,959.83857188,BTC,daily,OBM v0.1.0
2020-07-21,obm_miner_revenue_btc_daily,883.53349837,BTC,daily,OBM v0.1.0
2020-07-22,obm_miner_revenue_btc_daily,1043.27483781,BTC,daily,OBM v0.1.0
2020-07-23,obm_miner_revenue_btc_daily,985.00696882,BTC,daily,OBM v0.1.0
2020-07-24,obm_miner_revenue_btc_daily,1130.63037589,BTC,daily,OBM v0.1.0
2020-07-25,obm_miner_revenue_btc_daily,976.54999864,BTC,daily,OBM v0.1.0
2020-07-26,obm_miner_revenue_btc_daily,1063.98811017,BTC,daily,OBM v0.1.0
2020-07-27,obm_miner_revenue_btc_daily,1052.37370183,BTC,daily,OBM v0.1.0
2020-07-28,obm_miner_revenue_btc_daily,1093.82139032,BTC,daily,OBM v0.1.0
2020-07-29,obm_miner_revenue_btc_daily,1099.64034253,BTC,daily,OBM v0.1.0
2020-07-30,obm_miner_revenue_btc_daily,1023.70866069,BTC,daily,OBM v0.1.0
2020-07-31,obm_miner_revenue_btc_daily,1127.89760126,BTC,daily,OBM v0.1.0
2020-08-01,obm_miner_revenue_btc_daily,984.49563386,BTC,daily,OBM v0.1.0
2020-08-02,obm_miner_revenue_btc_daily,987.88995761,BTC,daily,OBM v0.1.0
2020-08-03,obm_miner_revenue_btc_daily,1142.66320882,BTC,daily,OBM v0.1.0
2020-08-04,obm_miner_revenue_btc_daily,1017.65338573,BTC,daily,OBM v0.1.0
2020-08-05,obm_miner_revenue_btc_daily,942.42255821,BTC,daily,OBM v0.1.0
2020-08-06,obm_miner_revenue_btc_daily,1171.22049311,BTC,daily,OBM v0.1.0
2020-08-07,obm_miner_revenue_btc_daily,1087.20910291,BTC,daily,OBM v0.1.0
2020-08-08,obm_miner_revenue_btc_daily,966.44533308,BTC,daily,OBM v0.1.0
2020-08-09,obm_miner_revenue_btc_daily,1037.66871355,BTC,daily,OBM v0.1.0
2020-08-10,obm_miner_revenue_btc_daily,989.91613370,BTC,daily,OBM v0.1.0
2020-08-11,obm_miner_revenue_btc_daily,1114.18404592,BTC,daily,OBM v0.1.0
2020-08-12,obm_miner_revenue_btc_daily,1106.28282470,BTC,daily,OBM v0.1.0
2020-08-13,obm_miner_revenue_btc_daily,1027.81392380,BTC,daily,OBM v0.1.0
2020-08-14,obm_miner_revenue_btc_daily,1150.30290555,BTC,daily,OBM v0.1.0
2020-08-15,obm_miner_revenue_btc_daily,1042.51446166,BTC,daily,OBM v0.1.0
2020-08-16,obm_miner_revenue_btc_daily,1010.46191905,BTC,daily,OBM v0.1.0
2020-08-17,obm_miner_revenue_btc_daily,862.95844023,BTC,daily,OBM v0.1.0
2020-08-18,obm_miner_revenue_btc_daily,1033.12712801,BTC,daily,OBM v0.1.0
2020-08-19,obm_miner_revenue_btc_daily,1010.08221747,BTC,daily,OBM v0.1.0
2020-08-20,obm_miner_revenue_btc_daily,1043.14720271,BTC,daily,OBM v0.1.0
2020-08-21,obm_miner_revenue_btc_daily,1104.85850768,BTC,daily,OBM v0.1.0
2020-08-22,obm_miner_revenue_btc_daily,943.50701843,BTC,daily,OBM v0.1.0
2020-08-23,obm_miner_revenue_btc_daily,1040.35621225,BTC,daily,OBM v0.1.0
2020-08-24,obm_miner_revenue_btc_daily,1009.69959878,BTC,daily,OBM v0.1.0
2020-08-25,obm_miner_revenue_btc_daily,890.01229804,BTC,daily,OBM v0.1.0
2020-08-26,obm_miner_revenue_btc_daily,995.97218762,BTC,daily,OBM v0.1.0
2020-08-27,obm_miner_revenue_btc_daily,929.14984729,BTC,daily,OBM v0.1.0
2020-08-28,obm_miner_revenue_btc_daily,1122.08520898,BTC,daily,OBM v0.1.0
2020-08-29,obm_miner_revenue_btc_daily,978.35247622,BTC,daily,OBM v0.1.0
2020-08-30,obm_miner_revenue_btc_daily,857.85535847,BTC,daily,OBM v0.1.0
2020-08-31,obm_miner_revenue_btc_daily,1029.03783350,BTC,daily,OBM v0.1.0
2020-09-01,obm_miner_revenue_btc_daily,1088.43549409,BTC,daily,OBM v0.1.0
2020-09-02,obm_miner_revenue_btc_daily,1027.52455509,BTC,daily,OBM v0.1.0
2020-09-03,obm_miner_revenue_btc_daily,940.56577789,BTC,daily,OBM v0.1.0
2020-09-04,obm_miner_revenue_btc_daily,999.21345969,BTC,daily,OBM v0.1.0
2020-09-05,obm_miner_revenue_btc_daily,1001.13963774,BTC,daily,OBM v0.1.0
2020-09-06,obm_miner_revenue_btc_daily,1008.23717940,BTC,daily,OBM v0.1.0
2020-09-07,obm_miner_revenue_btc_daily,1190.46790986,BTC,daily,OBM v0.1.0
2020-09-08,obm_miner_revenue_btc_daily,1052.81185257,BTC,daily,OBM v0.1.0
2020-09-09,obm_miner_revenue_btc_daily,1020.44580011,BTC,daily,OBM v0.1.0
2020-09-10,obm_miner_revenue_btc_daily,1097.88966361,BTC,daily,OBM v0.1.0
2020-09-11,obm_miner_revenue_btc_daily,957.66710292,BTC,daily,OBM v0.1.0
2020-09-12,obm_miner_revenue_btc_daily,1120.61575529,BTC,daily,OBM v0.1.0
2020-09-13,obm_miner_revenue_btc_daily,1061.58137942,BTC,daily,OBM v0.1.0
2020-09-14,obm_miner_revenue_btc_daily,1175.47210429,BTC,daily,OBM v0.1.0
2020-09-15,obm_miner_revenue_btc_daily,1052.13367663,BTC,daily,OBM v0.1.0
2020-09-16,obm_miner_revenue_btc_daily,1046.42308339,BTC,daily,OBM v0.1.0
2020-09-17,obm_miner_revenue_btc_daily,1183.45057487,BTC,daily,OBM v0.1.0
2020-09-18,obm_miner_revenue_btc_daily,1100.66040707,BTC,daily,OBM v0.1.0
2020-09-19,obm_miner_revenue_btc_daily,978.80137105,BTC,daily,OBM v0.1.0
2020-09-20,obm_miner_revenue_btc_daily,920.50982992,BTC,daily,OBM v0.1.0
2020-09-21,obm_miner_revenue_btc_daily,967.55821173,BTC,daily,OBM v0.1.0
2020-09-22,obm_miner_revenue_btc_daily,880.42250505,BTC,daily,OBM v0.1.0
2020-09-23,obm_miner_revenue_btc_daily,983.61641422,BTC,daily,OBM v0.1.0
2020-09-24,obm_miner_revenue_btc_daily,938.75485829,BTC,daily,OBM v0.1.0
2020-09-25,obm_miner_revenue_btc_daily,1133.41010813,BTC,daily,OBM v0.1.0
2020-09-26,obm_miner_revenue_btc_daily,979.07235670,BTC,daily,OBM v0.1.0
2020-09-27,obm_miner_revenue_btc_daily,987.58516079,BTC,daily,OBM v0.1.0
2020-09-28,obm_miner_revenue_btc_daily,862.97923703,BTC,daily,OBM v0.1.0
2020-09-29,obm_miner_revenue_btc_daily,964.22491040,BTC,daily,OBM v0.1.0
2020-09-30,obm_miner_revenue_btc_daily,1070.01594655,BTC,daily,OBM v0.1.0
2020-10-01,obm_miner_revenue_btc_daily,877.03192869,BTC,daily,OBM v0.1.0
2020-10-02,obm_miner_revenue_btc_daily,972.51219145,BTC,daily,OBM v0.1.0
2020-10-03,obm_miner_revenue_btc_daily,1015.65619458,BTC,daily,OBM v0.1.0
2020-10-04,obm_miner_revenue_btc_daily,1043.33182413,BTC,daily,OBM v0.1.0
2020-10-05,obm_miner_revenue_btc_daily,973.28262979,BTC,daily,OBM v0.1.0
2020-10-06,obm_miner_revenue_btc_daily,925.81139880,BTC,daily,OBM v0.1.0
2020-10-07,obm_miner_revenue_btc_daily,1054.92330476,BTC,daily,OBM v0.1.0
2020-10-08,obm_miner_revenue_btc_daily,1115.63964018,BTC,daily,OBM v0.1.0
2020-10-09,obm_miner_revenue_btc_daily,998.28393286,BTC,daily,OBM v0.1.0
2020-10-10,obm_miner_revenue_btc_daily,969.59989665,BTC,daily,OBM v0.1.0
2020-10-11,obm_miner_revenue_btc_daily,926.22999180,BTC,daily,OBM v0.1.0
2020-10-12,obm_miner_revenue_btc_daily,1006.09694551,BTC,daily,OBM v0.1.0
2020-10-13,obm_miner_revenue_btc_daily,1111.57427084,BTC,daily,OBM v0.1.0
2020-10-14,obm_miner_revenue_btc_daily,1004.29920250,BTC,daily,OBM v0.1.0
2020-10-15,obm_miner_revenue_btc_daily,1022.02808305,BTC,daily,OBM v0.1.0
2020-10-16,obm_miner_revenue_btc_daily,1032.89460306,BTC,daily,OBM v0.1.0
2020-10-17,obm_miner_revenue_btc_daily,1016.68446587,BTC,daily,OBM v0.1.0
2020-10-18,obm_miner_revenue_btc_daily,786.45097175,BTC,daily,OBM v0.1.0
2020-10-19,obm_miner_revenue_btc_daily,831.81863160,BTC,daily,OBM v0.1.0
2020-10-20,obm_miner_revenue_btc_daily,976.74220970,BTC,daily,OBM v0.1.0
2020-10-21,obm_miner_revenue_btc_daily,929.14309349,BTC,daily,OBM v0.1.0
2020-10-22,obm_miner_revenue_btc_daily,1023.22812487,BTC,daily,OBM v0.1.0
2020-10-23,obm_miner_revenue_btc_daily,962.76814194,BTC,daily,OBM v0.1.0
2020-10-24,obm_miner_revenue_btc_daily,1043.84222181,BTC,daily,OBM v0.1.0
2020-10-25,obm_miner_revenue_btc_daily,796.51470250,BTC,daily,OBM v0.1.0
2020-10-26,obm_miner_revenue_btc_daily,798.79083665,BTC,daily,OBM v0.1.0
2020-10-27,obm_miner_revenue_btc_daily,810.98520467,BTC,daily,OBM v0.1.0
2020-10-28,obm_miner_revenue_btc_daily,851.66214815,BTC,daily,OBM v0.1.0
2020-10-29,obm_miner_revenue_btc_daily,934.23173259,BTC,daily,OBM v0.1.0
2020-10-30,obm_miner_revenue_btc_daily,956.09694254,BTC,daily,OBM v0.1.0
2020-10-31,obm_miner_revenue_btc_daily,970.28799985,BTC,daily,OBM v0.1.0
2020-11-01,obm_miner_revenue_btc_daily,959.09284836,BTC,daily,OBM v0.1.0
2020-11-02,obm_miner_revenue_btc_daily,803.21858831,BTC,daily,OBM v0.1.0
2020-11-03,obm_miner_revenue_btc_daily,1164.30998956,BTC,daily,OBM v0.1.0
2020-11-04,obm_miner_revenue_btc_daily,1198.78254149,BTC,daily,OBM v0.1.0
2020-11-05,obm_miner_revenue_btc_daily,1179.19440041,BTC,daily,OBM v0.1.0
2020-11-06,obm_miner_revenue_btc_daily,1196.18433418,BTC,daily,OBM v0.1.0
2020-11-07,obm_miner_revenue_btc_daily,1047.73436243,BTC,daily,OBM v0.1.0
2020-11-08,obm_miner_revenue_btc_daily,958.19061817,BTC,daily,OBM v0.1.0
2020-11-09,obm_miner_revenue_btc_daily,1298.40849695,BTC,daily,OBM v0.1.0
2020-11-10,obm_miner_revenue_btc_daily,1073.58732550,BTC,daily,OBM v0.1.0
2020-11-11,obm_miner_revenue_btc_daily,1026.32878081,BTC,daily,OBM v0.1.0
2020-11-12,obm_miner_revenue_btc_daily,1102.85022306,BTC,daily,OBM v0.1.0
2020-11-13,obm_miner_revenue_btc_daily,969.31662020,BTC,daily,OBM v0.1.0
2020-11-14,obm_miner_revenue_btc_daily,946.65558129,BTC,daily,OBM v0.1.0
2020-11-15,obm_miner_revenue_btc_daily,979.93335460,BTC,daily,OBM v0.1.0
2020-11-16,obm_miner_revenue_btc_daily,1083.45770555,BTC,daily,OBM v0.1.0
2020-11-17,obm_miner_revenue_btc_daily,1071.79129648,BTC,daily,OBM v0.1.0
2020-11-18,obm_miner_revenue_btc_daily,1153.88868616,BTC,daily,OBM v0.1.0
2020-11-19,obm_miner_revenue_btc_daily,950.76871958,BTC,daily,OBM v0.1.0
2020-11-20,obm_miner_revenue_btc_daily,1126.34988950,BTC,daily,OBM v0.1.0
2020-11-21,obm_miner_revenue_btc_daily,1103.15621911,BTC,daily,OBM v0.1.0
2020-11-22,obm_miner_revenue_btc_daily,1119.52458461,BTC,daily,OBM v0.1.0
2020-11-23,obm_miner_revenue_btc_daily,975.29584603,BTC,daily,OBM v0.1.0
2020-11-24,obm_miner_revenue_btc_daily,936.28199286,BTC,daily,OBM v0.1.0
2020-11-25,obm_miner_revenue_btc_daily,1067.37265001,BTC,daily,OBM v0.1.0
2020-11-26,obm_miner_revenue_btc_daily,1041.33357397,BTC,daily,OBM v0.1.0
2020-11-27,obm_miner_revenue_btc_daily,1046.71494944,BTC,daily,OBM v0.1.0
2020-11-28,obm_miner_revenue_btc_daily,1019.32028025,BTC,daily,OBM v0.1.0
2020-11-29,obm_miner_revenue_btc_daily,977.36594809,BTC,daily,OBM v0.1.0
2020-11-30,obm_miner_revenue_btc_daily,778.56782859,BTC,daily,OBM v0.1.0
2020-12-01,obm_miner_revenue_btc_daily,1095.30838285,BTC,daily,OBM v0.1.0
2020-12-02,obm_miner_revenue_btc_daily,950.20675736,BTC,daily,OBM v0.1.0
2020-12-03,obm_miner_revenue_btc_daily,1127.03926977,BTC,daily,OBM v0.1.0
2020-12-04,obm_miner_revenue_btc_daily,1008.77416045,BTC,daily,OBM v0.1.0
2020-12-05,obm_miner_revenue_btc_daily,969.64763484,BTC,daily,OBM v0.1.0
2020-12-06,obm_miner_revenue_btc_daily,898.40641585,BTC,daily,OBM v0.1.0
2020-12-07,obm_miner_revenue_btc_daily,1005.96050775,BTC,daily,OBM v0.1.0
2020-12-08,obm_miner_revenue_btc_daily,972.19048212,BTC,daily,OBM v0.1.0
2020-12-09,obm_miner_revenue_btc_daily,941.20729357,BTC,daily,OBM v0.1.0
2020-12-10,obm_miner_revenue_btc_daily,885.33286894,BTC,daily,OBM v0.1.0
2020-12-11,obm_miner_revenue_btc_daily,932.99629972,BTC,daily,OBM v0.1.0
2020-12-12,obm_miner_revenue_btc_daily,875.58835913,BTC,daily,OBM v0.1.0
2020-12-13,obm_miner_revenue_btc_daily,1014.24154715,BTC,daily,OBM v0.1.0
2020-12-14,obm_miner_revenue_btc_daily,965.48584780,BTC,daily,OBM v0.1.0
2020-12-15,obm_miner_revenue_btc_daily,945.05172631,BTC,daily,OBM v0.1.0
2020-12-16,obm_miner_revenue_btc_daily,973.65447250,BTC,daily,OBM v0.1.0
2020-12-17,obm_miner_revenue_btc_daily,969.24271891,BTC,daily,OBM v0.1.0
2020-12-18,obm_miner_revenue_btc_daily,1176.72135264,BTC,daily,OBM v0.1.0
2020-12-19,obm_miner_revenue_btc_daily,1107.46753977,BTC,daily,OBM v0.1.0
2020-12-20,obm_miner_revenue_btc_daily,1017.26491940,BTC,daily,OBM v0.1.0
2020-12-21,obm_miner_revenue_btc_daily,988.56269222,BTC,daily,OBM v0.1.0
2020-12-22,obm_miner_revenue_btc_daily,1026.77681427,BTC,daily,OBM v0.1.0
2020-12-23,obm_miner_revenue_btc_daily,1105.54461152,BTC,daily,OBM v0.1.0
2020-12-24,obm_miner_revenue_btc_daily,893.92944422,BTC,daily,OBM v0.1.0
2020-12-25,obm_miner_revenue_btc_daily,992.48494577,BTC,daily,OBM v0.1.0
2020-12-26,obm_miner_revenue_btc_daily,925.89322741,BTC,daily,OBM v0.1.0
2020-12-27,obm_miner_revenue_btc_daily,1016.99329678,BTC,daily,OBM v0.1.0
2020-12-28,obm_miner_revenue_btc_daily,1099.54006659,BTC,daily,OBM v0.1.0
2020-12-29,obm_miner_revenue_btc_daily,1055.85291043,BTC,daily,OBM v0.1.0
2020-12-30,obm_miner_revenue_btc_daily,1180.14390344,BTC,daily,OBM v0.1.0
2020-12-31,obm_miner_revenue_btc_daily,1151.07123643,BTC,daily,OBM v0.1.0
2021-01-01,obm_miner_revenue_btc_daily,980.19270140,BTC,daily,OBM v0.1.0
2021-01-02,obm_miner_revenue_btc_daily,1023.44906722,BTC,daily,OBM v0.1.0
2021-01-03,obm_miner_revenue_btc_daily,1073.91999352,BTC,daily,OBM v0.1.0
2021-01-04,obm_miner_revenue_btc_daily,1189.95503625,BTC,daily,OBM v0.1.0
2021-01-05,obm_miner_revenue_btc_daily,1094.61586749,BTC,daily,OBM v0.1.0
2021-01-06,obm_miner_revenue_btc_daily,1234.76898515,BTC,daily,OBM v0.1.0
2021-01-07,obm_miner_revenue_btc_daily,1171.91274523,BTC,daily,OBM v0.1.0
2021-01-08,obm_miner_revenue_btc_daily,1060.47417648,BTC,daily,OBM v0.1.0
2021-01-09,obm_miner_revenue_btc_daily,979.31125153,BTC,daily,OBM v0.1.0
2021-01-10,obm_miner_revenue_btc_daily,1085.70258523,BTC,daily,OBM v0.1.0
2021-01-11,obm_miner_revenue_btc_daily,1096.92653310,BTC,daily,OBM v0.1.0
2021-01-12,obm_miner_revenue_btc_daily,1089.92133634,BTC,daily,OBM v0.1.0
2021-01-13,obm_miner_revenue_btc_daily,1086.57891971,BTC,daily,OBM v0.1.0
2021-01-14,obm_miner_revenue_btc_daily,1060.16282766,BTC,daily,OBM v0.1.0
2021-01-15,obm_miner_revenue_btc_daily,1115.92314406,BTC,daily,OBM v0.1.0
2021-01-16,obm_miner_revenue_btc_daily,1007.24193579,BTC,daily,OBM v0.1.0
2021-01-17,obm_miner_revenue_btc_daily,897.56087960,BTC,daily,OBM v0.1.0
2021-01-18,obm_miner_revenue_btc_daily,990.91625216,BTC,daily,OBM v0.1.0
2021-01-19,obm_miner_revenue_btc_daily,1028.79256535,BTC,daily,OBM v0.1.0
2021-01-20,obm_miner_revenue_btc_daily,974.73057077,BTC,daily,OBM v0.1.0
2021-01-21,obm_miner_revenue_btc_daily,926.43381959,BTC,daily,OBM v0.1.0
2021-01-22,obm_miner_revenue_btc_daily,995.87270064,BTC,daily,OBM v0.1.0
2021-01-23,obm_miner_revenue_btc_daily,1051.76292004,BTC,daily,OBM v0.1.0
2021-01-24,obm_miner_revenue_btc_daily,926.30604040,BTC,daily,OBM v0.1.0
2021-01-25,obm_miner_revenue_btc_daily,975.68549632,BTC,daily,OBM v0.1.0
2021-01-26,obm_miner_revenue_btc_daily,1088.01242061,BTC,daily,OBM v0.1.0
2021-01-27,obm_miner_revenue_btc_daily,970.59629503,BTC,daily,OBM v0.1.0
2021-01-28,obm_miner_revenue_btc_daily,992.15021791,BTC,daily,OBM v0.1.0
2021-01-29,obm_miner_revenue_btc_daily,1117.42570567,BTC,daily,OBM v0.1.0
2021-01-30,obm_miner_revenue_btc_daily,988.46341880,BTC,daily,OBM v0.1.0
2021-01-31,obm_miner_revenue_btc_daily,1000.53987916,BTC,daily,OBM v0.1.0
2021-02-01,obm_miner_revenue_btc_daily,871.46187911,BTC,daily,OBM v0.1.0
2021-02-02,obm_miner_revenue_btc_daily,1104.85584530,BTC,daily,OBM v0.1.0
2021-02-03,obm_miner_revenue_btc_daily,1071.74070735,BTC,daily,OBM v0.1.0
2021-02-04,obm_miner_revenue_btc_daily,1166.88621843,BTC,daily,OBM v0.1.0
2021-02-05,obm_miner_revenue_btc_daily,1200.09104968,BTC,daily,OBM v0.1.0
2021-02-06,obm_miner_revenue_btc_daily,1112.05299223,BTC,daily,OBM v0.1.0
2021-02-07,obm_miner_revenue_btc_daily,1059.69085027,BTC,daily,OBM v0.1.0
2021-02-08,obm_miner_revenue_btc_daily,1146.67229408,BTC,daily,OBM v0.1.0
2021-02-09,obm_miner_revenue_btc_daily,1090.14438398,BTC,daily,OBM v0.1.0
2021-02-10,obm_miner_revenue_btc_daily,1061.91327939,BTC,daily,OBM v0.1.0
2021-02-11,obm_miner_revenue_btc_daily,991.59915975,BTC,daily,OBM v0.1.0
2021-02-12,obm_miner_revenue_btc_daily,1089.89953166,BTC,daily,OBM v0.1.0
2021-02-13,obm_miner_revenue_btc_daily,1125.62461607,BTC,daily,OBM v0.1.0
2021-02-14,obm_miner_revenue_btc_daily,1029.20186702,BTC,daily,OBM v0.1.0
2021-02-15,obm_miner_revenue_btc_daily,1073.38974400,BTC,daily,OBM v0.1.0
2021-02-16,obm_miner_revenue_btc_daily,876.27466217,BTC,daily,OBM v0.1.0
2021-02-17,obm_miner_revenue_btc_daily,1004.12327207,BTC,daily,OBM v0.1.0
2021-02-18,obm_miner_revenue_btc_daily,1004.00229392,BTC,daily,OBM v0.1.0
2021-02-19,obm_miner_revenue_btc_daily,1117.05575280,BTC,daily,OBM v0.1.0
2021-02-20,obm_miner_revenue_btc_daily,1060.32061349,BTC,daily,OBM v0.1.0
2021-02-21,obm_miner_revenue_btc_daily,996.35198626,BTC,daily,OBM v0.1.0
2021-02-22,obm_miner_revenue_btc_daily,963.03857835,BTC,daily,OBM v0.1.0
2021-02-23,obm_miner_revenue_btc_daily,977.05218417,BTC,daily,OBM v0.1.0
2021-02-24,obm_miner_revenue_btc_daily,1183.28161494,BTC,daily,OBM v0.1.0
2021-02-25,obm_miner_revenue_btc_daily,1127.52733296,BTC,daily,OBM v0.1.0
2021-02-26,obm_miner_revenue_btc_daily,1017.62842397,BTC,daily,OBM v0.1.0
2021-02-27,obm_miner_revenue_btc_daily,1085.55956316,BTC,daily,OBM v0.1.0
2021-02-28,obm_miner_revenue_btc_daily,901.74643575,BTC,daily,OBM v0.1.0
2021-03-01,obm_miner_revenue_btc_daily,934.33630841,BTC,daily,OBM v0.1.0
2021-03-02,obm_miner_revenue_btc_daily,1026.51436336,BTC,daily,OBM v0.1.0
2021-03-03,obm_miner_revenue_btc_daily,1082.69783597,BTC,daily,OBM v0.1.0
2021-03-04,obm_miner_revenue_btc_daily,912.95743017,BTC,daily,OBM v0.1.0
2021-03-05,obm_miner_revenue_btc_daily,1045.61391387,BTC,daily,OBM v0.1.0
2021-03-06,obm_miner_revenue_btc_daily,1027.90309707,BTC,daily,OBM v0.1.0
2021-03-07,obm_miner_revenue_btc_daily,983.73039113,BTC,daily,OBM v0.1.0
2021-03-08,obm_miner_revenue_btc_daily,1059.29725683,BTC,daily,OBM v0.1.0
2021-03-09,obm_miner_revenue_btc_daily,980.13713112,BTC,daily,OBM v0.1.0
2021-03-10,obm_miner_revenue_btc_daily,1041.51473041,BTC,daily,OBM v0.1.0
2021-03-11,obm_miner_revenue_btc_daily,936.07819319,BTC,daily,OBM v0.1.0
2021-03-12,obm_miner_revenue_btc_daily,1054.72083707,BTC,daily,OBM v0.1.0
2021-03-13,obm_miner_revenue_btc_daily,1010.64588103,BTC,daily,OBM v0.1.0
2021-03-14,obm_miner_revenue_btc_daily,1069.67522684,BTC,daily,OBM v0.1.0
2021-03-15,obm_miner_revenue_btc_daily,1037.98540384,BTC,daily,OBM v0.1.0
2021-03-16,obm_miner_revenue_btc_daily,1041.61520932,BTC,daily,OBM v0.1.0
2021-03-17,obm_miner_revenue_btc_daily,955.85119260,BTC,daily,OBM v0.1.0
2021-03-18,obm_miner_revenue_btc_daily,1087.22857009,BTC,daily,OBM v0.1.0
2021-03-19,obm_miner_revenue_btc_daily,1041.33945050,BTC,daily,OBM v0.1.0
2021-03-20,obm_miner_revenue_btc_daily,1046.16084498,BTC,daily,OBM v0.1.0
2021-03-21,obm_miner_revenue_btc_daily,1035.90613183,BTC,daily,OBM v0.1.0
2021-03-22,obm_miner_revenue_btc_daily,1028.77318410,BTC,daily,OBM v0.1.0
2021-03-23,obm_miner_revenue_btc_daily,1087.58063818,BTC,daily,OBM v0.1.0
2021-03-24,obm_miner_revenue_btc_daily,1032.45079823,BTC,daily,OBM v0.1.0
2021-03-25,obm_miner_revenue_btc_daily,1046.72598289,BTC,daily,OBM v0.1.0
2021-03-26,obm_miner_revenue_btc_daily,931.24149212,BTC,daily,OBM v0.1.0
2021-03-27,obm_miner_revenue_btc_daily,1060.38131525,BTC,daily,OBM v0.1.0
2021-03-28,obm_miner_revenue_btc_daily,1051.75161990,BTC,daily,OBM v0.1.0
2021-03-29,obm_miner_revenue_btc_daily,1024.50259219,BTC,daily,OBM v0.1.0
2021-03-30,obm_miner_revenue_btc_daily,1009.10277671,BTC,daily,OBM v0.1.0
2021-03-31,obm_miner_revenue_btc_daily,1083.71134313,BTC,daily,OBM v0.1.0
2021-04-01,obm_miner_revenue_btc_daily,996.24745266,BTC,daily,OBM v0.1.0
2021-04-02,obm_miner_revenue_btc_daily,964.40831777,BTC,daily,OBM v0.1.0
2021-04-03,obm_miner_revenue_btc_daily,902.68886825,BTC,daily,OBM v0.1.0
2021-04-04,obm_miner_revenue_btc_daily,979.69630150,BTC,daily,OBM v0.1.0
2021-04-05,obm_miner_revenue_btc_daily,1069.45706550,BTC,daily,OBM v0.1.0
2021-04-06,obm_miner_revenue_btc_daily,1006.41402010,BTC,daily,OBM v0.1.0
2021-04-07,obm_miner_revenue_btc_daily,1082.30042032,BTC,daily,OBM v0.1.0
2021-04-08,obm_miner_revenue_btc_daily,929.07954065,BTC,daily,OBM v0.1.0
2021-04-09,obm_miner_revenue_btc_daily,1066.38720157,BTC,daily,OBM v0.1.0
2021-04-10,obm_miner_revenue_btc_daily,1071.23797301,BTC,daily,OBM v0.1.0
2021-04-11,obm_miner_revenue_btc_daily,969.23652347,BTC,daily,OBM v0.1.0
2021-04-12,obm_miner_revenue_btc_daily,991.77267733,BTC,daily,OBM v0.1.0
2021-04-13,obm_miner_revenue_btc_daily,989.32975420,BTC,daily,OBM v0.1.0
2021-04-14,obm_miner_revenue_btc_daily,979.93493500,BTC,daily,OBM v0.1.0
2021-04-15,obm_miner_revenue_btc_daily,1230.28823581,BTC,daily,OBM v0.1.0
2021-04-16,obm_miner_revenue_btc_daily,784.07071554,BTC,daily,OBM v0.1.0
2021-04-17,obm_miner_revenue_btc_daily,732.32372065,BTC,daily,OBM v0.1.0
2021-04-18,obm_miner_revenue_btc_daily,989.73000400,BTC,daily,OBM v0.1.0
2021-04-19,obm_miner_revenue_btc_daily,822.06663228,BTC,daily,OBM v0.1.0
2021-04-20,obm_miner_revenue_btc_daily,1101.82822747,BTC,daily,OBM v0.1.0
2021-04-21,obm_miner_revenue_btc_daily,887.01779687,BTC,daily,OBM v0.1.0
2021-04-22,obm_miner_revenue_btc_daily,1193.23661393,BTC,daily,OBM v0.1.0
2021-04-23,obm_miner_revenue_btc_daily,1113.43675317,BTC,daily,OBM v0.1.0
2021-04-24,obm_miner_revenue_btc_daily,1074.65089535,BTC,daily,OBM v0.1.0
2021-04-25,obm_miner_revenue_btc_daily,997.53734279,BTC,daily,OBM v0.1.0
2021-04-26,obm_miner_revenue_btc_daily,880.25160734,BTC,daily,OBM v0.1.0
2021-04-27,obm_miner_revenue_btc_daily,1049.80784332,BTC,daily,OBM v0.1.0
2021-04-28,obm_miner_revenue_btc_daily,1023.43910764,BTC,daily,OBM v0.1.0
2021-04-29,obm_miner_revenue_btc_daily,907.33508448,BTC,daily,OBM v0.1.0
2021-04-30,obm_miner_revenue_btc_daily,1049.44592537,BTC,daily,OBM v0.1.0
2021-05-01,obm_miner_revenue_btc_daily,970.86686870,BTC,daily,OBM v0.1.0
2021-05-02,obm_miner_revenue_btc_daily,1241.21037570,BTC,daily,OBM v0.1.0
2021-05-03,obm_miner_revenue_btc_daily,1217.16693739,BTC,daily,OBM v0.1.0
2021-05-04,obm_miner_revenue_btc_daily,1230.64665193,BTC,daily,OBM v0.1.0
2021-05-05,obm_miner_revenue_btc_daily,1081.16162799,BTC,daily,OBM v0.1.0
2021-05-06,obm_miner_revenue_btc_daily,1172.02051484,BTC,daily,OBM v0.1.0
2021-05-07,obm_miner_revenue_btc_daily,1179.36786384,BTC,daily,OBM v0.1.0
2021-05-08,obm_miner_revenue_btc_daily,1155.97137317,BTC,daily,OBM v0.1.0
2021-05-09,obm_miner_revenue_btc_daily,1232.52882710,BTC,daily,OBM v0.1.0
2021-05-10,obm_miner_revenue_btc_daily,1226.01711434,BTC,daily,OBM v0.1.0
2021-05-11,obm_miner_revenue_btc_daily,1156.79323145,BTC,daily,OBM v0.1.0
2021-05-12,obm_miner_revenue_btc_daily,1151.98423673,BTC,daily,OBM v0.1.0
2021-05-13,obm_miner_revenue_btc_daily,1078.12171986,BTC,daily,OBM v0.1.0
2021-05-14,obm_miner_revenue_btc_daily,910.74686827,BTC,daily,OBM v0.1.0
2021-05-15,obm_miner_revenue_btc_daily,831.20768819,BTC,daily,OBM v0.1.0
2021-05-16,obm_miner_revenue_btc_daily,877.09414413,BTC,daily,OBM v0.1.0
2021-05-17,obm_miner_revenue_btc_daily,832.43906998,BTC,daily,OBM v0.1.0
2021-05-18,obm_miner_revenue_btc_daily,692.16487365,BTC,daily,OBM v0.1.0
2021-05-19,obm_miner_revenue_btc_daily,903.97468289,BTC,daily,OBM v0.1.0
2021-05-20,obm_miner_revenue_btc_daily,832.47635443,BTC,daily,OBM v0.1.0
2021-05-21,obm_miner_revenue_btc_daily,818.51122920,BTC,daily,OBM v0.1.0
2021-05-22,obm_miner_revenue_btc_daily,827.38136843,BTC,daily,OBM v0.1.0
2021-05-23,obm_miner_revenue_btc_daily,825.15676948,BTC,daily,OBM v0.1.0
2021-05-24,obm_miner_revenue_btc_daily,884.30194258,BTC,daily,OBM v0.1.0
2021-05-25,obm_miner_revenue_btc_daily,854.56813126,BTC,daily,OBM v0.1.0
2021-05-26,obm_miner_revenue_btc_daily,840.34665827,BTC,daily,OBM v0.1.0
2021-05-27,obm_miner_revenue_btc_daily,797.36477022,BTC,daily,OBM v0.1.0
2021-05-28,obm_miner_revenue_btc_daily,813.28506793,BTC,daily,OBM v0.1.0
2021-05-29,obm_miner_revenue_btc_daily,772.41632429,BTC,daily,OBM v0.1.0
2021-05-30,obm_miner_revenue_btc_daily,936.61452542,BTC,daily,OBM v0.1.0
2021-05-31,obm_miner_revenue_btc_daily,926.73679202,BTC,daily,OBM v0.1.0
2021-06-01,obm_miner_revenue_btc_daily,934.77613502,BTC,daily,OBM v0.1.0
2021-06-02,obm_miner_revenue_btc_daily,1088.63309674,BTC,daily,OBM v0.1.0
2021-06-03,obm_miner_revenue_btc_daily,968.63061484,BTC,daily,OBM v0.1.0
2021-06-04,obm_miner_revenue_btc_daily,861.09136464,BTC,daily,OBM v0.1.0
2021-06-05,obm_miner_revenue_btc_daily,848.39085417,BTC,daily,OBM v0.1.0
2021-06-06,obm_miner_revenue_btc_daily,960.07892590,BTC,daily,OBM v0.1.0
2021-06-07,obm_miner_revenue_btc_daily,865.80627144,BTC,daily,OBM v0.1.0
2021-06-08,obm_miner_revenue_btc_daily,966.49722008,BTC,daily,OBM v0.1.0
2021-06-09,obm_miner_revenue_btc_daily,820.83885199,BTC,daily,OBM v0.1.0
2021-06-10,obm_miner_revenue_btc_daily,783.87133257,BTC,daily,OBM v0.1.0
2021-06-11,obm_miner_revenue_btc_daily,696.95747209,BTC,daily,OBM v0.1.0
2021-06-12,obm_miner_revenue_btc_daily,860.49080844,BTC,daily,OBM v0.1.0
2021-06-13,obm_miner_revenue_btc_daily,848.21197646,BTC,daily,OBM v0.1.0
2021-06-14,obm_miner_revenue_btc_daily,881.41128109,BTC,daily,OBM v0.1.0
2021-06-15,obm_miner_revenue_btc_daily,857.49243655,BTC,daily,OBM v0.1.0
2021-06-16,obm_miner_revenue_btc_daily,807.82764930,BTC,daily,OBM v0.1.0
2021-06-17,obm_miner_revenue_btc_daily,843.86796458,BTC,daily,OBM v0.1.0
2021-06-18,obm_miner_revenue_btc_daily,806.06591451,BTC,daily,OBM v0.1.0
2021-06-19,obm_miner_revenue_btc_daily,668.38339795,BTC,daily,OBM v0.1.0
2021-06-20,obm_miner_revenue_btc_daily,678.97141975,BTC,daily,OBM v0.1.0
2021-06-21,obm_miner_revenue_btc_daily,696.51731551,BTC,daily,OBM v0.1.0
2021-06-22,obm_miner_revenue_btc_daily,616.54616557,BTC,daily,OBM v0.1.0
2021-06-23,obm_miner_revenue_btc_daily,687.29309666,BTC,daily,OBM v0.1.0
2021-06-24,obm_miner_revenue_btc_daily,704.26458352,BTC,daily,OBM v0.1.0
2021-06-25,obm_miner_revenue_btc_daily,731.64298414,BTC,daily,OBM v0.1.0
2021-06-26,obm_miner_revenue_btc_daily,585.66353190,BTC,daily,OBM v0.1.0
2021-06-27,obm_miner_revenue_btc_daily,388.66197339,BTC,daily,OBM v0.1.0
2021-06-28,obm_miner_revenue_btc_daily,603.65438019,BTC,daily,OBM v0.1.0
2021-06-29,obm_miner_revenue_btc_daily,615.65086695,BTC,daily,OBM v0.1.0
2021-06-30,obm_miner_revenue_btc_daily,611.11151378,BTC,daily,OBM v0.1.0
2021-07-01,obm_miner_revenue_btc_daily,673.77631405,BTC,daily,OBM v0.1.0
2021-07-02,obm_miner_revenue_btc_daily,624.46307910,BTC,daily,OBM v0.1.0
2021-07-03,obm_miner_revenue_btc_daily,852.95251271,BTC,daily,OBM v0.1.0
2021-07-04,obm_miner_revenue_btc_daily,762.18064993,BTC,daily,OBM v0.1.0
2021-07-05,obm_miner_revenue_btc_daily,872.54560696,BTC,daily,OBM v0.1.0
2021-07-06,obm_miner_revenue_btc_daily,934.57445328,BTC,daily,OBM v0.1.0
2021-07-07,obm_miner_revenue_btc_daily,806.59812683,BTC,daily,OBM v0.1.0
2021-07-08,obm_miner_revenue_btc_daily,898.02798416,BTC,daily,OBM v0.1.0
2021-07-09,obm_miner_revenue_btc_daily,845.62704907,BTC,daily,OBM v0.1.0
2021-07-10,obm_miner_revenue_btc_daily,1025.44544869,BTC,daily,OBM v0.1.0
2021-07-11,obm_miner_revenue_btc_daily,799.78707640,BTC,daily,OBM v0.1.0
2021-07-12,obm_miner_revenue_btc_daily,816.22108231,BTC,daily,OBM v0.1.0
2021-07-13,obm_miner_revenue_btc_daily,881.73205250,BTC,daily,OBM v0.1.0
2021-07-14,obm_miner_revenue_btc_daily,1087.41340774,BTC,daily,OBM v0.1.0
2021-07-15,obm_miner_revenue_btc_daily,822.72069488,BTC,daily,OBM v0.1.0
2021-07-16,obm_miner_revenue_btc_daily,954.78933765,BTC,daily,OBM v0.1.0
2021-07-17,obm_miner_revenue_btc_daily,906.36170894,BTC,daily,OBM v0.1.0
2021-07-18,obm_miner_revenue_btc_daily,912.06314330,BTC,daily,OBM v0.1.0
2021-07-19,obm_miner_revenue_btc_daily,1081.49841860,BTC,daily,OBM v0.1.0
2021-07-20,obm_miner_revenue_btc_daily,780.32299408,BTC,daily,OBM v0.1.0
2021-07-21,obm_miner_revenue_btc_daily,920.71176666,BTC,daily,OBM v0.1.0
2021-07-22,obm_miner_revenue_btc_daily,970.46047745,BTC,daily,OBM v0.1.0
2021-07-23,obm_miner_revenue_btc_daily,863.07059708,BTC,daily,OBM v0.1.0
2021-07-24,obm_miner_revenue_btc_daily,975.31693973,BTC,daily,OBM v0.1.0
2021-07-25,obm_miner_revenue_btc_daily,965.98352573,BTC,daily,OBM v0.1.0
2021-07-26,obm_miner_revenue_btc_daily,955.78040045,BTC,daily,OBM v0.1.0
2021-07-27,obm_miner_revenue_btc_daily,1078.57380881,BTC,daily,OBM v0.1.0
2021-07-28,obm_miner_revenue_btc_daily,996.79888588,BTC,daily,OBM v0.1.0
2021-07-29,obm_miner_revenue_btc_daily,1014.99505560,BTC,daily,OBM v0.1.0
2021-07-30,obm_miner_revenue_btc_daily,1052.07271913,BTC,daily,OBM v0.1.0
2021-07-31,obm_miner_revenue_btc_daily,998.72481870,BTC,daily,OBM v0.1.0
2021-08-01,obm_miner_revenue_btc_daily,972.11282095,BTC,daily,OBM v0.1.0
2021-08-02,obm_miner_revenue_btc_daily,907.23151599,BTC,daily,OBM v0.1.0
2021-08-03,obm_miner_revenue_btc_daily,1069.04655629,BTC,daily,OBM v0.1.0
2021-08-04,obm_miner_revenue_btc_daily,865.07145299,BTC,daily,OBM v0.1.0
2021-08-05,obm_miner_revenue_btc_daily,1014.89044705,BTC,daily,OBM v0.1.0
2021-08-06,obm_miner_revenue_btc_daily,1007.97965964,BTC,daily,OBM v0.1.0
2021-08-07,obm_miner_revenue_btc_daily,1054.13935962,BTC,daily,OBM v0.1.0
2021-08-08,obm_miner_revenue_btc_daily,997.33721559,BTC,daily,OBM v0.1.0
2021-08-09,obm_miner_revenue_btc_daily,963.53609833,BTC,daily,OBM v0.1.0
2021-08-10,obm_miner_revenue_btc_daily,1045.20760508,BTC,daily,OBM v0.1.0
2021-08-11,obm_miner_revenue_btc_daily,932.01366228,BTC,daily,OBM v0.1.0
2021-08-12,obm_miner_revenue_btc_daily,956.59363469,BTC,daily,OBM v0.1.0
2021-08-13,obm_miner_revenue_btc_daily,911.07973618,BTC,daily,OBM v0.1.0
2021-08-14,obm_miner_revenue_btc_daily,1035.89573864,BTC,daily,OBM v0.1.0
2021-08-15,obm_miner_revenue_btc_daily,1147.22888011,BTC,daily,OBM v0.1.0
2021-08-16,obm_miner_revenue_btc_daily,1022.58277114,BTC,daily,OBM v0.1.0
2021-08-17,obm_miner_revenue_btc_daily,1090.65187722,BTC,daily,OBM v0.1.0
2021-08-18,obm_miner_revenue_btc_daily,859.16159123,BTC,daily,OBM v0.1.0
2021-08-19,obm_miner_revenue_btc_daily,975.40905503,BTC,daily,OBM v0.1.0
2021-08-20,obm_miner_revenue_btc_daily,1015.74679146,BTC,daily,OBM v0.1.0
2021-08-21,obm_miner_revenue_btc_daily,1073.92035586,BTC,daily,OBM v0.1.0
2021-08-22,obm_miner_revenue_btc_daily,1036.62618275,BTC,daily,OBM v0.1.0
2021-08-23,obm_miner_revenue_btc_daily,1245.58684909,BTC,daily,OBM v0.1.0
2021-08-24,obm_miner_revenue_btc_daily,977.50327334,BTC,daily,OBM v0.1.0
2021-08-25,obm_miner_revenue_btc_daily,1012.85651722,BTC,daily,OBM v0.1.0
2021-08-26,obm_miner_revenue_btc_daily,924.07534522,BTC,daily,OBM v0.1.0
2021-08-27,obm_miner_revenue_btc_daily,924.41570629,BTC,daily,OBM v0.1.0
2021-08-28,obm_miner_revenue_btc_daily,891.95235591,BTC,daily,OBM v0.1.0
2021-08-29,obm_miner_revenue_btc_daily,983.73895894,BTC,daily,OBM v0.1.0
2021-08-30,obm_miner_revenue_btc_daily,856.28730114,BTC,daily,OBM v0.1.0
2021-08-31,obm_miner_revenue_btc_daily,913.74039187,BTC,daily,OBM v0.1.0
2021-09-01,obm_miner_revenue_btc_daily,873.99185640,BTC,daily,OBM v0.1.0
2021-09-02,obm_miner_revenue_btc_daily,951.22096727,BTC,daily,OBM v0.1.0
2021-09-03,obm_miner_revenue_btc_daily,943.43386973,BTC,daily,OBM v0.1.0
2021-09-04,obm_miner_revenue_btc_daily,980.74431048,BTC,daily,OBM v0.1.0
2021-09-05,obm_miner_revenue_btc_daily,1035.48077135,BTC,daily,OBM v0.1.0
2021-09-06,obm_miner_revenue_btc_daily,1092.20333365,BTC,daily,OBM v0.1.0
2021-09-07,obm_miner_revenue_btc_daily,974.70604694,BTC,daily,OBM v0.1.0
2021-09-08,obm_miner_revenue_btc_daily,902.20722510,BTC,daily,OBM v0.1.0
2021-09-09,obm_miner_revenue_btc_daily,870.37040485,BTC,daily,OBM v0.1.0
2021-09-10,obm_miner_revenue_btc_daily,864.11332747,BTC,daily,OBM v0.1.0
2021-09-11,obm_miner_revenue_btc_daily,935.83663456,BTC,daily,OBM v0.1.0
2021-09-12,obm_miner_revenue_btc_daily,927.31594866,BTC,daily,OBM v0.1.0
2021-09-13,obm_miner_revenue_btc_daily,1009.01903901,BTC,daily,OBM v0.1.0
2021-09-14,obm_miner_revenue_btc_daily,1064.83268393,BTC,daily,OBM v0.1.0
2021-09-15,obm_miner_revenue_btc_daily,904.55868174,BTC,daily,OBM v0.1.0
2021-09-16,obm_miner_revenue_btc_daily,866.78613933,BTC,daily,OBM v0.1.0
2021-09-17,obm_miner_revenue_btc_daily,933.73088386,BTC,daily,OBM v0.1.0
2021-09-18,obm_miner_revenue_btc_daily,980.34331478,BTC,daily,OBM v0.1.0
2021-09-19,obm_miner_revenue_btc_daily,1008.24793646,BTC,daily,OBM v0.1.0
2021-09-20,obm_miner_revenue_btc_daily,1038.88693201,BTC,daily,OBM v0.1.0
2021-09-21,obm_miner_revenue_btc_daily,783.52670143,BTC,daily,OBM v0.1.0
2021-09-22,obm_miner_revenue_btc_daily,851.51797242,BTC,daily,OBM v0.1.0
2021-09-23,obm_miner_revenue_btc_daily,1045.03292053,BTC,daily,OBM v0.1.0
2021-09-24,obm_miner_revenue_btc_daily,941.13218851,BTC,daily,OBM v0.1.0
2021-09-25,obm_miner_revenue_btc_daily,908.54954145,BTC,daily,OBM v0.1.0
2021-09-26,obm_miner_revenue_btc_daily,877.21447735,BTC,daily,OBM v0.1.0
2021-09-27,obm_miner_revenue_btc_daily,981.41384630,BTC,daily,OBM v0.1.0
2021-09-28,obm_miner_revenue_btc_daily,963.65809179,BTC,daily,OBM v0.1.0
2021-09-29,obm_miner_revenue_btc_daily,823.79846913,BTC,daily,OBM v0.1.0
2021-09-30,obm_miner_revenue_btc_daily,1083.52442647,BTC,daily,OBM v0.1.0
2021-10-01,obm_miner_revenue_btc_daily,891.25074991,BTC,daily,OBM v0.1.0
2021-10-02,obm_miner_revenue_btc_daily,1185.92389547,BTC,daily,OBM v0.1.0
2021-10-03,obm_miner_revenue_btc_daily,947.49490094,BTC,daily,OBM v0.1.0
2021-10-04,obm_miner_revenue_btc_daily,988.71933088,BTC,daily,OBM v0.1.0
2021-10-05,obm_miner_revenue_btc_daily,1040.29318480,BTC,daily,OBM v0.1.0
2021-10-06,obm_miner_revenue_btc_daily,836.76872245,BTC,daily,OBM v0.1.0
2021-10-07,obm_miner_revenue_btc_daily,908.19414508,BTC,daily,OBM v0.1.0
2021-10-08,obm_miner_revenue_btc_daily,770.66777196,BTC,daily,OBM v0.1.0
2021-10-09,obm_miner_revenue_btc_daily,952.18665122,BTC,daily,OBM v0.1.0
2021-10-10,obm_miner_revenue_btc_daily,1006.48358015,BTC,daily,OBM v0.1.0
2021-10-11,obm_miner_revenue_btc_daily,933.21044373,BTC,daily,OBM v0.1.0
2021-10-12,obm_miner_revenue_btc_daily,856.58640434,BTC,daily,OBM v0.1.0
2021-10-13,obm_miner_revenue_btc_daily,1073.07798138,BTC,daily,OBM v0.1.0
2021-10-14,obm_miner_revenue_btc_daily,872.53899281,BTC,daily,OBM v0.1.0
2021-10-15,obm_miner_revenue_btc_daily,901.53590568,BTC,daily,OBM v0.1.0
2021-10-16,obm_miner_revenue_btc_daily,846.93890276,BTC,daily,OBM v0.1.0
2021-10-17,obm_miner_revenue_btc_daily,1011.34267792,BTC,daily,OBM v0.1.0
2021-10-18,obm_miner_revenue_btc_daily,940.82936149,BTC,daily,OBM v0.1.0
2021-10-19,obm_miner_revenue_btc_daily,983.75707606,BTC,daily,OBM v0.1.0
2021-10-20,obm_miner_revenue_btc_daily,949.99501966,BTC,daily,OBM v0.1.0
2021-10-21,obm_miner_revenue_btc_daily,945.27685074,BTC,daily,OBM v0.1.0
2021-10-22,obm_miner_revenue_btc_daily,1003.66676262,BTC,daily,OBM v0.1.0
2021-10-23,obm_miner_revenue_btc_daily,917.39498353,BTC,daily,OBM v0.1.0
2021-10-24,obm_miner_revenue_btc_daily,965.23128972,BTC,daily,OBM v0.1.0
2021-10-25,obm_miner_revenue_btc_daily,1151.52343665,BTC,daily,OBM v0.1.0
2021-10-26,obm_miner_revenue_btc_daily,951.22514751,BTC,daily,OBM v0.1.0
2021-10-27,obm_miner_revenue_btc_daily,993.79541851,BTC,daily,OBM v0.1.0
2021-10-28,obm_miner_revenue_btc_daily,969.23178558,BTC,daily,OBM v0.1.0
2021-10-29,obm_miner_revenue_btc_daily,1084.40614451,BTC,daily,OBM v0.1.0
2021-10-30,obm_miner_revenue_btc_daily,979.16767014,BTC,daily,OBM v0.1.0
2021-10-31,obm_miner_revenue_btc_daily,877.74031936,BTC,daily,OBM v0.1.0
2021-11-01,obm_miner_revenue_btc_daily,940.30868889,BTC,daily,OBM v0.1.0
2021-11-02,obm_miner_revenue_btc_daily,1005.00019127,BTC,daily,OBM v0.1.0
2021-11-03,obm_miner_revenue_btc_daily,1022.18237584,BTC,daily,OBM v0.1.0
2021-11-04,obm_miner_revenue_btc_daily,910.13430664,BTC,daily,OBM v0.1.0
2021-11-05,obm_miner_revenue_btc_daily,986.26744891,BTC,daily,OBM v0.1.0
2021-11-06,obm_miner_revenue_btc_daily,973.26522666,BTC,daily,OBM v0.1.0
2021-11-07,obm_miner_revenue_btc_daily,965.88271774,BTC,daily,OBM v0.1.0
2021-11-08,obm_miner_revenue_btc_daily,859.84920783,BTC,daily,OBM v0.1.0
2021-11-09,obm_miner_revenue_btc_daily,973.26600511,BTC,daily,OBM v0.1.0
2021-11-10,obm_miner_revenue_btc_daily,949.66489098,BTC,daily,OBM v0.1.0
2021-11-11,obm_miner_revenue_btc_daily,1003.05562963,BTC,daily,OBM v0.1.0
2021-11-12,obm_miner_revenue_btc_daily,902.38517644,BTC,daily,OBM v0.1.0
2021-11-13,obm_miner_revenue_btc_daily,966.94343882,BTC,daily,OBM v0.1.0
2021-11-14,obm_miner_revenue_btc_daily,989.92145475,BTC,daily,OBM v0.1.0
2021-11-15,obm_miner_revenue_btc_daily,956.41008946,BTC,daily,OBM v0.1.0
2021-11-16,obm_miner_revenue_btc_daily,950.47971574,BTC,daily,OBM v0.1.0
2021-11-17,obm_miner_revenue_btc_daily,944.71472620,BTC,daily,OBM v0.1.0
2021-11-18,obm_miner_revenue_btc_daily,911.76439740,BTC,daily,OBM v0.1.0
2021-11-19,obm_miner_revenue_btc_daily,869.45134335,BTC,daily,OBM v0.1.0
2021-11-20,obm_miner_revenue_btc_daily,919.21530977,BTC,daily,OBM v0.1.0
2021-11-21,obm_miner_revenue_btc_daily,834.23059486,BTC,daily,OBM v0.1.0
2021-11-22,obm_miner_revenue_btc_daily,893.55824165,BTC,daily,OBM v0.1.0
2021-11-23,obm_miner_revenue_btc_daily,837.28852264,BTC,daily,OBM v0.1.0
2021-11-24,obm_miner_revenue_btc_daily,995.26867125,BTC,daily,OBM v0.1.0
2021-11-25,obm_miner_revenue_btc_daily,827.35821293,BTC,daily,OBM v0.1.0
2021-11-26,obm_miner_revenue_btc_daily,839.57347377,BTC,daily,OBM v0.1.0
2021-11-27,obm_miner_revenue_btc_daily,902.19446976,BTC,daily,OBM v0.1.0
2021-11-28,obm_miner_revenue_btc_daily,876.11052107,BTC,daily,OBM v0.1.0
2021-11-29,obm_miner_revenue_btc_daily,904.88359834,BTC,daily,OBM v0.1.0
2021-11-30,obm_miner_revenue_btc_daily,850.13960254,BTC,daily,OBM v0.1.0
2021-12-01,obm_miner_revenue_btc_daily,876.81160479,BTC,daily,OBM v0.1.0
2021-12-02,obm_miner_revenue_btc_daily,987.62918059,BTC,daily,OBM v0.1.0
2021-12-03,obm_miner_revenue_btc_daily,1063.28258262,BTC,daily,OBM v0.1.0
2021-12-04,obm_miner_revenue_btc_daily,986.20400848,BTC,daily,OBM v0.1.0
2021-12-05,obm_miner_revenue_btc_daily,1059.34550986,BTC,daily,OBM v0.1.0
2021-12-06,obm_miner_revenue_btc_daily,1087.98769813,BTC,daily,OBM v0.1.0
2021-12-07,obm_miner_revenue_btc_daily,973.88683329,BTC,daily,OBM v0.1.0
2021-12-08,obm_miner_revenue_btc_daily,1060.34711221,BTC,daily,OBM v0.1.0
2021-12-09,obm_miner_revenue_btc_daily,1030.78940326,BTC,daily,OBM v0.1.0
2021-12-10,obm_miner_revenue_btc_daily,986.58751607,BTC,daily,OBM v0.1.0
2021-12-11,obm_miner_revenue_btc_daily,951.68052829,BTC,daily,OBM v0.1.0
2021-12-12,obm_miner_revenue_btc_daily,881.54018765,BTC,daily,OBM v0.1.0
2021-12-13,obm_miner_revenue_btc_daily,894.18733248,BTC,daily,OBM v0.1.0
2021-12-14,obm_miner_revenue_btc_daily,936.71214792,BTC,daily,OBM v0.1.0
2021-12-15,obm_miner_revenue_btc_daily,892.87215151,BTC,daily,OBM v0.1.0
2021-12-16,obm_miner_revenue_btc_daily,729.22070691,BTC,daily,OBM v0.1.0
2021-12-17,obm_miner_revenue_btc_daily,944.24668263,BTC,daily,OBM v0.1.0
2021-12-18,obm_miner_revenue_btc_daily,808.78718027,BTC,daily,OBM v0.1.0
2021-12-19,obm_miner_revenue_btc_daily,938.23352275,BTC,daily,OBM v0.1.0
2021-12-20,obm_miner_revenue_btc_daily,910.99737319,BTC,daily,OBM v0.1.0
2021-12-21,obm_miner_revenue_btc_daily,1018.14622366,BTC,daily,OBM v0.1.0
2021-12-22,obm_miner_revenue_btc_daily,935.85075693,BTC,daily,OBM v0.1.0
2021-12-23,obm_miner_revenue_btc_daily,960.97831577,BTC,daily,OBM v0.1.0
2021-12-24,obm_miner_revenue_btc_daily,955.81790599,BTC,daily,OBM v0.1.0
2021-12-25,obm_miner_revenue_btc_daily,927.07231002,BTC,daily,OBM v0.1.0
2021-12-26,obm_miner_revenue_btc_daily,845.25341049,BTC,daily,OBM v0.1.0
2021-12-27,obm_miner_revenue_btc_daily,938.15912641,BTC,daily,OBM v0.1.0
2021-12-28,obm_miner_revenue_btc_daily,855.36068218,BTC,daily,OBM v0.1.0
2021-12-29,obm_miner_revenue_btc_daily,922.65915858,BTC,daily,OBM v0.1.0
2021-12-30,obm_miner_revenue_btc_daily,761.40403926,BTC,daily,OBM v0.1.0
2021-12-31,obm_miner_revenue_btc_daily,949.32228243,BTC,daily,OBM v0.1.0
2022-01-01,obm_miner_revenue_btc_daily,1084.31325086,BTC,daily,OBM v0.1.0
2022-01-02,obm_miner_revenue_btc_daily,996.75751769,BTC,daily,OBM v0.1.0
2022-01-03,obm_miner_revenue_btc_daily,886.58893996,BTC,daily,OBM v0.1.0
2022-01-04,obm_miner_revenue_btc_daily,932.03402000,BTC,daily,OBM v0.1.0
2022-01-05,obm_miner_revenue_btc_daily,953.33972727,BTC,daily,OBM v0.1.0
2022-01-06,obm_miner_revenue_btc_daily,927.73440191,BTC,daily,OBM v0.1.0
2022-01-07,obm_miner_revenue_btc_daily,889.30294969,BTC,daily,OBM v0.1.0
2022-01-08,obm_miner_revenue_btc_daily,909.69417938,BTC,daily,OBM v0.1.0
2022-01-09,obm_miner_revenue_btc_daily,889.11552615,BTC,daily,OBM v0.1.0
2022-01-10,obm_miner_revenue_btc_daily,898.95594577,BTC,daily,OBM v0.1.0
2022-01-11,obm_miner_revenue_btc_daily,999.21013853,BTC,daily,OBM v0.1.0
2022-01-12,obm_miner_revenue_btc_daily,880.41043324,BTC,daily,OBM v0.1.0
2022-01-13,obm_miner_revenue_btc_daily,1129.18758314,BTC,daily,OBM v0.1.0
2022-01-14,obm_miner_revenue_btc_daily,1003.41920485,BTC,daily,OBM v0.1.0
2022-01-15,obm_miner_revenue_btc_daily,1044.92847263,BTC,daily,OBM v0.1.0
2022-01-16,obm_miner_revenue_btc_daily,1100.11674077,BTC,daily,OBM v0.1.0
2022-01-17,obm_miner_revenue_btc_daily,1015.33946149,BTC,daily,OBM v0.1.0
2022-01-18,obm_miner_revenue_btc_daily,859.47611286,BTC,daily,OBM v0.1.0
2022-01-19,obm_miner_revenue_btc_daily,1089.91004883,BTC,daily,OBM v0.1.0
2022-01-20,obm_miner_revenue_btc_daily,1066.19362513,BTC,daily,OBM v0.1.0
2022-01-21,obm_miner_revenue_btc_daily,849.64652139,BTC,daily,OBM v0.1.0
2022-01-22,obm_miner_revenue_btc_daily,848.64446627,BTC,daily,OBM v0.1.0
2022-01-23,obm_miner_revenue_btc_daily,888.93463059,BTC,daily,OBM v0.1.0
2022-01-24,obm_miner_revenue_btc_daily,949.13754455,BTC,daily,OBM v0.1.0
2022-01-25,obm_miner_revenue_btc_daily,960.85228724,BTC,daily,OBM v0.1.0
2022-01-26,obm_miner_revenue_btc_daily,824.48924573,BTC,daily,OBM v0.1.0
2022-01-27,obm_miner_revenue_btc_daily,830.40036764,BTC,daily,OBM v0.1.0
2022-01-28,obm_miner_revenue_btc_daily,975.03358866,BTC,daily,OBM v0.1.0
2022-01-29,obm_miner_revenue_btc_daily,943.58101627,BTC,daily,OBM v0.1.0
2022-01-30,obm_miner_revenue_btc_daily,923.05100293,BTC,daily,OBM v0.1.0
2022-01-31,obm_miner_revenue_btc_daily,906.77331697,BTC,daily,OBM v0.1.0
2022-02-01,obm_miner_revenue_btc_daily,977.20529808,BTC,daily,OBM v0.1.0
2022-02-02,obm_miner_revenue_btc_daily,968.52710050,BTC,daily,OBM v0.1.0
2022-02-03,obm_miner_revenue_btc_daily,929.36692952,BTC,daily,OBM v0.1.0
2022-02-04,obm_miner_revenue_btc_daily,826.45667952,BTC,daily,OBM v0.1.0
2022-02-05,obm_miner_revenue_btc_daily,757.87773856,BTC,daily,OBM v0.1.0
2022-02-06,obm_miner_revenue_btc_daily,985.26759842,BTC,daily,OBM v0.1.0
2022-02-07,obm_miner_revenue_btc_daily,864.54581893,BTC,daily,OBM v0.1.0
2022-02-08,obm_miner_revenue_btc_daily,977.00301713,BTC,daily,OBM v0.1.0
2022-02-09,obm_miner_revenue_btc_daily,889.57878275,BTC,daily,OBM v0.1.0
2022-02-10,obm_miner_revenue_btc_daily,938.33059812,BTC,daily,OBM v0.1.0
2022-02-11,obm_miner_revenue_btc_daily,904.24292024,BTC,daily,OBM v0.1.0
2022-02-12,obm_miner_revenue_btc_daily,1181.12731195,BTC,daily,OBM v0.1.0
2022-02-13,obm_miner_revenue_btc_daily,996.20764340,BTC,daily,OBM v0.1.0
2022-02-14,obm_miner_revenue_btc_daily,967.41108503,BTC,daily,OBM v0.1.0
2022-02-15,obm_miner_revenue_btc_daily,1106.22970742,BTC,daily,OBM v0.1.0
2022-02-16,obm_miner_revenue_btc_daily,985.08718334,BTC,daily,OBM v0.1.0
2022-02-17,obm_miner_revenue_btc_daily,991.16791024,BTC,daily,OBM v0.1.0
2022-02-18,obm_miner_revenue_btc_daily,846.91369389,BTC,daily,OBM v0.1.0
2022-02-19,obm_miner_revenue_btc_daily,938.12295332,BTC,daily,OBM v0.1.0
2022-02-20,obm_miner_revenue_btc_daily,905.72791661,BTC,daily,OBM v0.1.0
2022-02-21,obm_miner_revenue_btc_daily,778.30541766,BTC,daily,OBM v0.1.0
2022-02-22,obm_miner_revenue_btc_daily,959.15250350,BTC,daily,OBM v0.1.0
2022-02-23,obm_miner_revenue_btc_daily,945.56713107,BTC,daily,OBM v0.1.0
2022-02-24,obm_miner_revenue_btc_daily,835.24872082,BTC,daily,OBM v0.1.0
2022-02-25,obm_miner_revenue_btc_daily,849.00066554,BTC,daily,OBM v0.1.0
2022-02-26,obm_miner_revenue_btc_daily,787.98553405,BTC,daily,OBM v0.1.0
2022-02-27,obm_miner_revenue_btc_daily,856.94100880,BTC,daily,OBM v0.1.0
2022-02-28,obm_miner_revenue_btc_daily,971.84059643,BTC,daily,OBM v0.1.0
2022-03-01,obm_miner_revenue_btc_daily,1031.93038347,BTC,daily,OBM v0.1.0
2022-03-02,obm_miner_revenue_btc_daily,879.26598148,BTC,daily,OBM v0.1.0
2022-03-03,obm_miner_revenue_btc_daily,945.29021530,BTC,daily,OBM v0.1.0
2022-03-04,obm_miner_revenue_btc_daily,884.07201052,BTC,daily,OBM v0.1.0
2022-03-05,obm_miner_revenue_btc_daily,780.01066449,BTC,daily,OBM v0.1.0
2022-03-06,obm_miner_revenue_btc_daily,828.20711786,BTC,daily,OBM v0.1.0
2022-03-07,obm_miner_revenue_btc_daily,936.28076247,BTC,daily,OBM v0.1.0
2022-03-08,obm_miner_revenue_btc_daily,935.58415698,BTC,daily,OBM v0.1.0
2022-03-09,obm_miner_revenue_btc_daily,873.76129910,BTC,daily,OBM v0.1.0
2022-03-10,obm_miner_revenue_btc_daily,917.89946679,BTC,daily,OBM v0.1.0
2022-03-11,obm_miner_revenue_btc_daily,873.53205050,BTC,daily,OBM v0.1.0
2022-03-12,obm_miner_revenue_btc_daily,982.88415266,BTC,daily,OBM v0.1.0
2022-03-13,obm_miner_revenue_btc_daily,950.52185090,BTC,daily,OBM v0.1.0
2022-03-14,obm_miner_revenue_btc_daily,966.56167024,BTC,daily,OBM v0.1.0
2022-03-15,obm_miner_revenue_btc_daily,878.56626980,BTC,daily,OBM v0.1.0
2022-03-16,obm_miner_revenue_btc_daily,978.97509539,BTC,daily,OBM v0.1.0
2022-03-17,obm_miner_revenue_btc_daily,1004.25890659,BTC,daily,OBM v0.1.0
2022-03-18,obm_miner_revenue_btc_daily,904.34488402,BTC,daily,OBM v0.1.0
2022-03-19,obm_miner_revenue_btc_daily,976.79584387,BTC,daily,OBM v0.1.0
2022-03-20,obm_miner_revenue_btc_daily,968.95894380,BTC,daily,OBM v0.1.0
2022-03-21,obm_miner_revenue_btc_daily,965.74009238,BTC,daily,OBM v0.1.0
2022-03-22,obm_miner_revenue_btc_daily,942.05744810,BTC,daily,OBM v0.1.0
2022-03-23,obm_miner_revenue_btc_daily,917.07688439,BTC,daily,OBM v0.1.0
2022-03-24,obm_miner_revenue_btc_daily,905.12578427,BTC,daily,OBM v0.1.0
2022-03-25,obm_miner_revenue_btc_daily,987.90883544,BTC,daily,OBM v0.1.0
2022-03-26,obm_miner_revenue_btc_daily,1014.43559820,BTC,daily,OBM v0.1.0
2022-03-27,obm_miner_revenue_btc_daily,826.22699297,BTC,daily,OBM v0.1.0
2022-03-28,obm_miner_revenue_btc_daily,1004.56516812,BTC,daily,OBM v0.1.0
2022-03-29,obm_miner_revenue_btc_daily,953.70933900,BTC,daily,OBM v0.1.0
2022-03-30,obm_miner_revenue_btc_daily,854.92271408,BTC,daily,OBM v0.1.0
2022-03-31,obm_miner_revenue_btc_daily,879.09895385,BTC,daily,OBM v0.1.0
2022-04-01,obm_miner_revenue_btc_daily,900.87864741,BTC,daily,OBM v0.1.0
2022-04-02,obm_miner_revenue_btc_daily,856.69782855,BTC,daily,OBM v0.1.0
2022-04-03,obm_miner_revenue_btc_daily,879.18589597,BTC,daily,OBM v0.1.0
2022-04-04,obm_miner_revenue_btc_daily,1000.05104004,BTC,daily,OBM v0.1.0
2022-04-05,obm_miner_revenue_btc_daily,917.13124183,BTC,daily,OBM v0.1.0
2022-04-06,obm_miner_revenue_btc_daily,947.79086559,BTC,daily,OBM v0.1.0
2022-04-07,obm_miner_revenue_btc_daily,872.53968135,BTC,daily,OBM v0.1.0
2022-04-08,obm_miner_revenue_btc_daily,848.97128685,BTC,daily,OBM v0.1.0
2022-04-09,obm_miner_revenue_btc_daily,964.40046870,BTC,daily,OBM v0.1.0
2022-04-10,obm_miner_revenue_btc_daily,881.82969558,BTC,daily,OBM v0.1.0
2022-04-11,obm_miner_revenue_btc_daily,866.75728069,BTC,daily,OBM v0.1.0
2022-04-12,obm_miner_revenue_btc_daily,966.96457582,BTC,daily,OBM v0.1.0
2022-04-13,obm_miner_revenue_btc_daily,886.86276116,BTC,daily,OBM v0.1.0
2022-04-14,obm_miner_revenue_btc_daily,873.56124096,BTC,daily,OBM v0.1.0
2022-04-15,obm_miner_revenue_btc_daily,996.36315487,BTC,daily,OBM v0.1.0
2022-04-16,obm_miner_revenue_btc_daily,843.92693665,BTC,daily,OBM v0.1.0
2022-04-17,obm_miner_revenue_btc_daily,1036.59164712,BTC,daily,OBM v0.1.0
2022-04-18,obm_miner_revenue_btc_daily,846.01632094,BTC,daily,OBM v0.1.0
2022-04-19,obm_miner_revenue_btc_daily,784.36977033,BTC,daily,OBM v0.1.0
2022-04-20,obm_miner_revenue_btc_daily,1008.89620913,BTC,daily,OBM v0.1.0
2022-04-21,obm_miner_revenue_btc_daily,1067.12259159,BTC,daily,OBM v0.1.0
2022-04-22,obm_miner_revenue_btc_daily,854.71864828,BTC,daily,OBM v0.1.0
2022-04-23,obm_miner_revenue_btc_daily,1026.95315897,BTC,daily,OBM v0.1.0
2022-04-24,obm_miner_revenue_btc_daily,1075.47174897,BTC,daily,OBM v0.1.0
2022-04-25,obm_miner_revenue_btc_daily,1025.31894807,BTC,daily,OBM v0.1.0
2022-04-26,obm_miner_revenue_btc_daily,886.30777776,BTC,daily,OBM v0.1.0
2022-04-27,obm_miner_revenue_btc_daily,1073.66491931,BTC,daily,OBM v0.1.0
2022-04-28,obm_miner_revenue_btc_daily,836.27300063,BTC,daily,OBM v0.1.0
2022-04-29,obm_miner_revenue_btc_daily,951.12522412,BTC,daily,OBM v0.1.0
2022-04-30,obm_miner_revenue_btc_daily,947.96162643,BTC,daily,OBM v0.1.0
2022-05-01,obm_miner_revenue_btc_daily,1051.56516491,BTC,daily,OBM v0.1.0
2022-05-02,obm_miner_revenue_btc_daily,1010.65002511,BTC,daily,OBM v0.1.0
2022-05-03,obm_miner_revenue_btc_daily,947.16581245,BTC,daily,OBM v0.1.0
2022-05-04,obm_miner_revenue_btc_daily,925.11590688,BTC,daily,OBM v0.1.0
2022-05-05,obm_miner_revenue_btc_daily,1003.59075054,BTC,daily,OBM v0.1.0
2022-05-06,obm_miner_revenue_btc_daily,904.46160697,BTC,daily,OBM v0.1.0
2022-05-07,obm_miner_revenue_btc_daily,907.53126822,BTC,daily,OBM v0.1.0
2022-05-08,obm_miner_revenue_btc_daily,980.98953757,BTC,daily,OBM v0.1.0
2022-05-09,obm_miner_revenue_btc_daily,988.53760376,BTC,daily,OBM v0.1.0
2022-05-10,obm_miner_revenue_btc_daily,973.69095646,BTC,daily,OBM v0.1.0
2022-05-11,obm_miner_revenue_btc_daily,927.86481428,BTC,daily,OBM v0.1.0
2022-05-12,obm_miner_revenue_btc_daily,873.40948913,BTC,daily,OBM v0.1.0
2022-05-13,obm_miner_revenue_btc_daily,981.53911849,BTC,daily,OBM v0.1.0
2022-05-14,obm_miner_revenue_btc_daily,906.84953044,BTC,daily,OBM v0.1.0
2022-05-15,obm_miner_revenue_btc_daily,778.78600921,BTC,daily,OBM v0.1.0
2022-05-16,obm_miner_revenue_btc_daily,1046.01381275,BTC,daily,OBM v0.1.0
2022-05-17,obm_miner_revenue_btc_daily,937.66124613,BTC,daily,OBM v0.1.0
2022-05-18,obm_miner_revenue_btc_daily,854.03944369,BTC,daily,OBM v0.1.0
2022-05-19,obm_miner_revenue_btc_daily,779.58973074,BTC,daily,OBM v0.1.0
2022-05-20,obm_miner_revenue_btc_daily,817.10025308,BTC,daily,OBM v0.1.0
2022-05-21,obm_miner_revenue_btc_daily,855.78080426,BTC,daily,OBM v0.1.0
2022-05-22,obm_miner_revenue_btc_daily,774.14710381,BTC,daily,OBM v0.1.0
2022-05-23,obm_miner_revenue_btc_daily,1015.82669136,BTC,daily,OBM v0.1.0
2022-05-24,obm_miner_revenue_btc_daily,766.17041235,BTC,daily,OBM v0.1.0
2022-05-25,obm_miner_revenue_btc_daily,919.46775854,BTC,daily,OBM v0.1.0
2022-05-26,obm_miner_revenue_btc_daily,898.87638697,BTC,daily,OBM v0.1.0
2022-05-27,obm_miner_revenue_btc_daily,879.95431314,BTC,daily,OBM v0.1.0
2022-05-28,obm_miner_revenue_btc_daily,936.82050079,BTC,daily,OBM v0.1.0
2022-05-29,obm_miner_revenue_btc_daily,941.21276556,BTC,daily,OBM v0.1.0
2022-05-30,obm_miner_revenue_btc_daily,975.83812083,BTC,daily,OBM v0.1.0
2022-05-31,obm_miner_revenue_btc_daily,926.20403504,BTC,daily,OBM v0.1.0
2022-06-01,obm_miner_revenue_btc_daily,868.81294327,BTC,daily,OBM v0.1.0
2022-06-02,obm_miner_revenue_btc_daily,800.77585209,BTC,daily,OBM v0.1.0
2022-06-03,obm_miner_revenue_btc_daily,911.84326267,BTC,daily,OBM v0.1.0
2022-06-04,obm_miner_revenue_btc_daily,881.32506030,BTC,daily,OBM v0.1.0
2022-06-05,obm_miner_revenue_btc_daily,921.95251397,BTC,daily,OBM v0.1.0
2022-06-06,obm_miner_revenue_btc_daily,950.20170594,BTC,daily,OBM v0.1.0
2022-06-07,obm_miner_revenue_btc_daily,1024.28082081,BTC,daily,OBM v0.1.0
2022-06-08,obm_miner_revenue_btc_daily,1123.32665856,BTC,daily,OBM v0.1.0
2022-06-09,obm_miner_revenue_btc_daily,922.57228605,BTC,daily,OBM v0.1.0
2022-06-10,obm_miner_revenue_btc_daily,932.32126830,BTC,daily,OBM v0.1.0
2022-06-11,obm_miner_revenue_btc_daily,973.77989340,BTC,daily,OBM v0.1.0
2022-06-12,obm_miner_revenue_btc_daily,803.45808071,BTC,daily,OBM v0.1.0
2022-06-13,obm_miner_revenue_btc_daily,859.39786917,BTC,daily,OBM v0.1.0
2022-06-14,obm_miner_revenue_btc_daily,938.59214359,BTC,daily,OBM v0.1.0
2022-06-15,obm_miner_revenue_btc_daily,1057.01594979,BTC,daily,OBM v0.1.0
2022-06-16,obm_miner_revenue_btc_daily,767.11316242,BTC,daily,OBM v0.1.0
2022-06-17,obm_miner_revenue_btc_daily,696.80982509,BTC,daily,OBM v0.1.0
2022-06-18,obm_miner_revenue_btc_daily,995.93640460,BTC,daily,OBM v0.1.0
2022-06-19,obm_miner_revenue_btc_daily,844.11799682,BTC,daily,OBM v0.1.0
2022-06-20,obm_miner_revenue_btc_daily,840.15949444,BTC,daily,OBM v0.1.0
2022-06-21,obm_miner_revenue_btc_daily,953.81117056,BTC,daily,OBM v0.1.0
2022-06-22,obm_miner_revenue_btc_daily,823.20518418,BTC,daily,OBM v0.1.0
2022-06-23,obm_miner_revenue_btc_daily,964.80652653,BTC,daily,OBM v0.1.0
2022-06-24,obm_miner_revenue_btc_daily,822.41066344,BTC,daily,OBM v0.1.0
2022-06-25,obm_miner_revenue_btc_daily,957.13352602,BTC,daily,OBM v0.1.0
2022-06-26,obm_miner_revenue_btc_daily,875.23963608,BTC,daily,OBM v0.1.0
2022-06-27,obm_miner_revenue_btc_daily,864.38984270,BTC,daily,OBM v0.1.0
2022-06-28,obm_miner_revenue_btc_daily,926.59781426,BTC,daily,OBM v0.1.0
2022-06-29,obm_miner_revenue_btc_daily,957.22455851,BTC,daily,OBM v0.1.0
2022-06-30,obm_miner_revenue_btc_daily,1085.31350657,BTC,daily,OBM v0.1.0
2022-07-01,obm_miner_revenue_btc_daily,855.59922210,BTC,daily,OBM v0.1.0
2022-07-02,obm_miner_revenue_btc_daily,875.79966070,BTC,daily,OBM v0.1.0
2022-07-03,obm_miner_revenue_btc_daily,978.74936567,BTC,daily,OBM v0.1.0
2022-07-04,obm_miner_revenue_btc_daily,907.31007378,BTC,daily,OBM v0.1.0
2022-07-05,obm_miner_revenue_btc_daily,757.22953031,BTC,daily,OBM v0.1.0
2022-07-06,obm_miner_revenue_btc_daily,818.23460199,BTC,daily,OBM v0.1.0
2022-07-07,obm_miner_revenue_btc_daily,1005.63431145,BTC,daily,OBM v0.1.0
2022-07-08,obm_miner_revenue_btc_daily,947.85529049,BTC,daily,OBM v0.1.0
2022-07-09,obm_miner_revenue_btc_daily,853.33191926,BTC,daily,OBM v0.1.0
2022-07-10,obm_miner_revenue_btc_daily,968.98542589,BTC,daily,OBM v0.1.0
2022-07-11,obm_miner_revenue_btc_daily,784.09811638,BTC,daily,OBM v0.1.0
2022-07-12,obm_miner_revenue_btc_daily,961.11191260,BTC,daily,OBM v0.1.0
2022-07-13,obm_miner_revenue_btc_daily,710.52288103,BTC,daily,OBM v0.1.0
2022-07-14,obm_miner_revenue_btc_daily,806.51426618,BTC,daily,OBM v0.1.0
2022-07-15,obm_miner_revenue_btc_daily,913.56409388,BTC,daily,OBM v0.1.0
2022-07-16,obm_miner_revenue_btc_daily,943.27777279,BTC,daily,OBM v0.1.0
2022-07-17,obm_miner_revenue_btc_daily,790.80146251,BTC,daily,OBM v0.1.0
2022-07-18,obm_miner_revenue_btc_daily,841.06100066,BTC,daily,OBM v0.1.0
2022-07-19,obm_miner_revenue_btc_daily,889.18435478,BTC,daily,OBM v0.1.0
2022-07-20,obm_miner_revenue_btc_daily,813.14368542,BTC,daily,OBM v0.1.0
2022-07-21,obm_miner_revenue_btc_daily,892.94123477,BTC,daily,OBM v0.1.0
2022-07-22,obm_miner_revenue_btc_daily,846.74658299,BTC,daily,OBM v0.1.0
2022-07-23,obm_miner_revenue_btc_daily,975.95046503,BTC,daily,OBM v0.1.0
2022-07-24,obm_miner_revenue_btc_daily,991.92789970,BTC,daily,OBM v0.1.0
2022-07-25,obm_miner_revenue_btc_daily,900.15978469,BTC,daily,OBM v0.1.0
2022-07-26,obm_miner_revenue_btc_daily,1014.56357274,BTC,daily,OBM v0.1.0
2022-07-27,obm_miner_revenue_btc_daily,1043.39846598,BTC,daily,OBM v0.1.0
2022-07-28,obm_miner_revenue_btc_daily,897.39132660,BTC,daily,OBM v0.1.0
2022-07-29,obm_miner_revenue_btc_daily,927.66929116,BTC,daily,OBM v0.1.0
2022-07-30,obm_miner_revenue_btc_daily,818.72825244,BTC,daily,OBM v0.1.0
2022-07-31,obm_miner_revenue_btc_daily,960.94648286,BTC,daily,OBM v0.1.0
2022-08-01,obm_miner_revenue_btc_daily,864.45053410,BTC,daily,OBM v0.1.0
2022-08-02,obm_miner_revenue_btc_daily,983.92426654,BTC,daily,OBM v0.1.0
2022-08-03,obm_miner_revenue_btc_daily,921.82657240,BTC,daily,OBM v0.1.0
2022-08-04,obm_miner_revenue_btc_daily,842.56912810,BTC,daily,OBM v0.1.0
2022-08-05,obm_miner_revenue_btc_daily,957.09420281,BTC,daily,OBM v0.1.0
2022-08-06,obm_miner_revenue_btc_daily,1019.80094461,BTC,daily,OBM v0.1.0
2022-08-07,obm_miner_revenue_btc_daily,1004.85338831,BTC,daily,OBM v0.1.0
2022-08-08,obm_miner_revenue_btc_daily,915.52283025,BTC,daily,OBM v0.1.0
2022-08-09,obm_miner_revenue_btc_daily,916.69095828,BTC,daily,OBM v0.1.0
2022-08-10,obm_miner_revenue_btc_daily,944.06488680,BTC,daily,OBM v0.1.0
2022-08-11,obm_miner_revenue_btc_daily,893.64861835,BTC,daily,OBM v0.1.0
2022-08-12,obm_miner_revenue_btc_daily,979.78708185,BTC,daily,OBM v0.1.0
2022-08-13,obm_miner_revenue_btc_daily,880.31989908,BTC,daily,OBM v0.1.0
2022-08-14,obm_miner_revenue_btc_daily,839.19014524,BTC,daily,OBM v0.1.0
2022-08-15,obm_miner_revenue_btc_daily,916.76678319,BTC,daily,OBM v0.1.0
2022-08-16,obm_miner_revenue_btc_daily,936.79398505,BTC,daily,OBM v0.1.0
2022-08-17,obm_miner_revenue_btc_daily,821.43171897,BTC,daily,OBM v0.1.0
2022-08-18,obm_miner_revenue_btc_daily,914.94510296,BTC,daily,OBM v0.1.0
2022-08-19,obm_miner_revenue_btc_daily,1126.32902905,BTC,daily,OBM v0.1.0
2022-08-20,obm_miner_revenue_btc_daily,940.29033101,BTC,daily,OBM v0.1.0
2022-08-21,obm_miner_revenue_btc_daily,920.42260787,BTC,daily,OBM v0.1.0
2022-08-22,obm_miner_revenue_btc_daily,916.79810588,BTC,daily,OBM v0.1.0
2022-08-23,obm_miner_revenue_btc_daily,1086.49008657,BTC,daily,OBM v0.1.0
2022-08-24,obm_miner_revenue_btc_daily,922.27941554,BTC,daily,OBM v0.1.0
2022-08-25,obm_miner_revenue_btc_daily,1004.64698816,BTC,daily,OBM v0.1.0
2022-08-26,obm_miner_revenue_btc_daily,1111.31677690,BTC,daily,OBM v0.1.0
2022-08-27,obm_miner_revenue_btc_daily,915.03608298,BTC,daily,OBM v0.1.0
2022-08-28,obm_miner_revenue_btc_daily,1013.74543041,BTC,daily,OBM v0.1.0
2022-08-29,obm_miner_revenue_btc_daily,992.25825766,BTC,daily,OBM v0.1.0
2022-08-30,obm_miner_revenue_btc_daily,1024.60050823,BTC,daily,OBM v0.1.0
2022-08-31,obm_miner_revenue_btc_daily,925.55603690,BTC,daily,OBM v0.1.0
2022-09-01,obm_miner_revenue_btc_daily,877.21813337,BTC,daily,OBM v0.1.0
2022-09-02,obm_miner_revenue_btc_daily,824.52700629,BTC,daily,OBM v0.1.0
2022-09-03,obm_miner_revenue_btc_daily,933.26786634,BTC,daily,OBM v0.1.0
2022-09-04,obm_miner_revenue_btc_daily,1060.46858017,BTC,daily,OBM v0.1.0
2022-09-05,obm_miner_revenue_btc_daily,970.30168260,BTC,daily,OBM v0.1.0
2022-09-06,obm_miner_revenue_btc_daily,902.79135514,BTC,daily,OBM v0.1.0
2022-09-07,obm_miner_revenue_btc_daily,927.27983310,BTC,daily,OBM v0.1.0
2022-09-08,obm_miner_revenue_btc_daily,809.13884148,BTC,daily,OBM v0.1.0
2022-09-09,obm_miner_revenue_btc_daily,936.26821764,BTC,daily,OBM v0.1.0
2022-09-10,obm_miner_revenue_btc_daily,993.66473712,BTC,daily,OBM v0.1.0
2022-09-11,obm_miner_revenue_btc_daily,1153.96886839,BTC,daily,OBM v0.1.0
2022-09-12,obm_miner_revenue_btc_daily,969.22488112,BTC,daily,OBM v0.1.0
2022-09-13,obm_miner_revenue_btc_daily,871.81089316,BTC,daily,OBM v0.1.0
2022-09-14,obm_miner_revenue_btc_daily,810.86920789,BTC,daily,OBM v0.1.0
2022-09-15,obm_miner_revenue_btc_daily,936.05599694,BTC,daily,OBM v0.1.0
2022-09-16,obm_miner_revenue_btc_daily,819.07428195,BTC,daily,OBM v0.1.0
2022-09-17,obm_miner_revenue_btc_daily,1079.34695896,BTC,daily,OBM v0.1.0
2022-09-18,obm_miner_revenue_btc_daily,974.67617155,BTC,daily,OBM v0.1.0
2022-09-19,obm_miner_revenue_btc_daily,825.61511233,BTC,daily,OBM v0.1.0
2022-09-20,obm_miner_revenue_btc_daily,964.74080466,BTC,daily,OBM v0.1.0
2022-09-21,obm_miner_revenue_btc_daily,895.25719043,BTC,daily,OBM v0.1.0
2022-09-22,obm_miner_revenue_btc_daily,812.92184956,BTC,daily,OBM v0.1.0
2022-09-23,obm_miner_revenue_btc_daily,859.51017685,BTC,daily,OBM v0.1.0
2022-09-24,obm_miner_revenue_btc_daily,923.70801603,BTC,daily,OBM v0.1.0
2022-09-25,obm_miner_revenue_btc_daily,929.26389711,BTC,daily,OBM v0.1.0
2022-09-26,obm_miner_revenue_btc_daily,951.96544565,BTC,daily,OBM v0.1.0
2022-09-27,obm_miner_revenue_btc_daily,823.03181016,BTC,daily,OBM v0.1.0
2022-09-28,obm_miner_revenue_btc_daily,951.53427438,BTC,daily,OBM v0.1.0
2022-09-29,obm_miner_revenue_btc_daily,908.62638000,BTC,daily,OBM v0.1.0
2022-09-30,obm_miner_revenue_btc_daily,1072.83364820,BTC,daily,OBM v0.1.0
2022-10-01,obm_miner_revenue_btc_daily,1143.56237759,BTC,daily,OBM v0.1.0
2022-10-02,obm_miner_revenue_btc_daily,990.28176880,BTC,daily,OBM v0.1.0
2022-10-03,obm_miner_revenue_btc_daily,973.98000760,BTC,daily,OBM v0.1.0
2022-10-04,obm_miner_revenue_btc_daily,1029.00446529,BTC,daily,OBM v0.1.0
2022-10-05,obm_miner_revenue_btc_daily,1102.95977478,BTC,daily,OBM v0.1.0
2022-10-06,obm_miner_revenue_btc_daily,1003.92577684,BTC,daily,OBM v0.1.0
2022-10-07,obm_miner_revenue_btc_daily,1079.33953780,BTC,daily,OBM v0.1.0
2022-10-08,obm_miner_revenue_btc_daily,1100.43058720,BTC,daily,OBM v0.1.0
2022-10-09,obm_miner_revenue_btc_daily,993.43241182,BTC,daily,OBM v0.1.0
2022-10-10,obm_miner_revenue_btc_daily,1058.09436855,BTC,daily,OBM v0.1.0
2022-10-11,obm_miner_revenue_btc_daily,990.09353889,BTC,daily,OBM v0.1.0
2022-10-12,obm_miner_revenue_btc_daily,865.68038791,BTC,daily,OBM v0.1.0
2022-10-13,obm_miner_revenue_btc_daily,908.54109384,BTC,daily,OBM v0.1.0
2022-10-14,obm_miner_revenue_btc_daily,989.97267984,BTC,daily,OBM v0.1.0
2022-10-15,obm_miner_revenue_btc_daily,959.29797297,BTC,daily,OBM v0.1.0
2022-10-16,obm_miner_revenue_btc_daily,908.21248342,BTC,daily,OBM v0.1.0
2022-10-17,obm_miner_revenue_btc_daily,950.54780993,BTC,daily,OBM v0.1.0
2022-10-18,obm_miner_revenue_btc_daily,904.22190050,BTC,daily,OBM v0.1.0
2022-10-19,obm_miner_revenue_btc_daily,960.47997962,BTC,daily,OBM v0.1.0
2022-10-20,obm_miner_revenue_btc_daily,919.03290664,BTC,daily,OBM v0.1.0
2022-10-21,obm_miner_revenue_btc_daily,986.79392226,BTC,daily,OBM v0.1.0
2022-10-22,obm_miner_revenue_btc_daily,859.27567206,BTC,daily,OBM v0.1.0
2022-10-23,obm_miner_revenue_btc_daily,976.50534212,BTC,daily,OBM v0.1.0
2022-10-24,obm_miner_revenue_btc_daily,861.95198458,BTC,daily,OBM v0.1.0
2022-10-25,obm_miner_revenue_btc_daily,779.29880511,BTC,daily,OBM v0.1.0
2022-10-26,obm_miner_revenue_btc_daily,992.29978160,BTC,daily,OBM v0.1.0
2022-10-27,obm_miner_revenue_btc_daily,861.10952790,BTC,daily,OBM v0.1.0
2022-10-28,obm_miner_revenue_btc_daily,1012.47427351,BTC,daily,OBM v0.1.0
2022-10-29,obm_miner_revenue_btc_daily,908.41516375,BTC,daily,OBM v0.1.0
2022-10-30,obm_miner_revenue_btc_daily,856.48430529,BTC,daily,OBM v0.1.0
2022-10-31,obm_miner_revenue_btc_daily,1096.65854664,BTC,daily,OBM v0.1.0
2022-11-01,obm_miner_revenue_btc_daily,914.95182598,BTC,daily,OBM v0.1.0
2022-11-02,obm_miner_revenue_btc_daily,779.22286641,BTC,daily,OBM v0.1.0
2022-11-03,obm_miner_revenue_btc_daily,1043.92082781,BTC,daily,OBM v0.1.0
2022-11-04,obm_miner_revenue_btc_daily,825.90744896,BTC,daily,OBM v0.1.0
2022-11-05,obm_miner_revenue_btc_daily,959.76921819,BTC,daily,OBM v0.1.0
2022-11-06,obm_miner_revenue_btc_daily,870.01316876,BTC,daily,OBM v0.1.0
2022-11-07,obm_miner_revenue_btc_daily,915.88830767,BTC,daily,OBM v0.1.0
2022-11-08,obm_miner_revenue_btc_daily,1040.62851674,BTC,daily,OBM v0.1.0
2022-11-09,obm_miner_revenue_btc_daily,956.21378276,BTC,daily,OBM v0.1.0
2022-11-10,obm_miner_revenue_btc_daily,943.08780156,BTC,daily,OBM v0.1.0
2022-11-11,obm_miner_revenue_btc_daily,859.43111017,BTC,daily,OBM v0.1.0
2022-11-12,obm_miner_revenue_btc_daily,1059.93220149,BTC,daily,OBM v0.1.0
2022-11-13,obm_miner_revenue_btc_daily,822.61878464,BTC,daily,OBM v0.1.0
2022-11-14,obm_miner_revenue_btc_daily,791.59939586,BTC,daily,OBM v0.1.0
2022-11-15,obm_miner_revenue_btc_daily,1005.06310997,BTC,daily,OBM v0.1.0
2022-11-16,obm_miner_revenue_btc_daily,973.02287679,BTC,daily,OBM v0.1.0
2022-11-17,obm_miner_revenue_btc_daily,897.04296319,BTC,daily,OBM v0.1.0
2022-11-18,obm_miner_revenue_btc_daily,912.47819362,BTC,daily,OBM v0.1.0
2022-11-19,obm_miner_revenue_btc_daily,945.80581977,BTC,daily,OBM v0.1.0
2022-11-20,obm_miner_revenue_btc_daily,950.69118871,BTC,daily,OBM v0.1.0
2022-11-21,obm_miner_revenue_btc_daily,831.61568192,BTC,daily,OBM v0.1.0
2022-11-22,obm_miner_revenue_btc_daily,814.28202381,BTC,daily,OBM v0.1.0
2022-11-23,obm_miner_revenue_btc_daily,910.09984288,BTC,daily,OBM v0.1.0
2022-11-24,obm_miner_revenue_btc_daily,834.21374860,BTC,daily,OBM v0.1.0
2022-11-25,obm_miner_revenue_btc_daily,795.80300031,BTC,daily,OBM v0.1.0
2022-11-26,obm_miner_revenue_btc_daily,704.90608040,BTC,daily,OBM v0.1.0
2022-11-27,obm_miner_revenue_btc_daily,867.78074631,BTC,daily,OBM v0.1.0
2022-11-28,obm_miner_revenue_btc_daily,891.69024402,BTC,daily,OBM v0.1.0
2022-11-29,obm_miner_revenue_btc_daily,841.99769443,BTC,daily,OBM v0.1.0
2022-11-30,obm_miner_revenue_btc_daily,889.62249692,BTC,daily,OBM v0.1.0
2022-12-01,obm_miner_revenue_btc_daily,985.56723931,BTC,daily,OBM v0.1.0
2022-12-02,obm_miner_revenue_btc_daily,810.02794644,BTC,daily,OBM v0.1.0
2022-12-03,obm_miner_revenue_btc_daily,841.83110451,BTC,daily,OBM v0.1.0
2022-12-04,obm_miner_revenue_btc_daily,891.89630626,BTC,daily,OBM v0.1.0
2022-12-05,obm_miner_revenue_btc_daily,933.83182906,BTC,daily,OBM v0.1.0
2022-12-06,obm_miner_revenue_btc_daily,866.24914585,BTC,daily,OBM v0.1.0
2022-12-07,obm_miner_revenue_btc_daily,1093.32443866,BTC,daily,OBM v0.1.0
2022-12-08,obm_miner_revenue_btc_daily,1058.62592383,BTC,daily,OBM v0.1.0
2022-12-09,obm_miner_revenue_btc_daily,963.75809382,BTC,daily,OBM v0.1.0
2022-12-10,obm_miner_revenue_btc_daily,974.75893641,BTC,daily,OBM v0.1.0
2022-12-11,obm_miner_revenue_btc_daily,926.94227598,BTC,daily,OBM v0.1.0
2022-12-12,obm_miner_revenue_btc_daily,906.36235304,BTC,daily,OBM v0.1.0
2022-12-13,obm_miner_revenue_btc_daily,1044.47087068,BTC,daily,OBM v0.1.0
2022-12-14,obm_miner_revenue_btc_daily,940.09499796,BTC,daily,OBM v0.1.0
2022-12-15,obm_miner_revenue_btc_daily,889.09853506,BTC,daily,OBM v0.1.0
2022-12-16,obm_miner_revenue_btc_daily,829.06631787,BTC,daily,OBM v0.1.0
2022-12-17,obm_miner_revenue_btc_daily,879.93271938,BTC,daily,OBM v0.1.0
2022-12-18,obm_miner_revenue_btc_daily,917.83090744,BTC,daily,OBM v0.1.0
2022-12-19,obm_miner_revenue_btc_daily,868.06905832,BTC,daily,OBM v0.1.0
2022-12-20,obm_miner_revenue_btc_daily,893.05089091,BTC,daily,OBM v0.1.0
2022-12-21,obm_miner_revenue_btc_daily,910.27914494,BTC,daily,OBM v0.1.0
2022-12-22,obm_miner_revenue_btc_daily,860.88927641,BTC,daily,OBM v0.1.0
2022-12-23,obm_miner_revenue_btc_daily,842.37428251,BTC,daily,OBM v0.1.0
2022-12-24,obm_miner_revenue_btc_daily,573.88921588,BTC,daily,OBM v0.1.0
2022-12-25,obm_miner_revenue_btc_daily,894.95816482,BTC,daily,OBM v0.1.0
2022-12-26,obm_miner_revenue_btc_daily,823.79217226,BTC,daily,OBM v0.1.0
2022-12-27,obm_miner_revenue_btc_daily,742.60198506,BTC,daily,OBM v0.1.0
2022-12-28,obm_miner_revenue_btc_daily,1070.67824483,BTC,daily,OBM v0.1.0
2022-12-29,obm_miner_revenue_btc_daily,901.83181950,BTC,daily,OBM v0.1.0
2022-12-30,obm_miner_revenue_btc_daily,1009.29425120,BTC,daily,OBM v0.1.0
2022-12-31,obm_miner_revenue_btc_daily,987.18026426,BTC,daily,OBM v0.1.0
2023-01-01,obm_miner_revenue_btc_daily,975.86275527,BTC,daily,OBM v0.1.0
2023-01-02,obm_miner_revenue_btc_daily,983.82429255,BTC,daily,OBM v0.1.0
2023-01-03,obm_miner_revenue_btc_daily,975.22782858,BTC,daily,OBM v0.1.0
2023-01-04,obm_miner_revenue_btc_daily,908.52428160,BTC,daily,OBM v0.1.0
2023-01-05,obm_miner_revenue_btc_daily,995.52128465,BTC,daily,OBM v0.1.0
2023-01-06,obm_miner_revenue_btc_daily,1138.20194818,BTC,daily,OBM v0.1.0
2023-01-07,obm_miner_revenue_btc_daily,970.89686196,BTC,daily,OBM v0.1.0
2023-01-08,obm_miner_revenue_btc_daily,963.03196741,BTC,daily,OBM v0.1.0
2023-01-09,obm_miner_revenue_btc_daily,960.86663612,BTC,daily,OBM v0.1.0
2023-01-10,obm_miner_revenue_btc_daily,1067.40949274,BTC,daily,OBM v0.1.0
2023-01-11,obm_miner_revenue_btc_daily,931.17363566,BTC,daily,OBM v0.1.0
2023-01-12,obm_miner_revenue_btc_daily,960.26553844,BTC,daily,OBM v0.1.0
2023-01-13,obm_miner_revenue_btc_daily,1010.37489800,BTC,daily,OBM v0.1.0
2023-01-14,obm_miner_revenue_btc_daily,1082.77600690,BTC,daily,OBM v0.1.0
2023-01-15,obm_miner_revenue_btc_daily,1026.72966275,BTC,daily,OBM v0.1.0
2023-01-16,obm_miner_revenue_btc_daily,929.05166203,BTC,daily,OBM v0.1.0
2023-01-17,obm_miner_revenue_btc_daily,987.94528909,BTC,daily,OBM v0.1.0
2023-01-18,obm_miner_revenue_btc_daily,891.09240570,BTC,daily,OBM v0.1.0
2023-01-19,obm_miner_revenue_btc_daily,922.47431670,BTC,daily,OBM v0.1.0
2023-01-20,obm_miner_revenue_btc_daily,844.55787550,BTC,daily,OBM v0.1.0
2023-01-21,obm_miner_revenue_btc_daily,878.82874344,BTC,daily,OBM v0.1.0
2023-01-22,obm_miner_revenue_btc_daily,957.50707805,BTC,daily,OBM v0.1.0
2023-01-23,obm_miner_revenue_btc_daily,1002.42490361,BTC,daily,OBM v0.1.0
2023-01-24,obm_miner_revenue_btc_daily,823.17996076,BTC,daily,OBM v0.1.0
2023-01-25,obm_miner_revenue_btc_daily,1106.69672820,BTC,daily,OBM v0.1.0
2023-01-26,obm_miner_revenue_btc_daily,980.84603056,BTC,daily,OBM v0.1.0
2023-01-27,obm_miner_revenue_btc_daily,976.80231094,BTC,daily,OBM v0.1.0
2023-01-28,obm_miner_revenue_btc_daily,1061.61323579,BTC,daily,OBM v0.1.0
2023-01-29,obm_miner_revenue_btc_daily,1014.71375560,BTC,daily,OBM v0.1.0
2023-01-30,obm_miner_revenue_btc_daily,873.79211021,BTC,daily,OBM v0.1.0
2023-01-31,obm_miner_revenue_btc_daily,737.36504298,BTC,daily,OBM v0.1.0
2023-02-01,obm_miner_revenue_btc_daily,878.34847213,BTC,daily,OBM v0.1.0
2023-02-02,obm_miner_revenue_btc_daily,928.10790291,BTC,daily,OBM v0.1.0
2023-02-03,obm_miner_revenue_btc_daily,855.59081674,BTC,daily,OBM v0.1.0
2023-02-04,obm_miner_revenue_btc_daily,870.35568876,BTC,daily,OBM v0.1.0
2023-02-05,obm_miner_revenue_btc_daily,963.97672633,BTC,daily,OBM v0.1.0
2023-02-06,obm_miner_revenue_btc_daily,943.42761143,BTC,daily,OBM v0.1.0
2023-02-07,obm_miner_revenue_btc_daily,909.70210173,BTC,daily,OBM v0.1.0
2023-02-08,obm_miner_revenue_btc_daily,880.89359717,BTC,daily,OBM v0.1.0
2023-02-09,obm_miner_revenue_btc_daily,1034.05106488,BTC,daily,OBM v0.1.0
2023-02-10,obm_miner_revenue_btc_daily,945.61262780,BTC,daily,OBM v0.1.0
2023-02-11,obm_miner_revenue_btc_daily,947.18726270,BTC,daily,OBM v0.1.0
2023-02-12,obm_miner_revenue_btc_daily,1031.71587499,BTC,daily,OBM v0.1.0
2023-02-13,obm_miner_revenue_btc_daily,999.25921585,BTC,daily,OBM v0.1.0
2023-02-14,obm_miner_revenue_btc_daily,988.31457179,BTC,daily,OBM v0.1.0
2023-02-15,obm_miner_revenue_btc_daily,1054.09902814,BTC,daily,OBM v0.1.0
2023-02-16,obm_miner_revenue_btc_daily,1150.02073097,BTC,daily,OBM v0.1.0
2023-02-17,obm_miner_revenue_btc_daily,1057.92825905,BTC,daily,OBM v0.1.0
2023-02-18,obm_miner_revenue_btc_daily,1069.94819627,BTC,daily,OBM v0.1.0
2023-02-19,obm_miner_revenue_btc_daily,1027.89227625,BTC,daily,OBM v0.1.0
2023-02-20,obm_miner_revenue_btc_daily,936.62702580,BTC,daily,OBM v0.1.0
2023-02-21,obm_miner_revenue_btc_daily,1061.07064879,BTC,daily,OBM v0.1.0
2023-02-22,obm_miner_revenue_btc_daily,893.45057693,BTC,daily,OBM v0.1.0
2023-02-23,obm_miner_revenue_btc_daily,1087.77310421,BTC,daily,OBM v0.1.0
2023-02-24,obm_miner_revenue_btc_daily,862.28531737,BTC,daily,OBM v0.1.0
2023-02-25,obm_miner_revenue_btc_daily,684.70907401,BTC,daily,OBM v0.1.0
2023-02-26,obm_miner_revenue_btc_daily,1065.06225059,BTC,daily,OBM v0.1.0
2023-02-27,obm_miner_revenue_btc_daily,897.65352771,BTC,daily,OBM v0.1.0
2023-02-28,obm_miner_revenue_btc_daily,882.06843208,BTC,daily,OBM v0.1.0
2023-03-01,obm_miner_revenue_btc_daily,1088.33815714,BTC,daily,OBM v0.1.0
2023-03-02,obm_miner_revenue_btc_daily,923.93851073,BTC,daily,OBM v0.1.0
2023-03-03,obm_miner_revenue_btc_daily,1077.89011407,BTC,daily,OBM v0.1.0
2023-03-04,obm_miner_revenue_btc_daily,970.18660834,BTC,daily,OBM v0.1.0
2023-03-05,obm_miner_revenue_btc_daily,986.26087613,BTC,daily,OBM v0.1.0
2023-03-06,obm_miner_revenue_btc_daily,849.02745286,BTC,daily,OBM v0.1.0
2023-03-07,obm_miner_revenue_btc_daily,1056.89150674,BTC,daily,OBM v0.1.0
2023-03-08,obm_miner_revenue_btc_daily,857.50555847,BTC,daily,OBM v0.1.0
2023-03-09,obm_miner_revenue_btc_daily,888.54625681,BTC,daily,OBM v0.1.0
2023-03-10,obm_miner_revenue_btc_daily,893.94455143,BTC,daily,OBM v0.1.0
2023-03-11,obm_miner_revenue_btc_daily,1058.50742454,BTC,daily,OBM v0.1.0
2023-03-12,obm_miner_revenue_btc_daily,1027.61544776,BTC,daily,OBM v0.1.0
2023-03-13,obm_miner_revenue_btc_daily,1007.37698464,BTC,daily,OBM v0.1.0
2023-03-14,obm_miner_revenue_btc_daily,949.66891206,BTC,daily,OBM v0.1.0
2023-03-15,obm_miner_revenue_btc_daily,952.40361796,BTC,daily,OBM v0.1.0
2023-03-16,obm_miner_revenue_btc_daily,870.90128667,BTC,daily,OBM v0.1.0
2023-03-17,obm_miner_revenue_btc_daily,961.26131128,BTC,daily,OBM v0.1.0
2023-03-18,obm_miner_revenue_btc_daily,1047.42705100,BTC,daily,OBM v0.1.0
2023-03-19,obm_miner_revenue_btc_daily,953.55572973,BTC,daily,OBM v0.1.0
2023-03-20,obm_miner_revenue_btc_daily,992.16222798,BTC,daily,OBM v0.1.0
2023-03-21,obm_miner_revenue_btc_daily,935.13659712,BTC,daily,OBM v0.1.0
2023-03-22,obm_miner_revenue_btc_daily,1029.10143002,BTC,daily,OBM v0.1.0
2023-03-23,obm_miner_revenue_btc_daily,1182.86112149,BTC,daily,OBM v0.1.0
2023-03-24,obm_miner_revenue_btc_daily,1056.82438010,BTC,daily,OBM v0.1.0
2023-03-25,obm_miner_revenue_btc_daily,936.84583649,BTC,daily,OBM v0.1.0
2023-03-26,obm_miner_revenue_btc_daily,921.86761758,BTC,daily,OBM v0.1.0
2023-03-27,obm_miner_revenue_btc_daily,948.15655466,BTC,daily,OBM v0.1.0
2023-03-28,obm_miner_revenue_btc_daily,865.51496873,BTC,daily,OBM v0.1.0
2023-03-29,obm_miner_revenue_btc_daily,946.28469056,BTC,daily,OBM v0.1.0
2023-03-30,obm_miner_revenue_btc_daily,996.27450894,BTC,daily,OBM v0.1.0
2023-03-31,obm_miner_revenue_btc_daily,913.79684110,BTC,daily,OBM v0.1.0
2023-04-01,obm_miner_revenue_btc_daily,906.52349304,BTC,daily,OBM v0.1.0
2023-04-02,obm_miner_revenue_btc_daily,955.71719163,BTC,daily,OBM v0.1.0
2023-04-03,obm_miner_revenue_btc_daily,846.45515645,BTC,daily,OBM v0.1.0
2023-04-04,obm_miner_revenue_btc_daily,1046.33075425,BTC,daily,OBM v0.1.0
2023-04-05,obm_miner_revenue_btc_daily,900.80316881,BTC,daily,OBM v0.1.0
2023-04-06,obm_miner_revenue_btc_daily,1032.91813283,BTC,daily,OBM v0.1.0
2023-04-07,obm_miner_revenue_btc_daily,914.51238271,BTC,daily,OBM v0.1.0
2023-04-08,obm_miner_revenue_btc_daily,940.64554468,BTC,daily,OBM v0.1.0
2023-04-09,obm_miner_revenue_btc_daily,929.40677140,BTC,daily,OBM v0.1.0
2023-04-10,obm_miner_revenue_btc_daily,790.52457394,BTC,daily,OBM v0.1.0
2023-04-11,obm_miner_revenue_btc_daily,993.55891418,BTC,daily,OBM v0.1.0
2023-04-12,obm_miner_revenue_btc_daily,1024.60478427,BTC,daily,OBM v0.1.0
2023-04-13,obm_miner_revenue_btc_daily,913.43528789,BTC,daily,OBM v0.1.0
2023-04-14,obm_miner_revenue_btc_daily,902.73971430,BTC,daily,OBM v0.1.0
2023-04-15,obm_miner_revenue_btc_daily,1008.69656272,BTC,daily,OBM v0.1.0
2023-04-16,obm_miner_revenue_btc_daily,790.94794719,BTC,daily,OBM v0.1.0
2023-04-17,obm_miner_revenue_btc_daily,989.58715424,BTC,daily,OBM v0.1.0
2023-04-18,obm_miner_revenue_btc_daily,1057.86349198,BTC,daily,OBM v0.1.0
2023-04-19,obm_miner_revenue_btc_daily,889.65592023,BTC,daily,OBM v0.1.0
2023-04-20,obm_miner_revenue_btc_daily,852.48996344,BTC,daily,OBM v0.1.0
2023-04-21,obm_miner_revenue_btc_daily,930.34019709,BTC,daily,OBM v0.1.0
2023-04-22,obm_miner_revenue_btc_daily,947.64034620,BTC,daily,OBM v0.1.0
2023-04-23,obm_miner_revenue_btc_daily,932.42490748,BTC,daily,OBM v0.1.0
2023-04-24,obm_miner_revenue_btc_daily,901.81021852,BTC,daily,OBM v0.1.0
2023-04-25,obm_miner_revenue_btc_daily,807.96587963,BTC,daily,OBM v0.1.0
2023-04-26,obm_miner_revenue_btc_daily,845.59136424,BTC,daily,OBM v0.1.0
2023-04-27,obm_miner_revenue_btc_daily,854.26462098,BTC,daily,OBM v0.1.0
2023-04-28,obm_miner_revenue_btc_daily,964.62162396,BTC,daily,OBM v0.1.0
2023-04-29,obm_miner_revenue_btc_daily,899.08166169,BTC,daily,OBM v0.1.0
2023-04-30,obm_miner_revenue_btc_daily,972.64650050,BTC,daily,OBM v0.1.0
2023-05-01,obm_miner_revenue_btc_daily,1206.76942018,BTC,daily,OBM v0.1.0
2023-05-02,obm_miner_revenue_btc_daily,920.39121359,BTC,daily,OBM v0.1.0
2023-05-03,obm_miner_revenue_btc_daily,1005.44698520,BTC,daily,OBM v0.1.0
2023-05-04,obm_miner_revenue_btc_daily,1025.97645017,BTC,daily,OBM v0.1.0
2023-05-05,obm_miner_revenue_btc_daily,878.71713092,BTC,daily,OBM v0.1.0
2023-05-06,obm_miner_revenue_btc_daily,1113.28461341,BTC,daily,OBM v0.1.0
2023-05-07,obm_miner_revenue_btc_daily,1272.66903786,BTC,daily,OBM v0.1.0
2023-05-08,obm_miner_revenue_btc_daily,1491.60380034,BTC,daily,OBM v0.1.0
2023-05-09,obm_miner_revenue_btc_daily,1384.01574469,BTC,daily,OBM v0.1.0
2023-05-10,obm_miner_revenue_btc_daily,1402.26771861,BTC,daily,OBM v0.1.0
2023-05-11,obm_miner_revenue_btc_daily,1138.12812240,BTC,daily,OBM v0.1.0
2023-05-12,obm_miner_revenue_btc_daily,1054.69342629,BTC,daily,OBM v0.1.0
2023-05-13,obm_miner_revenue_btc_daily,1015.03997678,BTC,daily,OBM v0.1.0
2023-05-14,obm_miner_revenue_btc_daily,1175.92138683,BTC,daily,OBM v0.1.0
2023-05-15,obm_miner_revenue_btc_daily,1008.56371373,BTC,daily,OBM v0.1.0
2023-05-16,obm_miner_revenue_btc_daily,1069.26084452,BTC,daily,OBM v0.1.0
2023-05-17,obm_miner_revenue_btc_daily,1093.11371896,BTC,daily,OBM v0.1.0
2023-05-18,obm_miner_revenue_btc_daily,988.15014765,BTC,daily,OBM v0.1.0
2023-05-19,obm_miner_revenue_btc_daily,1054.04596240,BTC,daily,OBM v0.1.0
2023-05-20,obm_miner_revenue_btc_daily,903.94281154,BTC,daily,OBM v0.1.0
2023-05-21,obm_miner_revenue_btc_daily,1015.20591599,BTC,daily,OBM v0.1.0
2023-05-22,obm_miner_revenue_btc_daily,970.97206966,BTC,daily,OBM v0.1.0
2023-05-23,obm_miner_revenue_btc_daily,1032.24632324,BTC,daily,OBM v0.1.0
2023-05-24,obm_miner_revenue_btc_daily,946.12007902,BTC,daily,OBM v0.1.0
2023-05-25,obm_miner_revenue_btc_daily,1035.61642856,BTC,daily,OBM v0.1.0
2023-05-26,obm_miner_revenue_btc_daily,1054.07995501,BTC,daily,OBM v0.1.0
2023-05-27,obm_miner_revenue_btc_daily,968.33564612,BTC,daily,OBM v0.1.0
2023-05-28,obm_miner_revenue_btc_daily,1062.56858108,BTC,daily,OBM v0.1.0
2023-05-29,obm_miner_revenue_btc_daily,1083.63058149,BTC,daily,OBM v0.1.0
2023-05-30,obm_miner_revenue_btc_daily,1042.36678899,BTC,daily,OBM v0.1.0
2023-05-31,obm_miner_revenue_btc_daily,949.87409598,BTC,daily,OBM v0.1.0
2023-06-01,obm_miner_revenue_btc_daily,895.13588614,BTC,daily,OBM v0.1.0
2023-06-02,obm_miner_revenue_btc_daily,1099.86202741,BTC,daily,OBM v0.1.0
2023-06-03,obm_miner_revenue_btc_daily,856.70366028,BTC,daily,OBM v0.1.0
2023-06-04,obm_miner_revenue_btc_daily,963.49187926,BTC,daily,OBM v0.1.0
2023-06-05,obm_miner_revenue_btc_daily,920.50114519,BTC,daily,OBM v0.1.0
2023-06-06,obm_miner_revenue_btc_daily,1026.67263230,BTC,daily,OBM v0.1.0
2023-06-07,obm_miner_revenue_btc_daily,941.35233793,BTC,daily,OBM v0.1.0
2023-06-08,obm_miner_revenue_btc_daily,1032.04580716,BTC,daily,OBM v0.1.0
2023-06-09,obm_miner_revenue_btc_daily,1129.50776495,BTC,daily,OBM v0.1.0
2023-06-10,obm_miner_revenue_btc_daily,1012.13338241,BTC,daily,OBM v0.1.0
2023-06-11,obm_miner_revenue_btc_daily,1053.85920663,BTC,daily,OBM v0.1.0
2023-06-12,obm_miner_revenue_btc_daily,1023.75873274,BTC,daily,OBM v0.1.0
2023-06-13,obm_miner_revenue_btc_daily,955.99601007,BTC,daily,OBM v0.1.0
2023-06-14,obm_miner_revenue_btc_daily,796.11874709,BTC,daily,OBM v0.1.0
2023-06-15,obm_miner_revenue_btc_daily,966.02129533,BTC,daily,OBM v0.1.0
2023-06-16,obm_miner_revenue_btc_daily,1001.87498800,BTC,daily,OBM v0.1.0
2023-06-17,obm_miner_revenue_btc_daily,915.12883580,BTC,daily,OBM v0.1.0
2023-06-18,obm_miner_revenue_btc_daily,974.24645309,BTC,daily,OBM v0.1.0
2023-06-19,obm_miner_revenue_btc_daily,918.73665693,BTC,daily,OBM v0.1.0
2023-06-20,obm_miner_revenue_btc_daily,887.16242619,BTC,daily,OBM v0.1.0
2023-06-21,obm_miner_revenue_btc_daily,800.13821895,BTC,daily,OBM v0.1.0
2023-06-22,obm_miner_revenue_btc_daily,900.67575852,BTC,daily,OBM v0.1.0
2023-06-23,obm_miner_revenue_btc_daily,821.36549267,BTC,daily,OBM v0.1.0
2023-06-24,obm_miner_revenue_btc_daily,946.24556082,BTC,daily,OBM v0.1.0
2023-06-25,obm_miner_revenue_btc_daily,985.63484288,BTC,daily,OBM v0.1.0
2023-06-26,obm_miner_revenue_btc_daily,944.88485323,BTC,daily,OBM v0.1.0
2023-06-27,obm_miner_revenue_btc_daily,906.65718752,BTC,daily,OBM v0.1.0
2023-06-28,obm_miner_revenue_btc_daily,704.87454086,BTC,daily,OBM v0.1.0
2023-06-29,obm_miner_revenue_btc_daily,949.55847568,BTC,daily,OBM v0.1.0
2023-06-30,obm_miner_revenue_btc_daily,1022.20273145,BTC,daily,OBM v0.1.0
2023-07-01,obm_miner_revenue_btc_daily,856.68994325,BTC,daily,OBM v0.1.0
2023-07-02,obm_miner_revenue_btc_daily,1092.54482715,BTC,daily,OBM v0.1.0
2023-07-03,obm_miner_revenue_btc_daily,881.73770225,BTC,daily,OBM v0.1.0
2023-07-04,obm_miner_revenue_btc_daily,903.93233748,BTC,daily,OBM v0.1.0
2023-07-05,obm_miner_revenue_btc_daily,996.49504750,BTC,daily,OBM v0.1.0
2023-07-06,obm_miner_revenue_btc_daily,888.47398613,BTC,daily,OBM v0.1.0
2023-07-07,obm_miner_revenue_btc_daily,1112.99955069,BTC,daily,OBM v0.1.0
2023-07-08,obm_miner_revenue_btc_daily,1127.24024606,BTC,daily,OBM v0.1.0
2023-07-09,obm_miner_revenue_btc_daily,1069.43416810,BTC,daily,OBM v0.1.0
2023-07-10,obm_miner_revenue_btc_daily,978.74512403,BTC,daily,OBM v0.1.0
2023-07-11,obm_miner_revenue_btc_daily,860.70226390,BTC,daily,OBM v0.1.0
2023-07-12,obm_miner_revenue_btc_daily,919.29161277,BTC,daily,OBM v0.1.0
2023-07-13,obm_miner_revenue_btc_daily,769.65757317,BTC,daily,OBM v0.1.0
2023-07-14,obm_miner_revenue_btc_daily,885.17725387,BTC,daily,OBM v0.1.0
2023-07-15,obm_miner_revenue_btc_daily,879.24064072,BTC,daily,OBM v0.1.0
2023-07-16,obm_miner_revenue_btc_daily,984.18001031,BTC,daily,OBM v0.1.0
2023-07-17,obm_miner_revenue_btc_daily,867.22296256,BTC,daily,OBM v0.1.0
2023-07-18,obm_miner_revenue_btc_daily,1031.58879751,BTC,daily,OBM v0.1.0
2023-07-19,obm_miner_revenue_btc_daily,943.16370337,BTC,daily,OBM v0.1.0
2023-07-20,obm_miner_revenue_btc_daily,822.75465362,BTC,daily,OBM v0.1.0
2023-07-21,obm_miner_revenue_btc_daily,722.93350964,BTC,daily,OBM v0.1.0
2023-07-22,obm_miner_revenue_btc_daily,883.45214263,BTC,daily,OBM v0.1.0
2023-07-23,obm_miner_revenue_btc_daily,944.29846983,BTC,daily,OBM v0.1.0
2023-07-24,obm_miner_revenue_btc_daily,963.94889781,BTC,daily,OBM v0.1.0
2023-07-25,obm_miner_revenue_btc_daily,880.35638854,BTC,daily,OBM v0.1.0
2023-07-26,obm_miner_revenue_btc_daily,918.81831863,BTC,daily,OBM v0.1.0
2023-07-27,obm_miner_revenue_btc_daily,883.33844045,BTC,daily,OBM v0.1.0
2023-07-28,obm_miner_revenue_btc_daily,895.35879906,BTC,daily,OBM v0.1.0
2023-07-29,obm_miner_revenue_btc_daily,841.14425575,BTC,daily,OBM v0.1.0
2023-07-30,obm_miner_revenue_btc_daily,1067.13087238,BTC,daily,OBM v0.1.0
2023-07-31,obm_miner_revenue_btc_daily,897.90975421,BTC,daily,OBM v0.1.0
2023-08-01,obm_miner_revenue_btc_daily,887.23016358,BTC,daily,OBM v0.1.0
2023-08-02,obm_miner_revenue_btc_daily,983.38584786,BTC,daily,OBM v0.1.0
2023-08-03,obm_miner_revenue_btc_daily,966.99083874,BTC,daily,OBM v0.1.0
2023-08-04,obm_miner_revenue_btc_daily,778.76529554,BTC,daily,OBM v0.1.0
2023-08-05,obm_miner_revenue_btc_daily,983.60699133,BTC,daily,OBM v0.1.0
2023-08-06,obm_miner_revenue_btc_daily,1041.91030901,BTC,daily,OBM v0.1.0
2023-08-07,obm_miner_revenue_btc_daily,935.18954627,BTC,daily,OBM v0.1.0
2023-08-08,obm_miner_revenue_btc_daily,810.36310746,BTC,daily,OBM v0.1.0
2023-08-09,obm_miner_revenue_btc_daily,1039.58885435,BTC,daily,OBM v0.1.0
2023-08-10,obm_miner_revenue_btc_daily,818.37276261,BTC,daily,OBM v0.1.0
2023-08-11,obm_miner_revenue_btc_daily,967.21538348,BTC,daily,OBM v0.1.0
2023-08-12,obm_miner_revenue_btc_daily,1063.17138858,BTC,daily,OBM v0.1.0
2023-08-13,obm_miner_revenue_btc_daily,857.23277636,BTC,daily,OBM v0.1.0
2023-08-14,obm_miner_revenue_btc_daily,1086.93730987,BTC,daily,OBM v0.1.0
2023-08-15,obm_miner_revenue_btc_daily,1087.01277983,BTC,daily,OBM v0.1.0
2023-08-16,obm_miner_revenue_btc_daily,1036.78889855,BTC,daily,OBM v0.1.0
2023-08-17,obm_miner_revenue_btc_daily,993.93920979,BTC,daily,OBM v0.1.0
2023-08-18,obm_miner_revenue_btc_daily,890.75322461,BTC,daily,OBM v0.1.0
2023-08-19,obm_miner_revenue_btc_daily,891.69938239,BTC,daily,OBM v0.1.0
2023-08-20,obm_miner_revenue_btc_daily,1027.48498545,BTC,daily,OBM v0.1.0
2023-08-21,obm_miner_revenue_btc_daily,1047.82586188,BTC,daily,OBM v0.1.0
2023-08-22,obm_miner_revenue_btc_daily,912.56110136,BTC,daily,OBM v0.1.0
2023-08-23,obm_miner_revenue_btc_daily,906.82958413,BTC,daily,OBM v0.1.0
2023-08-24,obm_miner_revenue_btc_daily,886.20846717,BTC,daily,OBM v0.1.0
2023-08-25,obm_miner_revenue_btc_daily,861.78586440,BTC,daily,OBM v0.1.0
2023-08-26,obm_miner_revenue_btc_daily,872.33579159,BTC,daily,OBM v0.1.0
2023-08-27,obm_miner_revenue_btc_daily,738.47194868,BTC,daily,OBM v0.1.0
2023-08-28,obm_miner_revenue_btc_daily,754.47295640,BTC,daily,OBM v0.1.0
2023-08-29,obm_miner_revenue_btc_daily,1008.65115106,BTC,daily,OBM v0.1.0
2023-08-30,obm_miner_revenue_btc_daily,806.72098827,BTC,daily,OBM v0.1.0
2023-08-31,obm_miner_revenue_btc_daily,926.54064023,BTC,daily,OBM v0.1.0
2023-09-01,obm_miner_revenue_btc_daily,969.90191778,BTC,daily,OBM v0.1.0
2023-09-02,obm_miner_revenue_btc_daily,973.26197841,BTC,daily,OBM v0.1.0
2023-09-03,obm_miner_revenue_btc_daily,1007.39314825,BTC,daily,OBM v0.1.0
2023-09-04,obm_miner_revenue_btc_daily,953.52598471,BTC,daily,OBM v0.1.0
2023-09-05,obm_miner_revenue_btc_daily,799.39689427,BTC,daily,OBM v0.1.0
2023-09-06,obm_miner_revenue_btc_daily,874.00389769,BTC,daily,OBM v0.1.0
2023-09-07,obm_miner_revenue_btc_daily,944.07012849,BTC,daily,OBM v0.1.0
2023-09-08,obm_miner_revenue_btc_daily,867.10455887,BTC,daily,OBM v0.1.0
2023-09-09,obm_miner_revenue_btc_daily,976.28049267,BTC,daily,OBM v0.1.0
2023-09-10,obm_miner_revenue_btc_daily,965.81196052,BTC,daily,OBM v0.1.0
2023-09-11,obm_miner_revenue_btc_daily,1026.44725456,BTC,daily,OBM v0.1.0
2023-09-12,obm_miner_revenue_btc_daily,912.27944450,BTC,daily,OBM v0.1.0
2023-09-13,obm_miner_revenue_btc_daily,949.87870221,BTC,daily,OBM v0.1.0
2023-09-14,obm_miner_revenue_btc_daily,1043.39771389,BTC,daily,OBM v0.1.0
2023-09-15,obm_miner_revenue_btc_daily,1207.61796493,BTC,daily,OBM v0.1.0
2023-09-16,obm_miner_revenue_btc_daily,995.45099864,BTC,daily,OBM v0.1.0
2023-09-17,obm_miner_revenue_btc_daily,959.55720798,BTC,daily,OBM v0.1.0
2023-09-18,obm_miner_revenue_btc_daily,1021.80860926,BTC,daily,OBM v0.1.0
2023-09-19,obm_miner_revenue_btc_daily,915.69653264,BTC,daily,OBM v0.1.0
2023-09-20,obm_miner_revenue_btc_daily,959.87695080,BTC,daily,OBM v0.1.0
2023-09-21,obm_miner_revenue_btc_daily,909.84640060,BTC,daily,OBM v0.1.0
2023-09-22,obm_miner_revenue_btc_daily,852.24544894,BTC,daily,OBM v0.1.0
2023-09-23,obm_miner_revenue_btc_daily,1026.57942328,BTC,daily,OBM v0.1.0
2023-09-24,obm_miner_revenue_btc_daily,949.58650941,BTC,daily,OBM v0.1.0
2023-09-25,obm_miner_revenue_btc_daily,939.61548549,BTC,daily,OBM v0.1.0
2023-09-26,obm_miner_revenue_btc_daily,877.64610498,BTC,daily,OBM v0.1.0
2023-09-27,obm_miner_revenue_btc_daily,1012.98405543,BTC,daily,OBM v0.1.0
2023-09-28,obm_miner_revenue_btc_daily,941.51291667,BTC,daily,OBM v0.1.0
2023-09-29,obm_miner_revenue_btc_daily,948.11315436,BTC,daily,OBM v0.1.0
2023-09-30,obm_miner_revenue_btc_daily,884.05552342,BTC,daily,OBM v0.1.0
2023-10-01,obm_miner_revenue_btc_daily,900.17768578,BTC,daily,OBM v0.1.0
2023-10-02,obm_miner_revenue_btc_daily,1008.52710775,BTC,daily,OBM v0.1.0
2023-10-03,obm_miner_revenue_btc_daily,1054.08744010,BTC,daily,OBM v0.1.0
2023-10-04,obm_miner_revenue_btc_daily,845.10338270,BTC,daily,OBM v0.1.0
2023-10-05,obm_miner_revenue_btc_daily,907.94888465,BTC,daily,OBM v0.1.0
2023-10-06,obm_miner_revenue_btc_daily,1042.56644865,BTC,daily,OBM v0.1.0
2023-10-07,obm_miner_revenue_btc_daily,1110.24443835,BTC,daily,OBM v0.1.0
2023-10-08,obm_miner_revenue_btc_daily,940.39459141,BTC,daily,OBM v0.1.0
2023-10-09,obm_miner_revenue_btc_daily,994.87958721,BTC,daily,OBM v0.1.0
2023-10-10,obm_miner_revenue_btc_daily,1029.71511505,BTC,daily,OBM v0.1.0
2023-10-11,obm_miner_revenue_btc_daily,1021.60053422,BTC,daily,OBM v0.1.0
2023-10-12,obm_miner_revenue_btc_daily,1056.02161271,BTC,daily,OBM v0.1.0
2023-10-13,obm_miner_revenue_btc_daily,884.62322943,BTC,daily,OBM v0.1.0
2023-10-14,obm_miner_revenue_btc_daily,926.11469973,BTC,daily,OBM v0.1.0
2023-10-15,obm_miner_revenue_btc_daily,1055.14581142,BTC,daily,OBM v0.1.0
2023-10-16,obm_miner_revenue_btc_daily,901.78810185,BTC,daily,OBM v0.1.0
2023-10-17,obm_miner_revenue_btc_daily,1031.94552819,BTC,daily,OBM v0.1.0
2023-10-18,obm_miner_revenue_btc_daily,925.35702136,BTC,daily,OBM v0.1.0
2023-10-19,obm_miner_revenue_btc_daily,893.64870878,BTC,daily,OBM v0.1.0
2023-10-20,obm_miner_revenue_btc_daily,857.64329055,BTC,daily,OBM v0.1.0
2023-10-21,obm_miner_revenue_btc_daily,953.54744601,BTC,daily,OBM v0.1.0
2023-10-22,obm_miner_revenue_btc_daily,968.62398060,BTC,daily,OBM v0.1.0
2023-10-23,obm_miner_revenue_btc_daily,998.25277934,BTC,daily,OBM v0.1.0
2023-10-24,obm_miner_revenue_btc_daily,825.82398711,BTC,daily,OBM v0.1.0
2023-10-25,obm_miner_revenue_btc_daily,940.91981017,BTC,daily,OBM v0.1.0
2023-10-26,obm_miner_revenue_btc_daily,966.62231441,BTC,daily,OBM v0.1.0
2023-10-27,obm_miner_revenue_btc_daily,988.05162168,BTC,daily,OBM v0.1.0
2023-10-28,obm_miner_revenue_btc_daily,1019.43560602,BTC,daily,OBM v0.1.0
2023-10-29,obm_miner_revenue_btc_daily,869.84350683,BTC,daily,OBM v0.1.0
2023-10-30,obm_miner_revenue_btc_daily,993.12100813,BTC,daily,OBM v0.1.0
2023-10-31,obm_miner_revenue_btc_daily,986.98911226,BTC,daily,OBM v0.1.0
2023-11-01,obm_miner_revenue_btc_daily,952.72899763,BTC,daily,OBM v0.1.0
2023-11-02,obm_miner_revenue_btc_daily,923.08727955,BTC,daily,OBM v0.1.0
2023-11-03,obm_miner_revenue_btc_daily,883.05281890,BTC,daily,OBM v0.1.0
2023-11-04,obm_miner_revenue_btc_daily,1129.51745751,BTC,daily,OBM v0.1.0
2023-11-05,obm_miner_revenue_btc_daily,1090.02194503,BTC,daily,OBM v0.1.0
2023-11-06,obm_miner_revenue_btc_daily,868.18935485,BTC,daily,OBM v0.1.0
2023-11-07,obm_miner_revenue_btc_daily,919.32849966,BTC,daily,OBM v0.1.0
2023-11-08,obm_miner_revenue_btc_daily,1049.32035988,BTC,daily,OBM v0.1.0
2023-11-09,obm_miner_revenue_btc_daily,1142.36069055,BTC,daily,OBM v0.1.0
2023-11-10,obm_miner_revenue_btc_daily,1126.12534930,BTC,daily,OBM v0.1.0
2023-11-11,obm_miner_revenue_btc_daily,1114.39754324,BTC,daily,OBM v0.1.0
2023-11-12,obm_miner_revenue_btc_daily,1122.02631582,BTC,daily,OBM v0.1.0
2023-11-13,obm_miner_revenue_btc_daily,863.90230792,BTC,daily,OBM v0.1.0
2023-11-14,obm_miner_revenue_btc_daily,963.89519021,BTC,daily,OBM v0.1.0
2023-11-15,obm_miner_revenue_btc_daily,1059.04354800,BTC,daily,OBM v0.1.0
2023-11-16,obm_miner_revenue_btc_daily,1242.45607694,BTC,daily,OBM v0.1.0
2023-11-17,obm_miner_revenue_btc_daily,1184.23051485,BTC,daily,OBM v0.1.0
2023-11-18,obm_miner_revenue_btc_daily,1248.06453633,BTC,daily,OBM v0.1.0
2023-11-19,obm_miner_revenue_btc_daily,1263.10609474,BTC,daily,OBM v0.1.0
2023-11-20,obm_miner_revenue_btc_daily,1215.21355412,BTC,daily,OBM v0.1.0
2023-11-21,obm_miner_revenue_btc_daily,1122.44417578,BTC,daily,OBM v0.1.0
2023-11-22,obm_miner_revenue_btc_daily,1041.15418637,BTC,daily,OBM v0.1.0
2023-11-23,obm_miner_revenue_btc_daily,1139.73471903,BTC,daily,OBM v0.1.0
2023-11-24,obm_miner_revenue_btc_daily,1147.80573665,BTC,daily,OBM v0.1.0
2023-11-25,obm_miner_revenue_btc_daily,1085.91469529,BTC,daily,OBM v0.1.0
2023-11-26,obm_miner_revenue_btc_daily,993.63972824,BTC,daily,OBM v0.1.0
2023-11-27,obm_miner_revenue_btc_daily,901.95126617,BTC,daily,OBM v0.1.0
2023-11-28,obm_miner_revenue_btc_daily,997.55659978,BTC,daily,OBM v0.1.0
2023-11-29,obm_miner_revenue_btc_daily,913.66139155,BTC,daily,OBM v0.1.0
2023-11-30,obm_miner_revenue_btc_daily,908.05229860,BTC,daily,OBM v0.1.0
2023-12-01,obm_miner_revenue_btc_daily,1155.42185213,BTC,daily,OBM v0.1.0
2023-12-02,obm_miner_revenue_btc_daily,857.32856882,BTC,daily,OBM v0.1.0
2023-12-03,obm_miner_revenue_btc_daily,1173.13139391,BTC,daily,OBM v0.1.0
2023-12-04,obm_miner_revenue_btc_daily,1118.99265561,BTC,daily,OBM v0.1.0
2023-12-05,obm_miner_revenue_btc_daily,1099.18922712,BTC,daily,OBM v0.1.0
2023-12-06,obm_miner_revenue_btc_daily,1143.66114146,BTC,daily,OBM v0.1.0
2023-12-07,obm_miner_revenue_btc_daily,893.22437727,BTC,daily,OBM v0.1.0
2023-12-08,obm_miner_revenue_btc_daily,996.30024127,BTC,daily,OBM v0.1.0
2023-12-09,obm_miner_revenue_btc_daily,1121.38969228,BTC,daily,OBM v0.1.0
2023-12-10,obm_miner_revenue_btc_daily,989.83473182,BTC,daily,OBM v0.1.0
2023-12-11,obm_miner_revenue_btc_daily,1125.11667891,BTC,daily,OBM v0.1.0
2023-12-12,obm_miner_revenue_btc_daily,1013.76908514,BTC,daily,OBM v0.1.0
2023-12-13,obm_miner_revenue_btc_daily,1127.99583787,BTC,daily,OBM v0.1.0
2023-12-14,obm_miner_revenue_btc_daily,1246.62679747,BTC,daily,OBM v0.1.0
2023-12-15,obm_miner_revenue_btc_daily,1439.95312245,BTC,daily,OBM v0.1.0
2023-12-16,obm_miner_revenue_btc_daily,1510.36033238,BTC,daily,OBM v0.1.0
2023-12-17,obm_miner_revenue_btc_daily,1487.49929455,BTC,daily,OBM v0.1.0
2023-12-18,obm_miner_revenue_btc_daily,1440.73702001,BTC,daily,OBM v0.1.0
2023-12-19,obm_miner_revenue_btc_daily,1448.73455558,BTC,daily,OBM v0.1.0
2023-12-20,obm_miner_revenue_btc_daily,1332.74690508,BTC,daily,OBM v0.1.0
2023-12-21,obm_miner_revenue_btc_daily,1317.84292547,BTC,daily,OBM v0.1.0
2023-12-22,obm_miner_revenue_btc_daily,1374.48823876,BTC,daily,OBM v0.1.0
2023-12-23,obm_miner_revenue_btc_daily,1202.91548839,BTC,daily,OBM v0.1.0
2023-12-24,obm_miner_revenue_btc_daily,1247.67493735,BTC,daily,OBM v0.1.0
2023-12-25,obm_miner_revenue_btc_daily,1037.63633216,BTC,daily,OBM v0.1.0
2023-12-26,obm_miner_revenue_btc_daily,1036.56165180,BTC,daily,OBM v0.1.0
2023-12-27,obm_miner_revenue_btc_daily,1074.91607230,BTC,daily,OBM v0.1.0
2023-12-28,obm_miner_revenue_btc_daily,988.12168714,BTC,daily,OBM v0.1.0
2023-12-29,obm_miner_revenue_btc_daily,1155.37799944,BTC,daily,OBM v0.1.0
2023-12-30,obm_miner_revenue_btc_daily,1170.54474512,BTC,daily,OBM v0.1.0
2023-12-31,obm_miner_revenue_btc_daily,1329.36812722,BTC,daily,OBM v0.1.0
2024-01-01,obm_miner_revenue_btc_daily,1188.64481659,BTC,daily,OBM v0.1.0
2024-01-02,obm_miner_revenue_btc_daily,961.24877867,BTC,daily,OBM v0.1.0
2024-01-03,obm_miner_revenue_btc_daily,1133.75275834,BTC,daily,OBM v0.1.0
2024-01-04,obm_miner_revenue_btc_daily,1190.10369394,BTC,daily,OBM v0.1.0
2024-01-05,obm_miner_revenue_btc_daily,979.38188166,BTC,daily,OBM v0.1.0
2024-01-06,obm_miner_revenue_btc_daily,962.29314651,BTC,daily,OBM v0.1.0
2024-01-07,obm_miner_revenue_btc_daily,813.79310877,BTC,daily,OBM v0.1.0
2024-01-08,obm_miner_revenue_btc_daily,893.67950253,BTC,daily,OBM v0.1.0
2024-01-09,obm_miner_revenue_btc_daily,1062.11324736,BTC,daily,OBM v0.1.0
2024-01-10,obm_miner_revenue_btc_daily,915.30762333,BTC,daily,OBM v0.1.0
2024-01-11,obm_miner_revenue_btc_daily,1182.53308080,BTC,daily,OBM v0.1.0
2024-01-12,obm_miner_revenue_btc_daily,1157.64636954,BTC,daily,OBM v0.1.0
2024-01-13,obm_miner_revenue_btc_daily,1120.50167769,BTC,daily,OBM v0.1.0
2024-01-14,obm_miner_revenue_btc_daily,1019.07734385,BTC,daily,OBM v0.1.0
2024-01-15,obm_miner_revenue_btc_daily,829.89484570,BTC,daily,OBM v0.1.0
2024-01-16,obm_miner_revenue_btc_daily,905.53360860,BTC,daily,OBM v0.1.0
2024-01-17,obm_miner_revenue_btc_daily,860.84851480,BTC,daily,OBM v0.1.0
2024-01-18,obm_miner_revenue_btc_daily,1008.79357209,BTC,daily,OBM v0.1.0
2024-01-19,obm_miner_revenue_btc_daily,909.17113488,BTC,daily,OBM v0.1.0
2024-01-20,obm_miner_revenue_btc_daily,965.93103642,BTC,daily,OBM v0.1.0
2024-01-21,obm_miner_revenue_btc_daily,946.57920744,BTC,daily,OBM v0.1.0
2024-01-22,obm_miner_revenue_btc_daily,1076.00262046,BTC,daily,OBM v0.1.0
2024-01-23,obm_miner_revenue_btc_daily,1051.01466299,BTC,daily,OBM v0.1.0
2024-01-24,obm_miner_revenue_btc_daily,998.04411570,BTC,daily,OBM v0.1.0
2024-01-25,obm_miner_revenue_btc_daily,1195.38321729,BTC,daily,OBM v0.1.0
2024-01-26,obm_miner_revenue_btc_daily,1005.23224762,BTC,daily,OBM v0.1.0
2024-01-27,obm_miner_revenue_btc_daily,1126.94419444,BTC,daily,OBM v0.1.0
2024-01-28,obm_miner_revenue_btc_daily,1055.64473687,BTC,daily,OBM v0.1.0
2024-01-29,obm_miner_revenue_btc_daily,1030.73711375,BTC,daily,OBM v0.1.0
2024-01-30,obm_miner_revenue_btc_daily,951.62785183,BTC,daily,OBM v0.1.0
2024-01-31,obm_miner_revenue_btc_daily,868.59143558,BTC,daily,OBM v0.1.0
2024-02-01,obm_miner_revenue_btc_daily,1013.40019468,BTC,daily,OBM v0.1.0
2024-02-02,obm_miner_revenue_btc_daily,1240.75075955,BTC,daily,OBM v0.1.0
2024-02-03,obm_miner_revenue_btc_daily,1120.89604373,BTC,daily,OBM v0.1.0
2024-02-04,obm_miner_revenue_btc_daily,1067.17988745,BTC,daily,OBM v0.1.0
2024-02-05,obm_miner_revenue_btc_daily,1039.82428403,BTC,daily,OBM v0.1.0
2024-02-06,obm_miner_revenue_btc_daily,1115.60194348,BTC,daily,OBM v0.1.0
2024-02-07,obm_miner_revenue_btc_daily,1073.07338026,BTC,daily,OBM v0.1.0
2024-02-08,obm_miner_revenue_btc_daily,915.48568660,BTC,daily,OBM v0.1.0
2024-02-09,obm_miner_revenue_btc_daily,1092.21694300,BTC,daily,OBM v0.1.0
2024-02-10,obm_miner_revenue_btc_daily,991.18969769,BTC,daily,OBM v0.1.0
2024-02-11,obm_miner_revenue_btc_daily,884.92207599,BTC,daily,OBM v0.1.0
2024-02-12,obm_miner_revenue_btc_daily,1185.92328884,BTC,daily,OBM v0.1.0
2024-02-13,obm_miner_revenue_btc_daily,891.18001031,BTC,daily,OBM v0.1.0
2024-02-14,obm_miner_revenue_btc_daily,922.92801676,BTC,daily,OBM v0.1.0
2024-02-15,obm_miner_revenue_btc_daily,1019.79925541,BTC,daily,OBM v0.1.0
2024-02-16,obm_miner_revenue_btc_daily,870.31914218,BTC,daily,OBM v0.1.0
2024-02-17,obm_miner_revenue_btc_daily,966.43145591,BTC,daily,OBM v0.1.0
2024-02-18,obm_miner_revenue_btc_daily,780.96238732,BTC,daily,OBM v0.1.0
2024-02-19,obm_miner_revenue_btc_daily,879.15129715,BTC,daily,OBM v0.1.0
2024-02-20,obm_miner_revenue_btc_daily,913.05294503,BTC,daily,OBM v0.1.0
2024-02-21,obm_miner_revenue_btc_daily,894.02972895,BTC,daily,OBM v0.1.0
2024-02-22,obm_miner_revenue_btc_daily,871.99418032,BTC,daily,OBM v0.1.0
2024-02-23,obm_miner_revenue_btc_daily,1024.57559418,BTC,daily,OBM v0.1.0
2024-02-24,obm_miner_revenue_btc_daily,882.21199853,BTC,daily,OBM v0.1.0
2024-02-25,obm_miner_revenue_btc_daily,1049.31764232,BTC,daily,OBM v0.1.0
2024-02-26,obm_miner_revenue_btc_daily,863.38290561,BTC,daily,OBM v0.1.0
2024-02-27,obm_miner_revenue_btc_daily,854.41835130,BTC,daily,OBM v0.1.0
2024-02-28,obm_miner_revenue_btc_daily,991.19820722,BTC,daily,OBM v0.1.0
2024-02-29,obm_miner_revenue_btc_daily,906.51752609,BTC,daily,OBM v0.1.0
2024-03-01,obm_miner_revenue_btc_daily,1021.65798140,BTC,daily,OBM v0.1.0
2024-03-02,obm_miner_revenue_btc_daily,835.75924872,BTC,daily,OBM v0.1.0
2024-03-03,obm_miner_revenue_btc_daily,1014.88678205,BTC,daily,OBM v0.1.0
2024-03-04,obm_miner_revenue_btc_daily,889.04483361,BTC,daily,OBM v0.1.0
2024-03-05,obm_miner_revenue_btc_daily,1146.96170841,BTC,daily,OBM v0.1.0
2024-03-06,obm_miner_revenue_btc_daily,942.49302936,BTC,daily,OBM v0.1.0
2024-03-07,obm_miner_revenue_btc_daily,1177.15660504,BTC,daily,OBM v0.1.0
2024-03-08,obm_miner_revenue_btc_daily,1010.55150656,BTC,daily,OBM v0.1.0
2024-03-09,obm_miner_revenue_btc_daily,1059.45419202,BTC,daily,OBM v0.1.0
2024-03-10,obm_miner_revenue_btc_daily,930.29145850,BTC,daily,OBM v0.1.0
2024-03-11,obm_miner_revenue_btc_daily,1103.53526915,BTC,daily,OBM v0.1.0
2024-03-12,obm_miner_revenue_btc_daily,919.85291378,BTC,daily,OBM v0.1.0
2024-03-13,obm_miner_revenue_btc_daily,1035.64534435,BTC,daily,OBM v0.1.0
2024-03-14,obm_miner_revenue_btc_daily,915.00232286,BTC,daily,OBM v0.1.0
2024-03-15,obm_miner_revenue_btc_daily,830.89060523,BTC,daily,OBM v0.1.0
2024-03-16,obm_miner_revenue_btc_daily,938.20667674,BTC,daily,OBM v0.1.0
2024-03-17,obm_miner_revenue_btc_daily,938.02442346,BTC,daily,OBM v0.1.0
2024-03-18,obm_miner_revenue_btc_daily,941.86822142,BTC,daily,OBM v0.1.0
2024-03-19,obm_miner_revenue_btc_daily,1027.30466679,BTC,daily,OBM v0.1.0
2024-03-20,obm_miner_revenue_btc_daily,964.49518548,BTC,daily,OBM v0.1.0
2024-03-21,obm_miner_revenue_btc_daily,788.08769839,BTC,daily,OBM v0.1.0
2024-03-22,obm_miner_revenue_btc_daily,881.18395736,BTC,daily,OBM v0.1.0
2024-03-23,obm_miner_revenue_btc_daily,999.56584449,BTC,daily,OBM v0.1.0
2024-03-24,obm_miner_revenue_btc_daily,1083.80059524,BTC,daily,OBM v0.1.0
2024-03-25,obm_miner_revenue_btc_daily,852.83097277,BTC,daily,OBM v0.1.0
2024-03-26,obm_miner_revenue_btc_daily,869.19812437,BTC,daily,OBM v0.1.0
2024-03-27,obm_miner_revenue_btc_daily,880.34220638,BTC,daily,OBM v0.1.0
2024-03-28,obm_miner_revenue_btc_daily,980.19377772,BTC,daily,OBM v0.1.0
2024-03-29,obm_miner_revenue_btc_daily,929.31332525,BTC,daily,OBM v0.1.0
2024-03-30,obm_miner_revenue_btc_daily,998.63527823,BTC,daily,OBM v0.1.0
2024-03-31,obm_miner_revenue_btc_daily,884.29897587,BTC,daily,OBM v0.1.0
2024-04-01,obm_miner_revenue_btc_daily,964.74872460,BTC,daily,OBM v0.1.0
2024-04-02,obm_miner_revenue_btc_daily,947.49560801,BTC,daily,OBM v0.1.0
2024-04-03,obm_miner_revenue_btc_daily,915.09327152,BTC,daily,OBM v0.1.0
2024-04-04,obm_miner_revenue_btc_daily,885.55192015,BTC,daily,OBM v0.1.0
2024-04-05,obm_miner_revenue_btc_daily,945.73481621,BTC,daily,OBM v0.1.0
2024-04-06,obm_miner_revenue_btc_daily,986.70771960,BTC,daily,OBM v0.1.0
2024-04-07,obm_miner_revenue_btc_daily,1084.22300262,BTC,daily,OBM v0.1.0
2024-04-08,obm_miner_revenue_btc_daily,1020.61963192,BTC,daily,OBM v0.1.0
2024-04-09,obm_miner_revenue_btc_daily,959.74576889,BTC,daily,OBM v0.1.0
2024-04-10,obm_miner_revenue_btc_daily,1013.58621155,BTC,daily,OBM v0.1.0
2024-04-11,obm_miner_revenue_btc_daily,929.37927248,BTC,daily,OBM v0.1.0
2024-04-12,obm_miner_revenue_btc_daily,1007.21908756,BTC,daily,OBM v0.1.0
2024-04-13,obm_miner_revenue_btc_daily,1130.49580995,BTC,daily,OBM v0.1.0
2024-04-14,obm_miner_revenue_btc_daily,1057.40961817,BTC,daily,OBM v0.1.0
2024-04-15,obm_miner_revenue_btc_daily,1036.27178178,BTC,daily,OBM v0.1.0
2024-04-16,obm_miner_revenue_btc_daily,1126.08667171,BTC,daily,OBM v0.1.0
2024-04-17,obm_miner_revenue_btc_daily,976.21784834,BTC,daily,OBM v0.1.0
2024-04-18,obm_miner_revenue_btc_daily,1014.36277328,BTC,daily,OBM v0.1.0
2024-04-19,obm_miner_revenue_btc_daily,1060.69264961,BTC,daily,OBM v0.1.0
2024-04-20,obm_miner_revenue_btc_daily,1667.09044525,BTC,daily,OBM v0.1.0
2024-04-21,obm_miner_revenue_btc_daily,781.57552762,BTC,daily,OBM v0.1.0
2024-04-22,obm_miner_revenue_btc_daily,728.93403682,BTC,daily,OBM v0.1.0
2024-04-23,obm_miner_revenue_btc_daily,963.55374348,BTC,daily,OBM v0.1.0
2024-04-24,obm_miner_revenue_btc_daily,743.08472687,BTC,daily,OBM v0.1.0
2024-04-25,obm_miner_revenue_btc_daily,552.56477403,BTC,daily,OBM v0.1.0
2024-04-26,obm_miner_revenue_btc_daily,512.36488749,BTC,daily,OBM v0.1.0
2024-04-27,obm_miner_revenue_btc_daily,500.58552488,BTC,daily,OBM v0.1.0
2024-04-28,obm_miner_revenue_btc_daily,490.72139973,BTC,daily,OBM v0.1.0
2024-04-29,obm_miner_revenue_btc_daily,454.81678458,BTC,daily,OBM v0.1.0
2024-04-30,obm_miner_revenue_btc_daily,485.97524293,BTC,daily,OBM v0.1.0
2024-05-01,obm_miner_revenue_btc_daily,450.27713191,BTC,daily,OBM v0.1.0
2024-05-02,obm_miner_revenue_btc_daily,488.49804202,BTC,daily,OBM v0.1.0
2024-05-03,obm_miner_revenue_btc_daily,437.28146994,BTC,daily,OBM v0.1.0
2024-05-04,obm_miner_revenue_btc_daily,486.52301727,BTC,daily,OBM v0.1.0
2024-05-05,obm_miner_revenue_btc_daily,558.60904547,BTC,daily,OBM v0.1.0
2024-05-06,obm_miner_revenue_btc_daily,421.72732225,BTC,daily,OBM v0.1.0
2024-05-07,obm_miner_revenue_btc_daily,417.18063171,BTC,daily,OBM v0.1.0
2024-05-08,obm_miner_revenue_btc_daily,427.14007945,BTC,daily,OBM v0.1.0
2024-05-09,obm_miner_revenue_btc_daily,483.68779834,BTC,daily,OBM v0.1.0
2024-05-10,obm_miner_revenue_btc_daily,484.33884524,BTC,daily,OBM v0.1.0
2024-05-11,obm_miner_revenue_btc_daily,533.69315721,BTC,daily,OBM v0.1.0
2024-05-12,obm_miner_revenue_btc_daily,434.29776315,BTC,daily,OBM v0.1.0
2024-05-13,obm_miner_revenue_btc_daily,485.82597978,BTC,daily,OBM v0.1.0
2024-05-14,obm_miner_revenue_btc_daily,446.80634206,BTC,daily,OBM v0.1.0
2024-05-15,obm_miner_revenue_btc_daily,463.41246404,BTC,daily,OBM v0.1.0
2024-05-16,obm_miner_revenue_btc_daily,466.44643015,BTC,daily,OBM v0.1.0
2024-05-17,obm_miner_revenue_btc_daily,506.00350381,BTC,daily,OBM v0.1.0
2024-05-18,obm_miner_revenue_btc_daily,417.82395992,BTC,daily,OBM v0.1.0
2024-05-19,obm_miner_revenue_btc_daily,497.60610619,BTC,daily,OBM v0.1.0
2024-05-20,obm_miner_revenue_btc_daily,505.17120324,BTC,daily,OBM v0.1.0
2024-05-21,obm_miner_revenue_btc_daily,459.77338381,BTC,daily,OBM v0.1.0
2024-05-22,obm_miner_revenue_btc_daily,499.39217374,BTC,daily,OBM v0.1.0
2024-05-23,obm_miner_revenue_btc_daily,558.07326016,BTC,daily,OBM v0.1.0
2024-05-24,obm_miner_revenue_btc_daily,523.19905641,BTC,daily,OBM v0.1.0
2024-05-25,obm_miner_revenue_btc_daily,521.09604917,BTC,daily,OBM v0.1.0
2024-05-26,obm_miner_revenue_btc_daily,544.49176350,BTC,daily,OBM v0.1.0
2024-05-27,obm_miner_revenue_btc_daily,406.52402360,BTC,daily,OBM v0.1.0
2024-05-28,obm_miner_revenue_btc_daily,436.77668742,BTC,daily,OBM v0.1.0
2024-05-29,obm_miner_revenue_btc_daily,467.05284731,BTC,daily,OBM v0.1.0
2024-05-30,obm_miner_revenue_btc_daily,421.83067084,BTC,daily,OBM v0.1.0
2024-05-31,obm_miner_revenue_btc_daily,531.80446423,BTC,daily,OBM v0.1.0
2024-06-01,obm_miner_revenue_btc_daily,484.85162876,BTC,daily,OBM v0.1.0
2024-06-02,obm_miner_revenue_btc_daily,472.63340460,BTC,daily,OBM v0.1.0
2024-06-03,obm_miner_revenue_btc_daily,534.36555069,BTC,daily,OBM v0.1.0
2024-06-04,obm_miner_revenue_btc_daily,453.96751326,BTC,daily,OBM v0.1.0
2024-06-05,obm_miner_revenue_btc_daily,440.85790190,BTC,daily,OBM v0.1.0
2024-06-06,obm_miner_revenue_btc_daily,481.49179186,BTC,daily,OBM v0.1.0
2024-06-07,obm_miner_revenue_btc_daily,756.41024100,BTC,daily,OBM v0.1.0
2024-06-08,obm_miner_revenue_btc_daily,693.02307420,BTC,daily,OBM v0.1.0
2024-06-09,obm_miner_revenue_btc_daily,551.71423503,BTC,daily,OBM v0.1.0
2024-06-10,obm_miner_revenue_btc_daily,500.12019279,BTC,daily,OBM v0.1.0
2024-06-11,obm_miner_revenue_btc_daily,428.70167776,BTC,daily,OBM v0.1.0
2024-06-12,obm_miner_revenue_btc_daily,502.83871450,BTC,daily,OBM v0.1.0
2024-06-13,obm_miner_revenue_btc_daily,510.66343422,BTC,daily,OBM v0.1.0
2024-06-14,obm_miner_revenue_btc_daily,452.44576037,BTC,daily,OBM v0.1.0
2024-06-15,obm_miner_revenue_btc_daily,463.76788529,BTC,daily,OBM v0.1.0
2024-06-16,obm_miner_revenue_btc_daily,546.35794763,BTC,daily,OBM v0.1.0
2024-06-17,obm_miner_revenue_btc_daily,464.87325737,BTC,daily,OBM v0.1.0
2024-06-18,obm_miner_revenue_btc_daily,512.27466373,BTC,daily,OBM v0.1.0
2024-06-19,obm_miner_revenue_btc_daily,460.56186590,BTC,daily,OBM v0.1.0
2024-06-20,obm_miner_revenue_btc_daily,447.70385598,BTC,daily,OBM v0.1.0
2024-06-21,obm_miner_revenue_btc_daily,465.06630944,BTC,daily,OBM v0.1.0
2024-06-22,obm_miner_revenue_btc_daily,495.79407849,BTC,daily,OBM v0.1.0
2024-06-23,obm_miner_revenue_btc_daily,364.86313592,BTC,daily,OBM v0.1.0
2024-06-24,obm_miner_revenue_btc_daily,494.66666864,BTC,daily,OBM v0.1.0
2024-06-25,obm_miner_revenue_btc_daily,409.38976759,BTC,daily,OBM v0.1.0
2024-06-26,obm_miner_revenue_btc_daily,399.45775891,BTC,daily,OBM v0.1.0
2024-06-27,obm_miner_revenue_btc_daily,424.35260407,BTC,daily,OBM v0.1.0
2024-06-28,obm_miner_revenue_btc_daily,440.07502101,BTC,daily,OBM v0.1.0
2024-06-29,obm_miner_revenue_btc_daily,506.83221673,BTC,daily,OBM v0.1.0
2024-06-30,obm_miner_revenue_btc_daily,391.54597615,BTC,daily,OBM v0.1.0
2024-07-01,obm_miner_revenue_btc_daily,458.97992272,BTC,daily,OBM v0.1.0
2024-07-02,obm_miner_revenue_btc_daily,479.72970414,BTC,daily,OBM v0.1.0
2024-07-03,obm_miner_revenue_btc_daily,469.28087079,BTC,daily,OBM v0.1.0
2024-07-04,obm_miner_revenue_btc_daily,454.37905574,BTC,daily,OBM v0.1.0
2024-07-05,obm_miner_revenue_btc_daily,392.84565925,BTC,daily,OBM v0.1.0
2024-07-06,obm_miner_revenue_btc_daily,531.13916826,BTC,daily,OBM v0.1.0
2024-07-07,obm_miner_revenue_btc_daily,452.94810391,BTC,daily,OBM v0.1.0
2024-07-08,obm_miner_revenue_btc_daily,511.65827776,BTC,daily,OBM v0.1.0
2024-07-09,obm_miner_revenue_btc_daily,494.46596265,BTC,daily,OBM v0.1.0
2024-07-10,obm_miner_revenue_btc_daily,441.14625088,BTC,daily,OBM v0.1.0
2024-07-11,obm_miner_revenue_btc_daily,449.91755020,BTC,daily,OBM v0.1.0
2024-07-12,obm_miner_revenue_btc_daily,481.05543188,BTC,daily,OBM v0.1.0
2024-07-13,obm_miner_revenue_btc_daily,500.67709037,BTC,daily,OBM v0.1.0
2024-07-14,obm_miner_revenue_btc_daily,535.10634179,BTC,daily,OBM v0.1.0
2024-07-15,obm_miner_revenue_btc_daily,491.32730106,BTC,daily,OBM v0.1.0
2024-07-16,obm_miner_revenue_btc_daily,471.68473474,BTC,daily,OBM v0.1.0
2024-07-17,obm_miner_revenue_btc_daily,510.90912410,BTC,daily,OBM v0.1.0
2024-07-18,obm_miner_revenue_btc_daily,413.17784287,BTC,daily,OBM v0.1.0
2024-07-19,obm_miner_revenue_btc_daily,471.51134279,BTC,daily,OBM v0.1.0
2024-07-20,obm_miner_revenue_btc_daily,525.80815370,BTC,daily,OBM v0.1.0
2024-07-21,obm_miner_revenue_btc_daily,537.99097268,BTC,daily,OBM v0.1.0
2024-07-22,obm_miner_revenue_btc_daily,573.09286433,BTC,daily,OBM v0.1.0
2024-07-23,obm_miner_revenue_btc_daily,539.34832795,BTC,daily,OBM v0.1.0
2024-07-24,obm_miner_revenue_btc_daily,447.73998168,BTC,daily,OBM v0.1.0
2024-07-25,obm_miner_revenue_btc_daily,520.05469873,BTC,daily,OBM v0.1.0
2024-07-26,obm_miner_revenue_btc_daily,510.37574629,BTC,daily,OBM v0.1.0
2024-07-27,obm_miner_revenue_btc_daily,491.47380204,BTC,daily,OBM v0.1.0
2024-07-28,obm_miner_revenue_btc_daily,470.65857362,BTC,daily,OBM v0.1.0
2024-07-29,obm_miner_revenue_btc_daily,567.11700219,BTC,daily,OBM v0.1.0
2024-07-30,obm_miner_revenue_btc_daily,478.46429563,BTC,daily,OBM v0.1.0
2024-07-31,obm_miner_revenue_btc_daily,451.23744378,BTC,daily,OBM v0.1.0
2024-08-01,obm_miner_revenue_btc_daily,446.92561542,BTC,daily,OBM v0.1.0
2024-08-02,obm_miner_revenue_btc_daily,399.39257802,BTC,daily,OBM v0.1.0
2024-08-03,obm_miner_revenue_btc_daily,430.10282838,BTC,daily,OBM v0.1.0
2024-08-04,obm_miner_revenue_btc_daily,454.16028958,BTC,daily,OBM v0.1.0
2024-08-05,obm_miner_revenue_btc_daily,496.74879723,BTC,daily,OBM v0.1.0
2024-08-06,obm_miner_revenue_btc_daily,445.70257927,BTC,daily,OBM v0.1.0
2024-08-07,obm_miner_revenue_btc_daily,389.11776233,BTC,daily,OBM v0.1.0
2024-08-08,obm_miner_revenue_btc_daily,412.13101860,BTC,daily,OBM v0.1.0
2024-08-09,obm_miner_revenue_btc_daily,414.85920982,BTC,daily,OBM v0.1.0
2024-08-10,obm_miner_revenue_btc_daily,409.88260334,BTC,daily,OBM v0.1.0
2024-08-11,obm_miner_revenue_btc_daily,509.70971554,BTC,daily,OBM v0.1.0
2024-08-12,obm_miner_revenue_btc_daily,436.40490100,BTC,daily,OBM v0.1.0
2024-08-13,obm_miner_revenue_btc_daily,473.68404479,BTC,daily,OBM v0.1.0
2024-08-14,obm_miner_revenue_btc_daily,420.47068608,BTC,daily,OBM v0.1.0
2024-08-15,obm_miner_revenue_btc_daily,508.61692903,BTC,daily,OBM v0.1.0
2024-08-16,obm_miner_revenue_btc_daily,452.64082515,BTC,daily,OBM v0.1.0
2024-08-17,obm_miner_revenue_btc_daily,472.86781380,BTC,daily,OBM v0.1.0
2024-08-18,obm_miner_revenue_btc_daily,494.71975856,BTC,daily,OBM v0.1.0
2024-08-19,obm_miner_revenue_btc_daily,415.11871172,BTC,daily,OBM v0.1.0
2024-08-20,obm_miner_revenue_btc_daily,478.71691022,BTC,daily,OBM v0.1.0
2024-08-21,obm_miner_revenue_btc_daily,467.85411827,BTC,daily,OBM v0.1.0
2024-08-22,obm_miner_revenue_btc_daily,600.26494952,BTC,daily,OBM v0.1.0
2024-08-23,obm_miner_revenue_btc_daily,522.31679278,BTC,daily,OBM v0.1.0
2024-08-24,obm_miner_revenue_btc_daily,485.62956521,BTC,daily,OBM v0.1.0
2024-08-25,obm_miner_revenue_btc_daily,422.65411978,BTC,daily,OBM v0.1.0
2024-08-26,obm_miner_revenue_btc_daily,427.24892683,BTC,daily,OBM v0.1.0
2024-08-27,obm_miner_revenue_btc_daily,451.53902014,BTC,daily,OBM v0.1.0
2024-08-28,obm_miner_revenue_btc_daily,510.83803402,BTC,daily,OBM v0.1.0
2024-08-29,obm_miner_revenue_btc_daily,420.69652039,BTC,daily,OBM v0.1.0
2024-08-30,obm_miner_revenue_btc_daily,451.76337142,BTC,daily,OBM v0.1.0
2024-08-31,obm_miner_revenue_btc_daily,465.70067021,BTC,daily,OBM v0.1.0
2024-09-01,obm_miner_revenue_btc_daily,450.20785370,BTC,daily,OBM v0.1.0
2024-09-02,obm_miner_revenue_btc_daily,529.48497931,BTC,daily,OBM v0.1.0
2024-09-03,obm_miner_revenue_btc_daily,474.09666562,BTC,daily,OBM v0.1.0
2024-09-04,obm_miner_revenue_btc_daily,479.64666702,BTC,daily,OBM v0.1.0
2024-09-05,obm_miner_revenue_btc_daily,495.11685881,BTC,daily,OBM v0.1.0
2024-09-06,obm_miner_revenue_btc_daily,460.74587899,BTC,daily,OBM v0.1.0
2024-09-07,obm_miner_revenue_btc_daily,500.30236788,BTC,daily,OBM v0.1.0
2024-09-08,obm_miner_revenue_btc_daily,528.19916894,BTC,daily,OBM v0.1.0
2024-09-09,obm_miner_revenue_btc_daily,460.02745869,BTC,daily,OBM v0.1.0
2024-09-10,obm_miner_revenue_btc_daily,435.08668441,BTC,daily,OBM v0.1.0
2024-09-11,obm_miner_revenue_btc_daily,344.14230020,BTC,daily,OBM v0.1.0
2024-09-12,obm_miner_revenue_btc_daily,483.33154165,BTC,daily,OBM v0.1.0
2024-09-13,obm_miner_revenue_btc_daily,391.87054216,BTC,daily,OBM v0.1.0
2024-09-14,obm_miner_revenue_btc_daily,440.97356097,BTC,daily,OBM v0.1.0
2024-09-15,obm_miner_revenue_btc_daily,478.20263497,BTC,daily,OBM v0.1.0
2024-09-16,obm_miner_revenue_btc_daily,397.10810803,BTC,daily,OBM v0.1.0
2024-09-17,obm_miner_revenue_btc_daily,476.99456446,BTC,daily,OBM v0.1.0
2024-09-18,obm_miner_revenue_btc_daily,438.26957527,BTC,daily,OBM v0.1.0
2024-09-19,obm_miner_revenue_btc_daily,391.18991933,BTC,daily,OBM v0.1.0
2024-09-20,obm_miner_revenue_btc_daily,462.63826178,BTC,daily,OBM v0.1.0
2024-09-21,obm_miner_revenue_btc_daily,427.95233222,BTC,daily,OBM v0.1.0
2024-09-22,obm_miner_revenue_btc_daily,430.29158738,BTC,daily,OBM v0.1.0
2024-09-23,obm_miner_revenue_btc_daily,463.98724518,BTC,daily,OBM v0.1.0
2024-09-24,obm_miner_revenue_btc_daily,460.09787174,BTC,daily,OBM v0.1.0
2024-09-25,obm_miner_revenue_btc_daily,456.64890985,BTC,daily,OBM v0.1.0
2024-09-26,obm_miner_revenue_btc_daily,414.78083566,BTC,daily,OBM v0.1.0
2024-09-27,obm_miner_revenue_btc_daily,439.19640301,BTC,daily,OBM v0.1.0
2024-09-28,obm_miner_revenue_btc_daily,413.18260871,BTC,daily,OBM v0.1.0
2024-09-29,obm_miner_revenue_btc_daily,491.90771012,BTC,daily,OBM v0.1.0
2024-09-30,obm_miner_revenue_btc_daily,435.45488162,BTC,daily,OBM v0.1.0
2024-10-01,obm_miner_revenue_btc_daily,498.53113200,BTC,daily,OBM v0.1.0
2024-10-02,obm_miner_revenue_btc_daily,491.24165362,BTC,daily,OBM v0.1.0
2024-10-03,obm_miner_revenue_btc_daily,501.38887897,BTC,daily,OBM v0.1.0
2024-10-04,obm_miner_revenue_btc_daily,535.27965611,BTC,daily,OBM v0.1.0
2024-10-05,obm_miner_revenue_btc_daily,483.96675815,BTC,daily,OBM v0.1.0
2024-10-06,obm_miner_revenue_btc_daily,484.75878648,BTC,daily,OBM v0.1.0
2024-10-07,obm_miner_revenue_btc_daily,497.07304366,BTC,daily,OBM v0.1.0
2024-10-08,obm_miner_revenue_btc_daily,538.67780544,BTC,daily,OBM v0.1.0
2024-10-09,obm_miner_revenue_btc_daily,412.10224636,BTC,daily,OBM v0.1.0
2024-10-10,obm_miner_revenue_btc_daily,509.62620794,BTC,daily,OBM v0.1.0
2024-10-11,obm_miner_revenue_btc_daily,482.15100995,BTC,daily,OBM v0.1.0
2024-10-12,obm_miner_revenue_btc_daily,491.68085487,BTC,daily,OBM v0.1.0
2024-10-13,obm_miner_revenue_btc_daily,455.96939620,BTC,daily,OBM v0.1.0
2024-10-14,obm_miner_revenue_btc_daily,460.00914002,BTC,daily,OBM v0.1.0
2024-10-15,obm_miner_revenue_btc_daily,513.30827790,BTC,daily,OBM v0.1.0
2024-10-16,obm_miner_revenue_btc_daily,491.51565071,BTC,daily,OBM v0.1.0
2024-10-17,obm_miner_revenue_btc_daily,552.03048312,BTC,daily,OBM v0.1.0
2024-10-18,obm_miner_revenue_btc_daily,450.09934504,BTC,daily,OBM v0.1.0
2024-10-19,obm_miner_revenue_btc_daily,556.22486161,BTC,daily,OBM v0.1.0
2024-10-20,obm_miner_revenue_btc_daily,554.15934132,BTC,daily,OBM v0.1.0
2024-10-21,obm_miner_revenue_btc_daily,551.89252803,BTC,daily,OBM v0.1.0
2024-10-22,obm_miner_revenue_btc_daily,456.93647521,BTC,daily,OBM v0.1.0
2024-10-23,obm_miner_revenue_btc_daily,495.70521523,BTC,daily,OBM v0.1.0
2024-10-24,obm_miner_revenue_btc_daily,506.89320598,BTC,daily,OBM v0.1.0
2024-10-25,obm_miner_revenue_btc_daily,514.80551590,BTC,daily,OBM v0.1.0
2024-10-26,obm_miner_revenue_btc_daily,466.78645818,BTC,daily,OBM v0.1.0
2024-10-27,obm_miner_revenue_btc_daily,511.36378793,BTC,daily,OBM v0.1.0
2024-10-28,obm_miner_revenue_btc_daily,532.59997708,BTC,daily,OBM v0.1.0
2024-10-29,obm_miner_revenue_btc_daily,502.10840517,BTC,daily,OBM v0.1.0
2024-10-30,obm_miner_revenue_btc_daily,537.50713934,BTC,daily,OBM v0.1.0
2024-10-31,obm_miner_revenue_btc_daily,559.44168703,BTC,daily,OBM v0.1.0
2024-11-01,obm_miner_revenue_btc_daily,486.43604265,BTC,daily,OBM v0.1.0
2024-11-02,obm_miner_revenue_btc_daily,447.73791527,BTC,daily,OBM v0.1.0
2024-11-03,obm_miner_revenue_btc_daily,417.84670994,BTC,daily,OBM v0.1.0
2024-11-04,obm_miner_revenue_btc_daily,478.16746117,BTC,daily,OBM v0.1.0
2024-11-05,obm_miner_revenue_btc_daily,440.87397362,BTC,daily,OBM v0.1.0
2024-11-06,obm_miner_revenue_btc_daily,486.40604110,BTC,daily,OBM v0.1.0
2024-11-07,obm_miner_revenue_btc_daily,494.14451970,BTC,daily,OBM v0.1.0
2024-11-08,obm_miner_revenue_btc_daily,451.70681621,BTC,daily,OBM v0.1.0
2024-11-09,obm_miner_revenue_btc_daily,447.57282062,BTC,daily,OBM v0.1.0
2024-11-10,obm_miner_revenue_btc_daily,473.33393374,BTC,daily,OBM v0.1.0
2024-11-11,obm_miner_revenue_btc_daily,440.21700428,BTC,daily,OBM v0.1.0
2024-11-12,obm_miner_revenue_btc_daily,476.23806028,BTC,daily,OBM v0.1.0
2024-11-13,obm_miner_revenue_btc_daily,454.18449785,BTC,daily,OBM v0.1.0
2024-11-14,obm_miner_revenue_btc_daily,421.57152819,BTC,daily,OBM v0.1.0
2024-11-15,obm_miner_revenue_btc_daily,510.17119948,BTC,daily,OBM v0.1.0
2024-11-16,obm_miner_revenue_btc_daily,508.86480741,BTC,daily,OBM v0.1.0
2024-11-17,obm_miner_revenue_btc_daily,478.21873334,BTC,daily,OBM v0.1.0
2024-11-18,obm_miner_revenue_btc_daily,505.02324240,BTC,daily,OBM v0.1.0
2024-11-19,obm_miner_revenue_btc_daily,571.30157632,BTC,daily,OBM v0.1.0
2024-11-20,obm_miner_revenue_btc_daily,480.63864839,BTC,daily,OBM v0.1.0
2024-11-21,obm_miner_revenue_btc_daily,472.90097477,BTC,daily,OBM v0.1.0
2024-11-22,obm_miner_revenue_btc_daily,465.69365613,BTC,daily,OBM v0.1.0
2024-11-23,obm_miner_revenue_btc_daily,445.04874845,BTC,daily,OBM v0.1.0
2024-11-24,obm_miner_revenue_btc_daily,428.14341959,BTC,daily,OBM v0.1.0
2024-11-25,obm_miner_revenue_btc_daily,539.57703731,BTC,daily,OBM v0.1.0
2024-11-26,obm_miner_revenue_btc_daily,451.58324641,BTC,daily,OBM v0.1.0
2024-11-27,obm_miner_revenue_btc_daily,425.62840524,BTC,daily,OBM v0.1.0
2024-11-28,obm_miner_revenue_btc_daily,457.50384556,BTC,daily,OBM v0.1.0
2024-11-29,obm_miner_revenue_btc_daily,391.18899847,BTC,daily,OBM v0.1.0
2024-11-30,obm_miner_revenue_btc_daily,522.62253066,BTC,daily,OBM v0.1.0
2024-12-01,obm_miner_revenue_btc_daily,513.93743206,BTC,daily,OBM v0.1.0
2024-12-02,obm_miner_revenue_btc_daily,416.06433475,BTC,daily,OBM v0.1.0
2024-12-03,obm_miner_revenue_btc_daily,506.09375251,BTC,daily,OBM v0.1.0
2024-12-04,obm_miner_revenue_btc_daily,471.22235213,BTC,daily,OBM v0.1.0
2024-12-05,obm_miner_revenue_btc_daily,498.66023694,BTC,daily,OBM v0.1.0
2024-12-06,obm_miner_revenue_btc_daily,439.20515530,BTC,daily,OBM v0.1.0
2024-12-07,obm_miner_revenue_btc_daily,462.81458146,BTC,daily,OBM v0.1.0
2024-12-08,obm_miner_revenue_btc_daily,471.46843118,BTC,daily,OBM v0.1.0
2024-12-09,obm_miner_revenue_btc_daily,537.84532013,BTC,daily,OBM v0.1.0
2024-12-10,obm_miner_revenue_btc_daily,497.12899930,BTC,daily,OBM v0.1.0
2024-12-11,obm_miner_revenue_btc_daily,462.68428847,BTC,daily,OBM v0.1.0
2024-12-12,obm_miner_revenue_btc_daily,482.18859729,BTC,daily,OBM v0.1.0
2024-12-13,obm_miner_revenue_btc_daily,545.67776678,BTC,daily,OBM v0.1.0
2024-12-14,obm_miner_revenue_btc_daily,508.86834626,BTC,daily,OBM v0.1.0
2024-12-15,obm_miner_revenue_btc_daily,437.69101823,BTC,daily,OBM v0.1.0
2024-12-16,obm_miner_revenue_btc_daily,474.82757708,BTC,daily,OBM v0.1.0
2024-12-17,obm_miner_revenue_btc_daily,437.73761816,BTC,daily,OBM v0.1.0
2024-12-18,obm_miner_revenue_btc_daily,463.11339949,BTC,daily,OBM v0.1.0
2024-12-19,obm_miner_revenue_btc_daily,475.99770158,BTC,daily,OBM v0.1.0
2024-12-20,obm_miner_revenue_btc_daily,487.06098374,BTC,daily,OBM v0.1.0
2024-12-21,obm_miner_revenue_btc_daily,463.82173036,BTC,daily,OBM v0.1.0
2024-12-22,obm_miner_revenue_btc_daily,492.66000274,BTC,daily,OBM v0.1.0
2024-12-23,obm_miner_revenue_btc_daily,445.21045209,BTC,daily,OBM v0.1.0
2024-12-24,obm_miner_revenue_btc_daily,422.07170242,BTC,daily,OBM v0.1.0
2024-12-25,obm_miner_revenue_btc_daily,479.56883398,BTC,daily,OBM v0.1.0
2024-12-26,obm_miner_revenue_btc_daily,417.09874614,BTC,daily,OBM v0.1.0
2024-12-27,obm_miner_revenue_btc_daily,500.64789160,BTC,daily,OBM v0.1.0
2024-12-28,obm_miner_revenue_btc_daily,452.53532032,BTC,daily,OBM v0.1.0
2024-12-29,obm_miner_revenue_btc_daily,500.21514089,BTC,daily,OBM v0.1.0
2024-12-30,obm_miner_revenue_btc_daily,503.94840763,BTC,daily,OBM v0.1.0
2024-12-31,obm_miner_revenue_btc_daily,409.04637861,BTC,daily,OBM v0.1.0
2025-01-01,obm_miner_revenue_btc_daily,442.25966146,BTC,daily,OBM v0.1.0
2025-01-02,obm_miner_revenue_btc_daily,527.42606928,BTC,daily,OBM v0.1.0
2025-01-03,obm_miner_revenue_btc_daily,449.88209851,BTC,daily,OBM v0.1.0
2025-01-04,obm_miner_revenue_btc_daily,471.55582589,BTC,daily,OBM v0.1.0
2025-01-05,obm_miner_revenue_btc_daily,493.40927713,BTC,daily,OBM v0.1.0
2025-01-06,obm_miner_revenue_btc_daily,422.24158496,BTC,daily,OBM v0.1.0
2025-01-07,obm_miner_revenue_btc_daily,426.01172212,BTC,daily,OBM v0.1.0
2025-01-08,obm_miner_revenue_btc_daily,398.20166765,BTC,daily,OBM v0.1.0
2025-01-09,obm_miner_revenue_btc_daily,482.30517284,BTC,daily,OBM v0.1.0
2025-01-10,obm_miner_revenue_btc_daily,450.64764199,BTC,daily,OBM v0.1.0
2025-01-11,obm_miner_revenue_btc_daily,436.70124430,BTC,daily,OBM v0.1.0
2025-01-12,obm_miner_revenue_btc_daily,542.39441835,BTC,daily,OBM v0.1.0
2025-01-13,obm_miner_revenue_btc_daily,407.77759382,BTC,daily,OBM v0.1.0
2025-01-14,obm_miner_revenue_btc_daily,487.79509656,BTC,daily,OBM v0.1.0
2025-01-15,obm_miner_revenue_btc_daily,441.88749449,BTC,daily,OBM v0.1.0
2025-01-16,obm_miner_revenue_btc_daily,407.34821606,BTC,daily,OBM v0.1.0
2025-01-17,obm_miner_revenue_btc_daily,477.74591804,BTC,daily,OBM v0.1.0
2025-01-18,obm_miner_revenue_btc_daily,412.42237010,BTC,daily,OBM v0.1.0
2025-01-19,obm_miner_revenue_btc_daily,475.23286551,BTC,daily,OBM v0.1.0
2025-01-20,obm_miner_revenue_btc_daily,487.37123961,BTC,daily,OBM v0.1.0
2025-01-21,obm_miner_revenue_btc_daily,425.85218074,BTC,daily,OBM v0.1.0
2025-01-22,obm_miner_revenue_btc_daily,476.41591777,BTC,daily,OBM v0.1.0
2025-01-23,obm_miner_revenue_btc_daily,431.80064844,BTC,daily,OBM v0.1.0
2025-01-24,obm_miner_revenue_btc_daily,443.96619261,BTC,daily,OBM v0.1.0
2025-01-25,obm_miner_revenue_btc_daily,405.43393854,BTC,daily,OBM v0.1.0
2025-01-26,obm_miner_revenue_btc_daily,432.32287458,BTC,daily,OBM v0.1.0
2025-01-27,obm_miner_revenue_btc_daily,493.63674654,BTC,daily,OBM v0.1.0
2025-01-28,obm_miner_revenue_btc_daily,467.22442794,BTC,daily,OBM v0.1.0
2025-01-29,obm_miner_revenue_btc_daily,489.19986544,BTC,daily,OBM v0.1.0
2025-01-30,obm_miner_revenue_btc_daily,458.09596750,BTC,daily,OBM v0.1.0
2025-01-31,obm_miner_revenue_btc_daily,395.56844654,BTC,daily,OBM v0.1.0
2025-02-01,obm_miner_revenue_btc_daily,579.77369059,BTC,daily,OBM v0.1.0
2025-02-02,obm_miner_revenue_btc_daily,538.93901992,BTC,daily,OBM v0.1.0
2025-02-03,obm_miner_revenue_btc_daily,484.23299185,BTC,daily,OBM v0.1.0
2025-02-04,obm_miner_revenue_btc_daily,414.43299066,BTC,daily,OBM v0.1.0
2025-02-05,obm_miner_revenue_btc_daily,455.48304439,BTC,daily,OBM v0.1.0
2025-02-06,obm_miner_revenue_btc_daily,458.42918503,BTC,daily,OBM v0.1.0
2025-02-07,obm_miner_revenue_btc_daily,545.97689190,BTC,daily,OBM v0.1.0
2025-02-08,obm_miner_revenue_btc_daily,504.52014747,BTC,daily,OBM v0.1.0
2025-02-09,obm_miner_revenue_btc_daily,450.36863049,BTC,daily,OBM v0.1.0
2025-02-10,obm_miner_revenue_btc_daily,438.95636983,BTC,daily,OBM v0.1.0
2025-02-11,obm_miner_revenue_btc_daily,392.75830099,BTC,daily,OBM v0.1.0
2025-02-12,obm_miner_revenue_btc_daily,420.26179763,BTC,daily,OBM v0.1.0
2025-02-13,obm_miner_revenue_btc_daily,499.42656566,BTC,daily,OBM v0.1.0
2025-02-14,obm_miner_revenue_btc_daily,479.74421238,BTC,daily,OBM v0.1.0
2025-02-15,obm_miner_revenue_btc_daily,503.79761363,BTC,daily,OBM v0.1.0
2025-02-16,obm_miner_revenue_btc_daily,476.19325667,BTC,daily,OBM v0.1.0
2025-02-17,obm_miner_revenue_btc_daily,434.29647537,BTC,daily,OBM v0.1.0
2025-02-18,obm_miner_revenue_btc_daily,442.20300601,BTC,daily,OBM v0.1.0
2025-02-19,obm_miner_revenue_btc_daily,398.87711265,BTC,daily,OBM v0.1.0
2025-02-20,obm_miner_revenue_btc_daily,411.59660212,BTC,daily,OBM v0.1.0
2025-02-21,obm_miner_revenue_btc_daily,408.78267575,BTC,daily,OBM v0.1.0
2025-02-22,obm_miner_revenue_btc_daily,440.74696667,BTC,daily,OBM v0.1.0
2025-02-23,obm_miner_revenue_btc_daily,414.62897064,BTC,daily,OBM v0.1.0
2025-02-24,obm_miner_revenue_btc_daily,420.12325245,BTC,daily,OBM v0.1.0
2025-02-25,obm_miner_revenue_btc_daily,470.77251135,BTC,daily,OBM v0.1.0
2025-02-26,obm_miner_revenue_btc_daily,501.52929197,BTC,daily,OBM v0.1.0
2025-02-27,obm_miner_revenue_btc_daily,477.13750673,BTC,daily,OBM v0.1.0
2025-02-28,obm_miner_revenue_btc_daily,494.05454643,BTC,daily,OBM v0.1.0
2025-03-01,obm_miner_revenue_btc_daily,455.81098518,BTC,daily,OBM v0.1.0
2025-03-02,obm_miner_revenue_btc_daily,399.29312386,BTC,daily,OBM v0.1.0
2025-03-03,obm_miner_revenue_btc_daily,474.81396417,BTC,daily,OBM v0.1.0
2025-03-04,obm_miner_revenue_btc_daily,461.49728617,BTC,daily,OBM v0.1.0
2025-03-05,obm_miner_revenue_btc_daily,423.59001704,BTC,daily,OBM v0.1.0
2025-03-06,obm_miner_revenue_btc_daily,536.42590844,BTC,daily,OBM v0.1.0
2025-03-07,obm_miner_revenue_btc_daily,449.42697393,BTC,daily,OBM v0.1.0
2025-03-08,obm_miner_revenue_btc_daily,432.47552107,BTC,daily,OBM v0.1.0
2025-03-09,obm_miner_revenue_btc_daily,501.28602143,BTC,daily,OBM v0.1.0
2025-03-10,obm_miner_revenue_btc_daily,486.56973344,BTC,daily,OBM v0.1.0
2025-03-11,obm_miner_revenue_btc_daily,437.28321775,BTC,daily,OBM v0.1.0
2025-03-12,obm_miner_revenue_btc_daily,483.31784074,BTC,daily,OBM v0.1.0
2025-03-13,obm_miner_revenue_btc_daily,502.43466839,BTC,daily,OBM v0.1.0
2025-03-14,obm_miner_revenue_btc_daily,449.19754166,BTC,daily,OBM v0.1.0
2025-03-15,obm_miner_revenue_btc_daily,417.43259972,BTC,daily,OBM v0.1.0
2025-03-16,obm_miner_revenue_btc_daily,457.24527733,BTC,daily,OBM v0.1.0
2025-03-17,obm_miner_revenue_btc_daily,442.18492926,BTC,daily,OBM v0.1.0
2025-03-18,obm_miner_revenue_btc_daily,448.25683813,BTC,daily,OBM v0.1.0
2025-03-19,obm_miner_revenue_btc_daily,480.28843574,BTC,daily,OBM v0.1.0
2025-03-20,obm_miner_revenue_btc_daily,449.22113345,BTC,daily,OBM v0.1.0
2025-03-21,obm_miner_revenue_btc_daily,458.17221416,BTC,daily,OBM v0.1.0
2025-03-22,obm_miner_revenue_btc_daily,478.55885550,BTC,daily,OBM v0.1.0
2025-03-23,obm_miner_revenue_btc_daily,493.47845109,BTC,daily,OBM v0.1.0
2025-03-24,obm_miner_revenue_btc_daily,487.42073992,BTC,daily,OBM v0.1.0
2025-03-25,obm_miner_revenue_btc_daily,478.72966122,BTC,daily,OBM v0.1.0
2025-03-26,obm_miner_revenue_btc_daily,484.67987151,BTC,daily,OBM v0.1.0
2025-03-27,obm_miner_revenue_btc_daily,467.78757722,BTC,daily,OBM v0.1.0
2025-03-28,obm_miner_revenue_btc_daily,487.36506746,BTC,daily,OBM v0.1.0
2025-03-29,obm_miner_revenue_btc_daily,444.82850731,BTC,daily,OBM v0.1.0
2025-03-30,obm_miner_revenue_btc_daily,431.27343402,BTC,daily,OBM v0.1.0
2025-03-31,obm_miner_revenue_btc_daily,467.40637758,BTC,daily,OBM v0.1.0
2025-04-01,obm_miner_revenue_btc_daily,426.22892095,BTC,daily,OBM v0.1.0
2025-04-02,obm_miner_revenue_btc_daily,541.93354893,BTC,daily,OBM v0.1.0
2025-04-03,obm_miner_revenue_btc_daily,480.78142113,BTC,daily,OBM v0.1.0
2025-04-04,obm_miner_revenue_btc_daily,568.05492521,BTC,daily,OBM v0.1.0
2025-04-05,obm_miner_revenue_btc_daily,516.81543587,BTC,daily,OBM v0.1.0
2025-04-06,obm_miner_revenue_btc_daily,457.44153614,BTC,daily,OBM v0.1.0
2025-04-07,obm_miner_revenue_btc_daily,459.71797190,BTC,daily,OBM v0.1.0
2025-04-08,obm_miner_revenue_btc_daily,486.00527275,BTC,daily,OBM v0.1.0
2025-04-09,obm_miner_revenue_btc_daily,414.99567755,BTC,daily,OBM v0.1.0
2025-04-10,obm_miner_revenue_btc_daily,455.24074284,BTC,daily,OBM v0.1.0
2025-04-11,obm_miner_revenue_btc_daily,470.17759265,BTC,daily,OBM v0.1.0
2025-04-12,obm_miner_revenue_btc_daily,455.42209134,BTC,daily,OBM v0.1.0
2025-04-13,obm_miner_revenue_btc_daily,541.74206972,BTC,daily,OBM v0.1.0
2025-04-14,obm_miner_revenue_btc_daily,471.95817847,BTC,daily,OBM v0.1.0
2025-04-15,obm_miner_revenue_btc_daily,455.68117728,BTC,daily,OBM v0.1.0
2025-04-16,obm_miner_revenue_btc_daily,468.36866499,BTC,daily,OBM v0.1.0
2025-04-17,obm_miner_revenue_btc_daily,484.13691029,BTC,daily,OBM v0.1.0
2025-04-18,obm_miner_revenue_btc_daily,430.29350354,BTC,daily,OBM v0.1.0
2025-04-19,obm_miner_revenue_btc_daily,440.75362728,BTC,daily,OBM v0.1.0
2025-04-20,obm_miner_revenue_btc_daily,389.85558948,BTC,daily,OBM v0.1.0
2025-04-21,obm_miner_revenue_btc_daily,400.31028401,BTC,daily,OBM v0.1.0
2025-04-22,obm_miner_revenue_btc_daily,490.65168027,BTC,daily,OBM v0.1.0
2025-04-23,obm_miner_revenue_btc_daily,367.54144978,BTC,daily,OBM v0.1.0
2025-04-24,obm_miner_revenue_btc_daily,449.59681044,BTC,daily,OBM v0.1.0
2025-04-25,obm_miner_revenue_btc_daily,456.11062858,BTC,daily,OBM v0.1.0
2025-04-26,obm_miner_revenue_btc_daily,420.03624590,BTC,daily,OBM v0.1.0
2025-04-27,obm_miner_revenue_btc_daily,427.05726759,BTC,daily,OBM v0.1.0
2025-04-28,obm_miner_revenue_btc_daily,447.25279975,BTC,daily,OBM v0.1.0
2025-04-29,obm_miner_revenue_btc_daily,462.42471382,BTC,daily,OBM v0.1.0
2025-04-30,obm_miner_revenue_btc_daily,419.09233937,BTC,daily,OBM v0.1.0
2025-05-01,obm_miner_revenue_btc_daily,427.38728636,BTC,daily,OBM v0.1.0
2025-05-02,obm_miner_revenue_btc_daily,502.45480294,BTC,daily,OBM v0.1.0
2025-05-03,obm_miner_revenue_btc_daily,516.46539313,BTC,daily,OBM v0.1.0
2025-05-04,obm_miner_revenue_btc_daily,437.77741752,BTC,daily,OBM v0.1.0
2025-05-05,obm_miner_revenue_btc_daily,551.98424846,BTC,daily,OBM v0.1.0
2025-05-06,obm_miner_revenue_btc_daily,436.47915970,BTC,daily,OBM v0.1.0
2025-05-07,obm_miner_revenue_btc_daily,478.52372211,BTC,daily,OBM v0.1.0
2025-05-08,obm_miner_revenue_btc_daily,503.41654471,BTC,daily,OBM v0.1.0
2025-05-09,obm_miner_revenue_btc_daily,444.36709106,BTC,daily,OBM v0.1.0
2025-05-10,obm_miner_revenue_btc_daily,473.18758934,BTC,daily,OBM v0.1.0
2025-05-11,obm_miner_revenue_btc_daily,469.05388556,BTC,daily,OBM v0.1.0
2025-05-12,obm_miner_revenue_btc_daily,466.07124506,BTC,daily,OBM v0.1.0
2025-05-13,obm_miner_revenue_btc_daily,412.52176477,BTC,daily,OBM v0.1.0
2025-05-14,obm_miner_revenue_btc_daily,457.20969077,BTC,daily,OBM v0.1.0
2025-05-15,obm_miner_revenue_btc_daily,461.67989389,BTC,daily,OBM v0.1.0
2025-05-16,obm_miner_revenue_btc_daily,437.22527292,BTC,daily,OBM v0.1.0
2025-05-17,obm_miner_revenue_btc_daily,454.07071709,BTC,daily,OBM v0.1.0
2025-05-18,obm_miner_revenue_btc_daily,512.17363402,BTC,daily,OBM v0.1.0
2025-05-19,obm_miner_revenue_btc_daily,447.50423802,BTC,daily,OBM v0.1.0
2025-05-20,obm_miner_revenue_btc_daily,469.92181356,BTC,daily,OBM v0.1.0
2025-05-21,obm_miner_revenue_btc_daily,457.89930777,BTC,daily,OBM v0.1.0
2025-05-22,obm_miner_revenue_btc_daily,476.68397384,BTC,daily,OBM v0.1.0
2025-05-23,obm_miner_revenue_btc_daily,490.45690297,BTC,daily,OBM v0.1.0
2025-05-24,obm_miner_revenue_btc_daily,445.85066514,BTC,daily,OBM v0.1.0
2025-05-25,obm_miner_revenue_btc_daily,475.95401920,BTC,daily,OBM v0.1.0
2025-05-26,obm_miner_revenue_btc_daily,483.26557141,BTC,daily,OBM v0.1.0
2025-05-27,obm_miner_revenue_btc_daily,446.30424813,BTC,daily,OBM v0.1.0
2025-05-28,obm_miner_revenue_btc_daily,520.53702577,BTC,daily,OBM v0.1.0
2025-05-29,obm_miner_revenue_btc_daily,502.14997498,BTC,daily,OBM v0.1.0
2025-05-30,obm_miner_revenue_btc_daily,490.29637282,BTC,daily,OBM v0.1.0
2025-05-31,obm_miner_revenue_btc_daily,507.15580789,BTC,daily,OBM v0.1.0
2025-06-01,obm_miner_revenue_btc_daily,419.10320533,BTC,daily,OBM v0.1.0
2025-06-02,obm_miner_revenue_btc_daily,420.40025893,BTC,daily,OBM v0.1.0
2025-06-03,obm_miner_revenue_btc_daily,454.80950729,BTC,daily,OBM v0.1.0
2025-06-04,obm_miner_revenue_btc_daily,398.46820395,BTC,daily,OBM v0.1.0
2025-06-05,obm_miner_revenue_btc_daily,423.62605976,BTC,daily,OBM v0.1.0
2025-06-06,obm_miner_revenue_btc_daily,423.18263288,BTC,daily,OBM v0.1.0
2025-06-07,obm_miner_revenue_btc_daily,450.15837841,BTC,daily,OBM v0.1.0
2025-06-08,obm_miner_revenue_btc_daily,481.29218524,BTC,daily,OBM v0.1.0
2025-06-09,obm_miner_revenue_btc_daily,442.50421660,BTC,daily,OBM v0.1.0
2025-06-10,obm_miner_revenue_btc_daily,533.47274316,BTC,daily,OBM v0.1.0
2025-06-11,obm_miner_revenue_btc_daily,445.38957270,BTC,daily,OBM v0.1.0
2025-06-12,obm_miner_revenue_btc_daily,467.36216516,BTC,daily,OBM v0.1.0
2025-06-13,obm_miner_revenue_btc_daily,459.65306429,BTC,daily,OBM v0.1.0
2025-06-14,obm_miner_revenue_btc_daily,474.93399207,BTC,daily,OBM v0.1.0
2025-06-15,obm_miner_revenue_btc_daily,427.62938943,BTC,daily,OBM v0.1.0
2025-06-16,obm_miner_revenue_btc_daily,461.16512135,BTC,daily,OBM v0.1.0
2025-06-17,obm_miner_revenue_btc_daily,375.00886652,BTC,daily,OBM v0.1.0
2025-06-18,obm_miner_revenue_btc_daily,444.45175944,BTC,daily,OBM v0.1.0
2025-06-19,obm_miner_revenue_btc_daily,401.95194733,BTC,daily,OBM v0.1.0
2025-06-20,obm_miner_revenue_btc_daily,477.14337785,BTC,daily,OBM v0.1.0
2025-06-21,obm_miner_revenue_btc_daily,444.14306095,BTC,daily,OBM v0.1.0
2025-06-22,obm_miner_revenue_btc_daily,337.15559806,BTC,daily,OBM v0.1.0
2025-06-23,obm_miner_revenue_btc_daily,339.26728743,BTC,daily,OBM v0.1.0
2025-06-24,obm_miner_revenue_btc_daily,371.78437865,BTC,daily,OBM v0.1.0
2025-06-25,obm_miner_revenue_btc_daily,451.69117780,BTC,daily,OBM v0.1.0
2025-06-26,obm_miner_revenue_btc_daily,498.19962956,BTC,daily,OBM v0.1.0
2025-06-27,obm_miner_revenue_btc_daily,363.81989489,BTC,daily,OBM v0.1.0
2025-06-28,obm_miner_revenue_btc_daily,456.97697337,BTC,daily,OBM v0.1.0
2025-06-29,obm_miner_revenue_btc_daily,530.98140286,BTC,daily,OBM v0.1.0
2025-06-30,obm_miner_revenue_btc_daily,457.35397261,BTC,daily,OBM v0.1.0
2025-07-01,obm_miner_revenue_btc_daily,422.93857415,BTC,daily,OBM v0.1.0
2025-07-02,obm_miner_revenue_btc_daily,482.60522781,BTC,daily,OBM v0.1.0
2025-07-03,obm_miner_revenue_btc_daily,476.12561286,BTC,daily,OBM v0.1.0
2025-07-04,obm_miner_revenue_btc_daily,500.24603902,BTC,daily,OBM v0.1.0
2025-07-05,obm_miner_revenue_btc_daily,493.69695076,BTC,daily,OBM v0.1.0
2025-07-06,obm_miner_revenue_btc_daily,504.01448462,BTC,daily,OBM v0.1.0
2025-07-07,obm_miner_revenue_btc_daily,475.91762877,BTC,daily,OBM v0.1.0
2025-07-08,obm_miner_revenue_btc_daily,448.29612754,BTC,daily,OBM v0.1.0
2025-07-09,obm_miner_revenue_btc_daily,517.44768178,BTC,daily,OBM v0.1.0
2025-07-10,obm_miner_revenue_btc_daily,539.35106703,BTC,daily,OBM v0.1.0
2025-07-11,obm_miner_revenue_btc_daily,474.26715232,BTC,daily,OBM v0.1.0
2025-07-12,obm_miner_revenue_btc_daily,469.62299939,BTC,daily,OBM v0.1.0
2025-07-13,obm_miner_revenue_btc_daily,432.25407692,BTC,daily,OBM v0.1.0
2025-07-14,obm_miner_revenue_btc_daily,458.87163178,BTC,daily,OBM v0.1.0
2025-07-15,obm_miner_revenue_btc_daily,516.67421593,BTC,daily,OBM v0.1.0
2025-07-16,obm_miner_revenue_btc_daily,413.91432820,BTC,daily,OBM v0.1.0
2025-07-17,obm_miner_revenue_btc_daily,431.32918251,BTC,daily,OBM v0.1.0
2025-07-18,obm_miner_revenue_btc_daily,454.61543393,BTC,daily,OBM v0.1.0
2025-07-19,obm_miner_revenue_btc_daily,448.09842797,BTC,daily,OBM v0.1.0
2025-07-20,obm_miner_revenue_btc_daily,468.78468918,BTC,daily,OBM v0.1.0
2025-07-21,obm_miner_revenue_btc_daily,473.01422773,BTC,daily,OBM v0.1.0
2025-07-22,obm_miner_revenue_btc_daily,473.09082471,BTC,daily,OBM v0.1.0
2025-07-23,obm_miner_revenue_btc_daily,441.69260713,BTC,daily,OBM v0.1.0
2025-07-24,obm_miner_revenue_btc_daily,469.19616870,BTC,daily,OBM v0.1.0
2025-07-25,obm_miner_revenue_btc_daily,505.30490731,BTC,daily,OBM v0.1.0
2025-07-26,obm_miner_revenue_btc_daily,482.35067438,BTC,daily,OBM v0.1.0
2025-07-27,obm_miner_revenue_btc_daily,432.24470629,BTC,daily,OBM v0.1.0
2025-07-28,obm_miner_revenue_btc_daily,457.33292039,BTC,daily,OBM v0.1.0
2025-07-29,obm_miner_revenue_btc_daily,355.07253502,BTC,daily,OBM v0.1.0
2025-07-30,obm_miner_revenue_btc_daily,432.31822894,BTC,daily,OBM v0.1.0
2025-07-31,obm_miner_revenue_btc_daily,485.21996889,BTC,daily,OBM v0.1.0
2025-08-01,obm_miner_revenue_btc_daily,477.32597171,BTC,daily,OBM v0.1.0
2025-08-02,obm_miner_revenue_btc_daily,457.22742730,BTC,daily,OBM v0.1.0
2025-08-03,obm_miner_revenue_btc_daily,487.31539540,BTC,daily,OBM v0.1.0
2025-08-04,obm_miner_revenue_btc_daily,537.70784131,BTC,daily,OBM v0.1.0
2025-08-05,obm_miner_revenue_btc_daily,434.92403291,BTC,daily,OBM v0.1.0
2025-08-06,obm_miner_revenue_btc_daily,455.87912410,BTC,daily,OBM v0.1.0
2025-08-07,obm_miner_revenue_btc_daily,508.32336935,BTC,daily,OBM v0.1.0
2025-08-08,obm_miner_revenue_btc_daily,433.78616609,BTC,daily,OBM v0.1.0
2025-08-09,obm_miner_revenue_btc_daily,366.99462419,BTC,daily,OBM v0.1.0
2025-08-10,obm_miner_revenue_btc_daily,424.95151493,BTC,daily,OBM v0.1.0
2025-08-11,obm_miner_revenue_btc_daily,463.79052572,BTC,daily,OBM v0.1.0
2025-08-12,obm_miner_revenue_btc_daily,432.37154205,BTC,daily,OBM v0.1.0
2025-08-13,obm_miner_revenue_btc_daily,491.89748322,BTC,daily,OBM v0.1.0
2025-08-14,obm_miner_revenue_btc_daily,510.58427727,BTC,daily,OBM v0.1.0
2025-08-15,obm_miner_revenue_btc_daily,422.34979930,BTC,daily,OBM v0.1.0
2025-08-16,obm_miner_revenue_btc_daily,477.98991241,BTC,daily,OBM v0.1.0
2025-08-17,obm_miner_revenue_btc_daily,477.54035809,BTC,daily,OBM v0.1.0
2025-08-18,obm_miner_revenue_btc_daily,484.64254665,BTC,daily,OBM v0.1.0
2025-08-19,obm_miner_revenue_btc_daily,422.02074018,BTC,daily,OBM v0.1.0
2025-08-20,obm_miner_revenue_btc_daily,444.03856494,BTC,daily,OBM v0.1.0
2025-08-21,obm_miner_revenue_btc_daily,468.71470441,BTC,daily,OBM v0.1.0
2025-08-22,obm_miner_revenue_btc_daily,459.72826203,BTC,daily,OBM v0.1.0
2025-08-23,obm_miner_revenue_btc_daily,477.73088837,BTC,daily,OBM v0.1.0
2025-08-24,obm_miner_revenue_btc_daily,514.77331775,BTC,daily,OBM v0.1.0
2025-08-25,obm_miner_revenue_btc_daily,443.47242787,BTC,daily,OBM v0.1.0
2025-08-26,obm_miner_revenue_btc_daily,471.93642722,BTC,daily,OBM v0.1.0
2025-08-27,obm_miner_revenue_btc_daily,472.39918434,BTC,daily,OBM v0.1.0
2025-08-28,obm_miner_revenue_btc_daily,500.17902219,BTC,daily,OBM v0.1.0
2025-08-29,obm_miner_revenue_btc_daily,519.12043318,BTC,daily,OBM v0.1.0
2025-08-30,obm_miner_revenue_btc_daily,496.98294912,BTC,daily,OBM v0.1.0
2025-08-31,obm_miner_revenue_btc_daily,415.48310146,BTC,daily,OBM v0.1.0
2025-09-01,obm_miner_revenue_btc_daily,512.56595697,BTC,daily,OBM v0.1.0
2025-09-02,obm_miner_revenue_btc_daily,514.34163496,BTC,daily,OBM v0.1.0
2025-09-03,obm_miner_revenue_btc_daily,434.40062614,BTC,daily,OBM v0.1.0
2025-09-04,obm_miner_revenue_btc_daily,442.35659131,BTC,daily,OBM v0.1.0
2025-09-05,obm_miner_revenue_btc_daily,452.72079367,BTC,daily,OBM v0.1.0
2025-09-06,obm_miner_revenue_btc_daily,440.95925697,BTC,daily,OBM v0.1.0
2025-09-07,obm_miner_revenue_btc_daily,484.48341128,BTC,daily,OBM v0.1.0
2025-09-08,obm_miner_revenue_btc_daily,503.99056209,BTC,daily,OBM v0.1.0
2025-09-09,obm_miner_revenue_btc_daily,526.49143745,BTC,daily,OBM v0.1.0
2025-09-10,obm_miner_revenue_btc_daily,535.28630375,BTC,daily,OBM v0.1.0
2025-09-11,obm_miner_revenue_btc_daily,472.71406988,BTC,daily,OBM v0.1.0
2025-09-12,obm_miner_revenue_btc_daily,379.83501637,BTC,daily,OBM v0.1.0
2025-09-13,obm_miner_revenue_btc_daily,444.88632443,BTC,daily,OBM v0.1.0
2025-09-14,obm_miner_revenue_btc_daily,481.25492572,BTC,daily,OBM v0.1.0
2025-09-15,obm_miner_revenue_btc_daily,513.78665577,BTC,daily,OBM v0.1.0
2025-09-16,obm_miner_revenue_btc_daily,504.17608880,BTC,daily,OBM v0.1.0
2025-09-17,obm_miner_revenue_btc_daily,404.50749412,BTC,daily,OBM v0.1.0
2025-09-18,obm_miner_revenue_btc_daily,497.43731172,BTC,daily,OBM v0.1.0
2025-09-19,obm_miner_revenue_btc_daily,528.67418748,BTC,daily,OBM v0.1.0
2025-09-20,obm_miner_revenue_btc_daily,481.41442340,BTC,daily,OBM v0.1.0
2025-09-21,obm_miner_revenue_btc_daily,509.25402984,BTC,daily,OBM v0.1.0
2025-09-22,obm_miner_revenue_btc_daily,472.13423204,BTC,daily,OBM v0.1.0
2025-09-23,obm_miner_revenue_btc_daily,452.79331599,BTC,daily,OBM v0.1.0
2025-09-24,obm_miner_revenue_btc_daily,481.00330021,BTC,daily,OBM v0.1.0
2025-09-25,obm_miner_revenue_btc_daily,443.90370953,BTC,daily,OBM v0.1.0
2025-09-26,obm_miner_revenue_btc_daily,416.55417458,BTC,daily,OBM v0.1.0
2025-09-27,obm_miner_revenue_btc_daily,486.94098488,BTC,daily,OBM v0.1.0
2025-09-28,obm_miner_revenue_btc_daily,517.82030735,BTC,daily,OBM v0.1.0
2025-09-29,obm_miner_revenue_btc_daily,440.82714931,BTC,daily,OBM v0.1.0
2025-09-30,obm_miner_revenue_btc_daily,506.28345964,BTC,daily,OBM v0.1.0
2025-10-01,obm_miner_revenue_btc_daily,475.50958238,BTC,daily,OBM v0.1.0
2025-10-02,obm_miner_revenue_btc_daily,429.14082832,BTC,daily,OBM v0.1.0
2025-10-03,obm_miner_revenue_btc_daily,373.88219673,BTC,daily,OBM v0.1.0
2025-10-04,obm_miner_revenue_btc_daily,422.71879101,BTC,daily,OBM v0.1.0
2025-10-05,obm_miner_revenue_btc_daily,468.31836047,BTC,daily,OBM v0.1.0
2025-10-06,obm_miner_revenue_btc_daily,388.78889112,BTC,daily,OBM v0.1.0
2025-10-07,obm_miner_revenue_btc_daily,435.29398191,BTC,daily,OBM v0.1.0
2025-10-08,obm_miner_revenue_btc_daily,465.87913087,BTC,daily,OBM v0.1.0
2025-10-09,obm_miner_revenue_btc_daily,378.79660682,BTC,daily,OBM v0.1.0
2025-10-10,obm_miner_revenue_btc_daily,416.52978368,BTC,daily,OBM v0.1.0
2025-10-11,obm_miner_revenue_btc_daily,462.97460947,BTC,daily,OBM v0.1.0
2025-10-12,obm_miner_revenue_btc_daily,455.56352623,BTC,daily,OBM v0.1.0
2025-10-13,obm_miner_revenue_btc_daily,477.87061913,BTC,daily,OBM v0.1.0
2025-10-14,obm_miner_revenue_btc_daily,530.85382829,BTC,daily,OBM v0.1.0
2025-10-15,obm_miner_revenue_btc_daily,452.96788477,BTC,daily,OBM v0.1.0
2025-10-16,obm_miner_revenue_btc_daily,481.29304869,BTC,daily,OBM v0.1.0
2025-10-17,obm_miner_revenue_btc_daily,500.55013419,BTC,daily,OBM v0.1.0
2025-10-18,obm_miner_revenue_btc_daily,518.17955698,BTC,daily,OBM v0.1.0
2025-10-19,obm_miner_revenue_btc_daily,436.60685996,BTC,daily,OBM v0.1.0
2025-10-20,obm_miner_revenue_btc_daily,468.55585272,BTC,daily,OBM v0.1.0
2025-10-21,obm_miner_revenue_btc_daily,471.70225000,BTC,daily,OBM v0.1.0
2025-10-22,obm_miner_revenue_btc_daily,481.02072835,BTC,daily,OBM v0.1.0
2025-10-23,obm_miner_revenue_btc_daily,446.43220133,BTC,daily,OBM v0.1.0
2025-10-24,obm_miner_revenue_btc_daily,562.28037255,BTC,daily,OBM v0.1.0
2025-10-25,obm_miner_revenue_btc_daily,502.17009329,BTC,daily,OBM v0.1.0
2025-10-26,obm_miner_revenue_btc_daily,461.41201929,BTC,daily,OBM v0.1.0
2025-10-27,obm_miner_revenue_btc_daily,462.19657633,BTC,daily,OBM v0.1.0
2025-10-28,obm_miner_revenue_btc_daily,509.18587872,BTC,daily,OBM v0.1.0
2025-10-29,obm_miner_revenue_btc_daily,386.98340325,BTC,daily,OBM v0.1.0
2025-10-30,obm_miner_revenue_btc_daily,502.86749760,BTC,daily,OBM v0.1.0
2025-10-31,obm_miner_revenue_btc_daily,440.97297464,BTC,daily,OBM v0.1.0
2025-11-01,obm_miner_revenue_btc_daily,433.71908678,BTC,daily,OBM v0.1.0
2025-11-02,obm_miner_revenue_btc_daily,486.46401564,BTC,daily,OBM v0.1.0
2025-11-03,obm_miner_revenue_btc_daily,446.87516683,BTC,daily,OBM v0.1.0
2025-11-04,obm_miner_revenue_btc_daily,413.33045963,BTC,daily,OBM v0.1.0
2025-11-05,obm_miner_revenue_btc_daily,435.43353984,BTC,daily,OBM v0.1.0
2025-11-06,obm_miner_revenue_btc_daily,440.82851088,BTC,daily,OBM v0.1.0
2025-11-07,obm_miner_revenue_btc_daily,447.12368628,BTC,daily,OBM v0.1.0
2025-11-08,obm_miner_revenue_btc_daily,377.61020571,BTC,daily,OBM v0.1.0
2025-11-09,obm_miner_revenue_btc_daily,442.91972505,BTC,daily,OBM v0.1.0
2025-11-10,obm_miner_revenue_btc_daily,441.35990201,BTC,daily,OBM v0.1.0
2025-11-11,obm_miner_revenue_btc_daily,480.81489415,BTC,daily,OBM v0.1.0
2025-11-12,obm_miner_revenue_btc_daily,443.23291945,BTC,daily,OBM v0.1.0
2025-11-13,obm_miner_revenue_btc_daily,471.71305612,BTC,daily,OBM v0.1.0
2025-11-14,obm_miner_revenue_btc_daily,453.43586465,BTC,daily,OBM v0.1.0
2025-11-15,obm_miner_revenue_btc_daily,449.44195356,BTC,daily,OBM v0.1.0
2025-11-16,obm_miner_revenue_btc_daily,499.48249462,BTC,daily,OBM v0.1.0
2025-11-17,obm_miner_revenue_btc_daily,391.97564268,BTC,daily,OBM v0.1.0
2025-11-18,obm_miner_revenue_btc_daily,419.35078633,BTC,daily,OBM v0.1.0
2025-11-19,obm_miner_revenue_btc_daily,431.45447906,BTC,daily,OBM v0.1.0
2025-11-20,obm_miner_revenue_btc_daily,412.54846516,BTC,daily,OBM v0.1.0
2025-11-21,obm_miner_revenue_btc_daily,475.51353668,BTC,daily,OBM v0.1.0
2025-11-22,obm_miner_revenue_btc_daily,449.82249949,BTC,daily,OBM v0.1.0
2025-11-23,obm_miner_revenue_btc_daily,446.07061272,BTC,daily,OBM v0.1.0
2025-11-24,obm_miner_revenue_btc_daily,449.45855817,BTC,daily,OBM v0.1.0
2025-11-25,obm_miner_revenue_btc_daily,362.51468156,BTC,daily,OBM v0.1.0
2025-11-26,obm_miner_revenue_btc_daily,515.39720699,BTC,daily,OBM v0.1.0
2025-11-27,obm_miner_revenue_btc_daily,449.79704220,BTC,daily,OBM v0.1.0
2025-11-28,obm_miner_revenue_btc_daily,471.61971291,BTC,daily,OBM v0.1.0
2025-11-29,obm_miner_revenue_btc_daily,430.35600245,BTC,daily,OBM v0.1.0
2025-11-30,obm_miner_revenue_btc_daily,524.00813532,BTC,daily,OBM v0.1.0
2025-12-01,obm_miner_revenue_btc_daily,419.72550906,BTC,daily,OBM v0.1.0
2025-12-02,obm_miner_revenue_btc_daily,400.77562288,BTC,daily,OBM v0.1.0
2025-12-03,obm_miner_revenue_btc_daily,416.06462508,BTC,daily,OBM v0.1.0
2025-12-04,obm_miner_revenue_btc_daily,415.72720040,BTC,daily,OBM v0.1.0
2025-12-05,obm_miner_revenue_btc_daily,375.44761113,BTC,daily,OBM v0.1.0
2025-12-06,obm_miner_revenue_btc_daily,511.78076799,BTC,daily,OBM v0.1.0
2025-12-07,obm_miner_revenue_btc_daily,501.99102947,BTC,daily,OBM v0.1.0
2025-12-08,obm_miner_revenue_btc_daily,465.11046693,BTC,daily,OBM v0.1.0
2025-12-09,obm_miner_revenue_btc_daily,406.10538128,BTC,daily,OBM v0.1.0
2025-12-10,obm_miner_revenue_btc_daily,487.06440365,BTC,daily,OBM v0.1.0
2025-12-11,obm_miner_revenue_btc_daily,502.64744661,BTC,daily,OBM v0.1.0
2025-12-12,obm_miner_revenue_btc_daily,455.96246043,BTC,daily,OBM v0.1.0
2025-12-13,obm_miner_revenue_btc_daily,449.06162550,BTC,daily,OBM v0.1.0
2025-12-14,obm_miner_revenue_btc_daily,401.93046116,BTC,daily,OBM v0.1.0
2025-12-15,obm_miner_revenue_btc_daily,421.52868007,BTC,daily,OBM v0.1.0
2025-12-16,obm_miner_revenue_btc_daily,462.09640663,BTC,daily,OBM v0.1.0
2025-12-17,obm_miner_revenue_btc_daily,434.06297801,BTC,daily,OBM v0.1.0
2025-12-18,obm_miner_revenue_btc_daily,452.74167775,BTC,daily,OBM v0.1.0
2025-12-19,obm_miner_revenue_btc_daily,456.40608111,BTC,daily,OBM v0.1.0
2025-12-20,obm_miner_revenue_btc_daily,461.56366688,BTC,daily,OBM v0.1.0
2025-12-21,obm_miner_revenue_btc_daily,433.12931674,BTC,daily,OBM v0.1.0
2025-12-22,obm_miner_revenue_btc_daily,436.92506477,BTC,daily,OBM v0.1.0
2025-12-23,obm_miner_revenue_btc_daily,455.67684313,BTC,daily,OBM v0.1.0
2025-12-24,obm_miner_revenue_btc_daily,499.61173796,BTC,daily,OBM v0.1.0
2025-12-25,obm_miner_revenue_btc_daily,433.33774973,BTC,daily,OBM v0.1.0
2025-12-26,obm_miner_revenue_btc_daily,489.86586472,BTC,daily,OBM v0.1.0
2025-12-27,obm_miner_revenue_btc_daily,427.11863218,BTC,daily,OBM v0.1.0
2025-12-28,obm_miner_revenue_btc_daily,486.51180788,BTC,daily,OBM v0.1.0
2025-12-29,obm_miner_revenue_btc_daily,483.99481742,BTC,daily,OBM v0.1.0
2025-12-30,obm_miner_revenue_btc_daily,374.84774513,BTC,daily,OBM v0.1.0
2025-12-31,obm_miner_revenue_btc_daily,418.78028709,BTC,daily,OBM v0.1.0
2026-01-01,obm_miner_revenue_btc_daily,474.10960679,BTC,daily,OBM v0.1.0
2026-01-02,obm_miner_revenue_btc_daily,452.68624645,BTC,daily,OBM v0.1.0
2026-01-03,obm_miner_revenue_btc_daily,486.99527149,BTC,daily,OBM v0.1.0
2026-01-04,obm_miner_revenue_btc_daily,455.52116784,BTC,daily,OBM v0.1.0
2026-01-05,obm_miner_revenue_btc_daily,415.28746337,BTC,daily,OBM v0.1.0
2026-01-06,obm_miner_revenue_btc_daily,409.01438086,BTC,daily,OBM v0.1.0
2026-01-07,obm_miner_revenue_btc_daily,461.97390473,BTC,daily,OBM v0.1.0
2026-01-08,obm_miner_revenue_btc_daily,415.02742997,BTC,daily,OBM v0.1.0
2026-01-09,obm_miner_revenue_btc_daily,446.36101839,BTC,daily,OBM v0.1.0
2026-01-10,obm_miner_revenue_btc_daily,508.28575876,BTC,daily,OBM v0.1.0
2026-01-11,obm_miner_revenue_btc_daily,383.16992710,BTC,daily,OBM v0.1.0
2026-01-12,obm_miner_revenue_btc_daily,446.12355841,BTC,daily,OBM v0.1.0
2026-01-13,obm_miner_revenue_btc_daily,424.82637224,BTC,daily,OBM v0.1.0
2026-01-14,obm_miner_revenue_btc_daily,390.57288284,BTC,daily,OBM v0.1.0
2026-01-15,obm_miner_revenue_btc_daily,437.62728184,BTC,daily,OBM v0.1.0
2026-01-16,obm_miner_revenue_btc_daily,409.56762974,BTC,daily,OBM v0.1.0
2026-01-17,obm_miner_revenue_btc_daily,467.96420413,BTC,daily,OBM v0.1.0
2026-01-18,obm_miner_revenue_btc_daily,439.36424165,BTC,daily,OBM v0.1.0
2026-01-19,obm_miner_revenue_btc_daily,471.03267959,BTC,daily,OBM v0.1.0
2026-01-20,obm_miner_revenue_btc_daily,418.36708451,BTC,daily,OBM v0.1.0
2026-01-21,obm_miner_revenue_btc_daily,430.81051253,BTC,daily,OBM v0.1.0
2026-01-22,obm_miner_revenue_btc_daily,505.41162075,BTC,daily,OBM v0.1.0
2026-01-23,obm_miner_revenue_btc_daily,440.01372652,BTC,daily,OBM v0.1.0
2026-01-24,obm_miner_revenue_btc_daily,308.26546836,BTC,daily,OBM v0.1.0
2026-01-25,obm_miner_revenue_btc_daily,339.42790523,BTC,daily,OBM v0.1.0
2026-01-26,obm_miner_revenue_btc_daily,389.87703143,BTC,daily,OBM v0.1.0
2026-01-27,obm_miner_revenue_btc_daily,383.55411534,BTC,daily,OBM v0.1.0
2026-01-28,obm_miner_revenue_btc_daily,346.62090808,BTC,daily,OBM v0.1.0
2026-01-29,obm_miner_revenue_btc_daily,402.73977676,BTC,daily,OBM v0.1.0
2026-01-30,obm_miner_revenue_btc_daily,412.72561960,BTC,daily,OBM v0.1.0
2026-01-31,obm_miner_revenue_btc_daily,434.29066780,BTC,daily,OBM v0.1.0
2026-02-01,obm_miner_revenue_btc_daily,374.39659004,BTC,daily,OBM v0.1.0
2026-02-02,obm_miner_revenue_btc_daily,372.16784239,BTC,daily,OBM v0.1.0
2026-02-03,obm_miner_revenue_btc_daily,415.79510479,BTC,daily,OBM v0.1.0
2026-02-04,obm_miner_revenue_btc_daily,446.96760022,BTC,daily,OBM v0.1.0
2026-02-05,obm_miner_revenue_btc_daily,402.46783490,BTC,daily,OBM v0.1.0
2026-02-06,obm_miner_revenue_btc_daily,459.36584550,BTC,daily,OBM v0.1.0
2026-02-07,obm_miner_revenue_btc_daily,521.51788886,BTC,daily,OBM v0.1.0
2026-02-08,obm_miner_revenue_btc_daily,533.48211711,BTC,daily,OBM v0.1.0
2026-02-09,obm_miner_revenue_btc_daily,512.29849561,BTC,daily,OBM v0.1.0
2026-02-10,obm_miner_revenue_btc_daily,452.59595830,BTC,daily,OBM v0.1.0
2026-02-11,obm_miner_revenue_btc_daily,493.56074854,BTC,daily,OBM v0.1.0
2026-02-12,obm_miner_revenue_btc_daily,555.67675314,BTC,daily,OBM v0.1.0
2026-02-13,obm_miner_revenue_btc_daily,474.63951144,BTC,daily,OBM v0.1.0
2026-02-14,obm_miner_revenue_btc_daily,520.93313033,BTC,daily,OBM v0.1.0
2026-02-15,obm_miner_revenue_btc_daily,617.47644308,BTC,daily,OBM v0.1.0
2026-02-16,obm_miner_revenue_btc_daily,549.09131648,BTC,daily,OBM v0.1.0
2026-02-17,obm_miner_revenue_btc_daily,517.91523986,BTC,daily,OBM v0.1.0
2026-02-18,obm_miner_revenue_btc_daily,480.43138378,BTC,daily,OBM v0.1.0
2026-02-19,obm_miner_revenue_btc_daily,499.23286480,BTC,daily,OBM v0.1.0
2026-02-20,obm_miner_revenue_btc_daily,430.71573275,BTC,daily,OBM v0.1.0
2026-02-21,obm_miner_revenue_btc_daily,374.03464537,BTC,daily,OBM v0.1.0
2026-02-22,obm_miner_revenue_btc_daily,514.37910113,BTC,daily,OBM v0.1.0
2026-02-23,obm_miner_revenue_btc_daily,465.10488702,BTC,daily,OBM v0.1.0
2026-02-24,obm_miner_revenue_btc_daily,518.32060444,BTC,daily,OBM v0.1.0
2026-02-25,obm_miner_revenue_btc_daily,490.41444115,BTC,daily,OBM v0.1.0
2026-02-26,obm_miner_revenue_btc_daily,440.93086166,BTC,daily,OBM v0.1.0
2026-02-27,obm_miner_revenue_btc_daily,443.64058430,BTC,daily,OBM v0.1.0
2026-02-28,obm_miner_revenue_btc_daily,449.40253703,BTC,daily,OBM v0.1.0
2026-03-01,obm_miner_revenue_btc_daily,468.17780047,BTC,daily,OBM v0.1.0
2026-03-02,obm_miner_revenue_btc_daily,427.65880637,BTC,daily,OBM v0.1.0
2026-03-03,obm_miner_revenue_btc_daily,421.45504003,BTC,daily,OBM v0.1.0
2026-03-04,obm_miner_revenue_btc_daily,409.28064152,BTC,daily,OBM v0.1.0
2026-03-05,obm_miner_revenue_btc_daily,521.50420401,BTC,daily,OBM v0.1.0
2026-03-06,obm_miner_revenue_btc_daily,459.17696968,BTC,daily,OBM v0.1.0
2026-03-07,obm_miner_revenue_btc_daily,414.71186868,BTC,daily,OBM v0.1.0
2026-03-08,obm_miner_revenue_btc_daily,420.71417132,BTC,daily,OBM v0.1.0
2026-03-09,obm_miner_revenue_btc_daily,433.76665380,BTC,daily,OBM v0.1.0
2026-03-10,obm_miner_revenue_btc_daily,433.94723863,BTC,daily,OBM v0.1.0
2026-03-11,obm_miner_revenue_btc_daily,437.17384208,BTC,daily,OBM v0.1.0
2026-03-12,obm_miner_revenue_btc_daily,405.81725377,BTC,daily,OBM v0.1.0
2026-03-13,obm_miner_revenue_btc_daily,381.47153123,BTC,daily,OBM v0.1.0
2026-03-14,obm_miner_revenue_btc_daily,402.05410207,BTC,daily,OBM v0.1.0
2026-03-15,obm_miner_revenue_btc_daily,392.59375992,BTC,daily,OBM v0.1.0
2026-03-16,obm_miner_revenue_btc_daily,393.16780709,BTC,daily,OBM v0.1.0
2026-03-17,obm_miner_revenue_btc_daily,399.95390037,BTC,daily,OBM v0.1.0
2026-03-18,obm_miner_revenue_btc_daily,436.99259393,BTC,daily,OBM v0.1.0
2026-03-19,obm_miner_revenue_btc_daily,421.69951944,BTC,daily,OBM v0.1.0
2026-03-20,obm_miner_revenue_btc_daily,421.47301647,BTC,daily,OBM v0.1.0
2026-03-21,obm_miner_revenue_btc_daily,433.93381319,BTC,daily,OBM v0.1.0
2026-03-22,obm_miner_revenue_btc_daily,508.32426659,BTC,daily,OBM v0.1.0
2026-03-23,obm_miner_revenue_btc_daily,502.45047982,BTC,daily,OBM v0.1.0
2026-03-24,obm_miner_revenue_btc_daily,393.12501762,BTC,daily,OBM v0.1.0
2026-03-25,obm_miner_revenue_btc_daily,480.77732443,BTC,daily,OBM v0.1.0
2026-03-26,obm_miner_revenue_btc_daily,517.99315757,BTC,daily,OBM v0.1.0
2026-03-27,obm_miner_revenue_btc_daily,477.67338370,BTC,daily,OBM v0.1.0
2026-03-28,obm_miner_revenue_btc_daily,545.61462916,BTC,daily,OBM v0.1.0
2026-03-29,obm_miner_revenue_btc_daily,451.63426923,BTC,daily,OBM v0.1.0
2026-03-30,obm_miner_revenue_btc_daily,427.49977593,BTC,daily,OBM v0.1.0
2026-03-31,obm_miner_revenue_btc_daily,427.47214933,BTC,daily,OBM v0.1.0
2026-04-01,obm_miner_revenue_btc_daily,508.80197884,BTC,daily,OBM v0.1.0
2026-04-02,obm_miner_revenue_btc_daily,455.67200179,BTC,daily,OBM v0.1.0
2026-04-03,obm_miner_revenue_btc_daily,415.11456449,BTC,daily,OBM v0.1.0
2026-04-04,obm_miner_revenue_btc_daily,377.04944825,BTC,daily,OBM v0.1.0
2026-04-05,obm_miner_revenue_btc_daily,498.48738194,BTC,daily,OBM v0.1.0
2026-04-06,obm_miner_revenue_btc_daily,402.17566785,BTC,daily,OBM v0.1.0
2026-04-07,obm_miner_revenue_btc_daily,433.61089633,BTC,daily,OBM v0.1.0
2026-04-08,obm_miner_revenue_btc_daily,464.94339218,BTC,daily,OBM v0.1.0
2026-04-09,obm_miner_revenue_btc_daily,452.39980830,BTC,daily,OBM v0.1.0
2026-04-10,obm_miner_revenue_btc_daily,393.29759290,BTC,daily,OBM v0.1.0
2026-04-11,obm_miner_revenue_btc_daily,386.35503709,BTC,daily,OBM v0.1.0
2026-04-12,obm_miner_revenue_btc_daily,486.13794688,BTC,daily,OBM v0.1.0
2026-04-13,obm_miner_revenue_btc_daily,464.81460802,BTC,daily,OBM v0.1.0
2026-04-14,obm_miner_revenue_btc_daily,515.02465932,BTC,daily,OBM v0.1.0
2026-04-15,obm_miner_revenue_btc_daily,393.33237594,BTC,daily,OBM v0.1.0
2026-04-16,obm_miner_revenue_btc_daily,477.59169679,BTC,daily,OBM v0.1.0
2026-04-17,obm_miner_revenue_btc_daily,444.11857945,BTC,daily,OBM v0.1.0
2026-04-18,obm_miner_revenue_btc_daily,480.23109208,BTC,daily,OBM v0.1.0
2026-04-19,obm_miner_revenue_btc_daily,495.51097841,BTC,daily,OBM v0.1.0
2026-04-20,obm_miner_revenue_btc_daily,408.88214623,BTC,daily,OBM v0.1.0
2026-04-21,obm_miner_revenue_btc_daily,424.33359733,BTC,daily,OBM v0.1.0
2026-04-22,obm_miner_revenue_btc_daily,412.67483290,BTC,daily,OBM v0.1.0
2026-04-23,obm_miner_revenue_btc_daily,380.88694790,BTC,daily,OBM v0.1.0
2026-04-24,obm_miner_revenue_btc_daily,468.09355224,BTC,daily,OBM v0.1.0
2026-04-25,obm_miner_revenue_btc_daily,439.47454031,BTC,daily,OBM v0.1.0
2026-04-26,obm_miner_revenue_btc_daily,467.38243512,BTC,daily,OBM v0.1.0
2026-04-27,obm_miner_revenue_btc_daily,433.54618059,BTC,daily,OBM v0.1.0
2026-04-28,obm_miner_revenue_btc_daily,437.02484062,BTC,daily,OBM v0.1.0
2026-04-29,obm_miner_revenue_btc_daily,399.76004480,BTC,daily,OBM v0.1.0
2026-04-30,obm_miner_revenue_btc_daily,441.47182566,BTC,daily,OBM v0.1.0
2026-05-01,obm_miner_revenue_btc_daily,497.07592403,BTC,daily,OBM v0.1.0
2026-05-02,obm_miner_revenue_btc_daily,427.41084214,BTC,daily,OBM v0.1.0
2026-05-03,obm_miner_revenue_btc_daily,476.99452203,BTC,daily,OBM v0.1.0
2026-05-04,obm_miner_revenue_btc_daily,468.15482858,BTC,daily,OBM v0.1.0
2026-05-05,obm_miner_revenue_btc_daily,471.61203332,BTC,daily,OBM v0.1.0
2026-05-06,obm_miner_revenue_btc_daily,443.41669439,BTC,daily,OBM v0.1.0
2026-05-07,obm_miner_revenue_btc_daily,446.82387232,BTC,daily,OBM v0.1.0
2026-05-08,obm_miner_revenue_btc_daily,462.29678722,BTC,daily,OBM v0.1.0
2026-05-09,obm_miner_revenue_btc_daily,541.54783395,BTC,daily,OBM v0.1.0
2026-05-10,obm_miner_revenue_btc_daily,470.92984160,BTC,daily,OBM v0.1.0
2026-05-11,obm_miner_revenue_btc_daily,518.08822034,BTC,daily,OBM v0.1.0
2026-05-12,obm_miner_revenue_btc_daily,421.56696530,BTC,daily,OBM v0.1.0
2026-05-13,obm_miner_revenue_btc_daily,436.97137523,BTC,daily,OBM v0.1.0
2026-05-14,obm_miner_revenue_btc_daily,474.49378507,BTC,daily,OBM v0.1.0
2026-05-15,obm_miner_revenue_btc_daily,456.28621490,BTC,daily,OBM v0.1.0
2026-05-16,obm_miner_revenue_btc_daily,474.19068445,BTC,daily,OBM v0.1.0
2026-05-17,obm_miner_revenue_btc_daily,439.56065632,BTC,daily,OBM v0.1.0
2026-05-18,obm_miner_revenue_btc_daily,440.01525863,BTC,daily,OBM v0.1.0
2026-05-19,obm_miner_revenue_btc_daily,446.29455209,BTC,daily,OBM v0.1.0
2026-05-20,obm_miner_revenue_btc_daily,477.44006959,BTC,daily,OBM v0.1.0
2026-05-21,obm_miner_revenue_btc_daily,399.60913652,BTC,daily,OBM v0.1.0
2026-05-22,obm_miner_revenue_btc_daily,490.07551362,BTC,daily,OBM v0.1.0
2026-05-23,obm_miner_revenue_btc_daily,514.82980008,BTC,daily,OBM v0.1.0
2026-05-24,obm_miner_revenue_btc_daily,411.51195834,BTC,daily,OBM v0.1.0
2026-05-25,obm_miner_revenue_btc_daily,518.40117111,BTC,daily,OBM v0.1.0
2026-05-26,obm_miner_revenue_btc_daily,437.80349652,BTC,daily,OBM v0.1.0
2026-05-27,obm_miner_revenue_btc_daily,440.49748761,BTC,daily,OBM v0.1.0
2026-05-28,obm_miner_revenue_btc_daily,509.74007709,BTC,daily,OBM v0.1.0
2026-05-29,obm_miner_revenue_btc_daily,441.38629609,BTC,daily,OBM v0.1.0
2026-05-30,obm_miner_revenue_btc_daily,446.74792147,BTC,daily,OBM v0.1.0
2026-05-31,obm_miner_revenue_btc_daily,452.71843942,BTC,daily,OBM v0.1.0
2026-06-01,obm_miner_revenue_btc_daily,425.45744909,BTC,daily,OBM v0.1.0
2026-06-02,obm_miner_revenue_btc_daily,347.73576010,BTC,daily,OBM v0.1.0
2026-06-03,obm_miner_revenue_btc_daily,341.85823639,BTC,daily,OBM v0.1.0
2026-06-04,obm_miner_revenue_btc_daily,447.91468967,BTC,daily,OBM v0.1.0
2026-06-05,obm_miner_revenue_btc_daily,425.80697723,BTC,daily,OBM v0.1.0
2026-06-06,obm_miner_revenue_btc_daily,384.16937773,BTC,daily,OBM v0.1.0
2026-06-07,obm_miner_revenue_btc_daily,367.97954217,BTC,daily,OBM v0.1.0
2026-06-08,obm_miner_revenue_btc_daily,399.79848296,BTC,daily,OBM v0.1.0
2026-06-09,obm_miner_revenue_btc_daily,390.60545987,BTC,daily,OBM v0.1.0
2026-06-10,obm_miner_revenue_btc_daily,396.76456733,BTC,daily,OBM v0.1.0
2026-06-11,obm_miner_revenue_btc_daily,425.42628138,BTC,daily,OBM v0.1.0
2026-06-12,obm_miner_revenue_btc_daily,463.15886808,BTC,daily,OBM v0.1.0
2026-06-13,obm_miner_revenue_btc_daily,390.91175237,BTC,daily,OBM v0.1.0
2026-06-14,obm_miner_revenue_btc_daily,458.90664341,BTC,daily,OBM v0.1.0
2026-06-15,obm_miner_revenue_btc_daily,472.46797972,BTC,daily,OBM v0.1.0
2026-06-16,obm_miner_revenue_btc_daily,509.56641443,BTC,daily,OBM v0.1.0
2026-06-17,obm_miner_revenue_btc_daily,415.84046601,BTC,daily,OBM v0.1.0
2026-06-18,obm_miner_revenue_btc_daily,519.08334819,BTC,daily,OBM v0.1.0
2026-06-19,obm_miner_revenue_btc_daily,475.13362024,BTC,daily,OBM v0.1.0
2026-06-20,obm_miner_revenue_btc_daily,487.05461120,BTC,daily,OBM v0.1.0
2026-06-21,obm_miner_revenue_btc_daily,421.19324063,BTC,daily,OBM v0.1.0
2026-06-22,obm_miner_revenue_btc_daily,490.56325822,BTC,daily,OBM v0.1.0
2026-06-23,obm_miner_revenue_btc_daily,543.85513756,BTC,daily,OBM v0.1.0
2026-06-24,obm_miner_revenue_btc_daily,487.77113883,BTC,daily,OBM v0.1.0
2026-06-25,obm_miner_revenue_btc_daily,534.61565881,BTC,daily,OBM v0.1.0
2026-06-26,obm_miner_revenue_btc_daily,487.81083764,BTC,daily,OBM v0.1.0
2026-06-27,obm_miner_revenue_btc_daily,527.76634423,BTC,daily,OBM v0.1.0
2026-06-28,obm_miner_revenue_btc_daily,405.40840878,BTC,daily,OBM v0.1.0
2026-06-29,obm_miner_revenue_btc_daily,394.00901627,BTC,daily,OBM v0.1.0
