date,series_id,value,unit,frequency,release_version
2009-01-03,obm_est7d_hashrate_ehs_daily,NaN,EH/s,daily,OBM v0.1.0
2009-01-04,obm_est7d_hashrate_ehs_daily,NaN,EH/s,daily,OBM v0.1.0
2009-01-05,obm_est7d_hashrate_ehs_daily,NaN,EH/s,daily,OBM v0.1.0
2009-01-06,obm_est7d_hashrate_ehs_daily,NaN,EH/s,daily,OBM v0.1.0
2009-01-07,obm_est7d_hashrate_ehs_daily,NaN,EH/s,daily,OBM v0.1.0
2009-01-08,obm_est7d_hashrate_ehs_daily,NaN,EH/s,daily,OBM v0.1.0
2009-01-09,obm_est7d_hashrate_ehs_daily,0.000000000000,EH/s,daily,OBM v0.1.0
2009-01-10,obm_est7d_hashrate_ehs_daily,0.000000000002,EH/s,daily,OBM v0.1.0
2009-01-11,obm_est7d_hashrate_ehs_daily,0.000000000003,EH/s,daily,OBM v0.1.0
2009-01-12,obm_est7d_hashrate_ehs_daily,0.000000000003,EH/s,daily,OBM v0.1.0
2009-01-13,obm_est7d_hashrate_ehs_daily,0.000000000004,EH/s,daily,OBM v0.1.0
2009-01-14,obm_est7d_hashrate_ehs_daily,0.000000000004,EH/s,daily,OBM v0.1.0
2009-01-15,obm_est7d_hashrate_ehs_daily,0.000000000005,EH/s,daily,OBM v0.1.0
2009-01-16,obm_est7d_hashrate_ehs_daily,0.000000000005,EH/s,daily,OBM v0.1.0
2009-01-17,obm_est7d_hashrate_ehs_daily,0.000000000006,EH/s,daily,OBM v0.1.0
2009-01-18,obm_est7d_hashrate_ehs_daily,0.000000000006,EH/s,daily,OBM v0.1.0
2009-01-19,obm_est7d_hashrate_ehs_daily,0.000000000006,EH/s,daily,OBM v0.1.0
2009-01-20,obm_est7d_hashrate_ehs_daily,0.000000000006,EH/s,daily,OBM v0.1.0
2009-01-21,obm_est7d_hashrate_ehs_daily,0.000000000006,EH/s,daily,OBM v0.1.0
2009-01-22,obm_est7d_hashrate_ehs_daily,0.000000000005,EH/s,daily,OBM v0.1.0
2009-01-23,obm_est7d_hashrate_ehs_daily,0.000000000005,EH/s,daily,OBM v0.1.0
2009-01-24,obm_est7d_hashrate_ehs_daily,0.000000000006,EH/s,daily,OBM v0.1.0
2009-01-25,obm_est7d_hashrate_ehs_daily,0.000000000006,EH/s,daily,OBM v0.1.0
2009-01-26,obm_est7d_hashrate_ehs_daily,0.000000000006,EH/s,daily,OBM v0.1.0
2009-01-27,obm_est7d_hashrate_ehs_daily,0.000000000006,EH/s,daily,OBM v0.1.0
2009-01-28,obm_est7d_hashrate_ehs_daily,0.000000000006,EH/s,daily,OBM v0.1.0
2009-01-29,obm_est7d_hashrate_ehs_daily,0.000000000006,EH/s,daily,OBM v0.1.0
2009-01-30,obm_est7d_hashrate_ehs_daily,0.000000000007,EH/s,daily,OBM v0.1.0
2009-01-31,obm_est7d_hashrate_ehs_daily,0.000000000006,EH/s,daily,OBM v0.1.0
2009-02-01,obm_est7d_hashrate_ehs_daily,0.000000000006,EH/s,daily,OBM v0.1.0
2009-02-02,obm_est7d_hashrate_ehs_daily,0.000000000006,EH/s,daily,OBM v0.1.0
2009-02-03,obm_est7d_hashrate_ehs_daily,0.000000000006,EH/s,daily,OBM v0.1.0
2009-02-04,obm_est7d_hashrate_ehs_daily,0.000000000006,EH/s,daily,OBM v0.1.0
2009-02-05,obm_est7d_hashrate_ehs_daily,0.000000000006,EH/s,daily,OBM v0.1.0
2009-02-06,obm_est7d_hashrate_ehs_daily,0.000000000006,EH/s,daily,OBM v0.1.0
2009-02-07,obm_est7d_hashrate_ehs_daily,0.000000000006,EH/s,daily,OBM v0.1.0
2009-02-08,obm_est7d_hashrate_ehs_daily,0.000000000006,EH/s,daily,OBM v0.1.0
2009-02-09,obm_est7d_hashrate_ehs_daily,0.000000000006,EH/s,daily,OBM v0.1.0
2009-02-10,obm_est7d_hashrate_ehs_daily,0.000000000006,EH/s,daily,OBM v0.1.0
2009-02-11,obm_est7d_hashrate_ehs_daily,0.000000000006,EH/s,daily,OBM v0.1.0
2009-02-12,obm_est7d_hashrate_ehs_daily,0.000000000006,EH/s,daily,OBM v0.1.0
2009-02-13,obm_est7d_hashrate_ehs_daily,0.000000000006,EH/s,daily,OBM v0.1.0
2009-02-14,obm_est7d_hashrate_ehs_daily,0.000000000006,EH/s,daily,OBM v0.1.0
2009-02-15,obm_est7d_hashrate_ehs_daily,0.000000000006,EH/s,daily,OBM v0.1.0
2009-02-16,obm_est7d_hashrate_ehs_daily,0.000000000006,EH/s,daily,OBM v0.1.0
2009-02-17,obm_est7d_hashrate_ehs_daily,0.000000000006,EH/s,daily,OBM v0.1.0
2009-02-18,obm_est7d_hashrate_ehs_daily,0.000000000006,EH/s,daily,OBM v0.1.0
2009-02-19,obm_est7d_hashrate_ehs_daily,0.000000000006,EH/s,daily,OBM v0.1.0
2009-02-20,obm_est7d_hashrate_ehs_daily,0.000000000006,EH/s,daily,OBM v0.1.0
2009-02-21,obm_est7d_hashrate_ehs_daily,0.000000000006,EH/s,daily,OBM v0.1.0
2009-02-22,obm_est7d_hashrate_ehs_daily,0.000000000006,EH/s,daily,OBM v0.1.0
2009-02-23,obm_est7d_hashrate_ehs_daily,0.000000000006,EH/s,daily,OBM v0.1.0
2009-02-24,obm_est7d_hashrate_ehs_daily,0.000000000006,EH/s,daily,OBM v0.1.0
2009-02-25,obm_est7d_hashrate_ehs_daily,0.000000000006,EH/s,daily,OBM v0.1.0
2009-02-26,obm_est7d_hashrate_ehs_daily,0.000000000006,EH/s,daily,OBM v0.1.0
2009-02-27,obm_est7d_hashrate_ehs_daily,0.000000000006,EH/s,daily,OBM v0.1.0
2009-02-28,obm_est7d_hashrate_ehs_daily,0.000000000005,EH/s,daily,OBM v0.1.0
2009-03-01,obm_est7d_hashrate_ehs_daily,0.000000000005,EH/s,daily,OBM v0.1.0
2009-03-02,obm_est7d_hashrate_ehs_daily,0.000000000005,EH/s,daily,OBM v0.1.0
2009-03-03,obm_est7d_hashrate_ehs_daily,0.000000000005,EH/s,daily,OBM v0.1.0
2009-03-04,obm_est7d_hashrate_ehs_daily,0.000000000005,EH/s,daily,OBM v0.1.0
2009-03-05,obm_est7d_hashrate_ehs_daily,0.000000000005,EH/s,daily,OBM v0.1.0
2009-03-06,obm_est7d_hashrate_ehs_daily,0.000000000005,EH/s,daily,OBM v0.1.0
2009-03-07,obm_est7d_hashrate_ehs_daily,0.000000000005,EH/s,daily,OBM v0.1.0
2009-03-08,obm_est7d_hashrate_ehs_daily,0.000000000005,EH/s,daily,OBM v0.1.0
2009-03-09,obm_est7d_hashrate_ehs_daily,0.000000000005,EH/s,daily,OBM v0.1.0
2009-03-10,obm_est7d_hashrate_ehs_daily,0.000000000005,EH/s,daily,OBM v0.1.0
2009-03-11,obm_est7d_hashrate_ehs_daily,0.000000000006,EH/s,daily,OBM v0.1.0
2009-03-12,obm_est7d_hashrate_ehs_daily,0.000000000006,EH/s,daily,OBM v0.1.0
2009-03-13,obm_est7d_hashrate_ehs_daily,0.000000000006,EH/s,daily,OBM v0.1.0
2009-03-14,obm_est7d_hashrate_ehs_daily,0.000000000006,EH/s,daily,OBM v0.1.0
2009-03-15,obm_est7d_hashrate_ehs_daily,0.000000000006,EH/s,daily,OBM v0.1.0
2009-03-16,obm_est7d_hashrate_ehs_daily,0.000000000006,EH/s,daily,OBM v0.1.0
2009-03-17,obm_est7d_hashrate_ehs_daily,0.000000000006,EH/s,daily,OBM v0.1.0
2009-03-18,obm_est7d_hashrate_ehs_daily,0.000000000006,EH/s,daily,OBM v0.1.0
2009-03-19,obm_est7d_hashrate_ehs_daily,0.000000000006,EH/s,daily,OBM v0.1.0
2009-03-20,obm_est7d_hashrate_ehs_daily,0.000000000006,EH/s,daily,OBM v0.1.0
2009-03-21,obm_est7d_hashrate_ehs_daily,0.000000000006,EH/s,daily,OBM v0.1.0
2009-03-22,obm_est7d_hashrate_ehs_daily,0.000000000005,EH/s,daily,OBM v0.1.0
2009-03-23,obm_est7d_hashrate_ehs_daily,0.000000000005,EH/s,daily,OBM v0.1.0
2009-03-24,obm_est7d_hashrate_ehs_daily,0.000000000005,EH/s,daily,OBM v0.1.0
2009-03-25,obm_est7d_hashrate_ehs_daily,0.000000000005,EH/s,daily,OBM v0.1.0
2009-03-26,obm_est7d_hashrate_ehs_daily,0.000000000005,EH/s,daily,OBM v0.1.0
2009-03-27,obm_est7d_hashrate_ehs_daily,0.000000000005,EH/s,daily,OBM v0.1.0
2009-03-28,obm_est7d_hashrate_ehs_daily,0.000000000006,EH/s,daily,OBM v0.1.0
2009-03-29,obm_est7d_hashrate_ehs_daily,0.000000000006,EH/s,daily,OBM v0.1.0
2009-03-30,obm_est7d_hashrate_ehs_daily,0.000000000006,EH/s,daily,OBM v0.1.0
2009-03-31,obm_est7d_hashrate_ehs_daily,0.000000000006,EH/s,daily,OBM v0.1.0
2009-04-01,obm_est7d_hashrate_ehs_daily,0.000000000006,EH/s,daily,OBM v0.1.0
2009-04-02,obm_est7d_hashrate_ehs_daily,0.000000000006,EH/s,daily,OBM v0.1.0
2009-04-03,obm_est7d_hashrate_ehs_daily,0.000000000006,EH/s,daily,OBM v0.1.0
2009-04-04,obm_est7d_hashrate_ehs_daily,0.000000000006,EH/s,daily,OBM v0.1.0
2009-04-05,obm_est7d_hashrate_ehs_daily,0.000000000006,EH/s,daily,OBM v0.1.0
2009-04-06,obm_est7d_hashrate_ehs_daily,0.000000000006,EH/s,daily,OBM v0.1.0
2009-04-07,obm_est7d_hashrate_ehs_daily,0.000000000006,EH/s,daily,OBM v0.1.0
2009-04-08,obm_est7d_hashrate_ehs_daily,0.000000000006,EH/s,daily,OBM v0.1.0
2009-04-09,obm_est7d_hashrate_ehs_daily,0.000000000005,EH/s,daily,OBM v0.1.0
2009-04-10,obm_est7d_hashrate_ehs_daily,0.000000000005,EH/s,daily,OBM v0.1.0
2009-04-11,obm_est7d_hashrate_ehs_daily,0.000000000005,EH/s,daily,OBM v0.1.0
2009-04-12,obm_est7d_hashrate_ehs_daily,0.000000000005,EH/s,daily,OBM v0.1.0
2009-04-13,obm_est7d_hashrate_ehs_daily,0.000000000005,EH/s,daily,OBM v0.1.0
2009-04-14,obm_est7d_hashrate_ehs_daily,0.000000000006,EH/s,daily,OBM v0.1.0
2009-04-15,obm_est7d_hashrate_ehs_daily,0.000000000006,EH/s,daily,OBM v0.1.0
2009-04-16,obm_est7d_hashrate_ehs_daily,0.000000000006,EH/s,daily,OBM v0.1.0
2009-04-17,obm_est7d_hashrate_ehs_daily,0.000000000006,EH/s,daily,OBM v0.1.0
2009-04-18,obm_est7d_hashrate_ehs_daily,0.000000000006,EH/s,daily,OBM v0.1.0
2009-04-19,obm_est7d_hashrate_ehs_daily,0.000000000006,EH/s,daily,OBM v0.1.0
2009-04-20,obm_est7d_hashrate_ehs_daily,0.000000000006,EH/s,daily,OBM v0.1.0
2009-04-21,obm_est7d_hashrate_ehs_daily,0.000000000006,EH/s,daily,OBM v0.1.0
2009-04-22,obm_est7d_hashrate_ehs_daily,0.000000000006,EH/s,daily,OBM v0.1.0
2009-04-23,obm_est7d_hashrate_ehs_daily,0.000000000006,EH/s,daily,OBM v0.1.0
2009-04-24,obm_est7d_hashrate_ehs_daily,0.000000000006,EH/s,daily,OBM v0.1.0
2009-04-25,obm_est7d_hashrate_ehs_daily,0.000000000006,EH/s,daily,OBM v0.1.0
2009-04-26,obm_est7d_hashrate_ehs_daily,0.000000000006,EH/s,daily,OBM v0.1.0
2009-04-27,obm_est7d_hashrate_ehs_daily,0.000000000005,EH/s,daily,OBM v0.1.0
2009-04-28,obm_est7d_hashrate_ehs_daily,0.000000000005,EH/s,daily,OBM v0.1.0
2009-04-29,obm_est7d_hashrate_ehs_daily,0.000000000005,EH/s,daily,OBM v0.1.0
2009-04-30,obm_est7d_hashrate_ehs_daily,0.000000000006,EH/s,daily,OBM v0.1.0
2009-05-01,obm_est7d_hashrate_ehs_daily,0.000000000006,EH/s,daily,OBM v0.1.0
2009-05-02,obm_est7d_hashrate_ehs_daily,0.000000000006,EH/s,daily,OBM v0.1.0
2009-05-03,obm_est7d_hashrate_ehs_daily,0.000000000006,EH/s,daily,OBM v0.1.0
2009-05-04,obm_est7d_hashrate_ehs_daily,0.000000000006,EH/s,daily,OBM v0.1.0
2009-05-05,obm_est7d_hashrate_ehs_daily,0.000000000006,EH/s,daily,OBM v0.1.0
2009-05-06,obm_est7d_hashrate_ehs_daily,0.000000000006,EH/s,daily,OBM v0.1.0
2009-05-07,obm_est7d_hashrate_ehs_daily,0.000000000006,EH/s,daily,OBM v0.1.0
2009-05-08,obm_est7d_hashrate_ehs_daily,0.000000000006,EH/s,daily,OBM v0.1.0
2009-05-09,obm_est7d_hashrate_ehs_daily,0.000000000006,EH/s,daily,OBM v0.1.0
2009-05-10,obm_est7d_hashrate_ehs_daily,0.000000000006,EH/s,daily,OBM v0.1.0
2009-05-11,obm_est7d_hashrate_ehs_daily,0.000000000006,EH/s,daily,OBM v0.1.0
2009-05-12,obm_est7d_hashrate_ehs_daily,0.000000000006,EH/s,daily,OBM v0.1.0
2009-05-13,obm_est7d_hashrate_ehs_daily,0.000000000005,EH/s,daily,OBM v0.1.0
2009-05-14,obm_est7d_hashrate_ehs_daily,0.000000000005,EH/s,daily,OBM v0.1.0
2009-05-15,obm_est7d_hashrate_ehs_daily,0.000000000006,EH/s,daily,OBM v0.1.0
2009-05-16,obm_est7d_hashrate_ehs_daily,0.000000000006,EH/s,daily,OBM v0.1.0
2009-05-17,obm_est7d_hashrate_ehs_daily,0.000000000006,EH/s,daily,OBM v0.1.0
2009-05-18,obm_est7d_hashrate_ehs_daily,0.000000000006,EH/s,daily,OBM v0.1.0
2009-05-19,obm_est7d_hashrate_ehs_daily,0.000000000006,EH/s,daily,OBM v0.1.0
2009-05-20,obm_est7d_hashrate_ehs_daily,0.000000000006,EH/s,daily,OBM v0.1.0
2009-05-21,obm_est7d_hashrate_ehs_daily,0.000000000006,EH/s,daily,OBM v0.1.0
2009-05-22,obm_est7d_hashrate_ehs_daily,0.000000000005,EH/s,daily,OBM v0.1.0
2009-05-23,obm_est7d_hashrate_ehs_daily,0.000000000004,EH/s,daily,OBM v0.1.0
2009-05-24,obm_est7d_hashrate_ehs_daily,0.000000000004,EH/s,daily,OBM v0.1.0
2009-05-25,obm_est7d_hashrate_ehs_daily,0.000000000004,EH/s,daily,OBM v0.1.0
2009-05-26,obm_est7d_hashrate_ehs_daily,0.000000000004,EH/s,daily,OBM v0.1.0
2009-05-27,obm_est7d_hashrate_ehs_daily,0.000000000004,EH/s,daily,OBM v0.1.0
2009-05-28,obm_est7d_hashrate_ehs_daily,0.000000000005,EH/s,daily,OBM v0.1.0
2009-05-29,obm_est7d_hashrate_ehs_daily,0.000000000005,EH/s,daily,OBM v0.1.0
2009-05-30,obm_est7d_hashrate_ehs_daily,0.000000000005,EH/s,daily,OBM v0.1.0
2009-05-31,obm_est7d_hashrate_ehs_daily,0.000000000006,EH/s,daily,OBM v0.1.0
2009-06-01,obm_est7d_hashrate_ehs_daily,0.000000000005,EH/s,daily,OBM v0.1.0
2009-06-02,obm_est7d_hashrate_ehs_daily,0.000000000005,EH/s,daily,OBM v0.1.0
2009-06-03,obm_est7d_hashrate_ehs_daily,0.000000000005,EH/s,daily,OBM v0.1.0
2009-06-04,obm_est7d_hashrate_ehs_daily,0.000000000004,EH/s,daily,OBM v0.1.0
2009-06-05,obm_est7d_hashrate_ehs_daily,0.000000000004,EH/s,daily,OBM v0.1.0
2009-06-06,obm_est7d_hashrate_ehs_daily,0.000000000003,EH/s,daily,OBM v0.1.0
2009-06-07,obm_est7d_hashrate_ehs_daily,0.000000000003,EH/s,daily,OBM v0.1.0
2009-06-08,obm_est7d_hashrate_ehs_daily,0.000000000003,EH/s,daily,OBM v0.1.0
2009-06-09,obm_est7d_hashrate_ehs_daily,0.000000000003,EH/s,daily,OBM v0.1.0
2009-06-10,obm_est7d_hashrate_ehs_daily,0.000000000003,EH/s,daily,OBM v0.1.0
2009-06-11,obm_est7d_hashrate_ehs_daily,0.000000000003,EH/s,daily,OBM v0.1.0
2009-06-12,obm_est7d_hashrate_ehs_daily,0.000000000004,EH/s,daily,OBM v0.1.0
2009-06-13,obm_est7d_hashrate_ehs_daily,0.000000000004,EH/s,daily,OBM v0.1.0
2009-06-14,obm_est7d_hashrate_ehs_daily,0.000000000004,EH/s,daily,OBM v0.1.0
2009-06-15,obm_est7d_hashrate_ehs_daily,0.000000000004,EH/s,daily,OBM v0.1.0
2009-06-16,obm_est7d_hashrate_ehs_daily,0.000000000004,EH/s,daily,OBM v0.1.0
2009-06-17,obm_est7d_hashrate_ehs_daily,0.000000000004,EH/s,daily,OBM v0.1.0
2009-06-18,obm_est7d_hashrate_ehs_daily,0.000000000004,EH/s,daily,OBM v0.1.0
2009-06-19,obm_est7d_hashrate_ehs_daily,0.000000000004,EH/s,daily,OBM v0.1.0
2009-06-20,obm_est7d_hashrate_ehs_daily,0.000000000004,EH/s,daily,OBM v0.1.0
2009-06-21,obm_est7d_hashrate_ehs_daily,0.000000000004,EH/s,daily,OBM v0.1.0
2009-06-22,obm_est7d_hashrate_ehs_daily,0.000000000004,EH/s,daily,OBM v0.1.0
2009-06-23,obm_est7d_hashrate_ehs_daily,0.000000000004,EH/s,daily,OBM v0.1.0
2009-06-24,obm_est7d_hashrate_ehs_daily,0.000000000004,EH/s,daily,OBM v0.1.0
2009-06-25,obm_est7d_hashrate_ehs_daily,0.000000000004,EH/s,daily,OBM v0.1.0
2009-06-26,obm_est7d_hashrate_ehs_daily,0.000000000004,EH/s,daily,OBM v0.1.0
2009-06-27,obm_est7d_hashrate_ehs_daily,0.000000000004,EH/s,daily,OBM v0.1.0
2009-06-28,obm_est7d_hashrate_ehs_daily,0.000000000004,EH/s,daily,OBM v0.1.0
2009-06-29,obm_est7d_hashrate_ehs_daily,0.000000000004,EH/s,daily,OBM v0.1.0
2009-06-30,obm_est7d_hashrate_ehs_daily,0.000000000004,EH/s,daily,OBM v0.1.0
2009-07-01,obm_est7d_hashrate_ehs_daily,0.000000000004,EH/s,daily,OBM v0.1.0
2009-07-02,obm_est7d_hashrate_ehs_daily,0.000000000004,EH/s,daily,OBM v0.1.0
2009-07-03,obm_est7d_hashrate_ehs_daily,0.000000000004,EH/s,daily,OBM v0.1.0
2009-07-04,obm_est7d_hashrate_ehs_daily,0.000000000004,EH/s,daily,OBM v0.1.0
2009-07-05,obm_est7d_hashrate_ehs_daily,0.000000000004,EH/s,daily,OBM v0.1.0
2009-07-06,obm_est7d_hashrate_ehs_daily,0.000000000004,EH/s,daily,OBM v0.1.0
2009-07-07,obm_est7d_hashrate_ehs_daily,0.000000000004,EH/s,daily,OBM v0.1.0
2009-07-08,obm_est7d_hashrate_ehs_daily,0.000000000004,EH/s,daily,OBM v0.1.0
2009-07-09,obm_est7d_hashrate_ehs_daily,0.000000000004,EH/s,daily,OBM v0.1.0
2009-07-10,obm_est7d_hashrate_ehs_daily,0.000000000004,EH/s,daily,OBM v0.1.0
2009-07-11,obm_est7d_hashrate_ehs_daily,0.000000000004,EH/s,daily,OBM v0.1.0
2009-07-12,obm_est7d_hashrate_ehs_daily,0.000000000004,EH/s,daily,OBM v0.1.0
2009-07-13,obm_est7d_hashrate_ehs_daily,0.000000000004,EH/s,daily,OBM v0.1.0
2009-07-14,obm_est7d_hashrate_ehs_daily,0.000000000004,EH/s,daily,OBM v0.1.0
2009-07-15,obm_est7d_hashrate_ehs_daily,0.000000000004,EH/s,daily,OBM v0.1.0
2009-07-16,obm_est7d_hashrate_ehs_daily,0.000000000004,EH/s,daily,OBM v0.1.0
2009-07-17,obm_est7d_hashrate_ehs_daily,0.000000000003,EH/s,daily,OBM v0.1.0
2009-07-18,obm_est7d_hashrate_ehs_daily,0.000000000003,EH/s,daily,OBM v0.1.0
2009-07-19,obm_est7d_hashrate_ehs_daily,0.000000000003,EH/s,daily,OBM v0.1.0
2009-07-20,obm_est7d_hashrate_ehs_daily,0.000000000003,EH/s,daily,OBM v0.1.0
2009-07-21,obm_est7d_hashrate_ehs_daily,0.000000000003,EH/s,daily,OBM v0.1.0
2009-07-22,obm_est7d_hashrate_ehs_daily,0.000000000003,EH/s,daily,OBM v0.1.0
2009-07-23,obm_est7d_hashrate_ehs_daily,0.000000000003,EH/s,daily,OBM v0.1.0
2009-07-24,obm_est7d_hashrate_ehs_daily,0.000000000003,EH/s,daily,OBM v0.1.0
2009-07-25,obm_est7d_hashrate_ehs_daily,0.000000000004,EH/s,daily,OBM v0.1.0
2009-07-26,obm_est7d_hashrate_ehs_daily,0.000000000003,EH/s,daily,OBM v0.1.0
2009-07-27,obm_est7d_hashrate_ehs_daily,0.000000000003,EH/s,daily,OBM v0.1.0
2009-07-28,obm_est7d_hashrate_ehs_daily,0.000000000003,EH/s,daily,OBM v0.1.0
2009-07-29,obm_est7d_hashrate_ehs_daily,0.000000000002,EH/s,daily,OBM v0.1.0
2009-07-30,obm_est7d_hashrate_ehs_daily,0.000000000002,EH/s,daily,OBM v0.1.0
2009-07-31,obm_est7d_hashrate_ehs_daily,0.000000000002,EH/s,daily,OBM v0.1.0
2009-08-01,obm_est7d_hashrate_ehs_daily,0.000000000002,EH/s,daily,OBM v0.1.0
2009-08-02,obm_est7d_hashrate_ehs_daily,0.000000000002,EH/s,daily,OBM v0.1.0
2009-08-03,obm_est7d_hashrate_ehs_daily,0.000000000001,EH/s,daily,OBM v0.1.0
2009-08-04,obm_est7d_hashrate_ehs_daily,0.000000000001,EH/s,daily,OBM v0.1.0
2009-08-05,obm_est7d_hashrate_ehs_daily,0.000000000002,EH/s,daily,OBM v0.1.0
2009-08-06,obm_est7d_hashrate_ehs_daily,0.000000000002,EH/s,daily,OBM v0.1.0
2009-08-07,obm_est7d_hashrate_ehs_daily,0.000000000003,EH/s,daily,OBM v0.1.0
2009-08-08,obm_est7d_hashrate_ehs_daily,0.000000000003,EH/s,daily,OBM v0.1.0
2009-08-09,obm_est7d_hashrate_ehs_daily,0.000000000004,EH/s,daily,OBM v0.1.0
2009-08-10,obm_est7d_hashrate_ehs_daily,0.000000000004,EH/s,daily,OBM v0.1.0
2009-08-11,obm_est7d_hashrate_ehs_daily,0.000000000004,EH/s,daily,OBM v0.1.0
2009-08-12,obm_est7d_hashrate_ehs_daily,0.000000000004,EH/s,daily,OBM v0.1.0
2009-08-13,obm_est7d_hashrate_ehs_daily,0.000000000004,EH/s,daily,OBM v0.1.0
2009-08-14,obm_est7d_hashrate_ehs_daily,0.000000000004,EH/s,daily,OBM v0.1.0
2009-08-15,obm_est7d_hashrate_ehs_daily,0.000000000003,EH/s,daily,OBM v0.1.0
2009-08-16,obm_est7d_hashrate_ehs_daily,0.000000000003,EH/s,daily,OBM v0.1.0
2009-08-17,obm_est7d_hashrate_ehs_daily,0.000000000002,EH/s,daily,OBM v0.1.0
2009-08-18,obm_est7d_hashrate_ehs_daily,0.000000000002,EH/s,daily,OBM v0.1.0
2009-08-19,obm_est7d_hashrate_ehs_daily,0.000000000002,EH/s,daily,OBM v0.1.0
2009-08-20,obm_est7d_hashrate_ehs_daily,0.000000000001,EH/s,daily,OBM v0.1.0
2009-08-21,obm_est7d_hashrate_ehs_daily,0.000000000001,EH/s,daily,OBM v0.1.0
2009-08-22,obm_est7d_hashrate_ehs_daily,0.000000000001,EH/s,daily,OBM v0.1.0
2009-08-23,obm_est7d_hashrate_ehs_daily,0.000000000001,EH/s,daily,OBM v0.1.0
2009-08-24,obm_est7d_hashrate_ehs_daily,0.000000000001,EH/s,daily,OBM v0.1.0
2009-08-25,obm_est7d_hashrate_ehs_daily,0.000000000001,EH/s,daily,OBM v0.1.0
2009-08-26,obm_est7d_hashrate_ehs_daily,0.000000000001,EH/s,daily,OBM v0.1.0
2009-08-27,obm_est7d_hashrate_ehs_daily,0.000000000001,EH/s,daily,OBM v0.1.0
2009-08-28,obm_est7d_hashrate_ehs_daily,0.000000000002,EH/s,daily,OBM v0.1.0
2009-08-29,obm_est7d_hashrate_ehs_daily,0.000000000002,EH/s,daily,OBM v0.1.0
2009-08-30,obm_est7d_hashrate_ehs_daily,0.000000000003,EH/s,daily,OBM v0.1.0
2009-08-31,obm_est7d_hashrate_ehs_daily,0.000000000003,EH/s,daily,OBM v0.1.0
2009-09-01,obm_est7d_hashrate_ehs_daily,0.000000000004,EH/s,daily,OBM v0.1.0
2009-09-02,obm_est7d_hashrate_ehs_daily,0.000000000004,EH/s,daily,OBM v0.1.0
2009-09-03,obm_est7d_hashrate_ehs_daily,0.000000000004,EH/s,daily,OBM v0.1.0
2009-09-04,obm_est7d_hashrate_ehs_daily,0.000000000004,EH/s,daily,OBM v0.1.0
2009-09-05,obm_est7d_hashrate_ehs_daily,0.000000000004,EH/s,daily,OBM v0.1.0
2009-09-06,obm_est7d_hashrate_ehs_daily,0.000000000004,EH/s,daily,OBM v0.1.0
2009-09-07,obm_est7d_hashrate_ehs_daily,0.000000000003,EH/s,daily,OBM v0.1.0
2009-09-08,obm_est7d_hashrate_ehs_daily,0.000000000003,EH/s,daily,OBM v0.1.0
2009-09-09,obm_est7d_hashrate_ehs_daily,0.000000000003,EH/s,daily,OBM v0.1.0
2009-09-10,obm_est7d_hashrate_ehs_daily,0.000000000003,EH/s,daily,OBM v0.1.0
2009-09-11,obm_est7d_hashrate_ehs_daily,0.000000000003,EH/s,daily,OBM v0.1.0
2009-09-12,obm_est7d_hashrate_ehs_daily,0.000000000003,EH/s,daily,OBM v0.1.0
2009-09-13,obm_est7d_hashrate_ehs_daily,0.000000000003,EH/s,daily,OBM v0.1.0
2009-09-14,obm_est7d_hashrate_ehs_daily,0.000000000003,EH/s,daily,OBM v0.1.0
2009-09-15,obm_est7d_hashrate_ehs_daily,0.000000000003,EH/s,daily,OBM v0.1.0
2009-09-16,obm_est7d_hashrate_ehs_daily,0.000000000003,EH/s,daily,OBM v0.1.0
2009-09-17,obm_est7d_hashrate_ehs_daily,0.000000000003,EH/s,daily,OBM v0.1.0
2009-09-18,obm_est7d_hashrate_ehs_daily,0.000000000004,EH/s,daily,OBM v0.1.0
2009-09-19,obm_est7d_hashrate_ehs_daily,0.000000000004,EH/s,daily,OBM v0.1.0
2009-09-20,obm_est7d_hashrate_ehs_daily,0.000000000004,EH/s,daily,OBM v0.1.0
2009-09-21,obm_est7d_hashrate_ehs_daily,0.000000000004,EH/s,daily,OBM v0.1.0
2009-09-22,obm_est7d_hashrate_ehs_daily,0.000000000003,EH/s,daily,OBM v0.1.0
2009-09-23,obm_est7d_hashrate_ehs_daily,0.000000000003,EH/s,daily,OBM v0.1.0
2009-09-24,obm_est7d_hashrate_ehs_daily,0.000000000003,EH/s,daily,OBM v0.1.0
2009-09-25,obm_est7d_hashrate_ehs_daily,0.000000000003,EH/s,daily,OBM v0.1.0
2009-09-26,obm_est7d_hashrate_ehs_daily,0.000000000004,EH/s,daily,OBM v0.1.0
2009-09-27,obm_est7d_hashrate_ehs_daily,0.000000000004,EH/s,daily,OBM v0.1.0
2009-09-28,obm_est7d_hashrate_ehs_daily,0.000000000004,EH/s,daily,OBM v0.1.0
2009-09-29,obm_est7d_hashrate_ehs_daily,0.000000000004,EH/s,daily,OBM v0.1.0
2009-09-30,obm_est7d_hashrate_ehs_daily,0.000000000005,EH/s,daily,OBM v0.1.0
2009-10-01,obm_est7d_hashrate_ehs_daily,0.000000000004,EH/s,daily,OBM v0.1.0
2009-10-02,obm_est7d_hashrate_ehs_daily,0.000000000004,EH/s,daily,OBM v0.1.0
2009-10-03,obm_est7d_hashrate_ehs_daily,0.000000000004,EH/s,daily,OBM v0.1.0
2009-10-04,obm_est7d_hashrate_ehs_daily,0.000000000004,EH/s,daily,OBM v0.1.0
2009-10-05,obm_est7d_hashrate_ehs_daily,0.000000000004,EH/s,daily,OBM v0.1.0
2009-10-06,obm_est7d_hashrate_ehs_daily,0.000000000003,EH/s,daily,OBM v0.1.0
2009-10-07,obm_est7d_hashrate_ehs_daily,0.000000000003,EH/s,daily,OBM v0.1.0
2009-10-08,obm_est7d_hashrate_ehs_daily,0.000000000003,EH/s,daily,OBM v0.1.0
2009-10-09,obm_est7d_hashrate_ehs_daily,0.000000000003,EH/s,daily,OBM v0.1.0
2009-10-10,obm_est7d_hashrate_ehs_daily,0.000000000003,EH/s,daily,OBM v0.1.0
2009-10-11,obm_est7d_hashrate_ehs_daily,0.000000000003,EH/s,daily,OBM v0.1.0
2009-10-12,obm_est7d_hashrate_ehs_daily,0.000000000003,EH/s,daily,OBM v0.1.0
2009-10-13,obm_est7d_hashrate_ehs_daily,0.000000000003,EH/s,daily,OBM v0.1.0
2009-10-14,obm_est7d_hashrate_ehs_daily,0.000000000003,EH/s,daily,OBM v0.1.0
2009-10-15,obm_est7d_hashrate_ehs_daily,0.000000000003,EH/s,daily,OBM v0.1.0
2009-10-16,obm_est7d_hashrate_ehs_daily,0.000000000003,EH/s,daily,OBM v0.1.0
2009-10-17,obm_est7d_hashrate_ehs_daily,0.000000000003,EH/s,daily,OBM v0.1.0
2009-10-18,obm_est7d_hashrate_ehs_daily,0.000000000003,EH/s,daily,OBM v0.1.0
2009-10-19,obm_est7d_hashrate_ehs_daily,0.000000000004,EH/s,daily,OBM v0.1.0
2009-10-20,obm_est7d_hashrate_ehs_daily,0.000000000004,EH/s,daily,OBM v0.1.0
2009-10-21,obm_est7d_hashrate_ehs_daily,0.000000000004,EH/s,daily,OBM v0.1.0
2009-10-22,obm_est7d_hashrate_ehs_daily,0.000000000004,EH/s,daily,OBM v0.1.0
2009-10-23,obm_est7d_hashrate_ehs_daily,0.000000000004,EH/s,daily,OBM v0.1.0
2009-10-24,obm_est7d_hashrate_ehs_daily,0.000000000004,EH/s,daily,OBM v0.1.0
2009-10-25,obm_est7d_hashrate_ehs_daily,0.000000000004,EH/s,daily,OBM v0.1.0
2009-10-26,obm_est7d_hashrate_ehs_daily,0.000000000004,EH/s,daily,OBM v0.1.0
2009-10-27,obm_est7d_hashrate_ehs_daily,0.000000000004,EH/s,daily,OBM v0.1.0
2009-10-28,obm_est7d_hashrate_ehs_daily,0.000000000004,EH/s,daily,OBM v0.1.0
2009-10-29,obm_est7d_hashrate_ehs_daily,0.000000000003,EH/s,daily,OBM v0.1.0
2009-10-30,obm_est7d_hashrate_ehs_daily,0.000000000003,EH/s,daily,OBM v0.1.0
2009-10-31,obm_est7d_hashrate_ehs_daily,0.000000000003,EH/s,daily,OBM v0.1.0
2009-11-01,obm_est7d_hashrate_ehs_daily,0.000000000003,EH/s,daily,OBM v0.1.0
2009-11-02,obm_est7d_hashrate_ehs_daily,0.000000000002,EH/s,daily,OBM v0.1.0
2009-11-03,obm_est7d_hashrate_ehs_daily,0.000000000002,EH/s,daily,OBM v0.1.0
2009-11-04,obm_est7d_hashrate_ehs_daily,0.000000000002,EH/s,daily,OBM v0.1.0
2009-11-05,obm_est7d_hashrate_ehs_daily,0.000000000002,EH/s,daily,OBM v0.1.0
2009-11-06,obm_est7d_hashrate_ehs_daily,0.000000000002,EH/s,daily,OBM v0.1.0
2009-11-07,obm_est7d_hashrate_ehs_daily,0.000000000003,EH/s,daily,OBM v0.1.0
2009-11-08,obm_est7d_hashrate_ehs_daily,0.000000000003,EH/s,daily,OBM v0.1.0
2009-11-09,obm_est7d_hashrate_ehs_daily,0.000000000003,EH/s,daily,OBM v0.1.0
2009-11-10,obm_est7d_hashrate_ehs_daily,0.000000000003,EH/s,daily,OBM v0.1.0
2009-11-11,obm_est7d_hashrate_ehs_daily,0.000000000003,EH/s,daily,OBM v0.1.0
2009-11-12,obm_est7d_hashrate_ehs_daily,0.000000000003,EH/s,daily,OBM v0.1.0
2009-11-13,obm_est7d_hashrate_ehs_daily,0.000000000004,EH/s,daily,OBM v0.1.0
2009-11-14,obm_est7d_hashrate_ehs_daily,0.000000000004,EH/s,daily,OBM v0.1.0
2009-11-15,obm_est7d_hashrate_ehs_daily,0.000000000004,EH/s,daily,OBM v0.1.0
2009-11-16,obm_est7d_hashrate_ehs_daily,0.000000000004,EH/s,daily,OBM v0.1.0
2009-11-17,obm_est7d_hashrate_ehs_daily,0.000000000004,EH/s,daily,OBM v0.1.0
2009-11-18,obm_est7d_hashrate_ehs_daily,0.000000000004,EH/s,daily,OBM v0.1.0
2009-11-19,obm_est7d_hashrate_ehs_daily,0.000000000004,EH/s,daily,OBM v0.1.0
2009-11-20,obm_est7d_hashrate_ehs_daily,0.000000000004,EH/s,daily,OBM v0.1.0
2009-11-21,obm_est7d_hashrate_ehs_daily,0.000000000004,EH/s,daily,OBM v0.1.0
2009-11-22,obm_est7d_hashrate_ehs_daily,0.000000000004,EH/s,daily,OBM v0.1.0
2009-11-23,obm_est7d_hashrate_ehs_daily,0.000000000004,EH/s,daily,OBM v0.1.0
2009-11-24,obm_est7d_hashrate_ehs_daily,0.000000000004,EH/s,daily,OBM v0.1.0
2009-11-25,obm_est7d_hashrate_ehs_daily,0.000000000004,EH/s,daily,OBM v0.1.0
2009-11-26,obm_est7d_hashrate_ehs_daily,0.000000000004,EH/s,daily,OBM v0.1.0
2009-11-27,obm_est7d_hashrate_ehs_daily,0.000000000004,EH/s,daily,OBM v0.1.0
2009-11-28,obm_est7d_hashrate_ehs_daily,0.000000000004,EH/s,daily,OBM v0.1.0
2009-11-29,obm_est7d_hashrate_ehs_daily,0.000000000004,EH/s,daily,OBM v0.1.0
2009-11-30,obm_est7d_hashrate_ehs_daily,0.000000000004,EH/s,daily,OBM v0.1.0
2009-12-01,obm_est7d_hashrate_ehs_daily,0.000000000004,EH/s,daily,OBM v0.1.0
2009-12-02,obm_est7d_hashrate_ehs_daily,0.000000000004,EH/s,daily,OBM v0.1.0
2009-12-03,obm_est7d_hashrate_ehs_daily,0.000000000004,EH/s,daily,OBM v0.1.0
2009-12-04,obm_est7d_hashrate_ehs_daily,0.000000000004,EH/s,daily,OBM v0.1.0
2009-12-05,obm_est7d_hashrate_ehs_daily,0.000000000003,EH/s,daily,OBM v0.1.0
2009-12-06,obm_est7d_hashrate_ehs_daily,0.000000000004,EH/s,daily,OBM v0.1.0
2009-12-07,obm_est7d_hashrate_ehs_daily,0.000000000004,EH/s,daily,OBM v0.1.0
2009-12-08,obm_est7d_hashrate_ehs_daily,0.000000000004,EH/s,daily,OBM v0.1.0
2009-12-09,obm_est7d_hashrate_ehs_daily,0.000000000004,EH/s,daily,OBM v0.1.0
2009-12-10,obm_est7d_hashrate_ehs_daily,0.000000000004,EH/s,daily,OBM v0.1.0
2009-12-11,obm_est7d_hashrate_ehs_daily,0.000000000005,EH/s,daily,OBM v0.1.0
2009-12-12,obm_est7d_hashrate_ehs_daily,0.000000000005,EH/s,daily,OBM v0.1.0
2009-12-13,obm_est7d_hashrate_ehs_daily,0.000000000005,EH/s,daily,OBM v0.1.0
2009-12-14,obm_est7d_hashrate_ehs_daily,0.000000000005,EH/s,daily,OBM v0.1.0
2009-12-15,obm_est7d_hashrate_ehs_daily,0.000000000005,EH/s,daily,OBM v0.1.0
2009-12-16,obm_est7d_hashrate_ehs_daily,0.000000000006,EH/s,daily,OBM v0.1.0
2009-12-17,obm_est7d_hashrate_ehs_daily,0.000000000006,EH/s,daily,OBM v0.1.0
2009-12-18,obm_est7d_hashrate_ehs_daily,0.000000000007,EH/s,daily,OBM v0.1.0
2009-12-19,obm_est7d_hashrate_ehs_daily,0.000000000007,EH/s,daily,OBM v0.1.0
2009-12-20,obm_est7d_hashrate_ehs_daily,0.000000000008,EH/s,daily,OBM v0.1.0
2009-12-21,obm_est7d_hashrate_ehs_daily,0.000000000008,EH/s,daily,OBM v0.1.0
2009-12-22,obm_est7d_hashrate_ehs_daily,0.000000000009,EH/s,daily,OBM v0.1.0
2009-12-23,obm_est7d_hashrate_ehs_daily,0.000000000009,EH/s,daily,OBM v0.1.0
2009-12-24,obm_est7d_hashrate_ehs_daily,0.000000000009,EH/s,daily,OBM v0.1.0
2009-12-25,obm_est7d_hashrate_ehs_daily,0.000000000008,EH/s,daily,OBM v0.1.0
2009-12-26,obm_est7d_hashrate_ehs_daily,0.000000000008,EH/s,daily,OBM v0.1.0
2009-12-27,obm_est7d_hashrate_ehs_daily,0.000000000008,EH/s,daily,OBM v0.1.0
2009-12-28,obm_est7d_hashrate_ehs_daily,0.000000000008,EH/s,daily,OBM v0.1.0
2009-12-29,obm_est7d_hashrate_ehs_daily,0.000000000008,EH/s,daily,OBM v0.1.0
2009-12-30,obm_est7d_hashrate_ehs_daily,0.000000000008,EH/s,daily,OBM v0.1.0
2009-12-31,obm_est7d_hashrate_ehs_daily,0.000000000008,EH/s,daily,OBM v0.1.0
2010-01-01,obm_est7d_hashrate_ehs_daily,0.000000000008,EH/s,daily,OBM v0.1.0
2010-01-02,obm_est7d_hashrate_ehs_daily,0.000000000008,EH/s,daily,OBM v0.1.0
2010-01-03,obm_est7d_hashrate_ehs_daily,0.000000000008,EH/s,daily,OBM v0.1.0
2010-01-04,obm_est7d_hashrate_ehs_daily,0.000000000009,EH/s,daily,OBM v0.1.0
2010-01-05,obm_est7d_hashrate_ehs_daily,0.000000000009,EH/s,daily,OBM v0.1.0
2010-01-06,obm_est7d_hashrate_ehs_daily,0.000000000009,EH/s,daily,OBM v0.1.0
2010-01-07,obm_est7d_hashrate_ehs_daily,0.000000000010,EH/s,daily,OBM v0.1.0
2010-01-08,obm_est7d_hashrate_ehs_daily,0.000000000010,EH/s,daily,OBM v0.1.0
2010-01-09,obm_est7d_hashrate_ehs_daily,0.000000000010,EH/s,daily,OBM v0.1.0
2010-01-10,obm_est7d_hashrate_ehs_daily,0.000000000010,EH/s,daily,OBM v0.1.0
2010-01-11,obm_est7d_hashrate_ehs_daily,0.000000000010,EH/s,daily,OBM v0.1.0
2010-01-12,obm_est7d_hashrate_ehs_daily,0.000000000010,EH/s,daily,OBM v0.1.0
2010-01-13,obm_est7d_hashrate_ehs_daily,0.000000000010,EH/s,daily,OBM v0.1.0
2010-01-14,obm_est7d_hashrate_ehs_daily,0.000000000010,EH/s,daily,OBM v0.1.0
2010-01-15,obm_est7d_hashrate_ehs_daily,0.000000000010,EH/s,daily,OBM v0.1.0
2010-01-16,obm_est7d_hashrate_ehs_daily,0.000000000010,EH/s,daily,OBM v0.1.0
2010-01-17,obm_est7d_hashrate_ehs_daily,0.000000000009,EH/s,daily,OBM v0.1.0
2010-01-18,obm_est7d_hashrate_ehs_daily,0.000000000009,EH/s,daily,OBM v0.1.0
2010-01-19,obm_est7d_hashrate_ehs_daily,0.000000000009,EH/s,daily,OBM v0.1.0
2010-01-20,obm_est7d_hashrate_ehs_daily,0.000000000009,EH/s,daily,OBM v0.1.0
2010-01-21,obm_est7d_hashrate_ehs_daily,0.000000000009,EH/s,daily,OBM v0.1.0
2010-01-22,obm_est7d_hashrate_ehs_daily,0.000000000009,EH/s,daily,OBM v0.1.0
2010-01-23,obm_est7d_hashrate_ehs_daily,0.000000000009,EH/s,daily,OBM v0.1.0
2010-01-24,obm_est7d_hashrate_ehs_daily,0.000000000010,EH/s,daily,OBM v0.1.0
2010-01-25,obm_est7d_hashrate_ehs_daily,0.000000000010,EH/s,daily,OBM v0.1.0
2010-01-26,obm_est7d_hashrate_ehs_daily,0.000000000011,EH/s,daily,OBM v0.1.0
2010-01-27,obm_est7d_hashrate_ehs_daily,0.000000000011,EH/s,daily,OBM v0.1.0
2010-01-28,obm_est7d_hashrate_ehs_daily,0.000000000011,EH/s,daily,OBM v0.1.0
2010-01-29,obm_est7d_hashrate_ehs_daily,0.000000000012,EH/s,daily,OBM v0.1.0
2010-01-30,obm_est7d_hashrate_ehs_daily,0.000000000012,EH/s,daily,OBM v0.1.0
2010-01-31,obm_est7d_hashrate_ehs_daily,0.000000000013,EH/s,daily,OBM v0.1.0
2010-02-01,obm_est7d_hashrate_ehs_daily,0.000000000012,EH/s,daily,OBM v0.1.0
2010-02-02,obm_est7d_hashrate_ehs_daily,0.000000000012,EH/s,daily,OBM v0.1.0
2010-02-03,obm_est7d_hashrate_ehs_daily,0.000000000013,EH/s,daily,OBM v0.1.0
2010-02-04,obm_est7d_hashrate_ehs_daily,0.000000000013,EH/s,daily,OBM v0.1.0
2010-02-05,obm_est7d_hashrate_ehs_daily,0.000000000014,EH/s,daily,OBM v0.1.0
2010-02-06,obm_est7d_hashrate_ehs_daily,0.000000000015,EH/s,daily,OBM v0.1.0
2010-02-07,obm_est7d_hashrate_ehs_daily,0.000000000016,EH/s,daily,OBM v0.1.0
2010-02-08,obm_est7d_hashrate_ehs_daily,0.000000000017,EH/s,daily,OBM v0.1.0
2010-02-09,obm_est7d_hashrate_ehs_daily,0.000000000018,EH/s,daily,OBM v0.1.0
2010-02-10,obm_est7d_hashrate_ehs_daily,0.000000000018,EH/s,daily,OBM v0.1.0
2010-02-11,obm_est7d_hashrate_ehs_daily,0.000000000018,EH/s,daily,OBM v0.1.0
2010-02-12,obm_est7d_hashrate_ehs_daily,0.000000000017,EH/s,daily,OBM v0.1.0
2010-02-13,obm_est7d_hashrate_ehs_daily,0.000000000018,EH/s,daily,OBM v0.1.0
2010-02-14,obm_est7d_hashrate_ehs_daily,0.000000000018,EH/s,daily,OBM v0.1.0
2010-02-15,obm_est7d_hashrate_ehs_daily,0.000000000018,EH/s,daily,OBM v0.1.0
2010-02-16,obm_est7d_hashrate_ehs_daily,0.000000000019,EH/s,daily,OBM v0.1.0
2010-02-17,obm_est7d_hashrate_ehs_daily,0.000000000021,EH/s,daily,OBM v0.1.0
2010-02-18,obm_est7d_hashrate_ehs_daily,0.000000000023,EH/s,daily,OBM v0.1.0
2010-02-19,obm_est7d_hashrate_ehs_daily,0.000000000024,EH/s,daily,OBM v0.1.0
2010-02-20,obm_est7d_hashrate_ehs_daily,0.000000000025,EH/s,daily,OBM v0.1.0
2010-02-21,obm_est7d_hashrate_ehs_daily,0.000000000026,EH/s,daily,OBM v0.1.0
2010-02-22,obm_est7d_hashrate_ehs_daily,0.000000000027,EH/s,daily,OBM v0.1.0
2010-02-23,obm_est7d_hashrate_ehs_daily,0.000000000028,EH/s,daily,OBM v0.1.0
2010-02-24,obm_est7d_hashrate_ehs_daily,0.000000000028,EH/s,daily,OBM v0.1.0
2010-02-25,obm_est7d_hashrate_ehs_daily,0.000000000029,EH/s,daily,OBM v0.1.0
2010-02-26,obm_est7d_hashrate_ehs_daily,0.000000000030,EH/s,daily,OBM v0.1.0
2010-02-27,obm_est7d_hashrate_ehs_daily,0.000000000031,EH/s,daily,OBM v0.1.0
2010-02-28,obm_est7d_hashrate_ehs_daily,0.000000000031,EH/s,daily,OBM v0.1.0
2010-03-01,obm_est7d_hashrate_ehs_daily,0.000000000031,EH/s,daily,OBM v0.1.0
2010-03-02,obm_est7d_hashrate_ehs_daily,0.000000000032,EH/s,daily,OBM v0.1.0
2010-03-03,obm_est7d_hashrate_ehs_daily,0.000000000032,EH/s,daily,OBM v0.1.0
2010-03-04,obm_est7d_hashrate_ehs_daily,0.000000000033,EH/s,daily,OBM v0.1.0
2010-03-05,obm_est7d_hashrate_ehs_daily,0.000000000033,EH/s,daily,OBM v0.1.0
2010-03-06,obm_est7d_hashrate_ehs_daily,0.000000000033,EH/s,daily,OBM v0.1.0
2010-03-07,obm_est7d_hashrate_ehs_daily,0.000000000034,EH/s,daily,OBM v0.1.0
2010-03-08,obm_est7d_hashrate_ehs_daily,0.000000000032,EH/s,daily,OBM v0.1.0
2010-03-09,obm_est7d_hashrate_ehs_daily,0.000000000032,EH/s,daily,OBM v0.1.0
2010-03-10,obm_est7d_hashrate_ehs_daily,0.000000000033,EH/s,daily,OBM v0.1.0
2010-03-11,obm_est7d_hashrate_ehs_daily,0.000000000032,EH/s,daily,OBM v0.1.0
2010-03-12,obm_est7d_hashrate_ehs_daily,0.000000000032,EH/s,daily,OBM v0.1.0
2010-03-13,obm_est7d_hashrate_ehs_daily,0.000000000032,EH/s,daily,OBM v0.1.0
2010-03-14,obm_est7d_hashrate_ehs_daily,0.000000000031,EH/s,daily,OBM v0.1.0
2010-03-15,obm_est7d_hashrate_ehs_daily,0.000000000031,EH/s,daily,OBM v0.1.0
2010-03-16,obm_est7d_hashrate_ehs_daily,0.000000000031,EH/s,daily,OBM v0.1.0
2010-03-17,obm_est7d_hashrate_ehs_daily,0.000000000030,EH/s,daily,OBM v0.1.0
2010-03-18,obm_est7d_hashrate_ehs_daily,0.000000000030,EH/s,daily,OBM v0.1.0
2010-03-19,obm_est7d_hashrate_ehs_daily,0.000000000031,EH/s,daily,OBM v0.1.0
2010-03-20,obm_est7d_hashrate_ehs_daily,0.000000000032,EH/s,daily,OBM v0.1.0
2010-03-21,obm_est7d_hashrate_ehs_daily,0.000000000034,EH/s,daily,OBM v0.1.0
2010-03-22,obm_est7d_hashrate_ehs_daily,0.000000000036,EH/s,daily,OBM v0.1.0
2010-03-23,obm_est7d_hashrate_ehs_daily,0.000000000038,EH/s,daily,OBM v0.1.0
2010-03-24,obm_est7d_hashrate_ehs_daily,0.000000000040,EH/s,daily,OBM v0.1.0
2010-03-25,obm_est7d_hashrate_ehs_daily,0.000000000041,EH/s,daily,OBM v0.1.0
2010-03-26,obm_est7d_hashrate_ehs_daily,0.000000000043,EH/s,daily,OBM v0.1.0
2010-03-27,obm_est7d_hashrate_ehs_daily,0.000000000042,EH/s,daily,OBM v0.1.0
2010-03-28,obm_est7d_hashrate_ehs_daily,0.000000000042,EH/s,daily,OBM v0.1.0
2010-03-29,obm_est7d_hashrate_ehs_daily,0.000000000043,EH/s,daily,OBM v0.1.0
2010-03-30,obm_est7d_hashrate_ehs_daily,0.000000000043,EH/s,daily,OBM v0.1.0
2010-03-31,obm_est7d_hashrate_ehs_daily,0.000000000044,EH/s,daily,OBM v0.1.0
2010-04-01,obm_est7d_hashrate_ehs_daily,0.000000000045,EH/s,daily,OBM v0.1.0
2010-04-02,obm_est7d_hashrate_ehs_daily,0.000000000045,EH/s,daily,OBM v0.1.0
2010-04-03,obm_est7d_hashrate_ehs_daily,0.000000000046,EH/s,daily,OBM v0.1.0
2010-04-04,obm_est7d_hashrate_ehs_daily,0.000000000047,EH/s,daily,OBM v0.1.0
2010-04-05,obm_est7d_hashrate_ehs_daily,0.000000000048,EH/s,daily,OBM v0.1.0
2010-04-06,obm_est7d_hashrate_ehs_daily,0.000000000048,EH/s,daily,OBM v0.1.0
2010-04-07,obm_est7d_hashrate_ehs_daily,0.000000000049,EH/s,daily,OBM v0.1.0
2010-04-08,obm_est7d_hashrate_ehs_daily,0.000000000051,EH/s,daily,OBM v0.1.0
2010-04-09,obm_est7d_hashrate_ehs_daily,0.000000000052,EH/s,daily,OBM v0.1.0
2010-04-10,obm_est7d_hashrate_ehs_daily,0.000000000057,EH/s,daily,OBM v0.1.0
2010-04-11,obm_est7d_hashrate_ehs_daily,0.000000000059,EH/s,daily,OBM v0.1.0
2010-04-12,obm_est7d_hashrate_ehs_daily,0.000000000062,EH/s,daily,OBM v0.1.0
2010-04-13,obm_est7d_hashrate_ehs_daily,0.000000000066,EH/s,daily,OBM v0.1.0
2010-04-14,obm_est7d_hashrate_ehs_daily,0.000000000068,EH/s,daily,OBM v0.1.0
2010-04-15,obm_est7d_hashrate_ehs_daily,0.000000000072,EH/s,daily,OBM v0.1.0
2010-04-16,obm_est7d_hashrate_ehs_daily,0.000000000075,EH/s,daily,OBM v0.1.0
2010-04-17,obm_est7d_hashrate_ehs_daily,0.000000000076,EH/s,daily,OBM v0.1.0
2010-04-18,obm_est7d_hashrate_ehs_daily,0.000000000080,EH/s,daily,OBM v0.1.0
2010-04-19,obm_est7d_hashrate_ehs_daily,0.000000000083,EH/s,daily,OBM v0.1.0
2010-04-20,obm_est7d_hashrate_ehs_daily,0.000000000083,EH/s,daily,OBM v0.1.0
2010-04-21,obm_est7d_hashrate_ehs_daily,0.000000000086,EH/s,daily,OBM v0.1.0
2010-04-22,obm_est7d_hashrate_ehs_daily,0.000000000087,EH/s,daily,OBM v0.1.0
2010-04-23,obm_est7d_hashrate_ehs_daily,0.000000000088,EH/s,daily,OBM v0.1.0
2010-04-24,obm_est7d_hashrate_ehs_daily,0.000000000089,EH/s,daily,OBM v0.1.0
2010-04-25,obm_est7d_hashrate_ehs_daily,0.000000000088,EH/s,daily,OBM v0.1.0
2010-04-26,obm_est7d_hashrate_ehs_daily,0.000000000089,EH/s,daily,OBM v0.1.0
2010-04-27,obm_est7d_hashrate_ehs_daily,0.000000000092,EH/s,daily,OBM v0.1.0
2010-04-28,obm_est7d_hashrate_ehs_daily,0.000000000094,EH/s,daily,OBM v0.1.0
2010-04-29,obm_est7d_hashrate_ehs_daily,0.000000000094,EH/s,daily,OBM v0.1.0
2010-04-30,obm_est7d_hashrate_ehs_daily,0.000000000093,EH/s,daily,OBM v0.1.0
2010-05-01,obm_est7d_hashrate_ehs_daily,0.000000000094,EH/s,daily,OBM v0.1.0
2010-05-02,obm_est7d_hashrate_ehs_daily,0.000000000094,EH/s,daily,OBM v0.1.0
2010-05-03,obm_est7d_hashrate_ehs_daily,0.000000000094,EH/s,daily,OBM v0.1.0
2010-05-04,obm_est7d_hashrate_ehs_daily,0.000000000091,EH/s,daily,OBM v0.1.0
2010-05-05,obm_est7d_hashrate_ehs_daily,0.000000000089,EH/s,daily,OBM v0.1.0
2010-05-06,obm_est7d_hashrate_ehs_daily,0.000000000090,EH/s,daily,OBM v0.1.0
2010-05-07,obm_est7d_hashrate_ehs_daily,0.000000000091,EH/s,daily,OBM v0.1.0
2010-05-08,obm_est7d_hashrate_ehs_daily,0.000000000090,EH/s,daily,OBM v0.1.0
2010-05-09,obm_est7d_hashrate_ehs_daily,0.000000000090,EH/s,daily,OBM v0.1.0
2010-05-10,obm_est7d_hashrate_ehs_daily,0.000000000089,EH/s,daily,OBM v0.1.0
2010-05-11,obm_est7d_hashrate_ehs_daily,0.000000000088,EH/s,daily,OBM v0.1.0
2010-05-12,obm_est7d_hashrate_ehs_daily,0.000000000086,EH/s,daily,OBM v0.1.0
2010-05-13,obm_est7d_hashrate_ehs_daily,0.000000000085,EH/s,daily,OBM v0.1.0
2010-05-14,obm_est7d_hashrate_ehs_daily,0.000000000084,EH/s,daily,OBM v0.1.0
2010-05-15,obm_est7d_hashrate_ehs_daily,0.000000000078,EH/s,daily,OBM v0.1.0
2010-05-16,obm_est7d_hashrate_ehs_daily,0.000000000076,EH/s,daily,OBM v0.1.0
2010-05-17,obm_est7d_hashrate_ehs_daily,0.000000000076,EH/s,daily,OBM v0.1.0
2010-05-18,obm_est7d_hashrate_ehs_daily,0.000000000082,EH/s,daily,OBM v0.1.0
2010-05-19,obm_est7d_hashrate_ehs_daily,0.000000000085,EH/s,daily,OBM v0.1.0
2010-05-20,obm_est7d_hashrate_ehs_daily,0.000000000090,EH/s,daily,OBM v0.1.0
2010-05-21,obm_est7d_hashrate_ehs_daily,0.000000000093,EH/s,daily,OBM v0.1.0
2010-05-22,obm_est7d_hashrate_ehs_daily,0.000000000102,EH/s,daily,OBM v0.1.0
2010-05-23,obm_est7d_hashrate_ehs_daily,0.000000000109,EH/s,daily,OBM v0.1.0
2010-05-24,obm_est7d_hashrate_ehs_daily,0.000000000112,EH/s,daily,OBM v0.1.0
2010-05-25,obm_est7d_hashrate_ehs_daily,0.000000000114,EH/s,daily,OBM v0.1.0
2010-05-26,obm_est7d_hashrate_ehs_daily,0.000000000118,EH/s,daily,OBM v0.1.0
2010-05-27,obm_est7d_hashrate_ehs_daily,0.000000000118,EH/s,daily,OBM v0.1.0
2010-05-28,obm_est7d_hashrate_ehs_daily,0.000000000121,EH/s,daily,OBM v0.1.0
2010-05-29,obm_est7d_hashrate_ehs_daily,0.000000000123,EH/s,daily,OBM v0.1.0
2010-05-30,obm_est7d_hashrate_ehs_daily,0.000000000123,EH/s,daily,OBM v0.1.0
2010-05-31,obm_est7d_hashrate_ehs_daily,0.000000000123,EH/s,daily,OBM v0.1.0
2010-06-01,obm_est7d_hashrate_ehs_daily,0.000000000122,EH/s,daily,OBM v0.1.0
2010-06-02,obm_est7d_hashrate_ehs_daily,0.000000000120,EH/s,daily,OBM v0.1.0
2010-06-03,obm_est7d_hashrate_ehs_daily,0.000000000122,EH/s,daily,OBM v0.1.0
2010-06-04,obm_est7d_hashrate_ehs_daily,0.000000000118,EH/s,daily,OBM v0.1.0
2010-06-05,obm_est7d_hashrate_ehs_daily,0.000000000118,EH/s,daily,OBM v0.1.0
2010-06-06,obm_est7d_hashrate_ehs_daily,0.000000000118,EH/s,daily,OBM v0.1.0
2010-06-07,obm_est7d_hashrate_ehs_daily,0.000000000119,EH/s,daily,OBM v0.1.0
2010-06-08,obm_est7d_hashrate_ehs_daily,0.000000000122,EH/s,daily,OBM v0.1.0
2010-06-09,obm_est7d_hashrate_ehs_daily,0.000000000125,EH/s,daily,OBM v0.1.0
2010-06-10,obm_est7d_hashrate_ehs_daily,0.000000000126,EH/s,daily,OBM v0.1.0
2010-06-11,obm_est7d_hashrate_ehs_daily,0.000000000131,EH/s,daily,OBM v0.1.0
2010-06-12,obm_est7d_hashrate_ehs_daily,0.000000000130,EH/s,daily,OBM v0.1.0
2010-06-13,obm_est7d_hashrate_ehs_daily,0.000000000134,EH/s,daily,OBM v0.1.0
2010-06-14,obm_est7d_hashrate_ehs_daily,0.000000000135,EH/s,daily,OBM v0.1.0
2010-06-15,obm_est7d_hashrate_ehs_daily,0.000000000139,EH/s,daily,OBM v0.1.0
2010-06-16,obm_est7d_hashrate_ehs_daily,0.000000000137,EH/s,daily,OBM v0.1.0
2010-06-17,obm_est7d_hashrate_ehs_daily,0.000000000136,EH/s,daily,OBM v0.1.0
2010-06-18,obm_est7d_hashrate_ehs_daily,0.000000000135,EH/s,daily,OBM v0.1.0
2010-06-19,obm_est7d_hashrate_ehs_daily,0.000000000137,EH/s,daily,OBM v0.1.0
2010-06-20,obm_est7d_hashrate_ehs_daily,0.000000000138,EH/s,daily,OBM v0.1.0
2010-06-21,obm_est7d_hashrate_ehs_daily,0.000000000137,EH/s,daily,OBM v0.1.0
2010-06-22,obm_est7d_hashrate_ehs_daily,0.000000000134,EH/s,daily,OBM v0.1.0
2010-06-23,obm_est7d_hashrate_ehs_daily,0.000000000140,EH/s,daily,OBM v0.1.0
2010-06-24,obm_est7d_hashrate_ehs_daily,0.000000000143,EH/s,daily,OBM v0.1.0
2010-06-25,obm_est7d_hashrate_ehs_daily,0.000000000145,EH/s,daily,OBM v0.1.0
2010-06-26,obm_est7d_hashrate_ehs_daily,0.000000000149,EH/s,daily,OBM v0.1.0
2010-06-27,obm_est7d_hashrate_ehs_daily,0.000000000151,EH/s,daily,OBM v0.1.0
2010-06-28,obm_est7d_hashrate_ehs_daily,0.000000000152,EH/s,daily,OBM v0.1.0
2010-06-29,obm_est7d_hashrate_ehs_daily,0.000000000156,EH/s,daily,OBM v0.1.0
2010-06-30,obm_est7d_hashrate_ehs_daily,0.000000000159,EH/s,daily,OBM v0.1.0
2010-07-01,obm_est7d_hashrate_ehs_daily,0.000000000166,EH/s,daily,OBM v0.1.0
2010-07-02,obm_est7d_hashrate_ehs_daily,0.000000000168,EH/s,daily,OBM v0.1.0
2010-07-03,obm_est7d_hashrate_ehs_daily,0.000000000175,EH/s,daily,OBM v0.1.0
2010-07-04,obm_est7d_hashrate_ehs_daily,0.000000000174,EH/s,daily,OBM v0.1.0
2010-07-05,obm_est7d_hashrate_ehs_daily,0.000000000177,EH/s,daily,OBM v0.1.0
2010-07-06,obm_est7d_hashrate_ehs_daily,0.000000000182,EH/s,daily,OBM v0.1.0
2010-07-07,obm_est7d_hashrate_ehs_daily,0.000000000183,EH/s,daily,OBM v0.1.0
2010-07-08,obm_est7d_hashrate_ehs_daily,0.000000000179,EH/s,daily,OBM v0.1.0
2010-07-09,obm_est7d_hashrate_ehs_daily,0.000000000189,EH/s,daily,OBM v0.1.0
2010-07-10,obm_est7d_hashrate_ehs_daily,0.000000000193,EH/s,daily,OBM v0.1.0
2010-07-11,obm_est7d_hashrate_ehs_daily,0.000000000200,EH/s,daily,OBM v0.1.0
2010-07-12,obm_est7d_hashrate_ehs_daily,0.000000000285,EH/s,daily,OBM v0.1.0
2010-07-13,obm_est7d_hashrate_ehs_daily,0.000000000431,EH/s,daily,OBM v0.1.0
2010-07-14,obm_est7d_hashrate_ehs_daily,0.000000000594,EH/s,daily,OBM v0.1.0
2010-07-15,obm_est7d_hashrate_ehs_daily,0.000000000767,EH/s,daily,OBM v0.1.0
2010-07-16,obm_est7d_hashrate_ehs_daily,0.000000000958,EH/s,daily,OBM v0.1.0
2010-07-17,obm_est7d_hashrate_ehs_daily,0.000000001150,EH/s,daily,OBM v0.1.0
2010-07-18,obm_est7d_hashrate_ehs_daily,0.000000001345,EH/s,daily,OBM v0.1.0
2010-07-19,obm_est7d_hashrate_ehs_daily,0.000000001456,EH/s,daily,OBM v0.1.0
2010-07-20,obm_est7d_hashrate_ehs_daily,0.000000001514,EH/s,daily,OBM v0.1.0
2010-07-21,obm_est7d_hashrate_ehs_daily,0.000000001595,EH/s,daily,OBM v0.1.0
2010-07-22,obm_est7d_hashrate_ehs_daily,0.000000001623,EH/s,daily,OBM v0.1.0
2010-07-23,obm_est7d_hashrate_ehs_daily,0.000000001649,EH/s,daily,OBM v0.1.0
2010-07-24,obm_est7d_hashrate_ehs_daily,0.000000001673,EH/s,daily,OBM v0.1.0
2010-07-25,obm_est7d_hashrate_ehs_daily,0.000000001745,EH/s,daily,OBM v0.1.0
2010-07-26,obm_est7d_hashrate_ehs_daily,0.000000001836,EH/s,daily,OBM v0.1.0
2010-07-27,obm_est7d_hashrate_ehs_daily,0.000000001881,EH/s,daily,OBM v0.1.0
2010-07-28,obm_est7d_hashrate_ehs_daily,0.000000001896,EH/s,daily,OBM v0.1.0
2010-07-29,obm_est7d_hashrate_ehs_daily,0.000000001975,EH/s,daily,OBM v0.1.0
2010-07-30,obm_est7d_hashrate_ehs_daily,0.000000002044,EH/s,daily,OBM v0.1.0
2010-07-31,obm_est7d_hashrate_ehs_daily,0.000000002154,EH/s,daily,OBM v0.1.0
2010-08-01,obm_est7d_hashrate_ehs_daily,0.000000002269,EH/s,daily,OBM v0.1.0
2010-08-02,obm_est7d_hashrate_ehs_daily,0.000000002374,EH/s,daily,OBM v0.1.0
2010-08-03,obm_est7d_hashrate_ehs_daily,0.000000002485,EH/s,daily,OBM v0.1.0
2010-08-04,obm_est7d_hashrate_ehs_daily,0.000000002632,EH/s,daily,OBM v0.1.0
2010-08-05,obm_est7d_hashrate_ehs_daily,0.000000002721,EH/s,daily,OBM v0.1.0
2010-08-06,obm_est7d_hashrate_ehs_daily,0.000000002774,EH/s,daily,OBM v0.1.0
2010-08-07,obm_est7d_hashrate_ehs_daily,0.000000002807,EH/s,daily,OBM v0.1.0
2010-08-08,obm_est7d_hashrate_ehs_daily,0.000000002891,EH/s,daily,OBM v0.1.0
2010-08-09,obm_est7d_hashrate_ehs_daily,0.000000002946,EH/s,daily,OBM v0.1.0
2010-08-10,obm_est7d_hashrate_ehs_daily,0.000000003034,EH/s,daily,OBM v0.1.0
2010-08-11,obm_est7d_hashrate_ehs_daily,0.000000003190,EH/s,daily,OBM v0.1.0
2010-08-12,obm_est7d_hashrate_ehs_daily,0.000000003332,EH/s,daily,OBM v0.1.0
2010-08-13,obm_est7d_hashrate_ehs_daily,0.000000003507,EH/s,daily,OBM v0.1.0
2010-08-14,obm_est7d_hashrate_ehs_daily,0.000000003818,EH/s,daily,OBM v0.1.0
2010-08-15,obm_est7d_hashrate_ehs_daily,0.000000003893,EH/s,daily,OBM v0.1.0
2010-08-16,obm_est7d_hashrate_ehs_daily,0.000000003957,EH/s,daily,OBM v0.1.0
2010-08-17,obm_est7d_hashrate_ehs_daily,0.000000003957,EH/s,daily,OBM v0.1.0
2010-08-18,obm_est7d_hashrate_ehs_daily,0.000000003844,EH/s,daily,OBM v0.1.0
2010-08-19,obm_est7d_hashrate_ehs_daily,0.000000003796,EH/s,daily,OBM v0.1.0
2010-08-20,obm_est7d_hashrate_ehs_daily,0.000000003960,EH/s,daily,OBM v0.1.0
2010-08-21,obm_est7d_hashrate_ehs_daily,0.000000003883,EH/s,daily,OBM v0.1.0
2010-08-22,obm_est7d_hashrate_ehs_daily,0.000000004079,EH/s,daily,OBM v0.1.0
2010-08-23,obm_est7d_hashrate_ehs_daily,0.000000004324,EH/s,daily,OBM v0.1.0
2010-08-24,obm_est7d_hashrate_ehs_daily,0.000000004635,EH/s,daily,OBM v0.1.0
2010-08-25,obm_est7d_hashrate_ehs_daily,0.000000004938,EH/s,daily,OBM v0.1.0
2010-08-26,obm_est7d_hashrate_ehs_daily,0.000000005222,EH/s,daily,OBM v0.1.0
2010-08-27,obm_est7d_hashrate_ehs_daily,0.000000005270,EH/s,daily,OBM v0.1.0
2010-08-28,obm_est7d_hashrate_ehs_daily,0.000000005395,EH/s,daily,OBM v0.1.0
2010-08-29,obm_est7d_hashrate_ehs_daily,0.000000005343,EH/s,daily,OBM v0.1.0
2010-08-30,obm_est7d_hashrate_ehs_daily,0.000000005232,EH/s,daily,OBM v0.1.0
2010-08-31,obm_est7d_hashrate_ehs_daily,0.000000005265,EH/s,daily,OBM v0.1.0
2010-09-01,obm_est7d_hashrate_ehs_daily,0.000000005183,EH/s,daily,OBM v0.1.0
2010-09-02,obm_est7d_hashrate_ehs_daily,0.000000005091,EH/s,daily,OBM v0.1.0
2010-09-03,obm_est7d_hashrate_ehs_daily,0.000000005069,EH/s,daily,OBM v0.1.0
2010-09-04,obm_est7d_hashrate_ehs_daily,0.000000005108,EH/s,daily,OBM v0.1.0
2010-09-05,obm_est7d_hashrate_ehs_daily,0.000000005128,EH/s,daily,OBM v0.1.0
2010-09-06,obm_est7d_hashrate_ehs_daily,0.000000005174,EH/s,daily,OBM v0.1.0
2010-09-07,obm_est7d_hashrate_ehs_daily,0.000000005075,EH/s,daily,OBM v0.1.0
2010-09-08,obm_est7d_hashrate_ehs_daily,0.000000005186,EH/s,daily,OBM v0.1.0
2010-09-09,obm_est7d_hashrate_ehs_daily,0.000000005171,EH/s,daily,OBM v0.1.0
2010-09-10,obm_est7d_hashrate_ehs_daily,0.000000005341,EH/s,daily,OBM v0.1.0
2010-09-11,obm_est7d_hashrate_ehs_daily,0.000000005346,EH/s,daily,OBM v0.1.0
2010-09-12,obm_est7d_hashrate_ehs_daily,0.000000005515,EH/s,daily,OBM v0.1.0
2010-09-13,obm_est7d_hashrate_ehs_daily,0.000000005709,EH/s,daily,OBM v0.1.0
2010-09-14,obm_est7d_hashrate_ehs_daily,0.000000005997,EH/s,daily,OBM v0.1.0
2010-09-15,obm_est7d_hashrate_ehs_daily,0.000000006045,EH/s,daily,OBM v0.1.0
2010-09-16,obm_est7d_hashrate_ehs_daily,0.000000006467,EH/s,daily,OBM v0.1.0
2010-09-17,obm_est7d_hashrate_ehs_daily,0.000000006620,EH/s,daily,OBM v0.1.0
2010-09-18,obm_est7d_hashrate_ehs_daily,0.000000007017,EH/s,daily,OBM v0.1.0
2010-09-19,obm_est7d_hashrate_ehs_daily,0.000000007440,EH/s,daily,OBM v0.1.0
2010-09-20,obm_est7d_hashrate_ehs_daily,0.000000007911,EH/s,daily,OBM v0.1.0
2010-09-21,obm_est7d_hashrate_ehs_daily,0.000000007990,EH/s,daily,OBM v0.1.0
2010-09-22,obm_est7d_hashrate_ehs_daily,0.000000008272,EH/s,daily,OBM v0.1.0
2010-09-23,obm_est7d_hashrate_ehs_daily,0.000000008687,EH/s,daily,OBM v0.1.0
2010-09-24,obm_est7d_hashrate_ehs_daily,0.000000009129,EH/s,daily,OBM v0.1.0
2010-09-25,obm_est7d_hashrate_ehs_daily,0.000000009266,EH/s,daily,OBM v0.1.0
2010-09-26,obm_est7d_hashrate_ehs_daily,0.000000009279,EH/s,daily,OBM v0.1.0
2010-09-27,obm_est7d_hashrate_ehs_daily,0.000000009463,EH/s,daily,OBM v0.1.0
2010-09-28,obm_est7d_hashrate_ehs_daily,0.000000009810,EH/s,daily,OBM v0.1.0
2010-09-29,obm_est7d_hashrate_ehs_daily,0.000000010202,EH/s,daily,OBM v0.1.0
2010-09-30,obm_est7d_hashrate_ehs_daily,0.000000010047,EH/s,daily,OBM v0.1.0
2010-10-01,obm_est7d_hashrate_ehs_daily,0.000000010018,EH/s,daily,OBM v0.1.0
2010-10-02,obm_est7d_hashrate_ehs_daily,0.000000009614,EH/s,daily,OBM v0.1.0
2010-10-03,obm_est7d_hashrate_ehs_daily,0.000000009409,EH/s,daily,OBM v0.1.0
2010-10-04,obm_est7d_hashrate_ehs_daily,0.000000009331,EH/s,daily,OBM v0.1.0
2010-10-05,obm_est7d_hashrate_ehs_daily,0.000000009060,EH/s,daily,OBM v0.1.0
2010-10-06,obm_est7d_hashrate_ehs_daily,0.000000009127,EH/s,daily,OBM v0.1.0
2010-10-07,obm_est7d_hashrate_ehs_daily,0.000000009241,EH/s,daily,OBM v0.1.0
2010-10-08,obm_est7d_hashrate_ehs_daily,0.000000009272,EH/s,daily,OBM v0.1.0
2010-10-09,obm_est7d_hashrate_ehs_daily,0.000000009801,EH/s,daily,OBM v0.1.0
2010-10-10,obm_est7d_hashrate_ehs_daily,0.000000010305,EH/s,daily,OBM v0.1.0
2010-10-11,obm_est7d_hashrate_ehs_daily,0.000000010378,EH/s,daily,OBM v0.1.0
2010-10-12,obm_est7d_hashrate_ehs_daily,0.000000010694,EH/s,daily,OBM v0.1.0
2010-10-13,obm_est7d_hashrate_ehs_daily,0.000000010805,EH/s,daily,OBM v0.1.0
2010-10-14,obm_est7d_hashrate_ehs_daily,0.000000011317,EH/s,daily,OBM v0.1.0
2010-10-15,obm_est7d_hashrate_ehs_daily,0.000000011609,EH/s,daily,OBM v0.1.0
2010-10-16,obm_est7d_hashrate_ehs_daily,0.000000012663,EH/s,daily,OBM v0.1.0
2010-10-17,obm_est7d_hashrate_ehs_daily,0.000000013631,EH/s,daily,OBM v0.1.0
2010-10-18,obm_est7d_hashrate_ehs_daily,0.000000014575,EH/s,daily,OBM v0.1.0
2010-10-19,obm_est7d_hashrate_ehs_daily,0.000000015606,EH/s,daily,OBM v0.1.0
2010-10-20,obm_est7d_hashrate_ehs_daily,0.000000016440,EH/s,daily,OBM v0.1.0
2010-10-21,obm_est7d_hashrate_ehs_daily,0.000000017102,EH/s,daily,OBM v0.1.0
2010-10-22,obm_est7d_hashrate_ehs_daily,0.000000017643,EH/s,daily,OBM v0.1.0
2010-10-23,obm_est7d_hashrate_ehs_daily,0.000000017795,EH/s,daily,OBM v0.1.0
2010-10-24,obm_est7d_hashrate_ehs_daily,0.000000018273,EH/s,daily,OBM v0.1.0
2010-10-25,obm_est7d_hashrate_ehs_daily,0.000000018935,EH/s,daily,OBM v0.1.0
2010-10-26,obm_est7d_hashrate_ehs_daily,0.000000020128,EH/s,daily,OBM v0.1.0
2010-10-27,obm_est7d_hashrate_ehs_daily,0.000000020864,EH/s,daily,OBM v0.1.0
2010-10-28,obm_est7d_hashrate_ehs_daily,0.000000021592,EH/s,daily,OBM v0.1.0
2010-10-29,obm_est7d_hashrate_ehs_daily,0.000000022581,EH/s,daily,OBM v0.1.0
2010-10-30,obm_est7d_hashrate_ehs_daily,0.000000023826,EH/s,daily,OBM v0.1.0
2010-10-31,obm_est7d_hashrate_ehs_daily,0.000000024650,EH/s,daily,OBM v0.1.0
2010-11-01,obm_est7d_hashrate_ehs_daily,0.000000025457,EH/s,daily,OBM v0.1.0
2010-11-02,obm_est7d_hashrate_ehs_daily,0.000000025610,EH/s,daily,OBM v0.1.0
2010-11-03,obm_est7d_hashrate_ehs_daily,0.000000026562,EH/s,daily,OBM v0.1.0
2010-11-04,obm_est7d_hashrate_ehs_daily,0.000000027660,EH/s,daily,OBM v0.1.0
2010-11-05,obm_est7d_hashrate_ehs_daily,0.000000029060,EH/s,daily,OBM v0.1.0
2010-11-06,obm_est7d_hashrate_ehs_daily,0.000000029882,EH/s,daily,OBM v0.1.0
2010-11-07,obm_est7d_hashrate_ehs_daily,0.000000031269,EH/s,daily,OBM v0.1.0
2010-11-08,obm_est7d_hashrate_ehs_daily,0.000000033402,EH/s,daily,OBM v0.1.0
2010-11-09,obm_est7d_hashrate_ehs_daily,0.000000035213,EH/s,daily,OBM v0.1.0
2010-11-10,obm_est7d_hashrate_ehs_daily,0.000000037540,EH/s,daily,OBM v0.1.0
2010-11-11,obm_est7d_hashrate_ehs_daily,0.000000040187,EH/s,daily,OBM v0.1.0
2010-11-12,obm_est7d_hashrate_ehs_daily,0.000000040978,EH/s,daily,OBM v0.1.0
2010-11-13,obm_est7d_hashrate_ehs_daily,0.000000043237,EH/s,daily,OBM v0.1.0
2010-11-14,obm_est7d_hashrate_ehs_daily,0.000000046196,EH/s,daily,OBM v0.1.0
2010-11-15,obm_est7d_hashrate_ehs_daily,0.000000046620,EH/s,daily,OBM v0.1.0
2010-11-16,obm_est7d_hashrate_ehs_daily,0.000000047343,EH/s,daily,OBM v0.1.0
2010-11-17,obm_est7d_hashrate_ehs_daily,0.000000048757,EH/s,daily,OBM v0.1.0
2010-11-18,obm_est7d_hashrate_ehs_daily,0.000000050751,EH/s,daily,OBM v0.1.0
2010-11-19,obm_est7d_hashrate_ehs_daily,0.000000052621,EH/s,daily,OBM v0.1.0
2010-11-20,obm_est7d_hashrate_ehs_daily,0.000000050992,EH/s,daily,OBM v0.1.0
2010-11-21,obm_est7d_hashrate_ehs_daily,0.000000049565,EH/s,daily,OBM v0.1.0
2010-11-22,obm_est7d_hashrate_ehs_daily,0.000000051158,EH/s,daily,OBM v0.1.0
2010-11-23,obm_est7d_hashrate_ehs_daily,0.000000051616,EH/s,daily,OBM v0.1.0
2010-11-24,obm_est7d_hashrate_ehs_daily,0.000000052204,EH/s,daily,OBM v0.1.0
2010-11-25,obm_est7d_hashrate_ehs_daily,0.000000052269,EH/s,daily,OBM v0.1.0
2010-11-26,obm_est7d_hashrate_ehs_daily,0.000000054218,EH/s,daily,OBM v0.1.0
2010-11-27,obm_est7d_hashrate_ehs_daily,0.000000057301,EH/s,daily,OBM v0.1.0
2010-11-28,obm_est7d_hashrate_ehs_daily,0.000000058942,EH/s,daily,OBM v0.1.0
2010-11-29,obm_est7d_hashrate_ehs_daily,0.000000061145,EH/s,daily,OBM v0.1.0
2010-11-30,obm_est7d_hashrate_ehs_daily,0.000000064772,EH/s,daily,OBM v0.1.0
2010-12-01,obm_est7d_hashrate_ehs_daily,0.000000066773,EH/s,daily,OBM v0.1.0
2010-12-02,obm_est7d_hashrate_ehs_daily,0.000000068671,EH/s,daily,OBM v0.1.0
2010-12-03,obm_est7d_hashrate_ehs_daily,0.000000070104,EH/s,daily,OBM v0.1.0
2010-12-04,obm_est7d_hashrate_ehs_daily,0.000000074432,EH/s,daily,OBM v0.1.0
2010-12-05,obm_est7d_hashrate_ehs_daily,0.000000079900,EH/s,daily,OBM v0.1.0
2010-12-06,obm_est7d_hashrate_ehs_daily,0.000000083614,EH/s,daily,OBM v0.1.0
2010-12-07,obm_est7d_hashrate_ehs_daily,0.000000086933,EH/s,daily,OBM v0.1.0
2010-12-08,obm_est7d_hashrate_ehs_daily,0.000000089872,EH/s,daily,OBM v0.1.0
2010-12-09,obm_est7d_hashrate_ehs_daily,0.000000092129,EH/s,daily,OBM v0.1.0
2010-12-10,obm_est7d_hashrate_ehs_daily,0.000000094038,EH/s,daily,OBM v0.1.0
2010-12-11,obm_est7d_hashrate_ehs_daily,0.000000096055,EH/s,daily,OBM v0.1.0
2010-12-12,obm_est7d_hashrate_ehs_daily,0.000000097161,EH/s,daily,OBM v0.1.0
2010-12-13,obm_est7d_hashrate_ehs_daily,0.000000095646,EH/s,daily,OBM v0.1.0
2010-12-14,obm_est7d_hashrate_ehs_daily,0.000000096825,EH/s,daily,OBM v0.1.0
2010-12-15,obm_est7d_hashrate_ehs_daily,0.000000100345,EH/s,daily,OBM v0.1.0
2010-12-16,obm_est7d_hashrate_ehs_daily,0.000000102303,EH/s,daily,OBM v0.1.0
2010-12-17,obm_est7d_hashrate_ehs_daily,0.000000103908,EH/s,daily,OBM v0.1.0
2010-12-18,obm_est7d_hashrate_ehs_daily,0.000000102704,EH/s,daily,OBM v0.1.0
2010-12-19,obm_est7d_hashrate_ehs_daily,0.000000103889,EH/s,daily,OBM v0.1.0
2010-12-20,obm_est7d_hashrate_ehs_daily,0.000000105320,EH/s,daily,OBM v0.1.0
2010-12-21,obm_est7d_hashrate_ehs_daily,0.000000108065,EH/s,daily,OBM v0.1.0
2010-12-22,obm_est7d_hashrate_ehs_daily,0.000000107172,EH/s,daily,OBM v0.1.0
2010-12-23,obm_est7d_hashrate_ehs_daily,0.000000107009,EH/s,daily,OBM v0.1.0
2010-12-24,obm_est7d_hashrate_ehs_daily,0.000000107948,EH/s,daily,OBM v0.1.0
2010-12-25,obm_est7d_hashrate_ehs_daily,0.000000111119,EH/s,daily,OBM v0.1.0
2010-12-26,obm_est7d_hashrate_ehs_daily,0.000000109910,EH/s,daily,OBM v0.1.0
2010-12-27,obm_est7d_hashrate_ehs_daily,0.000000113160,EH/s,daily,OBM v0.1.0
2010-12-28,obm_est7d_hashrate_ehs_daily,0.000000113138,EH/s,daily,OBM v0.1.0
2010-12-29,obm_est7d_hashrate_ehs_daily,0.000000114018,EH/s,daily,OBM v0.1.0
2010-12-30,obm_est7d_hashrate_ehs_daily,0.000000116597,EH/s,daily,OBM v0.1.0
2010-12-31,obm_est7d_hashrate_ehs_daily,0.000000117765,EH/s,daily,OBM v0.1.0
2011-01-01,obm_est7d_hashrate_ehs_daily,0.000000119049,EH/s,daily,OBM v0.1.0
2011-01-02,obm_est7d_hashrate_ehs_daily,0.000000122333,EH/s,daily,OBM v0.1.0
2011-01-03,obm_est7d_hashrate_ehs_daily,0.000000122848,EH/s,daily,OBM v0.1.0
2011-01-04,obm_est7d_hashrate_ehs_daily,0.000000121645,EH/s,daily,OBM v0.1.0
2011-01-05,obm_est7d_hashrate_ehs_daily,0.000000122640,EH/s,daily,OBM v0.1.0
2011-01-06,obm_est7d_hashrate_ehs_daily,0.000000121728,EH/s,daily,OBM v0.1.0
2011-01-07,obm_est7d_hashrate_ehs_daily,0.000000123808,EH/s,daily,OBM v0.1.0
2011-01-08,obm_est7d_hashrate_ehs_daily,0.000000124872,EH/s,daily,OBM v0.1.0
2011-01-09,obm_est7d_hashrate_ehs_daily,0.000000126089,EH/s,daily,OBM v0.1.0
2011-01-10,obm_est7d_hashrate_ehs_daily,0.000000127590,EH/s,daily,OBM v0.1.0
2011-01-11,obm_est7d_hashrate_ehs_daily,0.000000130550,EH/s,daily,OBM v0.1.0
2011-01-12,obm_est7d_hashrate_ehs_daily,0.000000132309,EH/s,daily,OBM v0.1.0
2011-01-13,obm_est7d_hashrate_ehs_daily,0.000000137505,EH/s,daily,OBM v0.1.0
2011-01-14,obm_est7d_hashrate_ehs_daily,0.000000139502,EH/s,daily,OBM v0.1.0
2011-01-15,obm_est7d_hashrate_ehs_daily,0.000000139241,EH/s,daily,OBM v0.1.0
2011-01-16,obm_est7d_hashrate_ehs_daily,0.000000142824,EH/s,daily,OBM v0.1.0
2011-01-17,obm_est7d_hashrate_ehs_daily,0.000000147691,EH/s,daily,OBM v0.1.0
2011-01-18,obm_est7d_hashrate_ehs_daily,0.000000146825,EH/s,daily,OBM v0.1.0
2011-01-19,obm_est7d_hashrate_ehs_daily,0.000000149390,EH/s,daily,OBM v0.1.0
2011-01-20,obm_est7d_hashrate_ehs_daily,0.000000151645,EH/s,daily,OBM v0.1.0
2011-01-21,obm_est7d_hashrate_ehs_daily,0.000000153502,EH/s,daily,OBM v0.1.0
2011-01-22,obm_est7d_hashrate_ehs_daily,0.000000156129,EH/s,daily,OBM v0.1.0
2011-01-23,obm_est7d_hashrate_ehs_daily,0.000000155701,EH/s,daily,OBM v0.1.0
2011-01-24,obm_est7d_hashrate_ehs_daily,0.000000156324,EH/s,daily,OBM v0.1.0
2011-01-25,obm_est7d_hashrate_ehs_daily,0.000000158308,EH/s,daily,OBM v0.1.0
2011-01-26,obm_est7d_hashrate_ehs_daily,0.000000159950,EH/s,daily,OBM v0.1.0
2011-01-27,obm_est7d_hashrate_ehs_daily,0.000000158724,EH/s,daily,OBM v0.1.0
2011-01-28,obm_est7d_hashrate_ehs_daily,0.000000161333,EH/s,daily,OBM v0.1.0
2011-01-29,obm_est7d_hashrate_ehs_daily,0.000000164332,EH/s,daily,OBM v0.1.0
2011-01-30,obm_est7d_hashrate_ehs_daily,0.000000166468,EH/s,daily,OBM v0.1.0
2011-01-31,obm_est7d_hashrate_ehs_daily,0.000000168634,EH/s,daily,OBM v0.1.0
2011-02-01,obm_est7d_hashrate_ehs_daily,0.000000173412,EH/s,daily,OBM v0.1.0
2011-02-02,obm_est7d_hashrate_ehs_daily,0.000000174902,EH/s,daily,OBM v0.1.0
2011-02-03,obm_est7d_hashrate_ehs_daily,0.000000176232,EH/s,daily,OBM v0.1.0
2011-02-04,obm_est7d_hashrate_ehs_daily,0.000000182374,EH/s,daily,OBM v0.1.0
2011-02-05,obm_est7d_hashrate_ehs_daily,0.000000184701,EH/s,daily,OBM v0.1.0
2011-02-06,obm_est7d_hashrate_ehs_daily,0.000000188382,EH/s,daily,OBM v0.1.0
2011-02-07,obm_est7d_hashrate_ehs_daily,0.000000193453,EH/s,daily,OBM v0.1.0
2011-02-08,obm_est7d_hashrate_ehs_daily,0.000000197992,EH/s,daily,OBM v0.1.0
2011-02-09,obm_est7d_hashrate_ehs_daily,0.000000208172,EH/s,daily,OBM v0.1.0
2011-02-10,obm_est7d_hashrate_ehs_daily,0.000000217594,EH/s,daily,OBM v0.1.0
2011-02-11,obm_est7d_hashrate_ehs_daily,0.000000221571,EH/s,daily,OBM v0.1.0
2011-02-12,obm_est7d_hashrate_ehs_daily,0.000000230015,EH/s,daily,OBM v0.1.0
2011-02-13,obm_est7d_hashrate_ehs_daily,0.000000238932,EH/s,daily,OBM v0.1.0
2011-02-14,obm_est7d_hashrate_ehs_daily,0.000000243274,EH/s,daily,OBM v0.1.0
2011-02-15,obm_est7d_hashrate_ehs_daily,0.000000254650,EH/s,daily,OBM v0.1.0
2011-02-16,obm_est7d_hashrate_ehs_daily,0.000000262030,EH/s,daily,OBM v0.1.0
2011-02-17,obm_est7d_hashrate_ehs_daily,0.000000271237,EH/s,daily,OBM v0.1.0
2011-02-18,obm_est7d_hashrate_ehs_daily,0.000000287418,EH/s,daily,OBM v0.1.0
2011-02-19,obm_est7d_hashrate_ehs_daily,0.000000293114,EH/s,daily,OBM v0.1.0
2011-02-20,obm_est7d_hashrate_ehs_daily,0.000000307904,EH/s,daily,OBM v0.1.0
2011-02-21,obm_est7d_hashrate_ehs_daily,0.000000321962,EH/s,daily,OBM v0.1.0
2011-02-22,obm_est7d_hashrate_ehs_daily,0.000000335482,EH/s,daily,OBM v0.1.0
2011-02-23,obm_est7d_hashrate_ehs_daily,0.000000355111,EH/s,daily,OBM v0.1.0
2011-02-24,obm_est7d_hashrate_ehs_daily,0.000000365760,EH/s,daily,OBM v0.1.0
2011-02-25,obm_est7d_hashrate_ehs_daily,0.000000372681,EH/s,daily,OBM v0.1.0
2011-02-26,obm_est7d_hashrate_ehs_daily,0.000000402533,EH/s,daily,OBM v0.1.0
2011-02-27,obm_est7d_hashrate_ehs_daily,0.000000429433,EH/s,daily,OBM v0.1.0
2011-02-28,obm_est7d_hashrate_ehs_daily,0.000000438988,EH/s,daily,OBM v0.1.0
2011-03-01,obm_est7d_hashrate_ehs_daily,0.000000435084,EH/s,daily,OBM v0.1.0
2011-03-02,obm_est7d_hashrate_ehs_daily,0.000000438276,EH/s,daily,OBM v0.1.0
2011-03-03,obm_est7d_hashrate_ehs_daily,0.000000458182,EH/s,daily,OBM v0.1.0
2011-03-04,obm_est7d_hashrate_ehs_daily,0.000000487141,EH/s,daily,OBM v0.1.0
2011-03-05,obm_est7d_hashrate_ehs_daily,0.000000525536,EH/s,daily,OBM v0.1.0
2011-03-06,obm_est7d_hashrate_ehs_daily,0.000000556462,EH/s,daily,OBM v0.1.0
2011-03-07,obm_est7d_hashrate_ehs_daily,0.000000579944,EH/s,daily,OBM v0.1.0
2011-03-08,obm_est7d_hashrate_ehs_daily,0.000000602101,EH/s,daily,OBM v0.1.0
2011-03-09,obm_est7d_hashrate_ehs_daily,0.000000607483,EH/s,daily,OBM v0.1.0
2011-03-10,obm_est7d_hashrate_ehs_daily,0.000000592711,EH/s,daily,OBM v0.1.0
2011-03-11,obm_est7d_hashrate_ehs_daily,0.000000576270,EH/s,daily,OBM v0.1.0
2011-03-12,obm_est7d_hashrate_ehs_daily,0.000000542207,EH/s,daily,OBM v0.1.0
2011-03-13,obm_est7d_hashrate_ehs_daily,0.000000499269,EH/s,daily,OBM v0.1.0
2011-03-14,obm_est7d_hashrate_ehs_daily,0.000000475305,EH/s,daily,OBM v0.1.0
2011-03-15,obm_est7d_hashrate_ehs_daily,0.000000461903,EH/s,daily,OBM v0.1.0
2011-03-16,obm_est7d_hashrate_ehs_daily,0.000000464262,EH/s,daily,OBM v0.1.0
2011-03-17,obm_est7d_hashrate_ehs_daily,0.000000480725,EH/s,daily,OBM v0.1.0
2011-03-18,obm_est7d_hashrate_ehs_daily,0.000000475828,EH/s,daily,OBM v0.1.0
2011-03-19,obm_est7d_hashrate_ehs_daily,0.000000462433,EH/s,daily,OBM v0.1.0
2011-03-20,obm_est7d_hashrate_ehs_daily,0.000000473379,EH/s,daily,OBM v0.1.0
2011-03-21,obm_est7d_hashrate_ehs_daily,0.000000495456,EH/s,daily,OBM v0.1.0
2011-03-22,obm_est7d_hashrate_ehs_daily,0.000000496779,EH/s,daily,OBM v0.1.0
2011-03-23,obm_est7d_hashrate_ehs_daily,0.000000507311,EH/s,daily,OBM v0.1.0
2011-03-24,obm_est7d_hashrate_ehs_daily,0.000000513589,EH/s,daily,OBM v0.1.0
2011-03-25,obm_est7d_hashrate_ehs_daily,0.000000534866,EH/s,daily,OBM v0.1.0
2011-03-26,obm_est7d_hashrate_ehs_daily,0.000000539113,EH/s,daily,OBM v0.1.0
2011-03-27,obm_est7d_hashrate_ehs_daily,0.000000536050,EH/s,daily,OBM v0.1.0
2011-03-28,obm_est7d_hashrate_ehs_daily,0.000000537354,EH/s,daily,OBM v0.1.0
2011-03-29,obm_est7d_hashrate_ehs_daily,0.000000554033,EH/s,daily,OBM v0.1.0
2011-03-30,obm_est7d_hashrate_ehs_daily,0.000000544134,EH/s,daily,OBM v0.1.0
2011-03-31,obm_est7d_hashrate_ehs_daily,0.000000562890,EH/s,daily,OBM v0.1.0
2011-04-01,obm_est7d_hashrate_ehs_daily,0.000000561660,EH/s,daily,OBM v0.1.0
2011-04-02,obm_est7d_hashrate_ehs_daily,0.000000581886,EH/s,daily,OBM v0.1.0
2011-04-03,obm_est7d_hashrate_ehs_daily,0.000000597371,EH/s,daily,OBM v0.1.0
2011-04-04,obm_est7d_hashrate_ehs_daily,0.000000603906,EH/s,daily,OBM v0.1.0
2011-04-05,obm_est7d_hashrate_ehs_daily,0.000000622126,EH/s,daily,OBM v0.1.0
2011-04-06,obm_est7d_hashrate_ehs_daily,0.000000629599,EH/s,daily,OBM v0.1.0
2011-04-07,obm_est7d_hashrate_ehs_daily,0.000000616796,EH/s,daily,OBM v0.1.0
2011-04-08,obm_est7d_hashrate_ehs_daily,0.000000628105,EH/s,daily,OBM v0.1.0
2011-04-09,obm_est7d_hashrate_ehs_daily,0.000000631758,EH/s,daily,OBM v0.1.0
2011-04-10,obm_est7d_hashrate_ehs_daily,0.000000645857,EH/s,daily,OBM v0.1.0
2011-04-11,obm_est7d_hashrate_ehs_daily,0.000000658101,EH/s,daily,OBM v0.1.0
2011-04-12,obm_est7d_hashrate_ehs_daily,0.000000654947,EH/s,daily,OBM v0.1.0
2011-04-13,obm_est7d_hashrate_ehs_daily,0.000000680524,EH/s,daily,OBM v0.1.0
2011-04-14,obm_est7d_hashrate_ehs_daily,0.000000687374,EH/s,daily,OBM v0.1.0
2011-04-15,obm_est7d_hashrate_ehs_daily,0.000000671112,EH/s,daily,OBM v0.1.0
2011-04-16,obm_est7d_hashrate_ehs_daily,0.000000680181,EH/s,daily,OBM v0.1.0
2011-04-17,obm_est7d_hashrate_ehs_daily,0.000000684200,EH/s,daily,OBM v0.1.0
2011-04-18,obm_est7d_hashrate_ehs_daily,0.000000686115,EH/s,daily,OBM v0.1.0
2011-04-19,obm_est7d_hashrate_ehs_daily,0.000000688319,EH/s,daily,OBM v0.1.0
2011-04-20,obm_est7d_hashrate_ehs_daily,0.000000670895,EH/s,daily,OBM v0.1.0
2011-04-21,obm_est7d_hashrate_ehs_daily,0.000000673574,EH/s,daily,OBM v0.1.0
2011-04-22,obm_est7d_hashrate_ehs_daily,0.000000708349,EH/s,daily,OBM v0.1.0
2011-04-23,obm_est7d_hashrate_ehs_daily,0.000000719925,EH/s,daily,OBM v0.1.0
2011-04-24,obm_est7d_hashrate_ehs_daily,0.000000722572,EH/s,daily,OBM v0.1.0
2011-04-25,obm_est7d_hashrate_ehs_daily,0.000000757894,EH/s,daily,OBM v0.1.0
2011-04-26,obm_est7d_hashrate_ehs_daily,0.000000779791,EH/s,daily,OBM v0.1.0
2011-04-27,obm_est7d_hashrate_ehs_daily,0.000000805751,EH/s,daily,OBM v0.1.0
2011-04-28,obm_est7d_hashrate_ehs_daily,0.000000817414,EH/s,daily,OBM v0.1.0
2011-04-29,obm_est7d_hashrate_ehs_daily,0.000000834503,EH/s,daily,OBM v0.1.0
2011-04-30,obm_est7d_hashrate_ehs_daily,0.000000863509,EH/s,daily,OBM v0.1.0
2011-05-01,obm_est7d_hashrate_ehs_daily,0.000000896986,EH/s,daily,OBM v0.1.0
2011-05-02,obm_est7d_hashrate_ehs_daily,0.000000924036,EH/s,daily,OBM v0.1.0
2011-05-03,obm_est7d_hashrate_ehs_daily,0.000000949355,EH/s,daily,OBM v0.1.0
2011-05-04,obm_est7d_hashrate_ehs_daily,0.000000983562,EH/s,daily,OBM v0.1.0
2011-05-05,obm_est7d_hashrate_ehs_daily,0.000001046077,EH/s,daily,OBM v0.1.0
2011-05-06,obm_est7d_hashrate_ehs_daily,0.000001085627,EH/s,daily,OBM v0.1.0
2011-05-07,obm_est7d_hashrate_ehs_daily,0.000001108426,EH/s,daily,OBM v0.1.0
2011-05-08,obm_est7d_hashrate_ehs_daily,0.000001137986,EH/s,daily,OBM v0.1.0
2011-05-09,obm_est7d_hashrate_ehs_daily,0.000001181686,EH/s,daily,OBM v0.1.0
2011-05-10,obm_est7d_hashrate_ehs_daily,0.000001235140,EH/s,daily,OBM v0.1.0
2011-05-11,obm_est7d_hashrate_ehs_daily,0.000001292650,EH/s,daily,OBM v0.1.0
2011-05-12,obm_est7d_hashrate_ehs_daily,0.000001310708,EH/s,daily,OBM v0.1.0
2011-05-13,obm_est7d_hashrate_ehs_daily,0.000001374262,EH/s,daily,OBM v0.1.0
2011-05-14,obm_est7d_hashrate_ehs_daily,0.000001477269,EH/s,daily,OBM v0.1.0
2011-05-15,obm_est7d_hashrate_ehs_daily,0.000001553110,EH/s,daily,OBM v0.1.0
2011-05-16,obm_est7d_hashrate_ehs_daily,0.000001634105,EH/s,daily,OBM v0.1.0
2011-05-17,obm_est7d_hashrate_ehs_daily,0.000001714098,EH/s,daily,OBM v0.1.0
2011-05-18,obm_est7d_hashrate_ehs_daily,0.000001835956,EH/s,daily,OBM v0.1.0
2011-05-19,obm_est7d_hashrate_ehs_daily,0.000001940392,EH/s,daily,OBM v0.1.0
2011-05-20,obm_est7d_hashrate_ehs_daily,0.000002091757,EH/s,daily,OBM v0.1.0
2011-05-21,obm_est7d_hashrate_ehs_daily,0.000002206521,EH/s,daily,OBM v0.1.0
2011-05-22,obm_est7d_hashrate_ehs_daily,0.000002392961,EH/s,daily,OBM v0.1.0
2011-05-23,obm_est7d_hashrate_ehs_daily,0.000002614330,EH/s,daily,OBM v0.1.0
2011-05-24,obm_est7d_hashrate_ehs_daily,0.000002843892,EH/s,daily,OBM v0.1.0
2011-05-25,obm_est7d_hashrate_ehs_daily,0.000003045151,EH/s,daily,OBM v0.1.0
2011-05-26,obm_est7d_hashrate_ehs_daily,0.000003330374,EH/s,daily,OBM v0.1.0
2011-05-27,obm_est7d_hashrate_ehs_daily,0.000003469833,EH/s,daily,OBM v0.1.0
2011-05-28,obm_est7d_hashrate_ehs_daily,0.000003564005,EH/s,daily,OBM v0.1.0
2011-05-29,obm_est7d_hashrate_ehs_daily,0.000003689675,EH/s,daily,OBM v0.1.0
2011-05-30,obm_est7d_hashrate_ehs_daily,0.000003666672,EH/s,daily,OBM v0.1.0
2011-05-31,obm_est7d_hashrate_ehs_daily,0.000003606179,EH/s,daily,OBM v0.1.0
2011-06-01,obm_est7d_hashrate_ehs_daily,0.000003660807,EH/s,daily,OBM v0.1.0
2011-06-02,obm_est7d_hashrate_ehs_daily,0.000003660622,EH/s,daily,OBM v0.1.0
2011-06-03,obm_est7d_hashrate_ehs_daily,0.000003766326,EH/s,daily,OBM v0.1.0
2011-06-04,obm_est7d_hashrate_ehs_daily,0.000003983257,EH/s,daily,OBM v0.1.0
2011-06-05,obm_est7d_hashrate_ehs_daily,0.000004064910,EH/s,daily,OBM v0.1.0
2011-06-06,obm_est7d_hashrate_ehs_daily,0.000004392845,EH/s,daily,OBM v0.1.0
2011-06-07,obm_est7d_hashrate_ehs_daily,0.000004613787,EH/s,daily,OBM v0.1.0
2011-06-08,obm_est7d_hashrate_ehs_daily,0.000004783229,EH/s,daily,OBM v0.1.0
2011-06-09,obm_est7d_hashrate_ehs_daily,0.000005086636,EH/s,daily,OBM v0.1.0
2011-06-10,obm_est7d_hashrate_ehs_daily,0.000005359285,EH/s,daily,OBM v0.1.0
2011-06-11,obm_est7d_hashrate_ehs_daily,0.000005690660,EH/s,daily,OBM v0.1.0
2011-06-12,obm_est7d_hashrate_ehs_daily,0.000005985139,EH/s,daily,OBM v0.1.0
2011-06-13,obm_est7d_hashrate_ehs_daily,0.000006092975,EH/s,daily,OBM v0.1.0
2011-06-14,obm_est7d_hashrate_ehs_daily,0.000006406847,EH/s,daily,OBM v0.1.0
2011-06-15,obm_est7d_hashrate_ehs_daily,0.000007021528,EH/s,daily,OBM v0.1.0
2011-06-16,obm_est7d_hashrate_ehs_daily,0.000007253702,EH/s,daily,OBM v0.1.0
2011-06-17,obm_est7d_hashrate_ehs_daily,0.000007510652,EH/s,daily,OBM v0.1.0
2011-06-18,obm_est7d_hashrate_ehs_daily,0.000007731961,EH/s,daily,OBM v0.1.0
2011-06-19,obm_est7d_hashrate_ehs_daily,0.000008211307,EH/s,daily,OBM v0.1.0
2011-06-20,obm_est7d_hashrate_ehs_daily,0.000008716414,EH/s,daily,OBM v0.1.0
2011-06-21,obm_est7d_hashrate_ehs_daily,0.000009302326,EH/s,daily,OBM v0.1.0
2011-06-22,obm_est7d_hashrate_ehs_daily,0.000009561410,EH/s,daily,OBM v0.1.0
2011-06-23,obm_est7d_hashrate_ehs_daily,0.000009924163,EH/s,daily,OBM v0.1.0
2011-06-24,obm_est7d_hashrate_ehs_daily,0.000010451198,EH/s,daily,OBM v0.1.0
2011-06-25,obm_est7d_hashrate_ehs_daily,0.000010605891,EH/s,daily,OBM v0.1.0
2011-06-26,obm_est7d_hashrate_ehs_daily,0.000010685423,EH/s,daily,OBM v0.1.0
2011-06-27,obm_est7d_hashrate_ehs_daily,0.000010856507,EH/s,daily,OBM v0.1.0
2011-06-28,obm_est7d_hashrate_ehs_daily,0.000010851145,EH/s,daily,OBM v0.1.0
2011-06-29,obm_est7d_hashrate_ehs_daily,0.000010907499,EH/s,daily,OBM v0.1.0
2011-06-30,obm_est7d_hashrate_ehs_daily,0.000011293556,EH/s,daily,OBM v0.1.0
2011-07-01,obm_est7d_hashrate_ehs_daily,0.000011365988,EH/s,daily,OBM v0.1.0
2011-07-02,obm_est7d_hashrate_ehs_daily,0.000011610756,EH/s,daily,OBM v0.1.0
2011-07-03,obm_est7d_hashrate_ehs_daily,0.000011754800,EH/s,daily,OBM v0.1.0
2011-07-04,obm_est7d_hashrate_ehs_daily,0.000011768636,EH/s,daily,OBM v0.1.0
2011-07-05,obm_est7d_hashrate_ehs_daily,0.000011559565,EH/s,daily,OBM v0.1.0
2011-07-06,obm_est7d_hashrate_ehs_daily,0.000011460290,EH/s,daily,OBM v0.1.0
2011-07-07,obm_est7d_hashrate_ehs_daily,0.000011034614,EH/s,daily,OBM v0.1.0
2011-07-08,obm_est7d_hashrate_ehs_daily,0.000011183578,EH/s,daily,OBM v0.1.0
2011-07-09,obm_est7d_hashrate_ehs_daily,0.000011156603,EH/s,daily,OBM v0.1.0
2011-07-10,obm_est7d_hashrate_ehs_daily,0.000011090589,EH/s,daily,OBM v0.1.0
2011-07-11,obm_est7d_hashrate_ehs_daily,0.000011148565,EH/s,daily,OBM v0.1.0
2011-07-12,obm_est7d_hashrate_ehs_daily,0.000011336709,EH/s,daily,OBM v0.1.0
2011-07-13,obm_est7d_hashrate_ehs_daily,0.000011920319,EH/s,daily,OBM v0.1.0
2011-07-14,obm_est7d_hashrate_ehs_daily,0.000012062250,EH/s,daily,OBM v0.1.0
2011-07-15,obm_est7d_hashrate_ehs_daily,0.000012093375,EH/s,daily,OBM v0.1.0
2011-07-16,obm_est7d_hashrate_ehs_daily,0.000012089692,EH/s,daily,OBM v0.1.0
2011-07-17,obm_est7d_hashrate_ehs_daily,0.000012478850,EH/s,daily,OBM v0.1.0
2011-07-18,obm_est7d_hashrate_ehs_daily,0.000012627682,EH/s,daily,OBM v0.1.0
2011-07-19,obm_est7d_hashrate_ehs_daily,0.000012650685,EH/s,daily,OBM v0.1.0
2011-07-20,obm_est7d_hashrate_ehs_daily,0.000012330223,EH/s,daily,OBM v0.1.0
2011-07-21,obm_est7d_hashrate_ehs_daily,0.000012536024,EH/s,daily,OBM v0.1.0
2011-07-22,obm_est7d_hashrate_ehs_daily,0.000012560032,EH/s,daily,OBM v0.1.0
2011-07-23,obm_est7d_hashrate_ehs_daily,0.000012568569,EH/s,daily,OBM v0.1.0
2011-07-24,obm_est7d_hashrate_ehs_daily,0.000012686917,EH/s,daily,OBM v0.1.0
2011-07-25,obm_est7d_hashrate_ehs_daily,0.000012777248,EH/s,daily,OBM v0.1.0
2011-07-26,obm_est7d_hashrate_ehs_daily,0.000013275337,EH/s,daily,OBM v0.1.0
2011-07-27,obm_est7d_hashrate_ehs_daily,0.000013575257,EH/s,daily,OBM v0.1.0
2011-07-28,obm_est7d_hashrate_ehs_daily,0.000013612852,EH/s,daily,OBM v0.1.0
2011-07-29,obm_est7d_hashrate_ehs_daily,0.000013789874,EH/s,daily,OBM v0.1.0
2011-07-30,obm_est7d_hashrate_ehs_daily,0.000013843424,EH/s,daily,OBM v0.1.0
2011-07-31,obm_est7d_hashrate_ehs_daily,0.000013943985,EH/s,daily,OBM v0.1.0
2011-08-01,obm_est7d_hashrate_ehs_daily,0.000014127969,EH/s,daily,OBM v0.1.0
2011-08-02,obm_est7d_hashrate_ehs_daily,0.000014078619,EH/s,daily,OBM v0.1.0
2011-08-03,obm_est7d_hashrate_ehs_daily,0.000014060464,EH/s,daily,OBM v0.1.0
2011-08-04,obm_est7d_hashrate_ehs_daily,0.000013958221,EH/s,daily,OBM v0.1.0
2011-08-05,obm_est7d_hashrate_ehs_daily,0.000013946086,EH/s,daily,OBM v0.1.0
2011-08-06,obm_est7d_hashrate_ehs_daily,0.000013657848,EH/s,daily,OBM v0.1.0
2011-08-07,obm_est7d_hashrate_ehs_daily,0.000013237185,EH/s,daily,OBM v0.1.0
2011-08-08,obm_est7d_hashrate_ehs_daily,0.000012962711,EH/s,daily,OBM v0.1.0
2011-08-09,obm_est7d_hashrate_ehs_daily,0.000012842109,EH/s,daily,OBM v0.1.0
2011-08-10,obm_est7d_hashrate_ehs_daily,0.000012766023,EH/s,daily,OBM v0.1.0
2011-08-11,obm_est7d_hashrate_ehs_daily,0.000012875096,EH/s,daily,OBM v0.1.0
2011-08-12,obm_est7d_hashrate_ehs_daily,0.000012750763,EH/s,daily,OBM v0.1.0
2011-08-13,obm_est7d_hashrate_ehs_daily,0.000012868230,EH/s,daily,OBM v0.1.0
2011-08-14,obm_est7d_hashrate_ehs_daily,0.000012947881,EH/s,daily,OBM v0.1.0
2011-08-15,obm_est7d_hashrate_ehs_daily,0.000012868467,EH/s,daily,OBM v0.1.0
2011-08-16,obm_est7d_hashrate_ehs_daily,0.000012769828,EH/s,daily,OBM v0.1.0
2011-08-17,obm_est7d_hashrate_ehs_daily,0.000012487062,EH/s,daily,OBM v0.1.0
2011-08-18,obm_est7d_hashrate_ehs_daily,0.000012504246,EH/s,daily,OBM v0.1.0
2011-08-19,obm_est7d_hashrate_ehs_daily,0.000012421815,EH/s,daily,OBM v0.1.0
2011-08-20,obm_est7d_hashrate_ehs_daily,0.000012662212,EH/s,daily,OBM v0.1.0
2011-08-21,obm_est7d_hashrate_ehs_daily,0.000012902751,EH/s,daily,OBM v0.1.0
2011-08-22,obm_est7d_hashrate_ehs_daily,0.000013342464,EH/s,daily,OBM v0.1.0
2011-08-23,obm_est7d_hashrate_ehs_daily,0.000013443995,EH/s,daily,OBM v0.1.0
2011-08-24,obm_est7d_hashrate_ehs_daily,0.000013407614,EH/s,daily,OBM v0.1.0
2011-08-25,obm_est7d_hashrate_ehs_daily,0.000013329232,EH/s,daily,OBM v0.1.0
2011-08-26,obm_est7d_hashrate_ehs_daily,0.000013533271,EH/s,daily,OBM v0.1.0
2011-08-27,obm_est7d_hashrate_ehs_daily,0.000013139909,EH/s,daily,OBM v0.1.0
2011-08-28,obm_est7d_hashrate_ehs_daily,0.000012562182,EH/s,daily,OBM v0.1.0
2011-08-29,obm_est7d_hashrate_ehs_daily,0.000012167682,EH/s,daily,OBM v0.1.0
2011-08-30,obm_est7d_hashrate_ehs_daily,0.000012021545,EH/s,daily,OBM v0.1.0
2011-08-31,obm_est7d_hashrate_ehs_daily,0.000012293851,EH/s,daily,OBM v0.1.0
2011-09-01,obm_est7d_hashrate_ehs_daily,0.000012145393,EH/s,daily,OBM v0.1.0
2011-09-02,obm_est7d_hashrate_ehs_daily,0.000012253753,EH/s,daily,OBM v0.1.0
2011-09-03,obm_est7d_hashrate_ehs_daily,0.000012504262,EH/s,daily,OBM v0.1.0
2011-09-04,obm_est7d_hashrate_ehs_daily,0.000012701504,EH/s,daily,OBM v0.1.0
2011-09-05,obm_est7d_hashrate_ehs_daily,0.000012916025,EH/s,daily,OBM v0.1.0
2011-09-06,obm_est7d_hashrate_ehs_daily,0.000012974676,EH/s,daily,OBM v0.1.0
2011-09-07,obm_est7d_hashrate_ehs_daily,0.000012750263,EH/s,daily,OBM v0.1.0
2011-09-08,obm_est7d_hashrate_ehs_daily,0.000012727175,EH/s,daily,OBM v0.1.0
2011-09-09,obm_est7d_hashrate_ehs_daily,0.000012706062,EH/s,daily,OBM v0.1.0
2011-09-10,obm_est7d_hashrate_ehs_daily,0.000012567665,EH/s,daily,OBM v0.1.0
2011-09-11,obm_est7d_hashrate_ehs_daily,0.000012455741,EH/s,daily,OBM v0.1.0
2011-09-12,obm_est7d_hashrate_ehs_daily,0.000012146981,EH/s,daily,OBM v0.1.0
2011-09-13,obm_est7d_hashrate_ehs_daily,0.000012027139,EH/s,daily,OBM v0.1.0
2011-09-14,obm_est7d_hashrate_ehs_daily,0.000012206333,EH/s,daily,OBM v0.1.0
2011-09-15,obm_est7d_hashrate_ehs_daily,0.000012435978,EH/s,daily,OBM v0.1.0
2011-09-16,obm_est7d_hashrate_ehs_daily,0.000011989033,EH/s,daily,OBM v0.1.0
2011-09-17,obm_est7d_hashrate_ehs_daily,0.000011962673,EH/s,daily,OBM v0.1.0
2011-09-18,obm_est7d_hashrate_ehs_daily,0.000012364255,EH/s,daily,OBM v0.1.0
2011-09-19,obm_est7d_hashrate_ehs_daily,0.000012269865,EH/s,daily,OBM v0.1.0
2011-09-20,obm_est7d_hashrate_ehs_daily,0.000012224494,EH/s,daily,OBM v0.1.0
2011-09-21,obm_est7d_hashrate_ehs_daily,0.000012217945,EH/s,daily,OBM v0.1.0
2011-09-22,obm_est7d_hashrate_ehs_daily,0.000012146245,EH/s,daily,OBM v0.1.0
2011-09-23,obm_est7d_hashrate_ehs_daily,0.000012295270,EH/s,daily,OBM v0.1.0
2011-09-24,obm_est7d_hashrate_ehs_daily,0.000012253430,EH/s,daily,OBM v0.1.0
2011-09-25,obm_est7d_hashrate_ehs_daily,0.000012000488,EH/s,daily,OBM v0.1.0
2011-09-26,obm_est7d_hashrate_ehs_daily,0.000012068802,EH/s,daily,OBM v0.1.0
2011-09-27,obm_est7d_hashrate_ehs_daily,0.000011980788,EH/s,daily,OBM v0.1.0
2011-09-28,obm_est7d_hashrate_ehs_daily,0.000011950086,EH/s,daily,OBM v0.1.0
2011-09-29,obm_est7d_hashrate_ehs_daily,0.000011574989,EH/s,daily,OBM v0.1.0
2011-09-30,obm_est7d_hashrate_ehs_daily,0.000011394008,EH/s,daily,OBM v0.1.0
2011-10-01,obm_est7d_hashrate_ehs_daily,0.000011492263,EH/s,daily,OBM v0.1.0
2011-10-02,obm_est7d_hashrate_ehs_daily,0.000011285876,EH/s,daily,OBM v0.1.0
2011-10-03,obm_est7d_hashrate_ehs_daily,0.000011339058,EH/s,daily,OBM v0.1.0
2011-10-04,obm_est7d_hashrate_ehs_daily,0.000010983130,EH/s,daily,OBM v0.1.0
2011-10-05,obm_est7d_hashrate_ehs_daily,0.000010984146,EH/s,daily,OBM v0.1.0
2011-10-06,obm_est7d_hashrate_ehs_daily,0.000011039165,EH/s,daily,OBM v0.1.0
2011-10-07,obm_est7d_hashrate_ehs_daily,0.000011187855,EH/s,daily,OBM v0.1.0
2011-10-08,obm_est7d_hashrate_ehs_daily,0.000010915105,EH/s,daily,OBM v0.1.0
2011-10-09,obm_est7d_hashrate_ehs_daily,0.000010980173,EH/s,daily,OBM v0.1.0
2011-10-10,obm_est7d_hashrate_ehs_daily,0.000010751108,EH/s,daily,OBM v0.1.0
2011-10-11,obm_est7d_hashrate_ehs_daily,0.000010480287,EH/s,daily,OBM v0.1.0
2011-10-12,obm_est7d_hashrate_ehs_daily,0.000010185490,EH/s,daily,OBM v0.1.0
2011-10-13,obm_est7d_hashrate_ehs_daily,0.000009815223,EH/s,daily,OBM v0.1.0
2011-10-14,obm_est7d_hashrate_ehs_daily,0.000009611310,EH/s,daily,OBM v0.1.0
2011-10-15,obm_est7d_hashrate_ehs_daily,0.000009616876,EH/s,daily,OBM v0.1.0
2011-10-16,obm_est7d_hashrate_ehs_daily,0.000009305637,EH/s,daily,OBM v0.1.0
2011-10-17,obm_est7d_hashrate_ehs_daily,0.000009073615,EH/s,daily,OBM v0.1.0
2011-10-18,obm_est7d_hashrate_ehs_daily,0.000009220295,EH/s,daily,OBM v0.1.0
2011-10-19,obm_est7d_hashrate_ehs_daily,0.000009149734,EH/s,daily,OBM v0.1.0
2011-10-20,obm_est7d_hashrate_ehs_daily,0.000009191110,EH/s,daily,OBM v0.1.0
2011-10-21,obm_est7d_hashrate_ehs_daily,0.000008989931,EH/s,daily,OBM v0.1.0
2011-10-22,obm_est7d_hashrate_ehs_daily,0.000008631365,EH/s,daily,OBM v0.1.0
2011-10-23,obm_est7d_hashrate_ehs_daily,0.000008482520,EH/s,daily,OBM v0.1.0
2011-10-24,obm_est7d_hashrate_ehs_daily,0.000008596949,EH/s,daily,OBM v0.1.0
2011-10-25,obm_est7d_hashrate_ehs_daily,0.000008677073,EH/s,daily,OBM v0.1.0
2011-10-26,obm_est7d_hashrate_ehs_daily,0.000008518624,EH/s,daily,OBM v0.1.0
2011-10-27,obm_est7d_hashrate_ehs_daily,0.000008383225,EH/s,daily,OBM v0.1.0
2011-10-28,obm_est7d_hashrate_ehs_daily,0.000008181638,EH/s,daily,OBM v0.1.0
2011-10-29,obm_est7d_hashrate_ehs_daily,0.000008397362,EH/s,daily,OBM v0.1.0
2011-10-30,obm_est7d_hashrate_ehs_daily,0.000008372114,EH/s,daily,OBM v0.1.0
2011-10-31,obm_est7d_hashrate_ehs_daily,0.000008193501,EH/s,daily,OBM v0.1.0
2011-11-01,obm_est7d_hashrate_ehs_daily,0.000008145665,EH/s,daily,OBM v0.1.0
2011-11-02,obm_est7d_hashrate_ehs_daily,0.000008225496,EH/s,daily,OBM v0.1.0
2011-11-03,obm_est7d_hashrate_ehs_daily,0.000008264981,EH/s,daily,OBM v0.1.0
2011-11-04,obm_est7d_hashrate_ehs_daily,0.000008424743,EH/s,daily,OBM v0.1.0
2011-11-05,obm_est7d_hashrate_ehs_daily,0.000008480661,EH/s,daily,OBM v0.1.0
2011-11-06,obm_est7d_hashrate_ehs_daily,0.000008576581,EH/s,daily,OBM v0.1.0
2011-11-07,obm_est7d_hashrate_ehs_daily,0.000008539588,EH/s,daily,OBM v0.1.0
2011-11-08,obm_est7d_hashrate_ehs_daily,0.000008528871,EH/s,daily,OBM v0.1.0
2011-11-09,obm_est7d_hashrate_ehs_daily,0.000008583894,EH/s,daily,OBM v0.1.0
2011-11-10,obm_est7d_hashrate_ehs_daily,0.000008734053,EH/s,daily,OBM v0.1.0
2011-11-11,obm_est7d_hashrate_ehs_daily,0.000008484638,EH/s,daily,OBM v0.1.0
2011-11-12,obm_est7d_hashrate_ehs_daily,0.000008459525,EH/s,daily,OBM v0.1.0
2011-11-13,obm_est7d_hashrate_ehs_daily,0.000008492721,EH/s,daily,OBM v0.1.0
2011-11-14,obm_est7d_hashrate_ehs_daily,0.000008550923,EH/s,daily,OBM v0.1.0
2011-11-15,obm_est7d_hashrate_ehs_daily,0.000008686644,EH/s,daily,OBM v0.1.0
2011-11-16,obm_est7d_hashrate_ehs_daily,0.000008487565,EH/s,daily,OBM v0.1.0
2011-11-17,obm_est7d_hashrate_ehs_daily,0.000008419178,EH/s,daily,OBM v0.1.0
2011-11-18,obm_est7d_hashrate_ehs_daily,0.000008549331,EH/s,daily,OBM v0.1.0
2011-11-19,obm_est7d_hashrate_ehs_daily,0.000008347504,EH/s,daily,OBM v0.1.0
2011-11-20,obm_est7d_hashrate_ehs_daily,0.000008324391,EH/s,daily,OBM v0.1.0
2011-11-21,obm_est7d_hashrate_ehs_daily,0.000008097812,EH/s,daily,OBM v0.1.0
2011-11-22,obm_est7d_hashrate_ehs_daily,0.000007925450,EH/s,daily,OBM v0.1.0
2011-11-23,obm_est7d_hashrate_ehs_daily,0.000007895062,EH/s,daily,OBM v0.1.0
2011-11-24,obm_est7d_hashrate_ehs_daily,0.000007668163,EH/s,daily,OBM v0.1.0
2011-11-25,obm_est7d_hashrate_ehs_daily,0.000007686553,EH/s,daily,OBM v0.1.0
2011-11-26,obm_est7d_hashrate_ehs_daily,0.000007652215,EH/s,daily,OBM v0.1.0
2011-11-27,obm_est7d_hashrate_ehs_daily,0.000007442927,EH/s,daily,OBM v0.1.0
2011-11-28,obm_est7d_hashrate_ehs_daily,0.000007530665,EH/s,daily,OBM v0.1.0
2011-11-29,obm_est7d_hashrate_ehs_daily,0.000007469846,EH/s,daily,OBM v0.1.0
2011-11-30,obm_est7d_hashrate_ehs_daily,0.000007541479,EH/s,daily,OBM v0.1.0
2011-12-01,obm_est7d_hashrate_ehs_daily,0.000008002765,EH/s,daily,OBM v0.1.0
2011-12-02,obm_est7d_hashrate_ehs_daily,0.000007989697,EH/s,daily,OBM v0.1.0
2011-12-03,obm_est7d_hashrate_ehs_daily,0.000008160911,EH/s,daily,OBM v0.1.0
2011-12-04,obm_est7d_hashrate_ehs_daily,0.000008231469,EH/s,daily,OBM v0.1.0
2011-12-05,obm_est7d_hashrate_ehs_daily,0.000008383090,EH/s,daily,OBM v0.1.0
2011-12-06,obm_est7d_hashrate_ehs_daily,0.000008593338,EH/s,daily,OBM v0.1.0
2011-12-07,obm_est7d_hashrate_ehs_daily,0.000008400685,EH/s,daily,OBM v0.1.0
2011-12-08,obm_est7d_hashrate_ehs_daily,0.000008260706,EH/s,daily,OBM v0.1.0
2011-12-09,obm_est7d_hashrate_ehs_daily,0.000008261609,EH/s,daily,OBM v0.1.0
2011-12-10,obm_est7d_hashrate_ehs_daily,0.000008227061,EH/s,daily,OBM v0.1.0
2011-12-11,obm_est7d_hashrate_ehs_daily,0.000008325525,EH/s,daily,OBM v0.1.0
2011-12-12,obm_est7d_hashrate_ehs_daily,0.000008104365,EH/s,daily,OBM v0.1.0
2011-12-13,obm_est7d_hashrate_ehs_daily,0.000007869296,EH/s,daily,OBM v0.1.0
2011-12-14,obm_est7d_hashrate_ehs_daily,0.000008054747,EH/s,daily,OBM v0.1.0
2011-12-15,obm_est7d_hashrate_ehs_daily,0.000007732741,EH/s,daily,OBM v0.1.0
2011-12-16,obm_est7d_hashrate_ehs_daily,0.000007559860,EH/s,daily,OBM v0.1.0
2011-12-17,obm_est7d_hashrate_ehs_daily,0.000007649321,EH/s,daily,OBM v0.1.0
2011-12-18,obm_est7d_hashrate_ehs_daily,0.000007667669,EH/s,daily,OBM v0.1.0
2011-12-19,obm_est7d_hashrate_ehs_daily,0.000007944414,EH/s,daily,OBM v0.1.0
2011-12-20,obm_est7d_hashrate_ehs_daily,0.000007972528,EH/s,daily,OBM v0.1.0
2011-12-21,obm_est7d_hashrate_ehs_daily,0.000007953276,EH/s,daily,OBM v0.1.0
2011-12-22,obm_est7d_hashrate_ehs_daily,0.000008247564,EH/s,daily,OBM v0.1.0
2011-12-23,obm_est7d_hashrate_ehs_daily,0.000008424367,EH/s,daily,OBM v0.1.0
2011-12-24,obm_est7d_hashrate_ehs_daily,0.000008388325,EH/s,daily,OBM v0.1.0
2011-12-25,obm_est7d_hashrate_ehs_daily,0.000008629853,EH/s,daily,OBM v0.1.0
2011-12-26,obm_est7d_hashrate_ehs_daily,0.000008784420,EH/s,daily,OBM v0.1.0
2011-12-27,obm_est7d_hashrate_ehs_daily,0.000008874830,EH/s,daily,OBM v0.1.0
2011-12-28,obm_est7d_hashrate_ehs_daily,0.000008923461,EH/s,daily,OBM v0.1.0
2011-12-29,obm_est7d_hashrate_ehs_daily,0.000008857450,EH/s,daily,OBM v0.1.0
2011-12-30,obm_est7d_hashrate_ehs_daily,0.000008849493,EH/s,daily,OBM v0.1.0
2011-12-31,obm_est7d_hashrate_ehs_daily,0.000008911349,EH/s,daily,OBM v0.1.0
2012-01-01,obm_est7d_hashrate_ehs_daily,0.000008737379,EH/s,daily,OBM v0.1.0
2012-01-02,obm_est7d_hashrate_ehs_daily,0.000008538859,EH/s,daily,OBM v0.1.0
2012-01-03,obm_est7d_hashrate_ehs_daily,0.000008656511,EH/s,daily,OBM v0.1.0
2012-01-04,obm_est7d_hashrate_ehs_daily,0.000008600217,EH/s,daily,OBM v0.1.0
2012-01-05,obm_est7d_hashrate_ehs_daily,0.000008675448,EH/s,daily,OBM v0.1.0
2012-01-06,obm_est7d_hashrate_ehs_daily,0.000008908775,EH/s,daily,OBM v0.1.0
2012-01-07,obm_est7d_hashrate_ehs_daily,0.000009194150,EH/s,daily,OBM v0.1.0
2012-01-08,obm_est7d_hashrate_ehs_daily,0.000009289714,EH/s,daily,OBM v0.1.0
2012-01-09,obm_est7d_hashrate_ehs_daily,0.000009513135,EH/s,daily,OBM v0.1.0
2012-01-10,obm_est7d_hashrate_ehs_daily,0.000009438241,EH/s,daily,OBM v0.1.0
2012-01-11,obm_est7d_hashrate_ehs_daily,0.000009589017,EH/s,daily,OBM v0.1.0
2012-01-12,obm_est7d_hashrate_ehs_daily,0.000009760987,EH/s,daily,OBM v0.1.0
2012-01-13,obm_est7d_hashrate_ehs_daily,0.000009587237,EH/s,daily,OBM v0.1.0
2012-01-14,obm_est7d_hashrate_ehs_daily,0.000009402834,EH/s,daily,OBM v0.1.0
2012-01-15,obm_est7d_hashrate_ehs_daily,0.000009264520,EH/s,daily,OBM v0.1.0
2012-01-16,obm_est7d_hashrate_ehs_daily,0.000009389768,EH/s,daily,OBM v0.1.0
2012-01-17,obm_est7d_hashrate_ehs_daily,0.000009513397,EH/s,daily,OBM v0.1.0
2012-01-18,obm_est7d_hashrate_ehs_daily,0.000009278924,EH/s,daily,OBM v0.1.0
2012-01-19,obm_est7d_hashrate_ehs_daily,0.000009237969,EH/s,daily,OBM v0.1.0
2012-01-20,obm_est7d_hashrate_ehs_daily,0.000009275946,EH/s,daily,OBM v0.1.0
2012-01-21,obm_est7d_hashrate_ehs_daily,0.000009410905,EH/s,daily,OBM v0.1.0
2012-01-22,obm_est7d_hashrate_ehs_daily,0.000009428768,EH/s,daily,OBM v0.1.0
2012-01-23,obm_est7d_hashrate_ehs_daily,0.000009477830,EH/s,daily,OBM v0.1.0
2012-01-24,obm_est7d_hashrate_ehs_daily,0.000009375126,EH/s,daily,OBM v0.1.0
2012-01-25,obm_est7d_hashrate_ehs_daily,0.000009610912,EH/s,daily,OBM v0.1.0
2012-01-26,obm_est7d_hashrate_ehs_daily,0.000009546772,EH/s,daily,OBM v0.1.0
2012-01-27,obm_est7d_hashrate_ehs_daily,0.000009554420,EH/s,daily,OBM v0.1.0
2012-01-28,obm_est7d_hashrate_ehs_daily,0.000009470006,EH/s,daily,OBM v0.1.0
2012-01-29,obm_est7d_hashrate_ehs_daily,0.000009739883,EH/s,daily,OBM v0.1.0
2012-01-30,obm_est7d_hashrate_ehs_daily,0.000009772993,EH/s,daily,OBM v0.1.0
2012-01-31,obm_est7d_hashrate_ehs_daily,0.000009862057,EH/s,daily,OBM v0.1.0
2012-02-01,obm_est7d_hashrate_ehs_daily,0.000009806404,EH/s,daily,OBM v0.1.0
2012-02-02,obm_est7d_hashrate_ehs_daily,0.000009995628,EH/s,daily,OBM v0.1.0
2012-02-03,obm_est7d_hashrate_ehs_daily,0.000010177506,EH/s,daily,OBM v0.1.0
2012-02-04,obm_est7d_hashrate_ehs_daily,0.000010303320,EH/s,daily,OBM v0.1.0
2012-02-05,obm_est7d_hashrate_ehs_daily,0.000010152927,EH/s,daily,OBM v0.1.0
2012-02-06,obm_est7d_hashrate_ehs_daily,0.000009993105,EH/s,daily,OBM v0.1.0
2012-02-07,obm_est7d_hashrate_ehs_daily,0.000009925576,EH/s,daily,OBM v0.1.0
2012-02-08,obm_est7d_hashrate_ehs_daily,0.000010043891,EH/s,daily,OBM v0.1.0
2012-02-09,obm_est7d_hashrate_ehs_daily,0.000009981488,EH/s,daily,OBM v0.1.0
2012-02-10,obm_est7d_hashrate_ehs_daily,0.000009872888,EH/s,daily,OBM v0.1.0
2012-02-11,obm_est7d_hashrate_ehs_daily,0.000009854384,EH/s,daily,OBM v0.1.0
2012-02-12,obm_est7d_hashrate_ehs_daily,0.000009989339,EH/s,daily,OBM v0.1.0
2012-02-13,obm_est7d_hashrate_ehs_daily,0.000009922945,EH/s,daily,OBM v0.1.0
2012-02-14,obm_est7d_hashrate_ehs_daily,0.000009918725,EH/s,daily,OBM v0.1.0
2012-02-15,obm_est7d_hashrate_ehs_daily,0.000009839854,EH/s,daily,OBM v0.1.0
2012-02-16,obm_est7d_hashrate_ehs_daily,0.000009756087,EH/s,daily,OBM v0.1.0
2012-02-17,obm_est7d_hashrate_ehs_daily,0.000009875247,EH/s,daily,OBM v0.1.0
2012-02-18,obm_est7d_hashrate_ehs_daily,0.000010086293,EH/s,daily,OBM v0.1.0
2012-02-19,obm_est7d_hashrate_ehs_daily,0.000010087579,EH/s,daily,OBM v0.1.0
2012-02-20,obm_est7d_hashrate_ehs_daily,0.000010116368,EH/s,daily,OBM v0.1.0
2012-02-21,obm_est7d_hashrate_ehs_daily,0.000010028494,EH/s,daily,OBM v0.1.0
2012-02-22,obm_est7d_hashrate_ehs_daily,0.000010279890,EH/s,daily,OBM v0.1.0
2012-02-23,obm_est7d_hashrate_ehs_daily,0.000010515422,EH/s,daily,OBM v0.1.0
2012-02-24,obm_est7d_hashrate_ehs_daily,0.000010479811,EH/s,daily,OBM v0.1.0
2012-02-25,obm_est7d_hashrate_ehs_daily,0.000010446574,EH/s,daily,OBM v0.1.0
2012-02-26,obm_est7d_hashrate_ehs_daily,0.000010348686,EH/s,daily,OBM v0.1.0
2012-02-27,obm_est7d_hashrate_ehs_daily,0.000010508543,EH/s,daily,OBM v0.1.0
2012-02-28,obm_est7d_hashrate_ehs_daily,0.000010785617,EH/s,daily,OBM v0.1.0
2012-02-29,obm_est7d_hashrate_ehs_daily,0.000010992078,EH/s,daily,OBM v0.1.0
2012-03-01,obm_est7d_hashrate_ehs_daily,0.000010859479,EH/s,daily,OBM v0.1.0
2012-03-02,obm_est7d_hashrate_ehs_daily,0.000010770617,EH/s,daily,OBM v0.1.0
2012-03-03,obm_est7d_hashrate_ehs_daily,0.000010360734,EH/s,daily,OBM v0.1.0
2012-03-04,obm_est7d_hashrate_ehs_daily,0.000010330362,EH/s,daily,OBM v0.1.0
2012-03-05,obm_est7d_hashrate_ehs_daily,0.000010389557,EH/s,daily,OBM v0.1.0
2012-03-06,obm_est7d_hashrate_ehs_daily,0.000010268897,EH/s,daily,OBM v0.1.0
2012-03-07,obm_est7d_hashrate_ehs_daily,0.000010154157,EH/s,daily,OBM v0.1.0
2012-03-08,obm_est7d_hashrate_ehs_daily,0.000010334448,EH/s,daily,OBM v0.1.0
2012-03-09,obm_est7d_hashrate_ehs_daily,0.000010744282,EH/s,daily,OBM v0.1.0
2012-03-10,obm_est7d_hashrate_ehs_daily,0.000011314620,EH/s,daily,OBM v0.1.0
2012-03-11,obm_est7d_hashrate_ehs_daily,0.000011290047,EH/s,daily,OBM v0.1.0
2012-03-12,obm_est7d_hashrate_ehs_daily,0.000011506221,EH/s,daily,OBM v0.1.0
2012-03-13,obm_est7d_hashrate_ehs_daily,0.000011738929,EH/s,daily,OBM v0.1.0
2012-03-14,obm_est7d_hashrate_ehs_daily,0.000011560892,EH/s,daily,OBM v0.1.0
2012-03-15,obm_est7d_hashrate_ehs_daily,0.000011196015,EH/s,daily,OBM v0.1.0
2012-03-16,obm_est7d_hashrate_ehs_daily,0.000011036348,EH/s,daily,OBM v0.1.0
2012-03-17,obm_est7d_hashrate_ehs_daily,0.000011119274,EH/s,daily,OBM v0.1.0
2012-03-18,obm_est7d_hashrate_ehs_daily,0.000011377073,EH/s,daily,OBM v0.1.0
2012-03-19,obm_est7d_hashrate_ehs_daily,0.000011155618,EH/s,daily,OBM v0.1.0
2012-03-20,obm_est7d_hashrate_ehs_daily,0.000011158622,EH/s,daily,OBM v0.1.0
2012-03-21,obm_est7d_hashrate_ehs_daily,0.000011386615,EH/s,daily,OBM v0.1.0
2012-03-22,obm_est7d_hashrate_ehs_daily,0.000011744502,EH/s,daily,OBM v0.1.0
2012-03-23,obm_est7d_hashrate_ehs_daily,0.000011459145,EH/s,daily,OBM v0.1.0
2012-03-24,obm_est7d_hashrate_ehs_daily,0.000011620758,EH/s,daily,OBM v0.1.0
2012-03-25,obm_est7d_hashrate_ehs_daily,0.000011578473,EH/s,daily,OBM v0.1.0
2012-03-26,obm_est7d_hashrate_ehs_daily,0.000011678257,EH/s,daily,OBM v0.1.0
2012-03-27,obm_est7d_hashrate_ehs_daily,0.000011600458,EH/s,daily,OBM v0.1.0
2012-03-28,obm_est7d_hashrate_ehs_daily,0.000011523855,EH/s,daily,OBM v0.1.0
2012-03-29,obm_est7d_hashrate_ehs_daily,0.000011439815,EH/s,daily,OBM v0.1.0
2012-03-30,obm_est7d_hashrate_ehs_daily,0.000011881119,EH/s,daily,OBM v0.1.0
2012-03-31,obm_est7d_hashrate_ehs_daily,0.000011874542,EH/s,daily,OBM v0.1.0
2012-04-01,obm_est7d_hashrate_ehs_daily,0.000011846190,EH/s,daily,OBM v0.1.0
2012-04-02,obm_est7d_hashrate_ehs_daily,0.000011590564,EH/s,daily,OBM v0.1.0
2012-04-03,obm_est7d_hashrate_ehs_daily,0.000011489257,EH/s,daily,OBM v0.1.0
2012-04-04,obm_est7d_hashrate_ehs_daily,0.000011446013,EH/s,daily,OBM v0.1.0
2012-04-05,obm_est7d_hashrate_ehs_daily,0.000011246859,EH/s,daily,OBM v0.1.0
2012-04-06,obm_est7d_hashrate_ehs_daily,0.000011005721,EH/s,daily,OBM v0.1.0
2012-04-07,obm_est7d_hashrate_ehs_daily,0.000010590641,EH/s,daily,OBM v0.1.0
2012-04-08,obm_est7d_hashrate_ehs_daily,0.000010631727,EH/s,daily,OBM v0.1.0
2012-04-09,obm_est7d_hashrate_ehs_daily,0.000010969294,EH/s,daily,OBM v0.1.0
2012-04-10,obm_est7d_hashrate_ehs_daily,0.000011138317,EH/s,daily,OBM v0.1.0
2012-04-11,obm_est7d_hashrate_ehs_daily,0.000011193665,EH/s,daily,OBM v0.1.0
2012-04-12,obm_est7d_hashrate_ehs_daily,0.000011289333,EH/s,daily,OBM v0.1.0
2012-04-13,obm_est7d_hashrate_ehs_daily,0.000011162600,EH/s,daily,OBM v0.1.0
2012-04-14,obm_est7d_hashrate_ehs_daily,0.000011167913,EH/s,daily,OBM v0.1.0
2012-04-15,obm_est7d_hashrate_ehs_daily,0.000010639194,EH/s,daily,OBM v0.1.0
2012-04-16,obm_est7d_hashrate_ehs_daily,0.000010608662,EH/s,daily,OBM v0.1.0
2012-04-17,obm_est7d_hashrate_ehs_daily,0.000010424243,EH/s,daily,OBM v0.1.0
2012-04-18,obm_est7d_hashrate_ehs_daily,0.000010273407,EH/s,daily,OBM v0.1.0
2012-04-19,obm_est7d_hashrate_ehs_daily,0.000010551634,EH/s,daily,OBM v0.1.0
2012-04-20,obm_est7d_hashrate_ehs_daily,0.000010896197,EH/s,daily,OBM v0.1.0
2012-04-21,obm_est7d_hashrate_ehs_daily,0.000011075872,EH/s,daily,OBM v0.1.0
2012-04-22,obm_est7d_hashrate_ehs_daily,0.000011445867,EH/s,daily,OBM v0.1.0
2012-04-23,obm_est7d_hashrate_ehs_daily,0.000011282104,EH/s,daily,OBM v0.1.0
2012-04-24,obm_est7d_hashrate_ehs_daily,0.000011342970,EH/s,daily,OBM v0.1.0
2012-04-25,obm_est7d_hashrate_ehs_daily,0.000011300373,EH/s,daily,OBM v0.1.0
2012-04-26,obm_est7d_hashrate_ehs_daily,0.000011250669,EH/s,daily,OBM v0.1.0
2012-04-27,obm_est7d_hashrate_ehs_daily,0.000010986925,EH/s,daily,OBM v0.1.0
2012-04-28,obm_est7d_hashrate_ehs_daily,0.000010950128,EH/s,daily,OBM v0.1.0
2012-04-29,obm_est7d_hashrate_ehs_daily,0.000011242510,EH/s,daily,OBM v0.1.0
2012-04-30,obm_est7d_hashrate_ehs_daily,0.000011642828,EH/s,daily,OBM v0.1.0
2012-05-01,obm_est7d_hashrate_ehs_daily,0.000011927864,EH/s,daily,OBM v0.1.0
2012-05-02,obm_est7d_hashrate_ehs_daily,0.000012100240,EH/s,daily,OBM v0.1.0
2012-05-03,obm_est7d_hashrate_ehs_daily,0.000012069331,EH/s,daily,OBM v0.1.0
2012-05-04,obm_est7d_hashrate_ehs_daily,0.000012315696,EH/s,daily,OBM v0.1.0
2012-05-05,obm_est7d_hashrate_ehs_daily,0.000012474674,EH/s,daily,OBM v0.1.0
2012-05-06,obm_est7d_hashrate_ehs_daily,0.000012315410,EH/s,daily,OBM v0.1.0
2012-05-07,obm_est7d_hashrate_ehs_daily,0.000012232876,EH/s,daily,OBM v0.1.0
2012-05-08,obm_est7d_hashrate_ehs_daily,0.000012306843,EH/s,daily,OBM v0.1.0
2012-05-09,obm_est7d_hashrate_ehs_daily,0.000012558189,EH/s,daily,OBM v0.1.0
2012-05-10,obm_est7d_hashrate_ehs_daily,0.000012518347,EH/s,daily,OBM v0.1.0
2012-05-11,obm_est7d_hashrate_ehs_daily,0.000012512247,EH/s,daily,OBM v0.1.0
2012-05-12,obm_est7d_hashrate_ehs_daily,0.000012307179,EH/s,daily,OBM v0.1.0
2012-05-13,obm_est7d_hashrate_ehs_daily,0.000012251562,EH/s,daily,OBM v0.1.0
2012-05-14,obm_est7d_hashrate_ehs_daily,0.000012153069,EH/s,daily,OBM v0.1.0
2012-05-15,obm_est7d_hashrate_ehs_daily,0.000011873480,EH/s,daily,OBM v0.1.0
2012-05-16,obm_est7d_hashrate_ehs_daily,0.000011457893,EH/s,daily,OBM v0.1.0
2012-05-17,obm_est7d_hashrate_ehs_daily,0.000011289675,EH/s,daily,OBM v0.1.0
2012-05-18,obm_est7d_hashrate_ehs_daily,0.000011321732,EH/s,daily,OBM v0.1.0
2012-05-19,obm_est7d_hashrate_ehs_daily,0.000011600872,EH/s,daily,OBM v0.1.0
2012-05-20,obm_est7d_hashrate_ehs_daily,0.000011561354,EH/s,daily,OBM v0.1.0
2012-05-21,obm_est7d_hashrate_ehs_daily,0.000011403935,EH/s,daily,OBM v0.1.0
2012-05-22,obm_est7d_hashrate_ehs_daily,0.000011232400,EH/s,daily,OBM v0.1.0
2012-05-23,obm_est7d_hashrate_ehs_daily,0.000011384813,EH/s,daily,OBM v0.1.0
2012-05-24,obm_est7d_hashrate_ehs_daily,0.000011443358,EH/s,daily,OBM v0.1.0
2012-05-25,obm_est7d_hashrate_ehs_daily,0.000011006700,EH/s,daily,OBM v0.1.0
2012-05-26,obm_est7d_hashrate_ehs_daily,0.000010775643,EH/s,daily,OBM v0.1.0
2012-05-27,obm_est7d_hashrate_ehs_daily,0.000010859291,EH/s,daily,OBM v0.1.0
2012-05-28,obm_est7d_hashrate_ehs_daily,0.000010915508,EH/s,daily,OBM v0.1.0
2012-05-29,obm_est7d_hashrate_ehs_daily,0.000010931015,EH/s,daily,OBM v0.1.0
2012-05-30,obm_est7d_hashrate_ehs_daily,0.000010786815,EH/s,daily,OBM v0.1.0
2012-05-31,obm_est7d_hashrate_ehs_daily,0.000010853241,EH/s,daily,OBM v0.1.0
2012-06-01,obm_est7d_hashrate_ehs_daily,0.000011187919,EH/s,daily,OBM v0.1.0
2012-06-02,obm_est7d_hashrate_ehs_daily,0.000011410432,EH/s,daily,OBM v0.1.0
2012-06-03,obm_est7d_hashrate_ehs_daily,0.000011358412,EH/s,daily,OBM v0.1.0
2012-06-04,obm_est7d_hashrate_ehs_daily,0.000011485638,EH/s,daily,OBM v0.1.0
2012-06-05,obm_est7d_hashrate_ehs_daily,0.000011712759,EH/s,daily,OBM v0.1.0
2012-06-06,obm_est7d_hashrate_ehs_daily,0.000011993213,EH/s,daily,OBM v0.1.0
2012-06-07,obm_est7d_hashrate_ehs_daily,0.000011970837,EH/s,daily,OBM v0.1.0
2012-06-08,obm_est7d_hashrate_ehs_daily,0.000011844031,EH/s,daily,OBM v0.1.0
2012-06-09,obm_est7d_hashrate_ehs_daily,0.000011968497,EH/s,daily,OBM v0.1.0
2012-06-10,obm_est7d_hashrate_ehs_daily,0.000012089108,EH/s,daily,OBM v0.1.0
2012-06-11,obm_est7d_hashrate_ehs_daily,0.000011925682,EH/s,daily,OBM v0.1.0
2012-06-12,obm_est7d_hashrate_ehs_daily,0.000012018096,EH/s,daily,OBM v0.1.0
2012-06-13,obm_est7d_hashrate_ehs_daily,0.000011991608,EH/s,daily,OBM v0.1.0
2012-06-14,obm_est7d_hashrate_ehs_daily,0.000012203150,EH/s,daily,OBM v0.1.0
2012-06-15,obm_est7d_hashrate_ehs_daily,0.000012352940,EH/s,daily,OBM v0.1.0
2012-06-16,obm_est7d_hashrate_ehs_daily,0.000012189508,EH/s,daily,OBM v0.1.0
2012-06-17,obm_est7d_hashrate_ehs_daily,0.000012173002,EH/s,daily,OBM v0.1.0
2012-06-18,obm_est7d_hashrate_ehs_daily,0.000012557234,EH/s,daily,OBM v0.1.0
2012-06-19,obm_est7d_hashrate_ehs_daily,0.000012485635,EH/s,daily,OBM v0.1.0
2012-06-20,obm_est7d_hashrate_ehs_daily,0.000012497955,EH/s,daily,OBM v0.1.0
2012-06-21,obm_est7d_hashrate_ehs_daily,0.000012358642,EH/s,daily,OBM v0.1.0
2012-06-22,obm_est7d_hashrate_ehs_daily,0.000012269992,EH/s,daily,OBM v0.1.0
2012-06-23,obm_est7d_hashrate_ehs_daily,0.000012508779,EH/s,daily,OBM v0.1.0
2012-06-24,obm_est7d_hashrate_ehs_daily,0.000012283420,EH/s,daily,OBM v0.1.0
2012-06-25,obm_est7d_hashrate_ehs_daily,0.000012220147,EH/s,daily,OBM v0.1.0
2012-06-26,obm_est7d_hashrate_ehs_daily,0.000012432033,EH/s,daily,OBM v0.1.0
2012-06-27,obm_est7d_hashrate_ehs_daily,0.000012709188,EH/s,daily,OBM v0.1.0
2012-06-28,obm_est7d_hashrate_ehs_daily,0.000012743984,EH/s,daily,OBM v0.1.0
2012-06-29,obm_est7d_hashrate_ehs_daily,0.000012822845,EH/s,daily,OBM v0.1.0
2012-06-30,obm_est7d_hashrate_ehs_daily,0.000012436749,EH/s,daily,OBM v0.1.0
2012-07-01,obm_est7d_hashrate_ehs_daily,0.000012593260,EH/s,daily,OBM v0.1.0
2012-07-02,obm_est7d_hashrate_ehs_daily,0.000012540370,EH/s,daily,OBM v0.1.0
2012-07-03,obm_est7d_hashrate_ehs_daily,0.000012660902,EH/s,daily,OBM v0.1.0
2012-07-04,obm_est7d_hashrate_ehs_daily,0.000012512188,EH/s,daily,OBM v0.1.0
2012-07-05,obm_est7d_hashrate_ehs_daily,0.000012653722,EH/s,daily,OBM v0.1.0
2012-07-06,obm_est7d_hashrate_ehs_daily,0.000012786859,EH/s,daily,OBM v0.1.0
2012-07-07,obm_est7d_hashrate_ehs_daily,0.000013250032,EH/s,daily,OBM v0.1.0
2012-07-08,obm_est7d_hashrate_ehs_daily,0.000013378464,EH/s,daily,OBM v0.1.0
2012-07-09,obm_est7d_hashrate_ehs_daily,0.000013543359,EH/s,daily,OBM v0.1.0
2012-07-10,obm_est7d_hashrate_ehs_daily,0.000013441284,EH/s,daily,OBM v0.1.0
2012-07-11,obm_est7d_hashrate_ehs_daily,0.000013272827,EH/s,daily,OBM v0.1.0
2012-07-12,obm_est7d_hashrate_ehs_daily,0.000013325218,EH/s,daily,OBM v0.1.0
2012-07-13,obm_est7d_hashrate_ehs_daily,0.000013438177,EH/s,daily,OBM v0.1.0
2012-07-14,obm_est7d_hashrate_ehs_daily,0.000013404223,EH/s,daily,OBM v0.1.0
2012-07-15,obm_est7d_hashrate_ehs_daily,0.000013241843,EH/s,daily,OBM v0.1.0
2012-07-16,obm_est7d_hashrate_ehs_daily,0.000013073349,EH/s,daily,OBM v0.1.0
2012-07-17,obm_est7d_hashrate_ehs_daily,0.000013380054,EH/s,daily,OBM v0.1.0
2012-07-18,obm_est7d_hashrate_ehs_daily,0.000013789099,EH/s,daily,OBM v0.1.0
2012-07-19,obm_est7d_hashrate_ehs_daily,0.000013701434,EH/s,daily,OBM v0.1.0
2012-07-20,obm_est7d_hashrate_ehs_daily,0.000013666846,EH/s,daily,OBM v0.1.0
2012-07-21,obm_est7d_hashrate_ehs_daily,0.000013479157,EH/s,daily,OBM v0.1.0
2012-07-22,obm_est7d_hashrate_ehs_daily,0.000013830439,EH/s,daily,OBM v0.1.0
2012-07-23,obm_est7d_hashrate_ehs_daily,0.000013808378,EH/s,daily,OBM v0.1.0
2012-07-24,obm_est7d_hashrate_ehs_daily,0.000013743513,EH/s,daily,OBM v0.1.0
2012-07-25,obm_est7d_hashrate_ehs_daily,0.000013813729,EH/s,daily,OBM v0.1.0
2012-07-26,obm_est7d_hashrate_ehs_daily,0.000014292366,EH/s,daily,OBM v0.1.0
2012-07-27,obm_est7d_hashrate_ehs_daily,0.000014674867,EH/s,daily,OBM v0.1.0
2012-07-28,obm_est7d_hashrate_ehs_daily,0.000014817073,EH/s,daily,OBM v0.1.0
2012-07-29,obm_est7d_hashrate_ehs_daily,0.000014981955,EH/s,daily,OBM v0.1.0
2012-07-30,obm_est7d_hashrate_ehs_daily,0.000015531785,EH/s,daily,OBM v0.1.0
2012-07-31,obm_est7d_hashrate_ehs_daily,0.000015285525,EH/s,daily,OBM v0.1.0
2012-08-01,obm_est7d_hashrate_ehs_daily,0.000015118241,EH/s,daily,OBM v0.1.0
2012-08-02,obm_est7d_hashrate_ehs_daily,0.000015277568,EH/s,daily,OBM v0.1.0
2012-08-03,obm_est7d_hashrate_ehs_daily,0.000015240847,EH/s,daily,OBM v0.1.0
2012-08-04,obm_est7d_hashrate_ehs_daily,0.000015475782,EH/s,daily,OBM v0.1.0
2012-08-05,obm_est7d_hashrate_ehs_daily,0.000015273748,EH/s,daily,OBM v0.1.0
2012-08-06,obm_est7d_hashrate_ehs_daily,0.000014863410,EH/s,daily,OBM v0.1.0
2012-08-07,obm_est7d_hashrate_ehs_daily,0.000015360412,EH/s,daily,OBM v0.1.0
2012-08-08,obm_est7d_hashrate_ehs_daily,0.000015808305,EH/s,daily,OBM v0.1.0
2012-08-09,obm_est7d_hashrate_ehs_daily,0.000015906116,EH/s,daily,OBM v0.1.0
2012-08-10,obm_est7d_hashrate_ehs_daily,0.000015803401,EH/s,daily,OBM v0.1.0
2012-08-11,obm_est7d_hashrate_ehs_daily,0.000015963134,EH/s,daily,OBM v0.1.0
2012-08-12,obm_est7d_hashrate_ehs_daily,0.000016355772,EH/s,daily,OBM v0.1.0
2012-08-13,obm_est7d_hashrate_ehs_daily,0.000016830508,EH/s,daily,OBM v0.1.0
2012-08-14,obm_est7d_hashrate_ehs_daily,0.000016906543,EH/s,daily,OBM v0.1.0
2012-08-15,obm_est7d_hashrate_ehs_daily,0.000017086969,EH/s,daily,OBM v0.1.0
2012-08-16,obm_est7d_hashrate_ehs_daily,0.000017044049,EH/s,daily,OBM v0.1.0
2012-08-17,obm_est7d_hashrate_ehs_daily,0.000016902983,EH/s,daily,OBM v0.1.0
2012-08-18,obm_est7d_hashrate_ehs_daily,0.000016862683,EH/s,daily,OBM v0.1.0
2012-08-19,obm_est7d_hashrate_ehs_daily,0.000017275647,EH/s,daily,OBM v0.1.0
2012-08-20,obm_est7d_hashrate_ehs_daily,0.000017532163,EH/s,daily,OBM v0.1.0
2012-08-21,obm_est7d_hashrate_ehs_daily,0.000017725313,EH/s,daily,OBM v0.1.0
2012-08-22,obm_est7d_hashrate_ehs_daily,0.000017566360,EH/s,daily,OBM v0.1.0
2012-08-23,obm_est7d_hashrate_ehs_daily,0.000017724697,EH/s,daily,OBM v0.1.0
2012-08-24,obm_est7d_hashrate_ehs_daily,0.000017892919,EH/s,daily,OBM v0.1.0
2012-08-25,obm_est7d_hashrate_ehs_daily,0.000017926691,EH/s,daily,OBM v0.1.0
2012-08-26,obm_est7d_hashrate_ehs_daily,0.000018200314,EH/s,daily,OBM v0.1.0
2012-08-27,obm_est7d_hashrate_ehs_daily,0.000018039133,EH/s,daily,OBM v0.1.0
2012-08-28,obm_est7d_hashrate_ehs_daily,0.000017931999,EH/s,daily,OBM v0.1.0
2012-08-29,obm_est7d_hashrate_ehs_daily,0.000018413970,EH/s,daily,OBM v0.1.0
2012-08-30,obm_est7d_hashrate_ehs_daily,0.000018520006,EH/s,daily,OBM v0.1.0
2012-08-31,obm_est7d_hashrate_ehs_daily,0.000018629299,EH/s,daily,OBM v0.1.0
2012-09-01,obm_est7d_hashrate_ehs_daily,0.000019059213,EH/s,daily,OBM v0.1.0
2012-09-02,obm_est7d_hashrate_ehs_daily,0.000018793270,EH/s,daily,OBM v0.1.0
2012-09-03,obm_est7d_hashrate_ehs_daily,0.000019064880,EH/s,daily,OBM v0.1.0
2012-09-04,obm_est7d_hashrate_ehs_daily,0.000019038324,EH/s,daily,OBM v0.1.0
2012-09-05,obm_est7d_hashrate_ehs_daily,0.000019249323,EH/s,daily,OBM v0.1.0
2012-09-06,obm_est7d_hashrate_ehs_daily,0.000019612005,EH/s,daily,OBM v0.1.0
2012-09-07,obm_est7d_hashrate_ehs_daily,0.000020383136,EH/s,daily,OBM v0.1.0
2012-09-08,obm_est7d_hashrate_ehs_daily,0.000020383879,EH/s,daily,OBM v0.1.0
2012-09-09,obm_est7d_hashrate_ehs_daily,0.000020577150,EH/s,daily,OBM v0.1.0
2012-09-10,obm_est7d_hashrate_ehs_daily,0.000020737129,EH/s,daily,OBM v0.1.0
2012-09-11,obm_est7d_hashrate_ehs_daily,0.000020824594,EH/s,daily,OBM v0.1.0
2012-09-12,obm_est7d_hashrate_ehs_daily,0.000020677941,EH/s,daily,OBM v0.1.0
2012-09-13,obm_est7d_hashrate_ehs_daily,0.000020152598,EH/s,daily,OBM v0.1.0
2012-09-14,obm_est7d_hashrate_ehs_daily,0.000020025823,EH/s,daily,OBM v0.1.0
2012-09-15,obm_est7d_hashrate_ehs_daily,0.000020005089,EH/s,daily,OBM v0.1.0
2012-09-16,obm_est7d_hashrate_ehs_daily,0.000020074663,EH/s,daily,OBM v0.1.0
2012-09-17,obm_est7d_hashrate_ehs_daily,0.000020408694,EH/s,daily,OBM v0.1.0
2012-09-18,obm_est7d_hashrate_ehs_daily,0.000020804819,EH/s,daily,OBM v0.1.0
2012-09-19,obm_est7d_hashrate_ehs_daily,0.000020555531,EH/s,daily,OBM v0.1.0
2012-09-20,obm_est7d_hashrate_ehs_daily,0.000021173996,EH/s,daily,OBM v0.1.0
2012-09-21,obm_est7d_hashrate_ehs_daily,0.000021516593,EH/s,daily,OBM v0.1.0
2012-09-22,obm_est7d_hashrate_ehs_daily,0.000021952760,EH/s,daily,OBM v0.1.0
2012-09-23,obm_est7d_hashrate_ehs_daily,0.000022116224,EH/s,daily,OBM v0.1.0
2012-09-24,obm_est7d_hashrate_ehs_daily,0.000021991078,EH/s,daily,OBM v0.1.0
2012-09-25,obm_est7d_hashrate_ehs_daily,0.000021711083,EH/s,daily,OBM v0.1.0
2012-09-26,obm_est7d_hashrate_ehs_daily,0.000021750924,EH/s,daily,OBM v0.1.0
2012-09-27,obm_est7d_hashrate_ehs_daily,0.000021912198,EH/s,daily,OBM v0.1.0
2012-09-28,obm_est7d_hashrate_ehs_daily,0.000021708610,EH/s,daily,OBM v0.1.0
2012-09-29,obm_est7d_hashrate_ehs_daily,0.000021926014,EH/s,daily,OBM v0.1.0
2012-09-30,obm_est7d_hashrate_ehs_daily,0.000021959238,EH/s,daily,OBM v0.1.0
2012-10-01,obm_est7d_hashrate_ehs_daily,0.000021527239,EH/s,daily,OBM v0.1.0
2012-10-02,obm_est7d_hashrate_ehs_daily,0.000021679279,EH/s,daily,OBM v0.1.0
2012-10-03,obm_est7d_hashrate_ehs_daily,0.000021694814,EH/s,daily,OBM v0.1.0
2012-10-04,obm_est7d_hashrate_ehs_daily,0.000021225884,EH/s,daily,OBM v0.1.0
2012-10-05,obm_est7d_hashrate_ehs_daily,0.000020962214,EH/s,daily,OBM v0.1.0
2012-10-06,obm_est7d_hashrate_ehs_daily,0.000020934069,EH/s,daily,OBM v0.1.0
2012-10-07,obm_est7d_hashrate_ehs_daily,0.000020402495,EH/s,daily,OBM v0.1.0
2012-10-08,obm_est7d_hashrate_ehs_daily,0.000021616090,EH/s,daily,OBM v0.1.0
2012-10-09,obm_est7d_hashrate_ehs_daily,0.000021702012,EH/s,daily,OBM v0.1.0
2012-10-10,obm_est7d_hashrate_ehs_daily,0.000022070286,EH/s,daily,OBM v0.1.0
2012-10-11,obm_est7d_hashrate_ehs_daily,0.000022257208,EH/s,daily,OBM v0.1.0
2012-10-12,obm_est7d_hashrate_ehs_daily,0.000022481662,EH/s,daily,OBM v0.1.0
2012-10-13,obm_est7d_hashrate_ehs_daily,0.000022330054,EH/s,daily,OBM v0.1.0
2012-10-14,obm_est7d_hashrate_ehs_daily,0.000022454685,EH/s,daily,OBM v0.1.0
2012-10-15,obm_est7d_hashrate_ehs_daily,0.000022176352,EH/s,daily,OBM v0.1.0
2012-10-16,obm_est7d_hashrate_ehs_daily,0.000022519508,EH/s,daily,OBM v0.1.0
2012-10-17,obm_est7d_hashrate_ehs_daily,0.000022382580,EH/s,daily,OBM v0.1.0
2012-10-18,obm_est7d_hashrate_ehs_daily,0.000022784496,EH/s,daily,OBM v0.1.0
2012-10-19,obm_est7d_hashrate_ehs_daily,0.000022529308,EH/s,daily,OBM v0.1.0
2012-10-20,obm_est7d_hashrate_ehs_daily,0.000022753496,EH/s,daily,OBM v0.1.0
2012-10-21,obm_est7d_hashrate_ehs_daily,0.000023473475,EH/s,daily,OBM v0.1.0
2012-10-22,obm_est7d_hashrate_ehs_daily,0.000023234621,EH/s,daily,OBM v0.1.0
2012-10-23,obm_est7d_hashrate_ehs_daily,0.000022699869,EH/s,daily,OBM v0.1.0
2012-10-24,obm_est7d_hashrate_ehs_daily,0.000023186264,EH/s,daily,OBM v0.1.0
2012-10-25,obm_est7d_hashrate_ehs_daily,0.000022857107,EH/s,daily,OBM v0.1.0
2012-10-26,obm_est7d_hashrate_ehs_daily,0.000023544441,EH/s,daily,OBM v0.1.0
2012-10-27,obm_est7d_hashrate_ehs_daily,0.000023877188,EH/s,daily,OBM v0.1.0
2012-10-28,obm_est7d_hashrate_ehs_daily,0.000024066020,EH/s,daily,OBM v0.1.0
2012-10-29,obm_est7d_hashrate_ehs_daily,0.000024001943,EH/s,daily,OBM v0.1.0
2012-10-30,obm_est7d_hashrate_ehs_daily,0.000024565478,EH/s,daily,OBM v0.1.0
2012-10-31,obm_est7d_hashrate_ehs_daily,0.000024354845,EH/s,daily,OBM v0.1.0
2012-11-01,obm_est7d_hashrate_ehs_daily,0.000024441405,EH/s,daily,OBM v0.1.0
2012-11-02,obm_est7d_hashrate_ehs_daily,0.000024241575,EH/s,daily,OBM v0.1.0
2012-11-03,obm_est7d_hashrate_ehs_daily,0.000023841600,EH/s,daily,OBM v0.1.0
2012-11-04,obm_est7d_hashrate_ehs_daily,0.000023906147,EH/s,daily,OBM v0.1.0
2012-11-05,obm_est7d_hashrate_ehs_daily,0.000024210984,EH/s,daily,OBM v0.1.0
2012-11-06,obm_est7d_hashrate_ehs_daily,0.000023989244,EH/s,daily,OBM v0.1.0
2012-11-07,obm_est7d_hashrate_ehs_daily,0.000024299737,EH/s,daily,OBM v0.1.0
2012-11-08,obm_est7d_hashrate_ehs_daily,0.000024772095,EH/s,daily,OBM v0.1.0
2012-11-09,obm_est7d_hashrate_ehs_daily,0.000024910783,EH/s,daily,OBM v0.1.0
2012-11-10,obm_est7d_hashrate_ehs_daily,0.000024888324,EH/s,daily,OBM v0.1.0
2012-11-11,obm_est7d_hashrate_ehs_daily,0.000024675372,EH/s,daily,OBM v0.1.0
2012-11-12,obm_est7d_hashrate_ehs_daily,0.000024029000,EH/s,daily,OBM v0.1.0
2012-11-13,obm_est7d_hashrate_ehs_daily,0.000024236966,EH/s,daily,OBM v0.1.0
2012-11-14,obm_est7d_hashrate_ehs_daily,0.000023905077,EH/s,daily,OBM v0.1.0
2012-11-15,obm_est7d_hashrate_ehs_daily,0.000023582207,EH/s,daily,OBM v0.1.0
2012-11-16,obm_est7d_hashrate_ehs_daily,0.000023484181,EH/s,daily,OBM v0.1.0
2012-11-17,obm_est7d_hashrate_ehs_daily,0.000023459890,EH/s,daily,OBM v0.1.0
2012-11-18,obm_est7d_hashrate_ehs_daily,0.000023471682,EH/s,daily,OBM v0.1.0
2012-11-19,obm_est7d_hashrate_ehs_daily,0.000023883335,EH/s,daily,OBM v0.1.0
2012-11-20,obm_est7d_hashrate_ehs_daily,0.000024058326,EH/s,daily,OBM v0.1.0
2012-11-21,obm_est7d_hashrate_ehs_daily,0.000024263665,EH/s,daily,OBM v0.1.0
2012-11-22,obm_est7d_hashrate_ehs_daily,0.000024415500,EH/s,daily,OBM v0.1.0
2012-11-23,obm_est7d_hashrate_ehs_daily,0.000024889514,EH/s,daily,OBM v0.1.0
2012-11-24,obm_est7d_hashrate_ehs_daily,0.000025105014,EH/s,daily,OBM v0.1.0
2012-11-25,obm_est7d_hashrate_ehs_daily,0.000025240995,EH/s,daily,OBM v0.1.0
2012-11-26,obm_est7d_hashrate_ehs_daily,0.000025416110,EH/s,daily,OBM v0.1.0
2012-11-27,obm_est7d_hashrate_ehs_daily,0.000025538257,EH/s,daily,OBM v0.1.0
2012-11-28,obm_est7d_hashrate_ehs_daily,0.000026128442,EH/s,daily,OBM v0.1.0
2012-11-29,obm_est7d_hashrate_ehs_daily,0.000026683527,EH/s,daily,OBM v0.1.0
2012-11-30,obm_est7d_hashrate_ehs_daily,0.000025914981,EH/s,daily,OBM v0.1.0
2012-12-01,obm_est7d_hashrate_ehs_daily,0.000026374774,EH/s,daily,OBM v0.1.0
2012-12-02,obm_est7d_hashrate_ehs_daily,0.000026309328,EH/s,daily,OBM v0.1.0
2012-12-03,obm_est7d_hashrate_ehs_daily,0.000026109792,EH/s,daily,OBM v0.1.0
2012-12-04,obm_est7d_hashrate_ehs_daily,0.000025236746,EH/s,daily,OBM v0.1.0
2012-12-05,obm_est7d_hashrate_ehs_daily,0.000024005888,EH/s,daily,OBM v0.1.0
2012-12-06,obm_est7d_hashrate_ehs_daily,0.000023313047,EH/s,daily,OBM v0.1.0
2012-12-07,obm_est7d_hashrate_ehs_daily,0.000023391836,EH/s,daily,OBM v0.1.0
2012-12-08,obm_est7d_hashrate_ehs_daily,0.000022677626,EH/s,daily,OBM v0.1.0
2012-12-09,obm_est7d_hashrate_ehs_daily,0.000022289744,EH/s,daily,OBM v0.1.0
2012-12-10,obm_est7d_hashrate_ehs_daily,0.000022189180,EH/s,daily,OBM v0.1.0
2012-12-11,obm_est7d_hashrate_ehs_daily,0.000022976895,EH/s,daily,OBM v0.1.0
2012-12-12,obm_est7d_hashrate_ehs_daily,0.000023088002,EH/s,daily,OBM v0.1.0
2012-12-13,obm_est7d_hashrate_ehs_daily,0.000022771604,EH/s,daily,OBM v0.1.0
2012-12-14,obm_est7d_hashrate_ehs_daily,0.000022219549,EH/s,daily,OBM v0.1.0
2012-12-15,obm_est7d_hashrate_ehs_daily,0.000021605922,EH/s,daily,OBM v0.1.0
2012-12-16,obm_est7d_hashrate_ehs_daily,0.000021186932,EH/s,daily,OBM v0.1.0
2012-12-17,obm_est7d_hashrate_ehs_daily,0.000020881624,EH/s,daily,OBM v0.1.0
2012-12-18,obm_est7d_hashrate_ehs_daily,0.000020456212,EH/s,daily,OBM v0.1.0
2012-12-19,obm_est7d_hashrate_ehs_daily,0.000020724144,EH/s,daily,OBM v0.1.0
2012-12-20,obm_est7d_hashrate_ehs_daily,0.000020184783,EH/s,daily,OBM v0.1.0
2012-12-21,obm_est7d_hashrate_ehs_daily,0.000020628355,EH/s,daily,OBM v0.1.0
2012-12-22,obm_est7d_hashrate_ehs_daily,0.000021508155,EH/s,daily,OBM v0.1.0
2012-12-23,obm_est7d_hashrate_ehs_daily,0.000021884766,EH/s,daily,OBM v0.1.0
2012-12-24,obm_est7d_hashrate_ehs_daily,0.000021735154,EH/s,daily,OBM v0.1.0
2012-12-25,obm_est7d_hashrate_ehs_daily,0.000021687297,EH/s,daily,OBM v0.1.0
2012-12-26,obm_est7d_hashrate_ehs_daily,0.000021815197,EH/s,daily,OBM v0.1.0
2012-12-27,obm_est7d_hashrate_ehs_daily,0.000022564083,EH/s,daily,OBM v0.1.0
2012-12-28,obm_est7d_hashrate_ehs_daily,0.000023082489,EH/s,daily,OBM v0.1.0
2012-12-29,obm_est7d_hashrate_ehs_daily,0.000022462591,EH/s,daily,OBM v0.1.0
2012-12-30,obm_est7d_hashrate_ehs_daily,0.000023128372,EH/s,daily,OBM v0.1.0
2012-12-31,obm_est7d_hashrate_ehs_daily,0.000023248831,EH/s,daily,OBM v0.1.0
2013-01-01,obm_est7d_hashrate_ehs_daily,0.000023790555,EH/s,daily,OBM v0.1.0
2013-01-02,obm_est7d_hashrate_ehs_daily,0.000023482245,EH/s,daily,OBM v0.1.0
2013-01-03,obm_est7d_hashrate_ehs_daily,0.000023611555,EH/s,daily,OBM v0.1.0
2013-01-04,obm_est7d_hashrate_ehs_daily,0.000023266573,EH/s,daily,OBM v0.1.0
2013-01-05,obm_est7d_hashrate_ehs_daily,0.000023174493,EH/s,daily,OBM v0.1.0
2013-01-06,obm_est7d_hashrate_ehs_daily,0.000022773701,EH/s,daily,OBM v0.1.0
2013-01-07,obm_est7d_hashrate_ehs_daily,0.000022974974,EH/s,daily,OBM v0.1.0
2013-01-08,obm_est7d_hashrate_ehs_daily,0.000022474656,EH/s,daily,OBM v0.1.0
2013-01-09,obm_est7d_hashrate_ehs_daily,0.000022226680,EH/s,daily,OBM v0.1.0
2013-01-10,obm_est7d_hashrate_ehs_daily,0.000022209219,EH/s,daily,OBM v0.1.0
2013-01-11,obm_est7d_hashrate_ehs_daily,0.000021666377,EH/s,daily,OBM v0.1.0
2013-01-12,obm_est7d_hashrate_ehs_daily,0.000021504665,EH/s,daily,OBM v0.1.0
2013-01-13,obm_est7d_hashrate_ehs_daily,0.000021524712,EH/s,daily,OBM v0.1.0
2013-01-14,obm_est7d_hashrate_ehs_daily,0.000021562063,EH/s,daily,OBM v0.1.0
2013-01-15,obm_est7d_hashrate_ehs_daily,0.000021482877,EH/s,daily,OBM v0.1.0
2013-01-16,obm_est7d_hashrate_ehs_daily,0.000021462218,EH/s,daily,OBM v0.1.0
2013-01-17,obm_est7d_hashrate_ehs_daily,0.000020649718,EH/s,daily,OBM v0.1.0
2013-01-18,obm_est7d_hashrate_ehs_daily,0.000020700805,EH/s,daily,OBM v0.1.0
2013-01-19,obm_est7d_hashrate_ehs_daily,0.000021522884,EH/s,daily,OBM v0.1.0
2013-01-20,obm_est7d_hashrate_ehs_daily,0.000021361933,EH/s,daily,OBM v0.1.0
2013-01-21,obm_est7d_hashrate_ehs_daily,0.000020805342,EH/s,daily,OBM v0.1.0
2013-01-22,obm_est7d_hashrate_ehs_daily,0.000021312783,EH/s,daily,OBM v0.1.0
2013-01-23,obm_est7d_hashrate_ehs_daily,0.000021158863,EH/s,daily,OBM v0.1.0
2013-01-24,obm_est7d_hashrate_ehs_daily,0.000021867246,EH/s,daily,OBM v0.1.0
2013-01-25,obm_est7d_hashrate_ehs_daily,0.000021962048,EH/s,daily,OBM v0.1.0
2013-01-26,obm_est7d_hashrate_ehs_daily,0.000021749413,EH/s,daily,OBM v0.1.0
2013-01-27,obm_est7d_hashrate_ehs_daily,0.000021912285,EH/s,daily,OBM v0.1.0
2013-01-28,obm_est7d_hashrate_ehs_daily,0.000022015468,EH/s,daily,OBM v0.1.0
2013-01-29,obm_est7d_hashrate_ehs_daily,0.000021973808,EH/s,daily,OBM v0.1.0
2013-01-30,obm_est7d_hashrate_ehs_daily,0.000022318075,EH/s,daily,OBM v0.1.0
2013-01-31,obm_est7d_hashrate_ehs_daily,0.000023087613,EH/s,daily,OBM v0.1.0
2013-02-01,obm_est7d_hashrate_ehs_daily,0.000023322060,EH/s,daily,OBM v0.1.0
2013-02-02,obm_est7d_hashrate_ehs_daily,0.000023265906,EH/s,daily,OBM v0.1.0
2013-02-03,obm_est7d_hashrate_ehs_daily,0.000023974552,EH/s,daily,OBM v0.1.0
2013-02-04,obm_est7d_hashrate_ehs_daily,0.000024370652,EH/s,daily,OBM v0.1.0
2013-02-05,obm_est7d_hashrate_ehs_daily,0.000024708772,EH/s,daily,OBM v0.1.0
2013-02-06,obm_est7d_hashrate_ehs_daily,0.000024980619,EH/s,daily,OBM v0.1.0
2013-02-07,obm_est7d_hashrate_ehs_daily,0.000024512971,EH/s,daily,OBM v0.1.0
2013-02-08,obm_est7d_hashrate_ehs_daily,0.000024827506,EH/s,daily,OBM v0.1.0
2013-02-09,obm_est7d_hashrate_ehs_daily,0.000024906666,EH/s,daily,OBM v0.1.0
2013-02-10,obm_est7d_hashrate_ehs_daily,0.000024721546,EH/s,daily,OBM v0.1.0
2013-02-11,obm_est7d_hashrate_ehs_daily,0.000025017196,EH/s,daily,OBM v0.1.0
2013-02-12,obm_est7d_hashrate_ehs_daily,0.000024569383,EH/s,daily,OBM v0.1.0
2013-02-13,obm_est7d_hashrate_ehs_daily,0.000025109348,EH/s,daily,OBM v0.1.0
2013-02-14,obm_est7d_hashrate_ehs_daily,0.000025015448,EH/s,daily,OBM v0.1.0
2013-02-15,obm_est7d_hashrate_ehs_daily,0.000025792102,EH/s,daily,OBM v0.1.0
2013-02-16,obm_est7d_hashrate_ehs_daily,0.000026819112,EH/s,daily,OBM v0.1.0
2013-02-17,obm_est7d_hashrate_ehs_daily,0.000027419346,EH/s,daily,OBM v0.1.0
2013-02-18,obm_est7d_hashrate_ehs_daily,0.000027838068,EH/s,daily,OBM v0.1.0
2013-02-19,obm_est7d_hashrate_ehs_daily,0.000028727758,EH/s,daily,OBM v0.1.0
2013-02-20,obm_est7d_hashrate_ehs_daily,0.000029769114,EH/s,daily,OBM v0.1.0
2013-02-21,obm_est7d_hashrate_ehs_daily,0.000030827011,EH/s,daily,OBM v0.1.0
2013-02-22,obm_est7d_hashrate_ehs_daily,0.000031070051,EH/s,daily,OBM v0.1.0
2013-02-23,obm_est7d_hashrate_ehs_daily,0.000030935909,EH/s,daily,OBM v0.1.0
2013-02-24,obm_est7d_hashrate_ehs_daily,0.000030579655,EH/s,daily,OBM v0.1.0
2013-02-25,obm_est7d_hashrate_ehs_daily,0.000031795272,EH/s,daily,OBM v0.1.0
2013-02-26,obm_est7d_hashrate_ehs_daily,0.000031875433,EH/s,daily,OBM v0.1.0
2013-02-27,obm_est7d_hashrate_ehs_daily,0.000031917244,EH/s,daily,OBM v0.1.0
2013-02-28,obm_est7d_hashrate_ehs_daily,0.000031767566,EH/s,daily,OBM v0.1.0
2013-03-01,obm_est7d_hashrate_ehs_daily,0.000031484927,EH/s,daily,OBM v0.1.0
2013-03-02,obm_est7d_hashrate_ehs_daily,0.000031778238,EH/s,daily,OBM v0.1.0
2013-03-03,obm_est7d_hashrate_ehs_daily,0.000032616027,EH/s,daily,OBM v0.1.0
2013-03-04,obm_est7d_hashrate_ehs_daily,0.000032858931,EH/s,daily,OBM v0.1.0
2013-03-05,obm_est7d_hashrate_ehs_daily,0.000032877924,EH/s,daily,OBM v0.1.0
2013-03-06,obm_est7d_hashrate_ehs_daily,0.000032706071,EH/s,daily,OBM v0.1.0
2013-03-07,obm_est7d_hashrate_ehs_daily,0.000033316958,EH/s,daily,OBM v0.1.0
2013-03-08,obm_est7d_hashrate_ehs_daily,0.000034193736,EH/s,daily,OBM v0.1.0
2013-03-09,obm_est7d_hashrate_ehs_daily,0.000034849370,EH/s,daily,OBM v0.1.0
2013-03-10,obm_est7d_hashrate_ehs_daily,0.000035562320,EH/s,daily,OBM v0.1.0
2013-03-11,obm_est7d_hashrate_ehs_daily,0.000035121732,EH/s,daily,OBM v0.1.0
2013-03-12,obm_est7d_hashrate_ehs_daily,0.000034961726,EH/s,daily,OBM v0.1.0
2013-03-13,obm_est7d_hashrate_ehs_daily,0.000035005227,EH/s,daily,OBM v0.1.0
2013-03-14,obm_est7d_hashrate_ehs_daily,0.000036032467,EH/s,daily,OBM v0.1.0
2013-03-15,obm_est7d_hashrate_ehs_daily,0.000036997089,EH/s,daily,OBM v0.1.0
2013-03-16,obm_est7d_hashrate_ehs_daily,0.000037731419,EH/s,daily,OBM v0.1.0
2013-03-17,obm_est7d_hashrate_ehs_daily,0.000039245069,EH/s,daily,OBM v0.1.0
2013-03-18,obm_est7d_hashrate_ehs_daily,0.000040688009,EH/s,daily,OBM v0.1.0
2013-03-19,obm_est7d_hashrate_ehs_daily,0.000042397950,EH/s,daily,OBM v0.1.0
2013-03-20,obm_est7d_hashrate_ehs_daily,0.000044772465,EH/s,daily,OBM v0.1.0
2013-03-21,obm_est7d_hashrate_ehs_daily,0.000046427529,EH/s,daily,OBM v0.1.0
2013-03-22,obm_est7d_hashrate_ehs_daily,0.000048344515,EH/s,daily,OBM v0.1.0
2013-03-23,obm_est7d_hashrate_ehs_daily,0.000049739812,EH/s,daily,OBM v0.1.0
2013-03-24,obm_est7d_hashrate_ehs_daily,0.000050079502,EH/s,daily,OBM v0.1.0
2013-03-25,obm_est7d_hashrate_ehs_daily,0.000050347918,EH/s,daily,OBM v0.1.0
2013-03-26,obm_est7d_hashrate_ehs_daily,0.000051716401,EH/s,daily,OBM v0.1.0
2013-03-27,obm_est7d_hashrate_ehs_daily,0.000050764081,EH/s,daily,OBM v0.1.0
2013-03-28,obm_est7d_hashrate_ehs_daily,0.000051860094,EH/s,daily,OBM v0.1.0
2013-03-29,obm_est7d_hashrate_ehs_daily,0.000052238564,EH/s,daily,OBM v0.1.0
2013-03-30,obm_est7d_hashrate_ehs_daily,0.000053061832,EH/s,daily,OBM v0.1.0
2013-03-31,obm_est7d_hashrate_ehs_daily,0.000053540706,EH/s,daily,OBM v0.1.0
2013-04-01,obm_est7d_hashrate_ehs_daily,0.000056256637,EH/s,daily,OBM v0.1.0
2013-04-02,obm_est7d_hashrate_ehs_daily,0.000057586347,EH/s,daily,OBM v0.1.0
2013-04-03,obm_est7d_hashrate_ehs_daily,0.000059583541,EH/s,daily,OBM v0.1.0
2013-04-04,obm_est7d_hashrate_ehs_daily,0.000058240240,EH/s,daily,OBM v0.1.0
2013-04-05,obm_est7d_hashrate_ehs_daily,0.000057838570,EH/s,daily,OBM v0.1.0
2013-04-06,obm_est7d_hashrate_ehs_daily,0.000058538454,EH/s,daily,OBM v0.1.0
2013-04-07,obm_est7d_hashrate_ehs_daily,0.000059455094,EH/s,daily,OBM v0.1.0
2013-04-08,obm_est7d_hashrate_ehs_daily,0.000058499527,EH/s,daily,OBM v0.1.0
2013-04-09,obm_est7d_hashrate_ehs_daily,0.000059438529,EH/s,daily,OBM v0.1.0
2013-04-10,obm_est7d_hashrate_ehs_daily,0.000061718361,EH/s,daily,OBM v0.1.0
2013-04-11,obm_est7d_hashrate_ehs_daily,0.000062897475,EH/s,daily,OBM v0.1.0
2013-04-12,obm_est7d_hashrate_ehs_daily,0.000064484276,EH/s,daily,OBM v0.1.0
2013-04-13,obm_est7d_hashrate_ehs_daily,0.000064791735,EH/s,daily,OBM v0.1.0
2013-04-14,obm_est7d_hashrate_ehs_daily,0.000064169525,EH/s,daily,OBM v0.1.0
2013-04-15,obm_est7d_hashrate_ehs_daily,0.000064585367,EH/s,daily,OBM v0.1.0
2013-04-16,obm_est7d_hashrate_ehs_daily,0.000064738178,EH/s,daily,OBM v0.1.0
2013-04-17,obm_est7d_hashrate_ehs_daily,0.000064027655,EH/s,daily,OBM v0.1.0
2013-04-18,obm_est7d_hashrate_ehs_daily,0.000064868619,EH/s,daily,OBM v0.1.0
2013-04-19,obm_est7d_hashrate_ehs_daily,0.000063958977,EH/s,daily,OBM v0.1.0
2013-04-20,obm_est7d_hashrate_ehs_daily,0.000064613032,EH/s,daily,OBM v0.1.0
2013-04-21,obm_est7d_hashrate_ehs_daily,0.000067763833,EH/s,daily,OBM v0.1.0
2013-04-22,obm_est7d_hashrate_ehs_daily,0.000068504723,EH/s,daily,OBM v0.1.0
2013-04-23,obm_est7d_hashrate_ehs_daily,0.000069562243,EH/s,daily,OBM v0.1.0
2013-04-24,obm_est7d_hashrate_ehs_daily,0.000069942958,EH/s,daily,OBM v0.1.0
2013-04-25,obm_est7d_hashrate_ehs_daily,0.000071578477,EH/s,daily,OBM v0.1.0
2013-04-26,obm_est7d_hashrate_ehs_daily,0.000073776583,EH/s,daily,OBM v0.1.0
2013-04-27,obm_est7d_hashrate_ehs_daily,0.000073431850,EH/s,daily,OBM v0.1.0
2013-04-28,obm_est7d_hashrate_ehs_daily,0.000073460802,EH/s,daily,OBM v0.1.0
2013-04-29,obm_est7d_hashrate_ehs_daily,0.000074874231,EH/s,daily,OBM v0.1.0
2013-04-30,obm_est7d_hashrate_ehs_daily,0.000074406822,EH/s,daily,OBM v0.1.0
2013-05-01,obm_est7d_hashrate_ehs_daily,0.000074879056,EH/s,daily,OBM v0.1.0
2013-05-02,obm_est7d_hashrate_ehs_daily,0.000073558834,EH/s,daily,OBM v0.1.0
2013-05-03,obm_est7d_hashrate_ehs_daily,0.000072550412,EH/s,daily,OBM v0.1.0
2013-05-04,obm_est7d_hashrate_ehs_daily,0.000074634622,EH/s,daily,OBM v0.1.0
2013-05-05,obm_est7d_hashrate_ehs_daily,0.000074997840,EH/s,daily,OBM v0.1.0
2013-05-06,obm_est7d_hashrate_ehs_daily,0.000075766433,EH/s,daily,OBM v0.1.0
2013-05-07,obm_est7d_hashrate_ehs_daily,0.000077474152,EH/s,daily,OBM v0.1.0
2013-05-08,obm_est7d_hashrate_ehs_daily,0.000078436582,EH/s,daily,OBM v0.1.0
2013-05-09,obm_est7d_hashrate_ehs_daily,0.000080511333,EH/s,daily,OBM v0.1.0
2013-05-10,obm_est7d_hashrate_ehs_daily,0.000082993495,EH/s,daily,OBM v0.1.0
2013-05-11,obm_est7d_hashrate_ehs_daily,0.000084711961,EH/s,daily,OBM v0.1.0
2013-05-12,obm_est7d_hashrate_ehs_daily,0.000085193652,EH/s,daily,OBM v0.1.0
2013-05-13,obm_est7d_hashrate_ehs_daily,0.000087057244,EH/s,daily,OBM v0.1.0
2013-05-14,obm_est7d_hashrate_ehs_daily,0.000087236350,EH/s,daily,OBM v0.1.0
2013-05-15,obm_est7d_hashrate_ehs_daily,0.000086637752,EH/s,daily,OBM v0.1.0
2013-05-16,obm_est7d_hashrate_ehs_daily,0.000086826065,EH/s,daily,OBM v0.1.0
2013-05-17,obm_est7d_hashrate_ehs_daily,0.000087265657,EH/s,daily,OBM v0.1.0
2013-05-18,obm_est7d_hashrate_ehs_daily,0.000086136502,EH/s,daily,OBM v0.1.0
2013-05-19,obm_est7d_hashrate_ehs_daily,0.000086057029,EH/s,daily,OBM v0.1.0
2013-05-20,obm_est7d_hashrate_ehs_daily,0.000082566730,EH/s,daily,OBM v0.1.0
2013-05-21,obm_est7d_hashrate_ehs_daily,0.000082350319,EH/s,daily,OBM v0.1.0
2013-05-22,obm_est7d_hashrate_ehs_daily,0.000083515866,EH/s,daily,OBM v0.1.0
2013-05-23,obm_est7d_hashrate_ehs_daily,0.000085492172,EH/s,daily,OBM v0.1.0
2013-05-24,obm_est7d_hashrate_ehs_daily,0.000086261743,EH/s,daily,OBM v0.1.0
2013-05-25,obm_est7d_hashrate_ehs_daily,0.000088113921,EH/s,daily,OBM v0.1.0
2013-05-26,obm_est7d_hashrate_ehs_daily,0.000089471850,EH/s,daily,OBM v0.1.0
2013-05-27,obm_est7d_hashrate_ehs_daily,0.000094458188,EH/s,daily,OBM v0.1.0
2013-05-28,obm_est7d_hashrate_ehs_daily,0.000096040575,EH/s,daily,OBM v0.1.0
2013-05-29,obm_est7d_hashrate_ehs_daily,0.000098130598,EH/s,daily,OBM v0.1.0
2013-05-30,obm_est7d_hashrate_ehs_daily,0.000099864351,EH/s,daily,OBM v0.1.0
2013-05-31,obm_est7d_hashrate_ehs_daily,0.000101420562,EH/s,daily,OBM v0.1.0
2013-06-01,obm_est7d_hashrate_ehs_daily,0.000106407351,EH/s,daily,OBM v0.1.0
2013-06-02,obm_est7d_hashrate_ehs_daily,0.000109455079,EH/s,daily,OBM v0.1.0
2013-06-03,obm_est7d_hashrate_ehs_daily,0.000112813317,EH/s,daily,OBM v0.1.0
2013-06-04,obm_est7d_hashrate_ehs_daily,0.000117453137,EH/s,daily,OBM v0.1.0
2013-06-05,obm_est7d_hashrate_ehs_daily,0.000120692131,EH/s,daily,OBM v0.1.0
2013-06-06,obm_est7d_hashrate_ehs_daily,0.000125191818,EH/s,daily,OBM v0.1.0
2013-06-07,obm_est7d_hashrate_ehs_daily,0.000127968070,EH/s,daily,OBM v0.1.0
2013-06-08,obm_est7d_hashrate_ehs_daily,0.000129538294,EH/s,daily,OBM v0.1.0
2013-06-09,obm_est7d_hashrate_ehs_daily,0.000130305718,EH/s,daily,OBM v0.1.0
2013-06-10,obm_est7d_hashrate_ehs_daily,0.000130878807,EH/s,daily,OBM v0.1.0
2013-06-11,obm_est7d_hashrate_ehs_daily,0.000132441308,EH/s,daily,OBM v0.1.0
2013-06-12,obm_est7d_hashrate_ehs_daily,0.000137414754,EH/s,daily,OBM v0.1.0
2013-06-13,obm_est7d_hashrate_ehs_daily,0.000138197741,EH/s,daily,OBM v0.1.0
2013-06-14,obm_est7d_hashrate_ehs_daily,0.000140037843,EH/s,daily,OBM v0.1.0
2013-06-15,obm_est7d_hashrate_ehs_daily,0.000139478697,EH/s,daily,OBM v0.1.0
2013-06-16,obm_est7d_hashrate_ehs_daily,0.000142497324,EH/s,daily,OBM v0.1.0
2013-06-17,obm_est7d_hashrate_ehs_daily,0.000143233362,EH/s,daily,OBM v0.1.0
2013-06-18,obm_est7d_hashrate_ehs_daily,0.000142398092,EH/s,daily,OBM v0.1.0
2013-06-19,obm_est7d_hashrate_ehs_daily,0.000138615905,EH/s,daily,OBM v0.1.0
2013-06-20,obm_est7d_hashrate_ehs_daily,0.000139130167,EH/s,daily,OBM v0.1.0
2013-06-21,obm_est7d_hashrate_ehs_daily,0.000142541779,EH/s,daily,OBM v0.1.0
2013-06-22,obm_est7d_hashrate_ehs_daily,0.000147392421,EH/s,daily,OBM v0.1.0
2013-06-23,obm_est7d_hashrate_ehs_daily,0.000149132333,EH/s,daily,OBM v0.1.0
2013-06-24,obm_est7d_hashrate_ehs_daily,0.000149819221,EH/s,daily,OBM v0.1.0
2013-06-25,obm_est7d_hashrate_ehs_daily,0.000151982290,EH/s,daily,OBM v0.1.0
2013-06-26,obm_est7d_hashrate_ehs_daily,0.000157345453,EH/s,daily,OBM v0.1.0
2013-06-27,obm_est7d_hashrate_ehs_daily,0.000159041033,EH/s,daily,OBM v0.1.0
2013-06-28,obm_est7d_hashrate_ehs_daily,0.000159159528,EH/s,daily,OBM v0.1.0
2013-06-29,obm_est7d_hashrate_ehs_daily,0.000159230979,EH/s,daily,OBM v0.1.0
2013-06-30,obm_est7d_hashrate_ehs_daily,0.000159732376,EH/s,daily,OBM v0.1.0
2013-07-01,obm_est7d_hashrate_ehs_daily,0.000162809469,EH/s,daily,OBM v0.1.0
2013-07-02,obm_est7d_hashrate_ehs_daily,0.000164727656,EH/s,daily,OBM v0.1.0
2013-07-03,obm_est7d_hashrate_ehs_daily,0.000168404777,EH/s,daily,OBM v0.1.0
2013-07-04,obm_est7d_hashrate_ehs_daily,0.000170671232,EH/s,daily,OBM v0.1.0
2013-07-05,obm_est7d_hashrate_ehs_daily,0.000175572693,EH/s,daily,OBM v0.1.0
2013-07-06,obm_est7d_hashrate_ehs_daily,0.000179623557,EH/s,daily,OBM v0.1.0
2013-07-07,obm_est7d_hashrate_ehs_daily,0.000184852316,EH/s,daily,OBM v0.1.0
2013-07-08,obm_est7d_hashrate_ehs_daily,0.000189920073,EH/s,daily,OBM v0.1.0
2013-07-09,obm_est7d_hashrate_ehs_daily,0.000194727548,EH/s,daily,OBM v0.1.0
2013-07-10,obm_est7d_hashrate_ehs_daily,0.000196633157,EH/s,daily,OBM v0.1.0
2013-07-11,obm_est7d_hashrate_ehs_daily,0.000204053166,EH/s,daily,OBM v0.1.0
2013-07-12,obm_est7d_hashrate_ehs_daily,0.000205271255,EH/s,daily,OBM v0.1.0
2013-07-13,obm_est7d_hashrate_ehs_daily,0.000205120773,EH/s,daily,OBM v0.1.0
2013-07-14,obm_est7d_hashrate_ehs_daily,0.000209027493,EH/s,daily,OBM v0.1.0
2013-07-15,obm_est7d_hashrate_ehs_daily,0.000210204151,EH/s,daily,OBM v0.1.0
2013-07-16,obm_est7d_hashrate_ehs_daily,0.000212588928,EH/s,daily,OBM v0.1.0
2013-07-17,obm_est7d_hashrate_ehs_daily,0.000217548207,EH/s,daily,OBM v0.1.0
2013-07-18,obm_est7d_hashrate_ehs_daily,0.000215277473,EH/s,daily,OBM v0.1.0
2013-07-19,obm_est7d_hashrate_ehs_daily,0.000218368405,EH/s,daily,OBM v0.1.0
2013-07-20,obm_est7d_hashrate_ehs_daily,0.000223786763,EH/s,daily,OBM v0.1.0
2013-07-21,obm_est7d_hashrate_ehs_daily,0.000228453241,EH/s,daily,OBM v0.1.0
2013-07-22,obm_est7d_hashrate_ehs_daily,0.000230023758,EH/s,daily,OBM v0.1.0
2013-07-23,obm_est7d_hashrate_ehs_daily,0.000230846576,EH/s,daily,OBM v0.1.0
2013-07-24,obm_est7d_hashrate_ehs_daily,0.000232091059,EH/s,daily,OBM v0.1.0
2013-07-25,obm_est7d_hashrate_ehs_daily,0.000234309814,EH/s,daily,OBM v0.1.0
2013-07-26,obm_est7d_hashrate_ehs_daily,0.000239211942,EH/s,daily,OBM v0.1.0
2013-07-27,obm_est7d_hashrate_ehs_daily,0.000244611903,EH/s,daily,OBM v0.1.0
2013-07-28,obm_est7d_hashrate_ehs_daily,0.000245231545,EH/s,daily,OBM v0.1.0
2013-07-29,obm_est7d_hashrate_ehs_daily,0.000252436553,EH/s,daily,OBM v0.1.0
2013-07-30,obm_est7d_hashrate_ehs_daily,0.000265409556,EH/s,daily,OBM v0.1.0
2013-07-31,obm_est7d_hashrate_ehs_daily,0.000272347271,EH/s,daily,OBM v0.1.0
2013-08-01,obm_est7d_hashrate_ehs_daily,0.000278653789,EH/s,daily,OBM v0.1.0
2013-08-02,obm_est7d_hashrate_ehs_daily,0.000285812406,EH/s,daily,OBM v0.1.0
2013-08-03,obm_est7d_hashrate_ehs_daily,0.000286279837,EH/s,daily,OBM v0.1.0
2013-08-04,obm_est7d_hashrate_ehs_daily,0.000296976832,EH/s,daily,OBM v0.1.0
2013-08-05,obm_est7d_hashrate_ehs_daily,0.000307072748,EH/s,daily,OBM v0.1.0
2013-08-06,obm_est7d_hashrate_ehs_daily,0.000314321553,EH/s,daily,OBM v0.1.0
2013-08-07,obm_est7d_hashrate_ehs_daily,0.000321206832,EH/s,daily,OBM v0.1.0
2013-08-08,obm_est7d_hashrate_ehs_daily,0.000336108298,EH/s,daily,OBM v0.1.0
2013-08-09,obm_est7d_hashrate_ehs_daily,0.000346061120,EH/s,daily,OBM v0.1.0
2013-08-10,obm_est7d_hashrate_ehs_daily,0.000359911878,EH/s,daily,OBM v0.1.0
2013-08-11,obm_est7d_hashrate_ehs_daily,0.000369979686,EH/s,daily,OBM v0.1.0
2013-08-12,obm_est7d_hashrate_ehs_daily,0.000377840131,EH/s,daily,OBM v0.1.0
2013-08-13,obm_est7d_hashrate_ehs_daily,0.000378528493,EH/s,daily,OBM v0.1.0
2013-08-14,obm_est7d_hashrate_ehs_daily,0.000389424504,EH/s,daily,OBM v0.1.0
2013-08-15,obm_est7d_hashrate_ehs_daily,0.000396326226,EH/s,daily,OBM v0.1.0
2013-08-16,obm_est7d_hashrate_ehs_daily,0.000405306700,EH/s,daily,OBM v0.1.0
2013-08-17,obm_est7d_hashrate_ehs_daily,0.000418988599,EH/s,daily,OBM v0.1.0
2013-08-18,obm_est7d_hashrate_ehs_daily,0.000430440225,EH/s,daily,OBM v0.1.0
2013-08-19,obm_est7d_hashrate_ehs_daily,0.000437383013,EH/s,daily,OBM v0.1.0
2013-08-20,obm_est7d_hashrate_ehs_daily,0.000454723105,EH/s,daily,OBM v0.1.0
2013-08-21,obm_est7d_hashrate_ehs_daily,0.000465258627,EH/s,daily,OBM v0.1.0
2013-08-22,obm_est7d_hashrate_ehs_daily,0.000480902888,EH/s,daily,OBM v0.1.0
2013-08-23,obm_est7d_hashrate_ehs_daily,0.000490792843,EH/s,daily,OBM v0.1.0
2013-08-24,obm_est7d_hashrate_ehs_daily,0.000495051451,EH/s,daily,OBM v0.1.0
2013-08-25,obm_est7d_hashrate_ehs_daily,0.000496394063,EH/s,daily,OBM v0.1.0
2013-08-26,obm_est7d_hashrate_ehs_daily,0.000509657837,EH/s,daily,OBM v0.1.0
2013-08-27,obm_est7d_hashrate_ehs_daily,0.000519731754,EH/s,daily,OBM v0.1.0
2013-08-28,obm_est7d_hashrate_ehs_daily,0.000532085871,EH/s,daily,OBM v0.1.0
2013-08-29,obm_est7d_hashrate_ehs_daily,0.000542870470,EH/s,daily,OBM v0.1.0
2013-08-30,obm_est7d_hashrate_ehs_daily,0.000567995030,EH/s,daily,OBM v0.1.0
2013-08-31,obm_est7d_hashrate_ehs_daily,0.000599024287,EH/s,daily,OBM v0.1.0
2013-09-01,obm_est7d_hashrate_ehs_daily,0.000631035798,EH/s,daily,OBM v0.1.0
2013-09-02,obm_est7d_hashrate_ehs_daily,0.000655544117,EH/s,daily,OBM v0.1.0
2013-09-03,obm_est7d_hashrate_ehs_daily,0.000666048681,EH/s,daily,OBM v0.1.0
2013-09-04,obm_est7d_hashrate_ehs_daily,0.000678203919,EH/s,daily,OBM v0.1.0
2013-09-05,obm_est7d_hashrate_ehs_daily,0.000700724035,EH/s,daily,OBM v0.1.0
2013-09-06,obm_est7d_hashrate_ehs_daily,0.000718088954,EH/s,daily,OBM v0.1.0
2013-09-07,obm_est7d_hashrate_ehs_daily,0.000703974866,EH/s,daily,OBM v0.1.0
2013-09-08,obm_est7d_hashrate_ehs_daily,0.000698173532,EH/s,daily,OBM v0.1.0
2013-09-09,obm_est7d_hashrate_ehs_daily,0.000722875273,EH/s,daily,OBM v0.1.0
2013-09-10,obm_est7d_hashrate_ehs_daily,0.000749967750,EH/s,daily,OBM v0.1.0
2013-09-11,obm_est7d_hashrate_ehs_daily,0.000778386003,EH/s,daily,OBM v0.1.0
2013-09-12,obm_est7d_hashrate_ehs_daily,0.000800505279,EH/s,daily,OBM v0.1.0
2013-09-13,obm_est7d_hashrate_ehs_daily,0.000813360228,EH/s,daily,OBM v0.1.0
2013-09-14,obm_est7d_hashrate_ehs_daily,0.000857995200,EH/s,daily,OBM v0.1.0
2013-09-15,obm_est7d_hashrate_ehs_daily,0.000904427630,EH/s,daily,OBM v0.1.0
2013-09-16,obm_est7d_hashrate_ehs_daily,0.000903970351,EH/s,daily,OBM v0.1.0
2013-09-17,obm_est7d_hashrate_ehs_daily,0.000927924316,EH/s,daily,OBM v0.1.0
2013-09-18,obm_est7d_hashrate_ehs_daily,0.000936107403,EH/s,daily,OBM v0.1.0
2013-09-19,obm_est7d_hashrate_ehs_daily,0.000958113035,EH/s,daily,OBM v0.1.0
2013-09-20,obm_est7d_hashrate_ehs_daily,0.000991265103,EH/s,daily,OBM v0.1.0
2013-09-21,obm_est7d_hashrate_ehs_daily,0.001007154390,EH/s,daily,OBM v0.1.0
2013-09-22,obm_est7d_hashrate_ehs_daily,0.001025415874,EH/s,daily,OBM v0.1.0
2013-09-23,obm_est7d_hashrate_ehs_daily,0.001069631259,EH/s,daily,OBM v0.1.0
2013-09-24,obm_est7d_hashrate_ehs_daily,0.001096903244,EH/s,daily,OBM v0.1.0
2013-09-25,obm_est7d_hashrate_ehs_daily,0.001151958424,EH/s,daily,OBM v0.1.0
2013-09-26,obm_est7d_hashrate_ehs_daily,0.001171242052,EH/s,daily,OBM v0.1.0
2013-09-27,obm_est7d_hashrate_ehs_daily,0.001195685096,EH/s,daily,OBM v0.1.0
2013-09-28,obm_est7d_hashrate_ehs_daily,0.001233732865,EH/s,daily,OBM v0.1.0
2013-09-29,obm_est7d_hashrate_ehs_daily,0.001248186586,EH/s,daily,OBM v0.1.0
2013-09-30,obm_est7d_hashrate_ehs_daily,0.001252669024,EH/s,daily,OBM v0.1.0
2013-10-01,obm_est7d_hashrate_ehs_daily,0.001280187144,EH/s,daily,OBM v0.1.0
2013-10-02,obm_est7d_hashrate_ehs_daily,0.001298660441,EH/s,daily,OBM v0.1.0
2013-10-03,obm_est7d_hashrate_ehs_daily,0.001337426557,EH/s,daily,OBM v0.1.0
2013-10-04,obm_est7d_hashrate_ehs_daily,0.001342534542,EH/s,daily,OBM v0.1.0
2013-10-05,obm_est7d_hashrate_ehs_daily,0.001385293089,EH/s,daily,OBM v0.1.0
2013-10-06,obm_est7d_hashrate_ehs_daily,0.001420828805,EH/s,daily,OBM v0.1.0
2013-10-07,obm_est7d_hashrate_ehs_daily,0.001457939917,EH/s,daily,OBM v0.1.0
2013-10-08,obm_est7d_hashrate_ehs_daily,0.001477814747,EH/s,daily,OBM v0.1.0
2013-10-09,obm_est7d_hashrate_ehs_daily,0.001515205268,EH/s,daily,OBM v0.1.0
2013-10-10,obm_est7d_hashrate_ehs_daily,0.001564754410,EH/s,daily,OBM v0.1.0
2013-10-11,obm_est7d_hashrate_ehs_daily,0.001623712713,EH/s,daily,OBM v0.1.0
2013-10-12,obm_est7d_hashrate_ehs_daily,0.001678488829,EH/s,daily,OBM v0.1.0
2013-10-13,obm_est7d_hashrate_ehs_daily,0.001760407033,EH/s,daily,OBM v0.1.0
2013-10-14,obm_est7d_hashrate_ehs_daily,0.001893065303,EH/s,daily,OBM v0.1.0
2013-10-15,obm_est7d_hashrate_ehs_daily,0.002019225271,EH/s,daily,OBM v0.1.0
2013-10-16,obm_est7d_hashrate_ehs_daily,0.002105741844,EH/s,daily,OBM v0.1.0
2013-10-17,obm_est7d_hashrate_ehs_daily,0.002168051500,EH/s,daily,OBM v0.1.0
2013-10-18,obm_est7d_hashrate_ehs_daily,0.002284013610,EH/s,daily,OBM v0.1.0
2013-10-19,obm_est7d_hashrate_ehs_daily,0.002427950068,EH/s,daily,OBM v0.1.0
2013-10-20,obm_est7d_hashrate_ehs_daily,0.002502318452,EH/s,daily,OBM v0.1.0
2013-10-21,obm_est7d_hashrate_ehs_daily,0.002564265667,EH/s,daily,OBM v0.1.0
2013-10-22,obm_est7d_hashrate_ehs_daily,0.002684469396,EH/s,daily,OBM v0.1.0
2013-10-23,obm_est7d_hashrate_ehs_daily,0.002777257428,EH/s,daily,OBM v0.1.0
2013-10-24,obm_est7d_hashrate_ehs_daily,0.002870829800,EH/s,daily,OBM v0.1.0
2013-10-25,obm_est7d_hashrate_ehs_daily,0.002949908899,EH/s,daily,OBM v0.1.0
2013-10-26,obm_est7d_hashrate_ehs_daily,0.003004741856,EH/s,daily,OBM v0.1.0
2013-10-27,obm_est7d_hashrate_ehs_daily,0.003125685952,EH/s,daily,OBM v0.1.0
2013-10-28,obm_est7d_hashrate_ehs_daily,0.003211214926,EH/s,daily,OBM v0.1.0
2013-10-29,obm_est7d_hashrate_ehs_daily,0.003192893391,EH/s,daily,OBM v0.1.0
2013-10-30,obm_est7d_hashrate_ehs_daily,0.003320302711,EH/s,daily,OBM v0.1.0
2013-10-31,obm_est7d_hashrate_ehs_daily,0.003485691566,EH/s,daily,OBM v0.1.0
2013-11-01,obm_est7d_hashrate_ehs_daily,0.003615958173,EH/s,daily,OBM v0.1.0
2013-11-02,obm_est7d_hashrate_ehs_daily,0.003697775405,EH/s,daily,OBM v0.1.0
2013-11-03,obm_est7d_hashrate_ehs_daily,0.003731101773,EH/s,daily,OBM v0.1.0
2013-11-04,obm_est7d_hashrate_ehs_daily,0.003785631926,EH/s,daily,OBM v0.1.0
2013-11-05,obm_est7d_hashrate_ehs_daily,0.003866770146,EH/s,daily,OBM v0.1.0
2013-11-06,obm_est7d_hashrate_ehs_daily,0.003913043903,EH/s,daily,OBM v0.1.0
2013-11-07,obm_est7d_hashrate_ehs_daily,0.003839097115,EH/s,daily,OBM v0.1.0
2013-11-08,obm_est7d_hashrate_ehs_daily,0.003749038429,EH/s,daily,OBM v0.1.0
2013-11-09,obm_est7d_hashrate_ehs_daily,0.003727164547,EH/s,daily,OBM v0.1.0
2013-11-10,obm_est7d_hashrate_ehs_daily,0.003810922133,EH/s,daily,OBM v0.1.0
2013-11-11,obm_est7d_hashrate_ehs_daily,0.003950411308,EH/s,daily,OBM v0.1.0
2013-11-12,obm_est7d_hashrate_ehs_daily,0.004172576885,EH/s,daily,OBM v0.1.0
2013-11-13,obm_est7d_hashrate_ehs_daily,0.004188252794,EH/s,daily,OBM v0.1.0
2013-11-14,obm_est7d_hashrate_ehs_daily,0.004338228236,EH/s,daily,OBM v0.1.0
2013-11-15,obm_est7d_hashrate_ehs_daily,0.004449340801,EH/s,daily,OBM v0.1.0
2013-11-16,obm_est7d_hashrate_ehs_daily,0.004613077664,EH/s,daily,OBM v0.1.0
2013-11-17,obm_est7d_hashrate_ehs_daily,0.004720728462,EH/s,daily,OBM v0.1.0
2013-11-18,obm_est7d_hashrate_ehs_daily,0.004717316200,EH/s,daily,OBM v0.1.0
2013-11-19,obm_est7d_hashrate_ehs_daily,0.004675340269,EH/s,daily,OBM v0.1.0
2013-11-20,obm_est7d_hashrate_ehs_daily,0.004775258672,EH/s,daily,OBM v0.1.0
2013-11-21,obm_est7d_hashrate_ehs_daily,0.004756916409,EH/s,daily,OBM v0.1.0
2013-11-22,obm_est7d_hashrate_ehs_daily,0.004898562575,EH/s,daily,OBM v0.1.0
2013-11-23,obm_est7d_hashrate_ehs_daily,0.004935463036,EH/s,daily,OBM v0.1.0
2013-11-24,obm_est7d_hashrate_ehs_daily,0.004940665190,EH/s,daily,OBM v0.1.0
2013-11-25,obm_est7d_hashrate_ehs_daily,0.005016990953,EH/s,daily,OBM v0.1.0
2013-11-26,obm_est7d_hashrate_ehs_daily,0.005013512066,EH/s,daily,OBM v0.1.0
2013-11-27,obm_est7d_hashrate_ehs_daily,0.005050017846,EH/s,daily,OBM v0.1.0
2013-11-28,obm_est7d_hashrate_ehs_daily,0.005185838697,EH/s,daily,OBM v0.1.0
2013-11-29,obm_est7d_hashrate_ehs_daily,0.005220257159,EH/s,daily,OBM v0.1.0
2013-11-30,obm_est7d_hashrate_ehs_daily,0.005364178603,EH/s,daily,OBM v0.1.0
2013-12-01,obm_est7d_hashrate_ehs_daily,0.005614723215,EH/s,daily,OBM v0.1.0
2013-12-02,obm_est7d_hashrate_ehs_daily,0.005666032814,EH/s,daily,OBM v0.1.0
2013-12-03,obm_est7d_hashrate_ehs_daily,0.005988687920,EH/s,daily,OBM v0.1.0
2013-12-04,obm_est7d_hashrate_ehs_daily,0.006102929805,EH/s,daily,OBM v0.1.0
2013-12-05,obm_est7d_hashrate_ehs_daily,0.006180727029,EH/s,daily,OBM v0.1.0
2013-12-06,obm_est7d_hashrate_ehs_daily,0.006437749110,EH/s,daily,OBM v0.1.0
2013-12-07,obm_est7d_hashrate_ehs_daily,0.006526907254,EH/s,daily,OBM v0.1.0
2013-12-08,obm_est7d_hashrate_ehs_daily,0.006525719234,EH/s,daily,OBM v0.1.0
2013-12-09,obm_est7d_hashrate_ehs_daily,0.006613550859,EH/s,daily,OBM v0.1.0
2013-12-10,obm_est7d_hashrate_ehs_daily,0.006678490585,EH/s,daily,OBM v0.1.0
2013-12-11,obm_est7d_hashrate_ehs_daily,0.006875884237,EH/s,daily,OBM v0.1.0
2013-12-12,obm_est7d_hashrate_ehs_daily,0.007085843063,EH/s,daily,OBM v0.1.0
2013-12-13,obm_est7d_hashrate_ehs_daily,0.007142745763,EH/s,daily,OBM v0.1.0
2013-12-14,obm_est7d_hashrate_ehs_daily,0.007439659584,EH/s,daily,OBM v0.1.0
2013-12-15,obm_est7d_hashrate_ehs_daily,0.007607819620,EH/s,daily,OBM v0.1.0
2013-12-16,obm_est7d_hashrate_ehs_daily,0.008021104449,EH/s,daily,OBM v0.1.0
2013-12-17,obm_est7d_hashrate_ehs_daily,0.008275632376,EH/s,daily,OBM v0.1.0
2013-12-18,obm_est7d_hashrate_ehs_daily,0.008495816858,EH/s,daily,OBM v0.1.0
2013-12-19,obm_est7d_hashrate_ehs_daily,0.008901263531,EH/s,daily,OBM v0.1.0
2013-12-20,obm_est7d_hashrate_ehs_daily,0.008918374798,EH/s,daily,OBM v0.1.0
2013-12-21,obm_est7d_hashrate_ehs_daily,0.008884424295,EH/s,daily,OBM v0.1.0
2013-12-22,obm_est7d_hashrate_ehs_daily,0.009138005535,EH/s,daily,OBM v0.1.0
2013-12-23,obm_est7d_hashrate_ehs_daily,0.009285382716,EH/s,daily,OBM v0.1.0
2013-12-24,obm_est7d_hashrate_ehs_daily,0.009406564874,EH/s,daily,OBM v0.1.0
2013-12-25,obm_est7d_hashrate_ehs_daily,0.009460182297,EH/s,daily,OBM v0.1.0
2013-12-26,obm_est7d_hashrate_ehs_daily,0.009525320147,EH/s,daily,OBM v0.1.0
2013-12-27,obm_est7d_hashrate_ehs_daily,0.009927245581,EH/s,daily,OBM v0.1.0
2013-12-28,obm_est7d_hashrate_ehs_daily,0.009970821551,EH/s,daily,OBM v0.1.0
2013-12-29,obm_est7d_hashrate_ehs_daily,0.009939224395,EH/s,daily,OBM v0.1.0
2013-12-30,obm_est7d_hashrate_ehs_daily,0.009947847236,EH/s,daily,OBM v0.1.0
2013-12-31,obm_est7d_hashrate_ehs_daily,0.010089748149,EH/s,daily,OBM v0.1.0
2014-01-01,obm_est7d_hashrate_ehs_daily,0.010434266528,EH/s,daily,OBM v0.1.0
2014-01-02,obm_est7d_hashrate_ehs_daily,0.010277505999,EH/s,daily,OBM v0.1.0
2014-01-03,obm_est7d_hashrate_ehs_daily,0.010378701300,EH/s,daily,OBM v0.1.0
2014-01-04,obm_est7d_hashrate_ehs_daily,0.010505091739,EH/s,daily,OBM v0.1.0
2014-01-05,obm_est7d_hashrate_ehs_daily,0.011066024167,EH/s,daily,OBM v0.1.0
2014-01-06,obm_est7d_hashrate_ehs_daily,0.011492899117,EH/s,daily,OBM v0.1.0
2014-01-07,obm_est7d_hashrate_ehs_daily,0.011734628790,EH/s,daily,OBM v0.1.0
2014-01-08,obm_est7d_hashrate_ehs_daily,0.011950975566,EH/s,daily,OBM v0.1.0
2014-01-09,obm_est7d_hashrate_ehs_daily,0.012680072222,EH/s,daily,OBM v0.1.0
2014-01-10,obm_est7d_hashrate_ehs_daily,0.012972337914,EH/s,daily,OBM v0.1.0
2014-01-11,obm_est7d_hashrate_ehs_daily,0.013667568313,EH/s,daily,OBM v0.1.0
2014-01-12,obm_est7d_hashrate_ehs_daily,0.013783782885,EH/s,daily,OBM v0.1.0
2014-01-13,obm_est7d_hashrate_ehs_daily,0.014037710786,EH/s,daily,OBM v0.1.0
2014-01-14,obm_est7d_hashrate_ehs_daily,0.014258121708,EH/s,daily,OBM v0.1.0
2014-01-15,obm_est7d_hashrate_ehs_daily,0.014652091748,EH/s,daily,OBM v0.1.0
2014-01-16,obm_est7d_hashrate_ehs_daily,0.014929301560,EH/s,daily,OBM v0.1.0
2014-01-17,obm_est7d_hashrate_ehs_daily,0.014965048452,EH/s,daily,OBM v0.1.0
2014-01-18,obm_est7d_hashrate_ehs_daily,0.015077957322,EH/s,daily,OBM v0.1.0
2014-01-19,obm_est7d_hashrate_ehs_daily,0.015161426284,EH/s,daily,OBM v0.1.0
2014-01-20,obm_est7d_hashrate_ehs_daily,0.015535050246,EH/s,daily,OBM v0.1.0
2014-01-21,obm_est7d_hashrate_ehs_daily,0.015586381742,EH/s,daily,OBM v0.1.0
2014-01-22,obm_est7d_hashrate_ehs_daily,0.015693729991,EH/s,daily,OBM v0.1.0
2014-01-23,obm_est7d_hashrate_ehs_daily,0.015589530208,EH/s,daily,OBM v0.1.0
2014-01-24,obm_est7d_hashrate_ehs_daily,0.016268680661,EH/s,daily,OBM v0.1.0
2014-01-25,obm_est7d_hashrate_ehs_daily,0.016626376795,EH/s,daily,OBM v0.1.0
2014-01-26,obm_est7d_hashrate_ehs_daily,0.016857826972,EH/s,daily,OBM v0.1.0
2014-01-27,obm_est7d_hashrate_ehs_daily,0.017079255268,EH/s,daily,OBM v0.1.0
2014-01-28,obm_est7d_hashrate_ehs_daily,0.017361081785,EH/s,daily,OBM v0.1.0
2014-01-29,obm_est7d_hashrate_ehs_daily,0.017295326332,EH/s,daily,OBM v0.1.0
2014-01-30,obm_est7d_hashrate_ehs_daily,0.017798325952,EH/s,daily,OBM v0.1.0
2014-01-31,obm_est7d_hashrate_ehs_daily,0.018026479769,EH/s,daily,OBM v0.1.0
2014-02-01,obm_est7d_hashrate_ehs_daily,0.018433540618,EH/s,daily,OBM v0.1.0
2014-02-02,obm_est7d_hashrate_ehs_daily,0.018950069519,EH/s,daily,OBM v0.1.0
2014-02-03,obm_est7d_hashrate_ehs_daily,0.019103041463,EH/s,daily,OBM v0.1.0
2014-02-04,obm_est7d_hashrate_ehs_daily,0.019339348409,EH/s,daily,OBM v0.1.0
2014-02-05,obm_est7d_hashrate_ehs_daily,0.019910138714,EH/s,daily,OBM v0.1.0
2014-02-06,obm_est7d_hashrate_ehs_daily,0.020571490361,EH/s,daily,OBM v0.1.0
2014-02-07,obm_est7d_hashrate_ehs_daily,0.020582904308,EH/s,daily,OBM v0.1.0
2014-02-08,obm_est7d_hashrate_ehs_daily,0.021030758161,EH/s,daily,OBM v0.1.0
2014-02-09,obm_est7d_hashrate_ehs_daily,0.020745045793,EH/s,daily,OBM v0.1.0
2014-02-10,obm_est7d_hashrate_ehs_daily,0.020782437492,EH/s,daily,OBM v0.1.0
2014-02-11,obm_est7d_hashrate_ehs_daily,0.021147445139,EH/s,daily,OBM v0.1.0
2014-02-12,obm_est7d_hashrate_ehs_daily,0.021519522324,EH/s,daily,OBM v0.1.0
2014-02-13,obm_est7d_hashrate_ehs_daily,0.021446202503,EH/s,daily,OBM v0.1.0
2014-02-14,obm_est7d_hashrate_ehs_daily,0.022169774875,EH/s,daily,OBM v0.1.0
2014-02-15,obm_est7d_hashrate_ehs_daily,0.022211759347,EH/s,daily,OBM v0.1.0
2014-02-16,obm_est7d_hashrate_ehs_daily,0.023286810076,EH/s,daily,OBM v0.1.0
2014-02-17,obm_est7d_hashrate_ehs_daily,0.023817284927,EH/s,daily,OBM v0.1.0
2014-02-18,obm_est7d_hashrate_ehs_daily,0.024415527962,EH/s,daily,OBM v0.1.0
2014-02-19,obm_est7d_hashrate_ehs_daily,0.025546874503,EH/s,daily,OBM v0.1.0
2014-02-20,obm_est7d_hashrate_ehs_daily,0.026152676401,EH/s,daily,OBM v0.1.0
2014-02-21,obm_est7d_hashrate_ehs_daily,0.026021290119,EH/s,daily,OBM v0.1.0
2014-02-22,obm_est7d_hashrate_ehs_daily,0.026459565767,EH/s,daily,OBM v0.1.0
2014-02-23,obm_est7d_hashrate_ehs_daily,0.026639888374,EH/s,daily,OBM v0.1.0
2014-02-24,obm_est7d_hashrate_ehs_daily,0.027408647405,EH/s,daily,OBM v0.1.0
2014-02-25,obm_est7d_hashrate_ehs_daily,0.027373684243,EH/s,daily,OBM v0.1.0
2014-02-26,obm_est7d_hashrate_ehs_daily,0.027071908183,EH/s,daily,OBM v0.1.0
2014-02-27,obm_est7d_hashrate_ehs_daily,0.027257124415,EH/s,daily,OBM v0.1.0
2014-02-28,obm_est7d_hashrate_ehs_daily,0.028294887724,EH/s,daily,OBM v0.1.0
2014-03-01,obm_est7d_hashrate_ehs_daily,0.028160668083,EH/s,daily,OBM v0.1.0
2014-03-02,obm_est7d_hashrate_ehs_daily,0.028287071099,EH/s,daily,OBM v0.1.0
2014-03-03,obm_est7d_hashrate_ehs_daily,0.028023388045,EH/s,daily,OBM v0.1.0
2014-03-04,obm_est7d_hashrate_ehs_daily,0.028456149904,EH/s,daily,OBM v0.1.0
2014-03-05,obm_est7d_hashrate_ehs_daily,0.028600736633,EH/s,daily,OBM v0.1.0
2014-03-06,obm_est7d_hashrate_ehs_daily,0.029172820389,EH/s,daily,OBM v0.1.0
2014-03-07,obm_est7d_hashrate_ehs_daily,0.029166320164,EH/s,daily,OBM v0.1.0
2014-03-08,obm_est7d_hashrate_ehs_daily,0.029829204349,EH/s,daily,OBM v0.1.0
2014-03-09,obm_est7d_hashrate_ehs_daily,0.030965846006,EH/s,daily,OBM v0.1.0
2014-03-10,obm_est7d_hashrate_ehs_daily,0.030940627326,EH/s,daily,OBM v0.1.0
2014-03-11,obm_est7d_hashrate_ehs_daily,0.031496729877,EH/s,daily,OBM v0.1.0
2014-03-12,obm_est7d_hashrate_ehs_daily,0.032176835277,EH/s,daily,OBM v0.1.0
2014-03-13,obm_est7d_hashrate_ehs_daily,0.032326995622,EH/s,daily,OBM v0.1.0
2014-03-14,obm_est7d_hashrate_ehs_daily,0.031803987803,EH/s,daily,OBM v0.1.0
2014-03-15,obm_est7d_hashrate_ehs_daily,0.032309583754,EH/s,daily,OBM v0.1.0
2014-03-16,obm_est7d_hashrate_ehs_daily,0.032620713353,EH/s,daily,OBM v0.1.0
2014-03-17,obm_est7d_hashrate_ehs_daily,0.033410824797,EH/s,daily,OBM v0.1.0
2014-03-18,obm_est7d_hashrate_ehs_daily,0.033304691171,EH/s,daily,OBM v0.1.0
2014-03-19,obm_est7d_hashrate_ehs_daily,0.033175857045,EH/s,daily,OBM v0.1.0
2014-03-20,obm_est7d_hashrate_ehs_daily,0.033656264379,EH/s,daily,OBM v0.1.0
2014-03-21,obm_est7d_hashrate_ehs_daily,0.035218163978,EH/s,daily,OBM v0.1.0
2014-03-22,obm_est7d_hashrate_ehs_daily,0.035431621647,EH/s,daily,OBM v0.1.0
2014-03-23,obm_est7d_hashrate_ehs_daily,0.036797105545,EH/s,daily,OBM v0.1.0
2014-03-24,obm_est7d_hashrate_ehs_daily,0.037499944690,EH/s,daily,OBM v0.1.0
2014-03-25,obm_est7d_hashrate_ehs_daily,0.038783719597,EH/s,daily,OBM v0.1.0
2014-03-26,obm_est7d_hashrate_ehs_daily,0.039567287487,EH/s,daily,OBM v0.1.0
2014-03-27,obm_est7d_hashrate_ehs_daily,0.040378986804,EH/s,daily,OBM v0.1.0
2014-03-28,obm_est7d_hashrate_ehs_daily,0.040974633222,EH/s,daily,OBM v0.1.0
2014-03-29,obm_est7d_hashrate_ehs_daily,0.041977072233,EH/s,daily,OBM v0.1.0
2014-03-30,obm_est7d_hashrate_ehs_daily,0.040501168807,EH/s,daily,OBM v0.1.0
2014-03-31,obm_est7d_hashrate_ehs_daily,0.041239303524,EH/s,daily,OBM v0.1.0
2014-04-01,obm_est7d_hashrate_ehs_daily,0.041713700657,EH/s,daily,OBM v0.1.0
2014-04-02,obm_est7d_hashrate_ehs_daily,0.043033571557,EH/s,daily,OBM v0.1.0
2014-04-03,obm_est7d_hashrate_ehs_daily,0.044152660534,EH/s,daily,OBM v0.1.0
2014-04-04,obm_est7d_hashrate_ehs_daily,0.044925447812,EH/s,daily,OBM v0.1.0
2014-04-05,obm_est7d_hashrate_ehs_daily,0.045427560272,EH/s,daily,OBM v0.1.0
2014-04-06,obm_est7d_hashrate_ehs_daily,0.047019400453,EH/s,daily,OBM v0.1.0
2014-04-07,obm_est7d_hashrate_ehs_daily,0.047170969772,EH/s,daily,OBM v0.1.0
2014-04-08,obm_est7d_hashrate_ehs_daily,0.046946576571,EH/s,daily,OBM v0.1.0
2014-04-09,obm_est7d_hashrate_ehs_daily,0.046929528928,EH/s,daily,OBM v0.1.0
2014-04-10,obm_est7d_hashrate_ehs_daily,0.046408128653,EH/s,daily,OBM v0.1.0
2014-04-11,obm_est7d_hashrate_ehs_daily,0.046834060181,EH/s,daily,OBM v0.1.0
2014-04-12,obm_est7d_hashrate_ehs_daily,0.047096574044,EH/s,daily,OBM v0.1.0
2014-04-13,obm_est7d_hashrate_ehs_daily,0.048748808759,EH/s,daily,OBM v0.1.0
2014-04-14,obm_est7d_hashrate_ehs_daily,0.050567659948,EH/s,daily,OBM v0.1.0
2014-04-15,obm_est7d_hashrate_ehs_daily,0.052610466193,EH/s,daily,OBM v0.1.0
2014-04-16,obm_est7d_hashrate_ehs_daily,0.052472326165,EH/s,daily,OBM v0.1.0
2014-04-17,obm_est7d_hashrate_ehs_daily,0.053347783718,EH/s,daily,OBM v0.1.0
2014-04-18,obm_est7d_hashrate_ehs_daily,0.053910721092,EH/s,daily,OBM v0.1.0
2014-04-19,obm_est7d_hashrate_ehs_daily,0.054780082400,EH/s,daily,OBM v0.1.0
2014-04-20,obm_est7d_hashrate_ehs_daily,0.055498047829,EH/s,daily,OBM v0.1.0
2014-04-21,obm_est7d_hashrate_ehs_daily,0.055814920596,EH/s,daily,OBM v0.1.0
2014-04-22,obm_est7d_hashrate_ehs_daily,0.055288474878,EH/s,daily,OBM v0.1.0
2014-04-23,obm_est7d_hashrate_ehs_daily,0.056755950286,EH/s,daily,OBM v0.1.0
2014-04-24,obm_est7d_hashrate_ehs_daily,0.056497483680,EH/s,daily,OBM v0.1.0
2014-04-25,obm_est7d_hashrate_ehs_daily,0.057549477044,EH/s,daily,OBM v0.1.0
2014-04-26,obm_est7d_hashrate_ehs_daily,0.057763125068,EH/s,daily,OBM v0.1.0
2014-04-27,obm_est7d_hashrate_ehs_daily,0.057709105413,EH/s,daily,OBM v0.1.0
2014-04-28,obm_est7d_hashrate_ehs_daily,0.056760012712,EH/s,daily,OBM v0.1.0
2014-04-29,obm_est7d_hashrate_ehs_daily,0.057708122520,EH/s,daily,OBM v0.1.0
2014-04-30,obm_est7d_hashrate_ehs_daily,0.057273693864,EH/s,daily,OBM v0.1.0
2014-05-01,obm_est7d_hashrate_ehs_daily,0.059791374843,EH/s,daily,OBM v0.1.0
2014-05-02,obm_est7d_hashrate_ehs_daily,0.059973298215,EH/s,daily,OBM v0.1.0
2014-05-03,obm_est7d_hashrate_ehs_daily,0.060046712332,EH/s,daily,OBM v0.1.0
2014-05-04,obm_est7d_hashrate_ehs_daily,0.059770516316,EH/s,daily,OBM v0.1.0
2014-05-05,obm_est7d_hashrate_ehs_daily,0.059491121238,EH/s,daily,OBM v0.1.0
2014-05-06,obm_est7d_hashrate_ehs_daily,0.061749604209,EH/s,daily,OBM v0.1.0
2014-05-07,obm_est7d_hashrate_ehs_daily,0.063054457319,EH/s,daily,OBM v0.1.0
2014-05-08,obm_est7d_hashrate_ehs_daily,0.062606875639,EH/s,daily,OBM v0.1.0
2014-05-09,obm_est7d_hashrate_ehs_daily,0.063063021138,EH/s,daily,OBM v0.1.0
2014-05-10,obm_est7d_hashrate_ehs_daily,0.065128572060,EH/s,daily,OBM v0.1.0
2014-05-11,obm_est7d_hashrate_ehs_daily,0.065542604344,EH/s,daily,OBM v0.1.0
2014-05-12,obm_est7d_hashrate_ehs_daily,0.067774561972,EH/s,daily,OBM v0.1.0
2014-05-13,obm_est7d_hashrate_ehs_daily,0.066982161962,EH/s,daily,OBM v0.1.0
2014-05-14,obm_est7d_hashrate_ehs_daily,0.067390197935,EH/s,daily,OBM v0.1.0
2014-05-15,obm_est7d_hashrate_ehs_daily,0.068581098601,EH/s,daily,OBM v0.1.0
2014-05-16,obm_est7d_hashrate_ehs_daily,0.070326538193,EH/s,daily,OBM v0.1.0
2014-05-17,obm_est7d_hashrate_ehs_daily,0.071132714108,EH/s,daily,OBM v0.1.0
2014-05-18,obm_est7d_hashrate_ehs_daily,0.073264594629,EH/s,daily,OBM v0.1.0
2014-05-19,obm_est7d_hashrate_ehs_daily,0.074229653886,EH/s,daily,OBM v0.1.0
2014-05-20,obm_est7d_hashrate_ehs_daily,0.075124695469,EH/s,daily,OBM v0.1.0
2014-05-21,obm_est7d_hashrate_ehs_daily,0.076728529559,EH/s,daily,OBM v0.1.0
2014-05-22,obm_est7d_hashrate_ehs_daily,0.076614623664,EH/s,daily,OBM v0.1.0
2014-05-23,obm_est7d_hashrate_ehs_daily,0.075639472935,EH/s,daily,OBM v0.1.0
2014-05-24,obm_est7d_hashrate_ehs_daily,0.075368144902,EH/s,daily,OBM v0.1.0
2014-05-25,obm_est7d_hashrate_ehs_daily,0.076533388400,EH/s,daily,OBM v0.1.0
2014-05-26,obm_est7d_hashrate_ehs_daily,0.077582011963,EH/s,daily,OBM v0.1.0
2014-05-27,obm_est7d_hashrate_ehs_daily,0.076509502576,EH/s,daily,OBM v0.1.0
2014-05-28,obm_est7d_hashrate_ehs_daily,0.078156018549,EH/s,daily,OBM v0.1.0
2014-05-29,obm_est7d_hashrate_ehs_daily,0.077723825485,EH/s,daily,OBM v0.1.0
2014-05-30,obm_est7d_hashrate_ehs_daily,0.080113971796,EH/s,daily,OBM v0.1.0
2014-05-31,obm_est7d_hashrate_ehs_daily,0.080371793370,EH/s,daily,OBM v0.1.0
2014-06-01,obm_est7d_hashrate_ehs_daily,0.081248447849,EH/s,daily,OBM v0.1.0
2014-06-02,obm_est7d_hashrate_ehs_daily,0.083805096934,EH/s,daily,OBM v0.1.0
2014-06-03,obm_est7d_hashrate_ehs_daily,0.086949666589,EH/s,daily,OBM v0.1.0
2014-06-04,obm_est7d_hashrate_ehs_daily,0.087850471761,EH/s,daily,OBM v0.1.0
2014-06-05,obm_est7d_hashrate_ehs_daily,0.088885585206,EH/s,daily,OBM v0.1.0
2014-06-06,obm_est7d_hashrate_ehs_daily,0.087973275196,EH/s,daily,OBM v0.1.0
2014-06-07,obm_est7d_hashrate_ehs_daily,0.090089232901,EH/s,daily,OBM v0.1.0
2014-06-08,obm_est7d_hashrate_ehs_daily,0.088408762241,EH/s,daily,OBM v0.1.0
2014-06-09,obm_est7d_hashrate_ehs_daily,0.087052288068,EH/s,daily,OBM v0.1.0
2014-06-10,obm_est7d_hashrate_ehs_daily,0.087841413066,EH/s,daily,OBM v0.1.0
2014-06-11,obm_est7d_hashrate_ehs_daily,0.086632806452,EH/s,daily,OBM v0.1.0
2014-06-12,obm_est7d_hashrate_ehs_daily,0.089629427762,EH/s,daily,OBM v0.1.0
2014-06-13,obm_est7d_hashrate_ehs_daily,0.091504471821,EH/s,daily,OBM v0.1.0
2014-06-14,obm_est7d_hashrate_ehs_daily,0.093569103571,EH/s,daily,OBM v0.1.0
2014-06-15,obm_est7d_hashrate_ehs_daily,0.098123020723,EH/s,daily,OBM v0.1.0
2014-06-16,obm_est7d_hashrate_ehs_daily,0.100716979590,EH/s,daily,OBM v0.1.0
2014-06-17,obm_est7d_hashrate_ehs_daily,0.102042366205,EH/s,daily,OBM v0.1.0
2014-06-18,obm_est7d_hashrate_ehs_daily,0.104649356683,EH/s,daily,OBM v0.1.0
2014-06-19,obm_est7d_hashrate_ehs_daily,0.106212363368,EH/s,daily,OBM v0.1.0
2014-06-20,obm_est7d_hashrate_ehs_daily,0.110482526661,EH/s,daily,OBM v0.1.0
2014-06-21,obm_est7d_hashrate_ehs_daily,0.113472013977,EH/s,daily,OBM v0.1.0
2014-06-22,obm_est7d_hashrate_ehs_daily,0.115093282622,EH/s,daily,OBM v0.1.0
2014-06-23,obm_est7d_hashrate_ehs_daily,0.115855705378,EH/s,daily,OBM v0.1.0
2014-06-24,obm_est7d_hashrate_ehs_daily,0.118422684351,EH/s,daily,OBM v0.1.0
2014-06-25,obm_est7d_hashrate_ehs_daily,0.121642835197,EH/s,daily,OBM v0.1.0
2014-06-26,obm_est7d_hashrate_ehs_daily,0.121970399735,EH/s,daily,OBM v0.1.0
2014-06-27,obm_est7d_hashrate_ehs_daily,0.122985846918,EH/s,daily,OBM v0.1.0
2014-06-28,obm_est7d_hashrate_ehs_daily,0.122597532496,EH/s,daily,OBM v0.1.0
2014-06-29,obm_est7d_hashrate_ehs_daily,0.123187750949,EH/s,daily,OBM v0.1.0
2014-06-30,obm_est7d_hashrate_ehs_daily,0.121820192406,EH/s,daily,OBM v0.1.0
2014-07-01,obm_est7d_hashrate_ehs_daily,0.119677520604,EH/s,daily,OBM v0.1.0
2014-07-02,obm_est7d_hashrate_ehs_daily,0.117956130315,EH/s,daily,OBM v0.1.0
2014-07-03,obm_est7d_hashrate_ehs_daily,0.118197806716,EH/s,daily,OBM v0.1.0
2014-07-04,obm_est7d_hashrate_ehs_daily,0.119290905913,EH/s,daily,OBM v0.1.0
2014-07-05,obm_est7d_hashrate_ehs_daily,0.120063676809,EH/s,daily,OBM v0.1.0
2014-07-06,obm_est7d_hashrate_ehs_daily,0.119709771215,EH/s,daily,OBM v0.1.0
2014-07-07,obm_est7d_hashrate_ehs_daily,0.122059016473,EH/s,daily,OBM v0.1.0
2014-07-08,obm_est7d_hashrate_ehs_daily,0.124004852232,EH/s,daily,OBM v0.1.0
2014-07-09,obm_est7d_hashrate_ehs_daily,0.127492508816,EH/s,daily,OBM v0.1.0
2014-07-10,obm_est7d_hashrate_ehs_daily,0.128517316088,EH/s,daily,OBM v0.1.0
2014-07-11,obm_est7d_hashrate_ehs_daily,0.127470116285,EH/s,daily,OBM v0.1.0
2014-07-12,obm_est7d_hashrate_ehs_daily,0.127926956921,EH/s,daily,OBM v0.1.0
2014-07-13,obm_est7d_hashrate_ehs_daily,0.130762610906,EH/s,daily,OBM v0.1.0
2014-07-14,obm_est7d_hashrate_ehs_daily,0.129475324886,EH/s,daily,OBM v0.1.0
2014-07-15,obm_est7d_hashrate_ehs_daily,0.131122782740,EH/s,daily,OBM v0.1.0
2014-07-16,obm_est7d_hashrate_ehs_daily,0.129336752502,EH/s,daily,OBM v0.1.0
2014-07-17,obm_est7d_hashrate_ehs_daily,0.132382433172,EH/s,daily,OBM v0.1.0
2014-07-18,obm_est7d_hashrate_ehs_daily,0.134817859032,EH/s,daily,OBM v0.1.0
2014-07-19,obm_est7d_hashrate_ehs_daily,0.137956512118,EH/s,daily,OBM v0.1.0
2014-07-20,obm_est7d_hashrate_ehs_daily,0.137221937555,EH/s,daily,OBM v0.1.0
2014-07-21,obm_est7d_hashrate_ehs_daily,0.140125509259,EH/s,daily,OBM v0.1.0
2014-07-22,obm_est7d_hashrate_ehs_daily,0.137715185562,EH/s,daily,OBM v0.1.0
2014-07-23,obm_est7d_hashrate_ehs_daily,0.137922942278,EH/s,daily,OBM v0.1.0
2014-07-24,obm_est7d_hashrate_ehs_daily,0.134248751151,EH/s,daily,OBM v0.1.0
2014-07-25,obm_est7d_hashrate_ehs_daily,0.133238261597,EH/s,daily,OBM v0.1.0
2014-07-26,obm_est7d_hashrate_ehs_daily,0.129815709553,EH/s,daily,OBM v0.1.0
2014-07-27,obm_est7d_hashrate_ehs_daily,0.130872531424,EH/s,daily,OBM v0.1.0
2014-07-28,obm_est7d_hashrate_ehs_daily,0.131425032813,EH/s,daily,OBM v0.1.0
2014-07-29,obm_est7d_hashrate_ehs_daily,0.134047984493,EH/s,daily,OBM v0.1.0
2014-07-30,obm_est7d_hashrate_ehs_daily,0.138810175414,EH/s,daily,OBM v0.1.0
2014-07-31,obm_est7d_hashrate_ehs_daily,0.141583919494,EH/s,daily,OBM v0.1.0
2014-08-01,obm_est7d_hashrate_ehs_daily,0.142495564200,EH/s,daily,OBM v0.1.0
2014-08-02,obm_est7d_hashrate_ehs_daily,0.146665370798,EH/s,daily,OBM v0.1.0
2014-08-03,obm_est7d_hashrate_ehs_daily,0.146612531985,EH/s,daily,OBM v0.1.0
2014-08-04,obm_est7d_hashrate_ehs_daily,0.143756019068,EH/s,daily,OBM v0.1.0
2014-08-05,obm_est7d_hashrate_ehs_daily,0.142327369908,EH/s,daily,OBM v0.1.0
2014-08-06,obm_est7d_hashrate_ehs_daily,0.140733362301,EH/s,daily,OBM v0.1.0
2014-08-07,obm_est7d_hashrate_ehs_daily,0.141598994931,EH/s,daily,OBM v0.1.0
2014-08-08,obm_est7d_hashrate_ehs_daily,0.142259565119,EH/s,daily,OBM v0.1.0
2014-08-09,obm_est7d_hashrate_ehs_daily,0.146301079445,EH/s,daily,OBM v0.1.0
2014-08-10,obm_est7d_hashrate_ehs_daily,0.150632010289,EH/s,daily,OBM v0.1.0
2014-08-11,obm_est7d_hashrate_ehs_daily,0.159107918226,EH/s,daily,OBM v0.1.0
2014-08-12,obm_est7d_hashrate_ehs_daily,0.165256010490,EH/s,daily,OBM v0.1.0
2014-08-13,obm_est7d_hashrate_ehs_daily,0.163809545298,EH/s,daily,OBM v0.1.0
2014-08-14,obm_est7d_hashrate_ehs_daily,0.168002733096,EH/s,daily,OBM v0.1.0
2014-08-15,obm_est7d_hashrate_ehs_daily,0.168945836166,EH/s,daily,OBM v0.1.0
2014-08-16,obm_est7d_hashrate_ehs_daily,0.165959873758,EH/s,daily,OBM v0.1.0
2014-08-17,obm_est7d_hashrate_ehs_daily,0.164832145240,EH/s,daily,OBM v0.1.0
2014-08-18,obm_est7d_hashrate_ehs_daily,0.166813795686,EH/s,daily,OBM v0.1.0
2014-08-19,obm_est7d_hashrate_ehs_daily,0.169524365738,EH/s,daily,OBM v0.1.0
2014-08-20,obm_est7d_hashrate_ehs_daily,0.177627368647,EH/s,daily,OBM v0.1.0
2014-08-21,obm_est7d_hashrate_ehs_daily,0.180549669621,EH/s,daily,OBM v0.1.0
2014-08-22,obm_est7d_hashrate_ehs_daily,0.183907673398,EH/s,daily,OBM v0.1.0
2014-08-23,obm_est7d_hashrate_ehs_daily,0.189236464972,EH/s,daily,OBM v0.1.0
2014-08-24,obm_est7d_hashrate_ehs_daily,0.190763211803,EH/s,daily,OBM v0.1.0
2014-08-25,obm_est7d_hashrate_ehs_daily,0.185613468931,EH/s,daily,OBM v0.1.0
2014-08-26,obm_est7d_hashrate_ehs_daily,0.188035891145,EH/s,daily,OBM v0.1.0
2014-08-27,obm_est7d_hashrate_ehs_daily,0.187934457497,EH/s,daily,OBM v0.1.0
2014-08-28,obm_est7d_hashrate_ehs_daily,0.189508415035,EH/s,daily,OBM v0.1.0
2014-08-29,obm_est7d_hashrate_ehs_daily,0.191600658518,EH/s,daily,OBM v0.1.0
2014-08-30,obm_est7d_hashrate_ehs_daily,0.194869541989,EH/s,daily,OBM v0.1.0
2014-08-31,obm_est7d_hashrate_ehs_daily,0.202384396691,EH/s,daily,OBM v0.1.0
2014-09-01,obm_est7d_hashrate_ehs_daily,0.205488206987,EH/s,daily,OBM v0.1.0
2014-09-02,obm_est7d_hashrate_ehs_daily,0.204717234651,EH/s,daily,OBM v0.1.0
2014-09-03,obm_est7d_hashrate_ehs_daily,0.209330999058,EH/s,daily,OBM v0.1.0
2014-09-04,obm_est7d_hashrate_ehs_daily,0.210556816088,EH/s,daily,OBM v0.1.0
2014-09-05,obm_est7d_hashrate_ehs_daily,0.210095107550,EH/s,daily,OBM v0.1.0
2014-09-06,obm_est7d_hashrate_ehs_daily,0.214563393788,EH/s,daily,OBM v0.1.0
2014-09-07,obm_est7d_hashrate_ehs_daily,0.212311976595,EH/s,daily,OBM v0.1.0
2014-09-08,obm_est7d_hashrate_ehs_daily,0.214199916713,EH/s,daily,OBM v0.1.0
2014-09-09,obm_est7d_hashrate_ehs_daily,0.213717728121,EH/s,daily,OBM v0.1.0
2014-09-10,obm_est7d_hashrate_ehs_daily,0.211325982703,EH/s,daily,OBM v0.1.0
2014-09-11,obm_est7d_hashrate_ehs_daily,0.213786025278,EH/s,daily,OBM v0.1.0
2014-09-12,obm_est7d_hashrate_ehs_daily,0.215728740828,EH/s,daily,OBM v0.1.0
2014-09-13,obm_est7d_hashrate_ehs_daily,0.216474322386,EH/s,daily,OBM v0.1.0
2014-09-14,obm_est7d_hashrate_ehs_daily,0.219590391349,EH/s,daily,OBM v0.1.0
2014-09-15,obm_est7d_hashrate_ehs_daily,0.224904231103,EH/s,daily,OBM v0.1.0
2014-09-16,obm_est7d_hashrate_ehs_daily,0.232972143389,EH/s,daily,OBM v0.1.0
2014-09-17,obm_est7d_hashrate_ehs_daily,0.242696100595,EH/s,daily,OBM v0.1.0
2014-09-18,obm_est7d_hashrate_ehs_daily,0.246410010225,EH/s,daily,OBM v0.1.0
2014-09-19,obm_est7d_hashrate_ehs_daily,0.253054970618,EH/s,daily,OBM v0.1.0
2014-09-20,obm_est7d_hashrate_ehs_daily,0.254535439916,EH/s,daily,OBM v0.1.0
2014-09-21,obm_est7d_hashrate_ehs_daily,0.255409667168,EH/s,daily,OBM v0.1.0
2014-09-22,obm_est7d_hashrate_ehs_daily,0.257797945379,EH/s,daily,OBM v0.1.0
2014-09-23,obm_est7d_hashrate_ehs_daily,0.253483651499,EH/s,daily,OBM v0.1.0
2014-09-24,obm_est7d_hashrate_ehs_daily,0.246769595240,EH/s,daily,OBM v0.1.0
2014-09-25,obm_est7d_hashrate_ehs_daily,0.246068190223,EH/s,daily,OBM v0.1.0
2014-09-26,obm_est7d_hashrate_ehs_daily,0.243020251850,EH/s,daily,OBM v0.1.0
2014-09-27,obm_est7d_hashrate_ehs_daily,0.238685809352,EH/s,daily,OBM v0.1.0
2014-09-28,obm_est7d_hashrate_ehs_daily,0.235722574714,EH/s,daily,OBM v0.1.0
2014-09-29,obm_est7d_hashrate_ehs_daily,0.234087362627,EH/s,daily,OBM v0.1.0
2014-09-30,obm_est7d_hashrate_ehs_daily,0.239922819249,EH/s,daily,OBM v0.1.0
2014-10-01,obm_est7d_hashrate_ehs_daily,0.244971962735,EH/s,daily,OBM v0.1.0
2014-10-02,obm_est7d_hashrate_ehs_daily,0.242208261371,EH/s,daily,OBM v0.1.0
2014-10-03,obm_est7d_hashrate_ehs_daily,0.245045474038,EH/s,daily,OBM v0.1.0
2014-10-04,obm_est7d_hashrate_ehs_daily,0.249961043099,EH/s,daily,OBM v0.1.0
2014-10-05,obm_est7d_hashrate_ehs_daily,0.259270277374,EH/s,daily,OBM v0.1.0
2014-10-06,obm_est7d_hashrate_ehs_daily,0.265404878303,EH/s,daily,OBM v0.1.0
2014-10-07,obm_est7d_hashrate_ehs_daily,0.260303459100,EH/s,daily,OBM v0.1.0
2014-10-08,obm_est7d_hashrate_ehs_daily,0.258429446244,EH/s,daily,OBM v0.1.0
2014-10-09,obm_est7d_hashrate_ehs_daily,0.260186512378,EH/s,daily,OBM v0.1.0
2014-10-10,obm_est7d_hashrate_ehs_daily,0.263422466877,EH/s,daily,OBM v0.1.0
2014-10-11,obm_est7d_hashrate_ehs_daily,0.261457707352,EH/s,daily,OBM v0.1.0
2014-10-12,obm_est7d_hashrate_ehs_daily,0.256259202182,EH/s,daily,OBM v0.1.0
2014-10-13,obm_est7d_hashrate_ehs_daily,0.255398667939,EH/s,daily,OBM v0.1.0
2014-10-14,obm_est7d_hashrate_ehs_daily,0.255453912291,EH/s,daily,OBM v0.1.0
2014-10-15,obm_est7d_hashrate_ehs_daily,0.256967090195,EH/s,daily,OBM v0.1.0
2014-10-16,obm_est7d_hashrate_ehs_daily,0.257244300617,EH/s,daily,OBM v0.1.0
2014-10-17,obm_est7d_hashrate_ehs_daily,0.253668278303,EH/s,daily,OBM v0.1.0
2014-10-18,obm_est7d_hashrate_ehs_daily,0.259255893577,EH/s,daily,OBM v0.1.0
2014-10-19,obm_est7d_hashrate_ehs_daily,0.256692262346,EH/s,daily,OBM v0.1.0
2014-10-20,obm_est7d_hashrate_ehs_daily,0.250606884160,EH/s,daily,OBM v0.1.0
2014-10-21,obm_est7d_hashrate_ehs_daily,0.256189287561,EH/s,daily,OBM v0.1.0
2014-10-22,obm_est7d_hashrate_ehs_daily,0.257636307328,EH/s,daily,OBM v0.1.0
2014-10-23,obm_est7d_hashrate_ehs_daily,0.259249158531,EH/s,daily,OBM v0.1.0
2014-10-24,obm_est7d_hashrate_ehs_daily,0.264813854818,EH/s,daily,OBM v0.1.0
2014-10-25,obm_est7d_hashrate_ehs_daily,0.263548318412,EH/s,daily,OBM v0.1.0
2014-10-26,obm_est7d_hashrate_ehs_daily,0.262429414682,EH/s,daily,OBM v0.1.0
2014-10-27,obm_est7d_hashrate_ehs_daily,0.269233873931,EH/s,daily,OBM v0.1.0
2014-10-28,obm_est7d_hashrate_ehs_daily,0.266139335310,EH/s,daily,OBM v0.1.0
2014-10-29,obm_est7d_hashrate_ehs_daily,0.266488508227,EH/s,daily,OBM v0.1.0
2014-10-30,obm_est7d_hashrate_ehs_daily,0.271515198938,EH/s,daily,OBM v0.1.0
2014-10-31,obm_est7d_hashrate_ehs_daily,0.278977553910,EH/s,daily,OBM v0.1.0
2014-11-01,obm_est7d_hashrate_ehs_daily,0.280017554319,EH/s,daily,OBM v0.1.0
2014-11-02,obm_est7d_hashrate_ehs_daily,0.287370760788,EH/s,daily,OBM v0.1.0
2014-11-03,obm_est7d_hashrate_ehs_daily,0.289949982968,EH/s,daily,OBM v0.1.0
2014-11-04,obm_est7d_hashrate_ehs_daily,0.297691478215,EH/s,daily,OBM v0.1.0
2014-11-05,obm_est7d_hashrate_ehs_daily,0.295517145781,EH/s,daily,OBM v0.1.0
2014-11-06,obm_est7d_hashrate_ehs_daily,0.294990671601,EH/s,daily,OBM v0.1.0
2014-11-07,obm_est7d_hashrate_ehs_daily,0.288836848039,EH/s,daily,OBM v0.1.0
2014-11-08,obm_est7d_hashrate_ehs_daily,0.291649003942,EH/s,daily,OBM v0.1.0
2014-11-09,obm_est7d_hashrate_ehs_daily,0.293693266165,EH/s,daily,OBM v0.1.0
2014-11-10,obm_est7d_hashrate_ehs_daily,0.292480283668,EH/s,daily,OBM v0.1.0
2014-11-11,obm_est7d_hashrate_ehs_daily,0.287361780985,EH/s,daily,OBM v0.1.0
2014-11-12,obm_est7d_hashrate_ehs_daily,0.290201112270,EH/s,daily,OBM v0.1.0
2014-11-13,obm_est7d_hashrate_ehs_daily,0.287633453080,EH/s,daily,OBM v0.1.0
2014-11-14,obm_est7d_hashrate_ehs_daily,0.288746932223,EH/s,daily,OBM v0.1.0
2014-11-15,obm_est7d_hashrate_ehs_daily,0.284889914803,EH/s,daily,OBM v0.1.0
2014-11-16,obm_est7d_hashrate_ehs_daily,0.285063059150,EH/s,daily,OBM v0.1.0
2014-11-17,obm_est7d_hashrate_ehs_daily,0.284876115908,EH/s,daily,OBM v0.1.0
2014-11-18,obm_est7d_hashrate_ehs_daily,0.291065896141,EH/s,daily,OBM v0.1.0
2014-11-19,obm_est7d_hashrate_ehs_daily,0.290375820525,EH/s,daily,OBM v0.1.0
2014-11-20,obm_est7d_hashrate_ehs_daily,0.289201872169,EH/s,daily,OBM v0.1.0
2014-11-21,obm_est7d_hashrate_ehs_daily,0.281957946913,EH/s,daily,OBM v0.1.0
2014-11-22,obm_est7d_hashrate_ehs_daily,0.286969595739,EH/s,daily,OBM v0.1.0
2014-11-23,obm_est7d_hashrate_ehs_daily,0.285150999187,EH/s,daily,OBM v0.1.0
2014-11-24,obm_est7d_hashrate_ehs_daily,0.286809136900,EH/s,daily,OBM v0.1.0
2014-11-25,obm_est7d_hashrate_ehs_daily,0.281063104551,EH/s,daily,OBM v0.1.0
2014-11-26,obm_est7d_hashrate_ehs_daily,0.280142441743,EH/s,daily,OBM v0.1.0
2014-11-27,obm_est7d_hashrate_ehs_daily,0.280738492517,EH/s,daily,OBM v0.1.0
2014-11-28,obm_est7d_hashrate_ehs_daily,0.286781371665,EH/s,daily,OBM v0.1.0
2014-11-29,obm_est7d_hashrate_ehs_daily,0.288162181559,EH/s,daily,OBM v0.1.0
2014-11-30,obm_est7d_hashrate_ehs_daily,0.293437429552,EH/s,daily,OBM v0.1.0
2014-12-01,obm_est7d_hashrate_ehs_daily,0.287970726359,EH/s,daily,OBM v0.1.0
2014-12-02,obm_est7d_hashrate_ehs_daily,0.292865213451,EH/s,daily,OBM v0.1.0
2014-12-03,obm_est7d_hashrate_ehs_daily,0.287243038960,EH/s,daily,OBM v0.1.0
2014-12-04,obm_est7d_hashrate_ehs_daily,0.288485422772,EH/s,daily,OBM v0.1.0
2014-12-05,obm_est7d_hashrate_ehs_daily,0.289977170578,EH/s,daily,OBM v0.1.0
2014-12-06,obm_est7d_hashrate_ehs_daily,0.283680233774,EH/s,daily,OBM v0.1.0
2014-12-07,obm_est7d_hashrate_ehs_daily,0.274026430295,EH/s,daily,OBM v0.1.0
2014-12-08,obm_est7d_hashrate_ehs_daily,0.283335077454,EH/s,daily,OBM v0.1.0
2014-12-09,obm_est7d_hashrate_ehs_daily,0.280457381508,EH/s,daily,OBM v0.1.0
2014-12-10,obm_est7d_hashrate_ehs_daily,0.288021869138,EH/s,daily,OBM v0.1.0
2014-12-11,obm_est7d_hashrate_ehs_daily,0.288924219050,EH/s,daily,OBM v0.1.0
2014-12-12,obm_est7d_hashrate_ehs_daily,0.284427764333,EH/s,daily,OBM v0.1.0
2014-12-13,obm_est7d_hashrate_ehs_daily,0.287031324952,EH/s,daily,OBM v0.1.0
2014-12-14,obm_est7d_hashrate_ehs_daily,0.291266083838,EH/s,daily,OBM v0.1.0
2014-12-15,obm_est7d_hashrate_ehs_daily,0.285088168514,EH/s,daily,OBM v0.1.0
2014-12-16,obm_est7d_hashrate_ehs_daily,0.285492758978,EH/s,daily,OBM v0.1.0
2014-12-17,obm_est7d_hashrate_ehs_daily,0.281374754370,EH/s,daily,OBM v0.1.0
2014-12-18,obm_est7d_hashrate_ehs_daily,0.274595229095,EH/s,daily,OBM v0.1.0
2014-12-19,obm_est7d_hashrate_ehs_daily,0.273126027252,EH/s,daily,OBM v0.1.0
2014-12-20,obm_est7d_hashrate_ehs_daily,0.269033107149,EH/s,daily,OBM v0.1.0
2014-12-21,obm_est7d_hashrate_ehs_daily,0.266512806069,EH/s,daily,OBM v0.1.0
2014-12-22,obm_est7d_hashrate_ehs_daily,0.271727110361,EH/s,daily,OBM v0.1.0
2014-12-23,obm_est7d_hashrate_ehs_daily,0.273513582236,EH/s,daily,OBM v0.1.0
2014-12-24,obm_est7d_hashrate_ehs_daily,0.280327614901,EH/s,daily,OBM v0.1.0
2014-12-25,obm_est7d_hashrate_ehs_daily,0.288330621167,EH/s,daily,OBM v0.1.0
2014-12-26,obm_est7d_hashrate_ehs_daily,0.292963004963,EH/s,daily,OBM v0.1.0
2014-12-27,obm_est7d_hashrate_ehs_daily,0.297982386448,EH/s,daily,OBM v0.1.0
2014-12-28,obm_est7d_hashrate_ehs_daily,0.308418833914,EH/s,daily,OBM v0.1.0
2014-12-29,obm_est7d_hashrate_ehs_daily,0.308871907684,EH/s,daily,OBM v0.1.0
2014-12-30,obm_est7d_hashrate_ehs_daily,0.310343804490,EH/s,daily,OBM v0.1.0
2014-12-31,obm_est7d_hashrate_ehs_daily,0.310480379680,EH/s,daily,OBM v0.1.0
2015-01-01,obm_est7d_hashrate_ehs_daily,0.314060090054,EH/s,daily,OBM v0.1.0
2015-01-02,obm_est7d_hashrate_ehs_daily,0.319210377186,EH/s,daily,OBM v0.1.0
2015-01-03,obm_est7d_hashrate_ehs_daily,0.323532920501,EH/s,daily,OBM v0.1.0
2015-01-04,obm_est7d_hashrate_ehs_daily,0.325320410635,EH/s,daily,OBM v0.1.0
2015-01-05,obm_est7d_hashrate_ehs_daily,0.324934269136,EH/s,daily,OBM v0.1.0
2015-01-06,obm_est7d_hashrate_ehs_daily,0.326591456378,EH/s,daily,OBM v0.1.0
2015-01-07,obm_est7d_hashrate_ehs_daily,0.323899263151,EH/s,daily,OBM v0.1.0
2015-01-08,obm_est7d_hashrate_ehs_daily,0.318198545522,EH/s,daily,OBM v0.1.0
2015-01-09,obm_est7d_hashrate_ehs_daily,0.310863211107,EH/s,daily,OBM v0.1.0
2015-01-10,obm_est7d_hashrate_ehs_daily,0.307479679192,EH/s,daily,OBM v0.1.0
2015-01-11,obm_est7d_hashrate_ehs_daily,0.301755082309,EH/s,daily,OBM v0.1.0
2015-01-12,obm_est7d_hashrate_ehs_daily,0.297969989739,EH/s,daily,OBM v0.1.0
2015-01-13,obm_est7d_hashrate_ehs_daily,0.291868252442,EH/s,daily,OBM v0.1.0
2015-01-14,obm_est7d_hashrate_ehs_daily,0.297449229284,EH/s,daily,OBM v0.1.0
2015-01-15,obm_est7d_hashrate_ehs_daily,0.301569083182,EH/s,daily,OBM v0.1.0
2015-01-16,obm_est7d_hashrate_ehs_daily,0.304506795789,EH/s,daily,OBM v0.1.0
2015-01-17,obm_est7d_hashrate_ehs_daily,0.305151947597,EH/s,daily,OBM v0.1.0
2015-01-18,obm_est7d_hashrate_ehs_daily,0.309152804672,EH/s,daily,OBM v0.1.0
2015-01-19,obm_est7d_hashrate_ehs_daily,0.311659411227,EH/s,daily,OBM v0.1.0
2015-01-20,obm_est7d_hashrate_ehs_daily,0.308823033927,EH/s,daily,OBM v0.1.0
2015-01-21,obm_est7d_hashrate_ehs_daily,0.310264356642,EH/s,daily,OBM v0.1.0
2015-01-22,obm_est7d_hashrate_ehs_daily,0.306059928817,EH/s,daily,OBM v0.1.0
2015-01-23,obm_est7d_hashrate_ehs_daily,0.300536741420,EH/s,daily,OBM v0.1.0
2015-01-24,obm_est7d_hashrate_ehs_daily,0.296850793960,EH/s,daily,OBM v0.1.0
2015-01-25,obm_est7d_hashrate_ehs_daily,0.288497495125,EH/s,daily,OBM v0.1.0
2015-01-26,obm_est7d_hashrate_ehs_daily,0.282716558839,EH/s,daily,OBM v0.1.0
2015-01-27,obm_est7d_hashrate_ehs_daily,0.291487188025,EH/s,daily,OBM v0.1.0
2015-01-28,obm_est7d_hashrate_ehs_daily,0.293145789693,EH/s,daily,OBM v0.1.0
2015-01-29,obm_est7d_hashrate_ehs_daily,0.298706827313,EH/s,daily,OBM v0.1.0
2015-01-30,obm_est7d_hashrate_ehs_daily,0.300237468804,EH/s,daily,OBM v0.1.0
2015-01-31,obm_est7d_hashrate_ehs_daily,0.310386578605,EH/s,daily,OBM v0.1.0
2015-02-01,obm_est7d_hashrate_ehs_daily,0.316077918557,EH/s,daily,OBM v0.1.0
2015-02-02,obm_est7d_hashrate_ehs_daily,0.322792421642,EH/s,daily,OBM v0.1.0
2015-02-03,obm_est7d_hashrate_ehs_daily,0.314989402271,EH/s,daily,OBM v0.1.0
2015-02-04,obm_est7d_hashrate_ehs_daily,0.313454122335,EH/s,daily,OBM v0.1.0
2015-02-05,obm_est7d_hashrate_ehs_daily,0.312810645524,EH/s,daily,OBM v0.1.0
2015-02-06,obm_est7d_hashrate_ehs_daily,0.323050032224,EH/s,daily,OBM v0.1.0
2015-02-07,obm_est7d_hashrate_ehs_daily,0.321265758230,EH/s,daily,OBM v0.1.0
2015-02-08,obm_est7d_hashrate_ehs_daily,0.314801671722,EH/s,daily,OBM v0.1.0
2015-02-09,obm_est7d_hashrate_ehs_daily,0.316311130844,EH/s,daily,OBM v0.1.0
2015-02-10,obm_est7d_hashrate_ehs_daily,0.324904733221,EH/s,daily,OBM v0.1.0
2015-02-11,obm_est7d_hashrate_ehs_daily,0.327930422435,EH/s,daily,OBM v0.1.0
2015-02-12,obm_est7d_hashrate_ehs_daily,0.320594650065,EH/s,daily,OBM v0.1.0
2015-02-13,obm_est7d_hashrate_ehs_daily,0.313654794832,EH/s,daily,OBM v0.1.0
2015-02-14,obm_est7d_hashrate_ehs_daily,0.318048216257,EH/s,daily,OBM v0.1.0
2015-02-15,obm_est7d_hashrate_ehs_daily,0.322432027084,EH/s,daily,OBM v0.1.0
2015-02-16,obm_est7d_hashrate_ehs_daily,0.324413140449,EH/s,daily,OBM v0.1.0
2015-02-17,obm_est7d_hashrate_ehs_daily,0.326181203378,EH/s,daily,OBM v0.1.0
2015-02-18,obm_est7d_hashrate_ehs_daily,0.328129799686,EH/s,daily,OBM v0.1.0
2015-02-19,obm_est7d_hashrate_ehs_daily,0.342995832823,EH/s,daily,OBM v0.1.0
2015-02-20,obm_est7d_hashrate_ehs_daily,0.346641262580,EH/s,daily,OBM v0.1.0
2015-02-21,obm_est7d_hashrate_ehs_daily,0.340972624900,EH/s,daily,OBM v0.1.0
2015-02-22,obm_est7d_hashrate_ehs_daily,0.345289194283,EH/s,daily,OBM v0.1.0
2015-02-23,obm_est7d_hashrate_ehs_daily,0.342424894900,EH/s,daily,OBM v0.1.0
2015-02-24,obm_est7d_hashrate_ehs_daily,0.338677357004,EH/s,daily,OBM v0.1.0
2015-02-25,obm_est7d_hashrate_ehs_daily,0.337825730171,EH/s,daily,OBM v0.1.0
2015-02-26,obm_est7d_hashrate_ehs_daily,0.335111888183,EH/s,daily,OBM v0.1.0
2015-02-27,obm_est7d_hashrate_ehs_daily,0.335788896986,EH/s,daily,OBM v0.1.0
2015-02-28,obm_est7d_hashrate_ehs_daily,0.338407737503,EH/s,daily,OBM v0.1.0
2015-03-01,obm_est7d_hashrate_ehs_daily,0.336485515785,EH/s,daily,OBM v0.1.0
2015-03-02,obm_est7d_hashrate_ehs_daily,0.341891708772,EH/s,daily,OBM v0.1.0
2015-03-03,obm_est7d_hashrate_ehs_daily,0.351491019484,EH/s,daily,OBM v0.1.0
2015-03-04,obm_est7d_hashrate_ehs_daily,0.345738760111,EH/s,daily,OBM v0.1.0
2015-03-05,obm_est7d_hashrate_ehs_daily,0.339278925674,EH/s,daily,OBM v0.1.0
2015-03-06,obm_est7d_hashrate_ehs_daily,0.338196838954,EH/s,daily,OBM v0.1.0
2015-03-07,obm_est7d_hashrate_ehs_daily,0.337225655986,EH/s,daily,OBM v0.1.0
2015-03-08,obm_est7d_hashrate_ehs_daily,0.342532824233,EH/s,daily,OBM v0.1.0
2015-03-09,obm_est7d_hashrate_ehs_daily,0.339618656784,EH/s,daily,OBM v0.1.0
2015-03-10,obm_est7d_hashrate_ehs_daily,0.338095933689,EH/s,daily,OBM v0.1.0
2015-03-11,obm_est7d_hashrate_ehs_daily,0.344220253404,EH/s,daily,OBM v0.1.0
2015-03-12,obm_est7d_hashrate_ehs_daily,0.343239204221,EH/s,daily,OBM v0.1.0
2015-03-13,obm_est7d_hashrate_ehs_daily,0.343447317449,EH/s,daily,OBM v0.1.0
2015-03-14,obm_est7d_hashrate_ehs_daily,0.341208313387,EH/s,daily,OBM v0.1.0
2015-03-15,obm_est7d_hashrate_ehs_daily,0.338489154488,EH/s,daily,OBM v0.1.0
2015-03-16,obm_est7d_hashrate_ehs_daily,0.335640582017,EH/s,daily,OBM v0.1.0
2015-03-17,obm_est7d_hashrate_ehs_daily,0.327601633926,EH/s,daily,OBM v0.1.0
2015-03-18,obm_est7d_hashrate_ehs_daily,0.327286797691,EH/s,daily,OBM v0.1.0
2015-03-19,obm_est7d_hashrate_ehs_daily,0.329418184694,EH/s,daily,OBM v0.1.0
2015-03-20,obm_est7d_hashrate_ehs_daily,0.325788147787,EH/s,daily,OBM v0.1.0
2015-03-21,obm_est7d_hashrate_ehs_daily,0.333049568680,EH/s,daily,OBM v0.1.0
2015-03-22,obm_est7d_hashrate_ehs_daily,0.332492730522,EH/s,daily,OBM v0.1.0
2015-03-23,obm_est7d_hashrate_ehs_daily,0.334586674371,EH/s,daily,OBM v0.1.0
2015-03-24,obm_est7d_hashrate_ehs_daily,0.348184921906,EH/s,daily,OBM v0.1.0
2015-03-25,obm_est7d_hashrate_ehs_daily,0.350285564359,EH/s,daily,OBM v0.1.0
2015-03-26,obm_est7d_hashrate_ehs_daily,0.352985358276,EH/s,daily,OBM v0.1.0
2015-03-27,obm_est7d_hashrate_ehs_daily,0.364118037948,EH/s,daily,OBM v0.1.0
2015-03-28,obm_est7d_hashrate_ehs_daily,0.363497301642,EH/s,daily,OBM v0.1.0
2015-03-29,obm_est7d_hashrate_ehs_daily,0.366271793330,EH/s,daily,OBM v0.1.0
2015-03-30,obm_est7d_hashrate_ehs_daily,0.364487763856,EH/s,daily,OBM v0.1.0
2015-03-31,obm_est7d_hashrate_ehs_daily,0.356819225682,EH/s,daily,OBM v0.1.0
2015-04-01,obm_est7d_hashrate_ehs_daily,0.346734514026,EH/s,daily,OBM v0.1.0
2015-04-02,obm_est7d_hashrate_ehs_daily,0.353125353292,EH/s,daily,OBM v0.1.0
2015-04-03,obm_est7d_hashrate_ehs_daily,0.344526000332,EH/s,daily,OBM v0.1.0
2015-04-04,obm_est7d_hashrate_ehs_daily,0.346361510973,EH/s,daily,OBM v0.1.0
2015-04-05,obm_est7d_hashrate_ehs_daily,0.346928477851,EH/s,daily,OBM v0.1.0
2015-04-06,obm_est7d_hashrate_ehs_daily,0.343967811373,EH/s,daily,OBM v0.1.0
2015-04-07,obm_est7d_hashrate_ehs_daily,0.347707875852,EH/s,daily,OBM v0.1.0
2015-04-08,obm_est7d_hashrate_ehs_daily,0.348339902306,EH/s,daily,OBM v0.1.0
2015-04-09,obm_est7d_hashrate_ehs_daily,0.339402210457,EH/s,daily,OBM v0.1.0
2015-04-10,obm_est7d_hashrate_ehs_daily,0.344023332546,EH/s,daily,OBM v0.1.0
2015-04-11,obm_est7d_hashrate_ehs_daily,0.342708858596,EH/s,daily,OBM v0.1.0
2015-04-12,obm_est7d_hashrate_ehs_daily,0.337029088896,EH/s,daily,OBM v0.1.0
2015-04-13,obm_est7d_hashrate_ehs_daily,0.346727560671,EH/s,daily,OBM v0.1.0
2015-04-14,obm_est7d_hashrate_ehs_daily,0.345551879355,EH/s,daily,OBM v0.1.0
2015-04-15,obm_est7d_hashrate_ehs_daily,0.344671875019,EH/s,daily,OBM v0.1.0
2015-04-16,obm_est7d_hashrate_ehs_daily,0.346116290546,EH/s,daily,OBM v0.1.0
2015-04-17,obm_est7d_hashrate_ehs_daily,0.337039338318,EH/s,daily,OBM v0.1.0
2015-04-18,obm_est7d_hashrate_ehs_daily,0.339216517139,EH/s,daily,OBM v0.1.0
2015-04-19,obm_est7d_hashrate_ehs_daily,0.344699765147,EH/s,daily,OBM v0.1.0
2015-04-20,obm_est7d_hashrate_ehs_daily,0.341730939522,EH/s,daily,OBM v0.1.0
2015-04-21,obm_est7d_hashrate_ehs_daily,0.341396909019,EH/s,daily,OBM v0.1.0
2015-04-22,obm_est7d_hashrate_ehs_daily,0.349888717873,EH/s,daily,OBM v0.1.0
2015-04-23,obm_est7d_hashrate_ehs_daily,0.345844452311,EH/s,daily,OBM v0.1.0
2015-04-24,obm_est7d_hashrate_ehs_daily,0.342824241613,EH/s,daily,OBM v0.1.0
2015-04-25,obm_est7d_hashrate_ehs_daily,0.347015977447,EH/s,daily,OBM v0.1.0
2015-04-26,obm_est7d_hashrate_ehs_daily,0.345771975724,EH/s,daily,OBM v0.1.0
2015-04-27,obm_est7d_hashrate_ehs_daily,0.339321148471,EH/s,daily,OBM v0.1.0
2015-04-28,obm_est7d_hashrate_ehs_daily,0.340148954560,EH/s,daily,OBM v0.1.0
2015-04-29,obm_est7d_hashrate_ehs_daily,0.331220226841,EH/s,daily,OBM v0.1.0
2015-04-30,obm_est7d_hashrate_ehs_daily,0.332768358661,EH/s,daily,OBM v0.1.0
2015-05-01,obm_est7d_hashrate_ehs_daily,0.340352396688,EH/s,daily,OBM v0.1.0
2015-05-02,obm_est7d_hashrate_ehs_daily,0.335264289081,EH/s,daily,OBM v0.1.0
2015-05-03,obm_est7d_hashrate_ehs_daily,0.334715170829,EH/s,daily,OBM v0.1.0
2015-05-04,obm_est7d_hashrate_ehs_daily,0.331594634131,EH/s,daily,OBM v0.1.0
2015-05-05,obm_est7d_hashrate_ehs_daily,0.331556291134,EH/s,daily,OBM v0.1.0
2015-05-06,obm_est7d_hashrate_ehs_daily,0.343186721767,EH/s,daily,OBM v0.1.0
2015-05-07,obm_est7d_hashrate_ehs_daily,0.345572043200,EH/s,daily,OBM v0.1.0
2015-05-08,obm_est7d_hashrate_ehs_daily,0.346863428192,EH/s,daily,OBM v0.1.0
2015-05-09,obm_est7d_hashrate_ehs_daily,0.340144377152,EH/s,daily,OBM v0.1.0
2015-05-10,obm_est7d_hashrate_ehs_daily,0.336102573824,EH/s,daily,OBM v0.1.0
2015-05-11,obm_est7d_hashrate_ehs_daily,0.346123691674,EH/s,daily,OBM v0.1.0
2015-05-12,obm_est7d_hashrate_ehs_daily,0.344792967775,EH/s,daily,OBM v0.1.0
2015-05-13,obm_est7d_hashrate_ehs_daily,0.345141947171,EH/s,daily,OBM v0.1.0
2015-05-14,obm_est7d_hashrate_ehs_daily,0.349501165341,EH/s,daily,OBM v0.1.0
2015-05-15,obm_est7d_hashrate_ehs_daily,0.348460951596,EH/s,daily,OBM v0.1.0
2015-05-16,obm_est7d_hashrate_ehs_daily,0.349766289784,EH/s,daily,OBM v0.1.0
2015-05-17,obm_est7d_hashrate_ehs_daily,0.364893230412,EH/s,daily,OBM v0.1.0
2015-05-18,obm_est7d_hashrate_ehs_daily,0.361437871106,EH/s,daily,OBM v0.1.0
2015-05-19,obm_est7d_hashrate_ehs_daily,0.355004881244,EH/s,daily,OBM v0.1.0
2015-05-20,obm_est7d_hashrate_ehs_daily,0.352165380566,EH/s,daily,OBM v0.1.0
2015-05-21,obm_est7d_hashrate_ehs_daily,0.353047813970,EH/s,daily,OBM v0.1.0
2015-05-22,obm_est7d_hashrate_ehs_daily,0.350460777222,EH/s,daily,OBM v0.1.0
2015-05-23,obm_est7d_hashrate_ehs_daily,0.345082554961,EH/s,daily,OBM v0.1.0
2015-05-24,obm_est7d_hashrate_ehs_daily,0.337956192974,EH/s,daily,OBM v0.1.0
2015-05-25,obm_est7d_hashrate_ehs_daily,0.335664087315,EH/s,daily,OBM v0.1.0
2015-05-26,obm_est7d_hashrate_ehs_daily,0.340999195517,EH/s,daily,OBM v0.1.0
2015-05-27,obm_est7d_hashrate_ehs_daily,0.338547444294,EH/s,daily,OBM v0.1.0
2015-05-28,obm_est7d_hashrate_ehs_daily,0.330330620830,EH/s,daily,OBM v0.1.0
2015-05-29,obm_est7d_hashrate_ehs_daily,0.336879052901,EH/s,daily,OBM v0.1.0
2015-05-30,obm_est7d_hashrate_ehs_daily,0.344709015739,EH/s,daily,OBM v0.1.0
2015-05-31,obm_est7d_hashrate_ehs_daily,0.344018826981,EH/s,daily,OBM v0.1.0
2015-06-01,obm_est7d_hashrate_ehs_daily,0.340156210614,EH/s,daily,OBM v0.1.0
2015-06-02,obm_est7d_hashrate_ehs_daily,0.341517145110,EH/s,daily,OBM v0.1.0
2015-06-03,obm_est7d_hashrate_ehs_daily,0.341326034870,EH/s,daily,OBM v0.1.0
2015-06-04,obm_est7d_hashrate_ehs_daily,0.343015902371,EH/s,daily,OBM v0.1.0
2015-06-05,obm_est7d_hashrate_ehs_daily,0.336715436292,EH/s,daily,OBM v0.1.0
2015-06-06,obm_est7d_hashrate_ehs_daily,0.349332898481,EH/s,daily,OBM v0.1.0
2015-06-07,obm_est7d_hashrate_ehs_daily,0.348285781487,EH/s,daily,OBM v0.1.0
2015-06-08,obm_est7d_hashrate_ehs_daily,0.357619067939,EH/s,daily,OBM v0.1.0
2015-06-09,obm_est7d_hashrate_ehs_daily,0.357006587862,EH/s,daily,OBM v0.1.0
2015-06-10,obm_est7d_hashrate_ehs_daily,0.366726612225,EH/s,daily,OBM v0.1.0
2015-06-11,obm_est7d_hashrate_ehs_daily,0.365525719701,EH/s,daily,OBM v0.1.0
2015-06-12,obm_est7d_hashrate_ehs_daily,0.365972975667,EH/s,daily,OBM v0.1.0
2015-06-13,obm_est7d_hashrate_ehs_daily,0.359982343806,EH/s,daily,OBM v0.1.0
2015-06-14,obm_est7d_hashrate_ehs_daily,0.361843629321,EH/s,daily,OBM v0.1.0
2015-06-15,obm_est7d_hashrate_ehs_daily,0.358334900427,EH/s,daily,OBM v0.1.0
2015-06-16,obm_est7d_hashrate_ehs_daily,0.349520172119,EH/s,daily,OBM v0.1.0
2015-06-17,obm_est7d_hashrate_ehs_daily,0.347226773689,EH/s,daily,OBM v0.1.0
2015-06-18,obm_est7d_hashrate_ehs_daily,0.357613491429,EH/s,daily,OBM v0.1.0
2015-06-19,obm_est7d_hashrate_ehs_daily,0.360997484316,EH/s,daily,OBM v0.1.0
2015-06-20,obm_est7d_hashrate_ehs_daily,0.354664086174,EH/s,daily,OBM v0.1.0
2015-06-21,obm_est7d_hashrate_ehs_daily,0.346740072444,EH/s,daily,OBM v0.1.0
2015-06-22,obm_est7d_hashrate_ehs_daily,0.350273286184,EH/s,daily,OBM v0.1.0
2015-06-23,obm_est7d_hashrate_ehs_daily,0.357620799335,EH/s,daily,OBM v0.1.0
2015-06-24,obm_est7d_hashrate_ehs_daily,0.356755142094,EH/s,daily,OBM v0.1.0
2015-06-25,obm_est7d_hashrate_ehs_daily,0.355167672636,EH/s,daily,OBM v0.1.0
2015-06-26,obm_est7d_hashrate_ehs_daily,0.358151488453,EH/s,daily,OBM v0.1.0
2015-06-27,obm_est7d_hashrate_ehs_daily,0.356076983099,EH/s,daily,OBM v0.1.0
2015-06-28,obm_est7d_hashrate_ehs_daily,0.361844026058,EH/s,daily,OBM v0.1.0
2015-06-29,obm_est7d_hashrate_ehs_daily,0.356952038832,EH/s,daily,OBM v0.1.0
2015-06-30,obm_est7d_hashrate_ehs_daily,0.359416283954,EH/s,daily,OBM v0.1.0
2015-07-01,obm_est7d_hashrate_ehs_daily,0.350687465630,EH/s,daily,OBM v0.1.0
2015-07-02,obm_est7d_hashrate_ehs_daily,0.351052176877,EH/s,daily,OBM v0.1.0
2015-07-03,obm_est7d_hashrate_ehs_daily,0.353135281576,EH/s,daily,OBM v0.1.0
2015-07-04,obm_est7d_hashrate_ehs_daily,0.361441404586,EH/s,daily,OBM v0.1.0
2015-07-05,obm_est7d_hashrate_ehs_daily,0.361527988240,EH/s,daily,OBM v0.1.0
2015-07-06,obm_est7d_hashrate_ehs_daily,0.376234420301,EH/s,daily,OBM v0.1.0
2015-07-07,obm_est7d_hashrate_ehs_daily,0.371599907979,EH/s,daily,OBM v0.1.0
2015-07-08,obm_est7d_hashrate_ehs_daily,0.381000467956,EH/s,daily,OBM v0.1.0
2015-07-09,obm_est7d_hashrate_ehs_daily,0.374044112885,EH/s,daily,OBM v0.1.0
2015-07-10,obm_est7d_hashrate_ehs_daily,0.372127710480,EH/s,daily,OBM v0.1.0
2015-07-11,obm_est7d_hashrate_ehs_daily,0.370678757344,EH/s,daily,OBM v0.1.0
2015-07-12,obm_est7d_hashrate_ehs_daily,0.369546496869,EH/s,daily,OBM v0.1.0
2015-07-13,obm_est7d_hashrate_ehs_daily,0.359698038142,EH/s,daily,OBM v0.1.0
2015-07-14,obm_est7d_hashrate_ehs_daily,0.365365459990,EH/s,daily,OBM v0.1.0
2015-07-15,obm_est7d_hashrate_ehs_daily,0.363747569844,EH/s,daily,OBM v0.1.0
2015-07-16,obm_est7d_hashrate_ehs_daily,0.367574955998,EH/s,daily,OBM v0.1.0
2015-07-17,obm_est7d_hashrate_ehs_daily,0.365409616215,EH/s,daily,OBM v0.1.0
2015-07-18,obm_est7d_hashrate_ehs_daily,0.367390347684,EH/s,daily,OBM v0.1.0
2015-07-19,obm_est7d_hashrate_ehs_daily,0.372836605744,EH/s,daily,OBM v0.1.0
2015-07-20,obm_est7d_hashrate_ehs_daily,0.375982922446,EH/s,daily,OBM v0.1.0
2015-07-21,obm_est7d_hashrate_ehs_daily,0.369933551580,EH/s,daily,OBM v0.1.0
2015-07-22,obm_est7d_hashrate_ehs_daily,0.370199438599,EH/s,daily,OBM v0.1.0
2015-07-23,obm_est7d_hashrate_ehs_daily,0.372810167414,EH/s,daily,OBM v0.1.0
2015-07-24,obm_est7d_hashrate_ehs_daily,0.380231327202,EH/s,daily,OBM v0.1.0
2015-07-25,obm_est7d_hashrate_ehs_daily,0.382442131670,EH/s,daily,OBM v0.1.0
2015-07-26,obm_est7d_hashrate_ehs_daily,0.381170031994,EH/s,daily,OBM v0.1.0
2015-07-27,obm_est7d_hashrate_ehs_daily,0.379808676712,EH/s,daily,OBM v0.1.0
2015-07-28,obm_est7d_hashrate_ehs_daily,0.384755030609,EH/s,daily,OBM v0.1.0
2015-07-29,obm_est7d_hashrate_ehs_daily,0.384913136658,EH/s,daily,OBM v0.1.0
2015-07-30,obm_est7d_hashrate_ehs_daily,0.384345381959,EH/s,daily,OBM v0.1.0
2015-07-31,obm_est7d_hashrate_ehs_daily,0.378563331405,EH/s,daily,OBM v0.1.0
2015-08-01,obm_est7d_hashrate_ehs_daily,0.380009043025,EH/s,daily,OBM v0.1.0
2015-08-02,obm_est7d_hashrate_ehs_daily,0.381994486846,EH/s,daily,OBM v0.1.0
2015-08-03,obm_est7d_hashrate_ehs_daily,0.386012328846,EH/s,daily,OBM v0.1.0
2015-08-04,obm_est7d_hashrate_ehs_daily,0.385442430643,EH/s,daily,OBM v0.1.0
2015-08-05,obm_est7d_hashrate_ehs_daily,0.377573945351,EH/s,daily,OBM v0.1.0
2015-08-06,obm_est7d_hashrate_ehs_daily,0.381686526739,EH/s,daily,OBM v0.1.0
2015-08-07,obm_est7d_hashrate_ehs_daily,0.378051764275,EH/s,daily,OBM v0.1.0
2015-08-08,obm_est7d_hashrate_ehs_daily,0.379372460033,EH/s,daily,OBM v0.1.0
2015-08-09,obm_est7d_hashrate_ehs_daily,0.375419920956,EH/s,daily,OBM v0.1.0
2015-08-10,obm_est7d_hashrate_ehs_daily,0.379606811709,EH/s,daily,OBM v0.1.0
2015-08-11,obm_est7d_hashrate_ehs_daily,0.391622822885,EH/s,daily,OBM v0.1.0
2015-08-12,obm_est7d_hashrate_ehs_daily,0.387966354590,EH/s,daily,OBM v0.1.0
2015-08-13,obm_est7d_hashrate_ehs_daily,0.389838619014,EH/s,daily,OBM v0.1.0
2015-08-14,obm_est7d_hashrate_ehs_daily,0.392468522114,EH/s,daily,OBM v0.1.0
2015-08-15,obm_est7d_hashrate_ehs_daily,0.383340640801,EH/s,daily,OBM v0.1.0
2015-08-16,obm_est7d_hashrate_ehs_daily,0.382346879562,EH/s,daily,OBM v0.1.0
2015-08-17,obm_est7d_hashrate_ehs_daily,0.374074821585,EH/s,daily,OBM v0.1.0
2015-08-18,obm_est7d_hashrate_ehs_daily,0.366204722813,EH/s,daily,OBM v0.1.0
2015-08-19,obm_est7d_hashrate_ehs_daily,0.378587255661,EH/s,daily,OBM v0.1.0
2015-08-20,obm_est7d_hashrate_ehs_daily,0.379268433145,EH/s,daily,OBM v0.1.0
2015-08-21,obm_est7d_hashrate_ehs_daily,0.388385270821,EH/s,daily,OBM v0.1.0
2015-08-22,obm_est7d_hashrate_ehs_daily,0.397260176705,EH/s,daily,OBM v0.1.0
2015-08-23,obm_est7d_hashrate_ehs_daily,0.397236042628,EH/s,daily,OBM v0.1.0
2015-08-24,obm_est7d_hashrate_ehs_daily,0.402691376490,EH/s,daily,OBM v0.1.0
2015-08-25,obm_est7d_hashrate_ehs_daily,0.401397380672,EH/s,daily,OBM v0.1.0
2015-08-26,obm_est7d_hashrate_ehs_daily,0.405114828215,EH/s,daily,OBM v0.1.0
2015-08-27,obm_est7d_hashrate_ehs_daily,0.402099154733,EH/s,daily,OBM v0.1.0
2015-08-28,obm_est7d_hashrate_ehs_daily,0.399242891752,EH/s,daily,OBM v0.1.0
2015-08-29,obm_est7d_hashrate_ehs_daily,0.400690077625,EH/s,daily,OBM v0.1.0
2015-08-30,obm_est7d_hashrate_ehs_daily,0.406165227737,EH/s,daily,OBM v0.1.0
2015-08-31,obm_est7d_hashrate_ehs_daily,0.406909730290,EH/s,daily,OBM v0.1.0
2015-09-01,obm_est7d_hashrate_ehs_daily,0.415034810330,EH/s,daily,OBM v0.1.0
2015-09-02,obm_est7d_hashrate_ehs_daily,0.415280568121,EH/s,daily,OBM v0.1.0
2015-09-03,obm_est7d_hashrate_ehs_daily,0.417003282890,EH/s,daily,OBM v0.1.0
2015-09-04,obm_est7d_hashrate_ehs_daily,0.419376663106,EH/s,daily,OBM v0.1.0
2015-09-05,obm_est7d_hashrate_ehs_daily,0.418979316257,EH/s,daily,OBM v0.1.0
2015-09-06,obm_est7d_hashrate_ehs_daily,0.418120892382,EH/s,daily,OBM v0.1.0
2015-09-07,obm_est7d_hashrate_ehs_daily,0.419054711497,EH/s,daily,OBM v0.1.0
2015-09-08,obm_est7d_hashrate_ehs_daily,0.414936841173,EH/s,daily,OBM v0.1.0
2015-09-09,obm_est7d_hashrate_ehs_daily,0.413801815855,EH/s,daily,OBM v0.1.0
2015-09-10,obm_est7d_hashrate_ehs_daily,0.426446678142,EH/s,daily,OBM v0.1.0
2015-09-11,obm_est7d_hashrate_ehs_daily,0.427704577509,EH/s,daily,OBM v0.1.0
2015-09-12,obm_est7d_hashrate_ehs_daily,0.423694793229,EH/s,daily,OBM v0.1.0
2015-09-13,obm_est7d_hashrate_ehs_daily,0.426305429556,EH/s,daily,OBM v0.1.0
2015-09-14,obm_est7d_hashrate_ehs_daily,0.426186824689,EH/s,daily,OBM v0.1.0
2015-09-15,obm_est7d_hashrate_ehs_daily,0.436096766859,EH/s,daily,OBM v0.1.0
2015-09-16,obm_est7d_hashrate_ehs_daily,0.434581618621,EH/s,daily,OBM v0.1.0
2015-09-17,obm_est7d_hashrate_ehs_daily,0.422256638479,EH/s,daily,OBM v0.1.0
2015-09-18,obm_est7d_hashrate_ehs_daily,0.421576233546,EH/s,daily,OBM v0.1.0
2015-09-19,obm_est7d_hashrate_ehs_daily,0.418822798524,EH/s,daily,OBM v0.1.0
2015-09-20,obm_est7d_hashrate_ehs_daily,0.410953688953,EH/s,daily,OBM v0.1.0
2015-09-21,obm_est7d_hashrate_ehs_daily,0.405662357932,EH/s,daily,OBM v0.1.0
2015-09-22,obm_est7d_hashrate_ehs_daily,0.406501171197,EH/s,daily,OBM v0.1.0
2015-09-23,obm_est7d_hashrate_ehs_daily,0.416311467548,EH/s,daily,OBM v0.1.0
2015-09-24,obm_est7d_hashrate_ehs_daily,0.416100098324,EH/s,daily,OBM v0.1.0
2015-09-25,obm_est7d_hashrate_ehs_daily,0.423534614581,EH/s,daily,OBM v0.1.0
2015-09-26,obm_est7d_hashrate_ehs_daily,0.433805495070,EH/s,daily,OBM v0.1.0
2015-09-27,obm_est7d_hashrate_ehs_daily,0.442046494919,EH/s,daily,OBM v0.1.0
2015-09-28,obm_est7d_hashrate_ehs_daily,0.446018305354,EH/s,daily,OBM v0.1.0
2015-09-29,obm_est7d_hashrate_ehs_daily,0.453507537900,EH/s,daily,OBM v0.1.0
2015-09-30,obm_est7d_hashrate_ehs_daily,0.449606670003,EH/s,daily,OBM v0.1.0
2015-10-01,obm_est7d_hashrate_ehs_daily,0.453586939048,EH/s,daily,OBM v0.1.0
2015-10-02,obm_est7d_hashrate_ehs_daily,0.444631815529,EH/s,daily,OBM v0.1.0
2015-10-03,obm_est7d_hashrate_ehs_daily,0.444447027716,EH/s,daily,OBM v0.1.0
2015-10-04,obm_est7d_hashrate_ehs_daily,0.448090354411,EH/s,daily,OBM v0.1.0
2015-10-05,obm_est7d_hashrate_ehs_daily,0.453922164264,EH/s,daily,OBM v0.1.0
2015-10-06,obm_est7d_hashrate_ehs_daily,0.442060364374,EH/s,daily,OBM v0.1.0
2015-10-07,obm_est7d_hashrate_ehs_daily,0.436879671070,EH/s,daily,OBM v0.1.0
2015-10-08,obm_est7d_hashrate_ehs_daily,0.434461927854,EH/s,daily,OBM v0.1.0
2015-10-09,obm_est7d_hashrate_ehs_daily,0.429865254162,EH/s,daily,OBM v0.1.0
2015-10-10,obm_est7d_hashrate_ehs_daily,0.435967419315,EH/s,daily,OBM v0.1.0
2015-10-11,obm_est7d_hashrate_ehs_daily,0.432620624430,EH/s,daily,OBM v0.1.0
2015-10-12,obm_est7d_hashrate_ehs_daily,0.427723648733,EH/s,daily,OBM v0.1.0
2015-10-13,obm_est7d_hashrate_ehs_daily,0.426222523552,EH/s,daily,OBM v0.1.0
2015-10-14,obm_est7d_hashrate_ehs_daily,0.433858122534,EH/s,daily,OBM v0.1.0
2015-10-15,obm_est7d_hashrate_ehs_daily,0.445209549229,EH/s,daily,OBM v0.1.0
2015-10-16,obm_est7d_hashrate_ehs_daily,0.452706137210,EH/s,daily,OBM v0.1.0
2015-10-17,obm_est7d_hashrate_ehs_daily,0.442305363003,EH/s,daily,OBM v0.1.0
2015-10-18,obm_est7d_hashrate_ehs_daily,0.441679180570,EH/s,daily,OBM v0.1.0
2015-10-19,obm_est7d_hashrate_ehs_daily,0.452265264588,EH/s,daily,OBM v0.1.0
2015-10-20,obm_est7d_hashrate_ehs_daily,0.448996392075,EH/s,daily,OBM v0.1.0
2015-10-21,obm_est7d_hashrate_ehs_daily,0.444573650622,EH/s,daily,OBM v0.1.0
2015-10-22,obm_est7d_hashrate_ehs_daily,0.437273038316,EH/s,daily,OBM v0.1.0
2015-10-23,obm_est7d_hashrate_ehs_daily,0.439315560774,EH/s,daily,OBM v0.1.0
2015-10-24,obm_est7d_hashrate_ehs_daily,0.446562261806,EH/s,daily,OBM v0.1.0
2015-10-25,obm_est7d_hashrate_ehs_daily,0.448258155189,EH/s,daily,OBM v0.1.0
2015-10-26,obm_est7d_hashrate_ehs_daily,0.447070859141,EH/s,daily,OBM v0.1.0
2015-10-27,obm_est7d_hashrate_ehs_daily,0.455530581304,EH/s,daily,OBM v0.1.0
2015-10-28,obm_est7d_hashrate_ehs_daily,0.453301708240,EH/s,daily,OBM v0.1.0
2015-10-29,obm_est7d_hashrate_ehs_daily,0.457948748130,EH/s,daily,OBM v0.1.0
2015-10-30,obm_est7d_hashrate_ehs_daily,0.466796117034,EH/s,daily,OBM v0.1.0
2015-10-31,obm_est7d_hashrate_ehs_daily,0.469490890393,EH/s,daily,OBM v0.1.0
2015-11-01,obm_est7d_hashrate_ehs_daily,0.469365754106,EH/s,daily,OBM v0.1.0
2015-11-02,obm_est7d_hashrate_ehs_daily,0.466551017746,EH/s,daily,OBM v0.1.0
2015-11-03,obm_est7d_hashrate_ehs_daily,0.471329125733,EH/s,daily,OBM v0.1.0
2015-11-04,obm_est7d_hashrate_ehs_daily,0.480233364571,EH/s,daily,OBM v0.1.0
2015-11-05,obm_est7d_hashrate_ehs_daily,0.478971633755,EH/s,daily,OBM v0.1.0
2015-11-06,obm_est7d_hashrate_ehs_daily,0.466507655811,EH/s,daily,OBM v0.1.0
2015-11-07,obm_est7d_hashrate_ehs_daily,0.469066996937,EH/s,daily,OBM v0.1.0
2015-11-08,obm_est7d_hashrate_ehs_daily,0.462997077809,EH/s,daily,OBM v0.1.0
2015-11-09,obm_est7d_hashrate_ehs_daily,0.461159886264,EH/s,daily,OBM v0.1.0
2015-11-10,obm_est7d_hashrate_ehs_daily,0.456883750087,EH/s,daily,OBM v0.1.0
2015-11-11,obm_est7d_hashrate_ehs_daily,0.465022054753,EH/s,daily,OBM v0.1.0
2015-11-12,obm_est7d_hashrate_ehs_daily,0.476029258635,EH/s,daily,OBM v0.1.0
2015-11-13,obm_est7d_hashrate_ehs_daily,0.489080945167,EH/s,daily,OBM v0.1.0
2015-11-14,obm_est7d_hashrate_ehs_daily,0.487377656754,EH/s,daily,OBM v0.1.0
2015-11-15,obm_est7d_hashrate_ehs_daily,0.498535497974,EH/s,daily,OBM v0.1.0
2015-11-16,obm_est7d_hashrate_ehs_daily,0.514296484999,EH/s,daily,OBM v0.1.0
2015-11-17,obm_est7d_hashrate_ehs_daily,0.518742671718,EH/s,daily,OBM v0.1.0
2015-11-18,obm_est7d_hashrate_ehs_daily,0.514119151634,EH/s,daily,OBM v0.1.0
2015-11-19,obm_est7d_hashrate_ehs_daily,0.502668834369,EH/s,daily,OBM v0.1.0
2015-11-20,obm_est7d_hashrate_ehs_daily,0.505403127143,EH/s,daily,OBM v0.1.0
2015-11-21,obm_est7d_hashrate_ehs_daily,0.520492579636,EH/s,daily,OBM v0.1.0
2015-11-22,obm_est7d_hashrate_ehs_daily,0.525848317762,EH/s,daily,OBM v0.1.0
2015-11-23,obm_est7d_hashrate_ehs_daily,0.522735948718,EH/s,daily,OBM v0.1.0
2015-11-24,obm_est7d_hashrate_ehs_daily,0.531298998678,EH/s,daily,OBM v0.1.0
2015-11-25,obm_est7d_hashrate_ehs_daily,0.536544895034,EH/s,daily,OBM v0.1.0
2015-11-26,obm_est7d_hashrate_ehs_daily,0.564101658588,EH/s,daily,OBM v0.1.0
2015-11-27,obm_est7d_hashrate_ehs_daily,0.554816702827,EH/s,daily,OBM v0.1.0
2015-11-28,obm_est7d_hashrate_ehs_daily,0.552316092546,EH/s,daily,OBM v0.1.0
2015-11-29,obm_est7d_hashrate_ehs_daily,0.549447550946,EH/s,daily,OBM v0.1.0
2015-11-30,obm_est7d_hashrate_ehs_daily,0.556446528122,EH/s,daily,OBM v0.1.0
2015-12-01,obm_est7d_hashrate_ehs_daily,0.563746503940,EH/s,daily,OBM v0.1.0
2015-12-02,obm_est7d_hashrate_ehs_daily,0.569895367528,EH/s,daily,OBM v0.1.0
2015-12-03,obm_est7d_hashrate_ehs_daily,0.552661020662,EH/s,daily,OBM v0.1.0
2015-12-04,obm_est7d_hashrate_ehs_daily,0.562331310254,EH/s,daily,OBM v0.1.0
2015-12-05,obm_est7d_hashrate_ehs_daily,0.574508463147,EH/s,daily,OBM v0.1.0
2015-12-06,obm_est7d_hashrate_ehs_daily,0.578755250064,EH/s,daily,OBM v0.1.0
2015-12-07,obm_est7d_hashrate_ehs_daily,0.577815419193,EH/s,daily,OBM v0.1.0
2015-12-08,obm_est7d_hashrate_ehs_daily,0.590594630852,EH/s,daily,OBM v0.1.0
2015-12-09,obm_est7d_hashrate_ehs_daily,0.600488507821,EH/s,daily,OBM v0.1.0
2015-12-10,obm_est7d_hashrate_ehs_daily,0.648829753447,EH/s,daily,OBM v0.1.0
2015-12-11,obm_est7d_hashrate_ehs_daily,0.659251146815,EH/s,daily,OBM v0.1.0
2015-12-12,obm_est7d_hashrate_ehs_daily,0.663099727388,EH/s,daily,OBM v0.1.0
2015-12-13,obm_est7d_hashrate_ehs_daily,0.657891927561,EH/s,daily,OBM v0.1.0
2015-12-14,obm_est7d_hashrate_ehs_daily,0.685078523484,EH/s,daily,OBM v0.1.0
2015-12-15,obm_est7d_hashrate_ehs_daily,0.688711666118,EH/s,daily,OBM v0.1.0
2015-12-16,obm_est7d_hashrate_ehs_daily,0.687210755690,EH/s,daily,OBM v0.1.0
2015-12-17,obm_est7d_hashrate_ehs_daily,0.652545403618,EH/s,daily,OBM v0.1.0
2015-12-18,obm_est7d_hashrate_ehs_daily,0.659354349174,EH/s,daily,OBM v0.1.0
2015-12-19,obm_est7d_hashrate_ehs_daily,0.673925388581,EH/s,daily,OBM v0.1.0
2015-12-20,obm_est7d_hashrate_ehs_daily,0.703271135634,EH/s,daily,OBM v0.1.0
2015-12-21,obm_est7d_hashrate_ehs_daily,0.693597304621,EH/s,daily,OBM v0.1.0
2015-12-22,obm_est7d_hashrate_ehs_daily,0.689018568181,EH/s,daily,OBM v0.1.0
2015-12-23,obm_est7d_hashrate_ehs_daily,0.701494251095,EH/s,daily,OBM v0.1.0
2015-12-24,obm_est7d_hashrate_ehs_daily,0.706549856345,EH/s,daily,OBM v0.1.0
2015-12-25,obm_est7d_hashrate_ehs_daily,0.716209437032,EH/s,daily,OBM v0.1.0
2015-12-26,obm_est7d_hashrate_ehs_daily,0.725488040578,EH/s,daily,OBM v0.1.0
2015-12-27,obm_est7d_hashrate_ehs_daily,0.752416407246,EH/s,daily,OBM v0.1.0
2015-12-28,obm_est7d_hashrate_ehs_daily,0.753304141069,EH/s,daily,OBM v0.1.0
2015-12-29,obm_est7d_hashrate_ehs_daily,0.759875107697,EH/s,daily,OBM v0.1.0
2015-12-30,obm_est7d_hashrate_ehs_daily,0.766715004960,EH/s,daily,OBM v0.1.0
2015-12-31,obm_est7d_hashrate_ehs_daily,0.775034249061,EH/s,daily,OBM v0.1.0
2016-01-01,obm_est7d_hashrate_ehs_daily,0.765041157088,EH/s,daily,OBM v0.1.0
2016-01-02,obm_est7d_hashrate_ehs_daily,0.758835365158,EH/s,daily,OBM v0.1.0
2016-01-03,obm_est7d_hashrate_ehs_daily,0.729791245405,EH/s,daily,OBM v0.1.0
2016-01-04,obm_est7d_hashrate_ehs_daily,0.762776813363,EH/s,daily,OBM v0.1.0
2016-01-05,obm_est7d_hashrate_ehs_daily,0.773451900911,EH/s,daily,OBM v0.1.0
2016-01-06,obm_est7d_hashrate_ehs_daily,0.767592794282,EH/s,daily,OBM v0.1.0
2016-01-07,obm_est7d_hashrate_ehs_daily,0.776548009584,EH/s,daily,OBM v0.1.0
2016-01-08,obm_est7d_hashrate_ehs_daily,0.803787644225,EH/s,daily,OBM v0.1.0
2016-01-09,obm_est7d_hashrate_ehs_daily,0.809307393570,EH/s,daily,OBM v0.1.0
2016-01-10,obm_est7d_hashrate_ehs_daily,0.831685481195,EH/s,daily,OBM v0.1.0
2016-01-11,obm_est7d_hashrate_ehs_daily,0.822034722971,EH/s,daily,OBM v0.1.0
2016-01-12,obm_est7d_hashrate_ehs_daily,0.832175372201,EH/s,daily,OBM v0.1.0
2016-01-13,obm_est7d_hashrate_ehs_daily,0.844683723522,EH/s,daily,OBM v0.1.0
2016-01-14,obm_est7d_hashrate_ehs_daily,0.842085565216,EH/s,daily,OBM v0.1.0
2016-01-15,obm_est7d_hashrate_ehs_daily,0.814385634872,EH/s,daily,OBM v0.1.0
2016-01-16,obm_est7d_hashrate_ehs_daily,0.816822102334,EH/s,daily,OBM v0.1.0
2016-01-17,obm_est7d_hashrate_ehs_daily,0.808854614672,EH/s,daily,OBM v0.1.0
2016-01-18,obm_est7d_hashrate_ehs_daily,0.822763599063,EH/s,daily,OBM v0.1.0
2016-01-19,obm_est7d_hashrate_ehs_daily,0.803789015031,EH/s,daily,OBM v0.1.0
2016-01-20,obm_est7d_hashrate_ehs_daily,0.813966340384,EH/s,daily,OBM v0.1.0
2016-01-21,obm_est7d_hashrate_ehs_daily,0.814760049201,EH/s,daily,OBM v0.1.0
2016-01-22,obm_est7d_hashrate_ehs_daily,0.856918641171,EH/s,daily,OBM v0.1.0
2016-01-23,obm_est7d_hashrate_ehs_daily,0.888599054366,EH/s,daily,OBM v0.1.0
2016-01-24,obm_est7d_hashrate_ehs_daily,0.903034134637,EH/s,daily,OBM v0.1.0
2016-01-25,obm_est7d_hashrate_ehs_daily,0.894945940690,EH/s,daily,OBM v0.1.0
2016-01-26,obm_est7d_hashrate_ehs_daily,0.920492797107,EH/s,daily,OBM v0.1.0
2016-01-27,obm_est7d_hashrate_ehs_daily,0.929656719020,EH/s,daily,OBM v0.1.0
2016-01-28,obm_est7d_hashrate_ehs_daily,0.943074715212,EH/s,daily,OBM v0.1.0
2016-01-29,obm_est7d_hashrate_ehs_daily,0.945869497116,EH/s,daily,OBM v0.1.0
2016-01-30,obm_est7d_hashrate_ehs_daily,0.961313261071,EH/s,daily,OBM v0.1.0
2016-01-31,obm_est7d_hashrate_ehs_daily,0.979387761569,EH/s,daily,OBM v0.1.0
2016-02-01,obm_est7d_hashrate_ehs_daily,0.988464898918,EH/s,daily,OBM v0.1.0
2016-02-02,obm_est7d_hashrate_ehs_daily,1.005568325697,EH/s,daily,OBM v0.1.0
2016-02-03,obm_est7d_hashrate_ehs_daily,1.026484536124,EH/s,daily,OBM v0.1.0
2016-02-04,obm_est7d_hashrate_ehs_daily,1.047077895293,EH/s,daily,OBM v0.1.0
2016-02-05,obm_est7d_hashrate_ehs_daily,1.060785659859,EH/s,daily,OBM v0.1.0
2016-02-06,obm_est7d_hashrate_ehs_daily,1.072190260384,EH/s,daily,OBM v0.1.0
2016-02-07,obm_est7d_hashrate_ehs_daily,1.094404591651,EH/s,daily,OBM v0.1.0
2016-02-08,obm_est7d_hashrate_ehs_daily,1.108559838131,EH/s,daily,OBM v0.1.0
2016-02-09,obm_est7d_hashrate_ehs_daily,1.139772224210,EH/s,daily,OBM v0.1.0
2016-02-10,obm_est7d_hashrate_ehs_daily,1.151281509815,EH/s,daily,OBM v0.1.0
2016-02-11,obm_est7d_hashrate_ehs_daily,1.203174295316,EH/s,daily,OBM v0.1.0
2016-02-12,obm_est7d_hashrate_ehs_daily,1.217233789326,EH/s,daily,OBM v0.1.0
2016-02-13,obm_est7d_hashrate_ehs_daily,1.208465507012,EH/s,daily,OBM v0.1.0
2016-02-14,obm_est7d_hashrate_ehs_daily,1.202288105034,EH/s,daily,OBM v0.1.0
2016-02-15,obm_est7d_hashrate_ehs_daily,1.209406001904,EH/s,daily,OBM v0.1.0
2016-02-16,obm_est7d_hashrate_ehs_daily,1.169478364443,EH/s,daily,OBM v0.1.0
2016-02-17,obm_est7d_hashrate_ehs_daily,1.156967248691,EH/s,daily,OBM v0.1.0
2016-02-18,obm_est7d_hashrate_ehs_daily,1.135742264544,EH/s,daily,OBM v0.1.0
2016-02-19,obm_est7d_hashrate_ehs_daily,1.115769099259,EH/s,daily,OBM v0.1.0
2016-02-20,obm_est7d_hashrate_ehs_daily,1.132660659219,EH/s,daily,OBM v0.1.0
2016-02-21,obm_est7d_hashrate_ehs_daily,1.110664752081,EH/s,daily,OBM v0.1.0
2016-02-22,obm_est7d_hashrate_ehs_daily,1.102862406896,EH/s,daily,OBM v0.1.0
2016-02-23,obm_est7d_hashrate_ehs_daily,1.118307243102,EH/s,daily,OBM v0.1.0
2016-02-24,obm_est7d_hashrate_ehs_daily,1.097025730922,EH/s,daily,OBM v0.1.0
2016-02-25,obm_est7d_hashrate_ehs_daily,1.104404066822,EH/s,daily,OBM v0.1.0
2016-02-26,obm_est7d_hashrate_ehs_daily,1.111445630968,EH/s,daily,OBM v0.1.0
2016-02-27,obm_est7d_hashrate_ehs_daily,1.104934827073,EH/s,daily,OBM v0.1.0
2016-02-28,obm_est7d_hashrate_ehs_daily,1.114391608578,EH/s,daily,OBM v0.1.0
2016-02-29,obm_est7d_hashrate_ehs_daily,1.121938412944,EH/s,daily,OBM v0.1.0
2016-03-01,obm_est7d_hashrate_ehs_daily,1.130043539569,EH/s,daily,OBM v0.1.0
2016-03-02,obm_est7d_hashrate_ehs_daily,1.170985549833,EH/s,daily,OBM v0.1.0
2016-03-03,obm_est7d_hashrate_ehs_daily,1.151410597599,EH/s,daily,OBM v0.1.0
2016-03-04,obm_est7d_hashrate_ehs_daily,1.164501391079,EH/s,daily,OBM v0.1.0
2016-03-05,obm_est7d_hashrate_ehs_daily,1.164069343032,EH/s,daily,OBM v0.1.0
2016-03-06,obm_est7d_hashrate_ehs_daily,1.172776456782,EH/s,daily,OBM v0.1.0
2016-03-07,obm_est7d_hashrate_ehs_daily,1.173065284389,EH/s,daily,OBM v0.1.0
2016-03-08,obm_est7d_hashrate_ehs_daily,1.180947571604,EH/s,daily,OBM v0.1.0
2016-03-09,obm_est7d_hashrate_ehs_daily,1.185278895117,EH/s,daily,OBM v0.1.0
2016-03-10,obm_est7d_hashrate_ehs_daily,1.203229453171,EH/s,daily,OBM v0.1.0
2016-03-11,obm_est7d_hashrate_ehs_daily,1.204689317559,EH/s,daily,OBM v0.1.0
2016-03-12,obm_est7d_hashrate_ehs_daily,1.198980784559,EH/s,daily,OBM v0.1.0
2016-03-13,obm_est7d_hashrate_ehs_daily,1.178220288080,EH/s,daily,OBM v0.1.0
2016-03-14,obm_est7d_hashrate_ehs_daily,1.200989928903,EH/s,daily,OBM v0.1.0
2016-03-15,obm_est7d_hashrate_ehs_daily,1.210206870740,EH/s,daily,OBM v0.1.0
2016-03-16,obm_est7d_hashrate_ehs_daily,1.191086894916,EH/s,daily,OBM v0.1.0
2016-03-17,obm_est7d_hashrate_ehs_daily,1.173955834415,EH/s,daily,OBM v0.1.0
2016-03-18,obm_est7d_hashrate_ehs_daily,1.153189930730,EH/s,daily,OBM v0.1.0
2016-03-19,obm_est7d_hashrate_ehs_daily,1.150393859932,EH/s,daily,OBM v0.1.0
2016-03-20,obm_est7d_hashrate_ehs_daily,1.170754749315,EH/s,daily,OBM v0.1.0
2016-03-21,obm_est7d_hashrate_ehs_daily,1.163894111856,EH/s,daily,OBM v0.1.0
2016-03-22,obm_est7d_hashrate_ehs_daily,1.156495889934,EH/s,daily,OBM v0.1.0
2016-03-23,obm_est7d_hashrate_ehs_daily,1.160313874734,EH/s,daily,OBM v0.1.0
2016-03-24,obm_est7d_hashrate_ehs_daily,1.174357576055,EH/s,daily,OBM v0.1.0
2016-03-25,obm_est7d_hashrate_ehs_daily,1.190365286116,EH/s,daily,OBM v0.1.0
2016-03-26,obm_est7d_hashrate_ehs_daily,1.214037313469,EH/s,daily,OBM v0.1.0
2016-03-27,obm_est7d_hashrate_ehs_daily,1.204973286994,EH/s,daily,OBM v0.1.0
2016-03-28,obm_est7d_hashrate_ehs_daily,1.239569093492,EH/s,daily,OBM v0.1.0
2016-03-29,obm_est7d_hashrate_ehs_daily,1.249919958732,EH/s,daily,OBM v0.1.0
2016-03-30,obm_est7d_hashrate_ehs_daily,1.251416679390,EH/s,daily,OBM v0.1.0
2016-03-31,obm_est7d_hashrate_ehs_daily,1.223980177824,EH/s,daily,OBM v0.1.0
2016-04-01,obm_est7d_hashrate_ehs_daily,1.232039822036,EH/s,daily,OBM v0.1.0
2016-04-02,obm_est7d_hashrate_ehs_daily,1.214829756639,EH/s,daily,OBM v0.1.0
2016-04-03,obm_est7d_hashrate_ehs_daily,1.217708929561,EH/s,daily,OBM v0.1.0
2016-04-04,obm_est7d_hashrate_ehs_daily,1.215195444849,EH/s,daily,OBM v0.1.0
2016-04-05,obm_est7d_hashrate_ehs_daily,1.217780558233,EH/s,daily,OBM v0.1.0
2016-04-06,obm_est7d_hashrate_ehs_daily,1.227056803880,EH/s,daily,OBM v0.1.0
2016-04-07,obm_est7d_hashrate_ehs_daily,1.248636825635,EH/s,daily,OBM v0.1.0
2016-04-08,obm_est7d_hashrate_ehs_daily,1.237073626262,EH/s,daily,OBM v0.1.0
2016-04-09,obm_est7d_hashrate_ehs_daily,1.268515265307,EH/s,daily,OBM v0.1.0
2016-04-10,obm_est7d_hashrate_ehs_daily,1.300726172847,EH/s,daily,OBM v0.1.0
2016-04-11,obm_est7d_hashrate_ehs_daily,1.284880785998,EH/s,daily,OBM v0.1.0
2016-04-12,obm_est7d_hashrate_ehs_daily,1.277451490516,EH/s,daily,OBM v0.1.0
2016-04-13,obm_est7d_hashrate_ehs_daily,1.284221693964,EH/s,daily,OBM v0.1.0
2016-04-14,obm_est7d_hashrate_ehs_daily,1.324057914847,EH/s,daily,OBM v0.1.0
2016-04-15,obm_est7d_hashrate_ehs_daily,1.329610716001,EH/s,daily,OBM v0.1.0
2016-04-16,obm_est7d_hashrate_ehs_daily,1.315503739288,EH/s,daily,OBM v0.1.0
2016-04-17,obm_est7d_hashrate_ehs_daily,1.308816097866,EH/s,daily,OBM v0.1.0
2016-04-18,obm_est7d_hashrate_ehs_daily,1.299381743808,EH/s,daily,OBM v0.1.0
2016-04-19,obm_est7d_hashrate_ehs_daily,1.310927907393,EH/s,daily,OBM v0.1.0
2016-04-20,obm_est7d_hashrate_ehs_daily,1.326749117180,EH/s,daily,OBM v0.1.0
2016-04-21,obm_est7d_hashrate_ehs_daily,1.315731922921,EH/s,daily,OBM v0.1.0
2016-04-22,obm_est7d_hashrate_ehs_daily,1.320803749625,EH/s,daily,OBM v0.1.0
2016-04-23,obm_est7d_hashrate_ehs_daily,1.327103305073,EH/s,daily,OBM v0.1.0
2016-04-24,obm_est7d_hashrate_ehs_daily,1.299842788893,EH/s,daily,OBM v0.1.0
2016-04-25,obm_est7d_hashrate_ehs_daily,1.286815311702,EH/s,daily,OBM v0.1.0
2016-04-26,obm_est7d_hashrate_ehs_daily,1.288562986257,EH/s,daily,OBM v0.1.0
2016-04-27,obm_est7d_hashrate_ehs_daily,1.245151757674,EH/s,daily,OBM v0.1.0
2016-04-28,obm_est7d_hashrate_ehs_daily,1.226286210898,EH/s,daily,OBM v0.1.0
2016-04-29,obm_est7d_hashrate_ehs_daily,1.241522530326,EH/s,daily,OBM v0.1.0
2016-04-30,obm_est7d_hashrate_ehs_daily,1.245523091358,EH/s,daily,OBM v0.1.0
2016-05-01,obm_est7d_hashrate_ehs_daily,1.275825878680,EH/s,daily,OBM v0.1.0
2016-05-02,obm_est7d_hashrate_ehs_daily,1.309775084818,EH/s,daily,OBM v0.1.0
2016-05-03,obm_est7d_hashrate_ehs_daily,1.308584772336,EH/s,daily,OBM v0.1.0
2016-05-04,obm_est7d_hashrate_ehs_daily,1.358098132364,EH/s,daily,OBM v0.1.0
2016-05-05,obm_est7d_hashrate_ehs_daily,1.382797278559,EH/s,daily,OBM v0.1.0
2016-05-06,obm_est7d_hashrate_ehs_daily,1.388453124072,EH/s,daily,OBM v0.1.0
2016-05-07,obm_est7d_hashrate_ehs_daily,1.394365386950,EH/s,daily,OBM v0.1.0
2016-05-08,obm_est7d_hashrate_ehs_daily,1.408684207019,EH/s,daily,OBM v0.1.0
2016-05-09,obm_est7d_hashrate_ehs_daily,1.426142408740,EH/s,daily,OBM v0.1.0
2016-05-10,obm_est7d_hashrate_ehs_daily,1.436133056099,EH/s,daily,OBM v0.1.0
2016-05-11,obm_est7d_hashrate_ehs_daily,1.405839610695,EH/s,daily,OBM v0.1.0
2016-05-12,obm_est7d_hashrate_ehs_daily,1.403288704690,EH/s,daily,OBM v0.1.0
2016-05-13,obm_est7d_hashrate_ehs_daily,1.402428263603,EH/s,daily,OBM v0.1.0
2016-05-14,obm_est7d_hashrate_ehs_daily,1.411862464998,EH/s,daily,OBM v0.1.0
2016-05-15,obm_est7d_hashrate_ehs_daily,1.391298052821,EH/s,daily,OBM v0.1.0
2016-05-16,obm_est7d_hashrate_ehs_daily,1.369370705261,EH/s,daily,OBM v0.1.0
2016-05-17,obm_est7d_hashrate_ehs_daily,1.362717966604,EH/s,daily,OBM v0.1.0
2016-05-18,obm_est7d_hashrate_ehs_daily,1.395430539207,EH/s,daily,OBM v0.1.0
2016-05-19,obm_est7d_hashrate_ehs_daily,1.368203572355,EH/s,daily,OBM v0.1.0
2016-05-20,obm_est7d_hashrate_ehs_daily,1.365285525831,EH/s,daily,OBM v0.1.0
2016-05-21,obm_est7d_hashrate_ehs_daily,1.358192577147,EH/s,daily,OBM v0.1.0
2016-05-22,obm_est7d_hashrate_ehs_daily,1.421956464317,EH/s,daily,OBM v0.1.0
2016-05-23,obm_est7d_hashrate_ehs_daily,1.474779964385,EH/s,daily,OBM v0.1.0
2016-05-24,obm_est7d_hashrate_ehs_daily,1.486014807864,EH/s,daily,OBM v0.1.0
2016-05-25,obm_est7d_hashrate_ehs_daily,1.469691346379,EH/s,daily,OBM v0.1.0
2016-05-26,obm_est7d_hashrate_ehs_daily,1.492591252259,EH/s,daily,OBM v0.1.0
2016-05-27,obm_est7d_hashrate_ehs_daily,1.486004062866,EH/s,daily,OBM v0.1.0
2016-05-28,obm_est7d_hashrate_ehs_daily,1.477309547861,EH/s,daily,OBM v0.1.0
2016-05-29,obm_est7d_hashrate_ehs_daily,1.433188148650,EH/s,daily,OBM v0.1.0
2016-05-30,obm_est7d_hashrate_ehs_daily,1.387169745006,EH/s,daily,OBM v0.1.0
2016-05-31,obm_est7d_hashrate_ehs_daily,1.365254721970,EH/s,daily,OBM v0.1.0
2016-06-01,obm_est7d_hashrate_ehs_daily,1.371947922769,EH/s,daily,OBM v0.1.0
2016-06-02,obm_est7d_hashrate_ehs_daily,1.379044715692,EH/s,daily,OBM v0.1.0
2016-06-03,obm_est7d_hashrate_ehs_daily,1.379807508911,EH/s,daily,OBM v0.1.0
2016-06-04,obm_est7d_hashrate_ehs_daily,1.362780059491,EH/s,daily,OBM v0.1.0
2016-06-05,obm_est7d_hashrate_ehs_daily,1.396914870532,EH/s,daily,OBM v0.1.0
2016-06-06,obm_est7d_hashrate_ehs_daily,1.431398648800,EH/s,daily,OBM v0.1.0
2016-06-07,obm_est7d_hashrate_ehs_daily,1.447799048455,EH/s,daily,OBM v0.1.0
2016-06-08,obm_est7d_hashrate_ehs_daily,1.454582235584,EH/s,daily,OBM v0.1.0
2016-06-09,obm_est7d_hashrate_ehs_daily,1.483700536789,EH/s,daily,OBM v0.1.0
2016-06-10,obm_est7d_hashrate_ehs_daily,1.479635827311,EH/s,daily,OBM v0.1.0
2016-06-11,obm_est7d_hashrate_ehs_daily,1.530370061161,EH/s,daily,OBM v0.1.0
2016-06-12,obm_est7d_hashrate_ehs_daily,1.491724114400,EH/s,daily,OBM v0.1.0
2016-06-13,obm_est7d_hashrate_ehs_daily,1.475077928030,EH/s,daily,OBM v0.1.0
2016-06-14,obm_est7d_hashrate_ehs_daily,1.460785436071,EH/s,daily,OBM v0.1.0
2016-06-15,obm_est7d_hashrate_ehs_daily,1.472860670617,EH/s,daily,OBM v0.1.0
2016-06-16,obm_est7d_hashrate_ehs_daily,1.453722946853,EH/s,daily,OBM v0.1.0
2016-06-17,obm_est7d_hashrate_ehs_daily,1.456509965838,EH/s,daily,OBM v0.1.0
2016-06-18,obm_est7d_hashrate_ehs_daily,1.458445406511,EH/s,daily,OBM v0.1.0
2016-06-19,obm_est7d_hashrate_ehs_daily,1.505430341012,EH/s,daily,OBM v0.1.0
2016-06-20,obm_est7d_hashrate_ehs_daily,1.506606587164,EH/s,daily,OBM v0.1.0
2016-06-21,obm_est7d_hashrate_ehs_daily,1.541736443406,EH/s,daily,OBM v0.1.0
2016-06-22,obm_est7d_hashrate_ehs_daily,1.524442487034,EH/s,daily,OBM v0.1.0
2016-06-23,obm_est7d_hashrate_ehs_daily,1.522281870292,EH/s,daily,OBM v0.1.0
2016-06-24,obm_est7d_hashrate_ehs_daily,1.505328654944,EH/s,daily,OBM v0.1.0
2016-06-25,obm_est7d_hashrate_ehs_daily,1.526840789412,EH/s,daily,OBM v0.1.0
2016-06-26,obm_est7d_hashrate_ehs_daily,1.499800961696,EH/s,daily,OBM v0.1.0
2016-06-27,obm_est7d_hashrate_ehs_daily,1.488744881745,EH/s,daily,OBM v0.1.0
2016-06-28,obm_est7d_hashrate_ehs_daily,1.495415016818,EH/s,daily,OBM v0.1.0
2016-06-29,obm_est7d_hashrate_ehs_daily,1.519653329997,EH/s,daily,OBM v0.1.0
2016-06-30,obm_est7d_hashrate_ehs_daily,1.530193430812,EH/s,daily,OBM v0.1.0
2016-07-01,obm_est7d_hashrate_ehs_daily,1.572050069944,EH/s,daily,OBM v0.1.0
2016-07-02,obm_est7d_hashrate_ehs_daily,1.549649255234,EH/s,daily,OBM v0.1.0
2016-07-03,obm_est7d_hashrate_ehs_daily,1.564989519007,EH/s,daily,OBM v0.1.0
2016-07-04,obm_est7d_hashrate_ehs_daily,1.567780478268,EH/s,daily,OBM v0.1.0
2016-07-05,obm_est7d_hashrate_ehs_daily,1.569240288044,EH/s,daily,OBM v0.1.0
2016-07-06,obm_est7d_hashrate_ehs_daily,1.562661758553,EH/s,daily,OBM v0.1.0
2016-07-07,obm_est7d_hashrate_ehs_daily,1.546860509213,EH/s,daily,OBM v0.1.0
2016-07-08,obm_est7d_hashrate_ehs_daily,1.536385347010,EH/s,daily,OBM v0.1.0
2016-07-09,obm_est7d_hashrate_ehs_daily,1.540236236897,EH/s,daily,OBM v0.1.0
2016-07-10,obm_est7d_hashrate_ehs_daily,1.548309031714,EH/s,daily,OBM v0.1.0
2016-07-11,obm_est7d_hashrate_ehs_daily,1.539559370233,EH/s,daily,OBM v0.1.0
2016-07-12,obm_est7d_hashrate_ehs_daily,1.538481138129,EH/s,daily,OBM v0.1.0
2016-07-13,obm_est7d_hashrate_ehs_daily,1.524614624207,EH/s,daily,OBM v0.1.0
2016-07-14,obm_est7d_hashrate_ehs_daily,1.526072264663,EH/s,daily,OBM v0.1.0
2016-07-15,obm_est7d_hashrate_ehs_daily,1.514471968781,EH/s,daily,OBM v0.1.0
2016-07-16,obm_est7d_hashrate_ehs_daily,1.524428544318,EH/s,daily,OBM v0.1.0
2016-07-17,obm_est7d_hashrate_ehs_daily,1.515175571734,EH/s,daily,OBM v0.1.0
2016-07-18,obm_est7d_hashrate_ehs_daily,1.519836655802,EH/s,daily,OBM v0.1.0
2016-07-19,obm_est7d_hashrate_ehs_daily,1.497997801688,EH/s,daily,OBM v0.1.0
2016-07-20,obm_est7d_hashrate_ehs_daily,1.531319514194,EH/s,daily,OBM v0.1.0
2016-07-21,obm_est7d_hashrate_ehs_daily,1.523075360101,EH/s,daily,OBM v0.1.0
2016-07-22,obm_est7d_hashrate_ehs_daily,1.512396428112,EH/s,daily,OBM v0.1.0
2016-07-23,obm_est7d_hashrate_ehs_daily,1.468242804720,EH/s,daily,OBM v0.1.0
2016-07-24,obm_est7d_hashrate_ehs_daily,1.434973078891,EH/s,daily,OBM v0.1.0
2016-07-25,obm_est7d_hashrate_ehs_daily,1.404902751339,EH/s,daily,OBM v0.1.0
2016-07-26,obm_est7d_hashrate_ehs_daily,1.408596764152,EH/s,daily,OBM v0.1.0
2016-07-27,obm_est7d_hashrate_ehs_daily,1.373576194513,EH/s,daily,OBM v0.1.0
2016-07-28,obm_est7d_hashrate_ehs_daily,1.379488101420,EH/s,daily,OBM v0.1.0
2016-07-29,obm_est7d_hashrate_ehs_daily,1.405344554894,EH/s,daily,OBM v0.1.0
2016-07-30,obm_est7d_hashrate_ehs_daily,1.388431127348,EH/s,daily,OBM v0.1.0
2016-07-31,obm_est7d_hashrate_ehs_daily,1.436006371866,EH/s,daily,OBM v0.1.0
2016-08-01,obm_est7d_hashrate_ehs_daily,1.466094261284,EH/s,daily,OBM v0.1.0
2016-08-02,obm_est7d_hashrate_ehs_daily,1.507555955485,EH/s,daily,OBM v0.1.0
2016-08-03,obm_est7d_hashrate_ehs_daily,1.544610916043,EH/s,daily,OBM v0.1.0
2016-08-04,obm_est7d_hashrate_ehs_daily,1.560595417891,EH/s,daily,OBM v0.1.0
2016-08-05,obm_est7d_hashrate_ehs_daily,1.581918471218,EH/s,daily,OBM v0.1.0
2016-08-06,obm_est7d_hashrate_ehs_daily,1.635355036001,EH/s,daily,OBM v0.1.0
2016-08-07,obm_est7d_hashrate_ehs_daily,1.615289031771,EH/s,daily,OBM v0.1.0
2016-08-08,obm_est7d_hashrate_ehs_daily,1.594259612048,EH/s,daily,OBM v0.1.0
2016-08-09,obm_est7d_hashrate_ehs_daily,1.540356715657,EH/s,daily,OBM v0.1.0
2016-08-10,obm_est7d_hashrate_ehs_daily,1.526234773445,EH/s,daily,OBM v0.1.0
2016-08-11,obm_est7d_hashrate_ehs_daily,1.514738606126,EH/s,daily,OBM v0.1.0
2016-08-12,obm_est7d_hashrate_ehs_daily,1.487418419204,EH/s,daily,OBM v0.1.0
2016-08-13,obm_est7d_hashrate_ehs_daily,1.484780482477,EH/s,daily,OBM v0.1.0
2016-08-14,obm_est7d_hashrate_ehs_daily,1.503576705964,EH/s,daily,OBM v0.1.0
2016-08-15,obm_est7d_hashrate_ehs_daily,1.504984649679,EH/s,daily,OBM v0.1.0
2016-08-16,obm_est7d_hashrate_ehs_daily,1.532840145062,EH/s,daily,OBM v0.1.0
2016-08-17,obm_est7d_hashrate_ehs_daily,1.506672143467,EH/s,daily,OBM v0.1.0
2016-08-18,obm_est7d_hashrate_ehs_daily,1.528701325738,EH/s,daily,OBM v0.1.0
2016-08-19,obm_est7d_hashrate_ehs_daily,1.559504737540,EH/s,daily,OBM v0.1.0
2016-08-20,obm_est7d_hashrate_ehs_daily,1.559535335291,EH/s,daily,OBM v0.1.0
2016-08-21,obm_est7d_hashrate_ehs_daily,1.577120441649,EH/s,daily,OBM v0.1.0
2016-08-22,obm_est7d_hashrate_ehs_daily,1.613808237559,EH/s,daily,OBM v0.1.0
2016-08-23,obm_est7d_hashrate_ehs_daily,1.630502705345,EH/s,daily,OBM v0.1.0
2016-08-24,obm_est7d_hashrate_ehs_daily,1.678705361163,EH/s,daily,OBM v0.1.0
2016-08-25,obm_est7d_hashrate_ehs_daily,1.637084693843,EH/s,daily,OBM v0.1.0
2016-08-26,obm_est7d_hashrate_ehs_daily,1.603271826297,EH/s,daily,OBM v0.1.0
2016-08-27,obm_est7d_hashrate_ehs_daily,1.588701275942,EH/s,daily,OBM v0.1.0
2016-08-28,obm_est7d_hashrate_ehs_daily,1.576586899226,EH/s,daily,OBM v0.1.0
2016-08-29,obm_est7d_hashrate_ehs_daily,1.555963582362,EH/s,daily,OBM v0.1.0
2016-08-30,obm_est7d_hashrate_ehs_daily,1.586284917201,EH/s,daily,OBM v0.1.0
2016-08-31,obm_est7d_hashrate_ehs_daily,1.561084312172,EH/s,daily,OBM v0.1.0
2016-09-01,obm_est7d_hashrate_ehs_daily,1.580811884933,EH/s,daily,OBM v0.1.0
2016-09-02,obm_est7d_hashrate_ehs_daily,1.617027724025,EH/s,daily,OBM v0.1.0
2016-09-03,obm_est7d_hashrate_ehs_daily,1.594147667528,EH/s,daily,OBM v0.1.0
2016-09-04,obm_est7d_hashrate_ehs_daily,1.639589061640,EH/s,daily,OBM v0.1.0
2016-09-05,obm_est7d_hashrate_ehs_daily,1.625068120305,EH/s,daily,OBM v0.1.0
2016-09-06,obm_est7d_hashrate_ehs_daily,1.585759429246,EH/s,daily,OBM v0.1.0
2016-09-07,obm_est7d_hashrate_ehs_daily,1.609930808169,EH/s,daily,OBM v0.1.0
2016-09-08,obm_est7d_hashrate_ehs_daily,1.617079783808,EH/s,daily,OBM v0.1.0
2016-09-09,obm_est7d_hashrate_ehs_daily,1.599945112756,EH/s,daily,OBM v0.1.0
2016-09-10,obm_est7d_hashrate_ehs_daily,1.646839239400,EH/s,daily,OBM v0.1.0
2016-09-11,obm_est7d_hashrate_ehs_daily,1.621298437013,EH/s,daily,OBM v0.1.0
2016-09-12,obm_est7d_hashrate_ehs_daily,1.663662674336,EH/s,daily,OBM v0.1.0
2016-09-13,obm_est7d_hashrate_ehs_daily,1.715469237295,EH/s,daily,OBM v0.1.0
2016-09-14,obm_est7d_hashrate_ehs_daily,1.728092059428,EH/s,daily,OBM v0.1.0
2016-09-15,obm_est7d_hashrate_ehs_daily,1.744758230391,EH/s,daily,OBM v0.1.0
2016-09-16,obm_est7d_hashrate_ehs_daily,1.749255469364,EH/s,daily,OBM v0.1.0
2016-09-17,obm_est7d_hashrate_ehs_daily,1.764845380307,EH/s,daily,OBM v0.1.0
2016-09-18,obm_est7d_hashrate_ehs_daily,1.742478623567,EH/s,daily,OBM v0.1.0
2016-09-19,obm_est7d_hashrate_ehs_daily,1.696745208257,EH/s,daily,OBM v0.1.0
2016-09-20,obm_est7d_hashrate_ehs_daily,1.670420730343,EH/s,daily,OBM v0.1.0
2016-09-21,obm_est7d_hashrate_ehs_daily,1.685959409758,EH/s,daily,OBM v0.1.0
2016-09-22,obm_est7d_hashrate_ehs_daily,1.665033890636,EH/s,daily,OBM v0.1.0
2016-09-23,obm_est7d_hashrate_ehs_daily,1.661658870689,EH/s,daily,OBM v0.1.0
2016-09-24,obm_est7d_hashrate_ehs_daily,1.668483028164,EH/s,daily,OBM v0.1.0
2016-09-25,obm_est7d_hashrate_ehs_daily,1.742029180633,EH/s,daily,OBM v0.1.0
2016-09-26,obm_est7d_hashrate_ehs_daily,1.797377329860,EH/s,daily,OBM v0.1.0
2016-09-27,obm_est7d_hashrate_ehs_daily,1.835896192239,EH/s,daily,OBM v0.1.0
2016-09-28,obm_est7d_hashrate_ehs_daily,1.826544290390,EH/s,daily,OBM v0.1.0
2016-09-29,obm_est7d_hashrate_ehs_daily,1.840902672334,EH/s,daily,OBM v0.1.0
2016-09-30,obm_est7d_hashrate_ehs_daily,1.869088091066,EH/s,daily,OBM v0.1.0
2016-10-01,obm_est7d_hashrate_ehs_daily,1.868711828388,EH/s,daily,OBM v0.1.0
2016-10-02,obm_est7d_hashrate_ehs_daily,1.815569188946,EH/s,daily,OBM v0.1.0
2016-10-03,obm_est7d_hashrate_ehs_daily,1.801054319730,EH/s,daily,OBM v0.1.0
2016-10-04,obm_est7d_hashrate_ehs_daily,1.795091475615,EH/s,daily,OBM v0.1.0
2016-10-05,obm_est7d_hashrate_ehs_daily,1.817792799529,EH/s,daily,OBM v0.1.0
2016-10-06,obm_est7d_hashrate_ehs_daily,1.846826729137,EH/s,daily,OBM v0.1.0
2016-10-07,obm_est7d_hashrate_ehs_daily,1.850719399904,EH/s,daily,OBM v0.1.0
2016-10-08,obm_est7d_hashrate_ehs_daily,1.882850070814,EH/s,daily,OBM v0.1.0
2016-10-09,obm_est7d_hashrate_ehs_daily,1.935522907172,EH/s,daily,OBM v0.1.0
2016-10-10,obm_est7d_hashrate_ehs_daily,1.904437246777,EH/s,daily,OBM v0.1.0
2016-10-11,obm_est7d_hashrate_ehs_daily,1.886820239158,EH/s,daily,OBM v0.1.0
2016-10-12,obm_est7d_hashrate_ehs_daily,1.864923909895,EH/s,daily,OBM v0.1.0
2016-10-13,obm_est7d_hashrate_ehs_daily,1.826372269562,EH/s,daily,OBM v0.1.0
2016-10-14,obm_est7d_hashrate_ehs_daily,1.827159464293,EH/s,daily,OBM v0.1.0
2016-10-15,obm_est7d_hashrate_ehs_daily,1.787122515923,EH/s,daily,OBM v0.1.0
2016-10-16,obm_est7d_hashrate_ehs_daily,1.731491225502,EH/s,daily,OBM v0.1.0
2016-10-17,obm_est7d_hashrate_ehs_daily,1.734265183877,EH/s,daily,OBM v0.1.0
2016-10-18,obm_est7d_hashrate_ehs_daily,1.763058585995,EH/s,daily,OBM v0.1.0
2016-10-19,obm_est7d_hashrate_ehs_daily,1.734533738131,EH/s,daily,OBM v0.1.0
2016-10-20,obm_est7d_hashrate_ehs_daily,1.744591379958,EH/s,daily,OBM v0.1.0
2016-10-21,obm_est7d_hashrate_ehs_daily,1.792052840032,EH/s,daily,OBM v0.1.0
2016-10-22,obm_est7d_hashrate_ehs_daily,1.803816050902,EH/s,daily,OBM v0.1.0
2016-10-23,obm_est7d_hashrate_ehs_daily,1.828457859706,EH/s,daily,OBM v0.1.0
2016-10-24,obm_est7d_hashrate_ehs_daily,1.855547177742,EH/s,daily,OBM v0.1.0
2016-10-25,obm_est7d_hashrate_ehs_daily,1.820074565358,EH/s,daily,OBM v0.1.0
2016-10-26,obm_est7d_hashrate_ehs_daily,1.842568706836,EH/s,daily,OBM v0.1.0
2016-10-27,obm_est7d_hashrate_ehs_daily,1.893097973750,EH/s,daily,OBM v0.1.0
2016-10-28,obm_est7d_hashrate_ehs_daily,1.858669103514,EH/s,daily,OBM v0.1.0
2016-10-29,obm_est7d_hashrate_ehs_daily,1.850412348434,EH/s,daily,OBM v0.1.0
2016-10-30,obm_est7d_hashrate_ehs_daily,1.895419810263,EH/s,daily,OBM v0.1.0
2016-10-31,obm_est7d_hashrate_ehs_daily,1.908472745496,EH/s,daily,OBM v0.1.0
2016-11-01,obm_est7d_hashrate_ehs_daily,1.912233341383,EH/s,daily,OBM v0.1.0
2016-11-02,obm_est7d_hashrate_ehs_daily,1.905494979421,EH/s,daily,OBM v0.1.0
2016-11-03,obm_est7d_hashrate_ehs_daily,1.890666827750,EH/s,daily,OBM v0.1.0
2016-11-04,obm_est7d_hashrate_ehs_daily,1.825297028790,EH/s,daily,OBM v0.1.0
2016-11-05,obm_est7d_hashrate_ehs_daily,1.822859014560,EH/s,daily,OBM v0.1.0
2016-11-06,obm_est7d_hashrate_ehs_daily,1.798769115194,EH/s,daily,OBM v0.1.0
2016-11-07,obm_est7d_hashrate_ehs_daily,1.798431115525,EH/s,daily,OBM v0.1.0
2016-11-08,obm_est7d_hashrate_ehs_daily,1.840581473828,EH/s,daily,OBM v0.1.0
2016-11-09,obm_est7d_hashrate_ehs_daily,1.871048417376,EH/s,daily,OBM v0.1.0
2016-11-10,obm_est7d_hashrate_ehs_daily,1.895790872872,EH/s,daily,OBM v0.1.0
2016-11-11,obm_est7d_hashrate_ehs_daily,1.978333259556,EH/s,daily,OBM v0.1.0
2016-11-12,obm_est7d_hashrate_ehs_daily,2.020023761655,EH/s,daily,OBM v0.1.0
2016-11-13,obm_est7d_hashrate_ehs_daily,1.997242582092,EH/s,daily,OBM v0.1.0
2016-11-14,obm_est7d_hashrate_ehs_daily,2.042988936761,EH/s,daily,OBM v0.1.0
2016-11-15,obm_est7d_hashrate_ehs_daily,2.020109842898,EH/s,daily,OBM v0.1.0
2016-11-16,obm_est7d_hashrate_ehs_daily,2.067769748595,EH/s,daily,OBM v0.1.0
2016-11-17,obm_est7d_hashrate_ehs_daily,2.046428579147,EH/s,daily,OBM v0.1.0
2016-11-18,obm_est7d_hashrate_ehs_daily,2.037298765488,EH/s,daily,OBM v0.1.0
2016-11-19,obm_est7d_hashrate_ehs_daily,2.019740301658,EH/s,daily,OBM v0.1.0
2016-11-20,obm_est7d_hashrate_ehs_daily,2.026294529637,EH/s,daily,OBM v0.1.0
2016-11-21,obm_est7d_hashrate_ehs_daily,1.989248831258,EH/s,daily,OBM v0.1.0
2016-11-22,obm_est7d_hashrate_ehs_daily,1.975300941349,EH/s,daily,OBM v0.1.0
2016-11-23,obm_est7d_hashrate_ehs_daily,1.963439839340,EH/s,daily,OBM v0.1.0
2016-11-24,obm_est7d_hashrate_ehs_daily,1.992878100804,EH/s,daily,OBM v0.1.0
2016-11-25,obm_est7d_hashrate_ehs_daily,2.009390793825,EH/s,daily,OBM v0.1.0
2016-11-26,obm_est7d_hashrate_ehs_daily,2.033339362293,EH/s,daily,OBM v0.1.0
2016-11-27,obm_est7d_hashrate_ehs_daily,2.070329934482,EH/s,daily,OBM v0.1.0
2016-11-28,obm_est7d_hashrate_ehs_daily,2.119093943555,EH/s,daily,OBM v0.1.0
2016-11-29,obm_est7d_hashrate_ehs_daily,2.143990581696,EH/s,daily,OBM v0.1.0
2016-11-30,obm_est7d_hashrate_ehs_daily,2.136847614348,EH/s,daily,OBM v0.1.0
2016-12-01,obm_est7d_hashrate_ehs_daily,2.103893281594,EH/s,daily,OBM v0.1.0
2016-12-02,obm_est7d_hashrate_ehs_daily,2.094135368915,EH/s,daily,OBM v0.1.0
2016-12-03,obm_est7d_hashrate_ehs_daily,2.135447269743,EH/s,daily,OBM v0.1.0
2016-12-04,obm_est7d_hashrate_ehs_daily,2.148717878812,EH/s,daily,OBM v0.1.0
2016-12-05,obm_est7d_hashrate_ehs_daily,2.129339073225,EH/s,daily,OBM v0.1.0
2016-12-06,obm_est7d_hashrate_ehs_daily,2.137945427399,EH/s,daily,OBM v0.1.0
2016-12-07,obm_est7d_hashrate_ehs_daily,2.205782644496,EH/s,daily,OBM v0.1.0
2016-12-08,obm_est7d_hashrate_ehs_daily,2.239943176761,EH/s,daily,OBM v0.1.0
2016-12-09,obm_est7d_hashrate_ehs_daily,2.224862616696,EH/s,daily,OBM v0.1.0
2016-12-10,obm_est7d_hashrate_ehs_daily,2.136344674206,EH/s,daily,OBM v0.1.0
2016-12-11,obm_est7d_hashrate_ehs_daily,2.213918657440,EH/s,daily,OBM v0.1.0
2016-12-12,obm_est7d_hashrate_ehs_daily,2.223510581681,EH/s,daily,OBM v0.1.0
2016-12-13,obm_est7d_hashrate_ehs_daily,2.283640545882,EH/s,daily,OBM v0.1.0
2016-12-14,obm_est7d_hashrate_ehs_daily,2.223975606006,EH/s,daily,OBM v0.1.0
2016-12-15,obm_est7d_hashrate_ehs_daily,2.166482162471,EH/s,daily,OBM v0.1.0
2016-12-16,obm_est7d_hashrate_ehs_daily,2.195036167700,EH/s,daily,OBM v0.1.0
2016-12-17,obm_est7d_hashrate_ehs_daily,2.239688526541,EH/s,daily,OBM v0.1.0
2016-12-18,obm_est7d_hashrate_ehs_daily,2.164781683986,EH/s,daily,OBM v0.1.0
2016-12-19,obm_est7d_hashrate_ehs_daily,2.179932897606,EH/s,daily,OBM v0.1.0
2016-12-20,obm_est7d_hashrate_ehs_daily,2.120262902401,EH/s,daily,OBM v0.1.0
2016-12-21,obm_est7d_hashrate_ehs_daily,2.194026388538,EH/s,daily,OBM v0.1.0
2016-12-22,obm_est7d_hashrate_ehs_daily,2.259265936605,EH/s,daily,OBM v0.1.0
2016-12-23,obm_est7d_hashrate_ehs_daily,2.300045144302,EH/s,daily,OBM v0.1.0
2016-12-24,obm_est7d_hashrate_ehs_daily,2.289917897204,EH/s,daily,OBM v0.1.0
2016-12-25,obm_est7d_hashrate_ehs_daily,2.340811884364,EH/s,daily,OBM v0.1.0
2016-12-26,obm_est7d_hashrate_ehs_daily,2.320959642619,EH/s,daily,OBM v0.1.0
2016-12-27,obm_est7d_hashrate_ehs_daily,2.359804231484,EH/s,daily,OBM v0.1.0
2016-12-28,obm_est7d_hashrate_ehs_daily,2.374217542442,EH/s,daily,OBM v0.1.0
2016-12-29,obm_est7d_hashrate_ehs_daily,2.360436776071,EH/s,daily,OBM v0.1.0
2016-12-30,obm_est7d_hashrate_ehs_daily,2.380179711343,EH/s,daily,OBM v0.1.0
2016-12-31,obm_est7d_hashrate_ehs_daily,2.414279693589,EH/s,daily,OBM v0.1.0
2017-01-01,obm_est7d_hashrate_ehs_daily,2.400038888392,EH/s,daily,OBM v0.1.0
2017-01-02,obm_est7d_hashrate_ehs_daily,2.448016442088,EH/s,daily,OBM v0.1.0
2017-01-03,obm_est7d_hashrate_ehs_daily,2.474436424335,EH/s,daily,OBM v0.1.0
2017-01-04,obm_est7d_hashrate_ehs_daily,2.455318347154,EH/s,daily,OBM v0.1.0
2017-01-05,obm_est7d_hashrate_ehs_daily,2.432814897543,EH/s,daily,OBM v0.1.0
2017-01-06,obm_est7d_hashrate_ehs_daily,2.440517121572,EH/s,daily,OBM v0.1.0
2017-01-07,obm_est7d_hashrate_ehs_daily,2.420652184904,EH/s,daily,OBM v0.1.0
2017-01-08,obm_est7d_hashrate_ehs_daily,2.443300320576,EH/s,daily,OBM v0.1.0
2017-01-09,obm_est7d_hashrate_ehs_daily,2.390959643812,EH/s,daily,OBM v0.1.0
2017-01-10,obm_est7d_hashrate_ehs_daily,2.394336919106,EH/s,daily,OBM v0.1.0
2017-01-11,obm_est7d_hashrate_ehs_daily,2.404118267449,EH/s,daily,OBM v0.1.0
2017-01-12,obm_est7d_hashrate_ehs_daily,2.507664267110,EH/s,daily,OBM v0.1.0
2017-01-13,obm_est7d_hashrate_ehs_daily,2.497064733695,EH/s,daily,OBM v0.1.0
2017-01-14,obm_est7d_hashrate_ehs_daily,2.598592336364,EH/s,daily,OBM v0.1.0
2017-01-15,obm_est7d_hashrate_ehs_daily,2.619212673110,EH/s,daily,OBM v0.1.0
2017-01-16,obm_est7d_hashrate_ehs_daily,2.715913331761,EH/s,daily,OBM v0.1.0
2017-01-17,obm_est7d_hashrate_ehs_daily,2.732869558088,EH/s,daily,OBM v0.1.0
2017-01-18,obm_est7d_hashrate_ehs_daily,2.727905704565,EH/s,daily,OBM v0.1.0
2017-01-19,obm_est7d_hashrate_ehs_daily,2.728049476247,EH/s,daily,OBM v0.1.0
2017-01-20,obm_est7d_hashrate_ehs_daily,2.825049760130,EH/s,daily,OBM v0.1.0
2017-01-21,obm_est7d_hashrate_ehs_daily,2.845988214994,EH/s,daily,OBM v0.1.0
2017-01-22,obm_est7d_hashrate_ehs_daily,2.868530260905,EH/s,daily,OBM v0.1.0
2017-01-23,obm_est7d_hashrate_ehs_daily,2.855281396804,EH/s,daily,OBM v0.1.0
2017-01-24,obm_est7d_hashrate_ehs_daily,2.882526363799,EH/s,daily,OBM v0.1.0
2017-01-25,obm_est7d_hashrate_ehs_daily,2.943776173470,EH/s,daily,OBM v0.1.0
2017-01-26,obm_est7d_hashrate_ehs_daily,2.957798953784,EH/s,daily,OBM v0.1.0
2017-01-27,obm_est7d_hashrate_ehs_daily,2.986941751308,EH/s,daily,OBM v0.1.0
2017-01-28,obm_est7d_hashrate_ehs_daily,2.970850984617,EH/s,daily,OBM v0.1.0
2017-01-29,obm_est7d_hashrate_ehs_daily,3.018351532987,EH/s,daily,OBM v0.1.0
2017-01-30,obm_est7d_hashrate_ehs_daily,3.037318042641,EH/s,daily,OBM v0.1.0
2017-01-31,obm_est7d_hashrate_ehs_daily,3.030253463233,EH/s,daily,OBM v0.1.0
2017-02-01,obm_est7d_hashrate_ehs_daily,3.142466635115,EH/s,daily,OBM v0.1.0
2017-02-02,obm_est7d_hashrate_ehs_daily,3.148579553392,EH/s,daily,OBM v0.1.0
2017-02-03,obm_est7d_hashrate_ehs_daily,3.088739534125,EH/s,daily,OBM v0.1.0
2017-02-04,obm_est7d_hashrate_ehs_daily,3.065691490786,EH/s,daily,OBM v0.1.0
2017-02-05,obm_est7d_hashrate_ehs_daily,3.080287079101,EH/s,daily,OBM v0.1.0
2017-02-06,obm_est7d_hashrate_ehs_daily,3.053523128835,EH/s,daily,OBM v0.1.0
2017-02-07,obm_est7d_hashrate_ehs_daily,3.105830764370,EH/s,daily,OBM v0.1.0
2017-02-08,obm_est7d_hashrate_ehs_daily,3.002484643485,EH/s,daily,OBM v0.1.0
2017-02-09,obm_est7d_hashrate_ehs_daily,3.067977369581,EH/s,daily,OBM v0.1.0
2017-02-10,obm_est7d_hashrate_ehs_daily,3.095199564144,EH/s,daily,OBM v0.1.0
2017-02-11,obm_est7d_hashrate_ehs_daily,3.113284553623,EH/s,daily,OBM v0.1.0
2017-02-12,obm_est7d_hashrate_ehs_daily,3.051549953049,EH/s,daily,OBM v0.1.0
2017-02-13,obm_est7d_hashrate_ehs_daily,3.169110417159,EH/s,daily,OBM v0.1.0
2017-02-14,obm_est7d_hashrate_ehs_daily,3.222774776835,EH/s,daily,OBM v0.1.0
2017-02-15,obm_est7d_hashrate_ehs_daily,3.210951728845,EH/s,daily,OBM v0.1.0
2017-02-16,obm_est7d_hashrate_ehs_daily,3.143801958253,EH/s,daily,OBM v0.1.0
2017-02-17,obm_est7d_hashrate_ehs_daily,3.156208494830,EH/s,daily,OBM v0.1.0
2017-02-18,obm_est7d_hashrate_ehs_daily,3.205822420903,EH/s,daily,OBM v0.1.0
2017-02-19,obm_est7d_hashrate_ehs_daily,3.204640413494,EH/s,daily,OBM v0.1.0
2017-02-20,obm_est7d_hashrate_ehs_daily,3.181206994964,EH/s,daily,OBM v0.1.0
2017-02-21,obm_est7d_hashrate_ehs_daily,3.104900010799,EH/s,daily,OBM v0.1.0
2017-02-22,obm_est7d_hashrate_ehs_daily,3.126389940158,EH/s,daily,OBM v0.1.0
2017-02-23,obm_est7d_hashrate_ehs_daily,3.140675217474,EH/s,daily,OBM v0.1.0
2017-02-24,obm_est7d_hashrate_ehs_daily,3.196133746728,EH/s,daily,OBM v0.1.0
2017-02-25,obm_est7d_hashrate_ehs_daily,3.253849257483,EH/s,daily,OBM v0.1.0
2017-02-26,obm_est7d_hashrate_ehs_daily,3.395054789653,EH/s,daily,OBM v0.1.0
2017-02-27,obm_est7d_hashrate_ehs_daily,3.381041144281,EH/s,daily,OBM v0.1.0
2017-02-28,obm_est7d_hashrate_ehs_daily,3.425385910579,EH/s,daily,OBM v0.1.0
2017-03-01,obm_est7d_hashrate_ehs_daily,3.452614169354,EH/s,daily,OBM v0.1.0
2017-03-02,obm_est7d_hashrate_ehs_daily,3.473343048447,EH/s,daily,OBM v0.1.0
2017-03-03,obm_est7d_hashrate_ehs_daily,3.437545743370,EH/s,daily,OBM v0.1.0
2017-03-04,obm_est7d_hashrate_ehs_daily,3.340873030673,EH/s,daily,OBM v0.1.0
2017-03-05,obm_est7d_hashrate_ehs_daily,3.281731620459,EH/s,daily,OBM v0.1.0
2017-03-06,obm_est7d_hashrate_ehs_daily,3.287492657832,EH/s,daily,OBM v0.1.0
2017-03-07,obm_est7d_hashrate_ehs_daily,3.298384576173,EH/s,daily,OBM v0.1.0
2017-03-08,obm_est7d_hashrate_ehs_daily,3.319759236028,EH/s,daily,OBM v0.1.0
2017-03-09,obm_est7d_hashrate_ehs_daily,3.317176098486,EH/s,daily,OBM v0.1.0
2017-03-10,obm_est7d_hashrate_ehs_daily,3.341122304689,EH/s,daily,OBM v0.1.0
2017-03-11,obm_est7d_hashrate_ehs_daily,3.400370371759,EH/s,daily,OBM v0.1.0
2017-03-12,obm_est7d_hashrate_ehs_daily,3.427375070151,EH/s,daily,OBM v0.1.0
2017-03-13,obm_est7d_hashrate_ehs_daily,3.437225817468,EH/s,daily,OBM v0.1.0
2017-03-14,obm_est7d_hashrate_ehs_daily,3.441441523829,EH/s,daily,OBM v0.1.0
2017-03-15,obm_est7d_hashrate_ehs_daily,3.451023035697,EH/s,daily,OBM v0.1.0
2017-03-16,obm_est7d_hashrate_ehs_daily,3.459788728923,EH/s,daily,OBM v0.1.0
2017-03-17,obm_est7d_hashrate_ehs_daily,3.461265038100,EH/s,daily,OBM v0.1.0
2017-03-18,obm_est7d_hashrate_ehs_daily,3.518615896880,EH/s,daily,OBM v0.1.0
2017-03-19,obm_est7d_hashrate_ehs_daily,3.553554076975,EH/s,daily,OBM v0.1.0
2017-03-20,obm_est7d_hashrate_ehs_daily,3.544967427250,EH/s,daily,OBM v0.1.0
2017-03-21,obm_est7d_hashrate_ehs_daily,3.509989106634,EH/s,daily,OBM v0.1.0
2017-03-22,obm_est7d_hashrate_ehs_daily,3.589953099427,EH/s,daily,OBM v0.1.0
2017-03-23,obm_est7d_hashrate_ehs_daily,3.589115486198,EH/s,daily,OBM v0.1.0
2017-03-24,obm_est7d_hashrate_ehs_daily,3.663338576619,EH/s,daily,OBM v0.1.0
2017-03-25,obm_est7d_hashrate_ehs_daily,3.589114728927,EH/s,daily,OBM v0.1.0
2017-03-26,obm_est7d_hashrate_ehs_daily,3.590026549283,EH/s,daily,OBM v0.1.0
2017-03-27,obm_est7d_hashrate_ehs_daily,3.568670656718,EH/s,daily,OBM v0.1.0
2017-03-28,obm_est7d_hashrate_ehs_daily,3.613093202412,EH/s,daily,OBM v0.1.0
2017-03-29,obm_est7d_hashrate_ehs_daily,3.550008516195,EH/s,daily,OBM v0.1.0
2017-03-30,obm_est7d_hashrate_ehs_daily,3.624979747917,EH/s,daily,OBM v0.1.0
2017-03-31,obm_est7d_hashrate_ehs_daily,3.489469439698,EH/s,daily,OBM v0.1.0
2017-04-01,obm_est7d_hashrate_ehs_daily,3.506969649297,EH/s,daily,OBM v0.1.0
2017-04-02,obm_est7d_hashrate_ehs_daily,3.509842390782,EH/s,daily,OBM v0.1.0
2017-04-03,obm_est7d_hashrate_ehs_daily,3.693728243548,EH/s,daily,OBM v0.1.0
2017-04-04,obm_est7d_hashrate_ehs_daily,3.605806290270,EH/s,daily,OBM v0.1.0
2017-04-05,obm_est7d_hashrate_ehs_daily,3.715725567492,EH/s,daily,OBM v0.1.0
2017-04-06,obm_est7d_hashrate_ehs_daily,3.678445793217,EH/s,daily,OBM v0.1.0
2017-04-07,obm_est7d_hashrate_ehs_daily,3.768669184332,EH/s,daily,OBM v0.1.0
2017-04-08,obm_est7d_hashrate_ehs_daily,3.805398094101,EH/s,daily,OBM v0.1.0
2017-04-09,obm_est7d_hashrate_ehs_daily,3.792978101171,EH/s,daily,OBM v0.1.0
2017-04-10,obm_est7d_hashrate_ehs_daily,3.687769779538,EH/s,daily,OBM v0.1.0
2017-04-11,obm_est7d_hashrate_ehs_daily,3.850976210455,EH/s,daily,OBM v0.1.0
2017-04-12,obm_est7d_hashrate_ehs_daily,3.774802328982,EH/s,daily,OBM v0.1.0
2017-04-13,obm_est7d_hashrate_ehs_daily,3.730874006886,EH/s,daily,OBM v0.1.0
2017-04-14,obm_est7d_hashrate_ehs_daily,3.653689460047,EH/s,daily,OBM v0.1.0
2017-04-15,obm_est7d_hashrate_ehs_daily,3.724449278301,EH/s,daily,OBM v0.1.0
2017-04-16,obm_est7d_hashrate_ehs_daily,3.708550572959,EH/s,daily,OBM v0.1.0
2017-04-17,obm_est7d_hashrate_ehs_daily,3.703697787003,EH/s,daily,OBM v0.1.0
2017-04-18,obm_est7d_hashrate_ehs_daily,3.650850354849,EH/s,daily,OBM v0.1.0
2017-04-19,obm_est7d_hashrate_ehs_daily,3.662279667422,EH/s,daily,OBM v0.1.0
2017-04-20,obm_est7d_hashrate_ehs_daily,3.711731693184,EH/s,daily,OBM v0.1.0
2017-04-21,obm_est7d_hashrate_ehs_daily,3.804511383038,EH/s,daily,OBM v0.1.0
2017-04-22,obm_est7d_hashrate_ehs_daily,3.785581048808,EH/s,daily,OBM v0.1.0
2017-04-23,obm_est7d_hashrate_ehs_daily,3.812537633914,EH/s,daily,OBM v0.1.0
2017-04-24,obm_est7d_hashrate_ehs_daily,3.763918149743,EH/s,daily,OBM v0.1.0
2017-04-25,obm_est7d_hashrate_ehs_daily,3.768749599181,EH/s,daily,OBM v0.1.0
2017-04-26,obm_est7d_hashrate_ehs_daily,3.806993063992,EH/s,daily,OBM v0.1.0
2017-04-27,obm_est7d_hashrate_ehs_daily,3.842017388472,EH/s,daily,OBM v0.1.0
2017-04-28,obm_est7d_hashrate_ehs_daily,3.724956462029,EH/s,daily,OBM v0.1.0
2017-04-29,obm_est7d_hashrate_ehs_daily,3.840494542249,EH/s,daily,OBM v0.1.0
2017-04-30,obm_est7d_hashrate_ehs_daily,3.824272093028,EH/s,daily,OBM v0.1.0
2017-05-01,obm_est7d_hashrate_ehs_daily,3.928531900650,EH/s,daily,OBM v0.1.0
2017-05-02,obm_est7d_hashrate_ehs_daily,3.970648101197,EH/s,daily,OBM v0.1.0
2017-05-03,obm_est7d_hashrate_ehs_daily,3.883990509618,EH/s,daily,OBM v0.1.0
2017-05-04,obm_est7d_hashrate_ehs_daily,3.960896112248,EH/s,daily,OBM v0.1.0
2017-05-05,obm_est7d_hashrate_ehs_daily,3.935456015183,EH/s,daily,OBM v0.1.0
2017-05-06,obm_est7d_hashrate_ehs_daily,3.922855264311,EH/s,daily,OBM v0.1.0
2017-05-07,obm_est7d_hashrate_ehs_daily,3.975283741211,EH/s,daily,OBM v0.1.0
2017-05-08,obm_est7d_hashrate_ehs_daily,4.100845001440,EH/s,daily,OBM v0.1.0
2017-05-09,obm_est7d_hashrate_ehs_daily,4.082058380006,EH/s,daily,OBM v0.1.0
2017-05-10,obm_est7d_hashrate_ehs_daily,4.180980243294,EH/s,daily,OBM v0.1.0
2017-05-11,obm_est7d_hashrate_ehs_daily,4.089427655583,EH/s,daily,OBM v0.1.0
2017-05-12,obm_est7d_hashrate_ehs_daily,4.220184125459,EH/s,daily,OBM v0.1.0
2017-05-13,obm_est7d_hashrate_ehs_daily,4.235554444957,EH/s,daily,OBM v0.1.0
2017-05-14,obm_est7d_hashrate_ehs_daily,4.270246575480,EH/s,daily,OBM v0.1.0
2017-05-15,obm_est7d_hashrate_ehs_daily,4.267814077775,EH/s,daily,OBM v0.1.0
2017-05-16,obm_est7d_hashrate_ehs_daily,4.227832818895,EH/s,daily,OBM v0.1.0
2017-05-17,obm_est7d_hashrate_ehs_daily,4.247769161513,EH/s,daily,OBM v0.1.0
2017-05-18,obm_est7d_hashrate_ehs_daily,4.288660143341,EH/s,daily,OBM v0.1.0
2017-05-19,obm_est7d_hashrate_ehs_daily,4.320678080531,EH/s,daily,OBM v0.1.0
2017-05-20,obm_est7d_hashrate_ehs_daily,4.344970701467,EH/s,daily,OBM v0.1.0
2017-05-21,obm_est7d_hashrate_ehs_daily,4.280657706209,EH/s,daily,OBM v0.1.0
2017-05-22,obm_est7d_hashrate_ehs_daily,4.190105331274,EH/s,daily,OBM v0.1.0
2017-05-23,obm_est7d_hashrate_ehs_daily,4.363840219511,EH/s,daily,OBM v0.1.0
2017-05-24,obm_est7d_hashrate_ehs_daily,4.395826401249,EH/s,daily,OBM v0.1.0
2017-05-25,obm_est7d_hashrate_ehs_daily,4.514745389800,EH/s,daily,OBM v0.1.0
2017-05-26,obm_est7d_hashrate_ehs_daily,4.522099457737,EH/s,daily,OBM v0.1.0
2017-05-27,obm_est7d_hashrate_ehs_daily,4.572876240172,EH/s,daily,OBM v0.1.0
2017-05-28,obm_est7d_hashrate_ehs_daily,4.683435513545,EH/s,daily,OBM v0.1.0
2017-05-29,obm_est7d_hashrate_ehs_daily,4.737391690615,EH/s,daily,OBM v0.1.0
2017-05-30,obm_est7d_hashrate_ehs_daily,4.815050857642,EH/s,daily,OBM v0.1.0
2017-05-31,obm_est7d_hashrate_ehs_daily,4.839629071776,EH/s,daily,OBM v0.1.0
2017-06-01,obm_est7d_hashrate_ehs_daily,4.876035863216,EH/s,daily,OBM v0.1.0
2017-06-02,obm_est7d_hashrate_ehs_daily,4.852440860404,EH/s,daily,OBM v0.1.0
2017-06-03,obm_est7d_hashrate_ehs_daily,4.945977877348,EH/s,daily,OBM v0.1.0
2017-06-04,obm_est7d_hashrate_ehs_daily,4.963601520058,EH/s,daily,OBM v0.1.0
2017-06-05,obm_est7d_hashrate_ehs_daily,5.116908714680,EH/s,daily,OBM v0.1.0
2017-06-06,obm_est7d_hashrate_ehs_daily,5.088553557385,EH/s,daily,OBM v0.1.0
2017-06-07,obm_est7d_hashrate_ehs_daily,5.183827957953,EH/s,daily,OBM v0.1.0
2017-06-08,obm_est7d_hashrate_ehs_daily,5.270466721026,EH/s,daily,OBM v0.1.0
2017-06-09,obm_est7d_hashrate_ehs_daily,5.368343645307,EH/s,daily,OBM v0.1.0
2017-06-10,obm_est7d_hashrate_ehs_daily,5.249502684095,EH/s,daily,OBM v0.1.0
2017-06-11,obm_est7d_hashrate_ehs_daily,5.228005116749,EH/s,daily,OBM v0.1.0
2017-06-12,obm_est7d_hashrate_ehs_daily,5.151271611792,EH/s,daily,OBM v0.1.0
2017-06-13,obm_est7d_hashrate_ehs_daily,5.096122772204,EH/s,daily,OBM v0.1.0
2017-06-14,obm_est7d_hashrate_ehs_daily,4.975286497596,EH/s,daily,OBM v0.1.0
2017-06-15,obm_est7d_hashrate_ehs_daily,4.912068627851,EH/s,daily,OBM v0.1.0
2017-06-16,obm_est7d_hashrate_ehs_daily,4.910240769734,EH/s,daily,OBM v0.1.0
2017-06-17,obm_est7d_hashrate_ehs_daily,4.928737422204,EH/s,daily,OBM v0.1.0
2017-06-18,obm_est7d_hashrate_ehs_daily,4.951752914498,EH/s,daily,OBM v0.1.0
2017-06-19,obm_est7d_hashrate_ehs_daily,5.013728669376,EH/s,daily,OBM v0.1.0
2017-06-20,obm_est7d_hashrate_ehs_daily,5.028190544663,EH/s,daily,OBM v0.1.0
2017-06-21,obm_est7d_hashrate_ehs_daily,5.053036465792,EH/s,daily,OBM v0.1.0
2017-06-22,obm_est7d_hashrate_ehs_daily,5.018846019196,EH/s,daily,OBM v0.1.0
2017-06-23,obm_est7d_hashrate_ehs_daily,5.131509131393,EH/s,daily,OBM v0.1.0
2017-06-24,obm_est7d_hashrate_ehs_daily,5.154878009864,EH/s,daily,OBM v0.1.0
2017-06-25,obm_est7d_hashrate_ehs_daily,5.037667766008,EH/s,daily,OBM v0.1.0
2017-06-26,obm_est7d_hashrate_ehs_daily,4.992064068851,EH/s,daily,OBM v0.1.0
2017-06-27,obm_est7d_hashrate_ehs_daily,4.957094080435,EH/s,daily,OBM v0.1.0
2017-06-28,obm_est7d_hashrate_ehs_daily,5.051142215870,EH/s,daily,OBM v0.1.0
2017-06-29,obm_est7d_hashrate_ehs_daily,4.947239536322,EH/s,daily,OBM v0.1.0
2017-06-30,obm_est7d_hashrate_ehs_daily,4.927317551122,EH/s,daily,OBM v0.1.0
2017-07-01,obm_est7d_hashrate_ehs_daily,5.009657980878,EH/s,daily,OBM v0.1.0
2017-07-02,obm_est7d_hashrate_ehs_daily,5.344930708519,EH/s,daily,OBM v0.1.0
2017-07-03,obm_est7d_hashrate_ehs_daily,5.491536904467,EH/s,daily,OBM v0.1.0
2017-07-04,obm_est7d_hashrate_ehs_daily,5.591025877506,EH/s,daily,OBM v0.1.0
2017-07-05,obm_est7d_hashrate_ehs_daily,5.539884799239,EH/s,daily,OBM v0.1.0
2017-07-06,obm_est7d_hashrate_ehs_daily,5.653660053283,EH/s,daily,OBM v0.1.0
2017-07-07,obm_est7d_hashrate_ehs_daily,5.634183401903,EH/s,daily,OBM v0.1.0
2017-07-08,obm_est7d_hashrate_ehs_daily,5.619047225861,EH/s,daily,OBM v0.1.0
2017-07-09,obm_est7d_hashrate_ehs_daily,5.365233455383,EH/s,daily,OBM v0.1.0
2017-07-10,obm_est7d_hashrate_ehs_daily,5.500270241552,EH/s,daily,OBM v0.1.0
2017-07-11,obm_est7d_hashrate_ehs_daily,5.608590768872,EH/s,daily,OBM v0.1.0
2017-07-12,obm_est7d_hashrate_ehs_daily,5.746195886103,EH/s,daily,OBM v0.1.0
2017-07-13,obm_est7d_hashrate_ehs_daily,5.825209097025,EH/s,daily,OBM v0.1.0
2017-07-14,obm_est7d_hashrate_ehs_daily,5.823648233490,EH/s,daily,OBM v0.1.0
2017-07-15,obm_est7d_hashrate_ehs_daily,5.726551644684,EH/s,daily,OBM v0.1.0
2017-07-16,obm_est7d_hashrate_ehs_daily,5.963479230468,EH/s,daily,OBM v0.1.0
2017-07-17,obm_est7d_hashrate_ehs_daily,5.814935404189,EH/s,daily,OBM v0.1.0
2017-07-18,obm_est7d_hashrate_ehs_daily,5.882831273587,EH/s,daily,OBM v0.1.0
2017-07-19,obm_est7d_hashrate_ehs_daily,5.849956269613,EH/s,daily,OBM v0.1.0
2017-07-20,obm_est7d_hashrate_ehs_daily,5.979185006658,EH/s,daily,OBM v0.1.0
2017-07-21,obm_est7d_hashrate_ehs_daily,6.119460280045,EH/s,daily,OBM v0.1.0
2017-07-22,obm_est7d_hashrate_ehs_daily,6.298695442915,EH/s,daily,OBM v0.1.0
2017-07-23,obm_est7d_hashrate_ehs_daily,6.360292507484,EH/s,daily,OBM v0.1.0
2017-07-24,obm_est7d_hashrate_ehs_daily,6.518798823398,EH/s,daily,OBM v0.1.0
2017-07-25,obm_est7d_hashrate_ehs_daily,6.425150644372,EH/s,daily,OBM v0.1.0
2017-07-26,obm_est7d_hashrate_ehs_daily,6.408412944195,EH/s,daily,OBM v0.1.0
2017-07-27,obm_est7d_hashrate_ehs_daily,6.405645530576,EH/s,daily,OBM v0.1.0
2017-07-28,obm_est7d_hashrate_ehs_daily,6.432525014967,EH/s,daily,OBM v0.1.0
2017-07-29,obm_est7d_hashrate_ehs_daily,6.478753197474,EH/s,daily,OBM v0.1.0
2017-07-30,obm_est7d_hashrate_ehs_daily,6.400464637611,EH/s,daily,OBM v0.1.0
2017-07-31,obm_est7d_hashrate_ehs_daily,6.274256604315,EH/s,daily,OBM v0.1.0
2017-08-01,obm_est7d_hashrate_ehs_daily,6.335383356979,EH/s,daily,OBM v0.1.0
2017-08-02,obm_est7d_hashrate_ehs_daily,6.418330501776,EH/s,daily,OBM v0.1.0
2017-08-03,obm_est7d_hashrate_ehs_daily,6.353411857027,EH/s,daily,OBM v0.1.0
2017-08-04,obm_est7d_hashrate_ehs_daily,6.537598213122,EH/s,daily,OBM v0.1.0
2017-08-05,obm_est7d_hashrate_ehs_daily,6.654577840911,EH/s,daily,OBM v0.1.0
2017-08-06,obm_est7d_hashrate_ehs_daily,6.615012381719,EH/s,daily,OBM v0.1.0
2017-08-07,obm_est7d_hashrate_ehs_daily,6.685213983292,EH/s,daily,OBM v0.1.0
2017-08-08,obm_est7d_hashrate_ehs_daily,6.741035537193,EH/s,daily,OBM v0.1.0
2017-08-09,obm_est7d_hashrate_ehs_daily,6.700393577099,EH/s,daily,OBM v0.1.0
2017-08-10,obm_est7d_hashrate_ehs_daily,6.718312145806,EH/s,daily,OBM v0.1.0
2017-08-11,obm_est7d_hashrate_ehs_daily,6.586774220458,EH/s,daily,OBM v0.1.0
2017-08-12,obm_est7d_hashrate_ehs_daily,6.372802657273,EH/s,daily,OBM v0.1.0
2017-08-13,obm_est7d_hashrate_ehs_daily,6.498337327754,EH/s,daily,OBM v0.1.0
2017-08-14,obm_est7d_hashrate_ehs_daily,6.409250845542,EH/s,daily,OBM v0.1.0
2017-08-15,obm_est7d_hashrate_ehs_daily,6.398405512083,EH/s,daily,OBM v0.1.0
2017-08-16,obm_est7d_hashrate_ehs_daily,6.399116853500,EH/s,daily,OBM v0.1.0
2017-08-17,obm_est7d_hashrate_ehs_daily,6.688555906193,EH/s,daily,OBM v0.1.0
2017-08-18,obm_est7d_hashrate_ehs_daily,6.712687171692,EH/s,daily,OBM v0.1.0
2017-08-19,obm_est7d_hashrate_ehs_daily,6.821931403433,EH/s,daily,OBM v0.1.0
2017-08-20,obm_est7d_hashrate_ehs_daily,6.714976046376,EH/s,daily,OBM v0.1.0
2017-08-21,obm_est7d_hashrate_ehs_daily,6.609351019785,EH/s,daily,OBM v0.1.0
2017-08-22,obm_est7d_hashrate_ehs_daily,6.193341713630,EH/s,daily,OBM v0.1.0
2017-08-23,obm_est7d_hashrate_ehs_daily,6.385317411594,EH/s,daily,OBM v0.1.0
2017-08-24,obm_est7d_hashrate_ehs_daily,5.844103611101,EH/s,daily,OBM v0.1.0
2017-08-25,obm_est7d_hashrate_ehs_daily,5.520584211649,EH/s,daily,OBM v0.1.0
2017-08-26,obm_est7d_hashrate_ehs_daily,5.185270590456,EH/s,daily,OBM v0.1.0
2017-08-27,obm_est7d_hashrate_ehs_daily,5.316561521099,EH/s,daily,OBM v0.1.0
2017-08-28,obm_est7d_hashrate_ehs_daily,5.374263362248,EH/s,daily,OBM v0.1.0
2017-08-29,obm_est7d_hashrate_ehs_daily,5.715008042057,EH/s,daily,OBM v0.1.0
2017-08-30,obm_est7d_hashrate_ehs_daily,5.749894033726,EH/s,daily,OBM v0.1.0
2017-08-31,obm_est7d_hashrate_ehs_daily,6.135277825622,EH/s,daily,OBM v0.1.0
2017-09-01,obm_est7d_hashrate_ehs_daily,6.595331774218,EH/s,daily,OBM v0.1.0
2017-09-02,obm_est7d_hashrate_ehs_daily,6.965954270680,EH/s,daily,OBM v0.1.0
2017-09-03,obm_est7d_hashrate_ehs_daily,6.959759939340,EH/s,daily,OBM v0.1.0
2017-09-04,obm_est7d_hashrate_ehs_daily,7.237479435156,EH/s,daily,OBM v0.1.0
2017-09-05,obm_est7d_hashrate_ehs_daily,7.542963331432,EH/s,daily,OBM v0.1.0
2017-09-06,obm_est7d_hashrate_ehs_daily,7.521032203529,EH/s,daily,OBM v0.1.0
2017-09-07,obm_est7d_hashrate_ehs_daily,7.671526943693,EH/s,daily,OBM v0.1.0
2017-09-08,obm_est7d_hashrate_ehs_daily,7.697469361261,EH/s,daily,OBM v0.1.0
2017-09-09,obm_est7d_hashrate_ehs_daily,7.766831976919,EH/s,daily,OBM v0.1.0
2017-09-10,obm_est7d_hashrate_ehs_daily,7.705923312644,EH/s,daily,OBM v0.1.0
2017-09-11,obm_est7d_hashrate_ehs_daily,7.746943442161,EH/s,daily,OBM v0.1.0
2017-09-12,obm_est7d_hashrate_ehs_daily,7.729888364926,EH/s,daily,OBM v0.1.0
2017-09-13,obm_est7d_hashrate_ehs_daily,7.938176731222,EH/s,daily,OBM v0.1.0
2017-09-14,obm_est7d_hashrate_ehs_daily,7.940737894988,EH/s,daily,OBM v0.1.0
2017-09-15,obm_est7d_hashrate_ehs_daily,7.951618840824,EH/s,daily,OBM v0.1.0
2017-09-16,obm_est7d_hashrate_ehs_daily,7.955263837215,EH/s,daily,OBM v0.1.0
2017-09-17,obm_est7d_hashrate_ehs_daily,8.211764560934,EH/s,daily,OBM v0.1.0
2017-09-18,obm_est7d_hashrate_ehs_daily,8.031173363882,EH/s,daily,OBM v0.1.0
2017-09-19,obm_est7d_hashrate_ehs_daily,8.016908561440,EH/s,daily,OBM v0.1.0
2017-09-20,obm_est7d_hashrate_ehs_daily,7.689443297897,EH/s,daily,OBM v0.1.0
2017-09-21,obm_est7d_hashrate_ehs_daily,7.923032312149,EH/s,daily,OBM v0.1.0
2017-09-22,obm_est7d_hashrate_ehs_daily,7.821343597970,EH/s,daily,OBM v0.1.0
2017-09-23,obm_est7d_hashrate_ehs_daily,8.025056161209,EH/s,daily,OBM v0.1.0
2017-09-24,obm_est7d_hashrate_ehs_daily,8.002805610745,EH/s,daily,OBM v0.1.0
2017-09-25,obm_est7d_hashrate_ehs_daily,8.039509332979,EH/s,daily,OBM v0.1.0
2017-09-26,obm_est7d_hashrate_ehs_daily,7.906612270429,EH/s,daily,OBM v0.1.0
2017-09-27,obm_est7d_hashrate_ehs_daily,8.143125199453,EH/s,daily,OBM v0.1.0
2017-09-28,obm_est7d_hashrate_ehs_daily,8.152445684914,EH/s,daily,OBM v0.1.0
2017-09-29,obm_est7d_hashrate_ehs_daily,8.383230638327,EH/s,daily,OBM v0.1.0
2017-09-30,obm_est7d_hashrate_ehs_daily,8.156329717892,EH/s,daily,OBM v0.1.0
2017-10-01,obm_est7d_hashrate_ehs_daily,8.059068883547,EH/s,daily,OBM v0.1.0
2017-10-02,obm_est7d_hashrate_ehs_daily,8.250609814648,EH/s,daily,OBM v0.1.0
2017-10-03,obm_est7d_hashrate_ehs_daily,8.646086794003,EH/s,daily,OBM v0.1.0
2017-10-04,obm_est7d_hashrate_ehs_daily,8.553504939672,EH/s,daily,OBM v0.1.0
2017-10-05,obm_est7d_hashrate_ehs_daily,8.157423259662,EH/s,daily,OBM v0.1.0
2017-10-06,obm_est7d_hashrate_ehs_daily,8.101092351704,EH/s,daily,OBM v0.1.0
2017-10-07,obm_est7d_hashrate_ehs_daily,8.280785219449,EH/s,daily,OBM v0.1.0
2017-10-08,obm_est7d_hashrate_ehs_daily,8.745980022792,EH/s,daily,OBM v0.1.0
2017-10-09,obm_est7d_hashrate_ehs_daily,8.799905988213,EH/s,daily,OBM v0.1.0
2017-10-10,obm_est7d_hashrate_ehs_daily,8.629061149239,EH/s,daily,OBM v0.1.0
2017-10-11,obm_est7d_hashrate_ehs_daily,8.680538646904,EH/s,daily,OBM v0.1.0
2017-10-12,obm_est7d_hashrate_ehs_daily,8.881273281204,EH/s,daily,OBM v0.1.0
2017-10-13,obm_est7d_hashrate_ehs_daily,8.715806414959,EH/s,daily,OBM v0.1.0
2017-10-14,obm_est7d_hashrate_ehs_daily,8.561179739001,EH/s,daily,OBM v0.1.0
2017-10-15,obm_est7d_hashrate_ehs_daily,8.750674613104,EH/s,daily,OBM v0.1.0
2017-10-16,obm_est7d_hashrate_ehs_daily,8.945418473494,EH/s,daily,OBM v0.1.0
2017-10-17,obm_est7d_hashrate_ehs_daily,9.057645477801,EH/s,daily,OBM v0.1.0
2017-10-18,obm_est7d_hashrate_ehs_daily,9.268594424393,EH/s,daily,OBM v0.1.0
2017-10-19,obm_est7d_hashrate_ehs_daily,9.524728385207,EH/s,daily,OBM v0.1.0
2017-10-20,obm_est7d_hashrate_ehs_daily,9.966432350029,EH/s,daily,OBM v0.1.0
2017-10-21,obm_est7d_hashrate_ehs_daily,10.130550577292,EH/s,daily,OBM v0.1.0
2017-10-22,obm_est7d_hashrate_ehs_daily,10.045671414922,EH/s,daily,OBM v0.1.0
2017-10-23,obm_est7d_hashrate_ehs_daily,10.025163324318,EH/s,daily,OBM v0.1.0
2017-10-24,obm_est7d_hashrate_ehs_daily,10.043078777722,EH/s,daily,OBM v0.1.0
2017-10-25,obm_est7d_hashrate_ehs_daily,10.333971529222,EH/s,daily,OBM v0.1.0
2017-10-26,obm_est7d_hashrate_ehs_daily,10.409747965733,EH/s,daily,OBM v0.1.0
2017-10-27,obm_est7d_hashrate_ehs_daily,9.952768428393,EH/s,daily,OBM v0.1.0
2017-10-28,obm_est7d_hashrate_ehs_daily,9.527840745824,EH/s,daily,OBM v0.1.0
2017-10-29,obm_est7d_hashrate_ehs_daily,9.577965398705,EH/s,daily,OBM v0.1.0
2017-10-30,obm_est7d_hashrate_ehs_daily,9.637898257933,EH/s,daily,OBM v0.1.0
2017-10-31,obm_est7d_hashrate_ehs_daily,9.635213488394,EH/s,daily,OBM v0.1.0
2017-11-01,obm_est7d_hashrate_ehs_daily,9.677564492238,EH/s,daily,OBM v0.1.0
2017-11-02,obm_est7d_hashrate_ehs_daily,9.689864631842,EH/s,daily,OBM v0.1.0
2017-11-03,obm_est7d_hashrate_ehs_daily,9.803853009258,EH/s,daily,OBM v0.1.0
2017-11-04,obm_est7d_hashrate_ehs_daily,10.271439239110,EH/s,daily,OBM v0.1.0
2017-11-05,obm_est7d_hashrate_ehs_daily,10.129907875009,EH/s,daily,OBM v0.1.0
2017-11-06,obm_est7d_hashrate_ehs_daily,10.043731570954,EH/s,daily,OBM v0.1.0
2017-11-07,obm_est7d_hashrate_ehs_daily,10.237470452024,EH/s,daily,OBM v0.1.0
2017-11-08,obm_est7d_hashrate_ehs_daily,10.050276120277,EH/s,daily,OBM v0.1.0
2017-11-09,obm_est7d_hashrate_ehs_daily,10.081263610884,EH/s,daily,OBM v0.1.0
2017-11-10,obm_est7d_hashrate_ehs_daily,10.119044550241,EH/s,daily,OBM v0.1.0
2017-11-11,obm_est7d_hashrate_ehs_daily,9.564550784299,EH/s,daily,OBM v0.1.0
2017-11-12,obm_est7d_hashrate_ehs_daily,8.825657976886,EH/s,daily,OBM v0.1.0
2017-11-13,obm_est7d_hashrate_ehs_daily,8.798604914538,EH/s,daily,OBM v0.1.0
2017-11-14,obm_est7d_hashrate_ehs_daily,8.451998400169,EH/s,daily,OBM v0.1.0
2017-11-15,obm_est7d_hashrate_ehs_daily,8.415057614376,EH/s,daily,OBM v0.1.0
2017-11-16,obm_est7d_hashrate_ehs_daily,8.331234785045,EH/s,daily,OBM v0.1.0
2017-11-17,obm_est7d_hashrate_ehs_daily,8.718813400126,EH/s,daily,OBM v0.1.0
2017-11-18,obm_est7d_hashrate_ehs_daily,9.285093501671,EH/s,daily,OBM v0.1.0
2017-11-19,obm_est7d_hashrate_ehs_daily,10.044321351771,EH/s,daily,OBM v0.1.0
2017-11-20,obm_est7d_hashrate_ehs_daily,10.389025362218,EH/s,daily,OBM v0.1.0
2017-11-21,obm_est7d_hashrate_ehs_daily,10.828153682771,EH/s,daily,OBM v0.1.0
2017-11-22,obm_est7d_hashrate_ehs_daily,10.773400805512,EH/s,daily,OBM v0.1.0
2017-11-23,obm_est7d_hashrate_ehs_daily,10.830990582350,EH/s,daily,OBM v0.1.0
2017-11-24,obm_est7d_hashrate_ehs_daily,10.673156463608,EH/s,daily,OBM v0.1.0
2017-11-25,obm_est7d_hashrate_ehs_daily,10.814659208477,EH/s,daily,OBM v0.1.0
2017-11-26,obm_est7d_hashrate_ehs_daily,10.768538308427,EH/s,daily,OBM v0.1.0
2017-11-27,obm_est7d_hashrate_ehs_daily,10.659747605212,EH/s,daily,OBM v0.1.0
2017-11-28,obm_est7d_hashrate_ehs_daily,10.481986466756,EH/s,daily,OBM v0.1.0
2017-11-29,obm_est7d_hashrate_ehs_daily,10.699110143296,EH/s,daily,OBM v0.1.0
2017-11-30,obm_est7d_hashrate_ehs_daily,10.799683511539,EH/s,daily,OBM v0.1.0
2017-12-01,obm_est7d_hashrate_ehs_daily,11.083918912219,EH/s,daily,OBM v0.1.0
2017-12-02,obm_est7d_hashrate_ehs_daily,11.136051347574,EH/s,daily,OBM v0.1.0
2017-12-03,obm_est7d_hashrate_ehs_daily,11.362865129090,EH/s,daily,OBM v0.1.0
2017-12-04,obm_est7d_hashrate_ehs_daily,11.461971331189,EH/s,daily,OBM v0.1.0
2017-12-05,obm_est7d_hashrate_ehs_daily,11.676209415791,EH/s,daily,OBM v0.1.0
2017-12-06,obm_est7d_hashrate_ehs_daily,11.899962786952,EH/s,daily,OBM v0.1.0
2017-12-07,obm_est7d_hashrate_ehs_daily,12.017045243269,EH/s,daily,OBM v0.1.0
2017-12-08,obm_est7d_hashrate_ehs_daily,12.026111728567,EH/s,daily,OBM v0.1.0
2017-12-09,obm_est7d_hashrate_ehs_daily,12.454688236402,EH/s,daily,OBM v0.1.0
2017-12-10,obm_est7d_hashrate_ehs_daily,12.614153016610,EH/s,daily,OBM v0.1.0
2017-12-11,obm_est7d_hashrate_ehs_daily,12.848528928214,EH/s,daily,OBM v0.1.0
2017-12-12,obm_est7d_hashrate_ehs_daily,12.925397585868,EH/s,daily,OBM v0.1.0
2017-12-13,obm_est7d_hashrate_ehs_daily,13.135955458768,EH/s,daily,OBM v0.1.0
2017-12-14,obm_est7d_hashrate_ehs_daily,13.482577287455,EH/s,daily,OBM v0.1.0
2017-12-15,obm_est7d_hashrate_ehs_daily,13.625716701903,EH/s,daily,OBM v0.1.0
2017-12-16,obm_est7d_hashrate_ehs_daily,13.610466060702,EH/s,daily,OBM v0.1.0
2017-12-17,obm_est7d_hashrate_ehs_daily,13.848390600043,EH/s,daily,OBM v0.1.0
2017-12-18,obm_est7d_hashrate_ehs_daily,14.129623419396,EH/s,daily,OBM v0.1.0
2017-12-19,obm_est7d_hashrate_ehs_daily,14.231889154780,EH/s,daily,OBM v0.1.0
2017-12-20,obm_est7d_hashrate_ehs_daily,13.942621078600,EH/s,daily,OBM v0.1.0
2017-12-21,obm_est7d_hashrate_ehs_daily,13.584065310025,EH/s,daily,OBM v0.1.0
2017-12-22,obm_est7d_hashrate_ehs_daily,13.745593144750,EH/s,daily,OBM v0.1.0
2017-12-23,obm_est7d_hashrate_ehs_daily,13.674998933703,EH/s,daily,OBM v0.1.0
2017-12-24,obm_est7d_hashrate_ehs_daily,13.612144314489,EH/s,daily,OBM v0.1.0
2017-12-25,obm_est7d_hashrate_ehs_daily,13.169783583848,EH/s,daily,OBM v0.1.0
2017-12-26,obm_est7d_hashrate_ehs_daily,13.212753179028,EH/s,daily,OBM v0.1.0
2017-12-27,obm_est7d_hashrate_ehs_daily,13.493698044774,EH/s,daily,OBM v0.1.0
2017-12-28,obm_est7d_hashrate_ehs_daily,13.698482280590,EH/s,daily,OBM v0.1.0
2017-12-29,obm_est7d_hashrate_ehs_daily,13.863977272840,EH/s,daily,OBM v0.1.0
2017-12-30,obm_est7d_hashrate_ehs_daily,13.916187588214,EH/s,daily,OBM v0.1.0
2017-12-31,obm_est7d_hashrate_ehs_daily,14.093555395193,EH/s,daily,OBM v0.1.0
2018-01-01,obm_est7d_hashrate_ehs_daily,14.412329243390,EH/s,daily,OBM v0.1.0
2018-01-02,obm_est7d_hashrate_ehs_daily,14.870235422337,EH/s,daily,OBM v0.1.0
2018-01-03,obm_est7d_hashrate_ehs_daily,14.932025399384,EH/s,daily,OBM v0.1.0
2018-01-04,obm_est7d_hashrate_ehs_daily,15.258639611747,EH/s,daily,OBM v0.1.0
2018-01-05,obm_est7d_hashrate_ehs_daily,15.023610906662,EH/s,daily,OBM v0.1.0
2018-01-06,obm_est7d_hashrate_ehs_daily,15.388406820742,EH/s,daily,OBM v0.1.0
2018-01-07,obm_est7d_hashrate_ehs_daily,15.442969686111,EH/s,daily,OBM v0.1.0
2018-01-08,obm_est7d_hashrate_ehs_daily,15.579472344707,EH/s,daily,OBM v0.1.0
2018-01-09,obm_est7d_hashrate_ehs_daily,15.499675967429,EH/s,daily,OBM v0.1.0
2018-01-10,obm_est7d_hashrate_ehs_daily,15.620522856756,EH/s,daily,OBM v0.1.0
2018-01-11,obm_est7d_hashrate_ehs_daily,15.965357154067,EH/s,daily,OBM v0.1.0
2018-01-12,obm_est7d_hashrate_ehs_daily,16.420943722583,EH/s,daily,OBM v0.1.0
2018-01-13,obm_est7d_hashrate_ehs_daily,16.385829837945,EH/s,daily,OBM v0.1.0
2018-01-14,obm_est7d_hashrate_ehs_daily,16.649970881648,EH/s,daily,OBM v0.1.0
2018-01-15,obm_est7d_hashrate_ehs_daily,16.734521773412,EH/s,daily,OBM v0.1.0
2018-01-16,obm_est7d_hashrate_ehs_daily,16.980892572965,EH/s,daily,OBM v0.1.0
2018-01-17,obm_est7d_hashrate_ehs_daily,17.345627873490,EH/s,daily,OBM v0.1.0
2018-01-18,obm_est7d_hashrate_ehs_daily,17.448725043977,EH/s,daily,OBM v0.1.0
2018-01-19,obm_est7d_hashrate_ehs_daily,17.626922706642,EH/s,daily,OBM v0.1.0
2018-01-20,obm_est7d_hashrate_ehs_daily,18.169443617790,EH/s,daily,OBM v0.1.0
2018-01-21,obm_est7d_hashrate_ehs_daily,18.676937980355,EH/s,daily,OBM v0.1.0
2018-01-22,obm_est7d_hashrate_ehs_daily,18.991453764069,EH/s,daily,OBM v0.1.0
2018-01-23,obm_est7d_hashrate_ehs_daily,19.221297209985,EH/s,daily,OBM v0.1.0
2018-01-24,obm_est7d_hashrate_ehs_daily,19.372064637935,EH/s,daily,OBM v0.1.0
2018-01-25,obm_est7d_hashrate_ehs_daily,19.428786975923,EH/s,daily,OBM v0.1.0
2018-01-26,obm_est7d_hashrate_ehs_daily,19.653605711697,EH/s,daily,OBM v0.1.0
2018-01-27,obm_est7d_hashrate_ehs_daily,19.786219559482,EH/s,daily,OBM v0.1.0
2018-01-28,obm_est7d_hashrate_ehs_daily,19.692050904241,EH/s,daily,OBM v0.1.0
2018-01-29,obm_est7d_hashrate_ehs_daily,19.774906302242,EH/s,daily,OBM v0.1.0
2018-01-30,obm_est7d_hashrate_ehs_daily,20.065920463546,EH/s,daily,OBM v0.1.0
2018-01-31,obm_est7d_hashrate_ehs_daily,19.493588242180,EH/s,daily,OBM v0.1.0
2018-02-01,obm_est7d_hashrate_ehs_daily,19.666638038238,EH/s,daily,OBM v0.1.0
2018-02-02,obm_est7d_hashrate_ehs_daily,19.892551142054,EH/s,daily,OBM v0.1.0
2018-02-03,obm_est7d_hashrate_ehs_daily,19.937091819336,EH/s,daily,OBM v0.1.0
2018-02-04,obm_est7d_hashrate_ehs_daily,20.310564564150,EH/s,daily,OBM v0.1.0
2018-02-05,obm_est7d_hashrate_ehs_daily,20.985622146428,EH/s,daily,OBM v0.1.0
2018-02-06,obm_est7d_hashrate_ehs_daily,21.039980040098,EH/s,daily,OBM v0.1.0
2018-02-07,obm_est7d_hashrate_ehs_daily,21.759429163380,EH/s,daily,OBM v0.1.0
2018-02-08,obm_est7d_hashrate_ehs_daily,21.465411907711,EH/s,daily,OBM v0.1.0
2018-02-09,obm_est7d_hashrate_ehs_daily,21.102944334908,EH/s,daily,OBM v0.1.0
2018-02-10,obm_est7d_hashrate_ehs_daily,21.107055444488,EH/s,daily,OBM v0.1.0
2018-02-11,obm_est7d_hashrate_ehs_daily,20.904653799873,EH/s,daily,OBM v0.1.0
2018-02-12,obm_est7d_hashrate_ehs_daily,20.854017365227,EH/s,daily,OBM v0.1.0
2018-02-13,obm_est7d_hashrate_ehs_daily,21.145847719190,EH/s,daily,OBM v0.1.0
2018-02-14,obm_est7d_hashrate_ehs_daily,21.832853485932,EH/s,daily,OBM v0.1.0
2018-02-15,obm_est7d_hashrate_ehs_daily,21.853024607703,EH/s,daily,OBM v0.1.0
2018-02-16,obm_est7d_hashrate_ehs_daily,22.301024011626,EH/s,daily,OBM v0.1.0
2018-02-17,obm_est7d_hashrate_ehs_daily,22.414688941391,EH/s,daily,OBM v0.1.0
2018-02-18,obm_est7d_hashrate_ehs_daily,22.686905774195,EH/s,daily,OBM v0.1.0
2018-02-19,obm_est7d_hashrate_ehs_daily,22.547605711407,EH/s,daily,OBM v0.1.0
2018-02-20,obm_est7d_hashrate_ehs_daily,22.226319371471,EH/s,daily,OBM v0.1.0
2018-02-21,obm_est7d_hashrate_ehs_daily,22.235333287020,EH/s,daily,OBM v0.1.0
2018-02-22,obm_est7d_hashrate_ehs_daily,22.730945121957,EH/s,daily,OBM v0.1.0
2018-02-23,obm_est7d_hashrate_ehs_daily,22.615143325100,EH/s,daily,OBM v0.1.0
2018-02-24,obm_est7d_hashrate_ehs_daily,22.655742019244,EH/s,daily,OBM v0.1.0
2018-02-25,obm_est7d_hashrate_ehs_daily,23.035520631542,EH/s,daily,OBM v0.1.0
2018-02-26,obm_est7d_hashrate_ehs_daily,22.762980546308,EH/s,daily,OBM v0.1.0
2018-02-27,obm_est7d_hashrate_ehs_daily,23.147902970156,EH/s,daily,OBM v0.1.0
2018-02-28,obm_est7d_hashrate_ehs_daily,22.848971243533,EH/s,daily,OBM v0.1.0
2018-03-01,obm_est7d_hashrate_ehs_daily,23.185778123443,EH/s,daily,OBM v0.1.0
2018-03-02,obm_est7d_hashrate_ehs_daily,23.384007322104,EH/s,daily,OBM v0.1.0
2018-03-03,obm_est7d_hashrate_ehs_daily,24.138286453176,EH/s,daily,OBM v0.1.0
2018-03-04,obm_est7d_hashrate_ehs_daily,23.605667474669,EH/s,daily,OBM v0.1.0
2018-03-05,obm_est7d_hashrate_ehs_daily,24.033664842133,EH/s,daily,OBM v0.1.0
2018-03-06,obm_est7d_hashrate_ehs_daily,24.269338689168,EH/s,daily,OBM v0.1.0
2018-03-07,obm_est7d_hashrate_ehs_daily,24.639917364131,EH/s,daily,OBM v0.1.0
2018-03-08,obm_est7d_hashrate_ehs_daily,24.956829990616,EH/s,daily,OBM v0.1.0
2018-03-09,obm_est7d_hashrate_ehs_daily,24.999339777482,EH/s,daily,OBM v0.1.0
2018-03-10,obm_est7d_hashrate_ehs_daily,24.428684054874,EH/s,daily,OBM v0.1.0
2018-03-11,obm_est7d_hashrate_ehs_daily,24.820365897556,EH/s,daily,OBM v0.1.0
2018-03-12,obm_est7d_hashrate_ehs_daily,25.159427507003,EH/s,daily,OBM v0.1.0
2018-03-13,obm_est7d_hashrate_ehs_daily,25.308497379355,EH/s,daily,OBM v0.1.0
2018-03-14,obm_est7d_hashrate_ehs_daily,24.891677137805,EH/s,daily,OBM v0.1.0
2018-03-15,obm_est7d_hashrate_ehs_daily,24.474101879513,EH/s,daily,OBM v0.1.0
2018-03-16,obm_est7d_hashrate_ehs_daily,24.728713337131,EH/s,daily,OBM v0.1.0
2018-03-17,obm_est7d_hashrate_ehs_daily,24.958740691431,EH/s,daily,OBM v0.1.0
2018-03-18,obm_est7d_hashrate_ehs_daily,24.977194449329,EH/s,daily,OBM v0.1.0
2018-03-19,obm_est7d_hashrate_ehs_daily,25.021842649473,EH/s,daily,OBM v0.1.0
2018-03-20,obm_est7d_hashrate_ehs_daily,24.469207246882,EH/s,daily,OBM v0.1.0
2018-03-21,obm_est7d_hashrate_ehs_daily,24.816748228438,EH/s,daily,OBM v0.1.0
2018-03-22,obm_est7d_hashrate_ehs_daily,24.952078875016,EH/s,daily,OBM v0.1.0
2018-03-23,obm_est7d_hashrate_ehs_daily,24.605010051971,EH/s,daily,OBM v0.1.0
2018-03-24,obm_est7d_hashrate_ehs_daily,24.937360300144,EH/s,daily,OBM v0.1.0
2018-03-25,obm_est7d_hashrate_ehs_daily,24.747852676232,EH/s,daily,OBM v0.1.0
2018-03-26,obm_est7d_hashrate_ehs_daily,24.505441924328,EH/s,daily,OBM v0.1.0
2018-03-27,obm_est7d_hashrate_ehs_daily,25.128603617307,EH/s,daily,OBM v0.1.0
2018-03-28,obm_est7d_hashrate_ehs_daily,24.892330498341,EH/s,daily,OBM v0.1.0
2018-03-29,obm_est7d_hashrate_ehs_daily,24.950249527550,EH/s,daily,OBM v0.1.0
2018-03-30,obm_est7d_hashrate_ehs_daily,25.668900030299,EH/s,daily,OBM v0.1.0
2018-03-31,obm_est7d_hashrate_ehs_daily,24.985887040752,EH/s,daily,OBM v0.1.0
2018-04-01,obm_est7d_hashrate_ehs_daily,25.664487782264,EH/s,daily,OBM v0.1.0
2018-04-02,obm_est7d_hashrate_ehs_daily,25.875822583183,EH/s,daily,OBM v0.1.0
2018-04-03,obm_est7d_hashrate_ehs_daily,26.200116015615,EH/s,daily,OBM v0.1.0
2018-04-04,obm_est7d_hashrate_ehs_daily,26.578557343132,EH/s,daily,OBM v0.1.0
2018-04-05,obm_est7d_hashrate_ehs_daily,26.684796619564,EH/s,daily,OBM v0.1.0
2018-04-06,obm_est7d_hashrate_ehs_daily,26.164642123303,EH/s,daily,OBM v0.1.0
2018-04-07,obm_est7d_hashrate_ehs_daily,27.513348887842,EH/s,daily,OBM v0.1.0
2018-04-08,obm_est7d_hashrate_ehs_daily,27.538724262313,EH/s,daily,OBM v0.1.0
2018-04-09,obm_est7d_hashrate_ehs_daily,27.253941315403,EH/s,daily,OBM v0.1.0
2018-04-10,obm_est7d_hashrate_ehs_daily,27.263918342387,EH/s,daily,OBM v0.1.0
2018-04-11,obm_est7d_hashrate_ehs_daily,27.611354721447,EH/s,daily,OBM v0.1.0
2018-04-12,obm_est7d_hashrate_ehs_daily,27.610288898445,EH/s,daily,OBM v0.1.0
2018-04-13,obm_est7d_hashrate_ehs_daily,28.305518957490,EH/s,daily,OBM v0.1.0
2018-04-14,obm_est7d_hashrate_ehs_daily,27.557075261294,EH/s,daily,OBM v0.1.0
2018-04-15,obm_est7d_hashrate_ehs_daily,27.881038015026,EH/s,daily,OBM v0.1.0
2018-04-16,obm_est7d_hashrate_ehs_daily,28.056356728869,EH/s,daily,OBM v0.1.0
2018-04-17,obm_est7d_hashrate_ehs_daily,28.441643123249,EH/s,daily,OBM v0.1.0
2018-04-18,obm_est7d_hashrate_ehs_daily,28.738434567874,EH/s,daily,OBM v0.1.0
2018-04-19,obm_est7d_hashrate_ehs_daily,29.757779569367,EH/s,daily,OBM v0.1.0
2018-04-20,obm_est7d_hashrate_ehs_daily,29.361369893580,EH/s,daily,OBM v0.1.0
2018-04-21,obm_est7d_hashrate_ehs_daily,30.091815694216,EH/s,daily,OBM v0.1.0
2018-04-22,obm_est7d_hashrate_ehs_daily,29.970269297637,EH/s,daily,OBM v0.1.0
2018-04-23,obm_est7d_hashrate_ehs_daily,30.272131577902,EH/s,daily,OBM v0.1.0
2018-04-24,obm_est7d_hashrate_ehs_daily,30.247372112888,EH/s,daily,OBM v0.1.0
2018-04-25,obm_est7d_hashrate_ehs_daily,29.288037603285,EH/s,daily,OBM v0.1.0
2018-04-26,obm_est7d_hashrate_ehs_daily,28.222183516804,EH/s,daily,OBM v0.1.0
2018-04-27,obm_est7d_hashrate_ehs_daily,28.394565029625,EH/s,daily,OBM v0.1.0
2018-04-28,obm_est7d_hashrate_ehs_daily,27.853001985308,EH/s,daily,OBM v0.1.0
2018-04-29,obm_est7d_hashrate_ehs_daily,27.888569184437,EH/s,daily,OBM v0.1.0
2018-04-30,obm_est7d_hashrate_ehs_daily,28.159474405581,EH/s,daily,OBM v0.1.0
2018-05-01,obm_est7d_hashrate_ehs_daily,28.334118428832,EH/s,daily,OBM v0.1.0
2018-05-02,obm_est7d_hashrate_ehs_daily,28.957193419775,EH/s,daily,OBM v0.1.0
2018-05-03,obm_est7d_hashrate_ehs_daily,29.447461228265,EH/s,daily,OBM v0.1.0
2018-05-04,obm_est7d_hashrate_ehs_daily,29.659850928274,EH/s,daily,OBM v0.1.0
2018-05-05,obm_est7d_hashrate_ehs_daily,30.320576631090,EH/s,daily,OBM v0.1.0
2018-05-06,obm_est7d_hashrate_ehs_daily,29.744907967709,EH/s,daily,OBM v0.1.0
2018-05-07,obm_est7d_hashrate_ehs_daily,29.577173892476,EH/s,daily,OBM v0.1.0
2018-05-08,obm_est7d_hashrate_ehs_daily,29.067390268144,EH/s,daily,OBM v0.1.0
2018-05-09,obm_est7d_hashrate_ehs_daily,29.608738714908,EH/s,daily,OBM v0.1.0
2018-05-10,obm_est7d_hashrate_ehs_daily,29.706617839206,EH/s,daily,OBM v0.1.0
2018-05-11,obm_est7d_hashrate_ehs_daily,29.514284242109,EH/s,daily,OBM v0.1.0
2018-05-12,obm_est7d_hashrate_ehs_daily,29.754244277655,EH/s,daily,OBM v0.1.0
2018-05-13,obm_est7d_hashrate_ehs_daily,30.227385358011,EH/s,daily,OBM v0.1.0
2018-05-14,obm_est7d_hashrate_ehs_daily,29.782182889971,EH/s,daily,OBM v0.1.0
2018-05-15,obm_est7d_hashrate_ehs_daily,30.117517887616,EH/s,daily,OBM v0.1.0
2018-05-16,obm_est7d_hashrate_ehs_daily,30.884122592106,EH/s,daily,OBM v0.1.0
2018-05-17,obm_est7d_hashrate_ehs_daily,30.343256380025,EH/s,daily,OBM v0.1.0
2018-05-18,obm_est7d_hashrate_ehs_daily,30.953452591946,EH/s,daily,OBM v0.1.0
2018-05-19,obm_est7d_hashrate_ehs_daily,30.660258265708,EH/s,daily,OBM v0.1.0
2018-05-20,obm_est7d_hashrate_ehs_daily,30.487223550899,EH/s,daily,OBM v0.1.0
2018-05-21,obm_est7d_hashrate_ehs_daily,31.220271298308,EH/s,daily,OBM v0.1.0
2018-05-22,obm_est7d_hashrate_ehs_daily,31.387794391941,EH/s,daily,OBM v0.1.0
2018-05-23,obm_est7d_hashrate_ehs_daily,30.878485038458,EH/s,daily,OBM v0.1.0
2018-05-24,obm_est7d_hashrate_ehs_daily,31.272231660849,EH/s,daily,OBM v0.1.0
2018-05-25,obm_est7d_hashrate_ehs_daily,32.323327691185,EH/s,daily,OBM v0.1.0
2018-05-26,obm_est7d_hashrate_ehs_daily,32.775847633745,EH/s,daily,OBM v0.1.0
2018-05-27,obm_est7d_hashrate_ehs_daily,33.482294556449,EH/s,daily,OBM v0.1.0
2018-05-28,obm_est7d_hashrate_ehs_daily,33.760732838351,EH/s,daily,OBM v0.1.0
2018-05-29,obm_est7d_hashrate_ehs_daily,33.458333065856,EH/s,daily,OBM v0.1.0
2018-05-30,obm_est7d_hashrate_ehs_daily,34.111060256078,EH/s,daily,OBM v0.1.0
2018-05-31,obm_est7d_hashrate_ehs_daily,34.906896274780,EH/s,daily,OBM v0.1.0
2018-06-01,obm_est7d_hashrate_ehs_daily,34.629542542986,EH/s,daily,OBM v0.1.0
2018-06-02,obm_est7d_hashrate_ehs_daily,34.325686847147,EH/s,daily,OBM v0.1.0
2018-06-03,obm_est7d_hashrate_ehs_daily,34.269142168964,EH/s,daily,OBM v0.1.0
2018-06-04,obm_est7d_hashrate_ehs_daily,35.110314736757,EH/s,daily,OBM v0.1.0
2018-06-05,obm_est7d_hashrate_ehs_daily,36.435752427099,EH/s,daily,OBM v0.1.0
2018-06-06,obm_est7d_hashrate_ehs_daily,36.250848956085,EH/s,daily,OBM v0.1.0
2018-06-07,obm_est7d_hashrate_ehs_daily,36.041003474817,EH/s,daily,OBM v0.1.0
2018-06-08,obm_est7d_hashrate_ehs_daily,35.996090713307,EH/s,daily,OBM v0.1.0
2018-06-09,obm_est7d_hashrate_ehs_daily,36.467217351268,EH/s,daily,OBM v0.1.0
2018-06-10,obm_est7d_hashrate_ehs_daily,35.870787777693,EH/s,daily,OBM v0.1.0
2018-06-11,obm_est7d_hashrate_ehs_daily,35.193815894321,EH/s,daily,OBM v0.1.0
2018-06-12,obm_est7d_hashrate_ehs_daily,34.759816742054,EH/s,daily,OBM v0.1.0
2018-06-13,obm_est7d_hashrate_ehs_daily,34.679508094066,EH/s,daily,OBM v0.1.0
2018-06-14,obm_est7d_hashrate_ehs_daily,35.065576369909,EH/s,daily,OBM v0.1.0
2018-06-15,obm_est7d_hashrate_ehs_daily,35.275942482563,EH/s,daily,OBM v0.1.0
2018-06-16,obm_est7d_hashrate_ehs_daily,36.086685734416,EH/s,daily,OBM v0.1.0
2018-06-17,obm_est7d_hashrate_ehs_daily,37.185897627146,EH/s,daily,OBM v0.1.0
2018-06-18,obm_est7d_hashrate_ehs_daily,37.982940611573,EH/s,daily,OBM v0.1.0
2018-06-19,obm_est7d_hashrate_ehs_daily,38.394242617001,EH/s,daily,OBM v0.1.0
2018-06-20,obm_est7d_hashrate_ehs_daily,38.991543025468,EH/s,daily,OBM v0.1.0
2018-06-21,obm_est7d_hashrate_ehs_daily,39.788355612705,EH/s,daily,OBM v0.1.0
2018-06-22,obm_est7d_hashrate_ehs_daily,39.863116350641,EH/s,daily,OBM v0.1.0
2018-06-23,obm_est7d_hashrate_ehs_daily,39.787282142909,EH/s,daily,OBM v0.1.0
2018-06-24,obm_est7d_hashrate_ehs_daily,40.539201820840,EH/s,daily,OBM v0.1.0
2018-06-25,obm_est7d_hashrate_ehs_daily,40.310533237844,EH/s,daily,OBM v0.1.0
2018-06-26,obm_est7d_hashrate_ehs_daily,40.106001108925,EH/s,daily,OBM v0.1.0
2018-06-27,obm_est7d_hashrate_ehs_daily,38.815019974159,EH/s,daily,OBM v0.1.0
2018-06-28,obm_est7d_hashrate_ehs_daily,38.475837913209,EH/s,daily,OBM v0.1.0
2018-06-29,obm_est7d_hashrate_ehs_daily,38.482288918244,EH/s,daily,OBM v0.1.0
2018-06-30,obm_est7d_hashrate_ehs_daily,37.683733876930,EH/s,daily,OBM v0.1.0
2018-07-01,obm_est7d_hashrate_ehs_daily,36.864974131498,EH/s,daily,OBM v0.1.0
2018-07-02,obm_est7d_hashrate_ehs_daily,36.415212292975,EH/s,daily,OBM v0.1.0
2018-07-03,obm_est7d_hashrate_ehs_daily,35.602566944673,EH/s,daily,OBM v0.1.0
2018-07-04,obm_est7d_hashrate_ehs_daily,36.270435823557,EH/s,daily,OBM v0.1.0
2018-07-05,obm_est7d_hashrate_ehs_daily,35.842313625345,EH/s,daily,OBM v0.1.0
2018-07-06,obm_est7d_hashrate_ehs_daily,36.542809537786,EH/s,daily,OBM v0.1.0
2018-07-07,obm_est7d_hashrate_ehs_daily,37.308717561375,EH/s,daily,OBM v0.1.0
2018-07-08,obm_est7d_hashrate_ehs_daily,38.030906579826,EH/s,daily,OBM v0.1.0
2018-07-09,obm_est7d_hashrate_ehs_daily,38.070704034350,EH/s,daily,OBM v0.1.0
2018-07-10,obm_est7d_hashrate_ehs_daily,39.255922463481,EH/s,daily,OBM v0.1.0
2018-07-11,obm_est7d_hashrate_ehs_daily,39.293189913641,EH/s,daily,OBM v0.1.0
2018-07-12,obm_est7d_hashrate_ehs_daily,39.595120345089,EH/s,daily,OBM v0.1.0
2018-07-13,obm_est7d_hashrate_ehs_daily,38.882068631590,EH/s,daily,OBM v0.1.0
2018-07-14,obm_est7d_hashrate_ehs_daily,37.934033033397,EH/s,daily,OBM v0.1.0
2018-07-15,obm_est7d_hashrate_ehs_daily,37.025218210573,EH/s,daily,OBM v0.1.0
2018-07-16,obm_est7d_hashrate_ehs_daily,36.397064161465,EH/s,daily,OBM v0.1.0
2018-07-17,obm_est7d_hashrate_ehs_daily,36.584430094169,EH/s,daily,OBM v0.1.0
2018-07-18,obm_est7d_hashrate_ehs_daily,37.844966334702,EH/s,daily,OBM v0.1.0
2018-07-19,obm_est7d_hashrate_ehs_daily,38.813299848214,EH/s,daily,OBM v0.1.0
2018-07-20,obm_est7d_hashrate_ehs_daily,38.979558688681,EH/s,daily,OBM v0.1.0
2018-07-21,obm_est7d_hashrate_ehs_daily,39.025872772926,EH/s,daily,OBM v0.1.0
2018-07-22,obm_est7d_hashrate_ehs_daily,40.615753538766,EH/s,daily,OBM v0.1.0
2018-07-23,obm_est7d_hashrate_ehs_daily,42.115345938359,EH/s,daily,OBM v0.1.0
2018-07-24,obm_est7d_hashrate_ehs_daily,42.121932337486,EH/s,daily,OBM v0.1.0
2018-07-25,obm_est7d_hashrate_ehs_daily,42.215631826454,EH/s,daily,OBM v0.1.0
2018-07-26,obm_est7d_hashrate_ehs_daily,41.939387157220,EH/s,daily,OBM v0.1.0
2018-07-27,obm_est7d_hashrate_ehs_daily,42.492142857526,EH/s,daily,OBM v0.1.0
2018-07-28,obm_est7d_hashrate_ehs_daily,42.840279375742,EH/s,daily,OBM v0.1.0
2018-07-29,obm_est7d_hashrate_ehs_daily,42.790721982234,EH/s,daily,OBM v0.1.0
2018-07-30,obm_est7d_hashrate_ehs_daily,42.377590753178,EH/s,daily,OBM v0.1.0
2018-07-31,obm_est7d_hashrate_ehs_daily,42.725290403296,EH/s,daily,OBM v0.1.0
2018-08-01,obm_est7d_hashrate_ehs_daily,42.557340567602,EH/s,daily,OBM v0.1.0
2018-08-02,obm_est7d_hashrate_ehs_daily,42.940940347272,EH/s,daily,OBM v0.1.0
2018-08-03,obm_est7d_hashrate_ehs_daily,43.858755387929,EH/s,daily,OBM v0.1.0
2018-08-04,obm_est7d_hashrate_ehs_daily,46.060100737378,EH/s,daily,OBM v0.1.0
2018-08-05,obm_est7d_hashrate_ehs_daily,45.993632015951,EH/s,daily,OBM v0.1.0
2018-08-06,obm_est7d_hashrate_ehs_daily,45.814563066485,EH/s,daily,OBM v0.1.0
2018-08-07,obm_est7d_hashrate_ehs_daily,45.996874327868,EH/s,daily,OBM v0.1.0
2018-08-08,obm_est7d_hashrate_ehs_daily,46.290859264246,EH/s,daily,OBM v0.1.0
2018-08-09,obm_est7d_hashrate_ehs_daily,46.107251787555,EH/s,daily,OBM v0.1.0
2018-08-10,obm_est7d_hashrate_ehs_daily,46.548747900479,EH/s,daily,OBM v0.1.0
2018-08-11,obm_est7d_hashrate_ehs_daily,46.676294259508,EH/s,daily,OBM v0.1.0
2018-08-12,obm_est7d_hashrate_ehs_daily,46.881934884440,EH/s,daily,OBM v0.1.0
2018-08-13,obm_est7d_hashrate_ehs_daily,48.229218759995,EH/s,daily,OBM v0.1.0
2018-08-14,obm_est7d_hashrate_ehs_daily,47.956899359942,EH/s,daily,OBM v0.1.0
2018-08-15,obm_est7d_hashrate_ehs_daily,48.680086022296,EH/s,daily,OBM v0.1.0
2018-08-16,obm_est7d_hashrate_ehs_daily,49.443945160695,EH/s,daily,OBM v0.1.0
2018-08-17,obm_est7d_hashrate_ehs_daily,48.922203454812,EH/s,daily,OBM v0.1.0
2018-08-18,obm_est7d_hashrate_ehs_daily,48.785855264079,EH/s,daily,OBM v0.1.0
2018-08-19,obm_est7d_hashrate_ehs_daily,48.263050654043,EH/s,daily,OBM v0.1.0
2018-08-20,obm_est7d_hashrate_ehs_daily,48.267447011351,EH/s,daily,OBM v0.1.0
2018-08-21,obm_est7d_hashrate_ehs_daily,48.919140647579,EH/s,daily,OBM v0.1.0
2018-08-22,obm_est7d_hashrate_ehs_daily,48.724541630716,EH/s,daily,OBM v0.1.0
2018-08-23,obm_est7d_hashrate_ehs_daily,48.315934839284,EH/s,daily,OBM v0.1.0
2018-08-24,obm_est7d_hashrate_ehs_daily,48.409157864250,EH/s,daily,OBM v0.1.0
2018-08-25,obm_est7d_hashrate_ehs_daily,47.456888370856,EH/s,daily,OBM v0.1.0
2018-08-26,obm_est7d_hashrate_ehs_daily,49.025997468965,EH/s,daily,OBM v0.1.0
2018-08-27,obm_est7d_hashrate_ehs_daily,51.065488000715,EH/s,daily,OBM v0.1.0
2018-08-28,obm_est7d_hashrate_ehs_daily,51.787554650600,EH/s,daily,OBM v0.1.0
2018-08-29,obm_est7d_hashrate_ehs_daily,51.035801220974,EH/s,daily,OBM v0.1.0
2018-08-30,obm_est7d_hashrate_ehs_daily,51.679231009136,EH/s,daily,OBM v0.1.0
2018-08-31,obm_est7d_hashrate_ehs_daily,52.283904281226,EH/s,daily,OBM v0.1.0
2018-09-01,obm_est7d_hashrate_ehs_daily,53.215811786352,EH/s,daily,OBM v0.1.0
2018-09-02,obm_est7d_hashrate_ehs_daily,51.683046270300,EH/s,daily,OBM v0.1.0
2018-09-03,obm_est7d_hashrate_ehs_daily,49.820758198643,EH/s,daily,OBM v0.1.0
2018-09-04,obm_est7d_hashrate_ehs_daily,48.577753515323,EH/s,daily,OBM v0.1.0
2018-09-05,obm_est7d_hashrate_ehs_daily,48.088990286083,EH/s,daily,OBM v0.1.0
2018-09-06,obm_est7d_hashrate_ehs_daily,47.973817990881,EH/s,daily,OBM v0.1.0
2018-09-07,obm_est7d_hashrate_ehs_daily,48.040593476417,EH/s,daily,OBM v0.1.0
2018-09-08,obm_est7d_hashrate_ehs_daily,48.338846235086,EH/s,daily,OBM v0.1.0
2018-09-09,obm_est7d_hashrate_ehs_daily,49.529075712408,EH/s,daily,OBM v0.1.0
2018-09-10,obm_est7d_hashrate_ehs_daily,49.495793957241,EH/s,daily,OBM v0.1.0
2018-09-11,obm_est7d_hashrate_ehs_daily,50.500658305551,EH/s,daily,OBM v0.1.0
2018-09-12,obm_est7d_hashrate_ehs_daily,52.494581365680,EH/s,daily,OBM v0.1.0
2018-09-13,obm_est7d_hashrate_ehs_daily,52.707844141474,EH/s,daily,OBM v0.1.0
2018-09-14,obm_est7d_hashrate_ehs_daily,51.768229837652,EH/s,daily,OBM v0.1.0
2018-09-15,obm_est7d_hashrate_ehs_daily,51.235929918811,EH/s,daily,OBM v0.1.0
2018-09-16,obm_est7d_hashrate_ehs_daily,50.221434502722,EH/s,daily,OBM v0.1.0
2018-09-17,obm_est7d_hashrate_ehs_daily,50.042487811863,EH/s,daily,OBM v0.1.0
2018-09-18,obm_est7d_hashrate_ehs_daily,50.070090050905,EH/s,daily,OBM v0.1.0
2018-09-19,obm_est7d_hashrate_ehs_daily,49.465751144806,EH/s,daily,OBM v0.1.0
2018-09-20,obm_est7d_hashrate_ehs_daily,49.827165174608,EH/s,daily,OBM v0.1.0
2018-09-21,obm_est7d_hashrate_ehs_daily,50.578424134842,EH/s,daily,OBM v0.1.0
2018-09-22,obm_est7d_hashrate_ehs_daily,51.511504979360,EH/s,daily,OBM v0.1.0
2018-09-23,obm_est7d_hashrate_ehs_daily,52.136800527104,EH/s,daily,OBM v0.1.0
2018-09-24,obm_est7d_hashrate_ehs_daily,53.001095053103,EH/s,daily,OBM v0.1.0
2018-09-25,obm_est7d_hashrate_ehs_daily,54.420315798935,EH/s,daily,OBM v0.1.0
2018-09-26,obm_est7d_hashrate_ehs_daily,53.749212879792,EH/s,daily,OBM v0.1.0
2018-09-27,obm_est7d_hashrate_ehs_daily,53.447941414435,EH/s,daily,OBM v0.1.0
2018-09-28,obm_est7d_hashrate_ehs_daily,53.834517207986,EH/s,daily,OBM v0.1.0
2018-09-29,obm_est7d_hashrate_ehs_daily,53.815215194292,EH/s,daily,OBM v0.1.0
2018-09-30,obm_est7d_hashrate_ehs_daily,54.516450850969,EH/s,daily,OBM v0.1.0
2018-10-01,obm_est7d_hashrate_ehs_daily,54.894371541101,EH/s,daily,OBM v0.1.0
2018-10-02,obm_est7d_hashrate_ehs_daily,53.203385141986,EH/s,daily,OBM v0.1.0
2018-10-03,obm_est7d_hashrate_ehs_daily,53.480320466572,EH/s,daily,OBM v0.1.0
2018-10-04,obm_est7d_hashrate_ehs_daily,54.068425855646,EH/s,daily,OBM v0.1.0
2018-10-05,obm_est7d_hashrate_ehs_daily,53.103229794023,EH/s,daily,OBM v0.1.0
2018-10-06,obm_est7d_hashrate_ehs_daily,52.128617268708,EH/s,daily,OBM v0.1.0
2018-10-07,obm_est7d_hashrate_ehs_daily,51.342745418246,EH/s,daily,OBM v0.1.0
2018-10-08,obm_est7d_hashrate_ehs_daily,50.419954870980,EH/s,daily,OBM v0.1.0
2018-10-09,obm_est7d_hashrate_ehs_daily,50.303301656048,EH/s,daily,OBM v0.1.0
2018-10-10,obm_est7d_hashrate_ehs_daily,50.564763201859,EH/s,daily,OBM v0.1.0
2018-10-11,obm_est7d_hashrate_ehs_daily,51.209267446067,EH/s,daily,OBM v0.1.0
2018-10-12,obm_est7d_hashrate_ehs_daily,51.234647425172,EH/s,daily,OBM v0.1.0
2018-10-13,obm_est7d_hashrate_ehs_daily,52.101257808465,EH/s,daily,OBM v0.1.0
2018-10-14,obm_est7d_hashrate_ehs_daily,50.601446062958,EH/s,daily,OBM v0.1.0
2018-10-15,obm_est7d_hashrate_ehs_daily,52.208050588838,EH/s,daily,OBM v0.1.0
2018-10-16,obm_est7d_hashrate_ehs_daily,52.364756005321,EH/s,daily,OBM v0.1.0
2018-10-17,obm_est7d_hashrate_ehs_daily,51.958613156347,EH/s,daily,OBM v0.1.0
2018-10-18,obm_est7d_hashrate_ehs_daily,50.850742681801,EH/s,daily,OBM v0.1.0
2018-10-19,obm_est7d_hashrate_ehs_daily,51.449213318644,EH/s,daily,OBM v0.1.0
2018-10-20,obm_est7d_hashrate_ehs_daily,50.885272158292,EH/s,daily,OBM v0.1.0
2018-10-21,obm_est7d_hashrate_ehs_daily,51.903516815197,EH/s,daily,OBM v0.1.0
2018-10-22,obm_est7d_hashrate_ehs_daily,51.245877328480,EH/s,daily,OBM v0.1.0
2018-10-23,obm_est7d_hashrate_ehs_daily,52.047939280424,EH/s,daily,OBM v0.1.0
2018-10-24,obm_est7d_hashrate_ehs_daily,50.447573159029,EH/s,daily,OBM v0.1.0
2018-10-25,obm_est7d_hashrate_ehs_daily,50.299296679373,EH/s,daily,OBM v0.1.0
2018-10-26,obm_est7d_hashrate_ehs_daily,50.208634557183,EH/s,daily,OBM v0.1.0
2018-10-27,obm_est7d_hashrate_ehs_daily,49.928717828974,EH/s,daily,OBM v0.1.0
2018-10-28,obm_est7d_hashrate_ehs_daily,49.905904786566,EH/s,daily,OBM v0.1.0
2018-10-29,obm_est7d_hashrate_ehs_daily,49.537272049799,EH/s,daily,OBM v0.1.0
2018-10-30,obm_est7d_hashrate_ehs_daily,49.673915239568,EH/s,daily,OBM v0.1.0
2018-10-31,obm_est7d_hashrate_ehs_daily,52.007795445121,EH/s,daily,OBM v0.1.0
2018-11-01,obm_est7d_hashrate_ehs_daily,53.026948547757,EH/s,daily,OBM v0.1.0
2018-11-02,obm_est7d_hashrate_ehs_daily,52.987475423915,EH/s,daily,OBM v0.1.0
2018-11-03,obm_est7d_hashrate_ehs_daily,54.209991007022,EH/s,daily,OBM v0.1.0
2018-11-04,obm_est7d_hashrate_ehs_daily,53.637103165664,EH/s,daily,OBM v0.1.0
2018-11-05,obm_est7d_hashrate_ehs_daily,53.228126282707,EH/s,daily,OBM v0.1.0
2018-11-06,obm_est7d_hashrate_ehs_daily,51.975729565635,EH/s,daily,OBM v0.1.0
2018-11-07,obm_est7d_hashrate_ehs_daily,50.386142138231,EH/s,daily,OBM v0.1.0
2018-11-08,obm_est7d_hashrate_ehs_daily,48.545318692680,EH/s,daily,OBM v0.1.0
2018-11-09,obm_est7d_hashrate_ehs_daily,47.729294165873,EH/s,daily,OBM v0.1.0
2018-11-10,obm_est7d_hashrate_ehs_daily,46.228464715619,EH/s,daily,OBM v0.1.0
2018-11-11,obm_est7d_hashrate_ehs_daily,47.391358188139,EH/s,daily,OBM v0.1.0
2018-11-12,obm_est7d_hashrate_ehs_daily,47.158580913780,EH/s,daily,OBM v0.1.0
2018-11-13,obm_est7d_hashrate_ehs_daily,46.786559585533,EH/s,daily,OBM v0.1.0
2018-11-14,obm_est7d_hashrate_ehs_daily,46.979243665957,EH/s,daily,OBM v0.1.0
2018-11-15,obm_est7d_hashrate_ehs_daily,47.293221722408,EH/s,daily,OBM v0.1.0
2018-11-16,obm_est7d_hashrate_ehs_daily,47.234050865684,EH/s,daily,OBM v0.1.0
2018-11-17,obm_est7d_hashrate_ehs_daily,47.384990410457,EH/s,daily,OBM v0.1.0
2018-11-18,obm_est7d_hashrate_ehs_daily,45.785768729397,EH/s,daily,OBM v0.1.0
2018-11-19,obm_est7d_hashrate_ehs_daily,44.610923368487,EH/s,daily,OBM v0.1.0
2018-11-20,obm_est7d_hashrate_ehs_daily,44.683556606700,EH/s,daily,OBM v0.1.0
2018-11-21,obm_est7d_hashrate_ehs_daily,42.760119165501,EH/s,daily,OBM v0.1.0
2018-11-22,obm_est7d_hashrate_ehs_daily,42.197215745549,EH/s,daily,OBM v0.1.0
2018-11-23,obm_est7d_hashrate_ehs_daily,41.616666974497,EH/s,daily,OBM v0.1.0
2018-11-24,obm_est7d_hashrate_ehs_daily,41.425188732299,EH/s,daily,OBM v0.1.0
2018-11-25,obm_est7d_hashrate_ehs_daily,41.597961136491,EH/s,daily,OBM v0.1.0
2018-11-26,obm_est7d_hashrate_ehs_daily,41.019049653909,EH/s,daily,OBM v0.1.0
2018-11-27,obm_est7d_hashrate_ehs_daily,40.895890378464,EH/s,daily,OBM v0.1.0
2018-11-28,obm_est7d_hashrate_ehs_daily,41.475154559999,EH/s,daily,OBM v0.1.0
2018-11-29,obm_est7d_hashrate_ehs_daily,40.776734867603,EH/s,daily,OBM v0.1.0
2018-11-30,obm_est7d_hashrate_ehs_daily,39.519109049905,EH/s,daily,OBM v0.1.0
2018-12-01,obm_est7d_hashrate_ehs_daily,38.678533386375,EH/s,daily,OBM v0.1.0
2018-12-02,obm_est7d_hashrate_ehs_daily,38.130489781939,EH/s,daily,OBM v0.1.0
2018-12-03,obm_est7d_hashrate_ehs_daily,37.852804570587,EH/s,daily,OBM v0.1.0
2018-12-04,obm_est7d_hashrate_ehs_daily,37.136703294693,EH/s,daily,OBM v0.1.0
2018-12-05,obm_est7d_hashrate_ehs_daily,36.850194586034,EH/s,daily,OBM v0.1.0
2018-12-06,obm_est7d_hashrate_ehs_daily,37.224554247722,EH/s,daily,OBM v0.1.0
2018-12-07,obm_est7d_hashrate_ehs_daily,37.103086838339,EH/s,daily,OBM v0.1.0
2018-12-08,obm_est7d_hashrate_ehs_daily,36.250812533496,EH/s,daily,OBM v0.1.0
2018-12-09,obm_est7d_hashrate_ehs_daily,35.996064249719,EH/s,daily,OBM v0.1.0
2018-12-10,obm_est7d_hashrate_ehs_daily,36.034951052219,EH/s,daily,OBM v0.1.0
2018-12-11,obm_est7d_hashrate_ehs_daily,35.465305809788,EH/s,daily,OBM v0.1.0
2018-12-12,obm_est7d_hashrate_ehs_daily,35.085392690484,EH/s,daily,OBM v0.1.0
2018-12-13,obm_est7d_hashrate_ehs_daily,34.880472137233,EH/s,daily,OBM v0.1.0
2018-12-14,obm_est7d_hashrate_ehs_daily,36.277972332766,EH/s,daily,OBM v0.1.0
2018-12-15,obm_est7d_hashrate_ehs_daily,37.276919447517,EH/s,daily,OBM v0.1.0
2018-12-16,obm_est7d_hashrate_ehs_daily,36.636030713477,EH/s,daily,OBM v0.1.0
2018-12-17,obm_est7d_hashrate_ehs_daily,37.977935572185,EH/s,daily,OBM v0.1.0
2018-12-18,obm_est7d_hashrate_ehs_daily,38.076850280807,EH/s,daily,OBM v0.1.0
2018-12-19,obm_est7d_hashrate_ehs_daily,38.642441253503,EH/s,daily,OBM v0.1.0
2018-12-20,obm_est7d_hashrate_ehs_daily,38.335757300406,EH/s,daily,OBM v0.1.0
2018-12-21,obm_est7d_hashrate_ehs_daily,37.525529732436,EH/s,daily,OBM v0.1.0
2018-12-22,obm_est7d_hashrate_ehs_daily,37.903729480313,EH/s,daily,OBM v0.1.0
2018-12-23,obm_est7d_hashrate_ehs_daily,39.681137117564,EH/s,daily,OBM v0.1.0
2018-12-24,obm_est7d_hashrate_ehs_daily,38.903959780210,EH/s,daily,OBM v0.1.0
2018-12-25,obm_est7d_hashrate_ehs_daily,39.496461337916,EH/s,daily,OBM v0.1.0
2018-12-26,obm_est7d_hashrate_ehs_daily,39.761630750486,EH/s,daily,OBM v0.1.0
2018-12-27,obm_est7d_hashrate_ehs_daily,41.231090075822,EH/s,daily,OBM v0.1.0
2018-12-28,obm_est7d_hashrate_ehs_daily,42.152379632328,EH/s,daily,OBM v0.1.0
2018-12-29,obm_est7d_hashrate_ehs_daily,40.883595888420,EH/s,daily,OBM v0.1.0
2018-12-30,obm_est7d_hashrate_ehs_daily,40.748518524384,EH/s,daily,OBM v0.1.0
2018-12-31,obm_est7d_hashrate_ehs_daily,41.034236534790,EH/s,daily,OBM v0.1.0
2019-01-01,obm_est7d_hashrate_ehs_daily,41.243783515022,EH/s,daily,OBM v0.1.0
2019-01-02,obm_est7d_hashrate_ehs_daily,41.556067150967,EH/s,daily,OBM v0.1.0
2019-01-03,obm_est7d_hashrate_ehs_daily,41.401596254878,EH/s,daily,OBM v0.1.0
2019-01-04,obm_est7d_hashrate_ehs_daily,41.321355860348,EH/s,daily,OBM v0.1.0
2019-01-05,obm_est7d_hashrate_ehs_daily,43.045621957615,EH/s,daily,OBM v0.1.0
2019-01-06,obm_est7d_hashrate_ehs_daily,42.078078705574,EH/s,daily,OBM v0.1.0
2019-01-07,obm_est7d_hashrate_ehs_daily,41.870202098393,EH/s,daily,OBM v0.1.0
2019-01-08,obm_est7d_hashrate_ehs_daily,42.714766611193,EH/s,daily,OBM v0.1.0
2019-01-09,obm_est7d_hashrate_ehs_daily,43.272621789587,EH/s,daily,OBM v0.1.0
2019-01-10,obm_est7d_hashrate_ehs_daily,43.274245873112,EH/s,daily,OBM v0.1.0
2019-01-11,obm_est7d_hashrate_ehs_daily,43.210176337162,EH/s,daily,OBM v0.1.0
2019-01-12,obm_est7d_hashrate_ehs_daily,42.220104161929,EH/s,daily,OBM v0.1.0
2019-01-13,obm_est7d_hashrate_ehs_daily,42.023395466918,EH/s,daily,OBM v0.1.0
2019-01-14,obm_est7d_hashrate_ehs_daily,42.715848746082,EH/s,daily,OBM v0.1.0
2019-01-15,obm_est7d_hashrate_ehs_daily,41.440297536171,EH/s,daily,OBM v0.1.0
2019-01-16,obm_est7d_hashrate_ehs_daily,40.447964369360,EH/s,daily,OBM v0.1.0
2019-01-17,obm_est7d_hashrate_ehs_daily,39.528895961572,EH/s,daily,OBM v0.1.0
2019-01-18,obm_est7d_hashrate_ehs_daily,39.358448366028,EH/s,daily,OBM v0.1.0
2019-01-19,obm_est7d_hashrate_ehs_daily,39.584572064745,EH/s,daily,OBM v0.1.0
2019-01-20,obm_est7d_hashrate_ehs_daily,40.516239108633,EH/s,daily,OBM v0.1.0
2019-01-21,obm_est7d_hashrate_ehs_daily,40.553327848499,EH/s,daily,OBM v0.1.0
2019-01-22,obm_est7d_hashrate_ehs_daily,40.477547453494,EH/s,daily,OBM v0.1.0
2019-01-23,obm_est7d_hashrate_ehs_daily,41.070011714419,EH/s,daily,OBM v0.1.0
2019-01-24,obm_est7d_hashrate_ehs_daily,42.528045991804,EH/s,daily,OBM v0.1.0
2019-01-25,obm_est7d_hashrate_ehs_daily,42.470081723509,EH/s,daily,OBM v0.1.0
2019-01-26,obm_est7d_hashrate_ehs_daily,43.169206880927,EH/s,daily,OBM v0.1.0
2019-01-27,obm_est7d_hashrate_ehs_daily,42.352944470554,EH/s,daily,OBM v0.1.0
2019-01-28,obm_est7d_hashrate_ehs_daily,42.317059779816,EH/s,daily,OBM v0.1.0
2019-01-29,obm_est7d_hashrate_ehs_daily,42.700071165984,EH/s,daily,OBM v0.1.0
2019-01-30,obm_est7d_hashrate_ehs_daily,42.186411304761,EH/s,daily,OBM v0.1.0
2019-01-31,obm_est7d_hashrate_ehs_daily,41.915230810506,EH/s,daily,OBM v0.1.0
2019-02-01,obm_est7d_hashrate_ehs_daily,42.640073089852,EH/s,daily,OBM v0.1.0
2019-02-02,obm_est7d_hashrate_ehs_daily,42.327204071853,EH/s,daily,OBM v0.1.0
2019-02-03,obm_est7d_hashrate_ehs_daily,42.278450450948,EH/s,daily,OBM v0.1.0
2019-02-04,obm_est7d_hashrate_ehs_daily,42.381127295745,EH/s,daily,OBM v0.1.0
2019-02-05,obm_est7d_hashrate_ehs_daily,42.343569465489,EH/s,daily,OBM v0.1.0
2019-02-06,obm_est7d_hashrate_ehs_daily,43.549762345602,EH/s,daily,OBM v0.1.0
2019-02-07,obm_est7d_hashrate_ehs_daily,44.329907765368,EH/s,daily,OBM v0.1.0
2019-02-08,obm_est7d_hashrate_ehs_daily,44.484740446706,EH/s,daily,OBM v0.1.0
2019-02-09,obm_est7d_hashrate_ehs_daily,44.796208537462,EH/s,daily,OBM v0.1.0
2019-02-10,obm_est7d_hashrate_ehs_daily,45.059976954763,EH/s,daily,OBM v0.1.0
2019-02-11,obm_est7d_hashrate_ehs_daily,45.112670304684,EH/s,daily,OBM v0.1.0
2019-02-12,obm_est7d_hashrate_ehs_daily,44.557586179552,EH/s,daily,OBM v0.1.0
2019-02-13,obm_est7d_hashrate_ehs_daily,44.370577867925,EH/s,daily,OBM v0.1.0
2019-02-14,obm_est7d_hashrate_ehs_daily,43.320923183475,EH/s,daily,OBM v0.1.0
2019-02-15,obm_est7d_hashrate_ehs_daily,41.958252056179,EH/s,daily,OBM v0.1.0
2019-02-16,obm_est7d_hashrate_ehs_daily,42.244119463031,EH/s,daily,OBM v0.1.0
2019-02-17,obm_est7d_hashrate_ehs_daily,43.189095631459,EH/s,daily,OBM v0.1.0
2019-02-18,obm_est7d_hashrate_ehs_daily,43.623230248918,EH/s,daily,OBM v0.1.0
2019-02-19,obm_est7d_hashrate_ehs_daily,44.858834781201,EH/s,daily,OBM v0.1.0
2019-02-20,obm_est7d_hashrate_ehs_daily,43.936223545036,EH/s,daily,OBM v0.1.0
2019-02-21,obm_est7d_hashrate_ehs_daily,42.970262135923,EH/s,daily,OBM v0.1.0
2019-02-22,obm_est7d_hashrate_ehs_daily,44.399179413759,EH/s,daily,OBM v0.1.0
2019-02-23,obm_est7d_hashrate_ehs_daily,44.173869253569,EH/s,daily,OBM v0.1.0
2019-02-24,obm_est7d_hashrate_ehs_daily,43.210207865227,EH/s,daily,OBM v0.1.0
2019-02-25,obm_est7d_hashrate_ehs_daily,42.799526110385,EH/s,daily,OBM v0.1.0
2019-02-26,obm_est7d_hashrate_ehs_daily,42.922871241253,EH/s,daily,OBM v0.1.0
2019-02-27,obm_est7d_hashrate_ehs_daily,43.378384136913,EH/s,daily,OBM v0.1.0
2019-02-28,obm_est7d_hashrate_ehs_daily,44.697060038458,EH/s,daily,OBM v0.1.0
2019-03-01,obm_est7d_hashrate_ehs_daily,44.758838279564,EH/s,daily,OBM v0.1.0
2019-03-02,obm_est7d_hashrate_ehs_daily,44.345545651691,EH/s,daily,OBM v0.1.0
2019-03-03,obm_est7d_hashrate_ehs_daily,44.695800554961,EH/s,daily,OBM v0.1.0
2019-03-04,obm_est7d_hashrate_ehs_daily,44.388768986627,EH/s,daily,OBM v0.1.0
2019-03-05,obm_est7d_hashrate_ehs_daily,44.023312713549,EH/s,daily,OBM v0.1.0
2019-03-06,obm_est7d_hashrate_ehs_daily,43.394452332501,EH/s,daily,OBM v0.1.0
2019-03-07,obm_est7d_hashrate_ehs_daily,42.951225976898,EH/s,daily,OBM v0.1.0
2019-03-08,obm_est7d_hashrate_ehs_daily,42.324446089289,EH/s,daily,OBM v0.1.0
2019-03-09,obm_est7d_hashrate_ehs_daily,42.624305661970,EH/s,daily,OBM v0.1.0
2019-03-10,obm_est7d_hashrate_ehs_daily,42.240204810045,EH/s,daily,OBM v0.1.0
2019-03-11,obm_est7d_hashrate_ehs_daily,42.446004130765,EH/s,daily,OBM v0.1.0
2019-03-12,obm_est7d_hashrate_ehs_daily,42.137146745498,EH/s,daily,OBM v0.1.0
2019-03-13,obm_est7d_hashrate_ehs_daily,42.493857889738,EH/s,daily,OBM v0.1.0
2019-03-14,obm_est7d_hashrate_ehs_daily,42.926092983089,EH/s,daily,OBM v0.1.0
2019-03-15,obm_est7d_hashrate_ehs_daily,43.235694009704,EH/s,daily,OBM v0.1.0
2019-03-16,obm_est7d_hashrate_ehs_daily,44.380453507996,EH/s,daily,OBM v0.1.0
2019-03-17,obm_est7d_hashrate_ehs_daily,44.731786318005,EH/s,daily,OBM v0.1.0
2019-03-18,obm_est7d_hashrate_ehs_daily,45.637161453675,EH/s,daily,OBM v0.1.0
2019-03-19,obm_est7d_hashrate_ehs_daily,46.937743788315,EH/s,daily,OBM v0.1.0
2019-03-20,obm_est7d_hashrate_ehs_daily,48.052887191767,EH/s,daily,OBM v0.1.0
2019-03-21,obm_est7d_hashrate_ehs_daily,47.510637465422,EH/s,daily,OBM v0.1.0
2019-03-22,obm_est7d_hashrate_ehs_daily,47.883680140220,EH/s,daily,OBM v0.1.0
2019-03-23,obm_est7d_hashrate_ehs_daily,47.098530033851,EH/s,daily,OBM v0.1.0
2019-03-24,obm_est7d_hashrate_ehs_daily,47.571170704041,EH/s,daily,OBM v0.1.0
2019-03-25,obm_est7d_hashrate_ehs_daily,47.391339961462,EH/s,daily,OBM v0.1.0
2019-03-26,obm_est7d_hashrate_ehs_daily,45.883900984797,EH/s,daily,OBM v0.1.0
2019-03-27,obm_est7d_hashrate_ehs_daily,46.045395612146,EH/s,daily,OBM v0.1.0
2019-03-28,obm_est7d_hashrate_ehs_daily,46.242534338436,EH/s,daily,OBM v0.1.0
2019-03-29,obm_est7d_hashrate_ehs_daily,45.870265565187,EH/s,daily,OBM v0.1.0
2019-03-30,obm_est7d_hashrate_ehs_daily,45.882099286304,EH/s,daily,OBM v0.1.0
2019-03-31,obm_est7d_hashrate_ehs_daily,45.535271541524,EH/s,daily,OBM v0.1.0
2019-04-01,obm_est7d_hashrate_ehs_daily,44.887196185670,EH/s,daily,OBM v0.1.0
2019-04-02,obm_est7d_hashrate_ehs_daily,46.040810739683,EH/s,daily,OBM v0.1.0
2019-04-03,obm_est7d_hashrate_ehs_daily,45.633186105032,EH/s,daily,OBM v0.1.0
2019-04-04,obm_est7d_hashrate_ehs_daily,45.524572749318,EH/s,daily,OBM v0.1.0
2019-04-05,obm_est7d_hashrate_ehs_daily,45.851792743634,EH/s,daily,OBM v0.1.0
2019-04-06,obm_est7d_hashrate_ehs_daily,45.898431121728,EH/s,daily,OBM v0.1.0
2019-04-07,obm_est7d_hashrate_ehs_daily,46.077703715251,EH/s,daily,OBM v0.1.0
2019-04-08,obm_est7d_hashrate_ehs_daily,46.591260306173,EH/s,daily,OBM v0.1.0
2019-04-09,obm_est7d_hashrate_ehs_daily,45.427394461673,EH/s,daily,OBM v0.1.0
2019-04-10,obm_est7d_hashrate_ehs_daily,45.749587842780,EH/s,daily,OBM v0.1.0
2019-04-11,obm_est7d_hashrate_ehs_daily,46.476411593249,EH/s,daily,OBM v0.1.0
2019-04-12,obm_est7d_hashrate_ehs_daily,46.149813120466,EH/s,daily,OBM v0.1.0
2019-04-13,obm_est7d_hashrate_ehs_daily,46.101671900636,EH/s,daily,OBM v0.1.0
2019-04-14,obm_est7d_hashrate_ehs_daily,45.175267405988,EH/s,daily,OBM v0.1.0
2019-04-15,obm_est7d_hashrate_ehs_daily,45.035801518335,EH/s,daily,OBM v0.1.0
2019-04-16,obm_est7d_hashrate_ehs_daily,45.592283589378,EH/s,daily,OBM v0.1.0
2019-04-17,obm_est7d_hashrate_ehs_daily,45.112108421152,EH/s,daily,OBM v0.1.0
2019-04-18,obm_est7d_hashrate_ehs_daily,44.817629416547,EH/s,daily,OBM v0.1.0
2019-04-19,obm_est7d_hashrate_ehs_daily,44.847968842140,EH/s,daily,OBM v0.1.0
2019-04-20,obm_est7d_hashrate_ehs_daily,44.655303747750,EH/s,daily,OBM v0.1.0
2019-04-21,obm_est7d_hashrate_ehs_daily,46.441884140811,EH/s,daily,OBM v0.1.0
2019-04-22,obm_est7d_hashrate_ehs_daily,45.905357282596,EH/s,daily,OBM v0.1.0
2019-04-23,obm_est7d_hashrate_ehs_daily,44.507461558328,EH/s,daily,OBM v0.1.0
2019-04-24,obm_est7d_hashrate_ehs_daily,45.680054869269,EH/s,daily,OBM v0.1.0
2019-04-25,obm_est7d_hashrate_ehs_daily,45.330294578151,EH/s,daily,OBM v0.1.0
2019-04-26,obm_est7d_hashrate_ehs_daily,45.239897719139,EH/s,daily,OBM v0.1.0
2019-04-27,obm_est7d_hashrate_ehs_daily,45.607372236233,EH/s,daily,OBM v0.1.0
2019-04-28,obm_est7d_hashrate_ehs_daily,45.525288304638,EH/s,daily,OBM v0.1.0
2019-04-29,obm_est7d_hashrate_ehs_daily,46.890727809711,EH/s,daily,OBM v0.1.0
2019-04-30,obm_est7d_hashrate_ehs_daily,47.848579109134,EH/s,daily,OBM v0.1.0
2019-05-01,obm_est7d_hashrate_ehs_daily,48.326023684831,EH/s,daily,OBM v0.1.0
2019-05-02,obm_est7d_hashrate_ehs_daily,50.215711576973,EH/s,daily,OBM v0.1.0
2019-05-03,obm_est7d_hashrate_ehs_daily,50.087689449702,EH/s,daily,OBM v0.1.0
2019-05-04,obm_est7d_hashrate_ehs_daily,50.118834029968,EH/s,daily,OBM v0.1.0
2019-05-05,obm_est7d_hashrate_ehs_daily,48.900188202226,EH/s,daily,OBM v0.1.0
2019-05-06,obm_est7d_hashrate_ehs_daily,48.744642503689,EH/s,daily,OBM v0.1.0
2019-05-07,obm_est7d_hashrate_ehs_daily,48.558285480219,EH/s,daily,OBM v0.1.0
2019-05-08,obm_est7d_hashrate_ehs_daily,48.003153094927,EH/s,daily,OBM v0.1.0
2019-05-09,obm_est7d_hashrate_ehs_daily,46.888775153896,EH/s,daily,OBM v0.1.0
2019-05-10,obm_est7d_hashrate_ehs_daily,45.870767409924,EH/s,daily,OBM v0.1.0
2019-05-11,obm_est7d_hashrate_ehs_daily,45.992990411274,EH/s,daily,OBM v0.1.0
2019-05-12,obm_est7d_hashrate_ehs_daily,47.289517001860,EH/s,daily,OBM v0.1.0
2019-05-13,obm_est7d_hashrate_ehs_daily,48.330777743638,EH/s,daily,OBM v0.1.0
2019-05-14,obm_est7d_hashrate_ehs_daily,49.302495380786,EH/s,daily,OBM v0.1.0
2019-05-15,obm_est7d_hashrate_ehs_daily,49.238401433366,EH/s,daily,OBM v0.1.0
2019-05-16,obm_est7d_hashrate_ehs_daily,49.067151667286,EH/s,daily,OBM v0.1.0
2019-05-17,obm_est7d_hashrate_ehs_daily,50.135443352550,EH/s,daily,OBM v0.1.0
2019-05-18,obm_est7d_hashrate_ehs_daily,51.265084183755,EH/s,daily,OBM v0.1.0
2019-05-19,obm_est7d_hashrate_ehs_daily,51.696955030531,EH/s,daily,OBM v0.1.0
2019-05-20,obm_est7d_hashrate_ehs_daily,51.253737196923,EH/s,daily,OBM v0.1.0
2019-05-21,obm_est7d_hashrate_ehs_daily,51.254856966775,EH/s,daily,OBM v0.1.0
2019-05-22,obm_est7d_hashrate_ehs_daily,52.232475484153,EH/s,daily,OBM v0.1.0
2019-05-23,obm_est7d_hashrate_ehs_daily,52.739386989193,EH/s,daily,OBM v0.1.0
2019-05-24,obm_est7d_hashrate_ehs_daily,52.801906351339,EH/s,daily,OBM v0.1.0
2019-05-25,obm_est7d_hashrate_ehs_daily,52.221678473127,EH/s,daily,OBM v0.1.0
2019-05-26,obm_est7d_hashrate_ehs_daily,52.359290873853,EH/s,daily,OBM v0.1.0
2019-05-27,obm_est7d_hashrate_ehs_daily,52.629617100436,EH/s,daily,OBM v0.1.0
2019-05-28,obm_est7d_hashrate_ehs_daily,53.366709251019,EH/s,daily,OBM v0.1.0
2019-05-29,obm_est7d_hashrate_ehs_daily,53.434388558947,EH/s,daily,OBM v0.1.0
2019-05-30,obm_est7d_hashrate_ehs_daily,53.566063980513,EH/s,daily,OBM v0.1.0
2019-05-31,obm_est7d_hashrate_ehs_daily,52.487832849480,EH/s,daily,OBM v0.1.0
2019-06-01,obm_est7d_hashrate_ehs_daily,53.857448993006,EH/s,daily,OBM v0.1.0
2019-06-02,obm_est7d_hashrate_ehs_daily,52.930234031620,EH/s,daily,OBM v0.1.0
2019-06-03,obm_est7d_hashrate_ehs_daily,51.332599645631,EH/s,daily,OBM v0.1.0
2019-06-04,obm_est7d_hashrate_ehs_daily,51.619622711589,EH/s,daily,OBM v0.1.0
2019-06-05,obm_est7d_hashrate_ehs_daily,51.887330152610,EH/s,daily,OBM v0.1.0
2019-06-06,obm_est7d_hashrate_ehs_daily,52.451101939131,EH/s,daily,OBM v0.1.0
2019-06-07,obm_est7d_hashrate_ehs_daily,54.722711033722,EH/s,daily,OBM v0.1.0
2019-06-08,obm_est7d_hashrate_ehs_daily,53.231385676285,EH/s,daily,OBM v0.1.0
2019-06-09,obm_est7d_hashrate_ehs_daily,54.032745101170,EH/s,daily,OBM v0.1.0
2019-06-10,obm_est7d_hashrate_ehs_daily,56.058467395893,EH/s,daily,OBM v0.1.0
2019-06-11,obm_est7d_hashrate_ehs_daily,55.602092872999,EH/s,daily,OBM v0.1.0
2019-06-12,obm_est7d_hashrate_ehs_daily,53.970909372760,EH/s,daily,OBM v0.1.0
2019-06-13,obm_est7d_hashrate_ehs_daily,53.567318460756,EH/s,daily,OBM v0.1.0
2019-06-14,obm_est7d_hashrate_ehs_daily,54.169691033871,EH/s,daily,OBM v0.1.0
2019-06-15,obm_est7d_hashrate_ehs_daily,55.215030460048,EH/s,daily,OBM v0.1.0
2019-06-16,obm_est7d_hashrate_ehs_daily,54.271388338472,EH/s,daily,OBM v0.1.0
2019-06-17,obm_est7d_hashrate_ehs_daily,53.041531640331,EH/s,daily,OBM v0.1.0
2019-06-18,obm_est7d_hashrate_ehs_daily,54.153779174239,EH/s,daily,OBM v0.1.0
2019-06-19,obm_est7d_hashrate_ehs_daily,56.354580948008,EH/s,daily,OBM v0.1.0
2019-06-20,obm_est7d_hashrate_ehs_daily,55.960025665837,EH/s,daily,OBM v0.1.0
2019-06-21,obm_est7d_hashrate_ehs_daily,54.029883538534,EH/s,daily,OBM v0.1.0
2019-06-22,obm_est7d_hashrate_ehs_daily,54.071608289062,EH/s,daily,OBM v0.1.0
2019-06-23,obm_est7d_hashrate_ehs_daily,56.453490423197,EH/s,daily,OBM v0.1.0
2019-06-24,obm_est7d_hashrate_ehs_daily,58.766721343500,EH/s,daily,OBM v0.1.0
2019-06-25,obm_est7d_hashrate_ehs_daily,57.873827710665,EH/s,daily,OBM v0.1.0
2019-06-26,obm_est7d_hashrate_ehs_daily,57.291580344432,EH/s,daily,OBM v0.1.0
2019-06-27,obm_est7d_hashrate_ehs_daily,57.788404214767,EH/s,daily,OBM v0.1.0
2019-06-28,obm_est7d_hashrate_ehs_daily,59.953402247405,EH/s,daily,OBM v0.1.0
2019-06-29,obm_est7d_hashrate_ehs_daily,62.228897289764,EH/s,daily,OBM v0.1.0
2019-06-30,obm_est7d_hashrate_ehs_daily,61.228765153543,EH/s,daily,OBM v0.1.0
2019-07-01,obm_est7d_hashrate_ehs_daily,59.948818475494,EH/s,daily,OBM v0.1.0
2019-07-02,obm_est7d_hashrate_ehs_daily,61.155760996951,EH/s,daily,OBM v0.1.0
2019-07-03,obm_est7d_hashrate_ehs_daily,62.151023940471,EH/s,daily,OBM v0.1.0
2019-07-04,obm_est7d_hashrate_ehs_daily,63.752463218412,EH/s,daily,OBM v0.1.0
2019-07-05,obm_est7d_hashrate_ehs_daily,65.091962596125,EH/s,daily,OBM v0.1.0
2019-07-06,obm_est7d_hashrate_ehs_daily,65.392437679761,EH/s,daily,OBM v0.1.0
2019-07-07,obm_est7d_hashrate_ehs_daily,65.534790154346,EH/s,daily,OBM v0.1.0
2019-07-08,obm_est7d_hashrate_ehs_daily,67.455884498465,EH/s,daily,OBM v0.1.0
2019-07-09,obm_est7d_hashrate_ehs_daily,67.850913813897,EH/s,daily,OBM v0.1.0
2019-07-10,obm_est7d_hashrate_ehs_daily,66.481101275861,EH/s,daily,OBM v0.1.0
2019-07-11,obm_est7d_hashrate_ehs_daily,65.404856402806,EH/s,daily,OBM v0.1.0
2019-07-12,obm_est7d_hashrate_ehs_daily,65.286589156043,EH/s,daily,OBM v0.1.0
2019-07-13,obm_est7d_hashrate_ehs_daily,64.411940413861,EH/s,daily,OBM v0.1.0
2019-07-14,obm_est7d_hashrate_ehs_daily,65.196455483383,EH/s,daily,OBM v0.1.0
2019-07-15,obm_est7d_hashrate_ehs_daily,64.387773834815,EH/s,daily,OBM v0.1.0
2019-07-16,obm_est7d_hashrate_ehs_daily,65.518005398097,EH/s,daily,OBM v0.1.0
2019-07-17,obm_est7d_hashrate_ehs_daily,65.832109971265,EH/s,daily,OBM v0.1.0
2019-07-18,obm_est7d_hashrate_ehs_daily,65.268925926115,EH/s,daily,OBM v0.1.0
2019-07-19,obm_est7d_hashrate_ehs_daily,62.443260290610,EH/s,daily,OBM v0.1.0
2019-07-20,obm_est7d_hashrate_ehs_daily,64.605031783255,EH/s,daily,OBM v0.1.0
2019-07-21,obm_est7d_hashrate_ehs_daily,64.864440095102,EH/s,daily,OBM v0.1.0
2019-07-22,obm_est7d_hashrate_ehs_daily,65.647521560371,EH/s,daily,OBM v0.1.0
2019-07-23,obm_est7d_hashrate_ehs_daily,64.400016834623,EH/s,daily,OBM v0.1.0
2019-07-24,obm_est7d_hashrate_ehs_daily,64.738994928718,EH/s,daily,OBM v0.1.0
2019-07-25,obm_est7d_hashrate_ehs_daily,66.511479969738,EH/s,daily,OBM v0.1.0
2019-07-26,obm_est7d_hashrate_ehs_daily,69.466502470182,EH/s,daily,OBM v0.1.0
2019-07-27,obm_est7d_hashrate_ehs_daily,67.809757662608,EH/s,daily,OBM v0.1.0
2019-07-28,obm_est7d_hashrate_ehs_daily,69.526797362824,EH/s,daily,OBM v0.1.0
2019-07-29,obm_est7d_hashrate_ehs_daily,70.165963168909,EH/s,daily,OBM v0.1.0
2019-07-30,obm_est7d_hashrate_ehs_daily,70.026222479170,EH/s,daily,OBM v0.1.0
2019-07-31,obm_est7d_hashrate_ehs_daily,72.012428766589,EH/s,daily,OBM v0.1.0
2019-08-01,obm_est7d_hashrate_ehs_daily,71.544402980391,EH/s,daily,OBM v0.1.0
2019-08-02,obm_est7d_hashrate_ehs_daily,71.806882253777,EH/s,daily,OBM v0.1.0
2019-08-03,obm_est7d_hashrate_ehs_daily,73.079482852113,EH/s,daily,OBM v0.1.0
2019-08-04,obm_est7d_hashrate_ehs_daily,72.481790479276,EH/s,daily,OBM v0.1.0
2019-08-05,obm_est7d_hashrate_ehs_daily,71.856196491144,EH/s,daily,OBM v0.1.0
2019-08-06,obm_est7d_hashrate_ehs_daily,74.214434977661,EH/s,daily,OBM v0.1.0
2019-08-07,obm_est7d_hashrate_ehs_daily,74.148879329917,EH/s,daily,OBM v0.1.0
2019-08-08,obm_est7d_hashrate_ehs_daily,75.055460311869,EH/s,daily,OBM v0.1.0
2019-08-09,obm_est7d_hashrate_ehs_daily,74.602525864871,EH/s,daily,OBM v0.1.0
2019-08-10,obm_est7d_hashrate_ehs_daily,74.312146844308,EH/s,daily,OBM v0.1.0
2019-08-11,obm_est7d_hashrate_ehs_daily,74.445598945625,EH/s,daily,OBM v0.1.0
2019-08-12,obm_est7d_hashrate_ehs_daily,73.820646013049,EH/s,daily,OBM v0.1.0
2019-08-13,obm_est7d_hashrate_ehs_daily,73.604453452650,EH/s,daily,OBM v0.1.0
2019-08-14,obm_est7d_hashrate_ehs_daily,73.462091471380,EH/s,daily,OBM v0.1.0
2019-08-15,obm_est7d_hashrate_ehs_daily,74.533914004996,EH/s,daily,OBM v0.1.0
2019-08-16,obm_est7d_hashrate_ehs_daily,74.509248969560,EH/s,daily,OBM v0.1.0
2019-08-17,obm_est7d_hashrate_ehs_daily,72.987401232910,EH/s,daily,OBM v0.1.0
2019-08-18,obm_est7d_hashrate_ehs_daily,71.259358434172,EH/s,daily,OBM v0.1.0
2019-08-19,obm_est7d_hashrate_ehs_daily,73.531788094971,EH/s,daily,OBM v0.1.0
2019-08-20,obm_est7d_hashrate_ehs_daily,73.399897721951,EH/s,daily,OBM v0.1.0
2019-08-21,obm_est7d_hashrate_ehs_daily,72.384405757688,EH/s,daily,OBM v0.1.0
2019-08-22,obm_est7d_hashrate_ehs_daily,71.408979842440,EH/s,daily,OBM v0.1.0
2019-08-23,obm_est7d_hashrate_ehs_daily,72.114841195889,EH/s,daily,OBM v0.1.0
2019-08-24,obm_est7d_hashrate_ehs_daily,74.578536027657,EH/s,daily,OBM v0.1.0
2019-08-25,obm_est7d_hashrate_ehs_daily,76.848274133730,EH/s,daily,OBM v0.1.0
2019-08-26,obm_est7d_hashrate_ehs_daily,75.014410149226,EH/s,daily,OBM v0.1.0
2019-08-27,obm_est7d_hashrate_ehs_daily,73.590791367049,EH/s,daily,OBM v0.1.0
2019-08-28,obm_est7d_hashrate_ehs_daily,74.722559739114,EH/s,daily,OBM v0.1.0
2019-08-29,obm_est7d_hashrate_ehs_daily,76.425880494112,EH/s,daily,OBM v0.1.0
2019-08-30,obm_est7d_hashrate_ehs_daily,76.970445689854,EH/s,daily,OBM v0.1.0
2019-08-31,obm_est7d_hashrate_ehs_daily,77.359177019691,EH/s,daily,OBM v0.1.0
2019-09-01,obm_est7d_hashrate_ehs_daily,77.000232618963,EH/s,daily,OBM v0.1.0
2019-09-02,obm_est7d_hashrate_ehs_daily,78.641757994258,EH/s,daily,OBM v0.1.0
2019-09-03,obm_est7d_hashrate_ehs_daily,81.396709778127,EH/s,daily,OBM v0.1.0
2019-09-04,obm_est7d_hashrate_ehs_daily,80.777228868447,EH/s,daily,OBM v0.1.0
2019-09-05,obm_est7d_hashrate_ehs_daily,81.570005440021,EH/s,daily,OBM v0.1.0
2019-09-06,obm_est7d_hashrate_ehs_daily,82.023055459028,EH/s,daily,OBM v0.1.0
2019-09-07,obm_est7d_hashrate_ehs_daily,81.546148155144,EH/s,daily,OBM v0.1.0
2019-09-08,obm_est7d_hashrate_ehs_daily,84.375707917323,EH/s,daily,OBM v0.1.0
2019-09-09,obm_est7d_hashrate_ehs_daily,84.047751948267,EH/s,daily,OBM v0.1.0
2019-09-10,obm_est7d_hashrate_ehs_daily,85.280383133763,EH/s,daily,OBM v0.1.0
2019-09-11,obm_est7d_hashrate_ehs_daily,89.010909178683,EH/s,daily,OBM v0.1.0
2019-09-12,obm_est7d_hashrate_ehs_daily,88.491548136179,EH/s,daily,OBM v0.1.0
2019-09-13,obm_est7d_hashrate_ehs_daily,87.972192151980,EH/s,daily,OBM v0.1.0
2019-09-14,obm_est7d_hashrate_ehs_daily,89.631300495039,EH/s,daily,OBM v0.1.0
2019-09-15,obm_est7d_hashrate_ehs_daily,88.843799841679,EH/s,daily,OBM v0.1.0
2019-09-16,obm_est7d_hashrate_ehs_daily,91.144687071909,EH/s,daily,OBM v0.1.0
2019-09-17,obm_est7d_hashrate_ehs_daily,89.750381740820,EH/s,daily,OBM v0.1.0
2019-09-18,obm_est7d_hashrate_ehs_daily,90.405653568922,EH/s,daily,OBM v0.1.0
2019-09-19,obm_est7d_hashrate_ehs_daily,90.725670785726,EH/s,daily,OBM v0.1.0
2019-09-20,obm_est7d_hashrate_ehs_daily,91.877418988716,EH/s,daily,OBM v0.1.0
2019-09-21,obm_est7d_hashrate_ehs_daily,92.691644829357,EH/s,daily,OBM v0.1.0
2019-09-22,obm_est7d_hashrate_ehs_daily,94.399205617959,EH/s,daily,OBM v0.1.0
2019-09-23,obm_est7d_hashrate_ehs_daily,90.231123367986,EH/s,daily,OBM v0.1.0
2019-09-24,obm_est7d_hashrate_ehs_daily,91.083458638330,EH/s,daily,OBM v0.1.0
2019-09-25,obm_est7d_hashrate_ehs_daily,89.382416296639,EH/s,daily,OBM v0.1.0
2019-09-26,obm_est7d_hashrate_ehs_daily,91.483993979723,EH/s,daily,OBM v0.1.0
2019-09-27,obm_est7d_hashrate_ehs_daily,90.715011100870,EH/s,daily,OBM v0.1.0
2019-09-28,obm_est7d_hashrate_ehs_daily,91.264869883648,EH/s,daily,OBM v0.1.0
2019-09-29,obm_est7d_hashrate_ehs_daily,89.446338107130,EH/s,daily,OBM v0.1.0
2019-09-30,obm_est7d_hashrate_ehs_daily,91.762777347794,EH/s,daily,OBM v0.1.0
2019-10-01,obm_est7d_hashrate_ehs_daily,91.389846307042,EH/s,daily,OBM v0.1.0
2019-10-02,obm_est7d_hashrate_ehs_daily,91.453375068263,EH/s,daily,OBM v0.1.0
2019-10-03,obm_est7d_hashrate_ehs_daily,90.271717445093,EH/s,daily,OBM v0.1.0
2019-10-04,obm_est7d_hashrate_ehs_daily,91.810883267593,EH/s,daily,OBM v0.1.0
2019-10-05,obm_est7d_hashrate_ehs_daily,91.595399226116,EH/s,daily,OBM v0.1.0
2019-10-06,obm_est7d_hashrate_ehs_daily,92.725753403895,EH/s,daily,OBM v0.1.0
2019-10-07,obm_est7d_hashrate_ehs_daily,95.012871852208,EH/s,daily,OBM v0.1.0
2019-10-08,obm_est7d_hashrate_ehs_daily,96.716739361092,EH/s,daily,OBM v0.1.0
2019-10-09,obm_est7d_hashrate_ehs_daily,95.782178600789,EH/s,daily,OBM v0.1.0
2019-10-10,obm_est7d_hashrate_ehs_daily,97.271702823615,EH/s,daily,OBM v0.1.0
2019-10-11,obm_est7d_hashrate_ehs_daily,98.355003039544,EH/s,daily,OBM v0.1.0
2019-10-12,obm_est7d_hashrate_ehs_daily,96.329890433288,EH/s,daily,OBM v0.1.0
2019-10-13,obm_est7d_hashrate_ehs_daily,95.886242599769,EH/s,daily,OBM v0.1.0
2019-10-14,obm_est7d_hashrate_ehs_daily,94.350336329636,EH/s,daily,OBM v0.1.0
2019-10-15,obm_est7d_hashrate_ehs_daily,93.925701075818,EH/s,daily,OBM v0.1.0
2019-10-16,obm_est7d_hashrate_ehs_daily,94.531931989964,EH/s,daily,OBM v0.1.0
2019-10-17,obm_est7d_hashrate_ehs_daily,93.646084922040,EH/s,daily,OBM v0.1.0
2019-10-18,obm_est7d_hashrate_ehs_daily,94.269012649367,EH/s,daily,OBM v0.1.0
2019-10-19,obm_est7d_hashrate_ehs_daily,94.957412146065,EH/s,daily,OBM v0.1.0
2019-10-20,obm_est7d_hashrate_ehs_daily,95.241906797553,EH/s,daily,OBM v0.1.0
2019-10-21,obm_est7d_hashrate_ehs_daily,97.418102939155,EH/s,daily,OBM v0.1.0
2019-10-22,obm_est7d_hashrate_ehs_daily,98.873781045206,EH/s,daily,OBM v0.1.0
2019-10-23,obm_est7d_hashrate_ehs_daily,101.230138978255,EH/s,daily,OBM v0.1.0
2019-10-24,obm_est7d_hashrate_ehs_daily,100.384383101579,EH/s,daily,OBM v0.1.0
2019-10-25,obm_est7d_hashrate_ehs_daily,98.935026555747,EH/s,daily,OBM v0.1.0
2019-10-26,obm_est7d_hashrate_ehs_daily,99.802603960379,EH/s,daily,OBM v0.1.0
2019-10-27,obm_est7d_hashrate_ehs_daily,97.067707194200,EH/s,daily,OBM v0.1.0
2019-10-28,obm_est7d_hashrate_ehs_daily,95.560242359745,EH/s,daily,OBM v0.1.0
2019-10-29,obm_est7d_hashrate_ehs_daily,92.875252599461,EH/s,daily,OBM v0.1.0
2019-10-30,obm_est7d_hashrate_ehs_daily,90.204021559958,EH/s,daily,OBM v0.1.0
2019-10-31,obm_est7d_hashrate_ehs_daily,90.101048448471,EH/s,daily,OBM v0.1.0
2019-11-01,obm_est7d_hashrate_ehs_daily,89.598242909945,EH/s,daily,OBM v0.1.0
2019-11-02,obm_est7d_hashrate_ehs_daily,88.960806919225,EH/s,daily,OBM v0.1.0
2019-11-03,obm_est7d_hashrate_ehs_daily,91.094330049054,EH/s,daily,OBM v0.1.0
2019-11-04,obm_est7d_hashrate_ehs_daily,91.318718859639,EH/s,daily,OBM v0.1.0
2019-11-05,obm_est7d_hashrate_ehs_daily,91.998000152516,EH/s,daily,OBM v0.1.0
2019-11-06,obm_est7d_hashrate_ehs_daily,91.731181623273,EH/s,daily,OBM v0.1.0
2019-11-07,obm_est7d_hashrate_ehs_daily,91.883907242216,EH/s,daily,OBM v0.1.0
2019-11-08,obm_est7d_hashrate_ehs_daily,91.062450682136,EH/s,daily,OBM v0.1.0
2019-11-09,obm_est7d_hashrate_ehs_daily,91.000038169741,EH/s,daily,OBM v0.1.0
2019-11-10,obm_est7d_hashrate_ehs_daily,92.436872018631,EH/s,daily,OBM v0.1.0
2019-11-11,obm_est7d_hashrate_ehs_daily,93.545895368930,EH/s,daily,OBM v0.1.0
2019-11-12,obm_est7d_hashrate_ehs_daily,91.474094512644,EH/s,daily,OBM v0.1.0
2019-11-13,obm_est7d_hashrate_ehs_daily,90.804015708705,EH/s,daily,OBM v0.1.0
2019-11-14,obm_est7d_hashrate_ehs_daily,93.568529562469,EH/s,daily,OBM v0.1.0
2019-11-15,obm_est7d_hashrate_ehs_daily,95.806544295659,EH/s,daily,OBM v0.1.0
2019-11-16,obm_est7d_hashrate_ehs_daily,95.964523130303,EH/s,daily,OBM v0.1.0
2019-11-17,obm_est7d_hashrate_ehs_daily,95.070763202850,EH/s,daily,OBM v0.1.0
2019-11-18,obm_est7d_hashrate_ehs_daily,94.027098427153,EH/s,daily,OBM v0.1.0
2019-11-19,obm_est7d_hashrate_ehs_daily,95.338116933807,EH/s,daily,OBM v0.1.0
2019-11-20,obm_est7d_hashrate_ehs_daily,95.701215313404,EH/s,daily,OBM v0.1.0
2019-11-21,obm_est7d_hashrate_ehs_daily,92.934501931756,EH/s,daily,OBM v0.1.0
2019-11-22,obm_est7d_hashrate_ehs_daily,90.706746844029,EH/s,daily,OBM v0.1.0
2019-11-23,obm_est7d_hashrate_ehs_daily,93.481362265758,EH/s,daily,OBM v0.1.0
2019-11-24,obm_est7d_hashrate_ehs_daily,91.506837715038,EH/s,daily,OBM v0.1.0
2019-11-25,obm_est7d_hashrate_ehs_daily,90.422727940740,EH/s,daily,OBM v0.1.0
2019-11-26,obm_est7d_hashrate_ehs_daily,88.305818316039,EH/s,daily,OBM v0.1.0
2019-11-27,obm_est7d_hashrate_ehs_daily,88.253647392124,EH/s,daily,OBM v0.1.0
2019-11-28,obm_est7d_hashrate_ehs_daily,91.248578241105,EH/s,daily,OBM v0.1.0
2019-11-29,obm_est7d_hashrate_ehs_daily,91.225699576181,EH/s,daily,OBM v0.1.0
2019-11-30,obm_est7d_hashrate_ehs_daily,87.132297362598,EH/s,daily,OBM v0.1.0
2019-12-01,obm_est7d_hashrate_ehs_daily,87.834218305730,EH/s,daily,OBM v0.1.0
2019-12-02,obm_est7d_hashrate_ehs_daily,89.633534746086,EH/s,daily,OBM v0.1.0
2019-12-03,obm_est7d_hashrate_ehs_daily,92.819292395052,EH/s,daily,OBM v0.1.0
2019-12-04,obm_est7d_hashrate_ehs_daily,95.458372157497,EH/s,daily,OBM v0.1.0
2019-12-05,obm_est7d_hashrate_ehs_daily,93.705039632529,EH/s,daily,OBM v0.1.0
2019-12-06,obm_est7d_hashrate_ehs_daily,94.495168295168,EH/s,daily,OBM v0.1.0
2019-12-07,obm_est7d_hashrate_ehs_daily,97.312834137278,EH/s,daily,OBM v0.1.0
2019-12-08,obm_est7d_hashrate_ehs_daily,97.678596743065,EH/s,daily,OBM v0.1.0
2019-12-09,obm_est7d_hashrate_ehs_daily,97.960126755698,EH/s,daily,OBM v0.1.0
2019-12-10,obm_est7d_hashrate_ehs_daily,96.908231368184,EH/s,daily,OBM v0.1.0
2019-12-11,obm_est7d_hashrate_ehs_daily,93.603353177133,EH/s,daily,OBM v0.1.0
2019-12-12,obm_est7d_hashrate_ehs_daily,92.371785915313,EH/s,daily,OBM v0.1.0
2019-12-13,obm_est7d_hashrate_ehs_daily,93.109102706350,EH/s,daily,OBM v0.1.0
2019-12-14,obm_est7d_hashrate_ehs_daily,92.694455549738,EH/s,daily,OBM v0.1.0
2019-12-15,obm_est7d_hashrate_ehs_daily,90.424583659833,EH/s,daily,OBM v0.1.0
2019-12-16,obm_est7d_hashrate_ehs_daily,91.552057946742,EH/s,daily,OBM v0.1.0
2019-12-17,obm_est7d_hashrate_ehs_daily,90.651433789356,EH/s,daily,OBM v0.1.0
2019-12-18,obm_est7d_hashrate_ehs_daily,90.785717259600,EH/s,daily,OBM v0.1.0
2019-12-19,obm_est7d_hashrate_ehs_daily,93.255696328764,EH/s,daily,OBM v0.1.0
2019-12-20,obm_est7d_hashrate_ehs_daily,93.606245150022,EH/s,daily,OBM v0.1.0
2019-12-21,obm_est7d_hashrate_ehs_daily,96.005535118282,EH/s,daily,OBM v0.1.0
2019-12-22,obm_est7d_hashrate_ehs_daily,100.020517567378,EH/s,daily,OBM v0.1.0
2019-12-23,obm_est7d_hashrate_ehs_daily,98.817837443800,EH/s,daily,OBM v0.1.0
2019-12-24,obm_est7d_hashrate_ehs_daily,97.484262498489,EH/s,daily,OBM v0.1.0
2019-12-25,obm_est7d_hashrate_ehs_daily,96.930765995203,EH/s,daily,OBM v0.1.0
2019-12-26,obm_est7d_hashrate_ehs_daily,98.001592471616,EH/s,daily,OBM v0.1.0
2019-12-27,obm_est7d_hashrate_ehs_daily,96.887646757812,EH/s,daily,OBM v0.1.0
2019-12-28,obm_est7d_hashrate_ehs_daily,94.407721562552,EH/s,daily,OBM v0.1.0
2019-12-29,obm_est7d_hashrate_ehs_daily,93.216981268261,EH/s,daily,OBM v0.1.0
2019-12-30,obm_est7d_hashrate_ehs_daily,95.300665506636,EH/s,daily,OBM v0.1.0
2019-12-31,obm_est7d_hashrate_ehs_daily,97.278804290452,EH/s,daily,OBM v0.1.0
2020-01-01,obm_est7d_hashrate_ehs_daily,101.379373036081,EH/s,daily,OBM v0.1.0
2020-01-02,obm_est7d_hashrate_ehs_daily,100.074875716220,EH/s,daily,OBM v0.1.0
2020-01-03,obm_est7d_hashrate_ehs_daily,103.288093617527,EH/s,daily,OBM v0.1.0
2020-01-04,obm_est7d_hashrate_ehs_daily,106.147018218995,EH/s,daily,OBM v0.1.0
2020-01-05,obm_est7d_hashrate_ehs_daily,107.824412665098,EH/s,daily,OBM v0.1.0
2020-01-06,obm_est7d_hashrate_ehs_daily,106.280358872423,EH/s,daily,OBM v0.1.0
2020-01-07,obm_est7d_hashrate_ehs_daily,109.433894128649,EH/s,daily,OBM v0.1.0
2020-01-08,obm_est7d_hashrate_ehs_daily,107.234026169239,EH/s,daily,OBM v0.1.0
2020-01-09,obm_est7d_hashrate_ehs_daily,109.019260255725,EH/s,daily,OBM v0.1.0
2020-01-10,obm_est7d_hashrate_ehs_daily,106.990409727792,EH/s,daily,OBM v0.1.0
2020-01-11,obm_est7d_hashrate_ehs_daily,106.510212284030,EH/s,daily,OBM v0.1.0
2020-01-12,obm_est7d_hashrate_ehs_daily,105.205705686666,EH/s,daily,OBM v0.1.0
2020-01-13,obm_est7d_hashrate_ehs_daily,106.003244023788,EH/s,daily,OBM v0.1.0
2020-01-14,obm_est7d_hashrate_ehs_daily,103.200390637051,EH/s,daily,OBM v0.1.0
2020-01-15,obm_est7d_hashrate_ehs_daily,104.895123570743,EH/s,daily,OBM v0.1.0
2020-01-16,obm_est7d_hashrate_ehs_daily,106.304616174342,EH/s,daily,OBM v0.1.0
2020-01-17,obm_est7d_hashrate_ehs_daily,108.323202523061,EH/s,daily,OBM v0.1.0
2020-01-18,obm_est7d_hashrate_ehs_daily,106.274857274317,EH/s,daily,OBM v0.1.0
2020-01-19,obm_est7d_hashrate_ehs_daily,107.215638990023,EH/s,daily,OBM v0.1.0
2020-01-20,obm_est7d_hashrate_ehs_daily,109.120047921257,EH/s,daily,OBM v0.1.0
2020-01-21,obm_est7d_hashrate_ehs_daily,110.854358594196,EH/s,daily,OBM v0.1.0
2020-01-22,obm_est7d_hashrate_ehs_daily,111.391213566960,EH/s,daily,OBM v0.1.0
2020-01-23,obm_est7d_hashrate_ehs_daily,111.438222713108,EH/s,daily,OBM v0.1.0
2020-01-24,obm_est7d_hashrate_ehs_daily,110.633244263686,EH/s,daily,OBM v0.1.0
2020-01-25,obm_est7d_hashrate_ehs_daily,114.019849748347,EH/s,daily,OBM v0.1.0
2020-01-26,obm_est7d_hashrate_ehs_daily,113.338727692625,EH/s,daily,OBM v0.1.0
2020-01-27,obm_est7d_hashrate_ehs_daily,111.307092139758,EH/s,daily,OBM v0.1.0
2020-01-28,obm_est7d_hashrate_ehs_daily,110.384809710916,EH/s,daily,OBM v0.1.0
2020-01-29,obm_est7d_hashrate_ehs_daily,111.392598654294,EH/s,daily,OBM v0.1.0
2020-01-30,obm_est7d_hashrate_ehs_daily,112.133483068108,EH/s,daily,OBM v0.1.0
2020-01-31,obm_est7d_hashrate_ehs_daily,111.752803789028,EH/s,daily,OBM v0.1.0
2020-02-01,obm_est7d_hashrate_ehs_daily,111.343133160351,EH/s,daily,OBM v0.1.0
2020-02-02,obm_est7d_hashrate_ehs_daily,111.885674986472,EH/s,daily,OBM v0.1.0
2020-02-03,obm_est7d_hashrate_ehs_daily,114.650521494384,EH/s,daily,OBM v0.1.0
2020-02-04,obm_est7d_hashrate_ehs_daily,113.749279769130,EH/s,daily,OBM v0.1.0
2020-02-05,obm_est7d_hashrate_ehs_daily,113.542994852276,EH/s,daily,OBM v0.1.0
2020-02-06,obm_est7d_hashrate_ehs_daily,111.313781514475,EH/s,daily,OBM v0.1.0
2020-02-07,obm_est7d_hashrate_ehs_daily,110.930784275286,EH/s,daily,OBM v0.1.0
2020-02-08,obm_est7d_hashrate_ehs_daily,109.363661931492,EH/s,daily,OBM v0.1.0
2020-02-09,obm_est7d_hashrate_ehs_daily,110.450549403614,EH/s,daily,OBM v0.1.0
2020-02-10,obm_est7d_hashrate_ehs_daily,107.627667384860,EH/s,daily,OBM v0.1.0
2020-02-11,obm_est7d_hashrate_ehs_daily,109.533011181186,EH/s,daily,OBM v0.1.0
2020-02-12,obm_est7d_hashrate_ehs_daily,107.774397930301,EH/s,daily,OBM v0.1.0
2020-02-13,obm_est7d_hashrate_ehs_daily,108.439474512675,EH/s,daily,OBM v0.1.0
2020-02-14,obm_est7d_hashrate_ehs_daily,107.979723664912,EH/s,daily,OBM v0.1.0
2020-02-15,obm_est7d_hashrate_ehs_daily,108.463387433318,EH/s,daily,OBM v0.1.0
2020-02-16,obm_est7d_hashrate_ehs_daily,107.777389547989,EH/s,daily,OBM v0.1.0
2020-02-17,obm_est7d_hashrate_ehs_daily,111.192168909280,EH/s,daily,OBM v0.1.0
2020-02-18,obm_est7d_hashrate_ehs_daily,111.514691259854,EH/s,daily,OBM v0.1.0
2020-02-19,obm_est7d_hashrate_ehs_daily,111.379283835872,EH/s,daily,OBM v0.1.0
2020-02-20,obm_est7d_hashrate_ehs_daily,109.760178101418,EH/s,daily,OBM v0.1.0
2020-02-21,obm_est7d_hashrate_ehs_daily,112.097100442823,EH/s,daily,OBM v0.1.0
2020-02-22,obm_est7d_hashrate_ehs_daily,112.548305161558,EH/s,daily,OBM v0.1.0
2020-02-23,obm_est7d_hashrate_ehs_daily,112.689923235164,EH/s,daily,OBM v0.1.0
2020-02-24,obm_est7d_hashrate_ehs_daily,110.626061556885,EH/s,daily,OBM v0.1.0
2020-02-25,obm_est7d_hashrate_ehs_daily,110.188655303164,EH/s,daily,OBM v0.1.0
2020-02-26,obm_est7d_hashrate_ehs_daily,109.674632168079,EH/s,daily,OBM v0.1.0
2020-02-27,obm_est7d_hashrate_ehs_daily,112.023017876936,EH/s,daily,OBM v0.1.0
2020-02-28,obm_est7d_hashrate_ehs_daily,112.108493663540,EH/s,daily,OBM v0.1.0
2020-02-29,obm_est7d_hashrate_ehs_daily,111.031277079627,EH/s,daily,OBM v0.1.0
2020-03-01,obm_est7d_hashrate_ehs_daily,115.193402697550,EH/s,daily,OBM v0.1.0
2020-03-02,obm_est7d_hashrate_ehs_daily,116.158203745157,EH/s,daily,OBM v0.1.0
2020-03-03,obm_est7d_hashrate_ehs_daily,116.670395823168,EH/s,daily,OBM v0.1.0
2020-03-04,obm_est7d_hashrate_ehs_daily,120.500214481897,EH/s,daily,OBM v0.1.0
2020-03-05,obm_est7d_hashrate_ehs_daily,121.930597378784,EH/s,daily,OBM v0.1.0
2020-03-06,obm_est7d_hashrate_ehs_daily,121.376160792495,EH/s,daily,OBM v0.1.0
2020-03-07,obm_est7d_hashrate_ehs_daily,123.875813741247,EH/s,daily,OBM v0.1.0
2020-03-08,obm_est7d_hashrate_ehs_daily,121.266319561870,EH/s,daily,OBM v0.1.0
2020-03-09,obm_est7d_hashrate_ehs_daily,122.009689454766,EH/s,daily,OBM v0.1.0
2020-03-10,obm_est7d_hashrate_ehs_daily,120.793520316445,EH/s,daily,OBM v0.1.0
2020-03-11,obm_est7d_hashrate_ehs_daily,116.504938038480,EH/s,daily,OBM v0.1.0
2020-03-12,obm_est7d_hashrate_ehs_daily,116.168695248691,EH/s,daily,OBM v0.1.0
2020-03-13,obm_est7d_hashrate_ehs_daily,113.952576674368,EH/s,daily,OBM v0.1.0
2020-03-14,obm_est7d_hashrate_ehs_daily,111.807040218048,EH/s,daily,OBM v0.1.0
2020-03-15,obm_est7d_hashrate_ehs_daily,108.476722704806,EH/s,daily,OBM v0.1.0
2020-03-16,obm_est7d_hashrate_ehs_daily,105.069824330726,EH/s,daily,OBM v0.1.0
2020-03-17,obm_est7d_hashrate_ehs_daily,103.949473796695,EH/s,daily,OBM v0.1.0
2020-03-18,obm_est7d_hashrate_ehs_daily,101.757342305054,EH/s,daily,OBM v0.1.0
2020-03-19,obm_est7d_hashrate_ehs_daily,96.589557190404,EH/s,daily,OBM v0.1.0
2020-03-20,obm_est7d_hashrate_ehs_daily,95.002108190464,EH/s,daily,OBM v0.1.0
2020-03-21,obm_est7d_hashrate_ehs_daily,94.634985586022,EH/s,daily,OBM v0.1.0
2020-03-22,obm_est7d_hashrate_ehs_daily,95.292099776904,EH/s,daily,OBM v0.1.0
2020-03-23,obm_est7d_hashrate_ehs_daily,94.462248648109,EH/s,daily,OBM v0.1.0
2020-03-24,obm_est7d_hashrate_ehs_daily,95.668908241616,EH/s,daily,OBM v0.1.0
2020-03-25,obm_est7d_hashrate_ehs_daily,94.914495990006,EH/s,daily,OBM v0.1.0
2020-03-26,obm_est7d_hashrate_ehs_daily,98.268363862456,EH/s,daily,OBM v0.1.0
2020-03-27,obm_est7d_hashrate_ehs_daily,100.413238186104,EH/s,daily,OBM v0.1.0
2020-03-28,obm_est7d_hashrate_ehs_daily,99.174280537549,EH/s,daily,OBM v0.1.0
2020-03-29,obm_est7d_hashrate_ehs_daily,99.514522736879,EH/s,daily,OBM v0.1.0
2020-03-30,obm_est7d_hashrate_ehs_daily,100.629393309995,EH/s,daily,OBM v0.1.0
2020-03-31,obm_est7d_hashrate_ehs_daily,100.779255836237,EH/s,daily,OBM v0.1.0
2020-04-01,obm_est7d_hashrate_ehs_daily,105.041384378420,EH/s,daily,OBM v0.1.0
2020-04-02,obm_est7d_hashrate_ehs_daily,104.098003587089,EH/s,daily,OBM v0.1.0
2020-04-03,obm_est7d_hashrate_ehs_daily,101.801015701727,EH/s,daily,OBM v0.1.0
2020-04-04,obm_est7d_hashrate_ehs_daily,104.148707285614,EH/s,daily,OBM v0.1.0
2020-04-05,obm_est7d_hashrate_ehs_daily,106.359783551295,EH/s,daily,OBM v0.1.0
2020-04-06,obm_est7d_hashrate_ehs_daily,104.847649113462,EH/s,daily,OBM v0.1.0
2020-04-07,obm_est7d_hashrate_ehs_daily,105.394323643156,EH/s,daily,OBM v0.1.0
2020-04-08,obm_est7d_hashrate_ehs_daily,105.049270917202,EH/s,daily,OBM v0.1.0
2020-04-09,obm_est7d_hashrate_ehs_daily,106.519717017412,EH/s,daily,OBM v0.1.0
2020-04-10,obm_est7d_hashrate_ehs_daily,110.008156890066,EH/s,daily,OBM v0.1.0
2020-04-11,obm_est7d_hashrate_ehs_daily,111.510045595636,EH/s,daily,OBM v0.1.0
2020-04-12,obm_est7d_hashrate_ehs_daily,110.098556497548,EH/s,daily,OBM v0.1.0
2020-04-13,obm_est7d_hashrate_ehs_daily,115.128683128382,EH/s,daily,OBM v0.1.0
2020-04-14,obm_est7d_hashrate_ehs_daily,115.932512886121,EH/s,daily,OBM v0.1.0
2020-04-15,obm_est7d_hashrate_ehs_daily,119.057003417811,EH/s,daily,OBM v0.1.0
2020-04-16,obm_est7d_hashrate_ehs_daily,118.838061768894,EH/s,daily,OBM v0.1.0
2020-04-17,obm_est7d_hashrate_ehs_daily,115.222101049678,EH/s,daily,OBM v0.1.0
2020-04-18,obm_est7d_hashrate_ehs_daily,115.095341418819,EH/s,daily,OBM v0.1.0
2020-04-19,obm_est7d_hashrate_ehs_daily,115.188463782458,EH/s,daily,OBM v0.1.0
2020-04-20,obm_est7d_hashrate_ehs_daily,113.870301068598,EH/s,daily,OBM v0.1.0
2020-04-21,obm_est7d_hashrate_ehs_daily,113.058226764375,EH/s,daily,OBM v0.1.0
2020-04-22,obm_est7d_hashrate_ehs_daily,109.987585124381,EH/s,daily,OBM v0.1.0
2020-04-23,obm_est7d_hashrate_ehs_daily,110.025877288481,EH/s,daily,OBM v0.1.0
2020-04-24,obm_est7d_hashrate_ehs_daily,113.198901319539,EH/s,daily,OBM v0.1.0
2020-04-25,obm_est7d_hashrate_ehs_daily,112.077276595966,EH/s,daily,OBM v0.1.0
2020-04-26,obm_est7d_hashrate_ehs_daily,111.616607011344,EH/s,daily,OBM v0.1.0
2020-04-27,obm_est7d_hashrate_ehs_daily,110.853553749110,EH/s,daily,OBM v0.1.0
2020-04-28,obm_est7d_hashrate_ehs_daily,111.645218328386,EH/s,daily,OBM v0.1.0
2020-04-29,obm_est7d_hashrate_ehs_daily,113.264082385193,EH/s,daily,OBM v0.1.0
2020-04-30,obm_est7d_hashrate_ehs_daily,112.571551334617,EH/s,daily,OBM v0.1.0
2020-05-01,obm_est7d_hashrate_ehs_daily,112.147931017145,EH/s,daily,OBM v0.1.0
2020-05-02,obm_est7d_hashrate_ehs_daily,113.568422399237,EH/s,daily,OBM v0.1.0
2020-05-03,obm_est7d_hashrate_ehs_daily,117.162712637733,EH/s,daily,OBM v0.1.0
2020-05-04,obm_est7d_hashrate_ehs_daily,118.989640917643,EH/s,daily,OBM v0.1.0
2020-05-05,obm_est7d_hashrate_ehs_daily,119.904289500519,EH/s,daily,OBM v0.1.0
2020-05-06,obm_est7d_hashrate_ehs_daily,120.909793725402,EH/s,daily,OBM v0.1.0
2020-05-07,obm_est7d_hashrate_ehs_daily,122.390877559898,EH/s,daily,OBM v0.1.0
2020-05-08,obm_est7d_hashrate_ehs_daily,121.922048472344,EH/s,daily,OBM v0.1.0
2020-05-09,obm_est7d_hashrate_ehs_daily,120.827094467111,EH/s,daily,OBM v0.1.0
2020-05-10,obm_est7d_hashrate_ehs_daily,121.139762790920,EH/s,daily,OBM v0.1.0
2020-05-11,obm_est7d_hashrate_ehs_daily,121.149331207693,EH/s,daily,OBM v0.1.0
2020-05-12,obm_est7d_hashrate_ehs_daily,119.859178481936,EH/s,daily,OBM v0.1.0
2020-05-13,obm_est7d_hashrate_ehs_daily,115.776545072409,EH/s,daily,OBM v0.1.0
2020-05-14,obm_est7d_hashrate_ehs_daily,112.247770376195,EH/s,daily,OBM v0.1.0
2020-05-15,obm_est7d_hashrate_ehs_daily,110.646862082428,EH/s,daily,OBM v0.1.0
2020-05-16,obm_est7d_hashrate_ehs_daily,109.761372770625,EH/s,daily,OBM v0.1.0
2020-05-17,obm_est7d_hashrate_ehs_daily,101.730970009027,EH/s,daily,OBM v0.1.0
2020-05-18,obm_est7d_hashrate_ehs_daily,98.398249343310,EH/s,daily,OBM v0.1.0
2020-05-19,obm_est7d_hashrate_ehs_daily,94.874405296673,EH/s,daily,OBM v0.1.0
2020-05-20,obm_est7d_hashrate_ehs_daily,94.056914889230,EH/s,daily,OBM v0.1.0
2020-05-21,obm_est7d_hashrate_ehs_daily,94.749501803273,EH/s,daily,OBM v0.1.0
2020-05-22,obm_est7d_hashrate_ehs_daily,92.435713845161,EH/s,daily,OBM v0.1.0
2020-05-23,obm_est7d_hashrate_ehs_daily,90.797560778257,EH/s,daily,OBM v0.1.0
2020-05-24,obm_est7d_hashrate_ehs_daily,91.980587228764,EH/s,daily,OBM v0.1.0
2020-05-25,obm_est7d_hashrate_ehs_daily,91.103958733994,EH/s,daily,OBM v0.1.0
2020-05-26,obm_est7d_hashrate_ehs_daily,90.592116054234,EH/s,daily,OBM v0.1.0
2020-05-27,obm_est7d_hashrate_ehs_daily,93.186304782167,EH/s,daily,OBM v0.1.0
2020-05-28,obm_est7d_hashrate_ehs_daily,93.127754756781,EH/s,daily,OBM v0.1.0
2020-05-29,obm_est7d_hashrate_ehs_daily,94.709463099773,EH/s,daily,OBM v0.1.0
2020-05-30,obm_est7d_hashrate_ehs_daily,99.163982888429,EH/s,daily,OBM v0.1.0
2020-05-31,obm_est7d_hashrate_ehs_daily,102.616971022582,EH/s,daily,OBM v0.1.0
2020-06-01,obm_est7d_hashrate_ehs_daily,103.244559020214,EH/s,daily,OBM v0.1.0
2020-06-02,obm_est7d_hashrate_ehs_daily,103.983704571650,EH/s,daily,OBM v0.1.0
2020-06-03,obm_est7d_hashrate_ehs_daily,103.976864425587,EH/s,daily,OBM v0.1.0
2020-06-04,obm_est7d_hashrate_ehs_daily,105.395178059200,EH/s,daily,OBM v0.1.0
2020-06-05,obm_est7d_hashrate_ehs_daily,109.425236836773,EH/s,daily,OBM v0.1.0
2020-06-06,obm_est7d_hashrate_ehs_daily,111.638176263321,EH/s,daily,OBM v0.1.0
2020-06-07,obm_est7d_hashrate_ehs_daily,111.655625248152,EH/s,daily,OBM v0.1.0
2020-06-08,obm_est7d_hashrate_ehs_daily,112.299883308491,EH/s,daily,OBM v0.1.0
2020-06-09,obm_est7d_hashrate_ehs_daily,114.057811879829,EH/s,daily,OBM v0.1.0
2020-06-10,obm_est7d_hashrate_ehs_daily,115.070061873978,EH/s,daily,OBM v0.1.0
2020-06-11,obm_est7d_hashrate_ehs_daily,117.551842973392,EH/s,daily,OBM v0.1.0
2020-06-12,obm_est7d_hashrate_ehs_daily,115.990988626858,EH/s,daily,OBM v0.1.0
2020-06-13,obm_est7d_hashrate_ehs_daily,112.421745885283,EH/s,daily,OBM v0.1.0
2020-06-14,obm_est7d_hashrate_ehs_daily,113.421581386602,EH/s,daily,OBM v0.1.0
2020-06-15,obm_est7d_hashrate_ehs_daily,111.089078544557,EH/s,daily,OBM v0.1.0
2020-06-16,obm_est7d_hashrate_ehs_daily,111.105580827662,EH/s,daily,OBM v0.1.0
2020-06-17,obm_est7d_hashrate_ehs_daily,110.290641289027,EH/s,daily,OBM v0.1.0
2020-06-18,obm_est7d_hashrate_ehs_daily,106.805388591576,EH/s,daily,OBM v0.1.0
2020-06-19,obm_est7d_hashrate_ehs_daily,106.133864417553,EH/s,daily,OBM v0.1.0
2020-06-20,obm_est7d_hashrate_ehs_daily,106.009563101190,EH/s,daily,OBM v0.1.0
2020-06-21,obm_est7d_hashrate_ehs_daily,105.770851919724,EH/s,daily,OBM v0.1.0
2020-06-22,obm_est7d_hashrate_ehs_daily,108.275939156529,EH/s,daily,OBM v0.1.0
2020-06-23,obm_est7d_hashrate_ehs_daily,110.761424887777,EH/s,daily,OBM v0.1.0
2020-06-24,obm_est7d_hashrate_ehs_daily,111.078703621825,EH/s,daily,OBM v0.1.0
2020-06-25,obm_est7d_hashrate_ehs_daily,113.308910905286,EH/s,daily,OBM v0.1.0
2020-06-26,obm_est7d_hashrate_ehs_daily,115.526133432645,EH/s,daily,OBM v0.1.0
2020-06-27,obm_est7d_hashrate_ehs_daily,115.663821135221,EH/s,daily,OBM v0.1.0
2020-06-28,obm_est7d_hashrate_ehs_daily,116.002461875897,EH/s,daily,OBM v0.1.0
2020-06-29,obm_est7d_hashrate_ehs_daily,116.187217160582,EH/s,daily,OBM v0.1.0
2020-06-30,obm_est7d_hashrate_ehs_daily,115.083160962516,EH/s,daily,OBM v0.1.0
2020-07-01,obm_est7d_hashrate_ehs_daily,117.694356641946,EH/s,daily,OBM v0.1.0
2020-07-02,obm_est7d_hashrate_ehs_daily,120.431374465985,EH/s,daily,OBM v0.1.0
2020-07-03,obm_est7d_hashrate_ehs_daily,120.205054473799,EH/s,daily,OBM v0.1.0
2020-07-04,obm_est7d_hashrate_ehs_daily,122.319270579151,EH/s,daily,OBM v0.1.0
2020-07-05,obm_est7d_hashrate_ehs_daily,123.754776504779,EH/s,daily,OBM v0.1.0
2020-07-06,obm_est7d_hashrate_ehs_daily,124.613778102689,EH/s,daily,OBM v0.1.0
2020-07-07,obm_est7d_hashrate_ehs_daily,126.076909131406,EH/s,daily,OBM v0.1.0
2020-07-08,obm_est7d_hashrate_ehs_daily,125.067376062178,EH/s,daily,OBM v0.1.0
2020-07-09,obm_est7d_hashrate_ehs_daily,124.933600209436,EH/s,daily,OBM v0.1.0
2020-07-10,obm_est7d_hashrate_ehs_daily,124.603055696529,EH/s,daily,OBM v0.1.0
2020-07-11,obm_est7d_hashrate_ehs_daily,124.539525758162,EH/s,daily,OBM v0.1.0
2020-07-12,obm_est7d_hashrate_ehs_daily,123.674393152190,EH/s,daily,OBM v0.1.0
2020-07-13,obm_est7d_hashrate_ehs_daily,123.323693178894,EH/s,daily,OBM v0.1.0
2020-07-14,obm_est7d_hashrate_ehs_daily,123.018807167329,EH/s,daily,OBM v0.1.0
2020-07-15,obm_est7d_hashrate_ehs_daily,123.651210250663,EH/s,daily,OBM v0.1.0
2020-07-16,obm_est7d_hashrate_ehs_daily,121.407144211525,EH/s,daily,OBM v0.1.0
2020-07-17,obm_est7d_hashrate_ehs_daily,117.878137518096,EH/s,daily,OBM v0.1.0
2020-07-18,obm_est7d_hashrate_ehs_daily,116.981321163124,EH/s,daily,OBM v0.1.0
2020-07-19,obm_est7d_hashrate_ehs_daily,115.818788368820,EH/s,daily,OBM v0.1.0
2020-07-20,obm_est7d_hashrate_ehs_daily,115.793890560783,EH/s,daily,OBM v0.1.0
2020-07-21,obm_est7d_hashrate_ehs_daily,113.386008609019,EH/s,daily,OBM v0.1.0
2020-07-22,obm_est7d_hashrate_ehs_daily,114.031485876331,EH/s,daily,OBM v0.1.0
2020-07-23,obm_est7d_hashrate_ehs_daily,114.165424539080,EH/s,daily,OBM v0.1.0
2020-07-24,obm_est7d_hashrate_ehs_daily,119.523858880188,EH/s,daily,OBM v0.1.0
2020-07-25,obm_est7d_hashrate_ehs_daily,121.024615035165,EH/s,daily,OBM v0.1.0
2020-07-26,obm_est7d_hashrate_ehs_daily,124.259068041771,EH/s,daily,OBM v0.1.0
2020-07-27,obm_est7d_hashrate_ehs_daily,125.180484342264,EH/s,daily,OBM v0.1.0
2020-07-28,obm_est7d_hashrate_ehs_daily,127.488348854174,EH/s,daily,OBM v0.1.0
2020-07-29,obm_est7d_hashrate_ehs_daily,127.288875841448,EH/s,daily,OBM v0.1.0
2020-07-30,obm_est7d_hashrate_ehs_daily,126.924158398854,EH/s,daily,OBM v0.1.0
2020-07-31,obm_est7d_hashrate_ehs_daily,124.964741533575,EH/s,daily,OBM v0.1.0
2020-08-01,obm_est7d_hashrate_ehs_daily,123.845112592005,EH/s,daily,OBM v0.1.0
2020-08-02,obm_est7d_hashrate_ehs_daily,121.328494837177,EH/s,daily,OBM v0.1.0
2020-08-03,obm_est7d_hashrate_ehs_daily,122.420665876600,EH/s,daily,OBM v0.1.0
2020-08-04,obm_est7d_hashrate_ehs_daily,122.450695857340,EH/s,daily,OBM v0.1.0
2020-08-05,obm_est7d_hashrate_ehs_daily,120.268265707286,EH/s,daily,OBM v0.1.0
2020-08-06,obm_est7d_hashrate_ehs_daily,122.456541757624,EH/s,daily,OBM v0.1.0
2020-08-07,obm_est7d_hashrate_ehs_daily,122.772080826913,EH/s,daily,OBM v0.1.0
2020-08-08,obm_est7d_hashrate_ehs_daily,123.177229999263,EH/s,daily,OBM v0.1.0
2020-08-09,obm_est7d_hashrate_ehs_daily,125.076240682239,EH/s,daily,OBM v0.1.0
2020-08-10,obm_est7d_hashrate_ehs_daily,121.915708859309,EH/s,daily,OBM v0.1.0
2020-08-11,obm_est7d_hashrate_ehs_daily,123.054284199871,EH/s,daily,OBM v0.1.0
2020-08-12,obm_est7d_hashrate_ehs_daily,126.614684181390,EH/s,daily,OBM v0.1.0
2020-08-13,obm_est7d_hashrate_ehs_daily,125.432245242233,EH/s,daily,OBM v0.1.0
2020-08-14,obm_est7d_hashrate_ehs_daily,127.426088607250,EH/s,daily,OBM v0.1.0
2020-08-15,obm_est7d_hashrate_ehs_daily,129.456613807382,EH/s,daily,OBM v0.1.0
2020-08-16,obm_est7d_hashrate_ehs_daily,129.013266736614,EH/s,daily,OBM v0.1.0
2020-08-17,obm_est7d_hashrate_ehs_daily,127.574220230838,EH/s,daily,OBM v0.1.0
2020-08-18,obm_est7d_hashrate_ehs_daily,125.674783457302,EH/s,daily,OBM v0.1.0
2020-08-19,obm_est7d_hashrate_ehs_daily,123.665533244256,EH/s,daily,OBM v0.1.0
2020-08-20,obm_est7d_hashrate_ehs_daily,123.265385885462,EH/s,daily,OBM v0.1.0
2020-08-21,obm_est7d_hashrate_ehs_daily,122.421346441026,EH/s,daily,OBM v0.1.0
2020-08-22,obm_est7d_hashrate_ehs_daily,119.580049730008,EH/s,daily,OBM v0.1.0
2020-08-23,obm_est7d_hashrate_ehs_daily,120.375541349231,EH/s,daily,OBM v0.1.0
2020-08-24,obm_est7d_hashrate_ehs_daily,123.610806589420,EH/s,daily,OBM v0.1.0
2020-08-25,obm_est7d_hashrate_ehs_daily,122.693326208087,EH/s,daily,OBM v0.1.0
2020-08-26,obm_est7d_hashrate_ehs_daily,124.302897528473,EH/s,daily,OBM v0.1.0
2020-08-27,obm_est7d_hashrate_ehs_daily,122.306581253062,EH/s,daily,OBM v0.1.0
2020-08-28,obm_est7d_hashrate_ehs_daily,124.090125328188,EH/s,daily,OBM v0.1.0
2020-08-29,obm_est7d_hashrate_ehs_daily,125.753117704230,EH/s,daily,OBM v0.1.0
2020-08-30,obm_est7d_hashrate_ehs_daily,122.754104187195,EH/s,daily,OBM v0.1.0
2020-08-31,obm_est7d_hashrate_ehs_daily,122.893599164490,EH/s,daily,OBM v0.1.0
2020-09-01,obm_est7d_hashrate_ehs_daily,126.563820882891,EH/s,daily,OBM v0.1.0
2020-09-02,obm_est7d_hashrate_ehs_daily,126.506322630540,EH/s,daily,OBM v0.1.0
2020-09-03,obm_est7d_hashrate_ehs_daily,126.783255654430,EH/s,daily,OBM v0.1.0
2020-09-04,obm_est7d_hashrate_ehs_daily,122.869408431489,EH/s,daily,OBM v0.1.0
2020-09-05,obm_est7d_hashrate_ehs_daily,122.352769558405,EH/s,daily,OBM v0.1.0
2020-09-06,obm_est7d_hashrate_ehs_daily,125.321830532733,EH/s,daily,OBM v0.1.0
2020-09-07,obm_est7d_hashrate_ehs_daily,128.409669405791,EH/s,daily,OBM v0.1.0
2020-09-08,obm_est7d_hashrate_ehs_daily,127.957381651649,EH/s,daily,OBM v0.1.0
2020-09-09,obm_est7d_hashrate_ehs_daily,128.635272376132,EH/s,daily,OBM v0.1.0
2020-09-10,obm_est7d_hashrate_ehs_daily,131.896797414380,EH/s,daily,OBM v0.1.0
2020-09-11,obm_est7d_hashrate_ehs_daily,132.121098289814,EH/s,daily,OBM v0.1.0
2020-09-12,obm_est7d_hashrate_ehs_daily,135.680030313911,EH/s,daily,OBM v0.1.0
2020-09-13,obm_est7d_hashrate_ehs_daily,136.619913550441,EH/s,daily,OBM v0.1.0
2020-09-14,obm_est7d_hashrate_ehs_daily,136.666920368266,EH/s,daily,OBM v0.1.0
2020-09-15,obm_est7d_hashrate_ehs_daily,136.826964708770,EH/s,daily,OBM v0.1.0
2020-09-16,obm_est7d_hashrate_ehs_daily,137.481856539591,EH/s,daily,OBM v0.1.0
2020-09-17,obm_est7d_hashrate_ehs_daily,140.076798647409,EH/s,daily,OBM v0.1.0
2020-09-18,obm_est7d_hashrate_ehs_daily,143.455838196547,EH/s,daily,OBM v0.1.0
2020-09-19,obm_est7d_hashrate_ehs_daily,140.776248399402,EH/s,daily,OBM v0.1.0
2020-09-20,obm_est7d_hashrate_ehs_daily,140.236314991152,EH/s,daily,OBM v0.1.0
2020-09-21,obm_est7d_hashrate_ehs_daily,138.313808522876,EH/s,daily,OBM v0.1.0
2020-09-22,obm_est7d_hashrate_ehs_daily,136.957417994698,EH/s,daily,OBM v0.1.0
2020-09-23,obm_est7d_hashrate_ehs_daily,137.114747109364,EH/s,daily,OBM v0.1.0
2020-09-24,obm_est7d_hashrate_ehs_daily,134.315404188857,EH/s,daily,OBM v0.1.0
2020-09-25,obm_est7d_hashrate_ehs_daily,136.975051454625,EH/s,daily,OBM v0.1.0
2020-09-26,obm_est7d_hashrate_ehs_daily,139.173094172336,EH/s,daily,OBM v0.1.0
2020-09-27,obm_est7d_hashrate_ehs_daily,140.977833042700,EH/s,daily,OBM v0.1.0
2020-09-28,obm_est7d_hashrate_ehs_daily,138.807305490553,EH/s,daily,OBM v0.1.0
2020-09-29,obm_est7d_hashrate_ehs_daily,140.201672414896,EH/s,daily,OBM v0.1.0
2020-09-30,obm_est7d_hashrate_ehs_daily,142.092106056985,EH/s,daily,OBM v0.1.0
2020-10-01,obm_est7d_hashrate_ehs_daily,140.194406250218,EH/s,daily,OBM v0.1.0
2020-10-02,obm_est7d_hashrate_ehs_daily,135.917593721557,EH/s,daily,OBM v0.1.0
2020-10-03,obm_est7d_hashrate_ehs_daily,135.893581250611,EH/s,daily,OBM v0.1.0
2020-10-04,obm_est7d_hashrate_ehs_daily,136.624034737316,EH/s,daily,OBM v0.1.0
2020-10-05,obm_est7d_hashrate_ehs_daily,138.148090237567,EH/s,daily,OBM v0.1.0
2020-10-06,obm_est7d_hashrate_ehs_daily,136.535721179383,EH/s,daily,OBM v0.1.0
2020-10-07,obm_est7d_hashrate_ehs_daily,136.192170298032,EH/s,daily,OBM v0.1.0
2020-10-08,obm_est7d_hashrate_ehs_daily,141.047195575805,EH/s,daily,OBM v0.1.0
2020-10-09,obm_est7d_hashrate_ehs_daily,141.914086003671,EH/s,daily,OBM v0.1.0
2020-10-10,obm_est7d_hashrate_ehs_daily,140.643392044160,EH/s,daily,OBM v0.1.0
2020-10-11,obm_est7d_hashrate_ehs_daily,138.571375015470,EH/s,daily,OBM v0.1.0
2020-10-12,obm_est7d_hashrate_ehs_daily,139.853619621356,EH/s,daily,OBM v0.1.0
2020-10-13,obm_est7d_hashrate_ehs_daily,144.424395913034,EH/s,daily,OBM v0.1.0
2020-10-14,obm_est7d_hashrate_ehs_daily,144.668131410519,EH/s,daily,OBM v0.1.0
2020-10-15,obm_est7d_hashrate_ehs_daily,142.892256426781,EH/s,daily,OBM v0.1.0
2020-10-16,obm_est7d_hashrate_ehs_daily,144.564340178679,EH/s,daily,OBM v0.1.0
2020-10-17,obm_est7d_hashrate_ehs_daily,146.701794904886,EH/s,daily,OBM v0.1.0
2020-10-18,obm_est7d_hashrate_ehs_daily,145.262715828016,EH/s,daily,OBM v0.1.0
2020-10-19,obm_est7d_hashrate_ehs_daily,141.890929005272,EH/s,daily,OBM v0.1.0
2020-10-20,obm_est7d_hashrate_ehs_daily,139.565024919019,EH/s,daily,OBM v0.1.0
2020-10-21,obm_est7d_hashrate_ehs_daily,137.811641062218,EH/s,daily,OBM v0.1.0
2020-10-22,obm_est7d_hashrate_ehs_daily,136.467213981006,EH/s,daily,OBM v0.1.0
2020-10-23,obm_est7d_hashrate_ehs_daily,133.552561971568,EH/s,daily,OBM v0.1.0
2020-10-24,obm_est7d_hashrate_ehs_daily,133.677339394854,EH/s,daily,OBM v0.1.0
2020-10-25,obm_est7d_hashrate_ehs_daily,132.964626889722,EH/s,daily,OBM v0.1.0
2020-10-26,obm_est7d_hashrate_ehs_daily,130.978712444881,EH/s,daily,OBM v0.1.0
2020-10-27,obm_est7d_hashrate_ehs_daily,125.056602886266,EH/s,daily,OBM v0.1.0
2020-10-28,obm_est7d_hashrate_ehs_daily,120.171814937990,EH/s,daily,OBM v0.1.0
2020-10-29,obm_est7d_hashrate_ehs_daily,116.051682387722,EH/s,daily,OBM v0.1.0
2020-10-30,obm_est7d_hashrate_ehs_daily,113.424798006164,EH/s,daily,OBM v0.1.0
2020-10-31,obm_est7d_hashrate_ehs_daily,107.864874155683,EH/s,daily,OBM v0.1.0
2020-11-01,obm_est7d_hashrate_ehs_daily,108.844772918908,EH/s,daily,OBM v0.1.0
2020-11-02,obm_est7d_hashrate_ehs_daily,106.678931887098,EH/s,daily,OBM v0.1.0
2020-11-03,obm_est7d_hashrate_ehs_daily,110.601803762642,EH/s,daily,OBM v0.1.0
2020-11-04,obm_est7d_hashrate_ehs_daily,115.351084031760,EH/s,daily,OBM v0.1.0
2020-11-05,obm_est7d_hashrate_ehs_daily,117.501178007640,EH/s,daily,OBM v0.1.0
2020-11-06,obm_est7d_hashrate_ehs_daily,120.046136863960,EH/s,daily,OBM v0.1.0
2020-11-07,obm_est7d_hashrate_ehs_daily,121.543634540520,EH/s,daily,OBM v0.1.0
2020-11-08,obm_est7d_hashrate_ehs_daily,120.195699636886,EH/s,daily,OBM v0.1.0
2020-11-09,obm_est7d_hashrate_ehs_daily,128.422259428702,EH/s,daily,OBM v0.1.0
2020-11-10,obm_est7d_hashrate_ehs_daily,128.175522887173,EH/s,daily,OBM v0.1.0
2020-11-11,obm_est7d_hashrate_ehs_daily,127.221657937069,EH/s,daily,OBM v0.1.0
2020-11-12,obm_est7d_hashrate_ehs_daily,128.922608821355,EH/s,daily,OBM v0.1.0
2020-11-13,obm_est7d_hashrate_ehs_daily,126.729438091541,EH/s,daily,OBM v0.1.0
2020-11-14,obm_est7d_hashrate_ehs_daily,126.574716780268,EH/s,daily,OBM v0.1.0
2020-11-15,obm_est7d_hashrate_ehs_daily,127.721288276842,EH/s,daily,OBM v0.1.0
2020-11-16,obm_est7d_hashrate_ehs_daily,125.244130244273,EH/s,daily,OBM v0.1.0
2020-11-17,obm_est7d_hashrate_ehs_daily,127.221162164999,EH/s,daily,OBM v0.1.0
2020-11-18,obm_est7d_hashrate_ehs_daily,130.614864337025,EH/s,daily,OBM v0.1.0
2020-11-19,obm_est7d_hashrate_ehs_daily,128.655054010346,EH/s,daily,OBM v0.1.0
2020-11-20,obm_est7d_hashrate_ehs_daily,133.257024387549,EH/s,daily,OBM v0.1.0
2020-11-21,obm_est7d_hashrate_ehs_daily,137.388608725237,EH/s,daily,OBM v0.1.0
2020-11-22,obm_est7d_hashrate_ehs_daily,141.478770758594,EH/s,daily,OBM v0.1.0
2020-11-23,obm_est7d_hashrate_ehs_daily,140.379578241087,EH/s,daily,OBM v0.1.0
2020-11-24,obm_est7d_hashrate_ehs_daily,137.574969669605,EH/s,daily,OBM v0.1.0
2020-11-25,obm_est7d_hashrate_ehs_daily,136.323929172852,EH/s,daily,OBM v0.1.0
2020-11-26,obm_est7d_hashrate_ehs_daily,137.968861259396,EH/s,daily,OBM v0.1.0
2020-11-27,obm_est7d_hashrate_ehs_daily,135.890316195965,EH/s,daily,OBM v0.1.0
2020-11-28,obm_est7d_hashrate_ehs_daily,133.809860527463,EH/s,daily,OBM v0.1.0
2020-11-29,obm_est7d_hashrate_ehs_daily,131.445605409057,EH/s,daily,OBM v0.1.0
2020-11-30,obm_est7d_hashrate_ehs_daily,128.336283879711,EH/s,daily,OBM v0.1.0
2020-12-01,obm_est7d_hashrate_ehs_daily,132.267811085816,EH/s,daily,OBM v0.1.0
2020-12-02,obm_est7d_hashrate_ehs_daily,130.788830774699,EH/s,daily,OBM v0.1.0
2020-12-03,obm_est7d_hashrate_ehs_daily,133.411389556294,EH/s,daily,OBM v0.1.0
2020-12-04,obm_est7d_hashrate_ehs_daily,133.565441510984,EH/s,daily,OBM v0.1.0
2020-12-05,obm_est7d_hashrate_ehs_daily,133.963519356161,EH/s,daily,OBM v0.1.0
2020-12-06,obm_est7d_hashrate_ehs_daily,132.999998192329,EH/s,daily,OBM v0.1.0
2020-12-07,obm_est7d_hashrate_ehs_daily,137.992553790182,EH/s,daily,OBM v0.1.0
2020-12-08,obm_est7d_hashrate_ehs_daily,137.709466693071,EH/s,daily,OBM v0.1.0
2020-12-09,obm_est7d_hashrate_ehs_daily,137.991640855725,EH/s,daily,OBM v0.1.0
2020-12-10,obm_est7d_hashrate_ehs_daily,134.339081934864,EH/s,daily,OBM v0.1.0
2020-12-11,obm_est7d_hashrate_ehs_daily,133.624996183303,EH/s,daily,OBM v0.1.0
2020-12-12,obm_est7d_hashrate_ehs_daily,132.327145489556,EH/s,daily,OBM v0.1.0
2020-12-13,obm_est7d_hashrate_ehs_daily,134.812440721653,EH/s,daily,OBM v0.1.0
2020-12-14,obm_est7d_hashrate_ehs_daily,133.584934897317,EH/s,daily,OBM v0.1.0
2020-12-15,obm_est7d_hashrate_ehs_daily,132.566655052611,EH/s,daily,OBM v0.1.0
2020-12-16,obm_est7d_hashrate_ehs_daily,132.527692906568,EH/s,daily,OBM v0.1.0
2020-12-17,obm_est7d_hashrate_ehs_daily,132.070775282130,EH/s,daily,OBM v0.1.0
2020-12-18,obm_est7d_hashrate_ehs_daily,134.340696413225,EH/s,daily,OBM v0.1.0
2020-12-19,obm_est7d_hashrate_ehs_daily,137.032550236093,EH/s,daily,OBM v0.1.0
2020-12-20,obm_est7d_hashrate_ehs_daily,135.900430448054,EH/s,daily,OBM v0.1.0
2020-12-21,obm_est7d_hashrate_ehs_daily,134.639247799437,EH/s,daily,OBM v0.1.0
2020-12-22,obm_est7d_hashrate_ehs_daily,135.074046122417,EH/s,daily,OBM v0.1.0
2020-12-23,obm_est7d_hashrate_ehs_daily,136.990638418906,EH/s,daily,OBM v0.1.0
2020-12-24,obm_est7d_hashrate_ehs_daily,136.068513064044,EH/s,daily,OBM v0.1.0
2020-12-25,obm_est7d_hashrate_ehs_daily,134.517579329821,EH/s,daily,OBM v0.1.0
2020-12-26,obm_est7d_hashrate_ehs_daily,131.546963276622,EH/s,daily,OBM v0.1.0
2020-12-27,obm_est7d_hashrate_ehs_daily,131.054367086673,EH/s,daily,OBM v0.1.0
2020-12-28,obm_est7d_hashrate_ehs_daily,134.188780891395,EH/s,daily,OBM v0.1.0
2020-12-29,obm_est7d_hashrate_ehs_daily,135.360834888646,EH/s,daily,OBM v0.1.0
2020-12-30,obm_est7d_hashrate_ehs_daily,137.665947320086,EH/s,daily,OBM v0.1.0
2020-12-31,obm_est7d_hashrate_ehs_daily,143.143795862754,EH/s,daily,OBM v0.1.0
2021-01-01,obm_est7d_hashrate_ehs_daily,143.583262175165,EH/s,daily,OBM v0.1.0
2021-01-02,obm_est7d_hashrate_ehs_daily,145.233499211309,EH/s,daily,OBM v0.1.0
2021-01-03,obm_est7d_hashrate_ehs_daily,146.610849523771,EH/s,daily,OBM v0.1.0
2021-01-04,obm_est7d_hashrate_ehs_daily,148.153571902455,EH/s,daily,OBM v0.1.0
2021-01-05,obm_est7d_hashrate_ehs_daily,148.826692788468,EH/s,daily,OBM v0.1.0
2021-01-06,obm_est7d_hashrate_ehs_daily,150.099982235767,EH/s,daily,OBM v0.1.0
2021-01-07,obm_est7d_hashrate_ehs_daily,149.720938091239,EH/s,daily,OBM v0.1.0
2021-01-08,obm_est7d_hashrate_ehs_daily,149.770890053668,EH/s,daily,OBM v0.1.0
2021-01-09,obm_est7d_hashrate_ehs_daily,149.208805980274,EH/s,daily,OBM v0.1.0
2021-01-10,obm_est7d_hashrate_ehs_daily,151.258979240129,EH/s,daily,OBM v0.1.0
2021-01-11,obm_est7d_hashrate_ehs_daily,151.053850130746,EH/s,daily,OBM v0.1.0
2021-01-12,obm_est7d_hashrate_ehs_daily,151.910617202254,EH/s,daily,OBM v0.1.0
2021-01-13,obm_est7d_hashrate_ehs_daily,150.676155464753,EH/s,daily,OBM v0.1.0
2021-01-14,obm_est7d_hashrate_ehs_daily,150.354137246061,EH/s,daily,OBM v0.1.0
2021-01-15,obm_est7d_hashrate_ehs_daily,153.732437597202,EH/s,daily,OBM v0.1.0
2021-01-16,obm_est7d_hashrate_ehs_daily,155.776757222427,EH/s,daily,OBM v0.1.0
2021-01-17,obm_est7d_hashrate_ehs_daily,151.867875988413,EH/s,daily,OBM v0.1.0
2021-01-18,obm_est7d_hashrate_ehs_daily,150.494223040353,EH/s,daily,OBM v0.1.0
2021-01-19,obm_est7d_hashrate_ehs_daily,150.648492755629,EH/s,daily,OBM v0.1.0
2021-01-20,obm_est7d_hashrate_ehs_daily,149.367645708545,EH/s,daily,OBM v0.1.0
2021-01-21,obm_est7d_hashrate_ehs_daily,146.605980465711,EH/s,daily,OBM v0.1.0
2021-01-22,obm_est7d_hashrate_ehs_daily,145.118575751877,EH/s,daily,OBM v0.1.0
2021-01-23,obm_est7d_hashrate_ehs_daily,145.931383664688,EH/s,daily,OBM v0.1.0
2021-01-24,obm_est7d_hashrate_ehs_daily,146.775403056493,EH/s,daily,OBM v0.1.0
2021-01-25,obm_est7d_hashrate_ehs_daily,146.462290199492,EH/s,daily,OBM v0.1.0
2021-01-26,obm_est7d_hashrate_ehs_daily,148.497132386636,EH/s,daily,OBM v0.1.0
2021-01-27,obm_est7d_hashrate_ehs_daily,149.127053764474,EH/s,daily,OBM v0.1.0
2021-01-28,obm_est7d_hashrate_ehs_daily,151.624783641057,EH/s,daily,OBM v0.1.0
2021-01-29,obm_est7d_hashrate_ehs_daily,153.334409031125,EH/s,daily,OBM v0.1.0
2021-01-30,obm_est7d_hashrate_ehs_daily,150.192138898832,EH/s,daily,OBM v0.1.0
2021-01-31,obm_est7d_hashrate_ehs_daily,150.955228914705,EH/s,daily,OBM v0.1.0
2021-02-01,obm_est7d_hashrate_ehs_daily,148.960986880131,EH/s,daily,OBM v0.1.0
2021-02-02,obm_est7d_hashrate_ehs_daily,146.621633422952,EH/s,daily,OBM v0.1.0
2021-02-03,obm_est7d_hashrate_ehs_daily,148.260224898096,EH/s,daily,OBM v0.1.0
2021-02-04,obm_est7d_hashrate_ehs_daily,150.103024241062,EH/s,daily,OBM v0.1.0
2021-02-05,obm_est7d_hashrate_ehs_daily,153.075597792990,EH/s,daily,OBM v0.1.0
2021-02-06,obm_est7d_hashrate_ehs_daily,156.611079481759,EH/s,daily,OBM v0.1.0
2021-02-07,obm_est7d_hashrate_ehs_daily,159.037299982268,EH/s,daily,OBM v0.1.0
2021-02-08,obm_est7d_hashrate_ehs_daily,166.419400783862,EH/s,daily,OBM v0.1.0
2021-02-09,obm_est7d_hashrate_ehs_daily,165.175546522405,EH/s,daily,OBM v0.1.0
2021-02-10,obm_est7d_hashrate_ehs_daily,165.765344986979,EH/s,daily,OBM v0.1.0
2021-02-11,obm_est7d_hashrate_ehs_daily,161.104461607083,EH/s,daily,OBM v0.1.0
2021-02-12,obm_est7d_hashrate_ehs_daily,157.558376223907,EH/s,daily,OBM v0.1.0
2021-02-13,obm_est7d_hashrate_ehs_daily,157.323532325875,EH/s,daily,OBM v0.1.0
2021-02-14,obm_est7d_hashrate_ehs_daily,156.932957064074,EH/s,daily,OBM v0.1.0
2021-02-15,obm_est7d_hashrate_ehs_daily,154.522712016165,EH/s,daily,OBM v0.1.0
2021-02-16,obm_est7d_hashrate_ehs_daily,151.263042743896,EH/s,daily,OBM v0.1.0
2021-02-17,obm_est7d_hashrate_ehs_daily,150.640105172216,EH/s,daily,OBM v0.1.0
2021-02-18,obm_est7d_hashrate_ehs_daily,151.761716031106,EH/s,daily,OBM v0.1.0
2021-02-19,obm_est7d_hashrate_ehs_daily,153.235195217986,EH/s,daily,OBM v0.1.0
2021-02-20,obm_est7d_hashrate_ehs_daily,151.810500190958,EH/s,daily,OBM v0.1.0
2021-02-21,obm_est7d_hashrate_ehs_daily,152.225973765356,EH/s,daily,OBM v0.1.0
2021-02-22,obm_est7d_hashrate_ehs_daily,149.275042370407,EH/s,daily,OBM v0.1.0
2021-02-23,obm_est7d_hashrate_ehs_daily,149.627415544534,EH/s,daily,OBM v0.1.0
2021-02-24,obm_est7d_hashrate_ehs_daily,153.264531450534,EH/s,daily,OBM v0.1.0
2021-02-25,obm_est7d_hashrate_ehs_daily,156.635721066397,EH/s,daily,OBM v0.1.0
2021-02-26,obm_est7d_hashrate_ehs_daily,154.533028305580,EH/s,daily,OBM v0.1.0
2021-02-27,obm_est7d_hashrate_ehs_daily,156.483374267294,EH/s,daily,OBM v0.1.0
2021-02-28,obm_est7d_hashrate_ehs_daily,155.022389741104,EH/s,daily,OBM v0.1.0
2021-03-01,obm_est7d_hashrate_ehs_daily,154.307758303257,EH/s,daily,OBM v0.1.0
2021-03-02,obm_est7d_hashrate_ehs_daily,156.771886982591,EH/s,daily,OBM v0.1.0
2021-03-03,obm_est7d_hashrate_ehs_daily,155.584075025446,EH/s,daily,OBM v0.1.0
2021-03-04,obm_est7d_hashrate_ehs_daily,151.464246824566,EH/s,daily,OBM v0.1.0
2021-03-05,obm_est7d_hashrate_ehs_daily,152.821461915656,EH/s,daily,OBM v0.1.0
2021-03-06,obm_est7d_hashrate_ehs_daily,152.068206148919,EH/s,daily,OBM v0.1.0
2021-03-07,obm_est7d_hashrate_ehs_daily,154.160648412086,EH/s,daily,OBM v0.1.0
2021-03-08,obm_est7d_hashrate_ehs_daily,157.687486382578,EH/s,daily,OBM v0.1.0
2021-03-09,obm_est7d_hashrate_ehs_daily,156.783662232855,EH/s,daily,OBM v0.1.0
2021-03-10,obm_est7d_hashrate_ehs_daily,156.212975192384,EH/s,daily,OBM v0.1.0
2021-03-11,obm_est7d_hashrate_ehs_daily,157.046655057245,EH/s,daily,OBM v0.1.0
2021-03-12,obm_est7d_hashrate_ehs_daily,156.594533612312,EH/s,daily,OBM v0.1.0
2021-03-13,obm_est7d_hashrate_ehs_daily,154.974087925078,EH/s,daily,OBM v0.1.0
2021-03-14,obm_est7d_hashrate_ehs_daily,156.458340541372,EH/s,daily,OBM v0.1.0
2021-03-15,obm_est7d_hashrate_ehs_daily,155.393458336611,EH/s,daily,OBM v0.1.0
2021-03-16,obm_est7d_hashrate_ehs_daily,157.080041638054,EH/s,daily,OBM v0.1.0
2021-03-17,obm_est7d_hashrate_ehs_daily,154.708179075446,EH/s,daily,OBM v0.1.0
2021-03-18,obm_est7d_hashrate_ehs_daily,158.140209589788,EH/s,daily,OBM v0.1.0
2021-03-19,obm_est7d_hashrate_ehs_daily,157.574857631299,EH/s,daily,OBM v0.1.0
2021-03-20,obm_est7d_hashrate_ehs_daily,159.589100906087,EH/s,daily,OBM v0.1.0
2021-03-21,obm_est7d_hashrate_ehs_daily,160.264900930297,EH/s,daily,OBM v0.1.0
2021-03-22,obm_est7d_hashrate_ehs_daily,160.939219987002,EH/s,daily,OBM v0.1.0
2021-03-23,obm_est7d_hashrate_ehs_daily,163.255471992452,EH/s,daily,OBM v0.1.0
2021-03-24,obm_est7d_hashrate_ehs_daily,166.088716880976,EH/s,daily,OBM v0.1.0
2021-03-25,obm_est7d_hashrate_ehs_daily,167.038795907994,EH/s,daily,OBM v0.1.0
2021-03-26,obm_est7d_hashrate_ehs_daily,165.376633190211,EH/s,daily,OBM v0.1.0
2021-03-27,obm_est7d_hashrate_ehs_daily,166.139755541743,EH/s,daily,OBM v0.1.0
2021-03-28,obm_est7d_hashrate_ehs_daily,166.749500851425,EH/s,daily,OBM v0.1.0
2021-03-29,obm_est7d_hashrate_ehs_daily,166.637441539129,EH/s,daily,OBM v0.1.0
2021-03-30,obm_est7d_hashrate_ehs_daily,164.728661562447,EH/s,daily,OBM v0.1.0
2021-03-31,obm_est7d_hashrate_ehs_daily,165.159533186010,EH/s,daily,OBM v0.1.0
2021-04-01,obm_est7d_hashrate_ehs_daily,163.915684611031,EH/s,daily,OBM v0.1.0
2021-04-02,obm_est7d_hashrate_ehs_daily,165.653400298154,EH/s,daily,OBM v0.1.0
2021-04-03,obm_est7d_hashrate_ehs_daily,162.668707960565,EH/s,daily,OBM v0.1.0
2021-04-04,obm_est7d_hashrate_ehs_daily,161.628533431987,EH/s,daily,OBM v0.1.0
2021-04-05,obm_est7d_hashrate_ehs_daily,163.706810310520,EH/s,daily,OBM v0.1.0
2021-04-06,obm_est7d_hashrate_ehs_daily,164.833070131687,EH/s,daily,OBM v0.1.0
2021-04-07,obm_est7d_hashrate_ehs_daily,166.135701019461,EH/s,daily,OBM v0.1.0
2021-04-08,obm_est7d_hashrate_ehs_daily,166.385012154693,EH/s,daily,OBM v0.1.0
2021-04-09,obm_est7d_hashrate_ehs_daily,167.778498456131,EH/s,daily,OBM v0.1.0
2021-04-10,obm_est7d_hashrate_ehs_daily,172.201713353227,EH/s,daily,OBM v0.1.0
2021-04-11,obm_est7d_hashrate_ehs_daily,171.747721855470,EH/s,daily,OBM v0.1.0
2021-04-12,obm_est7d_hashrate_ehs_daily,170.000143614651,EH/s,daily,OBM v0.1.0
2021-04-13,obm_est7d_hashrate_ehs_daily,169.707259573229,EH/s,daily,OBM v0.1.0
2021-04-14,obm_est7d_hashrate_ehs_daily,166.016112695472,EH/s,daily,OBM v0.1.0
2021-04-15,obm_est7d_hashrate_ehs_daily,172.353039874473,EH/s,daily,OBM v0.1.0
2021-04-16,obm_est7d_hashrate_ehs_daily,164.468076663725,EH/s,daily,OBM v0.1.0
2021-04-17,obm_est7d_hashrate_ehs_daily,154.106651741612,EH/s,daily,OBM v0.1.0
2021-04-18,obm_est7d_hashrate_ehs_daily,151.263905894136,EH/s,daily,OBM v0.1.0
2021-04-19,obm_est7d_hashrate_ehs_daily,143.653316092992,EH/s,daily,OBM v0.1.0
2021-04-20,obm_est7d_hashrate_ehs_daily,141.761086769056,EH/s,daily,OBM v0.1.0
2021-04-21,obm_est7d_hashrate_ehs_daily,136.420607657918,EH/s,daily,OBM v0.1.0
2021-04-22,obm_est7d_hashrate_ehs_daily,132.178507874710,EH/s,daily,OBM v0.1.0
2021-04-23,obm_est7d_hashrate_ehs_daily,137.910193208463,EH/s,daily,OBM v0.1.0
2021-04-24,obm_est7d_hashrate_ehs_daily,146.273373443460,EH/s,daily,OBM v0.1.0
2021-04-25,obm_est7d_hashrate_ehs_daily,150.818092922797,EH/s,daily,OBM v0.1.0
2021-04-26,obm_est7d_hashrate_ehs_daily,152.173564958706,EH/s,daily,OBM v0.1.0
2021-04-27,obm_est7d_hashrate_ehs_daily,154.955980864325,EH/s,daily,OBM v0.1.0
2021-04-28,obm_est7d_hashrate_ehs_daily,161.721688455083,EH/s,daily,OBM v0.1.0
2021-04-29,obm_est7d_hashrate_ehs_daily,157.604373141676,EH/s,daily,OBM v0.1.0
2021-04-30,obm_est7d_hashrate_ehs_daily,159.695948883067,EH/s,daily,OBM v0.1.0
2021-05-01,obm_est7d_hashrate_ehs_daily,157.835728468215,EH/s,daily,OBM v0.1.0
2021-05-02,obm_est7d_hashrate_ehs_daily,161.286048403444,EH/s,daily,OBM v0.1.0
2021-05-03,obm_est7d_hashrate_ehs_daily,168.105432694346,EH/s,daily,OBM v0.1.0
2021-05-04,obm_est7d_hashrate_ehs_daily,171.084366486466,EH/s,daily,OBM v0.1.0
2021-05-05,obm_est7d_hashrate_ehs_daily,169.975041443304,EH/s,daily,OBM v0.1.0
2021-05-06,obm_est7d_hashrate_ehs_daily,174.646226354892,EH/s,daily,OBM v0.1.0
2021-05-07,obm_est7d_hashrate_ehs_daily,175.840610799222,EH/s,daily,OBM v0.1.0
2021-05-08,obm_est7d_hashrate_ehs_daily,178.313138307618,EH/s,daily,OBM v0.1.0
2021-05-09,obm_est7d_hashrate_ehs_daily,177.839314636500,EH/s,daily,OBM v0.1.0
2021-05-10,obm_est7d_hashrate_ehs_daily,178.408406768057,EH/s,daily,OBM v0.1.0
2021-05-11,obm_est7d_hashrate_ehs_daily,177.204961708661,EH/s,daily,OBM v0.1.0
2021-05-12,obm_est7d_hashrate_ehs_daily,179.170182056377,EH/s,daily,OBM v0.1.0
2021-05-13,obm_est7d_hashrate_ehs_daily,180.861973149415,EH/s,daily,OBM v0.1.0
2021-05-14,obm_est7d_hashrate_ehs_daily,179.981331184617,EH/s,daily,OBM v0.1.0
2021-05-15,obm_est7d_hashrate_ehs_daily,176.637315699301,EH/s,daily,OBM v0.1.0
2021-05-16,obm_est7d_hashrate_ehs_daily,172.464058939819,EH/s,daily,OBM v0.1.0
2021-05-17,obm_est7d_hashrate_ehs_daily,168.019211058026,EH/s,daily,OBM v0.1.0
2021-05-18,obm_est7d_hashrate_ehs_daily,160.463458432475,EH/s,daily,OBM v0.1.0
2021-05-19,obm_est7d_hashrate_ehs_daily,157.923263830317,EH/s,daily,OBM v0.1.0
2021-05-20,obm_est7d_hashrate_ehs_daily,151.241597654198,EH/s,daily,OBM v0.1.0
2021-05-21,obm_est7d_hashrate_ehs_daily,146.820620295555,EH/s,daily,OBM v0.1.0
2021-05-22,obm_est7d_hashrate_ehs_daily,145.230564151628,EH/s,daily,OBM v0.1.0
2021-05-23,obm_est7d_hashrate_ehs_daily,143.385129287105,EH/s,daily,OBM v0.1.0
2021-05-24,obm_est7d_hashrate_ehs_daily,144.087080557610,EH/s,daily,OBM v0.1.0
2021-05-25,obm_est7d_hashrate_ehs_daily,148.534517139490,EH/s,daily,OBM v0.1.0
2021-05-26,obm_est7d_hashrate_ehs_daily,147.690071589843,EH/s,daily,OBM v0.1.0
2021-05-27,obm_est7d_hashrate_ehs_daily,149.015305709858,EH/s,daily,OBM v0.1.0
2021-05-28,obm_est7d_hashrate_ehs_daily,150.228347497360,EH/s,daily,OBM v0.1.0
2021-05-29,obm_est7d_hashrate_ehs_daily,149.922748078872,EH/s,daily,OBM v0.1.0
2021-05-30,obm_est7d_hashrate_ehs_daily,150.609484392730,EH/s,daily,OBM v0.1.0
2021-05-31,obm_est7d_hashrate_ehs_daily,149.552674394916,EH/s,daily,OBM v0.1.0
2021-06-01,obm_est7d_hashrate_ehs_daily,148.401724408252,EH/s,daily,OBM v0.1.0
2021-06-02,obm_est7d_hashrate_ehs_daily,151.822993540019,EH/s,daily,OBM v0.1.0
2021-06-03,obm_est7d_hashrate_ehs_daily,152.910948668241,EH/s,daily,OBM v0.1.0
2021-06-04,obm_est7d_hashrate_ehs_daily,151.132785052698,EH/s,daily,OBM v0.1.0
2021-06-05,obm_est7d_hashrate_ehs_daily,150.079290799637,EH/s,daily,OBM v0.1.0
2021-06-06,obm_est7d_hashrate_ehs_daily,151.159892935905,EH/s,daily,OBM v0.1.0
2021-06-07,obm_est7d_hashrate_ehs_daily,149.645936459090,EH/s,daily,OBM v0.1.0
2021-06-08,obm_est7d_hashrate_ehs_daily,150.589257451447,EH/s,daily,OBM v0.1.0
2021-06-09,obm_est7d_hashrate_ehs_daily,144.887264185469,EH/s,daily,OBM v0.1.0
2021-06-10,obm_est7d_hashrate_ehs_daily,140.308428588601,EH/s,daily,OBM v0.1.0
2021-06-11,obm_est7d_hashrate_ehs_daily,136.476416286442,EH/s,daily,OBM v0.1.0
2021-06-12,obm_est7d_hashrate_ehs_daily,136.604352800304,EH/s,daily,OBM v0.1.0
2021-06-13,obm_est7d_hashrate_ehs_daily,133.706606119203,EH/s,daily,OBM v0.1.0
2021-06-14,obm_est7d_hashrate_ehs_daily,133.176159629267,EH/s,daily,OBM v0.1.0
2021-06-15,obm_est7d_hashrate_ehs_daily,129.140299459672,EH/s,daily,OBM v0.1.0
2021-06-16,obm_est7d_hashrate_ehs_daily,127.743549499065,EH/s,daily,OBM v0.1.0
2021-06-17,obm_est7d_hashrate_ehs_daily,128.442519933065,EH/s,daily,OBM v0.1.0
2021-06-18,obm_est7d_hashrate_ehs_daily,131.000901329285,EH/s,daily,OBM v0.1.0
2021-06-19,obm_est7d_hashrate_ehs_daily,125.401315396368,EH/s,daily,OBM v0.1.0
2021-06-20,obm_est7d_hashrate_ehs_daily,120.534143507725,EH/s,daily,OBM v0.1.0
2021-06-21,obm_est7d_hashrate_ehs_daily,116.628844040917,EH/s,daily,OBM v0.1.0
2021-06-22,obm_est7d_hashrate_ehs_daily,110.791767642412,EH/s,daily,OBM v0.1.0
2021-06-23,obm_est7d_hashrate_ehs_daily,107.653212780331,EH/s,daily,OBM v0.1.0
2021-06-24,obm_est7d_hashrate_ehs_daily,104.364087412831,EH/s,daily,OBM v0.1.0
2021-06-25,obm_est7d_hashrate_ehs_daily,102.629679867848,EH/s,daily,OBM v0.1.0
2021-06-26,obm_est7d_hashrate_ehs_daily,100.441448794854,EH/s,daily,OBM v0.1.0
2021-06-27,obm_est7d_hashrate_ehs_daily,94.136385141199,EH/s,daily,OBM v0.1.0
2021-06-28,obm_est7d_hashrate_ehs_daily,91.513902469453,EH/s,daily,OBM v0.1.0
2021-06-29,obm_est7d_hashrate_ehs_daily,91.000438543105,EH/s,daily,OBM v0.1.0
2021-06-30,obm_est7d_hashrate_ehs_daily,89.679836772504,EH/s,daily,OBM v0.1.0
2021-07-01,obm_est7d_hashrate_ehs_daily,87.885048407959,EH/s,daily,OBM v0.1.0
2021-07-02,obm_est7d_hashrate_ehs_daily,84.934189721728,EH/s,daily,OBM v0.1.0
2021-07-03,obm_est7d_hashrate_ehs_daily,86.638370196119,EH/s,daily,OBM v0.1.0
2021-07-04,obm_est7d_hashrate_ehs_daily,90.045684419993,EH/s,daily,OBM v0.1.0
2021-07-05,obm_est7d_hashrate_ehs_daily,90.856716617049,EH/s,daily,OBM v0.1.0
2021-07-06,obm_est7d_hashrate_ehs_daily,92.665458993004,EH/s,daily,OBM v0.1.0
2021-07-07,obm_est7d_hashrate_ehs_daily,92.840548892862,EH/s,daily,OBM v0.1.0
2021-07-08,obm_est7d_hashrate_ehs_daily,93.501493094190,EH/s,daily,OBM v0.1.0
2021-07-09,obm_est7d_hashrate_ehs_daily,94.031183766402,EH/s,daily,OBM v0.1.0
2021-07-10,obm_est7d_hashrate_ehs_daily,96.353669688722,EH/s,daily,OBM v0.1.0
2021-07-11,obm_est7d_hashrate_ehs_daily,97.319674283584,EH/s,daily,OBM v0.1.0
2021-07-12,obm_est7d_hashrate_ehs_daily,96.614356214954,EH/s,daily,OBM v0.1.0
2021-07-13,obm_est7d_hashrate_ehs_daily,96.142625775106,EH/s,daily,OBM v0.1.0
2021-07-14,obm_est7d_hashrate_ehs_daily,100.925759874246,EH/s,daily,OBM v0.1.0
2021-07-15,obm_est7d_hashrate_ehs_daily,99.719693730004,EH/s,daily,OBM v0.1.0
2021-07-16,obm_est7d_hashrate_ehs_daily,101.852094809950,EH/s,daily,OBM v0.1.0
2021-07-17,obm_est7d_hashrate_ehs_daily,100.731536049732,EH/s,daily,OBM v0.1.0
2021-07-18,obm_est7d_hashrate_ehs_daily,101.047993297201,EH/s,daily,OBM v0.1.0
2021-07-19,obm_est7d_hashrate_ehs_daily,104.966562774161,EH/s,daily,OBM v0.1.0
2021-07-20,obm_est7d_hashrate_ehs_daily,102.819542349274,EH/s,daily,OBM v0.1.0
2021-07-21,obm_est7d_hashrate_ehs_daily,99.734266212687,EH/s,daily,OBM v0.1.0
2021-07-22,obm_est7d_hashrate_ehs_daily,101.248768270830,EH/s,daily,OBM v0.1.0
2021-07-23,obm_est7d_hashrate_ehs_daily,99.055150522063,EH/s,daily,OBM v0.1.0
2021-07-24,obm_est7d_hashrate_ehs_daily,99.369749721342,EH/s,daily,OBM v0.1.0
2021-07-25,obm_est7d_hashrate_ehs_daily,100.321466257644,EH/s,daily,OBM v0.1.0
2021-07-26,obm_est7d_hashrate_ehs_daily,98.576172065760,EH/s,daily,OBM v0.1.0
2021-07-27,obm_est7d_hashrate_ehs_daily,103.185996420057,EH/s,daily,OBM v0.1.0
2021-07-28,obm_est7d_hashrate_ehs_daily,104.430829391669,EH/s,daily,OBM v0.1.0
2021-07-29,obm_est7d_hashrate_ehs_daily,104.842642156168,EH/s,daily,OBM v0.1.0
2021-07-30,obm_est7d_hashrate_ehs_daily,107.808958148685,EH/s,daily,OBM v0.1.0
2021-07-31,obm_est7d_hashrate_ehs_daily,108.986778168657,EH/s,daily,OBM v0.1.0
2021-08-01,obm_est7d_hashrate_ehs_daily,110.147065457195,EH/s,daily,OBM v0.1.0
2021-08-02,obm_est7d_hashrate_ehs_daily,110.291049941175,EH/s,daily,OBM v0.1.0
2021-08-03,obm_est7d_hashrate_ehs_daily,111.058622331034,EH/s,daily,OBM v0.1.0
2021-08-04,obm_est7d_hashrate_ehs_daily,109.854471052055,EH/s,daily,OBM v0.1.0
2021-08-05,obm_est7d_hashrate_ehs_daily,111.003679337864,EH/s,daily,OBM v0.1.0
2021-08-06,obm_est7d_hashrate_ehs_daily,111.028343756608,EH/s,daily,OBM v0.1.0
2021-08-07,obm_est7d_hashrate_ehs_daily,112.049539745818,EH/s,daily,OBM v0.1.0
2021-08-08,obm_est7d_hashrate_ehs_daily,112.623558724872,EH/s,daily,OBM v0.1.0
2021-08-09,obm_est7d_hashrate_ehs_daily,113.482034165307,EH/s,daily,OBM v0.1.0
2021-08-10,obm_est7d_hashrate_ehs_daily,113.212747791822,EH/s,daily,OBM v0.1.0
2021-08-11,obm_est7d_hashrate_ehs_daily,114.204481957495,EH/s,daily,OBM v0.1.0
2021-08-12,obm_est7d_hashrate_ehs_daily,113.379686178684,EH/s,daily,OBM v0.1.0
2021-08-13,obm_est7d_hashrate_ehs_daily,112.319439189819,EH/s,daily,OBM v0.1.0
2021-08-14,obm_est7d_hashrate_ehs_daily,113.402210077181,EH/s,daily,OBM v0.1.0
2021-08-15,obm_est7d_hashrate_ehs_daily,117.253821540641,EH/s,daily,OBM v0.1.0
2021-08-16,obm_est7d_hashrate_ehs_daily,119.308541658025,EH/s,daily,OBM v0.1.0
2021-08-17,obm_est7d_hashrate_ehs_daily,121.360721282583,EH/s,daily,OBM v0.1.0
2021-08-18,obm_est7d_hashrate_ehs_daily,121.066256847054,EH/s,daily,OBM v0.1.0
2021-08-19,obm_est7d_hashrate_ehs_daily,122.697997855428,EH/s,daily,OBM v0.1.0
2021-08-20,obm_est7d_hashrate_ehs_daily,124.780773394004,EH/s,daily,OBM v0.1.0
2021-08-21,obm_est7d_hashrate_ehs_daily,125.545522841795,EH/s,daily,OBM v0.1.0
2021-08-22,obm_est7d_hashrate_ehs_daily,123.322028918042,EH/s,daily,OBM v0.1.0
2021-08-23,obm_est7d_hashrate_ehs_daily,127.579320808160,EH/s,daily,OBM v0.1.0
2021-08-24,obm_est7d_hashrate_ehs_daily,125.316068224446,EH/s,daily,OBM v0.1.0
2021-08-25,obm_est7d_hashrate_ehs_daily,129.058205894599,EH/s,daily,OBM v0.1.0
2021-08-26,obm_est7d_hashrate_ehs_daily,130.561643210705,EH/s,daily,OBM v0.1.0
2021-08-27,obm_est7d_hashrate_ehs_daily,131.009296795021,EH/s,daily,OBM v0.1.0
2021-08-28,obm_est7d_hashrate_ehs_daily,129.826719298465,EH/s,daily,OBM v0.1.0
2021-08-29,obm_est7d_hashrate_ehs_daily,131.487802394520,EH/s,daily,OBM v0.1.0
2021-08-30,obm_est7d_hashrate_ehs_daily,126.437778430187,EH/s,daily,OBM v0.1.0
2021-08-31,obm_est7d_hashrate_ehs_daily,127.770751286264,EH/s,daily,OBM v0.1.0
2021-09-01,obm_est7d_hashrate_ehs_daily,125.830805344357,EH/s,daily,OBM v0.1.0
2021-09-02,obm_est7d_hashrate_ehs_daily,126.272872716223,EH/s,daily,OBM v0.1.0
2021-09-03,obm_est7d_hashrate_ehs_daily,126.432557869595,EH/s,daily,OBM v0.1.0
2021-09-04,obm_est7d_hashrate_ehs_daily,128.474828156339,EH/s,daily,OBM v0.1.0
2021-09-05,obm_est7d_hashrate_ehs_daily,129.230368535882,EH/s,daily,OBM v0.1.0
2021-09-06,obm_est7d_hashrate_ehs_daily,134.070669171530,EH/s,daily,OBM v0.1.0
2021-09-07,obm_est7d_hashrate_ehs_daily,135.284866353853,EH/s,daily,OBM v0.1.0
2021-09-08,obm_est7d_hashrate_ehs_daily,136.753047425991,EH/s,daily,OBM v0.1.0
2021-09-09,obm_est7d_hashrate_ehs_daily,135.707840910381,EH/s,daily,OBM v0.1.0
2021-09-10,obm_est7d_hashrate_ehs_daily,135.717780453893,EH/s,daily,OBM v0.1.0
2021-09-11,obm_est7d_hashrate_ehs_daily,135.008698178513,EH/s,daily,OBM v0.1.0
2021-09-12,obm_est7d_hashrate_ehs_daily,133.877768417504,EH/s,daily,OBM v0.1.0
2021-09-13,obm_est7d_hashrate_ehs_daily,132.907421324106,EH/s,daily,OBM v0.1.0
2021-09-14,obm_est7d_hashrate_ehs_daily,135.643194520762,EH/s,daily,OBM v0.1.0
2021-09-15,obm_est7d_hashrate_ehs_daily,135.999387662082,EH/s,daily,OBM v0.1.0
2021-09-16,obm_est7d_hashrate_ehs_daily,135.594166845495,EH/s,daily,OBM v0.1.0
2021-09-17,obm_est7d_hashrate_ehs_daily,137.029338122487,EH/s,daily,OBM v0.1.0
2021-09-18,obm_est7d_hashrate_ehs_daily,138.092872756905,EH/s,daily,OBM v0.1.0
2021-09-19,obm_est7d_hashrate_ehs_daily,139.841045397718,EH/s,daily,OBM v0.1.0
2021-09-20,obm_est7d_hashrate_ehs_daily,140.311970161771,EH/s,daily,OBM v0.1.0
2021-09-21,obm_est7d_hashrate_ehs_daily,134.537421952045,EH/s,daily,OBM v0.1.0
2021-09-22,obm_est7d_hashrate_ehs_daily,134.214737072999,EH/s,daily,OBM v0.1.0
2021-09-23,obm_est7d_hashrate_ehs_daily,139.147953976220,EH/s,daily,OBM v0.1.0
2021-09-24,obm_est7d_hashrate_ehs_daily,139.334073535805,EH/s,daily,OBM v0.1.0
2021-09-25,obm_est7d_hashrate_ehs_daily,138.797838527153,EH/s,daily,OBM v0.1.0
2021-09-26,obm_est7d_hashrate_ehs_daily,136.644220081344,EH/s,daily,OBM v0.1.0
2021-09-27,obm_est7d_hashrate_ehs_daily,135.861047676436,EH/s,daily,OBM v0.1.0
2021-09-28,obm_est7d_hashrate_ehs_daily,140.057296403377,EH/s,daily,OBM v0.1.0
2021-09-29,obm_est7d_hashrate_ehs_daily,139.541770814663,EH/s,daily,OBM v0.1.0
2021-09-30,obm_est7d_hashrate_ehs_daily,140.367612330358,EH/s,daily,OBM v0.1.0
2021-10-01,obm_est7d_hashrate_ehs_daily,139.225503641214,EH/s,daily,OBM v0.1.0
2021-10-02,obm_est7d_hashrate_ehs_daily,145.684169353536,EH/s,daily,OBM v0.1.0
2021-10-03,obm_est7d_hashrate_ehs_daily,146.944497874247,EH/s,daily,OBM v0.1.0
2021-10-04,obm_est7d_hashrate_ehs_daily,146.889408941522,EH/s,daily,OBM v0.1.0
2021-10-05,obm_est7d_hashrate_ehs_daily,149.596185558361,EH/s,daily,OBM v0.1.0
2021-10-06,obm_est7d_hashrate_ehs_daily,150.731394307321,EH/s,daily,OBM v0.1.0
2021-10-07,obm_est7d_hashrate_ehs_daily,147.495574210146,EH/s,daily,OBM v0.1.0
2021-10-08,obm_est7d_hashrate_ehs_daily,145.343727031704,EH/s,daily,OBM v0.1.0
2021-10-09,obm_est7d_hashrate_ehs_daily,141.114133211599,EH/s,daily,OBM v0.1.0
2021-10-10,obm_est7d_hashrate_ehs_daily,143.965875272606,EH/s,daily,OBM v0.1.0
2021-10-11,obm_est7d_hashrate_ehs_daily,142.953300375342,EH/s,daily,OBM v0.1.0
2021-10-12,obm_est7d_hashrate_ehs_daily,138.676937404834,EH/s,daily,OBM v0.1.0
2021-10-13,obm_est7d_hashrate_ehs_daily,144.096168806863,EH/s,daily,OBM v0.1.0
2021-10-14,obm_est7d_hashrate_ehs_daily,143.448147498151,EH/s,daily,OBM v0.1.0
2021-10-15,obm_est7d_hashrate_ehs_daily,146.717702771455,EH/s,daily,OBM v0.1.0
2021-10-16,obm_est7d_hashrate_ehs_daily,144.775474387751,EH/s,daily,OBM v0.1.0
2021-10-17,obm_est7d_hashrate_ehs_daily,144.570169288842,EH/s,daily,OBM v0.1.0
2021-10-18,obm_est7d_hashrate_ehs_daily,144.687984817029,EH/s,daily,OBM v0.1.0
2021-10-19,obm_est7d_hashrate_ehs_daily,147.707653431664,EH/s,daily,OBM v0.1.0
2021-10-20,obm_est7d_hashrate_ehs_daily,145.037179349096,EH/s,daily,OBM v0.1.0
2021-10-21,obm_est7d_hashrate_ehs_daily,146.787838048585,EH/s,daily,OBM v0.1.0
2021-10-22,obm_est7d_hashrate_ehs_daily,149.587273845547,EH/s,daily,OBM v0.1.0
2021-10-23,obm_est7d_hashrate_ehs_daily,151.668593150677,EH/s,daily,OBM v0.1.0
2021-10-24,obm_est7d_hashrate_ehs_daily,150.569252277302,EH/s,daily,OBM v0.1.0
2021-10-25,obm_est7d_hashrate_ehs_daily,156.296881485702,EH/s,daily,OBM v0.1.0
2021-10-26,obm_est7d_hashrate_ehs_daily,154.858309808067,EH/s,daily,OBM v0.1.0
2021-10-27,obm_est7d_hashrate_ehs_daily,156.161108535409,EH/s,daily,OBM v0.1.0
2021-10-28,obm_est7d_hashrate_ehs_daily,157.119079670265,EH/s,daily,OBM v0.1.0
2021-10-29,obm_est7d_hashrate_ehs_daily,158.759135191273,EH/s,daily,OBM v0.1.0
2021-10-30,obm_est7d_hashrate_ehs_daily,160.610121512720,EH/s,daily,OBM v0.1.0
2021-10-31,obm_est7d_hashrate_ehs_daily,158.996412819108,EH/s,daily,OBM v0.1.0
2021-11-01,obm_est7d_hashrate_ehs_daily,155.141493449243,EH/s,daily,OBM v0.1.0
2021-11-02,obm_est7d_hashrate_ehs_daily,158.224525346311,EH/s,daily,OBM v0.1.0
2021-11-03,obm_est7d_hashrate_ehs_daily,160.589978119202,EH/s,daily,OBM v0.1.0
2021-11-04,obm_est7d_hashrate_ehs_daily,160.539677851708,EH/s,daily,OBM v0.1.0
2021-11-05,obm_est7d_hashrate_ehs_daily,159.978060154123,EH/s,daily,OBM v0.1.0
2021-11-06,obm_est7d_hashrate_ehs_daily,161.508286484621,EH/s,daily,OBM v0.1.0
2021-11-07,obm_est7d_hashrate_ehs_daily,165.127114726378,EH/s,daily,OBM v0.1.0
2021-11-08,obm_est7d_hashrate_ehs_daily,163.100604287079,EH/s,daily,OBM v0.1.0
2021-11-09,obm_est7d_hashrate_ehs_daily,162.267056164951,EH/s,daily,OBM v0.1.0
2021-11-10,obm_est7d_hashrate_ehs_daily,160.539125919172,EH/s,daily,OBM v0.1.0
2021-11-11,obm_est7d_hashrate_ehs_daily,162.762518662041,EH/s,daily,OBM v0.1.0
2021-11-12,obm_est7d_hashrate_ehs_daily,160.820631428198,EH/s,daily,OBM v0.1.0
2021-11-13,obm_est7d_hashrate_ehs_daily,160.605746644093,EH/s,daily,OBM v0.1.0
2021-11-14,obm_est7d_hashrate_ehs_daily,161.807897465873,EH/s,daily,OBM v0.1.0
2021-11-15,obm_est7d_hashrate_ehs_daily,165.581505677441,EH/s,daily,OBM v0.1.0
2021-11-16,obm_est7d_hashrate_ehs_daily,166.708763487644,EH/s,daily,OBM v0.1.0
2021-11-17,obm_est7d_hashrate_ehs_daily,167.561647770387,EH/s,daily,OBM v0.1.0
2021-11-18,obm_est7d_hashrate_ehs_daily,166.430298231884,EH/s,daily,OBM v0.1.0
2021-11-19,obm_est7d_hashrate_ehs_daily,166.384324279486,EH/s,daily,OBM v0.1.0
2021-11-20,obm_est7d_hashrate_ehs_daily,166.293287816336,EH/s,daily,OBM v0.1.0
2021-11-21,obm_est7d_hashrate_ehs_daily,162.401857768808,EH/s,daily,OBM v0.1.0
2021-11-22,obm_est7d_hashrate_ehs_daily,161.315681400276,EH/s,daily,OBM v0.1.0
2021-11-23,obm_est7d_hashrate_ehs_daily,157.987141831626,EH/s,daily,OBM v0.1.0
2021-11-24,obm_est7d_hashrate_ehs_daily,159.110105646321,EH/s,daily,OBM v0.1.0
2021-11-25,obm_est7d_hashrate_ehs_daily,156.993884736572,EH/s,daily,OBM v0.1.0
2021-11-26,obm_est7d_hashrate_ehs_daily,156.405413602573,EH/s,daily,OBM v0.1.0
2021-11-27,obm_est7d_hashrate_ehs_daily,156.084665016061,EH/s,daily,OBM v0.1.0
2021-11-28,obm_est7d_hashrate_ehs_daily,156.790322488477,EH/s,daily,OBM v0.1.0
2021-11-29,obm_est7d_hashrate_ehs_daily,156.965532135369,EH/s,daily,OBM v0.1.0
2021-11-30,obm_est7d_hashrate_ehs_daily,157.133951695246,EH/s,daily,OBM v0.1.0
2021-12-01,obm_est7d_hashrate_ehs_daily,153.248085643057,EH/s,daily,OBM v0.1.0
2021-12-02,obm_est7d_hashrate_ehs_daily,156.763382601950,EH/s,daily,OBM v0.1.0
2021-12-03,obm_est7d_hashrate_ehs_daily,162.766875525473,EH/s,daily,OBM v0.1.0
2021-12-04,obm_est7d_hashrate_ehs_daily,163.716206499481,EH/s,daily,OBM v0.1.0
2021-12-05,obm_est7d_hashrate_ehs_daily,168.511956327771,EH/s,daily,OBM v0.1.0
2021-12-06,obm_est7d_hashrate_ehs_daily,172.480844540870,EH/s,daily,OBM v0.1.0
2021-12-07,obm_est7d_hashrate_ehs_daily,175.900509647293,EH/s,daily,OBM v0.1.0
2021-12-08,obm_est7d_hashrate_ehs_daily,181.274046127829,EH/s,daily,OBM v0.1.0
2021-12-09,obm_est7d_hashrate_ehs_daily,182.123791584533,EH/s,daily,OBM v0.1.0
2021-12-10,obm_est7d_hashrate_ehs_daily,180.814620972885,EH/s,daily,OBM v0.1.0
2021-12-11,obm_est7d_hashrate_ehs_daily,180.827107617686,EH/s,daily,OBM v0.1.0
2021-12-12,obm_est7d_hashrate_ehs_daily,178.507274148172,EH/s,daily,OBM v0.1.0
2021-12-13,obm_est7d_hashrate_ehs_daily,175.868690422614,EH/s,daily,OBM v0.1.0
2021-12-14,obm_est7d_hashrate_ehs_daily,176.346353676786,EH/s,daily,OBM v0.1.0
2021-12-15,obm_est7d_hashrate_ehs_daily,174.191777778877,EH/s,daily,OBM v0.1.0
2021-12-16,obm_est7d_hashrate_ehs_daily,168.259431637230,EH/s,daily,OBM v0.1.0
2021-12-17,obm_est7d_hashrate_ehs_daily,168.864531826231,EH/s,daily,OBM v0.1.0
2021-12-18,obm_est7d_hashrate_ehs_daily,165.402189906859,EH/s,daily,OBM v0.1.0
2021-12-19,obm_est7d_hashrate_ehs_daily,167.235716424852,EH/s,daily,OBM v0.1.0
2021-12-20,obm_est7d_hashrate_ehs_daily,167.895992660354,EH/s,daily,OBM v0.1.0
2021-12-21,obm_est7d_hashrate_ehs_daily,169.754228648005,EH/s,daily,OBM v0.1.0
2021-12-22,obm_est7d_hashrate_ehs_daily,171.262867789373,EH/s,daily,OBM v0.1.0
2021-12-23,obm_est7d_hashrate_ehs_daily,177.737154057404,EH/s,daily,OBM v0.1.0
2021-12-24,obm_est7d_hashrate_ehs_daily,178.062444016202,EH/s,daily,OBM v0.1.0
2021-12-25,obm_est7d_hashrate_ehs_daily,181.008339464956,EH/s,daily,OBM v0.1.0
2021-12-26,obm_est7d_hashrate_ehs_daily,179.462818290718,EH/s,daily,OBM v0.1.0
2021-12-27,obm_est7d_hashrate_ehs_daily,179.227628563537,EH/s,daily,OBM v0.1.0
2021-12-28,obm_est7d_hashrate_ehs_daily,175.037201824697,EH/s,daily,OBM v0.1.0
2021-12-29,obm_est7d_hashrate_ehs_daily,174.140242528879,EH/s,daily,OBM v0.1.0
2021-12-30,obm_est7d_hashrate_ehs_daily,168.560509497400,EH/s,daily,OBM v0.1.0
2021-12-31,obm_est7d_hashrate_ehs_daily,168.562604596217,EH/s,daily,OBM v0.1.0
2022-01-01,obm_est7d_hashrate_ehs_daily,172.993183255901,EH/s,daily,OBM v0.1.0
2022-01-02,obm_est7d_hashrate_ehs_daily,177.224310214501,EH/s,daily,OBM v0.1.0
2022-01-03,obm_est7d_hashrate_ehs_daily,175.563019465075,EH/s,daily,OBM v0.1.0
2022-01-04,obm_est7d_hashrate_ehs_daily,177.812782304266,EH/s,daily,OBM v0.1.0
2022-01-05,obm_est7d_hashrate_ehs_daily,179.373695229197,EH/s,daily,OBM v0.1.0
2022-01-06,obm_est7d_hashrate_ehs_daily,183.409652531855,EH/s,daily,OBM v0.1.0
2022-01-07,obm_est7d_hashrate_ehs_daily,181.751455509697,EH/s,daily,OBM v0.1.0
2022-01-08,obm_est7d_hashrate_ehs_daily,177.333159407995,EH/s,daily,OBM v0.1.0
2022-01-09,obm_est7d_hashrate_ehs_daily,174.092344839492,EH/s,daily,OBM v0.1.0
2022-01-10,obm_est7d_hashrate_ehs_daily,174.682176176995,EH/s,daily,OBM v0.1.0
2022-01-11,obm_est7d_hashrate_ehs_daily,176.660820567606,EH/s,daily,OBM v0.1.0
2022-01-12,obm_est7d_hashrate_ehs_daily,174.862384793182,EH/s,daily,OBM v0.1.0
2022-01-13,obm_est7d_hashrate_ehs_daily,180.565608186351,EH/s,daily,OBM v0.1.0
2022-01-14,obm_est7d_hashrate_ehs_daily,183.974923344078,EH/s,daily,OBM v0.1.0
2022-01-15,obm_est7d_hashrate_ehs_daily,187.808225386868,EH/s,daily,OBM v0.1.0
2022-01-16,obm_est7d_hashrate_ehs_daily,193.684783905373,EH/s,daily,OBM v0.1.0
2022-01-17,obm_est7d_hashrate_ehs_daily,197.237532423702,EH/s,daily,OBM v0.1.0
2022-01-18,obm_est7d_hashrate_ehs_daily,194.878004702003,EH/s,daily,OBM v0.1.0
2022-01-19,obm_est7d_hashrate_ehs_daily,199.226419482559,EH/s,daily,OBM v0.1.0
2022-01-20,obm_est7d_hashrate_ehs_daily,197.598884648929,EH/s,daily,OBM v0.1.0
2022-01-21,obm_est7d_hashrate_ehs_daily,194.774389222868,EH/s,daily,OBM v0.1.0
2022-01-22,obm_est7d_hashrate_ehs_daily,191.550602231301,EH/s,daily,OBM v0.1.0
2022-01-23,obm_est7d_hashrate_ehs_daily,188.451627438722,EH/s,daily,OBM v0.1.0
2022-01-24,obm_est7d_hashrate_ehs_daily,188.292875251110,EH/s,daily,OBM v0.1.0
2022-01-25,obm_est7d_hashrate_ehs_daily,194.136007439861,EH/s,daily,OBM v0.1.0
2022-01-26,obm_est7d_hashrate_ehs_daily,188.313173133074,EH/s,daily,OBM v0.1.0
2022-01-27,obm_est7d_hashrate_ehs_daily,183.994238517223,EH/s,daily,OBM v0.1.0
2022-01-28,obm_est7d_hashrate_ehs_daily,188.021592843582,EH/s,daily,OBM v0.1.0
2022-01-29,obm_est7d_hashrate_ehs_daily,190.801454785998,EH/s,daily,OBM v0.1.0
2022-01-30,obm_est7d_hashrate_ehs_daily,191.775821430884,EH/s,daily,OBM v0.1.0
2022-01-31,obm_est7d_hashrate_ehs_daily,190.559759048856,EH/s,daily,OBM v0.1.0
2022-02-01,obm_est7d_hashrate_ehs_daily,190.898810207967,EH/s,daily,OBM v0.1.0
2022-02-02,obm_est7d_hashrate_ehs_daily,195.251198726148,EH/s,daily,OBM v0.1.0
2022-02-03,obm_est7d_hashrate_ehs_daily,198.152597135107,EH/s,daily,OBM v0.1.0
2022-02-04,obm_est7d_hashrate_ehs_daily,193.841479089734,EH/s,daily,OBM v0.1.0
2022-02-05,obm_est7d_hashrate_ehs_daily,187.966808782399,EH/s,daily,OBM v0.1.0
2022-02-06,obm_est7d_hashrate_ehs_daily,189.964595570879,EH/s,daily,OBM v0.1.0
2022-02-07,obm_est7d_hashrate_ehs_daily,188.564312604461,EH/s,daily,OBM v0.1.0
2022-02-08,obm_est7d_hashrate_ehs_daily,188.740721218715,EH/s,daily,OBM v0.1.0
2022-02-09,obm_est7d_hashrate_ehs_daily,186.214195160924,EH/s,daily,OBM v0.1.0
2022-02-10,obm_est7d_hashrate_ehs_daily,186.422203486570,EH/s,daily,OBM v0.1.0
2022-02-11,obm_est7d_hashrate_ehs_daily,188.700416034281,EH/s,daily,OBM v0.1.0
2022-02-12,obm_est7d_hashrate_ehs_daily,201.429702100562,EH/s,daily,OBM v0.1.0
2022-02-13,obm_est7d_hashrate_ehs_daily,201.994195368461,EH/s,daily,OBM v0.1.0
2022-02-14,obm_est7d_hashrate_ehs_daily,205.315051003025,EH/s,daily,OBM v0.1.0
2022-02-15,obm_est7d_hashrate_ehs_daily,209.593210222786,EH/s,daily,OBM v0.1.0
2022-02-16,obm_est7d_hashrate_ehs_daily,212.449139329407,EH/s,daily,OBM v0.1.0
2022-02-17,obm_est7d_hashrate_ehs_daily,215.384321157170,EH/s,daily,OBM v0.1.0
2022-02-18,obm_est7d_hashrate_ehs_daily,214.461364121914,EH/s,daily,OBM v0.1.0
2022-02-19,obm_est7d_hashrate_ehs_daily,208.682151822027,EH/s,daily,OBM v0.1.0
2022-02-20,obm_est7d_hashrate_ehs_daily,208.329342836160,EH/s,daily,OBM v0.1.0
2022-02-21,obm_est7d_hashrate_ehs_daily,203.192798091345,EH/s,daily,OBM v0.1.0
2022-02-22,obm_est7d_hashrate_ehs_daily,200.006389242805,EH/s,daily,OBM v0.1.0
2022-02-23,obm_est7d_hashrate_ehs_daily,200.399426558745,EH/s,daily,OBM v0.1.0
2022-02-24,obm_est7d_hashrate_ehs_daily,196.105497938873,EH/s,daily,OBM v0.1.0
2022-02-25,obm_est7d_hashrate_ehs_daily,195.581431069716,EH/s,daily,OBM v0.1.0
2022-02-26,obm_est7d_hashrate_ehs_daily,191.338627481037,EH/s,daily,OBM v0.1.0
2022-02-27,obm_est7d_hashrate_ehs_daily,189.672067649548,EH/s,daily,OBM v0.1.0
2022-02-28,obm_est7d_hashrate_ehs_daily,195.293155404129,EH/s,daily,OBM v0.1.0
2022-03-01,obm_est7d_hashrate_ehs_daily,197.385963306368,EH/s,daily,OBM v0.1.0
2022-03-02,obm_est7d_hashrate_ehs_daily,194.954736575262,EH/s,daily,OBM v0.1.0
2022-03-03,obm_est7d_hashrate_ehs_daily,197.901125704902,EH/s,daily,OBM v0.1.0
2022-03-04,obm_est7d_hashrate_ehs_daily,198.631029078315,EH/s,daily,OBM v0.1.0
2022-03-05,obm_est7d_hashrate_ehs_daily,197.557059753890,EH/s,daily,OBM v0.1.0
2022-03-06,obm_est7d_hashrate_ehs_daily,196.275931227240,EH/s,daily,OBM v0.1.0
2022-03-07,obm_est7d_hashrate_ehs_daily,194.729463053130,EH/s,daily,OBM v0.1.0
2022-03-08,obm_est7d_hashrate_ehs_daily,191.403581531491,EH/s,daily,OBM v0.1.0
2022-03-09,obm_est7d_hashrate_ehs_daily,191.332402086202,EH/s,daily,OBM v0.1.0
2022-03-10,obm_est7d_hashrate_ehs_daily,190.349350309076,EH/s,daily,OBM v0.1.0
2022-03-11,obm_est7d_hashrate_ehs_daily,190.375958849301,EH/s,daily,OBM v0.1.0
2022-03-12,obm_est7d_hashrate_ehs_daily,196.732883563318,EH/s,daily,OBM v0.1.0
2022-03-13,obm_est7d_hashrate_ehs_daily,200.560530838300,EH/s,daily,OBM v0.1.0
2022-03-14,obm_est7d_hashrate_ehs_daily,201.471466500846,EH/s,daily,OBM v0.1.0
2022-03-15,obm_est7d_hashrate_ehs_daily,200.066190378669,EH/s,daily,OBM v0.1.0
2022-03-16,obm_est7d_hashrate_ehs_daily,203.190454949454,EH/s,daily,OBM v0.1.0
2022-03-17,obm_est7d_hashrate_ehs_daily,205.875069532837,EH/s,daily,OBM v0.1.0
2022-03-18,obm_est7d_hashrate_ehs_daily,206.656492735925,EH/s,daily,OBM v0.1.0
2022-03-19,obm_est7d_hashrate_ehs_daily,206.260952523487,EH/s,daily,OBM v0.1.0
2022-03-20,obm_est7d_hashrate_ehs_daily,207.097283280192,EH/s,daily,OBM v0.1.0
2022-03-21,obm_est7d_hashrate_ehs_daily,206.778546246742,EH/s,daily,OBM v0.1.0
2022-03-22,obm_est7d_hashrate_ehs_daily,208.894913585950,EH/s,daily,OBM v0.1.0
2022-03-23,obm_est7d_hashrate_ehs_daily,206.471614958151,EH/s,daily,OBM v0.1.0
2022-03-24,obm_est7d_hashrate_ehs_daily,203.805428661297,EH/s,daily,OBM v0.1.0
2022-03-25,obm_est7d_hashrate_ehs_daily,205.953168416700,EH/s,daily,OBM v0.1.0
2022-03-26,obm_est7d_hashrate_ehs_daily,207.296071890775,EH/s,daily,OBM v0.1.0
2022-03-27,obm_est7d_hashrate_ehs_daily,202.725115573973,EH/s,daily,OBM v0.1.0
2022-03-28,obm_est7d_hashrate_ehs_daily,203.681015654042,EH/s,daily,OBM v0.1.0
2022-03-29,obm_est7d_hashrate_ehs_daily,204.158026133248,EH/s,daily,OBM v0.1.0
2022-03-30,obm_est7d_hashrate_ehs_daily,202.562329340869,EH/s,daily,OBM v0.1.0
2022-03-31,obm_est7d_hashrate_ehs_daily,202.066509262614,EH/s,daily,OBM v0.1.0
2022-04-01,obm_est7d_hashrate_ehs_daily,200.808307823726,EH/s,daily,OBM v0.1.0
2022-04-02,obm_est7d_hashrate_ehs_daily,196.455732465649,EH/s,daily,OBM v0.1.0
2022-04-03,obm_est7d_hashrate_ehs_daily,199.056636817971,EH/s,daily,OBM v0.1.0
2022-04-04,obm_est7d_hashrate_ehs_daily,200.184941544347,EH/s,daily,OBM v0.1.0
2022-04-05,obm_est7d_hashrate_ehs_daily,200.305793766088,EH/s,daily,OBM v0.1.0
2022-04-06,obm_est7d_hashrate_ehs_daily,204.508377650892,EH/s,daily,OBM v0.1.0
2022-04-07,obm_est7d_hashrate_ehs_daily,204.324756607280,EH/s,daily,OBM v0.1.0
2022-04-08,obm_est7d_hashrate_ehs_daily,203.196455969862,EH/s,daily,OBM v0.1.0
2022-04-09,obm_est7d_hashrate_ehs_daily,207.043210694175,EH/s,daily,OBM v0.1.0
2022-04-10,obm_est7d_hashrate_ehs_daily,207.004470552309,EH/s,daily,OBM v0.1.0
2022-04-11,obm_est7d_hashrate_ehs_daily,202.809814843484,EH/s,daily,OBM v0.1.0
2022-04-12,obm_est7d_hashrate_ehs_daily,204.224689166593,EH/s,daily,OBM v0.1.0
2022-04-13,obm_est7d_hashrate_ehs_daily,202.173195504543,EH/s,daily,OBM v0.1.0
2022-04-14,obm_est7d_hashrate_ehs_daily,202.075885989843,EH/s,daily,OBM v0.1.0
2022-04-15,obm_est7d_hashrate_ehs_daily,206.773661067397,EH/s,daily,OBM v0.1.0
2022-04-16,obm_est7d_hashrate_ehs_daily,202.204675185505,EH/s,daily,OBM v0.1.0
2022-04-17,obm_est7d_hashrate_ehs_daily,206.942529659752,EH/s,daily,OBM v0.1.0
2022-04-18,obm_est7d_hashrate_ehs_daily,206.490047870064,EH/s,daily,OBM v0.1.0
2022-04-19,obm_est7d_hashrate_ehs_daily,199.618383768993,EH/s,daily,OBM v0.1.0
2022-04-20,obm_est7d_hashrate_ehs_daily,204.026219132559,EH/s,daily,OBM v0.1.0
2022-04-21,obm_est7d_hashrate_ehs_daily,209.456618889759,EH/s,daily,OBM v0.1.0
2022-04-22,obm_est7d_hashrate_ehs_daily,205.247384998989,EH/s,daily,OBM v0.1.0
2022-04-23,obm_est7d_hashrate_ehs_daily,211.658705022028,EH/s,daily,OBM v0.1.0
2022-04-24,obm_est7d_hashrate_ehs_daily,212.205522943905,EH/s,daily,OBM v0.1.0
2022-04-25,obm_est7d_hashrate_ehs_daily,217.578638835567,EH/s,daily,OBM v0.1.0
2022-04-26,obm_est7d_hashrate_ehs_daily,220.579404916951,EH/s,daily,OBM v0.1.0
2022-04-27,obm_est7d_hashrate_ehs_daily,223.412102447841,EH/s,daily,OBM v0.1.0
2022-04-28,obm_est7d_hashrate_ehs_daily,217.489204290039,EH/s,daily,OBM v0.1.0
2022-04-29,obm_est7d_hashrate_ehs_daily,222.414330751755,EH/s,daily,OBM v0.1.0
2022-04-30,obm_est7d_hashrate_ehs_daily,221.229942629205,EH/s,daily,OBM v0.1.0
2022-05-01,obm_est7d_hashrate_ehs_daily,222.460899094302,EH/s,daily,OBM v0.1.0
2022-05-02,obm_est7d_hashrate_ehs_daily,223.768994577249,EH/s,daily,OBM v0.1.0
2022-05-03,obm_est7d_hashrate_ehs_daily,227.348832862881,EH/s,daily,OBM v0.1.0
2022-05-04,obm_est7d_hashrate_ehs_daily,223.528254828937,EH/s,daily,OBM v0.1.0
2022-05-05,obm_est7d_hashrate_ehs_daily,228.598415225041,EH/s,daily,OBM v0.1.0
2022-05-06,obm_est7d_hashrate_ehs_daily,226.856687971289,EH/s,daily,OBM v0.1.0
2022-05-07,obm_est7d_hashrate_ehs_daily,225.576789812542,EH/s,daily,OBM v0.1.0
2022-05-08,obm_est7d_hashrate_ehs_daily,222.982301056393,EH/s,daily,OBM v0.1.0
2022-05-09,obm_est7d_hashrate_ehs_daily,221.833201273980,EH/s,daily,OBM v0.1.0
2022-05-10,obm_est7d_hashrate_ehs_daily,222.864597049761,EH/s,daily,OBM v0.1.0
2022-05-11,obm_est7d_hashrate_ehs_daily,223.916354559761,EH/s,daily,OBM v0.1.0
2022-05-12,obm_est7d_hashrate_ehs_daily,220.555145268939,EH/s,daily,OBM v0.1.0
2022-05-13,obm_est7d_hashrate_ehs_daily,224.294720044837,EH/s,daily,OBM v0.1.0
2022-05-14,obm_est7d_hashrate_ehs_daily,225.303349773196,EH/s,daily,OBM v0.1.0
2022-05-15,obm_est7d_hashrate_ehs_daily,219.531892257935,EH/s,daily,OBM v0.1.0
2022-05-16,obm_est7d_hashrate_ehs_daily,224.458565887900,EH/s,daily,OBM v0.1.0
2022-05-17,obm_est7d_hashrate_ehs_daily,223.778615940180,EH/s,daily,OBM v0.1.0
2022-05-18,obm_est7d_hashrate_ehs_daily,221.121750740203,EH/s,daily,OBM v0.1.0
2022-05-19,obm_est7d_hashrate_ehs_daily,218.166258515641,EH/s,daily,OBM v0.1.0
2022-05-20,obm_est7d_hashrate_ehs_daily,212.728308349250,EH/s,daily,OBM v0.1.0
2022-05-21,obm_est7d_hashrate_ehs_daily,211.455451349912,EH/s,daily,OBM v0.1.0
2022-05-22,obm_est7d_hashrate_ehs_daily,211.454751501159,EH/s,daily,OBM v0.1.0
2022-05-23,obm_est7d_hashrate_ehs_daily,210.919162469981,EH/s,daily,OBM v0.1.0
2022-05-24,obm_est7d_hashrate_ehs_daily,205.414886518406,EH/s,daily,OBM v0.1.0
2022-05-25,obm_est7d_hashrate_ehs_daily,206.599802290827,EH/s,daily,OBM v0.1.0
2022-05-26,obm_est7d_hashrate_ehs_daily,209.007677155831,EH/s,daily,OBM v0.1.0
2022-05-27,obm_est7d_hashrate_ehs_daily,210.307041177319,EH/s,daily,OBM v0.1.0
2022-05-28,obm_est7d_hashrate_ehs_daily,211.602022539046,EH/s,daily,OBM v0.1.0
2022-05-29,obm_est7d_hashrate_ehs_daily,216.274460128305,EH/s,daily,OBM v0.1.0
2022-05-30,obm_est7d_hashrate_ehs_daily,213.883726478319,EH/s,daily,OBM v0.1.0
2022-05-31,obm_est7d_hashrate_ehs_daily,217.601151378079,EH/s,daily,OBM v0.1.0
2022-06-01,obm_est7d_hashrate_ehs_daily,215.285783458669,EH/s,daily,OBM v0.1.0
2022-06-02,obm_est7d_hashrate_ehs_daily,211.757165121487,EH/s,daily,OBM v0.1.0
2022-06-03,obm_est7d_hashrate_ehs_daily,212.613914772854,EH/s,daily,OBM v0.1.0
2022-06-04,obm_est7d_hashrate_ehs_daily,211.440263715135,EH/s,daily,OBM v0.1.0
2022-06-05,obm_est7d_hashrate_ehs_daily,210.473123179338,EH/s,daily,OBM v0.1.0
2022-06-06,obm_est7d_hashrate_ehs_daily,209.654876105482,EH/s,daily,OBM v0.1.0
2022-06-07,obm_est7d_hashrate_ehs_daily,212.848043924395,EH/s,daily,OBM v0.1.0
2022-06-08,obm_est7d_hashrate_ehs_daily,222.227837732437,EH/s,daily,OBM v0.1.0
2022-06-09,obm_est7d_hashrate_ehs_daily,227.013230844011,EH/s,daily,OBM v0.1.0
2022-06-10,obm_est7d_hashrate_ehs_daily,228.631771754811,EH/s,daily,OBM v0.1.0
2022-06-11,obm_est7d_hashrate_ehs_daily,231.690431705983,EH/s,daily,OBM v0.1.0
2022-06-12,obm_est7d_hashrate_ehs_daily,228.320782532358,EH/s,daily,OBM v0.1.0
2022-06-13,obm_est7d_hashrate_ehs_daily,224.563253098197,EH/s,daily,OBM v0.1.0
2022-06-14,obm_est7d_hashrate_ehs_daily,222.205622299099,EH/s,daily,OBM v0.1.0
2022-06-15,obm_est7d_hashrate_ehs_daily,219.107595386977,EH/s,daily,OBM v0.1.0
2022-06-16,obm_est7d_hashrate_ehs_daily,213.917194184143,EH/s,daily,OBM v0.1.0
2022-06-17,obm_est7d_hashrate_ehs_daily,205.511958585392,EH/s,daily,OBM v0.1.0
2022-06-18,obm_est7d_hashrate_ehs_daily,205.326881963094,EH/s,daily,OBM v0.1.0
2022-06-19,obm_est7d_hashrate_ehs_daily,206.625084290514,EH/s,daily,OBM v0.1.0
2022-06-20,obm_est7d_hashrate_ehs_daily,206.987690950192,EH/s,daily,OBM v0.1.0
2022-06-21,obm_est7d_hashrate_ehs_daily,207.734177714233,EH/s,daily,OBM v0.1.0
2022-06-22,obm_est7d_hashrate_ehs_daily,199.254389627143,EH/s,daily,OBM v0.1.0
2022-06-23,obm_est7d_hashrate_ehs_daily,205.978885176984,EH/s,daily,OBM v0.1.0
2022-06-24,obm_est7d_hashrate_ehs_daily,209.760471380016,EH/s,daily,OBM v0.1.0
2022-06-25,obm_est7d_hashrate_ehs_daily,207.809045585560,EH/s,daily,OBM v0.1.0
2022-06-26,obm_est7d_hashrate_ehs_daily,208.043657803614,EH/s,daily,OBM v0.1.0
2022-06-27,obm_est7d_hashrate_ehs_daily,208.145326811757,EH/s,daily,OBM v0.1.0
2022-06-28,obm_est7d_hashrate_ehs_daily,208.039276531765,EH/s,daily,OBM v0.1.0
2022-06-29,obm_est7d_hashrate_ehs_daily,211.058817212336,EH/s,daily,OBM v0.1.0
2022-06-30,obm_est7d_hashrate_ehs_daily,215.022738919246,EH/s,daily,OBM v0.1.0
2022-07-01,obm_est7d_hashrate_ehs_daily,216.233756563891,EH/s,daily,OBM v0.1.0
2022-07-02,obm_est7d_hashrate_ehs_daily,213.534144703367,EH/s,daily,OBM v0.1.0
2022-07-03,obm_est7d_hashrate_ehs_daily,216.683679476450,EH/s,daily,OBM v0.1.0
2022-07-04,obm_est7d_hashrate_ehs_daily,218.459614921445,EH/s,daily,OBM v0.1.0
2022-07-05,obm_est7d_hashrate_ehs_daily,212.667469606285,EH/s,daily,OBM v0.1.0
2022-07-06,obm_est7d_hashrate_ehs_daily,207.391520380017,EH/s,daily,OBM v0.1.0
2022-07-07,obm_est7d_hashrate_ehs_daily,203.915123913176,EH/s,daily,OBM v0.1.0
2022-07-08,obm_est7d_hashrate_ehs_daily,206.735522023283,EH/s,daily,OBM v0.1.0
2022-07-09,obm_est7d_hashrate_ehs_daily,205.147573429466,EH/s,daily,OBM v0.1.0
2022-07-10,obm_est7d_hashrate_ehs_daily,204.376633040577,EH/s,daily,OBM v0.1.0
2022-07-11,obm_est7d_hashrate_ehs_daily,199.862633921007,EH/s,daily,OBM v0.1.0
2022-07-12,obm_est7d_hashrate_ehs_daily,206.248380217582,EH/s,daily,OBM v0.1.0
2022-07-13,obm_est7d_hashrate_ehs_daily,202.589854579586,EH/s,daily,OBM v0.1.0
2022-07-14,obm_est7d_hashrate_ehs_daily,196.000307716449,EH/s,daily,OBM v0.1.0
2022-07-15,obm_est7d_hashrate_ehs_daily,194.210644098359,EH/s,daily,OBM v0.1.0
2022-07-16,obm_est7d_hashrate_ehs_daily,197.410432806592,EH/s,daily,OBM v0.1.0
2022-07-17,obm_est7d_hashrate_ehs_daily,191.043426329573,EH/s,daily,OBM v0.1.0
2022-07-18,obm_est7d_hashrate_ehs_daily,193.318505731057,EH/s,daily,OBM v0.1.0
2022-07-19,obm_est7d_hashrate_ehs_daily,190.360536372635,EH/s,daily,OBM v0.1.0
2022-07-20,obm_est7d_hashrate_ehs_daily,193.343163462817,EH/s,daily,OBM v0.1.0
2022-07-21,obm_est7d_hashrate_ehs_daily,196.311096171946,EH/s,daily,OBM v0.1.0
2022-07-22,obm_est7d_hashrate_ehs_daily,192.792052604923,EH/s,daily,OBM v0.1.0
2022-07-23,obm_est7d_hashrate_ehs_daily,192.192315021898,EH/s,daily,OBM v0.1.0
2022-07-24,obm_est7d_hashrate_ehs_daily,197.585623506251,EH/s,daily,OBM v0.1.0
2022-07-25,obm_est7d_hashrate_ehs_daily,198.639972012062,EH/s,daily,OBM v0.1.0
2022-07-26,obm_est7d_hashrate_ehs_daily,201.846606165648,EH/s,daily,OBM v0.1.0
2022-07-27,obm_est7d_hashrate_ehs_daily,207.744815676829,EH/s,daily,OBM v0.1.0
2022-07-28,obm_est7d_hashrate_ehs_daily,207.092487599341,EH/s,daily,OBM v0.1.0
2022-07-29,obm_est7d_hashrate_ehs_daily,209.681921522505,EH/s,daily,OBM v0.1.0
2022-07-30,obm_est7d_hashrate_ehs_daily,204.777098493431,EH/s,daily,OBM v0.1.0
2022-07-31,obm_est7d_hashrate_ehs_daily,204.379625559284,EH/s,daily,OBM v0.1.0
2022-08-01,obm_est7d_hashrate_ehs_daily,202.739062380322,EH/s,daily,OBM v0.1.0
2022-08-02,obm_est7d_hashrate_ehs_daily,201.651718931182,EH/s,daily,OBM v0.1.0
2022-08-03,obm_est7d_hashrate_ehs_daily,197.846530767837,EH/s,daily,OBM v0.1.0
2022-08-04,obm_est7d_hashrate_ehs_daily,196.251708021903,EH/s,daily,OBM v0.1.0
2022-08-05,obm_est7d_hashrate_ehs_daily,197.652553453205,EH/s,daily,OBM v0.1.0
2022-08-06,obm_est7d_hashrate_ehs_daily,204.093644669886,EH/s,daily,OBM v0.1.0
2022-08-07,obm_est7d_hashrate_ehs_daily,206.925607990513,EH/s,daily,OBM v0.1.0
2022-08-08,obm_est7d_hashrate_ehs_daily,208.723233842593,EH/s,daily,OBM v0.1.0
2022-08-09,obm_est7d_hashrate_ehs_daily,206.384644058722,EH/s,daily,OBM v0.1.0
2022-08-10,obm_est7d_hashrate_ehs_daily,207.555772346203,EH/s,daily,OBM v0.1.0
2022-08-11,obm_est7d_hashrate_ehs_daily,209.798002952169,EH/s,daily,OBM v0.1.0
2022-08-12,obm_est7d_hashrate_ehs_daily,210.311800058015,EH/s,daily,OBM v0.1.0
2022-08-13,obm_est7d_hashrate_ehs_daily,205.583617457486,EH/s,daily,OBM v0.1.0
2022-08-14,obm_est7d_hashrate_ehs_daily,200.647159643535,EH/s,daily,OBM v0.1.0
2022-08-15,obm_est7d_hashrate_ehs_daily,201.071426874108,EH/s,daily,OBM v0.1.0
2022-08-16,obm_est7d_hashrate_ehs_daily,201.798696467671,EH/s,daily,OBM v0.1.0
2022-08-17,obm_est7d_hashrate_ehs_daily,198.020359589286,EH/s,daily,OBM v0.1.0
2022-08-18,obm_est7d_hashrate_ehs_daily,199.023505755477,EH/s,daily,OBM v0.1.0
2022-08-19,obm_est7d_hashrate_ehs_daily,203.784354680877,EH/s,daily,OBM v0.1.0
2022-08-20,obm_est7d_hashrate_ehs_daily,206.572162294003,EH/s,daily,OBM v0.1.0
2022-08-21,obm_est7d_hashrate_ehs_daily,209.130095502772,EH/s,daily,OBM v0.1.0
2022-08-22,obm_est7d_hashrate_ehs_daily,208.916558611510,EH/s,daily,OBM v0.1.0
2022-08-23,obm_est7d_hashrate_ehs_daily,214.126787201115,EH/s,daily,OBM v0.1.0
2022-08-24,obm_est7d_hashrate_ehs_daily,217.814435599352,EH/s,daily,OBM v0.1.0
2022-08-25,obm_est7d_hashrate_ehs_daily,220.675279381211,EH/s,daily,OBM v0.1.0
2022-08-26,obm_est7d_hashrate_ehs_daily,220.743134104552,EH/s,daily,OBM v0.1.0
2022-08-27,obm_est7d_hashrate_ehs_daily,219.739217274540,EH/s,daily,OBM v0.1.0
2022-08-28,obm_est7d_hashrate_ehs_daily,222.485366633794,EH/s,daily,OBM v0.1.0
2022-08-29,obm_est7d_hashrate_ehs_daily,224.965117739252,EH/s,daily,OBM v0.1.0
2022-08-30,obm_est7d_hashrate_ehs_daily,222.856700870580,EH/s,daily,OBM v0.1.0
2022-08-31,obm_est7d_hashrate_ehs_daily,225.368275578034,EH/s,daily,OBM v0.1.0
2022-09-01,obm_est7d_hashrate_ehs_daily,223.312622965543,EH/s,daily,OBM v0.1.0
2022-09-02,obm_est7d_hashrate_ehs_daily,216.178558793839,EH/s,daily,OBM v0.1.0
2022-09-03,obm_est7d_hashrate_ehs_daily,219.140624709863,EH/s,daily,OBM v0.1.0
2022-09-04,obm_est7d_hashrate_ehs_daily,224.077224537118,EH/s,daily,OBM v0.1.0
2022-09-05,obm_est7d_hashrate_ehs_daily,226.224932731053,EH/s,daily,OBM v0.1.0
2022-09-06,obm_est7d_hashrate_ehs_daily,225.072698007511,EH/s,daily,OBM v0.1.0
2022-09-07,obm_est7d_hashrate_ehs_daily,225.207814935165,EH/s,daily,OBM v0.1.0
2022-09-08,obm_est7d_hashrate_ehs_daily,222.998392342455,EH/s,daily,OBM v0.1.0
2022-09-09,obm_est7d_hashrate_ehs_daily,227.014397405119,EH/s,daily,OBM v0.1.0
2022-09-10,obm_est7d_hashrate_ehs_daily,229.082940053778,EH/s,daily,OBM v0.1.0
2022-09-11,obm_est7d_hashrate_ehs_daily,232.575698318596,EH/s,daily,OBM v0.1.0
2022-09-12,obm_est7d_hashrate_ehs_daily,232.707954896360,EH/s,daily,OBM v0.1.0
2022-09-13,obm_est7d_hashrate_ehs_daily,231.784576274418,EH/s,daily,OBM v0.1.0
2022-09-14,obm_est7d_hashrate_ehs_daily,228.286310849065,EH/s,daily,OBM v0.1.0
2022-09-15,obm_est7d_hashrate_ehs_daily,234.595130079278,EH/s,daily,OBM v0.1.0
2022-09-16,obm_est7d_hashrate_ehs_daily,230.309570254414,EH/s,daily,OBM v0.1.0
2022-09-17,obm_est7d_hashrate_ehs_daily,234.578315062670,EH/s,daily,OBM v0.1.0
2022-09-18,obm_est7d_hashrate_ehs_daily,229.967924871330,EH/s,daily,OBM v0.1.0
2022-09-19,obm_est7d_hashrate_ehs_daily,225.449162928844,EH/s,daily,OBM v0.1.0
2022-09-20,obm_est7d_hashrate_ehs_daily,229.564981007499,EH/s,daily,OBM v0.1.0
2022-09-21,obm_est7d_hashrate_ehs_daily,232.715261128309,EH/s,daily,OBM v0.1.0
2022-09-22,obm_est7d_hashrate_ehs_daily,229.240677186312,EH/s,daily,OBM v0.1.0
2022-09-23,obm_est7d_hashrate_ehs_daily,230.163667639277,EH/s,daily,OBM v0.1.0
2022-09-24,obm_est7d_hashrate_ehs_daily,224.595142773743,EH/s,daily,OBM v0.1.0
2022-09-25,obm_est7d_hashrate_ehs_daily,223.057873909133,EH/s,daily,OBM v0.1.0
2022-09-26,obm_est7d_hashrate_ehs_daily,227.672390180531,EH/s,daily,OBM v0.1.0
2022-09-27,obm_est7d_hashrate_ehs_daily,222.876125010902,EH/s,daily,OBM v0.1.0
2022-09-28,obm_est7d_hashrate_ehs_daily,224.242684622707,EH/s,daily,OBM v0.1.0
2022-09-29,obm_est7d_hashrate_ehs_daily,226.399789854851,EH/s,daily,OBM v0.1.0
2022-09-30,obm_est7d_hashrate_ehs_daily,233.844725117122,EH/s,daily,OBM v0.1.0
2022-10-01,obm_est7d_hashrate_ehs_daily,240.562335234469,EH/s,daily,OBM v0.1.0
2022-10-02,obm_est7d_hashrate_ehs_daily,242.186625309828,EH/s,daily,OBM v0.1.0
2022-10-03,obm_est7d_hashrate_ehs_daily,242.410129776362,EH/s,daily,OBM v0.1.0
2022-10-04,obm_est7d_hashrate_ehs_daily,249.665774903075,EH/s,daily,OBM v0.1.0
2022-10-05,obm_est7d_hashrate_ehs_daily,254.946005274360,EH/s,daily,OBM v0.1.0
2022-10-06,obm_est7d_hashrate_ehs_daily,258.075639277134,EH/s,daily,OBM v0.1.0
2022-10-07,obm_est7d_hashrate_ehs_daily,259.457239447181,EH/s,daily,OBM v0.1.0
2022-10-08,obm_est7d_hashrate_ehs_daily,257.424840713747,EH/s,daily,OBM v0.1.0
2022-10-09,obm_est7d_hashrate_ehs_daily,258.089454191820,EH/s,daily,OBM v0.1.0
2022-10-10,obm_est7d_hashrate_ehs_daily,263.198240789380,EH/s,daily,OBM v0.1.0
2022-10-11,obm_est7d_hashrate_ehs_daily,266.932003548592,EH/s,daily,OBM v0.1.0
2022-10-12,obm_est7d_hashrate_ehs_daily,262.397006796579,EH/s,daily,OBM v0.1.0
2022-10-13,obm_est7d_hashrate_ehs_daily,263.896388778777,EH/s,daily,OBM v0.1.0
2022-10-14,obm_est7d_hashrate_ehs_daily,264.708162341731,EH/s,daily,OBM v0.1.0
2022-10-15,obm_est7d_hashrate_ehs_daily,264.092184698832,EH/s,daily,OBM v0.1.0
2022-10-16,obm_est7d_hashrate_ehs_daily,265.493621789806,EH/s,daily,OBM v0.1.0
2022-10-17,obm_est7d_hashrate_ehs_daily,262.854552754743,EH/s,daily,OBM v0.1.0
2022-10-18,obm_est7d_hashrate_ehs_daily,259.329544341364,EH/s,daily,OBM v0.1.0
2022-10-19,obm_est7d_hashrate_ehs_daily,262.763683246570,EH/s,daily,OBM v0.1.0
2022-10-20,obm_est7d_hashrate_ehs_daily,264.625972266212,EH/s,daily,OBM v0.1.0
2022-10-21,obm_est7d_hashrate_ehs_daily,263.182416967470,EH/s,daily,OBM v0.1.0
2022-10-22,obm_est7d_hashrate_ehs_daily,259.532809961634,EH/s,daily,OBM v0.1.0
2022-10-23,obm_est7d_hashrate_ehs_daily,262.160948654213,EH/s,daily,OBM v0.1.0
2022-10-24,obm_est7d_hashrate_ehs_daily,259.949671193430,EH/s,daily,OBM v0.1.0
2022-10-25,obm_est7d_hashrate_ehs_daily,256.289888234856,EH/s,daily,OBM v0.1.0
2022-10-26,obm_est7d_hashrate_ehs_daily,258.265389303298,EH/s,daily,OBM v0.1.0
2022-10-27,obm_est7d_hashrate_ehs_daily,256.946895841672,EH/s,daily,OBM v0.1.0
2022-10-28,obm_est7d_hashrate_ehs_daily,258.672238916199,EH/s,daily,OBM v0.1.0
2022-10-29,obm_est7d_hashrate_ehs_daily,261.841534072801,EH/s,daily,OBM v0.1.0
2022-10-30,obm_est7d_hashrate_ehs_daily,258.001008406047,EH/s,daily,OBM v0.1.0
2022-10-31,obm_est7d_hashrate_ehs_daily,267.467464116488,EH/s,daily,OBM v0.1.0
2022-11-01,obm_est7d_hashrate_ehs_daily,273.219205244274,EH/s,daily,OBM v0.1.0
2022-11-02,obm_est7d_hashrate_ehs_daily,265.306213213862,EH/s,daily,OBM v0.1.0
2022-11-03,obm_est7d_hashrate_ehs_daily,272.658594119937,EH/s,daily,OBM v0.1.0
2022-11-04,obm_est7d_hashrate_ehs_daily,265.035001348371,EH/s,daily,OBM v0.1.0
2022-11-05,obm_est7d_hashrate_ehs_daily,266.674719546859,EH/s,daily,OBM v0.1.0
2022-11-06,obm_est7d_hashrate_ehs_daily,267.287152771765,EH/s,daily,OBM v0.1.0
2022-11-07,obm_est7d_hashrate_ehs_daily,259.906962430727,EH/s,daily,OBM v0.1.0
2022-11-08,obm_est7d_hashrate_ehs_daily,264.595931286838,EH/s,daily,OBM v0.1.0
2022-11-09,obm_est7d_hashrate_ehs_daily,271.182617416752,EH/s,daily,OBM v0.1.0
2022-11-10,obm_est7d_hashrate_ehs_daily,267.108033946617,EH/s,daily,OBM v0.1.0
2022-11-11,obm_est7d_hashrate_ehs_daily,268.178615610222,EH/s,daily,OBM v0.1.0
2022-11-12,obm_est7d_hashrate_ehs_daily,272.446804458991,EH/s,daily,OBM v0.1.0
2022-11-13,obm_est7d_hashrate_ehs_daily,269.842455795784,EH/s,daily,OBM v0.1.0
2022-11-14,obm_est7d_hashrate_ehs_daily,264.561403636305,EH/s,daily,OBM v0.1.0
2022-11-15,obm_est7d_hashrate_ehs_daily,262.642648728462,EH/s,daily,OBM v0.1.0
2022-11-16,obm_est7d_hashrate_ehs_daily,262.568841359620,EH/s,daily,OBM v0.1.0
2022-11-17,obm_est7d_hashrate_ehs_daily,261.245438924705,EH/s,daily,OBM v0.1.0
2022-11-18,obm_est7d_hashrate_ehs_daily,261.432514983783,EH/s,daily,OBM v0.1.0
2022-11-19,obm_est7d_hashrate_ehs_daily,256.545601185456,EH/s,daily,OBM v0.1.0
2022-11-20,obm_est7d_hashrate_ehs_daily,262.566822311107,EH/s,daily,OBM v0.1.0
2022-11-21,obm_est7d_hashrate_ehs_daily,263.143667676122,EH/s,daily,OBM v0.1.0
2022-11-22,obm_est7d_hashrate_ehs_daily,257.003050698325,EH/s,daily,OBM v0.1.0
2022-11-23,obm_est7d_hashrate_ehs_daily,253.835139266626,EH/s,daily,OBM v0.1.0
2022-11-24,obm_est7d_hashrate_ehs_daily,252.250380016417,EH/s,daily,OBM v0.1.0
2022-11-25,obm_est7d_hashrate_ehs_daily,247.519613242053,EH/s,daily,OBM v0.1.0
2022-11-26,obm_est7d_hashrate_ehs_daily,237.797757152997,EH/s,daily,OBM v0.1.0
2022-11-27,obm_est7d_hashrate_ehs_daily,235.350616085361,EH/s,daily,OBM v0.1.0
2022-11-28,obm_est7d_hashrate_ehs_daily,237.660907679324,EH/s,daily,OBM v0.1.0
2022-11-29,obm_est7d_hashrate_ehs_daily,238.623469346718,EH/s,daily,OBM v0.1.0
2022-11-30,obm_est7d_hashrate_ehs_daily,238.102391473437,EH/s,daily,OBM v0.1.0
2022-12-01,obm_est7d_hashrate_ehs_daily,244.393209885057,EH/s,daily,OBM v0.1.0
2022-12-02,obm_est7d_hashrate_ehs_daily,245.884118553075,EH/s,daily,OBM v0.1.0
2022-12-03,obm_est7d_hashrate_ehs_daily,250.202999780047,EH/s,daily,OBM v0.1.0
2022-12-04,obm_est7d_hashrate_ehs_daily,252.551696219303,EH/s,daily,OBM v0.1.0
2022-12-05,obm_est7d_hashrate_ehs_daily,253.245140289899,EH/s,daily,OBM v0.1.0
2022-12-06,obm_est7d_hashrate_ehs_daily,251.971126307866,EH/s,daily,OBM v0.1.0
2022-12-07,obm_est7d_hashrate_ehs_daily,257.553353236183,EH/s,daily,OBM v0.1.0
2022-12-08,obm_est7d_hashrate_ehs_daily,257.879879944441,EH/s,daily,OBM v0.1.0
2022-12-09,obm_est7d_hashrate_ehs_daily,262.487765206888,EH/s,daily,OBM v0.1.0
2022-12-10,obm_est7d_hashrate_ehs_daily,265.748285151301,EH/s,daily,OBM v0.1.0
2022-12-11,obm_est7d_hashrate_ehs_daily,264.313042070926,EH/s,daily,OBM v0.1.0
2022-12-12,obm_est7d_hashrate_ehs_daily,261.258666529914,EH/s,daily,OBM v0.1.0
2022-12-13,obm_est7d_hashrate_ehs_daily,267.969160673008,EH/s,daily,OBM v0.1.0
2022-12-14,obm_est7d_hashrate_ehs_daily,262.295035008951,EH/s,daily,OBM v0.1.0
2022-12-15,obm_est7d_hashrate_ehs_daily,255.531771124021,EH/s,daily,OBM v0.1.0
2022-12-16,obm_est7d_hashrate_ehs_daily,249.665082906265,EH/s,daily,OBM v0.1.0
2022-12-17,obm_est7d_hashrate_ehs_daily,245.745649084408,EH/s,daily,OBM v0.1.0
2022-12-18,obm_est7d_hashrate_ehs_daily,245.589736472780,EH/s,daily,OBM v0.1.0
2022-12-19,obm_est7d_hashrate_ehs_daily,244.263109134810,EH/s,daily,OBM v0.1.0
2022-12-20,obm_est7d_hashrate_ehs_daily,239.192534412489,EH/s,daily,OBM v0.1.0
2022-12-21,obm_est7d_hashrate_ehs_daily,239.271292950701,EH/s,daily,OBM v0.1.0
2022-12-22,obm_est7d_hashrate_ehs_daily,239.418687863067,EH/s,daily,OBM v0.1.0
2022-12-23,obm_est7d_hashrate_ehs_daily,240.726233789880,EH/s,daily,OBM v0.1.0
2022-12-24,obm_est7d_hashrate_ehs_daily,229.308353123731,EH/s,daily,OBM v0.1.0
2022-12-25,obm_est7d_hashrate_ehs_daily,229.318043171425,EH/s,daily,OBM v0.1.0
2022-12-26,obm_est7d_hashrate_ehs_daily,228.454042050129,EH/s,daily,OBM v0.1.0
2022-12-27,obm_est7d_hashrate_ehs_daily,222.430771454786,EH/s,daily,OBM v0.1.0
2022-12-28,obm_est7d_hashrate_ehs_daily,229.047935162043,EH/s,daily,OBM v0.1.0
2022-12-29,obm_est7d_hashrate_ehs_daily,230.054491262095,EH/s,daily,OBM v0.1.0
2022-12-30,obm_est7d_hashrate_ehs_daily,236.673047908476,EH/s,daily,OBM v0.1.0
2022-12-31,obm_est7d_hashrate_ehs_daily,254.311860677379,EH/s,daily,OBM v0.1.0
2023-01-01,obm_est7d_hashrate_ehs_daily,257.260672396991,EH/s,daily,OBM v0.1.0
2023-01-02,obm_est7d_hashrate_ehs_daily,263.652134575214,EH/s,daily,OBM v0.1.0
2023-01-03,obm_est7d_hashrate_ehs_daily,272.100973000503,EH/s,daily,OBM v0.1.0
2023-01-04,obm_est7d_hashrate_ehs_daily,264.595778123363,EH/s,daily,OBM v0.1.0
2023-01-05,obm_est7d_hashrate_ehs_daily,267.102982313818,EH/s,daily,OBM v0.1.0
2023-01-06,obm_est7d_hashrate_ehs_daily,271.138116299218,EH/s,daily,OBM v0.1.0
2023-01-07,obm_est7d_hashrate_ehs_daily,269.224292679193,EH/s,daily,OBM v0.1.0
2023-01-08,obm_est7d_hashrate_ehs_daily,268.263004879610,EH/s,daily,OBM v0.1.0
2023-01-09,obm_est7d_hashrate_ehs_daily,265.284113187846,EH/s,daily,OBM v0.1.0
2023-01-10,obm_est7d_hashrate_ehs_daily,269.406181099498,EH/s,daily,OBM v0.1.0
2023-01-11,obm_est7d_hashrate_ehs_daily,269.659653881741,EH/s,daily,OBM v0.1.0
2023-01-12,obm_est7d_hashrate_ehs_daily,268.101648850869,EH/s,daily,OBM v0.1.0
2023-01-13,obm_est7d_hashrate_ehs_daily,263.011546612859,EH/s,daily,OBM v0.1.0
2023-01-14,obm_est7d_hashrate_ehs_daily,267.127158307631,EH/s,daily,OBM v0.1.0
2023-01-15,obm_est7d_hashrate_ehs_daily,269.958561882293,EH/s,daily,OBM v0.1.0
2023-01-16,obm_est7d_hashrate_ehs_daily,272.362454679240,EH/s,daily,OBM v0.1.0
2023-01-17,obm_est7d_hashrate_ehs_daily,273.581158444876,EH/s,daily,OBM v0.1.0
2023-01-18,obm_est7d_hashrate_ehs_daily,274.907768478474,EH/s,daily,OBM v0.1.0
2023-01-19,obm_est7d_hashrate_ehs_daily,276.997065101030,EH/s,daily,OBM v0.1.0
2023-01-20,obm_est7d_hashrate_ehs_daily,274.028667975386,EH/s,daily,OBM v0.1.0
2023-01-21,obm_est7d_hashrate_ehs_daily,269.343404442038,EH/s,daily,OBM v0.1.0
2023-01-22,obm_est7d_hashrate_ehs_daily,270.504280027686,EH/s,daily,OBM v0.1.0
2023-01-23,obm_est7d_hashrate_ehs_daily,272.491767063141,EH/s,daily,OBM v0.1.0
2023-01-24,obm_est7d_hashrate_ehs_daily,265.507641657437,EH/s,daily,OBM v0.1.0
2023-01-25,obm_est7d_hashrate_ehs_daily,274.580342536854,EH/s,daily,OBM v0.1.0
2023-01-26,obm_est7d_hashrate_ehs_daily,277.471700326118,EH/s,daily,OBM v0.1.0
2023-01-27,obm_est7d_hashrate_ehs_daily,284.028850266614,EH/s,daily,OBM v0.1.0
2023-01-28,obm_est7d_hashrate_ehs_daily,292.529598359088,EH/s,daily,OBM v0.1.0
2023-01-29,obm_est7d_hashrate_ehs_daily,295.832905220292,EH/s,daily,OBM v0.1.0
2023-01-30,obm_est7d_hashrate_ehs_daily,293.238206858707,EH/s,daily,OBM v0.1.0
2023-01-31,obm_est7d_hashrate_ehs_daily,289.669599493257,EH/s,daily,OBM v0.1.0
2023-02-01,obm_est7d_hashrate_ehs_daily,281.659789820276,EH/s,daily,OBM v0.1.0
2023-02-02,obm_est7d_hashrate_ehs_daily,280.110326686710,EH/s,daily,OBM v0.1.0
2023-02-03,obm_est7d_hashrate_ehs_daily,276.185598421040,EH/s,daily,OBM v0.1.0
2023-02-04,obm_est7d_hashrate_ehs_daily,269.444688593039,EH/s,daily,OBM v0.1.0
2023-02-05,obm_est7d_hashrate_ehs_daily,267.429567681211,EH/s,daily,OBM v0.1.0
2023-02-06,obm_est7d_hashrate_ehs_daily,271.716455958456,EH/s,daily,OBM v0.1.0
2023-02-07,obm_est7d_hashrate_ehs_daily,279.201818484309,EH/s,daily,OBM v0.1.0
2023-02-08,obm_est7d_hashrate_ehs_daily,278.961819561666,EH/s,daily,OBM v0.1.0
2023-02-09,obm_est7d_hashrate_ehs_daily,283.047997506101,EH/s,daily,OBM v0.1.0
2023-02-10,obm_est7d_hashrate_ehs_daily,287.174487006928,EH/s,daily,OBM v0.1.0
2023-02-11,obm_est7d_hashrate_ehs_daily,291.733944503698,EH/s,daily,OBM v0.1.0
2023-02-12,obm_est7d_hashrate_ehs_daily,293.839511586551,EH/s,daily,OBM v0.1.0
2023-02-13,obm_est7d_hashrate_ehs_daily,295.095622649409,EH/s,daily,OBM v0.1.0
2023-02-14,obm_est7d_hashrate_ehs_daily,298.996088233936,EH/s,daily,OBM v0.1.0
2023-02-15,obm_est7d_hashrate_ehs_daily,304.633992017086,EH/s,daily,OBM v0.1.0
2023-02-16,obm_est7d_hashrate_ehs_daily,309.104515769676,EH/s,daily,OBM v0.1.0
2023-02-17,obm_est7d_hashrate_ehs_daily,313.895291966896,EH/s,daily,OBM v0.1.0
2023-02-18,obm_est7d_hashrate_ehs_daily,319.353812298550,EH/s,daily,OBM v0.1.0
2023-02-19,obm_est7d_hashrate_ehs_daily,319.526600203859,EH/s,daily,OBM v0.1.0
2023-02-20,obm_est7d_hashrate_ehs_daily,317.113442919872,EH/s,daily,OBM v0.1.0
2023-02-21,obm_est7d_hashrate_ehs_daily,320.303991504676,EH/s,daily,OBM v0.1.0
2023-02-22,obm_est7d_hashrate_ehs_daily,313.930489619510,EH/s,daily,OBM v0.1.0
2023-02-23,obm_est7d_hashrate_ehs_daily,312.179834237672,EH/s,daily,OBM v0.1.0
2023-02-24,obm_est7d_hashrate_ehs_daily,303.464294849361,EH/s,daily,OBM v0.1.0
2023-02-25,obm_est7d_hashrate_ehs_daily,289.097459584852,EH/s,daily,OBM v0.1.0
2023-02-26,obm_est7d_hashrate_ehs_daily,295.476125520542,EH/s,daily,OBM v0.1.0
2023-02-27,obm_est7d_hashrate_ehs_daily,297.322870242973,EH/s,daily,OBM v0.1.0
2023-02-28,obm_est7d_hashrate_ehs_daily,293.661327293926,EH/s,daily,OBM v0.1.0
2023-03-01,obm_est7d_hashrate_ehs_daily,305.926878949342,EH/s,daily,OBM v0.1.0
2023-03-02,obm_est7d_hashrate_ehs_daily,302.365640893451,EH/s,daily,OBM v0.1.0
2023-03-03,obm_est7d_hashrate_ehs_daily,316.550998765850,EH/s,daily,OBM v0.1.0
2023-03-04,obm_est7d_hashrate_ehs_daily,330.641214082560,EH/s,daily,OBM v0.1.0
2023-03-05,obm_est7d_hashrate_ehs_daily,327.407954462150,EH/s,daily,OBM v0.1.0
2023-03-06,obm_est7d_hashrate_ehs_daily,324.285655013289,EH/s,daily,OBM v0.1.0
2023-03-07,obm_est7d_hashrate_ehs_daily,332.328046202610,EH/s,daily,OBM v0.1.0
2023-03-08,obm_est7d_hashrate_ehs_daily,321.328945538223,EH/s,daily,OBM v0.1.0
2023-03-09,obm_est7d_hashrate_ehs_daily,318.386946897613,EH/s,daily,OBM v0.1.0
2023-03-10,obm_est7d_hashrate_ehs_daily,308.652032326681,EH/s,daily,OBM v0.1.0
2023-03-11,obm_est7d_hashrate_ehs_daily,313.377221588593,EH/s,daily,OBM v0.1.0
2023-03-12,obm_est7d_hashrate_ehs_daily,316.464562230505,EH/s,daily,OBM v0.1.0
2023-03-13,obm_est7d_hashrate_ehs_daily,324.267106204021,EH/s,daily,OBM v0.1.0
2023-03-14,obm_est7d_hashrate_ehs_daily,319.105804676391,EH/s,daily,OBM v0.1.0
2023-03-15,obm_est7d_hashrate_ehs_daily,323.290698499302,EH/s,daily,OBM v0.1.0
2023-03-16,obm_est7d_hashrate_ehs_daily,323.333680697894,EH/s,daily,OBM v0.1.0
2023-03-17,obm_est7d_hashrate_ehs_daily,327.295454105333,EH/s,daily,OBM v0.1.0
2023-03-18,obm_est7d_hashrate_ehs_daily,326.579519776256,EH/s,daily,OBM v0.1.0
2023-03-19,obm_est7d_hashrate_ehs_daily,322.364070090992,EH/s,daily,OBM v0.1.0
2023-03-20,obm_est7d_hashrate_ehs_daily,321.272315343795,EH/s,daily,OBM v0.1.0
2023-03-21,obm_est7d_hashrate_ehs_daily,321.329140856548,EH/s,daily,OBM v0.1.0
2023-03-22,obm_est7d_hashrate_ehs_daily,324.662967814539,EH/s,daily,OBM v0.1.0
2023-03-23,obm_est7d_hashrate_ehs_daily,340.413771623259,EH/s,daily,OBM v0.1.0
2023-03-24,obm_est7d_hashrate_ehs_daily,349.376360497545,EH/s,daily,OBM v0.1.0
2023-03-25,obm_est7d_hashrate_ehs_daily,347.118272571294,EH/s,daily,OBM v0.1.0
2023-03-26,obm_est7d_hashrate_ehs_daily,349.091288390396,EH/s,daily,OBM v0.1.0
2023-03-27,obm_est7d_hashrate_ehs_daily,350.899881503124,EH/s,daily,OBM v0.1.0
2023-03-28,obm_est7d_hashrate_ehs_daily,351.274465142659,EH/s,daily,OBM v0.1.0
2023-03-29,obm_est7d_hashrate_ehs_daily,350.152530112684,EH/s,daily,OBM v0.1.0
2023-03-30,obm_est7d_hashrate_ehs_daily,344.729627863109,EH/s,daily,OBM v0.1.0
2023-03-31,obm_est7d_hashrate_ehs_daily,337.518872190428,EH/s,daily,OBM v0.1.0
2023-04-01,obm_est7d_hashrate_ehs_daily,336.044162335144,EH/s,daily,OBM v0.1.0
2023-04-02,obm_est7d_hashrate_ehs_daily,337.575839191894,EH/s,daily,OBM v0.1.0
2023-04-03,obm_est7d_hashrate_ehs_daily,333.049906929746,EH/s,daily,OBM v0.1.0
2023-04-04,obm_est7d_hashrate_ehs_daily,341.400602390177,EH/s,daily,OBM v0.1.0
2023-04-05,obm_est7d_hashrate_ehs_daily,339.095293015556,EH/s,daily,OBM v0.1.0
2023-04-06,obm_est7d_hashrate_ehs_daily,341.086885160885,EH/s,daily,OBM v0.1.0
2023-04-07,obm_est7d_hashrate_ehs_daily,341.990556746744,EH/s,daily,OBM v0.1.0
2023-04-08,obm_est7d_hashrate_ehs_daily,346.096631325393,EH/s,daily,OBM v0.1.0
2023-04-09,obm_est7d_hashrate_ehs_daily,345.738625346236,EH/s,daily,OBM v0.1.0
2023-04-10,obm_est7d_hashrate_ehs_daily,343.827196328745,EH/s,daily,OBM v0.1.0
2023-04-11,obm_est7d_hashrate_ehs_daily,342.153788335696,EH/s,daily,OBM v0.1.0
2023-04-12,obm_est7d_hashrate_ehs_daily,351.468547803785,EH/s,daily,OBM v0.1.0
2023-04-13,obm_est7d_hashrate_ehs_daily,345.228842901768,EH/s,daily,OBM v0.1.0
2023-04-14,obm_est7d_hashrate_ehs_daily,344.558754975449,EH/s,daily,OBM v0.1.0
2023-04-15,obm_est7d_hashrate_ehs_daily,348.687226755157,EH/s,daily,OBM v0.1.0
2023-04-16,obm_est7d_hashrate_ehs_daily,342.051320632993,EH/s,daily,OBM v0.1.0
2023-04-17,obm_est7d_hashrate_ehs_daily,352.616366367237,EH/s,daily,OBM v0.1.0
2023-04-18,obm_est7d_hashrate_ehs_daily,356.237828364257,EH/s,daily,OBM v0.1.0
2023-04-19,obm_est7d_hashrate_ehs_daily,349.293187820365,EH/s,daily,OBM v0.1.0
2023-04-20,obm_est7d_hashrate_ehs_daily,345.825734344882,EH/s,daily,OBM v0.1.0
2023-04-21,obm_est7d_hashrate_ehs_daily,348.875974561167,EH/s,daily,OBM v0.1.0
2023-04-22,obm_est7d_hashrate_ehs_daily,346.869302721226,EH/s,daily,OBM v0.1.0
2023-04-23,obm_est7d_hashrate_ehs_daily,355.259316490576,EH/s,daily,OBM v0.1.0
2023-04-24,obm_est7d_hashrate_ehs_daily,351.576489335748,EH/s,daily,OBM v0.1.0
2023-04-25,obm_est7d_hashrate_ehs_daily,337.579779571002,EH/s,daily,OBM v0.1.0
2023-04-26,obm_est7d_hashrate_ehs_daily,335.310099079751,EH/s,daily,OBM v0.1.0
2023-04-27,obm_est7d_hashrate_ehs_daily,335.827085398991,EH/s,daily,OBM v0.1.0
2023-04-28,obm_est7d_hashrate_ehs_daily,336.404953128709,EH/s,daily,OBM v0.1.0
2023-04-29,obm_est7d_hashrate_ehs_daily,332.299601827549,EH/s,daily,OBM v0.1.0
2023-04-30,obm_est7d_hashrate_ehs_daily,331.676904162924,EH/s,daily,OBM v0.1.0
2023-05-01,obm_est7d_hashrate_ehs_daily,345.965163776257,EH/s,daily,OBM v0.1.0
2023-05-02,obm_est7d_hashrate_ehs_daily,348.081565742114,EH/s,daily,OBM v0.1.0
2023-05-03,obm_est7d_hashrate_ehs_daily,351.306375171289,EH/s,daily,OBM v0.1.0
2023-05-04,obm_est7d_hashrate_ehs_daily,356.153945416385,EH/s,daily,OBM v0.1.0
2023-05-05,obm_est7d_hashrate_ehs_daily,346.487622040765,EH/s,daily,OBM v0.1.0
2023-05-06,obm_est7d_hashrate_ehs_daily,350.198252107019,EH/s,daily,OBM v0.1.0
2023-05-07,obm_est7d_hashrate_ehs_daily,345.881173309524,EH/s,daily,OBM v0.1.0
2023-05-08,obm_est7d_hashrate_ehs_daily,329.590497890688,EH/s,daily,OBM v0.1.0
2023-05-09,obm_est7d_hashrate_ehs_daily,337.732662149241,EH/s,daily,OBM v0.1.0
2023-05-10,obm_est7d_hashrate_ehs_daily,345.180662628066,EH/s,daily,OBM v0.1.0
2023-05-11,obm_est7d_hashrate_ehs_daily,346.949985180485,EH/s,daily,OBM v0.1.0
2023-05-12,obm_est7d_hashrate_ehs_daily,353.959687382962,EH/s,daily,OBM v0.1.0
2023-05-13,obm_est7d_hashrate_ehs_daily,354.142543639089,EH/s,daily,OBM v0.1.0
2023-05-14,obm_est7d_hashrate_ehs_daily,364.588624588226,EH/s,daily,OBM v0.1.0
2023-05-15,obm_est7d_hashrate_ehs_daily,369.122043225722,EH/s,daily,OBM v0.1.0
2023-05-16,obm_est7d_hashrate_ehs_daily,369.594059006972,EH/s,daily,OBM v0.1.0
2023-05-17,obm_est7d_hashrate_ehs_daily,365.513790861041,EH/s,daily,OBM v0.1.0
2023-05-18,obm_est7d_hashrate_ehs_daily,364.111058451106,EH/s,daily,OBM v0.1.0
2023-05-19,obm_est7d_hashrate_ehs_daily,367.976778352618,EH/s,daily,OBM v0.1.0
2023-05-20,obm_est7d_hashrate_ehs_daily,364.317589783308,EH/s,daily,OBM v0.1.0
2023-05-21,obm_est7d_hashrate_ehs_daily,358.528284400543,EH/s,daily,OBM v0.1.0
2023-05-22,obm_est7d_hashrate_ehs_daily,359.021737485142,EH/s,daily,OBM v0.1.0
2023-05-23,obm_est7d_hashrate_ehs_daily,361.898778917139,EH/s,daily,OBM v0.1.0
2023-05-24,obm_est7d_hashrate_ehs_daily,357.213387083723,EH/s,daily,OBM v0.1.0
2023-05-25,obm_est7d_hashrate_ehs_daily,360.493047720967,EH/s,daily,OBM v0.1.0
2023-05-26,obm_est7d_hashrate_ehs_daily,362.830380995316,EH/s,daily,OBM v0.1.0
2023-05-27,obm_est7d_hashrate_ehs_daily,365.709390425719,EH/s,daily,OBM v0.1.0
2023-05-28,obm_est7d_hashrate_ehs_daily,369.089055725311,EH/s,daily,OBM v0.1.0
2023-05-29,obm_est7d_hashrate_ehs_daily,375.185603317145,EH/s,daily,OBM v0.1.0
2023-05-30,obm_est7d_hashrate_ehs_daily,375.528426306094,EH/s,daily,OBM v0.1.0
2023-05-31,obm_est7d_hashrate_ehs_daily,376.585159630130,EH/s,daily,OBM v0.1.0
2023-06-01,obm_est7d_hashrate_ehs_daily,371.393599616578,EH/s,daily,OBM v0.1.0
2023-06-02,obm_est7d_hashrate_ehs_daily,377.183406883950,EH/s,daily,OBM v0.1.0
2023-06-03,obm_est7d_hashrate_ehs_daily,372.922512566448,EH/s,daily,OBM v0.1.0
2023-06-04,obm_est7d_hashrate_ehs_daily,370.784832783850,EH/s,daily,OBM v0.1.0
2023-06-05,obm_est7d_hashrate_ehs_daily,363.615416673719,EH/s,daily,OBM v0.1.0
2023-06-06,obm_est7d_hashrate_ehs_daily,365.286200699966,EH/s,daily,OBM v0.1.0
2023-06-07,obm_est7d_hashrate_ehs_daily,363.581400274442,EH/s,daily,OBM v0.1.0
2023-06-08,obm_est7d_hashrate_ehs_daily,371.500273179055,EH/s,daily,OBM v0.1.0
2023-06-09,obm_est7d_hashrate_ehs_daily,373.764296930252,EH/s,daily,OBM v0.1.0
2023-06-10,obm_est7d_hashrate_ehs_daily,383.511079285573,EH/s,daily,OBM v0.1.0
2023-06-11,obm_est7d_hashrate_ehs_daily,387.678491895022,EH/s,daily,OBM v0.1.0
2023-06-12,obm_est7d_hashrate_ehs_daily,394.936792379930,EH/s,daily,OBM v0.1.0
2023-06-13,obm_est7d_hashrate_ehs_daily,393.532245216415,EH/s,daily,OBM v0.1.0
2023-06-14,obm_est7d_hashrate_ehs_daily,388.788999877666,EH/s,daily,OBM v0.1.0
2023-06-15,obm_est7d_hashrate_ehs_daily,387.959694601261,EH/s,daily,OBM v0.1.0
2023-06-16,obm_est7d_hashrate_ehs_daily,382.735387987663,EH/s,daily,OBM v0.1.0
2023-06-17,obm_est7d_hashrate_ehs_daily,379.460511515108,EH/s,daily,OBM v0.1.0
2023-06-18,obm_est7d_hashrate_ehs_daily,375.635525658384,EH/s,daily,OBM v0.1.0
2023-06-19,obm_est7d_hashrate_ehs_daily,372.316989207953,EH/s,daily,OBM v0.1.0
2023-06-20,obm_est7d_hashrate_ehs_daily,368.492522462778,EH/s,daily,OBM v0.1.0
2023-06-21,obm_est7d_hashrate_ehs_daily,368.534205570216,EH/s,daily,OBM v0.1.0
2023-06-22,obm_est7d_hashrate_ehs_daily,366.076477511232,EH/s,daily,OBM v0.1.0
2023-06-23,obm_est7d_hashrate_ehs_daily,354.394842586309,EH/s,daily,OBM v0.1.0
2023-06-24,obm_est7d_hashrate_ehs_daily,356.502701122073,EH/s,daily,OBM v0.1.0
2023-06-25,obm_est7d_hashrate_ehs_daily,357.822012719559,EH/s,daily,OBM v0.1.0
2023-06-26,obm_est7d_hashrate_ehs_daily,358.754495132032,EH/s,daily,OBM v0.1.0
2023-06-27,obm_est7d_hashrate_ehs_daily,360.222235098601,EH/s,daily,OBM v0.1.0
2023-06-28,obm_est7d_hashrate_ehs_daily,356.620392564073,EH/s,daily,OBM v0.1.0
2023-06-29,obm_est7d_hashrate_ehs_daily,356.895270055003,EH/s,daily,OBM v0.1.0
2023-06-30,obm_est7d_hashrate_ehs_daily,367.203231745178,EH/s,daily,OBM v0.1.0
2023-07-01,obm_est7d_hashrate_ehs_daily,361.052230316147,EH/s,daily,OBM v0.1.0
2023-07-02,obm_est7d_hashrate_ehs_daily,365.245975622110,EH/s,daily,OBM v0.1.0
2023-07-03,obm_est7d_hashrate_ehs_daily,361.092106638731,EH/s,daily,OBM v0.1.0
2023-07-04,obm_est7d_hashrate_ehs_daily,361.493689920059,EH/s,daily,OBM v0.1.0
2023-07-05,obm_est7d_hashrate_ehs_daily,375.801517565577,EH/s,daily,OBM v0.1.0
2023-07-06,obm_est7d_hashrate_ehs_daily,373.226196949921,EH/s,daily,OBM v0.1.0
2023-07-07,obm_est7d_hashrate_ehs_daily,379.033509685288,EH/s,daily,OBM v0.1.0
2023-07-08,obm_est7d_hashrate_ehs_daily,395.704410052123,EH/s,daily,OBM v0.1.0
2023-07-09,obm_est7d_hashrate_ehs_daily,394.301655774357,EH/s,daily,OBM v0.1.0
2023-07-10,obm_est7d_hashrate_ehs_daily,400.745647168529,EH/s,daily,OBM v0.1.0
2023-07-11,obm_est7d_hashrate_ehs_daily,398.978633447440,EH/s,daily,OBM v0.1.0
2023-07-12,obm_est7d_hashrate_ehs_daily,396.484507829442,EH/s,daily,OBM v0.1.0
2023-07-13,obm_est7d_hashrate_ehs_daily,392.538771654113,EH/s,daily,OBM v0.1.0
2023-07-14,obm_est7d_hashrate_ehs_daily,382.859687253962,EH/s,daily,OBM v0.1.0
2023-07-15,obm_est7d_hashrate_ehs_daily,371.485951208296,EH/s,daily,OBM v0.1.0
2023-07-16,obm_est7d_hashrate_ehs_daily,370.428514909954,EH/s,daily,OBM v0.1.0
2023-07-17,obm_est7d_hashrate_ehs_daily,366.989811444520,EH/s,daily,OBM v0.1.0
2023-07-18,obm_est7d_hashrate_ehs_daily,380.010630954167,EH/s,daily,OBM v0.1.0
2023-07-19,obm_est7d_hashrate_ehs_daily,382.615926944374,EH/s,daily,OBM v0.1.0
2023-07-20,obm_est7d_hashrate_ehs_daily,385.906088398778,EH/s,daily,OBM v0.1.0
2023-07-21,obm_est7d_hashrate_ehs_daily,374.946853262742,EH/s,daily,OBM v0.1.0
2023-07-22,obm_est7d_hashrate_ehs_daily,375.061356361718,EH/s,daily,OBM v0.1.0
2023-07-23,obm_est7d_hashrate_ehs_daily,371.636942008326,EH/s,daily,OBM v0.1.0
2023-07-24,obm_est7d_hashrate_ehs_daily,376.078599369998,EH/s,daily,OBM v0.1.0
2023-07-25,obm_est7d_hashrate_ehs_daily,366.655110161231,EH/s,daily,OBM v0.1.0
2023-07-26,obm_est7d_hashrate_ehs_daily,366.066730652549,EH/s,daily,OBM v0.1.0
2023-07-27,obm_est7d_hashrate_ehs_daily,366.563449387411,EH/s,daily,OBM v0.1.0
2023-07-28,obm_est7d_hashrate_ehs_daily,377.932408957482,EH/s,daily,OBM v0.1.0
2023-07-29,obm_est7d_hashrate_ehs_daily,375.983637298852,EH/s,daily,OBM v0.1.0
2023-07-30,obm_est7d_hashrate_ehs_daily,379.748373768593,EH/s,daily,OBM v0.1.0
2023-07-31,obm_est7d_hashrate_ehs_daily,376.830629214246,EH/s,daily,OBM v0.1.0
2023-08-01,obm_est7d_hashrate_ehs_daily,373.944423960323,EH/s,daily,OBM v0.1.0
2023-08-02,obm_est7d_hashrate_ehs_daily,377.637446781809,EH/s,daily,OBM v0.1.0
2023-08-03,obm_est7d_hashrate_ehs_daily,382.026119943414,EH/s,daily,OBM v0.1.0
2023-08-04,obm_est7d_hashrate_ehs_daily,375.422176119064,EH/s,daily,OBM v0.1.0
2023-08-05,obm_est7d_hashrate_ehs_daily,383.357216459276,EH/s,daily,OBM v0.1.0
2023-08-06,obm_est7d_hashrate_ehs_daily,382.254354676382,EH/s,daily,OBM v0.1.0
2023-08-07,obm_est7d_hashrate_ehs_daily,382.834470164872,EH/s,daily,OBM v0.1.0
2023-08-08,obm_est7d_hashrate_ehs_daily,378.180504410429,EH/s,daily,OBM v0.1.0
2023-08-09,obm_est7d_hashrate_ehs_daily,380.714397989939,EH/s,daily,OBM v0.1.0
2023-08-10,obm_est7d_hashrate_ehs_daily,371.588651630528,EH/s,daily,OBM v0.1.0
2023-08-11,obm_est7d_hashrate_ehs_daily,383.043498051707,EH/s,daily,OBM v0.1.0
2023-08-12,obm_est7d_hashrate_ehs_daily,389.510151686880,EH/s,daily,OBM v0.1.0
2023-08-13,obm_est7d_hashrate_ehs_daily,377.190663781615,EH/s,daily,OBM v0.1.0
2023-08-14,obm_est7d_hashrate_ehs_daily,386.809991856828,EH/s,daily,OBM v0.1.0
2023-08-15,obm_est7d_hashrate_ehs_daily,403.594050458078,EH/s,daily,OBM v0.1.0
2023-08-16,obm_est7d_hashrate_ehs_daily,404.703986207521,EH/s,daily,OBM v0.1.0
2023-08-17,obm_est7d_hashrate_ehs_daily,414.890990097110,EH/s,daily,OBM v0.1.0
2023-08-18,obm_est7d_hashrate_ehs_daily,410.300907662867,EH/s,daily,OBM v0.1.0
2023-08-19,obm_est7d_hashrate_ehs_daily,400.955385661765,EH/s,daily,OBM v0.1.0
2023-08-20,obm_est7d_hashrate_ehs_daily,410.540019464819,EH/s,daily,OBM v0.1.0
2023-08-21,obm_est7d_hashrate_ehs_daily,408.258136361307,EH/s,daily,OBM v0.1.0
2023-08-22,obm_est7d_hashrate_ehs_daily,400.160305440488,EH/s,daily,OBM v0.1.0
2023-08-23,obm_est7d_hashrate_ehs_daily,394.116968992100,EH/s,daily,OBM v0.1.0
2023-08-24,obm_est7d_hashrate_ehs_daily,392.269576450461,EH/s,daily,OBM v0.1.0
2023-08-25,obm_est7d_hashrate_ehs_daily,393.982652299486,EH/s,daily,OBM v0.1.0
2023-08-26,obm_est7d_hashrate_ehs_daily,394.681910337536,EH/s,daily,OBM v0.1.0
2023-08-27,obm_est7d_hashrate_ehs_daily,381.575473973091,EH/s,daily,OBM v0.1.0
2023-08-28,obm_est7d_hashrate_ehs_daily,365.810773905686,EH/s,daily,OBM v0.1.0
2023-08-29,obm_est7d_hashrate_ehs_daily,374.223313972974,EH/s,daily,OBM v0.1.0
2023-08-30,obm_est7d_hashrate_ehs_daily,367.217053777880,EH/s,daily,OBM v0.1.0
2023-08-31,obm_est7d_hashrate_ehs_daily,370.098564761241,EH/s,daily,OBM v0.1.0
2023-09-01,obm_est7d_hashrate_ehs_daily,375.390023171014,EH/s,daily,OBM v0.1.0
2023-09-02,obm_est7d_hashrate_ehs_daily,383.577209450553,EH/s,daily,OBM v0.1.0
2023-09-03,obm_est7d_hashrate_ehs_daily,398.096483160960,EH/s,daily,OBM v0.1.0
2023-09-04,obm_est7d_hashrate_ehs_daily,411.743045288008,EH/s,daily,OBM v0.1.0
2023-09-05,obm_est7d_hashrate_ehs_daily,397.049791283005,EH/s,daily,OBM v0.1.0
2023-09-06,obm_est7d_hashrate_ehs_daily,399.353806283783,EH/s,daily,OBM v0.1.0
2023-09-07,obm_est7d_hashrate_ehs_daily,398.217269139181,EH/s,daily,OBM v0.1.0
2023-09-08,obm_est7d_hashrate_ehs_daily,390.015143099068,EH/s,daily,OBM v0.1.0
2023-09-09,obm_est7d_hashrate_ehs_daily,388.598751382405,EH/s,daily,OBM v0.1.0
2023-09-10,obm_est7d_hashrate_ehs_daily,382.869877193679,EH/s,daily,OBM v0.1.0
2023-09-11,obm_est7d_hashrate_ehs_daily,384.628702693543,EH/s,daily,OBM v0.1.0
2023-09-12,obm_est7d_hashrate_ehs_daily,390.752215272538,EH/s,daily,OBM v0.1.0
2023-09-13,obm_est7d_hashrate_ehs_daily,394.273906309705,EH/s,daily,OBM v0.1.0
2023-09-14,obm_est7d_hashrate_ehs_daily,400.819971352677,EH/s,daily,OBM v0.1.0
2023-09-15,obm_est7d_hashrate_ehs_daily,421.732044548287,EH/s,daily,OBM v0.1.0
2023-09-16,obm_est7d_hashrate_ehs_daily,423.544057432758,EH/s,daily,OBM v0.1.0
2023-09-17,obm_est7d_hashrate_ehs_daily,424.323979008216,EH/s,daily,OBM v0.1.0
2023-09-18,obm_est7d_hashrate_ehs_daily,422.963821941170,EH/s,daily,OBM v0.1.0
2023-09-19,obm_est7d_hashrate_ehs_daily,424.087073888673,EH/s,daily,OBM v0.1.0
2023-09-20,obm_est7d_hashrate_ehs_daily,427.037652349272,EH/s,daily,OBM v0.1.0
2023-09-21,obm_est7d_hashrate_ehs_daily,420.540861216020,EH/s,daily,OBM v0.1.0
2023-09-22,obm_est7d_hashrate_ehs_daily,400.067914588645,EH/s,daily,OBM v0.1.0
2023-09-23,obm_est7d_hashrate_ehs_daily,404.533169352671,EH/s,daily,OBM v0.1.0
2023-09-24,obm_est7d_hashrate_ehs_daily,406.274942103472,EH/s,daily,OBM v0.1.0
2023-09-25,obm_est7d_hashrate_ehs_daily,404.085107714869,EH/s,daily,OBM v0.1.0
2023-09-26,obm_est7d_hashrate_ehs_daily,405.274809904393,EH/s,daily,OBM v0.1.0
2023-09-27,obm_est7d_hashrate_ehs_daily,410.237919394841,EH/s,daily,OBM v0.1.0
2023-09-28,obm_est7d_hashrate_ehs_daily,413.557442623988,EH/s,daily,OBM v0.1.0
2023-09-29,obm_est7d_hashrate_ehs_daily,420.002092386656,EH/s,daily,OBM v0.1.0
2023-09-30,obm_est7d_hashrate_ehs_daily,412.603560031441,EH/s,daily,OBM v0.1.0
2023-10-01,obm_est7d_hashrate_ehs_daily,410.407820197284,EH/s,daily,OBM v0.1.0
2023-10-02,obm_est7d_hashrate_ehs_daily,414.801644394455,EH/s,daily,OBM v0.1.0
2023-10-03,obm_est7d_hashrate_ehs_daily,426.585465544715,EH/s,daily,OBM v0.1.0
2023-10-04,obm_est7d_hashrate_ehs_daily,415.978528657267,EH/s,daily,OBM v0.1.0
2023-10-05,obm_est7d_hashrate_ehs_daily,415.341972404701,EH/s,daily,OBM v0.1.0
2023-10-06,obm_est7d_hashrate_ehs_daily,419.690993338516,EH/s,daily,OBM v0.1.0
2023-10-07,obm_est7d_hashrate_ehs_daily,434.272232077144,EH/s,daily,OBM v0.1.0
2023-10-08,obm_est7d_hashrate_ehs_daily,436.209094688231,EH/s,daily,OBM v0.1.0
2023-10-09,obm_est7d_hashrate_ehs_daily,436.644980199779,EH/s,daily,OBM v0.1.0
2023-10-10,obm_est7d_hashrate_ehs_daily,435.386216575293,EH/s,daily,OBM v0.1.0
2023-10-11,obm_est7d_hashrate_ehs_daily,447.020698137906,EH/s,daily,OBM v0.1.0
2023-10-12,obm_est7d_hashrate_ehs_daily,457.509625539461,EH/s,daily,OBM v0.1.0
2023-10-13,obm_est7d_hashrate_ehs_daily,448.319800289480,EH/s,daily,OBM v0.1.0
2023-10-14,obm_est7d_hashrate_ehs_daily,438.339701779988,EH/s,daily,OBM v0.1.0
2023-10-15,obm_est7d_hashrate_ehs_daily,446.927252593674,EH/s,daily,OBM v0.1.0
2023-10-16,obm_est7d_hashrate_ehs_daily,441.551235701431,EH/s,daily,OBM v0.1.0
2023-10-17,obm_est7d_hashrate_ehs_daily,446.032824535005,EH/s,daily,OBM v0.1.0
2023-10-18,obm_est7d_hashrate_ehs_daily,445.254570645914,EH/s,daily,OBM v0.1.0
2023-10-19,obm_est7d_hashrate_ehs_daily,439.253633813905,EH/s,daily,OBM v0.1.0
2023-10-20,obm_est7d_hashrate_ehs_daily,439.807004365115,EH/s,daily,OBM v0.1.0
2023-10-21,obm_est7d_hashrate_ehs_daily,444.673227646660,EH/s,daily,OBM v0.1.0
2023-10-22,obm_est7d_hashrate_ehs_daily,443.047545892310,EH/s,daily,OBM v0.1.0
2023-10-23,obm_est7d_hashrate_ehs_daily,451.977458893475,EH/s,daily,OBM v0.1.0
2023-10-24,obm_est7d_hashrate_ehs_daily,437.190024455730,EH/s,daily,OBM v0.1.0
2023-10-25,obm_est7d_hashrate_ehs_daily,435.837137860731,EH/s,daily,OBM v0.1.0
2023-10-26,obm_est7d_hashrate_ehs_daily,440.256159049869,EH/s,daily,OBM v0.1.0
2023-10-27,obm_est7d_hashrate_ehs_daily,449.164396235002,EH/s,daily,OBM v0.1.0
2023-10-28,obm_est7d_hashrate_ehs_daily,452.680890926160,EH/s,daily,OBM v0.1.0
2023-10-29,obm_est7d_hashrate_ehs_daily,445.728506419812,EH/s,daily,OBM v0.1.0
2023-10-30,obm_est7d_hashrate_ehs_daily,447.163341416758,EH/s,daily,OBM v0.1.0
2023-10-31,obm_est7d_hashrate_ehs_daily,460.795182427626,EH/s,daily,OBM v0.1.0
2023-11-01,obm_est7d_hashrate_ehs_daily,466.627453640059,EH/s,daily,OBM v0.1.0
2023-11-02,obm_est7d_hashrate_ehs_daily,463.998180902446,EH/s,daily,OBM v0.1.0
2023-11-03,obm_est7d_hashrate_ehs_daily,457.299621068122,EH/s,daily,OBM v0.1.0
2023-11-04,obm_est7d_hashrate_ehs_daily,462.163134948314,EH/s,daily,OBM v0.1.0
2023-11-05,obm_est7d_hashrate_ehs_daily,476.295782374018,EH/s,daily,OBM v0.1.0
2023-11-06,obm_est7d_hashrate_ehs_daily,463.190744775884,EH/s,daily,OBM v0.1.0
2023-11-07,obm_est7d_hashrate_ehs_daily,454.331205432673,EH/s,daily,OBM v0.1.0
2023-11-08,obm_est7d_hashrate_ehs_daily,454.826582724538,EH/s,daily,OBM v0.1.0
2023-11-09,obm_est7d_hashrate_ehs_daily,452.210736231169,EH/s,daily,OBM v0.1.0
2023-11-10,obm_est7d_hashrate_ehs_daily,460.268802559989,EH/s,daily,OBM v0.1.0
2023-11-11,obm_est7d_hashrate_ehs_daily,457.565121179826,EH/s,daily,OBM v0.1.0
2023-11-12,obm_est7d_hashrate_ehs_daily,456.626408297907,EH/s,daily,OBM v0.1.0
2023-11-13,obm_est7d_hashrate_ehs_daily,456.658872691868,EH/s,daily,OBM v0.1.0
2023-11-14,obm_est7d_hashrate_ehs_daily,460.457318566290,EH/s,daily,OBM v0.1.0
2023-11-15,obm_est7d_hashrate_ehs_daily,463.105974975783,EH/s,daily,OBM v0.1.0
2023-11-16,obm_est7d_hashrate_ehs_daily,467.071075861235,EH/s,daily,OBM v0.1.0
2023-11-17,obm_est7d_hashrate_ehs_daily,467.761586515444,EH/s,daily,OBM v0.1.0
2023-11-18,obm_est7d_hashrate_ehs_daily,465.469778737702,EH/s,daily,OBM v0.1.0
2023-11-19,obm_est7d_hashrate_ehs_daily,471.594893502671,EH/s,daily,OBM v0.1.0
2023-11-20,obm_est7d_hashrate_ehs_daily,491.796650868276,EH/s,daily,OBM v0.1.0
2023-11-21,obm_est7d_hashrate_ehs_daily,498.233267158719,EH/s,daily,OBM v0.1.0
2023-11-22,obm_est7d_hashrate_ehs_daily,495.279398443186,EH/s,daily,OBM v0.1.0
2023-11-23,obm_est7d_hashrate_ehs_daily,496.372572959177,EH/s,daily,OBM v0.1.0
2023-11-24,obm_est7d_hashrate_ehs_daily,502.732655735470,EH/s,daily,OBM v0.1.0
2023-11-25,obm_est7d_hashrate_ehs_daily,508.235181690081,EH/s,daily,OBM v0.1.0
2023-11-26,obm_est7d_hashrate_ehs_daily,500.717677129215,EH/s,daily,OBM v0.1.0
2023-11-27,obm_est7d_hashrate_ehs_daily,489.905661676698,EH/s,daily,OBM v0.1.0
2023-11-28,obm_est7d_hashrate_ehs_daily,488.709894179342,EH/s,daily,OBM v0.1.0
2023-11-29,obm_est7d_hashrate_ehs_daily,487.779057895637,EH/s,daily,OBM v0.1.0
2023-11-30,obm_est7d_hashrate_ehs_daily,485.154467543882,EH/s,daily,OBM v0.1.0
2023-12-01,obm_est7d_hashrate_ehs_daily,489.826865601538,EH/s,daily,OBM v0.1.0
2023-12-02,obm_est7d_hashrate_ehs_daily,477.450879681838,EH/s,daily,OBM v0.1.0
2023-12-03,obm_est7d_hashrate_ehs_daily,486.951144152975,EH/s,daily,OBM v0.1.0
2023-12-04,obm_est7d_hashrate_ehs_daily,500.531911809210,EH/s,daily,OBM v0.1.0
2023-12-05,obm_est7d_hashrate_ehs_daily,497.713643802849,EH/s,daily,OBM v0.1.0
2023-12-06,obm_est7d_hashrate_ehs_daily,494.950862079858,EH/s,daily,OBM v0.1.0
2023-12-07,obm_est7d_hashrate_ehs_daily,485.681948312413,EH/s,daily,OBM v0.1.0
2023-12-08,obm_est7d_hashrate_ehs_daily,469.401693556633,EH/s,daily,OBM v0.1.0
2023-12-09,obm_est7d_hashrate_ehs_daily,485.505321410469,EH/s,daily,OBM v0.1.0
2023-12-10,obm_est7d_hashrate_ehs_daily,470.682792155175,EH/s,daily,OBM v0.1.0
2023-12-11,obm_est7d_hashrate_ehs_daily,471.517207263101,EH/s,daily,OBM v0.1.0
2023-12-12,obm_est7d_hashrate_ehs_daily,474.678255885396,EH/s,daily,OBM v0.1.0
2023-12-13,obm_est7d_hashrate_ehs_daily,480.488714724150,EH/s,daily,OBM v0.1.0
2023-12-14,obm_est7d_hashrate_ehs_daily,496.214365221500,EH/s,daily,OBM v0.1.0
2023-12-15,obm_est7d_hashrate_ehs_daily,507.226283070508,EH/s,daily,OBM v0.1.0
2023-12-16,obm_est7d_hashrate_ehs_daily,503.398416029257,EH/s,daily,OBM v0.1.0
2023-12-17,obm_est7d_hashrate_ehs_daily,508.424497906016,EH/s,daily,OBM v0.1.0
2023-12-18,obm_est7d_hashrate_ehs_daily,512.626984880116,EH/s,daily,OBM v0.1.0
2023-12-19,obm_est7d_hashrate_ehs_daily,521.830151135615,EH/s,daily,OBM v0.1.0
2023-12-20,obm_est7d_hashrate_ehs_daily,519.840278622884,EH/s,daily,OBM v0.1.0
2023-12-21,obm_est7d_hashrate_ehs_daily,520.602332073728,EH/s,daily,OBM v0.1.0
2023-12-22,obm_est7d_hashrate_ehs_daily,522.770347723211,EH/s,daily,OBM v0.1.0
2023-12-23,obm_est7d_hashrate_ehs_daily,529.914460209227,EH/s,daily,OBM v0.1.0
2023-12-24,obm_est7d_hashrate_ehs_daily,545.239281659634,EH/s,daily,OBM v0.1.0
2023-12-25,obm_est7d_hashrate_ehs_daily,536.915382694081,EH/s,daily,OBM v0.1.0
2023-12-26,obm_est7d_hashrate_ehs_daily,529.549531136696,EH/s,daily,OBM v0.1.0
2023-12-27,obm_est7d_hashrate_ehs_daily,527.319059419109,EH/s,daily,OBM v0.1.0
2023-12-28,obm_est7d_hashrate_ehs_daily,518.137144218957,EH/s,daily,OBM v0.1.0
2023-12-29,obm_est7d_hashrate_ehs_daily,516.206992041438,EH/s,daily,OBM v0.1.0
2023-12-30,obm_est7d_hashrate_ehs_daily,509.855575224218,EH/s,daily,OBM v0.1.0
2023-12-31,obm_est7d_hashrate_ehs_daily,501.823419545666,EH/s,daily,OBM v0.1.0
2024-01-01,obm_est7d_hashrate_ehs_daily,510.545636061727,EH/s,daily,OBM v0.1.0
2024-01-02,obm_est7d_hashrate_ehs_daily,505.704745529043,EH/s,daily,OBM v0.1.0
2024-01-03,obm_est7d_hashrate_ehs_daily,520.106714603250,EH/s,daily,OBM v0.1.0
2024-01-04,obm_est7d_hashrate_ehs_daily,546.354006655567,EH/s,daily,OBM v0.1.0
2024-01-05,obm_est7d_hashrate_ehs_daily,539.590998473895,EH/s,daily,OBM v0.1.0
2024-01-06,obm_est7d_hashrate_ehs_daily,538.691676789933,EH/s,daily,OBM v0.1.0
2024-01-07,obm_est7d_hashrate_ehs_daily,520.145655263051,EH/s,daily,OBM v0.1.0
2024-01-08,obm_est7d_hashrate_ehs_daily,504.473714817925,EH/s,daily,OBM v0.1.0
2024-01-09,obm_est7d_hashrate_ehs_daily,517.029877627039,EH/s,daily,OBM v0.1.0
2024-01-10,obm_est7d_hashrate_ehs_daily,504.327443947381,EH/s,daily,OBM v0.1.0
2024-01-11,obm_est7d_hashrate_ehs_daily,507.447864071823,EH/s,daily,OBM v0.1.0
2024-01-12,obm_est7d_hashrate_ehs_daily,524.382581020510,EH/s,daily,OBM v0.1.0
2024-01-13,obm_est7d_hashrate_ehs_daily,533.800508112143,EH/s,daily,OBM v0.1.0
2024-01-14,obm_est7d_hashrate_ehs_daily,539.907463047612,EH/s,daily,OBM v0.1.0
2024-01-15,obm_est7d_hashrate_ehs_daily,534.659665393101,EH/s,daily,OBM v0.1.0
2024-01-16,obm_est7d_hashrate_ehs_daily,523.188652029500,EH/s,daily,OBM v0.1.0
2024-01-17,obm_est7d_hashrate_ehs_daily,514.133071121694,EH/s,daily,OBM v0.1.0
2024-01-18,obm_est7d_hashrate_ehs_daily,498.555920724399,EH/s,daily,OBM v0.1.0
2024-01-19,obm_est7d_hashrate_ehs_daily,481.203286796197,EH/s,daily,OBM v0.1.0
2024-01-20,obm_est7d_hashrate_ehs_daily,469.900049534450,EH/s,daily,OBM v0.1.0
2024-01-21,obm_est7d_hashrate_ehs_daily,475.616303666512,EH/s,daily,OBM v0.1.0
2024-01-22,obm_est7d_hashrate_ehs_daily,493.665544055537,EH/s,daily,OBM v0.1.0
2024-01-23,obm_est7d_hashrate_ehs_daily,506.215419801909,EH/s,daily,OBM v0.1.0
2024-01-24,obm_est7d_hashrate_ehs_daily,517.986381652737,EH/s,daily,OBM v0.1.0
2024-01-25,obm_est7d_hashrate_ehs_daily,535.905657768560,EH/s,daily,OBM v0.1.0
2024-01-26,obm_est7d_hashrate_ehs_daily,541.554064679826,EH/s,daily,OBM v0.1.0
2024-01-27,obm_est7d_hashrate_ehs_daily,554.358016090651,EH/s,daily,OBM v0.1.0
2024-01-28,obm_est7d_hashrate_ehs_daily,564.383171115957,EH/s,daily,OBM v0.1.0
2024-01-29,obm_est7d_hashrate_ehs_daily,563.085860844674,EH/s,daily,OBM v0.1.0
2024-01-30,obm_est7d_hashrate_ehs_daily,556.719206269277,EH/s,daily,OBM v0.1.0
2024-01-31,obm_est7d_hashrate_ehs_daily,549.049464911493,EH/s,daily,OBM v0.1.0
2024-02-01,obm_est7d_hashrate_ehs_daily,534.857164766451,EH/s,daily,OBM v0.1.0
2024-02-02,obm_est7d_hashrate_ehs_daily,555.226299687711,EH/s,daily,OBM v0.1.0
2024-02-03,obm_est7d_hashrate_ehs_daily,550.913585839491,EH/s,daily,OBM v0.1.0
2024-02-04,obm_est7d_hashrate_ehs_daily,556.921260909389,EH/s,daily,OBM v0.1.0
2024-02-05,obm_est7d_hashrate_ehs_daily,558.505503246346,EH/s,daily,OBM v0.1.0
2024-02-06,obm_est7d_hashrate_ehs_daily,578.348543919282,EH/s,daily,OBM v0.1.0
2024-02-07,obm_est7d_hashrate_ehs_daily,598.754717175673,EH/s,daily,OBM v0.1.0
2024-02-08,obm_est7d_hashrate_ehs_daily,597.050422480573,EH/s,daily,OBM v0.1.0
2024-02-09,obm_est7d_hashrate_ehs_daily,589.075966115759,EH/s,daily,OBM v0.1.0
2024-02-10,obm_est7d_hashrate_ehs_daily,589.288197069554,EH/s,daily,OBM v0.1.0
2024-02-11,obm_est7d_hashrate_ehs_daily,580.148461028641,EH/s,daily,OBM v0.1.0
2024-02-12,obm_est7d_hashrate_ehs_daily,591.684960848996,EH/s,daily,OBM v0.1.0
2024-02-13,obm_est7d_hashrate_ehs_daily,573.048394224948,EH/s,daily,OBM v0.1.0
2024-02-14,obm_est7d_hashrate_ehs_daily,562.232814427702,EH/s,daily,OBM v0.1.0
2024-02-15,obm_est7d_hashrate_ehs_daily,574.392188089109,EH/s,daily,OBM v0.1.0
2024-02-16,obm_est7d_hashrate_ehs_daily,562.550347016899,EH/s,daily,OBM v0.1.0
2024-02-17,obm_est7d_hashrate_ehs_daily,568.680888634644,EH/s,daily,OBM v0.1.0
2024-02-18,obm_est7d_hashrate_ehs_daily,564.585994531490,EH/s,daily,OBM v0.1.0
2024-02-19,obm_est7d_hashrate_ehs_daily,547.824597206831,EH/s,daily,OBM v0.1.0
2024-02-20,obm_est7d_hashrate_ehs_daily,557.554796587916,EH/s,daily,OBM v0.1.0
2024-02-21,obm_est7d_hashrate_ehs_daily,563.971555257391,EH/s,daily,OBM v0.1.0
2024-02-22,obm_est7d_hashrate_ehs_daily,556.925181578696,EH/s,daily,OBM v0.1.0
2024-02-23,obm_est7d_hashrate_ehs_daily,569.079232627375,EH/s,daily,OBM v0.1.0
2024-02-24,obm_est7d_hashrate_ehs_daily,561.717008221188,EH/s,daily,OBM v0.1.0
2024-02-25,obm_est7d_hashrate_ehs_daily,587.030278815441,EH/s,daily,OBM v0.1.0
2024-02-26,obm_est7d_hashrate_ehs_daily,585.203289423083,EH/s,daily,OBM v0.1.0
2024-02-27,obm_est7d_hashrate_ehs_daily,579.009982843707,EH/s,daily,OBM v0.1.0
2024-02-28,obm_est7d_hashrate_ehs_daily,584.115407469673,EH/s,daily,OBM v0.1.0
2024-02-29,obm_est7d_hashrate_ehs_daily,583.685045549524,EH/s,daily,OBM v0.1.0
2024-03-01,obm_est7d_hashrate_ehs_daily,577.440372560908,EH/s,daily,OBM v0.1.0
2024-03-02,obm_est7d_hashrate_ehs_daily,571.034610399094,EH/s,daily,OBM v0.1.0
2024-03-03,obm_est7d_hashrate_ehs_daily,562.178942191527,EH/s,daily,OBM v0.1.0
2024-03-04,obm_est7d_hashrate_ehs_daily,557.300717286009,EH/s,daily,OBM v0.1.0
2024-03-05,obm_est7d_hashrate_ehs_daily,576.861711464575,EH/s,daily,OBM v0.1.0
2024-03-06,obm_est7d_hashrate_ehs_daily,568.689072722111,EH/s,daily,OBM v0.1.0
2024-03-07,obm_est7d_hashrate_ehs_daily,593.249102670892,EH/s,daily,OBM v0.1.0
2024-03-08,obm_est7d_hashrate_ehs_daily,594.153633889553,EH/s,daily,OBM v0.1.0
2024-03-09,obm_est7d_hashrate_ehs_daily,614.280257068547,EH/s,daily,OBM v0.1.0
2024-03-10,obm_est7d_hashrate_ehs_daily,608.074260419052,EH/s,daily,OBM v0.1.0
2024-03-11,obm_est7d_hashrate_ehs_daily,630.852102169678,EH/s,daily,OBM v0.1.0
2024-03-12,obm_est7d_hashrate_ehs_daily,615.845496205048,EH/s,daily,OBM v0.1.0
2024-03-13,obm_est7d_hashrate_ehs_daily,626.744744040133,EH/s,daily,OBM v0.1.0
2024-03-14,obm_est7d_hashrate_ehs_daily,607.939669328406,EH/s,daily,OBM v0.1.0
2024-03-15,obm_est7d_hashrate_ehs_daily,597.004818747697,EH/s,daily,OBM v0.1.0
2024-03-16,obm_est7d_hashrate_ehs_daily,590.982633726957,EH/s,daily,OBM v0.1.0
2024-03-17,obm_est7d_hashrate_ehs_daily,597.309340558331,EH/s,daily,OBM v0.1.0
2024-03-18,obm_est7d_hashrate_ehs_daily,587.667668653613,EH/s,daily,OBM v0.1.0
2024-03-19,obm_est7d_hashrate_ehs_daily,602.051178868986,EH/s,daily,OBM v0.1.0
2024-03-20,obm_est7d_hashrate_ehs_daily,600.104820459415,EH/s,daily,OBM v0.1.0
2024-03-21,obm_est7d_hashrate_ehs_daily,588.773279573040,EH/s,daily,OBM v0.1.0
2024-03-22,obm_est7d_hashrate_ehs_daily,594.184497363215,EH/s,daily,OBM v0.1.0
2024-03-23,obm_est7d_hashrate_ehs_daily,601.062837360531,EH/s,daily,OBM v0.1.0
2024-03-24,obm_est7d_hashrate_ehs_daily,615.991763383115,EH/s,daily,OBM v0.1.0
2024-03-25,obm_est7d_hashrate_ehs_daily,607.780729847166,EH/s,daily,OBM v0.1.0
2024-03-26,obm_est7d_hashrate_ehs_daily,594.572897064266,EH/s,daily,OBM v0.1.0
2024-03-27,obm_est7d_hashrate_ehs_daily,586.386196827727,EH/s,daily,OBM v0.1.0
2024-03-28,obm_est7d_hashrate_ehs_daily,606.368433203081,EH/s,daily,OBM v0.1.0
2024-03-29,obm_est7d_hashrate_ehs_daily,612.022152168783,EH/s,daily,OBM v0.1.0
2024-03-30,obm_est7d_hashrate_ehs_daily,608.718121399387,EH/s,daily,OBM v0.1.0
2024-03-31,obm_est7d_hashrate_ehs_daily,588.592963596172,EH/s,daily,OBM v0.1.0
2024-04-01,obm_est7d_hashrate_ehs_daily,598.170407250800,EH/s,daily,OBM v0.1.0
2024-04-02,obm_est7d_hashrate_ehs_daily,605.222392043423,EH/s,daily,OBM v0.1.0
2024-04-03,obm_est7d_hashrate_ehs_daily,607.969879168683,EH/s,daily,OBM v0.1.0
2024-04-04,obm_est7d_hashrate_ehs_daily,599.778202915749,EH/s,daily,OBM v0.1.0
2024-04-05,obm_est7d_hashrate_ehs_daily,601.724500008950,EH/s,daily,OBM v0.1.0
2024-04-06,obm_est7d_hashrate_ehs_daily,601.967670547083,EH/s,daily,OBM v0.1.0
2024-04-07,obm_est7d_hashrate_ehs_daily,621.334199024008,EH/s,daily,OBM v0.1.0
2024-04-08,obm_est7d_hashrate_ehs_daily,626.321906062242,EH/s,daily,OBM v0.1.0
2024-04-09,obm_est7d_hashrate_ehs_daily,625.560809006537,EH/s,daily,OBM v0.1.0
2024-04-10,obm_est7d_hashrate_ehs_daily,630.311926886395,EH/s,daily,OBM v0.1.0
2024-04-11,obm_est7d_hashrate_ehs_daily,633.506347805883,EH/s,daily,OBM v0.1.0
2024-04-12,obm_est7d_hashrate_ehs_daily,626.431004790095,EH/s,daily,OBM v0.1.0
2024-04-13,obm_est7d_hashrate_ehs_daily,635.954231551105,EH/s,daily,OBM v0.1.0
2024-04-14,obm_est7d_hashrate_ehs_daily,631.058732042415,EH/s,daily,OBM v0.1.0
2024-04-15,obm_est7d_hashrate_ehs_daily,625.084815094842,EH/s,daily,OBM v0.1.0
2024-04-16,obm_est7d_hashrate_ehs_daily,638.745929858314,EH/s,daily,OBM v0.1.0
2024-04-17,obm_est7d_hashrate_ehs_daily,635.333568605433,EH/s,daily,OBM v0.1.0
2024-04-18,obm_est7d_hashrate_ehs_daily,642.766226403293,EH/s,daily,OBM v0.1.0
2024-04-19,obm_est7d_hashrate_ehs_daily,650.832694774299,EH/s,daily,OBM v0.1.0
2024-04-20,obm_est7d_hashrate_ehs_daily,631.365303126642,EH/s,daily,OBM v0.1.0
2024-04-21,obm_est7d_hashrate_ehs_daily,619.956082974541,EH/s,daily,OBM v0.1.0
2024-04-22,obm_est7d_hashrate_ehs_daily,625.807989825237,EH/s,daily,OBM v0.1.0
2024-04-23,obm_est7d_hashrate_ehs_daily,628.343703060552,EH/s,daily,OBM v0.1.0
2024-04-24,obm_est7d_hashrate_ehs_daily,640.170827683384,EH/s,daily,OBM v0.1.0
2024-04-25,obm_est7d_hashrate_ehs_daily,645.052235832675,EH/s,daily,OBM v0.1.0
2024-04-26,obm_est7d_hashrate_ehs_daily,631.527452912765,EH/s,daily,OBM v0.1.0
2024-04-27,obm_est7d_hashrate_ehs_daily,639.005915371527,EH/s,daily,OBM v0.1.0
2024-04-28,obm_est7d_hashrate_ehs_daily,641.404096077014,EH/s,daily,OBM v0.1.0
2024-04-29,obm_est7d_hashrate_ehs_daily,629.302578610302,EH/s,daily,OBM v0.1.0
2024-04-30,obm_est7d_hashrate_ehs_daily,617.370604218231,EH/s,daily,OBM v0.1.0
2024-05-01,obm_est7d_hashrate_ehs_daily,601.272555416757,EH/s,daily,OBM v0.1.0
2024-05-02,obm_est7d_hashrate_ehs_daily,602.976316525560,EH/s,daily,OBM v0.1.0
2024-05-03,obm_est7d_hashrate_ehs_daily,603.238957298589,EH/s,daily,OBM v0.1.0
2024-05-04,obm_est7d_hashrate_ehs_daily,603.554282453243,EH/s,daily,OBM v0.1.0
2024-05-05,obm_est7d_hashrate_ehs_daily,599.860051721880,EH/s,daily,OBM v0.1.0
2024-05-06,obm_est7d_hashrate_ehs_daily,594.517786234547,EH/s,daily,OBM v0.1.0
2024-05-07,obm_est7d_hashrate_ehs_daily,582.451938157769,EH/s,daily,OBM v0.1.0
2024-05-08,obm_est7d_hashrate_ehs_daily,580.708337121892,EH/s,daily,OBM v0.1.0
2024-05-09,obm_est7d_hashrate_ehs_daily,576.280310049629,EH/s,daily,OBM v0.1.0
2024-05-10,obm_est7d_hashrate_ehs_daily,581.172527922565,EH/s,daily,OBM v0.1.0
2024-05-11,obm_est7d_hashrate_ehs_daily,587.054948042729,EH/s,daily,OBM v0.1.0
2024-05-12,obm_est7d_hashrate_ehs_daily,578.767251298008,EH/s,daily,OBM v0.1.0
2024-05-13,obm_est7d_hashrate_ehs_daily,588.094789840662,EH/s,daily,OBM v0.1.0
2024-05-14,obm_est7d_hashrate_ehs_daily,593.534375940247,EH/s,daily,OBM v0.1.0
2024-05-15,obm_est7d_hashrate_ehs_daily,597.717883076393,EH/s,daily,OBM v0.1.0
2024-05-16,obm_est7d_hashrate_ehs_daily,592.838406588675,EH/s,daily,OBM v0.1.0
2024-05-17,obm_est7d_hashrate_ehs_daily,599.520754597990,EH/s,daily,OBM v0.1.0
2024-05-18,obm_est7d_hashrate_ehs_daily,580.135881280233,EH/s,daily,OBM v0.1.0
2024-05-19,obm_est7d_hashrate_ehs_daily,594.643793354725,EH/s,daily,OBM v0.1.0
2024-05-20,obm_est7d_hashrate_ehs_daily,599.229501205447,EH/s,daily,OBM v0.1.0
2024-05-21,obm_est7d_hashrate_ehs_daily,599.300834080612,EH/s,daily,OBM v0.1.0
2024-05-22,obm_est7d_hashrate_ehs_daily,606.538704229297,EH/s,daily,OBM v0.1.0
2024-05-23,obm_est7d_hashrate_ehs_daily,623.668410585316,EH/s,daily,OBM v0.1.0
2024-05-24,obm_est7d_hashrate_ehs_daily,629.469811452433,EH/s,daily,OBM v0.1.0
2024-05-25,obm_est7d_hashrate_ehs_daily,648.324224332994,EH/s,daily,OBM v0.1.0
2024-05-26,obm_est7d_hashrate_ehs_daily,657.757327443272,EH/s,daily,OBM v0.1.0
2024-05-27,obm_est7d_hashrate_ehs_daily,639.856579625924,EH/s,daily,OBM v0.1.0
2024-05-28,obm_est7d_hashrate_ehs_daily,639.663035092629,EH/s,daily,OBM v0.1.0
2024-05-29,obm_est7d_hashrate_ehs_daily,629.930571701844,EH/s,daily,OBM v0.1.0
2024-05-30,obm_est7d_hashrate_ehs_daily,603.879818262183,EH/s,daily,OBM v0.1.0
2024-05-31,obm_est7d_hashrate_ehs_daily,596.313391151542,EH/s,daily,OBM v0.1.0
2024-06-01,obm_est7d_hashrate_ehs_daily,585.444868684596,EH/s,daily,OBM v0.1.0
2024-06-02,obm_est7d_hashrate_ehs_daily,567.914061074244,EH/s,daily,OBM v0.1.0
2024-06-03,obm_est7d_hashrate_ehs_daily,589.485391626064,EH/s,daily,OBM v0.1.0
2024-06-04,obm_est7d_hashrate_ehs_daily,588.710546209032,EH/s,daily,OBM v0.1.0
2024-06-05,obm_est7d_hashrate_ehs_daily,579.084245395800,EH/s,daily,OBM v0.1.0
2024-06-06,obm_est7d_hashrate_ehs_daily,586.074035539883,EH/s,daily,OBM v0.1.0
2024-06-07,obm_est7d_hashrate_ehs_daily,580.740845319271,EH/s,daily,OBM v0.1.0
2024-06-08,obm_est7d_hashrate_ehs_daily,598.755684961699,EH/s,daily,OBM v0.1.0
2024-06-09,obm_est7d_hashrate_ehs_daily,606.583448897160,EH/s,daily,OBM v0.1.0
2024-06-10,obm_est7d_hashrate_ehs_daily,594.863406572702,EH/s,daily,OBM v0.1.0
2024-06-11,obm_est7d_hashrate_ehs_daily,586.659378311945,EH/s,daily,OBM v0.1.0
2024-06-12,obm_est7d_hashrate_ehs_daily,600.007870892755,EH/s,daily,OBM v0.1.0
2024-06-13,obm_est7d_hashrate_ehs_daily,606.993430520006,EH/s,daily,OBM v0.1.0
2024-06-14,obm_est7d_hashrate_ehs_daily,600.008719404471,EH/s,daily,OBM v0.1.0
2024-06-15,obm_est7d_hashrate_ehs_daily,576.959641225299,EH/s,daily,OBM v0.1.0
2024-06-16,obm_est7d_hashrate_ehs_daily,582.412142585573,EH/s,daily,OBM v0.1.0
2024-06-17,obm_est7d_hashrate_ehs_daily,583.934164149671,EH/s,daily,OBM v0.1.0
2024-06-18,obm_est7d_hashrate_ehs_daily,599.534807399767,EH/s,daily,OBM v0.1.0
2024-06-19,obm_est7d_hashrate_ehs_daily,594.397147271103,EH/s,daily,OBM v0.1.0
2024-06-20,obm_est7d_hashrate_ehs_daily,587.501735446280,EH/s,daily,OBM v0.1.0
2024-06-21,obm_est7d_hashrate_ehs_daily,594.983914736731,EH/s,daily,OBM v0.1.0
2024-06-22,obm_est7d_hashrate_ehs_daily,605.282732755667,EH/s,daily,OBM v0.1.0
2024-06-23,obm_est7d_hashrate_ehs_daily,574.706268535229,EH/s,daily,OBM v0.1.0
2024-06-24,obm_est7d_hashrate_ehs_daily,581.957594530272,EH/s,daily,OBM v0.1.0
2024-06-25,obm_est7d_hashrate_ehs_daily,566.041503427600,EH/s,daily,OBM v0.1.0
2024-06-26,obm_est7d_hashrate_ehs_daily,555.949852089149,EH/s,daily,OBM v0.1.0
2024-06-27,obm_est7d_hashrate_ehs_daily,553.728851952271,EH/s,daily,OBM v0.1.0
2024-06-28,obm_est7d_hashrate_ehs_daily,552.132969426599,EH/s,daily,OBM v0.1.0
2024-06-29,obm_est7d_hashrate_ehs_daily,554.209465218150,EH/s,daily,OBM v0.1.0
2024-06-30,obm_est7d_hashrate_ehs_daily,558.778440372322,EH/s,daily,OBM v0.1.0
2024-07-01,obm_est7d_hashrate_ehs_daily,554.453439607737,EH/s,daily,OBM v0.1.0
2024-07-02,obm_est7d_hashrate_ehs_daily,566.665569433641,EH/s,daily,OBM v0.1.0
2024-07-03,obm_est7d_hashrate_ehs_daily,581.361419036403,EH/s,daily,OBM v0.1.0
2024-07-04,obm_est7d_hashrate_ehs_daily,586.637794337161,EH/s,daily,OBM v0.1.0
2024-07-05,obm_est7d_hashrate_ehs_daily,576.540757661740,EH/s,daily,OBM v0.1.0
2024-07-06,obm_est7d_hashrate_ehs_daily,575.250957860736,EH/s,daily,OBM v0.1.0
2024-07-07,obm_est7d_hashrate_ehs_daily,583.510898647065,EH/s,daily,OBM v0.1.0
2024-07-08,obm_est7d_hashrate_ehs_daily,589.061812650201,EH/s,daily,OBM v0.1.0
2024-07-09,obm_est7d_hashrate_ehs_daily,588.573042703688,EH/s,daily,OBM v0.1.0
2024-07-10,obm_est7d_hashrate_ehs_daily,579.817907190133,EH/s,daily,OBM v0.1.0
2024-07-11,obm_est7d_hashrate_ehs_daily,574.191193892154,EH/s,daily,OBM v0.1.0
2024-07-12,obm_est7d_hashrate_ehs_daily,592.581931549779,EH/s,daily,OBM v0.1.0
2024-07-13,obm_est7d_hashrate_ehs_daily,584.020173964766,EH/s,daily,OBM v0.1.0
2024-07-14,obm_est7d_hashrate_ehs_daily,598.574693774760,EH/s,daily,OBM v0.1.0
2024-07-15,obm_est7d_hashrate_ehs_daily,595.208192381545,EH/s,daily,OBM v0.1.0
2024-07-16,obm_est7d_hashrate_ehs_daily,592.141539461298,EH/s,daily,OBM v0.1.0
2024-07-17,obm_est7d_hashrate_ehs_daily,606.392944610144,EH/s,daily,OBM v0.1.0
2024-07-18,obm_est7d_hashrate_ehs_daily,599.580728157161,EH/s,daily,OBM v0.1.0
2024-07-19,obm_est7d_hashrate_ehs_daily,600.247167202599,EH/s,daily,OBM v0.1.0
2024-07-20,obm_est7d_hashrate_ehs_daily,609.927762053603,EH/s,daily,OBM v0.1.0
2024-07-21,obm_est7d_hashrate_ehs_daily,613.920727459501,EH/s,daily,OBM v0.1.0
2024-07-22,obm_est7d_hashrate_ehs_daily,631.967468784072,EH/s,daily,OBM v0.1.0
2024-07-23,obm_est7d_hashrate_ehs_daily,647.365581999935,EH/s,daily,OBM v0.1.0
2024-07-24,obm_est7d_hashrate_ehs_daily,640.194015323016,EH/s,daily,OBM v0.1.0
2024-07-25,obm_est7d_hashrate_ehs_daily,660.772064643759,EH/s,daily,OBM v0.1.0
2024-07-26,obm_est7d_hashrate_ehs_daily,670.810556133039,EH/s,daily,OBM v0.1.0
2024-07-27,obm_est7d_hashrate_ehs_daily,662.100726939193,EH/s,daily,OBM v0.1.0
2024-07-28,obm_est7d_hashrate_ehs_daily,649.893441336587,EH/s,daily,OBM v0.1.0
2024-07-29,obm_est7d_hashrate_ehs_daily,648.428488104056,EH/s,daily,OBM v0.1.0
2024-07-30,obm_est7d_hashrate_ehs_daily,638.354835280489,EH/s,daily,OBM v0.1.0
2024-07-31,obm_est7d_hashrate_ehs_daily,643.498973066169,EH/s,daily,OBM v0.1.0
2024-08-01,obm_est7d_hashrate_ehs_daily,638.809979285615,EH/s,daily,OBM v0.1.0
2024-08-02,obm_est7d_hashrate_ehs_daily,626.536719937712,EH/s,daily,OBM v0.1.0
2024-08-03,obm_est7d_hashrate_ehs_daily,625.623306306606,EH/s,daily,OBM v0.1.0
2024-08-04,obm_est7d_hashrate_ehs_daily,629.913299437115,EH/s,daily,OBM v0.1.0
2024-08-05,obm_est7d_hashrate_ehs_daily,627.263748141437,EH/s,daily,OBM v0.1.0
2024-08-06,obm_est7d_hashrate_ehs_daily,629.473567448068,EH/s,daily,OBM v0.1.0
2024-08-07,obm_est7d_hashrate_ehs_daily,619.241807708733,EH/s,daily,OBM v0.1.0
2024-08-08,obm_est7d_hashrate_ehs_daily,611.754867406129,EH/s,daily,OBM v0.1.0
2024-08-09,obm_est7d_hashrate_ehs_daily,618.131124151730,EH/s,daily,OBM v0.1.0
2024-08-10,obm_est7d_hashrate_ehs_daily,612.268185801331,EH/s,daily,OBM v0.1.0
2024-08-11,obm_est7d_hashrate_ehs_daily,623.938136565713,EH/s,daily,OBM v0.1.0
2024-08-12,obm_est7d_hashrate_ehs_daily,614.973105501164,EH/s,daily,OBM v0.1.0
2024-08-13,obm_est7d_hashrate_ehs_daily,618.135182355417,EH/s,daily,OBM v0.1.0
2024-08-14,obm_est7d_hashrate_ehs_daily,623.259490852802,EH/s,daily,OBM v0.1.0
2024-08-15,obm_est7d_hashrate_ehs_daily,638.341895189015,EH/s,daily,OBM v0.1.0
2024-08-16,obm_est7d_hashrate_ehs_daily,646.177582651315,EH/s,daily,OBM v0.1.0
2024-08-17,obm_est7d_hashrate_ehs_daily,651.363640793673,EH/s,daily,OBM v0.1.0
2024-08-18,obm_est7d_hashrate_ehs_daily,644.617371821399,EH/s,daily,OBM v0.1.0
2024-08-19,obm_est7d_hashrate_ehs_daily,636.789974460169,EH/s,daily,OBM v0.1.0
2024-08-20,obm_est7d_hashrate_ehs_daily,632.292239179462,EH/s,daily,OBM v0.1.0
2024-08-21,obm_est7d_hashrate_ehs_daily,640.047856333490,EH/s,daily,OBM v0.1.0
2024-08-22,obm_est7d_hashrate_ehs_daily,638.287897600572,EH/s,daily,OBM v0.1.0
2024-08-23,obm_est7d_hashrate_ehs_daily,652.146862258414,EH/s,daily,OBM v0.1.0
2024-08-24,obm_est7d_hashrate_ehs_daily,656.874232216311,EH/s,daily,OBM v0.1.0
2024-08-25,obm_est7d_hashrate_ehs_daily,642.461242720630,EH/s,daily,OBM v0.1.0
2024-08-26,obm_est7d_hashrate_ehs_daily,642.688743769088,EH/s,daily,OBM v0.1.0
2024-08-27,obm_est7d_hashrate_ehs_daily,641.095512913132,EH/s,daily,OBM v0.1.0
2024-08-28,obm_est7d_hashrate_ehs_daily,648.420527248149,EH/s,daily,OBM v0.1.0
2024-08-29,obm_est7d_hashrate_ehs_daily,632.753785331238,EH/s,daily,OBM v0.1.0
2024-08-30,obm_est7d_hashrate_ehs_daily,622.665285751776,EH/s,daily,OBM v0.1.0
2024-08-31,obm_est7d_hashrate_ehs_daily,622.424821679070,EH/s,daily,OBM v0.1.0
2024-09-01,obm_est7d_hashrate_ehs_daily,629.230731985887,EH/s,daily,OBM v0.1.0
2024-09-02,obm_est7d_hashrate_ehs_daily,653.279452177837,EH/s,daily,OBM v0.1.0
2024-09-03,obm_est7d_hashrate_ehs_daily,660.427906592753,EH/s,daily,OBM v0.1.0
2024-09-04,obm_est7d_hashrate_ehs_daily,655.410296237887,EH/s,daily,OBM v0.1.0
2024-09-05,obm_est7d_hashrate_ehs_daily,669.912555858457,EH/s,daily,OBM v0.1.0
2024-09-06,obm_est7d_hashrate_ehs_daily,671.807792038526,EH/s,daily,OBM v0.1.0
2024-09-07,obm_est7d_hashrate_ehs_daily,679.673331547823,EH/s,daily,OBM v0.1.0
2024-09-08,obm_est7d_hashrate_ehs_daily,694.790847455916,EH/s,daily,OBM v0.1.0
2024-09-09,obm_est7d_hashrate_ehs_daily,681.556071231291,EH/s,daily,OBM v0.1.0
2024-09-10,obm_est7d_hashrate_ehs_daily,673.440267072441,EH/s,daily,OBM v0.1.0
2024-09-11,obm_est7d_hashrate_ehs_daily,647.536379054723,EH/s,daily,OBM v0.1.0
2024-09-12,obm_est7d_hashrate_ehs_daily,650.904478994128,EH/s,daily,OBM v0.1.0
2024-09-13,obm_est7d_hashrate_ehs_daily,638.203449619994,EH/s,daily,OBM v0.1.0
2024-09-14,obm_est7d_hashrate_ehs_daily,629.491701017758,EH/s,daily,OBM v0.1.0
2024-09-15,obm_est7d_hashrate_ehs_daily,622.001835667627,EH/s,daily,OBM v0.1.0
2024-09-16,obm_est7d_hashrate_ehs_daily,612.488926931915,EH/s,daily,OBM v0.1.0
2024-09-17,obm_est7d_hashrate_ehs_daily,625.797478172091,EH/s,daily,OBM v0.1.0
2024-09-18,obm_est7d_hashrate_ehs_daily,645.929544958505,EH/s,daily,OBM v0.1.0
2024-09-19,obm_est7d_hashrate_ehs_daily,627.036577964231,EH/s,daily,OBM v0.1.0
2024-09-20,obm_est7d_hashrate_ehs_daily,638.888149527814,EH/s,daily,OBM v0.1.0
2024-09-21,obm_est7d_hashrate_ehs_daily,636.435758796972,EH/s,daily,OBM v0.1.0
2024-09-22,obm_est7d_hashrate_ehs_daily,627.427689769997,EH/s,daily,OBM v0.1.0
2024-09-23,obm_est7d_hashrate_ehs_daily,641.165653114145,EH/s,daily,OBM v0.1.0
2024-09-24,obm_est7d_hashrate_ehs_daily,637.292915653582,EH/s,daily,OBM v0.1.0
2024-09-25,obm_est7d_hashrate_ehs_daily,639.863184757676,EH/s,daily,OBM v0.1.0
2024-09-26,obm_est7d_hashrate_ehs_daily,643.387761627383,EH/s,daily,OBM v0.1.0
2024-09-27,obm_est7d_hashrate_ehs_daily,631.874387268611,EH/s,daily,OBM v0.1.0
2024-09-28,obm_est7d_hashrate_ehs_daily,624.100826339055,EH/s,daily,OBM v0.1.0
2024-09-29,obm_est7d_hashrate_ehs_daily,631.617679559991,EH/s,daily,OBM v0.1.0
2024-09-30,obm_est7d_hashrate_ehs_daily,621.609871504774,EH/s,daily,OBM v0.1.0
2024-10-01,obm_est7d_hashrate_ehs_daily,625.776536221786,EH/s,daily,OBM v0.1.0
2024-10-02,obm_est7d_hashrate_ehs_daily,628.659539989916,EH/s,daily,OBM v0.1.0
2024-10-03,obm_est7d_hashrate_ehs_daily,646.237397672561,EH/s,daily,OBM v0.1.0
2024-10-04,obm_est7d_hashrate_ehs_daily,667.407893012972,EH/s,daily,OBM v0.1.0
2024-10-05,obm_est7d_hashrate_ehs_daily,680.454100574156,EH/s,daily,OBM v0.1.0
2024-10-06,obm_est7d_hashrate_ehs_daily,677.985758718023,EH/s,daily,OBM v0.1.0
2024-10-07,obm_est7d_hashrate_ehs_daily,689.979950595085,EH/s,daily,OBM v0.1.0
2024-10-08,obm_est7d_hashrate_ehs_daily,697.166982903434,EH/s,daily,OBM v0.1.0
2024-10-09,obm_est7d_hashrate_ehs_daily,680.331093835834,EH/s,daily,OBM v0.1.0
2024-10-10,obm_est7d_hashrate_ehs_daily,683.211239327213,EH/s,daily,OBM v0.1.0
2024-10-11,obm_est7d_hashrate_ehs_daily,668.770153130467,EH/s,daily,OBM v0.1.0
2024-10-12,obm_est7d_hashrate_ehs_daily,666.550961863349,EH/s,daily,OBM v0.1.0
2024-10-13,obm_est7d_hashrate_ehs_daily,661.306991236989,EH/s,daily,OBM v0.1.0
2024-10-14,obm_est7d_hashrate_ehs_daily,655.784401741843,EH/s,daily,OBM v0.1.0
2024-10-15,obm_est7d_hashrate_ehs_daily,653.384840253303,EH/s,daily,OBM v0.1.0
2024-10-16,obm_est7d_hashrate_ehs_daily,664.352273167408,EH/s,daily,OBM v0.1.0
2024-10-17,obm_est7d_hashrate_ehs_daily,664.625627382059,EH/s,daily,OBM v0.1.0
2024-10-18,obm_est7d_hashrate_ehs_daily,660.626006197162,EH/s,daily,OBM v0.1.0
2024-10-19,obm_est7d_hashrate_ehs_daily,681.722691189450,EH/s,daily,OBM v0.1.0
2024-10-20,obm_est7d_hashrate_ehs_daily,703.406875923513,EH/s,daily,OBM v0.1.0
2024-10-21,obm_est7d_hashrate_ehs_daily,725.212099122685,EH/s,daily,OBM v0.1.0
2024-10-22,obm_est7d_hashrate_ehs_daily,715.766534722337,EH/s,daily,OBM v0.1.0
2024-10-23,obm_est7d_hashrate_ehs_daily,725.994209543366,EH/s,daily,OBM v0.1.0
2024-10-24,obm_est7d_hashrate_ehs_daily,721.349382023993,EH/s,daily,OBM v0.1.0
2024-10-25,obm_est7d_hashrate_ehs_daily,737.173329290541,EH/s,daily,OBM v0.1.0
2024-10-26,obm_est7d_hashrate_ehs_daily,721.791257849437,EH/s,daily,OBM v0.1.0
2024-10-27,obm_est7d_hashrate_ehs_daily,718.360727038112,EH/s,daily,OBM v0.1.0
2024-10-28,obm_est7d_hashrate_ehs_daily,721.234286754266,EH/s,daily,OBM v0.1.0
2024-10-29,obm_est7d_hashrate_ehs_daily,737.569123760537,EH/s,daily,OBM v0.1.0
2024-10-30,obm_est7d_hashrate_ehs_daily,750.848342034851,EH/s,daily,OBM v0.1.0
2024-10-31,obm_est7d_hashrate_ehs_daily,755.876148985872,EH/s,daily,OBM v0.1.0
2024-11-01,obm_est7d_hashrate_ehs_daily,757.027015189394,EH/s,daily,OBM v0.1.0
2024-11-02,obm_est7d_hashrate_ehs_daily,754.434310893058,EH/s,daily,OBM v0.1.0
2024-11-03,obm_est7d_hashrate_ehs_daily,735.915404994636,EH/s,daily,OBM v0.1.0
2024-11-04,obm_est7d_hashrate_ehs_daily,724.023194302121,EH/s,daily,OBM v0.1.0
2024-11-05,obm_est7d_hashrate_ehs_daily,716.188318875296,EH/s,daily,OBM v0.1.0
2024-11-06,obm_est7d_hashrate_ehs_daily,711.405837423983,EH/s,daily,OBM v0.1.0
2024-11-07,obm_est7d_hashrate_ehs_daily,717.397809154266,EH/s,daily,OBM v0.1.0
2024-11-08,obm_est7d_hashrate_ehs_daily,717.637640774313,EH/s,daily,OBM v0.1.0
2024-11-09,obm_est7d_hashrate_ehs_daily,720.334019272483,EH/s,daily,OBM v0.1.0
2024-11-10,obm_est7d_hashrate_ehs_daily,736.377320273782,EH/s,daily,OBM v0.1.0
2024-11-11,obm_est7d_hashrate_ehs_daily,732.978114888328,EH/s,daily,OBM v0.1.0
2024-11-12,obm_est7d_hashrate_ehs_daily,741.070757852023,EH/s,daily,OBM v0.1.0
2024-11-13,obm_est7d_hashrate_ehs_daily,726.266291978742,EH/s,daily,OBM v0.1.0
2024-11-14,obm_est7d_hashrate_ehs_daily,705.794198448930,EH/s,daily,OBM v0.1.0
2024-11-15,obm_est7d_hashrate_ehs_daily,712.767133437286,EH/s,daily,OBM v0.1.0
2024-11-16,obm_est7d_hashrate_ehs_daily,724.384911238948,EH/s,daily,OBM v0.1.0
2024-11-17,obm_est7d_hashrate_ehs_daily,725.679376278558,EH/s,daily,OBM v0.1.0
2024-11-18,obm_est7d_hashrate_ehs_daily,739.821798541021,EH/s,daily,OBM v0.1.0
2024-11-19,obm_est7d_hashrate_ehs_daily,762.103806357862,EH/s,daily,OBM v0.1.0
2024-11-20,obm_est7d_hashrate_ehs_daily,769.996515879399,EH/s,daily,OBM v0.1.0
2024-11-21,obm_est7d_hashrate_ehs_daily,781.221553881897,EH/s,daily,OBM v0.1.0
2024-11-22,obm_est7d_hashrate_ehs_daily,779.403516722836,EH/s,daily,OBM v0.1.0
2024-11-23,obm_est7d_hashrate_ehs_daily,764.653037562012,EH/s,daily,OBM v0.1.0
2024-11-24,obm_est7d_hashrate_ehs_daily,754.652589457747,EH/s,daily,OBM v0.1.0
2024-11-25,obm_est7d_hashrate_ehs_daily,764.226263116176,EH/s,daily,OBM v0.1.0
2024-11-26,obm_est7d_hashrate_ehs_daily,737.635612351684,EH/s,daily,OBM v0.1.0
2024-11-27,obm_est7d_hashrate_ehs_daily,727.885183368609,EH/s,daily,OBM v0.1.0
2024-11-28,obm_est7d_hashrate_ehs_daily,725.698388232507,EH/s,daily,OBM v0.1.0
2024-11-29,obm_est7d_hashrate_ehs_daily,709.574188848943,EH/s,daily,OBM v0.1.0
2024-11-30,obm_est7d_hashrate_ehs_daily,729.384457952730,EH/s,daily,OBM v0.1.0
2024-12-01,obm_est7d_hashrate_ehs_daily,745.528063289043,EH/s,daily,OBM v0.1.0
2024-12-02,obm_est7d_hashrate_ehs_daily,718.041716718608,EH/s,daily,OBM v0.1.0
2024-12-03,obm_est7d_hashrate_ehs_daily,731.598384868965,EH/s,daily,OBM v0.1.0
2024-12-04,obm_est7d_hashrate_ehs_daily,742.872062536817,EH/s,daily,OBM v0.1.0
2024-12-05,obm_est7d_hashrate_ehs_daily,753.763526058920,EH/s,daily,OBM v0.1.0
2024-12-06,obm_est7d_hashrate_ehs_daily,767.353357966060,EH/s,daily,OBM v0.1.0
2024-12-07,obm_est7d_hashrate_ehs_daily,754.710339288420,EH/s,daily,OBM v0.1.0
2024-12-08,obm_est7d_hashrate_ehs_daily,746.636670331549,EH/s,daily,OBM v0.1.0
2024-12-09,obm_est7d_hashrate_ehs_daily,776.039629478258,EH/s,daily,OBM v0.1.0
2024-12-10,obm_est7d_hashrate_ehs_daily,773.235945471680,EH/s,daily,OBM v0.1.0
2024-12-11,obm_est7d_hashrate_ehs_daily,771.552773997599,EH/s,daily,OBM v0.1.0
2024-12-12,obm_est7d_hashrate_ehs_daily,764.406527960035,EH/s,daily,OBM v0.1.0
2024-12-13,obm_est7d_hashrate_ehs_daily,790.341380953913,EH/s,daily,OBM v0.1.0
2024-12-14,obm_est7d_hashrate_ehs_daily,802.828832140195,EH/s,daily,OBM v0.1.0
2024-12-15,obm_est7d_hashrate_ehs_daily,796.993986140002,EH/s,daily,OBM v0.1.0
2024-12-16,obm_est7d_hashrate_ehs_daily,785.388201459399,EH/s,daily,OBM v0.1.0
2024-12-17,obm_est7d_hashrate_ehs_daily,777.153427912930,EH/s,daily,OBM v0.1.0
2024-12-18,obm_est7d_hashrate_ehs_daily,786.632612969409,EH/s,daily,OBM v0.1.0
2024-12-19,obm_est7d_hashrate_ehs_daily,785.491493850318,EH/s,daily,OBM v0.1.0
2024-12-20,obm_est7d_hashrate_ehs_daily,778.299921503684,EH/s,daily,OBM v0.1.0
2024-12-21,obm_est7d_hashrate_ehs_daily,772.857513194395,EH/s,daily,OBM v0.1.0
2024-12-22,obm_est7d_hashrate_ehs_daily,789.143296094388,EH/s,daily,OBM v0.1.0
2024-12-23,obm_est7d_hashrate_ehs_daily,784.516938064854,EH/s,daily,OBM v0.1.0
2024-12-24,obm_est7d_hashrate_ehs_daily,781.054817883692,EH/s,daily,OBM v0.1.0
2024-12-25,obm_est7d_hashrate_ehs_daily,787.845603335323,EH/s,daily,OBM v0.1.0
2024-12-26,obm_est7d_hashrate_ehs_daily,774.404429873919,EH/s,daily,OBM v0.1.0
2024-12-27,obm_est7d_hashrate_ehs_daily,781.464122124689,EH/s,daily,OBM v0.1.0
2024-12-28,obm_est7d_hashrate_ehs_daily,778.945497292229,EH/s,daily,OBM v0.1.0
2024-12-29,obm_est7d_hashrate_ehs_daily,781.348393729784,EH/s,daily,OBM v0.1.0
2024-12-30,obm_est7d_hashrate_ehs_daily,800.568821332079,EH/s,daily,OBM v0.1.0
2024-12-31,obm_est7d_hashrate_ehs_daily,797.444635831352,EH/s,daily,OBM v0.1.0
2025-01-01,obm_est7d_hashrate_ehs_daily,791.316767032292,EH/s,daily,OBM v0.1.0
2025-01-02,obm_est7d_hashrate_ehs_daily,818.541178469807,EH/s,daily,OBM v0.1.0
2025-01-03,obm_est7d_hashrate_ehs_daily,807.252731383520,EH/s,daily,OBM v0.1.0
2025-01-04,obm_est7d_hashrate_ehs_daily,814.623810700599,EH/s,daily,OBM v0.1.0
2025-01-05,obm_est7d_hashrate_ehs_daily,817.621828053702,EH/s,daily,OBM v0.1.0
2025-01-06,obm_est7d_hashrate_ehs_daily,792.107263200057,EH/s,daily,OBM v0.1.0
2025-01-07,obm_est7d_hashrate_ehs_daily,797.934345775592,EH/s,daily,OBM v0.1.0
2025-01-08,obm_est7d_hashrate_ehs_daily,784.657341767496,EH/s,daily,OBM v0.1.0
2025-01-09,obm_est7d_hashrate_ehs_daily,773.537335493430,EH/s,daily,OBM v0.1.0
2025-01-10,obm_est7d_hashrate_ehs_daily,773.872985998478,EH/s,daily,OBM v0.1.0
2025-01-11,obm_est7d_hashrate_ehs_daily,766.710331530734,EH/s,daily,OBM v0.1.0
2025-01-12,obm_est7d_hashrate_ehs_daily,777.917975957231,EH/s,daily,OBM v0.1.0
2025-01-13,obm_est7d_hashrate_ehs_daily,774.701679260151,EH/s,daily,OBM v0.1.0
2025-01-14,obm_est7d_hashrate_ehs_daily,791.482120195213,EH/s,daily,OBM v0.1.0
2025-01-15,obm_est7d_hashrate_ehs_daily,803.868854294634,EH/s,daily,OBM v0.1.0
2025-01-16,obm_est7d_hashrate_ehs_daily,785.721171558808,EH/s,daily,OBM v0.1.0
2025-01-17,obm_est7d_hashrate_ehs_daily,791.351393603190,EH/s,daily,OBM v0.1.0
2025-01-18,obm_est7d_hashrate_ehs_daily,787.092677724856,EH/s,daily,OBM v0.1.0
2025-01-19,obm_est7d_hashrate_ehs_daily,768.971905280992,EH/s,daily,OBM v0.1.0
2025-01-20,obm_est7d_hashrate_ehs_daily,787.952266753231,EH/s,daily,OBM v0.1.0
2025-01-21,obm_est7d_hashrate_ehs_daily,771.487979278560,EH/s,daily,OBM v0.1.0
2025-01-22,obm_est7d_hashrate_ehs_daily,783.412332002202,EH/s,daily,OBM v0.1.0
2025-01-23,obm_est7d_hashrate_ehs_daily,785.916442328208,EH/s,daily,OBM v0.1.0
2025-01-24,obm_est7d_hashrate_ehs_daily,779.878608291094,EH/s,daily,OBM v0.1.0
2025-01-25,obm_est7d_hashrate_ehs_daily,776.588692582421,EH/s,daily,OBM v0.1.0
2025-01-26,obm_est7d_hashrate_ehs_daily,766.148678583049,EH/s,daily,OBM v0.1.0
2025-01-27,obm_est7d_hashrate_ehs_daily,767.228940764174,EH/s,daily,OBM v0.1.0
2025-01-28,obm_est7d_hashrate_ehs_daily,780.352659749226,EH/s,daily,OBM v0.1.0
2025-01-29,obm_est7d_hashrate_ehs_daily,778.180683854102,EH/s,daily,OBM v0.1.0
2025-01-30,obm_est7d_hashrate_ehs_daily,783.930316658074,EH/s,daily,OBM v0.1.0
2025-01-31,obm_est7d_hashrate_ehs_daily,769.394125469887,EH/s,daily,OBM v0.1.0
2025-02-01,obm_est7d_hashrate_ehs_daily,809.117593782955,EH/s,daily,OBM v0.1.0
2025-02-02,obm_est7d_hashrate_ehs_daily,834.714822654092,EH/s,daily,OBM v0.1.0
2025-02-03,obm_est7d_hashrate_ehs_daily,833.293249755479,EH/s,daily,OBM v0.1.0
2025-02-04,obm_est7d_hashrate_ehs_daily,824.550147742910,EH/s,daily,OBM v0.1.0
2025-02-05,obm_est7d_hashrate_ehs_daily,808.795512228587,EH/s,daily,OBM v0.1.0
2025-02-06,obm_est7d_hashrate_ehs_daily,809.225224167786,EH/s,daily,OBM v0.1.0
2025-02-07,obm_est7d_hashrate_ehs_daily,847.725145931409,EH/s,daily,OBM v0.1.0
2025-02-08,obm_est7d_hashrate_ehs_daily,827.410272874565,EH/s,daily,OBM v0.1.0
2025-02-09,obm_est7d_hashrate_ehs_daily,810.981074367841,EH/s,daily,OBM v0.1.0
2025-02-10,obm_est7d_hashrate_ehs_daily,809.732507660742,EH/s,daily,OBM v0.1.0
2025-02-11,obm_est7d_hashrate_ehs_daily,806.999150720726,EH/s,daily,OBM v0.1.0
2025-02-12,obm_est7d_hashrate_ehs_daily,803.597612103910,EH/s,daily,OBM v0.1.0
2025-02-13,obm_est7d_hashrate_ehs_daily,819.659634066758,EH/s,daily,OBM v0.1.0
2025-02-14,obm_est7d_hashrate_ehs_daily,808.889139295531,EH/s,daily,OBM v0.1.0
2025-02-15,obm_est7d_hashrate_ehs_daily,816.659027538534,EH/s,daily,OBM v0.1.0
2025-02-16,obm_est7d_hashrate_ehs_daily,826.022553429458,EH/s,daily,OBM v0.1.0
2025-02-17,obm_est7d_hashrate_ehs_daily,825.698807175232,EH/s,daily,OBM v0.1.0
2025-02-18,obm_est7d_hashrate_ehs_daily,837.369982466610,EH/s,daily,OBM v0.1.0
2025-02-19,obm_est7d_hashrate_ehs_daily,832.824075900247,EH/s,daily,OBM v0.1.0
2025-02-20,obm_est7d_hashrate_ehs_daily,807.934230227015,EH/s,daily,OBM v0.1.0
2025-02-21,obm_est7d_hashrate_ehs_daily,789.572313916463,EH/s,daily,OBM v0.1.0
2025-02-22,obm_est7d_hashrate_ehs_daily,773.375903645345,EH/s,daily,OBM v0.1.0
2025-02-23,obm_est7d_hashrate_ehs_daily,756.795841648060,EH/s,daily,OBM v0.1.0
2025-02-24,obm_est7d_hashrate_ehs_daily,745.794360186555,EH/s,daily,OBM v0.1.0
2025-02-25,obm_est7d_hashrate_ehs_daily,746.814359275326,EH/s,daily,OBM v0.1.0
2025-02-26,obm_est7d_hashrate_ehs_daily,769.144046104505,EH/s,daily,OBM v0.1.0
2025-02-27,obm_est7d_hashrate_ehs_daily,783.610801093660,EH/s,daily,OBM v0.1.0
2025-02-28,obm_est7d_hashrate_ehs_daily,799.018696402824,EH/s,daily,OBM v0.1.0
2025-03-01,obm_est7d_hashrate_ehs_daily,798.980024843624,EH/s,daily,OBM v0.1.0
2025-03-02,obm_est7d_hashrate_ehs_daily,795.310516096411,EH/s,daily,OBM v0.1.0
2025-03-03,obm_est7d_hashrate_ehs_daily,812.305145225480,EH/s,daily,OBM v0.1.0
2025-03-04,obm_est7d_hashrate_ehs_daily,811.189144146772,EH/s,daily,OBM v0.1.0
2025-03-05,obm_est7d_hashrate_ehs_daily,791.798404963975,EH/s,daily,OBM v0.1.0
2025-03-06,obm_est7d_hashrate_ehs_daily,806.930069233858,EH/s,daily,OBM v0.1.0
2025-03-07,obm_est7d_hashrate_ehs_daily,798.336232505769,EH/s,daily,OBM v0.1.0
2025-03-08,obm_est7d_hashrate_ehs_daily,789.527424627209,EH/s,daily,OBM v0.1.0
2025-03-09,obm_est7d_hashrate_ehs_daily,815.801533240593,EH/s,daily,OBM v0.1.0
2025-03-10,obm_est7d_hashrate_ehs_daily,820.595163221417,EH/s,daily,OBM v0.1.0
2025-03-11,obm_est7d_hashrate_ehs_daily,816.474051093418,EH/s,daily,OBM v0.1.0
2025-03-12,obm_est7d_hashrate_ehs_daily,834.258790584160,EH/s,daily,OBM v0.1.0
2025-03-13,obm_est7d_hashrate_ehs_daily,825.925652378892,EH/s,daily,OBM v0.1.0
2025-03-14,obm_est7d_hashrate_ehs_daily,828.723025372909,EH/s,daily,OBM v0.1.0
2025-03-15,obm_est7d_hashrate_ehs_daily,825.803833042296,EH/s,daily,OBM v0.1.0
2025-03-16,obm_est7d_hashrate_ehs_daily,816.152646389682,EH/s,daily,OBM v0.1.0
2025-03-17,obm_est7d_hashrate_ehs_daily,806.142366136010,EH/s,daily,OBM v0.1.0
2025-03-18,obm_est7d_hashrate_ehs_daily,808.153197972161,EH/s,daily,OBM v0.1.0
2025-03-19,obm_est7d_hashrate_ehs_daily,806.424472046188,EH/s,daily,OBM v0.1.0
2025-03-20,obm_est7d_hashrate_ehs_daily,795.289462455553,EH/s,daily,OBM v0.1.0
2025-03-21,obm_est7d_hashrate_ehs_daily,796.231305391817,EH/s,daily,OBM v0.1.0
2025-03-22,obm_est7d_hashrate_ehs_daily,809.782057186705,EH/s,daily,OBM v0.1.0
2025-03-23,obm_est7d_hashrate_ehs_daily,820.184968277106,EH/s,daily,OBM v0.1.0
2025-03-24,obm_est7d_hashrate_ehs_daily,833.066655403645,EH/s,daily,OBM v0.1.0
2025-03-25,obm_est7d_hashrate_ehs_daily,840.278864267647,EH/s,daily,OBM v0.1.0
2025-03-26,obm_est7d_hashrate_ehs_daily,843.440103392811,EH/s,daily,OBM v0.1.0
2025-03-27,obm_est7d_hashrate_ehs_daily,849.376533077209,EH/s,daily,OBM v0.1.0
2025-03-28,obm_est7d_hashrate_ehs_daily,857.205193030424,EH/s,daily,OBM v0.1.0
2025-03-29,obm_est7d_hashrate_ehs_daily,851.541036924346,EH/s,daily,OBM v0.1.0
2025-03-30,obm_est7d_hashrate_ehs_daily,838.213936136158,EH/s,daily,OBM v0.1.0
2025-03-31,obm_est7d_hashrate_ehs_daily,833.774867762124,EH/s,daily,OBM v0.1.0
2025-04-01,obm_est7d_hashrate_ehs_daily,820.192070398814,EH/s,daily,OBM v0.1.0
2025-04-02,obm_est7d_hashrate_ehs_daily,839.307434681066,EH/s,daily,OBM v0.1.0
2025-04-03,obm_est7d_hashrate_ehs_daily,840.357151149383,EH/s,daily,OBM v0.1.0
2025-04-04,obm_est7d_hashrate_ehs_daily,862.982044746256,EH/s,daily,OBM v0.1.0
2025-04-05,obm_est7d_hashrate_ehs_daily,883.677550507221,EH/s,daily,OBM v0.1.0
2025-04-06,obm_est7d_hashrate_ehs_daily,898.380219740413,EH/s,daily,OBM v0.1.0
2025-04-07,obm_est7d_hashrate_ehs_daily,905.039378946278,EH/s,daily,OBM v0.1.0
2025-04-08,obm_est7d_hashrate_ehs_daily,925.754702558757,EH/s,daily,OBM v0.1.0
2025-04-09,obm_est7d_hashrate_ehs_daily,900.095449115562,EH/s,daily,OBM v0.1.0
2025-04-10,obm_est7d_hashrate_ehs_daily,901.015497535783,EH/s,daily,OBM v0.1.0
2025-04-11,obm_est7d_hashrate_ehs_daily,883.667544041692,EH/s,daily,OBM v0.1.0
2025-04-12,obm_est7d_hashrate_ehs_daily,873.078717089590,EH/s,daily,OBM v0.1.0
2025-04-13,obm_est7d_hashrate_ehs_daily,894.939023348149,EH/s,daily,OBM v0.1.0
2025-04-14,obm_est7d_hashrate_ehs_daily,899.055630495133,EH/s,daily,OBM v0.1.0
2025-04-15,obm_est7d_hashrate_ehs_daily,891.892400364619,EH/s,daily,OBM v0.1.0
2025-04-16,obm_est7d_hashrate_ehs_daily,908.728886436980,EH/s,daily,OBM v0.1.0
2025-04-17,obm_est7d_hashrate_ehs_daily,913.978109139362,EH/s,daily,OBM v0.1.0
2025-04-18,obm_est7d_hashrate_ehs_daily,904.190865973175,EH/s,daily,OBM v0.1.0
2025-04-19,obm_est7d_hashrate_ehs_daily,901.186534214791,EH/s,daily,OBM v0.1.0
2025-04-20,obm_est7d_hashrate_ehs_daily,858.969460840887,EH/s,daily,OBM v0.1.0
2025-04-21,obm_est7d_hashrate_ehs_daily,841.204354260771,EH/s,daily,OBM v0.1.0
2025-04-22,obm_est7d_hashrate_ehs_daily,853.471949065835,EH/s,daily,OBM v0.1.0
2025-04-23,obm_est7d_hashrate_ehs_daily,823.908984128691,EH/s,daily,OBM v0.1.0
2025-04-24,obm_est7d_hashrate_ehs_daily,817.981680756414,EH/s,daily,OBM v0.1.0
2025-04-25,obm_est7d_hashrate_ehs_daily,824.405943184119,EH/s,daily,OBM v0.1.0
2025-04-26,obm_est7d_hashrate_ehs_daily,821.842536053524,EH/s,daily,OBM v0.1.0
2025-04-27,obm_est7d_hashrate_ehs_daily,829.721098633627,EH/s,daily,OBM v0.1.0
2025-04-28,obm_est7d_hashrate_ehs_daily,843.286063898907,EH/s,daily,OBM v0.1.0
2025-04-29,obm_est7d_hashrate_ehs_daily,838.281326306254,EH/s,daily,OBM v0.1.0
2025-04-30,obm_est7d_hashrate_ehs_daily,850.972951504054,EH/s,daily,OBM v0.1.0
2025-05-01,obm_est7d_hashrate_ehs_daily,848.738384991838,EH/s,daily,OBM v0.1.0
2025-05-02,obm_est7d_hashrate_ehs_daily,860.544769750210,EH/s,daily,OBM v0.1.0
2025-05-03,obm_est7d_hashrate_ehs_daily,885.515794347547,EH/s,daily,OBM v0.1.0
2025-05-04,obm_est7d_hashrate_ehs_daily,886.376410426735,EH/s,daily,OBM v0.1.0
2025-05-05,obm_est7d_hashrate_ehs_daily,909.747671871162,EH/s,daily,OBM v0.1.0
2025-05-06,obm_est7d_hashrate_ehs_daily,899.729491364343,EH/s,daily,OBM v0.1.0
2025-05-07,obm_est7d_hashrate_ehs_daily,911.543361492486,EH/s,daily,OBM v0.1.0
2025-05-08,obm_est7d_hashrate_ehs_daily,928.126604377880,EH/s,daily,OBM v0.1.0
2025-05-09,obm_est7d_hashrate_ehs_daily,907.126497143216,EH/s,daily,OBM v0.1.0
2025-05-10,obm_est7d_hashrate_ehs_daily,891.836402109040,EH/s,daily,OBM v0.1.0
2025-05-11,obm_est7d_hashrate_ehs_daily,899.147309743802,EH/s,daily,OBM v0.1.0
2025-05-12,obm_est7d_hashrate_ehs_daily,875.753494908047,EH/s,daily,OBM v0.1.0
2025-05-13,obm_est7d_hashrate_ehs_daily,867.633489688286,EH/s,daily,OBM v0.1.0
2025-05-14,obm_est7d_hashrate_ehs_daily,863.103259930739,EH/s,daily,OBM v0.1.0
2025-05-15,obm_est7d_hashrate_ehs_daily,849.480415139890,EH/s,daily,OBM v0.1.0
2025-05-16,obm_est7d_hashrate_ehs_daily,847.639462113944,EH/s,daily,OBM v0.1.0
2025-05-17,obm_est7d_hashrate_ehs_daily,841.770830017886,EH/s,daily,OBM v0.1.0
2025-05-18,obm_est7d_hashrate_ehs_daily,855.694962549061,EH/s,daily,OBM v0.1.0
2025-05-19,obm_est7d_hashrate_ehs_daily,856.690807626031,EH/s,daily,OBM v0.1.0
2025-05-20,obm_est7d_hashrate_ehs_daily,872.932425263676,EH/s,daily,OBM v0.1.0
2025-05-21,obm_est7d_hashrate_ehs_daily,876.257559854582,EH/s,daily,OBM v0.1.0
2025-05-22,obm_est7d_hashrate_ehs_daily,882.684599560340,EH/s,daily,OBM v0.1.0
2025-05-23,obm_est7d_hashrate_ehs_daily,900.835419966319,EH/s,daily,OBM v0.1.0
2025-05-24,obm_est7d_hashrate_ehs_daily,899.957394945567,EH/s,daily,OBM v0.1.0
2025-05-25,obm_est7d_hashrate_ehs_daily,891.565887210816,EH/s,daily,OBM v0.1.0
2025-05-26,obm_est7d_hashrate_ehs_daily,900.668420459834,EH/s,daily,OBM v0.1.0
2025-05-27,obm_est7d_hashrate_ehs_daily,895.110943474526,EH/s,daily,OBM v0.1.0
2025-05-28,obm_est7d_hashrate_ehs_daily,912.489329302204,EH/s,daily,OBM v0.1.0
2025-05-29,obm_est7d_hashrate_ehs_daily,921.643573100894,EH/s,daily,OBM v0.1.0
2025-05-30,obm_est7d_hashrate_ehs_daily,919.593179424341,EH/s,daily,OBM v0.1.0
2025-05-31,obm_est7d_hashrate_ehs_daily,943.840688586986,EH/s,daily,OBM v0.1.0
2025-06-01,obm_est7d_hashrate_ehs_daily,933.229988351964,EH/s,daily,OBM v0.1.0
2025-06-02,obm_est7d_hashrate_ehs_daily,923.868653315123,EH/s,daily,OBM v0.1.0
2025-06-03,obm_est7d_hashrate_ehs_daily,928.502928121330,EH/s,daily,OBM v0.1.0
2025-06-04,obm_est7d_hashrate_ehs_daily,900.784027310896,EH/s,daily,OBM v0.1.0
2025-06-05,obm_est7d_hashrate_ehs_daily,887.591931932769,EH/s,daily,OBM v0.1.0
2025-06-06,obm_est7d_hashrate_ehs_daily,870.695577358029,EH/s,daily,OBM v0.1.0
2025-06-07,obm_est7d_hashrate_ehs_daily,855.799652858136,EH/s,daily,OBM v0.1.0
2025-06-08,obm_est7d_hashrate_ehs_daily,873.456738875248,EH/s,daily,OBM v0.1.0
2025-06-09,obm_est7d_hashrate_ehs_daily,881.296114283516,EH/s,daily,OBM v0.1.0
2025-06-10,obm_est7d_hashrate_ehs_daily,901.844405204411,EH/s,daily,OBM v0.1.0
2025-06-11,obm_est7d_hashrate_ehs_daily,915.114473743878,EH/s,daily,OBM v0.1.0
2025-06-12,obm_est7d_hashrate_ehs_daily,929.712250904979,EH/s,daily,OBM v0.1.0
2025-06-13,obm_est7d_hashrate_ehs_daily,937.906164806089,EH/s,daily,OBM v0.1.0
2025-06-14,obm_est7d_hashrate_ehs_daily,945.450982438304,EH/s,daily,OBM v0.1.0
2025-06-15,obm_est7d_hashrate_ehs_daily,929.763127089624,EH/s,daily,OBM v0.1.0
2025-06-16,obm_est7d_hashrate_ehs_daily,934.818720721008,EH/s,daily,OBM v0.1.0
2025-06-17,obm_est7d_hashrate_ehs_daily,888.191727801942,EH/s,daily,OBM v0.1.0
2025-06-18,obm_est7d_hashrate_ehs_daily,885.829141259886,EH/s,daily,OBM v0.1.0
2025-06-19,obm_est7d_hashrate_ehs_daily,866.710061537630,EH/s,daily,OBM v0.1.0
2025-06-20,obm_est7d_hashrate_ehs_daily,871.110352168296,EH/s,daily,OBM v0.1.0
2025-06-21,obm_est7d_hashrate_ehs_daily,863.875976816256,EH/s,daily,OBM v0.1.0
2025-06-22,obm_est7d_hashrate_ehs_daily,836.370395233448,EH/s,daily,OBM v0.1.0
2025-06-23,obm_est7d_hashrate_ehs_daily,801.290161663913,EH/s,daily,OBM v0.1.0
2025-06-24,obm_est7d_hashrate_ehs_daily,800.031723805762,EH/s,daily,OBM v0.1.0
2025-06-25,obm_est7d_hashrate_ehs_daily,805.163992079884,EH/s,daily,OBM v0.1.0
2025-06-26,obm_est7d_hashrate_ehs_daily,829.996769448128,EH/s,daily,OBM v0.1.0
2025-06-27,obm_est7d_hashrate_ehs_daily,798.669212678081,EH/s,daily,OBM v0.1.0
2025-06-28,obm_est7d_hashrate_ehs_daily,804.410707809115,EH/s,daily,OBM v0.1.0
2025-06-29,obm_est7d_hashrate_ehs_daily,846.686212885146,EH/s,daily,OBM v0.1.0
2025-06-30,obm_est7d_hashrate_ehs_daily,870.709495510499,EH/s,daily,OBM v0.1.0
2025-07-01,obm_est7d_hashrate_ehs_daily,879.384994374889,EH/s,daily,OBM v0.1.0
2025-07-02,obm_est7d_hashrate_ehs_daily,876.474938091341,EH/s,daily,OBM v0.1.0
2025-07-03,obm_est7d_hashrate_ehs_daily,862.178007930635,EH/s,daily,OBM v0.1.0
2025-07-04,obm_est7d_hashrate_ehs_daily,890.033670918734,EH/s,daily,OBM v0.1.0
2025-07-05,obm_est7d_hashrate_ehs_daily,889.590966184788,EH/s,daily,OBM v0.1.0
2025-07-06,obm_est7d_hashrate_ehs_daily,880.219984705184,EH/s,daily,OBM v0.1.0
2025-07-07,obm_est7d_hashrate_ehs_daily,885.747870966986,EH/s,daily,OBM v0.1.0
2025-07-08,obm_est7d_hashrate_ehs_daily,892.466391070094,EH/s,daily,OBM v0.1.0
2025-07-09,obm_est7d_hashrate_ehs_daily,901.929238807648,EH/s,daily,OBM v0.1.0
2025-07-10,obm_est7d_hashrate_ehs_daily,918.360084622548,EH/s,daily,OBM v0.1.0
2025-07-11,obm_est7d_hashrate_ehs_daily,911.401692063810,EH/s,daily,OBM v0.1.0
2025-07-12,obm_est7d_hashrate_ehs_daily,910.848167581352,EH/s,daily,OBM v0.1.0
2025-07-13,obm_est7d_hashrate_ehs_daily,905.188271201776,EH/s,daily,OBM v0.1.0
2025-07-14,obm_est7d_hashrate_ehs_daily,906.055265801272,EH/s,daily,OBM v0.1.0
2025-07-15,obm_est7d_hashrate_ehs_daily,936.445209781220,EH/s,daily,OBM v0.1.0
2025-07-16,obm_est7d_hashrate_ehs_daily,917.057744816612,EH/s,daily,OBM v0.1.0
2025-07-17,obm_est7d_hashrate_ehs_daily,897.507166679806,EH/s,daily,OBM v0.1.0
2025-07-18,obm_est7d_hashrate_ehs_daily,900.874829039600,EH/s,daily,OBM v0.1.0
2025-07-19,obm_est7d_hashrate_ehs_daily,896.692167163694,EH/s,daily,OBM v0.1.0
2025-07-20,obm_est7d_hashrate_ehs_daily,914.306073311425,EH/s,daily,OBM v0.1.0
2025-07-21,obm_est7d_hashrate_ehs_daily,911.933081392676,EH/s,daily,OBM v0.1.0
2025-07-22,obm_est7d_hashrate_ehs_daily,901.952526312872,EH/s,daily,OBM v0.1.0
2025-07-23,obm_est7d_hashrate_ehs_daily,908.783836175618,EH/s,daily,OBM v0.1.0
2025-07-24,obm_est7d_hashrate_ehs_daily,917.888186389189,EH/s,daily,OBM v0.1.0
2025-07-25,obm_est7d_hashrate_ehs_daily,933.310818450325,EH/s,daily,OBM v0.1.0
2025-07-26,obm_est7d_hashrate_ehs_daily,944.980843856408,EH/s,daily,OBM v0.1.0
2025-07-27,obm_est7d_hashrate_ehs_daily,933.233794990262,EH/s,daily,OBM v0.1.0
2025-07-28,obm_est7d_hashrate_ehs_daily,934.233296766502,EH/s,daily,OBM v0.1.0
2025-07-29,obm_est7d_hashrate_ehs_daily,897.852979126319,EH/s,daily,OBM v0.1.0
2025-07-30,obm_est7d_hashrate_ehs_daily,899.526667586101,EH/s,daily,OBM v0.1.0
2025-07-31,obm_est7d_hashrate_ehs_daily,903.445530213170,EH/s,daily,OBM v0.1.0
2025-08-01,obm_est7d_hashrate_ehs_daily,898.860585915832,EH/s,daily,OBM v0.1.0
2025-08-02,obm_est7d_hashrate_ehs_daily,893.567727782401,EH/s,daily,OBM v0.1.0
2025-08-03,obm_est7d_hashrate_ehs_daily,906.128176411902,EH/s,daily,OBM v0.1.0
2025-08-04,obm_est7d_hashrate_ehs_daily,931.551679674776,EH/s,daily,OBM v0.1.0
2025-08-05,obm_est7d_hashrate_ehs_daily,953.767495465598,EH/s,daily,OBM v0.1.0
2025-08-06,obm_est7d_hashrate_ehs_daily,960.447463733897,EH/s,daily,OBM v0.1.0
2025-08-07,obm_est7d_hashrate_ehs_daily,966.941355877100,EH/s,daily,OBM v0.1.0
2025-08-08,obm_est7d_hashrate_ehs_daily,954.106430629474,EH/s,daily,OBM v0.1.0
2025-08-09,obm_est7d_hashrate_ehs_daily,928.188484789548,EH/s,daily,OBM v0.1.0
2025-08-10,obm_est7d_hashrate_ehs_daily,912.678108778613,EH/s,daily,OBM v0.1.0
2025-08-11,obm_est7d_hashrate_ehs_daily,893.847677171253,EH/s,daily,OBM v0.1.0
2025-08-12,obm_est7d_hashrate_ehs_daily,892.813805164503,EH/s,daily,OBM v0.1.0
2025-08-13,obm_est7d_hashrate_ehs_daily,907.155067250806,EH/s,daily,OBM v0.1.0
2025-08-14,obm_est7d_hashrate_ehs_daily,909.673076885469,EH/s,daily,OBM v0.1.0
2025-08-15,obm_est7d_hashrate_ehs_daily,908.000904236989,EH/s,daily,OBM v0.1.0
2025-08-16,obm_est7d_hashrate_ehs_daily,944.461032326371,EH/s,daily,OBM v0.1.0
2025-08-17,obm_est7d_hashrate_ehs_daily,957.332297749459,EH/s,daily,OBM v0.1.0
2025-08-18,obm_est7d_hashrate_ehs_daily,965.012656274657,EH/s,daily,OBM v0.1.0
2025-08-19,obm_est7d_hashrate_ehs_daily,962.006736814087,EH/s,daily,OBM v0.1.0
2025-08-20,obm_est7d_hashrate_ehs_daily,946.485744644387,EH/s,daily,OBM v0.1.0
2025-08-21,obm_est7d_hashrate_ehs_daily,934.285501136263,EH/s,daily,OBM v0.1.0
2025-08-22,obm_est7d_hashrate_ehs_daily,949.805446107874,EH/s,daily,OBM v0.1.0
2025-08-23,obm_est7d_hashrate_ehs_daily,947.944479248368,EH/s,daily,OBM v0.1.0
2025-08-24,obm_est7d_hashrate_ehs_daily,956.989826904841,EH/s,daily,OBM v0.1.0
2025-08-25,obm_est7d_hashrate_ehs_daily,945.487251975096,EH/s,daily,OBM v0.1.0
2025-08-26,obm_est7d_hashrate_ehs_daily,962.427539913730,EH/s,daily,OBM v0.1.0
2025-08-27,obm_est7d_hashrate_ehs_daily,968.794087090518,EH/s,daily,OBM v0.1.0
2025-08-28,obm_est7d_hashrate_ehs_daily,978.531934971519,EH/s,daily,OBM v0.1.0
2025-08-29,obm_est7d_hashrate_ehs_daily,996.249403746847,EH/s,daily,OBM v0.1.0
2025-08-30,obm_est7d_hashrate_ehs_daily,1004.841194696882,EH/s,daily,OBM v0.1.0
2025-08-31,obm_est7d_hashrate_ehs_daily,975.488103797046,EH/s,daily,OBM v0.1.0
2025-09-01,obm_est7d_hashrate_ehs_daily,990.532986646005,EH/s,daily,OBM v0.1.0
2025-09-02,obm_est7d_hashrate_ehs_daily,1003.643736212862,EH/s,daily,OBM v0.1.0
2025-09-03,obm_est7d_hashrate_ehs_daily,990.498580453379,EH/s,daily,OBM v0.1.0
2025-09-04,obm_est7d_hashrate_ehs_daily,973.248052114479,EH/s,daily,OBM v0.1.0
2025-09-05,obm_est7d_hashrate_ehs_daily,957.988980423275,EH/s,daily,OBM v0.1.0
2025-09-06,obm_est7d_hashrate_ehs_daily,948.210259141499,EH/s,daily,OBM v0.1.0
2025-09-07,obm_est7d_hashrate_ehs_daily,974.862861779068,EH/s,daily,OBM v0.1.0
2025-09-08,obm_est7d_hashrate_ehs_daily,984.360633181316,EH/s,daily,OBM v0.1.0
2025-09-09,obm_est7d_hashrate_ehs_daily,996.084586627954,EH/s,daily,OBM v0.1.0
2025-09-10,obm_est7d_hashrate_ehs_daily,1031.645911455738,EH/s,daily,OBM v0.1.0
2025-09-11,obm_est7d_hashrate_ehs_daily,1047.602795960187,EH/s,daily,OBM v0.1.0
2025-09-12,obm_est7d_hashrate_ehs_daily,1027.984817114001,EH/s,daily,OBM v0.1.0
2025-09-13,obm_est7d_hashrate_ehs_daily,1026.356544126760,EH/s,daily,OBM v0.1.0
2025-09-14,obm_est7d_hashrate_ehs_daily,1026.435934595608,EH/s,daily,OBM v0.1.0
2025-09-15,obm_est7d_hashrate_ehs_daily,1028.830570192862,EH/s,daily,OBM v0.1.0
2025-09-16,obm_est7d_hashrate_ehs_daily,1024.229872435270,EH/s,daily,OBM v0.1.0
2025-09-17,obm_est7d_hashrate_ehs_daily,981.209889524642,EH/s,daily,OBM v0.1.0
2025-09-18,obm_est7d_hashrate_ehs_daily,993.799986304984,EH/s,daily,OBM v0.1.0
2025-09-19,obm_est7d_hashrate_ehs_daily,1045.778467300209,EH/s,daily,OBM v0.1.0
2025-09-20,obm_est7d_hashrate_ehs_daily,1064.188818584304,EH/s,daily,OBM v0.1.0
2025-09-21,obm_est7d_hashrate_ehs_daily,1081.229233621640,EH/s,daily,OBM v0.1.0
2025-09-22,obm_est7d_hashrate_ehs_daily,1074.889289550921,EH/s,daily,OBM v0.1.0
2025-09-23,obm_est7d_hashrate_ehs_daily,1065.591802653480,EH/s,daily,OBM v0.1.0
2025-09-24,obm_est7d_hashrate_ehs_daily,1095.952083132276,EH/s,daily,OBM v0.1.0
2025-09-25,obm_est7d_hashrate_ehs_daily,1085.419710293684,EH/s,daily,OBM v0.1.0
2025-09-26,obm_est7d_hashrate_ehs_daily,1050.797144409330,EH/s,daily,OBM v0.1.0
2025-09-27,obm_est7d_hashrate_ehs_daily,1052.121789848816,EH/s,daily,OBM v0.1.0
2025-09-28,obm_est7d_hashrate_ehs_daily,1052.832974362556,EH/s,daily,OBM v0.1.0
2025-09-29,obm_est7d_hashrate_ehs_daily,1042.688861446784,EH/s,daily,OBM v0.1.0
2025-09-30,obm_est7d_hashrate_ehs_daily,1059.126634014767,EH/s,daily,OBM v0.1.0
2025-10-01,obm_est7d_hashrate_ehs_daily,1060.745573290275,EH/s,daily,OBM v0.1.0
2025-10-02,obm_est7d_hashrate_ehs_daily,1063.136716340770,EH/s,daily,OBM v0.1.0
2025-10-03,obm_est7d_hashrate_ehs_daily,1055.031049560984,EH/s,daily,OBM v0.1.0
2025-10-04,obm_est7d_hashrate_ehs_daily,1041.096207379273,EH/s,daily,OBM v0.1.0
2025-10-05,obm_est7d_hashrate_ehs_daily,1033.864971415762,EH/s,daily,OBM v0.1.0
2025-10-06,obm_est7d_hashrate_ehs_daily,1024.144931482553,EH/s,daily,OBM v0.1.0
2025-10-07,obm_est7d_hashrate_ehs_daily,1011.704670195414,EH/s,daily,OBM v0.1.0
2025-10-08,obm_est7d_hashrate_ehs_daily,1014.745537521670,EH/s,daily,OBM v0.1.0
2025-10-09,obm_est7d_hashrate_ehs_daily,998.598018948826,EH/s,daily,OBM v0.1.0
2025-10-10,obm_est7d_hashrate_ehs_daily,1014.838363663339,EH/s,daily,OBM v0.1.0
2025-10-11,obm_est7d_hashrate_ehs_daily,1028.179201871814,EH/s,daily,OBM v0.1.0
2025-10-12,obm_est7d_hashrate_ehs_daily,1023.389515583365,EH/s,daily,OBM v0.1.0
2025-10-13,obm_est7d_hashrate_ehs_daily,1054.017832693064,EH/s,daily,OBM v0.1.0
2025-10-14,obm_est7d_hashrate_ehs_daily,1089.052311162518,EH/s,daily,OBM v0.1.0
2025-10-15,obm_est7d_hashrate_ehs_daily,1087.381097484882,EH/s,daily,OBM v0.1.0
2025-10-16,obm_est7d_hashrate_ehs_daily,1113.595014649877,EH/s,daily,OBM v0.1.0
2025-10-17,obm_est7d_hashrate_ehs_daily,1138.213433456246,EH/s,daily,OBM v0.1.0
2025-10-18,obm_est7d_hashrate_ehs_daily,1154.109032607853,EH/s,daily,OBM v0.1.0
2025-10-19,obm_est7d_hashrate_ehs_daily,1144.510573931227,EH/s,daily,OBM v0.1.0
2025-10-20,obm_est7d_hashrate_ehs_daily,1137.605623753687,EH/s,daily,OBM v0.1.0
2025-10-21,obm_est7d_hashrate_ehs_daily,1110.045769205973,EH/s,daily,OBM v0.1.0
2025-10-22,obm_est7d_hashrate_ehs_daily,1117.668966385149,EH/s,daily,OBM v0.1.0
2025-10-23,obm_est7d_hashrate_ehs_daily,1101.817616292286,EH/s,daily,OBM v0.1.0
2025-10-24,obm_est7d_hashrate_ehs_daily,1124.399170903050,EH/s,daily,OBM v0.1.0
2025-10-25,obm_est7d_hashrate_ehs_daily,1117.597831901278,EH/s,daily,OBM v0.1.0
2025-10-26,obm_est7d_hashrate_ehs_daily,1127.518125598902,EH/s,daily,OBM v0.1.0
2025-10-27,obm_est7d_hashrate_ehs_daily,1125.456233783316,EH/s,daily,OBM v0.1.0
2025-10-28,obm_est7d_hashrate_ehs_daily,1138.354166414108,EH/s,daily,OBM v0.1.0
2025-10-29,obm_est7d_hashrate_ehs_daily,1110.538530162058,EH/s,daily,OBM v0.1.0
2025-10-30,obm_est7d_hashrate_ehs_daily,1139.387133731132,EH/s,daily,OBM v0.1.0
2025-10-31,obm_est7d_hashrate_ehs_daily,1108.740707310900,EH/s,daily,OBM v0.1.0
2025-11-01,obm_est7d_hashrate_ehs_daily,1093.963957444776,EH/s,daily,OBM v0.1.0
2025-11-02,obm_est7d_hashrate_ehs_daily,1113.286632359894,EH/s,daily,OBM v0.1.0
2025-11-03,obm_est7d_hashrate_ehs_daily,1116.863380692430,EH/s,daily,OBM v0.1.0
2025-11-04,obm_est7d_hashrate_ehs_daily,1094.940681706316,EH/s,daily,OBM v0.1.0
2025-11-05,obm_est7d_hashrate_ehs_daily,1114.114500395807,EH/s,daily,OBM v0.1.0
2025-11-06,obm_est7d_hashrate_ehs_daily,1091.834171473079,EH/s,daily,OBM v0.1.0
2025-11-07,obm_est7d_hashrate_ehs_daily,1092.777281074649,EH/s,daily,OBM v0.1.0
2025-11-08,obm_est7d_hashrate_ehs_daily,1075.684309399060,EH/s,daily,OBM v0.1.0
2025-11-09,obm_est7d_hashrate_ehs_daily,1060.645921798713,EH/s,daily,OBM v0.1.0
2025-11-10,obm_est7d_hashrate_ehs_daily,1056.586380579765,EH/s,daily,OBM v0.1.0
2025-11-11,obm_est7d_hashrate_ehs_daily,1079.642088953821,EH/s,daily,OBM v0.1.0
2025-11-12,obm_est7d_hashrate_ehs_daily,1082.425218177892,EH/s,daily,OBM v0.1.0
2025-11-13,obm_est7d_hashrate_ehs_daily,1091.762253268565,EH/s,daily,OBM v0.1.0
2025-11-14,obm_est7d_hashrate_ehs_daily,1091.942256406840,EH/s,daily,OBM v0.1.0
2025-11-15,obm_est7d_hashrate_ehs_daily,1109.869753004527,EH/s,daily,OBM v0.1.0
2025-11-16,obm_est7d_hashrate_ehs_daily,1126.210192162329,EH/s,daily,OBM v0.1.0
2025-11-17,obm_est7d_hashrate_ehs_daily,1103.813371956570,EH/s,daily,OBM v0.1.0
2025-11-18,obm_est7d_hashrate_ehs_daily,1081.113500915008,EH/s,daily,OBM v0.1.0
2025-11-19,obm_est7d_hashrate_ehs_daily,1071.023860796912,EH/s,daily,OBM v0.1.0
2025-11-20,obm_est7d_hashrate_ehs_daily,1050.138802616933,EH/s,daily,OBM v0.1.0
2025-11-21,obm_est7d_hashrate_ehs_daily,1059.578911832877,EH/s,daily,OBM v0.1.0
2025-11-22,obm_est7d_hashrate_ehs_daily,1058.514519482822,EH/s,daily,OBM v0.1.0
2025-11-23,obm_est7d_hashrate_ehs_daily,1039.411440005300,EH/s,daily,OBM v0.1.0
2025-11-24,obm_est7d_hashrate_ehs_daily,1060.482608056230,EH/s,daily,OBM v0.1.0
2025-11-25,obm_est7d_hashrate_ehs_daily,1042.648463021870,EH/s,daily,OBM v0.1.0
2025-11-26,obm_est7d_hashrate_ehs_daily,1073.286913339351,EH/s,daily,OBM v0.1.0
2025-11-27,obm_est7d_hashrate_ehs_daily,1080.887742881875,EH/s,daily,OBM v0.1.0
2025-11-28,obm_est7d_hashrate_ehs_daily,1077.189642312222,EH/s,daily,OBM v0.1.0
2025-11-29,obm_est7d_hashrate_ehs_daily,1069.656666609412,EH/s,daily,OBM v0.1.0
2025-11-30,obm_est7d_hashrate_ehs_daily,1091.808747709611,EH/s,daily,OBM v0.1.0
2025-12-01,obm_est7d_hashrate_ehs_daily,1075.970974541671,EH/s,daily,OBM v0.1.0
2025-12-02,obm_est7d_hashrate_ehs_daily,1086.563846889502,EH/s,daily,OBM v0.1.0
2025-12-03,obm_est7d_hashrate_ehs_daily,1056.835692946764,EH/s,daily,OBM v0.1.0
2025-12-04,obm_est7d_hashrate_ehs_daily,1038.423981083212,EH/s,daily,OBM v0.1.0
2025-12-05,obm_est7d_hashrate_ehs_daily,1006.585404273614,EH/s,daily,OBM v0.1.0
2025-12-06,obm_est7d_hashrate_ehs_daily,1036.134610161091,EH/s,daily,OBM v0.1.0
2025-12-07,obm_est7d_hashrate_ehs_daily,1025.458450124179,EH/s,daily,OBM v0.1.0
2025-12-08,obm_est7d_hashrate_ehs_daily,1042.413668912226,EH/s,daily,OBM v0.1.0
2025-12-09,obm_est7d_hashrate_ehs_daily,1043.715615107795,EH/s,daily,OBM v0.1.0
2025-12-10,obm_est7d_hashrate_ehs_daily,1068.645827373297,EH/s,daily,OBM v0.1.0
2025-12-11,obm_est7d_hashrate_ehs_daily,1095.889385983228,EH/s,daily,OBM v0.1.0
2025-12-12,obm_est7d_hashrate_ehs_daily,1126.070639152835,EH/s,daily,OBM v0.1.0
2025-12-13,obm_est7d_hashrate_ehs_daily,1099.695057556984,EH/s,daily,OBM v0.1.0
2025-12-14,obm_est7d_hashrate_ehs_daily,1065.295940233480,EH/s,daily,OBM v0.1.0
2025-12-15,obm_est7d_hashrate_ehs_daily,1049.351686150467,EH/s,daily,OBM v0.1.0
2025-12-16,obm_est7d_hashrate_ehs_daily,1069.209179732915,EH/s,daily,OBM v0.1.0
2025-12-17,obm_est7d_hashrate_ehs_daily,1051.032041386761,EH/s,daily,OBM v0.1.0
2025-12-18,obm_est7d_hashrate_ehs_daily,1031.606761080669,EH/s,daily,OBM v0.1.0
2025-12-19,obm_est7d_hashrate_ehs_daily,1032.192888663813,EH/s,daily,OBM v0.1.0
2025-12-20,obm_est7d_hashrate_ehs_daily,1037.893929495686,EH/s,daily,OBM v0.1.0
2025-12-21,obm_est7d_hashrate_ehs_daily,1047.774505938610,EH/s,daily,OBM v0.1.0
2025-12-22,obm_est7d_hashrate_ehs_daily,1052.131120236606,EH/s,daily,OBM v0.1.0
2025-12-23,obm_est7d_hashrate_ehs_daily,1049.982641500256,EH/s,daily,OBM v0.1.0
2025-12-24,obm_est7d_hashrate_ehs_daily,1071.859863793960,EH/s,daily,OBM v0.1.0
2025-12-25,obm_est7d_hashrate_ehs_daily,1064.701466821239,EH/s,daily,OBM v0.1.0
2025-12-26,obm_est7d_hashrate_ehs_daily,1080.339304869204,EH/s,daily,OBM v0.1.0
2025-12-27,obm_est7d_hashrate_ehs_daily,1065.819944121981,EH/s,daily,OBM v0.1.0
2025-12-28,obm_est7d_hashrate_ehs_daily,1085.064308981750,EH/s,daily,OBM v0.1.0
2025-12-29,obm_est7d_hashrate_ehs_daily,1100.362313899845,EH/s,daily,OBM v0.1.0
2025-12-30,obm_est7d_hashrate_ehs_daily,1072.442937072338,EH/s,daily,OBM v0.1.0
2025-12-31,obm_est7d_hashrate_ehs_daily,1044.097034429113,EH/s,daily,OBM v0.1.0
2026-01-01,obm_est7d_hashrate_ehs_daily,1058.742591616888,EH/s,daily,OBM v0.1.0
2026-01-02,obm_est7d_hashrate_ehs_daily,1045.684806443164,EH/s,daily,OBM v0.1.0
2026-01-03,obm_est7d_hashrate_ehs_daily,1067.002474770432,EH/s,daily,OBM v0.1.0
2026-01-04,obm_est7d_hashrate_ehs_daily,1054.457925020616,EH/s,daily,OBM v0.1.0
2026-01-05,obm_est7d_hashrate_ehs_daily,1037.896906995138,EH/s,daily,OBM v0.1.0
2026-01-06,obm_est7d_hashrate_ehs_daily,1045.806428015609,EH/s,daily,OBM v0.1.0
2026-01-07,obm_est7d_hashrate_ehs_daily,1057.731876391063,EH/s,daily,OBM v0.1.0
2026-01-08,obm_est7d_hashrate_ehs_daily,1037.238714973148,EH/s,daily,OBM v0.1.0
2026-01-09,obm_est7d_hashrate_ehs_daily,1037.630330294991,EH/s,daily,OBM v0.1.0
2026-01-10,obm_est7d_hashrate_ehs_daily,1039.973207779902,EH/s,daily,OBM v0.1.0
2026-01-11,obm_est7d_hashrate_ehs_daily,1012.650662435416,EH/s,daily,OBM v0.1.0
2026-01-12,obm_est7d_hashrate_ehs_daily,1022.519337385022,EH/s,daily,OBM v0.1.0
2026-01-13,obm_est7d_hashrate_ehs_daily,1026.584224833171,EH/s,daily,OBM v0.1.0
2026-01-14,obm_est7d_hashrate_ehs_daily,999.502469832008,EH/s,daily,OBM v0.1.0
2026-01-15,obm_est7d_hashrate_ehs_daily,1008.745601538665,EH/s,daily,OBM v0.1.0
2026-01-16,obm_est7d_hashrate_ehs_daily,995.475970746056,EH/s,daily,OBM v0.1.0
2026-01-17,obm_est7d_hashrate_ehs_daily,980.619306053571,EH/s,daily,OBM v0.1.0
2026-01-18,obm_est7d_hashrate_ehs_daily,999.590770012267,EH/s,daily,OBM v0.1.0
2026-01-19,obm_est7d_hashrate_ehs_daily,1007.123412095258,EH/s,daily,OBM v0.1.0
2026-01-20,obm_est7d_hashrate_ehs_daily,1006.713749699144,EH/s,daily,OBM v0.1.0
2026-01-21,obm_est7d_hashrate_ehs_daily,1020.252010243122,EH/s,daily,OBM v0.1.0
2026-01-22,obm_est7d_hashrate_ehs_daily,1039.771973488529,EH/s,daily,OBM v0.1.0
2026-01-23,obm_est7d_hashrate_ehs_daily,1048.632262619711,EH/s,daily,OBM v0.1.0
2026-01-24,obm_est7d_hashrate_ehs_daily,991.663502453669,EH/s,daily,OBM v0.1.0
2026-01-25,obm_est7d_hashrate_ehs_daily,955.831148232775,EH/s,daily,OBM v0.1.0
2026-01-26,obm_est7d_hashrate_ehs_daily,922.799783379640,EH/s,daily,OBM v0.1.0
2026-01-27,obm_est7d_hashrate_ehs_daily,906.783362230454,EH/s,daily,OBM v0.1.0
2026-01-28,obm_est7d_hashrate_ehs_daily,872.846040786620,EH/s,daily,OBM v0.1.0
2026-01-29,obm_est7d_hashrate_ehs_daily,837.434719783239,EH/s,daily,OBM v0.1.0
2026-01-30,obm_est7d_hashrate_ehs_daily,828.923159027285,EH/s,daily,OBM v0.1.0
2026-01-31,obm_est7d_hashrate_ehs_daily,866.512562713884,EH/s,daily,OBM v0.1.0
2026-02-01,obm_est7d_hashrate_ehs_daily,879.902855826856,EH/s,daily,OBM v0.1.0
2026-02-02,obm_est7d_hashrate_ehs_daily,873.974575258327,EH/s,daily,OBM v0.1.0
2026-02-03,obm_est7d_hashrate_ehs_daily,882.745999738815,EH/s,daily,OBM v0.1.0
2026-02-04,obm_est7d_hashrate_ehs_daily,913.876966598332,EH/s,daily,OBM v0.1.0
2026-02-05,obm_est7d_hashrate_ehs_daily,915.777425937522,EH/s,daily,OBM v0.1.0
2026-02-06,obm_est7d_hashrate_ehs_daily,928.037209939789,EH/s,daily,OBM v0.1.0
2026-02-07,obm_est7d_hashrate_ehs_daily,949.613228755293,EH/s,daily,OBM v0.1.0
2026-02-08,obm_est7d_hashrate_ehs_daily,980.796085621236,EH/s,daily,OBM v0.1.0
2026-02-09,obm_est7d_hashrate_ehs_daily,1011.671465380997,EH/s,daily,OBM v0.1.0
2026-02-10,obm_est7d_hashrate_ehs_daily,1006.464595363937,EH/s,daily,OBM v0.1.0
2026-02-11,obm_est7d_hashrate_ehs_daily,1001.875901554148,EH/s,daily,OBM v0.1.0
2026-02-12,obm_est7d_hashrate_ehs_daily,1032.412745952208,EH/s,daily,OBM v0.1.0
2026-02-13,obm_est7d_hashrate_ehs_daily,1020.414575280318,EH/s,daily,OBM v0.1.0
2026-02-14,obm_est7d_hashrate_ehs_daily,1009.599786199392,EH/s,daily,OBM v0.1.0
2026-02-15,obm_est7d_hashrate_ehs_daily,1034.433688577633,EH/s,daily,OBM v0.1.0
2026-02-16,obm_est7d_hashrate_ehs_daily,1044.611663964952,EH/s,daily,OBM v0.1.0
2026-02-17,obm_est7d_hashrate_ehs_daily,1063.569564174220,EH/s,daily,OBM v0.1.0
2026-02-18,obm_est7d_hashrate_ehs_daily,1059.260512595250,EH/s,daily,OBM v0.1.0
2026-02-19,obm_est7d_hashrate_ehs_daily,1046.570170880339,EH/s,daily,OBM v0.1.0
2026-02-20,obm_est7d_hashrate_ehs_daily,1054.665665566858,EH/s,daily,OBM v0.1.0
2026-02-21,obm_est7d_hashrate_ehs_daily,1027.497008321400,EH/s,daily,OBM v0.1.0
2026-02-22,obm_est7d_hashrate_ehs_daily,1018.776998093821,EH/s,daily,OBM v0.1.0
2026-02-23,obm_est7d_hashrate_ehs_daily,1014.268502700103,EH/s,daily,OBM v0.1.0
2026-02-24,obm_est7d_hashrate_ehs_daily,1034.738101658017,EH/s,daily,OBM v0.1.0
2026-02-25,obm_est7d_hashrate_ehs_daily,1058.995666476349,EH/s,daily,OBM v0.1.0
2026-02-26,obm_est7d_hashrate_ehs_daily,1056.435932436520,EH/s,daily,OBM v0.1.0
2026-02-27,obm_est7d_hashrate_ehs_daily,1064.857859480068,EH/s,daily,OBM v0.1.0
2026-02-28,obm_est7d_hashrate_ehs_daily,1086.144426025351,EH/s,daily,OBM v0.1.0
2026-03-01,obm_est7d_hashrate_ehs_daily,1069.391315625403,EH/s,daily,OBM v0.1.0
2026-03-02,obm_est7d_hashrate_ehs_daily,1056.498929890078,EH/s,daily,OBM v0.1.0
2026-03-03,obm_est7d_hashrate_ehs_daily,1028.148212927238,EH/s,daily,OBM v0.1.0
2026-03-04,obm_est7d_hashrate_ehs_daily,1001.718739500963,EH/s,daily,OBM v0.1.0
2026-03-05,obm_est7d_hashrate_ehs_daily,1026.558363773143,EH/s,daily,OBM v0.1.0
2026-03-06,obm_est7d_hashrate_ehs_daily,1032.562540523467,EH/s,daily,OBM v0.1.0
2026-03-07,obm_est7d_hashrate_ehs_daily,1019.991101630458,EH/s,daily,OBM v0.1.0
2026-03-08,obm_est7d_hashrate_ehs_daily,1006.850026016222,EH/s,daily,OBM v0.1.0
2026-03-09,obm_est7d_hashrate_ehs_daily,1008.649627895409,EH/s,daily,OBM v0.1.0
2026-03-10,obm_est7d_hashrate_ehs_daily,1014.922422360483,EH/s,daily,OBM v0.1.0
2026-03-11,obm_est7d_hashrate_ehs_daily,1022.625089288851,EH/s,daily,OBM v0.1.0
2026-03-12,obm_est7d_hashrate_ehs_daily,986.510344519034,EH/s,daily,OBM v0.1.0
2026-03-13,obm_est7d_hashrate_ehs_daily,960.001644350827,EH/s,daily,OBM v0.1.0
2026-03-14,obm_est7d_hashrate_ehs_daily,957.914542125599,EH/s,daily,OBM v0.1.0
2026-03-15,obm_est7d_hashrate_ehs_daily,947.220706078213,EH/s,daily,OBM v0.1.0
2026-03-16,obm_est7d_hashrate_ehs_daily,936.655343798939,EH/s,daily,OBM v0.1.0
2026-03-17,obm_est7d_hashrate_ehs_daily,921.033417061698,EH/s,daily,OBM v0.1.0
2026-03-18,obm_est7d_hashrate_ehs_daily,922.439959245121,EH/s,daily,OBM v0.1.0
2026-03-19,obm_est7d_hashrate_ehs_daily,926.173888706393,EH/s,daily,OBM v0.1.0
2026-03-20,obm_est7d_hashrate_ehs_daily,940.453591560898,EH/s,daily,OBM v0.1.0
2026-03-21,obm_est7d_hashrate_ehs_daily,940.482347330745,EH/s,daily,OBM v0.1.0
2026-03-22,obm_est7d_hashrate_ehs_daily,964.062586350642,EH/s,daily,OBM v0.1.0
2026-03-23,obm_est7d_hashrate_ehs_daily,986.939326554511,EH/s,daily,OBM v0.1.0
2026-03-24,obm_est7d_hashrate_ehs_daily,980.025812715597,EH/s,daily,OBM v0.1.0
2026-03-25,obm_est7d_hashrate_ehs_daily,980.382763286471,EH/s,daily,OBM v0.1.0
2026-03-26,obm_est7d_hashrate_ehs_daily,995.524496946142,EH/s,daily,OBM v0.1.0
2026-03-27,obm_est7d_hashrate_ehs_daily,1005.098484633810,EH/s,daily,OBM v0.1.0
2026-03-28,obm_est7d_hashrate_ehs_daily,1037.884887048571,EH/s,daily,OBM v0.1.0
2026-03-29,obm_est7d_hashrate_ehs_daily,1020.553400940115,EH/s,daily,OBM v0.1.0
2026-03-30,obm_est7d_hashrate_ehs_daily,998.539638031713,EH/s,daily,OBM v0.1.0
2026-03-31,obm_est7d_hashrate_ehs_daily,1008.823334749441,EH/s,daily,OBM v0.1.0
2026-04-01,obm_est7d_hashrate_ehs_daily,1019.841348301826,EH/s,daily,OBM v0.1.0
2026-04-02,obm_est7d_hashrate_ehs_daily,999.173559992296,EH/s,daily,OBM v0.1.0
2026-04-03,obm_est7d_hashrate_ehs_daily,981.194353982540,EH/s,daily,OBM v0.1.0
2026-04-04,obm_est7d_hashrate_ehs_daily,934.156344581426,EH/s,daily,OBM v0.1.0
2026-04-05,obm_est7d_hashrate_ehs_daily,956.174001231010,EH/s,daily,OBM v0.1.0
2026-04-06,obm_est7d_hashrate_ehs_daily,953.137658563465,EH/s,daily,OBM v0.1.0
2026-04-07,obm_est7d_hashrate_ehs_daily,958.797401210049,EH/s,daily,OBM v0.1.0
2026-04-08,obm_est7d_hashrate_ehs_daily,950.174481474346,EH/s,daily,OBM v0.1.0
2026-04-09,obm_est7d_hashrate_ehs_daily,955.874955400390,EH/s,daily,OBM v0.1.0
2026-04-10,obm_est7d_hashrate_ehs_daily,953.504557278756,EH/s,daily,OBM v0.1.0
2026-04-11,obm_est7d_hashrate_ehs_daily,953.940247568165,EH/s,daily,OBM v0.1.0
2026-04-12,obm_est7d_hashrate_ehs_daily,949.245595959809,EH/s,daily,OBM v0.1.0
2026-04-13,obm_est7d_hashrate_ehs_daily,970.845456281094,EH/s,daily,OBM v0.1.0
2026-04-14,obm_est7d_hashrate_ehs_daily,996.825902593398,EH/s,daily,OBM v0.1.0
2026-04-15,obm_est7d_hashrate_ehs_daily,973.809558618255,EH/s,daily,OBM v0.1.0
2026-04-16,obm_est7d_hashrate_ehs_daily,982.829961816270,EH/s,daily,OBM v0.1.0
2026-04-17,obm_est7d_hashrate_ehs_daily,994.344746495697,EH/s,daily,OBM v0.1.0
2026-04-18,obm_est7d_hashrate_ehs_daily,1021.208482166424,EH/s,daily,OBM v0.1.0
2026-04-19,obm_est7d_hashrate_ehs_daily,1019.742966456802,EH/s,daily,OBM v0.1.0
2026-04-20,obm_est7d_hashrate_ehs_daily,998.701664545792,EH/s,daily,OBM v0.1.0
2026-04-21,obm_est7d_hashrate_ehs_daily,968.304863332241,EH/s,daily,OBM v0.1.0
2026-04-22,obm_est7d_hashrate_ehs_daily,969.318619507324,EH/s,daily,OBM v0.1.0
2026-04-23,obm_est7d_hashrate_ehs_daily,937.360043095250,EH/s,daily,OBM v0.1.0
2026-04-24,obm_est7d_hashrate_ehs_daily,941.207966523850,EH/s,daily,OBM v0.1.0
2026-04-25,obm_est7d_hashrate_ehs_daily,930.295439009102,EH/s,daily,OBM v0.1.0
2026-04-26,obm_est7d_hashrate_ehs_daily,921.791877455434,EH/s,daily,OBM v0.1.0
2026-04-27,obm_est7d_hashrate_ehs_daily,928.894796418091,EH/s,daily,OBM v0.1.0
2026-04-28,obm_est7d_hashrate_ehs_daily,932.249764497471,EH/s,daily,OBM v0.1.0
2026-04-29,obm_est7d_hashrate_ehs_daily,929.005583193570,EH/s,daily,OBM v0.1.0
2026-04-30,obm_est7d_hashrate_ehs_daily,947.699079200820,EH/s,daily,OBM v0.1.0
2026-05-01,obm_est7d_hashrate_ehs_daily,956.460791212000,EH/s,daily,OBM v0.1.0
2026-05-02,obm_est7d_hashrate_ehs_daily,948.394994102086,EH/s,daily,OBM v0.1.0
2026-05-03,obm_est7d_hashrate_ehs_daily,950.072538253542,EH/s,daily,OBM v0.1.0
2026-05-04,obm_est7d_hashrate_ehs_daily,956.521076272820,EH/s,daily,OBM v0.1.0
2026-05-05,obm_est7d_hashrate_ehs_daily,963.658495718705,EH/s,daily,OBM v0.1.0
2026-05-06,obm_est7d_hashrate_ehs_daily,976.253698286757,EH/s,daily,OBM v0.1.0
2026-05-07,obm_est7d_hashrate_ehs_daily,971.217593144557,EH/s,daily,OBM v0.1.0
2026-05-08,obm_est7d_hashrate_ehs_daily,962.379520553439,EH/s,daily,OBM v0.1.0
2026-05-09,obm_est7d_hashrate_ehs_daily,990.360337358783,EH/s,daily,OBM v0.1.0
2026-05-10,obm_est7d_hashrate_ehs_daily,989.210787033491,EH/s,daily,OBM v0.1.0
2026-05-11,obm_est7d_hashrate_ehs_daily,1007.418860729197,EH/s,daily,OBM v0.1.0
2026-05-12,obm_est7d_hashrate_ehs_daily,988.817831792824,EH/s,daily,OBM v0.1.0
2026-05-13,obm_est7d_hashrate_ehs_daily,988.180702961254,EH/s,daily,OBM v0.1.0
2026-05-14,obm_est7d_hashrate_ehs_daily,996.513399658845,EH/s,daily,OBM v0.1.0
2026-05-15,obm_est7d_hashrate_ehs_daily,995.101800821451,EH/s,daily,OBM v0.1.0
2026-05-16,obm_est7d_hashrate_ehs_daily,981.748232776904,EH/s,daily,OBM v0.1.0
2026-05-17,obm_est7d_hashrate_ehs_daily,976.958790660498,EH/s,daily,OBM v0.1.0
2026-05-18,obm_est7d_hashrate_ehs_daily,955.565215005214,EH/s,daily,OBM v0.1.0
2026-05-19,obm_est7d_hashrate_ehs_daily,967.249630791373,EH/s,daily,OBM v0.1.0
2026-05-20,obm_est7d_hashrate_ehs_daily,985.138547511833,EH/s,daily,OBM v0.1.0
2026-05-21,obm_est7d_hashrate_ehs_daily,968.384095509810,EH/s,daily,OBM v0.1.0
2026-05-22,obm_est7d_hashrate_ehs_daily,981.236390893047,EH/s,daily,OBM v0.1.0
2026-05-23,obm_est7d_hashrate_ehs_daily,992.402767688501,EH/s,daily,OBM v0.1.0
2026-05-24,obm_est7d_hashrate_ehs_daily,982.326918441510,EH/s,daily,OBM v0.1.0
2026-05-25,obm_est7d_hashrate_ehs_daily,1009.605436531060,EH/s,daily,OBM v0.1.0
2026-05-26,obm_est7d_hashrate_ehs_daily,1004.291624741494,EH/s,daily,OBM v0.1.0
2026-05-27,obm_est7d_hashrate_ehs_daily,994.792052626264,EH/s,daily,OBM v0.1.0
2026-05-28,obm_est7d_hashrate_ehs_daily,1027.021833474693,EH/s,daily,OBM v0.1.0
2026-05-29,obm_est7d_hashrate_ehs_daily,1013.057057373285,EH/s,daily,OBM v0.1.0
2026-05-30,obm_est7d_hashrate_ehs_daily,993.265353158426,EH/s,daily,OBM v0.1.0
2026-05-31,obm_est7d_hashrate_ehs_daily,1010.138878527022,EH/s,daily,OBM v0.1.0
2026-06-01,obm_est7d_hashrate_ehs_daily,982.305834291734,EH/s,daily,OBM v0.1.0
2026-06-02,obm_est7d_hashrate_ehs_daily,954.638358712897,EH/s,daily,OBM v0.1.0
2026-06-03,obm_est7d_hashrate_ehs_daily,928.036858610718,EH/s,daily,OBM v0.1.0
2026-06-04,obm_est7d_hashrate_ehs_daily,911.878056880298,EH/s,daily,OBM v0.1.0
2026-06-05,obm_est7d_hashrate_ehs_daily,906.525840479817,EH/s,daily,OBM v0.1.0
2026-06-06,obm_est7d_hashrate_ehs_daily,885.681125540460,EH/s,daily,OBM v0.1.0
2026-06-07,obm_est7d_hashrate_ehs_daily,858.758808929117,EH/s,daily,OBM v0.1.0
2026-06-08,obm_est7d_hashrate_ehs_daily,854.002254830992,EH/s,daily,OBM v0.1.0
2026-06-09,obm_est7d_hashrate_ehs_daily,867.414181275880,EH/s,daily,OBM v0.1.0
2026-06-10,obm_est7d_hashrate_ehs_daily,882.818029022489,EH/s,daily,OBM v0.1.0
2026-06-11,obm_est7d_hashrate_ehs_daily,875.261359835604,EH/s,daily,OBM v0.1.0
2026-06-12,obm_est7d_hashrate_ehs_daily,886.514273054272,EH/s,daily,OBM v0.1.0
2026-06-13,obm_est7d_hashrate_ehs_daily,889.674845046992,EH/s,daily,OBM v0.1.0
2026-06-14,obm_est7d_hashrate_ehs_daily,904.119559803194,EH/s,daily,OBM v0.1.0
2026-06-15,obm_est7d_hashrate_ehs_daily,911.496400016654,EH/s,daily,OBM v0.1.0
2026-06-16,obm_est7d_hashrate_ehs_daily,933.405636552314,EH/s,daily,OBM v0.1.0
2026-06-17,obm_est7d_hashrate_ehs_daily,925.679359870665,EH/s,daily,OBM v0.1.0
2026-06-18,obm_est7d_hashrate_ehs_daily,939.632942115750,EH/s,daily,OBM v0.1.0
2026-06-19,obm_est7d_hashrate_ehs_daily,927.208544400283,EH/s,daily,OBM v0.1.0
2026-06-20,obm_est7d_hashrate_ehs_daily,943.161275044753,EH/s,daily,OBM v0.1.0
2026-06-21,obm_est7d_hashrate_ehs_daily,933.541510856138,EH/s,daily,OBM v0.1.0
2026-06-22,obm_est7d_hashrate_ehs_daily,937.983498966612,EH/s,daily,OBM v0.1.0
2026-06-23,obm_est7d_hashrate_ehs_daily,948.977311621975,EH/s,daily,OBM v0.1.0
2026-06-24,obm_est7d_hashrate_ehs_daily,968.084026673843,EH/s,daily,OBM v0.1.0
2026-06-25,obm_est7d_hashrate_ehs_daily,972.019982184498,EH/s,daily,OBM v0.1.0
2026-06-26,obm_est7d_hashrate_ehs_daily,976.804860278161,EH/s,daily,OBM v0.1.0
2026-06-27,obm_est7d_hashrate_ehs_daily,1002.725411342995,EH/s,daily,OBM v0.1.0
2026-06-28,obm_est7d_hashrate_ehs_daily,999.497240585981,EH/s,daily,OBM v0.1.0
2026-06-29,obm_est7d_hashrate_ehs_daily,982.028022719004,EH/s,daily,OBM v0.1.0
2026-06-30,obm_est7d_hashrate_ehs_daily,968.012653987404,EH/s,daily,OBM v0.1.0
2026-07-01,obm_est7d_hashrate_ehs_daily,966.844373422533,EH/s,daily,OBM v0.1.0
2026-07-02,obm_est7d_hashrate_ehs_daily,941.219664135888,EH/s,daily,OBM v0.1.0
2026-07-03,obm_est7d_hashrate_ehs_daily,946.326947075347,EH/s,daily,OBM v0.1.0
2026-07-04,obm_est7d_hashrate_ehs_daily,934.096188296120,EH/s,daily,OBM v0.1.0
2026-07-05,obm_est7d_hashrate_ehs_daily,934.078348496526,EH/s,daily,OBM v0.1.0
2026-07-06,obm_est7d_hashrate_ehs_daily,925.909025486583,EH/s,daily,OBM v0.1.0
2026-07-07,obm_est7d_hashrate_ehs_daily,916.308038839768,EH/s,daily,OBM v0.1.0
2026-07-08,obm_est7d_hashrate_ehs_daily,908.053697820036,EH/s,daily,OBM v0.1.0
2026-07-09,obm_est7d_hashrate_ehs_daily,900.370091813226,EH/s,daily,OBM v0.1.0
2026-07-10,obm_est7d_hashrate_ehs_daily,881.259525757549,EH/s,daily,OBM v0.1.0
2026-07-11,obm_est7d_hashrate_ehs_daily,865.986610450297,EH/s,daily,OBM v0.1.0
2026-07-12,obm_est7d_hashrate_ehs_daily,874.193567891834,EH/s,daily,OBM v0.1.0
2026-07-13,obm_est7d_hashrate_ehs_daily,896.449111111694,EH/s,daily,OBM v0.1.0
2026-07-14,obm_est7d_hashrate_ehs_daily,907.295843024222,EH/s,daily,OBM v0.1.0
2026-07-15,obm_est7d_hashrate_ehs_daily,903.476843850865,EH/s,daily,OBM v0.1.0
2026-07-16,obm_est7d_hashrate_ehs_daily,895.559291120228,EH/s,daily,OBM v0.1.0
2026-07-17,obm_est7d_hashrate_ehs_daily,884.982467477307,EH/s,daily,OBM v0.1.0
2026-07-18,obm_est7d_hashrate_ehs_daily,902.947976101575,EH/s,daily,OBM v0.1.0
2026-07-19,obm_est7d_hashrate_ehs_daily,924.207667762931,EH/s,daily,OBM v0.1.0
2026-07-20,obm_est7d_hashrate_ehs_daily,922.550141266434,EH/s,daily,OBM v0.1.0
2026-07-21,obm_est7d_hashrate_ehs_daily,906.237956863943,EH/s,daily,OBM v0.1.0
2026-07-22,obm_est7d_hashrate_ehs_daily,884.038771081264,EH/s,daily,OBM v0.1.0
2026-07-23,obm_est7d_hashrate_ehs_daily,894.873494666914,EH/s,daily,OBM v0.1.0
2026-07-24,obm_est7d_hashrate_ehs_daily,918.906501195385,EH/s,daily,OBM v0.1.0
2026-07-25,obm_est7d_hashrate_ehs_daily,895.310929907696,EH/s,daily,OBM v0.1.0
