date,series_id,value,unit,frequency,release_version
2009-01-03,obm_cdd_per_supply_days_daily,0.000000000000,days,daily,OBM v0.1.0
2009-01-04,obm_cdd_per_supply_days_daily,0.000000000000,days,daily,OBM v0.1.0
2009-01-05,obm_cdd_per_supply_days_daily,0.000000000000,days,daily,OBM v0.1.0
2009-01-06,obm_cdd_per_supply_days_daily,0.000000000000,days,daily,OBM v0.1.0
2009-01-07,obm_cdd_per_supply_days_daily,0.000000000000,days,daily,OBM v0.1.0
2009-01-08,obm_cdd_per_supply_days_daily,0.000000000000,days,daily,OBM v0.1.0
2009-01-09,obm_cdd_per_supply_days_daily,0.000000000000,days,daily,OBM v0.1.0
2009-01-10,obm_cdd_per_supply_days_daily,0.000000000000,days,daily,OBM v0.1.0
2009-01-11,obm_cdd_per_supply_days_daily,0.000000000000,days,daily,OBM v0.1.0
2009-01-12,obm_cdd_per_supply_days_daily,0.012938996268,days,daily,OBM v0.1.0
2009-01-13,obm_cdd_per_supply_days_daily,0.000000000000,days,daily,OBM v0.1.0
2009-01-14,obm_cdd_per_supply_days_daily,0.002977640687,days,daily,OBM v0.1.0
2009-01-15,obm_cdd_per_supply_days_daily,0.021193808863,days,daily,OBM v0.1.0
2009-01-16,obm_cdd_per_supply_days_daily,0.010912729318,days,daily,OBM v0.1.0
2009-01-17,obm_cdd_per_supply_days_daily,0.000000000000,days,daily,OBM v0.1.0
2009-01-18,obm_cdd_per_supply_days_daily,0.006965397716,days,daily,OBM v0.1.0
2009-01-19,obm_cdd_per_supply_days_daily,0.057039008916,days,daily,OBM v0.1.0
2009-01-20,obm_cdd_per_supply_days_daily,0.025245042729,days,daily,OBM v0.1.0
2009-01-21,obm_cdd_per_supply_days_daily,0.005439662994,days,daily,OBM v0.1.0
2009-01-22,obm_cdd_per_supply_days_daily,0.028370316964,days,daily,OBM v0.1.0
2009-01-23,obm_cdd_per_supply_days_daily,0.022230751316,days,daily,OBM v0.1.0
2009-01-24,obm_cdd_per_supply_days_daily,0.028293564759,days,daily,OBM v0.1.0
2009-01-25,obm_cdd_per_supply_days_daily,0.000953795650,days,daily,OBM v0.1.0
2009-01-26,obm_cdd_per_supply_days_daily,0.031227058637,days,daily,OBM v0.1.0
2009-01-27,obm_cdd_per_supply_days_daily,0.002735681024,days,daily,OBM v0.1.0
2009-01-28,obm_cdd_per_supply_days_daily,0.000000000000,days,daily,OBM v0.1.0
2009-01-29,obm_cdd_per_supply_days_daily,0.013093286329,days,daily,OBM v0.1.0
2009-01-30,obm_cdd_per_supply_days_daily,0.000000000000,days,daily,OBM v0.1.0
2009-01-31,obm_cdd_per_supply_days_daily,0.096782220876,days,daily,OBM v0.1.0
2009-02-01,obm_cdd_per_supply_days_daily,0.000866365401,days,daily,OBM v0.1.0
2009-02-02,obm_cdd_per_supply_days_daily,0.006234182791,days,daily,OBM v0.1.0
2009-02-03,obm_cdd_per_supply_days_daily,0.006027022771,days,daily,OBM v0.1.0
2009-02-04,obm_cdd_per_supply_days_daily,0.000000000000,days,daily,OBM v0.1.0
2009-02-05,obm_cdd_per_supply_days_daily,0.000000000000,days,daily,OBM v0.1.0
2009-02-06,obm_cdd_per_supply_days_daily,0.000000000000,days,daily,OBM v0.1.0
2009-02-07,obm_cdd_per_supply_days_daily,0.064250555014,days,daily,OBM v0.1.0
2009-02-08,obm_cdd_per_supply_days_daily,0.044275264848,days,daily,OBM v0.1.0
2009-02-09,obm_cdd_per_supply_days_daily,0.073918285655,days,daily,OBM v0.1.0
2009-02-10,obm_cdd_per_supply_days_daily,0.000000000000,days,daily,OBM v0.1.0
2009-02-11,obm_cdd_per_supply_days_daily,0.006084868010,days,daily,OBM v0.1.0
2009-02-12,obm_cdd_per_supply_days_daily,0.000000000000,days,daily,OBM v0.1.0
2009-02-13,obm_cdd_per_supply_days_daily,0.000000000000,days,daily,OBM v0.1.0
2009-02-14,obm_cdd_per_supply_days_daily,0.000000000000,days,daily,OBM v0.1.0
2009-02-15,obm_cdd_per_supply_days_daily,0.016643731985,days,daily,OBM v0.1.0
2009-02-16,obm_cdd_per_supply_days_daily,0.027689626812,days,daily,OBM v0.1.0
2009-02-17,obm_cdd_per_supply_days_daily,0.000000000000,days,daily,OBM v0.1.0
2009-02-18,obm_cdd_per_supply_days_daily,0.000000000000,days,daily,OBM v0.1.0
2009-02-19,obm_cdd_per_supply_days_daily,0.010410890201,days,daily,OBM v0.1.0
2009-02-20,obm_cdd_per_supply_days_daily,0.000000000000,days,daily,OBM v0.1.0
2009-02-21,obm_cdd_per_supply_days_daily,0.000000000000,days,daily,OBM v0.1.0
2009-02-22,obm_cdd_per_supply_days_daily,0.007507436408,days,daily,OBM v0.1.0
2009-02-23,obm_cdd_per_supply_days_daily,0.000000000000,days,daily,OBM v0.1.0
2009-02-24,obm_cdd_per_supply_days_daily,0.000000000000,days,daily,OBM v0.1.0
2009-02-25,obm_cdd_per_supply_days_daily,0.000000000000,days,daily,OBM v0.1.0
2009-02-26,obm_cdd_per_supply_days_daily,0.000000000000,days,daily,OBM v0.1.0
2009-02-27,obm_cdd_per_supply_days_daily,0.034142519075,days,daily,OBM v0.1.0
2009-02-28,obm_cdd_per_supply_days_daily,0.004513664206,days,daily,OBM v0.1.0
2009-03-01,obm_cdd_per_supply_days_daily,0.000000000000,days,daily,OBM v0.1.0
2009-03-02,obm_cdd_per_supply_days_daily,0.000000000000,days,daily,OBM v0.1.0
2009-03-03,obm_cdd_per_supply_days_daily,0.005161994390,days,daily,OBM v0.1.0
2009-03-04,obm_cdd_per_supply_days_daily,0.016375912284,days,daily,OBM v0.1.0
2009-03-05,obm_cdd_per_supply_days_daily,0.002886937534,days,daily,OBM v0.1.0
2009-03-06,obm_cdd_per_supply_days_daily,0.000000000000,days,daily,OBM v0.1.0
2009-03-07,obm_cdd_per_supply_days_daily,0.000000000000,days,daily,OBM v0.1.0
2009-03-08,obm_cdd_per_supply_days_daily,0.016399749691,days,daily,OBM v0.1.0
2009-03-09,obm_cdd_per_supply_days_daily,0.000000000000,days,daily,OBM v0.1.0
2009-03-10,obm_cdd_per_supply_days_daily,0.000000000000,days,daily,OBM v0.1.0
2009-03-11,obm_cdd_per_supply_days_daily,0.000000000000,days,daily,OBM v0.1.0
2009-03-12,obm_cdd_per_supply_days_daily,0.001511317547,days,daily,OBM v0.1.0
2009-03-13,obm_cdd_per_supply_days_daily,0.007508839013,days,daily,OBM v0.1.0
2009-03-14,obm_cdd_per_supply_days_daily,0.000000000000,days,daily,OBM v0.1.0
2009-03-15,obm_cdd_per_supply_days_daily,0.000000000000,days,daily,OBM v0.1.0
2009-03-16,obm_cdd_per_supply_days_daily,0.049849840157,days,daily,OBM v0.1.0
2009-03-17,obm_cdd_per_supply_days_daily,0.000000000000,days,daily,OBM v0.1.0
2009-03-18,obm_cdd_per_supply_days_daily,0.006994708079,days,daily,OBM v0.1.0
2009-03-19,obm_cdd_per_supply_days_daily,0.000000000000,days,daily,OBM v0.1.0
2009-03-20,obm_cdd_per_supply_days_daily,0.003728642926,days,daily,OBM v0.1.0
2009-03-21,obm_cdd_per_supply_days_daily,0.000000000000,days,daily,OBM v0.1.0
2009-03-22,obm_cdd_per_supply_days_daily,0.009671691340,days,daily,OBM v0.1.0
2009-03-23,obm_cdd_per_supply_days_daily,0.000000000000,days,daily,OBM v0.1.0
2009-03-24,obm_cdd_per_supply_days_daily,0.000000000000,days,daily,OBM v0.1.0
2009-03-25,obm_cdd_per_supply_days_daily,0.000000000000,days,daily,OBM v0.1.0
2009-03-26,obm_cdd_per_supply_days_daily,0.013163461256,days,daily,OBM v0.1.0
2009-03-27,obm_cdd_per_supply_days_daily,0.000000000000,days,daily,OBM v0.1.0
2009-03-28,obm_cdd_per_supply_days_daily,0.010497495782,days,daily,OBM v0.1.0
2009-03-29,obm_cdd_per_supply_days_daily,0.000000000000,days,daily,OBM v0.1.0
2009-03-30,obm_cdd_per_supply_days_daily,0.000000000000,days,daily,OBM v0.1.0
2009-03-31,obm_cdd_per_supply_days_daily,0.011468415967,days,daily,OBM v0.1.0
2009-04-01,obm_cdd_per_supply_days_daily,0.000000000000,days,daily,OBM v0.1.0
2009-04-02,obm_cdd_per_supply_days_daily,0.000000000000,days,daily,OBM v0.1.0
2009-04-03,obm_cdd_per_supply_days_daily,0.000000000000,days,daily,OBM v0.1.0
2009-04-04,obm_cdd_per_supply_days_daily,0.000000000000,days,daily,OBM v0.1.0
2009-04-05,obm_cdd_per_supply_days_daily,0.006813028013,days,daily,OBM v0.1.0
2009-04-06,obm_cdd_per_supply_days_daily,0.000000000000,days,daily,OBM v0.1.0
2009-04-07,obm_cdd_per_supply_days_daily,0.000000000000,days,daily,OBM v0.1.0
2009-04-08,obm_cdd_per_supply_days_daily,0.000000000000,days,daily,OBM v0.1.0
2009-04-09,obm_cdd_per_supply_days_daily,0.000000000000,days,daily,OBM v0.1.0
2009-04-10,obm_cdd_per_supply_days_daily,0.000000000000,days,daily,OBM v0.1.0
2009-04-11,obm_cdd_per_supply_days_daily,0.001803036704,days,daily,OBM v0.1.0
2009-04-12,obm_cdd_per_supply_days_daily,0.007113847193,days,daily,OBM v0.1.0
2009-04-13,obm_cdd_per_supply_days_daily,0.000098827576,days,daily,OBM v0.1.0
2009-04-14,obm_cdd_per_supply_days_daily,0.000000000000,days,daily,OBM v0.1.0
2009-04-15,obm_cdd_per_supply_days_daily,0.000000000000,days,daily,OBM v0.1.0
2009-04-16,obm_cdd_per_supply_days_daily,0.000000000000,days,daily,OBM v0.1.0
2009-04-17,obm_cdd_per_supply_days_daily,0.000000000000,days,daily,OBM v0.1.0
2009-04-18,obm_cdd_per_supply_days_daily,0.005104502318,days,daily,OBM v0.1.0
2009-04-19,obm_cdd_per_supply_days_daily,0.004703898189,days,daily,OBM v0.1.0
2009-04-20,obm_cdd_per_supply_days_daily,0.175143891646,days,daily,OBM v0.1.0
2009-04-21,obm_cdd_per_supply_days_daily,0.000295424541,days,daily,OBM v0.1.0
2009-04-22,obm_cdd_per_supply_days_daily,0.000000000000,days,daily,OBM v0.1.0
2009-04-23,obm_cdd_per_supply_days_daily,0.000000000000,days,daily,OBM v0.1.0
2009-04-24,obm_cdd_per_supply_days_daily,0.000000000000,days,daily,OBM v0.1.0
2009-04-25,obm_cdd_per_supply_days_daily,0.000000000000,days,daily,OBM v0.1.0
2009-04-26,obm_cdd_per_supply_days_daily,0.005122967978,days,daily,OBM v0.1.0
2009-04-27,obm_cdd_per_supply_days_daily,0.000000000000,days,daily,OBM v0.1.0
2009-04-28,obm_cdd_per_supply_days_daily,0.000000000000,days,daily,OBM v0.1.0
2009-04-29,obm_cdd_per_supply_days_daily,0.008346403717,days,daily,OBM v0.1.0
2009-04-30,obm_cdd_per_supply_days_daily,0.000000000000,days,daily,OBM v0.1.0
2009-05-01,obm_cdd_per_supply_days_daily,0.000000000000,days,daily,OBM v0.1.0
2009-05-02,obm_cdd_per_supply_days_daily,0.007454305954,days,daily,OBM v0.1.0
2009-05-03,obm_cdd_per_supply_days_daily,0.000127073414,days,daily,OBM v0.1.0
2009-05-04,obm_cdd_per_supply_days_daily,0.008298928435,days,daily,OBM v0.1.0
2009-05-05,obm_cdd_per_supply_days_daily,0.001884045473,days,daily,OBM v0.1.0
2009-05-06,obm_cdd_per_supply_days_daily,0.000000000000,days,daily,OBM v0.1.0
2009-05-07,obm_cdd_per_supply_days_daily,0.000000000000,days,daily,OBM v0.1.0
2009-05-08,obm_cdd_per_supply_days_daily,0.000000000000,days,daily,OBM v0.1.0
2009-05-09,obm_cdd_per_supply_days_daily,0.000000000000,days,daily,OBM v0.1.0
2009-05-10,obm_cdd_per_supply_days_daily,0.000000000000,days,daily,OBM v0.1.0
2009-05-11,obm_cdd_per_supply_days_daily,0.000271429486,days,daily,OBM v0.1.0
2009-05-12,obm_cdd_per_supply_days_daily,0.000000000000,days,daily,OBM v0.1.0
2009-05-13,obm_cdd_per_supply_days_daily,0.000653735142,days,daily,OBM v0.1.0
2009-05-14,obm_cdd_per_supply_days_daily,0.000611663628,days,daily,OBM v0.1.0
2009-05-15,obm_cdd_per_supply_days_daily,0.005518731765,days,daily,OBM v0.1.0
2009-05-16,obm_cdd_per_supply_days_daily,0.000000000000,days,daily,OBM v0.1.0
2009-05-17,obm_cdd_per_supply_days_daily,0.000000000000,days,daily,OBM v0.1.0
2009-05-18,obm_cdd_per_supply_days_daily,0.000000000000,days,daily,OBM v0.1.0
2009-05-19,obm_cdd_per_supply_days_daily,0.000000000000,days,daily,OBM v0.1.0
2009-05-20,obm_cdd_per_supply_days_daily,0.000000000000,days,daily,OBM v0.1.0
2009-05-21,obm_cdd_per_supply_days_daily,0.000000000000,days,daily,OBM v0.1.0
2009-05-22,obm_cdd_per_supply_days_daily,0.000000000000,days,daily,OBM v0.1.0
2009-05-23,obm_cdd_per_supply_days_daily,0.000000000000,days,daily,OBM v0.1.0
2009-05-24,obm_cdd_per_supply_days_daily,0.000000000000,days,daily,OBM v0.1.0
2009-05-25,obm_cdd_per_supply_days_daily,0.000000000000,days,daily,OBM v0.1.0
2009-05-26,obm_cdd_per_supply_days_daily,0.000000000000,days,daily,OBM v0.1.0
2009-05-27,obm_cdd_per_supply_days_daily,0.000000000000,days,daily,OBM v0.1.0
2009-05-28,obm_cdd_per_supply_days_daily,0.000000000000,days,daily,OBM v0.1.0
2009-05-29,obm_cdd_per_supply_days_daily,0.033208453339,days,daily,OBM v0.1.0
2009-05-30,obm_cdd_per_supply_days_daily,0.000000000000,days,daily,OBM v0.1.0
2009-05-31,obm_cdd_per_supply_days_daily,0.000000000000,days,daily,OBM v0.1.0
2009-06-01,obm_cdd_per_supply_days_daily,0.002580788259,days,daily,OBM v0.1.0
2009-06-02,obm_cdd_per_supply_days_daily,0.000000000000,days,daily,OBM v0.1.0
2009-06-03,obm_cdd_per_supply_days_daily,0.000000000000,days,daily,OBM v0.1.0
2009-06-04,obm_cdd_per_supply_days_daily,0.000000000000,days,daily,OBM v0.1.0
2009-06-05,obm_cdd_per_supply_days_daily,0.000000000000,days,daily,OBM v0.1.0
2009-06-06,obm_cdd_per_supply_days_daily,0.000000000000,days,daily,OBM v0.1.0
2009-06-07,obm_cdd_per_supply_days_daily,0.000000000000,days,daily,OBM v0.1.0
2009-06-08,obm_cdd_per_supply_days_daily,0.000000000000,days,daily,OBM v0.1.0
2009-06-09,obm_cdd_per_supply_days_daily,0.000000000000,days,daily,OBM v0.1.0
2009-06-10,obm_cdd_per_supply_days_daily,0.000000000000,days,daily,OBM v0.1.0
2009-06-11,obm_cdd_per_supply_days_daily,0.000000000000,days,daily,OBM v0.1.0
2009-06-12,obm_cdd_per_supply_days_daily,0.000000000000,days,daily,OBM v0.1.0
2009-06-13,obm_cdd_per_supply_days_daily,0.000000000000,days,daily,OBM v0.1.0
2009-06-14,obm_cdd_per_supply_days_daily,0.000000000000,days,daily,OBM v0.1.0
2009-06-15,obm_cdd_per_supply_days_daily,0.000000000000,days,daily,OBM v0.1.0
2009-06-16,obm_cdd_per_supply_days_daily,0.000000000000,days,daily,OBM v0.1.0
2009-06-17,obm_cdd_per_supply_days_daily,0.000000000000,days,daily,OBM v0.1.0
2009-06-18,obm_cdd_per_supply_days_daily,0.000000000000,days,daily,OBM v0.1.0
2009-06-19,obm_cdd_per_supply_days_daily,0.000000000000,days,daily,OBM v0.1.0
2009-06-20,obm_cdd_per_supply_days_daily,0.000000000000,days,daily,OBM v0.1.0
2009-06-21,obm_cdd_per_supply_days_daily,0.000000000000,days,daily,OBM v0.1.0
2009-06-22,obm_cdd_per_supply_days_daily,0.051302246970,days,daily,OBM v0.1.0
2009-06-23,obm_cdd_per_supply_days_daily,0.000000000000,days,daily,OBM v0.1.0
2009-06-24,obm_cdd_per_supply_days_daily,0.007193704777,days,daily,OBM v0.1.0
2009-06-25,obm_cdd_per_supply_days_daily,0.007700328301,days,daily,OBM v0.1.0
2009-06-26,obm_cdd_per_supply_days_daily,0.000000000000,days,daily,OBM v0.1.0
2009-06-27,obm_cdd_per_supply_days_daily,0.000000000000,days,daily,OBM v0.1.0
2009-06-28,obm_cdd_per_supply_days_daily,0.000091920925,days,daily,OBM v0.1.0
2009-06-29,obm_cdd_per_supply_days_daily,0.000107291780,days,daily,OBM v0.1.0
2009-06-30,obm_cdd_per_supply_days_daily,0.000158590973,days,daily,OBM v0.1.0
2009-07-01,obm_cdd_per_supply_days_daily,0.000172729545,days,daily,OBM v0.1.0
2009-07-02,obm_cdd_per_supply_days_daily,0.000118023461,days,daily,OBM v0.1.0
2009-07-03,obm_cdd_per_supply_days_daily,0.000000000000,days,daily,OBM v0.1.0
2009-07-04,obm_cdd_per_supply_days_daily,0.000000000000,days,daily,OBM v0.1.0
2009-07-05,obm_cdd_per_supply_days_daily,0.000000000000,days,daily,OBM v0.1.0
2009-07-06,obm_cdd_per_supply_days_daily,0.000000000000,days,daily,OBM v0.1.0
2009-07-07,obm_cdd_per_supply_days_daily,0.000000000000,days,daily,OBM v0.1.0
2009-07-08,obm_cdd_per_supply_days_daily,0.000000000000,days,daily,OBM v0.1.0
2009-07-09,obm_cdd_per_supply_days_daily,0.000000000000,days,daily,OBM v0.1.0
2009-07-10,obm_cdd_per_supply_days_daily,0.000000000000,days,daily,OBM v0.1.0
2009-07-11,obm_cdd_per_supply_days_daily,0.000000000000,days,daily,OBM v0.1.0
2009-07-12,obm_cdd_per_supply_days_daily,0.000000000000,days,daily,OBM v0.1.0
2009-07-13,obm_cdd_per_supply_days_daily,0.000000000000,days,daily,OBM v0.1.0
2009-07-14,obm_cdd_per_supply_days_daily,0.000000000000,days,daily,OBM v0.1.0
2009-07-15,obm_cdd_per_supply_days_daily,0.000000000000,days,daily,OBM v0.1.0
2009-07-16,obm_cdd_per_supply_days_daily,0.000000000000,days,daily,OBM v0.1.0
2009-07-17,obm_cdd_per_supply_days_daily,0.000000000000,days,daily,OBM v0.1.0
2009-07-18,obm_cdd_per_supply_days_daily,0.000000000000,days,daily,OBM v0.1.0
2009-07-19,obm_cdd_per_supply_days_daily,0.000000000000,days,daily,OBM v0.1.0
2009-07-20,obm_cdd_per_supply_days_daily,0.099233667563,days,daily,OBM v0.1.0
2009-07-21,obm_cdd_per_supply_days_daily,0.000000000000,days,daily,OBM v0.1.0
2009-07-22,obm_cdd_per_supply_days_daily,0.000000000000,days,daily,OBM v0.1.0
2009-07-23,obm_cdd_per_supply_days_daily,0.000000000000,days,daily,OBM v0.1.0
2009-07-24,obm_cdd_per_supply_days_daily,0.000000000000,days,daily,OBM v0.1.0
2009-07-25,obm_cdd_per_supply_days_daily,0.000000000000,days,daily,OBM v0.1.0
2009-07-26,obm_cdd_per_supply_days_daily,0.000000000000,days,daily,OBM v0.1.0
2009-07-27,obm_cdd_per_supply_days_daily,0.000000000000,days,daily,OBM v0.1.0
2009-07-28,obm_cdd_per_supply_days_daily,0.000000000000,days,daily,OBM v0.1.0
2009-07-29,obm_cdd_per_supply_days_daily,0.000306956460,days,daily,OBM v0.1.0
2009-07-30,obm_cdd_per_supply_days_daily,0.000292742381,days,daily,OBM v0.1.0
2009-07-31,obm_cdd_per_supply_days_daily,0.000000000000,days,daily,OBM v0.1.0
2009-08-01,obm_cdd_per_supply_days_daily,0.000000000000,days,daily,OBM v0.1.0
2009-08-02,obm_cdd_per_supply_days_daily,0.000000000000,days,daily,OBM v0.1.0
2009-08-03,obm_cdd_per_supply_days_daily,0.000000000000,days,daily,OBM v0.1.0
2009-08-04,obm_cdd_per_supply_days_daily,0.000000000000,days,daily,OBM v0.1.0
2009-08-05,obm_cdd_per_supply_days_daily,0.000000000000,days,daily,OBM v0.1.0
2009-08-06,obm_cdd_per_supply_days_daily,0.000000000000,days,daily,OBM v0.1.0
2009-08-07,obm_cdd_per_supply_days_daily,0.065369235630,days,daily,OBM v0.1.0
2009-08-08,obm_cdd_per_supply_days_daily,0.000000000000,days,daily,OBM v0.1.0
2009-08-09,obm_cdd_per_supply_days_daily,0.000000000000,days,daily,OBM v0.1.0
2009-08-10,obm_cdd_per_supply_days_daily,0.000000000000,days,daily,OBM v0.1.0
2009-08-11,obm_cdd_per_supply_days_daily,0.000000000000,days,daily,OBM v0.1.0
2009-08-12,obm_cdd_per_supply_days_daily,0.000000000000,days,daily,OBM v0.1.0
2009-08-13,obm_cdd_per_supply_days_daily,0.000000000000,days,daily,OBM v0.1.0
2009-08-14,obm_cdd_per_supply_days_daily,0.000000000000,days,daily,OBM v0.1.0
2009-08-15,obm_cdd_per_supply_days_daily,0.000000000000,days,daily,OBM v0.1.0
2009-08-16,obm_cdd_per_supply_days_daily,0.000000000000,days,daily,OBM v0.1.0
2009-08-17,obm_cdd_per_supply_days_daily,0.000000000000,days,daily,OBM v0.1.0
2009-08-18,obm_cdd_per_supply_days_daily,0.000000000000,days,daily,OBM v0.1.0
2009-08-19,obm_cdd_per_supply_days_daily,0.000000000000,days,daily,OBM v0.1.0
2009-08-20,obm_cdd_per_supply_days_daily,0.000000000000,days,daily,OBM v0.1.0
2009-08-21,obm_cdd_per_supply_days_daily,0.000000000000,days,daily,OBM v0.1.0
2009-08-22,obm_cdd_per_supply_days_daily,0.000000000000,days,daily,OBM v0.1.0
2009-08-23,obm_cdd_per_supply_days_daily,0.000000000000,days,daily,OBM v0.1.0
2009-08-24,obm_cdd_per_supply_days_daily,0.000000000000,days,daily,OBM v0.1.0
2009-08-25,obm_cdd_per_supply_days_daily,0.000000000000,days,daily,OBM v0.1.0
2009-08-26,obm_cdd_per_supply_days_daily,0.036587624903,days,daily,OBM v0.1.0
2009-08-27,obm_cdd_per_supply_days_daily,0.000000000000,days,daily,OBM v0.1.0
2009-08-28,obm_cdd_per_supply_days_daily,0.000000000000,days,daily,OBM v0.1.0
2009-08-29,obm_cdd_per_supply_days_daily,0.000000000000,days,daily,OBM v0.1.0
2009-08-30,obm_cdd_per_supply_days_daily,0.000067234916,days,daily,OBM v0.1.0
2009-08-31,obm_cdd_per_supply_days_daily,0.000622592867,days,daily,OBM v0.1.0
2009-09-01,obm_cdd_per_supply_days_daily,0.000000000000,days,daily,OBM v0.1.0
2009-09-02,obm_cdd_per_supply_days_daily,0.000000000000,days,daily,OBM v0.1.0
2009-09-03,obm_cdd_per_supply_days_daily,0.002226974152,days,daily,OBM v0.1.0
2009-09-04,obm_cdd_per_supply_days_daily,0.000000000000,days,daily,OBM v0.1.0
2009-09-05,obm_cdd_per_supply_days_daily,0.000000000000,days,daily,OBM v0.1.0
2009-09-06,obm_cdd_per_supply_days_daily,0.000000000000,days,daily,OBM v0.1.0
2009-09-07,obm_cdd_per_supply_days_daily,0.001464447247,days,daily,OBM v0.1.0
2009-09-08,obm_cdd_per_supply_days_daily,0.000000000000,days,daily,OBM v0.1.0
2009-09-09,obm_cdd_per_supply_days_daily,0.000000000000,days,daily,OBM v0.1.0
2009-09-10,obm_cdd_per_supply_days_daily,0.000000000000,days,daily,OBM v0.1.0
2009-09-11,obm_cdd_per_supply_days_daily,0.000000000000,days,daily,OBM v0.1.0
2009-09-12,obm_cdd_per_supply_days_daily,0.000000000000,days,daily,OBM v0.1.0
2009-09-13,obm_cdd_per_supply_days_daily,0.000000000000,days,daily,OBM v0.1.0
2009-09-14,obm_cdd_per_supply_days_daily,0.000000000000,days,daily,OBM v0.1.0
2009-09-15,obm_cdd_per_supply_days_daily,0.000000000000,days,daily,OBM v0.1.0
2009-09-16,obm_cdd_per_supply_days_daily,0.000018131318,days,daily,OBM v0.1.0
2009-09-17,obm_cdd_per_supply_days_daily,0.053214838578,days,daily,OBM v0.1.0
2009-09-18,obm_cdd_per_supply_days_daily,0.000000000000,days,daily,OBM v0.1.0
2009-09-19,obm_cdd_per_supply_days_daily,0.000000000000,days,daily,OBM v0.1.0
2009-09-20,obm_cdd_per_supply_days_daily,0.000000000000,days,daily,OBM v0.1.0
2009-09-21,obm_cdd_per_supply_days_daily,0.003244320520,days,daily,OBM v0.1.0
2009-09-22,obm_cdd_per_supply_days_daily,0.016690181846,days,daily,OBM v0.1.0
2009-09-23,obm_cdd_per_supply_days_daily,0.000000000000,days,daily,OBM v0.1.0
2009-09-24,obm_cdd_per_supply_days_daily,0.000000000000,days,daily,OBM v0.1.0
2009-09-25,obm_cdd_per_supply_days_daily,0.003219293914,days,daily,OBM v0.1.0
2009-09-26,obm_cdd_per_supply_days_daily,0.000000000000,days,daily,OBM v0.1.0
2009-09-27,obm_cdd_per_supply_days_daily,0.001257999078,days,daily,OBM v0.1.0
2009-09-28,obm_cdd_per_supply_days_daily,0.000000000000,days,daily,OBM v0.1.0
2009-09-29,obm_cdd_per_supply_days_daily,0.005626581350,days,daily,OBM v0.1.0
2009-09-30,obm_cdd_per_supply_days_daily,0.000000000000,days,daily,OBM v0.1.0
2009-10-01,obm_cdd_per_supply_days_daily,0.000000000000,days,daily,OBM v0.1.0
2009-10-02,obm_cdd_per_supply_days_daily,0.001715505604,days,daily,OBM v0.1.0
2009-10-03,obm_cdd_per_supply_days_daily,0.000000000000,days,daily,OBM v0.1.0
2009-10-04,obm_cdd_per_supply_days_daily,0.000000000000,days,daily,OBM v0.1.0
2009-10-05,obm_cdd_per_supply_days_daily,0.000000000000,days,daily,OBM v0.1.0
2009-10-06,obm_cdd_per_supply_days_daily,0.002545524597,days,daily,OBM v0.1.0
2009-10-07,obm_cdd_per_supply_days_daily,0.000000000000,days,daily,OBM v0.1.0
2009-10-08,obm_cdd_per_supply_days_daily,0.000000000000,days,daily,OBM v0.1.0
2009-10-09,obm_cdd_per_supply_days_daily,0.000000000000,days,daily,OBM v0.1.0
2009-10-10,obm_cdd_per_supply_days_daily,0.000000000000,days,daily,OBM v0.1.0
2009-10-11,obm_cdd_per_supply_days_daily,0.000000000000,days,daily,OBM v0.1.0
2009-10-12,obm_cdd_per_supply_days_daily,0.262834960589,days,daily,OBM v0.1.0
2009-10-13,obm_cdd_per_supply_days_daily,0.000000000000,days,daily,OBM v0.1.0
2009-10-14,obm_cdd_per_supply_days_daily,0.000000000000,days,daily,OBM v0.1.0
2009-10-15,obm_cdd_per_supply_days_daily,0.000000000000,days,daily,OBM v0.1.0
2009-10-16,obm_cdd_per_supply_days_daily,0.045099237659,days,daily,OBM v0.1.0
2009-10-17,obm_cdd_per_supply_days_daily,0.000000000000,days,daily,OBM v0.1.0
2009-10-18,obm_cdd_per_supply_days_daily,0.000762443275,days,daily,OBM v0.1.0
2009-10-19,obm_cdd_per_supply_days_daily,0.000000000000,days,daily,OBM v0.1.0
2009-10-20,obm_cdd_per_supply_days_daily,0.052196804402,days,daily,OBM v0.1.0
2009-10-21,obm_cdd_per_supply_days_daily,0.007873021920,days,daily,OBM v0.1.0
2009-10-22,obm_cdd_per_supply_days_daily,0.055370925493,days,daily,OBM v0.1.0
2009-10-23,obm_cdd_per_supply_days_daily,0.000000000000,days,daily,OBM v0.1.0
2009-10-24,obm_cdd_per_supply_days_daily,0.020971551001,days,daily,OBM v0.1.0
2009-10-25,obm_cdd_per_supply_days_daily,0.000000000000,days,daily,OBM v0.1.0
2009-10-26,obm_cdd_per_supply_days_daily,0.000000000000,days,daily,OBM v0.1.0
2009-10-27,obm_cdd_per_supply_days_daily,0.026622520344,days,daily,OBM v0.1.0
2009-10-28,obm_cdd_per_supply_days_daily,0.000000000000,days,daily,OBM v0.1.0
2009-10-29,obm_cdd_per_supply_days_daily,0.008332050476,days,daily,OBM v0.1.0
2009-10-30,obm_cdd_per_supply_days_daily,0.000000000000,days,daily,OBM v0.1.0
2009-10-31,obm_cdd_per_supply_days_daily,0.000000000000,days,daily,OBM v0.1.0
2009-11-01,obm_cdd_per_supply_days_daily,0.000000000000,days,daily,OBM v0.1.0
2009-11-02,obm_cdd_per_supply_days_daily,0.000000000000,days,daily,OBM v0.1.0
2009-11-03,obm_cdd_per_supply_days_daily,0.000000000000,days,daily,OBM v0.1.0
2009-11-04,obm_cdd_per_supply_days_daily,0.094840717985,days,daily,OBM v0.1.0
2009-11-05,obm_cdd_per_supply_days_daily,0.000000000000,days,daily,OBM v0.1.0
2009-11-06,obm_cdd_per_supply_days_daily,0.000000000000,days,daily,OBM v0.1.0
2009-11-07,obm_cdd_per_supply_days_daily,0.000000000000,days,daily,OBM v0.1.0
2009-11-08,obm_cdd_per_supply_days_daily,0.000000000000,days,daily,OBM v0.1.0
2009-11-09,obm_cdd_per_supply_days_daily,0.000000000000,days,daily,OBM v0.1.0
2009-11-10,obm_cdd_per_supply_days_daily,0.000000000000,days,daily,OBM v0.1.0
2009-11-11,obm_cdd_per_supply_days_daily,0.080683891904,days,daily,OBM v0.1.0
2009-11-12,obm_cdd_per_supply_days_daily,0.000000000000,days,daily,OBM v0.1.0
2009-11-13,obm_cdd_per_supply_days_daily,0.001264664949,days,daily,OBM v0.1.0
2009-11-14,obm_cdd_per_supply_days_daily,0.000000000000,days,daily,OBM v0.1.0
2009-11-15,obm_cdd_per_supply_days_daily,0.000000000000,days,daily,OBM v0.1.0
2009-11-16,obm_cdd_per_supply_days_daily,0.000000000000,days,daily,OBM v0.1.0
2009-11-17,obm_cdd_per_supply_days_daily,0.000000000000,days,daily,OBM v0.1.0
2009-11-18,obm_cdd_per_supply_days_daily,0.000000000000,days,daily,OBM v0.1.0
2009-11-19,obm_cdd_per_supply_days_daily,0.130192248002,days,daily,OBM v0.1.0
2009-11-20,obm_cdd_per_supply_days_daily,0.000000000000,days,daily,OBM v0.1.0
2009-11-21,obm_cdd_per_supply_days_daily,0.000000000000,days,daily,OBM v0.1.0
2009-11-22,obm_cdd_per_supply_days_daily,0.000000000000,days,daily,OBM v0.1.0
2009-11-23,obm_cdd_per_supply_days_daily,0.000000000000,days,daily,OBM v0.1.0
2009-11-24,obm_cdd_per_supply_days_daily,0.000000000000,days,daily,OBM v0.1.0
2009-11-25,obm_cdd_per_supply_days_daily,0.000000000000,days,daily,OBM v0.1.0
2009-11-26,obm_cdd_per_supply_days_daily,0.000000000000,days,daily,OBM v0.1.0
2009-11-27,obm_cdd_per_supply_days_daily,0.000000000000,days,daily,OBM v0.1.0
2009-11-28,obm_cdd_per_supply_days_daily,0.000000000000,days,daily,OBM v0.1.0
2009-11-29,obm_cdd_per_supply_days_daily,0.000000000000,days,daily,OBM v0.1.0
2009-11-30,obm_cdd_per_supply_days_daily,0.000000000000,days,daily,OBM v0.1.0
2009-12-01,obm_cdd_per_supply_days_daily,0.781607932553,days,daily,OBM v0.1.0
2009-12-02,obm_cdd_per_supply_days_daily,0.000000000000,days,daily,OBM v0.1.0
2009-12-03,obm_cdd_per_supply_days_daily,0.000000000000,days,daily,OBM v0.1.0
2009-12-04,obm_cdd_per_supply_days_daily,0.000000000000,days,daily,OBM v0.1.0
2009-12-05,obm_cdd_per_supply_days_daily,0.006392606242,days,daily,OBM v0.1.0
2009-12-06,obm_cdd_per_supply_days_daily,0.000162765363,days,daily,OBM v0.1.0
2009-12-07,obm_cdd_per_supply_days_daily,0.000000000000,days,daily,OBM v0.1.0
2009-12-08,obm_cdd_per_supply_days_daily,0.002071347049,days,daily,OBM v0.1.0
2009-12-09,obm_cdd_per_supply_days_daily,0.001990822341,days,daily,OBM v0.1.0
2009-12-10,obm_cdd_per_supply_days_daily,0.000000000000,days,daily,OBM v0.1.0
2009-12-11,obm_cdd_per_supply_days_daily,0.000000000000,days,daily,OBM v0.1.0
2009-12-12,obm_cdd_per_supply_days_daily,0.009548746682,days,daily,OBM v0.1.0
2009-12-13,obm_cdd_per_supply_days_daily,0.000000000000,days,daily,OBM v0.1.0
2009-12-14,obm_cdd_per_supply_days_daily,0.138927812587,days,daily,OBM v0.1.0
2009-12-15,obm_cdd_per_supply_days_daily,0.011531499867,days,daily,OBM v0.1.0
2009-12-16,obm_cdd_per_supply_days_daily,0.001394035708,days,daily,OBM v0.1.0
2009-12-17,obm_cdd_per_supply_days_daily,0.027688760442,days,daily,OBM v0.1.0
2009-12-18,obm_cdd_per_supply_days_daily,0.000000000000,days,daily,OBM v0.1.0
2009-12-19,obm_cdd_per_supply_days_daily,0.000107164508,days,daily,OBM v0.1.0
2009-12-20,obm_cdd_per_supply_days_daily,0.000000000000,days,daily,OBM v0.1.0
2009-12-21,obm_cdd_per_supply_days_daily,0.000099544219,days,daily,OBM v0.1.0
2009-12-22,obm_cdd_per_supply_days_daily,0.000000000000,days,daily,OBM v0.1.0
2009-12-23,obm_cdd_per_supply_days_daily,0.000000000000,days,daily,OBM v0.1.0
2009-12-24,obm_cdd_per_supply_days_daily,0.000000000000,days,daily,OBM v0.1.0
2009-12-25,obm_cdd_per_supply_days_daily,0.002352638663,days,daily,OBM v0.1.0
2009-12-26,obm_cdd_per_supply_days_daily,0.000000000000,days,daily,OBM v0.1.0
2009-12-27,obm_cdd_per_supply_days_daily,0.000845742549,days,daily,OBM v0.1.0
2009-12-28,obm_cdd_per_supply_days_daily,0.000000000000,days,daily,OBM v0.1.0
2009-12-29,obm_cdd_per_supply_days_daily,0.000000000000,days,daily,OBM v0.1.0
2009-12-30,obm_cdd_per_supply_days_daily,0.000000000000,days,daily,OBM v0.1.0
2009-12-31,obm_cdd_per_supply_days_daily,0.000000000000,days,daily,OBM v0.1.0
2010-01-01,obm_cdd_per_supply_days_daily,0.000095485934,days,daily,OBM v0.1.0
2010-01-02,obm_cdd_per_supply_days_daily,0.000000000000,days,daily,OBM v0.1.0
2010-01-03,obm_cdd_per_supply_days_daily,0.000000000000,days,daily,OBM v0.1.0
2010-01-04,obm_cdd_per_supply_days_daily,0.262310535288,days,daily,OBM v0.1.0
2010-01-05,obm_cdd_per_supply_days_daily,0.000000000000,days,daily,OBM v0.1.0
2010-01-06,obm_cdd_per_supply_days_daily,0.000000000000,days,daily,OBM v0.1.0
2010-01-07,obm_cdd_per_supply_days_daily,0.000000000000,days,daily,OBM v0.1.0
2010-01-08,obm_cdd_per_supply_days_daily,0.000000000000,days,daily,OBM v0.1.0
2010-01-09,obm_cdd_per_supply_days_daily,0.000000000000,days,daily,OBM v0.1.0
2010-01-10,obm_cdd_per_supply_days_daily,0.000000000000,days,daily,OBM v0.1.0
2010-01-11,obm_cdd_per_supply_days_daily,0.000000000000,days,daily,OBM v0.1.0
2010-01-12,obm_cdd_per_supply_days_daily,0.280737998611,days,daily,OBM v0.1.0
2010-01-13,obm_cdd_per_supply_days_daily,0.001186535371,days,daily,OBM v0.1.0
2010-01-14,obm_cdd_per_supply_days_daily,0.003346949299,days,daily,OBM v0.1.0
2010-01-15,obm_cdd_per_supply_days_daily,0.000439564153,days,daily,OBM v0.1.0
2010-01-16,obm_cdd_per_supply_days_daily,0.000715985285,days,daily,OBM v0.1.0
2010-01-17,obm_cdd_per_supply_days_daily,0.000000000000,days,daily,OBM v0.1.0
2010-01-18,obm_cdd_per_supply_days_daily,0.000131536098,days,daily,OBM v0.1.0
2010-01-19,obm_cdd_per_supply_days_daily,0.000000000000,days,daily,OBM v0.1.0
2010-01-20,obm_cdd_per_supply_days_daily,0.000000000000,days,daily,OBM v0.1.0
2010-01-21,obm_cdd_per_supply_days_daily,0.000090813137,days,daily,OBM v0.1.0
2010-01-22,obm_cdd_per_supply_days_daily,0.000132690186,days,daily,OBM v0.1.0
2010-01-23,obm_cdd_per_supply_days_daily,0.000028717501,days,daily,OBM v0.1.0
2010-01-24,obm_cdd_per_supply_days_daily,0.000032349177,days,daily,OBM v0.1.0
2010-01-25,obm_cdd_per_supply_days_daily,0.005014352603,days,daily,OBM v0.1.0
2010-01-26,obm_cdd_per_supply_days_daily,0.000489667457,days,daily,OBM v0.1.0
2010-01-27,obm_cdd_per_supply_days_daily,0.000565479745,days,daily,OBM v0.1.0
2010-01-28,obm_cdd_per_supply_days_daily,0.000602712337,days,daily,OBM v0.1.0
2010-01-29,obm_cdd_per_supply_days_daily,0.000718744107,days,daily,OBM v0.1.0
2010-01-30,obm_cdd_per_supply_days_daily,0.008856559678,days,daily,OBM v0.1.0
2010-01-31,obm_cdd_per_supply_days_daily,0.000647808588,days,daily,OBM v0.1.0
2010-02-01,obm_cdd_per_supply_days_daily,0.000726634243,days,daily,OBM v0.1.0
2010-02-02,obm_cdd_per_supply_days_daily,0.000953366424,days,daily,OBM v0.1.0
2010-02-03,obm_cdd_per_supply_days_daily,0.000295451993,days,daily,OBM v0.1.0
2010-02-04,obm_cdd_per_supply_days_daily,0.002055035344,days,daily,OBM v0.1.0
2010-02-05,obm_cdd_per_supply_days_daily,0.100386861737,days,daily,OBM v0.1.0
2010-02-06,obm_cdd_per_supply_days_daily,0.003316712465,days,daily,OBM v0.1.0
2010-02-07,obm_cdd_per_supply_days_daily,0.000526383107,days,daily,OBM v0.1.0
2010-02-08,obm_cdd_per_supply_days_daily,0.098868675821,days,daily,OBM v0.1.0
2010-02-09,obm_cdd_per_supply_days_daily,0.648156721449,days,daily,OBM v0.1.0
2010-02-10,obm_cdd_per_supply_days_daily,0.431704098456,days,daily,OBM v0.1.0
2010-02-11,obm_cdd_per_supply_days_daily,0.007322442135,days,daily,OBM v0.1.0
2010-02-12,obm_cdd_per_supply_days_daily,0.007251560371,days,daily,OBM v0.1.0
2010-02-13,obm_cdd_per_supply_days_daily,0.018089812391,days,daily,OBM v0.1.0
2010-02-14,obm_cdd_per_supply_days_daily,0.004050790026,days,daily,OBM v0.1.0
2010-02-15,obm_cdd_per_supply_days_daily,0.011508667070,days,daily,OBM v0.1.0
2010-02-16,obm_cdd_per_supply_days_daily,0.001103597491,days,daily,OBM v0.1.0
2010-02-17,obm_cdd_per_supply_days_daily,0.086343265483,days,daily,OBM v0.1.0
2010-02-18,obm_cdd_per_supply_days_daily,0.004762401373,days,daily,OBM v0.1.0
2010-02-19,obm_cdd_per_supply_days_daily,0.000096170074,days,daily,OBM v0.1.0
2010-02-20,obm_cdd_per_supply_days_daily,0.000605533689,days,daily,OBM v0.1.0
2010-02-21,obm_cdd_per_supply_days_daily,0.011680915788,days,daily,OBM v0.1.0
2010-02-22,obm_cdd_per_supply_days_daily,0.093421470588,days,daily,OBM v0.1.0
2010-02-23,obm_cdd_per_supply_days_daily,0.000020098290,days,daily,OBM v0.1.0
2010-02-24,obm_cdd_per_supply_days_daily,0.057265769734,days,daily,OBM v0.1.0
2010-02-25,obm_cdd_per_supply_days_daily,0.022752070112,days,daily,OBM v0.1.0
2010-02-26,obm_cdd_per_supply_days_daily,0.022497472696,days,daily,OBM v0.1.0
2010-02-27,obm_cdd_per_supply_days_daily,0.000942195310,days,daily,OBM v0.1.0
2010-02-28,obm_cdd_per_supply_days_daily,0.037540407878,days,daily,OBM v0.1.0
2010-03-01,obm_cdd_per_supply_days_daily,0.002695964163,days,daily,OBM v0.1.0
2010-03-02,obm_cdd_per_supply_days_daily,0.002614758488,days,daily,OBM v0.1.0
2010-03-03,obm_cdd_per_supply_days_daily,0.020527042100,days,daily,OBM v0.1.0
2010-03-04,obm_cdd_per_supply_days_daily,0.499496733415,days,daily,OBM v0.1.0
2010-03-05,obm_cdd_per_supply_days_daily,0.000964289187,days,daily,OBM v0.1.0
2010-03-06,obm_cdd_per_supply_days_daily,0.033374933336,days,daily,OBM v0.1.0
2010-03-07,obm_cdd_per_supply_days_daily,0.014471714669,days,daily,OBM v0.1.0
2010-03-08,obm_cdd_per_supply_days_daily,0.173260872912,days,daily,OBM v0.1.0
2010-03-09,obm_cdd_per_supply_days_daily,0.014397498558,days,daily,OBM v0.1.0
2010-03-10,obm_cdd_per_supply_days_daily,0.008546059061,days,daily,OBM v0.1.0
2010-03-11,obm_cdd_per_supply_days_daily,0.028116846347,days,daily,OBM v0.1.0
2010-03-12,obm_cdd_per_supply_days_daily,0.000753939724,days,daily,OBM v0.1.0
2010-03-13,obm_cdd_per_supply_days_daily,0.013314913281,days,daily,OBM v0.1.0
2010-03-14,obm_cdd_per_supply_days_daily,0.001715467626,days,daily,OBM v0.1.0
2010-03-15,obm_cdd_per_supply_days_daily,0.000391259919,days,daily,OBM v0.1.0
2010-03-16,obm_cdd_per_supply_days_daily,0.043234020986,days,daily,OBM v0.1.0
2010-03-17,obm_cdd_per_supply_days_daily,0.032390620619,days,daily,OBM v0.1.0
2010-03-18,obm_cdd_per_supply_days_daily,0.017264540729,days,daily,OBM v0.1.0
2010-03-19,obm_cdd_per_supply_days_daily,0.026598098519,days,daily,OBM v0.1.0
2010-03-20,obm_cdd_per_supply_days_daily,0.025737163329,days,daily,OBM v0.1.0
2010-03-21,obm_cdd_per_supply_days_daily,0.000327640104,days,daily,OBM v0.1.0
2010-03-22,obm_cdd_per_supply_days_daily,0.004139436403,days,daily,OBM v0.1.0
2010-03-23,obm_cdd_per_supply_days_daily,0.058112541192,days,daily,OBM v0.1.0
2010-03-24,obm_cdd_per_supply_days_daily,0.004106261793,days,daily,OBM v0.1.0
2010-03-25,obm_cdd_per_supply_days_daily,0.088589188624,days,daily,OBM v0.1.0
2010-03-26,obm_cdd_per_supply_days_daily,0.006328401357,days,daily,OBM v0.1.0
2010-03-27,obm_cdd_per_supply_days_daily,0.007838753869,days,daily,OBM v0.1.0
2010-03-28,obm_cdd_per_supply_days_daily,0.026334451731,days,daily,OBM v0.1.0
2010-03-29,obm_cdd_per_supply_days_daily,0.006416909492,days,daily,OBM v0.1.0
2010-03-30,obm_cdd_per_supply_days_daily,0.001549568970,days,daily,OBM v0.1.0
2010-03-31,obm_cdd_per_supply_days_daily,0.002920157235,days,daily,OBM v0.1.0
2010-04-01,obm_cdd_per_supply_days_daily,0.001634762380,days,daily,OBM v0.1.0
2010-04-02,obm_cdd_per_supply_days_daily,0.001028917856,days,daily,OBM v0.1.0
2010-04-03,obm_cdd_per_supply_days_daily,0.002808168210,days,daily,OBM v0.1.0
2010-04-04,obm_cdd_per_supply_days_daily,0.017107454144,days,daily,OBM v0.1.0
2010-04-05,obm_cdd_per_supply_days_daily,0.084346751231,days,daily,OBM v0.1.0
2010-04-06,obm_cdd_per_supply_days_daily,0.084944220265,days,daily,OBM v0.1.0
2010-04-07,obm_cdd_per_supply_days_daily,0.115548752559,days,daily,OBM v0.1.0
2010-04-08,obm_cdd_per_supply_days_daily,0.014784224607,days,daily,OBM v0.1.0
2010-04-09,obm_cdd_per_supply_days_daily,0.079575026591,days,daily,OBM v0.1.0
2010-04-10,obm_cdd_per_supply_days_daily,0.304126176133,days,daily,OBM v0.1.0
2010-04-11,obm_cdd_per_supply_days_daily,0.106232936585,days,daily,OBM v0.1.0
2010-04-12,obm_cdd_per_supply_days_daily,0.061442773900,days,daily,OBM v0.1.0
2010-04-13,obm_cdd_per_supply_days_daily,0.001338743584,days,daily,OBM v0.1.0
2010-04-14,obm_cdd_per_supply_days_daily,0.011502268557,days,daily,OBM v0.1.0
2010-04-15,obm_cdd_per_supply_days_daily,3.516675243075,days,daily,OBM v0.1.0
2010-04-16,obm_cdd_per_supply_days_daily,0.179268091850,days,daily,OBM v0.1.0
2010-04-17,obm_cdd_per_supply_days_daily,0.005367909074,days,daily,OBM v0.1.0
2010-04-18,obm_cdd_per_supply_days_daily,0.023313530513,days,daily,OBM v0.1.0
2010-04-19,obm_cdd_per_supply_days_daily,0.065324950801,days,daily,OBM v0.1.0
2010-04-20,obm_cdd_per_supply_days_daily,0.130630804553,days,daily,OBM v0.1.0
2010-04-21,obm_cdd_per_supply_days_daily,0.027670178786,days,daily,OBM v0.1.0
2010-04-22,obm_cdd_per_supply_days_daily,0.044603540547,days,daily,OBM v0.1.0
2010-04-23,obm_cdd_per_supply_days_daily,0.001626538312,days,daily,OBM v0.1.0
2010-04-24,obm_cdd_per_supply_days_daily,0.044724179634,days,daily,OBM v0.1.0
2010-04-25,obm_cdd_per_supply_days_daily,0.121468258065,days,daily,OBM v0.1.0
2010-04-26,obm_cdd_per_supply_days_daily,0.077682162414,days,daily,OBM v0.1.0
2010-04-27,obm_cdd_per_supply_days_daily,0.006013820115,days,daily,OBM v0.1.0
2010-04-28,obm_cdd_per_supply_days_daily,0.021694119839,days,daily,OBM v0.1.0
2010-04-29,obm_cdd_per_supply_days_daily,0.002810602140,days,daily,OBM v0.1.0
2010-04-30,obm_cdd_per_supply_days_daily,0.480588387069,days,daily,OBM v0.1.0
2010-05-01,obm_cdd_per_supply_days_daily,0.004328575546,days,daily,OBM v0.1.0
2010-05-02,obm_cdd_per_supply_days_daily,0.002133933689,days,daily,OBM v0.1.0
2010-05-03,obm_cdd_per_supply_days_daily,0.016792969013,days,daily,OBM v0.1.0
2010-05-04,obm_cdd_per_supply_days_daily,0.071036717449,days,daily,OBM v0.1.0
2010-05-05,obm_cdd_per_supply_days_daily,0.103847218756,days,daily,OBM v0.1.0
2010-05-06,obm_cdd_per_supply_days_daily,0.142653524535,days,daily,OBM v0.1.0
2010-05-07,obm_cdd_per_supply_days_daily,0.110517475901,days,daily,OBM v0.1.0
2010-05-08,obm_cdd_per_supply_days_daily,0.102756582206,days,daily,OBM v0.1.0
2010-05-09,obm_cdd_per_supply_days_daily,0.041110697371,days,daily,OBM v0.1.0
2010-05-10,obm_cdd_per_supply_days_daily,0.036121328481,days,daily,OBM v0.1.0
2010-05-11,obm_cdd_per_supply_days_daily,0.001930123341,days,daily,OBM v0.1.0
2010-05-12,obm_cdd_per_supply_days_daily,0.110043539682,days,daily,OBM v0.1.0
2010-05-13,obm_cdd_per_supply_days_daily,0.034016062961,days,daily,OBM v0.1.0
2010-05-14,obm_cdd_per_supply_days_daily,0.061817288990,days,daily,OBM v0.1.0
2010-05-15,obm_cdd_per_supply_days_daily,0.007923918411,days,daily,OBM v0.1.0
2010-05-16,obm_cdd_per_supply_days_daily,0.003292248436,days,daily,OBM v0.1.0
2010-05-17,obm_cdd_per_supply_days_daily,0.106244586886,days,daily,OBM v0.1.0
2010-05-18,obm_cdd_per_supply_days_daily,0.015976737483,days,daily,OBM v0.1.0
2010-05-19,obm_cdd_per_supply_days_daily,0.048059508842,days,daily,OBM v0.1.0
2010-05-20,obm_cdd_per_supply_days_daily,0.002323933951,days,daily,OBM v0.1.0
2010-05-21,obm_cdd_per_supply_days_daily,0.132931579656,days,daily,OBM v0.1.0
2010-05-22,obm_cdd_per_supply_days_daily,0.150200607747,days,daily,OBM v0.1.0
2010-05-23,obm_cdd_per_supply_days_daily,0.011440682563,days,daily,OBM v0.1.0
2010-05-24,obm_cdd_per_supply_days_daily,0.004698422763,days,daily,OBM v0.1.0
2010-05-25,obm_cdd_per_supply_days_daily,0.004704078347,days,daily,OBM v0.1.0
2010-05-26,obm_cdd_per_supply_days_daily,0.071332791812,days,daily,OBM v0.1.0
2010-05-27,obm_cdd_per_supply_days_daily,0.040571623120,days,daily,OBM v0.1.0
2010-05-28,obm_cdd_per_supply_days_daily,1.022423178657,days,daily,OBM v0.1.0
2010-05-29,obm_cdd_per_supply_days_daily,0.077620856645,days,daily,OBM v0.1.0
2010-05-30,obm_cdd_per_supply_days_daily,0.013527682584,days,daily,OBM v0.1.0
2010-05-31,obm_cdd_per_supply_days_daily,0.011255682289,days,daily,OBM v0.1.0
2010-06-01,obm_cdd_per_supply_days_daily,0.049553209715,days,daily,OBM v0.1.0
2010-06-02,obm_cdd_per_supply_days_daily,0.030327241217,days,daily,OBM v0.1.0
2010-06-03,obm_cdd_per_supply_days_daily,0.028269756854,days,daily,OBM v0.1.0
2010-06-04,obm_cdd_per_supply_days_daily,0.254730371829,days,daily,OBM v0.1.0
2010-06-05,obm_cdd_per_supply_days_daily,0.005082376509,days,daily,OBM v0.1.0
2010-06-06,obm_cdd_per_supply_days_daily,0.008820763817,days,daily,OBM v0.1.0
2010-06-07,obm_cdd_per_supply_days_daily,0.235221928770,days,daily,OBM v0.1.0
2010-06-08,obm_cdd_per_supply_days_daily,0.040830536724,days,daily,OBM v0.1.0
2010-06-09,obm_cdd_per_supply_days_daily,0.442296731703,days,daily,OBM v0.1.0
2010-06-10,obm_cdd_per_supply_days_daily,0.128767394290,days,daily,OBM v0.1.0
2010-06-11,obm_cdd_per_supply_days_daily,0.060091962564,days,daily,OBM v0.1.0
2010-06-12,obm_cdd_per_supply_days_daily,0.011438803881,days,daily,OBM v0.1.0
2010-06-13,obm_cdd_per_supply_days_daily,0.019039568502,days,daily,OBM v0.1.0
2010-06-14,obm_cdd_per_supply_days_daily,0.223579876092,days,daily,OBM v0.1.0
2010-06-15,obm_cdd_per_supply_days_daily,0.041958324677,days,daily,OBM v0.1.0
2010-06-16,obm_cdd_per_supply_days_daily,0.084522580229,days,daily,OBM v0.1.0
2010-06-17,obm_cdd_per_supply_days_daily,0.220039826726,days,daily,OBM v0.1.0
2010-06-18,obm_cdd_per_supply_days_daily,0.025918606907,days,daily,OBM v0.1.0
2010-06-19,obm_cdd_per_supply_days_daily,0.487500030713,days,daily,OBM v0.1.0
2010-06-20,obm_cdd_per_supply_days_daily,0.042211355899,days,daily,OBM v0.1.0
2010-06-21,obm_cdd_per_supply_days_daily,0.003133370253,days,daily,OBM v0.1.0
2010-06-22,obm_cdd_per_supply_days_daily,0.023295033308,days,daily,OBM v0.1.0
2010-06-23,obm_cdd_per_supply_days_daily,0.086639211278,days,daily,OBM v0.1.0
2010-06-24,obm_cdd_per_supply_days_daily,0.158336869436,days,daily,OBM v0.1.0
2010-06-25,obm_cdd_per_supply_days_daily,0.103749139656,days,daily,OBM v0.1.0
2010-06-26,obm_cdd_per_supply_days_daily,0.090577748689,days,daily,OBM v0.1.0
2010-06-27,obm_cdd_per_supply_days_daily,0.003188406962,days,daily,OBM v0.1.0
2010-06-28,obm_cdd_per_supply_days_daily,0.027242102242,days,daily,OBM v0.1.0
2010-06-29,obm_cdd_per_supply_days_daily,0.189592437538,days,daily,OBM v0.1.0
2010-06-30,obm_cdd_per_supply_days_daily,0.415401405537,days,daily,OBM v0.1.0
2010-07-01,obm_cdd_per_supply_days_daily,0.023786351780,days,daily,OBM v0.1.0
2010-07-02,obm_cdd_per_supply_days_daily,0.208868638566,days,daily,OBM v0.1.0
2010-07-03,obm_cdd_per_supply_days_daily,0.035746679320,days,daily,OBM v0.1.0
2010-07-04,obm_cdd_per_supply_days_daily,0.117600821895,days,daily,OBM v0.1.0
2010-07-05,obm_cdd_per_supply_days_daily,0.125392338635,days,daily,OBM v0.1.0
2010-07-06,obm_cdd_per_supply_days_daily,0.015894704271,days,daily,OBM v0.1.0
2010-07-07,obm_cdd_per_supply_days_daily,0.198593812326,days,daily,OBM v0.1.0
2010-07-08,obm_cdd_per_supply_days_daily,0.065125740483,days,daily,OBM v0.1.0
2010-07-09,obm_cdd_per_supply_days_daily,0.003673957815,days,daily,OBM v0.1.0
2010-07-10,obm_cdd_per_supply_days_daily,0.044430874232,days,daily,OBM v0.1.0
2010-07-11,obm_cdd_per_supply_days_daily,0.080508272961,days,daily,OBM v0.1.0
2010-07-12,obm_cdd_per_supply_days_daily,0.784237053210,days,daily,OBM v0.1.0
2010-07-13,obm_cdd_per_supply_days_daily,0.077587255445,days,daily,OBM v0.1.0
2010-07-14,obm_cdd_per_supply_days_daily,0.101004006918,days,daily,OBM v0.1.0
2010-07-15,obm_cdd_per_supply_days_daily,0.925406664502,days,daily,OBM v0.1.0
2010-07-16,obm_cdd_per_supply_days_daily,0.083927236472,days,daily,OBM v0.1.0
2010-07-17,obm_cdd_per_supply_days_daily,0.167190267360,days,daily,OBM v0.1.0
2010-07-18,obm_cdd_per_supply_days_daily,0.491041214235,days,daily,OBM v0.1.0
2010-07-19,obm_cdd_per_supply_days_daily,0.129432085268,days,daily,OBM v0.1.0
2010-07-20,obm_cdd_per_supply_days_daily,0.026139117723,days,daily,OBM v0.1.0
2010-07-21,obm_cdd_per_supply_days_daily,0.257989831419,days,daily,OBM v0.1.0
2010-07-22,obm_cdd_per_supply_days_daily,0.077727239710,days,daily,OBM v0.1.0
2010-07-23,obm_cdd_per_supply_days_daily,0.099531472906,days,daily,OBM v0.1.0
2010-07-24,obm_cdd_per_supply_days_daily,0.741155653217,days,daily,OBM v0.1.0
2010-07-25,obm_cdd_per_supply_days_daily,0.189147577515,days,daily,OBM v0.1.0
2010-07-26,obm_cdd_per_supply_days_daily,1.444142921326,days,daily,OBM v0.1.0
2010-07-27,obm_cdd_per_supply_days_daily,0.438171935026,days,daily,OBM v0.1.0
2010-07-28,obm_cdd_per_supply_days_daily,0.079307048319,days,daily,OBM v0.1.0
2010-07-29,obm_cdd_per_supply_days_daily,0.019192196639,days,daily,OBM v0.1.0
2010-07-30,obm_cdd_per_supply_days_daily,0.033582980851,days,daily,OBM v0.1.0
2010-07-31,obm_cdd_per_supply_days_daily,0.138850963869,days,daily,OBM v0.1.0
2010-08-01,obm_cdd_per_supply_days_daily,0.205529781551,days,daily,OBM v0.1.0
2010-08-02,obm_cdd_per_supply_days_daily,0.028709998444,days,daily,OBM v0.1.0
2010-08-03,obm_cdd_per_supply_days_daily,0.101761440590,days,daily,OBM v0.1.0
2010-08-04,obm_cdd_per_supply_days_daily,0.228243633409,days,daily,OBM v0.1.0
2010-08-05,obm_cdd_per_supply_days_daily,0.039991855593,days,daily,OBM v0.1.0
2010-08-06,obm_cdd_per_supply_days_daily,0.079674345502,days,daily,OBM v0.1.0
2010-08-07,obm_cdd_per_supply_days_daily,0.282271007367,days,daily,OBM v0.1.0
2010-08-08,obm_cdd_per_supply_days_daily,0.140088333673,days,daily,OBM v0.1.0
2010-08-09,obm_cdd_per_supply_days_daily,0.183320643001,days,daily,OBM v0.1.0
2010-08-10,obm_cdd_per_supply_days_daily,0.136293620430,days,daily,OBM v0.1.0
2010-08-11,obm_cdd_per_supply_days_daily,0.083958099581,days,daily,OBM v0.1.0
2010-08-12,obm_cdd_per_supply_days_daily,0.017089313760,days,daily,OBM v0.1.0
2010-08-13,obm_cdd_per_supply_days_daily,0.109525966286,days,daily,OBM v0.1.0
2010-08-14,obm_cdd_per_supply_days_daily,0.012236794996,days,daily,OBM v0.1.0
2010-08-15,obm_cdd_per_supply_days_daily,0.041376504370,days,daily,OBM v0.1.0
2010-08-16,obm_cdd_per_supply_days_daily,0.121235628455,days,daily,OBM v0.1.0
2010-08-17,obm_cdd_per_supply_days_daily,0.044295364489,days,daily,OBM v0.1.0
2010-08-18,obm_cdd_per_supply_days_daily,0.138290394165,days,daily,OBM v0.1.0
2010-08-19,obm_cdd_per_supply_days_daily,0.027417546378,days,daily,OBM v0.1.0
2010-08-20,obm_cdd_per_supply_days_daily,0.030282257425,days,daily,OBM v0.1.0
2010-08-21,obm_cdd_per_supply_days_daily,0.128328049465,days,daily,OBM v0.1.0
2010-08-22,obm_cdd_per_supply_days_daily,0.135300206039,days,daily,OBM v0.1.0
2010-08-23,obm_cdd_per_supply_days_daily,0.013228530698,days,daily,OBM v0.1.0
2010-08-24,obm_cdd_per_supply_days_daily,0.036024528148,days,daily,OBM v0.1.0
2010-08-25,obm_cdd_per_supply_days_daily,0.012802654807,days,daily,OBM v0.1.0
2010-08-26,obm_cdd_per_supply_days_daily,0.013302696916,days,daily,OBM v0.1.0
2010-08-27,obm_cdd_per_supply_days_daily,0.123172572858,days,daily,OBM v0.1.0
2010-08-28,obm_cdd_per_supply_days_daily,0.017121544556,days,daily,OBM v0.1.0
2010-08-29,obm_cdd_per_supply_days_daily,0.022809507516,days,daily,OBM v0.1.0
2010-08-30,obm_cdd_per_supply_days_daily,0.024617996484,days,daily,OBM v0.1.0
2010-08-31,obm_cdd_per_supply_days_daily,0.264578360167,days,daily,OBM v0.1.0
2010-09-01,obm_cdd_per_supply_days_daily,0.077338093653,days,daily,OBM v0.1.0
2010-09-02,obm_cdd_per_supply_days_daily,0.035927726545,days,daily,OBM v0.1.0
2010-09-03,obm_cdd_per_supply_days_daily,0.111587523135,days,daily,OBM v0.1.0
2010-09-04,obm_cdd_per_supply_days_daily,0.029302503549,days,daily,OBM v0.1.0
2010-09-05,obm_cdd_per_supply_days_daily,0.570383018797,days,daily,OBM v0.1.0
2010-09-06,obm_cdd_per_supply_days_daily,0.096653926190,days,daily,OBM v0.1.0
2010-09-07,obm_cdd_per_supply_days_daily,0.083078317108,days,daily,OBM v0.1.0
2010-09-08,obm_cdd_per_supply_days_daily,0.024944277370,days,daily,OBM v0.1.0
2010-09-09,obm_cdd_per_supply_days_daily,0.243886740080,days,daily,OBM v0.1.0
2010-09-10,obm_cdd_per_supply_days_daily,0.010877628015,days,daily,OBM v0.1.0
2010-09-11,obm_cdd_per_supply_days_daily,0.024213309961,days,daily,OBM v0.1.0
2010-09-12,obm_cdd_per_supply_days_daily,0.093155873984,days,daily,OBM v0.1.0
2010-09-13,obm_cdd_per_supply_days_daily,0.132781991888,days,daily,OBM v0.1.0
2010-09-14,obm_cdd_per_supply_days_daily,0.046899696764,days,daily,OBM v0.1.0
2010-09-15,obm_cdd_per_supply_days_daily,0.201609444744,days,daily,OBM v0.1.0
2010-09-16,obm_cdd_per_supply_days_daily,0.222834933624,days,daily,OBM v0.1.0
2010-09-17,obm_cdd_per_supply_days_daily,2.512801659712,days,daily,OBM v0.1.0
2010-09-18,obm_cdd_per_supply_days_daily,0.079625667589,days,daily,OBM v0.1.0
2010-09-19,obm_cdd_per_supply_days_daily,0.060872196059,days,daily,OBM v0.1.0
2010-09-20,obm_cdd_per_supply_days_daily,0.091098077027,days,daily,OBM v0.1.0
2010-09-21,obm_cdd_per_supply_days_daily,0.032396517938,days,daily,OBM v0.1.0
2010-09-22,obm_cdd_per_supply_days_daily,0.081065228607,days,daily,OBM v0.1.0
2010-09-23,obm_cdd_per_supply_days_daily,0.228822660298,days,daily,OBM v0.1.0
2010-09-24,obm_cdd_per_supply_days_daily,0.023556493666,days,daily,OBM v0.1.0
2010-09-25,obm_cdd_per_supply_days_daily,0.091797177545,days,daily,OBM v0.1.0
2010-09-26,obm_cdd_per_supply_days_daily,0.035507381808,days,daily,OBM v0.1.0
2010-09-27,obm_cdd_per_supply_days_daily,0.775818022861,days,daily,OBM v0.1.0
2010-09-28,obm_cdd_per_supply_days_daily,4.639133783379,days,daily,OBM v0.1.0
2010-09-29,obm_cdd_per_supply_days_daily,0.202723737466,days,daily,OBM v0.1.0
2010-09-30,obm_cdd_per_supply_days_daily,0.105307996966,days,daily,OBM v0.1.0
2010-10-01,obm_cdd_per_supply_days_daily,1.878654807370,days,daily,OBM v0.1.0
2010-10-02,obm_cdd_per_supply_days_daily,2.700679549970,days,daily,OBM v0.1.0
2010-10-03,obm_cdd_per_supply_days_daily,0.083107405271,days,daily,OBM v0.1.0
2010-10-04,obm_cdd_per_supply_days_daily,0.382278931158,days,daily,OBM v0.1.0
2010-10-05,obm_cdd_per_supply_days_daily,1.564150719319,days,daily,OBM v0.1.0
2010-10-06,obm_cdd_per_supply_days_daily,0.101067455774,days,daily,OBM v0.1.0
2010-10-07,obm_cdd_per_supply_days_daily,0.183739535734,days,daily,OBM v0.1.0
2010-10-08,obm_cdd_per_supply_days_daily,0.467478687713,days,daily,OBM v0.1.0
2010-10-09,obm_cdd_per_supply_days_daily,0.338983427601,days,daily,OBM v0.1.0
2010-10-10,obm_cdd_per_supply_days_daily,0.280264765377,days,daily,OBM v0.1.0
2010-10-11,obm_cdd_per_supply_days_daily,0.126132535938,days,daily,OBM v0.1.0
2010-10-12,obm_cdd_per_supply_days_daily,0.092621485550,days,daily,OBM v0.1.0
2010-10-13,obm_cdd_per_supply_days_daily,0.922372440781,days,daily,OBM v0.1.0
2010-10-14,obm_cdd_per_supply_days_daily,0.210243184659,days,daily,OBM v0.1.0
2010-10-15,obm_cdd_per_supply_days_daily,0.427950349628,days,daily,OBM v0.1.0
2010-10-16,obm_cdd_per_supply_days_daily,0.947300164134,days,daily,OBM v0.1.0
2010-10-17,obm_cdd_per_supply_days_daily,0.057549351407,days,daily,OBM v0.1.0
2010-10-18,obm_cdd_per_supply_days_daily,0.041403756265,days,daily,OBM v0.1.0
2010-10-19,obm_cdd_per_supply_days_daily,0.070872971570,days,daily,OBM v0.1.0
2010-10-20,obm_cdd_per_supply_days_daily,0.086879168410,days,daily,OBM v0.1.0
2010-10-21,obm_cdd_per_supply_days_daily,0.316840714082,days,daily,OBM v0.1.0
2010-10-22,obm_cdd_per_supply_days_daily,0.063553637278,days,daily,OBM v0.1.0
2010-10-23,obm_cdd_per_supply_days_daily,0.153170752808,days,daily,OBM v0.1.0
2010-10-24,obm_cdd_per_supply_days_daily,0.292479572756,days,daily,OBM v0.1.0
2010-10-25,obm_cdd_per_supply_days_daily,0.152377213803,days,daily,OBM v0.1.0
2010-10-26,obm_cdd_per_supply_days_daily,0.117404054483,days,daily,OBM v0.1.0
2010-10-27,obm_cdd_per_supply_days_daily,0.259567167376,days,daily,OBM v0.1.0
2010-10-28,obm_cdd_per_supply_days_daily,0.674899677992,days,daily,OBM v0.1.0
2010-10-29,obm_cdd_per_supply_days_daily,0.109348760806,days,daily,OBM v0.1.0
2010-10-30,obm_cdd_per_supply_days_daily,0.130465384849,days,daily,OBM v0.1.0
2010-10-31,obm_cdd_per_supply_days_daily,0.123177076436,days,daily,OBM v0.1.0
2010-11-01,obm_cdd_per_supply_days_daily,0.121564073643,days,daily,OBM v0.1.0
2010-11-02,obm_cdd_per_supply_days_daily,0.175501903810,days,daily,OBM v0.1.0
2010-11-03,obm_cdd_per_supply_days_daily,0.070268399528,days,daily,OBM v0.1.0
2010-11-04,obm_cdd_per_supply_days_daily,0.494816625227,days,daily,OBM v0.1.0
2010-11-05,obm_cdd_per_supply_days_daily,0.299393855098,days,daily,OBM v0.1.0
2010-11-06,obm_cdd_per_supply_days_daily,1.483628311184,days,daily,OBM v0.1.0
2010-11-07,obm_cdd_per_supply_days_daily,0.087796452615,days,daily,OBM v0.1.0
2010-11-08,obm_cdd_per_supply_days_daily,1.406266288371,days,daily,OBM v0.1.0
2010-11-09,obm_cdd_per_supply_days_daily,0.175349745300,days,daily,OBM v0.1.0
2010-11-10,obm_cdd_per_supply_days_daily,0.034388501549,days,daily,OBM v0.1.0
2010-11-11,obm_cdd_per_supply_days_daily,0.030242788607,days,daily,OBM v0.1.0
2010-11-12,obm_cdd_per_supply_days_daily,0.018520252798,days,daily,OBM v0.1.0
2010-11-13,obm_cdd_per_supply_days_daily,0.131757498490,days,daily,OBM v0.1.0
2010-11-14,obm_cdd_per_supply_days_daily,0.229489877293,days,daily,OBM v0.1.0
2010-11-15,obm_cdd_per_supply_days_daily,1.992729668302,days,daily,OBM v0.1.0
2010-11-16,obm_cdd_per_supply_days_daily,0.109070059900,days,daily,OBM v0.1.0
2010-11-17,obm_cdd_per_supply_days_daily,0.045541727143,days,daily,OBM v0.1.0
2010-11-18,obm_cdd_per_supply_days_daily,0.053674746164,days,daily,OBM v0.1.0
2010-11-19,obm_cdd_per_supply_days_daily,0.216593254386,days,daily,OBM v0.1.0
2010-11-20,obm_cdd_per_supply_days_daily,0.155796521090,days,daily,OBM v0.1.0
2010-11-21,obm_cdd_per_supply_days_daily,0.047292824572,days,daily,OBM v0.1.0
2010-11-22,obm_cdd_per_supply_days_daily,0.044424808857,days,daily,OBM v0.1.0
2010-11-23,obm_cdd_per_supply_days_daily,0.169748414849,days,daily,OBM v0.1.0
2010-11-24,obm_cdd_per_supply_days_daily,0.192397361958,days,daily,OBM v0.1.0
2010-11-25,obm_cdd_per_supply_days_daily,0.272477788312,days,daily,OBM v0.1.0
2010-11-26,obm_cdd_per_supply_days_daily,0.257694156708,days,daily,OBM v0.1.0
2010-11-27,obm_cdd_per_supply_days_daily,0.120447212239,days,daily,OBM v0.1.0
2010-11-28,obm_cdd_per_supply_days_daily,0.038580439966,days,daily,OBM v0.1.0
2010-11-29,obm_cdd_per_supply_days_daily,0.057446557092,days,daily,OBM v0.1.0
2010-11-30,obm_cdd_per_supply_days_daily,0.232635360597,days,daily,OBM v0.1.0
2010-12-01,obm_cdd_per_supply_days_daily,0.104272733658,days,daily,OBM v0.1.0
2010-12-02,obm_cdd_per_supply_days_daily,0.470914288685,days,daily,OBM v0.1.0
2010-12-03,obm_cdd_per_supply_days_daily,0.045458116903,days,daily,OBM v0.1.0
2010-12-04,obm_cdd_per_supply_days_daily,0.122205050749,days,daily,OBM v0.1.0
2010-12-05,obm_cdd_per_supply_days_daily,0.098563115637,days,daily,OBM v0.1.0
2010-12-06,obm_cdd_per_supply_days_daily,0.779575991096,days,daily,OBM v0.1.0
2010-12-07,obm_cdd_per_supply_days_daily,0.436159435301,days,daily,OBM v0.1.0
2010-12-08,obm_cdd_per_supply_days_daily,0.034966095865,days,daily,OBM v0.1.0
2010-12-09,obm_cdd_per_supply_days_daily,0.094315710650,days,daily,OBM v0.1.0
2010-12-10,obm_cdd_per_supply_days_daily,0.116237633093,days,daily,OBM v0.1.0
2010-12-11,obm_cdd_per_supply_days_daily,0.162946693371,days,daily,OBM v0.1.0
2010-12-12,obm_cdd_per_supply_days_daily,0.042181558647,days,daily,OBM v0.1.0
2010-12-13,obm_cdd_per_supply_days_daily,0.337603644273,days,daily,OBM v0.1.0
2010-12-14,obm_cdd_per_supply_days_daily,0.028045125618,days,daily,OBM v0.1.0
2010-12-15,obm_cdd_per_supply_days_daily,0.168617581822,days,daily,OBM v0.1.0
2010-12-16,obm_cdd_per_supply_days_daily,0.044746578847,days,daily,OBM v0.1.0
2010-12-17,obm_cdd_per_supply_days_daily,0.023127441414,days,daily,OBM v0.1.0
2010-12-18,obm_cdd_per_supply_days_daily,0.117946193620,days,daily,OBM v0.1.0
2010-12-19,obm_cdd_per_supply_days_daily,0.148860772184,days,daily,OBM v0.1.0
2010-12-20,obm_cdd_per_supply_days_daily,0.634065896630,days,daily,OBM v0.1.0
2010-12-21,obm_cdd_per_supply_days_daily,1.617477770152,days,daily,OBM v0.1.0
2010-12-22,obm_cdd_per_supply_days_daily,0.039011469249,days,daily,OBM v0.1.0
2010-12-23,obm_cdd_per_supply_days_daily,0.045722288293,days,daily,OBM v0.1.0
2010-12-24,obm_cdd_per_supply_days_daily,0.041305644110,days,daily,OBM v0.1.0
2010-12-25,obm_cdd_per_supply_days_daily,0.091190851421,days,daily,OBM v0.1.0
2010-12-26,obm_cdd_per_supply_days_daily,0.075672035138,days,daily,OBM v0.1.0
2010-12-27,obm_cdd_per_supply_days_daily,0.260082083769,days,daily,OBM v0.1.0
2010-12-28,obm_cdd_per_supply_days_daily,0.070140545484,days,daily,OBM v0.1.0
2010-12-29,obm_cdd_per_supply_days_daily,0.300985680877,days,daily,OBM v0.1.0
2010-12-30,obm_cdd_per_supply_days_daily,0.095222437766,days,daily,OBM v0.1.0
2010-12-31,obm_cdd_per_supply_days_daily,0.116608198487,days,daily,OBM v0.1.0
2011-01-01,obm_cdd_per_supply_days_daily,0.023593923164,days,daily,OBM v0.1.0
2011-01-02,obm_cdd_per_supply_days_daily,0.291737878712,days,daily,OBM v0.1.0
2011-01-03,obm_cdd_per_supply_days_daily,0.105584568957,days,daily,OBM v0.1.0
2011-01-04,obm_cdd_per_supply_days_daily,0.026442753323,days,daily,OBM v0.1.0
2011-01-05,obm_cdd_per_supply_days_daily,0.069509790997,days,daily,OBM v0.1.0
2011-01-06,obm_cdd_per_supply_days_daily,0.105963981806,days,daily,OBM v0.1.0
2011-01-07,obm_cdd_per_supply_days_daily,0.120774688076,days,daily,OBM v0.1.0
2011-01-08,obm_cdd_per_supply_days_daily,0.173989317007,days,daily,OBM v0.1.0
2011-01-09,obm_cdd_per_supply_days_daily,0.075843949998,days,daily,OBM v0.1.0
2011-01-10,obm_cdd_per_supply_days_daily,0.404691017492,days,daily,OBM v0.1.0
2011-01-11,obm_cdd_per_supply_days_daily,1.781353393295,days,daily,OBM v0.1.0
2011-01-12,obm_cdd_per_supply_days_daily,0.053878592051,days,daily,OBM v0.1.0
2011-01-13,obm_cdd_per_supply_days_daily,0.432356110992,days,daily,OBM v0.1.0
2011-01-14,obm_cdd_per_supply_days_daily,0.274593494429,days,daily,OBM v0.1.0
2011-01-15,obm_cdd_per_supply_days_daily,0.052530852788,days,daily,OBM v0.1.0
2011-01-16,obm_cdd_per_supply_days_daily,0.344841750329,days,daily,OBM v0.1.0
2011-01-17,obm_cdd_per_supply_days_daily,0.139112608178,days,daily,OBM v0.1.0
2011-01-18,obm_cdd_per_supply_days_daily,0.158324438381,days,daily,OBM v0.1.0
2011-01-19,obm_cdd_per_supply_days_daily,0.728427251663,days,daily,OBM v0.1.0
2011-01-20,obm_cdd_per_supply_days_daily,0.119279520520,days,daily,OBM v0.1.0
2011-01-21,obm_cdd_per_supply_days_daily,0.117982424512,days,daily,OBM v0.1.0
2011-01-22,obm_cdd_per_supply_days_daily,0.136818436417,days,daily,OBM v0.1.0
2011-01-23,obm_cdd_per_supply_days_daily,0.429650589772,days,daily,OBM v0.1.0
2011-01-24,obm_cdd_per_supply_days_daily,0.297962871091,days,daily,OBM v0.1.0
2011-01-25,obm_cdd_per_supply_days_daily,0.083203911740,days,daily,OBM v0.1.0
2011-01-26,obm_cdd_per_supply_days_daily,0.590246778842,days,daily,OBM v0.1.0
2011-01-27,obm_cdd_per_supply_days_daily,5.651960061712,days,daily,OBM v0.1.0
2011-01-28,obm_cdd_per_supply_days_daily,0.315602284781,days,daily,OBM v0.1.0
2011-01-29,obm_cdd_per_supply_days_daily,0.565186864744,days,daily,OBM v0.1.0
2011-01-30,obm_cdd_per_supply_days_daily,0.085610818086,days,daily,OBM v0.1.0
2011-01-31,obm_cdd_per_supply_days_daily,0.400976764958,days,daily,OBM v0.1.0
2011-02-01,obm_cdd_per_supply_days_daily,0.310819534989,days,daily,OBM v0.1.0
2011-02-02,obm_cdd_per_supply_days_daily,0.357774057027,days,daily,OBM v0.1.0
2011-02-03,obm_cdd_per_supply_days_daily,0.123127748525,days,daily,OBM v0.1.0
2011-02-04,obm_cdd_per_supply_days_daily,0.184676491397,days,daily,OBM v0.1.0
2011-02-05,obm_cdd_per_supply_days_daily,0.119709854861,days,daily,OBM v0.1.0
2011-02-06,obm_cdd_per_supply_days_daily,0.350222876745,days,daily,OBM v0.1.0
2011-02-07,obm_cdd_per_supply_days_daily,0.904117436560,days,daily,OBM v0.1.0
2011-02-08,obm_cdd_per_supply_days_daily,0.068617656508,days,daily,OBM v0.1.0
2011-02-09,obm_cdd_per_supply_days_daily,0.381844485639,days,daily,OBM v0.1.0
2011-02-10,obm_cdd_per_supply_days_daily,0.183471924746,days,daily,OBM v0.1.0
2011-02-11,obm_cdd_per_supply_days_daily,0.482122531750,days,daily,OBM v0.1.0
2011-02-12,obm_cdd_per_supply_days_daily,0.107629119334,days,daily,OBM v0.1.0
2011-02-13,obm_cdd_per_supply_days_daily,0.099698779389,days,daily,OBM v0.1.0
2011-02-14,obm_cdd_per_supply_days_daily,1.443121896680,days,daily,OBM v0.1.0
2011-02-15,obm_cdd_per_supply_days_daily,0.102633873875,days,daily,OBM v0.1.0
2011-02-16,obm_cdd_per_supply_days_daily,0.078344615606,days,daily,OBM v0.1.0
2011-02-17,obm_cdd_per_supply_days_daily,0.049759507743,days,daily,OBM v0.1.0
2011-02-18,obm_cdd_per_supply_days_daily,0.190959945731,days,daily,OBM v0.1.0
2011-02-19,obm_cdd_per_supply_days_daily,0.111324773182,days,daily,OBM v0.1.0
2011-02-20,obm_cdd_per_supply_days_daily,0.165255639066,days,daily,OBM v0.1.0
2011-02-21,obm_cdd_per_supply_days_daily,0.101101786605,days,daily,OBM v0.1.0
2011-02-22,obm_cdd_per_supply_days_daily,0.175353705253,days,daily,OBM v0.1.0
2011-02-23,obm_cdd_per_supply_days_daily,0.071314200580,days,daily,OBM v0.1.0
2011-02-24,obm_cdd_per_supply_days_daily,0.260472200172,days,daily,OBM v0.1.0
2011-02-25,obm_cdd_per_supply_days_daily,0.120479127856,days,daily,OBM v0.1.0
2011-02-26,obm_cdd_per_supply_days_daily,0.779386116403,days,daily,OBM v0.1.0
2011-02-27,obm_cdd_per_supply_days_daily,0.442495254961,days,daily,OBM v0.1.0
2011-02-28,obm_cdd_per_supply_days_daily,0.283945486286,days,daily,OBM v0.1.0
2011-03-01,obm_cdd_per_supply_days_daily,3.604095470722,days,daily,OBM v0.1.0
2011-03-02,obm_cdd_per_supply_days_daily,0.146722683949,days,daily,OBM v0.1.0
2011-03-03,obm_cdd_per_supply_days_daily,0.050271653607,days,daily,OBM v0.1.0
2011-03-04,obm_cdd_per_supply_days_daily,0.166323410867,days,daily,OBM v0.1.0
2011-03-05,obm_cdd_per_supply_days_daily,0.243834688055,days,daily,OBM v0.1.0
2011-03-06,obm_cdd_per_supply_days_daily,0.041640040103,days,daily,OBM v0.1.0
2011-03-07,obm_cdd_per_supply_days_daily,0.055739158120,days,daily,OBM v0.1.0
2011-03-08,obm_cdd_per_supply_days_daily,0.166801428494,days,daily,OBM v0.1.0
2011-03-09,obm_cdd_per_supply_days_daily,0.023662147912,days,daily,OBM v0.1.0
2011-03-10,obm_cdd_per_supply_days_daily,0.067727692151,days,daily,OBM v0.1.0
2011-03-11,obm_cdd_per_supply_days_daily,0.118973945120,days,daily,OBM v0.1.0
2011-03-12,obm_cdd_per_supply_days_daily,0.328050752372,days,daily,OBM v0.1.0
2011-03-13,obm_cdd_per_supply_days_daily,0.152876544403,days,daily,OBM v0.1.0
2011-03-14,obm_cdd_per_supply_days_daily,0.589114320553,days,daily,OBM v0.1.0
2011-03-15,obm_cdd_per_supply_days_daily,0.245366093240,days,daily,OBM v0.1.0
2011-03-16,obm_cdd_per_supply_days_daily,0.976734049032,days,daily,OBM v0.1.0
2011-03-17,obm_cdd_per_supply_days_daily,0.220114463219,days,daily,OBM v0.1.0
2011-03-18,obm_cdd_per_supply_days_daily,0.066734189390,days,daily,OBM v0.1.0
2011-03-19,obm_cdd_per_supply_days_daily,0.065986513000,days,daily,OBM v0.1.0
2011-03-20,obm_cdd_per_supply_days_daily,0.035246806649,days,daily,OBM v0.1.0
2011-03-21,obm_cdd_per_supply_days_daily,0.193730068759,days,daily,OBM v0.1.0
2011-03-22,obm_cdd_per_supply_days_daily,0.130707503973,days,daily,OBM v0.1.0
2011-03-23,obm_cdd_per_supply_days_daily,0.258524336580,days,daily,OBM v0.1.0
2011-03-24,obm_cdd_per_supply_days_daily,0.631879356894,days,daily,OBM v0.1.0
2011-03-25,obm_cdd_per_supply_days_daily,0.072028394624,days,daily,OBM v0.1.0
2011-03-26,obm_cdd_per_supply_days_daily,0.542479807331,days,daily,OBM v0.1.0
2011-03-27,obm_cdd_per_supply_days_daily,0.268081499945,days,daily,OBM v0.1.0
2011-03-28,obm_cdd_per_supply_days_daily,0.119434400386,days,daily,OBM v0.1.0
2011-03-29,obm_cdd_per_supply_days_daily,0.066779244238,days,daily,OBM v0.1.0
2011-03-30,obm_cdd_per_supply_days_daily,0.057861006363,days,daily,OBM v0.1.0
2011-03-31,obm_cdd_per_supply_days_daily,0.088789124929,days,daily,OBM v0.1.0
2011-04-01,obm_cdd_per_supply_days_daily,0.082628692714,days,daily,OBM v0.1.0
2011-04-02,obm_cdd_per_supply_days_daily,0.043591885696,days,daily,OBM v0.1.0
2011-04-03,obm_cdd_per_supply_days_daily,0.047637342479,days,daily,OBM v0.1.0
2011-04-04,obm_cdd_per_supply_days_daily,0.531294773482,days,daily,OBM v0.1.0
2011-04-05,obm_cdd_per_supply_days_daily,0.377109366078,days,daily,OBM v0.1.0
2011-04-06,obm_cdd_per_supply_days_daily,0.151927296899,days,daily,OBM v0.1.0
2011-04-07,obm_cdd_per_supply_days_daily,0.108297782302,days,daily,OBM v0.1.0
2011-04-08,obm_cdd_per_supply_days_daily,0.179831474494,days,daily,OBM v0.1.0
2011-04-09,obm_cdd_per_supply_days_daily,0.036675655545,days,daily,OBM v0.1.0
2011-04-10,obm_cdd_per_supply_days_daily,0.041554053933,days,daily,OBM v0.1.0
2011-04-11,obm_cdd_per_supply_days_daily,0.082328765599,days,daily,OBM v0.1.0
2011-04-12,obm_cdd_per_supply_days_daily,0.274341984475,days,daily,OBM v0.1.0
2011-04-13,obm_cdd_per_supply_days_daily,0.252391081137,days,daily,OBM v0.1.0
2011-04-14,obm_cdd_per_supply_days_daily,0.191437584925,days,daily,OBM v0.1.0
2011-04-15,obm_cdd_per_supply_days_daily,0.495998492235,days,daily,OBM v0.1.0
2011-04-16,obm_cdd_per_supply_days_daily,0.455465688038,days,daily,OBM v0.1.0
2011-04-17,obm_cdd_per_supply_days_daily,0.134975487038,days,daily,OBM v0.1.0
2011-04-18,obm_cdd_per_supply_days_daily,0.497334107412,days,daily,OBM v0.1.0
2011-04-19,obm_cdd_per_supply_days_daily,0.308044013080,days,daily,OBM v0.1.0
2011-04-20,obm_cdd_per_supply_days_daily,0.229769136827,days,daily,OBM v0.1.0
2011-04-21,obm_cdd_per_supply_days_daily,0.139360406502,days,daily,OBM v0.1.0
2011-04-22,obm_cdd_per_supply_days_daily,0.481109491100,days,daily,OBM v0.1.0
2011-04-23,obm_cdd_per_supply_days_daily,0.758925080247,days,daily,OBM v0.1.0
2011-04-24,obm_cdd_per_supply_days_daily,0.298922537919,days,daily,OBM v0.1.0
2011-04-25,obm_cdd_per_supply_days_daily,0.335081737332,days,daily,OBM v0.1.0
2011-04-26,obm_cdd_per_supply_days_daily,0.282001444177,days,daily,OBM v0.1.0
2011-04-27,obm_cdd_per_supply_days_daily,0.354840490853,days,daily,OBM v0.1.0
2011-04-28,obm_cdd_per_supply_days_daily,0.601015120826,days,daily,OBM v0.1.0
2011-04-29,obm_cdd_per_supply_days_daily,4.546453261389,days,daily,OBM v0.1.0
2011-04-30,obm_cdd_per_supply_days_daily,0.599305333269,days,daily,OBM v0.1.0
2011-05-01,obm_cdd_per_supply_days_daily,0.404953903375,days,daily,OBM v0.1.0
2011-05-02,obm_cdd_per_supply_days_daily,0.436520354607,days,daily,OBM v0.1.0
2011-05-03,obm_cdd_per_supply_days_daily,0.633313694962,days,daily,OBM v0.1.0
2011-05-04,obm_cdd_per_supply_days_daily,1.486262599863,days,daily,OBM v0.1.0
2011-05-05,obm_cdd_per_supply_days_daily,0.220399701856,days,daily,OBM v0.1.0
2011-05-06,obm_cdd_per_supply_days_daily,0.659093426296,days,daily,OBM v0.1.0
2011-05-07,obm_cdd_per_supply_days_daily,0.276480153682,days,daily,OBM v0.1.0
2011-05-08,obm_cdd_per_supply_days_daily,0.474891557431,days,daily,OBM v0.1.0
2011-05-09,obm_cdd_per_supply_days_daily,0.300842156530,days,daily,OBM v0.1.0
2011-05-10,obm_cdd_per_supply_days_daily,0.689270462957,days,daily,OBM v0.1.0
2011-05-11,obm_cdd_per_supply_days_daily,0.941580431544,days,daily,OBM v0.1.0
2011-05-12,obm_cdd_per_supply_days_daily,1.669348739333,days,daily,OBM v0.1.0
2011-05-13,obm_cdd_per_supply_days_daily,1.246633333022,days,daily,OBM v0.1.0
2011-05-14,obm_cdd_per_supply_days_daily,0.658214103790,days,daily,OBM v0.1.0
2011-05-15,obm_cdd_per_supply_days_daily,0.481019348513,days,daily,OBM v0.1.0
2011-05-16,obm_cdd_per_supply_days_daily,2.348459349293,days,daily,OBM v0.1.0
2011-05-17,obm_cdd_per_supply_days_daily,0.305874204536,days,daily,OBM v0.1.0
2011-05-18,obm_cdd_per_supply_days_daily,0.347175873130,days,daily,OBM v0.1.0
2011-05-19,obm_cdd_per_supply_days_daily,0.858460767630,days,daily,OBM v0.1.0
2011-05-20,obm_cdd_per_supply_days_daily,0.476481863258,days,daily,OBM v0.1.0
2011-05-21,obm_cdd_per_supply_days_daily,0.638906224527,days,daily,OBM v0.1.0
2011-05-22,obm_cdd_per_supply_days_daily,0.202929383239,days,daily,OBM v0.1.0
2011-05-23,obm_cdd_per_supply_days_daily,0.255807101222,days,daily,OBM v0.1.0
2011-05-24,obm_cdd_per_supply_days_daily,0.583070441895,days,daily,OBM v0.1.0
2011-05-25,obm_cdd_per_supply_days_daily,0.391262656359,days,daily,OBM v0.1.0
2011-05-26,obm_cdd_per_supply_days_daily,0.317133208393,days,daily,OBM v0.1.0
2011-05-27,obm_cdd_per_supply_days_daily,0.439865496389,days,daily,OBM v0.1.0
2011-05-28,obm_cdd_per_supply_days_daily,0.246113848849,days,daily,OBM v0.1.0
2011-05-29,obm_cdd_per_supply_days_daily,0.137400732040,days,daily,OBM v0.1.0
2011-05-30,obm_cdd_per_supply_days_daily,0.454395953914,days,daily,OBM v0.1.0
2011-05-31,obm_cdd_per_supply_days_daily,0.312147730521,days,daily,OBM v0.1.0
2011-06-01,obm_cdd_per_supply_days_daily,0.287944091172,days,daily,OBM v0.1.0
2011-06-02,obm_cdd_per_supply_days_daily,1.978036602501,days,daily,OBM v0.1.0
2011-06-03,obm_cdd_per_supply_days_daily,2.538107617595,days,daily,OBM v0.1.0
2011-06-04,obm_cdd_per_supply_days_daily,0.410442391322,days,daily,OBM v0.1.0
2011-06-05,obm_cdd_per_supply_days_daily,1.443303088985,days,daily,OBM v0.1.0
2011-06-06,obm_cdd_per_supply_days_daily,1.607795932256,days,daily,OBM v0.1.0
2011-06-07,obm_cdd_per_supply_days_daily,0.687285625745,days,daily,OBM v0.1.0
2011-06-08,obm_cdd_per_supply_days_daily,3.423374855607,days,daily,OBM v0.1.0
2011-06-09,obm_cdd_per_supply_days_daily,1.647477694166,days,daily,OBM v0.1.0
2011-06-10,obm_cdd_per_supply_days_daily,2.328930043833,days,daily,OBM v0.1.0
2011-06-11,obm_cdd_per_supply_days_daily,2.848343600762,days,daily,OBM v0.1.0
2011-06-12,obm_cdd_per_supply_days_daily,1.844987854999,days,daily,OBM v0.1.0
2011-06-13,obm_cdd_per_supply_days_daily,2.440574345965,days,daily,OBM v0.1.0
2011-06-14,obm_cdd_per_supply_days_daily,8.010033826870,days,daily,OBM v0.1.0
2011-06-15,obm_cdd_per_supply_days_daily,3.317494937197,days,daily,OBM v0.1.0
2011-06-16,obm_cdd_per_supply_days_daily,3.050419277068,days,daily,OBM v0.1.0
2011-06-17,obm_cdd_per_supply_days_daily,1.164967807435,days,daily,OBM v0.1.0
2011-06-18,obm_cdd_per_supply_days_daily,0.245310053160,days,daily,OBM v0.1.0
2011-06-19,obm_cdd_per_supply_days_daily,2.808451018604,days,daily,OBM v0.1.0
2011-06-20,obm_cdd_per_supply_days_daily,0.387630215619,days,daily,OBM v0.1.0
2011-06-21,obm_cdd_per_supply_days_daily,0.343712395319,days,daily,OBM v0.1.0
2011-06-22,obm_cdd_per_supply_days_daily,0.112888316223,days,daily,OBM v0.1.0
2011-06-23,obm_cdd_per_supply_days_daily,0.379687704221,days,daily,OBM v0.1.0
2011-06-24,obm_cdd_per_supply_days_daily,0.456917768130,days,daily,OBM v0.1.0
2011-06-25,obm_cdd_per_supply_days_daily,0.165361004834,days,daily,OBM v0.1.0
2011-06-26,obm_cdd_per_supply_days_daily,0.999680799966,days,daily,OBM v0.1.0
2011-06-27,obm_cdd_per_supply_days_daily,1.951960240434,days,daily,OBM v0.1.0
2011-06-28,obm_cdd_per_supply_days_daily,1.260081122399,days,daily,OBM v0.1.0
2011-06-29,obm_cdd_per_supply_days_daily,0.421970396488,days,daily,OBM v0.1.0
2011-06-30,obm_cdd_per_supply_days_daily,0.366624887770,days,daily,OBM v0.1.0
2011-07-01,obm_cdd_per_supply_days_daily,0.238830780681,days,daily,OBM v0.1.0
2011-07-02,obm_cdd_per_supply_days_daily,0.132705390407,days,daily,OBM v0.1.0
2011-07-03,obm_cdd_per_supply_days_daily,0.187497040441,days,daily,OBM v0.1.0
2011-07-04,obm_cdd_per_supply_days_daily,0.184646121701,days,daily,OBM v0.1.0
2011-07-05,obm_cdd_per_supply_days_daily,0.865855024054,days,daily,OBM v0.1.0
2011-07-06,obm_cdd_per_supply_days_daily,0.188635209628,days,daily,OBM v0.1.0
2011-07-07,obm_cdd_per_supply_days_daily,0.165007927124,days,daily,OBM v0.1.0
2011-07-08,obm_cdd_per_supply_days_daily,0.185983617471,days,daily,OBM v0.1.0
2011-07-09,obm_cdd_per_supply_days_daily,0.084004783237,days,daily,OBM v0.1.0
2011-07-10,obm_cdd_per_supply_days_daily,0.738737120417,days,daily,OBM v0.1.0
2011-07-11,obm_cdd_per_supply_days_daily,0.340660004376,days,daily,OBM v0.1.0
2011-07-12,obm_cdd_per_supply_days_daily,0.145744377655,days,daily,OBM v0.1.0
2011-07-13,obm_cdd_per_supply_days_daily,0.104574663359,days,daily,OBM v0.1.0
2011-07-14,obm_cdd_per_supply_days_daily,0.148572958538,days,daily,OBM v0.1.0
2011-07-15,obm_cdd_per_supply_days_daily,0.102664211744,days,daily,OBM v0.1.0
2011-07-16,obm_cdd_per_supply_days_daily,0.073842214166,days,daily,OBM v0.1.0
2011-07-17,obm_cdd_per_supply_days_daily,0.169097980690,days,daily,OBM v0.1.0
2011-07-18,obm_cdd_per_supply_days_daily,1.935578675475,days,daily,OBM v0.1.0
2011-07-19,obm_cdd_per_supply_days_daily,0.260038302462,days,daily,OBM v0.1.0
2011-07-20,obm_cdd_per_supply_days_daily,0.690905989297,days,daily,OBM v0.1.0
2011-07-21,obm_cdd_per_supply_days_daily,0.053347541049,days,daily,OBM v0.1.0
2011-07-22,obm_cdd_per_supply_days_daily,0.088257060978,days,daily,OBM v0.1.0
2011-07-23,obm_cdd_per_supply_days_daily,0.062563449327,days,daily,OBM v0.1.0
2011-07-24,obm_cdd_per_supply_days_daily,0.117809530532,days,daily,OBM v0.1.0
2011-07-25,obm_cdd_per_supply_days_daily,0.141073085435,days,daily,OBM v0.1.0
2011-07-26,obm_cdd_per_supply_days_daily,0.101392323405,days,daily,OBM v0.1.0
2011-07-27,obm_cdd_per_supply_days_daily,0.107550784667,days,daily,OBM v0.1.0
2011-07-28,obm_cdd_per_supply_days_daily,0.234240739711,days,daily,OBM v0.1.0
2011-07-29,obm_cdd_per_supply_days_daily,0.138307052073,days,daily,OBM v0.1.0
2011-07-30,obm_cdd_per_supply_days_daily,0.240588863539,days,daily,OBM v0.1.0
2011-07-31,obm_cdd_per_supply_days_daily,0.257522149296,days,daily,OBM v0.1.0
2011-08-01,obm_cdd_per_supply_days_daily,0.210212495119,days,daily,OBM v0.1.0
2011-08-02,obm_cdd_per_supply_days_daily,0.214117737891,days,daily,OBM v0.1.0
2011-08-03,obm_cdd_per_supply_days_daily,0.312787760372,days,daily,OBM v0.1.0
2011-08-04,obm_cdd_per_supply_days_daily,0.382073067649,days,daily,OBM v0.1.0
2011-08-05,obm_cdd_per_supply_days_daily,0.284343600091,days,daily,OBM v0.1.0
2011-08-06,obm_cdd_per_supply_days_daily,0.420117315489,days,daily,OBM v0.1.0
2011-08-07,obm_cdd_per_supply_days_daily,0.264908258618,days,daily,OBM v0.1.0
2011-08-08,obm_cdd_per_supply_days_daily,0.435235365308,days,daily,OBM v0.1.0
2011-08-09,obm_cdd_per_supply_days_daily,0.085408296315,days,daily,OBM v0.1.0
2011-08-10,obm_cdd_per_supply_days_daily,0.120677344603,days,daily,OBM v0.1.0
2011-08-11,obm_cdd_per_supply_days_daily,0.135174167392,days,daily,OBM v0.1.0
2011-08-12,obm_cdd_per_supply_days_daily,0.057097766193,days,daily,OBM v0.1.0
2011-08-13,obm_cdd_per_supply_days_daily,0.144862184298,days,daily,OBM v0.1.0
2011-08-14,obm_cdd_per_supply_days_daily,0.100596727409,days,daily,OBM v0.1.0
2011-08-15,obm_cdd_per_supply_days_daily,0.168712036564,days,daily,OBM v0.1.0
2011-08-16,obm_cdd_per_supply_days_daily,0.112735835247,days,daily,OBM v0.1.0
2011-08-17,obm_cdd_per_supply_days_daily,0.130453199614,days,daily,OBM v0.1.0
2011-08-18,obm_cdd_per_supply_days_daily,0.171671692374,days,daily,OBM v0.1.0
2011-08-19,obm_cdd_per_supply_days_daily,0.121831695836,days,daily,OBM v0.1.0
2011-08-20,obm_cdd_per_supply_days_daily,0.127008326524,days,daily,OBM v0.1.0
2011-08-21,obm_cdd_per_supply_days_daily,0.057525040932,days,daily,OBM v0.1.0
2011-08-22,obm_cdd_per_supply_days_daily,0.135249014811,days,daily,OBM v0.1.0
2011-08-23,obm_cdd_per_supply_days_daily,0.080630388791,days,daily,OBM v0.1.0
2011-08-24,obm_cdd_per_supply_days_daily,0.112522029797,days,daily,OBM v0.1.0
2011-08-25,obm_cdd_per_supply_days_daily,1.923346798932,days,daily,OBM v0.1.0
2011-08-26,obm_cdd_per_supply_days_daily,0.858464796899,days,daily,OBM v0.1.0
2011-08-27,obm_cdd_per_supply_days_daily,3.181000210750,days,daily,OBM v0.1.0
2011-08-28,obm_cdd_per_supply_days_daily,0.177277760317,days,daily,OBM v0.1.0
2011-08-29,obm_cdd_per_supply_days_daily,0.434468775514,days,daily,OBM v0.1.0
2011-08-30,obm_cdd_per_supply_days_daily,0.056402574837,days,daily,OBM v0.1.0
2011-08-31,obm_cdd_per_supply_days_daily,0.074142539288,days,daily,OBM v0.1.0
2011-09-01,obm_cdd_per_supply_days_daily,0.078771915376,days,daily,OBM v0.1.0
2011-09-02,obm_cdd_per_supply_days_daily,0.316443695779,days,daily,OBM v0.1.0
2011-09-03,obm_cdd_per_supply_days_daily,0.063173044432,days,daily,OBM v0.1.0
2011-09-04,obm_cdd_per_supply_days_daily,0.082833373230,days,daily,OBM v0.1.0
2011-09-05,obm_cdd_per_supply_days_daily,0.380547824900,days,daily,OBM v0.1.0
2011-09-06,obm_cdd_per_supply_days_daily,0.399469413399,days,daily,OBM v0.1.0
2011-09-07,obm_cdd_per_supply_days_daily,0.420904370781,days,daily,OBM v0.1.0
2011-09-08,obm_cdd_per_supply_days_daily,0.362146086682,days,daily,OBM v0.1.0
2011-09-09,obm_cdd_per_supply_days_daily,0.954988275885,days,daily,OBM v0.1.0
2011-09-10,obm_cdd_per_supply_days_daily,0.058760719738,days,daily,OBM v0.1.0
2011-09-11,obm_cdd_per_supply_days_daily,1.503762130191,days,daily,OBM v0.1.0
2011-09-12,obm_cdd_per_supply_days_daily,0.287809018761,days,daily,OBM v0.1.0
2011-09-13,obm_cdd_per_supply_days_daily,0.894519249472,days,daily,OBM v0.1.0
2011-09-14,obm_cdd_per_supply_days_daily,0.500146858038,days,daily,OBM v0.1.0
2011-09-15,obm_cdd_per_supply_days_daily,0.062809681364,days,daily,OBM v0.1.0
2011-09-16,obm_cdd_per_supply_days_daily,0.202893462262,days,daily,OBM v0.1.0
2011-09-17,obm_cdd_per_supply_days_daily,0.202478620754,days,daily,OBM v0.1.0
2011-09-18,obm_cdd_per_supply_days_daily,0.056969015304,days,daily,OBM v0.1.0
2011-09-19,obm_cdd_per_supply_days_daily,0.104879148624,days,daily,OBM v0.1.0
2011-09-20,obm_cdd_per_supply_days_daily,0.287171879947,days,daily,OBM v0.1.0
2011-09-21,obm_cdd_per_supply_days_daily,0.076347478962,days,daily,OBM v0.1.0
2011-09-22,obm_cdd_per_supply_days_daily,0.090980302032,days,daily,OBM v0.1.0
2011-09-23,obm_cdd_per_supply_days_daily,0.225849948847,days,daily,OBM v0.1.0
2011-09-24,obm_cdd_per_supply_days_daily,0.030215185075,days,daily,OBM v0.1.0
2011-09-25,obm_cdd_per_supply_days_daily,0.373046667290,days,daily,OBM v0.1.0
2011-09-26,obm_cdd_per_supply_days_daily,0.077267420044,days,daily,OBM v0.1.0
2011-09-27,obm_cdd_per_supply_days_daily,0.216405160313,days,daily,OBM v0.1.0
2011-09-28,obm_cdd_per_supply_days_daily,0.095021001777,days,daily,OBM v0.1.0
2011-09-29,obm_cdd_per_supply_days_daily,0.032513814901,days,daily,OBM v0.1.0
2011-09-30,obm_cdd_per_supply_days_daily,0.195922777864,days,daily,OBM v0.1.0
2011-10-01,obm_cdd_per_supply_days_daily,0.189477523156,days,daily,OBM v0.1.0
2011-10-02,obm_cdd_per_supply_days_daily,0.109998058369,days,daily,OBM v0.1.0
2011-10-03,obm_cdd_per_supply_days_daily,0.067960153888,days,daily,OBM v0.1.0
2011-10-04,obm_cdd_per_supply_days_daily,0.126661581492,days,daily,OBM v0.1.0
2011-10-05,obm_cdd_per_supply_days_daily,0.081151130842,days,daily,OBM v0.1.0
2011-10-06,obm_cdd_per_supply_days_daily,1.124822137075,days,daily,OBM v0.1.0
2011-10-07,obm_cdd_per_supply_days_daily,0.164841100284,days,daily,OBM v0.1.0
2011-10-08,obm_cdd_per_supply_days_daily,0.073880328393,days,daily,OBM v0.1.0
2011-10-09,obm_cdd_per_supply_days_daily,0.303248524278,days,daily,OBM v0.1.0
2011-10-10,obm_cdd_per_supply_days_daily,0.146538783517,days,daily,OBM v0.1.0
2011-10-11,obm_cdd_per_supply_days_daily,0.204053396942,days,daily,OBM v0.1.0
2011-10-12,obm_cdd_per_supply_days_daily,0.192995961144,days,daily,OBM v0.1.0
2011-10-13,obm_cdd_per_supply_days_daily,0.098897117686,days,daily,OBM v0.1.0
2011-10-14,obm_cdd_per_supply_days_daily,0.173139584164,days,daily,OBM v0.1.0
2011-10-15,obm_cdd_per_supply_days_daily,0.106279750351,days,daily,OBM v0.1.0
2011-10-16,obm_cdd_per_supply_days_daily,0.294687772696,days,daily,OBM v0.1.0
2011-10-17,obm_cdd_per_supply_days_daily,0.921896508966,days,daily,OBM v0.1.0
2011-10-18,obm_cdd_per_supply_days_daily,0.401365125336,days,daily,OBM v0.1.0
2011-10-19,obm_cdd_per_supply_days_daily,0.416117766487,days,daily,OBM v0.1.0
2011-10-20,obm_cdd_per_supply_days_daily,0.070370849146,days,daily,OBM v0.1.0
2011-10-21,obm_cdd_per_supply_days_daily,0.087398698816,days,daily,OBM v0.1.0
2011-10-22,obm_cdd_per_supply_days_daily,0.396058262403,days,daily,OBM v0.1.0
2011-10-23,obm_cdd_per_supply_days_daily,0.099897468159,days,daily,OBM v0.1.0
2011-10-24,obm_cdd_per_supply_days_daily,0.057353032205,days,daily,OBM v0.1.0
2011-10-25,obm_cdd_per_supply_days_daily,0.060663158660,days,daily,OBM v0.1.0
2011-10-26,obm_cdd_per_supply_days_daily,0.208212692031,days,daily,OBM v0.1.0
2011-10-27,obm_cdd_per_supply_days_daily,0.291351792866,days,daily,OBM v0.1.0
2011-10-28,obm_cdd_per_supply_days_daily,0.098077123527,days,daily,OBM v0.1.0
2011-10-29,obm_cdd_per_supply_days_daily,0.104461557309,days,daily,OBM v0.1.0
2011-10-30,obm_cdd_per_supply_days_daily,0.292440361130,days,daily,OBM v0.1.0
2011-10-31,obm_cdd_per_supply_days_daily,0.053917220652,days,daily,OBM v0.1.0
2011-11-01,obm_cdd_per_supply_days_daily,0.292264404441,days,daily,OBM v0.1.0
2011-11-02,obm_cdd_per_supply_days_daily,0.048294282311,days,daily,OBM v0.1.0
2011-11-03,obm_cdd_per_supply_days_daily,0.482420452652,days,daily,OBM v0.1.0
2011-11-04,obm_cdd_per_supply_days_daily,0.349021777169,days,daily,OBM v0.1.0
2011-11-05,obm_cdd_per_supply_days_daily,0.051941582059,days,daily,OBM v0.1.0
2011-11-06,obm_cdd_per_supply_days_daily,0.034052630199,days,daily,OBM v0.1.0
2011-11-07,obm_cdd_per_supply_days_daily,0.105260753093,days,daily,OBM v0.1.0
2011-11-08,obm_cdd_per_supply_days_daily,0.150999291480,days,daily,OBM v0.1.0
2011-11-09,obm_cdd_per_supply_days_daily,2.156050488623,days,daily,OBM v0.1.0
2011-11-10,obm_cdd_per_supply_days_daily,0.619696242325,days,daily,OBM v0.1.0
2011-11-11,obm_cdd_per_supply_days_daily,0.125432722642,days,daily,OBM v0.1.0
2011-11-12,obm_cdd_per_supply_days_daily,0.532511480654,days,daily,OBM v0.1.0
2011-11-13,obm_cdd_per_supply_days_daily,0.073825614928,days,daily,OBM v0.1.0
2011-11-14,obm_cdd_per_supply_days_daily,0.581316739765,days,daily,OBM v0.1.0
2011-11-15,obm_cdd_per_supply_days_daily,0.547985085834,days,daily,OBM v0.1.0
2011-11-16,obm_cdd_per_supply_days_daily,6.813330582312,days,daily,OBM v0.1.0
2011-11-17,obm_cdd_per_supply_days_daily,0.872025982929,days,daily,OBM v0.1.0
2011-11-18,obm_cdd_per_supply_days_daily,0.474410100764,days,daily,OBM v0.1.0
2011-11-19,obm_cdd_per_supply_days_daily,0.156257847755,days,daily,OBM v0.1.0
2011-11-20,obm_cdd_per_supply_days_daily,0.471453767846,days,daily,OBM v0.1.0
2011-11-21,obm_cdd_per_supply_days_daily,0.470271113954,days,daily,OBM v0.1.0
2011-11-22,obm_cdd_per_supply_days_daily,0.724590525073,days,daily,OBM v0.1.0
2011-11-23,obm_cdd_per_supply_days_daily,0.179480326469,days,daily,OBM v0.1.0
2011-11-24,obm_cdd_per_supply_days_daily,0.859751513935,days,daily,OBM v0.1.0
2011-11-25,obm_cdd_per_supply_days_daily,0.247133336298,days,daily,OBM v0.1.0
2011-11-26,obm_cdd_per_supply_days_daily,0.482815124312,days,daily,OBM v0.1.0
2011-11-27,obm_cdd_per_supply_days_daily,0.132514080015,days,daily,OBM v0.1.0
2011-11-28,obm_cdd_per_supply_days_daily,1.098932691698,days,daily,OBM v0.1.0
2011-11-29,obm_cdd_per_supply_days_daily,0.753560672347,days,daily,OBM v0.1.0
2011-11-30,obm_cdd_per_supply_days_daily,0.625799714478,days,daily,OBM v0.1.0
2011-12-01,obm_cdd_per_supply_days_daily,0.401444388313,days,daily,OBM v0.1.0
2011-12-02,obm_cdd_per_supply_days_daily,0.153907899565,days,daily,OBM v0.1.0
2011-12-03,obm_cdd_per_supply_days_daily,0.144832971102,days,daily,OBM v0.1.0
2011-12-04,obm_cdd_per_supply_days_daily,0.584849621350,days,daily,OBM v0.1.0
2011-12-05,obm_cdd_per_supply_days_daily,0.384084208092,days,daily,OBM v0.1.0
2011-12-06,obm_cdd_per_supply_days_daily,0.176133553404,days,daily,OBM v0.1.0
2011-12-07,obm_cdd_per_supply_days_daily,0.492818072417,days,daily,OBM v0.1.0
2011-12-08,obm_cdd_per_supply_days_daily,0.699526032455,days,daily,OBM v0.1.0
2011-12-09,obm_cdd_per_supply_days_daily,0.104657623274,days,daily,OBM v0.1.0
2011-12-10,obm_cdd_per_supply_days_daily,0.113729054183,days,daily,OBM v0.1.0
2011-12-11,obm_cdd_per_supply_days_daily,0.795732613000,days,daily,OBM v0.1.0
2011-12-12,obm_cdd_per_supply_days_daily,0.132309135534,days,daily,OBM v0.1.0
2011-12-13,obm_cdd_per_supply_days_daily,0.108133689930,days,daily,OBM v0.1.0
2011-12-14,obm_cdd_per_supply_days_daily,0.203386667443,days,daily,OBM v0.1.0
2011-12-15,obm_cdd_per_supply_days_daily,0.163500589293,days,daily,OBM v0.1.0
2011-12-16,obm_cdd_per_supply_days_daily,0.365178248542,days,daily,OBM v0.1.0
2011-12-17,obm_cdd_per_supply_days_daily,0.094135989783,days,daily,OBM v0.1.0
2011-12-18,obm_cdd_per_supply_days_daily,0.079217282368,days,daily,OBM v0.1.0
2011-12-19,obm_cdd_per_supply_days_daily,0.881635509492,days,daily,OBM v0.1.0
2011-12-20,obm_cdd_per_supply_days_daily,0.792322912366,days,daily,OBM v0.1.0
2011-12-21,obm_cdd_per_supply_days_daily,0.148442105485,days,daily,OBM v0.1.0
2011-12-22,obm_cdd_per_supply_days_daily,0.140287709054,days,daily,OBM v0.1.0
2011-12-23,obm_cdd_per_supply_days_daily,0.126188362317,days,daily,OBM v0.1.0
2011-12-24,obm_cdd_per_supply_days_daily,0.199954427188,days,daily,OBM v0.1.0
2011-12-25,obm_cdd_per_supply_days_daily,0.216262878113,days,daily,OBM v0.1.0
2011-12-26,obm_cdd_per_supply_days_daily,0.273403165736,days,daily,OBM v0.1.0
2011-12-27,obm_cdd_per_supply_days_daily,0.095653019421,days,daily,OBM v0.1.0
2011-12-28,obm_cdd_per_supply_days_daily,0.330070869374,days,daily,OBM v0.1.0
2011-12-29,obm_cdd_per_supply_days_daily,0.228909983504,days,daily,OBM v0.1.0
2011-12-30,obm_cdd_per_supply_days_daily,0.156609568677,days,daily,OBM v0.1.0
2011-12-31,obm_cdd_per_supply_days_daily,0.136427148217,days,daily,OBM v0.1.0
2012-01-01,obm_cdd_per_supply_days_daily,0.900046438713,days,daily,OBM v0.1.0
2012-01-02,obm_cdd_per_supply_days_daily,0.424973012403,days,daily,OBM v0.1.0
2012-01-03,obm_cdd_per_supply_days_daily,0.254449515802,days,daily,OBM v0.1.0
2012-01-04,obm_cdd_per_supply_days_daily,0.228210196040,days,daily,OBM v0.1.0
2012-01-05,obm_cdd_per_supply_days_daily,0.513387741838,days,daily,OBM v0.1.0
2012-01-06,obm_cdd_per_supply_days_daily,0.325264707919,days,daily,OBM v0.1.0
2012-01-07,obm_cdd_per_supply_days_daily,0.262036483986,days,daily,OBM v0.1.0
2012-01-08,obm_cdd_per_supply_days_daily,0.330533361036,days,daily,OBM v0.1.0
2012-01-09,obm_cdd_per_supply_days_daily,0.365122001363,days,daily,OBM v0.1.0
2012-01-10,obm_cdd_per_supply_days_daily,0.526081672328,days,daily,OBM v0.1.0
2012-01-11,obm_cdd_per_supply_days_daily,0.172479740834,days,daily,OBM v0.1.0
2012-01-12,obm_cdd_per_supply_days_daily,1.255472274701,days,daily,OBM v0.1.0
2012-01-13,obm_cdd_per_supply_days_daily,0.311709638857,days,daily,OBM v0.1.0
2012-01-14,obm_cdd_per_supply_days_daily,0.234635909302,days,daily,OBM v0.1.0
2012-01-15,obm_cdd_per_supply_days_daily,0.281397181098,days,daily,OBM v0.1.0
2012-01-16,obm_cdd_per_supply_days_daily,0.241682234797,days,daily,OBM v0.1.0
2012-01-17,obm_cdd_per_supply_days_daily,0.431123781664,days,daily,OBM v0.1.0
2012-01-18,obm_cdd_per_supply_days_daily,0.276129758606,days,daily,OBM v0.1.0
2012-01-19,obm_cdd_per_supply_days_daily,0.364554341098,days,daily,OBM v0.1.0
2012-01-20,obm_cdd_per_supply_days_daily,0.193772450984,days,daily,OBM v0.1.0
2012-01-21,obm_cdd_per_supply_days_daily,0.133917217863,days,daily,OBM v0.1.0
2012-01-22,obm_cdd_per_supply_days_daily,0.116552045623,days,daily,OBM v0.1.0
2012-01-23,obm_cdd_per_supply_days_daily,0.136156882301,days,daily,OBM v0.1.0
2012-01-24,obm_cdd_per_supply_days_daily,0.199845804246,days,daily,OBM v0.1.0
2012-01-25,obm_cdd_per_supply_days_daily,0.244995692717,days,daily,OBM v0.1.0
2012-01-26,obm_cdd_per_supply_days_daily,0.410630560917,days,daily,OBM v0.1.0
2012-01-27,obm_cdd_per_supply_days_daily,0.205290200235,days,daily,OBM v0.1.0
2012-01-28,obm_cdd_per_supply_days_daily,0.247246195510,days,daily,OBM v0.1.0
2012-01-29,obm_cdd_per_supply_days_daily,0.197406042236,days,daily,OBM v0.1.0
2012-01-30,obm_cdd_per_supply_days_daily,0.152951413114,days,daily,OBM v0.1.0
2012-01-31,obm_cdd_per_supply_days_daily,0.219951926110,days,daily,OBM v0.1.0
2012-02-01,obm_cdd_per_supply_days_daily,0.261091822853,days,daily,OBM v0.1.0
2012-02-02,obm_cdd_per_supply_days_daily,0.198249387749,days,daily,OBM v0.1.0
2012-02-03,obm_cdd_per_supply_days_daily,0.159533241800,days,daily,OBM v0.1.0
2012-02-04,obm_cdd_per_supply_days_daily,0.234572129694,days,daily,OBM v0.1.0
2012-02-05,obm_cdd_per_supply_days_daily,0.136023522748,days,daily,OBM v0.1.0
2012-02-06,obm_cdd_per_supply_days_daily,0.224012942669,days,daily,OBM v0.1.0
2012-02-07,obm_cdd_per_supply_days_daily,0.200934673714,days,daily,OBM v0.1.0
2012-02-08,obm_cdd_per_supply_days_daily,0.145782940724,days,daily,OBM v0.1.0
2012-02-09,obm_cdd_per_supply_days_daily,0.093931829482,days,daily,OBM v0.1.0
2012-02-10,obm_cdd_per_supply_days_daily,0.268851398434,days,daily,OBM v0.1.0
2012-02-11,obm_cdd_per_supply_days_daily,1.614194162595,days,daily,OBM v0.1.0
2012-02-12,obm_cdd_per_supply_days_daily,0.169919145010,days,daily,OBM v0.1.0
2012-02-13,obm_cdd_per_supply_days_daily,1.501354847750,days,daily,OBM v0.1.0
2012-02-14,obm_cdd_per_supply_days_daily,2.218922461744,days,daily,OBM v0.1.0
2012-02-15,obm_cdd_per_supply_days_daily,0.210904568672,days,daily,OBM v0.1.0
2012-02-16,obm_cdd_per_supply_days_daily,0.303707121967,days,daily,OBM v0.1.0
2012-02-17,obm_cdd_per_supply_days_daily,0.140318851201,days,daily,OBM v0.1.0
2012-02-18,obm_cdd_per_supply_days_daily,0.312109308054,days,daily,OBM v0.1.0
2012-02-19,obm_cdd_per_supply_days_daily,0.113881307486,days,daily,OBM v0.1.0
2012-02-20,obm_cdd_per_supply_days_daily,0.156839047262,days,daily,OBM v0.1.0
2012-02-21,obm_cdd_per_supply_days_daily,0.147534278395,days,daily,OBM v0.1.0
2012-02-22,obm_cdd_per_supply_days_daily,0.209858036421,days,daily,OBM v0.1.0
2012-02-23,obm_cdd_per_supply_days_daily,0.201297256355,days,daily,OBM v0.1.0
2012-02-24,obm_cdd_per_supply_days_daily,0.372320927545,days,daily,OBM v0.1.0
2012-02-25,obm_cdd_per_supply_days_daily,0.172454816594,days,daily,OBM v0.1.0
2012-02-26,obm_cdd_per_supply_days_daily,0.127138509573,days,daily,OBM v0.1.0
2012-02-27,obm_cdd_per_supply_days_daily,0.161627798464,days,daily,OBM v0.1.0
2012-02-28,obm_cdd_per_supply_days_daily,0.189471250419,days,daily,OBM v0.1.0
2012-02-29,obm_cdd_per_supply_days_daily,0.738217172351,days,daily,OBM v0.1.0
2012-03-01,obm_cdd_per_supply_days_daily,0.271400856184,days,daily,OBM v0.1.0
2012-03-02,obm_cdd_per_supply_days_daily,0.279389500374,days,daily,OBM v0.1.0
2012-03-03,obm_cdd_per_supply_days_daily,0.346914649991,days,daily,OBM v0.1.0
2012-03-04,obm_cdd_per_supply_days_daily,0.244623072604,days,daily,OBM v0.1.0
2012-03-05,obm_cdd_per_supply_days_daily,0.167589800024,days,daily,OBM v0.1.0
2012-03-06,obm_cdd_per_supply_days_daily,0.152511421066,days,daily,OBM v0.1.0
2012-03-07,obm_cdd_per_supply_days_daily,0.153524775112,days,daily,OBM v0.1.0
2012-03-08,obm_cdd_per_supply_days_daily,0.219554661410,days,daily,OBM v0.1.0
2012-03-09,obm_cdd_per_supply_days_daily,0.194654205055,days,daily,OBM v0.1.0
2012-03-10,obm_cdd_per_supply_days_daily,0.218452879950,days,daily,OBM v0.1.0
2012-03-11,obm_cdd_per_supply_days_daily,0.236637394464,days,daily,OBM v0.1.0
2012-03-12,obm_cdd_per_supply_days_daily,0.141934235879,days,daily,OBM v0.1.0
2012-03-13,obm_cdd_per_supply_days_daily,0.243145060307,days,daily,OBM v0.1.0
2012-03-14,obm_cdd_per_supply_days_daily,0.315089161282,days,daily,OBM v0.1.0
2012-03-15,obm_cdd_per_supply_days_daily,0.160591097598,days,daily,OBM v0.1.0
2012-03-16,obm_cdd_per_supply_days_daily,0.508164619246,days,daily,OBM v0.1.0
2012-03-17,obm_cdd_per_supply_days_daily,0.174392109843,days,daily,OBM v0.1.0
2012-03-18,obm_cdd_per_supply_days_daily,0.489426554241,days,daily,OBM v0.1.0
2012-03-19,obm_cdd_per_supply_days_daily,0.219433881297,days,daily,OBM v0.1.0
2012-03-20,obm_cdd_per_supply_days_daily,0.240273551403,days,daily,OBM v0.1.0
2012-03-21,obm_cdd_per_supply_days_daily,0.355378973671,days,daily,OBM v0.1.0
2012-03-22,obm_cdd_per_supply_days_daily,0.182254949357,days,daily,OBM v0.1.0
2012-03-23,obm_cdd_per_supply_days_daily,0.502760666694,days,daily,OBM v0.1.0
2012-03-24,obm_cdd_per_supply_days_daily,0.205508051142,days,daily,OBM v0.1.0
2012-03-25,obm_cdd_per_supply_days_daily,0.167488559775,days,daily,OBM v0.1.0
2012-03-26,obm_cdd_per_supply_days_daily,0.170444616318,days,daily,OBM v0.1.0
2012-03-27,obm_cdd_per_supply_days_daily,0.208188123138,days,daily,OBM v0.1.0
2012-03-28,obm_cdd_per_supply_days_daily,0.180566617132,days,daily,OBM v0.1.0
2012-03-29,obm_cdd_per_supply_days_daily,0.196210448527,days,daily,OBM v0.1.0
2012-03-30,obm_cdd_per_supply_days_daily,1.807911645340,days,daily,OBM v0.1.0
2012-03-31,obm_cdd_per_supply_days_daily,0.131473305850,days,daily,OBM v0.1.0
2012-04-01,obm_cdd_per_supply_days_daily,0.124867393816,days,daily,OBM v0.1.0
2012-04-02,obm_cdd_per_supply_days_daily,0.171290517357,days,daily,OBM v0.1.0
2012-04-03,obm_cdd_per_supply_days_daily,0.558401745496,days,daily,OBM v0.1.0
2012-04-04,obm_cdd_per_supply_days_daily,0.385262929866,days,daily,OBM v0.1.0
2012-04-05,obm_cdd_per_supply_days_daily,0.252195890636,days,daily,OBM v0.1.0
2012-04-06,obm_cdd_per_supply_days_daily,0.380016908542,days,daily,OBM v0.1.0
2012-04-07,obm_cdd_per_supply_days_daily,0.190177483884,days,daily,OBM v0.1.0
2012-04-08,obm_cdd_per_supply_days_daily,0.098740918583,days,daily,OBM v0.1.0
2012-04-09,obm_cdd_per_supply_days_daily,0.605930786431,days,daily,OBM v0.1.0
2012-04-10,obm_cdd_per_supply_days_daily,0.172673737222,days,daily,OBM v0.1.0
2012-04-11,obm_cdd_per_supply_days_daily,0.662662752030,days,daily,OBM v0.1.0
2012-04-12,obm_cdd_per_supply_days_daily,0.615054570873,days,daily,OBM v0.1.0
2012-04-13,obm_cdd_per_supply_days_daily,0.280010619956,days,daily,OBM v0.1.0
2012-04-14,obm_cdd_per_supply_days_daily,0.170367216135,days,daily,OBM v0.1.0
2012-04-15,obm_cdd_per_supply_days_daily,0.329395009006,days,daily,OBM v0.1.0
2012-04-16,obm_cdd_per_supply_days_daily,0.371566972361,days,daily,OBM v0.1.0
2012-04-17,obm_cdd_per_supply_days_daily,0.202066238441,days,daily,OBM v0.1.0
2012-04-18,obm_cdd_per_supply_days_daily,0.280941562000,days,daily,OBM v0.1.0
2012-04-19,obm_cdd_per_supply_days_daily,0.230036946431,days,daily,OBM v0.1.0
2012-04-20,obm_cdd_per_supply_days_daily,0.318170975988,days,daily,OBM v0.1.0
2012-04-21,obm_cdd_per_supply_days_daily,0.183116975379,days,daily,OBM v0.1.0
2012-04-22,obm_cdd_per_supply_days_daily,0.324157269565,days,daily,OBM v0.1.0
2012-04-23,obm_cdd_per_supply_days_daily,0.234486148540,days,daily,OBM v0.1.0
2012-04-24,obm_cdd_per_supply_days_daily,0.274322525771,days,daily,OBM v0.1.0
2012-04-25,obm_cdd_per_supply_days_daily,2.324044037221,days,daily,OBM v0.1.0
2012-04-26,obm_cdd_per_supply_days_daily,0.287003483782,days,daily,OBM v0.1.0
2012-04-27,obm_cdd_per_supply_days_daily,0.131369372460,days,daily,OBM v0.1.0
2012-04-28,obm_cdd_per_supply_days_daily,0.138760533747,days,daily,OBM v0.1.0
2012-04-29,obm_cdd_per_supply_days_daily,0.107270329893,days,daily,OBM v0.1.0
2012-04-30,obm_cdd_per_supply_days_daily,0.498502471813,days,daily,OBM v0.1.0
2012-05-01,obm_cdd_per_supply_days_daily,0.283818197419,days,daily,OBM v0.1.0
2012-05-02,obm_cdd_per_supply_days_daily,0.175592734118,days,daily,OBM v0.1.0
2012-05-03,obm_cdd_per_supply_days_daily,0.196178506003,days,daily,OBM v0.1.0
2012-05-04,obm_cdd_per_supply_days_daily,0.289023039364,days,daily,OBM v0.1.0
2012-05-05,obm_cdd_per_supply_days_daily,0.134525984222,days,daily,OBM v0.1.0
2012-05-06,obm_cdd_per_supply_days_daily,0.787122931999,days,daily,OBM v0.1.0
2012-05-07,obm_cdd_per_supply_days_daily,0.183364936616,days,daily,OBM v0.1.0
2012-05-08,obm_cdd_per_supply_days_daily,0.246978029543,days,daily,OBM v0.1.0
2012-05-09,obm_cdd_per_supply_days_daily,0.278530156788,days,daily,OBM v0.1.0
2012-05-10,obm_cdd_per_supply_days_daily,0.301201593791,days,daily,OBM v0.1.0
2012-05-11,obm_cdd_per_supply_days_daily,0.280495031129,days,daily,OBM v0.1.0
2012-05-12,obm_cdd_per_supply_days_daily,1.755228231268,days,daily,OBM v0.1.0
2012-05-13,obm_cdd_per_supply_days_daily,0.341083775863,days,daily,OBM v0.1.0
2012-05-14,obm_cdd_per_supply_days_daily,0.769008719267,days,daily,OBM v0.1.0
2012-05-15,obm_cdd_per_supply_days_daily,0.344810656570,days,daily,OBM v0.1.0
2012-05-16,obm_cdd_per_supply_days_daily,0.345244404412,days,daily,OBM v0.1.0
2012-05-17,obm_cdd_per_supply_days_daily,0.602733233357,days,daily,OBM v0.1.0
2012-05-18,obm_cdd_per_supply_days_daily,0.305877759074,days,daily,OBM v0.1.0
2012-05-19,obm_cdd_per_supply_days_daily,0.389927894097,days,daily,OBM v0.1.0
2012-05-20,obm_cdd_per_supply_days_daily,0.445414315441,days,daily,OBM v0.1.0
2012-05-21,obm_cdd_per_supply_days_daily,0.413991562407,days,daily,OBM v0.1.0
2012-05-22,obm_cdd_per_supply_days_daily,0.514084046729,days,daily,OBM v0.1.0
2012-05-23,obm_cdd_per_supply_days_daily,0.294282434182,days,daily,OBM v0.1.0
2012-05-24,obm_cdd_per_supply_days_daily,0.330430141111,days,daily,OBM v0.1.0
2012-05-25,obm_cdd_per_supply_days_daily,0.158772148320,days,daily,OBM v0.1.0
2012-05-26,obm_cdd_per_supply_days_daily,0.348476578616,days,daily,OBM v0.1.0
2012-05-27,obm_cdd_per_supply_days_daily,0.255201194608,days,daily,OBM v0.1.0
2012-05-28,obm_cdd_per_supply_days_daily,0.230928412167,days,daily,OBM v0.1.0
2012-05-29,obm_cdd_per_supply_days_daily,0.222244005519,days,daily,OBM v0.1.0
2012-05-30,obm_cdd_per_supply_days_daily,0.180200217332,days,daily,OBM v0.1.0
2012-05-31,obm_cdd_per_supply_days_daily,1.603540636766,days,daily,OBM v0.1.0
2012-06-01,obm_cdd_per_supply_days_daily,0.217343773193,days,daily,OBM v0.1.0
2012-06-02,obm_cdd_per_supply_days_daily,0.166976953529,days,daily,OBM v0.1.0
2012-06-03,obm_cdd_per_supply_days_daily,0.210700650360,days,daily,OBM v0.1.0
2012-06-04,obm_cdd_per_supply_days_daily,0.573565196996,days,daily,OBM v0.1.0
2012-06-05,obm_cdd_per_supply_days_daily,0.237382142035,days,daily,OBM v0.1.0
2012-06-06,obm_cdd_per_supply_days_daily,0.336560324281,days,daily,OBM v0.1.0
2012-06-07,obm_cdd_per_supply_days_daily,0.203268372529,days,daily,OBM v0.1.0
2012-06-08,obm_cdd_per_supply_days_daily,0.212337108005,days,daily,OBM v0.1.0
2012-06-09,obm_cdd_per_supply_days_daily,0.138153156849,days,daily,OBM v0.1.0
2012-06-10,obm_cdd_per_supply_days_daily,0.105214994062,days,daily,OBM v0.1.0
2012-06-11,obm_cdd_per_supply_days_daily,0.250235060572,days,daily,OBM v0.1.0
2012-06-12,obm_cdd_per_supply_days_daily,0.428350570110,days,daily,OBM v0.1.0
2012-06-13,obm_cdd_per_supply_days_daily,0.182760534989,days,daily,OBM v0.1.0
2012-06-14,obm_cdd_per_supply_days_daily,0.229182583078,days,daily,OBM v0.1.0
2012-06-15,obm_cdd_per_supply_days_daily,0.226746255192,days,daily,OBM v0.1.0
2012-06-16,obm_cdd_per_supply_days_daily,0.236012333383,days,daily,OBM v0.1.0
2012-06-17,obm_cdd_per_supply_days_daily,0.273971804621,days,daily,OBM v0.1.0
2012-06-18,obm_cdd_per_supply_days_daily,0.229212274732,days,daily,OBM v0.1.0
2012-06-19,obm_cdd_per_supply_days_daily,0.298589077725,days,daily,OBM v0.1.0
2012-06-20,obm_cdd_per_supply_days_daily,0.740979104532,days,daily,OBM v0.1.0
2012-06-21,obm_cdd_per_supply_days_daily,0.159014528714,days,daily,OBM v0.1.0
2012-06-22,obm_cdd_per_supply_days_daily,0.313414048223,days,daily,OBM v0.1.0
2012-06-23,obm_cdd_per_supply_days_daily,0.173097721581,days,daily,OBM v0.1.0
2012-06-24,obm_cdd_per_supply_days_daily,0.714969408784,days,daily,OBM v0.1.0
2012-06-25,obm_cdd_per_supply_days_daily,0.254736678419,days,daily,OBM v0.1.0
2012-06-26,obm_cdd_per_supply_days_daily,0.341270637668,days,daily,OBM v0.1.0
2012-06-27,obm_cdd_per_supply_days_daily,0.218275694997,days,daily,OBM v0.1.0
2012-06-28,obm_cdd_per_supply_days_daily,0.189254997685,days,daily,OBM v0.1.0
2012-06-29,obm_cdd_per_supply_days_daily,0.163025126462,days,daily,OBM v0.1.0
2012-06-30,obm_cdd_per_supply_days_daily,0.196692061174,days,daily,OBM v0.1.0
2012-07-01,obm_cdd_per_supply_days_daily,0.127548415888,days,daily,OBM v0.1.0
2012-07-02,obm_cdd_per_supply_days_daily,0.238318021154,days,daily,OBM v0.1.0
2012-07-03,obm_cdd_per_supply_days_daily,0.234647636048,days,daily,OBM v0.1.0
2012-07-04,obm_cdd_per_supply_days_daily,0.348639026510,days,daily,OBM v0.1.0
2012-07-05,obm_cdd_per_supply_days_daily,0.153239791981,days,daily,OBM v0.1.0
2012-07-06,obm_cdd_per_supply_days_daily,0.300912536158,days,daily,OBM v0.1.0
2012-07-07,obm_cdd_per_supply_days_daily,0.558866528543,days,daily,OBM v0.1.0
2012-07-08,obm_cdd_per_supply_days_daily,0.295148221167,days,daily,OBM v0.1.0
2012-07-09,obm_cdd_per_supply_days_daily,0.327478354391,days,daily,OBM v0.1.0
2012-07-10,obm_cdd_per_supply_days_daily,2.202559894449,days,daily,OBM v0.1.0
2012-07-11,obm_cdd_per_supply_days_daily,0.484085479262,days,daily,OBM v0.1.0
2012-07-12,obm_cdd_per_supply_days_daily,0.144265492983,days,daily,OBM v0.1.0
2012-07-13,obm_cdd_per_supply_days_daily,0.467754352545,days,daily,OBM v0.1.0
2012-07-14,obm_cdd_per_supply_days_daily,1.657640149703,days,daily,OBM v0.1.0
2012-07-15,obm_cdd_per_supply_days_daily,0.179289530663,days,daily,OBM v0.1.0
2012-07-16,obm_cdd_per_supply_days_daily,0.482540692711,days,daily,OBM v0.1.0
2012-07-17,obm_cdd_per_supply_days_daily,1.690288238703,days,daily,OBM v0.1.0
2012-07-18,obm_cdd_per_supply_days_daily,0.449574219953,days,daily,OBM v0.1.0
2012-07-19,obm_cdd_per_supply_days_daily,0.396591557854,days,daily,OBM v0.1.0
2012-07-20,obm_cdd_per_supply_days_daily,0.352216528729,days,daily,OBM v0.1.0
2012-07-21,obm_cdd_per_supply_days_daily,0.327356304570,days,daily,OBM v0.1.0
2012-07-22,obm_cdd_per_supply_days_daily,0.206100674557,days,daily,OBM v0.1.0
2012-07-23,obm_cdd_per_supply_days_daily,0.325385253589,days,daily,OBM v0.1.0
2012-07-24,obm_cdd_per_supply_days_daily,0.213267127541,days,daily,OBM v0.1.0
2012-07-25,obm_cdd_per_supply_days_daily,0.270304025742,days,daily,OBM v0.1.0
2012-07-26,obm_cdd_per_supply_days_daily,0.341307507253,days,daily,OBM v0.1.0
2012-07-27,obm_cdd_per_supply_days_daily,0.259766101398,days,daily,OBM v0.1.0
2012-07-28,obm_cdd_per_supply_days_daily,0.266047915255,days,daily,OBM v0.1.0
2012-07-29,obm_cdd_per_supply_days_daily,0.304659945711,days,daily,OBM v0.1.0
2012-07-30,obm_cdd_per_supply_days_daily,0.230762612525,days,daily,OBM v0.1.0
2012-07-31,obm_cdd_per_supply_days_daily,0.380129613169,days,daily,OBM v0.1.0
2012-08-01,obm_cdd_per_supply_days_daily,0.303522686066,days,daily,OBM v0.1.0
2012-08-02,obm_cdd_per_supply_days_daily,0.482027903460,days,daily,OBM v0.1.0
2012-08-03,obm_cdd_per_supply_days_daily,0.385101645480,days,daily,OBM v0.1.0
2012-08-04,obm_cdd_per_supply_days_daily,0.444748498547,days,daily,OBM v0.1.0
2012-08-05,obm_cdd_per_supply_days_daily,0.303399389576,days,daily,OBM v0.1.0
2012-08-06,obm_cdd_per_supply_days_daily,0.290650745331,days,daily,OBM v0.1.0
2012-08-07,obm_cdd_per_supply_days_daily,0.383628705523,days,daily,OBM v0.1.0
2012-08-08,obm_cdd_per_supply_days_daily,0.733704107831,days,daily,OBM v0.1.0
2012-08-09,obm_cdd_per_supply_days_daily,0.246311409534,days,daily,OBM v0.1.0
2012-08-10,obm_cdd_per_supply_days_daily,0.252634725240,days,daily,OBM v0.1.0
2012-08-11,obm_cdd_per_supply_days_daily,0.174945327358,days,daily,OBM v0.1.0
2012-08-12,obm_cdd_per_supply_days_daily,0.178565340645,days,daily,OBM v0.1.0
2012-08-13,obm_cdd_per_supply_days_daily,0.278799560457,days,daily,OBM v0.1.0
2012-08-14,obm_cdd_per_supply_days_daily,0.385025116271,days,daily,OBM v0.1.0
2012-08-15,obm_cdd_per_supply_days_daily,0.417314721300,days,daily,OBM v0.1.0
2012-08-16,obm_cdd_per_supply_days_daily,0.431625970395,days,daily,OBM v0.1.0
2012-08-17,obm_cdd_per_supply_days_daily,1.604133535069,days,daily,OBM v0.1.0
2012-08-18,obm_cdd_per_supply_days_daily,0.829753748507,days,daily,OBM v0.1.0
2012-08-19,obm_cdd_per_supply_days_daily,2.121648983086,days,daily,OBM v0.1.0
2012-08-20,obm_cdd_per_supply_days_daily,0.604337874129,days,daily,OBM v0.1.0
2012-08-21,obm_cdd_per_supply_days_daily,0.346214217396,days,daily,OBM v0.1.0
2012-08-22,obm_cdd_per_supply_days_daily,0.533768759881,days,daily,OBM v0.1.0
2012-08-23,obm_cdd_per_supply_days_daily,0.459451321253,days,daily,OBM v0.1.0
2012-08-24,obm_cdd_per_supply_days_daily,0.139138015501,days,daily,OBM v0.1.0
2012-08-25,obm_cdd_per_supply_days_daily,0.166955773784,days,daily,OBM v0.1.0
2012-08-26,obm_cdd_per_supply_days_daily,0.192481451253,days,daily,OBM v0.1.0
2012-08-27,obm_cdd_per_supply_days_daily,1.504953980163,days,daily,OBM v0.1.0
2012-08-28,obm_cdd_per_supply_days_daily,0.645030779847,days,daily,OBM v0.1.0
2012-08-29,obm_cdd_per_supply_days_daily,0.193689319660,days,daily,OBM v0.1.0
2012-08-30,obm_cdd_per_supply_days_daily,0.159666157388,days,daily,OBM v0.1.0
2012-08-31,obm_cdd_per_supply_days_daily,2.163158700402,days,daily,OBM v0.1.0
2012-09-01,obm_cdd_per_supply_days_daily,0.140844954302,days,daily,OBM v0.1.0
2012-09-02,obm_cdd_per_supply_days_daily,0.226643471406,days,daily,OBM v0.1.0
2012-09-03,obm_cdd_per_supply_days_daily,0.149441689034,days,daily,OBM v0.1.0
2012-09-04,obm_cdd_per_supply_days_daily,0.257389282644,days,daily,OBM v0.1.0
2012-09-05,obm_cdd_per_supply_days_daily,0.148402966081,days,daily,OBM v0.1.0
2012-09-06,obm_cdd_per_supply_days_daily,0.328498763612,days,daily,OBM v0.1.0
2012-09-07,obm_cdd_per_supply_days_daily,0.180576901918,days,daily,OBM v0.1.0
2012-09-08,obm_cdd_per_supply_days_daily,0.165947346890,days,daily,OBM v0.1.0
2012-09-09,obm_cdd_per_supply_days_daily,0.358503200196,days,daily,OBM v0.1.0
2012-09-10,obm_cdd_per_supply_days_daily,2.182398951602,days,daily,OBM v0.1.0
2012-09-11,obm_cdd_per_supply_days_daily,0.114184061632,days,daily,OBM v0.1.0
2012-09-12,obm_cdd_per_supply_days_daily,0.261533819771,days,daily,OBM v0.1.0
2012-09-13,obm_cdd_per_supply_days_daily,0.181389589861,days,daily,OBM v0.1.0
2012-09-14,obm_cdd_per_supply_days_daily,0.160799563866,days,daily,OBM v0.1.0
2012-09-15,obm_cdd_per_supply_days_daily,0.360372845596,days,daily,OBM v0.1.0
2012-09-16,obm_cdd_per_supply_days_daily,0.202373826255,days,daily,OBM v0.1.0
2012-09-17,obm_cdd_per_supply_days_daily,0.822984143612,days,daily,OBM v0.1.0
2012-09-18,obm_cdd_per_supply_days_daily,1.023892340337,days,daily,OBM v0.1.0
2012-09-19,obm_cdd_per_supply_days_daily,0.378308000340,days,daily,OBM v0.1.0
2012-09-20,obm_cdd_per_supply_days_daily,0.684411927904,days,daily,OBM v0.1.0
2012-09-21,obm_cdd_per_supply_days_daily,0.589729735735,days,daily,OBM v0.1.0
2012-09-22,obm_cdd_per_supply_days_daily,0.421274810442,days,daily,OBM v0.1.0
2012-09-23,obm_cdd_per_supply_days_daily,0.193135711523,days,daily,OBM v0.1.0
2012-09-24,obm_cdd_per_supply_days_daily,0.637057461273,days,daily,OBM v0.1.0
2012-09-25,obm_cdd_per_supply_days_daily,0.483460750328,days,daily,OBM v0.1.0
2012-09-26,obm_cdd_per_supply_days_daily,0.301388150746,days,daily,OBM v0.1.0
2012-09-27,obm_cdd_per_supply_days_daily,0.313066217778,days,daily,OBM v0.1.0
2012-09-28,obm_cdd_per_supply_days_daily,1.093403763456,days,daily,OBM v0.1.0
2012-09-29,obm_cdd_per_supply_days_daily,0.294735888291,days,daily,OBM v0.1.0
2012-09-30,obm_cdd_per_supply_days_daily,0.207176010139,days,daily,OBM v0.1.0
2012-10-01,obm_cdd_per_supply_days_daily,0.280170125499,days,daily,OBM v0.1.0
2012-10-02,obm_cdd_per_supply_days_daily,0.303062824461,days,daily,OBM v0.1.0
2012-10-03,obm_cdd_per_supply_days_daily,0.794025942448,days,daily,OBM v0.1.0
2012-10-04,obm_cdd_per_supply_days_daily,0.432098022411,days,daily,OBM v0.1.0
2012-10-05,obm_cdd_per_supply_days_daily,0.193697416167,days,daily,OBM v0.1.0
2012-10-06,obm_cdd_per_supply_days_daily,0.138785056823,days,daily,OBM v0.1.0
2012-10-07,obm_cdd_per_supply_days_daily,0.159581393070,days,daily,OBM v0.1.0
2012-10-08,obm_cdd_per_supply_days_daily,1.102232016894,days,daily,OBM v0.1.0
2012-10-09,obm_cdd_per_supply_days_daily,0.219782045689,days,daily,OBM v0.1.0
2012-10-10,obm_cdd_per_supply_days_daily,0.361113888172,days,daily,OBM v0.1.0
2012-10-11,obm_cdd_per_supply_days_daily,0.242321982345,days,daily,OBM v0.1.0
2012-10-12,obm_cdd_per_supply_days_daily,0.311821976872,days,daily,OBM v0.1.0
2012-10-13,obm_cdd_per_supply_days_daily,0.115576501657,days,daily,OBM v0.1.0
2012-10-14,obm_cdd_per_supply_days_daily,0.751346033833,days,daily,OBM v0.1.0
2012-10-15,obm_cdd_per_supply_days_daily,0.303939804459,days,daily,OBM v0.1.0
2012-10-16,obm_cdd_per_supply_days_daily,0.325386445478,days,daily,OBM v0.1.0
2012-10-17,obm_cdd_per_supply_days_daily,1.108960271714,days,daily,OBM v0.1.0
2012-10-18,obm_cdd_per_supply_days_daily,0.359632232268,days,daily,OBM v0.1.0
2012-10-19,obm_cdd_per_supply_days_daily,0.303155871354,days,daily,OBM v0.1.0
2012-10-20,obm_cdd_per_supply_days_daily,0.193515332702,days,daily,OBM v0.1.0
2012-10-21,obm_cdd_per_supply_days_daily,0.582747446921,days,daily,OBM v0.1.0
2012-10-22,obm_cdd_per_supply_days_daily,0.163133114910,days,daily,OBM v0.1.0
2012-10-23,obm_cdd_per_supply_days_daily,0.281977286412,days,daily,OBM v0.1.0
2012-10-24,obm_cdd_per_supply_days_daily,0.270679673160,days,daily,OBM v0.1.0
2012-10-25,obm_cdd_per_supply_days_daily,0.813680931592,days,daily,OBM v0.1.0
2012-10-26,obm_cdd_per_supply_days_daily,0.709019489660,days,daily,OBM v0.1.0
2012-10-27,obm_cdd_per_supply_days_daily,0.175463251119,days,daily,OBM v0.1.0
2012-10-28,obm_cdd_per_supply_days_daily,0.113145924445,days,daily,OBM v0.1.0
2012-10-29,obm_cdd_per_supply_days_daily,0.216188617572,days,daily,OBM v0.1.0
2012-10-30,obm_cdd_per_supply_days_daily,0.482198958054,days,daily,OBM v0.1.0
2012-10-31,obm_cdd_per_supply_days_daily,0.253748787808,days,daily,OBM v0.1.0
2012-11-01,obm_cdd_per_supply_days_daily,0.418458261220,days,daily,OBM v0.1.0
2012-11-02,obm_cdd_per_supply_days_daily,0.212465046438,days,daily,OBM v0.1.0
2012-11-03,obm_cdd_per_supply_days_daily,0.131588931352,days,daily,OBM v0.1.0
2012-11-04,obm_cdd_per_supply_days_daily,0.352308361973,days,daily,OBM v0.1.0
2012-11-05,obm_cdd_per_supply_days_daily,0.287566376352,days,daily,OBM v0.1.0
2012-11-06,obm_cdd_per_supply_days_daily,0.178486852209,days,daily,OBM v0.1.0
2012-11-07,obm_cdd_per_supply_days_daily,0.491475810822,days,daily,OBM v0.1.0
2012-11-08,obm_cdd_per_supply_days_daily,0.173556538544,days,daily,OBM v0.1.0
2012-11-09,obm_cdd_per_supply_days_daily,0.271933690773,days,daily,OBM v0.1.0
2012-11-10,obm_cdd_per_supply_days_daily,0.148443737926,days,daily,OBM v0.1.0
2012-11-11,obm_cdd_per_supply_days_daily,0.332380948575,days,daily,OBM v0.1.0
2012-11-12,obm_cdd_per_supply_days_daily,0.409658973115,days,daily,OBM v0.1.0
2012-11-13,obm_cdd_per_supply_days_daily,0.435072997784,days,daily,OBM v0.1.0
2012-11-14,obm_cdd_per_supply_days_daily,0.295168017504,days,daily,OBM v0.1.0
2012-11-15,obm_cdd_per_supply_days_daily,0.281353753355,days,daily,OBM v0.1.0
2012-11-16,obm_cdd_per_supply_days_daily,0.616147189345,days,daily,OBM v0.1.0
2012-11-17,obm_cdd_per_supply_days_daily,0.332636881970,days,daily,OBM v0.1.0
2012-11-18,obm_cdd_per_supply_days_daily,0.197338169868,days,daily,OBM v0.1.0
2012-11-19,obm_cdd_per_supply_days_daily,0.362051167180,days,daily,OBM v0.1.0
2012-11-20,obm_cdd_per_supply_days_daily,0.229201598500,days,daily,OBM v0.1.0
2012-11-21,obm_cdd_per_supply_days_daily,0.278666243843,days,daily,OBM v0.1.0
2012-11-22,obm_cdd_per_supply_days_daily,0.232346362036,days,daily,OBM v0.1.0
2012-11-23,obm_cdd_per_supply_days_daily,0.342243435512,days,daily,OBM v0.1.0
2012-11-24,obm_cdd_per_supply_days_daily,0.160064706458,days,daily,OBM v0.1.0
2012-11-25,obm_cdd_per_supply_days_daily,0.367360842634,days,daily,OBM v0.1.0
2012-11-26,obm_cdd_per_supply_days_daily,0.499197851653,days,daily,OBM v0.1.0
2012-11-27,obm_cdd_per_supply_days_daily,0.345621804134,days,daily,OBM v0.1.0
2012-11-28,obm_cdd_per_supply_days_daily,0.301599056353,days,daily,OBM v0.1.0
2012-11-29,obm_cdd_per_supply_days_daily,0.218207610082,days,daily,OBM v0.1.0
2012-11-30,obm_cdd_per_supply_days_daily,0.450710354379,days,daily,OBM v0.1.0
2012-12-01,obm_cdd_per_supply_days_daily,0.241559760779,days,daily,OBM v0.1.0
2012-12-02,obm_cdd_per_supply_days_daily,0.151334590353,days,daily,OBM v0.1.0
2012-12-03,obm_cdd_per_supply_days_daily,0.339134448658,days,daily,OBM v0.1.0
2012-12-04,obm_cdd_per_supply_days_daily,2.049117478292,days,daily,OBM v0.1.0
2012-12-05,obm_cdd_per_supply_days_daily,0.410021954458,days,daily,OBM v0.1.0
2012-12-06,obm_cdd_per_supply_days_daily,0.205150898086,days,daily,OBM v0.1.0
2012-12-07,obm_cdd_per_supply_days_daily,0.905856521856,days,daily,OBM v0.1.0
2012-12-08,obm_cdd_per_supply_days_daily,0.134635496893,days,daily,OBM v0.1.0
2012-12-09,obm_cdd_per_supply_days_daily,0.358224268385,days,daily,OBM v0.1.0
2012-12-10,obm_cdd_per_supply_days_daily,0.476408309785,days,daily,OBM v0.1.0
2012-12-11,obm_cdd_per_supply_days_daily,0.359095170366,days,daily,OBM v0.1.0
2012-12-12,obm_cdd_per_supply_days_daily,0.549856388624,days,daily,OBM v0.1.0
2012-12-13,obm_cdd_per_supply_days_daily,0.898726208403,days,daily,OBM v0.1.0
2012-12-14,obm_cdd_per_supply_days_daily,0.336131318663,days,daily,OBM v0.1.0
2012-12-15,obm_cdd_per_supply_days_daily,0.171535148845,days,daily,OBM v0.1.0
2012-12-16,obm_cdd_per_supply_days_daily,0.259426605488,days,daily,OBM v0.1.0
2012-12-17,obm_cdd_per_supply_days_daily,0.194202863673,days,daily,OBM v0.1.0
2012-12-18,obm_cdd_per_supply_days_daily,0.350166624902,days,daily,OBM v0.1.0
2012-12-19,obm_cdd_per_supply_days_daily,0.378230063889,days,daily,OBM v0.1.0
2012-12-20,obm_cdd_per_supply_days_daily,0.552789150986,days,daily,OBM v0.1.0
2012-12-21,obm_cdd_per_supply_days_daily,0.355648729547,days,daily,OBM v0.1.0
2012-12-22,obm_cdd_per_supply_days_daily,0.158208322428,days,daily,OBM v0.1.0
2012-12-23,obm_cdd_per_supply_days_daily,0.153849814543,days,daily,OBM v0.1.0
2012-12-24,obm_cdd_per_supply_days_daily,0.189808647019,days,daily,OBM v0.1.0
2012-12-25,obm_cdd_per_supply_days_daily,0.125861161705,days,daily,OBM v0.1.0
2012-12-26,obm_cdd_per_supply_days_daily,0.147918024073,days,daily,OBM v0.1.0
2012-12-27,obm_cdd_per_supply_days_daily,0.144825438087,days,daily,OBM v0.1.0
2012-12-28,obm_cdd_per_supply_days_daily,0.228263820164,days,daily,OBM v0.1.0
2012-12-29,obm_cdd_per_supply_days_daily,0.211786587980,days,daily,OBM v0.1.0
2012-12-30,obm_cdd_per_supply_days_daily,0.221894539469,days,daily,OBM v0.1.0
2012-12-31,obm_cdd_per_supply_days_daily,1.145816494825,days,daily,OBM v0.1.0
2013-01-01,obm_cdd_per_supply_days_daily,0.207199397080,days,daily,OBM v0.1.0
2013-01-02,obm_cdd_per_supply_days_daily,0.233658601509,days,daily,OBM v0.1.0
2013-01-03,obm_cdd_per_supply_days_daily,0.258037185911,days,daily,OBM v0.1.0
2013-01-04,obm_cdd_per_supply_days_daily,0.477123461678,days,daily,OBM v0.1.0
2013-01-05,obm_cdd_per_supply_days_daily,0.198695742708,days,daily,OBM v0.1.0
2013-01-06,obm_cdd_per_supply_days_daily,0.132202387030,days,daily,OBM v0.1.0
2013-01-07,obm_cdd_per_supply_days_daily,0.200262677529,days,daily,OBM v0.1.0
2013-01-08,obm_cdd_per_supply_days_daily,0.548285321738,days,daily,OBM v0.1.0
2013-01-09,obm_cdd_per_supply_days_daily,0.403004768580,days,daily,OBM v0.1.0
2013-01-10,obm_cdd_per_supply_days_daily,0.452007778381,days,daily,OBM v0.1.0
2013-01-11,obm_cdd_per_supply_days_daily,0.314134015691,days,daily,OBM v0.1.0
2013-01-12,obm_cdd_per_supply_days_daily,0.171877364327,days,daily,OBM v0.1.0
2013-01-13,obm_cdd_per_supply_days_daily,0.402744945088,days,daily,OBM v0.1.0
2013-01-14,obm_cdd_per_supply_days_daily,0.245327620227,days,daily,OBM v0.1.0
2013-01-15,obm_cdd_per_supply_days_daily,0.374104888170,days,daily,OBM v0.1.0
2013-01-16,obm_cdd_per_supply_days_daily,0.363463742938,days,daily,OBM v0.1.0
2013-01-17,obm_cdd_per_supply_days_daily,0.500728142938,days,daily,OBM v0.1.0
2013-01-18,obm_cdd_per_supply_days_daily,0.404277257231,days,daily,OBM v0.1.0
2013-01-19,obm_cdd_per_supply_days_daily,0.242514770231,days,daily,OBM v0.1.0
2013-01-20,obm_cdd_per_supply_days_daily,0.248841054924,days,daily,OBM v0.1.0
2013-01-21,obm_cdd_per_supply_days_daily,0.601571184484,days,daily,OBM v0.1.0
2013-01-22,obm_cdd_per_supply_days_daily,1.183272294044,days,daily,OBM v0.1.0
2013-01-23,obm_cdd_per_supply_days_daily,0.366699011702,days,daily,OBM v0.1.0
2013-01-24,obm_cdd_per_supply_days_daily,0.882072268887,days,daily,OBM v0.1.0
2013-01-25,obm_cdd_per_supply_days_daily,0.545738380041,days,daily,OBM v0.1.0
2013-01-26,obm_cdd_per_supply_days_daily,0.497956603689,days,daily,OBM v0.1.0
2013-01-27,obm_cdd_per_supply_days_daily,1.166313228108,days,daily,OBM v0.1.0
2013-01-28,obm_cdd_per_supply_days_daily,0.513294341805,days,daily,OBM v0.1.0
2013-01-29,obm_cdd_per_supply_days_daily,1.319011504736,days,daily,OBM v0.1.0
2013-01-30,obm_cdd_per_supply_days_daily,1.525175514257,days,daily,OBM v0.1.0
2013-01-31,obm_cdd_per_supply_days_daily,0.918573249649,days,daily,OBM v0.1.0
2013-02-01,obm_cdd_per_supply_days_daily,2.783411606197,days,daily,OBM v0.1.0
2013-02-02,obm_cdd_per_supply_days_daily,1.020541048727,days,daily,OBM v0.1.0
2013-02-03,obm_cdd_per_supply_days_daily,0.342639822963,days,daily,OBM v0.1.0
2013-02-04,obm_cdd_per_supply_days_daily,0.824564138509,days,daily,OBM v0.1.0
2013-02-05,obm_cdd_per_supply_days_daily,0.699125446060,days,daily,OBM v0.1.0
2013-02-06,obm_cdd_per_supply_days_daily,0.382985887557,days,daily,OBM v0.1.0
2013-02-07,obm_cdd_per_supply_days_daily,0.504961349817,days,daily,OBM v0.1.0
2013-02-08,obm_cdd_per_supply_days_daily,0.789850124116,days,daily,OBM v0.1.0
2013-02-09,obm_cdd_per_supply_days_daily,1.008282765318,days,daily,OBM v0.1.0
2013-02-10,obm_cdd_per_supply_days_daily,0.286888434215,days,daily,OBM v0.1.0
2013-02-11,obm_cdd_per_supply_days_daily,0.506831300738,days,daily,OBM v0.1.0
2013-02-12,obm_cdd_per_supply_days_daily,0.496184158496,days,daily,OBM v0.1.0
2013-02-13,obm_cdd_per_supply_days_daily,0.693551544897,days,daily,OBM v0.1.0
2013-02-14,obm_cdd_per_supply_days_daily,0.669399127942,days,daily,OBM v0.1.0
2013-02-15,obm_cdd_per_supply_days_daily,2.088029475874,days,daily,OBM v0.1.0
2013-02-16,obm_cdd_per_supply_days_daily,0.557184315700,days,daily,OBM v0.1.0
2013-02-17,obm_cdd_per_supply_days_daily,0.541745509651,days,daily,OBM v0.1.0
2013-02-18,obm_cdd_per_supply_days_daily,0.625395443946,days,daily,OBM v0.1.0
2013-02-19,obm_cdd_per_supply_days_daily,0.598381492280,days,daily,OBM v0.1.0
2013-02-20,obm_cdd_per_supply_days_daily,0.887109616143,days,daily,OBM v0.1.0
2013-02-21,obm_cdd_per_supply_days_daily,0.352508248920,days,daily,OBM v0.1.0
2013-02-22,obm_cdd_per_supply_days_daily,0.506570735754,days,daily,OBM v0.1.0
2013-02-23,obm_cdd_per_supply_days_daily,0.468339344431,days,daily,OBM v0.1.0
2013-02-24,obm_cdd_per_supply_days_daily,0.531319204493,days,daily,OBM v0.1.0
2013-02-25,obm_cdd_per_supply_days_daily,3.009849059398,days,daily,OBM v0.1.0
2013-02-26,obm_cdd_per_supply_days_daily,0.674860385864,days,daily,OBM v0.1.0
2013-02-27,obm_cdd_per_supply_days_daily,0.231082139189,days,daily,OBM v0.1.0
2013-02-28,obm_cdd_per_supply_days_daily,2.081792404566,days,daily,OBM v0.1.0
2013-03-01,obm_cdd_per_supply_days_daily,0.585990608704,days,daily,OBM v0.1.0
2013-03-02,obm_cdd_per_supply_days_daily,0.370826406098,days,daily,OBM v0.1.0
2013-03-03,obm_cdd_per_supply_days_daily,0.354727033736,days,daily,OBM v0.1.0
2013-03-04,obm_cdd_per_supply_days_daily,0.405146400302,days,daily,OBM v0.1.0
2013-03-05,obm_cdd_per_supply_days_daily,1.091192287555,days,daily,OBM v0.1.0
2013-03-06,obm_cdd_per_supply_days_daily,2.017198500652,days,daily,OBM v0.1.0
2013-03-07,obm_cdd_per_supply_days_daily,1.209638688638,days,daily,OBM v0.1.0
2013-03-08,obm_cdd_per_supply_days_daily,0.353762322238,days,daily,OBM v0.1.0
2013-03-09,obm_cdd_per_supply_days_daily,0.926293097143,days,daily,OBM v0.1.0
2013-03-10,obm_cdd_per_supply_days_daily,0.309154262980,days,daily,OBM v0.1.0
2013-03-11,obm_cdd_per_supply_days_daily,0.597247922536,days,daily,OBM v0.1.0
2013-03-12,obm_cdd_per_supply_days_daily,0.741239465481,days,daily,OBM v0.1.0
2013-03-13,obm_cdd_per_supply_days_daily,0.697493523257,days,daily,OBM v0.1.0
2013-03-14,obm_cdd_per_supply_days_daily,0.599698462638,days,daily,OBM v0.1.0
2013-03-15,obm_cdd_per_supply_days_daily,0.663166167694,days,daily,OBM v0.1.0
2013-03-16,obm_cdd_per_supply_days_daily,0.341736437491,days,daily,OBM v0.1.0
2013-03-17,obm_cdd_per_supply_days_daily,0.494804300715,days,daily,OBM v0.1.0
2013-03-18,obm_cdd_per_supply_days_daily,0.346903784872,days,daily,OBM v0.1.0
2013-03-19,obm_cdd_per_supply_days_daily,0.827528193703,days,daily,OBM v0.1.0
2013-03-20,obm_cdd_per_supply_days_daily,0.697276811280,days,daily,OBM v0.1.0
2013-03-21,obm_cdd_per_supply_days_daily,1.292537861090,days,daily,OBM v0.1.0
2013-03-22,obm_cdd_per_supply_days_daily,1.351284936216,days,daily,OBM v0.1.0
2013-03-23,obm_cdd_per_supply_days_daily,0.843348822454,days,daily,OBM v0.1.0
2013-03-24,obm_cdd_per_supply_days_daily,0.864292317316,days,daily,OBM v0.1.0
2013-03-25,obm_cdd_per_supply_days_daily,1.168381586809,days,daily,OBM v0.1.0
2013-03-26,obm_cdd_per_supply_days_daily,0.838421094910,days,daily,OBM v0.1.0
2013-03-27,obm_cdd_per_supply_days_daily,0.937348668739,days,daily,OBM v0.1.0
2013-03-28,obm_cdd_per_supply_days_daily,0.918347417774,days,daily,OBM v0.1.0
2013-03-29,obm_cdd_per_supply_days_daily,0.769293045057,days,daily,OBM v0.1.0
2013-03-30,obm_cdd_per_supply_days_daily,1.445421285695,days,daily,OBM v0.1.0
2013-03-31,obm_cdd_per_supply_days_daily,0.292149814763,days,daily,OBM v0.1.0
2013-04-01,obm_cdd_per_supply_days_daily,2.293859927354,days,daily,OBM v0.1.0
2013-04-02,obm_cdd_per_supply_days_daily,1.117436701853,days,daily,OBM v0.1.0
2013-04-03,obm_cdd_per_supply_days_daily,3.250186194924,days,daily,OBM v0.1.0
2013-04-04,obm_cdd_per_supply_days_daily,1.004597072279,days,daily,OBM v0.1.0
2013-04-05,obm_cdd_per_supply_days_daily,3.087771435304,days,daily,OBM v0.1.0
2013-04-06,obm_cdd_per_supply_days_daily,1.052945720888,days,daily,OBM v0.1.0
2013-04-07,obm_cdd_per_supply_days_daily,1.084815845716,days,daily,OBM v0.1.0
2013-04-08,obm_cdd_per_supply_days_daily,1.683658398516,days,daily,OBM v0.1.0
2013-04-09,obm_cdd_per_supply_days_daily,4.512716621375,days,daily,OBM v0.1.0
2013-04-10,obm_cdd_per_supply_days_daily,3.265586911297,days,daily,OBM v0.1.0
2013-04-11,obm_cdd_per_supply_days_daily,2.045391372185,days,daily,OBM v0.1.0
2013-04-12,obm_cdd_per_supply_days_daily,1.156208514623,days,daily,OBM v0.1.0
2013-04-13,obm_cdd_per_supply_days_daily,0.925245896191,days,daily,OBM v0.1.0
2013-04-14,obm_cdd_per_supply_days_daily,0.846409081338,days,daily,OBM v0.1.0
2013-04-15,obm_cdd_per_supply_days_daily,0.926445695326,days,daily,OBM v0.1.0
2013-04-16,obm_cdd_per_supply_days_daily,2.217890603927,days,daily,OBM v0.1.0
2013-04-17,obm_cdd_per_supply_days_daily,0.828955873963,days,daily,OBM v0.1.0
2013-04-18,obm_cdd_per_supply_days_daily,0.335313236611,days,daily,OBM v0.1.0
2013-04-19,obm_cdd_per_supply_days_daily,0.468678206013,days,daily,OBM v0.1.0
2013-04-20,obm_cdd_per_supply_days_daily,0.475190055432,days,daily,OBM v0.1.0
2013-04-21,obm_cdd_per_supply_days_daily,0.869431517069,days,daily,OBM v0.1.0
2013-04-22,obm_cdd_per_supply_days_daily,0.502565076147,days,daily,OBM v0.1.0
2013-04-23,obm_cdd_per_supply_days_daily,0.994921282165,days,daily,OBM v0.1.0
2013-04-24,obm_cdd_per_supply_days_daily,1.111290461974,days,daily,OBM v0.1.0
2013-04-25,obm_cdd_per_supply_days_daily,0.686854792325,days,daily,OBM v0.1.0
2013-04-26,obm_cdd_per_supply_days_daily,0.281101967577,days,daily,OBM v0.1.0
2013-04-27,obm_cdd_per_supply_days_daily,0.603651404704,days,daily,OBM v0.1.0
2013-04-28,obm_cdd_per_supply_days_daily,0.297499452139,days,daily,OBM v0.1.0
2013-04-29,obm_cdd_per_supply_days_daily,0.497679391029,days,daily,OBM v0.1.0
2013-04-30,obm_cdd_per_supply_days_daily,0.338625591610,days,daily,OBM v0.1.0
2013-05-01,obm_cdd_per_supply_days_daily,0.879946814643,days,daily,OBM v0.1.0
2013-05-02,obm_cdd_per_supply_days_daily,0.484607944958,days,daily,OBM v0.1.0
2013-05-03,obm_cdd_per_supply_days_daily,1.362396432816,days,daily,OBM v0.1.0
2013-05-04,obm_cdd_per_supply_days_daily,0.196069363178,days,daily,OBM v0.1.0
2013-05-05,obm_cdd_per_supply_days_daily,0.436736643063,days,daily,OBM v0.1.0
2013-05-06,obm_cdd_per_supply_days_daily,0.251835458208,days,daily,OBM v0.1.0
2013-05-07,obm_cdd_per_supply_days_daily,0.387730538682,days,daily,OBM v0.1.0
2013-05-08,obm_cdd_per_supply_days_daily,0.232578089843,days,daily,OBM v0.1.0
2013-05-09,obm_cdd_per_supply_days_daily,0.345817919693,days,daily,OBM v0.1.0
2013-05-10,obm_cdd_per_supply_days_daily,0.525848918974,days,daily,OBM v0.1.0
2013-05-11,obm_cdd_per_supply_days_daily,0.576654459136,days,daily,OBM v0.1.0
2013-05-12,obm_cdd_per_supply_days_daily,0.192549645884,days,daily,OBM v0.1.0
2013-05-13,obm_cdd_per_supply_days_daily,0.210854756832,days,daily,OBM v0.1.0
2013-05-14,obm_cdd_per_supply_days_daily,0.371057449588,days,daily,OBM v0.1.0
2013-05-15,obm_cdd_per_supply_days_daily,0.619323449717,days,daily,OBM v0.1.0
2013-05-16,obm_cdd_per_supply_days_daily,0.243565023007,days,daily,OBM v0.1.0
2013-05-17,obm_cdd_per_supply_days_daily,0.246849379816,days,daily,OBM v0.1.0
2013-05-18,obm_cdd_per_supply_days_daily,0.586419651821,days,daily,OBM v0.1.0
2013-05-19,obm_cdd_per_supply_days_daily,0.144133661507,days,daily,OBM v0.1.0
2013-05-20,obm_cdd_per_supply_days_daily,0.202367365061,days,daily,OBM v0.1.0
2013-05-21,obm_cdd_per_supply_days_daily,0.201719688509,days,daily,OBM v0.1.0
2013-05-22,obm_cdd_per_supply_days_daily,0.232730462233,days,daily,OBM v0.1.0
2013-05-23,obm_cdd_per_supply_days_daily,0.218226241852,days,daily,OBM v0.1.0
2013-05-24,obm_cdd_per_supply_days_daily,0.265024450613,days,daily,OBM v0.1.0
2013-05-25,obm_cdd_per_supply_days_daily,1.300329971437,days,daily,OBM v0.1.0
2013-05-26,obm_cdd_per_supply_days_daily,0.083694972023,days,daily,OBM v0.1.0
2013-05-27,obm_cdd_per_supply_days_daily,0.264223113407,days,daily,OBM v0.1.0
2013-05-28,obm_cdd_per_supply_days_daily,0.261548724209,days,daily,OBM v0.1.0
2013-05-29,obm_cdd_per_supply_days_daily,0.467775663991,days,daily,OBM v0.1.0
2013-05-30,obm_cdd_per_supply_days_daily,0.390944969371,days,daily,OBM v0.1.0
2013-05-31,obm_cdd_per_supply_days_daily,0.714791430565,days,daily,OBM v0.1.0
2013-06-01,obm_cdd_per_supply_days_daily,0.216887176144,days,daily,OBM v0.1.0
2013-06-02,obm_cdd_per_supply_days_daily,0.305139014154,days,daily,OBM v0.1.0
2013-06-03,obm_cdd_per_supply_days_daily,0.278245888491,days,daily,OBM v0.1.0
2013-06-04,obm_cdd_per_supply_days_daily,0.519137735443,days,daily,OBM v0.1.0
2013-06-05,obm_cdd_per_supply_days_daily,0.894865483522,days,daily,OBM v0.1.0
2013-06-06,obm_cdd_per_supply_days_daily,0.865061096370,days,daily,OBM v0.1.0
2013-06-07,obm_cdd_per_supply_days_daily,0.501062904889,days,daily,OBM v0.1.0
2013-06-08,obm_cdd_per_supply_days_daily,0.227439099831,days,daily,OBM v0.1.0
2013-06-09,obm_cdd_per_supply_days_daily,0.780769565419,days,daily,OBM v0.1.0
2013-06-10,obm_cdd_per_supply_days_daily,0.160972424053,days,daily,OBM v0.1.0
2013-06-11,obm_cdd_per_supply_days_daily,0.535884604952,days,daily,OBM v0.1.0
2013-06-12,obm_cdd_per_supply_days_daily,0.143648201260,days,daily,OBM v0.1.0
2013-06-13,obm_cdd_per_supply_days_daily,0.186590625534,days,daily,OBM v0.1.0
2013-06-14,obm_cdd_per_supply_days_daily,0.556983439778,days,daily,OBM v0.1.0
2013-06-15,obm_cdd_per_supply_days_daily,0.225024078497,days,daily,OBM v0.1.0
2013-06-16,obm_cdd_per_supply_days_daily,0.261543676111,days,daily,OBM v0.1.0
2013-06-17,obm_cdd_per_supply_days_daily,0.117449746029,days,daily,OBM v0.1.0
2013-06-18,obm_cdd_per_supply_days_daily,0.171331305565,days,daily,OBM v0.1.0
2013-06-19,obm_cdd_per_supply_days_daily,0.255947443009,days,daily,OBM v0.1.0
2013-06-20,obm_cdd_per_supply_days_daily,0.183666930316,days,daily,OBM v0.1.0
2013-06-21,obm_cdd_per_supply_days_daily,0.143134499892,days,daily,OBM v0.1.0
2013-06-22,obm_cdd_per_supply_days_daily,0.167395490586,days,daily,OBM v0.1.0
2013-06-23,obm_cdd_per_supply_days_daily,0.183673112982,days,daily,OBM v0.1.0
2013-06-24,obm_cdd_per_supply_days_daily,0.310570767469,days,daily,OBM v0.1.0
2013-06-25,obm_cdd_per_supply_days_daily,0.540423602195,days,daily,OBM v0.1.0
2013-06-26,obm_cdd_per_supply_days_daily,0.282365719423,days,daily,OBM v0.1.0
2013-06-27,obm_cdd_per_supply_days_daily,0.349281501315,days,daily,OBM v0.1.0
2013-06-28,obm_cdd_per_supply_days_daily,0.508332583496,days,daily,OBM v0.1.0
2013-06-29,obm_cdd_per_supply_days_daily,0.602011912609,days,daily,OBM v0.1.0
2013-06-30,obm_cdd_per_supply_days_daily,0.319174809356,days,daily,OBM v0.1.0
2013-07-01,obm_cdd_per_supply_days_daily,1.354102843764,days,daily,OBM v0.1.0
2013-07-02,obm_cdd_per_supply_days_daily,0.564210691353,days,daily,OBM v0.1.0
2013-07-03,obm_cdd_per_supply_days_daily,0.876528824143,days,daily,OBM v0.1.0
2013-07-04,obm_cdd_per_supply_days_daily,0.313391132795,days,daily,OBM v0.1.0
2013-07-05,obm_cdd_per_supply_days_daily,0.712588326300,days,daily,OBM v0.1.0
2013-07-06,obm_cdd_per_supply_days_daily,0.264822204990,days,daily,OBM v0.1.0
2013-07-07,obm_cdd_per_supply_days_daily,0.223588460801,days,daily,OBM v0.1.0
2013-07-08,obm_cdd_per_supply_days_daily,0.217402860482,days,daily,OBM v0.1.0
2013-07-09,obm_cdd_per_supply_days_daily,0.215352210844,days,daily,OBM v0.1.0
2013-07-10,obm_cdd_per_supply_days_daily,0.727087242301,days,daily,OBM v0.1.0
2013-07-11,obm_cdd_per_supply_days_daily,0.288639160211,days,daily,OBM v0.1.0
2013-07-12,obm_cdd_per_supply_days_daily,0.581892325934,days,daily,OBM v0.1.0
2013-07-13,obm_cdd_per_supply_days_daily,0.466265505061,days,daily,OBM v0.1.0
2013-07-14,obm_cdd_per_supply_days_daily,0.136732456992,days,daily,OBM v0.1.0
2013-07-15,obm_cdd_per_supply_days_daily,0.205010646385,days,daily,OBM v0.1.0
2013-07-16,obm_cdd_per_supply_days_daily,0.254710583562,days,daily,OBM v0.1.0
2013-07-17,obm_cdd_per_supply_days_daily,0.350452262902,days,daily,OBM v0.1.0
2013-07-18,obm_cdd_per_supply_days_daily,0.260478019491,days,daily,OBM v0.1.0
2013-07-19,obm_cdd_per_supply_days_daily,0.206887749758,days,daily,OBM v0.1.0
2013-07-20,obm_cdd_per_supply_days_daily,0.255989810718,days,daily,OBM v0.1.0
2013-07-21,obm_cdd_per_supply_days_daily,0.239148138142,days,daily,OBM v0.1.0
2013-07-22,obm_cdd_per_supply_days_daily,0.313882835079,days,daily,OBM v0.1.0
2013-07-23,obm_cdd_per_supply_days_daily,0.242450236882,days,daily,OBM v0.1.0
2013-07-24,obm_cdd_per_supply_days_daily,0.200541422842,days,daily,OBM v0.1.0
2013-07-25,obm_cdd_per_supply_days_daily,0.328590590914,days,daily,OBM v0.1.0
2013-07-26,obm_cdd_per_supply_days_daily,0.217340262073,days,daily,OBM v0.1.0
2013-07-27,obm_cdd_per_supply_days_daily,0.143257975084,days,daily,OBM v0.1.0
2013-07-28,obm_cdd_per_supply_days_daily,0.290849615709,days,daily,OBM v0.1.0
2013-07-29,obm_cdd_per_supply_days_daily,0.469024276669,days,daily,OBM v0.1.0
2013-07-30,obm_cdd_per_supply_days_daily,0.477488375425,days,daily,OBM v0.1.0
2013-07-31,obm_cdd_per_supply_days_daily,0.504562608313,days,daily,OBM v0.1.0
2013-08-01,obm_cdd_per_supply_days_daily,0.288860896448,days,daily,OBM v0.1.0
2013-08-02,obm_cdd_per_supply_days_daily,0.973464553541,days,daily,OBM v0.1.0
2013-08-03,obm_cdd_per_supply_days_daily,2.225218396892,days,daily,OBM v0.1.0
2013-08-04,obm_cdd_per_supply_days_daily,0.157945457202,days,daily,OBM v0.1.0
2013-08-05,obm_cdd_per_supply_days_daily,0.401992665263,days,daily,OBM v0.1.0
2013-08-06,obm_cdd_per_supply_days_daily,0.196876075990,days,daily,OBM v0.1.0
2013-08-07,obm_cdd_per_supply_days_daily,0.296779566707,days,daily,OBM v0.1.0
2013-08-08,obm_cdd_per_supply_days_daily,0.348624500396,days,daily,OBM v0.1.0
2013-08-09,obm_cdd_per_supply_days_daily,0.208352024238,days,daily,OBM v0.1.0
2013-08-10,obm_cdd_per_supply_days_daily,0.280614960429,days,daily,OBM v0.1.0
2013-08-11,obm_cdd_per_supply_days_daily,0.280786590381,days,daily,OBM v0.1.0
2013-08-12,obm_cdd_per_supply_days_daily,0.341502385983,days,daily,OBM v0.1.0
2013-08-13,obm_cdd_per_supply_days_daily,2.129496638192,days,daily,OBM v0.1.0
2013-08-14,obm_cdd_per_supply_days_daily,0.408361718327,days,daily,OBM v0.1.0
2013-08-15,obm_cdd_per_supply_days_daily,0.606132856071,days,daily,OBM v0.1.0
2013-08-16,obm_cdd_per_supply_days_daily,0.445407089679,days,daily,OBM v0.1.0
2013-08-17,obm_cdd_per_supply_days_daily,0.233771391149,days,daily,OBM v0.1.0
2013-08-18,obm_cdd_per_supply_days_daily,0.179689907838,days,daily,OBM v0.1.0
2013-08-19,obm_cdd_per_supply_days_daily,0.313784214784,days,daily,OBM v0.1.0
2013-08-20,obm_cdd_per_supply_days_daily,0.470591346282,days,daily,OBM v0.1.0
2013-08-21,obm_cdd_per_supply_days_daily,0.364407758916,days,daily,OBM v0.1.0
2013-08-22,obm_cdd_per_supply_days_daily,0.220248798920,days,daily,OBM v0.1.0
2013-08-23,obm_cdd_per_supply_days_daily,0.325037261698,days,daily,OBM v0.1.0
2013-08-24,obm_cdd_per_supply_days_daily,0.114999771946,days,daily,OBM v0.1.0
2013-08-25,obm_cdd_per_supply_days_daily,0.149138510165,days,daily,OBM v0.1.0
2013-08-26,obm_cdd_per_supply_days_daily,0.243889736784,days,daily,OBM v0.1.0
2013-08-27,obm_cdd_per_supply_days_daily,0.259274158077,days,daily,OBM v0.1.0
2013-08-28,obm_cdd_per_supply_days_daily,0.294188758206,days,daily,OBM v0.1.0
2013-08-29,obm_cdd_per_supply_days_daily,0.909242671153,days,daily,OBM v0.1.0
2013-08-30,obm_cdd_per_supply_days_daily,0.357200271929,days,daily,OBM v0.1.0
2013-08-31,obm_cdd_per_supply_days_daily,0.421308853887,days,daily,OBM v0.1.0
2013-09-01,obm_cdd_per_supply_days_daily,0.320285924231,days,daily,OBM v0.1.0
2013-09-02,obm_cdd_per_supply_days_daily,0.370040268741,days,daily,OBM v0.1.0
2013-09-03,obm_cdd_per_supply_days_daily,0.608225646002,days,daily,OBM v0.1.0
2013-09-04,obm_cdd_per_supply_days_daily,0.298768950311,days,daily,OBM v0.1.0
2013-09-05,obm_cdd_per_supply_days_daily,0.207212136094,days,daily,OBM v0.1.0
2013-09-06,obm_cdd_per_supply_days_daily,0.214259688585,days,daily,OBM v0.1.0
2013-09-07,obm_cdd_per_supply_days_daily,0.263458511872,days,daily,OBM v0.1.0
2013-09-08,obm_cdd_per_supply_days_daily,0.124392937992,days,daily,OBM v0.1.0
2013-09-09,obm_cdd_per_supply_days_daily,0.837098372256,days,daily,OBM v0.1.0
2013-09-10,obm_cdd_per_supply_days_daily,0.203889725796,days,daily,OBM v0.1.0
2013-09-11,obm_cdd_per_supply_days_daily,0.375897580553,days,daily,OBM v0.1.0
2013-09-12,obm_cdd_per_supply_days_daily,0.584780517173,days,daily,OBM v0.1.0
2013-09-13,obm_cdd_per_supply_days_daily,0.196280418271,days,daily,OBM v0.1.0
2013-09-14,obm_cdd_per_supply_days_daily,0.520447095759,days,daily,OBM v0.1.0
2013-09-15,obm_cdd_per_supply_days_daily,0.192531197188,days,daily,OBM v0.1.0
2013-09-16,obm_cdd_per_supply_days_daily,0.275939333251,days,daily,OBM v0.1.0
2013-09-17,obm_cdd_per_supply_days_daily,0.206373447757,days,daily,OBM v0.1.0
2013-09-18,obm_cdd_per_supply_days_daily,0.576282717946,days,daily,OBM v0.1.0
2013-09-19,obm_cdd_per_supply_days_daily,0.941335247937,days,daily,OBM v0.1.0
2013-09-20,obm_cdd_per_supply_days_daily,0.151660907415,days,daily,OBM v0.1.0
2013-09-21,obm_cdd_per_supply_days_daily,0.311807353631,days,daily,OBM v0.1.0
2013-09-22,obm_cdd_per_supply_days_daily,0.316858590617,days,daily,OBM v0.1.0
2013-09-23,obm_cdd_per_supply_days_daily,0.202089217118,days,daily,OBM v0.1.0
2013-09-24,obm_cdd_per_supply_days_daily,0.330827396599,days,daily,OBM v0.1.0
2013-09-25,obm_cdd_per_supply_days_daily,0.400496457489,days,daily,OBM v0.1.0
2013-09-26,obm_cdd_per_supply_days_daily,0.196760409477,days,daily,OBM v0.1.0
2013-09-27,obm_cdd_per_supply_days_daily,0.184546492368,days,daily,OBM v0.1.0
2013-09-28,obm_cdd_per_supply_days_daily,0.144405927594,days,daily,OBM v0.1.0
2013-09-29,obm_cdd_per_supply_days_daily,0.242926509459,days,daily,OBM v0.1.0
2013-09-30,obm_cdd_per_supply_days_daily,0.338554613083,days,daily,OBM v0.1.0
2013-10-01,obm_cdd_per_supply_days_daily,0.317867877632,days,daily,OBM v0.1.0
2013-10-02,obm_cdd_per_supply_days_daily,0.845021385565,days,daily,OBM v0.1.0
2013-10-03,obm_cdd_per_supply_days_daily,0.315492606249,days,daily,OBM v0.1.0
2013-10-04,obm_cdd_per_supply_days_daily,0.142666455551,days,daily,OBM v0.1.0
2013-10-05,obm_cdd_per_supply_days_daily,0.273146603092,days,daily,OBM v0.1.0
2013-10-06,obm_cdd_per_supply_days_daily,0.215149049593,days,daily,OBM v0.1.0
2013-10-07,obm_cdd_per_supply_days_daily,1.625946429642,days,daily,OBM v0.1.0
2013-10-08,obm_cdd_per_supply_days_daily,0.178048133553,days,daily,OBM v0.1.0
2013-10-09,obm_cdd_per_supply_days_daily,0.607676569533,days,daily,OBM v0.1.0
2013-10-10,obm_cdd_per_supply_days_daily,0.283214923640,days,daily,OBM v0.1.0
2013-10-11,obm_cdd_per_supply_days_daily,0.247574926251,days,daily,OBM v0.1.0
2013-10-12,obm_cdd_per_supply_days_daily,0.151294052483,days,daily,OBM v0.1.0
2013-10-13,obm_cdd_per_supply_days_daily,0.267072514190,days,daily,OBM v0.1.0
2013-10-14,obm_cdd_per_supply_days_daily,0.309545248772,days,daily,OBM v0.1.0
2013-10-15,obm_cdd_per_supply_days_daily,0.343728032630,days,daily,OBM v0.1.0
2013-10-16,obm_cdd_per_supply_days_daily,1.184338769914,days,daily,OBM v0.1.0
2013-10-17,obm_cdd_per_supply_days_daily,0.363746067955,days,daily,OBM v0.1.0
2013-10-18,obm_cdd_per_supply_days_daily,0.373341858271,days,daily,OBM v0.1.0
2013-10-19,obm_cdd_per_supply_days_daily,0.587085686174,days,daily,OBM v0.1.0
2013-10-20,obm_cdd_per_supply_days_daily,0.491370044929,days,daily,OBM v0.1.0
2013-10-21,obm_cdd_per_supply_days_daily,3.402943355381,days,daily,OBM v0.1.0
2013-10-22,obm_cdd_per_supply_days_daily,1.579209808030,days,daily,OBM v0.1.0
2013-10-23,obm_cdd_per_supply_days_daily,1.623770412548,days,daily,OBM v0.1.0
2013-10-24,obm_cdd_per_supply_days_daily,0.577239497187,days,daily,OBM v0.1.0
2013-10-25,obm_cdd_per_supply_days_daily,4.727450919101,days,daily,OBM v0.1.0
2013-10-26,obm_cdd_per_supply_days_daily,0.370401901954,days,daily,OBM v0.1.0
2013-10-27,obm_cdd_per_supply_days_daily,0.456252149200,days,daily,OBM v0.1.0
2013-10-28,obm_cdd_per_supply_days_daily,0.260136247002,days,daily,OBM v0.1.0
2013-10-29,obm_cdd_per_supply_days_daily,0.657747326439,days,daily,OBM v0.1.0
2013-10-30,obm_cdd_per_supply_days_daily,0.264185629354,days,daily,OBM v0.1.0
2013-10-31,obm_cdd_per_supply_days_daily,0.576146110014,days,daily,OBM v0.1.0
2013-11-01,obm_cdd_per_supply_days_daily,0.458836910232,days,daily,OBM v0.1.0
2013-11-02,obm_cdd_per_supply_days_daily,0.232776350680,days,daily,OBM v0.1.0
2013-11-03,obm_cdd_per_supply_days_daily,0.379872034172,days,daily,OBM v0.1.0
2013-11-04,obm_cdd_per_supply_days_daily,1.385513793927,days,daily,OBM v0.1.0
2013-11-05,obm_cdd_per_supply_days_daily,1.091317123502,days,daily,OBM v0.1.0
2013-11-06,obm_cdd_per_supply_days_daily,0.697421180122,days,daily,OBM v0.1.0
2013-11-07,obm_cdd_per_supply_days_daily,1.720626070878,days,daily,OBM v0.1.0
2013-11-08,obm_cdd_per_supply_days_daily,1.172682166057,days,daily,OBM v0.1.0
2013-11-09,obm_cdd_per_supply_days_daily,1.044631472727,days,daily,OBM v0.1.0
2013-11-10,obm_cdd_per_supply_days_daily,0.999474662007,days,daily,OBM v0.1.0
2013-11-11,obm_cdd_per_supply_days_daily,1.017535287314,days,daily,OBM v0.1.0
2013-11-12,obm_cdd_per_supply_days_daily,1.137634238341,days,daily,OBM v0.1.0
2013-11-13,obm_cdd_per_supply_days_daily,1.342392659118,days,daily,OBM v0.1.0
2013-11-14,obm_cdd_per_supply_days_daily,1.913697190008,days,daily,OBM v0.1.0
2013-11-15,obm_cdd_per_supply_days_daily,1.314358085524,days,daily,OBM v0.1.0
2013-11-16,obm_cdd_per_supply_days_daily,1.046698270740,days,daily,OBM v0.1.0
2013-11-17,obm_cdd_per_supply_days_daily,1.564258966701,days,daily,OBM v0.1.0
2013-11-18,obm_cdd_per_supply_days_daily,1.841254139387,days,daily,OBM v0.1.0
2013-11-19,obm_cdd_per_supply_days_daily,2.099476335304,days,daily,OBM v0.1.0
2013-11-20,obm_cdd_per_supply_days_daily,2.076563524745,days,daily,OBM v0.1.0
2013-11-21,obm_cdd_per_supply_days_daily,0.872950290100,days,daily,OBM v0.1.0
2013-11-22,obm_cdd_per_supply_days_daily,1.307134410444,days,daily,OBM v0.1.0
2013-11-23,obm_cdd_per_supply_days_daily,1.283206073369,days,daily,OBM v0.1.0
2013-11-24,obm_cdd_per_supply_days_daily,0.790825664687,days,daily,OBM v0.1.0
2013-11-25,obm_cdd_per_supply_days_daily,3.365802464340,days,daily,OBM v0.1.0
2013-11-26,obm_cdd_per_supply_days_daily,3.808887727669,days,daily,OBM v0.1.0
2013-11-27,obm_cdd_per_supply_days_daily,2.182977555218,days,daily,OBM v0.1.0
2013-11-28,obm_cdd_per_supply_days_daily,1.910931692658,days,daily,OBM v0.1.0
2013-11-29,obm_cdd_per_supply_days_daily,1.424896320402,days,daily,OBM v0.1.0
2013-11-30,obm_cdd_per_supply_days_daily,0.712065087478,days,daily,OBM v0.1.0
2013-12-01,obm_cdd_per_supply_days_daily,0.778367523790,days,daily,OBM v0.1.0
2013-12-02,obm_cdd_per_supply_days_daily,0.935505156397,days,daily,OBM v0.1.0
2013-12-03,obm_cdd_per_supply_days_daily,0.664224058248,days,daily,OBM v0.1.0
2013-12-04,obm_cdd_per_supply_days_daily,0.558971382032,days,daily,OBM v0.1.0
2013-12-05,obm_cdd_per_supply_days_daily,0.741545049914,days,daily,OBM v0.1.0
2013-12-06,obm_cdd_per_supply_days_daily,0.658356433861,days,daily,OBM v0.1.0
2013-12-07,obm_cdd_per_supply_days_daily,0.780185919155,days,daily,OBM v0.1.0
2013-12-08,obm_cdd_per_supply_days_daily,0.268560698682,days,daily,OBM v0.1.0
2013-12-09,obm_cdd_per_supply_days_daily,0.304836382587,days,daily,OBM v0.1.0
2013-12-10,obm_cdd_per_supply_days_daily,0.375883687408,days,daily,OBM v0.1.0
2013-12-11,obm_cdd_per_supply_days_daily,0.634910324731,days,daily,OBM v0.1.0
2013-12-12,obm_cdd_per_supply_days_daily,0.272999652983,days,daily,OBM v0.1.0
2013-12-13,obm_cdd_per_supply_days_daily,0.414784275762,days,daily,OBM v0.1.0
2013-12-14,obm_cdd_per_supply_days_daily,0.484360850581,days,daily,OBM v0.1.0
2013-12-15,obm_cdd_per_supply_days_daily,0.474176745838,days,daily,OBM v0.1.0
2013-12-16,obm_cdd_per_supply_days_daily,1.166194273270,days,daily,OBM v0.1.0
2013-12-17,obm_cdd_per_supply_days_daily,0.432917227552,days,daily,OBM v0.1.0
2013-12-18,obm_cdd_per_supply_days_daily,1.645812397386,days,daily,OBM v0.1.0
2013-12-19,obm_cdd_per_supply_days_daily,0.399122727516,days,daily,OBM v0.1.0
2013-12-20,obm_cdd_per_supply_days_daily,0.988878522103,days,daily,OBM v0.1.0
2013-12-21,obm_cdd_per_supply_days_daily,10.357050949972,days,daily,OBM v0.1.0
2013-12-22,obm_cdd_per_supply_days_daily,0.307474466410,days,daily,OBM v0.1.0
2013-12-23,obm_cdd_per_supply_days_daily,0.249728184616,days,daily,OBM v0.1.0
2013-12-24,obm_cdd_per_supply_days_daily,0.497155874071,days,daily,OBM v0.1.0
2013-12-25,obm_cdd_per_supply_days_daily,2.350304252868,days,daily,OBM v0.1.0
2013-12-26,obm_cdd_per_supply_days_daily,0.222045931114,days,daily,OBM v0.1.0
2013-12-27,obm_cdd_per_supply_days_daily,0.846654298842,days,daily,OBM v0.1.0
2013-12-28,obm_cdd_per_supply_days_daily,0.084523938858,days,daily,OBM v0.1.0
2013-12-29,obm_cdd_per_supply_days_daily,0.236471651614,days,daily,OBM v0.1.0
2013-12-30,obm_cdd_per_supply_days_daily,0.183554513708,days,daily,OBM v0.1.0
2013-12-31,obm_cdd_per_supply_days_daily,0.198042837423,days,daily,OBM v0.1.0
2014-01-01,obm_cdd_per_supply_days_daily,0.168671433280,days,daily,OBM v0.1.0
2014-01-02,obm_cdd_per_supply_days_daily,0.330012419328,days,daily,OBM v0.1.0
2014-01-03,obm_cdd_per_supply_days_daily,0.340568617496,days,daily,OBM v0.1.0
2014-01-04,obm_cdd_per_supply_days_daily,0.977207570897,days,daily,OBM v0.1.0
2014-01-05,obm_cdd_per_supply_days_daily,0.634171304498,days,daily,OBM v0.1.0
2014-01-06,obm_cdd_per_supply_days_daily,0.306116123782,days,daily,OBM v0.1.0
2014-01-07,obm_cdd_per_supply_days_daily,0.357160331135,days,daily,OBM v0.1.0
2014-01-08,obm_cdd_per_supply_days_daily,0.638782830300,days,daily,OBM v0.1.0
2014-01-09,obm_cdd_per_supply_days_daily,0.225913985780,days,daily,OBM v0.1.0
2014-01-10,obm_cdd_per_supply_days_daily,0.182569634687,days,daily,OBM v0.1.0
2014-01-11,obm_cdd_per_supply_days_daily,1.167696312712,days,daily,OBM v0.1.0
2014-01-12,obm_cdd_per_supply_days_daily,0.454365375674,days,daily,OBM v0.1.0
2014-01-13,obm_cdd_per_supply_days_daily,0.249304640488,days,daily,OBM v0.1.0
2014-01-14,obm_cdd_per_supply_days_daily,0.677360514169,days,daily,OBM v0.1.0
2014-01-15,obm_cdd_per_supply_days_daily,0.406335860014,days,daily,OBM v0.1.0
2014-01-16,obm_cdd_per_supply_days_daily,0.416190732913,days,daily,OBM v0.1.0
2014-01-17,obm_cdd_per_supply_days_daily,0.222089557135,days,daily,OBM v0.1.0
2014-01-18,obm_cdd_per_supply_days_daily,0.166445759151,days,daily,OBM v0.1.0
2014-01-19,obm_cdd_per_supply_days_daily,0.450310863065,days,daily,OBM v0.1.0
2014-01-20,obm_cdd_per_supply_days_daily,0.277649480768,days,daily,OBM v0.1.0
2014-01-21,obm_cdd_per_supply_days_daily,0.281407176873,days,daily,OBM v0.1.0
2014-01-22,obm_cdd_per_supply_days_daily,0.449687122705,days,daily,OBM v0.1.0
2014-01-23,obm_cdd_per_supply_days_daily,0.186167130690,days,daily,OBM v0.1.0
2014-01-24,obm_cdd_per_supply_days_daily,0.426391123741,days,daily,OBM v0.1.0
2014-01-25,obm_cdd_per_supply_days_daily,0.301065988047,days,daily,OBM v0.1.0
2014-01-26,obm_cdd_per_supply_days_daily,0.140851501584,days,daily,OBM v0.1.0
2014-01-27,obm_cdd_per_supply_days_daily,0.418733048465,days,daily,OBM v0.1.0
2014-01-28,obm_cdd_per_supply_days_daily,0.233233074992,days,daily,OBM v0.1.0
2014-01-29,obm_cdd_per_supply_days_daily,0.352713216744,days,daily,OBM v0.1.0
2014-01-30,obm_cdd_per_supply_days_daily,0.314140520723,days,daily,OBM v0.1.0
2014-01-31,obm_cdd_per_supply_days_daily,0.162620452080,days,daily,OBM v0.1.0
2014-02-01,obm_cdd_per_supply_days_daily,0.372401039490,days,daily,OBM v0.1.0
2014-02-02,obm_cdd_per_supply_days_daily,0.207477610020,days,daily,OBM v0.1.0
2014-02-03,obm_cdd_per_supply_days_daily,0.141659144692,days,daily,OBM v0.1.0
2014-02-04,obm_cdd_per_supply_days_daily,0.355559125678,days,daily,OBM v0.1.0
2014-02-05,obm_cdd_per_supply_days_daily,11.616732528154,days,daily,OBM v0.1.0
2014-02-06,obm_cdd_per_supply_days_daily,0.699259266200,days,daily,OBM v0.1.0
2014-02-07,obm_cdd_per_supply_days_daily,0.446730424733,days,daily,OBM v0.1.0
2014-02-08,obm_cdd_per_supply_days_daily,0.239004226314,days,daily,OBM v0.1.0
2014-02-09,obm_cdd_per_supply_days_daily,0.268252590945,days,daily,OBM v0.1.0
2014-02-10,obm_cdd_per_supply_days_daily,0.461044456399,days,daily,OBM v0.1.0
2014-02-11,obm_cdd_per_supply_days_daily,0.399646153185,days,daily,OBM v0.1.0
2014-02-12,obm_cdd_per_supply_days_daily,0.459770977104,days,daily,OBM v0.1.0
2014-02-13,obm_cdd_per_supply_days_daily,0.239997395848,days,daily,OBM v0.1.0
2014-02-14,obm_cdd_per_supply_days_daily,0.321970527325,days,daily,OBM v0.1.0
2014-02-15,obm_cdd_per_supply_days_daily,0.217797055293,days,daily,OBM v0.1.0
2014-02-16,obm_cdd_per_supply_days_daily,0.335176330609,days,daily,OBM v0.1.0
2014-02-17,obm_cdd_per_supply_days_daily,0.179694982029,days,daily,OBM v0.1.0
2014-02-18,obm_cdd_per_supply_days_daily,0.688219084130,days,daily,OBM v0.1.0
2014-02-19,obm_cdd_per_supply_days_daily,0.200147603855,days,daily,OBM v0.1.0
2014-02-20,obm_cdd_per_supply_days_daily,0.505388957739,days,daily,OBM v0.1.0
2014-02-21,obm_cdd_per_supply_days_daily,0.273622491356,days,daily,OBM v0.1.0
2014-02-22,obm_cdd_per_supply_days_daily,0.120700429430,days,daily,OBM v0.1.0
2014-02-23,obm_cdd_per_supply_days_daily,0.270663100983,days,daily,OBM v0.1.0
2014-02-24,obm_cdd_per_supply_days_daily,0.529208199673,days,daily,OBM v0.1.0
2014-02-25,obm_cdd_per_supply_days_daily,1.060803082481,days,daily,OBM v0.1.0
2014-02-26,obm_cdd_per_supply_days_daily,0.223949547411,days,daily,OBM v0.1.0
2014-02-27,obm_cdd_per_supply_days_daily,0.251938186759,days,daily,OBM v0.1.0
2014-02-28,obm_cdd_per_supply_days_daily,0.898309814341,days,daily,OBM v0.1.0
2014-03-01,obm_cdd_per_supply_days_daily,0.980404677789,days,daily,OBM v0.1.0
2014-03-02,obm_cdd_per_supply_days_daily,0.399241237226,days,daily,OBM v0.1.0
2014-03-03,obm_cdd_per_supply_days_daily,0.608357121679,days,daily,OBM v0.1.0
2014-03-04,obm_cdd_per_supply_days_daily,0.402130351770,days,daily,OBM v0.1.0
2014-03-05,obm_cdd_per_supply_days_daily,0.558958949652,days,daily,OBM v0.1.0
2014-03-06,obm_cdd_per_supply_days_daily,0.316051668542,days,daily,OBM v0.1.0
2014-03-07,obm_cdd_per_supply_days_daily,13.848681667023,days,daily,OBM v0.1.0
2014-03-08,obm_cdd_per_supply_days_daily,0.288574704692,days,daily,OBM v0.1.0
2014-03-09,obm_cdd_per_supply_days_daily,8.208502964264,days,daily,OBM v0.1.0
2014-03-10,obm_cdd_per_supply_days_daily,1.238359735944,days,daily,OBM v0.1.0
2014-03-11,obm_cdd_per_supply_days_daily,0.466654529231,days,daily,OBM v0.1.0
2014-03-12,obm_cdd_per_supply_days_daily,0.588284818367,days,daily,OBM v0.1.0
2014-03-13,obm_cdd_per_supply_days_daily,0.308816232400,days,daily,OBM v0.1.0
2014-03-14,obm_cdd_per_supply_days_daily,0.184799282250,days,daily,OBM v0.1.0
2014-03-15,obm_cdd_per_supply_days_daily,0.147733809262,days,daily,OBM v0.1.0
2014-03-16,obm_cdd_per_supply_days_daily,0.172271299552,days,daily,OBM v0.1.0
2014-03-17,obm_cdd_per_supply_days_daily,0.239065955727,days,daily,OBM v0.1.0
2014-03-18,obm_cdd_per_supply_days_daily,0.462633181963,days,daily,OBM v0.1.0
2014-03-19,obm_cdd_per_supply_days_daily,0.517373156328,days,daily,OBM v0.1.0
2014-03-20,obm_cdd_per_supply_days_daily,0.521190582648,days,daily,OBM v0.1.0
2014-03-21,obm_cdd_per_supply_days_daily,1.182384914452,days,daily,OBM v0.1.0
2014-03-22,obm_cdd_per_supply_days_daily,0.411867254609,days,daily,OBM v0.1.0
2014-03-23,obm_cdd_per_supply_days_daily,0.138767422528,days,daily,OBM v0.1.0
2014-03-24,obm_cdd_per_supply_days_daily,0.310184068752,days,daily,OBM v0.1.0
2014-03-25,obm_cdd_per_supply_days_daily,0.340422060562,days,daily,OBM v0.1.0
2014-03-26,obm_cdd_per_supply_days_daily,0.227076915282,days,daily,OBM v0.1.0
2014-03-27,obm_cdd_per_supply_days_daily,0.490768590508,days,daily,OBM v0.1.0
2014-03-28,obm_cdd_per_supply_days_daily,0.477233087419,days,daily,OBM v0.1.0
2014-03-29,obm_cdd_per_supply_days_daily,0.205099288414,days,daily,OBM v0.1.0
2014-03-30,obm_cdd_per_supply_days_daily,0.329987041523,days,daily,OBM v0.1.0
2014-03-31,obm_cdd_per_supply_days_daily,0.297627231464,days,daily,OBM v0.1.0
2014-04-01,obm_cdd_per_supply_days_daily,0.214599714006,days,daily,OBM v0.1.0
2014-04-02,obm_cdd_per_supply_days_daily,0.204621102716,days,daily,OBM v0.1.0
2014-04-03,obm_cdd_per_supply_days_daily,1.085897833566,days,daily,OBM v0.1.0
2014-04-04,obm_cdd_per_supply_days_daily,0.121657055183,days,daily,OBM v0.1.0
2014-04-05,obm_cdd_per_supply_days_daily,0.905053819156,days,daily,OBM v0.1.0
2014-04-06,obm_cdd_per_supply_days_daily,0.623329270217,days,daily,OBM v0.1.0
2014-04-07,obm_cdd_per_supply_days_daily,0.154846445787,days,daily,OBM v0.1.0
2014-04-08,obm_cdd_per_supply_days_daily,0.120102889210,days,daily,OBM v0.1.0
2014-04-09,obm_cdd_per_supply_days_daily,0.777535861148,days,daily,OBM v0.1.0
2014-04-10,obm_cdd_per_supply_days_daily,0.641804334525,days,daily,OBM v0.1.0
2014-04-11,obm_cdd_per_supply_days_daily,0.413806432951,days,daily,OBM v0.1.0
2014-04-12,obm_cdd_per_supply_days_daily,0.086413335729,days,daily,OBM v0.1.0
2014-04-13,obm_cdd_per_supply_days_daily,0.124836422019,days,daily,OBM v0.1.0
2014-04-14,obm_cdd_per_supply_days_daily,0.240387442974,days,daily,OBM v0.1.0
2014-04-15,obm_cdd_per_supply_days_daily,0.294011910283,days,daily,OBM v0.1.0
2014-04-16,obm_cdd_per_supply_days_daily,1.419082302945,days,daily,OBM v0.1.0
2014-04-17,obm_cdd_per_supply_days_daily,0.457218989967,days,daily,OBM v0.1.0
2014-04-18,obm_cdd_per_supply_days_daily,0.210052588619,days,daily,OBM v0.1.0
2014-04-19,obm_cdd_per_supply_days_daily,0.081515413112,days,daily,OBM v0.1.0
2014-04-20,obm_cdd_per_supply_days_daily,0.211250424318,days,daily,OBM v0.1.0
2014-04-21,obm_cdd_per_supply_days_daily,0.146777481164,days,daily,OBM v0.1.0
2014-04-22,obm_cdd_per_supply_days_daily,0.263336378003,days,daily,OBM v0.1.0
2014-04-23,obm_cdd_per_supply_days_daily,0.439670714435,days,daily,OBM v0.1.0
2014-04-24,obm_cdd_per_supply_days_daily,0.244183047806,days,daily,OBM v0.1.0
2014-04-25,obm_cdd_per_supply_days_daily,0.189559563194,days,daily,OBM v0.1.0
2014-04-26,obm_cdd_per_supply_days_daily,0.110503303361,days,daily,OBM v0.1.0
2014-04-27,obm_cdd_per_supply_days_daily,0.131672647892,days,daily,OBM v0.1.0
2014-04-28,obm_cdd_per_supply_days_daily,0.223345303950,days,daily,OBM v0.1.0
2014-04-29,obm_cdd_per_supply_days_daily,0.295256519119,days,daily,OBM v0.1.0
2014-04-30,obm_cdd_per_supply_days_daily,0.153691117189,days,daily,OBM v0.1.0
2014-05-01,obm_cdd_per_supply_days_daily,0.154669922783,days,daily,OBM v0.1.0
2014-05-02,obm_cdd_per_supply_days_daily,0.172725935146,days,daily,OBM v0.1.0
2014-05-03,obm_cdd_per_supply_days_daily,0.082519258045,days,daily,OBM v0.1.0
2014-05-04,obm_cdd_per_supply_days_daily,0.103662101131,days,daily,OBM v0.1.0
2014-05-05,obm_cdd_per_supply_days_daily,0.241338851975,days,daily,OBM v0.1.0
2014-05-06,obm_cdd_per_supply_days_daily,0.177699464883,days,daily,OBM v0.1.0
2014-05-07,obm_cdd_per_supply_days_daily,0.223376188434,days,daily,OBM v0.1.0
2014-05-08,obm_cdd_per_supply_days_daily,0.171186606087,days,daily,OBM v0.1.0
2014-05-09,obm_cdd_per_supply_days_daily,0.114756108215,days,daily,OBM v0.1.0
2014-05-10,obm_cdd_per_supply_days_daily,0.123200031367,days,daily,OBM v0.1.0
2014-05-11,obm_cdd_per_supply_days_daily,0.130356894060,days,daily,OBM v0.1.0
2014-05-12,obm_cdd_per_supply_days_daily,0.131163921332,days,daily,OBM v0.1.0
2014-05-13,obm_cdd_per_supply_days_daily,0.115156551743,days,daily,OBM v0.1.0
2014-05-14,obm_cdd_per_supply_days_daily,0.582724144345,days,daily,OBM v0.1.0
2014-05-15,obm_cdd_per_supply_days_daily,0.178857221192,days,daily,OBM v0.1.0
2014-05-16,obm_cdd_per_supply_days_daily,0.128331016326,days,daily,OBM v0.1.0
2014-05-17,obm_cdd_per_supply_days_daily,0.087455465828,days,daily,OBM v0.1.0
2014-05-18,obm_cdd_per_supply_days_daily,0.160058835597,days,daily,OBM v0.1.0
2014-05-19,obm_cdd_per_supply_days_daily,0.194806851549,days,daily,OBM v0.1.0
2014-05-20,obm_cdd_per_supply_days_daily,0.252946082271,days,daily,OBM v0.1.0
2014-05-21,obm_cdd_per_supply_days_daily,0.225656782996,days,daily,OBM v0.1.0
2014-05-22,obm_cdd_per_supply_days_daily,0.261748700345,days,daily,OBM v0.1.0
2014-05-23,obm_cdd_per_supply_days_daily,0.221667213526,days,daily,OBM v0.1.0
2014-05-24,obm_cdd_per_supply_days_daily,0.897892028847,days,daily,OBM v0.1.0
2014-05-25,obm_cdd_per_supply_days_daily,0.522827993869,days,daily,OBM v0.1.0
2014-05-26,obm_cdd_per_supply_days_daily,0.327938690827,days,daily,OBM v0.1.0
2014-05-27,obm_cdd_per_supply_days_daily,2.290371495304,days,daily,OBM v0.1.0
2014-05-28,obm_cdd_per_supply_days_daily,0.245302635833,days,daily,OBM v0.1.0
2014-05-29,obm_cdd_per_supply_days_daily,0.191643297518,days,daily,OBM v0.1.0
2014-05-30,obm_cdd_per_supply_days_daily,0.419520571253,days,daily,OBM v0.1.0
2014-05-31,obm_cdd_per_supply_days_daily,0.452944573517,days,daily,OBM v0.1.0
2014-06-01,obm_cdd_per_supply_days_daily,0.352623552930,days,daily,OBM v0.1.0
2014-06-02,obm_cdd_per_supply_days_daily,0.342106452096,days,daily,OBM v0.1.0
2014-06-03,obm_cdd_per_supply_days_daily,0.279714969168,days,daily,OBM v0.1.0
2014-06-04,obm_cdd_per_supply_days_daily,0.310526411862,days,daily,OBM v0.1.0
2014-06-05,obm_cdd_per_supply_days_daily,0.227673220301,days,daily,OBM v0.1.0
2014-06-06,obm_cdd_per_supply_days_daily,0.277561164000,days,daily,OBM v0.1.0
2014-06-07,obm_cdd_per_supply_days_daily,0.159353570064,days,daily,OBM v0.1.0
2014-06-08,obm_cdd_per_supply_days_daily,0.196786551574,days,daily,OBM v0.1.0
2014-06-09,obm_cdd_per_supply_days_daily,0.467143156308,days,daily,OBM v0.1.0
2014-06-10,obm_cdd_per_supply_days_daily,0.846678450070,days,daily,OBM v0.1.0
2014-06-11,obm_cdd_per_supply_days_daily,1.021671025175,days,daily,OBM v0.1.0
2014-06-12,obm_cdd_per_supply_days_daily,3.931440769754,days,daily,OBM v0.1.0
2014-06-13,obm_cdd_per_supply_days_daily,0.337398905168,days,daily,OBM v0.1.0
2014-06-14,obm_cdd_per_supply_days_daily,0.122846186903,days,daily,OBM v0.1.0
2014-06-15,obm_cdd_per_supply_days_daily,0.091794810601,days,daily,OBM v0.1.0
2014-06-16,obm_cdd_per_supply_days_daily,0.275051806116,days,daily,OBM v0.1.0
2014-06-17,obm_cdd_per_supply_days_daily,0.174634307861,days,daily,OBM v0.1.0
2014-06-18,obm_cdd_per_supply_days_daily,0.190565335084,days,daily,OBM v0.1.0
2014-06-19,obm_cdd_per_supply_days_daily,0.214750616224,days,daily,OBM v0.1.0
2014-06-20,obm_cdd_per_supply_days_daily,0.164722997458,days,daily,OBM v0.1.0
2014-06-21,obm_cdd_per_supply_days_daily,0.130990725702,days,daily,OBM v0.1.0
2014-06-22,obm_cdd_per_supply_days_daily,0.164301328039,days,daily,OBM v0.1.0
2014-06-23,obm_cdd_per_supply_days_daily,0.347995914663,days,daily,OBM v0.1.0
2014-06-24,obm_cdd_per_supply_days_daily,0.600653216829,days,daily,OBM v0.1.0
2014-06-25,obm_cdd_per_supply_days_daily,0.137300028722,days,daily,OBM v0.1.0
2014-06-26,obm_cdd_per_supply_days_daily,0.322178162091,days,daily,OBM v0.1.0
2014-06-27,obm_cdd_per_supply_days_daily,0.185816576431,days,daily,OBM v0.1.0
2014-06-28,obm_cdd_per_supply_days_daily,0.087358074831,days,daily,OBM v0.1.0
2014-06-29,obm_cdd_per_supply_days_daily,1.057290200502,days,daily,OBM v0.1.0
2014-06-30,obm_cdd_per_supply_days_daily,0.419100248925,days,daily,OBM v0.1.0
2014-07-01,obm_cdd_per_supply_days_daily,0.364128841724,days,daily,OBM v0.1.0
2014-07-02,obm_cdd_per_supply_days_daily,0.467004427230,days,daily,OBM v0.1.0
2014-07-03,obm_cdd_per_supply_days_daily,0.427682585799,days,daily,OBM v0.1.0
2014-07-04,obm_cdd_per_supply_days_daily,0.146473186813,days,daily,OBM v0.1.0
2014-07-05,obm_cdd_per_supply_days_daily,0.166067837773,days,daily,OBM v0.1.0
2014-07-06,obm_cdd_per_supply_days_daily,0.122149813687,days,daily,OBM v0.1.0
2014-07-07,obm_cdd_per_supply_days_daily,0.189939886538,days,daily,OBM v0.1.0
2014-07-08,obm_cdd_per_supply_days_daily,0.087551189951,days,daily,OBM v0.1.0
2014-07-09,obm_cdd_per_supply_days_daily,0.501725670976,days,daily,OBM v0.1.0
2014-07-10,obm_cdd_per_supply_days_daily,0.238093213803,days,daily,OBM v0.1.0
2014-07-11,obm_cdd_per_supply_days_daily,0.112741806579,days,daily,OBM v0.1.0
2014-07-12,obm_cdd_per_supply_days_daily,0.162235480810,days,daily,OBM v0.1.0
2014-07-13,obm_cdd_per_supply_days_daily,0.104947812753,days,daily,OBM v0.1.0
2014-07-14,obm_cdd_per_supply_days_daily,0.152011590757,days,daily,OBM v0.1.0
2014-07-15,obm_cdd_per_supply_days_daily,0.178515079167,days,daily,OBM v0.1.0
2014-07-16,obm_cdd_per_supply_days_daily,0.138648005069,days,daily,OBM v0.1.0
2014-07-17,obm_cdd_per_supply_days_daily,0.252311739223,days,daily,OBM v0.1.0
2014-07-18,obm_cdd_per_supply_days_daily,0.234932552771,days,daily,OBM v0.1.0
2014-07-19,obm_cdd_per_supply_days_daily,0.305414069722,days,daily,OBM v0.1.0
2014-07-20,obm_cdd_per_supply_days_daily,0.209224967448,days,daily,OBM v0.1.0
2014-07-21,obm_cdd_per_supply_days_daily,0.433753650152,days,daily,OBM v0.1.0
2014-07-22,obm_cdd_per_supply_days_daily,0.225056390192,days,daily,OBM v0.1.0
2014-07-23,obm_cdd_per_supply_days_daily,0.562941530599,days,daily,OBM v0.1.0
2014-07-24,obm_cdd_per_supply_days_daily,0.346663423229,days,daily,OBM v0.1.0
2014-07-25,obm_cdd_per_supply_days_daily,0.220519218606,days,daily,OBM v0.1.0
2014-07-26,obm_cdd_per_supply_days_daily,0.141554925818,days,daily,OBM v0.1.0
2014-07-27,obm_cdd_per_supply_days_daily,0.207654109532,days,daily,OBM v0.1.0
2014-07-28,obm_cdd_per_supply_days_daily,0.385825931045,days,daily,OBM v0.1.0
2014-07-29,obm_cdd_per_supply_days_daily,0.285388779370,days,daily,OBM v0.1.0
2014-07-30,obm_cdd_per_supply_days_daily,0.332963474155,days,daily,OBM v0.1.0
2014-07-31,obm_cdd_per_supply_days_daily,0.254281024849,days,daily,OBM v0.1.0
2014-08-01,obm_cdd_per_supply_days_daily,0.588882176295,days,daily,OBM v0.1.0
2014-08-02,obm_cdd_per_supply_days_daily,0.209511541372,days,daily,OBM v0.1.0
2014-08-03,obm_cdd_per_supply_days_daily,0.158412897794,days,daily,OBM v0.1.0
2014-08-04,obm_cdd_per_supply_days_daily,0.548276328134,days,daily,OBM v0.1.0
2014-08-05,obm_cdd_per_supply_days_daily,1.963028201951,days,daily,OBM v0.1.0
2014-08-06,obm_cdd_per_supply_days_daily,0.326958224932,days,daily,OBM v0.1.0
2014-08-07,obm_cdd_per_supply_days_daily,0.303816908156,days,daily,OBM v0.1.0
2014-08-08,obm_cdd_per_supply_days_daily,0.169614632424,days,daily,OBM v0.1.0
2014-08-09,obm_cdd_per_supply_days_daily,0.195526481531,days,daily,OBM v0.1.0
2014-08-10,obm_cdd_per_supply_days_daily,0.172482072652,days,daily,OBM v0.1.0
2014-08-11,obm_cdd_per_supply_days_daily,0.190868741087,days,daily,OBM v0.1.0
2014-08-12,obm_cdd_per_supply_days_daily,0.252714073376,days,daily,OBM v0.1.0
2014-08-13,obm_cdd_per_supply_days_daily,0.330924295957,days,daily,OBM v0.1.0
2014-08-14,obm_cdd_per_supply_days_daily,0.266895156470,days,daily,OBM v0.1.0
2014-08-15,obm_cdd_per_supply_days_daily,0.334191371357,days,daily,OBM v0.1.0
2014-08-16,obm_cdd_per_supply_days_daily,0.206350158944,days,daily,OBM v0.1.0
2014-08-17,obm_cdd_per_supply_days_daily,0.254675038273,days,daily,OBM v0.1.0
2014-08-18,obm_cdd_per_supply_days_daily,0.472168517653,days,daily,OBM v0.1.0
2014-08-19,obm_cdd_per_supply_days_daily,0.244856138004,days,daily,OBM v0.1.0
2014-08-20,obm_cdd_per_supply_days_daily,0.219515056641,days,daily,OBM v0.1.0
2014-08-21,obm_cdd_per_supply_days_daily,0.615460787926,days,daily,OBM v0.1.0
2014-08-22,obm_cdd_per_supply_days_daily,0.349183908769,days,daily,OBM v0.1.0
2014-08-23,obm_cdd_per_supply_days_daily,0.635249362683,days,daily,OBM v0.1.0
2014-08-24,obm_cdd_per_supply_days_daily,0.139677757324,days,daily,OBM v0.1.0
2014-08-25,obm_cdd_per_supply_days_daily,0.497573008572,days,daily,OBM v0.1.0
2014-08-26,obm_cdd_per_supply_days_daily,0.273217841953,days,daily,OBM v0.1.0
2014-08-27,obm_cdd_per_supply_days_daily,0.198766278997,days,daily,OBM v0.1.0
2014-08-28,obm_cdd_per_supply_days_daily,0.892614118348,days,daily,OBM v0.1.0
2014-08-29,obm_cdd_per_supply_days_daily,0.760978999394,days,daily,OBM v0.1.0
2014-08-30,obm_cdd_per_supply_days_daily,0.200812596021,days,daily,OBM v0.1.0
2014-08-31,obm_cdd_per_supply_days_daily,0.261186120255,days,daily,OBM v0.1.0
2014-09-01,obm_cdd_per_supply_days_daily,0.452730485510,days,daily,OBM v0.1.0
2014-09-02,obm_cdd_per_supply_days_daily,0.302670590069,days,daily,OBM v0.1.0
2014-09-03,obm_cdd_per_supply_days_daily,0.257527540498,days,daily,OBM v0.1.0
2014-09-04,obm_cdd_per_supply_days_daily,0.385689475476,days,daily,OBM v0.1.0
2014-09-05,obm_cdd_per_supply_days_daily,0.440230613786,days,daily,OBM v0.1.0
2014-09-06,obm_cdd_per_supply_days_daily,0.702244419559,days,daily,OBM v0.1.0
2014-09-07,obm_cdd_per_supply_days_daily,0.299884794818,days,daily,OBM v0.1.0
2014-09-08,obm_cdd_per_supply_days_daily,0.163015124488,days,daily,OBM v0.1.0
2014-09-09,obm_cdd_per_supply_days_daily,0.768395306050,days,daily,OBM v0.1.0
2014-09-10,obm_cdd_per_supply_days_daily,0.370114296134,days,daily,OBM v0.1.0
2014-09-11,obm_cdd_per_supply_days_daily,0.266312490440,days,daily,OBM v0.1.0
2014-09-12,obm_cdd_per_supply_days_daily,0.305897382258,days,daily,OBM v0.1.0
2014-09-13,obm_cdd_per_supply_days_daily,0.129231282900,days,daily,OBM v0.1.0
2014-09-14,obm_cdd_per_supply_days_daily,0.145737930404,days,daily,OBM v0.1.0
2014-09-15,obm_cdd_per_supply_days_daily,0.420790302302,days,daily,OBM v0.1.0
2014-09-16,obm_cdd_per_supply_days_daily,0.184979298274,days,daily,OBM v0.1.0
2014-09-17,obm_cdd_per_supply_days_daily,0.307656983264,days,daily,OBM v0.1.0
2014-09-18,obm_cdd_per_supply_days_daily,0.494825227484,days,daily,OBM v0.1.0
2014-09-19,obm_cdd_per_supply_days_daily,0.417327463574,days,daily,OBM v0.1.0
2014-09-20,obm_cdd_per_supply_days_daily,1.046380093368,days,daily,OBM v0.1.0
2014-09-21,obm_cdd_per_supply_days_daily,0.329025705114,days,daily,OBM v0.1.0
2014-09-22,obm_cdd_per_supply_days_daily,0.143661338697,days,daily,OBM v0.1.0
2014-09-23,obm_cdd_per_supply_days_daily,0.321132623868,days,daily,OBM v0.1.0
2014-09-24,obm_cdd_per_supply_days_daily,0.183311683759,days,daily,OBM v0.1.0
2014-09-25,obm_cdd_per_supply_days_daily,0.198677730439,days,daily,OBM v0.1.0
2014-09-26,obm_cdd_per_supply_days_daily,0.391714744267,days,daily,OBM v0.1.0
2014-09-27,obm_cdd_per_supply_days_daily,0.129297415931,days,daily,OBM v0.1.0
2014-09-28,obm_cdd_per_supply_days_daily,0.373632541205,days,daily,OBM v0.1.0
2014-09-29,obm_cdd_per_supply_days_daily,0.626959752423,days,daily,OBM v0.1.0
2014-09-30,obm_cdd_per_supply_days_daily,0.379458715665,days,daily,OBM v0.1.0
2014-10-01,obm_cdd_per_supply_days_daily,0.301636073303,days,daily,OBM v0.1.0
2014-10-02,obm_cdd_per_supply_days_daily,0.313663291330,days,daily,OBM v0.1.0
2014-10-03,obm_cdd_per_supply_days_daily,0.636100580289,days,daily,OBM v0.1.0
2014-10-04,obm_cdd_per_supply_days_daily,0.492371765859,days,daily,OBM v0.1.0
2014-10-05,obm_cdd_per_supply_days_daily,1.759842085674,days,daily,OBM v0.1.0
2014-10-06,obm_cdd_per_supply_days_daily,0.929799987820,days,daily,OBM v0.1.0
2014-10-07,obm_cdd_per_supply_days_daily,0.413443312987,days,daily,OBM v0.1.0
2014-10-08,obm_cdd_per_supply_days_daily,0.554447744861,days,daily,OBM v0.1.0
2014-10-09,obm_cdd_per_supply_days_daily,0.304472022703,days,daily,OBM v0.1.0
2014-10-10,obm_cdd_per_supply_days_daily,0.619090629360,days,daily,OBM v0.1.0
2014-10-11,obm_cdd_per_supply_days_daily,0.107018772619,days,daily,OBM v0.1.0
2014-10-12,obm_cdd_per_supply_days_daily,0.482856386770,days,daily,OBM v0.1.0
2014-10-13,obm_cdd_per_supply_days_daily,0.439498839422,days,daily,OBM v0.1.0
2014-10-14,obm_cdd_per_supply_days_daily,0.295426850632,days,daily,OBM v0.1.0
2014-10-15,obm_cdd_per_supply_days_daily,0.618131104932,days,daily,OBM v0.1.0
2014-10-16,obm_cdd_per_supply_days_daily,0.236774161378,days,daily,OBM v0.1.0
2014-10-17,obm_cdd_per_supply_days_daily,0.346829916641,days,daily,OBM v0.1.0
2014-10-18,obm_cdd_per_supply_days_daily,0.104820885723,days,daily,OBM v0.1.0
2014-10-19,obm_cdd_per_supply_days_daily,0.167274798156,days,daily,OBM v0.1.0
2014-10-20,obm_cdd_per_supply_days_daily,0.163714916404,days,daily,OBM v0.1.0
2014-10-21,obm_cdd_per_supply_days_daily,0.129000400450,days,daily,OBM v0.1.0
2014-10-22,obm_cdd_per_supply_days_daily,0.379396071672,days,daily,OBM v0.1.0
2014-10-23,obm_cdd_per_supply_days_daily,0.370964125442,days,daily,OBM v0.1.0
2014-10-24,obm_cdd_per_supply_days_daily,0.486876160370,days,daily,OBM v0.1.0
2014-10-25,obm_cdd_per_supply_days_daily,0.157217864527,days,daily,OBM v0.1.0
2014-10-26,obm_cdd_per_supply_days_daily,0.094561009399,days,daily,OBM v0.1.0
2014-10-27,obm_cdd_per_supply_days_daily,0.258597918309,days,daily,OBM v0.1.0
2014-10-28,obm_cdd_per_supply_days_daily,0.223396311997,days,daily,OBM v0.1.0
2014-10-29,obm_cdd_per_supply_days_daily,0.270712778093,days,daily,OBM v0.1.0
2014-10-30,obm_cdd_per_supply_days_daily,0.242615301799,days,daily,OBM v0.1.0
2014-10-31,obm_cdd_per_supply_days_daily,0.311040175023,days,daily,OBM v0.1.0
2014-11-01,obm_cdd_per_supply_days_daily,0.338511731972,days,daily,OBM v0.1.0
2014-11-02,obm_cdd_per_supply_days_daily,0.167157694940,days,daily,OBM v0.1.0
2014-11-03,obm_cdd_per_supply_days_daily,0.212798420792,days,daily,OBM v0.1.0
2014-11-04,obm_cdd_per_supply_days_daily,0.366526584543,days,daily,OBM v0.1.0
2014-11-05,obm_cdd_per_supply_days_daily,0.304356687731,days,daily,OBM v0.1.0
2014-11-06,obm_cdd_per_supply_days_daily,0.387259110424,days,daily,OBM v0.1.0
2014-11-07,obm_cdd_per_supply_days_daily,1.089435474686,days,daily,OBM v0.1.0
2014-11-08,obm_cdd_per_supply_days_daily,0.415983634132,days,daily,OBM v0.1.0
2014-11-09,obm_cdd_per_supply_days_daily,0.435706251200,days,daily,OBM v0.1.0
2014-11-10,obm_cdd_per_supply_days_daily,0.265341227162,days,daily,OBM v0.1.0
2014-11-11,obm_cdd_per_supply_days_daily,0.286380920404,days,daily,OBM v0.1.0
2014-11-12,obm_cdd_per_supply_days_daily,0.424584310524,days,daily,OBM v0.1.0
2014-11-13,obm_cdd_per_supply_days_daily,0.615595857517,days,daily,OBM v0.1.0
2014-11-14,obm_cdd_per_supply_days_daily,0.340833792317,days,daily,OBM v0.1.0
2014-11-15,obm_cdd_per_supply_days_daily,0.148435885168,days,daily,OBM v0.1.0
2014-11-16,obm_cdd_per_supply_days_daily,0.147450347209,days,daily,OBM v0.1.0
2014-11-17,obm_cdd_per_supply_days_daily,0.283765693796,days,daily,OBM v0.1.0
2014-11-18,obm_cdd_per_supply_days_daily,0.235604232362,days,daily,OBM v0.1.0
2014-11-19,obm_cdd_per_supply_days_daily,0.391055567817,days,daily,OBM v0.1.0
2014-11-20,obm_cdd_per_supply_days_daily,0.384337327798,days,daily,OBM v0.1.0
2014-11-21,obm_cdd_per_supply_days_daily,0.182428999679,days,daily,OBM v0.1.0
2014-11-22,obm_cdd_per_supply_days_daily,0.110750991583,days,daily,OBM v0.1.0
2014-11-23,obm_cdd_per_supply_days_daily,0.098365211645,days,daily,OBM v0.1.0
2014-11-24,obm_cdd_per_supply_days_daily,0.194610074336,days,daily,OBM v0.1.0
2014-11-25,obm_cdd_per_supply_days_daily,0.250220436116,days,daily,OBM v0.1.0
2014-11-26,obm_cdd_per_supply_days_daily,0.317477476664,days,daily,OBM v0.1.0
2014-11-27,obm_cdd_per_supply_days_daily,0.141742672731,days,daily,OBM v0.1.0
2014-11-28,obm_cdd_per_supply_days_daily,3.927160168143,days,daily,OBM v0.1.0
2014-11-29,obm_cdd_per_supply_days_daily,0.223947541412,days,daily,OBM v0.1.0
2014-11-30,obm_cdd_per_supply_days_daily,0.196814621294,days,daily,OBM v0.1.0
2014-12-01,obm_cdd_per_supply_days_daily,0.371963549127,days,daily,OBM v0.1.0
2014-12-02,obm_cdd_per_supply_days_daily,0.495805177778,days,daily,OBM v0.1.0
2014-12-03,obm_cdd_per_supply_days_daily,0.268618912085,days,daily,OBM v0.1.0
2014-12-04,obm_cdd_per_supply_days_daily,1.342133556591,days,daily,OBM v0.1.0
2014-12-05,obm_cdd_per_supply_days_daily,0.195773687882,days,daily,OBM v0.1.0
2014-12-06,obm_cdd_per_supply_days_daily,0.135188536150,days,daily,OBM v0.1.0
2014-12-07,obm_cdd_per_supply_days_daily,0.301033416734,days,daily,OBM v0.1.0
2014-12-08,obm_cdd_per_supply_days_daily,2.161129622772,days,daily,OBM v0.1.0
2014-12-09,obm_cdd_per_supply_days_daily,1.746687992596,days,daily,OBM v0.1.0
2014-12-10,obm_cdd_per_supply_days_daily,0.377769128379,days,daily,OBM v0.1.0
2014-12-11,obm_cdd_per_supply_days_daily,0.263726360171,days,daily,OBM v0.1.0
2014-12-12,obm_cdd_per_supply_days_daily,0.229053996602,days,daily,OBM v0.1.0
2014-12-13,obm_cdd_per_supply_days_daily,0.152920820603,days,daily,OBM v0.1.0
2014-12-14,obm_cdd_per_supply_days_daily,0.140294445064,days,daily,OBM v0.1.0
2014-12-15,obm_cdd_per_supply_days_daily,0.247605206617,days,daily,OBM v0.1.0
2014-12-16,obm_cdd_per_supply_days_daily,0.235255575646,days,daily,OBM v0.1.0
2014-12-17,obm_cdd_per_supply_days_daily,0.241245880191,days,daily,OBM v0.1.0
2014-12-18,obm_cdd_per_supply_days_daily,0.366694154889,days,daily,OBM v0.1.0
2014-12-19,obm_cdd_per_supply_days_daily,0.298148120369,days,daily,OBM v0.1.0
2014-12-20,obm_cdd_per_supply_days_daily,0.222883181636,days,daily,OBM v0.1.0
2014-12-21,obm_cdd_per_supply_days_daily,0.415484772222,days,daily,OBM v0.1.0
2014-12-22,obm_cdd_per_supply_days_daily,0.250498773176,days,daily,OBM v0.1.0
2014-12-23,obm_cdd_per_supply_days_daily,0.299707533820,days,daily,OBM v0.1.0
2014-12-24,obm_cdd_per_supply_days_daily,1.977994589194,days,daily,OBM v0.1.0
2014-12-25,obm_cdd_per_supply_days_daily,0.106777903031,days,daily,OBM v0.1.0
2014-12-26,obm_cdd_per_supply_days_daily,0.128841393404,days,daily,OBM v0.1.0
2014-12-27,obm_cdd_per_supply_days_daily,0.098795376826,days,daily,OBM v0.1.0
2014-12-28,obm_cdd_per_supply_days_daily,0.076185168787,days,daily,OBM v0.1.0
2014-12-29,obm_cdd_per_supply_days_daily,0.347529645798,days,daily,OBM v0.1.0
2014-12-30,obm_cdd_per_supply_days_daily,2.412428102015,days,daily,OBM v0.1.0
2014-12-31,obm_cdd_per_supply_days_daily,0.634431117095,days,daily,OBM v0.1.0
2015-01-01,obm_cdd_per_supply_days_daily,0.078595971760,days,daily,OBM v0.1.0
2015-01-02,obm_cdd_per_supply_days_daily,0.172305580604,days,daily,OBM v0.1.0
2015-01-03,obm_cdd_per_supply_days_daily,0.371169915265,days,daily,OBM v0.1.0
2015-01-04,obm_cdd_per_supply_days_daily,0.492517745563,days,daily,OBM v0.1.0
2015-01-05,obm_cdd_per_supply_days_daily,0.420286586361,days,daily,OBM v0.1.0
2015-01-06,obm_cdd_per_supply_days_daily,1.358558699628,days,daily,OBM v0.1.0
2015-01-07,obm_cdd_per_supply_days_daily,0.465311592217,days,daily,OBM v0.1.0
2015-01-08,obm_cdd_per_supply_days_daily,0.874774388338,days,daily,OBM v0.1.0
2015-01-09,obm_cdd_per_supply_days_daily,0.509448614797,days,daily,OBM v0.1.0
2015-01-10,obm_cdd_per_supply_days_daily,0.273385118424,days,daily,OBM v0.1.0
2015-01-11,obm_cdd_per_supply_days_daily,0.477738800606,days,daily,OBM v0.1.0
2015-01-12,obm_cdd_per_supply_days_daily,0.307589313681,days,daily,OBM v0.1.0
2015-01-13,obm_cdd_per_supply_days_daily,0.965114713818,days,daily,OBM v0.1.0
2015-01-14,obm_cdd_per_supply_days_daily,1.056656283010,days,daily,OBM v0.1.0
2015-01-15,obm_cdd_per_supply_days_daily,0.882228817997,days,daily,OBM v0.1.0
2015-01-16,obm_cdd_per_supply_days_daily,0.342129269158,days,daily,OBM v0.1.0
2015-01-17,obm_cdd_per_supply_days_daily,0.172555639617,days,daily,OBM v0.1.0
2015-01-18,obm_cdd_per_supply_days_daily,0.257231658553,days,daily,OBM v0.1.0
2015-01-19,obm_cdd_per_supply_days_daily,0.149777021681,days,daily,OBM v0.1.0
2015-01-20,obm_cdd_per_supply_days_daily,0.193324966598,days,daily,OBM v0.1.0
2015-01-21,obm_cdd_per_supply_days_daily,1.157053774800,days,daily,OBM v0.1.0
2015-01-22,obm_cdd_per_supply_days_daily,0.158881532086,days,daily,OBM v0.1.0
2015-01-23,obm_cdd_per_supply_days_daily,0.140266594464,days,daily,OBM v0.1.0
2015-01-24,obm_cdd_per_supply_days_daily,0.266459536775,days,daily,OBM v0.1.0
2015-01-25,obm_cdd_per_supply_days_daily,0.103068407212,days,daily,OBM v0.1.0
2015-01-26,obm_cdd_per_supply_days_daily,1.366480133228,days,daily,OBM v0.1.0
2015-01-27,obm_cdd_per_supply_days_daily,0.224008892224,days,daily,OBM v0.1.0
2015-01-28,obm_cdd_per_supply_days_daily,0.282644400596,days,daily,OBM v0.1.0
2015-01-29,obm_cdd_per_supply_days_daily,0.271306647876,days,daily,OBM v0.1.0
2015-01-30,obm_cdd_per_supply_days_daily,0.178072942407,days,daily,OBM v0.1.0
2015-01-31,obm_cdd_per_supply_days_daily,0.236193192961,days,daily,OBM v0.1.0
2015-02-01,obm_cdd_per_supply_days_daily,0.141576232287,days,daily,OBM v0.1.0
2015-02-02,obm_cdd_per_supply_days_daily,0.307615923217,days,daily,OBM v0.1.0
2015-02-03,obm_cdd_per_supply_days_daily,0.304154444771,days,daily,OBM v0.1.0
2015-02-04,obm_cdd_per_supply_days_daily,0.503812222579,days,daily,OBM v0.1.0
2015-02-05,obm_cdd_per_supply_days_daily,0.193624622041,days,daily,OBM v0.1.0
2015-02-06,obm_cdd_per_supply_days_daily,0.187648561416,days,daily,OBM v0.1.0
2015-02-07,obm_cdd_per_supply_days_daily,0.144996467000,days,daily,OBM v0.1.0
2015-02-08,obm_cdd_per_supply_days_daily,0.107438233271,days,daily,OBM v0.1.0
2015-02-09,obm_cdd_per_supply_days_daily,0.319748702244,days,daily,OBM v0.1.0
2015-02-10,obm_cdd_per_supply_days_daily,0.166274526966,days,daily,OBM v0.1.0
2015-02-11,obm_cdd_per_supply_days_daily,0.255777508426,days,daily,OBM v0.1.0
2015-02-12,obm_cdd_per_supply_days_daily,0.184773390485,days,daily,OBM v0.1.0
2015-02-13,obm_cdd_per_supply_days_daily,0.325111403364,days,daily,OBM v0.1.0
2015-02-14,obm_cdd_per_supply_days_daily,0.239166188492,days,daily,OBM v0.1.0
2015-02-15,obm_cdd_per_supply_days_daily,0.248058098291,days,daily,OBM v0.1.0
2015-02-16,obm_cdd_per_supply_days_daily,0.176744909635,days,daily,OBM v0.1.0
2015-02-17,obm_cdd_per_supply_days_daily,0.178131765539,days,daily,OBM v0.1.0
2015-02-18,obm_cdd_per_supply_days_daily,0.150186642710,days,daily,OBM v0.1.0
2015-02-19,obm_cdd_per_supply_days_daily,0.720186623821,days,daily,OBM v0.1.0
2015-02-20,obm_cdd_per_supply_days_daily,2.057738695514,days,daily,OBM v0.1.0
2015-02-21,obm_cdd_per_supply_days_daily,0.094574479706,days,daily,OBM v0.1.0
2015-02-22,obm_cdd_per_supply_days_daily,0.117058276507,days,daily,OBM v0.1.0
2015-02-23,obm_cdd_per_supply_days_daily,0.326618912995,days,daily,OBM v0.1.0
2015-02-24,obm_cdd_per_supply_days_daily,0.200005020418,days,daily,OBM v0.1.0
2015-02-25,obm_cdd_per_supply_days_daily,0.577391994955,days,daily,OBM v0.1.0
2015-02-26,obm_cdd_per_supply_days_daily,0.142424296743,days,daily,OBM v0.1.0
2015-02-27,obm_cdd_per_supply_days_daily,0.268489314317,days,daily,OBM v0.1.0
2015-02-28,obm_cdd_per_supply_days_daily,0.483657169423,days,daily,OBM v0.1.0
2015-03-01,obm_cdd_per_supply_days_daily,1.325397875630,days,daily,OBM v0.1.0
2015-03-02,obm_cdd_per_supply_days_daily,0.256958005030,days,daily,OBM v0.1.0
2015-03-03,obm_cdd_per_supply_days_daily,0.926385355250,days,daily,OBM v0.1.0
2015-03-04,obm_cdd_per_supply_days_daily,0.664513986604,days,daily,OBM v0.1.0
2015-03-05,obm_cdd_per_supply_days_daily,0.795609603900,days,daily,OBM v0.1.0
2015-03-06,obm_cdd_per_supply_days_daily,0.588768141051,days,daily,OBM v0.1.0
2015-03-07,obm_cdd_per_supply_days_daily,0.950819839728,days,daily,OBM v0.1.0
2015-03-08,obm_cdd_per_supply_days_daily,0.665209973312,days,daily,OBM v0.1.0
2015-03-09,obm_cdd_per_supply_days_daily,0.839596312102,days,daily,OBM v0.1.0
2015-03-10,obm_cdd_per_supply_days_daily,1.777894421642,days,daily,OBM v0.1.0
2015-03-11,obm_cdd_per_supply_days_daily,0.384751262568,days,daily,OBM v0.1.0
2015-03-12,obm_cdd_per_supply_days_daily,0.793621998170,days,daily,OBM v0.1.0
2015-03-13,obm_cdd_per_supply_days_daily,0.520437678760,days,daily,OBM v0.1.0
2015-03-14,obm_cdd_per_supply_days_daily,0.117301356528,days,daily,OBM v0.1.0
2015-03-15,obm_cdd_per_supply_days_daily,0.139941352593,days,daily,OBM v0.1.0
2015-03-16,obm_cdd_per_supply_days_daily,0.416169335209,days,daily,OBM v0.1.0
2015-03-17,obm_cdd_per_supply_days_daily,0.197665294289,days,daily,OBM v0.1.0
2015-03-18,obm_cdd_per_supply_days_daily,0.440018402091,days,daily,OBM v0.1.0
2015-03-19,obm_cdd_per_supply_days_daily,0.354606672469,days,daily,OBM v0.1.0
2015-03-20,obm_cdd_per_supply_days_daily,0.181986347697,days,daily,OBM v0.1.0
2015-03-21,obm_cdd_per_supply_days_daily,0.285946648456,days,daily,OBM v0.1.0
2015-03-22,obm_cdd_per_supply_days_daily,0.127729874782,days,daily,OBM v0.1.0
2015-03-23,obm_cdd_per_supply_days_daily,0.233125444228,days,daily,OBM v0.1.0
2015-03-24,obm_cdd_per_supply_days_daily,0.206737026564,days,daily,OBM v0.1.0
2015-03-25,obm_cdd_per_supply_days_daily,0.354456711566,days,daily,OBM v0.1.0
2015-03-26,obm_cdd_per_supply_days_daily,0.212628414124,days,daily,OBM v0.1.0
2015-03-27,obm_cdd_per_supply_days_daily,0.282288287012,days,daily,OBM v0.1.0
2015-03-28,obm_cdd_per_supply_days_daily,0.142299328140,days,daily,OBM v0.1.0
2015-03-29,obm_cdd_per_supply_days_daily,0.083005338586,days,daily,OBM v0.1.0
2015-03-30,obm_cdd_per_supply_days_daily,0.216904498437,days,daily,OBM v0.1.0
2015-03-31,obm_cdd_per_supply_days_daily,0.161568817460,days,daily,OBM v0.1.0
2015-04-01,obm_cdd_per_supply_days_daily,0.709599916164,days,daily,OBM v0.1.0
2015-04-02,obm_cdd_per_supply_days_daily,0.981212566227,days,daily,OBM v0.1.0
2015-04-03,obm_cdd_per_supply_days_daily,0.236305266458,days,daily,OBM v0.1.0
2015-04-04,obm_cdd_per_supply_days_daily,0.133442758452,days,daily,OBM v0.1.0
2015-04-05,obm_cdd_per_supply_days_daily,0.123844650947,days,daily,OBM v0.1.0
2015-04-06,obm_cdd_per_supply_days_daily,0.169551207417,days,daily,OBM v0.1.0
2015-04-07,obm_cdd_per_supply_days_daily,0.177582741040,days,daily,OBM v0.1.0
2015-04-08,obm_cdd_per_supply_days_daily,0.268823386634,days,daily,OBM v0.1.0
2015-04-09,obm_cdd_per_supply_days_daily,0.334948058101,days,daily,OBM v0.1.0
2015-04-10,obm_cdd_per_supply_days_daily,0.814465263443,days,daily,OBM v0.1.0
2015-04-11,obm_cdd_per_supply_days_daily,0.097330660229,days,daily,OBM v0.1.0
2015-04-12,obm_cdd_per_supply_days_daily,0.244934783040,days,daily,OBM v0.1.0
2015-04-13,obm_cdd_per_supply_days_daily,0.313296047206,days,daily,OBM v0.1.0
2015-04-14,obm_cdd_per_supply_days_daily,0.218299887683,days,daily,OBM v0.1.0
2015-04-15,obm_cdd_per_supply_days_daily,1.134284614370,days,daily,OBM v0.1.0
2015-04-16,obm_cdd_per_supply_days_daily,0.157134325051,days,daily,OBM v0.1.0
2015-04-17,obm_cdd_per_supply_days_daily,0.184318248440,days,daily,OBM v0.1.0
2015-04-18,obm_cdd_per_supply_days_daily,0.077963232651,days,daily,OBM v0.1.0
2015-04-19,obm_cdd_per_supply_days_daily,0.073231452889,days,daily,OBM v0.1.0
2015-04-20,obm_cdd_per_supply_days_daily,0.198311917583,days,daily,OBM v0.1.0
2015-04-21,obm_cdd_per_supply_days_daily,0.324844556233,days,daily,OBM v0.1.0
2015-04-22,obm_cdd_per_supply_days_daily,0.184756403704,days,daily,OBM v0.1.0
2015-04-23,obm_cdd_per_supply_days_daily,3.811122603431,days,daily,OBM v0.1.0
2015-04-24,obm_cdd_per_supply_days_daily,0.163868076005,days,daily,OBM v0.1.0
2015-04-25,obm_cdd_per_supply_days_daily,0.250498225979,days,daily,OBM v0.1.0
2015-04-26,obm_cdd_per_supply_days_daily,0.140787238194,days,daily,OBM v0.1.0
2015-04-27,obm_cdd_per_supply_days_daily,0.371785375134,days,daily,OBM v0.1.0
2015-04-28,obm_cdd_per_supply_days_daily,0.233849546968,days,daily,OBM v0.1.0
2015-04-29,obm_cdd_per_supply_days_daily,0.195161171783,days,daily,OBM v0.1.0
2015-04-30,obm_cdd_per_supply_days_daily,0.151769110621,days,daily,OBM v0.1.0
2015-05-01,obm_cdd_per_supply_days_daily,0.169410973068,days,daily,OBM v0.1.0
2015-05-02,obm_cdd_per_supply_days_daily,0.081851043196,days,daily,OBM v0.1.0
2015-05-03,obm_cdd_per_supply_days_daily,0.275354559371,days,daily,OBM v0.1.0
2015-05-04,obm_cdd_per_supply_days_daily,0.200455343847,days,daily,OBM v0.1.0
2015-05-05,obm_cdd_per_supply_days_daily,0.233058697596,days,daily,OBM v0.1.0
2015-05-06,obm_cdd_per_supply_days_daily,0.183907982821,days,daily,OBM v0.1.0
2015-05-07,obm_cdd_per_supply_days_daily,0.155854064715,days,daily,OBM v0.1.0
2015-05-08,obm_cdd_per_supply_days_daily,0.202984695729,days,daily,OBM v0.1.0
2015-05-09,obm_cdd_per_supply_days_daily,0.164671707007,days,daily,OBM v0.1.0
2015-05-10,obm_cdd_per_supply_days_daily,0.116802016562,days,daily,OBM v0.1.0
2015-05-11,obm_cdd_per_supply_days_daily,0.476466308619,days,daily,OBM v0.1.0
2015-05-12,obm_cdd_per_supply_days_daily,0.262676450134,days,daily,OBM v0.1.0
2015-05-13,obm_cdd_per_supply_days_daily,0.178321225347,days,daily,OBM v0.1.0
2015-05-14,obm_cdd_per_supply_days_daily,0.248602721092,days,daily,OBM v0.1.0
2015-05-15,obm_cdd_per_supply_days_daily,0.192012499217,days,daily,OBM v0.1.0
2015-05-16,obm_cdd_per_supply_days_daily,0.124251794468,days,daily,OBM v0.1.0
2015-05-17,obm_cdd_per_supply_days_daily,0.097863620610,days,daily,OBM v0.1.0
2015-05-18,obm_cdd_per_supply_days_daily,0.196558247269,days,daily,OBM v0.1.0
2015-05-19,obm_cdd_per_supply_days_daily,0.322550857749,days,daily,OBM v0.1.0
2015-05-20,obm_cdd_per_supply_days_daily,0.189812436880,days,daily,OBM v0.1.0
2015-05-21,obm_cdd_per_supply_days_daily,0.132555084730,days,daily,OBM v0.1.0
2015-05-22,obm_cdd_per_supply_days_daily,0.602300993765,days,daily,OBM v0.1.0
2015-05-23,obm_cdd_per_supply_days_daily,0.165558680055,days,daily,OBM v0.1.0
2015-05-24,obm_cdd_per_supply_days_daily,0.105939888810,days,daily,OBM v0.1.0
2015-05-25,obm_cdd_per_supply_days_daily,0.240407631864,days,daily,OBM v0.1.0
2015-05-26,obm_cdd_per_supply_days_daily,0.210347213821,days,daily,OBM v0.1.0
2015-05-27,obm_cdd_per_supply_days_daily,0.296107140290,days,daily,OBM v0.1.0
2015-05-28,obm_cdd_per_supply_days_daily,0.345471917514,days,daily,OBM v0.1.0
2015-05-29,obm_cdd_per_supply_days_daily,0.274446611995,days,daily,OBM v0.1.0
2015-05-30,obm_cdd_per_supply_days_daily,0.979336303189,days,daily,OBM v0.1.0
2015-05-31,obm_cdd_per_supply_days_daily,0.249126193330,days,daily,OBM v0.1.0
2015-06-01,obm_cdd_per_supply_days_daily,0.458539600903,days,daily,OBM v0.1.0
2015-06-02,obm_cdd_per_supply_days_daily,0.311995639088,days,daily,OBM v0.1.0
2015-06-03,obm_cdd_per_supply_days_daily,0.253389438970,days,daily,OBM v0.1.0
2015-06-04,obm_cdd_per_supply_days_daily,0.234120130941,days,daily,OBM v0.1.0
2015-06-05,obm_cdd_per_supply_days_daily,0.156631616193,days,daily,OBM v0.1.0
2015-06-06,obm_cdd_per_supply_days_daily,0.085175025891,days,daily,OBM v0.1.0
2015-06-07,obm_cdd_per_supply_days_daily,0.252539043342,days,daily,OBM v0.1.0
2015-06-08,obm_cdd_per_supply_days_daily,0.186986633028,days,daily,OBM v0.1.0
2015-06-09,obm_cdd_per_supply_days_daily,0.169056204073,days,daily,OBM v0.1.0
2015-06-10,obm_cdd_per_supply_days_daily,0.349028844157,days,daily,OBM v0.1.0
2015-06-11,obm_cdd_per_supply_days_daily,0.284691917099,days,daily,OBM v0.1.0
2015-06-12,obm_cdd_per_supply_days_daily,0.582874164780,days,daily,OBM v0.1.0
2015-06-13,obm_cdd_per_supply_days_daily,0.242432858413,days,daily,OBM v0.1.0
2015-06-14,obm_cdd_per_supply_days_daily,0.227099295934,days,daily,OBM v0.1.0
2015-06-15,obm_cdd_per_supply_days_daily,0.250466779414,days,daily,OBM v0.1.0
2015-06-16,obm_cdd_per_supply_days_daily,0.513227630267,days,daily,OBM v0.1.0
2015-06-17,obm_cdd_per_supply_days_daily,0.566416549544,days,daily,OBM v0.1.0
2015-06-18,obm_cdd_per_supply_days_daily,0.197801607802,days,daily,OBM v0.1.0
2015-06-19,obm_cdd_per_supply_days_daily,0.653971894249,days,daily,OBM v0.1.0
2015-06-20,obm_cdd_per_supply_days_daily,0.772495777811,days,daily,OBM v0.1.0
2015-06-21,obm_cdd_per_supply_days_daily,0.392140044047,days,daily,OBM v0.1.0
2015-06-22,obm_cdd_per_supply_days_daily,0.207906623818,days,daily,OBM v0.1.0
2015-06-23,obm_cdd_per_supply_days_daily,0.301856900364,days,daily,OBM v0.1.0
2015-06-24,obm_cdd_per_supply_days_daily,0.285570602594,days,daily,OBM v0.1.0
2015-06-25,obm_cdd_per_supply_days_daily,0.227585536676,days,daily,OBM v0.1.0
2015-06-26,obm_cdd_per_supply_days_daily,0.223040723989,days,daily,OBM v0.1.0
2015-06-27,obm_cdd_per_supply_days_daily,0.217794848395,days,daily,OBM v0.1.0
2015-06-28,obm_cdd_per_supply_days_daily,0.129261695918,days,daily,OBM v0.1.0
2015-06-29,obm_cdd_per_supply_days_daily,0.316501523587,days,daily,OBM v0.1.0
2015-06-30,obm_cdd_per_supply_days_daily,0.383606952144,days,daily,OBM v0.1.0
2015-07-01,obm_cdd_per_supply_days_daily,0.246154201463,days,daily,OBM v0.1.0
2015-07-02,obm_cdd_per_supply_days_daily,0.309265366656,days,daily,OBM v0.1.0
2015-07-03,obm_cdd_per_supply_days_daily,0.532755419805,days,daily,OBM v0.1.0
2015-07-04,obm_cdd_per_supply_days_daily,0.098907262150,days,daily,OBM v0.1.0
2015-07-05,obm_cdd_per_supply_days_daily,0.380389729396,days,daily,OBM v0.1.0
2015-07-06,obm_cdd_per_supply_days_daily,0.670106671054,days,daily,OBM v0.1.0
2015-07-07,obm_cdd_per_supply_days_daily,0.612533634208,days,daily,OBM v0.1.0
2015-07-08,obm_cdd_per_supply_days_daily,0.905441182579,days,daily,OBM v0.1.0
2015-07-09,obm_cdd_per_supply_days_daily,0.525471297994,days,daily,OBM v0.1.0
2015-07-10,obm_cdd_per_supply_days_daily,0.523583761494,days,daily,OBM v0.1.0
2015-07-11,obm_cdd_per_supply_days_daily,0.410269471155,days,daily,OBM v0.1.0
2015-07-12,obm_cdd_per_supply_days_daily,0.640969743790,days,daily,OBM v0.1.0
2015-07-13,obm_cdd_per_supply_days_daily,0.238394505407,days,daily,OBM v0.1.0
2015-07-14,obm_cdd_per_supply_days_daily,0.222412766888,days,daily,OBM v0.1.0
2015-07-15,obm_cdd_per_supply_days_daily,0.245959906851,days,daily,OBM v0.1.0
2015-07-16,obm_cdd_per_supply_days_daily,0.276727280961,days,daily,OBM v0.1.0
2015-07-17,obm_cdd_per_supply_days_daily,0.573092721417,days,daily,OBM v0.1.0
2015-07-18,obm_cdd_per_supply_days_daily,0.186178177047,days,daily,OBM v0.1.0
2015-07-19,obm_cdd_per_supply_days_daily,0.133909435828,days,daily,OBM v0.1.0
2015-07-20,obm_cdd_per_supply_days_daily,0.495588679136,days,daily,OBM v0.1.0
2015-07-21,obm_cdd_per_supply_days_daily,0.274319138565,days,daily,OBM v0.1.0
2015-07-22,obm_cdd_per_supply_days_daily,0.167880662212,days,daily,OBM v0.1.0
2015-07-23,obm_cdd_per_supply_days_daily,0.181955125723,days,daily,OBM v0.1.0
2015-07-24,obm_cdd_per_supply_days_daily,0.191310567335,days,daily,OBM v0.1.0
2015-07-25,obm_cdd_per_supply_days_daily,0.349300009769,days,daily,OBM v0.1.0
2015-07-26,obm_cdd_per_supply_days_daily,0.198950868956,days,daily,OBM v0.1.0
2015-07-27,obm_cdd_per_supply_days_daily,0.273209809820,days,daily,OBM v0.1.0
2015-07-28,obm_cdd_per_supply_days_daily,0.265009252872,days,daily,OBM v0.1.0
2015-07-29,obm_cdd_per_supply_days_daily,0.249707531940,days,daily,OBM v0.1.0
2015-07-30,obm_cdd_per_supply_days_daily,0.255074215186,days,daily,OBM v0.1.0
2015-07-31,obm_cdd_per_supply_days_daily,0.311139484499,days,daily,OBM v0.1.0
2015-08-01,obm_cdd_per_supply_days_daily,0.120001364744,days,daily,OBM v0.1.0
2015-08-02,obm_cdd_per_supply_days_daily,0.151307652946,days,daily,OBM v0.1.0
2015-08-03,obm_cdd_per_supply_days_daily,0.197597943477,days,daily,OBM v0.1.0
2015-08-04,obm_cdd_per_supply_days_daily,0.336782975643,days,daily,OBM v0.1.0
2015-08-05,obm_cdd_per_supply_days_daily,0.226326652569,days,daily,OBM v0.1.0
2015-08-06,obm_cdd_per_supply_days_daily,0.197005830105,days,daily,OBM v0.1.0
2015-08-07,obm_cdd_per_supply_days_daily,0.170226898864,days,daily,OBM v0.1.0
2015-08-08,obm_cdd_per_supply_days_daily,0.553324110406,days,daily,OBM v0.1.0
2015-08-09,obm_cdd_per_supply_days_daily,3.171590097075,days,daily,OBM v0.1.0
2015-08-10,obm_cdd_per_supply_days_daily,0.174895546389,days,daily,OBM v0.1.0
2015-08-11,obm_cdd_per_supply_days_daily,0.281433169804,days,daily,OBM v0.1.0
2015-08-12,obm_cdd_per_supply_days_daily,0.233593342991,days,daily,OBM v0.1.0
2015-08-13,obm_cdd_per_supply_days_daily,0.283172823010,days,daily,OBM v0.1.0
2015-08-14,obm_cdd_per_supply_days_daily,0.487165295922,days,daily,OBM v0.1.0
2015-08-15,obm_cdd_per_supply_days_daily,0.248053768673,days,daily,OBM v0.1.0
2015-08-16,obm_cdd_per_supply_days_daily,0.323238623835,days,daily,OBM v0.1.0
2015-08-17,obm_cdd_per_supply_days_daily,0.345382259149,days,daily,OBM v0.1.0
2015-08-18,obm_cdd_per_supply_days_daily,0.297332850806,days,daily,OBM v0.1.0
2015-08-19,obm_cdd_per_supply_days_daily,0.624981700502,days,daily,OBM v0.1.0
2015-08-20,obm_cdd_per_supply_days_daily,0.391688443024,days,daily,OBM v0.1.0
2015-08-21,obm_cdd_per_supply_days_daily,0.283928354448,days,daily,OBM v0.1.0
2015-08-22,obm_cdd_per_supply_days_daily,0.355916404253,days,daily,OBM v0.1.0
2015-08-23,obm_cdd_per_supply_days_daily,0.694838181329,days,daily,OBM v0.1.0
2015-08-24,obm_cdd_per_supply_days_daily,1.506324166769,days,daily,OBM v0.1.0
2015-08-25,obm_cdd_per_supply_days_daily,1.950716702906,days,daily,OBM v0.1.0
2015-08-26,obm_cdd_per_supply_days_daily,1.169594754255,days,daily,OBM v0.1.0
2015-08-27,obm_cdd_per_supply_days_daily,0.477775320427,days,daily,OBM v0.1.0
2015-08-28,obm_cdd_per_supply_days_daily,0.267240784105,days,daily,OBM v0.1.0
2015-08-29,obm_cdd_per_supply_days_daily,0.253644508460,days,daily,OBM v0.1.0
2015-08-30,obm_cdd_per_supply_days_daily,0.345563060053,days,daily,OBM v0.1.0
2015-08-31,obm_cdd_per_supply_days_daily,0.257587000286,days,daily,OBM v0.1.0
2015-09-01,obm_cdd_per_supply_days_daily,0.322324581292,days,daily,OBM v0.1.0
2015-09-02,obm_cdd_per_supply_days_daily,0.396764601163,days,daily,OBM v0.1.0
2015-09-03,obm_cdd_per_supply_days_daily,0.495369321731,days,daily,OBM v0.1.0
2015-09-04,obm_cdd_per_supply_days_daily,0.184120364701,days,daily,OBM v0.1.0
2015-09-05,obm_cdd_per_supply_days_daily,0.169423278698,days,daily,OBM v0.1.0
2015-09-06,obm_cdd_per_supply_days_daily,0.264768040608,days,daily,OBM v0.1.0
2015-09-07,obm_cdd_per_supply_days_daily,0.143632708707,days,daily,OBM v0.1.0
2015-09-08,obm_cdd_per_supply_days_daily,0.265328912606,days,daily,OBM v0.1.0
2015-09-09,obm_cdd_per_supply_days_daily,0.532849572539,days,daily,OBM v0.1.0
2015-09-10,obm_cdd_per_supply_days_daily,0.946099578374,days,daily,OBM v0.1.0
2015-09-11,obm_cdd_per_supply_days_daily,0.166989053073,days,daily,OBM v0.1.0
2015-09-12,obm_cdd_per_supply_days_daily,0.088240022701,days,daily,OBM v0.1.0
2015-09-13,obm_cdd_per_supply_days_daily,0.115570919499,days,daily,OBM v0.1.0
2015-09-14,obm_cdd_per_supply_days_daily,0.153904091002,days,daily,OBM v0.1.0
2015-09-15,obm_cdd_per_supply_days_daily,0.289070196609,days,daily,OBM v0.1.0
2015-09-16,obm_cdd_per_supply_days_daily,0.234362494318,days,daily,OBM v0.1.0
2015-09-17,obm_cdd_per_supply_days_daily,0.189911510454,days,daily,OBM v0.1.0
2015-09-18,obm_cdd_per_supply_days_daily,0.148311064887,days,daily,OBM v0.1.0
2015-09-19,obm_cdd_per_supply_days_daily,0.167892435053,days,daily,OBM v0.1.0
2015-09-20,obm_cdd_per_supply_days_daily,0.168390270237,days,daily,OBM v0.1.0
2015-09-21,obm_cdd_per_supply_days_daily,0.807560585175,days,daily,OBM v0.1.0
2015-09-22,obm_cdd_per_supply_days_daily,0.285115691042,days,daily,OBM v0.1.0
2015-09-23,obm_cdd_per_supply_days_daily,0.570845997911,days,daily,OBM v0.1.0
2015-09-24,obm_cdd_per_supply_days_daily,0.162333589493,days,daily,OBM v0.1.0
2015-09-25,obm_cdd_per_supply_days_daily,0.216788241100,days,daily,OBM v0.1.0
2015-09-26,obm_cdd_per_supply_days_daily,0.171534599388,days,daily,OBM v0.1.0
2015-09-27,obm_cdd_per_supply_days_daily,0.095756540820,days,daily,OBM v0.1.0
2015-09-28,obm_cdd_per_supply_days_daily,0.387022867003,days,daily,OBM v0.1.0
2015-09-29,obm_cdd_per_supply_days_daily,0.168395306916,days,daily,OBM v0.1.0
2015-09-30,obm_cdd_per_supply_days_daily,0.314399604160,days,daily,OBM v0.1.0
2015-10-01,obm_cdd_per_supply_days_daily,0.350906481515,days,daily,OBM v0.1.0
2015-10-02,obm_cdd_per_supply_days_daily,0.155842255605,days,daily,OBM v0.1.0
2015-10-03,obm_cdd_per_supply_days_daily,0.219305354705,days,daily,OBM v0.1.0
2015-10-04,obm_cdd_per_supply_days_daily,0.182118580449,days,daily,OBM v0.1.0
2015-10-05,obm_cdd_per_supply_days_daily,0.261492743599,days,daily,OBM v0.1.0
2015-10-06,obm_cdd_per_supply_days_daily,0.262525623444,days,daily,OBM v0.1.0
2015-10-07,obm_cdd_per_supply_days_daily,0.925810569103,days,daily,OBM v0.1.0
2015-10-08,obm_cdd_per_supply_days_daily,0.345436497746,days,daily,OBM v0.1.0
2015-10-09,obm_cdd_per_supply_days_daily,0.163869090133,days,daily,OBM v0.1.0
2015-10-10,obm_cdd_per_supply_days_daily,0.212799554232,days,daily,OBM v0.1.0
2015-10-11,obm_cdd_per_supply_days_daily,0.164836380122,days,daily,OBM v0.1.0
2015-10-12,obm_cdd_per_supply_days_daily,0.687765908759,days,daily,OBM v0.1.0
2015-10-13,obm_cdd_per_supply_days_daily,0.350653945872,days,daily,OBM v0.1.0
2015-10-14,obm_cdd_per_supply_days_daily,0.697211144830,days,daily,OBM v0.1.0
2015-10-15,obm_cdd_per_supply_days_daily,0.360563809733,days,daily,OBM v0.1.0
2015-10-16,obm_cdd_per_supply_days_daily,0.279179435267,days,daily,OBM v0.1.0
2015-10-17,obm_cdd_per_supply_days_daily,0.283379706600,days,daily,OBM v0.1.0
2015-10-18,obm_cdd_per_supply_days_daily,0.174516750446,days,daily,OBM v0.1.0
2015-10-19,obm_cdd_per_supply_days_daily,0.352710481063,days,daily,OBM v0.1.0
2015-10-20,obm_cdd_per_supply_days_daily,0.421666279479,days,daily,OBM v0.1.0
2015-10-21,obm_cdd_per_supply_days_daily,0.372535667796,days,daily,OBM v0.1.0
2015-10-22,obm_cdd_per_supply_days_daily,0.402646855744,days,daily,OBM v0.1.0
2015-10-23,obm_cdd_per_supply_days_daily,0.246972332589,days,daily,OBM v0.1.0
2015-10-24,obm_cdd_per_supply_days_daily,0.133697020133,days,daily,OBM v0.1.0
2015-10-25,obm_cdd_per_supply_days_daily,0.320831944006,days,daily,OBM v0.1.0
2015-10-26,obm_cdd_per_supply_days_daily,0.273809157674,days,daily,OBM v0.1.0
2015-10-27,obm_cdd_per_supply_days_daily,0.390101518995,days,daily,OBM v0.1.0
2015-10-28,obm_cdd_per_supply_days_daily,2.775450249213,days,daily,OBM v0.1.0
2015-10-29,obm_cdd_per_supply_days_daily,0.604350212242,days,daily,OBM v0.1.0
2015-10-30,obm_cdd_per_supply_days_daily,1.014115263972,days,daily,OBM v0.1.0
2015-10-31,obm_cdd_per_supply_days_daily,1.027692802360,days,daily,OBM v0.1.0
2015-11-01,obm_cdd_per_supply_days_daily,0.950704555794,days,daily,OBM v0.1.0
2015-11-02,obm_cdd_per_supply_days_daily,0.422144874938,days,daily,OBM v0.1.0
2015-11-03,obm_cdd_per_supply_days_daily,1.720649219725,days,daily,OBM v0.1.0
2015-11-04,obm_cdd_per_supply_days_daily,1.716796781977,days,daily,OBM v0.1.0
2015-11-05,obm_cdd_per_supply_days_daily,0.918883001934,days,daily,OBM v0.1.0
2015-11-06,obm_cdd_per_supply_days_daily,0.378424840192,days,daily,OBM v0.1.0
2015-11-07,obm_cdd_per_supply_days_daily,1.815725010116,days,daily,OBM v0.1.0
2015-11-08,obm_cdd_per_supply_days_daily,0.426827207370,days,daily,OBM v0.1.0
2015-11-09,obm_cdd_per_supply_days_daily,1.320947425425,days,daily,OBM v0.1.0
2015-11-10,obm_cdd_per_supply_days_daily,0.880725400428,days,daily,OBM v0.1.0
2015-11-11,obm_cdd_per_supply_days_daily,0.619361038168,days,daily,OBM v0.1.0
2015-11-12,obm_cdd_per_supply_days_daily,0.307285336735,days,daily,OBM v0.1.0
2015-11-13,obm_cdd_per_supply_days_daily,1.100301579679,days,daily,OBM v0.1.0
2015-11-14,obm_cdd_per_supply_days_daily,0.366812681240,days,daily,OBM v0.1.0
2015-11-15,obm_cdd_per_supply_days_daily,0.228571448750,days,daily,OBM v0.1.0
2015-11-16,obm_cdd_per_supply_days_daily,0.264798293052,days,daily,OBM v0.1.0
2015-11-17,obm_cdd_per_supply_days_daily,0.647560147231,days,daily,OBM v0.1.0
2015-11-18,obm_cdd_per_supply_days_daily,0.212170648831,days,daily,OBM v0.1.0
2015-11-19,obm_cdd_per_supply_days_daily,0.374978505994,days,daily,OBM v0.1.0
2015-11-20,obm_cdd_per_supply_days_daily,0.276544461137,days,daily,OBM v0.1.0
2015-11-21,obm_cdd_per_supply_days_daily,0.218602513117,days,daily,OBM v0.1.0
2015-11-22,obm_cdd_per_supply_days_daily,0.416028297051,days,daily,OBM v0.1.0
2015-11-23,obm_cdd_per_supply_days_daily,0.186345292922,days,daily,OBM v0.1.0
2015-11-24,obm_cdd_per_supply_days_daily,0.273276474009,days,daily,OBM v0.1.0
2015-11-25,obm_cdd_per_supply_days_daily,0.191879242585,days,daily,OBM v0.1.0
2015-11-26,obm_cdd_per_supply_days_daily,0.297870129742,days,daily,OBM v0.1.0
2015-11-27,obm_cdd_per_supply_days_daily,0.630603617491,days,daily,OBM v0.1.0
2015-11-28,obm_cdd_per_supply_days_daily,0.191489984117,days,daily,OBM v0.1.0
2015-11-29,obm_cdd_per_supply_days_daily,0.140953883222,days,daily,OBM v0.1.0
2015-11-30,obm_cdd_per_supply_days_daily,0.365530608109,days,daily,OBM v0.1.0
2015-12-01,obm_cdd_per_supply_days_daily,0.370336468313,days,daily,OBM v0.1.0
2015-12-02,obm_cdd_per_supply_days_daily,0.561458776831,days,daily,OBM v0.1.0
2015-12-03,obm_cdd_per_supply_days_daily,0.351701544676,days,daily,OBM v0.1.0
2015-12-04,obm_cdd_per_supply_days_daily,0.399135747797,days,daily,OBM v0.1.0
2015-12-05,obm_cdd_per_supply_days_daily,0.442209168976,days,daily,OBM v0.1.0
2015-12-06,obm_cdd_per_supply_days_daily,0.730559617371,days,daily,OBM v0.1.0
2015-12-07,obm_cdd_per_supply_days_daily,0.368497350873,days,daily,OBM v0.1.0
2015-12-08,obm_cdd_per_supply_days_daily,0.250322908133,days,daily,OBM v0.1.0
2015-12-09,obm_cdd_per_supply_days_daily,1.270585961786,days,daily,OBM v0.1.0
2015-12-10,obm_cdd_per_supply_days_daily,0.373019568264,days,daily,OBM v0.1.0
2015-12-11,obm_cdd_per_supply_days_daily,0.612503779751,days,daily,OBM v0.1.0
2015-12-12,obm_cdd_per_supply_days_daily,0.377493421198,days,daily,OBM v0.1.0
2015-12-13,obm_cdd_per_supply_days_daily,0.419697410390,days,daily,OBM v0.1.0
2015-12-14,obm_cdd_per_supply_days_daily,1.543611241859,days,daily,OBM v0.1.0
2015-12-15,obm_cdd_per_supply_days_daily,0.470784497162,days,daily,OBM v0.1.0
2015-12-16,obm_cdd_per_supply_days_daily,0.309557157729,days,daily,OBM v0.1.0
2015-12-17,obm_cdd_per_supply_days_daily,0.285665419859,days,daily,OBM v0.1.0
2015-12-18,obm_cdd_per_supply_days_daily,0.253644346403,days,daily,OBM v0.1.0
2015-12-19,obm_cdd_per_supply_days_daily,0.960998691096,days,daily,OBM v0.1.0
2015-12-20,obm_cdd_per_supply_days_daily,0.209270351155,days,daily,OBM v0.1.0
2015-12-21,obm_cdd_per_supply_days_daily,0.403029530415,days,daily,OBM v0.1.0
2015-12-22,obm_cdd_per_supply_days_daily,0.363911949186,days,daily,OBM v0.1.0
2015-12-23,obm_cdd_per_supply_days_daily,0.413863765577,days,daily,OBM v0.1.0
2015-12-24,obm_cdd_per_supply_days_daily,0.474613458154,days,daily,OBM v0.1.0
2015-12-25,obm_cdd_per_supply_days_daily,0.861562215065,days,daily,OBM v0.1.0
2015-12-26,obm_cdd_per_supply_days_daily,0.249248019902,days,daily,OBM v0.1.0
2015-12-27,obm_cdd_per_supply_days_daily,0.209458819984,days,daily,OBM v0.1.0
2015-12-28,obm_cdd_per_supply_days_daily,0.245575040473,days,daily,OBM v0.1.0
2015-12-29,obm_cdd_per_supply_days_daily,0.193880858936,days,daily,OBM v0.1.0
2015-12-30,obm_cdd_per_supply_days_daily,0.197910027586,days,daily,OBM v0.1.0
2015-12-31,obm_cdd_per_supply_days_daily,0.253422186441,days,daily,OBM v0.1.0
2016-01-01,obm_cdd_per_supply_days_daily,0.115381209102,days,daily,OBM v0.1.0
2016-01-02,obm_cdd_per_supply_days_daily,0.125971856750,days,daily,OBM v0.1.0
2016-01-03,obm_cdd_per_supply_days_daily,0.253180915685,days,daily,OBM v0.1.0
2016-01-04,obm_cdd_per_supply_days_daily,0.236702011975,days,daily,OBM v0.1.0
2016-01-05,obm_cdd_per_supply_days_daily,0.331015462071,days,daily,OBM v0.1.0
2016-01-06,obm_cdd_per_supply_days_daily,0.265266986882,days,daily,OBM v0.1.0
2016-01-07,obm_cdd_per_supply_days_daily,2.903597304826,days,daily,OBM v0.1.0
2016-01-08,obm_cdd_per_supply_days_daily,0.867844854696,days,daily,OBM v0.1.0
2016-01-09,obm_cdd_per_supply_days_daily,0.161787862095,days,daily,OBM v0.1.0
2016-01-10,obm_cdd_per_supply_days_daily,0.751316906954,days,daily,OBM v0.1.0
2016-01-11,obm_cdd_per_supply_days_daily,0.423470574585,days,daily,OBM v0.1.0
2016-01-12,obm_cdd_per_supply_days_daily,0.281574941605,days,daily,OBM v0.1.0
2016-01-13,obm_cdd_per_supply_days_daily,0.788094779452,days,daily,OBM v0.1.0
2016-01-14,obm_cdd_per_supply_days_daily,0.170144479531,days,daily,OBM v0.1.0
2016-01-15,obm_cdd_per_supply_days_daily,1.102421121121,days,daily,OBM v0.1.0
2016-01-16,obm_cdd_per_supply_days_daily,0.536882407440,days,daily,OBM v0.1.0
2016-01-17,obm_cdd_per_supply_days_daily,0.240564454376,days,daily,OBM v0.1.0
2016-01-18,obm_cdd_per_supply_days_daily,0.275660580697,days,daily,OBM v0.1.0
2016-01-19,obm_cdd_per_supply_days_daily,0.531298012658,days,daily,OBM v0.1.0
2016-01-20,obm_cdd_per_supply_days_daily,0.393780596390,days,daily,OBM v0.1.0
2016-01-21,obm_cdd_per_supply_days_daily,0.487082533131,days,daily,OBM v0.1.0
2016-01-22,obm_cdd_per_supply_days_daily,2.709292690994,days,daily,OBM v0.1.0
2016-01-23,obm_cdd_per_supply_days_daily,1.665742759379,days,daily,OBM v0.1.0
2016-01-24,obm_cdd_per_supply_days_daily,0.382514547984,days,daily,OBM v0.1.0
2016-01-25,obm_cdd_per_supply_days_daily,1.020027956426,days,daily,OBM v0.1.0
2016-01-26,obm_cdd_per_supply_days_daily,0.688572010129,days,daily,OBM v0.1.0
2016-01-27,obm_cdd_per_supply_days_daily,0.415310696519,days,daily,OBM v0.1.0
2016-01-28,obm_cdd_per_supply_days_daily,0.654388354880,days,daily,OBM v0.1.0
2016-01-29,obm_cdd_per_supply_days_daily,0.399983661261,days,daily,OBM v0.1.0
2016-01-30,obm_cdd_per_supply_days_daily,0.610040460721,days,daily,OBM v0.1.0
2016-01-31,obm_cdd_per_supply_days_daily,0.325997128906,days,daily,OBM v0.1.0
2016-02-01,obm_cdd_per_supply_days_daily,0.891408399216,days,daily,OBM v0.1.0
2016-02-02,obm_cdd_per_supply_days_daily,0.280958644779,days,daily,OBM v0.1.0
2016-02-03,obm_cdd_per_supply_days_daily,0.253081104639,days,daily,OBM v0.1.0
2016-02-04,obm_cdd_per_supply_days_daily,0.487213940037,days,daily,OBM v0.1.0
2016-02-05,obm_cdd_per_supply_days_daily,0.407447928874,days,daily,OBM v0.1.0
2016-02-06,obm_cdd_per_supply_days_daily,0.350383213408,days,daily,OBM v0.1.0
2016-02-07,obm_cdd_per_supply_days_daily,0.306323525201,days,daily,OBM v0.1.0
2016-02-08,obm_cdd_per_supply_days_daily,0.249392193252,days,daily,OBM v0.1.0
2016-02-09,obm_cdd_per_supply_days_daily,0.472379362136,days,daily,OBM v0.1.0
2016-02-10,obm_cdd_per_supply_days_daily,0.449587705112,days,daily,OBM v0.1.0
2016-02-11,obm_cdd_per_supply_days_daily,0.771126597539,days,daily,OBM v0.1.0
2016-02-12,obm_cdd_per_supply_days_daily,0.354706413817,days,daily,OBM v0.1.0
2016-02-13,obm_cdd_per_supply_days_daily,0.312230515735,days,daily,OBM v0.1.0
2016-02-14,obm_cdd_per_supply_days_daily,0.281222439929,days,daily,OBM v0.1.0
2016-02-15,obm_cdd_per_supply_days_daily,0.871532425393,days,daily,OBM v0.1.0
2016-02-16,obm_cdd_per_supply_days_daily,0.697326754689,days,daily,OBM v0.1.0
2016-02-17,obm_cdd_per_supply_days_daily,0.583236499967,days,daily,OBM v0.1.0
2016-02-18,obm_cdd_per_supply_days_daily,0.233485072794,days,daily,OBM v0.1.0
2016-02-19,obm_cdd_per_supply_days_daily,0.659877009170,days,daily,OBM v0.1.0
2016-02-20,obm_cdd_per_supply_days_daily,0.394069086708,days,daily,OBM v0.1.0
2016-02-21,obm_cdd_per_supply_days_daily,0.311459228825,days,daily,OBM v0.1.0
2016-02-22,obm_cdd_per_supply_days_daily,0.409045691420,days,daily,OBM v0.1.0
2016-02-23,obm_cdd_per_supply_days_daily,0.331714022834,days,daily,OBM v0.1.0
2016-02-24,obm_cdd_per_supply_days_daily,0.642174759010,days,daily,OBM v0.1.0
2016-02-25,obm_cdd_per_supply_days_daily,0.652663487492,days,daily,OBM v0.1.0
2016-02-26,obm_cdd_per_supply_days_daily,0.374663818775,days,daily,OBM v0.1.0
2016-02-27,obm_cdd_per_supply_days_daily,0.267597749266,days,daily,OBM v0.1.0
2016-02-28,obm_cdd_per_supply_days_daily,0.699655653994,days,daily,OBM v0.1.0
2016-02-29,obm_cdd_per_supply_days_daily,0.870194749047,days,daily,OBM v0.1.0
2016-03-01,obm_cdd_per_supply_days_daily,2.580317894504,days,daily,OBM v0.1.0
2016-03-02,obm_cdd_per_supply_days_daily,0.667062189837,days,daily,OBM v0.1.0
2016-03-03,obm_cdd_per_supply_days_daily,0.996346268887,days,daily,OBM v0.1.0
2016-03-04,obm_cdd_per_supply_days_daily,0.643441187554,days,daily,OBM v0.1.0
2016-03-05,obm_cdd_per_supply_days_daily,1.937011114941,days,daily,OBM v0.1.0
2016-03-06,obm_cdd_per_supply_days_daily,0.603076376310,days,daily,OBM v0.1.0
2016-03-07,obm_cdd_per_supply_days_daily,0.904885222943,days,daily,OBM v0.1.0
2016-03-08,obm_cdd_per_supply_days_daily,0.676991141388,days,daily,OBM v0.1.0
2016-03-09,obm_cdd_per_supply_days_daily,0.861462804782,days,daily,OBM v0.1.0
2016-03-10,obm_cdd_per_supply_days_daily,0.872585990191,days,daily,OBM v0.1.0
2016-03-11,obm_cdd_per_supply_days_daily,0.488028118863,days,daily,OBM v0.1.0
2016-03-12,obm_cdd_per_supply_days_daily,0.427068701794,days,daily,OBM v0.1.0
2016-03-13,obm_cdd_per_supply_days_daily,0.564349768455,days,daily,OBM v0.1.0
2016-03-14,obm_cdd_per_supply_days_daily,0.716436062312,days,daily,OBM v0.1.0
2016-03-15,obm_cdd_per_supply_days_daily,0.582787464141,days,daily,OBM v0.1.0
2016-03-16,obm_cdd_per_supply_days_daily,0.531453501653,days,daily,OBM v0.1.0
2016-03-17,obm_cdd_per_supply_days_daily,0.500762463049,days,daily,OBM v0.1.0
2016-03-18,obm_cdd_per_supply_days_daily,0.456341040666,days,daily,OBM v0.1.0
2016-03-19,obm_cdd_per_supply_days_daily,0.336017822377,days,daily,OBM v0.1.0
2016-03-20,obm_cdd_per_supply_days_daily,0.261439526551,days,daily,OBM v0.1.0
2016-03-21,obm_cdd_per_supply_days_daily,0.910077715843,days,daily,OBM v0.1.0
2016-03-22,obm_cdd_per_supply_days_daily,0.613774899633,days,daily,OBM v0.1.0
2016-03-23,obm_cdd_per_supply_days_daily,0.243369808476,days,daily,OBM v0.1.0
2016-03-24,obm_cdd_per_supply_days_daily,0.372974905174,days,daily,OBM v0.1.0
2016-03-25,obm_cdd_per_supply_days_daily,0.611908612088,days,daily,OBM v0.1.0
2016-03-26,obm_cdd_per_supply_days_daily,0.461691389024,days,daily,OBM v0.1.0
2016-03-27,obm_cdd_per_supply_days_daily,0.268947094619,days,daily,OBM v0.1.0
2016-03-28,obm_cdd_per_supply_days_daily,0.494091559495,days,daily,OBM v0.1.0
2016-03-29,obm_cdd_per_supply_days_daily,0.380729308528,days,daily,OBM v0.1.0
2016-03-30,obm_cdd_per_supply_days_daily,0.484357006718,days,daily,OBM v0.1.0
2016-03-31,obm_cdd_per_supply_days_daily,0.613298266209,days,daily,OBM v0.1.0
2016-04-01,obm_cdd_per_supply_days_daily,0.450085410730,days,daily,OBM v0.1.0
2016-04-02,obm_cdd_per_supply_days_daily,0.300393975686,days,daily,OBM v0.1.0
2016-04-03,obm_cdd_per_supply_days_daily,0.387230108304,days,daily,OBM v0.1.0
2016-04-04,obm_cdd_per_supply_days_daily,0.281841126058,days,daily,OBM v0.1.0
2016-04-05,obm_cdd_per_supply_days_daily,0.405938148843,days,daily,OBM v0.1.0
2016-04-06,obm_cdd_per_supply_days_daily,0.626447063753,days,daily,OBM v0.1.0
2016-04-07,obm_cdd_per_supply_days_daily,1.475768615888,days,daily,OBM v0.1.0
2016-04-08,obm_cdd_per_supply_days_daily,0.335531424241,days,daily,OBM v0.1.0
2016-04-09,obm_cdd_per_supply_days_daily,0.180669101405,days,daily,OBM v0.1.0
2016-04-10,obm_cdd_per_supply_days_daily,0.838871695452,days,daily,OBM v0.1.0
2016-04-11,obm_cdd_per_supply_days_daily,0.419896049642,days,daily,OBM v0.1.0
2016-04-12,obm_cdd_per_supply_days_daily,0.622898695339,days,daily,OBM v0.1.0
2016-04-13,obm_cdd_per_supply_days_daily,0.273753566813,days,daily,OBM v0.1.0
2016-04-14,obm_cdd_per_supply_days_daily,0.262174294767,days,daily,OBM v0.1.0
2016-04-15,obm_cdd_per_supply_days_daily,0.272210786516,days,daily,OBM v0.1.0
2016-04-16,obm_cdd_per_supply_days_daily,0.355760174141,days,daily,OBM v0.1.0
2016-04-17,obm_cdd_per_supply_days_daily,0.218119434709,days,daily,OBM v0.1.0
2016-04-18,obm_cdd_per_supply_days_daily,0.284482275562,days,daily,OBM v0.1.0
2016-04-19,obm_cdd_per_supply_days_daily,0.284019390810,days,daily,OBM v0.1.0
2016-04-20,obm_cdd_per_supply_days_daily,0.405962764367,days,daily,OBM v0.1.0
2016-04-21,obm_cdd_per_supply_days_daily,0.277348367222,days,daily,OBM v0.1.0
2016-04-22,obm_cdd_per_supply_days_daily,0.439217409407,days,daily,OBM v0.1.0
2016-04-23,obm_cdd_per_supply_days_daily,0.263906730038,days,daily,OBM v0.1.0
2016-04-24,obm_cdd_per_supply_days_daily,0.429666590809,days,daily,OBM v0.1.0
2016-04-25,obm_cdd_per_supply_days_daily,0.877858751857,days,daily,OBM v0.1.0
2016-04-26,obm_cdd_per_supply_days_daily,0.461662953640,days,daily,OBM v0.1.0
2016-04-27,obm_cdd_per_supply_days_daily,0.361827380700,days,daily,OBM v0.1.0
2016-04-28,obm_cdd_per_supply_days_daily,0.458752605179,days,daily,OBM v0.1.0
2016-04-29,obm_cdd_per_supply_days_daily,0.393845093171,days,daily,OBM v0.1.0
2016-04-30,obm_cdd_per_supply_days_daily,0.224198887512,days,daily,OBM v0.1.0
2016-05-01,obm_cdd_per_supply_days_daily,0.368206957334,days,daily,OBM v0.1.0
2016-05-02,obm_cdd_per_supply_days_daily,0.230349398586,days,daily,OBM v0.1.0
2016-05-03,obm_cdd_per_supply_days_daily,0.181414950617,days,daily,OBM v0.1.0
2016-05-04,obm_cdd_per_supply_days_daily,0.407069511077,days,daily,OBM v0.1.0
2016-05-05,obm_cdd_per_supply_days_daily,0.217551313889,days,daily,OBM v0.1.0
2016-05-06,obm_cdd_per_supply_days_daily,0.404159483322,days,daily,OBM v0.1.0
2016-05-07,obm_cdd_per_supply_days_daily,0.652071446357,days,daily,OBM v0.1.0
2016-05-08,obm_cdd_per_supply_days_daily,0.217404417917,days,daily,OBM v0.1.0
2016-05-09,obm_cdd_per_supply_days_daily,0.370407380005,days,daily,OBM v0.1.0
2016-05-10,obm_cdd_per_supply_days_daily,0.574044620645,days,daily,OBM v0.1.0
2016-05-11,obm_cdd_per_supply_days_daily,0.509417672755,days,daily,OBM v0.1.0
2016-05-12,obm_cdd_per_supply_days_daily,0.347165377615,days,daily,OBM v0.1.0
2016-05-13,obm_cdd_per_supply_days_daily,0.291400663833,days,daily,OBM v0.1.0
2016-05-14,obm_cdd_per_supply_days_daily,0.572141043485,days,daily,OBM v0.1.0
2016-05-15,obm_cdd_per_supply_days_daily,0.163695123214,days,daily,OBM v0.1.0
2016-05-16,obm_cdd_per_supply_days_daily,0.517680792974,days,daily,OBM v0.1.0
2016-05-17,obm_cdd_per_supply_days_daily,3.233656134540,days,daily,OBM v0.1.0
2016-05-18,obm_cdd_per_supply_days_daily,0.566307075721,days,daily,OBM v0.1.0
2016-05-19,obm_cdd_per_supply_days_daily,0.771738846086,days,daily,OBM v0.1.0
2016-05-20,obm_cdd_per_supply_days_daily,0.751917033508,days,daily,OBM v0.1.0
2016-05-21,obm_cdd_per_supply_days_daily,0.268284716865,days,daily,OBM v0.1.0
2016-05-22,obm_cdd_per_supply_days_daily,0.308477836178,days,daily,OBM v0.1.0
2016-05-23,obm_cdd_per_supply_days_daily,0.402857232894,days,daily,OBM v0.1.0
2016-05-24,obm_cdd_per_supply_days_daily,0.314493393046,days,daily,OBM v0.1.0
2016-05-25,obm_cdd_per_supply_days_daily,0.528584165124,days,daily,OBM v0.1.0
2016-05-26,obm_cdd_per_supply_days_daily,0.402470618159,days,daily,OBM v0.1.0
2016-05-27,obm_cdd_per_supply_days_daily,2.222756721501,days,daily,OBM v0.1.0
2016-05-28,obm_cdd_per_supply_days_daily,0.666207950861,days,daily,OBM v0.1.0
2016-05-29,obm_cdd_per_supply_days_daily,0.838401237801,days,daily,OBM v0.1.0
2016-05-30,obm_cdd_per_supply_days_daily,0.493022068197,days,daily,OBM v0.1.0
2016-05-31,obm_cdd_per_supply_days_daily,0.631231433292,days,daily,OBM v0.1.0
2016-06-01,obm_cdd_per_supply_days_daily,0.599436668284,days,daily,OBM v0.1.0
2016-06-02,obm_cdd_per_supply_days_daily,1.178010605574,days,daily,OBM v0.1.0
2016-06-03,obm_cdd_per_supply_days_daily,0.331772795764,days,daily,OBM v0.1.0
2016-06-04,obm_cdd_per_supply_days_daily,0.251781417944,days,daily,OBM v0.1.0
2016-06-05,obm_cdd_per_supply_days_daily,0.411753216681,days,daily,OBM v0.1.0
2016-06-06,obm_cdd_per_supply_days_daily,0.711626593517,days,daily,OBM v0.1.0
2016-06-07,obm_cdd_per_supply_days_daily,0.739087679708,days,daily,OBM v0.1.0
2016-06-08,obm_cdd_per_supply_days_daily,0.362938787708,days,daily,OBM v0.1.0
2016-06-09,obm_cdd_per_supply_days_daily,0.410720544835,days,daily,OBM v0.1.0
2016-06-10,obm_cdd_per_supply_days_daily,0.457908453280,days,daily,OBM v0.1.0
2016-06-11,obm_cdd_per_supply_days_daily,0.409438427085,days,daily,OBM v0.1.0
2016-06-12,obm_cdd_per_supply_days_daily,1.746386861828,days,daily,OBM v0.1.0
2016-06-13,obm_cdd_per_supply_days_daily,1.072930062555,days,daily,OBM v0.1.0
2016-06-14,obm_cdd_per_supply_days_daily,1.085683321263,days,daily,OBM v0.1.0
2016-06-15,obm_cdd_per_supply_days_daily,1.200010617912,days,daily,OBM v0.1.0
2016-06-16,obm_cdd_per_supply_days_daily,1.394681989013,days,daily,OBM v0.1.0
2016-06-17,obm_cdd_per_supply_days_daily,0.612307361772,days,daily,OBM v0.1.0
2016-06-18,obm_cdd_per_supply_days_daily,0.465374364125,days,daily,OBM v0.1.0
2016-06-19,obm_cdd_per_supply_days_daily,0.342345761658,days,daily,OBM v0.1.0
2016-06-20,obm_cdd_per_supply_days_daily,0.807512320836,days,daily,OBM v0.1.0
2016-06-21,obm_cdd_per_supply_days_daily,0.864461837445,days,daily,OBM v0.1.0
2016-06-22,obm_cdd_per_supply_days_daily,0.521488952759,days,daily,OBM v0.1.0
2016-06-23,obm_cdd_per_supply_days_daily,0.357914953062,days,daily,OBM v0.1.0
2016-06-24,obm_cdd_per_supply_days_daily,0.374922877854,days,daily,OBM v0.1.0
2016-06-25,obm_cdd_per_supply_days_daily,1.059238787928,days,daily,OBM v0.1.0
2016-06-26,obm_cdd_per_supply_days_daily,0.232748609550,days,daily,OBM v0.1.0
2016-06-27,obm_cdd_per_supply_days_daily,0.422619838444,days,daily,OBM v0.1.0
2016-06-28,obm_cdd_per_supply_days_daily,0.233500027557,days,daily,OBM v0.1.0
2016-06-29,obm_cdd_per_supply_days_daily,0.233560583175,days,daily,OBM v0.1.0
2016-06-30,obm_cdd_per_supply_days_daily,1.141790930773,days,daily,OBM v0.1.0
2016-07-01,obm_cdd_per_supply_days_daily,0.287523166795,days,daily,OBM v0.1.0
2016-07-02,obm_cdd_per_supply_days_daily,0.340545559219,days,daily,OBM v0.1.0
2016-07-03,obm_cdd_per_supply_days_daily,0.193167074498,days,daily,OBM v0.1.0
2016-07-04,obm_cdd_per_supply_days_daily,0.232489302914,days,daily,OBM v0.1.0
2016-07-05,obm_cdd_per_supply_days_daily,0.561778071029,days,daily,OBM v0.1.0
2016-07-06,obm_cdd_per_supply_days_daily,0.327658047542,days,daily,OBM v0.1.0
2016-07-07,obm_cdd_per_supply_days_daily,0.434335481614,days,daily,OBM v0.1.0
2016-07-08,obm_cdd_per_supply_days_daily,0.584648191938,days,daily,OBM v0.1.0
2016-07-09,obm_cdd_per_supply_days_daily,0.845024501441,days,daily,OBM v0.1.0
2016-07-10,obm_cdd_per_supply_days_daily,0.752714721490,days,daily,OBM v0.1.0
2016-07-11,obm_cdd_per_supply_days_daily,0.898802487919,days,daily,OBM v0.1.0
2016-07-12,obm_cdd_per_supply_days_daily,0.237229504695,days,daily,OBM v0.1.0
2016-07-13,obm_cdd_per_supply_days_daily,0.236581804010,days,daily,OBM v0.1.0
2016-07-14,obm_cdd_per_supply_days_daily,0.209588289741,days,daily,OBM v0.1.0
2016-07-15,obm_cdd_per_supply_days_daily,0.190025805534,days,daily,OBM v0.1.0
2016-07-16,obm_cdd_per_supply_days_daily,0.152530375141,days,daily,OBM v0.1.0
2016-07-17,obm_cdd_per_supply_days_daily,0.379570089648,days,daily,OBM v0.1.0
2016-07-18,obm_cdd_per_supply_days_daily,0.229248094032,days,daily,OBM v0.1.0
2016-07-19,obm_cdd_per_supply_days_daily,0.635762110775,days,daily,OBM v0.1.0
2016-07-20,obm_cdd_per_supply_days_daily,0.310187615891,days,daily,OBM v0.1.0
2016-07-21,obm_cdd_per_supply_days_daily,0.190525204811,days,daily,OBM v0.1.0
2016-07-22,obm_cdd_per_supply_days_daily,0.331064242871,days,daily,OBM v0.1.0
2016-07-23,obm_cdd_per_supply_days_daily,0.229957169815,days,daily,OBM v0.1.0
2016-07-24,obm_cdd_per_supply_days_daily,0.446424467813,days,daily,OBM v0.1.0
2016-07-25,obm_cdd_per_supply_days_daily,0.374387358545,days,daily,OBM v0.1.0
2016-07-26,obm_cdd_per_supply_days_daily,0.295366056910,days,daily,OBM v0.1.0
2016-07-27,obm_cdd_per_supply_days_daily,0.358207221550,days,daily,OBM v0.1.0
2016-07-28,obm_cdd_per_supply_days_daily,0.301540321312,days,daily,OBM v0.1.0
2016-07-29,obm_cdd_per_supply_days_daily,0.353710293294,days,daily,OBM v0.1.0
2016-07-30,obm_cdd_per_supply_days_daily,0.328049187834,days,daily,OBM v0.1.0
2016-07-31,obm_cdd_per_supply_days_daily,0.280034615405,days,daily,OBM v0.1.0
2016-08-01,obm_cdd_per_supply_days_daily,0.274270578407,days,daily,OBM v0.1.0
2016-08-02,obm_cdd_per_supply_days_daily,0.892058178671,days,daily,OBM v0.1.0
2016-08-03,obm_cdd_per_supply_days_daily,0.468339234522,days,daily,OBM v0.1.0
2016-08-04,obm_cdd_per_supply_days_daily,1.159471920630,days,daily,OBM v0.1.0
2016-08-05,obm_cdd_per_supply_days_daily,0.283979116332,days,daily,OBM v0.1.0
2016-08-06,obm_cdd_per_supply_days_daily,0.257939621231,days,daily,OBM v0.1.0
2016-08-07,obm_cdd_per_supply_days_daily,0.438133261753,days,daily,OBM v0.1.0
2016-08-08,obm_cdd_per_supply_days_daily,0.257507728688,days,daily,OBM v0.1.0
2016-08-09,obm_cdd_per_supply_days_daily,0.222712712000,days,daily,OBM v0.1.0
2016-08-10,obm_cdd_per_supply_days_daily,0.334083534077,days,daily,OBM v0.1.0
2016-08-11,obm_cdd_per_supply_days_daily,0.195332451978,days,daily,OBM v0.1.0
2016-08-12,obm_cdd_per_supply_days_daily,0.186979326525,days,daily,OBM v0.1.0
2016-08-13,obm_cdd_per_supply_days_daily,0.174586157917,days,daily,OBM v0.1.0
2016-08-14,obm_cdd_per_supply_days_daily,0.256527640194,days,daily,OBM v0.1.0
2016-08-15,obm_cdd_per_supply_days_daily,0.161860977747,days,daily,OBM v0.1.0
2016-08-16,obm_cdd_per_supply_days_daily,0.533623325655,days,daily,OBM v0.1.0
2016-08-17,obm_cdd_per_supply_days_daily,0.279633147385,days,daily,OBM v0.1.0
2016-08-18,obm_cdd_per_supply_days_daily,0.283124273998,days,daily,OBM v0.1.0
2016-08-19,obm_cdd_per_supply_days_daily,0.500907093916,days,daily,OBM v0.1.0
2016-08-20,obm_cdd_per_supply_days_daily,1.482199382504,days,daily,OBM v0.1.0
2016-08-21,obm_cdd_per_supply_days_daily,0.200222438075,days,daily,OBM v0.1.0
2016-08-22,obm_cdd_per_supply_days_daily,0.227087634587,days,daily,OBM v0.1.0
2016-08-23,obm_cdd_per_supply_days_daily,0.252373168876,days,daily,OBM v0.1.0
2016-08-24,obm_cdd_per_supply_days_daily,0.271931778859,days,daily,OBM v0.1.0
2016-08-25,obm_cdd_per_supply_days_daily,1.373142682334,days,daily,OBM v0.1.0
2016-08-26,obm_cdd_per_supply_days_daily,0.337498804547,days,daily,OBM v0.1.0
2016-08-27,obm_cdd_per_supply_days_daily,0.130410518998,days,daily,OBM v0.1.0
2016-08-28,obm_cdd_per_supply_days_daily,0.175590609550,days,daily,OBM v0.1.0
2016-08-29,obm_cdd_per_supply_days_daily,0.361216323731,days,daily,OBM v0.1.0
2016-08-30,obm_cdd_per_supply_days_daily,0.684713153415,days,daily,OBM v0.1.0
2016-08-31,obm_cdd_per_supply_days_daily,0.817145086950,days,daily,OBM v0.1.0
2016-09-01,obm_cdd_per_supply_days_daily,0.308515165666,days,daily,OBM v0.1.0
2016-09-02,obm_cdd_per_supply_days_daily,0.205008247985,days,daily,OBM v0.1.0
2016-09-03,obm_cdd_per_supply_days_daily,0.213264489181,days,daily,OBM v0.1.0
2016-09-04,obm_cdd_per_supply_days_daily,0.309114063757,days,daily,OBM v0.1.0
2016-09-05,obm_cdd_per_supply_days_daily,0.216870762946,days,daily,OBM v0.1.0
2016-09-06,obm_cdd_per_supply_days_daily,0.313146038141,days,daily,OBM v0.1.0
2016-09-07,obm_cdd_per_supply_days_daily,0.236518170780,days,daily,OBM v0.1.0
2016-09-08,obm_cdd_per_supply_days_daily,0.461228792904,days,daily,OBM v0.1.0
2016-09-09,obm_cdd_per_supply_days_daily,0.319594109864,days,daily,OBM v0.1.0
2016-09-10,obm_cdd_per_supply_days_daily,0.242678959942,days,daily,OBM v0.1.0
2016-09-11,obm_cdd_per_supply_days_daily,0.371018313985,days,daily,OBM v0.1.0
2016-09-12,obm_cdd_per_supply_days_daily,0.241048383974,days,daily,OBM v0.1.0
2016-09-13,obm_cdd_per_supply_days_daily,0.928881286107,days,daily,OBM v0.1.0
2016-09-14,obm_cdd_per_supply_days_daily,0.336036964986,days,daily,OBM v0.1.0
2016-09-15,obm_cdd_per_supply_days_daily,0.256360778182,days,daily,OBM v0.1.0
2016-09-16,obm_cdd_per_supply_days_daily,0.403651265477,days,daily,OBM v0.1.0
2016-09-17,obm_cdd_per_supply_days_daily,0.236679943783,days,daily,OBM v0.1.0
2016-09-18,obm_cdd_per_supply_days_daily,0.222041629148,days,daily,OBM v0.1.0
2016-09-19,obm_cdd_per_supply_days_daily,0.302512297963,days,daily,OBM v0.1.0
2016-09-20,obm_cdd_per_supply_days_daily,0.781877937049,days,daily,OBM v0.1.0
2016-09-21,obm_cdd_per_supply_days_daily,0.371525245601,days,daily,OBM v0.1.0
2016-09-22,obm_cdd_per_supply_days_daily,0.196131850253,days,daily,OBM v0.1.0
2016-09-23,obm_cdd_per_supply_days_daily,0.241972982309,days,daily,OBM v0.1.0
2016-09-24,obm_cdd_per_supply_days_daily,0.768283804166,days,daily,OBM v0.1.0
2016-09-25,obm_cdd_per_supply_days_daily,0.688653660584,days,daily,OBM v0.1.0
2016-09-26,obm_cdd_per_supply_days_daily,0.289857603811,days,daily,OBM v0.1.0
2016-09-27,obm_cdd_per_supply_days_daily,0.406861654441,days,daily,OBM v0.1.0
2016-09-28,obm_cdd_per_supply_days_daily,0.259010020055,days,daily,OBM v0.1.0
2016-09-29,obm_cdd_per_supply_days_daily,0.239205885573,days,daily,OBM v0.1.0
2016-09-30,obm_cdd_per_supply_days_daily,0.208461547955,days,daily,OBM v0.1.0
2016-10-01,obm_cdd_per_supply_days_daily,0.172650774102,days,daily,OBM v0.1.0
2016-10-02,obm_cdd_per_supply_days_daily,0.149174294404,days,daily,OBM v0.1.0
2016-10-03,obm_cdd_per_supply_days_daily,0.499181271181,days,daily,OBM v0.1.0
2016-10-04,obm_cdd_per_supply_days_daily,0.802914739536,days,daily,OBM v0.1.0
2016-10-05,obm_cdd_per_supply_days_daily,0.293775720908,days,daily,OBM v0.1.0
2016-10-06,obm_cdd_per_supply_days_daily,0.283402801220,days,daily,OBM v0.1.0
2016-10-07,obm_cdd_per_supply_days_daily,0.238075323193,days,daily,OBM v0.1.0
2016-10-08,obm_cdd_per_supply_days_daily,0.266630362114,days,daily,OBM v0.1.0
2016-10-09,obm_cdd_per_supply_days_daily,0.162190444981,days,daily,OBM v0.1.0
2016-10-10,obm_cdd_per_supply_days_daily,0.319091926128,days,daily,OBM v0.1.0
2016-10-11,obm_cdd_per_supply_days_daily,0.569910906306,days,daily,OBM v0.1.0
2016-10-12,obm_cdd_per_supply_days_daily,0.757756140164,days,daily,OBM v0.1.0
2016-10-13,obm_cdd_per_supply_days_daily,0.371587090577,days,daily,OBM v0.1.0
2016-10-14,obm_cdd_per_supply_days_daily,0.288476379639,days,daily,OBM v0.1.0
2016-10-15,obm_cdd_per_supply_days_daily,0.197520280915,days,daily,OBM v0.1.0
2016-10-16,obm_cdd_per_supply_days_daily,0.223751752445,days,daily,OBM v0.1.0
2016-10-17,obm_cdd_per_supply_days_daily,1.092425302765,days,daily,OBM v0.1.0
2016-10-18,obm_cdd_per_supply_days_daily,0.763125585608,days,daily,OBM v0.1.0
2016-10-19,obm_cdd_per_supply_days_daily,0.371649613429,days,daily,OBM v0.1.0
2016-10-20,obm_cdd_per_supply_days_daily,0.389494516597,days,daily,OBM v0.1.0
2016-10-21,obm_cdd_per_supply_days_daily,0.857234474205,days,daily,OBM v0.1.0
2016-10-22,obm_cdd_per_supply_days_daily,0.302603634573,days,daily,OBM v0.1.0
2016-10-23,obm_cdd_per_supply_days_daily,0.271267602630,days,daily,OBM v0.1.0
2016-10-24,obm_cdd_per_supply_days_daily,0.873100971942,days,daily,OBM v0.1.0
2016-10-25,obm_cdd_per_supply_days_daily,0.494956682478,days,daily,OBM v0.1.0
2016-10-26,obm_cdd_per_supply_days_daily,0.653990752988,days,daily,OBM v0.1.0
2016-10-27,obm_cdd_per_supply_days_daily,0.659186429044,days,daily,OBM v0.1.0
2016-10-28,obm_cdd_per_supply_days_daily,0.384456298427,days,daily,OBM v0.1.0
2016-10-29,obm_cdd_per_supply_days_daily,0.440807894489,days,daily,OBM v0.1.0
2016-10-30,obm_cdd_per_supply_days_daily,0.255546402599,days,daily,OBM v0.1.0
2016-10-31,obm_cdd_per_supply_days_daily,0.438209397754,days,daily,OBM v0.1.0
2016-11-01,obm_cdd_per_supply_days_daily,0.417167758586,days,daily,OBM v0.1.0
2016-11-02,obm_cdd_per_supply_days_daily,0.360552032975,days,daily,OBM v0.1.0
2016-11-03,obm_cdd_per_supply_days_daily,0.433700403338,days,daily,OBM v0.1.0
2016-11-04,obm_cdd_per_supply_days_daily,0.333158436037,days,daily,OBM v0.1.0
2016-11-05,obm_cdd_per_supply_days_daily,0.200087034628,days,daily,OBM v0.1.0
2016-11-06,obm_cdd_per_supply_days_daily,0.220266358069,days,daily,OBM v0.1.0
2016-11-07,obm_cdd_per_supply_days_daily,0.293131788217,days,daily,OBM v0.1.0
2016-11-08,obm_cdd_per_supply_days_daily,0.802833593702,days,daily,OBM v0.1.0
2016-11-09,obm_cdd_per_supply_days_daily,0.556266526472,days,daily,OBM v0.1.0
2016-11-10,obm_cdd_per_supply_days_daily,0.666572368249,days,daily,OBM v0.1.0
2016-11-11,obm_cdd_per_supply_days_daily,0.499314641093,days,daily,OBM v0.1.0
2016-11-12,obm_cdd_per_supply_days_daily,0.208685771706,days,daily,OBM v0.1.0
2016-11-13,obm_cdd_per_supply_days_daily,0.200724039129,days,daily,OBM v0.1.0
2016-11-14,obm_cdd_per_supply_days_daily,0.519752470792,days,daily,OBM v0.1.0
2016-11-15,obm_cdd_per_supply_days_daily,0.455492284196,days,daily,OBM v0.1.0
2016-11-16,obm_cdd_per_supply_days_daily,1.138937878771,days,daily,OBM v0.1.0
2016-11-17,obm_cdd_per_supply_days_daily,0.880154412194,days,daily,OBM v0.1.0
2016-11-18,obm_cdd_per_supply_days_daily,0.533340141067,days,daily,OBM v0.1.0
2016-11-19,obm_cdd_per_supply_days_daily,0.286744409706,days,daily,OBM v0.1.0
2016-11-20,obm_cdd_per_supply_days_daily,0.279126237657,days,daily,OBM v0.1.0
2016-11-21,obm_cdd_per_supply_days_daily,0.470949853750,days,daily,OBM v0.1.0
2016-11-22,obm_cdd_per_supply_days_daily,1.157782336964,days,daily,OBM v0.1.0
2016-11-23,obm_cdd_per_supply_days_daily,0.439749487042,days,daily,OBM v0.1.0
2016-11-24,obm_cdd_per_supply_days_daily,2.287413328819,days,daily,OBM v0.1.0
2016-11-25,obm_cdd_per_supply_days_daily,0.325214275040,days,daily,OBM v0.1.0
2016-11-26,obm_cdd_per_supply_days_daily,0.490210485455,days,daily,OBM v0.1.0
2016-11-27,obm_cdd_per_supply_days_daily,0.320190623632,days,daily,OBM v0.1.0
2016-11-28,obm_cdd_per_supply_days_daily,0.476387727335,days,daily,OBM v0.1.0
2016-11-29,obm_cdd_per_supply_days_daily,0.402299542965,days,daily,OBM v0.1.0
2016-11-30,obm_cdd_per_supply_days_daily,0.466451730043,days,daily,OBM v0.1.0
2016-12-01,obm_cdd_per_supply_days_daily,0.556791351248,days,daily,OBM v0.1.0
2016-12-02,obm_cdd_per_supply_days_daily,0.644788454620,days,daily,OBM v0.1.0
2016-12-03,obm_cdd_per_supply_days_daily,2.622651102459,days,daily,OBM v0.1.0
2016-12-04,obm_cdd_per_supply_days_daily,0.190289013986,days,daily,OBM v0.1.0
2016-12-05,obm_cdd_per_supply_days_daily,0.586638538628,days,daily,OBM v0.1.0
2016-12-06,obm_cdd_per_supply_days_daily,0.332039542744,days,daily,OBM v0.1.0
2016-12-07,obm_cdd_per_supply_days_daily,0.400626350254,days,daily,OBM v0.1.0
2016-12-08,obm_cdd_per_supply_days_daily,0.711874015281,days,daily,OBM v0.1.0
2016-12-09,obm_cdd_per_supply_days_daily,0.291816920560,days,daily,OBM v0.1.0
2016-12-10,obm_cdd_per_supply_days_daily,0.579754256225,days,daily,OBM v0.1.0
2016-12-11,obm_cdd_per_supply_days_daily,0.312553710746,days,daily,OBM v0.1.0
2016-12-12,obm_cdd_per_supply_days_daily,0.382851721582,days,daily,OBM v0.1.0
2016-12-13,obm_cdd_per_supply_days_daily,0.715502846225,days,daily,OBM v0.1.0
2016-12-14,obm_cdd_per_supply_days_daily,0.474886348270,days,daily,OBM v0.1.0
2016-12-15,obm_cdd_per_supply_days_daily,0.522529771361,days,daily,OBM v0.1.0
2016-12-16,obm_cdd_per_supply_days_daily,0.661061434575,days,daily,OBM v0.1.0
2016-12-17,obm_cdd_per_supply_days_daily,0.459058859149,days,daily,OBM v0.1.0
2016-12-18,obm_cdd_per_supply_days_daily,0.758789860281,days,daily,OBM v0.1.0
2016-12-19,obm_cdd_per_supply_days_daily,0.310853271559,days,daily,OBM v0.1.0
2016-12-20,obm_cdd_per_supply_days_daily,0.654704173725,days,daily,OBM v0.1.0
2016-12-21,obm_cdd_per_supply_days_daily,1.862526877917,days,daily,OBM v0.1.0
2016-12-22,obm_cdd_per_supply_days_daily,1.493226972075,days,daily,OBM v0.1.0
2016-12-23,obm_cdd_per_supply_days_daily,1.225732223056,days,daily,OBM v0.1.0
2016-12-24,obm_cdd_per_supply_days_daily,0.604351849961,days,daily,OBM v0.1.0
2016-12-25,obm_cdd_per_supply_days_daily,0.464147705784,days,daily,OBM v0.1.0
2016-12-26,obm_cdd_per_supply_days_daily,0.378870364139,days,daily,OBM v0.1.0
2016-12-27,obm_cdd_per_supply_days_daily,0.657258441400,days,daily,OBM v0.1.0
2016-12-28,obm_cdd_per_supply_days_daily,1.558863947445,days,daily,OBM v0.1.0
2016-12-29,obm_cdd_per_supply_days_daily,1.273882653052,days,daily,OBM v0.1.0
2016-12-30,obm_cdd_per_supply_days_daily,0.760916148197,days,daily,OBM v0.1.0
2016-12-31,obm_cdd_per_supply_days_daily,0.310124789783,days,daily,OBM v0.1.0
2017-01-01,obm_cdd_per_supply_days_daily,0.477059506066,days,daily,OBM v0.1.0
2017-01-02,obm_cdd_per_supply_days_daily,1.031593741278,days,daily,OBM v0.1.0
2017-01-03,obm_cdd_per_supply_days_daily,0.744133429239,days,daily,OBM v0.1.0
2017-01-04,obm_cdd_per_supply_days_daily,1.307502369645,days,daily,OBM v0.1.0
2017-01-05,obm_cdd_per_supply_days_daily,2.949601925080,days,daily,OBM v0.1.0
2017-01-06,obm_cdd_per_supply_days_daily,1.069425330918,days,daily,OBM v0.1.0
2017-01-07,obm_cdd_per_supply_days_daily,0.519367848392,days,daily,OBM v0.1.0
2017-01-08,obm_cdd_per_supply_days_daily,0.502276193326,days,daily,OBM v0.1.0
2017-01-09,obm_cdd_per_supply_days_daily,0.615787869643,days,daily,OBM v0.1.0
2017-01-10,obm_cdd_per_supply_days_daily,0.506967419285,days,daily,OBM v0.1.0
2017-01-11,obm_cdd_per_supply_days_daily,1.141375802862,days,daily,OBM v0.1.0
2017-01-12,obm_cdd_per_supply_days_daily,0.534173855153,days,daily,OBM v0.1.0
2017-01-13,obm_cdd_per_supply_days_daily,0.590584671308,days,daily,OBM v0.1.0
2017-01-14,obm_cdd_per_supply_days_daily,0.200365199679,days,daily,OBM v0.1.0
2017-01-15,obm_cdd_per_supply_days_daily,0.352574542467,days,daily,OBM v0.1.0
2017-01-16,obm_cdd_per_supply_days_daily,0.350495286410,days,daily,OBM v0.1.0
2017-01-17,obm_cdd_per_supply_days_daily,0.507600037612,days,daily,OBM v0.1.0
2017-01-18,obm_cdd_per_supply_days_daily,0.329656462191,days,daily,OBM v0.1.0
2017-01-19,obm_cdd_per_supply_days_daily,0.247623286485,days,daily,OBM v0.1.0
2017-01-20,obm_cdd_per_supply_days_daily,0.266204592366,days,daily,OBM v0.1.0
2017-01-21,obm_cdd_per_supply_days_daily,0.298409492244,days,daily,OBM v0.1.0
2017-01-22,obm_cdd_per_supply_days_daily,0.384809735174,days,daily,OBM v0.1.0
2017-01-23,obm_cdd_per_supply_days_daily,0.345094738995,days,daily,OBM v0.1.0
2017-01-24,obm_cdd_per_supply_days_daily,0.657869945446,days,daily,OBM v0.1.0
2017-01-25,obm_cdd_per_supply_days_daily,0.561747360984,days,daily,OBM v0.1.0
2017-01-26,obm_cdd_per_supply_days_daily,0.411054782614,days,daily,OBM v0.1.0
2017-01-27,obm_cdd_per_supply_days_daily,0.357571443678,days,daily,OBM v0.1.0
2017-01-28,obm_cdd_per_supply_days_daily,0.192966173763,days,daily,OBM v0.1.0
2017-01-29,obm_cdd_per_supply_days_daily,1.944917200046,days,daily,OBM v0.1.0
2017-01-30,obm_cdd_per_supply_days_daily,0.244912144172,days,daily,OBM v0.1.0
2017-01-31,obm_cdd_per_supply_days_daily,0.471940630970,days,daily,OBM v0.1.0
2017-02-01,obm_cdd_per_supply_days_daily,0.367531571173,days,daily,OBM v0.1.0
2017-02-02,obm_cdd_per_supply_days_daily,0.471287603351,days,daily,OBM v0.1.0
2017-02-03,obm_cdd_per_supply_days_daily,1.220004935230,days,daily,OBM v0.1.0
2017-02-04,obm_cdd_per_supply_days_daily,0.393298137774,days,daily,OBM v0.1.0
2017-02-05,obm_cdd_per_supply_days_daily,0.439989415438,days,daily,OBM v0.1.0
2017-02-06,obm_cdd_per_supply_days_daily,0.770536310550,days,daily,OBM v0.1.0
2017-02-07,obm_cdd_per_supply_days_daily,1.106814530358,days,daily,OBM v0.1.0
2017-02-08,obm_cdd_per_supply_days_daily,0.393114669328,days,daily,OBM v0.1.0
2017-02-09,obm_cdd_per_supply_days_daily,0.889882065746,days,daily,OBM v0.1.0
2017-02-10,obm_cdd_per_supply_days_daily,0.795788444447,days,daily,OBM v0.1.0
2017-02-11,obm_cdd_per_supply_days_daily,0.172667115848,days,daily,OBM v0.1.0
2017-02-12,obm_cdd_per_supply_days_daily,0.341229066137,days,daily,OBM v0.1.0
2017-02-13,obm_cdd_per_supply_days_daily,0.546492004820,days,daily,OBM v0.1.0
2017-02-14,obm_cdd_per_supply_days_daily,0.412324509573,days,daily,OBM v0.1.0
2017-02-15,obm_cdd_per_supply_days_daily,0.212244312084,days,daily,OBM v0.1.0
2017-02-16,obm_cdd_per_supply_days_daily,0.296865918525,days,daily,OBM v0.1.0
2017-02-17,obm_cdd_per_supply_days_daily,0.753439474969,days,daily,OBM v0.1.0
2017-02-18,obm_cdd_per_supply_days_daily,0.357914524556,days,daily,OBM v0.1.0
2017-02-19,obm_cdd_per_supply_days_daily,0.405652235380,days,daily,OBM v0.1.0
2017-02-20,obm_cdd_per_supply_days_daily,0.322536928745,days,daily,OBM v0.1.0
2017-02-21,obm_cdd_per_supply_days_daily,0.656907812605,days,daily,OBM v0.1.0
2017-02-22,obm_cdd_per_supply_days_daily,0.966117562377,days,daily,OBM v0.1.0
2017-02-23,obm_cdd_per_supply_days_daily,0.603320378012,days,daily,OBM v0.1.0
2017-02-24,obm_cdd_per_supply_days_daily,2.086631469900,days,daily,OBM v0.1.0
2017-02-25,obm_cdd_per_supply_days_daily,0.338684507333,days,daily,OBM v0.1.0
2017-02-26,obm_cdd_per_supply_days_daily,0.233187299943,days,daily,OBM v0.1.0
2017-02-27,obm_cdd_per_supply_days_daily,0.456529932942,days,daily,OBM v0.1.0
2017-02-28,obm_cdd_per_supply_days_daily,0.381945223287,days,daily,OBM v0.1.0
2017-03-01,obm_cdd_per_supply_days_daily,0.529866815268,days,daily,OBM v0.1.0
2017-03-02,obm_cdd_per_supply_days_daily,0.694899811315,days,daily,OBM v0.1.0
2017-03-03,obm_cdd_per_supply_days_daily,1.750951109359,days,daily,OBM v0.1.0
2017-03-04,obm_cdd_per_supply_days_daily,0.411099821330,days,daily,OBM v0.1.0
2017-03-05,obm_cdd_per_supply_days_daily,0.396526919015,days,daily,OBM v0.1.0
2017-03-06,obm_cdd_per_supply_days_daily,0.680851938133,days,daily,OBM v0.1.0
2017-03-07,obm_cdd_per_supply_days_daily,0.729903552810,days,daily,OBM v0.1.0
2017-03-08,obm_cdd_per_supply_days_daily,0.814541355511,days,daily,OBM v0.1.0
2017-03-09,obm_cdd_per_supply_days_daily,0.684928993559,days,daily,OBM v0.1.0
2017-03-10,obm_cdd_per_supply_days_daily,0.995521689165,days,daily,OBM v0.1.0
2017-03-11,obm_cdd_per_supply_days_daily,0.486210414913,days,daily,OBM v0.1.0
2017-03-12,obm_cdd_per_supply_days_daily,0.360314122083,days,daily,OBM v0.1.0
2017-03-13,obm_cdd_per_supply_days_daily,1.522026067556,days,daily,OBM v0.1.0
2017-03-14,obm_cdd_per_supply_days_daily,0.448017821752,days,daily,OBM v0.1.0
2017-03-15,obm_cdd_per_supply_days_daily,0.740319765807,days,daily,OBM v0.1.0
2017-03-16,obm_cdd_per_supply_days_daily,1.123737985807,days,daily,OBM v0.1.0
2017-03-17,obm_cdd_per_supply_days_daily,1.480825550996,days,daily,OBM v0.1.0
2017-03-18,obm_cdd_per_supply_days_daily,1.932428377831,days,daily,OBM v0.1.0
2017-03-19,obm_cdd_per_supply_days_daily,1.088524328024,days,daily,OBM v0.1.0
2017-03-20,obm_cdd_per_supply_days_daily,0.674943882601,days,daily,OBM v0.1.0
2017-03-21,obm_cdd_per_supply_days_daily,0.925009238182,days,daily,OBM v0.1.0
2017-03-22,obm_cdd_per_supply_days_daily,1.144232267280,days,daily,OBM v0.1.0
2017-03-23,obm_cdd_per_supply_days_daily,0.554953974410,days,daily,OBM v0.1.0
2017-03-24,obm_cdd_per_supply_days_daily,5.665104032699,days,daily,OBM v0.1.0
2017-03-25,obm_cdd_per_supply_days_daily,1.890560541965,days,daily,OBM v0.1.0
2017-03-26,obm_cdd_per_supply_days_daily,1.359863698706,days,daily,OBM v0.1.0
2017-03-27,obm_cdd_per_supply_days_daily,0.772974399159,days,daily,OBM v0.1.0
2017-03-28,obm_cdd_per_supply_days_daily,0.790512219186,days,daily,OBM v0.1.0
2017-03-29,obm_cdd_per_supply_days_daily,0.589858804063,days,daily,OBM v0.1.0
2017-03-30,obm_cdd_per_supply_days_daily,0.684875021672,days,daily,OBM v0.1.0
2017-03-31,obm_cdd_per_supply_days_daily,0.885597770833,days,daily,OBM v0.1.0
2017-04-01,obm_cdd_per_supply_days_daily,0.685120039877,days,daily,OBM v0.1.0
2017-04-02,obm_cdd_per_supply_days_daily,0.671291722396,days,daily,OBM v0.1.0
2017-04-03,obm_cdd_per_supply_days_daily,0.594440624243,days,daily,OBM v0.1.0
2017-04-04,obm_cdd_per_supply_days_daily,0.352354182133,days,daily,OBM v0.1.0
2017-04-05,obm_cdd_per_supply_days_daily,0.570008980715,days,daily,OBM v0.1.0
2017-04-06,obm_cdd_per_supply_days_daily,0.489104758297,days,daily,OBM v0.1.0
2017-04-07,obm_cdd_per_supply_days_daily,1.264712487636,days,daily,OBM v0.1.0
2017-04-08,obm_cdd_per_supply_days_daily,0.410620962992,days,daily,OBM v0.1.0
2017-04-09,obm_cdd_per_supply_days_daily,0.311958802185,days,daily,OBM v0.1.0
2017-04-10,obm_cdd_per_supply_days_daily,0.508873089963,days,daily,OBM v0.1.0
2017-04-11,obm_cdd_per_supply_days_daily,0.401955136041,days,daily,OBM v0.1.0
2017-04-12,obm_cdd_per_supply_days_daily,0.967757188914,days,daily,OBM v0.1.0
2017-04-13,obm_cdd_per_supply_days_daily,0.286646596005,days,daily,OBM v0.1.0
2017-04-14,obm_cdd_per_supply_days_daily,0.991444832262,days,daily,OBM v0.1.0
2017-04-15,obm_cdd_per_supply_days_daily,0.278215382263,days,daily,OBM v0.1.0
2017-04-16,obm_cdd_per_supply_days_daily,0.222443877087,days,daily,OBM v0.1.0
2017-04-17,obm_cdd_per_supply_days_daily,0.661129725784,days,daily,OBM v0.1.0
2017-04-18,obm_cdd_per_supply_days_daily,0.592977517885,days,daily,OBM v0.1.0
2017-04-19,obm_cdd_per_supply_days_daily,0.466690680922,days,daily,OBM v0.1.0
2017-04-20,obm_cdd_per_supply_days_daily,0.393650092681,days,daily,OBM v0.1.0
2017-04-21,obm_cdd_per_supply_days_daily,0.309087644622,days,daily,OBM v0.1.0
2017-04-22,obm_cdd_per_supply_days_daily,0.218765135406,days,daily,OBM v0.1.0
2017-04-23,obm_cdd_per_supply_days_daily,0.315969350794,days,daily,OBM v0.1.0
2017-04-24,obm_cdd_per_supply_days_daily,0.668927129216,days,daily,OBM v0.1.0
2017-04-25,obm_cdd_per_supply_days_daily,0.549593554318,days,daily,OBM v0.1.0
2017-04-26,obm_cdd_per_supply_days_daily,0.501292412263,days,daily,OBM v0.1.0
2017-04-27,obm_cdd_per_supply_days_daily,0.384101294499,days,daily,OBM v0.1.0
2017-04-28,obm_cdd_per_supply_days_daily,1.621541958882,days,daily,OBM v0.1.0
2017-04-29,obm_cdd_per_supply_days_daily,0.518674669392,days,daily,OBM v0.1.0
2017-04-30,obm_cdd_per_supply_days_daily,0.847185604518,days,daily,OBM v0.1.0
2017-05-01,obm_cdd_per_supply_days_daily,2.098788156641,days,daily,OBM v0.1.0
2017-05-02,obm_cdd_per_supply_days_daily,1.208966529670,days,daily,OBM v0.1.0
2017-05-03,obm_cdd_per_supply_days_daily,0.675286283715,days,daily,OBM v0.1.0
2017-05-04,obm_cdd_per_supply_days_daily,1.108212315179,days,daily,OBM v0.1.0
2017-05-05,obm_cdd_per_supply_days_daily,1.899722398136,days,daily,OBM v0.1.0
2017-05-06,obm_cdd_per_supply_days_daily,0.454170034908,days,daily,OBM v0.1.0
2017-05-07,obm_cdd_per_supply_days_daily,0.475895863563,days,daily,OBM v0.1.0
2017-05-08,obm_cdd_per_supply_days_daily,1.063055449841,days,daily,OBM v0.1.0
2017-05-09,obm_cdd_per_supply_days_daily,1.489226035816,days,daily,OBM v0.1.0
2017-05-10,obm_cdd_per_supply_days_daily,0.675264957108,days,daily,OBM v0.1.0
2017-05-11,obm_cdd_per_supply_days_daily,2.211670644167,days,daily,OBM v0.1.0
2017-05-12,obm_cdd_per_supply_days_daily,0.776804544190,days,daily,OBM v0.1.0
2017-05-13,obm_cdd_per_supply_days_daily,0.522604855680,days,daily,OBM v0.1.0
2017-05-14,obm_cdd_per_supply_days_daily,0.315594019314,days,daily,OBM v0.1.0
2017-05-15,obm_cdd_per_supply_days_daily,0.804747721350,days,daily,OBM v0.1.0
2017-05-16,obm_cdd_per_supply_days_daily,0.508913780325,days,daily,OBM v0.1.0
2017-05-17,obm_cdd_per_supply_days_daily,1.169437781691,days,daily,OBM v0.1.0
2017-05-18,obm_cdd_per_supply_days_daily,0.521172153475,days,daily,OBM v0.1.0
2017-05-19,obm_cdd_per_supply_days_daily,1.100160445436,days,daily,OBM v0.1.0
2017-05-20,obm_cdd_per_supply_days_daily,0.720987108161,days,daily,OBM v0.1.0
2017-05-21,obm_cdd_per_supply_days_daily,0.699335558177,days,daily,OBM v0.1.0
2017-05-22,obm_cdd_per_supply_days_daily,1.899420479480,days,daily,OBM v0.1.0
2017-05-23,obm_cdd_per_supply_days_daily,1.575666217434,days,daily,OBM v0.1.0
2017-05-24,obm_cdd_per_supply_days_daily,2.279762614809,days,daily,OBM v0.1.0
2017-05-25,obm_cdd_per_supply_days_daily,3.547356384522,days,daily,OBM v0.1.0
2017-05-26,obm_cdd_per_supply_days_daily,1.147666589587,days,daily,OBM v0.1.0
2017-05-27,obm_cdd_per_supply_days_daily,0.875770438271,days,daily,OBM v0.1.0
2017-05-28,obm_cdd_per_supply_days_daily,0.727026855791,days,daily,OBM v0.1.0
2017-05-29,obm_cdd_per_supply_days_daily,0.646639310054,days,daily,OBM v0.1.0
2017-05-30,obm_cdd_per_supply_days_daily,1.034059032557,days,daily,OBM v0.1.0
2017-05-31,obm_cdd_per_supply_days_daily,1.886548406827,days,daily,OBM v0.1.0
2017-06-01,obm_cdd_per_supply_days_daily,1.084799149394,days,daily,OBM v0.1.0
2017-06-02,obm_cdd_per_supply_days_daily,0.560237039471,days,daily,OBM v0.1.0
2017-06-03,obm_cdd_per_supply_days_daily,0.536871992969,days,daily,OBM v0.1.0
2017-06-04,obm_cdd_per_supply_days_daily,0.729023860890,days,daily,OBM v0.1.0
2017-06-05,obm_cdd_per_supply_days_daily,0.808488891334,days,daily,OBM v0.1.0
2017-06-06,obm_cdd_per_supply_days_daily,0.903792338867,days,daily,OBM v0.1.0
2017-06-07,obm_cdd_per_supply_days_daily,0.612618694962,days,daily,OBM v0.1.0
2017-06-08,obm_cdd_per_supply_days_daily,0.740643127869,days,daily,OBM v0.1.0
2017-06-09,obm_cdd_per_supply_days_daily,1.055959094224,days,daily,OBM v0.1.0
2017-06-10,obm_cdd_per_supply_days_daily,2.386211524769,days,daily,OBM v0.1.0
2017-06-11,obm_cdd_per_supply_days_daily,0.714081155459,days,daily,OBM v0.1.0
2017-06-12,obm_cdd_per_supply_days_daily,4.315589724685,days,daily,OBM v0.1.0
2017-06-13,obm_cdd_per_supply_days_daily,4.728228752737,days,daily,OBM v0.1.0
2017-06-14,obm_cdd_per_supply_days_daily,1.176703986158,days,daily,OBM v0.1.0
2017-06-15,obm_cdd_per_supply_days_daily,0.968044752313,days,daily,OBM v0.1.0
2017-06-16,obm_cdd_per_supply_days_daily,1.661194126525,days,daily,OBM v0.1.0
2017-06-17,obm_cdd_per_supply_days_daily,0.417514880435,days,daily,OBM v0.1.0
2017-06-18,obm_cdd_per_supply_days_daily,1.369566525418,days,daily,OBM v0.1.0
2017-06-19,obm_cdd_per_supply_days_daily,0.930402306535,days,daily,OBM v0.1.0
2017-06-20,obm_cdd_per_supply_days_daily,0.986918552106,days,daily,OBM v0.1.0
2017-06-21,obm_cdd_per_supply_days_daily,0.653050881793,days,daily,OBM v0.1.0
2017-06-22,obm_cdd_per_supply_days_daily,0.889756433694,days,daily,OBM v0.1.0
2017-06-23,obm_cdd_per_supply_days_daily,0.519899072599,days,daily,OBM v0.1.0
2017-06-24,obm_cdd_per_supply_days_daily,0.593034015441,days,daily,OBM v0.1.0
2017-06-25,obm_cdd_per_supply_days_daily,0.400102137960,days,daily,OBM v0.1.0
2017-06-26,obm_cdd_per_supply_days_daily,0.572613848588,days,daily,OBM v0.1.0
2017-06-27,obm_cdd_per_supply_days_daily,0.566963268841,days,daily,OBM v0.1.0
2017-06-28,obm_cdd_per_supply_days_daily,0.837860778912,days,daily,OBM v0.1.0
2017-06-29,obm_cdd_per_supply_days_daily,0.614566434191,days,daily,OBM v0.1.0
2017-06-30,obm_cdd_per_supply_days_daily,1.063469046836,days,daily,OBM v0.1.0
2017-07-01,obm_cdd_per_supply_days_daily,0.483269241807,days,daily,OBM v0.1.0
2017-07-02,obm_cdd_per_supply_days_daily,0.671923688234,days,daily,OBM v0.1.0
2017-07-03,obm_cdd_per_supply_days_daily,1.043121255415,days,daily,OBM v0.1.0
2017-07-04,obm_cdd_per_supply_days_daily,0.673594760887,days,daily,OBM v0.1.0
2017-07-05,obm_cdd_per_supply_days_daily,1.254386330292,days,daily,OBM v0.1.0
2017-07-06,obm_cdd_per_supply_days_daily,0.575700712806,days,daily,OBM v0.1.0
2017-07-07,obm_cdd_per_supply_days_daily,0.828497057871,days,daily,OBM v0.1.0
2017-07-08,obm_cdd_per_supply_days_daily,0.486025149922,days,daily,OBM v0.1.0
2017-07-09,obm_cdd_per_supply_days_daily,0.577695389479,days,daily,OBM v0.1.0
2017-07-10,obm_cdd_per_supply_days_daily,0.456568498688,days,daily,OBM v0.1.0
2017-07-11,obm_cdd_per_supply_days_daily,0.710084336009,days,daily,OBM v0.1.0
2017-07-12,obm_cdd_per_supply_days_daily,0.502502001058,days,daily,OBM v0.1.0
2017-07-13,obm_cdd_per_supply_days_daily,0.654735102537,days,daily,OBM v0.1.0
2017-07-14,obm_cdd_per_supply_days_daily,0.828725988897,days,daily,OBM v0.1.0
2017-07-15,obm_cdd_per_supply_days_daily,0.529308012600,days,daily,OBM v0.1.0
2017-07-16,obm_cdd_per_supply_days_daily,0.476551454090,days,daily,OBM v0.1.0
2017-07-17,obm_cdd_per_supply_days_daily,1.801521684445,days,daily,OBM v0.1.0
2017-07-18,obm_cdd_per_supply_days_daily,0.595231255694,days,daily,OBM v0.1.0
2017-07-19,obm_cdd_per_supply_days_daily,0.615091440327,days,daily,OBM v0.1.0
2017-07-20,obm_cdd_per_supply_days_daily,0.838519781299,days,daily,OBM v0.1.0
2017-07-21,obm_cdd_per_supply_days_daily,0.654871255013,days,daily,OBM v0.1.0
2017-07-22,obm_cdd_per_supply_days_daily,0.537324594686,days,daily,OBM v0.1.0
2017-07-23,obm_cdd_per_supply_days_daily,0.367091528446,days,daily,OBM v0.1.0
2017-07-24,obm_cdd_per_supply_days_daily,0.858570897925,days,daily,OBM v0.1.0
2017-07-25,obm_cdd_per_supply_days_daily,5.476933724604,days,daily,OBM v0.1.0
2017-07-26,obm_cdd_per_supply_days_daily,0.689096484110,days,daily,OBM v0.1.0
2017-07-27,obm_cdd_per_supply_days_daily,1.477405938832,days,daily,OBM v0.1.0
2017-07-28,obm_cdd_per_supply_days_daily,3.733031225447,days,daily,OBM v0.1.0
2017-07-29,obm_cdd_per_supply_days_daily,6.996221295500,days,daily,OBM v0.1.0
2017-07-30,obm_cdd_per_supply_days_daily,3.576082799528,days,daily,OBM v0.1.0
2017-07-31,obm_cdd_per_supply_days_daily,12.181939031686,days,daily,OBM v0.1.0
2017-08-01,obm_cdd_per_supply_days_daily,2.057629707118,days,daily,OBM v0.1.0
2017-08-02,obm_cdd_per_supply_days_daily,2.303431381373,days,daily,OBM v0.1.0
2017-08-03,obm_cdd_per_supply_days_daily,3.129196526631,days,daily,OBM v0.1.0
2017-08-04,obm_cdd_per_supply_days_daily,6.053904892344,days,daily,OBM v0.1.0
2017-08-05,obm_cdd_per_supply_days_daily,3.509070172233,days,daily,OBM v0.1.0
2017-08-06,obm_cdd_per_supply_days_daily,3.934040498111,days,daily,OBM v0.1.0
2017-08-07,obm_cdd_per_supply_days_daily,1.925841874502,days,daily,OBM v0.1.0
2017-08-08,obm_cdd_per_supply_days_daily,2.393792099861,days,daily,OBM v0.1.0
2017-08-09,obm_cdd_per_supply_days_daily,1.762859483201,days,daily,OBM v0.1.0
2017-08-10,obm_cdd_per_supply_days_daily,0.979116616049,days,daily,OBM v0.1.0
2017-08-11,obm_cdd_per_supply_days_daily,0.949693285195,days,daily,OBM v0.1.0
2017-08-12,obm_cdd_per_supply_days_daily,1.435396686798,days,daily,OBM v0.1.0
2017-08-13,obm_cdd_per_supply_days_daily,1.364461928900,days,daily,OBM v0.1.0
2017-08-14,obm_cdd_per_supply_days_daily,1.093124871315,days,daily,OBM v0.1.0
2017-08-15,obm_cdd_per_supply_days_daily,0.982623609205,days,daily,OBM v0.1.0
2017-08-16,obm_cdd_per_supply_days_daily,0.786973665527,days,daily,OBM v0.1.0
2017-08-17,obm_cdd_per_supply_days_daily,1.236881542116,days,daily,OBM v0.1.0
2017-08-18,obm_cdd_per_supply_days_daily,1.613725342933,days,daily,OBM v0.1.0
2017-08-19,obm_cdd_per_supply_days_daily,1.795673371162,days,daily,OBM v0.1.0
2017-08-20,obm_cdd_per_supply_days_daily,2.178224098087,days,daily,OBM v0.1.0
2017-08-21,obm_cdd_per_supply_days_daily,0.954815618850,days,daily,OBM v0.1.0
2017-08-22,obm_cdd_per_supply_days_daily,1.621306121493,days,daily,OBM v0.1.0
2017-08-23,obm_cdd_per_supply_days_daily,1.857873599857,days,daily,OBM v0.1.0
2017-08-24,obm_cdd_per_supply_days_daily,0.852860730546,days,daily,OBM v0.1.0
2017-08-25,obm_cdd_per_supply_days_daily,0.871079812198,days,daily,OBM v0.1.0
2017-08-26,obm_cdd_per_supply_days_daily,0.811714504443,days,daily,OBM v0.1.0
2017-08-27,obm_cdd_per_supply_days_daily,0.840011201262,days,daily,OBM v0.1.0
2017-08-28,obm_cdd_per_supply_days_daily,0.751820008977,days,daily,OBM v0.1.0
2017-08-29,obm_cdd_per_supply_days_daily,1.687892974246,days,daily,OBM v0.1.0
2017-08-30,obm_cdd_per_supply_days_daily,1.285485918144,days,daily,OBM v0.1.0
2017-08-31,obm_cdd_per_supply_days_daily,1.266697259849,days,daily,OBM v0.1.0
2017-09-01,obm_cdd_per_supply_days_daily,1.095876250307,days,daily,OBM v0.1.0
2017-09-02,obm_cdd_per_supply_days_daily,0.827468287519,days,daily,OBM v0.1.0
2017-09-03,obm_cdd_per_supply_days_daily,0.889183612110,days,daily,OBM v0.1.0
2017-09-04,obm_cdd_per_supply_days_daily,1.134374569586,days,daily,OBM v0.1.0
2017-09-05,obm_cdd_per_supply_days_daily,0.732388699508,days,daily,OBM v0.1.0
2017-09-06,obm_cdd_per_supply_days_daily,0.835721533804,days,daily,OBM v0.1.0
2017-09-07,obm_cdd_per_supply_days_daily,0.907031106519,days,daily,OBM v0.1.0
2017-09-08,obm_cdd_per_supply_days_daily,0.424298894701,days,daily,OBM v0.1.0
2017-09-09,obm_cdd_per_supply_days_daily,0.440056933822,days,daily,OBM v0.1.0
2017-09-10,obm_cdd_per_supply_days_daily,0.627917362044,days,daily,OBM v0.1.0
2017-09-11,obm_cdd_per_supply_days_daily,0.699537865425,days,daily,OBM v0.1.0
2017-09-12,obm_cdd_per_supply_days_daily,0.489063279287,days,daily,OBM v0.1.0
2017-09-13,obm_cdd_per_supply_days_daily,0.752258667517,days,daily,OBM v0.1.0
2017-09-14,obm_cdd_per_supply_days_daily,0.886161111207,days,daily,OBM v0.1.0
2017-09-15,obm_cdd_per_supply_days_daily,1.593223802770,days,daily,OBM v0.1.0
2017-09-16,obm_cdd_per_supply_days_daily,0.708521681337,days,daily,OBM v0.1.0
2017-09-17,obm_cdd_per_supply_days_daily,0.473930795018,days,daily,OBM v0.1.0
2017-09-18,obm_cdd_per_supply_days_daily,0.432162381675,days,daily,OBM v0.1.0
2017-09-19,obm_cdd_per_supply_days_daily,0.605244308000,days,daily,OBM v0.1.0
2017-09-20,obm_cdd_per_supply_days_daily,0.543042171733,days,daily,OBM v0.1.0
2017-09-21,obm_cdd_per_supply_days_daily,0.698900314102,days,daily,OBM v0.1.0
2017-09-22,obm_cdd_per_supply_days_daily,1.153413968760,days,daily,OBM v0.1.0
2017-09-23,obm_cdd_per_supply_days_daily,0.348469125261,days,daily,OBM v0.1.0
2017-09-24,obm_cdd_per_supply_days_daily,0.227332673956,days,daily,OBM v0.1.0
2017-09-25,obm_cdd_per_supply_days_daily,5.378179648221,days,daily,OBM v0.1.0
2017-09-26,obm_cdd_per_supply_days_daily,1.280711223591,days,daily,OBM v0.1.0
2017-09-27,obm_cdd_per_supply_days_daily,0.477017142107,days,daily,OBM v0.1.0
2017-09-28,obm_cdd_per_supply_days_daily,0.648395268077,days,daily,OBM v0.1.0
2017-09-29,obm_cdd_per_supply_days_daily,0.526198651680,days,daily,OBM v0.1.0
2017-09-30,obm_cdd_per_supply_days_daily,0.927476101920,days,daily,OBM v0.1.0
2017-10-01,obm_cdd_per_supply_days_daily,0.573197859673,days,daily,OBM v0.1.0
2017-10-02,obm_cdd_per_supply_days_daily,1.110133772498,days,daily,OBM v0.1.0
2017-10-03,obm_cdd_per_supply_days_daily,0.672115681258,days,daily,OBM v0.1.0
2017-10-04,obm_cdd_per_supply_days_daily,0.504269825232,days,daily,OBM v0.1.0
2017-10-05,obm_cdd_per_supply_days_daily,2.779130408398,days,daily,OBM v0.1.0
2017-10-06,obm_cdd_per_supply_days_daily,0.652191439413,days,daily,OBM v0.1.0
2017-10-07,obm_cdd_per_supply_days_daily,0.631010805420,days,daily,OBM v0.1.0
2017-10-08,obm_cdd_per_supply_days_daily,1.287849728473,days,daily,OBM v0.1.0
2017-10-09,obm_cdd_per_supply_days_daily,1.692884543174,days,daily,OBM v0.1.0
2017-10-10,obm_cdd_per_supply_days_daily,0.886949480616,days,daily,OBM v0.1.0
2017-10-11,obm_cdd_per_supply_days_daily,0.500640504052,days,daily,OBM v0.1.0
2017-10-12,obm_cdd_per_supply_days_daily,0.796375395060,days,daily,OBM v0.1.0
2017-10-13,obm_cdd_per_supply_days_daily,1.554607298623,days,daily,OBM v0.1.0
2017-10-14,obm_cdd_per_supply_days_daily,0.616244031403,days,daily,OBM v0.1.0
2017-10-15,obm_cdd_per_supply_days_daily,1.400300337664,days,daily,OBM v0.1.0
2017-10-16,obm_cdd_per_supply_days_daily,2.131790813417,days,daily,OBM v0.1.0
2017-10-17,obm_cdd_per_supply_days_daily,1.092021100958,days,daily,OBM v0.1.0
2017-10-18,obm_cdd_per_supply_days_daily,0.629036574308,days,daily,OBM v0.1.0
2017-10-19,obm_cdd_per_supply_days_daily,2.312504712809,days,daily,OBM v0.1.0
2017-10-20,obm_cdd_per_supply_days_daily,0.606522054459,days,daily,OBM v0.1.0
2017-10-21,obm_cdd_per_supply_days_daily,0.479989697916,days,daily,OBM v0.1.0
2017-10-22,obm_cdd_per_supply_days_daily,1.509464136963,days,daily,OBM v0.1.0
2017-10-23,obm_cdd_per_supply_days_daily,1.878999876554,days,daily,OBM v0.1.0
2017-10-24,obm_cdd_per_supply_days_daily,1.177075460144,days,daily,OBM v0.1.0
2017-10-25,obm_cdd_per_supply_days_daily,1.380720904269,days,daily,OBM v0.1.0
2017-10-26,obm_cdd_per_supply_days_daily,0.497387098736,days,daily,OBM v0.1.0
2017-10-27,obm_cdd_per_supply_days_daily,0.540071773577,days,daily,OBM v0.1.0
2017-10-28,obm_cdd_per_supply_days_daily,0.349400925528,days,daily,OBM v0.1.0
2017-10-29,obm_cdd_per_supply_days_daily,0.620442978831,days,daily,OBM v0.1.0
2017-10-30,obm_cdd_per_supply_days_daily,0.775780409338,days,daily,OBM v0.1.0
2017-10-31,obm_cdd_per_supply_days_daily,0.788040831593,days,daily,OBM v0.1.0
2017-11-01,obm_cdd_per_supply_days_daily,2.174617693299,days,daily,OBM v0.1.0
2017-11-02,obm_cdd_per_supply_days_daily,1.128879451310,days,daily,OBM v0.1.0
2017-11-03,obm_cdd_per_supply_days_daily,1.152804617414,days,daily,OBM v0.1.0
2017-11-04,obm_cdd_per_supply_days_daily,0.600385955212,days,daily,OBM v0.1.0
2017-11-05,obm_cdd_per_supply_days_daily,2.302432792425,days,daily,OBM v0.1.0
2017-11-06,obm_cdd_per_supply_days_daily,0.554713295061,days,daily,OBM v0.1.0
2017-11-07,obm_cdd_per_supply_days_daily,1.054806049579,days,daily,OBM v0.1.0
2017-11-08,obm_cdd_per_supply_days_daily,1.014271015013,days,daily,OBM v0.1.0
2017-11-09,obm_cdd_per_supply_days_daily,0.919614097183,days,daily,OBM v0.1.0
2017-11-10,obm_cdd_per_supply_days_daily,1.466812161332,days,daily,OBM v0.1.0
2017-11-11,obm_cdd_per_supply_days_daily,2.379441939966,days,daily,OBM v0.1.0
2017-11-12,obm_cdd_per_supply_days_daily,11.173090868585,days,daily,OBM v0.1.0
2017-11-13,obm_cdd_per_supply_days_daily,1.991140927726,days,daily,OBM v0.1.0
2017-11-14,obm_cdd_per_supply_days_daily,1.188657965289,days,daily,OBM v0.1.0
2017-11-15,obm_cdd_per_supply_days_daily,1.168751757359,days,daily,OBM v0.1.0
2017-11-16,obm_cdd_per_supply_days_daily,2.136438790151,days,daily,OBM v0.1.0
2017-11-17,obm_cdd_per_supply_days_daily,1.520390346635,days,daily,OBM v0.1.0
2017-11-18,obm_cdd_per_supply_days_daily,0.885520627347,days,daily,OBM v0.1.0
2017-11-19,obm_cdd_per_supply_days_daily,0.693360372971,days,daily,OBM v0.1.0
2017-11-20,obm_cdd_per_supply_days_daily,1.882885014062,days,daily,OBM v0.1.0
2017-11-21,obm_cdd_per_supply_days_daily,1.107757794500,days,daily,OBM v0.1.0
2017-11-22,obm_cdd_per_supply_days_daily,0.576418515638,days,daily,OBM v0.1.0
2017-11-23,obm_cdd_per_supply_days_daily,0.726117443908,days,daily,OBM v0.1.0
2017-11-24,obm_cdd_per_supply_days_daily,1.552806349660,days,daily,OBM v0.1.0
2017-11-25,obm_cdd_per_supply_days_daily,1.085751055089,days,daily,OBM v0.1.0
2017-11-26,obm_cdd_per_supply_days_daily,1.486328951464,days,daily,OBM v0.1.0
2017-11-27,obm_cdd_per_supply_days_daily,1.146853110529,days,daily,OBM v0.1.0
2017-11-28,obm_cdd_per_supply_days_daily,1.529543669894,days,daily,OBM v0.1.0
2017-11-29,obm_cdd_per_supply_days_daily,1.512295183286,days,daily,OBM v0.1.0
2017-11-30,obm_cdd_per_supply_days_daily,0.976193424666,days,daily,OBM v0.1.0
2017-12-01,obm_cdd_per_supply_days_daily,1.085859113941,days,daily,OBM v0.1.0
2017-12-02,obm_cdd_per_supply_days_daily,0.926462183444,days,daily,OBM v0.1.0
2017-12-03,obm_cdd_per_supply_days_daily,0.807097798415,days,daily,OBM v0.1.0
2017-12-04,obm_cdd_per_supply_days_daily,0.932703459901,days,daily,OBM v0.1.0
2017-12-05,obm_cdd_per_supply_days_daily,0.919596005537,days,daily,OBM v0.1.0
2017-12-06,obm_cdd_per_supply_days_daily,1.309734953047,days,daily,OBM v0.1.0
2017-12-07,obm_cdd_per_supply_days_daily,5.230925167770,days,daily,OBM v0.1.0
2017-12-08,obm_cdd_per_supply_days_daily,2.049767226412,days,daily,OBM v0.1.0
2017-12-09,obm_cdd_per_supply_days_daily,0.963414424410,days,daily,OBM v0.1.0
2017-12-10,obm_cdd_per_supply_days_daily,1.161525888173,days,daily,OBM v0.1.0
2017-12-11,obm_cdd_per_supply_days_daily,0.952298772251,days,daily,OBM v0.1.0
2017-12-12,obm_cdd_per_supply_days_daily,2.528801875278,days,daily,OBM v0.1.0
2017-12-13,obm_cdd_per_supply_days_daily,1.289771920921,days,daily,OBM v0.1.0
2017-12-14,obm_cdd_per_supply_days_daily,1.038112856637,days,daily,OBM v0.1.0
2017-12-15,obm_cdd_per_supply_days_daily,1.204582147831,days,daily,OBM v0.1.0
2017-12-16,obm_cdd_per_supply_days_daily,0.664137015187,days,daily,OBM v0.1.0
2017-12-17,obm_cdd_per_supply_days_daily,2.512562417181,days,daily,OBM v0.1.0
2017-12-18,obm_cdd_per_supply_days_daily,0.964949461751,days,daily,OBM v0.1.0
2017-12-19,obm_cdd_per_supply_days_daily,0.867647650661,days,daily,OBM v0.1.0
2017-12-20,obm_cdd_per_supply_days_daily,2.880338509439,days,daily,OBM v0.1.0
2017-12-21,obm_cdd_per_supply_days_daily,0.799765783093,days,daily,OBM v0.1.0
2017-12-22,obm_cdd_per_supply_days_daily,1.777142946101,days,daily,OBM v0.1.0
2017-12-23,obm_cdd_per_supply_days_daily,0.985821866172,days,daily,OBM v0.1.0
2017-12-24,obm_cdd_per_supply_days_daily,0.810549109256,days,daily,OBM v0.1.0
2017-12-25,obm_cdd_per_supply_days_daily,0.641319080808,days,daily,OBM v0.1.0
2017-12-26,obm_cdd_per_supply_days_daily,0.964479242921,days,daily,OBM v0.1.0
2017-12-27,obm_cdd_per_supply_days_daily,1.139288597623,days,daily,OBM v0.1.0
2017-12-28,obm_cdd_per_supply_days_daily,0.640579731824,days,daily,OBM v0.1.0
2017-12-29,obm_cdd_per_supply_days_daily,1.010550144479,days,daily,OBM v0.1.0
2017-12-30,obm_cdd_per_supply_days_daily,1.620483203846,days,daily,OBM v0.1.0
2017-12-31,obm_cdd_per_supply_days_daily,1.498900029967,days,daily,OBM v0.1.0
2018-01-01,obm_cdd_per_supply_days_daily,0.583751036448,days,daily,OBM v0.1.0
2018-01-02,obm_cdd_per_supply_days_daily,1.392531506566,days,daily,OBM v0.1.0
2018-01-03,obm_cdd_per_supply_days_daily,0.718105166483,days,daily,OBM v0.1.0
2018-01-04,obm_cdd_per_supply_days_daily,0.860173520479,days,daily,OBM v0.1.0
2018-01-05,obm_cdd_per_supply_days_daily,1.525984778178,days,daily,OBM v0.1.0
2018-01-06,obm_cdd_per_supply_days_daily,0.888779487877,days,daily,OBM v0.1.0
2018-01-07,obm_cdd_per_supply_days_daily,5.329513464065,days,daily,OBM v0.1.0
2018-01-08,obm_cdd_per_supply_days_daily,0.510231560354,days,daily,OBM v0.1.0
2018-01-09,obm_cdd_per_supply_days_daily,0.741695999087,days,daily,OBM v0.1.0
2018-01-10,obm_cdd_per_supply_days_daily,0.669035669325,days,daily,OBM v0.1.0
2018-01-11,obm_cdd_per_supply_days_daily,1.176055572780,days,daily,OBM v0.1.0
2018-01-12,obm_cdd_per_supply_days_daily,1.244609809381,days,daily,OBM v0.1.0
2018-01-13,obm_cdd_per_supply_days_daily,0.602468681032,days,daily,OBM v0.1.0
2018-01-14,obm_cdd_per_supply_days_daily,0.651295585429,days,daily,OBM v0.1.0
2018-01-15,obm_cdd_per_supply_days_daily,0.446888938758,days,daily,OBM v0.1.0
2018-01-16,obm_cdd_per_supply_days_daily,1.054844384060,days,daily,OBM v0.1.0
2018-01-17,obm_cdd_per_supply_days_daily,1.592385000688,days,daily,OBM v0.1.0
2018-01-18,obm_cdd_per_supply_days_daily,0.505937258922,days,daily,OBM v0.1.0
2018-01-19,obm_cdd_per_supply_days_daily,0.670872002809,days,daily,OBM v0.1.0
2018-01-20,obm_cdd_per_supply_days_daily,0.532738812281,days,daily,OBM v0.1.0
2018-01-21,obm_cdd_per_supply_days_daily,0.485218421480,days,daily,OBM v0.1.0
2018-01-22,obm_cdd_per_supply_days_daily,0.960310558717,days,daily,OBM v0.1.0
2018-01-23,obm_cdd_per_supply_days_daily,0.664005496574,days,daily,OBM v0.1.0
2018-01-24,obm_cdd_per_supply_days_daily,0.487850734469,days,daily,OBM v0.1.0
2018-01-25,obm_cdd_per_supply_days_daily,0.549835030357,days,daily,OBM v0.1.0
2018-01-26,obm_cdd_per_supply_days_daily,0.984821199912,days,daily,OBM v0.1.0
2018-01-27,obm_cdd_per_supply_days_daily,0.423587046666,days,daily,OBM v0.1.0
2018-01-28,obm_cdd_per_supply_days_daily,1.056668789827,days,daily,OBM v0.1.0
2018-01-29,obm_cdd_per_supply_days_daily,0.484339509222,days,daily,OBM v0.1.0
2018-01-30,obm_cdd_per_supply_days_daily,0.574005245948,days,daily,OBM v0.1.0
2018-01-31,obm_cdd_per_supply_days_daily,0.871776154584,days,daily,OBM v0.1.0
2018-02-01,obm_cdd_per_supply_days_daily,1.339423428065,days,daily,OBM v0.1.0
2018-02-02,obm_cdd_per_supply_days_daily,0.900759931923,days,daily,OBM v0.1.0
2018-02-03,obm_cdd_per_supply_days_daily,0.490777303941,days,daily,OBM v0.1.0
2018-02-04,obm_cdd_per_supply_days_daily,5.578530160124,days,daily,OBM v0.1.0
2018-02-05,obm_cdd_per_supply_days_daily,2.320443148885,days,daily,OBM v0.1.0
2018-02-06,obm_cdd_per_supply_days_daily,2.122788264547,days,daily,OBM v0.1.0
2018-02-07,obm_cdd_per_supply_days_daily,0.584753203746,days,daily,OBM v0.1.0
2018-02-08,obm_cdd_per_supply_days_daily,1.705086904907,days,daily,OBM v0.1.0
2018-02-09,obm_cdd_per_supply_days_daily,0.328217750161,days,daily,OBM v0.1.0
2018-02-10,obm_cdd_per_supply_days_daily,0.339561695543,days,daily,OBM v0.1.0
2018-02-11,obm_cdd_per_supply_days_daily,0.543780234641,days,daily,OBM v0.1.0
2018-02-12,obm_cdd_per_supply_days_daily,0.511472609471,days,daily,OBM v0.1.0
2018-02-13,obm_cdd_per_supply_days_daily,0.278863737498,days,daily,OBM v0.1.0
2018-02-14,obm_cdd_per_supply_days_daily,0.365733822086,days,daily,OBM v0.1.0
2018-02-15,obm_cdd_per_supply_days_daily,0.621677260791,days,daily,OBM v0.1.0
2018-02-16,obm_cdd_per_supply_days_daily,0.453219887982,days,daily,OBM v0.1.0
2018-02-17,obm_cdd_per_supply_days_daily,0.199722703950,days,daily,OBM v0.1.0
2018-02-18,obm_cdd_per_supply_days_daily,0.402426741298,days,daily,OBM v0.1.0
2018-02-19,obm_cdd_per_supply_days_daily,0.258930110997,days,daily,OBM v0.1.0
2018-02-20,obm_cdd_per_supply_days_daily,0.626131074737,days,daily,OBM v0.1.0
2018-02-21,obm_cdd_per_supply_days_daily,0.386509054074,days,daily,OBM v0.1.0
2018-02-22,obm_cdd_per_supply_days_daily,4.459684728475,days,daily,OBM v0.1.0
2018-02-23,obm_cdd_per_supply_days_daily,0.445640675505,days,daily,OBM v0.1.0
2018-02-24,obm_cdd_per_supply_days_daily,0.359196335551,days,daily,OBM v0.1.0
2018-02-25,obm_cdd_per_supply_days_daily,0.260956774689,days,daily,OBM v0.1.0
2018-02-26,obm_cdd_per_supply_days_daily,0.277797521098,days,daily,OBM v0.1.0
2018-02-27,obm_cdd_per_supply_days_daily,0.367762367624,days,daily,OBM v0.1.0
2018-02-28,obm_cdd_per_supply_days_daily,0.952813258445,days,daily,OBM v0.1.0
2018-03-01,obm_cdd_per_supply_days_daily,0.487589091598,days,daily,OBM v0.1.0
2018-03-02,obm_cdd_per_supply_days_daily,0.303919156651,days,daily,OBM v0.1.0
2018-03-03,obm_cdd_per_supply_days_daily,0.318867447510,days,daily,OBM v0.1.0
2018-03-04,obm_cdd_per_supply_days_daily,0.279604547087,days,daily,OBM v0.1.0
2018-03-05,obm_cdd_per_supply_days_daily,0.462330742425,days,daily,OBM v0.1.0
2018-03-06,obm_cdd_per_supply_days_daily,0.340499944315,days,daily,OBM v0.1.0
2018-03-07,obm_cdd_per_supply_days_daily,0.349820044285,days,daily,OBM v0.1.0
2018-03-08,obm_cdd_per_supply_days_daily,0.244099283183,days,daily,OBM v0.1.0
2018-03-09,obm_cdd_per_supply_days_daily,0.625785799825,days,daily,OBM v0.1.0
2018-03-10,obm_cdd_per_supply_days_daily,0.251816952259,days,daily,OBM v0.1.0
2018-03-11,obm_cdd_per_supply_days_daily,0.439852935880,days,daily,OBM v0.1.0
2018-03-12,obm_cdd_per_supply_days_daily,0.305877609674,days,daily,OBM v0.1.0
2018-03-13,obm_cdd_per_supply_days_daily,0.402927994752,days,daily,OBM v0.1.0
2018-03-14,obm_cdd_per_supply_days_daily,0.289088775536,days,daily,OBM v0.1.0
2018-03-15,obm_cdd_per_supply_days_daily,0.399521559200,days,daily,OBM v0.1.0
2018-03-16,obm_cdd_per_supply_days_daily,0.451963851734,days,daily,OBM v0.1.0
2018-03-17,obm_cdd_per_supply_days_daily,0.303786826270,days,daily,OBM v0.1.0
2018-03-18,obm_cdd_per_supply_days_daily,0.336501898346,days,daily,OBM v0.1.0
2018-03-19,obm_cdd_per_supply_days_daily,0.314279671200,days,daily,OBM v0.1.0
2018-03-20,obm_cdd_per_supply_days_daily,0.224005425216,days,daily,OBM v0.1.0
2018-03-21,obm_cdd_per_supply_days_daily,0.325510497883,days,daily,OBM v0.1.0
2018-03-22,obm_cdd_per_supply_days_daily,0.330743732401,days,daily,OBM v0.1.0
2018-03-23,obm_cdd_per_supply_days_daily,0.194768675955,days,daily,OBM v0.1.0
2018-03-24,obm_cdd_per_supply_days_daily,0.288777876349,days,daily,OBM v0.1.0
2018-03-25,obm_cdd_per_supply_days_daily,0.292248533864,days,daily,OBM v0.1.0
2018-03-26,obm_cdd_per_supply_days_daily,0.357289852895,days,daily,OBM v0.1.0
2018-03-27,obm_cdd_per_supply_days_daily,0.252871217275,days,daily,OBM v0.1.0
2018-03-28,obm_cdd_per_supply_days_daily,0.251302553068,days,daily,OBM v0.1.0
2018-03-29,obm_cdd_per_supply_days_daily,0.503998845522,days,daily,OBM v0.1.0
2018-03-30,obm_cdd_per_supply_days_daily,0.387244207700,days,daily,OBM v0.1.0
2018-03-31,obm_cdd_per_supply_days_daily,0.277643611105,days,daily,OBM v0.1.0
2018-04-01,obm_cdd_per_supply_days_daily,0.314767492670,days,daily,OBM v0.1.0
2018-04-02,obm_cdd_per_supply_days_daily,0.206590020717,days,daily,OBM v0.1.0
2018-04-03,obm_cdd_per_supply_days_daily,0.337655696335,days,daily,OBM v0.1.0
2018-04-04,obm_cdd_per_supply_days_daily,0.220606340130,days,daily,OBM v0.1.0
2018-04-05,obm_cdd_per_supply_days_daily,0.320301286714,days,daily,OBM v0.1.0
2018-04-06,obm_cdd_per_supply_days_daily,0.242520394489,days,daily,OBM v0.1.0
2018-04-07,obm_cdd_per_supply_days_daily,0.300293949996,days,daily,OBM v0.1.0
2018-04-08,obm_cdd_per_supply_days_daily,0.332310984450,days,daily,OBM v0.1.0
2018-04-09,obm_cdd_per_supply_days_daily,0.262671638570,days,daily,OBM v0.1.0
2018-04-10,obm_cdd_per_supply_days_daily,0.319174638210,days,daily,OBM v0.1.0
2018-04-11,obm_cdd_per_supply_days_daily,0.745044554360,days,daily,OBM v0.1.0
2018-04-12,obm_cdd_per_supply_days_daily,0.603547695841,days,daily,OBM v0.1.0
2018-04-13,obm_cdd_per_supply_days_daily,0.542850067746,days,daily,OBM v0.1.0
2018-04-14,obm_cdd_per_supply_days_daily,0.273307415907,days,daily,OBM v0.1.0
2018-04-15,obm_cdd_per_supply_days_daily,0.257993196347,days,daily,OBM v0.1.0
2018-04-16,obm_cdd_per_supply_days_daily,0.290831425990,days,daily,OBM v0.1.0
2018-04-17,obm_cdd_per_supply_days_daily,0.406043782601,days,daily,OBM v0.1.0
2018-04-18,obm_cdd_per_supply_days_daily,0.606890457942,days,daily,OBM v0.1.0
2018-04-19,obm_cdd_per_supply_days_daily,3.060950637387,days,daily,OBM v0.1.0
2018-04-20,obm_cdd_per_supply_days_daily,0.918625755513,days,daily,OBM v0.1.0
2018-04-21,obm_cdd_per_supply_days_daily,0.681231835370,days,daily,OBM v0.1.0
2018-04-22,obm_cdd_per_supply_days_daily,0.396483415617,days,daily,OBM v0.1.0
2018-04-23,obm_cdd_per_supply_days_daily,0.700835056001,days,daily,OBM v0.1.0
2018-04-24,obm_cdd_per_supply_days_daily,0.545928004812,days,daily,OBM v0.1.0
2018-04-25,obm_cdd_per_supply_days_daily,0.549488930802,days,daily,OBM v0.1.0
2018-04-26,obm_cdd_per_supply_days_daily,1.645693692162,days,daily,OBM v0.1.0
2018-04-27,obm_cdd_per_supply_days_daily,0.259817567590,days,daily,OBM v0.1.0
2018-04-28,obm_cdd_per_supply_days_daily,0.171719311198,days,daily,OBM v0.1.0
2018-04-29,obm_cdd_per_supply_days_daily,0.270239094654,days,daily,OBM v0.1.0
2018-04-30,obm_cdd_per_supply_days_daily,0.419461496326,days,daily,OBM v0.1.0
2018-05-01,obm_cdd_per_supply_days_daily,0.188505786593,days,daily,OBM v0.1.0
2018-05-02,obm_cdd_per_supply_days_daily,1.101039756447,days,daily,OBM v0.1.0
2018-05-03,obm_cdd_per_supply_days_daily,0.306930374425,days,daily,OBM v0.1.0
2018-05-04,obm_cdd_per_supply_days_daily,0.388048735378,days,daily,OBM v0.1.0
2018-05-05,obm_cdd_per_supply_days_daily,0.282549561671,days,daily,OBM v0.1.0
2018-05-06,obm_cdd_per_supply_days_daily,0.275770198382,days,daily,OBM v0.1.0
2018-05-07,obm_cdd_per_supply_days_daily,0.230464842212,days,daily,OBM v0.1.0
2018-05-08,obm_cdd_per_supply_days_daily,0.241657718698,days,daily,OBM v0.1.0
2018-05-09,obm_cdd_per_supply_days_daily,0.379979443198,days,daily,OBM v0.1.0
2018-05-10,obm_cdd_per_supply_days_daily,0.901412951369,days,daily,OBM v0.1.0
2018-05-11,obm_cdd_per_supply_days_daily,0.389510112528,days,daily,OBM v0.1.0
2018-05-12,obm_cdd_per_supply_days_daily,0.177461739165,days,daily,OBM v0.1.0
2018-05-13,obm_cdd_per_supply_days_daily,0.200637433280,days,daily,OBM v0.1.0
2018-05-14,obm_cdd_per_supply_days_daily,2.388490362437,days,daily,OBM v0.1.0
2018-05-15,obm_cdd_per_supply_days_daily,0.354387175989,days,daily,OBM v0.1.0
2018-05-16,obm_cdd_per_supply_days_daily,0.359153930182,days,daily,OBM v0.1.0
2018-05-17,obm_cdd_per_supply_days_daily,3.067504387117,days,daily,OBM v0.1.0
2018-05-18,obm_cdd_per_supply_days_daily,0.281589237537,days,daily,OBM v0.1.0
2018-05-19,obm_cdd_per_supply_days_daily,0.234139674648,days,daily,OBM v0.1.0
2018-05-20,obm_cdd_per_supply_days_daily,0.244905663940,days,daily,OBM v0.1.0
2018-05-21,obm_cdd_per_supply_days_daily,0.288081202411,days,daily,OBM v0.1.0
2018-05-22,obm_cdd_per_supply_days_daily,0.265115838953,days,daily,OBM v0.1.0
2018-05-23,obm_cdd_per_supply_days_daily,0.483086407205,days,daily,OBM v0.1.0
2018-05-24,obm_cdd_per_supply_days_daily,0.654609773431,days,daily,OBM v0.1.0
2018-05-25,obm_cdd_per_supply_days_daily,0.201031790384,days,daily,OBM v0.1.0
2018-05-26,obm_cdd_per_supply_days_daily,0.107629944941,days,daily,OBM v0.1.0
2018-05-27,obm_cdd_per_supply_days_daily,0.155851878374,days,daily,OBM v0.1.0
2018-05-28,obm_cdd_per_supply_days_daily,0.284607160108,days,daily,OBM v0.1.0
2018-05-29,obm_cdd_per_supply_days_daily,0.216871818565,days,daily,OBM v0.1.0
2018-05-30,obm_cdd_per_supply_days_daily,0.354480891494,days,daily,OBM v0.1.0
2018-05-31,obm_cdd_per_supply_days_daily,0.196638392311,days,daily,OBM v0.1.0
2018-06-01,obm_cdd_per_supply_days_daily,0.242596119262,days,daily,OBM v0.1.0
2018-06-02,obm_cdd_per_supply_days_daily,0.136769964520,days,daily,OBM v0.1.0
2018-06-03,obm_cdd_per_supply_days_daily,0.201901823902,days,daily,OBM v0.1.0
2018-06-04,obm_cdd_per_supply_days_daily,0.329154106758,days,daily,OBM v0.1.0
2018-06-05,obm_cdd_per_supply_days_daily,0.251220183746,days,daily,OBM v0.1.0
2018-06-06,obm_cdd_per_supply_days_daily,0.355688344818,days,daily,OBM v0.1.0
2018-06-07,obm_cdd_per_supply_days_daily,0.191120195382,days,daily,OBM v0.1.0
2018-06-08,obm_cdd_per_supply_days_daily,0.319646538385,days,daily,OBM v0.1.0
2018-06-09,obm_cdd_per_supply_days_daily,0.178696480106,days,daily,OBM v0.1.0
2018-06-10,obm_cdd_per_supply_days_daily,0.281221452139,days,daily,OBM v0.1.0
2018-06-11,obm_cdd_per_supply_days_daily,0.308434273779,days,daily,OBM v0.1.0
2018-06-12,obm_cdd_per_supply_days_daily,0.215631764868,days,daily,OBM v0.1.0
2018-06-13,obm_cdd_per_supply_days_daily,0.559273784390,days,daily,OBM v0.1.0
2018-06-14,obm_cdd_per_supply_days_daily,0.197169482605,days,daily,OBM v0.1.0
2018-06-15,obm_cdd_per_supply_days_daily,0.189391764164,days,daily,OBM v0.1.0
2018-06-16,obm_cdd_per_supply_days_daily,0.097568299898,days,daily,OBM v0.1.0
2018-06-17,obm_cdd_per_supply_days_daily,0.148809923019,days,daily,OBM v0.1.0
2018-06-18,obm_cdd_per_supply_days_daily,0.238898747370,days,daily,OBM v0.1.0
2018-06-19,obm_cdd_per_supply_days_daily,0.162035984574,days,daily,OBM v0.1.0
2018-06-20,obm_cdd_per_supply_days_daily,0.221591058037,days,daily,OBM v0.1.0
2018-06-21,obm_cdd_per_supply_days_daily,0.819995920782,days,daily,OBM v0.1.0
2018-06-22,obm_cdd_per_supply_days_daily,0.227416636941,days,daily,OBM v0.1.0
2018-06-23,obm_cdd_per_supply_days_daily,0.177520972569,days,daily,OBM v0.1.0
2018-06-24,obm_cdd_per_supply_days_daily,0.369870460208,days,daily,OBM v0.1.0
2018-06-25,obm_cdd_per_supply_days_daily,0.228245929893,days,daily,OBM v0.1.0
2018-06-26,obm_cdd_per_supply_days_daily,0.296053550490,days,daily,OBM v0.1.0
2018-06-27,obm_cdd_per_supply_days_daily,0.825361449718,days,daily,OBM v0.1.0
2018-06-28,obm_cdd_per_supply_days_daily,0.387933711326,days,daily,OBM v0.1.0
2018-06-29,obm_cdd_per_supply_days_daily,0.223740945518,days,daily,OBM v0.1.0
2018-06-30,obm_cdd_per_supply_days_daily,0.191249723369,days,daily,OBM v0.1.0
2018-07-01,obm_cdd_per_supply_days_daily,0.610065054075,days,daily,OBM v0.1.0
2018-07-02,obm_cdd_per_supply_days_daily,0.332768256058,days,daily,OBM v0.1.0
2018-07-03,obm_cdd_per_supply_days_daily,0.323487482404,days,daily,OBM v0.1.0
2018-07-04,obm_cdd_per_supply_days_daily,0.366352373097,days,daily,OBM v0.1.0
2018-07-05,obm_cdd_per_supply_days_daily,0.169164069738,days,daily,OBM v0.1.0
2018-07-06,obm_cdd_per_supply_days_daily,0.333397608467,days,daily,OBM v0.1.0
2018-07-07,obm_cdd_per_supply_days_daily,0.154971756694,days,daily,OBM v0.1.0
2018-07-08,obm_cdd_per_supply_days_daily,0.339636157660,days,daily,OBM v0.1.0
2018-07-09,obm_cdd_per_supply_days_daily,0.245380885894,days,daily,OBM v0.1.0
2018-07-10,obm_cdd_per_supply_days_daily,0.307460708580,days,daily,OBM v0.1.0
2018-07-11,obm_cdd_per_supply_days_daily,0.307143163234,days,daily,OBM v0.1.0
2018-07-12,obm_cdd_per_supply_days_daily,0.231254594579,days,daily,OBM v0.1.0
2018-07-13,obm_cdd_per_supply_days_daily,0.414541409291,days,daily,OBM v0.1.0
2018-07-14,obm_cdd_per_supply_days_daily,0.113692016162,days,daily,OBM v0.1.0
2018-07-15,obm_cdd_per_supply_days_daily,0.175232157141,days,daily,OBM v0.1.0
2018-07-16,obm_cdd_per_supply_days_daily,0.350300259958,days,daily,OBM v0.1.0
2018-07-17,obm_cdd_per_supply_days_daily,0.253004664366,days,daily,OBM v0.1.0
2018-07-18,obm_cdd_per_supply_days_daily,0.339710678066,days,daily,OBM v0.1.0
2018-07-19,obm_cdd_per_supply_days_daily,0.370212933399,days,daily,OBM v0.1.0
2018-07-20,obm_cdd_per_supply_days_daily,0.262173085020,days,daily,OBM v0.1.0
2018-07-21,obm_cdd_per_supply_days_daily,0.405588718971,days,daily,OBM v0.1.0
2018-07-22,obm_cdd_per_supply_days_daily,0.242480553059,days,daily,OBM v0.1.0
2018-07-23,obm_cdd_per_supply_days_daily,0.358657657466,days,daily,OBM v0.1.0
2018-07-24,obm_cdd_per_supply_days_daily,0.368122835582,days,daily,OBM v0.1.0
2018-07-25,obm_cdd_per_supply_days_daily,0.350728613842,days,daily,OBM v0.1.0
2018-07-26,obm_cdd_per_supply_days_daily,0.230819647639,days,daily,OBM v0.1.0
2018-07-27,obm_cdd_per_supply_days_daily,0.197154816054,days,daily,OBM v0.1.0
2018-07-28,obm_cdd_per_supply_days_daily,0.187755612194,days,daily,OBM v0.1.0
2018-07-29,obm_cdd_per_supply_days_daily,0.405438184646,days,daily,OBM v0.1.0
2018-07-30,obm_cdd_per_supply_days_daily,0.245993484886,days,daily,OBM v0.1.0
2018-07-31,obm_cdd_per_supply_days_daily,0.233667307348,days,daily,OBM v0.1.0
2018-08-01,obm_cdd_per_supply_days_daily,0.187854837066,days,daily,OBM v0.1.0
2018-08-02,obm_cdd_per_supply_days_daily,0.325585852775,days,daily,OBM v0.1.0
2018-08-03,obm_cdd_per_supply_days_daily,0.218883929969,days,daily,OBM v0.1.0
2018-08-04,obm_cdd_per_supply_days_daily,0.293864534263,days,daily,OBM v0.1.0
2018-08-05,obm_cdd_per_supply_days_daily,0.178095401993,days,daily,OBM v0.1.0
2018-08-06,obm_cdd_per_supply_days_daily,0.389760578134,days,daily,OBM v0.1.0
2018-08-07,obm_cdd_per_supply_days_daily,0.186573658850,days,daily,OBM v0.1.0
2018-08-08,obm_cdd_per_supply_days_daily,0.306326093968,days,daily,OBM v0.1.0
2018-08-09,obm_cdd_per_supply_days_daily,0.547240229954,days,daily,OBM v0.1.0
2018-08-10,obm_cdd_per_supply_days_daily,0.453497200742,days,daily,OBM v0.1.0
2018-08-11,obm_cdd_per_supply_days_daily,0.277168187394,days,daily,OBM v0.1.0
2018-08-12,obm_cdd_per_supply_days_daily,0.109556803652,days,daily,OBM v0.1.0
2018-08-13,obm_cdd_per_supply_days_daily,0.941131591967,days,daily,OBM v0.1.0
2018-08-14,obm_cdd_per_supply_days_daily,0.502659502579,days,daily,OBM v0.1.0
2018-08-15,obm_cdd_per_supply_days_daily,0.494902235508,days,daily,OBM v0.1.0
2018-08-16,obm_cdd_per_supply_days_daily,0.748993604255,days,daily,OBM v0.1.0
2018-08-17,obm_cdd_per_supply_days_daily,0.953021596981,days,daily,OBM v0.1.0
2018-08-18,obm_cdd_per_supply_days_daily,0.093384291608,days,daily,OBM v0.1.0
2018-08-19,obm_cdd_per_supply_days_daily,0.662093077708,days,daily,OBM v0.1.0
2018-08-20,obm_cdd_per_supply_days_daily,0.574817698131,days,daily,OBM v0.1.0
2018-08-21,obm_cdd_per_supply_days_daily,0.883425349839,days,daily,OBM v0.1.0
2018-08-22,obm_cdd_per_supply_days_daily,1.022584640039,days,daily,OBM v0.1.0
2018-08-23,obm_cdd_per_supply_days_daily,1.067457467331,days,daily,OBM v0.1.0
2018-08-24,obm_cdd_per_supply_days_daily,0.287957502571,days,daily,OBM v0.1.0
2018-08-25,obm_cdd_per_supply_days_daily,1.276277333533,days,daily,OBM v0.1.0
2018-08-26,obm_cdd_per_supply_days_daily,0.710812417155,days,daily,OBM v0.1.0
2018-08-27,obm_cdd_per_supply_days_daily,1.254428226359,days,daily,OBM v0.1.0
2018-08-28,obm_cdd_per_supply_days_daily,0.875256046692,days,daily,OBM v0.1.0
2018-08-29,obm_cdd_per_supply_days_daily,1.241970575413,days,daily,OBM v0.1.0
2018-08-30,obm_cdd_per_supply_days_daily,0.988469199225,days,daily,OBM v0.1.0
2018-08-31,obm_cdd_per_supply_days_daily,0.265911524173,days,daily,OBM v0.1.0
2018-09-01,obm_cdd_per_supply_days_daily,0.162061707026,days,daily,OBM v0.1.0
2018-09-02,obm_cdd_per_supply_days_daily,0.183662430908,days,daily,OBM v0.1.0
2018-09-03,obm_cdd_per_supply_days_daily,0.220219319653,days,daily,OBM v0.1.0
2018-09-04,obm_cdd_per_supply_days_daily,0.244238312793,days,daily,OBM v0.1.0
2018-09-05,obm_cdd_per_supply_days_daily,0.280721729672,days,daily,OBM v0.1.0
2018-09-06,obm_cdd_per_supply_days_daily,0.384155436489,days,daily,OBM v0.1.0
2018-09-07,obm_cdd_per_supply_days_daily,0.231193084264,days,daily,OBM v0.1.0
2018-09-08,obm_cdd_per_supply_days_daily,0.146608745938,days,daily,OBM v0.1.0
2018-09-09,obm_cdd_per_supply_days_daily,0.255072905771,days,daily,OBM v0.1.0
2018-09-10,obm_cdd_per_supply_days_daily,0.439834742646,days,daily,OBM v0.1.0
2018-09-11,obm_cdd_per_supply_days_daily,0.500268452933,days,daily,OBM v0.1.0
2018-09-12,obm_cdd_per_supply_days_daily,0.341694117533,days,daily,OBM v0.1.0
2018-09-13,obm_cdd_per_supply_days_daily,1.465396974846,days,daily,OBM v0.1.0
2018-09-14,obm_cdd_per_supply_days_daily,0.185466743855,days,daily,OBM v0.1.0
2018-09-15,obm_cdd_per_supply_days_daily,0.156840160825,days,daily,OBM v0.1.0
2018-09-16,obm_cdd_per_supply_days_daily,0.149556468093,days,daily,OBM v0.1.0
2018-09-17,obm_cdd_per_supply_days_daily,0.268722800875,days,daily,OBM v0.1.0
2018-09-18,obm_cdd_per_supply_days_daily,0.197385708919,days,daily,OBM v0.1.0
2018-09-19,obm_cdd_per_supply_days_daily,0.235524711854,days,daily,OBM v0.1.0
2018-09-20,obm_cdd_per_supply_days_daily,0.333161215109,days,daily,OBM v0.1.0
2018-09-21,obm_cdd_per_supply_days_daily,0.538368147954,days,daily,OBM v0.1.0
2018-09-22,obm_cdd_per_supply_days_daily,0.180512557751,days,daily,OBM v0.1.0
2018-09-23,obm_cdd_per_supply_days_daily,0.184551483431,days,daily,OBM v0.1.0
2018-09-24,obm_cdd_per_supply_days_daily,0.225045369326,days,daily,OBM v0.1.0
2018-09-25,obm_cdd_per_supply_days_daily,0.644931915814,days,daily,OBM v0.1.0
2018-09-26,obm_cdd_per_supply_days_daily,0.211179470824,days,daily,OBM v0.1.0
2018-09-27,obm_cdd_per_supply_days_daily,0.234940500774,days,daily,OBM v0.1.0
2018-09-28,obm_cdd_per_supply_days_daily,0.668767619228,days,daily,OBM v0.1.0
2018-09-29,obm_cdd_per_supply_days_daily,0.189964261168,days,daily,OBM v0.1.0
2018-09-30,obm_cdd_per_supply_days_daily,0.309813164902,days,daily,OBM v0.1.0
2018-10-01,obm_cdd_per_supply_days_daily,0.381917184875,days,daily,OBM v0.1.0
2018-10-02,obm_cdd_per_supply_days_daily,0.481475053763,days,daily,OBM v0.1.0
2018-10-03,obm_cdd_per_supply_days_daily,0.288610391433,days,daily,OBM v0.1.0
2018-10-04,obm_cdd_per_supply_days_daily,0.267407638416,days,daily,OBM v0.1.0
2018-10-05,obm_cdd_per_supply_days_daily,0.186702905152,days,daily,OBM v0.1.0
2018-10-06,obm_cdd_per_supply_days_daily,0.243815081731,days,daily,OBM v0.1.0
2018-10-07,obm_cdd_per_supply_days_daily,0.121283800825,days,daily,OBM v0.1.0
2018-10-08,obm_cdd_per_supply_days_daily,0.383899239724,days,daily,OBM v0.1.0
2018-10-09,obm_cdd_per_supply_days_daily,0.406071096952,days,daily,OBM v0.1.0
2018-10-10,obm_cdd_per_supply_days_daily,0.504864135124,days,daily,OBM v0.1.0
2018-10-11,obm_cdd_per_supply_days_daily,0.636604999312,days,daily,OBM v0.1.0
2018-10-12,obm_cdd_per_supply_days_daily,0.281168617270,days,daily,OBM v0.1.0
2018-10-13,obm_cdd_per_supply_days_daily,0.229094215267,days,daily,OBM v0.1.0
2018-10-14,obm_cdd_per_supply_days_daily,0.237551262286,days,daily,OBM v0.1.0
2018-10-15,obm_cdd_per_supply_days_daily,0.702374873464,days,daily,OBM v0.1.0
2018-10-16,obm_cdd_per_supply_days_daily,0.586789204594,days,daily,OBM v0.1.0
2018-10-17,obm_cdd_per_supply_days_daily,0.320043737333,days,daily,OBM v0.1.0
2018-10-18,obm_cdd_per_supply_days_daily,0.279311950560,days,daily,OBM v0.1.0
2018-10-19,obm_cdd_per_supply_days_daily,0.694322322850,days,daily,OBM v0.1.0
2018-10-20,obm_cdd_per_supply_days_daily,0.961158535183,days,daily,OBM v0.1.0
2018-10-21,obm_cdd_per_supply_days_daily,0.181133367908,days,daily,OBM v0.1.0
2018-10-22,obm_cdd_per_supply_days_daily,0.383377982192,days,daily,OBM v0.1.0
2018-10-23,obm_cdd_per_supply_days_daily,0.342663596043,days,daily,OBM v0.1.0
2018-10-24,obm_cdd_per_supply_days_daily,0.229608557230,days,daily,OBM v0.1.0
2018-10-25,obm_cdd_per_supply_days_daily,0.272338368014,days,daily,OBM v0.1.0
2018-10-26,obm_cdd_per_supply_days_daily,0.546381270896,days,daily,OBM v0.1.0
2018-10-27,obm_cdd_per_supply_days_daily,0.138369081926,days,daily,OBM v0.1.0
2018-10-28,obm_cdd_per_supply_days_daily,0.168844817441,days,daily,OBM v0.1.0
2018-10-29,obm_cdd_per_supply_days_daily,0.236604154052,days,daily,OBM v0.1.0
2018-10-30,obm_cdd_per_supply_days_daily,0.201509720617,days,daily,OBM v0.1.0
2018-10-31,obm_cdd_per_supply_days_daily,0.452748202671,days,daily,OBM v0.1.0
2018-11-01,obm_cdd_per_supply_days_daily,0.326164231795,days,daily,OBM v0.1.0
2018-11-02,obm_cdd_per_supply_days_daily,0.432061769884,days,daily,OBM v0.1.0
2018-11-03,obm_cdd_per_supply_days_daily,0.120315217343,days,daily,OBM v0.1.0
2018-11-04,obm_cdd_per_supply_days_daily,0.232012716466,days,daily,OBM v0.1.0
2018-11-05,obm_cdd_per_supply_days_daily,0.276606126777,days,daily,OBM v0.1.0
2018-11-06,obm_cdd_per_supply_days_daily,0.282191230276,days,daily,OBM v0.1.0
2018-11-07,obm_cdd_per_supply_days_daily,0.382976694569,days,daily,OBM v0.1.0
2018-11-08,obm_cdd_per_supply_days_daily,0.268490494383,days,daily,OBM v0.1.0
2018-11-09,obm_cdd_per_supply_days_daily,0.383771489794,days,daily,OBM v0.1.0
2018-11-10,obm_cdd_per_supply_days_daily,0.207181986311,days,daily,OBM v0.1.0
2018-11-11,obm_cdd_per_supply_days_daily,0.162000752533,days,daily,OBM v0.1.0
2018-11-12,obm_cdd_per_supply_days_daily,0.376219433590,days,daily,OBM v0.1.0
2018-11-13,obm_cdd_per_supply_days_daily,0.463526414351,days,daily,OBM v0.1.0
2018-11-14,obm_cdd_per_supply_days_daily,0.873772531968,days,daily,OBM v0.1.0
2018-11-15,obm_cdd_per_supply_days_daily,2.553553944777,days,daily,OBM v0.1.0
2018-11-16,obm_cdd_per_supply_days_daily,0.471265303280,days,daily,OBM v0.1.0
2018-11-17,obm_cdd_per_supply_days_daily,0.206837110413,days,daily,OBM v0.1.0
2018-11-18,obm_cdd_per_supply_days_daily,0.189492638717,days,daily,OBM v0.1.0
2018-11-19,obm_cdd_per_supply_days_daily,0.753452217524,days,daily,OBM v0.1.0
2018-11-20,obm_cdd_per_supply_days_daily,1.144402272248,days,daily,OBM v0.1.0
2018-11-21,obm_cdd_per_supply_days_daily,0.358999619907,days,daily,OBM v0.1.0
2018-11-22,obm_cdd_per_supply_days_daily,0.458962849240,days,daily,OBM v0.1.0
2018-11-23,obm_cdd_per_supply_days_daily,0.391561158431,days,daily,OBM v0.1.0
2018-11-24,obm_cdd_per_supply_days_daily,0.526518106011,days,daily,OBM v0.1.0
2018-11-25,obm_cdd_per_supply_days_daily,0.575312921256,days,daily,OBM v0.1.0
2018-11-26,obm_cdd_per_supply_days_daily,0.509084129684,days,daily,OBM v0.1.0
2018-11-27,obm_cdd_per_supply_days_daily,0.657001901575,days,daily,OBM v0.1.0
2018-11-28,obm_cdd_per_supply_days_daily,0.915855048240,days,daily,OBM v0.1.0
2018-11-29,obm_cdd_per_supply_days_daily,2.593163756642,days,daily,OBM v0.1.0
2018-11-30,obm_cdd_per_supply_days_daily,6.072633156824,days,daily,OBM v0.1.0
2018-12-01,obm_cdd_per_supply_days_daily,3.452183065192,days,daily,OBM v0.1.0
2018-12-02,obm_cdd_per_supply_days_daily,0.152920130875,days,daily,OBM v0.1.0
2018-12-03,obm_cdd_per_supply_days_daily,8.403360039292,days,daily,OBM v0.1.0
2018-12-04,obm_cdd_per_supply_days_daily,22.832813196134,days,daily,OBM v0.1.0
2018-12-05,obm_cdd_per_supply_days_daily,3.523589480822,days,daily,OBM v0.1.0
2018-12-06,obm_cdd_per_supply_days_daily,2.945776996720,days,daily,OBM v0.1.0
2018-12-07,obm_cdd_per_supply_days_daily,0.713050225981,days,daily,OBM v0.1.0
2018-12-08,obm_cdd_per_supply_days_daily,0.290142206917,days,daily,OBM v0.1.0
2018-12-09,obm_cdd_per_supply_days_daily,0.155421923618,days,daily,OBM v0.1.0
2018-12-10,obm_cdd_per_supply_days_daily,0.507910748138,days,daily,OBM v0.1.0
2018-12-11,obm_cdd_per_supply_days_daily,0.941901384274,days,daily,OBM v0.1.0
2018-12-12,obm_cdd_per_supply_days_daily,0.342146400612,days,daily,OBM v0.1.0
2018-12-13,obm_cdd_per_supply_days_daily,0.441953881921,days,daily,OBM v0.1.0
2018-12-14,obm_cdd_per_supply_days_daily,0.411496831683,days,daily,OBM v0.1.0
2018-12-15,obm_cdd_per_supply_days_daily,0.220185816768,days,daily,OBM v0.1.0
2018-12-16,obm_cdd_per_supply_days_daily,0.230666324644,days,daily,OBM v0.1.0
2018-12-17,obm_cdd_per_supply_days_daily,0.282023206590,days,daily,OBM v0.1.0
2018-12-18,obm_cdd_per_supply_days_daily,0.872960551156,days,daily,OBM v0.1.0
2018-12-19,obm_cdd_per_supply_days_daily,0.760408702263,days,daily,OBM v0.1.0
2018-12-20,obm_cdd_per_supply_days_daily,0.379588425245,days,daily,OBM v0.1.0
2018-12-21,obm_cdd_per_supply_days_daily,0.473481750680,days,daily,OBM v0.1.0
2018-12-22,obm_cdd_per_supply_days_daily,0.146303693583,days,daily,OBM v0.1.0
2018-12-23,obm_cdd_per_supply_days_daily,0.217257241604,days,daily,OBM v0.1.0
2018-12-24,obm_cdd_per_supply_days_daily,0.382357559852,days,daily,OBM v0.1.0
2018-12-25,obm_cdd_per_supply_days_daily,0.170957441021,days,daily,OBM v0.1.0
2018-12-26,obm_cdd_per_supply_days_daily,0.170301924157,days,daily,OBM v0.1.0
2018-12-27,obm_cdd_per_supply_days_daily,0.385260134087,days,daily,OBM v0.1.0
2018-12-28,obm_cdd_per_supply_days_daily,0.470879324389,days,daily,OBM v0.1.0
2018-12-29,obm_cdd_per_supply_days_daily,0.755409193351,days,daily,OBM v0.1.0
2018-12-30,obm_cdd_per_supply_days_daily,0.257163771209,days,daily,OBM v0.1.0
2018-12-31,obm_cdd_per_supply_days_daily,0.315879413997,days,daily,OBM v0.1.0
2019-01-01,obm_cdd_per_supply_days_daily,0.193488805757,days,daily,OBM v0.1.0
2019-01-02,obm_cdd_per_supply_days_daily,0.203299445968,days,daily,OBM v0.1.0
2019-01-03,obm_cdd_per_supply_days_daily,0.303440550993,days,daily,OBM v0.1.0
2019-01-04,obm_cdd_per_supply_days_daily,0.222568854133,days,daily,OBM v0.1.0
2019-01-05,obm_cdd_per_supply_days_daily,0.130027727720,days,daily,OBM v0.1.0
2019-01-06,obm_cdd_per_supply_days_daily,0.211176708570,days,daily,OBM v0.1.0
2019-01-07,obm_cdd_per_supply_days_daily,0.615533257955,days,daily,OBM v0.1.0
2019-01-08,obm_cdd_per_supply_days_daily,0.344295140533,days,daily,OBM v0.1.0
2019-01-09,obm_cdd_per_supply_days_daily,0.287967324557,days,daily,OBM v0.1.0
2019-01-10,obm_cdd_per_supply_days_daily,0.906737792399,days,daily,OBM v0.1.0
2019-01-11,obm_cdd_per_supply_days_daily,3.229564970659,days,daily,OBM v0.1.0
2019-01-12,obm_cdd_per_supply_days_daily,0.156233654160,days,daily,OBM v0.1.0
2019-01-13,obm_cdd_per_supply_days_daily,0.297469027047,days,daily,OBM v0.1.0
2019-01-14,obm_cdd_per_supply_days_daily,1.667619662449,days,daily,OBM v0.1.0
2019-01-15,obm_cdd_per_supply_days_daily,8.517089603077,days,daily,OBM v0.1.0
2019-01-16,obm_cdd_per_supply_days_daily,1.564448302748,days,daily,OBM v0.1.0
2019-01-17,obm_cdd_per_supply_days_daily,0.325266725663,days,daily,OBM v0.1.0
2019-01-18,obm_cdd_per_supply_days_daily,0.184573562860,days,daily,OBM v0.1.0
2019-01-19,obm_cdd_per_supply_days_daily,0.211571306129,days,daily,OBM v0.1.0
2019-01-20,obm_cdd_per_supply_days_daily,0.118724595309,days,daily,OBM v0.1.0
2019-01-21,obm_cdd_per_supply_days_daily,0.723341768879,days,daily,OBM v0.1.0
2019-01-22,obm_cdd_per_supply_days_daily,0.441764358282,days,daily,OBM v0.1.0
2019-01-23,obm_cdd_per_supply_days_daily,0.188113023136,days,daily,OBM v0.1.0
2019-01-24,obm_cdd_per_supply_days_daily,0.186236180717,days,daily,OBM v0.1.0
2019-01-25,obm_cdd_per_supply_days_daily,0.170322741522,days,daily,OBM v0.1.0
2019-01-26,obm_cdd_per_supply_days_daily,0.165084909568,days,daily,OBM v0.1.0
2019-01-27,obm_cdd_per_supply_days_daily,0.155793032508,days,daily,OBM v0.1.0
2019-01-28,obm_cdd_per_supply_days_daily,0.367720648243,days,daily,OBM v0.1.0
2019-01-29,obm_cdd_per_supply_days_daily,0.355156423262,days,daily,OBM v0.1.0
2019-01-30,obm_cdd_per_supply_days_daily,1.024545366320,days,daily,OBM v0.1.0
2019-01-31,obm_cdd_per_supply_days_daily,0.302734572822,days,daily,OBM v0.1.0
2019-02-01,obm_cdd_per_supply_days_daily,0.298428064593,days,daily,OBM v0.1.0
2019-02-02,obm_cdd_per_supply_days_daily,0.145167933819,days,daily,OBM v0.1.0
2019-02-03,obm_cdd_per_supply_days_daily,0.150856566073,days,daily,OBM v0.1.0
2019-02-04,obm_cdd_per_supply_days_daily,0.285945833011,days,daily,OBM v0.1.0
2019-02-05,obm_cdd_per_supply_days_daily,0.297074212463,days,daily,OBM v0.1.0
2019-02-06,obm_cdd_per_supply_days_daily,0.656215790472,days,daily,OBM v0.1.0
2019-02-07,obm_cdd_per_supply_days_daily,0.327763564548,days,daily,OBM v0.1.0
2019-02-08,obm_cdd_per_supply_days_daily,0.266090661157,days,daily,OBM v0.1.0
2019-02-09,obm_cdd_per_supply_days_daily,0.265242114469,days,daily,OBM v0.1.0
2019-02-10,obm_cdd_per_supply_days_daily,0.136635412889,days,daily,OBM v0.1.0
2019-02-11,obm_cdd_per_supply_days_daily,0.345761804079,days,daily,OBM v0.1.0
2019-02-12,obm_cdd_per_supply_days_daily,0.341606328984,days,daily,OBM v0.1.0
2019-02-13,obm_cdd_per_supply_days_daily,0.764925392021,days,daily,OBM v0.1.0
2019-02-14,obm_cdd_per_supply_days_daily,0.274372307777,days,daily,OBM v0.1.0
2019-02-15,obm_cdd_per_supply_days_daily,0.249358512799,days,daily,OBM v0.1.0
2019-02-16,obm_cdd_per_supply_days_daily,0.307342267332,days,daily,OBM v0.1.0
2019-02-17,obm_cdd_per_supply_days_daily,0.153788418665,days,daily,OBM v0.1.0
2019-02-18,obm_cdd_per_supply_days_daily,0.365827272200,days,daily,OBM v0.1.0
2019-02-19,obm_cdd_per_supply_days_daily,0.497742259518,days,daily,OBM v0.1.0
2019-02-20,obm_cdd_per_supply_days_daily,1.321333644109,days,daily,OBM v0.1.0
2019-02-21,obm_cdd_per_supply_days_daily,0.663866365609,days,daily,OBM v0.1.0
2019-02-22,obm_cdd_per_supply_days_daily,0.354886049418,days,daily,OBM v0.1.0
2019-02-23,obm_cdd_per_supply_days_daily,0.419314891060,days,daily,OBM v0.1.0
2019-02-24,obm_cdd_per_supply_days_daily,0.258139030897,days,daily,OBM v0.1.0
2019-02-25,obm_cdd_per_supply_days_daily,0.469859641693,days,daily,OBM v0.1.0
2019-02-26,obm_cdd_per_supply_days_daily,0.374035911505,days,daily,OBM v0.1.0
2019-02-27,obm_cdd_per_supply_days_daily,0.200015872155,days,daily,OBM v0.1.0
2019-02-28,obm_cdd_per_supply_days_daily,3.142296251205,days,daily,OBM v0.1.0
2019-03-01,obm_cdd_per_supply_days_daily,0.275349822949,days,daily,OBM v0.1.0
2019-03-02,obm_cdd_per_supply_days_daily,0.705740235951,days,daily,OBM v0.1.0
2019-03-03,obm_cdd_per_supply_days_daily,0.108329266144,days,daily,OBM v0.1.0
2019-03-04,obm_cdd_per_supply_days_daily,0.433695137966,days,daily,OBM v0.1.0
2019-03-05,obm_cdd_per_supply_days_daily,0.374354668284,days,daily,OBM v0.1.0
2019-03-06,obm_cdd_per_supply_days_daily,0.233051245899,days,daily,OBM v0.1.0
2019-03-07,obm_cdd_per_supply_days_daily,0.288963706890,days,daily,OBM v0.1.0
2019-03-08,obm_cdd_per_supply_days_daily,0.406084692402,days,daily,OBM v0.1.0
2019-03-09,obm_cdd_per_supply_days_daily,0.119479141654,days,daily,OBM v0.1.0
2019-03-10,obm_cdd_per_supply_days_daily,0.420861160149,days,daily,OBM v0.1.0
2019-03-11,obm_cdd_per_supply_days_daily,0.288346104176,days,daily,OBM v0.1.0
2019-03-12,obm_cdd_per_supply_days_daily,0.477230408662,days,daily,OBM v0.1.0
2019-03-13,obm_cdd_per_supply_days_daily,0.311384565347,days,daily,OBM v0.1.0
2019-03-14,obm_cdd_per_supply_days_daily,0.295319129606,days,daily,OBM v0.1.0
2019-03-15,obm_cdd_per_supply_days_daily,0.418303556810,days,daily,OBM v0.1.0
2019-03-16,obm_cdd_per_supply_days_daily,0.483135807937,days,daily,OBM v0.1.0
2019-03-17,obm_cdd_per_supply_days_daily,0.214697927632,days,daily,OBM v0.1.0
2019-03-18,obm_cdd_per_supply_days_daily,0.341139330362,days,daily,OBM v0.1.0
2019-03-19,obm_cdd_per_supply_days_daily,0.389566390381,days,daily,OBM v0.1.0
2019-03-20,obm_cdd_per_supply_days_daily,0.356518804678,days,daily,OBM v0.1.0
2019-03-21,obm_cdd_per_supply_days_daily,0.662055617564,days,daily,OBM v0.1.0
2019-03-22,obm_cdd_per_supply_days_daily,0.251647581029,days,daily,OBM v0.1.0
2019-03-23,obm_cdd_per_supply_days_daily,0.161637590843,days,daily,OBM v0.1.0
2019-03-24,obm_cdd_per_supply_days_daily,0.147877281947,days,daily,OBM v0.1.0
2019-03-25,obm_cdd_per_supply_days_daily,0.265127602286,days,daily,OBM v0.1.0
2019-03-26,obm_cdd_per_supply_days_daily,0.610107225090,days,daily,OBM v0.1.0
2019-03-27,obm_cdd_per_supply_days_daily,0.271165247880,days,daily,OBM v0.1.0
2019-03-28,obm_cdd_per_supply_days_daily,0.207975483631,days,daily,OBM v0.1.0
2019-03-29,obm_cdd_per_supply_days_daily,0.971413510353,days,daily,OBM v0.1.0
2019-03-30,obm_cdd_per_supply_days_daily,0.130001488370,days,daily,OBM v0.1.0
2019-03-31,obm_cdd_per_supply_days_daily,0.341451990338,days,daily,OBM v0.1.0
2019-04-01,obm_cdd_per_supply_days_daily,0.283645355737,days,daily,OBM v0.1.0
2019-04-02,obm_cdd_per_supply_days_daily,1.150838498025,days,daily,OBM v0.1.0
2019-04-03,obm_cdd_per_supply_days_daily,0.868734525740,days,daily,OBM v0.1.0
2019-04-04,obm_cdd_per_supply_days_daily,0.347228814787,days,daily,OBM v0.1.0
2019-04-05,obm_cdd_per_supply_days_daily,0.755810118239,days,daily,OBM v0.1.0
2019-04-06,obm_cdd_per_supply_days_daily,0.185372007429,days,daily,OBM v0.1.0
2019-04-07,obm_cdd_per_supply_days_daily,0.208339714403,days,daily,OBM v0.1.0
2019-04-08,obm_cdd_per_supply_days_daily,0.527594437057,days,daily,OBM v0.1.0
2019-04-09,obm_cdd_per_supply_days_daily,0.285212074174,days,daily,OBM v0.1.0
2019-04-10,obm_cdd_per_supply_days_daily,0.590845766470,days,daily,OBM v0.1.0
2019-04-11,obm_cdd_per_supply_days_daily,0.392627254818,days,daily,OBM v0.1.0
2019-04-12,obm_cdd_per_supply_days_daily,0.593733540740,days,daily,OBM v0.1.0
2019-04-13,obm_cdd_per_supply_days_daily,0.331562905589,days,daily,OBM v0.1.0
2019-04-14,obm_cdd_per_supply_days_daily,1.269578740911,days,daily,OBM v0.1.0
2019-04-15,obm_cdd_per_supply_days_daily,0.245051042011,days,daily,OBM v0.1.0
2019-04-16,obm_cdd_per_supply_days_daily,0.249355166145,days,daily,OBM v0.1.0
2019-04-17,obm_cdd_per_supply_days_daily,0.594455363590,days,daily,OBM v0.1.0
2019-04-18,obm_cdd_per_supply_days_daily,0.316136372272,days,daily,OBM v0.1.0
2019-04-19,obm_cdd_per_supply_days_daily,0.796941797725,days,daily,OBM v0.1.0
2019-04-20,obm_cdd_per_supply_days_daily,0.208280044632,days,daily,OBM v0.1.0
2019-04-21,obm_cdd_per_supply_days_daily,0.251409252217,days,daily,OBM v0.1.0
2019-04-22,obm_cdd_per_supply_days_daily,0.650461315306,days,daily,OBM v0.1.0
2019-04-23,obm_cdd_per_supply_days_daily,0.370563516642,days,daily,OBM v0.1.0
2019-04-24,obm_cdd_per_supply_days_daily,1.335677444205,days,daily,OBM v0.1.0
2019-04-25,obm_cdd_per_supply_days_daily,0.345663199206,days,daily,OBM v0.1.0
2019-04-26,obm_cdd_per_supply_days_daily,0.834056024092,days,daily,OBM v0.1.0
2019-04-27,obm_cdd_per_supply_days_daily,0.258764932433,days,daily,OBM v0.1.0
2019-04-28,obm_cdd_per_supply_days_daily,0.211664203635,days,daily,OBM v0.1.0
2019-04-29,obm_cdd_per_supply_days_daily,0.629690759240,days,daily,OBM v0.1.0
2019-04-30,obm_cdd_per_supply_days_daily,0.205318163345,days,daily,OBM v0.1.0
2019-05-01,obm_cdd_per_supply_days_daily,1.625710230719,days,daily,OBM v0.1.0
2019-05-02,obm_cdd_per_supply_days_daily,0.321454926522,days,daily,OBM v0.1.0
2019-05-03,obm_cdd_per_supply_days_daily,0.301117583267,days,daily,OBM v0.1.0
2019-05-04,obm_cdd_per_supply_days_daily,0.231822296709,days,daily,OBM v0.1.0
2019-05-05,obm_cdd_per_supply_days_daily,0.240992811936,days,daily,OBM v0.1.0
2019-05-06,obm_cdd_per_supply_days_daily,0.499580777414,days,daily,OBM v0.1.0
2019-05-07,obm_cdd_per_supply_days_daily,0.656822145257,days,daily,OBM v0.1.0
2019-05-08,obm_cdd_per_supply_days_daily,0.427428327150,days,daily,OBM v0.1.0
2019-05-09,obm_cdd_per_supply_days_daily,0.718460926508,days,daily,OBM v0.1.0
2019-05-10,obm_cdd_per_supply_days_daily,1.014762226857,days,daily,OBM v0.1.0
2019-05-11,obm_cdd_per_supply_days_daily,0.799734643349,days,daily,OBM v0.1.0
2019-05-12,obm_cdd_per_supply_days_daily,0.506892038388,days,daily,OBM v0.1.0
2019-05-13,obm_cdd_per_supply_days_daily,1.139459025260,days,daily,OBM v0.1.0
2019-05-14,obm_cdd_per_supply_days_daily,2.434317609341,days,daily,OBM v0.1.0
2019-05-15,obm_cdd_per_supply_days_daily,1.122431797163,days,daily,OBM v0.1.0
2019-05-16,obm_cdd_per_supply_days_daily,0.655800561296,days,daily,OBM v0.1.0
2019-05-17,obm_cdd_per_supply_days_daily,0.324908939510,days,daily,OBM v0.1.0
2019-05-18,obm_cdd_per_supply_days_daily,0.268211303821,days,daily,OBM v0.1.0
2019-05-19,obm_cdd_per_supply_days_daily,0.397912790922,days,daily,OBM v0.1.0
2019-05-20,obm_cdd_per_supply_days_daily,0.743392274678,days,daily,OBM v0.1.0
2019-05-21,obm_cdd_per_supply_days_daily,0.661070077700,days,daily,OBM v0.1.0
2019-05-22,obm_cdd_per_supply_days_daily,0.812552786563,days,daily,OBM v0.1.0
2019-05-23,obm_cdd_per_supply_days_daily,0.388785168315,days,daily,OBM v0.1.0
2019-05-24,obm_cdd_per_supply_days_daily,0.359461444607,days,daily,OBM v0.1.0
2019-05-25,obm_cdd_per_supply_days_daily,0.417964892083,days,daily,OBM v0.1.0
2019-05-26,obm_cdd_per_supply_days_daily,0.365380754312,days,daily,OBM v0.1.0
2019-05-27,obm_cdd_per_supply_days_daily,0.518716382827,days,daily,OBM v0.1.0
2019-05-28,obm_cdd_per_supply_days_daily,0.516770324812,days,daily,OBM v0.1.0
2019-05-29,obm_cdd_per_supply_days_daily,2.153142462981,days,daily,OBM v0.1.0
2019-05-30,obm_cdd_per_supply_days_daily,0.300230829468,days,daily,OBM v0.1.0
2019-05-31,obm_cdd_per_supply_days_daily,0.430359718815,days,daily,OBM v0.1.0
2019-06-01,obm_cdd_per_supply_days_daily,0.242996640506,days,daily,OBM v0.1.0
2019-06-02,obm_cdd_per_supply_days_daily,0.223751410574,days,daily,OBM v0.1.0
2019-06-03,obm_cdd_per_supply_days_daily,1.294487822497,days,daily,OBM v0.1.0
2019-06-04,obm_cdd_per_supply_days_daily,1.670953322476,days,daily,OBM v0.1.0
2019-06-05,obm_cdd_per_supply_days_daily,1.895224467758,days,daily,OBM v0.1.0
2019-06-06,obm_cdd_per_supply_days_daily,0.435375068557,days,daily,OBM v0.1.0
2019-06-07,obm_cdd_per_supply_days_daily,0.260247326734,days,daily,OBM v0.1.0
2019-06-08,obm_cdd_per_supply_days_daily,0.193923998163,days,daily,OBM v0.1.0
2019-06-09,obm_cdd_per_supply_days_daily,0.373545256897,days,daily,OBM v0.1.0
2019-06-10,obm_cdd_per_supply_days_daily,0.673130879200,days,daily,OBM v0.1.0
2019-06-11,obm_cdd_per_supply_days_daily,0.391748300251,days,daily,OBM v0.1.0
2019-06-12,obm_cdd_per_supply_days_daily,0.446094964877,days,daily,OBM v0.1.0
2019-06-13,obm_cdd_per_supply_days_daily,0.228978382001,days,daily,OBM v0.1.0
2019-06-14,obm_cdd_per_supply_days_daily,1.509561032864,days,daily,OBM v0.1.0
2019-06-15,obm_cdd_per_supply_days_daily,0.207847385536,days,daily,OBM v0.1.0
2019-06-16,obm_cdd_per_supply_days_daily,0.467779844568,days,daily,OBM v0.1.0
2019-06-17,obm_cdd_per_supply_days_daily,0.529435443957,days,daily,OBM v0.1.0
2019-06-18,obm_cdd_per_supply_days_daily,0.409578939379,days,daily,OBM v0.1.0
2019-06-19,obm_cdd_per_supply_days_daily,1.006068154708,days,daily,OBM v0.1.0
2019-06-20,obm_cdd_per_supply_days_daily,0.352217413259,days,daily,OBM v0.1.0
2019-06-21,obm_cdd_per_supply_days_daily,0.746880075512,days,daily,OBM v0.1.0
2019-06-22,obm_cdd_per_supply_days_daily,0.778419895347,days,daily,OBM v0.1.0
2019-06-23,obm_cdd_per_supply_days_daily,0.444577755656,days,daily,OBM v0.1.0
2019-06-24,obm_cdd_per_supply_days_daily,0.589858159643,days,daily,OBM v0.1.0
2019-06-25,obm_cdd_per_supply_days_daily,1.028204953293,days,daily,OBM v0.1.0
2019-06-26,obm_cdd_per_supply_days_daily,1.694146699543,days,daily,OBM v0.1.0
2019-06-27,obm_cdd_per_supply_days_daily,1.286929723483,days,daily,OBM v0.1.0
2019-06-28,obm_cdd_per_supply_days_daily,1.684365552336,days,daily,OBM v0.1.0
2019-06-29,obm_cdd_per_supply_days_daily,0.508671606050,days,daily,OBM v0.1.0
2019-06-30,obm_cdd_per_supply_days_daily,1.887115706167,days,daily,OBM v0.1.0
2019-07-01,obm_cdd_per_supply_days_daily,0.354121193831,days,daily,OBM v0.1.0
2019-07-02,obm_cdd_per_supply_days_daily,0.617212334397,days,daily,OBM v0.1.0
2019-07-03,obm_cdd_per_supply_days_daily,0.625892847110,days,daily,OBM v0.1.0
2019-07-04,obm_cdd_per_supply_days_daily,1.071242852976,days,daily,OBM v0.1.0
2019-07-05,obm_cdd_per_supply_days_daily,0.555454402359,days,daily,OBM v0.1.0
2019-07-06,obm_cdd_per_supply_days_daily,0.133260536769,days,daily,OBM v0.1.0
2019-07-07,obm_cdd_per_supply_days_daily,0.203037486968,days,daily,OBM v0.1.0
2019-07-08,obm_cdd_per_supply_days_daily,0.511289014469,days,daily,OBM v0.1.0
2019-07-09,obm_cdd_per_supply_days_daily,0.550309510031,days,daily,OBM v0.1.0
2019-07-10,obm_cdd_per_supply_days_daily,0.895558317676,days,daily,OBM v0.1.0
2019-07-11,obm_cdd_per_supply_days_daily,0.753016932582,days,daily,OBM v0.1.0
2019-07-12,obm_cdd_per_supply_days_daily,0.460792122338,days,daily,OBM v0.1.0
2019-07-13,obm_cdd_per_supply_days_daily,0.207214442559,days,daily,OBM v0.1.0
2019-07-14,obm_cdd_per_supply_days_daily,0.248687561569,days,daily,OBM v0.1.0
2019-07-15,obm_cdd_per_supply_days_daily,0.346740726986,days,daily,OBM v0.1.0
2019-07-16,obm_cdd_per_supply_days_daily,0.508864882605,days,daily,OBM v0.1.0
2019-07-17,obm_cdd_per_supply_days_daily,1.226189524383,days,daily,OBM v0.1.0
2019-07-18,obm_cdd_per_supply_days_daily,0.674931273725,days,daily,OBM v0.1.0
2019-07-19,obm_cdd_per_supply_days_daily,0.975988133207,days,daily,OBM v0.1.0
2019-07-20,obm_cdd_per_supply_days_daily,0.571440316247,days,daily,OBM v0.1.0
2019-07-21,obm_cdd_per_supply_days_daily,0.336094357950,days,daily,OBM v0.1.0
2019-07-22,obm_cdd_per_supply_days_daily,0.272671849768,days,daily,OBM v0.1.0
2019-07-23,obm_cdd_per_supply_days_daily,0.207855486584,days,daily,OBM v0.1.0
2019-07-24,obm_cdd_per_supply_days_daily,2.637767640555,days,daily,OBM v0.1.0
2019-07-25,obm_cdd_per_supply_days_daily,0.542783891761,days,daily,OBM v0.1.0
2019-07-26,obm_cdd_per_supply_days_daily,0.376368896636,days,daily,OBM v0.1.0
2019-07-27,obm_cdd_per_supply_days_daily,0.245101193081,days,daily,OBM v0.1.0
2019-07-28,obm_cdd_per_supply_days_daily,0.109760454576,days,daily,OBM v0.1.0
2019-07-29,obm_cdd_per_supply_days_daily,14.697255649309,days,daily,OBM v0.1.0
2019-07-30,obm_cdd_per_supply_days_daily,0.344431377056,days,daily,OBM v0.1.0
2019-07-31,obm_cdd_per_supply_days_daily,0.246415489734,days,daily,OBM v0.1.0
2019-08-01,obm_cdd_per_supply_days_daily,0.482271181748,days,daily,OBM v0.1.0
2019-08-02,obm_cdd_per_supply_days_daily,0.227117367331,days,daily,OBM v0.1.0
2019-08-03,obm_cdd_per_supply_days_daily,0.125310267910,days,daily,OBM v0.1.0
2019-08-04,obm_cdd_per_supply_days_daily,0.428249686940,days,daily,OBM v0.1.0
2019-08-05,obm_cdd_per_supply_days_daily,1.735270104639,days,daily,OBM v0.1.0
2019-08-06,obm_cdd_per_supply_days_daily,1.150939175880,days,daily,OBM v0.1.0
2019-08-07,obm_cdd_per_supply_days_daily,0.582954860559,days,daily,OBM v0.1.0
2019-08-08,obm_cdd_per_supply_days_daily,0.614088985169,days,daily,OBM v0.1.0
2019-08-09,obm_cdd_per_supply_days_daily,0.235785506133,days,daily,OBM v0.1.0
2019-08-10,obm_cdd_per_supply_days_daily,0.249470481943,days,daily,OBM v0.1.0
2019-08-11,obm_cdd_per_supply_days_daily,0.387095713455,days,daily,OBM v0.1.0
2019-08-12,obm_cdd_per_supply_days_daily,0.294252915621,days,daily,OBM v0.1.0
2019-08-13,obm_cdd_per_supply_days_daily,0.552110300396,days,daily,OBM v0.1.0
2019-08-14,obm_cdd_per_supply_days_daily,0.519243897978,days,daily,OBM v0.1.0
2019-08-15,obm_cdd_per_supply_days_daily,0.222942419923,days,daily,OBM v0.1.0
2019-08-16,obm_cdd_per_supply_days_daily,0.242589530440,days,daily,OBM v0.1.0
2019-08-17,obm_cdd_per_supply_days_daily,0.155191624272,days,daily,OBM v0.1.0
2019-08-18,obm_cdd_per_supply_days_daily,0.113261031998,days,daily,OBM v0.1.0
2019-08-19,obm_cdd_per_supply_days_daily,0.397410364980,days,daily,OBM v0.1.0
2019-08-20,obm_cdd_per_supply_days_daily,0.370460195568,days,daily,OBM v0.1.0
2019-08-21,obm_cdd_per_supply_days_daily,0.330149511657,days,daily,OBM v0.1.0
2019-08-22,obm_cdd_per_supply_days_daily,0.203799109821,days,daily,OBM v0.1.0
2019-08-23,obm_cdd_per_supply_days_daily,0.958783435982,days,daily,OBM v0.1.0
2019-08-24,obm_cdd_per_supply_days_daily,0.161813309620,days,daily,OBM v0.1.0
2019-08-25,obm_cdd_per_supply_days_daily,0.266007262358,days,daily,OBM v0.1.0
2019-08-26,obm_cdd_per_supply_days_daily,0.316491688582,days,daily,OBM v0.1.0
2019-08-27,obm_cdd_per_supply_days_daily,0.654915598064,days,daily,OBM v0.1.0
2019-08-28,obm_cdd_per_supply_days_daily,0.288897701837,days,daily,OBM v0.1.0
2019-08-29,obm_cdd_per_supply_days_daily,0.268747902151,days,daily,OBM v0.1.0
2019-08-30,obm_cdd_per_supply_days_daily,0.191262279033,days,daily,OBM v0.1.0
2019-08-31,obm_cdd_per_supply_days_daily,0.116890500250,days,daily,OBM v0.1.0
2019-09-01,obm_cdd_per_supply_days_daily,0.188466875819,days,daily,OBM v0.1.0
2019-09-02,obm_cdd_per_supply_days_daily,0.301323391514,days,daily,OBM v0.1.0
2019-09-03,obm_cdd_per_supply_days_daily,0.375701508032,days,daily,OBM v0.1.0
2019-09-04,obm_cdd_per_supply_days_daily,0.425109423103,days,daily,OBM v0.1.0
2019-09-05,obm_cdd_per_supply_days_daily,0.516089285430,days,daily,OBM v0.1.0
2019-09-06,obm_cdd_per_supply_days_daily,5.022031396802,days,daily,OBM v0.1.0
2019-09-07,obm_cdd_per_supply_days_daily,0.167256602782,days,daily,OBM v0.1.0
2019-09-08,obm_cdd_per_supply_days_daily,0.171950892386,days,daily,OBM v0.1.0
2019-09-09,obm_cdd_per_supply_days_daily,0.424232830451,days,daily,OBM v0.1.0
2019-09-10,obm_cdd_per_supply_days_daily,0.215543198378,days,daily,OBM v0.1.0
2019-09-11,obm_cdd_per_supply_days_daily,1.035249084262,days,daily,OBM v0.1.0
2019-09-12,obm_cdd_per_supply_days_daily,0.363327361554,days,daily,OBM v0.1.0
2019-09-13,obm_cdd_per_supply_days_daily,0.251658092399,days,daily,OBM v0.1.0
2019-09-14,obm_cdd_per_supply_days_daily,0.179813299794,days,daily,OBM v0.1.0
2019-09-15,obm_cdd_per_supply_days_daily,0.260366890072,days,daily,OBM v0.1.0
2019-09-16,obm_cdd_per_supply_days_daily,0.213295015468,days,daily,OBM v0.1.0
2019-09-17,obm_cdd_per_supply_days_daily,0.378867256399,days,daily,OBM v0.1.0
2019-09-18,obm_cdd_per_supply_days_daily,0.812723830973,days,daily,OBM v0.1.0
2019-09-19,obm_cdd_per_supply_days_daily,0.244349612875,days,daily,OBM v0.1.0
2019-09-20,obm_cdd_per_supply_days_daily,0.330964307262,days,daily,OBM v0.1.0
2019-09-21,obm_cdd_per_supply_days_daily,0.193798843129,days,daily,OBM v0.1.0
2019-09-22,obm_cdd_per_supply_days_daily,0.083519432117,days,daily,OBM v0.1.0
2019-09-23,obm_cdd_per_supply_days_daily,0.332236274150,days,daily,OBM v0.1.0
2019-09-24,obm_cdd_per_supply_days_daily,1.845114601243,days,daily,OBM v0.1.0
2019-09-25,obm_cdd_per_supply_days_daily,0.580138487028,days,daily,OBM v0.1.0
2019-09-26,obm_cdd_per_supply_days_daily,0.577326160609,days,daily,OBM v0.1.0
2019-09-27,obm_cdd_per_supply_days_daily,0.406627673668,days,daily,OBM v0.1.0
2019-09-28,obm_cdd_per_supply_days_daily,0.279577773239,days,daily,OBM v0.1.0
2019-09-29,obm_cdd_per_supply_days_daily,0.172865751472,days,daily,OBM v0.1.0
2019-09-30,obm_cdd_per_supply_days_daily,0.399906615484,days,daily,OBM v0.1.0
2019-10-01,obm_cdd_per_supply_days_daily,0.224491890744,days,daily,OBM v0.1.0
2019-10-02,obm_cdd_per_supply_days_daily,0.187746013046,days,daily,OBM v0.1.0
2019-10-03,obm_cdd_per_supply_days_daily,0.206448460749,days,daily,OBM v0.1.0
2019-10-04,obm_cdd_per_supply_days_daily,0.232838164181,days,daily,OBM v0.1.0
2019-10-05,obm_cdd_per_supply_days_daily,0.110581459217,days,daily,OBM v0.1.0
2019-10-06,obm_cdd_per_supply_days_daily,0.123804227345,days,daily,OBM v0.1.0
2019-10-07,obm_cdd_per_supply_days_daily,0.392850032610,days,daily,OBM v0.1.0
2019-10-08,obm_cdd_per_supply_days_daily,0.649787414484,days,daily,OBM v0.1.0
2019-10-09,obm_cdd_per_supply_days_daily,0.182575493912,days,daily,OBM v0.1.0
2019-10-10,obm_cdd_per_supply_days_daily,0.208687806317,days,daily,OBM v0.1.0
2019-10-11,obm_cdd_per_supply_days_daily,0.299471827085,days,daily,OBM v0.1.0
2019-10-12,obm_cdd_per_supply_days_daily,0.176736025462,days,daily,OBM v0.1.0
2019-10-13,obm_cdd_per_supply_days_daily,0.073959069041,days,daily,OBM v0.1.0
2019-10-14,obm_cdd_per_supply_days_daily,4.329265815928,days,daily,OBM v0.1.0
2019-10-15,obm_cdd_per_supply_days_daily,0.825581695301,days,daily,OBM v0.1.0
2019-10-16,obm_cdd_per_supply_days_daily,0.342453499535,days,daily,OBM v0.1.0
2019-10-17,obm_cdd_per_supply_days_daily,0.446954488190,days,daily,OBM v0.1.0
2019-10-18,obm_cdd_per_supply_days_daily,0.543661249367,days,daily,OBM v0.1.0
2019-10-19,obm_cdd_per_supply_days_daily,0.148171698863,days,daily,OBM v0.1.0
2019-10-20,obm_cdd_per_supply_days_daily,0.195684609289,days,daily,OBM v0.1.0
2019-10-21,obm_cdd_per_supply_days_daily,1.922511679031,days,daily,OBM v0.1.0
2019-10-22,obm_cdd_per_supply_days_daily,0.208747352522,days,daily,OBM v0.1.0
2019-10-23,obm_cdd_per_supply_days_daily,0.325123600333,days,daily,OBM v0.1.0
2019-10-24,obm_cdd_per_supply_days_daily,0.530572100537,days,daily,OBM v0.1.0
2019-10-25,obm_cdd_per_supply_days_daily,0.709996700987,days,daily,OBM v0.1.0
2019-10-26,obm_cdd_per_supply_days_daily,0.435940052973,days,daily,OBM v0.1.0
2019-10-27,obm_cdd_per_supply_days_daily,0.274977319015,days,daily,OBM v0.1.0
2019-10-28,obm_cdd_per_supply_days_daily,0.775776497683,days,daily,OBM v0.1.0
2019-10-29,obm_cdd_per_supply_days_daily,0.582662078628,days,daily,OBM v0.1.0
2019-10-30,obm_cdd_per_supply_days_daily,0.275088325968,days,daily,OBM v0.1.0
2019-10-31,obm_cdd_per_supply_days_daily,0.752838332627,days,daily,OBM v0.1.0
2019-11-01,obm_cdd_per_supply_days_daily,2.013278638028,days,daily,OBM v0.1.0
2019-11-02,obm_cdd_per_supply_days_daily,0.261430297147,days,daily,OBM v0.1.0
2019-11-03,obm_cdd_per_supply_days_daily,0.211854193950,days,daily,OBM v0.1.0
2019-11-04,obm_cdd_per_supply_days_daily,0.269977313769,days,daily,OBM v0.1.0
2019-11-05,obm_cdd_per_supply_days_daily,1.784990374229,days,daily,OBM v0.1.0
2019-11-06,obm_cdd_per_supply_days_daily,1.150769431235,days,daily,OBM v0.1.0
2019-11-07,obm_cdd_per_supply_days_daily,0.593695588234,days,daily,OBM v0.1.0
2019-11-08,obm_cdd_per_supply_days_daily,0.290383930714,days,daily,OBM v0.1.0
2019-11-09,obm_cdd_per_supply_days_daily,0.132820066757,days,daily,OBM v0.1.0
2019-11-10,obm_cdd_per_supply_days_daily,0.095092481067,days,daily,OBM v0.1.0
2019-11-11,obm_cdd_per_supply_days_daily,0.298233984666,days,daily,OBM v0.1.0
2019-11-12,obm_cdd_per_supply_days_daily,0.306084303044,days,daily,OBM v0.1.0
2019-11-13,obm_cdd_per_supply_days_daily,2.046518472708,days,daily,OBM v0.1.0
2019-11-14,obm_cdd_per_supply_days_daily,0.217858501829,days,daily,OBM v0.1.0
2019-11-15,obm_cdd_per_supply_days_daily,0.430802101855,days,daily,OBM v0.1.0
2019-11-16,obm_cdd_per_supply_days_daily,0.085070126066,days,daily,OBM v0.1.0
2019-11-17,obm_cdd_per_supply_days_daily,0.109319750921,days,daily,OBM v0.1.0
2019-11-18,obm_cdd_per_supply_days_daily,0.806882757153,days,daily,OBM v0.1.0
2019-11-19,obm_cdd_per_supply_days_daily,0.319560261179,days,daily,OBM v0.1.0
2019-11-20,obm_cdd_per_supply_days_daily,0.243226364690,days,daily,OBM v0.1.0
2019-11-21,obm_cdd_per_supply_days_daily,0.476888019344,days,daily,OBM v0.1.0
2019-11-22,obm_cdd_per_supply_days_daily,1.359492944158,days,daily,OBM v0.1.0
2019-11-23,obm_cdd_per_supply_days_daily,0.762604384947,days,daily,OBM v0.1.0
2019-11-24,obm_cdd_per_supply_days_daily,1.327879671657,days,daily,OBM v0.1.0
2019-11-25,obm_cdd_per_supply_days_daily,0.720680497421,days,daily,OBM v0.1.0
2019-11-26,obm_cdd_per_supply_days_daily,0.496631783911,days,daily,OBM v0.1.0
2019-11-27,obm_cdd_per_supply_days_daily,0.643233109689,days,daily,OBM v0.1.0
2019-11-28,obm_cdd_per_supply_days_daily,0.150461341581,days,daily,OBM v0.1.0
2019-11-29,obm_cdd_per_supply_days_daily,0.251870375541,days,daily,OBM v0.1.0
2019-11-30,obm_cdd_per_supply_days_daily,0.412456617585,days,daily,OBM v0.1.0
2019-12-01,obm_cdd_per_supply_days_daily,0.173324619315,days,daily,OBM v0.1.0
2019-12-02,obm_cdd_per_supply_days_daily,0.352507466110,days,daily,OBM v0.1.0
2019-12-03,obm_cdd_per_supply_days_daily,0.414644228064,days,daily,OBM v0.1.0
2019-12-04,obm_cdd_per_supply_days_daily,0.568599273345,days,daily,OBM v0.1.0
2019-12-05,obm_cdd_per_supply_days_daily,0.259868595066,days,daily,OBM v0.1.0
2019-12-06,obm_cdd_per_supply_days_daily,0.399278148741,days,daily,OBM v0.1.0
2019-12-07,obm_cdd_per_supply_days_daily,0.103704004560,days,daily,OBM v0.1.0
2019-12-08,obm_cdd_per_supply_days_daily,0.121993566828,days,daily,OBM v0.1.0
2019-12-09,obm_cdd_per_supply_days_daily,0.254780857819,days,daily,OBM v0.1.0
2019-12-10,obm_cdd_per_supply_days_daily,0.206281733579,days,daily,OBM v0.1.0
2019-12-11,obm_cdd_per_supply_days_daily,0.400107737698,days,daily,OBM v0.1.0
2019-12-12,obm_cdd_per_supply_days_daily,0.307332419709,days,daily,OBM v0.1.0
2019-12-13,obm_cdd_per_supply_days_daily,0.248609629069,days,daily,OBM v0.1.0
2019-12-14,obm_cdd_per_supply_days_daily,0.210003847190,days,daily,OBM v0.1.0
2019-12-15,obm_cdd_per_supply_days_daily,0.225449086696,days,daily,OBM v0.1.0
2019-12-16,obm_cdd_per_supply_days_daily,0.324950045696,days,daily,OBM v0.1.0
2019-12-17,obm_cdd_per_supply_days_daily,0.420506062165,days,daily,OBM v0.1.0
2019-12-18,obm_cdd_per_supply_days_daily,0.821577445032,days,daily,OBM v0.1.0
2019-12-19,obm_cdd_per_supply_days_daily,0.401476667328,days,daily,OBM v0.1.0
2019-12-20,obm_cdd_per_supply_days_daily,1.307229635033,days,daily,OBM v0.1.0
2019-12-21,obm_cdd_per_supply_days_daily,0.191501098261,days,daily,OBM v0.1.0
2019-12-22,obm_cdd_per_supply_days_daily,0.166500779597,days,daily,OBM v0.1.0
2019-12-23,obm_cdd_per_supply_days_daily,0.336184867333,days,daily,OBM v0.1.0
2019-12-24,obm_cdd_per_supply_days_daily,0.368737586766,days,daily,OBM v0.1.0
2019-12-25,obm_cdd_per_supply_days_daily,0.781673228127,days,daily,OBM v0.1.0
2019-12-26,obm_cdd_per_supply_days_daily,0.862059667809,days,daily,OBM v0.1.0
2019-12-27,obm_cdd_per_supply_days_daily,0.300005865287,days,daily,OBM v0.1.0
2019-12-28,obm_cdd_per_supply_days_daily,0.204751028062,days,daily,OBM v0.1.0
2019-12-29,obm_cdd_per_supply_days_daily,0.178750577839,days,daily,OBM v0.1.0
2019-12-30,obm_cdd_per_supply_days_daily,0.600155652643,days,daily,OBM v0.1.0
2019-12-31,obm_cdd_per_supply_days_daily,0.285035845666,days,daily,OBM v0.1.0
2020-01-01,obm_cdd_per_supply_days_daily,0.115792785373,days,daily,OBM v0.1.0
2020-01-02,obm_cdd_per_supply_days_daily,0.401130294594,days,daily,OBM v0.1.0
2020-01-03,obm_cdd_per_supply_days_daily,0.232880619338,days,daily,OBM v0.1.0
2020-01-04,obm_cdd_per_supply_days_daily,0.279039634889,days,daily,OBM v0.1.0
2020-01-05,obm_cdd_per_supply_days_daily,0.164279638397,days,daily,OBM v0.1.0
2020-01-06,obm_cdd_per_supply_days_daily,0.269057082536,days,daily,OBM v0.1.0
2020-01-07,obm_cdd_per_supply_days_daily,0.355494392506,days,daily,OBM v0.1.0
2020-01-08,obm_cdd_per_supply_days_daily,0.342314534535,days,daily,OBM v0.1.0
2020-01-09,obm_cdd_per_supply_days_daily,0.468582036749,days,daily,OBM v0.1.0
2020-01-10,obm_cdd_per_supply_days_daily,0.354874807249,days,daily,OBM v0.1.0
2020-01-11,obm_cdd_per_supply_days_daily,0.120365405945,days,daily,OBM v0.1.0
2020-01-12,obm_cdd_per_supply_days_daily,0.186633165369,days,daily,OBM v0.1.0
2020-01-13,obm_cdd_per_supply_days_daily,0.276750138286,days,daily,OBM v0.1.0
2020-01-14,obm_cdd_per_supply_days_daily,1.208891240697,days,daily,OBM v0.1.0
2020-01-15,obm_cdd_per_supply_days_daily,0.759063389129,days,daily,OBM v0.1.0
2020-01-16,obm_cdd_per_supply_days_daily,0.671153121562,days,daily,OBM v0.1.0
2020-01-17,obm_cdd_per_supply_days_daily,0.232848227337,days,daily,OBM v0.1.0
2020-01-18,obm_cdd_per_supply_days_daily,0.191839690634,days,daily,OBM v0.1.0
2020-01-19,obm_cdd_per_supply_days_daily,0.294444884524,days,daily,OBM v0.1.0
2020-01-20,obm_cdd_per_supply_days_daily,0.227581549060,days,daily,OBM v0.1.0
2020-01-21,obm_cdd_per_supply_days_daily,0.303998776371,days,daily,OBM v0.1.0
2020-01-22,obm_cdd_per_supply_days_daily,0.358095533362,days,daily,OBM v0.1.0
2020-01-23,obm_cdd_per_supply_days_daily,0.704055209920,days,daily,OBM v0.1.0
2020-01-24,obm_cdd_per_supply_days_daily,0.778403374990,days,daily,OBM v0.1.0
2020-01-25,obm_cdd_per_supply_days_daily,0.224690924869,days,daily,OBM v0.1.0
2020-01-26,obm_cdd_per_supply_days_daily,0.186641312933,days,daily,OBM v0.1.0
2020-01-27,obm_cdd_per_supply_days_daily,0.277463721649,days,daily,OBM v0.1.0
2020-01-28,obm_cdd_per_supply_days_daily,0.319368781991,days,daily,OBM v0.1.0
2020-01-29,obm_cdd_per_supply_days_daily,1.059007818346,days,daily,OBM v0.1.0
2020-01-30,obm_cdd_per_supply_days_daily,0.354639626322,days,daily,OBM v0.1.0
2020-01-31,obm_cdd_per_supply_days_daily,0.720059004116,days,daily,OBM v0.1.0
2020-02-01,obm_cdd_per_supply_days_daily,0.208233806659,days,daily,OBM v0.1.0
2020-02-02,obm_cdd_per_supply_days_daily,0.592894241449,days,daily,OBM v0.1.0
2020-02-03,obm_cdd_per_supply_days_daily,3.295603712725,days,daily,OBM v0.1.0
2020-02-04,obm_cdd_per_supply_days_daily,0.424168545020,days,daily,OBM v0.1.0
2020-02-05,obm_cdd_per_supply_days_daily,0.353654585225,days,daily,OBM v0.1.0
2020-02-06,obm_cdd_per_supply_days_daily,1.302187396500,days,daily,OBM v0.1.0
2020-02-07,obm_cdd_per_supply_days_daily,3.104057752178,days,daily,OBM v0.1.0
2020-02-08,obm_cdd_per_supply_days_daily,0.562023614851,days,daily,OBM v0.1.0
2020-02-09,obm_cdd_per_supply_days_daily,0.420145375423,days,daily,OBM v0.1.0
2020-02-10,obm_cdd_per_supply_days_daily,1.628452234230,days,daily,OBM v0.1.0
2020-02-11,obm_cdd_per_supply_days_daily,0.503959714342,days,daily,OBM v0.1.0
2020-02-12,obm_cdd_per_supply_days_daily,0.373694070861,days,daily,OBM v0.1.0
2020-02-13,obm_cdd_per_supply_days_daily,0.644532382904,days,daily,OBM v0.1.0
2020-02-14,obm_cdd_per_supply_days_daily,0.361895613265,days,daily,OBM v0.1.0
2020-02-15,obm_cdd_per_supply_days_daily,0.333524016308,days,daily,OBM v0.1.0
2020-02-16,obm_cdd_per_supply_days_daily,0.183121975645,days,daily,OBM v0.1.0
2020-02-17,obm_cdd_per_supply_days_daily,0.263888530085,days,daily,OBM v0.1.0
2020-02-18,obm_cdd_per_supply_days_daily,0.440508025053,days,daily,OBM v0.1.0
2020-02-19,obm_cdd_per_supply_days_daily,0.709517901908,days,daily,OBM v0.1.0
2020-02-20,obm_cdd_per_supply_days_daily,0.880206553414,days,daily,OBM v0.1.0
2020-02-21,obm_cdd_per_supply_days_daily,0.370479277866,days,daily,OBM v0.1.0
2020-02-22,obm_cdd_per_supply_days_daily,0.172141063243,days,daily,OBM v0.1.0
2020-02-23,obm_cdd_per_supply_days_daily,0.233565369276,days,daily,OBM v0.1.0
2020-02-24,obm_cdd_per_supply_days_daily,0.246448951624,days,daily,OBM v0.1.0
2020-02-25,obm_cdd_per_supply_days_daily,1.242831224350,days,daily,OBM v0.1.0
2020-02-26,obm_cdd_per_supply_days_daily,0.383253033497,days,daily,OBM v0.1.0
2020-02-27,obm_cdd_per_supply_days_daily,0.283161048999,days,daily,OBM v0.1.0
2020-02-28,obm_cdd_per_supply_days_daily,0.465521522661,days,daily,OBM v0.1.0
2020-02-29,obm_cdd_per_supply_days_daily,0.317918963861,days,daily,OBM v0.1.0
2020-03-01,obm_cdd_per_supply_days_daily,0.307834333765,days,daily,OBM v0.1.0
2020-03-02,obm_cdd_per_supply_days_daily,0.873422764848,days,daily,OBM v0.1.0
2020-03-03,obm_cdd_per_supply_days_daily,1.094731993568,days,daily,OBM v0.1.0
2020-03-04,obm_cdd_per_supply_days_daily,0.417445164241,days,daily,OBM v0.1.0
2020-03-05,obm_cdd_per_supply_days_daily,0.486121669537,days,daily,OBM v0.1.0
2020-03-06,obm_cdd_per_supply_days_daily,0.332254810077,days,daily,OBM v0.1.0
2020-03-07,obm_cdd_per_supply_days_daily,0.146717663962,days,daily,OBM v0.1.0
2020-03-08,obm_cdd_per_supply_days_daily,0.232134155455,days,daily,OBM v0.1.0
2020-03-09,obm_cdd_per_supply_days_daily,0.943235118402,days,daily,OBM v0.1.0
2020-03-10,obm_cdd_per_supply_days_daily,0.525888960207,days,daily,OBM v0.1.0
2020-03-11,obm_cdd_per_supply_days_daily,2.059699172218,days,daily,OBM v0.1.0
2020-03-12,obm_cdd_per_supply_days_daily,2.087406905757,days,daily,OBM v0.1.0
2020-03-13,obm_cdd_per_supply_days_daily,1.827373486029,days,daily,OBM v0.1.0
2020-03-14,obm_cdd_per_supply_days_daily,0.808968023983,days,daily,OBM v0.1.0
2020-03-15,obm_cdd_per_supply_days_daily,0.387461858167,days,daily,OBM v0.1.0
2020-03-16,obm_cdd_per_supply_days_daily,0.895683818180,days,daily,OBM v0.1.0
2020-03-17,obm_cdd_per_supply_days_daily,0.938603442472,days,daily,OBM v0.1.0
2020-03-18,obm_cdd_per_supply_days_daily,0.281947444965,days,daily,OBM v0.1.0
2020-03-19,obm_cdd_per_supply_days_daily,0.481199955282,days,daily,OBM v0.1.0
2020-03-20,obm_cdd_per_supply_days_daily,0.383185194170,days,daily,OBM v0.1.0
2020-03-21,obm_cdd_per_supply_days_daily,0.190199396857,days,daily,OBM v0.1.0
2020-03-22,obm_cdd_per_supply_days_daily,0.240483631648,days,daily,OBM v0.1.0
2020-03-23,obm_cdd_per_supply_days_daily,0.441375352880,days,daily,OBM v0.1.0
2020-03-24,obm_cdd_per_supply_days_daily,0.314253796866,days,daily,OBM v0.1.0
2020-03-25,obm_cdd_per_supply_days_daily,0.656377686850,days,daily,OBM v0.1.0
2020-03-26,obm_cdd_per_supply_days_daily,0.429052614552,days,daily,OBM v0.1.0
2020-03-27,obm_cdd_per_supply_days_daily,0.407715433878,days,daily,OBM v0.1.0
2020-03-28,obm_cdd_per_supply_days_daily,0.197531037286,days,daily,OBM v0.1.0
2020-03-29,obm_cdd_per_supply_days_daily,0.305026536906,days,daily,OBM v0.1.0
2020-03-30,obm_cdd_per_supply_days_daily,0.324910038219,days,daily,OBM v0.1.0
2020-03-31,obm_cdd_per_supply_days_daily,0.256335962662,days,daily,OBM v0.1.0
2020-04-01,obm_cdd_per_supply_days_daily,0.431124291234,days,daily,OBM v0.1.0
2020-04-02,obm_cdd_per_supply_days_daily,0.347264591079,days,daily,OBM v0.1.0
2020-04-03,obm_cdd_per_supply_days_daily,0.187280311377,days,daily,OBM v0.1.0
2020-04-04,obm_cdd_per_supply_days_daily,0.179358783546,days,daily,OBM v0.1.0
2020-04-05,obm_cdd_per_supply_days_daily,0.125634468524,days,daily,OBM v0.1.0
2020-04-06,obm_cdd_per_supply_days_daily,0.274338826587,days,daily,OBM v0.1.0
2020-04-07,obm_cdd_per_supply_days_daily,0.553224477984,days,daily,OBM v0.1.0
2020-04-08,obm_cdd_per_supply_days_daily,0.223488027284,days,daily,OBM v0.1.0
2020-04-09,obm_cdd_per_supply_days_daily,0.414176004104,days,daily,OBM v0.1.0
2020-04-10,obm_cdd_per_supply_days_daily,0.680045142822,days,daily,OBM v0.1.0
2020-04-11,obm_cdd_per_supply_days_daily,0.128307091101,days,daily,OBM v0.1.0
2020-04-12,obm_cdd_per_supply_days_daily,0.092078684338,days,daily,OBM v0.1.0
2020-04-13,obm_cdd_per_supply_days_daily,0.223767939920,days,daily,OBM v0.1.0
2020-04-14,obm_cdd_per_supply_days_daily,0.204797479196,days,daily,OBM v0.1.0
2020-04-15,obm_cdd_per_supply_days_daily,0.275187085318,days,daily,OBM v0.1.0
2020-04-16,obm_cdd_per_supply_days_daily,0.428141128479,days,daily,OBM v0.1.0
2020-04-17,obm_cdd_per_supply_days_daily,0.328781129216,days,daily,OBM v0.1.0
2020-04-18,obm_cdd_per_supply_days_daily,0.138518528581,days,daily,OBM v0.1.0
2020-04-19,obm_cdd_per_supply_days_daily,0.318928556540,days,daily,OBM v0.1.0
2020-04-20,obm_cdd_per_supply_days_daily,0.293711411616,days,daily,OBM v0.1.0
2020-04-21,obm_cdd_per_supply_days_daily,0.259478917567,days,daily,OBM v0.1.0
2020-04-22,obm_cdd_per_supply_days_daily,0.326573165630,days,daily,OBM v0.1.0
2020-04-23,obm_cdd_per_supply_days_daily,0.473280227370,days,daily,OBM v0.1.0
2020-04-24,obm_cdd_per_supply_days_daily,0.297287481971,days,daily,OBM v0.1.0
2020-04-25,obm_cdd_per_supply_days_daily,0.228761351443,days,daily,OBM v0.1.0
2020-04-26,obm_cdd_per_supply_days_daily,0.245736050265,days,daily,OBM v0.1.0
2020-04-27,obm_cdd_per_supply_days_daily,0.425415780590,days,daily,OBM v0.1.0
2020-04-28,obm_cdd_per_supply_days_daily,0.235450419499,days,daily,OBM v0.1.0
2020-04-29,obm_cdd_per_supply_days_daily,1.239959057117,days,daily,OBM v0.1.0
2020-04-30,obm_cdd_per_supply_days_daily,0.645105350685,days,daily,OBM v0.1.0
2020-05-01,obm_cdd_per_supply_days_daily,0.318093157388,days,daily,OBM v0.1.0
2020-05-02,obm_cdd_per_supply_days_daily,0.161427056934,days,daily,OBM v0.1.0
2020-05-03,obm_cdd_per_supply_days_daily,0.324301002594,days,daily,OBM v0.1.0
2020-05-04,obm_cdd_per_supply_days_daily,0.247490301082,days,daily,OBM v0.1.0
2020-05-05,obm_cdd_per_supply_days_daily,0.298404491599,days,daily,OBM v0.1.0
2020-05-06,obm_cdd_per_supply_days_daily,0.802513981318,days,daily,OBM v0.1.0
2020-05-07,obm_cdd_per_supply_days_daily,1.427836986526,days,daily,OBM v0.1.0
2020-05-08,obm_cdd_per_supply_days_daily,0.925240954684,days,daily,OBM v0.1.0
2020-05-09,obm_cdd_per_supply_days_daily,0.518318112682,days,daily,OBM v0.1.0
2020-05-10,obm_cdd_per_supply_days_daily,0.332317095998,days,daily,OBM v0.1.0
2020-05-11,obm_cdd_per_supply_days_daily,0.724659712255,days,daily,OBM v0.1.0
2020-05-12,obm_cdd_per_supply_days_daily,0.271808369445,days,daily,OBM v0.1.0
2020-05-13,obm_cdd_per_supply_days_daily,0.294383477324,days,daily,OBM v0.1.0
2020-05-14,obm_cdd_per_supply_days_daily,0.375202809478,days,daily,OBM v0.1.0
2020-05-15,obm_cdd_per_supply_days_daily,0.422156125440,days,daily,OBM v0.1.0
2020-05-16,obm_cdd_per_supply_days_daily,0.294560393724,days,daily,OBM v0.1.0
2020-05-17,obm_cdd_per_supply_days_daily,0.184868874912,days,daily,OBM v0.1.0
2020-05-18,obm_cdd_per_supply_days_daily,0.386148656161,days,daily,OBM v0.1.0
2020-05-19,obm_cdd_per_supply_days_daily,0.238698439708,days,daily,OBM v0.1.0
2020-05-20,obm_cdd_per_supply_days_daily,0.345237855235,days,daily,OBM v0.1.0
2020-05-21,obm_cdd_per_supply_days_daily,0.459315290796,days,daily,OBM v0.1.0
2020-05-22,obm_cdd_per_supply_days_daily,0.285441077525,days,daily,OBM v0.1.0
2020-05-23,obm_cdd_per_supply_days_daily,0.205350352239,days,daily,OBM v0.1.0
2020-05-24,obm_cdd_per_supply_days_daily,0.159345637947,days,daily,OBM v0.1.0
2020-05-25,obm_cdd_per_supply_days_daily,0.214035168898,days,daily,OBM v0.1.0
2020-05-26,obm_cdd_per_supply_days_daily,0.268020727093,days,daily,OBM v0.1.0
2020-05-27,obm_cdd_per_supply_days_daily,0.279979975037,days,daily,OBM v0.1.0
2020-05-28,obm_cdd_per_supply_days_daily,0.425478247021,days,daily,OBM v0.1.0
2020-05-29,obm_cdd_per_supply_days_daily,0.405934763035,days,daily,OBM v0.1.0
2020-05-30,obm_cdd_per_supply_days_daily,0.217970020675,days,daily,OBM v0.1.0
2020-05-31,obm_cdd_per_supply_days_daily,0.439621828389,days,daily,OBM v0.1.0
2020-06-01,obm_cdd_per_supply_days_daily,1.228281675659,days,daily,OBM v0.1.0
2020-06-02,obm_cdd_per_supply_days_daily,0.557447108061,days,daily,OBM v0.1.0
2020-06-03,obm_cdd_per_supply_days_daily,0.319135304006,days,daily,OBM v0.1.0
2020-06-04,obm_cdd_per_supply_days_daily,0.350221153404,days,daily,OBM v0.1.0
2020-06-05,obm_cdd_per_supply_days_daily,0.298893766087,days,daily,OBM v0.1.0
2020-06-06,obm_cdd_per_supply_days_daily,0.357521412191,days,daily,OBM v0.1.0
2020-06-07,obm_cdd_per_supply_days_daily,0.282570581267,days,daily,OBM v0.1.0
2020-06-08,obm_cdd_per_supply_days_daily,0.820504581547,days,daily,OBM v0.1.0
2020-06-09,obm_cdd_per_supply_days_daily,0.346843872429,days,daily,OBM v0.1.0
2020-06-10,obm_cdd_per_supply_days_daily,0.407047725741,days,daily,OBM v0.1.0
2020-06-11,obm_cdd_per_supply_days_daily,0.299240044253,days,daily,OBM v0.1.0
2020-06-12,obm_cdd_per_supply_days_daily,0.204184765216,days,daily,OBM v0.1.0
2020-06-13,obm_cdd_per_supply_days_daily,0.145377370390,days,daily,OBM v0.1.0
2020-06-14,obm_cdd_per_supply_days_daily,0.212251456281,days,daily,OBM v0.1.0
2020-06-15,obm_cdd_per_supply_days_daily,0.343580979513,days,daily,OBM v0.1.0
2020-06-16,obm_cdd_per_supply_days_daily,0.314173739365,days,daily,OBM v0.1.0
2020-06-17,obm_cdd_per_supply_days_daily,0.235475521221,days,daily,OBM v0.1.0
2020-06-18,obm_cdd_per_supply_days_daily,0.746665031728,days,daily,OBM v0.1.0
2020-06-19,obm_cdd_per_supply_days_daily,0.268814081477,days,daily,OBM v0.1.0
2020-06-20,obm_cdd_per_supply_days_daily,0.226707463316,days,daily,OBM v0.1.0
2020-06-21,obm_cdd_per_supply_days_daily,0.261032320407,days,daily,OBM v0.1.0
2020-06-22,obm_cdd_per_supply_days_daily,0.414303141282,days,daily,OBM v0.1.0
2020-06-23,obm_cdd_per_supply_days_daily,0.525406974472,days,daily,OBM v0.1.0
2020-06-24,obm_cdd_per_supply_days_daily,1.002741152302,days,daily,OBM v0.1.0
2020-06-25,obm_cdd_per_supply_days_daily,0.224397536605,days,daily,OBM v0.1.0
2020-06-26,obm_cdd_per_supply_days_daily,0.833355331589,days,daily,OBM v0.1.0
2020-06-27,obm_cdd_per_supply_days_daily,0.313742750624,days,daily,OBM v0.1.0
2020-06-28,obm_cdd_per_supply_days_daily,0.429381504317,days,daily,OBM v0.1.0
2020-06-29,obm_cdd_per_supply_days_daily,0.358133157033,days,daily,OBM v0.1.0
2020-06-30,obm_cdd_per_supply_days_daily,0.651125448952,days,daily,OBM v0.1.0
2020-07-01,obm_cdd_per_supply_days_daily,0.324094817018,days,daily,OBM v0.1.0
2020-07-02,obm_cdd_per_supply_days_daily,0.234014740985,days,daily,OBM v0.1.0
2020-07-03,obm_cdd_per_supply_days_daily,0.273151010659,days,daily,OBM v0.1.0
2020-07-04,obm_cdd_per_supply_days_daily,0.142260370608,days,daily,OBM v0.1.0
2020-07-05,obm_cdd_per_supply_days_daily,0.105426522345,days,daily,OBM v0.1.0
2020-07-06,obm_cdd_per_supply_days_daily,0.301695283426,days,daily,OBM v0.1.0
2020-07-07,obm_cdd_per_supply_days_daily,0.459504255960,days,daily,OBM v0.1.0
2020-07-08,obm_cdd_per_supply_days_daily,0.797394918814,days,daily,OBM v0.1.0
2020-07-09,obm_cdd_per_supply_days_daily,0.295629648527,days,daily,OBM v0.1.0
2020-07-10,obm_cdd_per_supply_days_daily,0.288667451883,days,daily,OBM v0.1.0
2020-07-11,obm_cdd_per_supply_days_daily,0.143212784331,days,daily,OBM v0.1.0
2020-07-12,obm_cdd_per_supply_days_daily,0.184326386882,days,daily,OBM v0.1.0
2020-07-13,obm_cdd_per_supply_days_daily,0.352980670092,days,daily,OBM v0.1.0
2020-07-14,obm_cdd_per_supply_days_daily,0.751671220189,days,daily,OBM v0.1.0
2020-07-15,obm_cdd_per_supply_days_daily,0.810757668395,days,daily,OBM v0.1.0
2020-07-16,obm_cdd_per_supply_days_daily,0.227130041834,days,daily,OBM v0.1.0
2020-07-17,obm_cdd_per_supply_days_daily,0.294744744022,days,daily,OBM v0.1.0
2020-07-18,obm_cdd_per_supply_days_daily,0.180346019694,days,daily,OBM v0.1.0
2020-07-19,obm_cdd_per_supply_days_daily,0.222991125724,days,daily,OBM v0.1.0
2020-07-20,obm_cdd_per_supply_days_daily,0.184060014600,days,daily,OBM v0.1.0
2020-07-21,obm_cdd_per_supply_days_daily,0.465323109175,days,daily,OBM v0.1.0
2020-07-22,obm_cdd_per_supply_days_daily,0.623958015420,days,daily,OBM v0.1.0
2020-07-23,obm_cdd_per_supply_days_daily,0.457061848082,days,daily,OBM v0.1.0
2020-07-24,obm_cdd_per_supply_days_daily,0.327684776497,days,daily,OBM v0.1.0
2020-07-25,obm_cdd_per_supply_days_daily,0.271795672941,days,daily,OBM v0.1.0
2020-07-26,obm_cdd_per_supply_days_daily,0.319524485635,days,daily,OBM v0.1.0
2020-07-27,obm_cdd_per_supply_days_daily,0.833747737773,days,daily,OBM v0.1.0
2020-07-28,obm_cdd_per_supply_days_daily,1.255188676457,days,daily,OBM v0.1.0
2020-07-29,obm_cdd_per_supply_days_daily,0.556034772128,days,daily,OBM v0.1.0
2020-07-30,obm_cdd_per_supply_days_daily,0.648582852957,days,daily,OBM v0.1.0
2020-07-31,obm_cdd_per_supply_days_daily,0.813874662138,days,daily,OBM v0.1.0
2020-08-01,obm_cdd_per_supply_days_daily,0.391691381566,days,daily,OBM v0.1.0
2020-08-02,obm_cdd_per_supply_days_daily,0.484509389778,days,daily,OBM v0.1.0
2020-08-03,obm_cdd_per_supply_days_daily,0.941657328390,days,daily,OBM v0.1.0
2020-08-04,obm_cdd_per_supply_days_daily,0.494819987649,days,daily,OBM v0.1.0
2020-08-05,obm_cdd_per_supply_days_daily,0.702236208500,days,daily,OBM v0.1.0
2020-08-06,obm_cdd_per_supply_days_daily,0.815426619321,days,daily,OBM v0.1.0
2020-08-07,obm_cdd_per_supply_days_daily,0.834666772817,days,daily,OBM v0.1.0
2020-08-08,obm_cdd_per_supply_days_daily,0.381531633276,days,daily,OBM v0.1.0
2020-08-09,obm_cdd_per_supply_days_daily,0.421651890246,days,daily,OBM v0.1.0
2020-08-10,obm_cdd_per_supply_days_daily,0.353893940922,days,daily,OBM v0.1.0
2020-08-11,obm_cdd_per_supply_days_daily,0.931388127650,days,daily,OBM v0.1.0
2020-08-12,obm_cdd_per_supply_days_daily,0.693045792840,days,daily,OBM v0.1.0
2020-08-13,obm_cdd_per_supply_days_daily,0.371281379991,days,daily,OBM v0.1.0
2020-08-14,obm_cdd_per_supply_days_daily,0.556754685747,days,daily,OBM v0.1.0
2020-08-15,obm_cdd_per_supply_days_daily,0.332275642680,days,daily,OBM v0.1.0
2020-08-16,obm_cdd_per_supply_days_daily,0.306133135954,days,daily,OBM v0.1.0
2020-08-17,obm_cdd_per_supply_days_daily,1.011937127352,days,daily,OBM v0.1.0
2020-08-18,obm_cdd_per_supply_days_daily,0.343614805505,days,daily,OBM v0.1.0
2020-08-19,obm_cdd_per_supply_days_daily,0.400698895530,days,daily,OBM v0.1.0
2020-08-20,obm_cdd_per_supply_days_daily,0.445476589928,days,daily,OBM v0.1.0
2020-08-21,obm_cdd_per_supply_days_daily,0.791770855036,days,daily,OBM v0.1.0
2020-08-22,obm_cdd_per_supply_days_daily,0.213845549789,days,daily,OBM v0.1.0
2020-08-23,obm_cdd_per_supply_days_daily,0.216166863643,days,daily,OBM v0.1.0
2020-08-24,obm_cdd_per_supply_days_daily,0.329566070926,days,daily,OBM v0.1.0
2020-08-25,obm_cdd_per_supply_days_daily,0.518793491017,days,daily,OBM v0.1.0
2020-08-26,obm_cdd_per_supply_days_daily,0.617649959114,days,daily,OBM v0.1.0
2020-08-27,obm_cdd_per_supply_days_daily,0.322119901753,days,daily,OBM v0.1.0
2020-08-28,obm_cdd_per_supply_days_daily,0.716568324284,days,daily,OBM v0.1.0
2020-08-29,obm_cdd_per_supply_days_daily,0.263817031156,days,daily,OBM v0.1.0
2020-08-30,obm_cdd_per_supply_days_daily,0.289490564327,days,daily,OBM v0.1.0
2020-08-31,obm_cdd_per_supply_days_daily,0.629291247801,days,daily,OBM v0.1.0
2020-09-01,obm_cdd_per_supply_days_daily,1.025349356241,days,daily,OBM v0.1.0
2020-09-02,obm_cdd_per_supply_days_daily,0.608085827260,days,daily,OBM v0.1.0
2020-09-03,obm_cdd_per_supply_days_daily,0.745276219073,days,daily,OBM v0.1.0
2020-09-04,obm_cdd_per_supply_days_daily,0.838162124637,days,daily,OBM v0.1.0
2020-09-05,obm_cdd_per_supply_days_daily,0.381876104525,days,daily,OBM v0.1.0
2020-09-06,obm_cdd_per_supply_days_daily,0.344314880273,days,daily,OBM v0.1.0
2020-09-07,obm_cdd_per_supply_days_daily,0.326169003841,days,daily,OBM v0.1.0
2020-09-08,obm_cdd_per_supply_days_daily,0.291011753173,days,daily,OBM v0.1.0
2020-09-09,obm_cdd_per_supply_days_daily,0.441407033199,days,daily,OBM v0.1.0
2020-09-10,obm_cdd_per_supply_days_daily,0.443786508436,days,daily,OBM v0.1.0
2020-09-11,obm_cdd_per_supply_days_daily,0.465667666943,days,daily,OBM v0.1.0
2020-09-12,obm_cdd_per_supply_days_daily,0.320770374952,days,daily,OBM v0.1.0
2020-09-13,obm_cdd_per_supply_days_daily,0.190345093278,days,daily,OBM v0.1.0
2020-09-14,obm_cdd_per_supply_days_daily,0.348362458970,days,daily,OBM v0.1.0
2020-09-15,obm_cdd_per_supply_days_daily,0.395637278806,days,daily,OBM v0.1.0
2020-09-16,obm_cdd_per_supply_days_daily,0.833106534013,days,daily,OBM v0.1.0
2020-09-17,obm_cdd_per_supply_days_daily,0.501154580344,days,daily,OBM v0.1.0
2020-09-18,obm_cdd_per_supply_days_daily,0.603828771818,days,daily,OBM v0.1.0
2020-09-19,obm_cdd_per_supply_days_daily,0.579297327199,days,daily,OBM v0.1.0
2020-09-20,obm_cdd_per_supply_days_daily,0.493359850195,days,daily,OBM v0.1.0
2020-09-21,obm_cdd_per_supply_days_daily,0.368439128726,days,daily,OBM v0.1.0
2020-09-22,obm_cdd_per_supply_days_daily,0.544351688912,days,daily,OBM v0.1.0
2020-09-23,obm_cdd_per_supply_days_daily,0.353662409589,days,daily,OBM v0.1.0
2020-09-24,obm_cdd_per_supply_days_daily,0.781539691451,days,daily,OBM v0.1.0
2020-09-25,obm_cdd_per_supply_days_daily,0.585628547046,days,daily,OBM v0.1.0
2020-09-26,obm_cdd_per_supply_days_daily,0.347082055657,days,daily,OBM v0.1.0
2020-09-27,obm_cdd_per_supply_days_daily,0.343697274232,days,daily,OBM v0.1.0
2020-09-28,obm_cdd_per_supply_days_daily,0.297653629929,days,daily,OBM v0.1.0
2020-09-29,obm_cdd_per_supply_days_daily,1.074874377612,days,daily,OBM v0.1.0
2020-09-30,obm_cdd_per_supply_days_daily,0.685959488217,days,daily,OBM v0.1.0
2020-10-01,obm_cdd_per_supply_days_daily,0.328782716583,days,daily,OBM v0.1.0
2020-10-02,obm_cdd_per_supply_days_daily,0.515575628150,days,daily,OBM v0.1.0
2020-10-03,obm_cdd_per_supply_days_daily,0.159289775928,days,daily,OBM v0.1.0
2020-10-04,obm_cdd_per_supply_days_daily,0.218669774756,days,daily,OBM v0.1.0
2020-10-05,obm_cdd_per_supply_days_daily,0.303486412450,days,daily,OBM v0.1.0
2020-10-06,obm_cdd_per_supply_days_daily,0.327652319661,days,daily,OBM v0.1.0
2020-10-07,obm_cdd_per_supply_days_daily,0.666085732676,days,daily,OBM v0.1.0
2020-10-08,obm_cdd_per_supply_days_daily,0.490482095297,days,daily,OBM v0.1.0
2020-10-09,obm_cdd_per_supply_days_daily,0.540568750225,days,daily,OBM v0.1.0
2020-10-10,obm_cdd_per_supply_days_daily,0.218739360832,days,daily,OBM v0.1.0
2020-10-11,obm_cdd_per_supply_days_daily,0.335525511371,days,daily,OBM v0.1.0
2020-10-12,obm_cdd_per_supply_days_daily,0.586700292394,days,daily,OBM v0.1.0
2020-10-13,obm_cdd_per_supply_days_daily,0.258847553846,days,daily,OBM v0.1.0
2020-10-14,obm_cdd_per_supply_days_daily,0.673654790864,days,daily,OBM v0.1.0
2020-10-15,obm_cdd_per_supply_days_daily,0.529122679288,days,daily,OBM v0.1.0
2020-10-16,obm_cdd_per_supply_days_daily,0.273610908927,days,daily,OBM v0.1.0
2020-10-17,obm_cdd_per_supply_days_daily,0.142072299596,days,daily,OBM v0.1.0
2020-10-18,obm_cdd_per_supply_days_daily,0.172485687764,days,daily,OBM v0.1.0
2020-10-19,obm_cdd_per_supply_days_daily,1.661465681827,days,daily,OBM v0.1.0
2020-10-20,obm_cdd_per_supply_days_daily,0.516577170204,days,daily,OBM v0.1.0
2020-10-21,obm_cdd_per_supply_days_daily,0.608906298720,days,daily,OBM v0.1.0
2020-10-22,obm_cdd_per_supply_days_daily,1.840941271862,days,daily,OBM v0.1.0
2020-10-23,obm_cdd_per_supply_days_daily,3.058501088650,days,daily,OBM v0.1.0
2020-10-24,obm_cdd_per_supply_days_daily,0.752807119792,days,daily,OBM v0.1.0
2020-10-25,obm_cdd_per_supply_days_daily,0.400793642632,days,daily,OBM v0.1.0
2020-10-26,obm_cdd_per_supply_days_daily,0.329064032255,days,daily,OBM v0.1.0
2020-10-27,obm_cdd_per_supply_days_daily,0.765859635073,days,daily,OBM v0.1.0
2020-10-28,obm_cdd_per_supply_days_daily,0.794207866977,days,daily,OBM v0.1.0
2020-10-29,obm_cdd_per_supply_days_daily,0.799558654856,days,daily,OBM v0.1.0
2020-10-30,obm_cdd_per_supply_days_daily,0.425971794754,days,daily,OBM v0.1.0
2020-10-31,obm_cdd_per_supply_days_daily,0.437042980325,days,daily,OBM v0.1.0
2020-11-01,obm_cdd_per_supply_days_daily,0.581721486543,days,daily,OBM v0.1.0
2020-11-02,obm_cdd_per_supply_days_daily,1.234235276339,days,daily,OBM v0.1.0
2020-11-03,obm_cdd_per_supply_days_daily,9.199294397437,days,daily,OBM v0.1.0
2020-11-04,obm_cdd_per_supply_days_daily,0.707852122312,days,daily,OBM v0.1.0
2020-11-05,obm_cdd_per_supply_days_daily,1.636228794194,days,daily,OBM v0.1.0
2020-11-06,obm_cdd_per_supply_days_daily,1.050033922361,days,daily,OBM v0.1.0
2020-11-07,obm_cdd_per_supply_days_daily,0.670194980209,days,daily,OBM v0.1.0
2020-11-08,obm_cdd_per_supply_days_daily,0.876390331682,days,daily,OBM v0.1.0
2020-11-09,obm_cdd_per_supply_days_daily,0.774619212235,days,daily,OBM v0.1.0
2020-11-10,obm_cdd_per_supply_days_daily,0.568159808834,days,daily,OBM v0.1.0
2020-11-11,obm_cdd_per_supply_days_daily,0.793285411251,days,daily,OBM v0.1.0
2020-11-12,obm_cdd_per_supply_days_daily,1.026195923830,days,daily,OBM v0.1.0
2020-11-13,obm_cdd_per_supply_days_daily,0.936308824942,days,daily,OBM v0.1.0
2020-11-14,obm_cdd_per_supply_days_daily,0.604971510616,days,daily,OBM v0.1.0
2020-11-15,obm_cdd_per_supply_days_daily,0.379676289973,days,daily,OBM v0.1.0
2020-11-16,obm_cdd_per_supply_days_daily,0.654488714768,days,daily,OBM v0.1.0
2020-11-17,obm_cdd_per_supply_days_daily,1.139956406232,days,daily,OBM v0.1.0
2020-11-18,obm_cdd_per_supply_days_daily,1.569501639172,days,daily,OBM v0.1.0
2020-11-19,obm_cdd_per_supply_days_daily,0.794192069871,days,daily,OBM v0.1.0
2020-11-20,obm_cdd_per_supply_days_daily,1.726735663472,days,daily,OBM v0.1.0
2020-11-21,obm_cdd_per_supply_days_daily,1.055421048268,days,daily,OBM v0.1.0
2020-11-22,obm_cdd_per_supply_days_daily,0.543827566536,days,daily,OBM v0.1.0
2020-11-23,obm_cdd_per_supply_days_daily,0.638276264903,days,daily,OBM v0.1.0
2020-11-24,obm_cdd_per_supply_days_daily,1.421968280895,days,daily,OBM v0.1.0
2020-11-25,obm_cdd_per_supply_days_daily,0.771487198827,days,daily,OBM v0.1.0
2020-11-26,obm_cdd_per_supply_days_daily,2.291555842096,days,daily,OBM v0.1.0
2020-11-27,obm_cdd_per_supply_days_daily,1.248334878515,days,daily,OBM v0.1.0
2020-11-28,obm_cdd_per_supply_days_daily,0.339439536457,days,daily,OBM v0.1.0
2020-11-29,obm_cdd_per_supply_days_daily,0.493129535068,days,daily,OBM v0.1.0
2020-11-30,obm_cdd_per_supply_days_daily,1.392272467229,days,daily,OBM v0.1.0
2020-12-01,obm_cdd_per_supply_days_daily,1.312690566797,days,daily,OBM v0.1.0
2020-12-02,obm_cdd_per_supply_days_daily,1.017538169479,days,daily,OBM v0.1.0
2020-12-03,obm_cdd_per_supply_days_daily,1.103798637741,days,daily,OBM v0.1.0
2020-12-04,obm_cdd_per_supply_days_daily,0.895635977006,days,daily,OBM v0.1.0
2020-12-05,obm_cdd_per_supply_days_daily,0.366995729979,days,daily,OBM v0.1.0
2020-12-06,obm_cdd_per_supply_days_daily,0.426414111116,days,daily,OBM v0.1.0
2020-12-07,obm_cdd_per_supply_days_daily,0.858461488873,days,daily,OBM v0.1.0
2020-12-08,obm_cdd_per_supply_days_daily,0.861368999935,days,daily,OBM v0.1.0
2020-12-09,obm_cdd_per_supply_days_daily,0.778578245423,days,daily,OBM v0.1.0
2020-12-10,obm_cdd_per_supply_days_daily,0.918439244425,days,daily,OBM v0.1.0
2020-12-11,obm_cdd_per_supply_days_daily,1.798135464260,days,daily,OBM v0.1.0
2020-12-12,obm_cdd_per_supply_days_daily,1.087044625166,days,daily,OBM v0.1.0
2020-12-13,obm_cdd_per_supply_days_daily,1.869997762328,days,daily,OBM v0.1.0
2020-12-14,obm_cdd_per_supply_days_daily,0.749481982201,days,daily,OBM v0.1.0
2020-12-15,obm_cdd_per_supply_days_daily,0.843816153605,days,daily,OBM v0.1.0
2020-12-16,obm_cdd_per_supply_days_daily,1.427123125391,days,daily,OBM v0.1.0
2020-12-17,obm_cdd_per_supply_days_daily,1.518631862229,days,daily,OBM v0.1.0
2020-12-18,obm_cdd_per_supply_days_daily,1.780598473820,days,daily,OBM v0.1.0
2020-12-19,obm_cdd_per_supply_days_daily,0.830748075179,days,daily,OBM v0.1.0
2020-12-20,obm_cdd_per_supply_days_daily,1.289221917346,days,daily,OBM v0.1.0
2020-12-21,obm_cdd_per_supply_days_daily,0.914386247344,days,daily,OBM v0.1.0
2020-12-22,obm_cdd_per_supply_days_daily,2.361441068817,days,daily,OBM v0.1.0
2020-12-23,obm_cdd_per_supply_days_daily,1.575190306446,days,daily,OBM v0.1.0
2020-12-24,obm_cdd_per_supply_days_daily,0.963346624413,days,daily,OBM v0.1.0
2020-12-25,obm_cdd_per_supply_days_daily,0.374571732051,days,daily,OBM v0.1.0
2020-12-26,obm_cdd_per_supply_days_daily,0.796914045179,days,daily,OBM v0.1.0
2020-12-27,obm_cdd_per_supply_days_daily,1.294218668343,days,daily,OBM v0.1.0
2020-12-28,obm_cdd_per_supply_days_daily,3.295931812258,days,daily,OBM v0.1.0
2020-12-29,obm_cdd_per_supply_days_daily,1.329837606462,days,daily,OBM v0.1.0
2020-12-30,obm_cdd_per_supply_days_daily,0.822152785315,days,daily,OBM v0.1.0
2020-12-31,obm_cdd_per_supply_days_daily,1.028308525690,days,daily,OBM v0.1.0
2021-01-01,obm_cdd_per_supply_days_daily,1.294710406621,days,daily,OBM v0.1.0
2021-01-02,obm_cdd_per_supply_days_daily,3.044529729243,days,daily,OBM v0.1.0
2021-01-03,obm_cdd_per_supply_days_daily,1.948559865190,days,daily,OBM v0.1.0
2021-01-04,obm_cdd_per_supply_days_daily,2.989822136056,days,daily,OBM v0.1.0
2021-01-05,obm_cdd_per_supply_days_daily,1.181535791420,days,daily,OBM v0.1.0
2021-01-06,obm_cdd_per_supply_days_daily,1.349585301785,days,daily,OBM v0.1.0
2021-01-07,obm_cdd_per_supply_days_daily,2.106041963478,days,daily,OBM v0.1.0
2021-01-08,obm_cdd_per_supply_days_daily,1.748536425042,days,daily,OBM v0.1.0
2021-01-09,obm_cdd_per_supply_days_daily,1.516414069978,days,daily,OBM v0.1.0
2021-01-10,obm_cdd_per_supply_days_daily,1.180346796617,days,daily,OBM v0.1.0
2021-01-11,obm_cdd_per_supply_days_daily,1.363220517588,days,daily,OBM v0.1.0
2021-01-12,obm_cdd_per_supply_days_daily,0.837703787286,days,daily,OBM v0.1.0
2021-01-13,obm_cdd_per_supply_days_daily,0.831308752769,days,daily,OBM v0.1.0
2021-01-14,obm_cdd_per_supply_days_daily,0.831060841487,days,daily,OBM v0.1.0
2021-01-15,obm_cdd_per_supply_days_daily,0.996773014164,days,daily,OBM v0.1.0
2021-01-16,obm_cdd_per_supply_days_daily,0.565774191006,days,daily,OBM v0.1.0
2021-01-17,obm_cdd_per_supply_days_daily,0.517699218086,days,daily,OBM v0.1.0
2021-01-18,obm_cdd_per_supply_days_daily,0.734304292406,days,daily,OBM v0.1.0
2021-01-19,obm_cdd_per_supply_days_daily,0.731981713146,days,daily,OBM v0.1.0
2021-01-20,obm_cdd_per_supply_days_daily,0.554707181886,days,daily,OBM v0.1.0
2021-01-21,obm_cdd_per_supply_days_daily,0.560817219764,days,daily,OBM v0.1.0
2021-01-22,obm_cdd_per_supply_days_daily,0.620528665151,days,daily,OBM v0.1.0
2021-01-23,obm_cdd_per_supply_days_daily,0.332012447760,days,daily,OBM v0.1.0
2021-01-24,obm_cdd_per_supply_days_daily,0.293316391993,days,daily,OBM v0.1.0
2021-01-25,obm_cdd_per_supply_days_daily,0.547866799277,days,daily,OBM v0.1.0
2021-01-26,obm_cdd_per_supply_days_daily,0.416113686095,days,daily,OBM v0.1.0
2021-01-27,obm_cdd_per_supply_days_daily,2.088998600242,days,daily,OBM v0.1.0
2021-01-28,obm_cdd_per_supply_days_daily,0.729999168811,days,daily,OBM v0.1.0
2021-01-29,obm_cdd_per_supply_days_daily,0.972029389872,days,daily,OBM v0.1.0
2021-01-30,obm_cdd_per_supply_days_daily,0.549379711586,days,daily,OBM v0.1.0
2021-01-31,obm_cdd_per_supply_days_daily,1.031010560122,days,daily,OBM v0.1.0
2021-02-01,obm_cdd_per_supply_days_daily,0.401712629979,days,daily,OBM v0.1.0
2021-02-02,obm_cdd_per_supply_days_daily,0.452254283789,days,daily,OBM v0.1.0
2021-02-03,obm_cdd_per_supply_days_daily,0.576069202201,days,daily,OBM v0.1.0
2021-02-04,obm_cdd_per_supply_days_daily,0.842424746266,days,daily,OBM v0.1.0
2021-02-05,obm_cdd_per_supply_days_daily,1.065750419382,days,daily,OBM v0.1.0
2021-02-06,obm_cdd_per_supply_days_daily,0.539460867764,days,daily,OBM v0.1.0
2021-02-07,obm_cdd_per_supply_days_daily,1.414145298744,days,daily,OBM v0.1.0
2021-02-08,obm_cdd_per_supply_days_daily,0.986605048727,days,daily,OBM v0.1.0
2021-02-09,obm_cdd_per_supply_days_daily,1.406236138790,days,daily,OBM v0.1.0
2021-02-10,obm_cdd_per_supply_days_daily,0.894186462451,days,daily,OBM v0.1.0
2021-02-11,obm_cdd_per_supply_days_daily,0.728002320513,days,daily,OBM v0.1.0
2021-02-12,obm_cdd_per_supply_days_daily,0.820415947311,days,daily,OBM v0.1.0
2021-02-13,obm_cdd_per_supply_days_daily,0.405055076260,days,daily,OBM v0.1.0
2021-02-14,obm_cdd_per_supply_days_daily,0.553973650173,days,daily,OBM v0.1.0
2021-02-15,obm_cdd_per_supply_days_daily,0.764317823467,days,daily,OBM v0.1.0
2021-02-16,obm_cdd_per_supply_days_daily,0.837509142910,days,daily,OBM v0.1.0
2021-02-17,obm_cdd_per_supply_days_daily,0.871799860747,days,daily,OBM v0.1.0
2021-02-18,obm_cdd_per_supply_days_daily,1.113848668670,days,daily,OBM v0.1.0
2021-02-19,obm_cdd_per_supply_days_daily,1.253735549347,days,daily,OBM v0.1.0
2021-02-20,obm_cdd_per_supply_days_daily,1.124284392910,days,daily,OBM v0.1.0
2021-02-21,obm_cdd_per_supply_days_daily,0.768438766612,days,daily,OBM v0.1.0
2021-02-22,obm_cdd_per_supply_days_daily,0.805547534390,days,daily,OBM v0.1.0
2021-02-23,obm_cdd_per_supply_days_daily,1.809589409593,days,daily,OBM v0.1.0
2021-02-24,obm_cdd_per_supply_days_daily,1.692149924549,days,daily,OBM v0.1.0
2021-02-25,obm_cdd_per_supply_days_daily,0.977742626757,days,daily,OBM v0.1.0
2021-02-26,obm_cdd_per_supply_days_daily,1.088883425667,days,daily,OBM v0.1.0
2021-02-27,obm_cdd_per_supply_days_daily,0.550051805940,days,daily,OBM v0.1.0
2021-02-28,obm_cdd_per_supply_days_daily,0.579597621920,days,daily,OBM v0.1.0
2021-03-01,obm_cdd_per_supply_days_daily,0.441954751411,days,daily,OBM v0.1.0
2021-03-02,obm_cdd_per_supply_days_daily,0.977234424345,days,daily,OBM v0.1.0
2021-03-03,obm_cdd_per_supply_days_daily,0.423639092384,days,daily,OBM v0.1.0
2021-03-04,obm_cdd_per_supply_days_daily,0.551154715151,days,daily,OBM v0.1.0
2021-03-05,obm_cdd_per_supply_days_daily,0.898412342160,days,daily,OBM v0.1.0
2021-03-06,obm_cdd_per_supply_days_daily,0.368310340884,days,daily,OBM v0.1.0
2021-03-07,obm_cdd_per_supply_days_daily,0.255340552904,days,daily,OBM v0.1.0
2021-03-08,obm_cdd_per_supply_days_daily,1.208555368819,days,daily,OBM v0.1.0
2021-03-09,obm_cdd_per_supply_days_daily,0.512456615284,days,daily,OBM v0.1.0
2021-03-10,obm_cdd_per_supply_days_daily,0.532934011104,days,daily,OBM v0.1.0
2021-03-11,obm_cdd_per_supply_days_daily,2.062104220905,days,daily,OBM v0.1.0
2021-03-12,obm_cdd_per_supply_days_daily,0.938333083920,days,daily,OBM v0.1.0
2021-03-13,obm_cdd_per_supply_days_daily,0.555612648361,days,daily,OBM v0.1.0
2021-03-14,obm_cdd_per_supply_days_daily,1.036558923558,days,daily,OBM v0.1.0
2021-03-15,obm_cdd_per_supply_days_daily,0.581762480511,days,daily,OBM v0.1.0
2021-03-16,obm_cdd_per_supply_days_daily,0.904631083775,days,daily,OBM v0.1.0
2021-03-17,obm_cdd_per_supply_days_daily,0.744627990489,days,daily,OBM v0.1.0
2021-03-18,obm_cdd_per_supply_days_daily,0.376688147401,days,daily,OBM v0.1.0
2021-03-19,obm_cdd_per_supply_days_daily,0.354701512812,days,daily,OBM v0.1.0
2021-03-20,obm_cdd_per_supply_days_daily,0.713030544468,days,daily,OBM v0.1.0
2021-03-21,obm_cdd_per_supply_days_daily,0.385709556435,days,daily,OBM v0.1.0
2021-03-22,obm_cdd_per_supply_days_daily,0.744442582315,days,daily,OBM v0.1.0
2021-03-23,obm_cdd_per_supply_days_daily,1.154994281818,days,daily,OBM v0.1.0
2021-03-24,obm_cdd_per_supply_days_daily,0.578974098336,days,daily,OBM v0.1.0
2021-03-25,obm_cdd_per_supply_days_daily,1.305311490223,days,daily,OBM v0.1.0
2021-03-26,obm_cdd_per_supply_days_daily,0.612369496900,days,daily,OBM v0.1.0
2021-03-27,obm_cdd_per_supply_days_daily,0.677506061652,days,daily,OBM v0.1.0
2021-03-28,obm_cdd_per_supply_days_daily,0.421486123388,days,daily,OBM v0.1.0
2021-03-29,obm_cdd_per_supply_days_daily,0.379916339826,days,daily,OBM v0.1.0
2021-03-30,obm_cdd_per_supply_days_daily,0.595096479555,days,daily,OBM v0.1.0
2021-03-31,obm_cdd_per_supply_days_daily,0.797145041390,days,daily,OBM v0.1.0
2021-04-01,obm_cdd_per_supply_days_daily,1.494544578273,days,daily,OBM v0.1.0
2021-04-02,obm_cdd_per_supply_days_daily,1.146818362982,days,daily,OBM v0.1.0
2021-04-03,obm_cdd_per_supply_days_daily,0.247254379802,days,daily,OBM v0.1.0
2021-04-04,obm_cdd_per_supply_days_daily,0.299693136603,days,daily,OBM v0.1.0
2021-04-05,obm_cdd_per_supply_days_daily,0.433570063786,days,daily,OBM v0.1.0
2021-04-06,obm_cdd_per_supply_days_daily,2.054348102817,days,daily,OBM v0.1.0
2021-04-07,obm_cdd_per_supply_days_daily,0.473563964035,days,daily,OBM v0.1.0
2021-04-08,obm_cdd_per_supply_days_daily,0.517851958736,days,daily,OBM v0.1.0
2021-04-09,obm_cdd_per_supply_days_daily,0.566294985051,days,daily,OBM v0.1.0
2021-04-10,obm_cdd_per_supply_days_daily,0.571012003281,days,daily,OBM v0.1.0
2021-04-11,obm_cdd_per_supply_days_daily,0.832572293613,days,daily,OBM v0.1.0
2021-04-12,obm_cdd_per_supply_days_daily,1.002400507750,days,daily,OBM v0.1.0
2021-04-13,obm_cdd_per_supply_days_daily,0.806902992269,days,daily,OBM v0.1.0
2021-04-14,obm_cdd_per_supply_days_daily,1.834266939022,days,daily,OBM v0.1.0
2021-04-15,obm_cdd_per_supply_days_daily,1.363466551285,days,daily,OBM v0.1.0
2021-04-16,obm_cdd_per_supply_days_daily,0.383072305508,days,daily,OBM v0.1.0
2021-04-17,obm_cdd_per_supply_days_daily,0.523234354201,days,daily,OBM v0.1.0
2021-04-18,obm_cdd_per_supply_days_daily,1.757580377542,days,daily,OBM v0.1.0
2021-04-19,obm_cdd_per_supply_days_daily,0.283197950207,days,daily,OBM v0.1.0
2021-04-20,obm_cdd_per_supply_days_daily,0.770909571274,days,daily,OBM v0.1.0
2021-04-21,obm_cdd_per_supply_days_daily,0.425156305664,days,daily,OBM v0.1.0
2021-04-22,obm_cdd_per_supply_days_daily,0.695500921219,days,daily,OBM v0.1.0
2021-04-23,obm_cdd_per_supply_days_daily,0.938740482595,days,daily,OBM v0.1.0
2021-04-24,obm_cdd_per_supply_days_daily,1.179591620456,days,daily,OBM v0.1.0
2021-04-25,obm_cdd_per_supply_days_daily,0.738909304516,days,daily,OBM v0.1.0
2021-04-26,obm_cdd_per_supply_days_daily,0.695581199088,days,daily,OBM v0.1.0
2021-04-27,obm_cdd_per_supply_days_daily,1.355519972833,days,daily,OBM v0.1.0
2021-04-28,obm_cdd_per_supply_days_daily,0.582756328080,days,daily,OBM v0.1.0
2021-04-29,obm_cdd_per_supply_days_daily,0.847295753536,days,daily,OBM v0.1.0
2021-04-30,obm_cdd_per_supply_days_daily,1.090373339758,days,daily,OBM v0.1.0
2021-05-01,obm_cdd_per_supply_days_daily,0.328235848455,days,daily,OBM v0.1.0
2021-05-02,obm_cdd_per_supply_days_daily,0.378920687286,days,daily,OBM v0.1.0
2021-05-03,obm_cdd_per_supply_days_daily,0.651483155277,days,daily,OBM v0.1.0
2021-05-04,obm_cdd_per_supply_days_daily,0.657811641669,days,daily,OBM v0.1.0
2021-05-05,obm_cdd_per_supply_days_daily,0.534816597918,days,daily,OBM v0.1.0
2021-05-06,obm_cdd_per_supply_days_daily,0.555599046398,days,daily,OBM v0.1.0
2021-05-07,obm_cdd_per_supply_days_daily,1.337097713751,days,daily,OBM v0.1.0
2021-05-08,obm_cdd_per_supply_days_daily,0.384151302798,days,daily,OBM v0.1.0
2021-05-09,obm_cdd_per_supply_days_daily,0.552199585145,days,daily,OBM v0.1.0
2021-05-10,obm_cdd_per_supply_days_daily,0.582835996487,days,daily,OBM v0.1.0
2021-05-11,obm_cdd_per_supply_days_daily,0.523540844264,days,daily,OBM v0.1.0
2021-05-12,obm_cdd_per_supply_days_daily,1.077450468716,days,daily,OBM v0.1.0
2021-05-13,obm_cdd_per_supply_days_daily,1.106980910813,days,daily,OBM v0.1.0
2021-05-14,obm_cdd_per_supply_days_daily,0.573429339828,days,daily,OBM v0.1.0
2021-05-15,obm_cdd_per_supply_days_daily,0.420166482850,days,daily,OBM v0.1.0
2021-05-16,obm_cdd_per_supply_days_daily,0.511194125894,days,daily,OBM v0.1.0
2021-05-17,obm_cdd_per_supply_days_daily,0.526441704687,days,daily,OBM v0.1.0
2021-05-18,obm_cdd_per_supply_days_daily,0.709913884112,days,daily,OBM v0.1.0
2021-05-19,obm_cdd_per_supply_days_daily,1.624675249062,days,daily,OBM v0.1.0
2021-05-20,obm_cdd_per_supply_days_daily,1.008233415630,days,daily,OBM v0.1.0
2021-05-21,obm_cdd_per_supply_days_daily,0.750912612516,days,daily,OBM v0.1.0
2021-05-22,obm_cdd_per_supply_days_daily,0.318777059725,days,daily,OBM v0.1.0
2021-05-23,obm_cdd_per_supply_days_daily,0.743334343322,days,daily,OBM v0.1.0
2021-05-24,obm_cdd_per_supply_days_daily,1.489098089036,days,daily,OBM v0.1.0
2021-05-25,obm_cdd_per_supply_days_daily,0.545065919564,days,daily,OBM v0.1.0
2021-05-26,obm_cdd_per_supply_days_daily,0.547419484961,days,daily,OBM v0.1.0
2021-05-27,obm_cdd_per_supply_days_daily,0.251633607275,days,daily,OBM v0.1.0
2021-05-28,obm_cdd_per_supply_days_daily,0.278590435764,days,daily,OBM v0.1.0
2021-05-29,obm_cdd_per_supply_days_daily,0.165544260857,days,daily,OBM v0.1.0
2021-05-30,obm_cdd_per_supply_days_daily,1.167557498487,days,daily,OBM v0.1.0
2021-05-31,obm_cdd_per_supply_days_daily,0.196132090915,days,daily,OBM v0.1.0
2021-06-01,obm_cdd_per_supply_days_daily,1.343510967750,days,daily,OBM v0.1.0
2021-06-02,obm_cdd_per_supply_days_daily,0.442934281774,days,daily,OBM v0.1.0
2021-06-03,obm_cdd_per_supply_days_daily,0.917957302899,days,daily,OBM v0.1.0
2021-06-04,obm_cdd_per_supply_days_daily,0.264110002500,days,daily,OBM v0.1.0
2021-06-05,obm_cdd_per_supply_days_daily,0.173694185476,days,daily,OBM v0.1.0
2021-06-06,obm_cdd_per_supply_days_daily,0.254903865290,days,daily,OBM v0.1.0
2021-06-07,obm_cdd_per_supply_days_daily,0.444462998707,days,daily,OBM v0.1.0
2021-06-08,obm_cdd_per_supply_days_daily,0.625754948906,days,daily,OBM v0.1.0
2021-06-09,obm_cdd_per_supply_days_daily,0.420474707650,days,daily,OBM v0.1.0
2021-06-10,obm_cdd_per_supply_days_daily,0.551396615892,days,daily,OBM v0.1.0
2021-06-11,obm_cdd_per_supply_days_daily,0.681821586549,days,daily,OBM v0.1.0
2021-06-12,obm_cdd_per_supply_days_daily,0.127739330474,days,daily,OBM v0.1.0
2021-06-13,obm_cdd_per_supply_days_daily,0.236281671333,days,daily,OBM v0.1.0
2021-06-14,obm_cdd_per_supply_days_daily,0.348248119249,days,daily,OBM v0.1.0
2021-06-15,obm_cdd_per_supply_days_daily,0.399351060165,days,daily,OBM v0.1.0
2021-06-16,obm_cdd_per_supply_days_daily,0.265467432537,days,daily,OBM v0.1.0
2021-06-17,obm_cdd_per_supply_days_daily,0.262217530904,days,daily,OBM v0.1.0
2021-06-18,obm_cdd_per_supply_days_daily,0.249904174795,days,daily,OBM v0.1.0
2021-06-19,obm_cdd_per_supply_days_daily,0.126123908089,days,daily,OBM v0.1.0
2021-06-20,obm_cdd_per_supply_days_daily,0.174511257402,days,daily,OBM v0.1.0
2021-06-21,obm_cdd_per_supply_days_daily,0.404879376847,days,daily,OBM v0.1.0
2021-06-22,obm_cdd_per_supply_days_daily,0.410085869454,days,daily,OBM v0.1.0
2021-06-23,obm_cdd_per_supply_days_daily,0.704929474762,days,daily,OBM v0.1.0
2021-06-24,obm_cdd_per_supply_days_daily,0.511346341608,days,daily,OBM v0.1.0
2021-06-25,obm_cdd_per_supply_days_daily,1.087382877686,days,daily,OBM v0.1.0
2021-06-26,obm_cdd_per_supply_days_daily,0.146212957671,days,daily,OBM v0.1.0
2021-06-27,obm_cdd_per_supply_days_daily,0.223106501088,days,daily,OBM v0.1.0
2021-06-28,obm_cdd_per_supply_days_daily,0.264312809836,days,daily,OBM v0.1.0
2021-06-29,obm_cdd_per_supply_days_daily,0.204547024555,days,daily,OBM v0.1.0
2021-06-30,obm_cdd_per_supply_days_daily,0.232961976910,days,daily,OBM v0.1.0
2021-07-01,obm_cdd_per_supply_days_daily,0.327744421569,days,daily,OBM v0.1.0
2021-07-02,obm_cdd_per_supply_days_daily,0.539227422939,days,daily,OBM v0.1.0
2021-07-03,obm_cdd_per_supply_days_daily,0.132868528353,days,daily,OBM v0.1.0
2021-07-04,obm_cdd_per_supply_days_daily,0.203481722627,days,daily,OBM v0.1.0
2021-07-05,obm_cdd_per_supply_days_daily,0.267501060695,days,daily,OBM v0.1.0
2021-07-06,obm_cdd_per_supply_days_daily,0.220997440383,days,daily,OBM v0.1.0
2021-07-07,obm_cdd_per_supply_days_daily,0.356029038152,days,daily,OBM v0.1.0
2021-07-08,obm_cdd_per_supply_days_daily,0.248566527921,days,daily,OBM v0.1.0
2021-07-09,obm_cdd_per_supply_days_daily,0.337960326643,days,daily,OBM v0.1.0
2021-07-10,obm_cdd_per_supply_days_daily,0.119318281999,days,daily,OBM v0.1.0
2021-07-11,obm_cdd_per_supply_days_daily,0.166407404653,days,daily,OBM v0.1.0
2021-07-12,obm_cdd_per_supply_days_daily,0.707949955921,days,daily,OBM v0.1.0
2021-07-13,obm_cdd_per_supply_days_daily,0.213270291326,days,daily,OBM v0.1.0
2021-07-14,obm_cdd_per_supply_days_daily,0.284109607469,days,daily,OBM v0.1.0
2021-07-15,obm_cdd_per_supply_days_daily,0.359160945923,days,daily,OBM v0.1.0
2021-07-16,obm_cdd_per_supply_days_daily,0.305981876616,days,daily,OBM v0.1.0
2021-07-17,obm_cdd_per_supply_days_daily,4.233273810197,days,daily,OBM v0.1.0
2021-07-18,obm_cdd_per_supply_days_daily,0.173349032083,days,daily,OBM v0.1.0
2021-07-19,obm_cdd_per_supply_days_daily,0.312463681099,days,daily,OBM v0.1.0
2021-07-20,obm_cdd_per_supply_days_daily,0.504084003134,days,daily,OBM v0.1.0
2021-07-21,obm_cdd_per_supply_days_daily,0.304735305076,days,daily,OBM v0.1.0
2021-07-22,obm_cdd_per_supply_days_daily,0.321504835713,days,daily,OBM v0.1.0
2021-07-23,obm_cdd_per_supply_days_daily,0.325464503824,days,daily,OBM v0.1.0
2021-07-24,obm_cdd_per_supply_days_daily,0.110215837854,days,daily,OBM v0.1.0
2021-07-25,obm_cdd_per_supply_days_daily,0.161389634308,days,daily,OBM v0.1.0
2021-07-26,obm_cdd_per_supply_days_daily,1.225616968974,days,daily,OBM v0.1.0
2021-07-27,obm_cdd_per_supply_days_daily,1.216950893740,days,daily,OBM v0.1.0
2021-07-28,obm_cdd_per_supply_days_daily,1.846891803749,days,daily,OBM v0.1.0
2021-07-29,obm_cdd_per_supply_days_daily,7.903207273608,days,daily,OBM v0.1.0
2021-07-30,obm_cdd_per_supply_days_daily,0.285949379967,days,daily,OBM v0.1.0
2021-07-31,obm_cdd_per_supply_days_daily,0.200782365605,days,daily,OBM v0.1.0
2021-08-01,obm_cdd_per_supply_days_daily,0.142631771428,days,daily,OBM v0.1.0
2021-08-02,obm_cdd_per_supply_days_daily,0.234689205269,days,daily,OBM v0.1.0
2021-08-03,obm_cdd_per_supply_days_daily,0.203396157115,days,daily,OBM v0.1.0
2021-08-04,obm_cdd_per_supply_days_daily,0.187878434550,days,daily,OBM v0.1.0
2021-08-05,obm_cdd_per_supply_days_daily,0.191502246405,days,daily,OBM v0.1.0
2021-08-06,obm_cdd_per_supply_days_daily,0.424269321387,days,daily,OBM v0.1.0
2021-08-07,obm_cdd_per_supply_days_daily,0.211701843832,days,daily,OBM v0.1.0
2021-08-08,obm_cdd_per_supply_days_daily,0.326651944728,days,daily,OBM v0.1.0
2021-08-09,obm_cdd_per_supply_days_daily,0.308110789426,days,daily,OBM v0.1.0
2021-08-10,obm_cdd_per_supply_days_daily,0.215234185467,days,daily,OBM v0.1.0
2021-08-11,obm_cdd_per_supply_days_daily,0.328233826110,days,daily,OBM v0.1.0
2021-08-12,obm_cdd_per_supply_days_daily,0.239044312110,days,daily,OBM v0.1.0
2021-08-13,obm_cdd_per_supply_days_daily,0.257033085811,days,daily,OBM v0.1.0
2021-08-14,obm_cdd_per_supply_days_daily,0.767370378220,days,daily,OBM v0.1.0
2021-08-15,obm_cdd_per_supply_days_daily,0.133450360754,days,daily,OBM v0.1.0
2021-08-16,obm_cdd_per_supply_days_daily,0.254104930015,days,daily,OBM v0.1.0
2021-08-17,obm_cdd_per_supply_days_daily,0.287873928697,days,daily,OBM v0.1.0
2021-08-18,obm_cdd_per_supply_days_daily,0.474232163221,days,daily,OBM v0.1.0
2021-08-19,obm_cdd_per_supply_days_daily,0.286493299247,days,daily,OBM v0.1.0
2021-08-20,obm_cdd_per_supply_days_daily,0.257718623090,days,daily,OBM v0.1.0
2021-08-21,obm_cdd_per_supply_days_daily,0.344080379529,days,daily,OBM v0.1.0
2021-08-22,obm_cdd_per_supply_days_daily,0.240290501611,days,daily,OBM v0.1.0
2021-08-23,obm_cdd_per_supply_days_daily,0.584382581167,days,daily,OBM v0.1.0
2021-08-24,obm_cdd_per_supply_days_daily,0.219003737608,days,daily,OBM v0.1.0
2021-08-25,obm_cdd_per_supply_days_daily,1.627810416091,days,daily,OBM v0.1.0
2021-08-26,obm_cdd_per_supply_days_daily,0.674399504571,days,daily,OBM v0.1.0
2021-08-27,obm_cdd_per_supply_days_daily,0.214654999475,days,daily,OBM v0.1.0
2021-08-28,obm_cdd_per_supply_days_daily,0.209039020428,days,daily,OBM v0.1.0
2021-08-29,obm_cdd_per_supply_days_daily,0.168030059798,days,daily,OBM v0.1.0
2021-08-30,obm_cdd_per_supply_days_daily,0.377353557607,days,daily,OBM v0.1.0
2021-08-31,obm_cdd_per_supply_days_daily,0.432118327847,days,daily,OBM v0.1.0
2021-09-01,obm_cdd_per_supply_days_daily,0.361315396960,days,daily,OBM v0.1.0
2021-09-02,obm_cdd_per_supply_days_daily,0.306347898843,days,daily,OBM v0.1.0
2021-09-03,obm_cdd_per_supply_days_daily,0.320991257972,days,daily,OBM v0.1.0
2021-09-04,obm_cdd_per_supply_days_daily,0.209359315201,days,daily,OBM v0.1.0
2021-09-05,obm_cdd_per_supply_days_daily,0.169145640790,days,daily,OBM v0.1.0
2021-09-06,obm_cdd_per_supply_days_daily,0.289714527045,days,daily,OBM v0.1.0
2021-09-07,obm_cdd_per_supply_days_daily,0.343820120570,days,daily,OBM v0.1.0
2021-09-08,obm_cdd_per_supply_days_daily,0.289847138776,days,daily,OBM v0.1.0
2021-09-09,obm_cdd_per_supply_days_daily,0.729143430354,days,daily,OBM v0.1.0
2021-09-10,obm_cdd_per_supply_days_daily,0.597696495255,days,daily,OBM v0.1.0
2021-09-11,obm_cdd_per_supply_days_daily,0.204260039535,days,daily,OBM v0.1.0
2021-09-12,obm_cdd_per_supply_days_daily,0.186625797569,days,daily,OBM v0.1.0
2021-09-13,obm_cdd_per_supply_days_daily,0.232472392588,days,daily,OBM v0.1.0
2021-09-14,obm_cdd_per_supply_days_daily,0.659573185785,days,daily,OBM v0.1.0
2021-09-15,obm_cdd_per_supply_days_daily,0.576107564309,days,daily,OBM v0.1.0
2021-09-16,obm_cdd_per_supply_days_daily,0.640341996881,days,daily,OBM v0.1.0
2021-09-17,obm_cdd_per_supply_days_daily,0.265162842049,days,daily,OBM v0.1.0
2021-09-18,obm_cdd_per_supply_days_daily,0.198810340852,days,daily,OBM v0.1.0
2021-09-19,obm_cdd_per_supply_days_daily,0.219309483647,days,daily,OBM v0.1.0
2021-09-20,obm_cdd_per_supply_days_daily,0.333801196716,days,daily,OBM v0.1.0
2021-09-21,obm_cdd_per_supply_days_daily,0.190796532778,days,daily,OBM v0.1.0
2021-09-22,obm_cdd_per_supply_days_daily,0.381086385987,days,daily,OBM v0.1.0
2021-09-23,obm_cdd_per_supply_days_daily,0.259435915700,days,daily,OBM v0.1.0
2021-09-24,obm_cdd_per_supply_days_daily,0.255226194999,days,daily,OBM v0.1.0
2021-09-25,obm_cdd_per_supply_days_daily,0.092763786598,days,daily,OBM v0.1.0
2021-09-26,obm_cdd_per_supply_days_daily,3.721638940127,days,daily,OBM v0.1.0
2021-09-27,obm_cdd_per_supply_days_daily,0.479117697879,days,daily,OBM v0.1.0
2021-09-28,obm_cdd_per_supply_days_daily,0.319376461012,days,daily,OBM v0.1.0
2021-09-29,obm_cdd_per_supply_days_daily,0.332095551658,days,daily,OBM v0.1.0
2021-09-30,obm_cdd_per_supply_days_daily,0.548368945120,days,daily,OBM v0.1.0
2021-10-01,obm_cdd_per_supply_days_daily,0.350365796934,days,daily,OBM v0.1.0
2021-10-02,obm_cdd_per_supply_days_daily,0.237278960074,days,daily,OBM v0.1.0
2021-10-03,obm_cdd_per_supply_days_daily,0.202872450041,days,daily,OBM v0.1.0
2021-10-04,obm_cdd_per_supply_days_daily,0.372991190475,days,daily,OBM v0.1.0
2021-10-05,obm_cdd_per_supply_days_daily,0.456480924637,days,daily,OBM v0.1.0
2021-10-06,obm_cdd_per_supply_days_daily,0.582241076093,days,daily,OBM v0.1.0
2021-10-07,obm_cdd_per_supply_days_daily,0.530768562656,days,daily,OBM v0.1.0
2021-10-08,obm_cdd_per_supply_days_daily,0.342966178058,days,daily,OBM v0.1.0
2021-10-09,obm_cdd_per_supply_days_daily,0.257268704657,days,daily,OBM v0.1.0
2021-10-10,obm_cdd_per_supply_days_daily,0.610362271595,days,daily,OBM v0.1.0
2021-10-11,obm_cdd_per_supply_days_daily,0.406616835605,days,daily,OBM v0.1.0
2021-10-12,obm_cdd_per_supply_days_daily,1.004954436968,days,daily,OBM v0.1.0
2021-10-13,obm_cdd_per_supply_days_daily,0.355396046326,days,daily,OBM v0.1.0
2021-10-14,obm_cdd_per_supply_days_daily,0.413004595346,days,daily,OBM v0.1.0
2021-10-15,obm_cdd_per_supply_days_daily,0.497914609994,days,daily,OBM v0.1.0
2021-10-16,obm_cdd_per_supply_days_daily,0.550050636598,days,daily,OBM v0.1.0
2021-10-17,obm_cdd_per_supply_days_daily,0.219170789935,days,daily,OBM v0.1.0
2021-10-18,obm_cdd_per_supply_days_daily,0.704493713650,days,daily,OBM v0.1.0
2021-10-19,obm_cdd_per_supply_days_daily,1.525655983724,days,daily,OBM v0.1.0
2021-10-20,obm_cdd_per_supply_days_daily,0.833156501406,days,daily,OBM v0.1.0
2021-10-21,obm_cdd_per_supply_days_daily,0.677806923216,days,daily,OBM v0.1.0
2021-10-22,obm_cdd_per_supply_days_daily,0.750786984592,days,daily,OBM v0.1.0
2021-10-23,obm_cdd_per_supply_days_daily,0.272542570341,days,daily,OBM v0.1.0
2021-10-24,obm_cdd_per_supply_days_daily,0.902823463204,days,daily,OBM v0.1.0
2021-10-25,obm_cdd_per_supply_days_daily,0.732096735107,days,daily,OBM v0.1.0
2021-10-26,obm_cdd_per_supply_days_daily,0.513280573574,days,daily,OBM v0.1.0
2021-10-27,obm_cdd_per_supply_days_daily,0.306450718829,days,daily,OBM v0.1.0
2021-10-28,obm_cdd_per_supply_days_daily,0.392833057197,days,daily,OBM v0.1.0
2021-10-29,obm_cdd_per_supply_days_daily,0.429694660184,days,daily,OBM v0.1.0
2021-10-30,obm_cdd_per_supply_days_daily,0.243181156773,days,daily,OBM v0.1.0
2021-10-31,obm_cdd_per_supply_days_daily,1.002171109831,days,daily,OBM v0.1.0
2021-11-01,obm_cdd_per_supply_days_daily,1.720674383386,days,daily,OBM v0.1.0
2021-11-02,obm_cdd_per_supply_days_daily,1.027836686797,days,daily,OBM v0.1.0
2021-11-03,obm_cdd_per_supply_days_daily,0.903448485464,days,daily,OBM v0.1.0
2021-11-04,obm_cdd_per_supply_days_daily,0.313188044783,days,daily,OBM v0.1.0
2021-11-05,obm_cdd_per_supply_days_daily,0.903707167684,days,daily,OBM v0.1.0
2021-11-06,obm_cdd_per_supply_days_daily,0.299595819279,days,daily,OBM v0.1.0
2021-11-07,obm_cdd_per_supply_days_daily,0.167239761481,days,daily,OBM v0.1.0
2021-11-08,obm_cdd_per_supply_days_daily,0.895070427281,days,daily,OBM v0.1.0
2021-11-09,obm_cdd_per_supply_days_daily,0.649191437900,days,daily,OBM v0.1.0
2021-11-10,obm_cdd_per_supply_days_daily,1.223902602809,days,daily,OBM v0.1.0
2021-11-11,obm_cdd_per_supply_days_daily,0.569314351186,days,daily,OBM v0.1.0
2021-11-12,obm_cdd_per_supply_days_daily,1.959995782988,days,daily,OBM v0.1.0
2021-11-13,obm_cdd_per_supply_days_daily,0.415825157564,days,daily,OBM v0.1.0
2021-11-14,obm_cdd_per_supply_days_daily,0.236936724687,days,daily,OBM v0.1.0
2021-11-15,obm_cdd_per_supply_days_daily,0.547619254040,days,daily,OBM v0.1.0
2021-11-16,obm_cdd_per_supply_days_daily,1.187373534696,days,daily,OBM v0.1.0
2021-11-17,obm_cdd_per_supply_days_daily,0.910261403417,days,daily,OBM v0.1.0
2021-11-18,obm_cdd_per_supply_days_daily,0.375460194768,days,daily,OBM v0.1.0
2021-11-19,obm_cdd_per_supply_days_daily,0.396465751115,days,daily,OBM v0.1.0
2021-11-20,obm_cdd_per_supply_days_daily,0.336162663132,days,daily,OBM v0.1.0
2021-11-21,obm_cdd_per_supply_days_daily,0.265583996143,days,daily,OBM v0.1.0
2021-11-22,obm_cdd_per_supply_days_daily,0.545978072561,days,daily,OBM v0.1.0
2021-11-23,obm_cdd_per_supply_days_daily,0.546150433210,days,daily,OBM v0.1.0
2021-11-24,obm_cdd_per_supply_days_daily,0.401377837621,days,daily,OBM v0.1.0
2021-11-25,obm_cdd_per_supply_days_daily,2.187345365209,days,daily,OBM v0.1.0
2021-11-26,obm_cdd_per_supply_days_daily,0.602612064955,days,daily,OBM v0.1.0
2021-11-27,obm_cdd_per_supply_days_daily,0.155225664450,days,daily,OBM v0.1.0
2021-11-28,obm_cdd_per_supply_days_daily,0.329526070906,days,daily,OBM v0.1.0
2021-11-29,obm_cdd_per_supply_days_daily,0.508602260930,days,daily,OBM v0.1.0
2021-11-30,obm_cdd_per_supply_days_daily,0.504235831994,days,daily,OBM v0.1.0
2021-12-01,obm_cdd_per_supply_days_daily,0.692892072658,days,daily,OBM v0.1.0
2021-12-02,obm_cdd_per_supply_days_daily,0.377549680200,days,daily,OBM v0.1.0
2021-12-03,obm_cdd_per_supply_days_daily,0.442818080944,days,daily,OBM v0.1.0
2021-12-04,obm_cdd_per_supply_days_daily,0.449976202781,days,daily,OBM v0.1.0
2021-12-05,obm_cdd_per_supply_days_daily,0.332851445709,days,daily,OBM v0.1.0
2021-12-06,obm_cdd_per_supply_days_daily,0.556570322976,days,daily,OBM v0.1.0
2021-12-07,obm_cdd_per_supply_days_daily,1.103929198539,days,daily,OBM v0.1.0
2021-12-08,obm_cdd_per_supply_days_daily,0.388846605542,days,daily,OBM v0.1.0
2021-12-09,obm_cdd_per_supply_days_daily,0.759038000045,days,daily,OBM v0.1.0
2021-12-10,obm_cdd_per_supply_days_daily,0.412196725288,days,daily,OBM v0.1.0
2021-12-11,obm_cdd_per_supply_days_daily,0.359918520279,days,daily,OBM v0.1.0
2021-12-12,obm_cdd_per_supply_days_daily,0.139799399299,days,daily,OBM v0.1.0
2021-12-13,obm_cdd_per_supply_days_daily,0.509586234664,days,daily,OBM v0.1.0
2021-12-14,obm_cdd_per_supply_days_daily,1.063089618497,days,daily,OBM v0.1.0
2021-12-15,obm_cdd_per_supply_days_daily,0.432718282401,days,daily,OBM v0.1.0
2021-12-16,obm_cdd_per_supply_days_daily,0.571989728093,days,daily,OBM v0.1.0
2021-12-17,obm_cdd_per_supply_days_daily,0.327278007608,days,daily,OBM v0.1.0
2021-12-18,obm_cdd_per_supply_days_daily,0.284623068786,days,daily,OBM v0.1.0
2021-12-19,obm_cdd_per_supply_days_daily,0.170010060371,days,daily,OBM v0.1.0
2021-12-20,obm_cdd_per_supply_days_daily,0.378423949528,days,daily,OBM v0.1.0
2021-12-21,obm_cdd_per_supply_days_daily,0.339873269150,days,daily,OBM v0.1.0
2021-12-22,obm_cdd_per_supply_days_daily,0.495369506221,days,daily,OBM v0.1.0
2021-12-23,obm_cdd_per_supply_days_daily,0.564189071902,days,daily,OBM v0.1.0
2021-12-24,obm_cdd_per_supply_days_daily,0.194531409343,days,daily,OBM v0.1.0
2021-12-25,obm_cdd_per_supply_days_daily,0.301552111716,days,daily,OBM v0.1.0
2021-12-26,obm_cdd_per_supply_days_daily,0.349593309557,days,daily,OBM v0.1.0
2021-12-27,obm_cdd_per_supply_days_daily,0.300602472867,days,daily,OBM v0.1.0
2021-12-28,obm_cdd_per_supply_days_daily,0.319894015647,days,daily,OBM v0.1.0
2021-12-29,obm_cdd_per_supply_days_daily,0.478533097320,days,daily,OBM v0.1.0
2021-12-30,obm_cdd_per_supply_days_daily,0.847413805411,days,daily,OBM v0.1.0
2021-12-31,obm_cdd_per_supply_days_daily,1.010405605505,days,daily,OBM v0.1.0
2022-01-01,obm_cdd_per_supply_days_daily,0.307599886842,days,daily,OBM v0.1.0
2022-01-02,obm_cdd_per_supply_days_daily,0.106276980193,days,daily,OBM v0.1.0
2022-01-03,obm_cdd_per_supply_days_daily,0.390971305525,days,daily,OBM v0.1.0
2022-01-04,obm_cdd_per_supply_days_daily,0.387701913891,days,daily,OBM v0.1.0
2022-01-05,obm_cdd_per_supply_days_daily,0.468083242784,days,daily,OBM v0.1.0
2022-01-06,obm_cdd_per_supply_days_daily,0.671712575072,days,daily,OBM v0.1.0
2022-01-07,obm_cdd_per_supply_days_daily,0.393658112504,days,daily,OBM v0.1.0
2022-01-08,obm_cdd_per_supply_days_daily,0.176506757823,days,daily,OBM v0.1.0
2022-01-09,obm_cdd_per_supply_days_daily,0.190934006211,days,daily,OBM v0.1.0
2022-01-10,obm_cdd_per_supply_days_daily,0.389256324857,days,daily,OBM v0.1.0
2022-01-11,obm_cdd_per_supply_days_daily,0.287339372390,days,daily,OBM v0.1.0
2022-01-12,obm_cdd_per_supply_days_daily,0.478305330267,days,daily,OBM v0.1.0
2022-01-13,obm_cdd_per_supply_days_daily,0.213708119595,days,daily,OBM v0.1.0
2022-01-14,obm_cdd_per_supply_days_daily,0.239162411965,days,daily,OBM v0.1.0
2022-01-15,obm_cdd_per_supply_days_daily,0.127786307344,days,daily,OBM v0.1.0
2022-01-16,obm_cdd_per_supply_days_daily,0.157179973943,days,daily,OBM v0.1.0
2022-01-17,obm_cdd_per_supply_days_daily,0.345673321813,days,daily,OBM v0.1.0
2022-01-18,obm_cdd_per_supply_days_daily,0.311134625970,days,daily,OBM v0.1.0
2022-01-19,obm_cdd_per_supply_days_daily,0.521186122540,days,daily,OBM v0.1.0
2022-01-20,obm_cdd_per_supply_days_daily,0.499273991876,days,daily,OBM v0.1.0
2022-01-21,obm_cdd_per_supply_days_daily,0.538679459498,days,daily,OBM v0.1.0
2022-01-22,obm_cdd_per_supply_days_daily,0.481607140477,days,daily,OBM v0.1.0
2022-01-23,obm_cdd_per_supply_days_daily,0.498210370493,days,daily,OBM v0.1.0
2022-01-24,obm_cdd_per_supply_days_daily,0.542048568065,days,daily,OBM v0.1.0
2022-01-25,obm_cdd_per_supply_days_daily,0.656568605677,days,daily,OBM v0.1.0
2022-01-26,obm_cdd_per_supply_days_daily,0.260109642033,days,daily,OBM v0.1.0
2022-01-27,obm_cdd_per_supply_days_daily,0.538480481117,days,daily,OBM v0.1.0
2022-01-28,obm_cdd_per_supply_days_daily,0.289816167632,days,daily,OBM v0.1.0
2022-01-29,obm_cdd_per_supply_days_daily,0.402110027284,days,daily,OBM v0.1.0
2022-01-30,obm_cdd_per_supply_days_daily,0.261809206092,days,daily,OBM v0.1.0
2022-01-31,obm_cdd_per_supply_days_daily,0.254113262606,days,daily,OBM v0.1.0
2022-02-01,obm_cdd_per_supply_days_daily,10.489308341516,days,daily,OBM v0.1.0
2022-02-02,obm_cdd_per_supply_days_daily,0.207484610707,days,daily,OBM v0.1.0
2022-02-03,obm_cdd_per_supply_days_daily,0.323506745929,days,daily,OBM v0.1.0
2022-02-04,obm_cdd_per_supply_days_daily,0.206405679253,days,daily,OBM v0.1.0
2022-02-05,obm_cdd_per_supply_days_daily,0.198644341155,days,daily,OBM v0.1.0
2022-02-06,obm_cdd_per_supply_days_daily,0.255767258327,days,daily,OBM v0.1.0
2022-02-07,obm_cdd_per_supply_days_daily,0.436964248358,days,daily,OBM v0.1.0
2022-02-08,obm_cdd_per_supply_days_daily,0.363666931294,days,daily,OBM v0.1.0
2022-02-09,obm_cdd_per_supply_days_daily,0.329425862064,days,daily,OBM v0.1.0
2022-02-10,obm_cdd_per_supply_days_daily,0.631681875081,days,daily,OBM v0.1.0
2022-02-11,obm_cdd_per_supply_days_daily,0.451817922424,days,daily,OBM v0.1.0
2022-02-12,obm_cdd_per_supply_days_daily,0.171338959554,days,daily,OBM v0.1.0
2022-02-13,obm_cdd_per_supply_days_daily,0.182381824582,days,daily,OBM v0.1.0
2022-02-14,obm_cdd_per_supply_days_daily,0.228220303530,days,daily,OBM v0.1.0
2022-02-15,obm_cdd_per_supply_days_daily,0.339108773077,days,daily,OBM v0.1.0
2022-02-16,obm_cdd_per_supply_days_daily,0.232107243859,days,daily,OBM v0.1.0
2022-02-17,obm_cdd_per_supply_days_daily,0.474488224494,days,daily,OBM v0.1.0
2022-02-18,obm_cdd_per_supply_days_daily,0.262944008092,days,daily,OBM v0.1.0
2022-02-19,obm_cdd_per_supply_days_daily,0.140783133740,days,daily,OBM v0.1.0
2022-02-20,obm_cdd_per_supply_days_daily,0.339811279922,days,daily,OBM v0.1.0
2022-02-21,obm_cdd_per_supply_days_daily,0.792846723635,days,daily,OBM v0.1.0
2022-02-22,obm_cdd_per_supply_days_daily,0.263158470998,days,daily,OBM v0.1.0
2022-02-23,obm_cdd_per_supply_days_daily,0.687874033140,days,daily,OBM v0.1.0
2022-02-24,obm_cdd_per_supply_days_daily,0.287703009619,days,daily,OBM v0.1.0
2022-02-25,obm_cdd_per_supply_days_daily,0.463508925205,days,daily,OBM v0.1.0
2022-02-26,obm_cdd_per_supply_days_daily,0.227513371341,days,daily,OBM v0.1.0
2022-02-27,obm_cdd_per_supply_days_daily,0.373469061852,days,daily,OBM v0.1.0
2022-02-28,obm_cdd_per_supply_days_daily,2.808079440028,days,daily,OBM v0.1.0
2022-03-01,obm_cdd_per_supply_days_daily,0.478291775395,days,daily,OBM v0.1.0
2022-03-02,obm_cdd_per_supply_days_daily,0.583701046289,days,daily,OBM v0.1.0
2022-03-03,obm_cdd_per_supply_days_daily,0.611002567595,days,daily,OBM v0.1.0
2022-03-04,obm_cdd_per_supply_days_daily,0.417486212575,days,daily,OBM v0.1.0
2022-03-05,obm_cdd_per_supply_days_daily,0.151515896178,days,daily,OBM v0.1.0
2022-03-06,obm_cdd_per_supply_days_daily,0.195140022330,days,daily,OBM v0.1.0
2022-03-07,obm_cdd_per_supply_days_daily,0.744173488872,days,daily,OBM v0.1.0
2022-03-08,obm_cdd_per_supply_days_daily,0.526629636485,days,daily,OBM v0.1.0
2022-03-09,obm_cdd_per_supply_days_daily,0.657334094283,days,daily,OBM v0.1.0
2022-03-10,obm_cdd_per_supply_days_daily,0.423776203606,days,daily,OBM v0.1.0
2022-03-11,obm_cdd_per_supply_days_daily,2.102609035647,days,daily,OBM v0.1.0
2022-03-12,obm_cdd_per_supply_days_daily,0.279311974210,days,daily,OBM v0.1.0
2022-03-13,obm_cdd_per_supply_days_daily,0.196714939117,days,daily,OBM v0.1.0
2022-03-14,obm_cdd_per_supply_days_daily,0.324590617604,days,daily,OBM v0.1.0
2022-03-15,obm_cdd_per_supply_days_daily,0.324942630343,days,daily,OBM v0.1.0
2022-03-16,obm_cdd_per_supply_days_daily,0.771649276421,days,daily,OBM v0.1.0
2022-03-17,obm_cdd_per_supply_days_daily,1.149468042331,days,daily,OBM v0.1.0
2022-03-18,obm_cdd_per_supply_days_daily,0.181997553416,days,daily,OBM v0.1.0
2022-03-19,obm_cdd_per_supply_days_daily,0.280887309995,days,daily,OBM v0.1.0
2022-03-20,obm_cdd_per_supply_days_daily,0.136056463871,days,daily,OBM v0.1.0
2022-03-21,obm_cdd_per_supply_days_daily,0.326832616970,days,daily,OBM v0.1.0
2022-03-22,obm_cdd_per_supply_days_daily,0.262116322744,days,daily,OBM v0.1.0
2022-03-23,obm_cdd_per_supply_days_daily,0.299167167198,days,daily,OBM v0.1.0
2022-03-24,obm_cdd_per_supply_days_daily,0.284638537001,days,daily,OBM v0.1.0
2022-03-25,obm_cdd_per_supply_days_daily,3.056597951373,days,daily,OBM v0.1.0
2022-03-26,obm_cdd_per_supply_days_daily,0.304368732952,days,daily,OBM v0.1.0
2022-03-27,obm_cdd_per_supply_days_daily,0.157062240466,days,daily,OBM v0.1.0
2022-03-28,obm_cdd_per_supply_days_daily,0.523317612099,days,daily,OBM v0.1.0
2022-03-29,obm_cdd_per_supply_days_daily,1.950046837284,days,daily,OBM v0.1.0
2022-03-30,obm_cdd_per_supply_days_daily,0.258378805581,days,daily,OBM v0.1.0
2022-03-31,obm_cdd_per_supply_days_daily,0.442720854630,days,daily,OBM v0.1.0
2022-04-01,obm_cdd_per_supply_days_daily,0.395466399799,days,daily,OBM v0.1.0
2022-04-02,obm_cdd_per_supply_days_daily,0.178543504876,days,daily,OBM v0.1.0
2022-04-03,obm_cdd_per_supply_days_daily,0.261749908010,days,daily,OBM v0.1.0
2022-04-04,obm_cdd_per_supply_days_daily,0.630688753444,days,daily,OBM v0.1.0
2022-04-05,obm_cdd_per_supply_days_daily,0.425215088725,days,daily,OBM v0.1.0
2022-04-06,obm_cdd_per_supply_days_daily,0.336452013916,days,daily,OBM v0.1.0
2022-04-07,obm_cdd_per_supply_days_daily,0.262939902712,days,daily,OBM v0.1.0
2022-04-08,obm_cdd_per_supply_days_daily,0.299896430704,days,daily,OBM v0.1.0
2022-04-09,obm_cdd_per_supply_days_daily,0.144589585436,days,daily,OBM v0.1.0
2022-04-10,obm_cdd_per_supply_days_daily,0.140040981790,days,daily,OBM v0.1.0
2022-04-11,obm_cdd_per_supply_days_daily,0.328613907363,days,daily,OBM v0.1.0
2022-04-12,obm_cdd_per_supply_days_daily,1.121320877414,days,daily,OBM v0.1.0
2022-04-13,obm_cdd_per_supply_days_daily,0.373622798098,days,daily,OBM v0.1.0
2022-04-14,obm_cdd_per_supply_days_daily,1.959813195550,days,daily,OBM v0.1.0
2022-04-15,obm_cdd_per_supply_days_daily,0.159882760398,days,daily,OBM v0.1.0
2022-04-16,obm_cdd_per_supply_days_daily,0.097899761618,days,daily,OBM v0.1.0
2022-04-17,obm_cdd_per_supply_days_daily,0.090917733846,days,daily,OBM v0.1.0
2022-04-18,obm_cdd_per_supply_days_daily,0.183772812164,days,daily,OBM v0.1.0
2022-04-19,obm_cdd_per_supply_days_daily,0.364747962255,days,daily,OBM v0.1.0
2022-04-20,obm_cdd_per_supply_days_daily,0.330953451961,days,daily,OBM v0.1.0
2022-04-21,obm_cdd_per_supply_days_daily,2.053521188085,days,daily,OBM v0.1.0
2022-04-22,obm_cdd_per_supply_days_daily,0.437408669885,days,daily,OBM v0.1.0
2022-04-23,obm_cdd_per_supply_days_daily,0.186929378280,days,daily,OBM v0.1.0
2022-04-24,obm_cdd_per_supply_days_daily,0.125000779143,days,daily,OBM v0.1.0
2022-04-25,obm_cdd_per_supply_days_daily,0.272357420017,days,daily,OBM v0.1.0
2022-04-26,obm_cdd_per_supply_days_daily,0.372611645945,days,daily,OBM v0.1.0
2022-04-27,obm_cdd_per_supply_days_daily,0.217121558175,days,daily,OBM v0.1.0
2022-04-28,obm_cdd_per_supply_days_daily,0.387218549809,days,daily,OBM v0.1.0
2022-04-29,obm_cdd_per_supply_days_daily,0.440934159657,days,daily,OBM v0.1.0
2022-04-30,obm_cdd_per_supply_days_daily,0.230196094203,days,daily,OBM v0.1.0
2022-05-01,obm_cdd_per_supply_days_daily,0.253403402753,days,daily,OBM v0.1.0
2022-05-02,obm_cdd_per_supply_days_daily,0.790024357331,days,daily,OBM v0.1.0
2022-05-03,obm_cdd_per_supply_days_daily,0.683945315412,days,daily,OBM v0.1.0
2022-05-04,obm_cdd_per_supply_days_daily,0.551468107013,days,daily,OBM v0.1.0
2022-05-05,obm_cdd_per_supply_days_daily,0.452181716936,days,daily,OBM v0.1.0
2022-05-06,obm_cdd_per_supply_days_daily,0.513624879449,days,daily,OBM v0.1.0
2022-05-07,obm_cdd_per_supply_days_daily,0.135258648085,days,daily,OBM v0.1.0
2022-05-08,obm_cdd_per_supply_days_daily,0.351506951172,days,daily,OBM v0.1.0
2022-05-09,obm_cdd_per_supply_days_daily,1.003414281628,days,daily,OBM v0.1.0
2022-05-10,obm_cdd_per_supply_days_daily,0.631893277713,days,daily,OBM v0.1.0
2022-05-11,obm_cdd_per_supply_days_daily,1.387960999658,days,daily,OBM v0.1.0
2022-05-12,obm_cdd_per_supply_days_daily,1.038996427318,days,daily,OBM v0.1.0
2022-05-13,obm_cdd_per_supply_days_daily,1.574989661525,days,daily,OBM v0.1.0
2022-05-14,obm_cdd_per_supply_days_daily,2.539991853704,days,daily,OBM v0.1.0
2022-05-15,obm_cdd_per_supply_days_daily,0.165186219796,days,daily,OBM v0.1.0
2022-05-16,obm_cdd_per_supply_days_daily,0.425730266346,days,daily,OBM v0.1.0
2022-05-17,obm_cdd_per_supply_days_daily,0.574413201649,days,daily,OBM v0.1.0
2022-05-18,obm_cdd_per_supply_days_daily,0.291898848637,days,daily,OBM v0.1.0
2022-05-19,obm_cdd_per_supply_days_daily,0.795596317558,days,daily,OBM v0.1.0
2022-05-20,obm_cdd_per_supply_days_daily,0.461064454799,days,daily,OBM v0.1.0
2022-05-21,obm_cdd_per_supply_days_daily,0.167713852427,days,daily,OBM v0.1.0
2022-05-22,obm_cdd_per_supply_days_daily,0.099691887040,days,daily,OBM v0.1.0
2022-05-23,obm_cdd_per_supply_days_daily,0.321715051258,days,daily,OBM v0.1.0
2022-05-24,obm_cdd_per_supply_days_daily,0.368120163213,days,daily,OBM v0.1.0
2022-05-25,obm_cdd_per_supply_days_daily,0.346100154992,days,daily,OBM v0.1.0
2022-05-26,obm_cdd_per_supply_days_daily,0.303068829322,days,daily,OBM v0.1.0
2022-05-27,obm_cdd_per_supply_days_daily,0.599036362042,days,daily,OBM v0.1.0
2022-05-28,obm_cdd_per_supply_days_daily,0.114255502031,days,daily,OBM v0.1.0
2022-05-29,obm_cdd_per_supply_days_daily,0.222917575064,days,daily,OBM v0.1.0
2022-05-30,obm_cdd_per_supply_days_daily,0.319209936980,days,daily,OBM v0.1.0
2022-05-31,obm_cdd_per_supply_days_daily,0.693184091451,days,daily,OBM v0.1.0
2022-06-01,obm_cdd_per_supply_days_daily,0.706596115597,days,daily,OBM v0.1.0
2022-06-02,obm_cdd_per_supply_days_daily,1.083859536347,days,daily,OBM v0.1.0
2022-06-03,obm_cdd_per_supply_days_daily,0.571736320749,days,daily,OBM v0.1.0
2022-06-04,obm_cdd_per_supply_days_daily,0.422925459085,days,daily,OBM v0.1.0
2022-06-05,obm_cdd_per_supply_days_daily,0.129018463031,days,daily,OBM v0.1.0
2022-06-06,obm_cdd_per_supply_days_daily,0.309697750573,days,daily,OBM v0.1.0
2022-06-07,obm_cdd_per_supply_days_daily,0.708279959284,days,daily,OBM v0.1.0
2022-06-08,obm_cdd_per_supply_days_daily,0.421088222173,days,daily,OBM v0.1.0
2022-06-09,obm_cdd_per_supply_days_daily,0.407894676912,days,daily,OBM v0.1.0
2022-06-10,obm_cdd_per_supply_days_daily,0.588942984869,days,daily,OBM v0.1.0
2022-06-11,obm_cdd_per_supply_days_daily,0.417580636501,days,daily,OBM v0.1.0
2022-06-12,obm_cdd_per_supply_days_daily,0.401109002865,days,daily,OBM v0.1.0
2022-06-13,obm_cdd_per_supply_days_daily,1.573018074157,days,daily,OBM v0.1.0
2022-06-14,obm_cdd_per_supply_days_daily,1.239738437061,days,daily,OBM v0.1.0
2022-06-15,obm_cdd_per_supply_days_daily,1.268179290815,days,daily,OBM v0.1.0
2022-06-16,obm_cdd_per_supply_days_daily,0.551455410033,days,daily,OBM v0.1.0
2022-06-17,obm_cdd_per_supply_days_daily,3.902093359527,days,daily,OBM v0.1.0
2022-06-18,obm_cdd_per_supply_days_daily,0.928392013013,days,daily,OBM v0.1.0
2022-06-19,obm_cdd_per_supply_days_daily,0.308181353408,days,daily,OBM v0.1.0
2022-06-20,obm_cdd_per_supply_days_daily,0.341367264417,days,daily,OBM v0.1.0
2022-06-21,obm_cdd_per_supply_days_daily,0.555441739249,days,daily,OBM v0.1.0
2022-06-22,obm_cdd_per_supply_days_daily,0.498544248903,days,daily,OBM v0.1.0
2022-06-23,obm_cdd_per_supply_days_daily,0.246138406267,days,daily,OBM v0.1.0
2022-06-24,obm_cdd_per_supply_days_daily,0.510925712282,days,daily,OBM v0.1.0
2022-06-25,obm_cdd_per_supply_days_daily,0.877260488306,days,daily,OBM v0.1.0
2022-06-26,obm_cdd_per_supply_days_daily,0.087212057979,days,daily,OBM v0.1.0
2022-06-27,obm_cdd_per_supply_days_daily,0.371359189833,days,daily,OBM v0.1.0
2022-06-28,obm_cdd_per_supply_days_daily,0.480866949061,days,daily,OBM v0.1.0
2022-06-29,obm_cdd_per_supply_days_daily,0.746978713756,days,daily,OBM v0.1.0
2022-06-30,obm_cdd_per_supply_days_daily,0.790690367229,days,daily,OBM v0.1.0
2022-07-01,obm_cdd_per_supply_days_daily,0.417364550288,days,daily,OBM v0.1.0
2022-07-02,obm_cdd_per_supply_days_daily,0.206270682737,days,daily,OBM v0.1.0
2022-07-03,obm_cdd_per_supply_days_daily,0.401507060985,days,daily,OBM v0.1.0
2022-07-04,obm_cdd_per_supply_days_daily,0.158734581583,days,daily,OBM v0.1.0
2022-07-05,obm_cdd_per_supply_days_daily,0.231903920526,days,daily,OBM v0.1.0
2022-07-06,obm_cdd_per_supply_days_daily,0.494497105801,days,daily,OBM v0.1.0
2022-07-07,obm_cdd_per_supply_days_daily,0.227234068205,days,daily,OBM v0.1.0
2022-07-08,obm_cdd_per_supply_days_daily,0.356446428872,days,daily,OBM v0.1.0
2022-07-09,obm_cdd_per_supply_days_daily,0.230459246898,days,daily,OBM v0.1.0
2022-07-10,obm_cdd_per_supply_days_daily,0.112463333192,days,daily,OBM v0.1.0
2022-07-11,obm_cdd_per_supply_days_daily,1.014871881631,days,daily,OBM v0.1.0
2022-07-12,obm_cdd_per_supply_days_daily,0.304757201224,days,daily,OBM v0.1.0
2022-07-13,obm_cdd_per_supply_days_daily,0.143440731458,days,daily,OBM v0.1.0
2022-07-14,obm_cdd_per_supply_days_daily,0.424419924888,days,daily,OBM v0.1.0
2022-07-15,obm_cdd_per_supply_days_daily,0.723644884439,days,daily,OBM v0.1.0
2022-07-16,obm_cdd_per_supply_days_daily,0.127704699822,days,daily,OBM v0.1.0
2022-07-17,obm_cdd_per_supply_days_daily,0.085156673909,days,daily,OBM v0.1.0
2022-07-18,obm_cdd_per_supply_days_daily,0.354211803142,days,daily,OBM v0.1.0
2022-07-19,obm_cdd_per_supply_days_daily,2.153873668724,days,daily,OBM v0.1.0
2022-07-20,obm_cdd_per_supply_days_daily,0.503120895170,days,daily,OBM v0.1.0
2022-07-21,obm_cdd_per_supply_days_daily,1.854773830321,days,daily,OBM v0.1.0
2022-07-22,obm_cdd_per_supply_days_daily,0.502720439532,days,daily,OBM v0.1.0
2022-07-23,obm_cdd_per_supply_days_daily,0.272930739862,days,daily,OBM v0.1.0
2022-07-24,obm_cdd_per_supply_days_daily,0.153675688564,days,daily,OBM v0.1.0
2022-07-25,obm_cdd_per_supply_days_daily,0.354699710233,days,daily,OBM v0.1.0
2022-07-26,obm_cdd_per_supply_days_daily,0.322409207430,days,daily,OBM v0.1.0
2022-07-27,obm_cdd_per_supply_days_daily,0.224534782562,days,daily,OBM v0.1.0
2022-07-28,obm_cdd_per_supply_days_daily,0.201555757207,days,daily,OBM v0.1.0
2022-07-29,obm_cdd_per_supply_days_daily,0.241637977746,days,daily,OBM v0.1.0
2022-07-30,obm_cdd_per_supply_days_daily,0.129541869035,days,daily,OBM v0.1.0
2022-07-31,obm_cdd_per_supply_days_daily,0.249673627213,days,daily,OBM v0.1.0
2022-08-01,obm_cdd_per_supply_days_daily,0.177286720798,days,daily,OBM v0.1.0
2022-08-02,obm_cdd_per_supply_days_daily,0.311262880365,days,daily,OBM v0.1.0
2022-08-03,obm_cdd_per_supply_days_daily,0.230588789765,days,daily,OBM v0.1.0
2022-08-04,obm_cdd_per_supply_days_daily,0.540473883958,days,daily,OBM v0.1.0
2022-08-05,obm_cdd_per_supply_days_daily,0.163445149360,days,daily,OBM v0.1.0
2022-08-06,obm_cdd_per_supply_days_daily,0.187242927097,days,daily,OBM v0.1.0
2022-08-07,obm_cdd_per_supply_days_daily,0.210087739796,days,daily,OBM v0.1.0
2022-08-08,obm_cdd_per_supply_days_daily,0.235155840572,days,daily,OBM v0.1.0
2022-08-09,obm_cdd_per_supply_days_daily,0.527150421006,days,daily,OBM v0.1.0
2022-08-10,obm_cdd_per_supply_days_daily,0.837819854365,days,daily,OBM v0.1.0
2022-08-11,obm_cdd_per_supply_days_daily,0.233957378528,days,daily,OBM v0.1.0
2022-08-12,obm_cdd_per_supply_days_daily,0.273507904571,days,daily,OBM v0.1.0
2022-08-13,obm_cdd_per_supply_days_daily,0.120790656174,days,daily,OBM v0.1.0
2022-08-14,obm_cdd_per_supply_days_daily,0.102057124289,days,daily,OBM v0.1.0
2022-08-15,obm_cdd_per_supply_days_daily,0.196213945091,days,daily,OBM v0.1.0
2022-08-16,obm_cdd_per_supply_days_daily,0.175652808185,days,daily,OBM v0.1.0
2022-08-17,obm_cdd_per_supply_days_daily,0.289055908694,days,daily,OBM v0.1.0
2022-08-18,obm_cdd_per_supply_days_daily,0.320696998408,days,daily,OBM v0.1.0
2022-08-19,obm_cdd_per_supply_days_daily,0.426809846209,days,daily,OBM v0.1.0
2022-08-20,obm_cdd_per_supply_days_daily,0.151463389331,days,daily,OBM v0.1.0
2022-08-21,obm_cdd_per_supply_days_daily,0.084042862286,days,daily,OBM v0.1.0
2022-08-22,obm_cdd_per_supply_days_daily,0.289602114718,days,daily,OBM v0.1.0
2022-08-23,obm_cdd_per_supply_days_daily,0.268741771965,days,daily,OBM v0.1.0
2022-08-24,obm_cdd_per_supply_days_daily,0.205907641089,days,daily,OBM v0.1.0
2022-08-25,obm_cdd_per_supply_days_daily,0.195311110557,days,daily,OBM v0.1.0
2022-08-26,obm_cdd_per_supply_days_daily,0.312990265026,days,daily,OBM v0.1.0
2022-08-27,obm_cdd_per_supply_days_daily,0.199140239527,days,daily,OBM v0.1.0
2022-08-28,obm_cdd_per_supply_days_daily,0.923860480976,days,daily,OBM v0.1.0
2022-08-29,obm_cdd_per_supply_days_daily,0.998088841196,days,daily,OBM v0.1.0
2022-08-30,obm_cdd_per_supply_days_daily,0.583112801103,days,daily,OBM v0.1.0
2022-08-31,obm_cdd_per_supply_days_daily,0.198059045205,days,daily,OBM v0.1.0
2022-09-01,obm_cdd_per_supply_days_daily,0.306023459977,days,daily,OBM v0.1.0
2022-09-02,obm_cdd_per_supply_days_daily,0.325759796244,days,daily,OBM v0.1.0
2022-09-03,obm_cdd_per_supply_days_daily,0.173276403429,days,daily,OBM v0.1.0
2022-09-04,obm_cdd_per_supply_days_daily,0.917088766449,days,daily,OBM v0.1.0
2022-09-05,obm_cdd_per_supply_days_daily,0.178508374832,days,daily,OBM v0.1.0
2022-09-06,obm_cdd_per_supply_days_daily,0.605848362983,days,daily,OBM v0.1.0
2022-09-07,obm_cdd_per_supply_days_daily,0.372621010549,days,daily,OBM v0.1.0
2022-09-08,obm_cdd_per_supply_days_daily,0.226281237338,days,daily,OBM v0.1.0
2022-09-09,obm_cdd_per_supply_days_daily,0.244697002754,days,daily,OBM v0.1.0
2022-09-10,obm_cdd_per_supply_days_daily,0.158286910714,days,daily,OBM v0.1.0
2022-09-11,obm_cdd_per_supply_days_daily,0.155574347610,days,daily,OBM v0.1.0
2022-09-12,obm_cdd_per_supply_days_daily,0.228030931712,days,daily,OBM v0.1.0
2022-09-13,obm_cdd_per_supply_days_daily,0.828017393794,days,daily,OBM v0.1.0
2022-09-14,obm_cdd_per_supply_days_daily,0.377827682204,days,daily,OBM v0.1.0
2022-09-15,obm_cdd_per_supply_days_daily,0.354249286906,days,daily,OBM v0.1.0
2022-09-16,obm_cdd_per_supply_days_daily,0.171454087458,days,daily,OBM v0.1.0
2022-09-17,obm_cdd_per_supply_days_daily,0.122221338733,days,daily,OBM v0.1.0
2022-09-18,obm_cdd_per_supply_days_daily,0.085119305514,days,daily,OBM v0.1.0
2022-09-19,obm_cdd_per_supply_days_daily,0.671291515923,days,daily,OBM v0.1.0
2022-09-20,obm_cdd_per_supply_days_daily,0.305062777481,days,daily,OBM v0.1.0
2022-09-21,obm_cdd_per_supply_days_daily,0.370734179905,days,daily,OBM v0.1.0
2022-09-22,obm_cdd_per_supply_days_daily,0.247291687966,days,daily,OBM v0.1.0
2022-09-23,obm_cdd_per_supply_days_daily,0.242200195118,days,daily,OBM v0.1.0
2022-09-24,obm_cdd_per_supply_days_daily,0.081363990794,days,daily,OBM v0.1.0
2022-09-25,obm_cdd_per_supply_days_daily,0.135809346155,days,daily,OBM v0.1.0
2022-09-26,obm_cdd_per_supply_days_daily,0.243689734728,days,daily,OBM v0.1.0
2022-09-27,obm_cdd_per_supply_days_daily,0.591407763980,days,daily,OBM v0.1.0
2022-09-28,obm_cdd_per_supply_days_daily,0.312971945760,days,daily,OBM v0.1.0
2022-09-29,obm_cdd_per_supply_days_daily,0.317479221645,days,daily,OBM v0.1.0
2022-09-30,obm_cdd_per_supply_days_daily,0.448948220830,days,daily,OBM v0.1.0
2022-10-01,obm_cdd_per_supply_days_daily,0.121755302927,days,daily,OBM v0.1.0
2022-10-02,obm_cdd_per_supply_days_daily,0.108426819031,days,daily,OBM v0.1.0
2022-10-03,obm_cdd_per_supply_days_daily,0.230449676169,days,daily,OBM v0.1.0
2022-10-04,obm_cdd_per_supply_days_daily,0.283078435288,days,daily,OBM v0.1.0
2022-10-05,obm_cdd_per_supply_days_daily,0.391641873293,days,daily,OBM v0.1.0
2022-10-06,obm_cdd_per_supply_days_daily,0.268021948179,days,daily,OBM v0.1.0
2022-10-07,obm_cdd_per_supply_days_daily,0.347710538184,days,daily,OBM v0.1.0
2022-10-08,obm_cdd_per_supply_days_daily,0.248919774932,days,daily,OBM v0.1.0
2022-10-09,obm_cdd_per_supply_days_daily,0.090106026341,days,daily,OBM v0.1.0
2022-10-10,obm_cdd_per_supply_days_daily,0.239950897394,days,daily,OBM v0.1.0
2022-10-11,obm_cdd_per_supply_days_daily,0.345640721574,days,daily,OBM v0.1.0
2022-10-12,obm_cdd_per_supply_days_daily,0.498363316306,days,daily,OBM v0.1.0
2022-10-13,obm_cdd_per_supply_days_daily,0.253019731636,days,daily,OBM v0.1.0
2022-10-14,obm_cdd_per_supply_days_daily,0.253651130278,days,daily,OBM v0.1.0
2022-10-15,obm_cdd_per_supply_days_daily,0.097617933135,days,daily,OBM v0.1.0
2022-10-16,obm_cdd_per_supply_days_daily,0.169262650182,days,daily,OBM v0.1.0
2022-10-17,obm_cdd_per_supply_days_daily,1.214073232858,days,daily,OBM v0.1.0
2022-10-18,obm_cdd_per_supply_days_daily,2.890071339214,days,daily,OBM v0.1.0
2022-10-19,obm_cdd_per_supply_days_daily,0.416786214767,days,daily,OBM v0.1.0
2022-10-20,obm_cdd_per_supply_days_daily,0.171523209532,days,daily,OBM v0.1.0
2022-10-21,obm_cdd_per_supply_days_daily,0.240776882414,days,daily,OBM v0.1.0
2022-10-22,obm_cdd_per_supply_days_daily,0.713162147900,days,daily,OBM v0.1.0
2022-10-23,obm_cdd_per_supply_days_daily,0.128734597080,days,daily,OBM v0.1.0
2022-10-24,obm_cdd_per_supply_days_daily,0.233718054328,days,daily,OBM v0.1.0
2022-10-25,obm_cdd_per_supply_days_daily,0.636080386145,days,daily,OBM v0.1.0
2022-10-26,obm_cdd_per_supply_days_daily,1.005530262367,days,daily,OBM v0.1.0
2022-10-27,obm_cdd_per_supply_days_daily,0.648689616931,days,daily,OBM v0.1.0
2022-10-28,obm_cdd_per_supply_days_daily,0.245940099244,days,daily,OBM v0.1.0
2022-10-29,obm_cdd_per_supply_days_daily,0.182276865939,days,daily,OBM v0.1.0
2022-10-30,obm_cdd_per_supply_days_daily,0.156293286661,days,daily,OBM v0.1.0
2022-10-31,obm_cdd_per_supply_days_daily,0.331080943619,days,daily,OBM v0.1.0
2022-11-01,obm_cdd_per_supply_days_daily,0.356206715860,days,daily,OBM v0.1.0
2022-11-02,obm_cdd_per_supply_days_daily,0.951090514171,days,daily,OBM v0.1.0
2022-11-03,obm_cdd_per_supply_days_daily,0.422512457206,days,daily,OBM v0.1.0
2022-11-04,obm_cdd_per_supply_days_daily,1.997484063279,days,daily,OBM v0.1.0
2022-11-05,obm_cdd_per_supply_days_daily,0.478761286229,days,daily,OBM v0.1.0
2022-11-06,obm_cdd_per_supply_days_daily,0.468659414662,days,daily,OBM v0.1.0
2022-11-07,obm_cdd_per_supply_days_daily,1.087662944732,days,daily,OBM v0.1.0
2022-11-08,obm_cdd_per_supply_days_daily,0.724200866094,days,daily,OBM v0.1.0
2022-11-09,obm_cdd_per_supply_days_daily,1.377814869380,days,daily,OBM v0.1.0
2022-11-10,obm_cdd_per_supply_days_daily,0.872655837318,days,daily,OBM v0.1.0
2022-11-11,obm_cdd_per_supply_days_daily,2.466935697500,days,daily,OBM v0.1.0
2022-11-12,obm_cdd_per_supply_days_daily,1.614099957809,days,daily,OBM v0.1.0
2022-11-13,obm_cdd_per_supply_days_daily,0.235013694716,days,daily,OBM v0.1.0
2022-11-14,obm_cdd_per_supply_days_daily,0.731530250523,days,daily,OBM v0.1.0
2022-11-15,obm_cdd_per_supply_days_daily,0.742079135719,days,daily,OBM v0.1.0
2022-11-16,obm_cdd_per_supply_days_daily,1.836255745998,days,daily,OBM v0.1.0
2022-11-17,obm_cdd_per_supply_days_daily,0.985544626847,days,daily,OBM v0.1.0
2022-11-18,obm_cdd_per_supply_days_daily,3.933555576077,days,daily,OBM v0.1.0
2022-11-19,obm_cdd_per_supply_days_daily,0.213194955289,days,daily,OBM v0.1.0
2022-11-20,obm_cdd_per_supply_days_daily,0.485064692355,days,daily,OBM v0.1.0
2022-11-21,obm_cdd_per_supply_days_daily,0.670269890393,days,daily,OBM v0.1.0
2022-11-22,obm_cdd_per_supply_days_daily,0.855184794232,days,daily,OBM v0.1.0
2022-11-23,obm_cdd_per_supply_days_daily,4.508460282377,days,daily,OBM v0.1.0
2022-11-24,obm_cdd_per_supply_days_daily,0.459332847533,days,daily,OBM v0.1.0
2022-11-25,obm_cdd_per_supply_days_daily,0.313022565243,days,daily,OBM v0.1.0
2022-11-26,obm_cdd_per_supply_days_daily,0.214108755229,days,daily,OBM v0.1.0
2022-11-27,obm_cdd_per_supply_days_daily,0.193884256339,days,daily,OBM v0.1.0
2022-11-28,obm_cdd_per_supply_days_daily,0.506771081838,days,daily,OBM v0.1.0
2022-11-29,obm_cdd_per_supply_days_daily,0.442314415104,days,daily,OBM v0.1.0
2022-11-30,obm_cdd_per_supply_days_daily,0.375765108218,days,daily,OBM v0.1.0
2022-12-01,obm_cdd_per_supply_days_daily,0.725668257361,days,daily,OBM v0.1.0
2022-12-02,obm_cdd_per_supply_days_daily,0.472723694465,days,daily,OBM v0.1.0
2022-12-03,obm_cdd_per_supply_days_daily,0.163419664402,days,daily,OBM v0.1.0
2022-12-04,obm_cdd_per_supply_days_daily,0.295412078963,days,daily,OBM v0.1.0
2022-12-05,obm_cdd_per_supply_days_daily,0.875302593780,days,daily,OBM v0.1.0
2022-12-06,obm_cdd_per_supply_days_daily,0.401370032340,days,daily,OBM v0.1.0
2022-12-07,obm_cdd_per_supply_days_daily,0.277981335293,days,daily,OBM v0.1.0
2022-12-08,obm_cdd_per_supply_days_daily,0.310531807552,days,daily,OBM v0.1.0
2022-12-09,obm_cdd_per_supply_days_daily,0.601161919911,days,daily,OBM v0.1.0
2022-12-10,obm_cdd_per_supply_days_daily,0.233923565055,days,daily,OBM v0.1.0
2022-12-11,obm_cdd_per_supply_days_daily,0.248103897452,days,daily,OBM v0.1.0
2022-12-12,obm_cdd_per_supply_days_daily,0.298895829187,days,daily,OBM v0.1.0
2022-12-13,obm_cdd_per_supply_days_daily,0.578449771490,days,daily,OBM v0.1.0
2022-12-14,obm_cdd_per_supply_days_daily,0.670326095969,days,daily,OBM v0.1.0
2022-12-15,obm_cdd_per_supply_days_daily,0.287319692778,days,daily,OBM v0.1.0
2022-12-16,obm_cdd_per_supply_days_daily,0.425471766656,days,daily,OBM v0.1.0
2022-12-17,obm_cdd_per_supply_days_daily,0.312997936841,days,daily,OBM v0.1.0
2022-12-18,obm_cdd_per_supply_days_daily,0.207765932200,days,daily,OBM v0.1.0
2022-12-19,obm_cdd_per_supply_days_daily,0.737671923024,days,daily,OBM v0.1.0
2022-12-20,obm_cdd_per_supply_days_daily,0.219277277030,days,daily,OBM v0.1.0
2022-12-21,obm_cdd_per_supply_days_daily,0.365704632970,days,daily,OBM v0.1.0
2022-12-22,obm_cdd_per_supply_days_daily,0.335962313026,days,daily,OBM v0.1.0
2022-12-23,obm_cdd_per_supply_days_daily,0.494101720370,days,daily,OBM v0.1.0
2022-12-24,obm_cdd_per_supply_days_daily,0.202524472114,days,daily,OBM v0.1.0
2022-12-25,obm_cdd_per_supply_days_daily,0.321902641503,days,daily,OBM v0.1.0
2022-12-26,obm_cdd_per_supply_days_daily,0.141513327529,days,daily,OBM v0.1.0
2022-12-27,obm_cdd_per_supply_days_daily,0.255851599549,days,daily,OBM v0.1.0
2022-12-28,obm_cdd_per_supply_days_daily,0.909778621423,days,daily,OBM v0.1.0
2022-12-29,obm_cdd_per_supply_days_daily,0.694811216357,days,daily,OBM v0.1.0
2022-12-30,obm_cdd_per_supply_days_daily,0.583103527643,days,daily,OBM v0.1.0
2022-12-31,obm_cdd_per_supply_days_daily,1.029302979546,days,daily,OBM v0.1.0
2023-01-01,obm_cdd_per_supply_days_daily,0.218567292289,days,daily,OBM v0.1.0
2023-01-02,obm_cdd_per_supply_days_daily,0.272412565257,days,daily,OBM v0.1.0
2023-01-03,obm_cdd_per_supply_days_daily,0.430813485851,days,daily,OBM v0.1.0
2023-01-04,obm_cdd_per_supply_days_daily,0.429065538799,days,daily,OBM v0.1.0
2023-01-05,obm_cdd_per_supply_days_daily,1.601165042243,days,daily,OBM v0.1.0
2023-01-06,obm_cdd_per_supply_days_daily,0.565205646773,days,daily,OBM v0.1.0
2023-01-07,obm_cdd_per_supply_days_daily,0.420796194372,days,daily,OBM v0.1.0
2023-01-08,obm_cdd_per_supply_days_daily,0.221492326453,days,daily,OBM v0.1.0
2023-01-09,obm_cdd_per_supply_days_daily,0.296774372838,days,daily,OBM v0.1.0
2023-01-10,obm_cdd_per_supply_days_daily,0.628865656561,days,daily,OBM v0.1.0
2023-01-11,obm_cdd_per_supply_days_daily,0.554905719755,days,daily,OBM v0.1.0
2023-01-12,obm_cdd_per_supply_days_daily,0.427984090933,days,daily,OBM v0.1.0
2023-01-13,obm_cdd_per_supply_days_daily,0.416068363647,days,daily,OBM v0.1.0
2023-01-14,obm_cdd_per_supply_days_daily,0.267982284883,days,daily,OBM v0.1.0
2023-01-15,obm_cdd_per_supply_days_daily,0.286258217703,days,daily,OBM v0.1.0
2023-01-16,obm_cdd_per_supply_days_daily,0.852759793678,days,daily,OBM v0.1.0
2023-01-17,obm_cdd_per_supply_days_daily,0.359912697693,days,daily,OBM v0.1.0
2023-01-18,obm_cdd_per_supply_days_daily,0.539718091573,days,daily,OBM v0.1.0
2023-01-19,obm_cdd_per_supply_days_daily,0.406617425135,days,daily,OBM v0.1.0
2023-01-20,obm_cdd_per_supply_days_daily,0.317783487515,days,daily,OBM v0.1.0
2023-01-21,obm_cdd_per_supply_days_daily,0.250354619173,days,daily,OBM v0.1.0
2023-01-22,obm_cdd_per_supply_days_daily,0.147241275311,days,daily,OBM v0.1.0
2023-01-23,obm_cdd_per_supply_days_daily,0.282524526578,days,daily,OBM v0.1.0
2023-01-24,obm_cdd_per_supply_days_daily,0.307649425133,days,daily,OBM v0.1.0
2023-01-25,obm_cdd_per_supply_days_daily,0.317156599504,days,daily,OBM v0.1.0
2023-01-26,obm_cdd_per_supply_days_daily,1.561304616072,days,daily,OBM v0.1.0
2023-01-27,obm_cdd_per_supply_days_daily,0.670383591211,days,daily,OBM v0.1.0
2023-01-28,obm_cdd_per_supply_days_daily,0.149076445071,days,daily,OBM v0.1.0
2023-01-29,obm_cdd_per_supply_days_daily,0.179820216841,days,daily,OBM v0.1.0
2023-01-30,obm_cdd_per_supply_days_daily,0.246497010055,days,daily,OBM v0.1.0
2023-01-31,obm_cdd_per_supply_days_daily,0.345600514640,days,daily,OBM v0.1.0
2023-02-01,obm_cdd_per_supply_days_daily,0.533890393757,days,daily,OBM v0.1.0
2023-02-02,obm_cdd_per_supply_days_daily,0.216436838474,days,daily,OBM v0.1.0
2023-02-03,obm_cdd_per_supply_days_daily,0.408197407461,days,daily,OBM v0.1.0
2023-02-04,obm_cdd_per_supply_days_daily,0.149775421913,days,daily,OBM v0.1.0
2023-02-05,obm_cdd_per_supply_days_daily,0.209784262551,days,daily,OBM v0.1.0
2023-02-06,obm_cdd_per_supply_days_daily,0.227859735519,days,daily,OBM v0.1.0
2023-02-07,obm_cdd_per_supply_days_daily,0.202841098243,days,daily,OBM v0.1.0
2023-02-08,obm_cdd_per_supply_days_daily,0.307505273428,days,daily,OBM v0.1.0
2023-02-09,obm_cdd_per_supply_days_daily,0.355081358424,days,daily,OBM v0.1.0
2023-02-10,obm_cdd_per_supply_days_daily,0.357963625601,days,daily,OBM v0.1.0
2023-02-11,obm_cdd_per_supply_days_daily,0.208217030826,days,daily,OBM v0.1.0
2023-02-12,obm_cdd_per_supply_days_daily,0.200735038806,days,daily,OBM v0.1.0
2023-02-13,obm_cdd_per_supply_days_daily,0.255826327831,days,daily,OBM v0.1.0
2023-02-14,obm_cdd_per_supply_days_daily,0.162610649721,days,daily,OBM v0.1.0
2023-02-15,obm_cdd_per_supply_days_daily,0.332571568091,days,daily,OBM v0.1.0
2023-02-16,obm_cdd_per_supply_days_daily,0.344265601414,days,daily,OBM v0.1.0
2023-02-17,obm_cdd_per_supply_days_daily,0.248778266830,days,daily,OBM v0.1.0
2023-02-18,obm_cdd_per_supply_days_daily,0.119603994468,days,daily,OBM v0.1.0
2023-02-19,obm_cdd_per_supply_days_daily,0.241018368103,days,daily,OBM v0.1.0
2023-02-20,obm_cdd_per_supply_days_daily,0.153680911537,days,daily,OBM v0.1.0
2023-02-21,obm_cdd_per_supply_days_daily,0.267534991732,days,daily,OBM v0.1.0
2023-02-22,obm_cdd_per_supply_days_daily,0.396576761585,days,daily,OBM v0.1.0
2023-02-23,obm_cdd_per_supply_days_daily,0.209319590461,days,daily,OBM v0.1.0
2023-02-24,obm_cdd_per_supply_days_daily,0.485516261608,days,daily,OBM v0.1.0
2023-02-25,obm_cdd_per_supply_days_daily,0.175897538809,days,daily,OBM v0.1.0
2023-02-26,obm_cdd_per_supply_days_daily,0.181804014496,days,daily,OBM v0.1.0
2023-02-27,obm_cdd_per_supply_days_daily,0.486591578898,days,daily,OBM v0.1.0
2023-02-28,obm_cdd_per_supply_days_daily,0.746390605888,days,daily,OBM v0.1.0
2023-03-01,obm_cdd_per_supply_days_daily,0.755458944887,days,daily,OBM v0.1.0
2023-03-02,obm_cdd_per_supply_days_daily,0.269701389731,days,daily,OBM v0.1.0
2023-03-03,obm_cdd_per_supply_days_daily,0.293214400715,days,daily,OBM v0.1.0
2023-03-04,obm_cdd_per_supply_days_daily,0.211206820257,days,daily,OBM v0.1.0
2023-03-05,obm_cdd_per_supply_days_daily,0.524419821677,days,daily,OBM v0.1.0
2023-03-06,obm_cdd_per_supply_days_daily,0.396014477145,days,daily,OBM v0.1.0
2023-03-07,obm_cdd_per_supply_days_daily,1.298491172468,days,daily,OBM v0.1.0
2023-03-08,obm_cdd_per_supply_days_daily,0.286552833517,days,daily,OBM v0.1.0
2023-03-09,obm_cdd_per_supply_days_daily,0.421652017465,days,daily,OBM v0.1.0
2023-03-10,obm_cdd_per_supply_days_daily,0.301241311281,days,daily,OBM v0.1.0
2023-03-11,obm_cdd_per_supply_days_daily,0.349271671986,days,daily,OBM v0.1.0
2023-03-12,obm_cdd_per_supply_days_daily,0.188823549762,days,daily,OBM v0.1.0
2023-03-13,obm_cdd_per_supply_days_daily,0.651893752707,days,daily,OBM v0.1.0
2023-03-14,obm_cdd_per_supply_days_daily,0.734334986956,days,daily,OBM v0.1.0
2023-03-15,obm_cdd_per_supply_days_daily,0.622233159689,days,daily,OBM v0.1.0
2023-03-16,obm_cdd_per_supply_days_daily,0.497107955711,days,daily,OBM v0.1.0
2023-03-17,obm_cdd_per_supply_days_daily,0.472979436599,days,daily,OBM v0.1.0
2023-03-18,obm_cdd_per_supply_days_daily,0.225057988708,days,daily,OBM v0.1.0
2023-03-19,obm_cdd_per_supply_days_daily,0.244116910054,days,daily,OBM v0.1.0
2023-03-20,obm_cdd_per_supply_days_daily,0.406694705995,days,daily,OBM v0.1.0
2023-03-21,obm_cdd_per_supply_days_daily,0.384785753352,days,daily,OBM v0.1.0
2023-03-22,obm_cdd_per_supply_days_daily,0.474538177503,days,daily,OBM v0.1.0
2023-03-23,obm_cdd_per_supply_days_daily,0.580722154302,days,daily,OBM v0.1.0
2023-03-24,obm_cdd_per_supply_days_daily,0.472729188958,days,daily,OBM v0.1.0
2023-03-25,obm_cdd_per_supply_days_daily,0.181100842252,days,daily,OBM v0.1.0
2023-03-26,obm_cdd_per_supply_days_daily,0.266238371046,days,daily,OBM v0.1.0
2023-03-27,obm_cdd_per_supply_days_daily,0.580088656142,days,daily,OBM v0.1.0
2023-03-28,obm_cdd_per_supply_days_daily,0.267538373082,days,daily,OBM v0.1.0
2023-03-29,obm_cdd_per_supply_days_daily,0.239206128314,days,daily,OBM v0.1.0
2023-03-30,obm_cdd_per_supply_days_daily,4.718080086072,days,daily,OBM v0.1.0
2023-03-31,obm_cdd_per_supply_days_daily,0.782367125074,days,daily,OBM v0.1.0
2023-04-01,obm_cdd_per_supply_days_daily,0.234101727732,days,daily,OBM v0.1.0
2023-04-02,obm_cdd_per_supply_days_daily,0.136069096993,days,daily,OBM v0.1.0
2023-04-03,obm_cdd_per_supply_days_daily,0.368561191207,days,daily,OBM v0.1.0
2023-04-04,obm_cdd_per_supply_days_daily,0.504155537360,days,daily,OBM v0.1.0
2023-04-05,obm_cdd_per_supply_days_daily,0.640015925940,days,daily,OBM v0.1.0
2023-04-06,obm_cdd_per_supply_days_daily,0.520197870808,days,daily,OBM v0.1.0
2023-04-07,obm_cdd_per_supply_days_daily,0.416398210517,days,daily,OBM v0.1.0
2023-04-08,obm_cdd_per_supply_days_daily,0.114532160332,days,daily,OBM v0.1.0
2023-04-09,obm_cdd_per_supply_days_daily,0.086022155092,days,daily,OBM v0.1.0
2023-04-10,obm_cdd_per_supply_days_daily,0.401640054350,days,daily,OBM v0.1.0
2023-04-11,obm_cdd_per_supply_days_daily,1.062600179592,days,daily,OBM v0.1.0
2023-04-12,obm_cdd_per_supply_days_daily,0.968990601704,days,daily,OBM v0.1.0
2023-04-13,obm_cdd_per_supply_days_daily,0.440282960228,days,daily,OBM v0.1.0
2023-04-14,obm_cdd_per_supply_days_daily,0.659024660100,days,daily,OBM v0.1.0
2023-04-15,obm_cdd_per_supply_days_daily,0.177699440653,days,daily,OBM v0.1.0
2023-04-16,obm_cdd_per_supply_days_daily,0.173534872509,days,daily,OBM v0.1.0
2023-04-17,obm_cdd_per_supply_days_daily,0.343717841310,days,daily,OBM v0.1.0
2023-04-18,obm_cdd_per_supply_days_daily,0.302420967907,days,daily,OBM v0.1.0
2023-04-19,obm_cdd_per_supply_days_daily,1.407067805192,days,daily,OBM v0.1.0
2023-04-20,obm_cdd_per_supply_days_daily,0.266235490529,days,daily,OBM v0.1.0
2023-04-21,obm_cdd_per_supply_days_daily,0.349445598480,days,daily,OBM v0.1.0
2023-04-22,obm_cdd_per_supply_days_daily,0.122222191490,days,daily,OBM v0.1.0
2023-04-23,obm_cdd_per_supply_days_daily,0.165434926927,days,daily,OBM v0.1.0
2023-04-24,obm_cdd_per_supply_days_daily,0.277552736705,days,daily,OBM v0.1.0
2023-04-25,obm_cdd_per_supply_days_daily,0.263433729075,days,daily,OBM v0.1.0
2023-04-26,obm_cdd_per_supply_days_daily,0.301465813460,days,daily,OBM v0.1.0
2023-04-27,obm_cdd_per_supply_days_daily,0.266291083079,days,daily,OBM v0.1.0
2023-04-28,obm_cdd_per_supply_days_daily,0.296920146690,days,daily,OBM v0.1.0
2023-04-29,obm_cdd_per_supply_days_daily,0.528197933303,days,daily,OBM v0.1.0
2023-04-30,obm_cdd_per_supply_days_daily,0.116271017365,days,daily,OBM v0.1.0
2023-05-01,obm_cdd_per_supply_days_daily,0.237402087404,days,daily,OBM v0.1.0
2023-05-02,obm_cdd_per_supply_days_daily,0.260026084611,days,daily,OBM v0.1.0
2023-05-03,obm_cdd_per_supply_days_daily,0.761278559288,days,daily,OBM v0.1.0
2023-05-04,obm_cdd_per_supply_days_daily,0.273763907620,days,daily,OBM v0.1.0
2023-05-05,obm_cdd_per_supply_days_daily,0.246790995752,days,daily,OBM v0.1.0
2023-05-06,obm_cdd_per_supply_days_daily,0.090715622359,days,daily,OBM v0.1.0
2023-05-07,obm_cdd_per_supply_days_daily,1.368416298542,days,daily,OBM v0.1.0
2023-05-08,obm_cdd_per_supply_days_daily,0.452186378912,days,daily,OBM v0.1.0
2023-05-09,obm_cdd_per_supply_days_daily,0.166128618595,days,daily,OBM v0.1.0
2023-05-10,obm_cdd_per_supply_days_daily,0.413840880876,days,daily,OBM v0.1.0
2023-05-11,obm_cdd_per_supply_days_daily,0.429562241355,days,daily,OBM v0.1.0
2023-05-12,obm_cdd_per_supply_days_daily,0.429500985431,days,daily,OBM v0.1.0
2023-05-13,obm_cdd_per_supply_days_daily,0.126902984439,days,daily,OBM v0.1.0
2023-05-14,obm_cdd_per_supply_days_daily,0.405924786281,days,daily,OBM v0.1.0
2023-05-15,obm_cdd_per_supply_days_daily,1.657179069651,days,daily,OBM v0.1.0
2023-05-16,obm_cdd_per_supply_days_daily,0.506832565963,days,daily,OBM v0.1.0
2023-05-17,obm_cdd_per_supply_days_daily,0.225312091543,days,daily,OBM v0.1.0
2023-05-18,obm_cdd_per_supply_days_daily,0.231394995451,days,daily,OBM v0.1.0
2023-05-19,obm_cdd_per_supply_days_daily,0.239038555374,days,daily,OBM v0.1.0
2023-05-20,obm_cdd_per_supply_days_daily,0.166711711566,days,daily,OBM v0.1.0
2023-05-21,obm_cdd_per_supply_days_daily,0.174971894640,days,daily,OBM v0.1.0
2023-05-22,obm_cdd_per_supply_days_daily,0.988277740404,days,daily,OBM v0.1.0
2023-05-23,obm_cdd_per_supply_days_daily,0.307523711893,days,daily,OBM v0.1.0
2023-05-24,obm_cdd_per_supply_days_daily,0.323586286629,days,daily,OBM v0.1.0
2023-05-25,obm_cdd_per_supply_days_daily,1.873669648315,days,daily,OBM v0.1.0
2023-05-26,obm_cdd_per_supply_days_daily,0.450026138785,days,daily,OBM v0.1.0
2023-05-27,obm_cdd_per_supply_days_daily,0.126380287699,days,daily,OBM v0.1.0
2023-05-28,obm_cdd_per_supply_days_daily,0.257192979779,days,daily,OBM v0.1.0
2023-05-29,obm_cdd_per_supply_days_daily,0.360773042400,days,daily,OBM v0.1.0
2023-05-30,obm_cdd_per_supply_days_daily,0.540865439112,days,daily,OBM v0.1.0
2023-05-31,obm_cdd_per_supply_days_daily,0.534428659140,days,daily,OBM v0.1.0
2023-06-01,obm_cdd_per_supply_days_daily,0.588078606167,days,daily,OBM v0.1.0
2023-06-02,obm_cdd_per_supply_days_daily,0.306155106159,days,daily,OBM v0.1.0
2023-06-03,obm_cdd_per_supply_days_daily,0.159557628817,days,daily,OBM v0.1.0
2023-06-04,obm_cdd_per_supply_days_daily,0.152243149963,days,daily,OBM v0.1.0
2023-06-05,obm_cdd_per_supply_days_daily,0.461701522153,days,daily,OBM v0.1.0
2023-06-06,obm_cdd_per_supply_days_daily,0.318358152523,days,daily,OBM v0.1.0
2023-06-07,obm_cdd_per_supply_days_daily,0.251033905506,days,daily,OBM v0.1.0
2023-06-08,obm_cdd_per_supply_days_daily,0.505797916677,days,daily,OBM v0.1.0
2023-06-09,obm_cdd_per_supply_days_daily,0.259201668994,days,daily,OBM v0.1.0
2023-06-10,obm_cdd_per_supply_days_daily,0.315505314404,days,daily,OBM v0.1.0
2023-06-11,obm_cdd_per_supply_days_daily,0.186430652441,days,daily,OBM v0.1.0
2023-06-12,obm_cdd_per_supply_days_daily,0.419756105585,days,daily,OBM v0.1.0
2023-06-13,obm_cdd_per_supply_days_daily,0.464428227050,days,daily,OBM v0.1.0
2023-06-14,obm_cdd_per_supply_days_daily,0.475181425539,days,daily,OBM v0.1.0
2023-06-15,obm_cdd_per_supply_days_daily,0.497827111431,days,daily,OBM v0.1.0
2023-06-16,obm_cdd_per_supply_days_daily,0.325658939339,days,daily,OBM v0.1.0
2023-06-17,obm_cdd_per_supply_days_daily,0.145160410766,days,daily,OBM v0.1.0
2023-06-18,obm_cdd_per_supply_days_daily,0.662538956328,days,daily,OBM v0.1.0
2023-06-19,obm_cdd_per_supply_days_daily,0.552542810642,days,daily,OBM v0.1.0
2023-06-20,obm_cdd_per_supply_days_daily,0.899126146820,days,daily,OBM v0.1.0
2023-06-21,obm_cdd_per_supply_days_daily,1.114432884679,days,daily,OBM v0.1.0
2023-06-22,obm_cdd_per_supply_days_daily,0.369637549121,days,daily,OBM v0.1.0
2023-06-23,obm_cdd_per_supply_days_daily,1.030470485566,days,daily,OBM v0.1.0
2023-06-24,obm_cdd_per_supply_days_daily,0.284377787001,days,daily,OBM v0.1.0
2023-06-25,obm_cdd_per_supply_days_daily,0.304408061568,days,daily,OBM v0.1.0
2023-06-26,obm_cdd_per_supply_days_daily,0.282648662143,days,daily,OBM v0.1.0
2023-06-27,obm_cdd_per_supply_days_daily,0.520207415018,days,daily,OBM v0.1.0
2023-06-28,obm_cdd_per_supply_days_daily,0.381797565200,days,daily,OBM v0.1.0
2023-06-29,obm_cdd_per_supply_days_daily,0.930312856568,days,daily,OBM v0.1.0
2023-06-30,obm_cdd_per_supply_days_daily,0.353435105344,days,daily,OBM v0.1.0
2023-07-01,obm_cdd_per_supply_days_daily,1.646513209798,days,daily,OBM v0.1.0
2023-07-02,obm_cdd_per_supply_days_daily,0.214092343878,days,daily,OBM v0.1.0
2023-07-03,obm_cdd_per_supply_days_daily,0.351934744087,days,daily,OBM v0.1.0
2023-07-04,obm_cdd_per_supply_days_daily,0.226644190393,days,daily,OBM v0.1.0
2023-07-05,obm_cdd_per_supply_days_daily,0.268868941856,days,daily,OBM v0.1.0
2023-07-06,obm_cdd_per_supply_days_daily,1.133819011893,days,daily,OBM v0.1.0
2023-07-07,obm_cdd_per_supply_days_daily,0.226519892422,days,daily,OBM v0.1.0
2023-07-08,obm_cdd_per_supply_days_daily,0.104881489599,days,daily,OBM v0.1.0
2023-07-09,obm_cdd_per_supply_days_daily,0.194063015794,days,daily,OBM v0.1.0
2023-07-10,obm_cdd_per_supply_days_daily,0.373944537664,days,daily,OBM v0.1.0
2023-07-11,obm_cdd_per_supply_days_daily,0.641243456219,days,daily,OBM v0.1.0
2023-07-12,obm_cdd_per_supply_days_daily,0.356870479616,days,daily,OBM v0.1.0
2023-07-13,obm_cdd_per_supply_days_daily,0.554877125255,days,daily,OBM v0.1.0
2023-07-14,obm_cdd_per_supply_days_daily,0.429996006788,days,daily,OBM v0.1.0
2023-07-15,obm_cdd_per_supply_days_daily,0.123669693594,days,daily,OBM v0.1.0
2023-07-16,obm_cdd_per_supply_days_daily,0.137441286361,days,daily,OBM v0.1.0
2023-07-17,obm_cdd_per_supply_days_daily,0.529952416469,days,daily,OBM v0.1.0
2023-07-18,obm_cdd_per_supply_days_daily,0.589449588994,days,daily,OBM v0.1.0
2023-07-19,obm_cdd_per_supply_days_daily,0.492606436666,days,daily,OBM v0.1.0
2023-07-20,obm_cdd_per_supply_days_daily,0.380624334773,days,daily,OBM v0.1.0
2023-07-21,obm_cdd_per_supply_days_daily,0.489075479576,days,daily,OBM v0.1.0
2023-07-22,obm_cdd_per_supply_days_daily,0.361072850503,days,daily,OBM v0.1.0
2023-07-23,obm_cdd_per_supply_days_daily,0.189504242560,days,daily,OBM v0.1.0
2023-07-24,obm_cdd_per_supply_days_daily,0.370229905443,days,daily,OBM v0.1.0
2023-07-25,obm_cdd_per_supply_days_daily,0.238486190065,days,daily,OBM v0.1.0
2023-07-26,obm_cdd_per_supply_days_daily,0.193296362448,days,daily,OBM v0.1.0
2023-07-27,obm_cdd_per_supply_days_daily,1.188676802208,days,daily,OBM v0.1.0
2023-07-28,obm_cdd_per_supply_days_daily,3.155034691667,days,daily,OBM v0.1.0
2023-07-29,obm_cdd_per_supply_days_daily,0.159899750811,days,daily,OBM v0.1.0
2023-07-30,obm_cdd_per_supply_days_daily,0.159900575047,days,daily,OBM v0.1.0
2023-07-31,obm_cdd_per_supply_days_daily,0.394016465865,days,daily,OBM v0.1.0
2023-08-01,obm_cdd_per_supply_days_daily,0.194519714590,days,daily,OBM v0.1.0
2023-08-02,obm_cdd_per_supply_days_daily,0.541995379200,days,daily,OBM v0.1.0
2023-08-03,obm_cdd_per_supply_days_daily,0.171747414250,days,daily,OBM v0.1.0
2023-08-04,obm_cdd_per_supply_days_daily,0.295393423517,days,daily,OBM v0.1.0
2023-08-05,obm_cdd_per_supply_days_daily,0.091828289295,days,daily,OBM v0.1.0
2023-08-06,obm_cdd_per_supply_days_daily,0.158260062031,days,daily,OBM v0.1.0
2023-08-07,obm_cdd_per_supply_days_daily,0.220993649325,days,daily,OBM v0.1.0
2023-08-08,obm_cdd_per_supply_days_daily,0.432590372323,days,daily,OBM v0.1.0
2023-08-09,obm_cdd_per_supply_days_daily,0.290196279614,days,daily,OBM v0.1.0
2023-08-10,obm_cdd_per_supply_days_daily,0.324411285931,days,daily,OBM v0.1.0
2023-08-11,obm_cdd_per_supply_days_daily,0.192400306122,days,daily,OBM v0.1.0
2023-08-12,obm_cdd_per_supply_days_daily,0.261144168125,days,daily,OBM v0.1.0
2023-08-13,obm_cdd_per_supply_days_daily,0.195129927568,days,daily,OBM v0.1.0
2023-08-14,obm_cdd_per_supply_days_daily,0.598720597571,days,daily,OBM v0.1.0
2023-08-15,obm_cdd_per_supply_days_daily,0.348700585725,days,daily,OBM v0.1.0
2023-08-16,obm_cdd_per_supply_days_daily,0.383633174268,days,daily,OBM v0.1.0
2023-08-17,obm_cdd_per_supply_days_daily,0.526972831741,days,daily,OBM v0.1.0
2023-08-18,obm_cdd_per_supply_days_daily,0.591910884710,days,daily,OBM v0.1.0
2023-08-19,obm_cdd_per_supply_days_daily,0.111958296011,days,daily,OBM v0.1.0
2023-08-20,obm_cdd_per_supply_days_daily,0.143746275492,days,daily,OBM v0.1.0
2023-08-21,obm_cdd_per_supply_days_daily,0.339730799863,days,daily,OBM v0.1.0
2023-08-22,obm_cdd_per_supply_days_daily,0.384053738162,days,daily,OBM v0.1.0
2023-08-23,obm_cdd_per_supply_days_daily,0.251494005966,days,daily,OBM v0.1.0
2023-08-24,obm_cdd_per_supply_days_daily,0.244972823643,days,daily,OBM v0.1.0
2023-08-25,obm_cdd_per_supply_days_daily,0.248855170775,days,daily,OBM v0.1.0
2023-08-26,obm_cdd_per_supply_days_daily,0.107944751035,days,daily,OBM v0.1.0
2023-08-27,obm_cdd_per_supply_days_daily,0.339732873530,days,daily,OBM v0.1.0
2023-08-28,obm_cdd_per_supply_days_daily,0.315552480404,days,daily,OBM v0.1.0
2023-08-29,obm_cdd_per_supply_days_daily,0.718841203383,days,daily,OBM v0.1.0
2023-08-30,obm_cdd_per_supply_days_daily,0.284115982531,days,daily,OBM v0.1.0
2023-08-31,obm_cdd_per_supply_days_daily,0.330860377785,days,daily,OBM v0.1.0
2023-09-01,obm_cdd_per_supply_days_daily,0.325226410822,days,daily,OBM v0.1.0
2023-09-02,obm_cdd_per_supply_days_daily,0.103942593651,days,daily,OBM v0.1.0
2023-09-03,obm_cdd_per_supply_days_daily,0.183404848471,days,daily,OBM v0.1.0
2023-09-04,obm_cdd_per_supply_days_daily,0.263400189512,days,daily,OBM v0.1.0
2023-09-05,obm_cdd_per_supply_days_daily,0.315696784616,days,daily,OBM v0.1.0
2023-09-06,obm_cdd_per_supply_days_daily,0.346289902245,days,daily,OBM v0.1.0
2023-09-07,obm_cdd_per_supply_days_daily,0.210317466799,days,daily,OBM v0.1.0
2023-09-08,obm_cdd_per_supply_days_daily,0.207017553740,days,daily,OBM v0.1.0
2023-09-09,obm_cdd_per_supply_days_daily,0.143419658412,days,daily,OBM v0.1.0
2023-09-10,obm_cdd_per_supply_days_daily,0.105342112684,days,daily,OBM v0.1.0
2023-09-11,obm_cdd_per_supply_days_daily,0.279038563817,days,daily,OBM v0.1.0
2023-09-12,obm_cdd_per_supply_days_daily,0.281099424581,days,daily,OBM v0.1.0
2023-09-13,obm_cdd_per_supply_days_daily,0.178487659329,days,daily,OBM v0.1.0
2023-09-14,obm_cdd_per_supply_days_daily,0.370503665554,days,daily,OBM v0.1.0
2023-09-15,obm_cdd_per_supply_days_daily,0.300210724192,days,daily,OBM v0.1.0
2023-09-16,obm_cdd_per_supply_days_daily,0.134569807769,days,daily,OBM v0.1.0
2023-09-17,obm_cdd_per_supply_days_daily,0.113085454425,days,daily,OBM v0.1.0
2023-09-18,obm_cdd_per_supply_days_daily,0.644245088802,days,daily,OBM v0.1.0
2023-09-19,obm_cdd_per_supply_days_daily,1.495179264402,days,daily,OBM v0.1.0
2023-09-20,obm_cdd_per_supply_days_daily,0.385530457720,days,daily,OBM v0.1.0
2023-09-21,obm_cdd_per_supply_days_daily,0.169950111214,days,daily,OBM v0.1.0
2023-09-22,obm_cdd_per_supply_days_daily,0.136451872280,days,daily,OBM v0.1.0
2023-09-23,obm_cdd_per_supply_days_daily,0.132158838914,days,daily,OBM v0.1.0
2023-09-24,obm_cdd_per_supply_days_daily,0.157506701630,days,daily,OBM v0.1.0
2023-09-25,obm_cdd_per_supply_days_daily,0.285304162190,days,daily,OBM v0.1.0
2023-09-26,obm_cdd_per_supply_days_daily,0.277826973367,days,daily,OBM v0.1.0
2023-09-27,obm_cdd_per_supply_days_daily,0.218878397428,days,daily,OBM v0.1.0
2023-09-28,obm_cdd_per_supply_days_daily,0.350414396323,days,daily,OBM v0.1.0
2023-09-29,obm_cdd_per_supply_days_daily,0.441656438161,days,daily,OBM v0.1.0
2023-09-30,obm_cdd_per_supply_days_daily,0.179256172435,days,daily,OBM v0.1.0
2023-10-01,obm_cdd_per_supply_days_daily,0.187204240496,days,daily,OBM v0.1.0
2023-10-02,obm_cdd_per_supply_days_daily,0.909183573337,days,daily,OBM v0.1.0
2023-10-03,obm_cdd_per_supply_days_daily,0.402039601589,days,daily,OBM v0.1.0
2023-10-04,obm_cdd_per_supply_days_daily,0.585374415809,days,daily,OBM v0.1.0
2023-10-05,obm_cdd_per_supply_days_daily,0.392596175492,days,daily,OBM v0.1.0
2023-10-06,obm_cdd_per_supply_days_daily,0.479368184876,days,daily,OBM v0.1.0
2023-10-07,obm_cdd_per_supply_days_daily,0.521435899024,days,daily,OBM v0.1.0
2023-10-08,obm_cdd_per_supply_days_daily,0.145700610413,days,daily,OBM v0.1.0
2023-10-09,obm_cdd_per_supply_days_daily,0.775882575603,days,daily,OBM v0.1.0
2023-10-10,obm_cdd_per_supply_days_daily,0.356349851633,days,daily,OBM v0.1.0
2023-10-11,obm_cdd_per_supply_days_daily,0.691403699000,days,daily,OBM v0.1.0
2023-10-12,obm_cdd_per_supply_days_daily,0.328439564953,days,daily,OBM v0.1.0
2023-10-13,obm_cdd_per_supply_days_daily,0.259247884628,days,daily,OBM v0.1.0
2023-10-14,obm_cdd_per_supply_days_daily,1.194660873094,days,daily,OBM v0.1.0
2023-10-15,obm_cdd_per_supply_days_daily,0.126542802521,days,daily,OBM v0.1.0
2023-10-16,obm_cdd_per_supply_days_daily,0.319787188131,days,daily,OBM v0.1.0
2023-10-17,obm_cdd_per_supply_days_daily,0.407679346126,days,daily,OBM v0.1.0
2023-10-18,obm_cdd_per_supply_days_daily,0.405131485633,days,daily,OBM v0.1.0
2023-10-19,obm_cdd_per_supply_days_daily,0.945269069108,days,daily,OBM v0.1.0
2023-10-20,obm_cdd_per_supply_days_daily,0.496691698611,days,daily,OBM v0.1.0
2023-10-21,obm_cdd_per_supply_days_daily,0.198268046607,days,daily,OBM v0.1.0
2023-10-22,obm_cdd_per_supply_days_daily,0.216845591325,days,daily,OBM v0.1.0
2023-10-23,obm_cdd_per_supply_days_daily,0.719483274160,days,daily,OBM v0.1.0
2023-10-24,obm_cdd_per_supply_days_daily,1.084872765675,days,daily,OBM v0.1.0
2023-10-25,obm_cdd_per_supply_days_daily,0.510329478036,days,daily,OBM v0.1.0
2023-10-26,obm_cdd_per_supply_days_daily,0.764567891678,days,daily,OBM v0.1.0
2023-10-27,obm_cdd_per_supply_days_daily,0.493340702694,days,daily,OBM v0.1.0
2023-10-28,obm_cdd_per_supply_days_daily,0.449108855167,days,daily,OBM v0.1.0
2023-10-29,obm_cdd_per_supply_days_daily,0.308943190373,days,daily,OBM v0.1.0
2023-10-30,obm_cdd_per_supply_days_daily,0.377643431751,days,daily,OBM v0.1.0
2023-10-31,obm_cdd_per_supply_days_daily,0.543467788864,days,daily,OBM v0.1.0
2023-11-01,obm_cdd_per_supply_days_daily,1.517134470261,days,daily,OBM v0.1.0
2023-11-02,obm_cdd_per_supply_days_daily,0.358541818264,days,daily,OBM v0.1.0
2023-11-03,obm_cdd_per_supply_days_daily,0.397890280038,days,daily,OBM v0.1.0
2023-11-04,obm_cdd_per_supply_days_daily,0.220585732678,days,daily,OBM v0.1.0
2023-11-05,obm_cdd_per_supply_days_daily,0.217914196667,days,daily,OBM v0.1.0
2023-11-06,obm_cdd_per_supply_days_daily,0.250792316390,days,daily,OBM v0.1.0
2023-11-07,obm_cdd_per_supply_days_daily,0.370250936265,days,daily,OBM v0.1.0
2023-11-08,obm_cdd_per_supply_days_daily,0.312807024518,days,daily,OBM v0.1.0
2023-11-09,obm_cdd_per_supply_days_daily,1.125213501953,days,daily,OBM v0.1.0
2023-11-10,obm_cdd_per_supply_days_daily,0.469486143736,days,daily,OBM v0.1.0
2023-11-11,obm_cdd_per_supply_days_daily,0.204760100320,days,daily,OBM v0.1.0
2023-11-12,obm_cdd_per_supply_days_daily,0.213061001437,days,daily,OBM v0.1.0
2023-11-13,obm_cdd_per_supply_days_daily,0.352631923695,days,daily,OBM v0.1.0
2023-11-14,obm_cdd_per_supply_days_daily,0.333089081810,days,daily,OBM v0.1.0
2023-11-15,obm_cdd_per_supply_days_daily,0.806196603084,days,daily,OBM v0.1.0
2023-11-16,obm_cdd_per_supply_days_daily,0.458992519553,days,daily,OBM v0.1.0
2023-11-17,obm_cdd_per_supply_days_daily,0.338666329170,days,daily,OBM v0.1.0
2023-11-18,obm_cdd_per_supply_days_daily,0.214725255839,days,daily,OBM v0.1.0
2023-11-19,obm_cdd_per_supply_days_daily,0.381726228005,days,daily,OBM v0.1.0
2023-11-20,obm_cdd_per_supply_days_daily,0.463836742330,days,daily,OBM v0.1.0
2023-11-21,obm_cdd_per_supply_days_daily,0.678932071417,days,daily,OBM v0.1.0
2023-11-22,obm_cdd_per_supply_days_daily,0.821038595909,days,daily,OBM v0.1.0
2023-11-23,obm_cdd_per_supply_days_daily,0.217964915028,days,daily,OBM v0.1.0
2023-11-24,obm_cdd_per_supply_days_daily,0.273177123570,days,daily,OBM v0.1.0
2023-11-25,obm_cdd_per_supply_days_daily,0.155980726435,days,daily,OBM v0.1.0
2023-11-26,obm_cdd_per_supply_days_daily,0.310061756675,days,daily,OBM v0.1.0
2023-11-27,obm_cdd_per_supply_days_daily,0.229481573536,days,daily,OBM v0.1.0
2023-11-28,obm_cdd_per_supply_days_daily,0.353500479745,days,daily,OBM v0.1.0
2023-11-29,obm_cdd_per_supply_days_daily,0.343384662669,days,daily,OBM v0.1.0
2023-11-30,obm_cdd_per_supply_days_daily,1.665949032936,days,daily,OBM v0.1.0
2023-12-01,obm_cdd_per_supply_days_daily,0.430635574998,days,daily,OBM v0.1.0
2023-12-02,obm_cdd_per_supply_days_daily,0.241575340381,days,daily,OBM v0.1.0
2023-12-03,obm_cdd_per_supply_days_daily,0.228552489946,days,daily,OBM v0.1.0
2023-12-04,obm_cdd_per_supply_days_daily,0.987786540991,days,daily,OBM v0.1.0
2023-12-05,obm_cdd_per_supply_days_daily,0.686851128242,days,daily,OBM v0.1.0
2023-12-06,obm_cdd_per_supply_days_daily,1.090772728396,days,daily,OBM v0.1.0
2023-12-07,obm_cdd_per_supply_days_daily,0.560829380745,days,daily,OBM v0.1.0
2023-12-08,obm_cdd_per_supply_days_daily,0.526267677395,days,daily,OBM v0.1.0
2023-12-09,obm_cdd_per_supply_days_daily,0.302841381011,days,daily,OBM v0.1.0
2023-12-10,obm_cdd_per_supply_days_daily,0.240417159764,days,daily,OBM v0.1.0
2023-12-11,obm_cdd_per_supply_days_daily,0.603909425573,days,daily,OBM v0.1.0
2023-12-12,obm_cdd_per_supply_days_daily,0.989486677252,days,daily,OBM v0.1.0
2023-12-13,obm_cdd_per_supply_days_daily,0.314808076545,days,daily,OBM v0.1.0
2023-12-14,obm_cdd_per_supply_days_daily,0.248402027175,days,daily,OBM v0.1.0
2023-12-15,obm_cdd_per_supply_days_daily,0.758855455706,days,daily,OBM v0.1.0
2023-12-16,obm_cdd_per_supply_days_daily,0.425191157038,days,daily,OBM v0.1.0
2023-12-17,obm_cdd_per_supply_days_daily,0.142106068845,days,daily,OBM v0.1.0
2023-12-18,obm_cdd_per_supply_days_daily,0.878282235970,days,daily,OBM v0.1.0
2023-12-19,obm_cdd_per_supply_days_daily,0.517674041773,days,daily,OBM v0.1.0
2023-12-20,obm_cdd_per_supply_days_daily,0.593322744539,days,daily,OBM v0.1.0
2023-12-21,obm_cdd_per_supply_days_daily,0.406995648510,days,daily,OBM v0.1.0
2023-12-22,obm_cdd_per_supply_days_daily,0.842648872730,days,daily,OBM v0.1.0
2023-12-23,obm_cdd_per_supply_days_daily,0.336001359964,days,daily,OBM v0.1.0
2023-12-24,obm_cdd_per_supply_days_daily,1.028703724117,days,daily,OBM v0.1.0
2023-12-25,obm_cdd_per_supply_days_daily,0.238166247063,days,daily,OBM v0.1.0
2023-12-26,obm_cdd_per_supply_days_daily,0.404281565578,days,daily,OBM v0.1.0
2023-12-27,obm_cdd_per_supply_days_daily,2.861518227089,days,daily,OBM v0.1.0
2023-12-28,obm_cdd_per_supply_days_daily,0.466573197386,days,daily,OBM v0.1.0
2023-12-29,obm_cdd_per_supply_days_daily,1.592896954459,days,daily,OBM v0.1.0
2023-12-30,obm_cdd_per_supply_days_daily,0.471785980482,days,daily,OBM v0.1.0
2023-12-31,obm_cdd_per_supply_days_daily,0.297390919465,days,daily,OBM v0.1.0
2024-01-01,obm_cdd_per_supply_days_daily,0.194874169605,days,daily,OBM v0.1.0
2024-01-02,obm_cdd_per_supply_days_daily,0.605011992411,days,daily,OBM v0.1.0
2024-01-03,obm_cdd_per_supply_days_daily,0.549917620333,days,daily,OBM v0.1.0
2024-01-04,obm_cdd_per_supply_days_daily,3.462622774506,days,daily,OBM v0.1.0
2024-01-05,obm_cdd_per_supply_days_daily,0.450066699281,days,daily,OBM v0.1.0
2024-01-06,obm_cdd_per_supply_days_daily,0.193772022402,days,daily,OBM v0.1.0
2024-01-07,obm_cdd_per_supply_days_daily,0.237060816475,days,daily,OBM v0.1.0
2024-01-08,obm_cdd_per_supply_days_daily,0.434842789972,days,daily,OBM v0.1.0
2024-01-09,obm_cdd_per_supply_days_daily,0.669561729398,days,daily,OBM v0.1.0
2024-01-10,obm_cdd_per_supply_days_daily,0.553938718401,days,daily,OBM v0.1.0
2024-01-11,obm_cdd_per_supply_days_daily,0.579695701793,days,daily,OBM v0.1.0
2024-01-12,obm_cdd_per_supply_days_daily,0.633735669067,days,daily,OBM v0.1.0
2024-01-13,obm_cdd_per_supply_days_daily,0.208520281563,days,daily,OBM v0.1.0
2024-01-14,obm_cdd_per_supply_days_daily,0.310030923782,days,daily,OBM v0.1.0
2024-01-15,obm_cdd_per_supply_days_daily,0.331492309776,days,daily,OBM v0.1.0
2024-01-16,obm_cdd_per_supply_days_daily,5.341139094107,days,daily,OBM v0.1.0
2024-01-17,obm_cdd_per_supply_days_daily,1.288740525503,days,daily,OBM v0.1.0
2024-01-18,obm_cdd_per_supply_days_daily,1.121369056655,days,daily,OBM v0.1.0
2024-01-19,obm_cdd_per_supply_days_daily,0.848217643530,days,daily,OBM v0.1.0
2024-01-20,obm_cdd_per_supply_days_daily,0.162123518791,days,daily,OBM v0.1.0
2024-01-21,obm_cdd_per_supply_days_daily,0.131192487966,days,daily,OBM v0.1.0
2024-01-22,obm_cdd_per_supply_days_daily,1.333390400070,days,daily,OBM v0.1.0
2024-01-23,obm_cdd_per_supply_days_daily,1.142722565318,days,daily,OBM v0.1.0
2024-01-24,obm_cdd_per_supply_days_daily,2.945289994004,days,daily,OBM v0.1.0
2024-01-25,obm_cdd_per_supply_days_daily,1.335284146433,days,daily,OBM v0.1.0
2024-01-26,obm_cdd_per_supply_days_daily,0.847778863718,days,daily,OBM v0.1.0
2024-01-27,obm_cdd_per_supply_days_daily,0.252052372201,days,daily,OBM v0.1.0
2024-01-28,obm_cdd_per_supply_days_daily,0.153004567067,days,daily,OBM v0.1.0
2024-01-29,obm_cdd_per_supply_days_daily,0.701362193635,days,daily,OBM v0.1.0
2024-01-30,obm_cdd_per_supply_days_daily,1.109350756642,days,daily,OBM v0.1.0
2024-01-31,obm_cdd_per_supply_days_daily,1.014576610240,days,daily,OBM v0.1.0
2024-02-01,obm_cdd_per_supply_days_daily,0.527437336099,days,daily,OBM v0.1.0
2024-02-02,obm_cdd_per_supply_days_daily,0.675010182268,days,daily,OBM v0.1.0
2024-02-03,obm_cdd_per_supply_days_daily,0.107496019636,days,daily,OBM v0.1.0
2024-02-04,obm_cdd_per_supply_days_daily,0.348391990117,days,daily,OBM v0.1.0
2024-02-05,obm_cdd_per_supply_days_daily,0.589258176089,days,daily,OBM v0.1.0
2024-02-06,obm_cdd_per_supply_days_daily,1.369526891521,days,daily,OBM v0.1.0
2024-02-07,obm_cdd_per_supply_days_daily,0.493875551945,days,daily,OBM v0.1.0
2024-02-08,obm_cdd_per_supply_days_daily,0.429020270534,days,daily,OBM v0.1.0
2024-02-09,obm_cdd_per_supply_days_daily,0.501031173272,days,daily,OBM v0.1.0
2024-02-10,obm_cdd_per_supply_days_daily,0.299570099463,days,daily,OBM v0.1.0
2024-02-11,obm_cdd_per_supply_days_daily,0.319483363244,days,daily,OBM v0.1.0
2024-02-12,obm_cdd_per_supply_days_daily,0.708924099364,days,daily,OBM v0.1.0
2024-02-13,obm_cdd_per_supply_days_daily,0.548213066731,days,daily,OBM v0.1.0
2024-02-14,obm_cdd_per_supply_days_daily,1.213061240070,days,daily,OBM v0.1.0
2024-02-15,obm_cdd_per_supply_days_daily,0.742530037979,days,daily,OBM v0.1.0
2024-02-16,obm_cdd_per_supply_days_daily,0.737833177239,days,daily,OBM v0.1.0
2024-02-17,obm_cdd_per_supply_days_daily,0.284806986794,days,daily,OBM v0.1.0
2024-02-18,obm_cdd_per_supply_days_daily,0.258051559497,days,daily,OBM v0.1.0
2024-02-19,obm_cdd_per_supply_days_daily,2.086265603395,days,daily,OBM v0.1.0
2024-02-20,obm_cdd_per_supply_days_daily,0.469778421863,days,daily,OBM v0.1.0
2024-02-21,obm_cdd_per_supply_days_daily,0.672422974719,days,daily,OBM v0.1.0
2024-02-22,obm_cdd_per_supply_days_daily,1.024008990878,days,daily,OBM v0.1.0
2024-02-23,obm_cdd_per_supply_days_daily,0.769307516829,days,daily,OBM v0.1.0
2024-02-24,obm_cdd_per_supply_days_daily,0.233019877855,days,daily,OBM v0.1.0
2024-02-25,obm_cdd_per_supply_days_daily,0.247423392404,days,daily,OBM v0.1.0
2024-02-26,obm_cdd_per_supply_days_daily,0.575719513709,days,daily,OBM v0.1.0
2024-02-27,obm_cdd_per_supply_days_daily,0.954958932606,days,daily,OBM v0.1.0
2024-02-28,obm_cdd_per_supply_days_daily,2.466388287457,days,daily,OBM v0.1.0
2024-02-29,obm_cdd_per_supply_days_daily,1.574919878782,days,daily,OBM v0.1.0
2024-03-01,obm_cdd_per_supply_days_daily,3.428491463953,days,daily,OBM v0.1.0
2024-03-02,obm_cdd_per_supply_days_daily,0.321387419608,days,daily,OBM v0.1.0
2024-03-03,obm_cdd_per_supply_days_daily,0.380991809365,days,daily,OBM v0.1.0
2024-03-04,obm_cdd_per_supply_days_daily,1.427132409327,days,daily,OBM v0.1.0
2024-03-05,obm_cdd_per_supply_days_daily,2.317818573470,days,daily,OBM v0.1.0
2024-03-06,obm_cdd_per_supply_days_daily,3.532023137716,days,daily,OBM v0.1.0
2024-03-07,obm_cdd_per_supply_days_daily,1.708675611302,days,daily,OBM v0.1.0
2024-03-08,obm_cdd_per_supply_days_daily,1.519534855566,days,daily,OBM v0.1.0
2024-03-09,obm_cdd_per_supply_days_daily,0.530840621659,days,daily,OBM v0.1.0
2024-03-10,obm_cdd_per_supply_days_daily,1.039477176615,days,daily,OBM v0.1.0
2024-03-11,obm_cdd_per_supply_days_daily,1.420314632868,days,daily,OBM v0.1.0
2024-03-12,obm_cdd_per_supply_days_daily,1.067641177311,days,daily,OBM v0.1.0
2024-03-13,obm_cdd_per_supply_days_daily,1.671786616333,days,daily,OBM v0.1.0
2024-03-14,obm_cdd_per_supply_days_daily,1.904653823484,days,daily,OBM v0.1.0
2024-03-15,obm_cdd_per_supply_days_daily,0.856802624157,days,daily,OBM v0.1.0
2024-03-16,obm_cdd_per_supply_days_daily,0.371478986708,days,daily,OBM v0.1.0
2024-03-17,obm_cdd_per_supply_days_daily,1.879681202105,days,daily,OBM v0.1.0
2024-03-18,obm_cdd_per_supply_days_daily,0.846331654221,days,daily,OBM v0.1.0
2024-03-19,obm_cdd_per_supply_days_daily,0.670905150557,days,daily,OBM v0.1.0
2024-03-20,obm_cdd_per_supply_days_daily,0.736889487699,days,daily,OBM v0.1.0
2024-03-21,obm_cdd_per_supply_days_daily,1.295642192703,days,daily,OBM v0.1.0
2024-03-22,obm_cdd_per_supply_days_daily,1.899882864582,days,daily,OBM v0.1.0
2024-03-23,obm_cdd_per_supply_days_daily,8.287949567037,days,daily,OBM v0.1.0
2024-03-24,obm_cdd_per_supply_days_daily,0.612774555256,days,daily,OBM v0.1.0
2024-03-25,obm_cdd_per_supply_days_daily,3.562009355246,days,daily,OBM v0.1.0
2024-03-26,obm_cdd_per_supply_days_daily,1.313233875265,days,daily,OBM v0.1.0
2024-03-27,obm_cdd_per_supply_days_daily,0.606912244692,days,daily,OBM v0.1.0
2024-03-28,obm_cdd_per_supply_days_daily,2.088102503062,days,daily,OBM v0.1.0
2024-03-29,obm_cdd_per_supply_days_daily,0.452753165270,days,daily,OBM v0.1.0
2024-03-30,obm_cdd_per_supply_days_daily,0.294003777949,days,daily,OBM v0.1.0
2024-03-31,obm_cdd_per_supply_days_daily,0.412222540252,days,daily,OBM v0.1.0
2024-04-01,obm_cdd_per_supply_days_daily,3.689448468150,days,daily,OBM v0.1.0
2024-04-02,obm_cdd_per_supply_days_daily,1.375933363479,days,daily,OBM v0.1.0
2024-04-03,obm_cdd_per_supply_days_daily,0.509416816312,days,daily,OBM v0.1.0
2024-04-04,obm_cdd_per_supply_days_daily,0.487530856351,days,daily,OBM v0.1.0
2024-04-05,obm_cdd_per_supply_days_daily,0.309804107107,days,daily,OBM v0.1.0
2024-04-06,obm_cdd_per_supply_days_daily,0.370744946538,days,daily,OBM v0.1.0
2024-04-07,obm_cdd_per_supply_days_daily,0.269560956337,days,daily,OBM v0.1.0
2024-04-08,obm_cdd_per_supply_days_daily,0.486925612096,days,daily,OBM v0.1.0
2024-04-09,obm_cdd_per_supply_days_daily,0.603373049289,days,daily,OBM v0.1.0
2024-04-10,obm_cdd_per_supply_days_daily,0.397178787145,days,daily,OBM v0.1.0
2024-04-11,obm_cdd_per_supply_days_daily,0.332452904416,days,daily,OBM v0.1.0
2024-04-12,obm_cdd_per_supply_days_daily,0.472174730327,days,daily,OBM v0.1.0
2024-04-13,obm_cdd_per_supply_days_daily,0.261562111711,days,daily,OBM v0.1.0
2024-04-14,obm_cdd_per_supply_days_daily,0.336872000337,days,daily,OBM v0.1.0
2024-04-15,obm_cdd_per_supply_days_daily,0.501561655351,days,daily,OBM v0.1.0
2024-04-16,obm_cdd_per_supply_days_daily,1.247585512331,days,daily,OBM v0.1.0
2024-04-17,obm_cdd_per_supply_days_daily,0.453537501771,days,daily,OBM v0.1.0
2024-04-18,obm_cdd_per_supply_days_daily,1.067274309595,days,daily,OBM v0.1.0
2024-04-19,obm_cdd_per_supply_days_daily,0.595758370988,days,daily,OBM v0.1.0
2024-04-20,obm_cdd_per_supply_days_daily,0.131754831797,days,daily,OBM v0.1.0
2024-04-21,obm_cdd_per_supply_days_daily,0.177834726861,days,daily,OBM v0.1.0
2024-04-22,obm_cdd_per_supply_days_daily,0.289501552939,days,daily,OBM v0.1.0
2024-04-23,obm_cdd_per_supply_days_daily,0.411577040116,days,daily,OBM v0.1.0
2024-04-24,obm_cdd_per_supply_days_daily,1.138225705639,days,daily,OBM v0.1.0
2024-04-25,obm_cdd_per_supply_days_daily,0.350061427438,days,daily,OBM v0.1.0
2024-04-26,obm_cdd_per_supply_days_daily,0.371069869296,days,daily,OBM v0.1.0
2024-04-27,obm_cdd_per_supply_days_daily,0.457402127528,days,daily,OBM v0.1.0
2024-04-28,obm_cdd_per_supply_days_daily,0.358980512394,days,daily,OBM v0.1.0
2024-04-29,obm_cdd_per_supply_days_daily,0.456593898935,days,daily,OBM v0.1.0
2024-04-30,obm_cdd_per_supply_days_daily,0.766208105954,days,daily,OBM v0.1.0
2024-05-01,obm_cdd_per_supply_days_daily,0.494787575143,days,daily,OBM v0.1.0
2024-05-02,obm_cdd_per_supply_days_daily,0.404679987257,days,daily,OBM v0.1.0
2024-05-03,obm_cdd_per_supply_days_daily,0.467541373654,days,daily,OBM v0.1.0
2024-05-04,obm_cdd_per_supply_days_daily,0.154490712936,days,daily,OBM v0.1.0
2024-05-05,obm_cdd_per_supply_days_daily,0.128577429848,days,daily,OBM v0.1.0
2024-05-06,obm_cdd_per_supply_days_daily,0.499742623631,days,daily,OBM v0.1.0
2024-05-07,obm_cdd_per_supply_days_daily,0.248262338202,days,daily,OBM v0.1.0
2024-05-08,obm_cdd_per_supply_days_daily,0.368760083607,days,daily,OBM v0.1.0
2024-05-09,obm_cdd_per_supply_days_daily,0.265481038115,days,daily,OBM v0.1.0
2024-05-10,obm_cdd_per_supply_days_daily,0.238482643910,days,daily,OBM v0.1.0
2024-05-11,obm_cdd_per_supply_days_daily,0.233432069118,days,daily,OBM v0.1.0
2024-05-12,obm_cdd_per_supply_days_daily,0.434615489093,days,daily,OBM v0.1.0
2024-05-13,obm_cdd_per_supply_days_daily,0.356908351120,days,daily,OBM v0.1.0
2024-05-14,obm_cdd_per_supply_days_daily,0.496536408527,days,daily,OBM v0.1.0
2024-05-15,obm_cdd_per_supply_days_daily,2.095753147679,days,daily,OBM v0.1.0
2024-05-16,obm_cdd_per_supply_days_daily,0.381874634369,days,daily,OBM v0.1.0
2024-05-17,obm_cdd_per_supply_days_daily,0.404505953377,days,daily,OBM v0.1.0
2024-05-18,obm_cdd_per_supply_days_daily,0.168616184172,days,daily,OBM v0.1.0
2024-05-19,obm_cdd_per_supply_days_daily,0.245302780303,days,daily,OBM v0.1.0
2024-05-20,obm_cdd_per_supply_days_daily,0.478723063136,days,daily,OBM v0.1.0
2024-05-21,obm_cdd_per_supply_days_daily,0.553389573090,days,daily,OBM v0.1.0
2024-05-22,obm_cdd_per_supply_days_daily,0.886033059629,days,daily,OBM v0.1.0
2024-05-23,obm_cdd_per_supply_days_daily,0.621167097129,days,daily,OBM v0.1.0
2024-05-24,obm_cdd_per_supply_days_daily,0.449084969587,days,daily,OBM v0.1.0
2024-05-25,obm_cdd_per_supply_days_daily,0.129405717095,days,daily,OBM v0.1.0
2024-05-26,obm_cdd_per_supply_days_daily,0.343113540082,days,daily,OBM v0.1.0
2024-05-27,obm_cdd_per_supply_days_daily,0.539068207643,days,daily,OBM v0.1.0
2024-05-28,obm_cdd_per_supply_days_daily,26.301550900997,days,daily,OBM v0.1.0
2024-05-29,obm_cdd_per_supply_days_daily,0.331913989892,days,daily,OBM v0.1.0
2024-05-30,obm_cdd_per_supply_days_daily,0.447477572314,days,daily,OBM v0.1.0
2024-05-31,obm_cdd_per_supply_days_daily,0.319086197772,days,daily,OBM v0.1.0
2024-06-01,obm_cdd_per_supply_days_daily,0.206886909885,days,daily,OBM v0.1.0
2024-06-02,obm_cdd_per_supply_days_daily,0.239023313592,days,daily,OBM v0.1.0
2024-06-03,obm_cdd_per_supply_days_daily,0.833407865503,days,daily,OBM v0.1.0
2024-06-04,obm_cdd_per_supply_days_daily,0.472896794515,days,daily,OBM v0.1.0
2024-06-05,obm_cdd_per_supply_days_daily,0.534499085445,days,daily,OBM v0.1.0
2024-06-06,obm_cdd_per_supply_days_daily,0.967328809818,days,daily,OBM v0.1.0
2024-06-07,obm_cdd_per_supply_days_daily,0.386404622199,days,daily,OBM v0.1.0
2024-06-08,obm_cdd_per_supply_days_daily,0.286939500950,days,daily,OBM v0.1.0
2024-06-09,obm_cdd_per_supply_days_daily,0.227539902077,days,daily,OBM v0.1.0
2024-06-10,obm_cdd_per_supply_days_daily,0.320702985621,days,daily,OBM v0.1.0
2024-06-11,obm_cdd_per_supply_days_daily,2.340617245054,days,daily,OBM v0.1.0
2024-06-12,obm_cdd_per_supply_days_daily,0.539705860601,days,daily,OBM v0.1.0
2024-06-13,obm_cdd_per_supply_days_daily,0.223449705048,days,daily,OBM v0.1.0
2024-06-14,obm_cdd_per_supply_days_daily,0.343636896764,days,daily,OBM v0.1.0
2024-06-15,obm_cdd_per_supply_days_daily,0.501594050396,days,daily,OBM v0.1.0
2024-06-16,obm_cdd_per_supply_days_daily,0.125267742943,days,daily,OBM v0.1.0
2024-06-17,obm_cdd_per_supply_days_daily,0.521469212206,days,daily,OBM v0.1.0
2024-06-18,obm_cdd_per_supply_days_daily,0.309481176319,days,daily,OBM v0.1.0
2024-06-19,obm_cdd_per_supply_days_daily,0.261236178830,days,daily,OBM v0.1.0
2024-06-20,obm_cdd_per_supply_days_daily,0.278512916485,days,daily,OBM v0.1.0
2024-06-21,obm_cdd_per_supply_days_daily,0.566148519157,days,daily,OBM v0.1.0
2024-06-22,obm_cdd_per_supply_days_daily,2.957511881887,days,daily,OBM v0.1.0
2024-06-23,obm_cdd_per_supply_days_daily,0.178938703573,days,daily,OBM v0.1.0
2024-06-24,obm_cdd_per_supply_days_daily,0.954691536593,days,daily,OBM v0.1.0
2024-06-25,obm_cdd_per_supply_days_daily,0.361533356965,days,daily,OBM v0.1.0
2024-06-26,obm_cdd_per_supply_days_daily,0.523749485848,days,daily,OBM v0.1.0
2024-06-27,obm_cdd_per_supply_days_daily,2.307551884580,days,daily,OBM v0.1.0
2024-06-28,obm_cdd_per_supply_days_daily,0.496785480622,days,daily,OBM v0.1.0
2024-06-29,obm_cdd_per_supply_days_daily,0.126640885367,days,daily,OBM v0.1.0
2024-06-30,obm_cdd_per_supply_days_daily,0.191170026725,days,daily,OBM v0.1.0
2024-07-01,obm_cdd_per_supply_days_daily,0.436976573750,days,daily,OBM v0.1.0
2024-07-02,obm_cdd_per_supply_days_daily,0.297358226284,days,daily,OBM v0.1.0
2024-07-03,obm_cdd_per_supply_days_daily,1.307663009928,days,daily,OBM v0.1.0
2024-07-04,obm_cdd_per_supply_days_daily,0.773105809524,days,daily,OBM v0.1.0
2024-07-05,obm_cdd_per_supply_days_daily,2.365380880384,days,daily,OBM v0.1.0
2024-07-06,obm_cdd_per_supply_days_daily,0.194641380213,days,daily,OBM v0.1.0
2024-07-07,obm_cdd_per_supply_days_daily,0.325355190391,days,daily,OBM v0.1.0
2024-07-08,obm_cdd_per_supply_days_daily,0.288058947183,days,daily,OBM v0.1.0
2024-07-09,obm_cdd_per_supply_days_daily,1.042367672871,days,daily,OBM v0.1.0
2024-07-10,obm_cdd_per_supply_days_daily,0.816879970979,days,daily,OBM v0.1.0
2024-07-11,obm_cdd_per_supply_days_daily,0.231089812813,days,daily,OBM v0.1.0
2024-07-12,obm_cdd_per_supply_days_daily,0.409582846721,days,daily,OBM v0.1.0
2024-07-13,obm_cdd_per_supply_days_daily,0.177829244370,days,daily,OBM v0.1.0
2024-07-14,obm_cdd_per_supply_days_daily,0.327607489429,days,daily,OBM v0.1.0
2024-07-15,obm_cdd_per_supply_days_daily,0.514791036781,days,daily,OBM v0.1.0
2024-07-16,obm_cdd_per_supply_days_daily,0.433496918832,days,daily,OBM v0.1.0
2024-07-17,obm_cdd_per_supply_days_daily,0.505237859359,days,daily,OBM v0.1.0
2024-07-18,obm_cdd_per_supply_days_daily,0.789132915964,days,daily,OBM v0.1.0
2024-07-19,obm_cdd_per_supply_days_daily,1.428286718950,days,daily,OBM v0.1.0
2024-07-20,obm_cdd_per_supply_days_daily,0.175915282088,days,daily,OBM v0.1.0
2024-07-21,obm_cdd_per_supply_days_daily,0.161100091959,days,daily,OBM v0.1.0
2024-07-22,obm_cdd_per_supply_days_daily,0.376096170854,days,daily,OBM v0.1.0
2024-07-23,obm_cdd_per_supply_days_daily,3.019647890977,days,daily,OBM v0.1.0
2024-07-24,obm_cdd_per_supply_days_daily,0.444630683804,days,daily,OBM v0.1.0
2024-07-25,obm_cdd_per_supply_days_daily,0.903925731466,days,daily,OBM v0.1.0
2024-07-26,obm_cdd_per_supply_days_daily,0.321694490459,days,daily,OBM v0.1.0
2024-07-27,obm_cdd_per_supply_days_daily,0.425371293972,days,daily,OBM v0.1.0
2024-07-28,obm_cdd_per_supply_days_daily,0.242887121908,days,daily,OBM v0.1.0
2024-07-29,obm_cdd_per_supply_days_daily,0.810315895130,days,daily,OBM v0.1.0
2024-07-30,obm_cdd_per_supply_days_daily,2.517926713128,days,daily,OBM v0.1.0
2024-07-31,obm_cdd_per_supply_days_daily,0.356662837068,days,daily,OBM v0.1.0
2024-08-01,obm_cdd_per_supply_days_daily,0.708234486170,days,daily,OBM v0.1.0
2024-08-02,obm_cdd_per_supply_days_daily,0.410709656044,days,daily,OBM v0.1.0
2024-08-03,obm_cdd_per_supply_days_daily,0.371063574929,days,daily,OBM v0.1.0
2024-08-04,obm_cdd_per_supply_days_daily,0.336948754893,days,daily,OBM v0.1.0
2024-08-05,obm_cdd_per_supply_days_daily,1.801280096758,days,daily,OBM v0.1.0
2024-08-06,obm_cdd_per_supply_days_daily,0.297082675085,days,daily,OBM v0.1.0
2024-08-07,obm_cdd_per_supply_days_daily,0.863543545082,days,daily,OBM v0.1.0
2024-08-08,obm_cdd_per_supply_days_daily,0.347189960636,days,daily,OBM v0.1.0
2024-08-09,obm_cdd_per_supply_days_daily,0.481997584774,days,daily,OBM v0.1.0
2024-08-10,obm_cdd_per_supply_days_daily,0.821089260740,days,daily,OBM v0.1.0
2024-08-11,obm_cdd_per_supply_days_daily,0.145945661202,days,daily,OBM v0.1.0
2024-08-12,obm_cdd_per_supply_days_daily,0.369888231093,days,daily,OBM v0.1.0
2024-08-13,obm_cdd_per_supply_days_daily,0.360898526279,days,daily,OBM v0.1.0
2024-08-14,obm_cdd_per_supply_days_daily,0.269150803726,days,daily,OBM v0.1.0
2024-08-15,obm_cdd_per_supply_days_daily,0.383780272785,days,daily,OBM v0.1.0
2024-08-16,obm_cdd_per_supply_days_daily,0.295321205497,days,daily,OBM v0.1.0
2024-08-17,obm_cdd_per_supply_days_daily,0.119606608885,days,daily,OBM v0.1.0
2024-08-18,obm_cdd_per_supply_days_daily,0.165485756828,days,daily,OBM v0.1.0
2024-08-19,obm_cdd_per_supply_days_daily,0.382474201827,days,daily,OBM v0.1.0
2024-08-20,obm_cdd_per_supply_days_daily,0.373938071062,days,daily,OBM v0.1.0
2024-08-21,obm_cdd_per_supply_days_daily,0.445773674127,days,daily,OBM v0.1.0
2024-08-22,obm_cdd_per_supply_days_daily,0.326637831186,days,daily,OBM v0.1.0
2024-08-23,obm_cdd_per_supply_days_daily,0.473834474852,days,daily,OBM v0.1.0
2024-08-24,obm_cdd_per_supply_days_daily,0.187951395674,days,daily,OBM v0.1.0
2024-08-25,obm_cdd_per_supply_days_daily,0.128502941800,days,daily,OBM v0.1.0
2024-08-26,obm_cdd_per_supply_days_daily,0.301649601723,days,daily,OBM v0.1.0
2024-08-27,obm_cdd_per_supply_days_daily,1.023368425700,days,daily,OBM v0.1.0
2024-08-28,obm_cdd_per_supply_days_daily,0.344732200846,days,daily,OBM v0.1.0
2024-08-29,obm_cdd_per_supply_days_daily,2.067283385544,days,daily,OBM v0.1.0
2024-08-30,obm_cdd_per_supply_days_daily,0.256090604078,days,daily,OBM v0.1.0
2024-08-31,obm_cdd_per_supply_days_daily,0.367108443125,days,daily,OBM v0.1.0
2024-09-01,obm_cdd_per_supply_days_daily,0.117710228546,days,daily,OBM v0.1.0
2024-09-02,obm_cdd_per_supply_days_daily,0.204204445324,days,daily,OBM v0.1.0
2024-09-03,obm_cdd_per_supply_days_daily,0.429316725583,days,daily,OBM v0.1.0
2024-09-04,obm_cdd_per_supply_days_daily,0.505927749743,days,daily,OBM v0.1.0
2024-09-05,obm_cdd_per_supply_days_daily,0.323525725019,days,daily,OBM v0.1.0
2024-09-06,obm_cdd_per_supply_days_daily,0.625774050965,days,daily,OBM v0.1.0
2024-09-07,obm_cdd_per_supply_days_daily,0.094729195197,days,daily,OBM v0.1.0
2024-09-08,obm_cdd_per_supply_days_daily,0.094888094041,days,daily,OBM v0.1.0
2024-09-09,obm_cdd_per_supply_days_daily,0.597053870799,days,daily,OBM v0.1.0
2024-09-10,obm_cdd_per_supply_days_daily,0.516382118160,days,daily,OBM v0.1.0
2024-09-11,obm_cdd_per_supply_days_daily,0.343796775079,days,daily,OBM v0.1.0
2024-09-12,obm_cdd_per_supply_days_daily,0.315464203641,days,daily,OBM v0.1.0
2024-09-13,obm_cdd_per_supply_days_daily,0.776611132097,days,daily,OBM v0.1.0
2024-09-14,obm_cdd_per_supply_days_daily,0.154054030764,days,daily,OBM v0.1.0
2024-09-15,obm_cdd_per_supply_days_daily,0.226694355720,days,daily,OBM v0.1.0
2024-09-16,obm_cdd_per_supply_days_daily,0.642570835763,days,daily,OBM v0.1.0
2024-09-17,obm_cdd_per_supply_days_daily,0.358488732204,days,daily,OBM v0.1.0
2024-09-18,obm_cdd_per_supply_days_daily,0.582079592355,days,daily,OBM v0.1.0
2024-09-19,obm_cdd_per_supply_days_daily,0.416161594697,days,daily,OBM v0.1.0
2024-09-20,obm_cdd_per_supply_days_daily,0.713110298413,days,daily,OBM v0.1.0
2024-09-21,obm_cdd_per_supply_days_daily,0.201420335757,days,daily,OBM v0.1.0
2024-09-22,obm_cdd_per_supply_days_daily,0.173030875543,days,daily,OBM v0.1.0
2024-09-23,obm_cdd_per_supply_days_daily,0.569500221390,days,daily,OBM v0.1.0
2024-09-24,obm_cdd_per_supply_days_daily,0.355259751755,days,daily,OBM v0.1.0
2024-09-25,obm_cdd_per_supply_days_daily,0.621555256277,days,daily,OBM v0.1.0
2024-09-26,obm_cdd_per_supply_days_daily,0.819727137766,days,daily,OBM v0.1.0
2024-09-27,obm_cdd_per_supply_days_daily,0.426598732185,days,daily,OBM v0.1.0
2024-09-28,obm_cdd_per_supply_days_daily,0.241351497663,days,daily,OBM v0.1.0
2024-09-29,obm_cdd_per_supply_days_daily,0.169319829301,days,daily,OBM v0.1.0
2024-09-30,obm_cdd_per_supply_days_daily,0.426988207415,days,daily,OBM v0.1.0
2024-10-01,obm_cdd_per_supply_days_daily,0.257119792471,days,daily,OBM v0.1.0
2024-10-02,obm_cdd_per_supply_days_daily,0.308285137139,days,daily,OBM v0.1.0
2024-10-03,obm_cdd_per_supply_days_daily,0.396414929645,days,daily,OBM v0.1.0
2024-10-04,obm_cdd_per_supply_days_daily,0.452964170240,days,daily,OBM v0.1.0
2024-10-05,obm_cdd_per_supply_days_daily,0.153209723761,days,daily,OBM v0.1.0
2024-10-06,obm_cdd_per_supply_days_daily,0.167121924008,days,daily,OBM v0.1.0
2024-10-07,obm_cdd_per_supply_days_daily,0.351474012545,days,daily,OBM v0.1.0
2024-10-08,obm_cdd_per_supply_days_daily,4.203178358991,days,daily,OBM v0.1.0
2024-10-09,obm_cdd_per_supply_days_daily,0.575545658796,days,daily,OBM v0.1.0
2024-10-10,obm_cdd_per_supply_days_daily,0.437656650985,days,daily,OBM v0.1.0
2024-10-11,obm_cdd_per_supply_days_daily,1.491613439327,days,daily,OBM v0.1.0
2024-10-12,obm_cdd_per_supply_days_daily,0.373920168312,days,daily,OBM v0.1.0
2024-10-13,obm_cdd_per_supply_days_daily,0.323023836635,days,daily,OBM v0.1.0
2024-10-14,obm_cdd_per_supply_days_daily,0.506858748039,days,daily,OBM v0.1.0
2024-10-15,obm_cdd_per_supply_days_daily,1.337536502216,days,daily,OBM v0.1.0
2024-10-16,obm_cdd_per_supply_days_daily,0.422873151591,days,daily,OBM v0.1.0
2024-10-17,obm_cdd_per_supply_days_daily,0.524599896451,days,daily,OBM v0.1.0
2024-10-18,obm_cdd_per_supply_days_daily,0.621322028256,days,daily,OBM v0.1.0
2024-10-19,obm_cdd_per_supply_days_daily,0.549982978448,days,daily,OBM v0.1.0
2024-10-20,obm_cdd_per_supply_days_daily,0.966782331453,days,daily,OBM v0.1.0
2024-10-21,obm_cdd_per_supply_days_daily,1.327753015734,days,daily,OBM v0.1.0
2024-10-22,obm_cdd_per_supply_days_daily,0.389179977275,days,daily,OBM v0.1.0
2024-10-23,obm_cdd_per_supply_days_daily,0.400789684016,days,daily,OBM v0.1.0
2024-10-24,obm_cdd_per_supply_days_daily,0.311916212591,days,daily,OBM v0.1.0
2024-10-25,obm_cdd_per_supply_days_daily,0.494116454128,days,daily,OBM v0.1.0
2024-10-26,obm_cdd_per_supply_days_daily,0.235857430202,days,daily,OBM v0.1.0
2024-10-27,obm_cdd_per_supply_days_daily,0.230468320737,days,daily,OBM v0.1.0
2024-10-28,obm_cdd_per_supply_days_daily,0.448846541258,days,daily,OBM v0.1.0
2024-10-29,obm_cdd_per_supply_days_daily,0.851889845531,days,daily,OBM v0.1.0
2024-10-30,obm_cdd_per_supply_days_daily,0.572913656045,days,daily,OBM v0.1.0
2024-10-31,obm_cdd_per_supply_days_daily,0.536845041556,days,daily,OBM v0.1.0
2024-11-01,obm_cdd_per_supply_days_daily,0.668310763966,days,daily,OBM v0.1.0
2024-11-02,obm_cdd_per_supply_days_daily,0.356285482313,days,daily,OBM v0.1.0
2024-11-03,obm_cdd_per_supply_days_daily,0.259664328378,days,daily,OBM v0.1.0
2024-11-04,obm_cdd_per_supply_days_daily,0.658999490060,days,daily,OBM v0.1.0
2024-11-05,obm_cdd_per_supply_days_daily,0.561222068469,days,daily,OBM v0.1.0
2024-11-06,obm_cdd_per_supply_days_daily,3.027114002712,days,daily,OBM v0.1.0
2024-11-07,obm_cdd_per_supply_days_daily,0.671404704459,days,daily,OBM v0.1.0
2024-11-08,obm_cdd_per_supply_days_daily,0.996393156507,days,daily,OBM v0.1.0
2024-11-09,obm_cdd_per_supply_days_daily,0.247003204377,days,daily,OBM v0.1.0
2024-11-10,obm_cdd_per_supply_days_daily,0.665532782633,days,daily,OBM v0.1.0
2024-11-11,obm_cdd_per_supply_days_daily,1.421962606738,days,daily,OBM v0.1.0
2024-11-12,obm_cdd_per_supply_days_daily,1.788544463374,days,daily,OBM v0.1.0
2024-11-13,obm_cdd_per_supply_days_daily,1.801548613959,days,daily,OBM v0.1.0
2024-11-14,obm_cdd_per_supply_days_daily,2.775880488346,days,daily,OBM v0.1.0
2024-11-15,obm_cdd_per_supply_days_daily,2.371853344984,days,daily,OBM v0.1.0
2024-11-16,obm_cdd_per_supply_days_daily,0.517135563690,days,daily,OBM v0.1.0
2024-11-17,obm_cdd_per_supply_days_daily,0.460892125275,days,daily,OBM v0.1.0
2024-11-18,obm_cdd_per_supply_days_daily,0.835471231603,days,daily,OBM v0.1.0
2024-11-19,obm_cdd_per_supply_days_daily,1.852688636931,days,daily,OBM v0.1.0
2024-11-20,obm_cdd_per_supply_days_daily,1.667057211891,days,daily,OBM v0.1.0
2024-11-21,obm_cdd_per_supply_days_daily,2.652679838002,days,daily,OBM v0.1.0
2024-11-22,obm_cdd_per_supply_days_daily,1.889875956862,days,daily,OBM v0.1.0
2024-11-23,obm_cdd_per_supply_days_daily,0.948630364439,days,daily,OBM v0.1.0
2024-11-24,obm_cdd_per_supply_days_daily,0.568048272380,days,daily,OBM v0.1.0
2024-11-25,obm_cdd_per_supply_days_daily,1.357214299984,days,daily,OBM v0.1.0
2024-11-26,obm_cdd_per_supply_days_daily,2.046921429827,days,daily,OBM v0.1.0
2024-11-27,obm_cdd_per_supply_days_daily,1.525876170760,days,daily,OBM v0.1.0
2024-11-28,obm_cdd_per_supply_days_daily,1.360655561238,days,daily,OBM v0.1.0
2024-11-29,obm_cdd_per_supply_days_daily,0.686761463128,days,daily,OBM v0.1.0
2024-11-30,obm_cdd_per_supply_days_daily,0.342696035536,days,daily,OBM v0.1.0
2024-12-01,obm_cdd_per_supply_days_daily,0.373555970374,days,daily,OBM v0.1.0
2024-12-02,obm_cdd_per_supply_days_daily,1.546538334868,days,daily,OBM v0.1.0
2024-12-03,obm_cdd_per_supply_days_daily,2.119000280826,days,daily,OBM v0.1.0
2024-12-04,obm_cdd_per_supply_days_daily,0.868078044975,days,daily,OBM v0.1.0
2024-12-05,obm_cdd_per_supply_days_daily,3.059416367113,days,daily,OBM v0.1.0
2024-12-06,obm_cdd_per_supply_days_daily,2.372927731155,days,daily,OBM v0.1.0
2024-12-07,obm_cdd_per_supply_days_daily,0.443591819443,days,daily,OBM v0.1.0
2024-12-08,obm_cdd_per_supply_days_daily,0.457827988708,days,daily,OBM v0.1.0
2024-12-09,obm_cdd_per_supply_days_daily,2.289329344703,days,daily,OBM v0.1.0
2024-12-10,obm_cdd_per_supply_days_daily,0.741627838102,days,daily,OBM v0.1.0
2024-12-11,obm_cdd_per_supply_days_daily,1.672569020495,days,daily,OBM v0.1.0
2024-12-12,obm_cdd_per_supply_days_daily,0.576841138998,days,daily,OBM v0.1.0
2024-12-13,obm_cdd_per_supply_days_daily,0.963516451553,days,daily,OBM v0.1.0
2024-12-14,obm_cdd_per_supply_days_daily,0.471039025554,days,daily,OBM v0.1.0
2024-12-15,obm_cdd_per_supply_days_daily,0.545195735107,days,daily,OBM v0.1.0
2024-12-16,obm_cdd_per_supply_days_daily,1.474158305389,days,daily,OBM v0.1.0
2024-12-17,obm_cdd_per_supply_days_daily,1.508092363263,days,daily,OBM v0.1.0
2024-12-18,obm_cdd_per_supply_days_daily,1.634557890512,days,daily,OBM v0.1.0
2024-12-19,obm_cdd_per_supply_days_daily,2.419280504449,days,daily,OBM v0.1.0
2024-12-20,obm_cdd_per_supply_days_daily,1.754538591764,days,daily,OBM v0.1.0
2024-12-21,obm_cdd_per_supply_days_daily,0.309155662673,days,daily,OBM v0.1.0
2024-12-22,obm_cdd_per_supply_days_daily,0.522316283208,days,daily,OBM v0.1.0
2024-12-23,obm_cdd_per_supply_days_daily,2.157910240820,days,daily,OBM v0.1.0
2024-12-24,obm_cdd_per_supply_days_daily,2.220005347272,days,daily,OBM v0.1.0
2024-12-25,obm_cdd_per_supply_days_daily,0.282690620774,days,daily,OBM v0.1.0
2024-12-26,obm_cdd_per_supply_days_daily,0.640587336370,days,daily,OBM v0.1.0
2024-12-27,obm_cdd_per_supply_days_daily,1.417656082090,days,daily,OBM v0.1.0
2024-12-28,obm_cdd_per_supply_days_daily,0.397835814408,days,daily,OBM v0.1.0
2024-12-29,obm_cdd_per_supply_days_daily,1.290596798877,days,daily,OBM v0.1.0
2024-12-30,obm_cdd_per_supply_days_daily,1.940676199459,days,daily,OBM v0.1.0
2024-12-31,obm_cdd_per_supply_days_daily,1.833727063615,days,daily,OBM v0.1.0
2025-01-01,obm_cdd_per_supply_days_daily,1.223709566733,days,daily,OBM v0.1.0
2025-01-02,obm_cdd_per_supply_days_daily,0.558580752543,days,daily,OBM v0.1.0
2025-01-03,obm_cdd_per_supply_days_daily,0.316878924482,days,daily,OBM v0.1.0
2025-01-04,obm_cdd_per_supply_days_daily,0.279593602468,days,daily,OBM v0.1.0
2025-01-05,obm_cdd_per_supply_days_daily,0.223557360783,days,daily,OBM v0.1.0
2025-01-06,obm_cdd_per_supply_days_daily,0.484080369440,days,daily,OBM v0.1.0
2025-01-07,obm_cdd_per_supply_days_daily,1.670486617382,days,daily,OBM v0.1.0
2025-01-08,obm_cdd_per_supply_days_daily,0.500276175496,days,daily,OBM v0.1.0
2025-01-09,obm_cdd_per_supply_days_daily,0.356259136783,days,daily,OBM v0.1.0
2025-01-10,obm_cdd_per_supply_days_daily,0.492475046641,days,daily,OBM v0.1.0
2025-01-11,obm_cdd_per_supply_days_daily,0.261753948553,days,daily,OBM v0.1.0
2025-01-12,obm_cdd_per_supply_days_daily,0.217543951950,days,daily,OBM v0.1.0
2025-01-13,obm_cdd_per_supply_days_daily,0.335641927546,days,daily,OBM v0.1.0
2025-01-14,obm_cdd_per_supply_days_daily,0.344721413893,days,daily,OBM v0.1.0
2025-01-15,obm_cdd_per_supply_days_daily,1.007901257176,days,daily,OBM v0.1.0
2025-01-16,obm_cdd_per_supply_days_daily,0.587495086271,days,daily,OBM v0.1.0
2025-01-17,obm_cdd_per_supply_days_daily,0.724453550013,days,daily,OBM v0.1.0
2025-01-18,obm_cdd_per_supply_days_daily,0.710192712687,days,daily,OBM v0.1.0
2025-01-19,obm_cdd_per_supply_days_daily,0.511655030776,days,daily,OBM v0.1.0
2025-01-20,obm_cdd_per_supply_days_daily,0.731120253581,days,daily,OBM v0.1.0
2025-01-21,obm_cdd_per_supply_days_daily,0.884938081103,days,daily,OBM v0.1.0
2025-01-22,obm_cdd_per_supply_days_daily,1.391624376600,days,daily,OBM v0.1.0
2025-01-23,obm_cdd_per_supply_days_daily,5.013306798068,days,daily,OBM v0.1.0
2025-01-24,obm_cdd_per_supply_days_daily,0.409585799497,days,daily,OBM v0.1.0
2025-01-25,obm_cdd_per_supply_days_daily,0.300883450252,days,daily,OBM v0.1.0
2025-01-26,obm_cdd_per_supply_days_daily,0.243177836819,days,daily,OBM v0.1.0
2025-01-27,obm_cdd_per_supply_days_daily,0.609299863488,days,daily,OBM v0.1.0
2025-01-28,obm_cdd_per_supply_days_daily,0.463821276954,days,daily,OBM v0.1.0
2025-01-29,obm_cdd_per_supply_days_daily,0.318162183140,days,daily,OBM v0.1.0
2025-01-30,obm_cdd_per_supply_days_daily,0.373466701191,days,daily,OBM v0.1.0
2025-01-31,obm_cdd_per_supply_days_daily,0.370689874679,days,daily,OBM v0.1.0
2025-02-01,obm_cdd_per_supply_days_daily,0.304249033635,days,daily,OBM v0.1.0
2025-02-02,obm_cdd_per_supply_days_daily,0.307394048181,days,daily,OBM v0.1.0
2025-02-03,obm_cdd_per_supply_days_daily,0.667456640305,days,daily,OBM v0.1.0
2025-02-04,obm_cdd_per_supply_days_daily,1.315130368524,days,daily,OBM v0.1.0
2025-02-05,obm_cdd_per_supply_days_daily,1.824794241815,days,daily,OBM v0.1.0
2025-02-06,obm_cdd_per_supply_days_daily,1.187363864122,days,daily,OBM v0.1.0
2025-02-07,obm_cdd_per_supply_days_daily,0.385579290107,days,daily,OBM v0.1.0
2025-02-08,obm_cdd_per_supply_days_daily,0.251517653615,days,daily,OBM v0.1.0
2025-02-09,obm_cdd_per_supply_days_daily,2.017664863210,days,daily,OBM v0.1.0
2025-02-10,obm_cdd_per_supply_days_daily,0.396735416380,days,daily,OBM v0.1.0
2025-02-11,obm_cdd_per_supply_days_daily,1.214568899978,days,daily,OBM v0.1.0
2025-02-12,obm_cdd_per_supply_days_daily,0.398925565763,days,daily,OBM v0.1.0
2025-02-13,obm_cdd_per_supply_days_daily,0.307152513356,days,daily,OBM v0.1.0
2025-02-14,obm_cdd_per_supply_days_daily,0.420204568722,days,daily,OBM v0.1.0
2025-02-15,obm_cdd_per_supply_days_daily,0.218205216180,days,daily,OBM v0.1.0
2025-02-16,obm_cdd_per_supply_days_daily,0.142014894676,days,daily,OBM v0.1.0
2025-02-17,obm_cdd_per_supply_days_daily,0.257382255036,days,daily,OBM v0.1.0
2025-02-18,obm_cdd_per_supply_days_daily,0.407184290808,days,daily,OBM v0.1.0
2025-02-19,obm_cdd_per_supply_days_daily,0.259571948338,days,daily,OBM v0.1.0
2025-02-20,obm_cdd_per_supply_days_daily,0.311418090140,days,daily,OBM v0.1.0
2025-02-21,obm_cdd_per_supply_days_daily,0.383677276555,days,daily,OBM v0.1.0
2025-02-22,obm_cdd_per_supply_days_daily,0.262376190719,days,daily,OBM v0.1.0
2025-02-23,obm_cdd_per_supply_days_daily,0.169918124486,days,daily,OBM v0.1.0
2025-02-24,obm_cdd_per_supply_days_daily,0.420602939629,days,daily,OBM v0.1.0
2025-02-25,obm_cdd_per_supply_days_daily,1.369398969973,days,daily,OBM v0.1.0
2025-02-26,obm_cdd_per_supply_days_daily,1.312215462599,days,daily,OBM v0.1.0
2025-02-27,obm_cdd_per_supply_days_daily,0.760817901948,days,daily,OBM v0.1.0
2025-02-28,obm_cdd_per_supply_days_daily,0.767733615833,days,daily,OBM v0.1.0
2025-03-01,obm_cdd_per_supply_days_daily,0.226962021492,days,daily,OBM v0.1.0
2025-03-02,obm_cdd_per_supply_days_daily,0.335523787398,days,daily,OBM v0.1.0
2025-03-03,obm_cdd_per_supply_days_daily,0.872962170595,days,daily,OBM v0.1.0
2025-03-04,obm_cdd_per_supply_days_daily,0.494878942926,days,daily,OBM v0.1.0
2025-03-05,obm_cdd_per_supply_days_daily,0.353613805090,days,daily,OBM v0.1.0
2025-03-06,obm_cdd_per_supply_days_daily,0.840303192088,days,daily,OBM v0.1.0
2025-03-07,obm_cdd_per_supply_days_daily,0.626306279139,days,daily,OBM v0.1.0
2025-03-08,obm_cdd_per_supply_days_daily,0.118889748685,days,daily,OBM v0.1.0
2025-03-09,obm_cdd_per_supply_days_daily,0.224678692628,days,daily,OBM v0.1.0
2025-03-10,obm_cdd_per_supply_days_daily,1.299849801963,days,daily,OBM v0.1.0
2025-03-11,obm_cdd_per_supply_days_daily,0.862372367436,days,daily,OBM v0.1.0
2025-03-12,obm_cdd_per_supply_days_daily,0.801091415635,days,daily,OBM v0.1.0
2025-03-13,obm_cdd_per_supply_days_daily,0.535736239722,days,daily,OBM v0.1.0
2025-03-14,obm_cdd_per_supply_days_daily,0.607799158515,days,daily,OBM v0.1.0
2025-03-15,obm_cdd_per_supply_days_daily,0.099756043370,days,daily,OBM v0.1.0
2025-03-16,obm_cdd_per_supply_days_daily,0.203881519272,days,daily,OBM v0.1.0
2025-03-17,obm_cdd_per_supply_days_daily,0.366708811962,days,daily,OBM v0.1.0
2025-03-18,obm_cdd_per_supply_days_daily,0.322427800228,days,daily,OBM v0.1.0
2025-03-19,obm_cdd_per_supply_days_daily,0.407613243853,days,daily,OBM v0.1.0
2025-03-20,obm_cdd_per_supply_days_daily,0.790696711739,days,daily,OBM v0.1.0
2025-03-21,obm_cdd_per_supply_days_daily,0.219258011961,days,daily,OBM v0.1.0
2025-03-22,obm_cdd_per_supply_days_daily,0.503321706663,days,daily,OBM v0.1.0
2025-03-23,obm_cdd_per_supply_days_daily,0.141231692720,days,daily,OBM v0.1.0
2025-03-24,obm_cdd_per_supply_days_daily,0.295814082718,days,daily,OBM v0.1.0
2025-03-25,obm_cdd_per_supply_days_daily,0.403626384752,days,daily,OBM v0.1.0
2025-03-26,obm_cdd_per_supply_days_daily,0.433498385846,days,daily,OBM v0.1.0
2025-03-27,obm_cdd_per_supply_days_daily,0.316636326693,days,daily,OBM v0.1.0
2025-03-28,obm_cdd_per_supply_days_daily,1.420159643311,days,daily,OBM v0.1.0
2025-03-29,obm_cdd_per_supply_days_daily,0.151896519826,days,daily,OBM v0.1.0
2025-03-30,obm_cdd_per_supply_days_daily,0.216567765199,days,daily,OBM v0.1.0
2025-03-31,obm_cdd_per_supply_days_daily,0.485749183156,days,daily,OBM v0.1.0
2025-04-01,obm_cdd_per_supply_days_daily,0.318279942636,days,daily,OBM v0.1.0
2025-04-02,obm_cdd_per_supply_days_daily,0.835098923422,days,daily,OBM v0.1.0
2025-04-03,obm_cdd_per_supply_days_daily,1.894669430983,days,daily,OBM v0.1.0
2025-04-04,obm_cdd_per_supply_days_daily,0.509532037016,days,daily,OBM v0.1.0
2025-04-05,obm_cdd_per_supply_days_daily,0.248896762505,days,daily,OBM v0.1.0
2025-04-06,obm_cdd_per_supply_days_daily,0.259984633883,days,daily,OBM v0.1.0
2025-04-07,obm_cdd_per_supply_days_daily,1.555513475695,days,daily,OBM v0.1.0
2025-04-08,obm_cdd_per_supply_days_daily,0.409605950837,days,daily,OBM v0.1.0
2025-04-09,obm_cdd_per_supply_days_daily,0.742627639157,days,daily,OBM v0.1.0
2025-04-10,obm_cdd_per_supply_days_daily,1.225702527705,days,daily,OBM v0.1.0
2025-04-11,obm_cdd_per_supply_days_daily,0.947886033121,days,daily,OBM v0.1.0
2025-04-12,obm_cdd_per_supply_days_daily,0.197883745419,days,daily,OBM v0.1.0
2025-04-13,obm_cdd_per_supply_days_daily,0.357217602662,days,daily,OBM v0.1.0
2025-04-14,obm_cdd_per_supply_days_daily,0.344001038460,days,daily,OBM v0.1.0
2025-04-15,obm_cdd_per_supply_days_daily,0.753026569367,days,daily,OBM v0.1.0
2025-04-16,obm_cdd_per_supply_days_daily,0.626190879976,days,daily,OBM v0.1.0
2025-04-17,obm_cdd_per_supply_days_daily,1.497674481100,days,daily,OBM v0.1.0
2025-04-18,obm_cdd_per_supply_days_daily,0.191579197905,days,daily,OBM v0.1.0
2025-04-19,obm_cdd_per_supply_days_daily,0.111272978002,days,daily,OBM v0.1.0
2025-04-20,obm_cdd_per_supply_days_daily,0.176403085546,days,daily,OBM v0.1.0
2025-04-21,obm_cdd_per_supply_days_daily,0.382572443826,days,daily,OBM v0.1.0
2025-04-22,obm_cdd_per_supply_days_daily,0.535447084944,days,daily,OBM v0.1.0
2025-04-23,obm_cdd_per_supply_days_daily,0.690549716378,days,daily,OBM v0.1.0
2025-04-24,obm_cdd_per_supply_days_daily,1.093074966188,days,daily,OBM v0.1.0
2025-04-25,obm_cdd_per_supply_days_daily,1.572264250201,days,daily,OBM v0.1.0
2025-04-26,obm_cdd_per_supply_days_daily,0.425821069875,days,daily,OBM v0.1.0
2025-04-27,obm_cdd_per_supply_days_daily,0.223235305060,days,daily,OBM v0.1.0
2025-04-28,obm_cdd_per_supply_days_daily,1.093101701034,days,daily,OBM v0.1.0
2025-04-29,obm_cdd_per_supply_days_daily,1.280916958263,days,daily,OBM v0.1.0
2025-04-30,obm_cdd_per_supply_days_daily,0.778603707066,days,daily,OBM v0.1.0
2025-05-01,obm_cdd_per_supply_days_daily,0.952591648501,days,daily,OBM v0.1.0
2025-05-02,obm_cdd_per_supply_days_daily,0.955603782749,days,daily,OBM v0.1.0
2025-05-03,obm_cdd_per_supply_days_daily,0.211796928622,days,daily,OBM v0.1.0
2025-05-04,obm_cdd_per_supply_days_daily,0.148875109262,days,daily,OBM v0.1.0
2025-05-05,obm_cdd_per_supply_days_daily,2.459155234363,days,daily,OBM v0.1.0
2025-05-06,obm_cdd_per_supply_days_daily,1.706751196230,days,daily,OBM v0.1.0
2025-05-07,obm_cdd_per_supply_days_daily,0.985388295117,days,daily,OBM v0.1.0
2025-05-08,obm_cdd_per_supply_days_daily,1.106191684293,days,daily,OBM v0.1.0
2025-05-09,obm_cdd_per_supply_days_daily,1.114764890553,days,daily,OBM v0.1.0
2025-05-10,obm_cdd_per_supply_days_daily,0.173550798861,days,daily,OBM v0.1.0
2025-05-11,obm_cdd_per_supply_days_daily,0.301871630071,days,daily,OBM v0.1.0
2025-05-12,obm_cdd_per_supply_days_daily,0.646822209221,days,daily,OBM v0.1.0
2025-05-13,obm_cdd_per_supply_days_daily,1.669950607926,days,daily,OBM v0.1.0
2025-05-14,obm_cdd_per_supply_days_daily,0.541325814357,days,daily,OBM v0.1.0
2025-05-15,obm_cdd_per_supply_days_daily,1.618660386449,days,daily,OBM v0.1.0
2025-05-16,obm_cdd_per_supply_days_daily,0.597638796060,days,daily,OBM v0.1.0
2025-05-17,obm_cdd_per_supply_days_daily,0.184755352498,days,daily,OBM v0.1.0
2025-05-18,obm_cdd_per_supply_days_daily,0.300694053004,days,daily,OBM v0.1.0
2025-05-19,obm_cdd_per_supply_days_daily,1.504136409128,days,daily,OBM v0.1.0
2025-05-20,obm_cdd_per_supply_days_daily,1.199175929243,days,daily,OBM v0.1.0
2025-05-21,obm_cdd_per_supply_days_daily,1.397561887680,days,daily,OBM v0.1.0
2025-05-22,obm_cdd_per_supply_days_daily,0.738238319863,days,daily,OBM v0.1.0
2025-05-23,obm_cdd_per_supply_days_daily,0.766074371044,days,daily,OBM v0.1.0
2025-05-24,obm_cdd_per_supply_days_daily,0.204884376061,days,daily,OBM v0.1.0
2025-05-25,obm_cdd_per_supply_days_daily,0.426976386779,days,daily,OBM v0.1.0
2025-05-26,obm_cdd_per_supply_days_daily,1.551929316782,days,daily,OBM v0.1.0
2025-05-27,obm_cdd_per_supply_days_daily,1.218617456175,days,daily,OBM v0.1.0
2025-05-28,obm_cdd_per_supply_days_daily,0.613879813861,days,daily,OBM v0.1.0
2025-05-29,obm_cdd_per_supply_days_daily,1.314377752155,days,daily,OBM v0.1.0
2025-05-30,obm_cdd_per_supply_days_daily,0.503490833344,days,daily,OBM v0.1.0
2025-05-31,obm_cdd_per_supply_days_daily,0.155281557854,days,daily,OBM v0.1.0
2025-06-01,obm_cdd_per_supply_days_daily,0.192183963408,days,daily,OBM v0.1.0
2025-06-02,obm_cdd_per_supply_days_daily,0.640560273603,days,daily,OBM v0.1.0
2025-06-03,obm_cdd_per_supply_days_daily,0.580981221047,days,daily,OBM v0.1.0
2025-06-04,obm_cdd_per_supply_days_daily,1.307763647583,days,daily,OBM v0.1.0
2025-06-05,obm_cdd_per_supply_days_daily,0.335762686348,days,daily,OBM v0.1.0
2025-06-06,obm_cdd_per_supply_days_daily,0.358530463861,days,daily,OBM v0.1.0
2025-06-07,obm_cdd_per_supply_days_daily,0.305116394437,days,daily,OBM v0.1.0
2025-06-08,obm_cdd_per_supply_days_daily,0.244497632053,days,daily,OBM v0.1.0
2025-06-09,obm_cdd_per_supply_days_daily,0.310140314891,days,daily,OBM v0.1.0
2025-06-10,obm_cdd_per_supply_days_daily,0.708406211512,days,daily,OBM v0.1.0
2025-06-11,obm_cdd_per_supply_days_daily,0.471911359127,days,daily,OBM v0.1.0
2025-06-12,obm_cdd_per_supply_days_daily,0.334283026889,days,daily,OBM v0.1.0
2025-06-13,obm_cdd_per_supply_days_daily,1.137237537487,days,daily,OBM v0.1.0
2025-06-14,obm_cdd_per_supply_days_daily,0.142322228673,days,daily,OBM v0.1.0
2025-06-15,obm_cdd_per_supply_days_daily,0.237950259206,days,daily,OBM v0.1.0
2025-06-16,obm_cdd_per_supply_days_daily,0.800172074183,days,daily,OBM v0.1.0
2025-06-17,obm_cdd_per_supply_days_daily,0.397987352070,days,daily,OBM v0.1.0
2025-06-18,obm_cdd_per_supply_days_daily,0.520220611991,days,daily,OBM v0.1.0
2025-06-19,obm_cdd_per_supply_days_daily,0.369847939918,days,daily,OBM v0.1.0
2025-06-20,obm_cdd_per_supply_days_daily,0.391221998682,days,daily,OBM v0.1.0
2025-06-21,obm_cdd_per_supply_days_daily,0.318524808188,days,daily,OBM v0.1.0
2025-06-22,obm_cdd_per_supply_days_daily,0.625561290709,days,daily,OBM v0.1.0
2025-06-23,obm_cdd_per_supply_days_daily,0.595171875175,days,daily,OBM v0.1.0
2025-06-24,obm_cdd_per_supply_days_daily,0.727934126391,days,daily,OBM v0.1.0
2025-06-25,obm_cdd_per_supply_days_daily,0.735085115979,days,daily,OBM v0.1.0
2025-06-26,obm_cdd_per_supply_days_daily,1.541347075626,days,daily,OBM v0.1.0
2025-06-27,obm_cdd_per_supply_days_daily,1.563922434241,days,daily,OBM v0.1.0
2025-06-28,obm_cdd_per_supply_days_daily,0.180397112820,days,daily,OBM v0.1.0
2025-06-29,obm_cdd_per_supply_days_daily,0.230739687076,days,daily,OBM v0.1.0
2025-06-30,obm_cdd_per_supply_days_daily,1.896690609088,days,daily,OBM v0.1.0
2025-07-01,obm_cdd_per_supply_days_daily,0.796608423095,days,daily,OBM v0.1.0
2025-07-02,obm_cdd_per_supply_days_daily,0.543734651691,days,daily,OBM v0.1.0
2025-07-03,obm_cdd_per_supply_days_daily,0.660400380503,days,daily,OBM v0.1.0
2025-07-04,obm_cdd_per_supply_days_daily,21.116188459888,days,daily,OBM v0.1.0
2025-07-05,obm_cdd_per_supply_days_daily,0.135793414955,days,daily,OBM v0.1.0
2025-07-06,obm_cdd_per_supply_days_daily,0.172920101950,days,daily,OBM v0.1.0
2025-07-07,obm_cdd_per_supply_days_daily,1.219982183963,days,daily,OBM v0.1.0
2025-07-08,obm_cdd_per_supply_days_daily,1.642179434881,days,daily,OBM v0.1.0
2025-07-09,obm_cdd_per_supply_days_daily,1.504631119681,days,daily,OBM v0.1.0
2025-07-10,obm_cdd_per_supply_days_daily,0.512202999048,days,daily,OBM v0.1.0
2025-07-11,obm_cdd_per_supply_days_daily,1.581267424336,days,daily,OBM v0.1.0
2025-07-12,obm_cdd_per_supply_days_daily,0.907299119114,days,daily,OBM v0.1.0
2025-07-13,obm_cdd_per_supply_days_daily,0.391108523878,days,daily,OBM v0.1.0
2025-07-14,obm_cdd_per_supply_days_daily,1.053407600425,days,daily,OBM v0.1.0
2025-07-15,obm_cdd_per_supply_days_daily,0.934051449945,days,daily,OBM v0.1.0
2025-07-16,obm_cdd_per_supply_days_daily,1.932936656230,days,daily,OBM v0.1.0
2025-07-17,obm_cdd_per_supply_days_daily,1.705102933394,days,daily,OBM v0.1.0
2025-07-18,obm_cdd_per_supply_days_daily,0.657117365421,days,daily,OBM v0.1.0
2025-07-19,obm_cdd_per_supply_days_daily,0.886285777687,days,daily,OBM v0.1.0
2025-07-20,obm_cdd_per_supply_days_daily,0.269868195976,days,daily,OBM v0.1.0
2025-07-21,obm_cdd_per_supply_days_daily,0.751715671741,days,daily,OBM v0.1.0
2025-07-22,obm_cdd_per_supply_days_daily,1.501887164378,days,daily,OBM v0.1.0
2025-07-23,obm_cdd_per_supply_days_daily,1.267641641187,days,daily,OBM v0.1.0
2025-07-24,obm_cdd_per_supply_days_daily,1.551477364494,days,daily,OBM v0.1.0
2025-07-25,obm_cdd_per_supply_days_daily,1.649189497627,days,daily,OBM v0.1.0
2025-07-26,obm_cdd_per_supply_days_daily,0.360902537647,days,daily,OBM v0.1.0
2025-07-27,obm_cdd_per_supply_days_daily,0.263728319222,days,daily,OBM v0.1.0
2025-07-28,obm_cdd_per_supply_days_daily,0.916771084717,days,daily,OBM v0.1.0
2025-07-29,obm_cdd_per_supply_days_daily,1.190611404238,days,daily,OBM v0.1.0
2025-07-30,obm_cdd_per_supply_days_daily,1.034710605608,days,daily,OBM v0.1.0
2025-07-31,obm_cdd_per_supply_days_daily,0.485434012259,days,daily,OBM v0.1.0
2025-08-01,obm_cdd_per_supply_days_daily,0.476775737149,days,daily,OBM v0.1.0
2025-08-02,obm_cdd_per_supply_days_daily,0.178741503790,days,daily,OBM v0.1.0
2025-08-03,obm_cdd_per_supply_days_daily,0.485401636762,days,daily,OBM v0.1.0
2025-08-04,obm_cdd_per_supply_days_daily,0.429223533672,days,daily,OBM v0.1.0
2025-08-05,obm_cdd_per_supply_days_daily,0.910874332787,days,daily,OBM v0.1.0
2025-08-06,obm_cdd_per_supply_days_daily,0.289977293412,days,daily,OBM v0.1.0
2025-08-07,obm_cdd_per_supply_days_daily,1.149007679634,days,daily,OBM v0.1.0
2025-08-08,obm_cdd_per_supply_days_daily,0.541023020451,days,daily,OBM v0.1.0
2025-08-09,obm_cdd_per_supply_days_daily,0.209227909015,days,daily,OBM v0.1.0
2025-08-10,obm_cdd_per_supply_days_daily,0.333128207423,days,daily,OBM v0.1.0
2025-08-11,obm_cdd_per_supply_days_daily,0.437057837232,days,daily,OBM v0.1.0
2025-08-12,obm_cdd_per_supply_days_daily,0.649322364815,days,daily,OBM v0.1.0
2025-08-13,obm_cdd_per_supply_days_daily,0.637720299218,days,daily,OBM v0.1.0
2025-08-14,obm_cdd_per_supply_days_daily,1.014965548922,days,daily,OBM v0.1.0
2025-08-15,obm_cdd_per_supply_days_daily,0.526897434581,days,daily,OBM v0.1.0
2025-08-16,obm_cdd_per_supply_days_daily,2.897921381576,days,daily,OBM v0.1.0
2025-08-17,obm_cdd_per_supply_days_daily,0.213907984800,days,daily,OBM v0.1.0
2025-08-18,obm_cdd_per_supply_days_daily,0.393072580292,days,daily,OBM v0.1.0
2025-08-19,obm_cdd_per_supply_days_daily,0.783575252155,days,daily,OBM v0.1.0
2025-08-20,obm_cdd_per_supply_days_daily,0.743732389611,days,daily,OBM v0.1.0
2025-08-21,obm_cdd_per_supply_days_daily,0.669435319801,days,daily,OBM v0.1.0
2025-08-22,obm_cdd_per_supply_days_daily,0.891022911373,days,daily,OBM v0.1.0
2025-08-23,obm_cdd_per_supply_days_daily,0.342130168319,days,daily,OBM v0.1.0
2025-08-24,obm_cdd_per_supply_days_daily,0.279919484058,days,daily,OBM v0.1.0
2025-08-25,obm_cdd_per_supply_days_daily,0.664906257658,days,daily,OBM v0.1.0
2025-08-26,obm_cdd_per_supply_days_daily,0.485568127186,days,daily,OBM v0.1.0
2025-08-27,obm_cdd_per_supply_days_daily,0.570763091574,days,daily,OBM v0.1.0
2025-08-28,obm_cdd_per_supply_days_daily,0.644183961903,days,daily,OBM v0.1.0
2025-08-29,obm_cdd_per_supply_days_daily,4.085776064691,days,daily,OBM v0.1.0
2025-08-30,obm_cdd_per_supply_days_daily,0.430741632317,days,daily,OBM v0.1.0
2025-08-31,obm_cdd_per_supply_days_daily,0.384559513334,days,daily,OBM v0.1.0
2025-09-01,obm_cdd_per_supply_days_daily,0.381496985076,days,daily,OBM v0.1.0
2025-09-02,obm_cdd_per_supply_days_daily,0.386866994599,days,daily,OBM v0.1.0
2025-09-03,obm_cdd_per_supply_days_daily,0.505518134583,days,daily,OBM v0.1.0
2025-09-04,obm_cdd_per_supply_days_daily,0.900126804677,days,daily,OBM v0.1.0
2025-09-05,obm_cdd_per_supply_days_daily,1.557386076675,days,daily,OBM v0.1.0
2025-09-06,obm_cdd_per_supply_days_daily,0.348891827585,days,daily,OBM v0.1.0
2025-09-07,obm_cdd_per_supply_days_daily,0.309888231865,days,daily,OBM v0.1.0
2025-09-08,obm_cdd_per_supply_days_daily,0.515868874680,days,daily,OBM v0.1.0
2025-09-09,obm_cdd_per_supply_days_daily,0.573095877980,days,daily,OBM v0.1.0
2025-09-10,obm_cdd_per_supply_days_daily,0.513288049421,days,daily,OBM v0.1.0
2025-09-11,obm_cdd_per_supply_days_daily,0.726672222356,days,daily,OBM v0.1.0
2025-09-12,obm_cdd_per_supply_days_daily,0.580255545512,days,daily,OBM v0.1.0
2025-09-13,obm_cdd_per_supply_days_daily,0.426470123982,days,daily,OBM v0.1.0
2025-09-14,obm_cdd_per_supply_days_daily,0.190706135199,days,daily,OBM v0.1.0
2025-09-15,obm_cdd_per_supply_days_daily,0.896950069209,days,daily,OBM v0.1.0
2025-09-16,obm_cdd_per_supply_days_daily,0.712750984126,days,daily,OBM v0.1.0
2025-09-17,obm_cdd_per_supply_days_daily,1.241320322561,days,daily,OBM v0.1.0
2025-09-18,obm_cdd_per_supply_days_daily,0.594851991145,days,daily,OBM v0.1.0
2025-09-19,obm_cdd_per_supply_days_daily,1.755891578676,days,daily,OBM v0.1.0
2025-09-20,obm_cdd_per_supply_days_daily,0.293511037449,days,daily,OBM v0.1.0
2025-09-21,obm_cdd_per_supply_days_daily,0.256454697030,days,daily,OBM v0.1.0
2025-09-22,obm_cdd_per_supply_days_daily,0.437550027984,days,daily,OBM v0.1.0
2025-09-23,obm_cdd_per_supply_days_daily,1.118586402730,days,daily,OBM v0.1.0
2025-09-24,obm_cdd_per_supply_days_daily,1.059703928780,days,daily,OBM v0.1.0
2025-09-25,obm_cdd_per_supply_days_daily,1.213269363749,days,daily,OBM v0.1.0
2025-09-26,obm_cdd_per_supply_days_daily,0.909155686590,days,daily,OBM v0.1.0
2025-09-27,obm_cdd_per_supply_days_daily,0.324403017769,days,daily,OBM v0.1.0
2025-09-28,obm_cdd_per_supply_days_daily,0.332776051764,days,daily,OBM v0.1.0
2025-09-29,obm_cdd_per_supply_days_daily,0.433042221355,days,daily,OBM v0.1.0
2025-09-30,obm_cdd_per_supply_days_daily,1.093312209407,days,daily,OBM v0.1.0
2025-10-01,obm_cdd_per_supply_days_daily,1.398040234345,days,daily,OBM v0.1.0
2025-10-02,obm_cdd_per_supply_days_daily,0.877481611106,days,daily,OBM v0.1.0
2025-10-03,obm_cdd_per_supply_days_daily,0.793796025115,days,daily,OBM v0.1.0
2025-10-04,obm_cdd_per_supply_days_daily,0.481870754488,days,daily,OBM v0.1.0
2025-10-05,obm_cdd_per_supply_days_daily,0.465235389891,days,daily,OBM v0.1.0
2025-10-06,obm_cdd_per_supply_days_daily,0.729718397288,days,daily,OBM v0.1.0
2025-10-07,obm_cdd_per_supply_days_daily,2.825192296296,days,daily,OBM v0.1.0
2025-10-08,obm_cdd_per_supply_days_daily,1.011994902594,days,daily,OBM v0.1.0
2025-10-09,obm_cdd_per_supply_days_daily,1.484721245932,days,daily,OBM v0.1.0
2025-10-10,obm_cdd_per_supply_days_daily,0.576563528058,days,daily,OBM v0.1.0
2025-10-11,obm_cdd_per_supply_days_daily,0.560378322602,days,daily,OBM v0.1.0
2025-10-12,obm_cdd_per_supply_days_daily,0.320772409243,days,daily,OBM v0.1.0
2025-10-13,obm_cdd_per_supply_days_daily,0.265099705960,days,daily,OBM v0.1.0
2025-10-14,obm_cdd_per_supply_days_daily,2.316728141886,days,daily,OBM v0.1.0
2025-10-15,obm_cdd_per_supply_days_daily,2.775501225296,days,daily,OBM v0.1.0
2025-10-16,obm_cdd_per_supply_days_daily,0.604349373826,days,daily,OBM v0.1.0
2025-10-17,obm_cdd_per_supply_days_daily,1.124487439741,days,daily,OBM v0.1.0
2025-10-18,obm_cdd_per_supply_days_daily,0.394245753497,days,daily,OBM v0.1.0
2025-10-19,obm_cdd_per_supply_days_daily,0.232010307961,days,daily,OBM v0.1.0
2025-10-20,obm_cdd_per_supply_days_daily,0.329560376516,days,daily,OBM v0.1.0
2025-10-21,obm_cdd_per_supply_days_daily,0.760726090976,days,daily,OBM v0.1.0
2025-10-22,obm_cdd_per_supply_days_daily,1.780719719412,days,daily,OBM v0.1.0
2025-10-23,obm_cdd_per_supply_days_daily,1.730410026453,days,daily,OBM v0.1.0
2025-10-24,obm_cdd_per_supply_days_daily,0.784969073794,days,daily,OBM v0.1.0
2025-10-25,obm_cdd_per_supply_days_daily,0.367853262709,days,daily,OBM v0.1.0
2025-10-26,obm_cdd_per_supply_days_daily,0.681514057267,days,daily,OBM v0.1.0
2025-10-27,obm_cdd_per_supply_days_daily,0.842956887840,days,daily,OBM v0.1.0
2025-10-28,obm_cdd_per_supply_days_daily,1.900387664305,days,daily,OBM v0.1.0
2025-10-29,obm_cdd_per_supply_days_daily,1.457823677738,days,daily,OBM v0.1.0
2025-10-30,obm_cdd_per_supply_days_daily,1.443191171285,days,daily,OBM v0.1.0
2025-10-31,obm_cdd_per_supply_days_daily,0.789671118537,days,daily,OBM v0.1.0
2025-11-01,obm_cdd_per_supply_days_daily,0.736928339679,days,daily,OBM v0.1.0
2025-11-02,obm_cdd_per_supply_days_daily,0.187823332547,days,daily,OBM v0.1.0
2025-11-03,obm_cdd_per_supply_days_daily,1.334146021847,days,daily,OBM v0.1.0
2025-11-04,obm_cdd_per_supply_days_daily,1.407235176705,days,daily,OBM v0.1.0
2025-11-05,obm_cdd_per_supply_days_daily,0.861009190290,days,daily,OBM v0.1.0
2025-11-06,obm_cdd_per_supply_days_daily,0.814281596480,days,daily,OBM v0.1.0
2025-11-07,obm_cdd_per_supply_days_daily,4.067740422133,days,daily,OBM v0.1.0
2025-11-08,obm_cdd_per_supply_days_daily,0.577724713082,days,daily,OBM v0.1.0
2025-11-09,obm_cdd_per_supply_days_daily,0.145556352162,days,daily,OBM v0.1.0
2025-11-10,obm_cdd_per_supply_days_daily,0.665975325781,days,daily,OBM v0.1.0
2025-11-11,obm_cdd_per_supply_days_daily,0.764387417548,days,daily,OBM v0.1.0
2025-11-12,obm_cdd_per_supply_days_daily,0.616752417603,days,daily,OBM v0.1.0
2025-11-13,obm_cdd_per_supply_days_daily,1.362851228916,days,daily,OBM v0.1.0
2025-11-14,obm_cdd_per_supply_days_daily,1.082659083545,days,daily,OBM v0.1.0
2025-11-15,obm_cdd_per_supply_days_daily,0.322041656323,days,daily,OBM v0.1.0
2025-11-16,obm_cdd_per_supply_days_daily,0.392756302515,days,daily,OBM v0.1.0
2025-11-17,obm_cdd_per_supply_days_daily,1.431690869155,days,daily,OBM v0.1.0
2025-11-18,obm_cdd_per_supply_days_daily,2.353602011587,days,daily,OBM v0.1.0
2025-11-19,obm_cdd_per_supply_days_daily,0.748280490052,days,daily,OBM v0.1.0
2025-11-20,obm_cdd_per_supply_days_daily,1.365252347635,days,daily,OBM v0.1.0
2025-11-21,obm_cdd_per_supply_days_daily,1.258499572806,days,daily,OBM v0.1.0
2025-11-22,obm_cdd_per_supply_days_daily,17.052034683960,days,daily,OBM v0.1.0
2025-11-23,obm_cdd_per_supply_days_daily,12.703008456158,days,daily,OBM v0.1.0
2025-11-24,obm_cdd_per_supply_days_daily,0.646188892089,days,daily,OBM v0.1.0
2025-11-25,obm_cdd_per_supply_days_daily,0.779849923393,days,daily,OBM v0.1.0
2025-11-26,obm_cdd_per_supply_days_daily,2.032194606236,days,daily,OBM v0.1.0
2025-11-27,obm_cdd_per_supply_days_daily,0.337007519600,days,daily,OBM v0.1.0
2025-11-28,obm_cdd_per_supply_days_daily,0.390816872273,days,daily,OBM v0.1.0
2025-11-29,obm_cdd_per_supply_days_daily,0.124293863271,days,daily,OBM v0.1.0
2025-11-30,obm_cdd_per_supply_days_daily,0.224575599922,days,daily,OBM v0.1.0
2025-12-01,obm_cdd_per_supply_days_daily,1.291736164069,days,daily,OBM v0.1.0
2025-12-02,obm_cdd_per_supply_days_daily,0.505778748639,days,daily,OBM v0.1.0
2025-12-03,obm_cdd_per_supply_days_daily,1.127119815975,days,daily,OBM v0.1.0
2025-12-04,obm_cdd_per_supply_days_daily,0.392701152114,days,daily,OBM v0.1.0
2025-12-05,obm_cdd_per_supply_days_daily,1.147243417692,days,daily,OBM v0.1.0
2025-12-06,obm_cdd_per_supply_days_daily,0.318905247867,days,daily,OBM v0.1.0
2025-12-07,obm_cdd_per_supply_days_daily,0.316703148395,days,daily,OBM v0.1.0
2025-12-08,obm_cdd_per_supply_days_daily,1.592339569444,days,daily,OBM v0.1.0
2025-12-09,obm_cdd_per_supply_days_daily,0.710104271345,days,daily,OBM v0.1.0
2025-12-10,obm_cdd_per_supply_days_daily,1.539689807121,days,daily,OBM v0.1.0
2025-12-11,obm_cdd_per_supply_days_daily,0.513802438932,days,daily,OBM v0.1.0
2025-12-12,obm_cdd_per_supply_days_daily,0.696909320470,days,daily,OBM v0.1.0
2025-12-13,obm_cdd_per_supply_days_daily,0.361217363608,days,daily,OBM v0.1.0
2025-12-14,obm_cdd_per_supply_days_daily,0.199251797894,days,daily,OBM v0.1.0
2025-12-15,obm_cdd_per_supply_days_daily,0.517462591385,days,daily,OBM v0.1.0
2025-12-16,obm_cdd_per_supply_days_daily,1.332802214189,days,daily,OBM v0.1.0
2025-12-17,obm_cdd_per_supply_days_daily,0.704528047647,days,daily,OBM v0.1.0
2025-12-18,obm_cdd_per_supply_days_daily,0.349075917922,days,daily,OBM v0.1.0
2025-12-19,obm_cdd_per_supply_days_daily,0.709545780635,days,daily,OBM v0.1.0
2025-12-20,obm_cdd_per_supply_days_daily,0.991440759006,days,daily,OBM v0.1.0
2025-12-21,obm_cdd_per_supply_days_daily,0.212733814516,days,daily,OBM v0.1.0
2025-12-22,obm_cdd_per_supply_days_daily,0.438250323851,days,daily,OBM v0.1.0
2025-12-23,obm_cdd_per_supply_days_daily,1.044284644051,days,daily,OBM v0.1.0
2025-12-24,obm_cdd_per_supply_days_daily,0.345133099210,days,daily,OBM v0.1.0
2025-12-25,obm_cdd_per_supply_days_daily,0.188177292931,days,daily,OBM v0.1.0
2025-12-26,obm_cdd_per_supply_days_daily,0.497607068814,days,daily,OBM v0.1.0
2025-12-27,obm_cdd_per_supply_days_daily,0.196792601864,days,daily,OBM v0.1.0
2025-12-28,obm_cdd_per_supply_days_daily,0.271638374691,days,daily,OBM v0.1.0
2025-12-29,obm_cdd_per_supply_days_daily,0.489241411218,days,daily,OBM v0.1.0
2025-12-30,obm_cdd_per_supply_days_daily,0.641159620335,days,daily,OBM v0.1.0
2025-12-31,obm_cdd_per_supply_days_daily,1.030256220502,days,daily,OBM v0.1.0
2026-01-01,obm_cdd_per_supply_days_daily,0.549772176320,days,daily,OBM v0.1.0
2026-01-02,obm_cdd_per_supply_days_daily,0.310082439813,days,daily,OBM v0.1.0
2026-01-03,obm_cdd_per_supply_days_daily,0.161456750346,days,daily,OBM v0.1.0
2026-01-04,obm_cdd_per_supply_days_daily,0.201422857249,days,daily,OBM v0.1.0
2026-01-05,obm_cdd_per_supply_days_daily,0.545767611254,days,daily,OBM v0.1.0
2026-01-06,obm_cdd_per_supply_days_daily,0.357708327544,days,daily,OBM v0.1.0
2026-01-07,obm_cdd_per_supply_days_daily,1.383341192764,days,daily,OBM v0.1.0
2026-01-08,obm_cdd_per_supply_days_daily,0.395388879864,days,daily,OBM v0.1.0
2026-01-09,obm_cdd_per_supply_days_daily,0.493739205931,days,daily,OBM v0.1.0
2026-01-10,obm_cdd_per_supply_days_daily,1.036983609342,days,daily,OBM v0.1.0
2026-01-11,obm_cdd_per_supply_days_daily,0.220340686092,days,daily,OBM v0.1.0
2026-01-12,obm_cdd_per_supply_days_daily,0.559725696794,days,daily,OBM v0.1.0
2026-01-13,obm_cdd_per_supply_days_daily,0.704231365153,days,daily,OBM v0.1.0
2026-01-14,obm_cdd_per_supply_days_daily,0.453394589323,days,daily,OBM v0.1.0
2026-01-15,obm_cdd_per_supply_days_daily,0.462685237111,days,daily,OBM v0.1.0
2026-01-16,obm_cdd_per_supply_days_daily,0.326255682610,days,daily,OBM v0.1.0
2026-01-17,obm_cdd_per_supply_days_daily,0.415214787101,days,daily,OBM v0.1.0
2026-01-18,obm_cdd_per_supply_days_daily,0.204292301701,days,daily,OBM v0.1.0
2026-01-19,obm_cdd_per_supply_days_daily,0.435601546883,days,daily,OBM v0.1.0
2026-01-20,obm_cdd_per_supply_days_daily,0.533413982738,days,daily,OBM v0.1.0
2026-01-21,obm_cdd_per_supply_days_daily,0.386765286442,days,daily,OBM v0.1.0
2026-01-22,obm_cdd_per_supply_days_daily,0.939651814283,days,daily,OBM v0.1.0
2026-01-23,obm_cdd_per_supply_days_daily,1.408901721967,days,daily,OBM v0.1.0
2026-01-24,obm_cdd_per_supply_days_daily,0.175795499719,days,daily,OBM v0.1.0
2026-01-25,obm_cdd_per_supply_days_daily,0.188745830130,days,daily,OBM v0.1.0
2026-01-26,obm_cdd_per_supply_days_daily,0.367078410827,days,daily,OBM v0.1.0
2026-01-27,obm_cdd_per_supply_days_daily,0.283103904919,days,daily,OBM v0.1.0
2026-01-28,obm_cdd_per_supply_days_daily,0.341149597654,days,daily,OBM v0.1.0
2026-01-29,obm_cdd_per_supply_days_daily,0.331542906226,days,daily,OBM v0.1.0
2026-01-30,obm_cdd_per_supply_days_daily,0.593240904436,days,daily,OBM v0.1.0
2026-01-31,obm_cdd_per_supply_days_daily,0.529809452802,days,daily,OBM v0.1.0
2026-02-01,obm_cdd_per_supply_days_daily,0.476232906859,days,daily,OBM v0.1.0
2026-02-02,obm_cdd_per_supply_days_daily,1.045502432470,days,daily,OBM v0.1.0
2026-02-03,obm_cdd_per_supply_days_daily,0.674788519179,days,daily,OBM v0.1.0
2026-02-04,obm_cdd_per_supply_days_daily,0.761408144574,days,daily,OBM v0.1.0
2026-02-05,obm_cdd_per_supply_days_daily,1.843769267824,days,daily,OBM v0.1.0
2026-02-06,obm_cdd_per_supply_days_daily,1.249562544126,days,daily,OBM v0.1.0
2026-02-07,obm_cdd_per_supply_days_daily,0.418212164764,days,daily,OBM v0.1.0
2026-02-08,obm_cdd_per_supply_days_daily,0.295386583808,days,daily,OBM v0.1.0
2026-02-09,obm_cdd_per_supply_days_daily,0.448682211391,days,daily,OBM v0.1.0
2026-02-10,obm_cdd_per_supply_days_daily,0.975744041407,days,daily,OBM v0.1.0
2026-02-11,obm_cdd_per_supply_days_daily,0.423744097280,days,daily,OBM v0.1.0
2026-02-12,obm_cdd_per_supply_days_daily,0.427142196494,days,daily,OBM v0.1.0
2026-02-13,obm_cdd_per_supply_days_daily,0.854536193520,days,daily,OBM v0.1.0
2026-02-14,obm_cdd_per_supply_days_daily,0.165311543969,days,daily,OBM v0.1.0
2026-02-15,obm_cdd_per_supply_days_daily,0.113048742391,days,daily,OBM v0.1.0
2026-02-16,obm_cdd_per_supply_days_daily,0.203018640973,days,daily,OBM v0.1.0
2026-02-17,obm_cdd_per_supply_days_daily,0.268748674393,days,daily,OBM v0.1.0
2026-02-18,obm_cdd_per_supply_days_daily,0.643896482358,days,daily,OBM v0.1.0
2026-02-19,obm_cdd_per_supply_days_daily,0.423337747946,days,daily,OBM v0.1.0
2026-02-20,obm_cdd_per_supply_days_daily,0.400095621758,days,daily,OBM v0.1.0
2026-02-21,obm_cdd_per_supply_days_daily,0.238378321919,days,daily,OBM v0.1.0
2026-02-22,obm_cdd_per_supply_days_daily,0.111377893361,days,daily,OBM v0.1.0
2026-02-23,obm_cdd_per_supply_days_daily,0.446827192232,days,daily,OBM v0.1.0
2026-02-24,obm_cdd_per_supply_days_daily,0.570093496804,days,daily,OBM v0.1.0
2026-02-25,obm_cdd_per_supply_days_daily,0.348442005076,days,daily,OBM v0.1.0
2026-02-26,obm_cdd_per_supply_days_daily,0.453535947981,days,daily,OBM v0.1.0
2026-02-27,obm_cdd_per_supply_days_daily,0.304321275547,days,daily,OBM v0.1.0
2026-02-28,obm_cdd_per_supply_days_daily,0.123537097800,days,daily,OBM v0.1.0
2026-03-01,obm_cdd_per_supply_days_daily,0.139193737770,days,daily,OBM v0.1.0
2026-03-02,obm_cdd_per_supply_days_daily,0.271816917483,days,daily,OBM v0.1.0
2026-03-03,obm_cdd_per_supply_days_daily,0.242533152527,days,daily,OBM v0.1.0
2026-03-04,obm_cdd_per_supply_days_daily,0.326981539018,days,daily,OBM v0.1.0
2026-03-05,obm_cdd_per_supply_days_daily,0.335361665319,days,daily,OBM v0.1.0
2026-03-06,obm_cdd_per_supply_days_daily,0.541617879517,days,daily,OBM v0.1.0
2026-03-07,obm_cdd_per_supply_days_daily,0.143890211588,days,daily,OBM v0.1.0
2026-03-08,obm_cdd_per_supply_days_daily,0.204013019790,days,daily,OBM v0.1.0
2026-03-09,obm_cdd_per_supply_days_daily,0.448611935430,days,daily,OBM v0.1.0
2026-03-10,obm_cdd_per_supply_days_daily,0.216583399039,days,daily,OBM v0.1.0
2026-03-11,obm_cdd_per_supply_days_daily,0.466944866401,days,daily,OBM v0.1.0
2026-03-12,obm_cdd_per_supply_days_daily,0.762854585057,days,daily,OBM v0.1.0
2026-03-13,obm_cdd_per_supply_days_daily,0.375333629918,days,daily,OBM v0.1.0
2026-03-14,obm_cdd_per_supply_days_daily,0.204488069242,days,daily,OBM v0.1.0
2026-03-15,obm_cdd_per_supply_days_daily,0.121044073716,days,daily,OBM v0.1.0
2026-03-16,obm_cdd_per_supply_days_daily,0.532034597390,days,daily,OBM v0.1.0
2026-03-17,obm_cdd_per_supply_days_daily,0.416696844712,days,daily,OBM v0.1.0
2026-03-18,obm_cdd_per_supply_days_daily,0.242684440595,days,daily,OBM v0.1.0
2026-03-19,obm_cdd_per_supply_days_daily,0.265804076299,days,daily,OBM v0.1.0
2026-03-20,obm_cdd_per_supply_days_daily,0.747663960293,days,daily,OBM v0.1.0
2026-03-21,obm_cdd_per_supply_days_daily,0.088055624437,days,daily,OBM v0.1.0
2026-03-22,obm_cdd_per_supply_days_daily,1.354791732242,days,daily,OBM v0.1.0
2026-03-23,obm_cdd_per_supply_days_daily,0.424832009227,days,daily,OBM v0.1.0
2026-03-24,obm_cdd_per_supply_days_daily,0.550697744075,days,daily,OBM v0.1.0
2026-03-25,obm_cdd_per_supply_days_daily,0.291025364631,days,daily,OBM v0.1.0
2026-03-26,obm_cdd_per_supply_days_daily,0.388547677586,days,daily,OBM v0.1.0
2026-03-27,obm_cdd_per_supply_days_daily,0.292988191059,days,daily,OBM v0.1.0
2026-03-28,obm_cdd_per_supply_days_daily,0.218135890297,days,daily,OBM v0.1.0
2026-03-29,obm_cdd_per_supply_days_daily,0.132807983516,days,daily,OBM v0.1.0
2026-03-30,obm_cdd_per_supply_days_daily,0.324209384874,days,daily,OBM v0.1.0
2026-03-31,obm_cdd_per_supply_days_daily,1.196534420735,days,daily,OBM v0.1.0
2026-04-01,obm_cdd_per_supply_days_daily,0.256151565283,days,daily,OBM v0.1.0
2026-04-02,obm_cdd_per_supply_days_daily,0.317017606095,days,daily,OBM v0.1.0
2026-04-03,obm_cdd_per_supply_days_daily,0.193972981277,days,daily,OBM v0.1.0
2026-04-04,obm_cdd_per_supply_days_daily,0.123797784178,days,daily,OBM v0.1.0
2026-04-05,obm_cdd_per_supply_days_daily,0.739239032328,days,daily,OBM v0.1.0
2026-04-06,obm_cdd_per_supply_days_daily,0.276394376983,days,daily,OBM v0.1.0
2026-04-07,obm_cdd_per_supply_days_daily,0.353327837694,days,daily,OBM v0.1.0
2026-04-08,obm_cdd_per_supply_days_daily,0.214843657075,days,daily,OBM v0.1.0
2026-04-09,obm_cdd_per_supply_days_daily,0.320066604925,days,daily,OBM v0.1.0
2026-04-10,obm_cdd_per_supply_days_daily,0.284487914061,days,daily,OBM v0.1.0
2026-04-11,obm_cdd_per_supply_days_daily,0.206509653864,days,daily,OBM v0.1.0
2026-04-12,obm_cdd_per_supply_days_daily,0.238406513060,days,daily,OBM v0.1.0
2026-04-13,obm_cdd_per_supply_days_daily,0.333251952060,days,daily,OBM v0.1.0
2026-04-14,obm_cdd_per_supply_days_daily,0.980057998326,days,daily,OBM v0.1.0
2026-04-15,obm_cdd_per_supply_days_daily,0.349651667196,days,daily,OBM v0.1.0
2026-04-16,obm_cdd_per_supply_days_daily,0.553445982219,days,daily,OBM v0.1.0
2026-04-17,obm_cdd_per_supply_days_daily,0.432002417262,days,daily,OBM v0.1.0
2026-04-18,obm_cdd_per_supply_days_daily,0.228607321466,days,daily,OBM v0.1.0
2026-04-19,obm_cdd_per_supply_days_daily,0.171169055605,days,daily,OBM v0.1.0
2026-04-20,obm_cdd_per_supply_days_daily,0.605852313864,days,daily,OBM v0.1.0
2026-04-21,obm_cdd_per_supply_days_daily,1.339372262776,days,daily,OBM v0.1.0
2026-04-22,obm_cdd_per_supply_days_daily,0.725519002755,days,daily,OBM v0.1.0
2026-04-23,obm_cdd_per_supply_days_daily,0.375589055145,days,daily,OBM v0.1.0
2026-04-24,obm_cdd_per_supply_days_daily,1.889988255723,days,daily,OBM v0.1.0
2026-04-25,obm_cdd_per_supply_days_daily,0.088841348281,days,daily,OBM v0.1.0
2026-04-26,obm_cdd_per_supply_days_daily,0.145296626797,days,daily,OBM v0.1.0
2026-04-27,obm_cdd_per_supply_days_daily,0.287729131439,days,daily,OBM v0.1.0
2026-04-28,obm_cdd_per_supply_days_daily,0.327746900593,days,daily,OBM v0.1.0
2026-04-29,obm_cdd_per_supply_days_daily,0.410941575484,days,daily,OBM v0.1.0
2026-04-30,obm_cdd_per_supply_days_daily,0.452187062126,days,daily,OBM v0.1.0
2026-05-01,obm_cdd_per_supply_days_daily,0.611982396945,days,daily,OBM v0.1.0
2026-05-02,obm_cdd_per_supply_days_daily,0.181003110300,days,daily,OBM v0.1.0
2026-05-03,obm_cdd_per_supply_days_daily,0.452035056520,days,daily,OBM v0.1.0
2026-05-04,obm_cdd_per_supply_days_daily,1.039753480388,days,daily,OBM v0.1.0
2026-05-05,obm_cdd_per_supply_days_daily,0.287361352504,days,daily,OBM v0.1.0
2026-05-06,obm_cdd_per_supply_days_daily,0.289920326648,days,daily,OBM v0.1.0
2026-05-07,obm_cdd_per_supply_days_daily,0.432047347455,days,daily,OBM v0.1.0
2026-05-08,obm_cdd_per_supply_days_daily,0.278360907480,days,daily,OBM v0.1.0
2026-05-09,obm_cdd_per_supply_days_daily,0.194695562292,days,daily,OBM v0.1.0
2026-05-10,obm_cdd_per_supply_days_daily,0.332781353436,days,daily,OBM v0.1.0
2026-05-11,obm_cdd_per_supply_days_daily,0.263439866799,days,daily,OBM v0.1.0
2026-05-12,obm_cdd_per_supply_days_daily,0.253699593581,days,daily,OBM v0.1.0
2026-05-13,obm_cdd_per_supply_days_daily,0.463260198329,days,daily,OBM v0.1.0
2026-05-14,obm_cdd_per_supply_days_daily,0.408020611939,days,daily,OBM v0.1.0
2026-05-15,obm_cdd_per_supply_days_daily,0.241263864505,days,daily,OBM v0.1.0
2026-05-16,obm_cdd_per_supply_days_daily,0.165563676528,days,daily,OBM v0.1.0
2026-05-17,obm_cdd_per_supply_days_daily,0.102970672774,days,daily,OBM v0.1.0
2026-05-18,obm_cdd_per_supply_days_daily,0.362592859680,days,daily,OBM v0.1.0
2026-05-19,obm_cdd_per_supply_days_daily,0.475148567739,days,daily,OBM v0.1.0
2026-05-20,obm_cdd_per_supply_days_daily,0.285649230446,days,daily,OBM v0.1.0
2026-05-21,obm_cdd_per_supply_days_daily,0.583693392971,days,daily,OBM v0.1.0
2026-05-22,obm_cdd_per_supply_days_daily,0.583527805790,days,daily,OBM v0.1.0
2026-05-23,obm_cdd_per_supply_days_daily,0.180860087966,days,daily,OBM v0.1.0
2026-05-24,obm_cdd_per_supply_days_daily,0.216823563773,days,daily,OBM v0.1.0
2026-05-25,obm_cdd_per_supply_days_daily,0.233503481685,days,daily,OBM v0.1.0
2026-05-26,obm_cdd_per_supply_days_daily,0.430292638462,days,daily,OBM v0.1.0
2026-05-27,obm_cdd_per_supply_days_daily,0.387964036225,days,daily,OBM v0.1.0
2026-05-28,obm_cdd_per_supply_days_daily,0.725809769606,days,daily,OBM v0.1.0
2026-05-29,obm_cdd_per_supply_days_daily,0.697929224688,days,daily,OBM v0.1.0
2026-05-30,obm_cdd_per_supply_days_daily,0.287931923011,days,daily,OBM v0.1.0
2026-05-31,obm_cdd_per_supply_days_daily,0.186381677397,days,daily,OBM v0.1.0
2026-06-01,obm_cdd_per_supply_days_daily,0.461041207701,days,daily,OBM v0.1.0
2026-06-02,obm_cdd_per_supply_days_daily,0.760830423297,days,daily,OBM v0.1.0
2026-06-03,obm_cdd_per_supply_days_daily,0.627473995782,days,daily,OBM v0.1.0
2026-06-04,obm_cdd_per_supply_days_daily,0.478813817786,days,daily,OBM v0.1.0
2026-06-05,obm_cdd_per_supply_days_daily,0.754703273055,days,daily,OBM v0.1.0
2026-06-06,obm_cdd_per_supply_days_daily,0.381870051198,days,daily,OBM v0.1.0
2026-06-07,obm_cdd_per_supply_days_daily,0.452390077089,days,daily,OBM v0.1.0
2026-06-08,obm_cdd_per_supply_days_daily,0.297216381090,days,daily,OBM v0.1.0
2026-06-09,obm_cdd_per_supply_days_daily,0.465719955840,days,daily,OBM v0.1.0
2026-06-10,obm_cdd_per_supply_days_daily,0.337091631891,days,daily,OBM v0.1.0
2026-06-11,obm_cdd_per_supply_days_daily,0.498401195895,days,daily,OBM v0.1.0
2026-06-12,obm_cdd_per_supply_days_daily,0.288364302808,days,daily,OBM v0.1.0
2026-06-13,obm_cdd_per_supply_days_daily,0.086003569971,days,daily,OBM v0.1.0
2026-06-14,obm_cdd_per_supply_days_daily,0.257730142741,days,daily,OBM v0.1.0
2026-06-15,obm_cdd_per_supply_days_daily,0.540240737248,days,daily,OBM v0.1.0
2026-06-16,obm_cdd_per_supply_days_daily,0.589152197536,days,daily,OBM v0.1.0
2026-06-17,obm_cdd_per_supply_days_daily,0.258142084267,days,daily,OBM v0.1.0
2026-06-18,obm_cdd_per_supply_days_daily,0.259745058302,days,daily,OBM v0.1.0
2026-06-19,obm_cdd_per_supply_days_daily,0.253941042771,days,daily,OBM v0.1.0
2026-06-20,obm_cdd_per_supply_days_daily,0.068969879200,days,daily,OBM v0.1.0
2026-06-21,obm_cdd_per_supply_days_daily,1.711981734684,days,daily,OBM v0.1.0
2026-06-22,obm_cdd_per_supply_days_daily,0.227570396453,days,daily,OBM v0.1.0
2026-06-23,obm_cdd_per_supply_days_daily,0.680081305712,days,daily,OBM v0.1.0
2026-06-24,obm_cdd_per_supply_days_daily,0.371161474889,days,daily,OBM v0.1.0
2026-06-25,obm_cdd_per_supply_days_daily,0.676759445909,days,daily,OBM v0.1.0
2026-06-26,obm_cdd_per_supply_days_daily,0.479680818749,days,daily,OBM v0.1.0
2026-06-27,obm_cdd_per_supply_days_daily,0.189902934823,days,daily,OBM v0.1.0
2026-06-28,obm_cdd_per_supply_days_daily,0.243207809549,days,daily,OBM v0.1.0
2026-06-29,obm_cdd_per_supply_days_daily,0.556774908939,days,daily,OBM v0.1.0
2026-06-30,obm_cdd_per_supply_days_daily,0.651693686389,days,daily,OBM v0.1.0
2026-07-01,obm_cdd_per_supply_days_daily,0.639073059703,days,daily,OBM v0.1.0
2026-07-02,obm_cdd_per_supply_days_daily,1.640859659602,days,daily,OBM v0.1.0
2026-07-03,obm_cdd_per_supply_days_daily,0.299806669369,days,daily,OBM v0.1.0
2026-07-04,obm_cdd_per_supply_days_daily,0.153923093551,days,daily,OBM v0.1.0
2026-07-05,obm_cdd_per_supply_days_daily,0.188573053767,days,daily,OBM v0.1.0
2026-07-06,obm_cdd_per_supply_days_daily,0.344520271143,days,daily,OBM v0.1.0
2026-07-07,obm_cdd_per_supply_days_daily,0.430976345678,days,daily,OBM v0.1.0
2026-07-08,obm_cdd_per_supply_days_daily,0.208860643581,days,daily,OBM v0.1.0
2026-07-09,obm_cdd_per_supply_days_daily,0.198052417788,days,daily,OBM v0.1.0
2026-07-10,obm_cdd_per_supply_days_daily,0.524149265941,days,daily,OBM v0.1.0
2026-07-11,obm_cdd_per_supply_days_daily,0.088792782936,days,daily,OBM v0.1.0
2026-07-12,obm_cdd_per_supply_days_daily,0.685630940820,days,daily,OBM v0.1.0
2026-07-13,obm_cdd_per_supply_days_daily,1.066407215612,days,daily,OBM v0.1.0
2026-07-14,obm_cdd_per_supply_days_daily,0.658823510659,days,daily,OBM v0.1.0
2026-07-15,obm_cdd_per_supply_days_daily,0.604121759005,days,daily,OBM v0.1.0
2026-07-16,obm_cdd_per_supply_days_daily,1.247831183777,days,daily,OBM v0.1.0
2026-07-17,obm_cdd_per_supply_days_daily,0.799029722790,days,daily,OBM v0.1.0
2026-07-18,obm_cdd_per_supply_days_daily,0.225129987822,days,daily,OBM v0.1.0
2026-07-19,obm_cdd_per_supply_days_daily,0.340842319416,days,daily,OBM v0.1.0
2026-07-20,obm_cdd_per_supply_days_daily,0.820618953573,days,daily,OBM v0.1.0
2026-07-21,obm_cdd_per_supply_days_daily,0.312447495700,days,daily,OBM v0.1.0
2026-07-22,obm_cdd_per_supply_days_daily,0.488508986874,days,daily,OBM v0.1.0
2026-07-23,obm_cdd_per_supply_days_daily,0.226602366749,days,daily,OBM v0.1.0
2026-07-24,obm_cdd_per_supply_days_daily,0.252799915936,days,daily,OBM v0.1.0
2026-07-25,obm_cdd_per_supply_days_daily,1.495849277565,days,daily,OBM v0.1.0
2026-07-26,obm_cdd_per_supply_days_daily,0.161710476030,days,daily,OBM v0.1.0
2026-07-27,obm_cdd_per_supply_days_daily,0.481665704496,days,daily,OBM v0.1.0
2026-07-28,obm_cdd_per_supply_days_daily,0.376068375072,days,daily,OBM v0.1.0
2026-07-29,obm_cdd_per_supply_days_daily,0.452476660938,days,daily,OBM v0.1.0
2026-07-30,obm_cdd_per_supply_days_daily,0.571787760643,days,daily,OBM v0.1.0
2026-07-31,obm_cdd_per_supply_days_daily,3.145222807488,days,daily,OBM v0.1.0
2026-08-01,obm_cdd_per_supply_days_daily,2.408207048314,days,daily,OBM v0.1.0
2026-08-02,obm_cdd_per_supply_days_daily,1.104431385845,days,daily,OBM v0.1.0
2026-08-03,obm_cdd_per_supply_days_daily,1.501942830710,days,daily,OBM v0.1.0
2026-08-04,obm_cdd_per_supply_days_daily,1.171711437398,days,daily,OBM v0.1.0
2026-08-05,obm_cdd_per_supply_days_daily,0.994550954703,days,daily,OBM v0.1.0
2026-08-06,obm_cdd_per_supply_days_daily,0.817313184886,days,daily,OBM v0.1.0
2026-08-07,obm_cdd_per_supply_days_daily,0.785777260287,days,daily,OBM v0.1.0
2026-08-08,obm_cdd_per_supply_days_daily,0.352061996425,days,daily,OBM v0.1.0
2026-08-09,obm_cdd_per_supply_days_daily,0.286082642629,days,daily,OBM v0.1.0
2026-08-10,obm_cdd_per_supply_days_daily,0.461588019410,days,daily,OBM v0.1.0
2026-08-11,obm_cdd_per_supply_days_daily,0.496993490722,days,daily,OBM v0.1.0
2026-08-12,obm_cdd_per_supply_days_daily,0.865636130845,days,daily,OBM v0.1.0
2026-08-13,obm_cdd_per_supply_days_daily,0.521029584087,days,daily,OBM v0.1.0
2026-08-14,obm_cdd_per_supply_days_daily,0.394819234202,days,daily,OBM v0.1.0
2026-08-15,obm_cdd_per_supply_days_daily,0.207679893584,days,daily,OBM v0.1.0
2026-08-16,obm_cdd_per_supply_days_daily,0.330820220388,days,daily,OBM v0.1.0
2026-08-17,obm_cdd_per_supply_days_daily,0.411589262911,days,daily,OBM v0.1.0
2026-08-18,obm_cdd_per_supply_days_daily,0.470679611573,days,daily,OBM v0.1.0
2026-08-19,obm_cdd_per_supply_days_daily,0.923838883383,days,daily,OBM v0.1.0
2026-08-20,obm_cdd_per_supply_days_daily,0.952030390507,days,daily,OBM v0.1.0
2026-08-21,obm_cdd_per_supply_days_daily,1.038566489311,days,daily,OBM v0.1.0
2026-08-22,obm_cdd_per_supply_days_daily,0.599023604629,days,daily,OBM v0.1.0
2026-08-23,obm_cdd_per_supply_days_daily,0.244803564291,days,daily,OBM v0.1.0
2026-08-24,obm_cdd_per_supply_days_daily,0.577652747350,days,daily,OBM v0.1.0
2026-08-25,obm_cdd_per_supply_days_daily,0.894983569101,days,daily,OBM v0.1.0
2026-08-26,obm_cdd_per_supply_days_daily,0.543457453210,days,daily,OBM v0.1.0
