date,series_id,value,unit,frequency,release_version
2009-01-01,obm_supply_btc_daily,0.00000000,BTC,daily,OBM v0.1.0
2009-01-02,obm_supply_btc_daily,0.00000000,BTC,daily,OBM v0.1.0
2009-01-03,obm_supply_btc_daily,50.00000000,BTC,daily,OBM v0.1.0
2009-01-04,obm_supply_btc_daily,50.00000000,BTC,daily,OBM v0.1.0
2009-01-05,obm_supply_btc_daily,50.00000000,BTC,daily,OBM v0.1.0
2009-01-06,obm_supply_btc_daily,50.00000000,BTC,daily,OBM v0.1.0
2009-01-07,obm_supply_btc_daily,50.00000000,BTC,daily,OBM v0.1.0
2009-01-08,obm_supply_btc_daily,50.00000000,BTC,daily,OBM v0.1.0
2009-01-09,obm_supply_btc_daily,750.00000000,BTC,daily,OBM v0.1.0
2009-01-10,obm_supply_btc_daily,3800.00000000,BTC,daily,OBM v0.1.0
2009-01-11,obm_supply_btc_daily,8450.00000000,BTC,daily,OBM v0.1.0
2009-01-12,obm_supply_btc_daily,13150.00000000,BTC,daily,OBM v0.1.0
2009-01-13,obm_supply_btc_daily,19300.00000000,BTC,daily,OBM v0.1.0
2009-01-14,obm_supply_btc_daily,25750.00000000,BTC,daily,OBM v0.1.0
2009-01-15,obm_supply_btc_daily,32050.00000000,BTC,daily,OBM v0.1.0
2009-01-16,obm_supply_btc_daily,37450.00000000,BTC,daily,OBM v0.1.0
2009-01-17,obm_supply_btc_daily,42900.00000000,BTC,daily,OBM v0.1.0
2009-01-18,obm_supply_btc_daily,48250.00000000,BTC,daily,OBM v0.1.0
2009-01-19,obm_supply_btc_daily,54000.00000000,BTC,daily,OBM v0.1.0
2009-01-20,obm_supply_btc_daily,59700.00000000,BTC,daily,OBM v0.1.0
2009-01-21,obm_supply_btc_daily,64800.00000000,BTC,daily,OBM v0.1.0
2009-01-22,obm_supply_btc_daily,69350.00000000,BTC,daily,OBM v0.1.0
2009-01-23,obm_supply_btc_daily,73550.00000000,BTC,daily,OBM v0.1.0
2009-01-24,obm_supply_btc_daily,83600.00000000,BTC,daily,OBM v0.1.0
2009-01-25,obm_supply_btc_daily,93150.00000000,BTC,daily,OBM v0.1.0
2009-01-26,obm_supply_btc_daily,97950.00000000,BTC,daily,OBM v0.1.0
2009-01-27,obm_supply_btc_daily,102800.00000000,BTC,daily,OBM v0.1.0
2009-01-28,obm_supply_btc_daily,108400.00000000,BTC,daily,OBM v0.1.0
2009-01-29,obm_supply_btc_daily,114450.00000000,BTC,daily,OBM v0.1.0
2009-01-30,obm_supply_btc_daily,120300.00000000,BTC,daily,OBM v0.1.0
2009-01-31,obm_supply_btc_daily,127200.00000000,BTC,daily,OBM v0.1.0
2009-02-01,obm_supply_btc_daily,132850.00000000,BTC,daily,OBM v0.1.0
2009-02-02,obm_supply_btc_daily,139250.00000000,BTC,daily,OBM v0.1.0
2009-02-03,obm_supply_btc_daily,146200.00000000,BTC,daily,OBM v0.1.0
2009-02-04,obm_supply_btc_daily,152150.00000000,BTC,daily,OBM v0.1.0
2009-02-05,obm_supply_btc_daily,158450.00000000,BTC,daily,OBM v0.1.0
2009-02-06,obm_supply_btc_daily,164550.00000000,BTC,daily,OBM v0.1.0
2009-02-07,obm_supply_btc_daily,171000.00000000,BTC,daily,OBM v0.1.0
2009-02-08,obm_supply_btc_daily,177600.00000000,BTC,daily,OBM v0.1.0
2009-02-09,obm_supply_btc_daily,184300.00000000,BTC,daily,OBM v0.1.0
2009-02-10,obm_supply_btc_daily,190300.00000000,BTC,daily,OBM v0.1.0
2009-02-11,obm_supply_btc_daily,196950.00000000,BTC,daily,OBM v0.1.0
2009-02-12,obm_supply_btc_daily,202900.00000000,BTC,daily,OBM v0.1.0
2009-02-13,obm_supply_btc_daily,209100.00000000,BTC,daily,OBM v0.1.0
2009-02-14,obm_supply_btc_daily,215900.00000000,BTC,daily,OBM v0.1.0
2009-02-15,obm_supply_btc_daily,222300.00000000,BTC,daily,OBM v0.1.0
2009-02-16,obm_supply_btc_daily,228400.00000000,BTC,daily,OBM v0.1.0
2009-02-17,obm_supply_btc_daily,234250.00000000,BTC,daily,OBM v0.1.0
2009-02-18,obm_supply_btc_daily,240150.00000000,BTC,daily,OBM v0.1.0
2009-02-19,obm_supply_btc_daily,246350.00000000,BTC,daily,OBM v0.1.0
2009-02-20,obm_supply_btc_daily,252450.00000000,BTC,daily,OBM v0.1.0
2009-02-21,obm_supply_btc_daily,258150.00000000,BTC,daily,OBM v0.1.0
2009-02-22,obm_supply_btc_daily,264200.00000000,BTC,daily,OBM v0.1.0
2009-02-23,obm_supply_btc_daily,269600.00000000,BTC,daily,OBM v0.1.0
2009-02-24,obm_supply_btc_daily,274900.00000000,BTC,daily,OBM v0.1.0
2009-02-25,obm_supply_btc_daily,280150.00000000,BTC,daily,OBM v0.1.0
2009-02-26,obm_supply_btc_daily,285500.00000000,BTC,daily,OBM v0.1.0
2009-02-27,obm_supply_btc_daily,291250.00000000,BTC,daily,OBM v0.1.0
2009-02-28,obm_supply_btc_daily,296200.00000000,BTC,daily,OBM v0.1.0
2009-03-01,obm_supply_btc_daily,301450.00000000,BTC,daily,OBM v0.1.0
2009-03-02,obm_supply_btc_daily,306850.00000000,BTC,daily,OBM v0.1.0
2009-03-03,obm_supply_btc_daily,312100.00000000,BTC,daily,OBM v0.1.0
2009-03-04,obm_supply_btc_daily,317300.00000000,BTC,daily,OBM v0.1.0
2009-03-05,obm_supply_btc_daily,322900.00000000,BTC,daily,OBM v0.1.0
2009-03-06,obm_supply_btc_daily,328750.00000000,BTC,daily,OBM v0.1.0
2009-03-07,obm_supply_btc_daily,334200.00000000,BTC,daily,OBM v0.1.0
2009-03-08,obm_supply_btc_daily,339950.00000000,BTC,daily,OBM v0.1.0
2009-03-09,obm_supply_btc_daily,345350.00000000,BTC,daily,OBM v0.1.0
2009-03-10,obm_supply_btc_daily,350700.00000000,BTC,daily,OBM v0.1.0
2009-03-11,obm_supply_btc_daily,356400.00000000,BTC,daily,OBM v0.1.0
2009-03-12,obm_supply_btc_daily,362300.00000000,BTC,daily,OBM v0.1.0
2009-03-13,obm_supply_btc_daily,367950.00000000,BTC,daily,OBM v0.1.0
2009-03-14,obm_supply_btc_daily,373450.00000000,BTC,daily,OBM v0.1.0
2009-03-15,obm_supply_btc_daily,379600.00000000,BTC,daily,OBM v0.1.0
2009-03-16,obm_supply_btc_daily,385650.00000000,BTC,daily,OBM v0.1.0
2009-03-17,obm_supply_btc_daily,391350.00000000,BTC,daily,OBM v0.1.0
2009-03-18,obm_supply_btc_daily,397050.00000000,BTC,daily,OBM v0.1.0
2009-03-19,obm_supply_btc_daily,403150.00000000,BTC,daily,OBM v0.1.0
2009-03-20,obm_supply_btc_daily,409050.00000000,BTC,daily,OBM v0.1.0
2009-03-21,obm_supply_btc_daily,411550.00000000,BTC,daily,OBM v0.1.0
2009-03-22,obm_supply_btc_daily,417500.00000000,BTC,daily,OBM v0.1.0
2009-03-23,obm_supply_btc_daily,424000.00000000,BTC,daily,OBM v0.1.0
2009-03-24,obm_supply_btc_daily,429250.00000000,BTC,daily,OBM v0.1.0
2009-03-25,obm_supply_btc_daily,435100.00000000,BTC,daily,OBM v0.1.0
2009-03-26,obm_supply_btc_daily,440950.00000000,BTC,daily,OBM v0.1.0
2009-03-27,obm_supply_btc_daily,446250.00000000,BTC,daily,OBM v0.1.0
2009-03-28,obm_supply_btc_daily,452200.00000000,BTC,daily,OBM v0.1.0
2009-03-29,obm_supply_btc_daily,458000.00000000,BTC,daily,OBM v0.1.0
2009-03-30,obm_supply_btc_daily,464000.00000000,BTC,daily,OBM v0.1.0
2009-03-31,obm_supply_btc_daily,469500.00000000,BTC,daily,OBM v0.1.0
2009-04-01,obm_supply_btc_daily,475200.00000000,BTC,daily,OBM v0.1.0
2009-04-02,obm_supply_btc_daily,480950.00000000,BTC,daily,OBM v0.1.0
2009-04-03,obm_supply_btc_daily,486750.00000000,BTC,daily,OBM v0.1.0
2009-04-04,obm_supply_btc_daily,492400.00000000,BTC,daily,OBM v0.1.0
2009-04-05,obm_supply_btc_daily,498900.00000000,BTC,daily,OBM v0.1.0
2009-04-06,obm_supply_btc_daily,504350.00000000,BTC,daily,OBM v0.1.0
2009-04-07,obm_supply_btc_daily,509350.00000000,BTC,daily,OBM v0.1.0
2009-04-08,obm_supply_btc_daily,514600.00000000,BTC,daily,OBM v0.1.0
2009-04-09,obm_supply_btc_daily,519550.00000000,BTC,daily,OBM v0.1.0
2009-04-10,obm_supply_btc_daily,524950.00000000,BTC,daily,OBM v0.1.0
2009-04-11,obm_supply_btc_daily,530950.00000000,BTC,daily,OBM v0.1.0
2009-04-12,obm_supply_btc_daily,536850.00000000,BTC,daily,OBM v0.1.0
2009-04-13,obm_supply_btc_daily,542600.00000000,BTC,daily,OBM v0.1.0
2009-04-14,obm_supply_btc_daily,548800.00000000,BTC,daily,OBM v0.1.0
2009-04-15,obm_supply_btc_daily,554450.00000000,BTC,daily,OBM v0.1.0
2009-04-16,obm_supply_btc_daily,560600.00000000,BTC,daily,OBM v0.1.0
2009-04-17,obm_supply_btc_daily,566200.00000000,BTC,daily,OBM v0.1.0
2009-04-18,obm_supply_btc_daily,572500.00000000,BTC,daily,OBM v0.1.0
2009-04-19,obm_supply_btc_daily,578450.00000000,BTC,daily,OBM v0.1.0
2009-04-20,obm_supply_btc_daily,584400.00000000,BTC,daily,OBM v0.1.0
2009-04-21,obm_supply_btc_daily,590550.00000000,BTC,daily,OBM v0.1.0
2009-04-22,obm_supply_btc_daily,596600.00000000,BTC,daily,OBM v0.1.0
2009-04-23,obm_supply_btc_daily,600350.00000000,BTC,daily,OBM v0.1.0
2009-04-24,obm_supply_btc_daily,606100.00000000,BTC,daily,OBM v0.1.0
2009-04-25,obm_supply_btc_daily,612000.00000000,BTC,daily,OBM v0.1.0
2009-04-26,obm_supply_btc_daily,617600.00000000,BTC,daily,OBM v0.1.0
2009-04-27,obm_supply_btc_daily,622800.00000000,BTC,daily,OBM v0.1.0
2009-04-28,obm_supply_btc_daily,628650.00000000,BTC,daily,OBM v0.1.0
2009-04-29,obm_supply_btc_daily,635050.00000000,BTC,daily,OBM v0.1.0
2009-04-30,obm_supply_btc_daily,641600.00000000,BTC,daily,OBM v0.1.0
2009-05-01,obm_supply_btc_daily,647650.00000000,BTC,daily,OBM v0.1.0
2009-05-02,obm_supply_btc_daily,653950.00000000,BTC,daily,OBM v0.1.0
2009-05-03,obm_supply_btc_daily,659250.00000000,BTC,daily,OBM v0.1.0
2009-05-04,obm_supply_btc_daily,665650.00000000,BTC,daily,OBM v0.1.0
2009-05-05,obm_supply_btc_daily,672400.00000000,BTC,daily,OBM v0.1.0
2009-05-06,obm_supply_btc_daily,679150.00000000,BTC,daily,OBM v0.1.0
2009-05-07,obm_supply_btc_daily,685250.00000000,BTC,daily,OBM v0.1.0
2009-05-08,obm_supply_btc_daily,690600.00000000,BTC,daily,OBM v0.1.0
2009-05-09,obm_supply_btc_daily,694500.00000000,BTC,daily,OBM v0.1.0
2009-05-10,obm_supply_btc_daily,698750.00000000,BTC,daily,OBM v0.1.0
2009-05-11,obm_supply_btc_daily,704750.00000000,BTC,daily,OBM v0.1.0
2009-05-12,obm_supply_btc_daily,711250.00000000,BTC,daily,OBM v0.1.0
2009-05-13,obm_supply_btc_daily,716800.00000000,BTC,daily,OBM v0.1.0
2009-05-14,obm_supply_btc_daily,723750.00000000,BTC,daily,OBM v0.1.0
2009-05-15,obm_supply_btc_daily,730550.00000000,BTC,daily,OBM v0.1.0
2009-05-16,obm_supply_btc_daily,736500.00000000,BTC,daily,OBM v0.1.0
2009-05-17,obm_supply_btc_daily,742850.00000000,BTC,daily,OBM v0.1.0
2009-05-18,obm_supply_btc_daily,748750.00000000,BTC,daily,OBM v0.1.0
2009-05-19,obm_supply_btc_daily,753050.00000000,BTC,daily,OBM v0.1.0
2009-05-20,obm_supply_btc_daily,759050.00000000,BTC,daily,OBM v0.1.0
2009-05-21,obm_supply_btc_daily,763150.00000000,BTC,daily,OBM v0.1.0
2009-05-22,obm_supply_btc_daily,766200.00000000,BTC,daily,OBM v0.1.0
2009-05-23,obm_supply_btc_daily,767800.00000000,BTC,daily,OBM v0.1.0
2009-05-24,obm_supply_btc_daily,772800.00000000,BTC,daily,OBM v0.1.0
2009-05-25,obm_supply_btc_daily,778250.00000000,BTC,daily,OBM v0.1.0
2009-05-26,obm_supply_btc_daily,784500.00000000,BTC,daily,OBM v0.1.0
2009-05-27,obm_supply_btc_daily,790450.00000000,BTC,daily,OBM v0.1.0
2009-05-28,obm_supply_btc_daily,795200.00000000,BTC,daily,OBM v0.1.0
2009-05-29,obm_supply_btc_daily,800500.00000000,BTC,daily,OBM v0.1.0
2009-05-30,obm_supply_btc_daily,805950.00000000,BTC,daily,OBM v0.1.0
2009-05-31,obm_supply_btc_daily,810750.00000000,BTC,daily,OBM v0.1.0
2009-06-01,obm_supply_btc_daily,814300.00000000,BTC,daily,OBM v0.1.0
2009-06-02,obm_supply_btc_daily,819850.00000000,BTC,daily,OBM v0.1.0
2009-06-03,obm_supply_btc_daily,823400.00000000,BTC,daily,OBM v0.1.0
2009-06-04,obm_supply_btc_daily,826700.00000000,BTC,daily,OBM v0.1.0
2009-06-05,obm_supply_btc_daily,828200.00000000,BTC,daily,OBM v0.1.0
2009-06-06,obm_supply_btc_daily,829600.00000000,BTC,daily,OBM v0.1.0
2009-06-07,obm_supply_btc_daily,830400.00000000,BTC,daily,OBM v0.1.0
2009-06-08,obm_supply_btc_daily,834500.00000000,BTC,daily,OBM v0.1.0
2009-06-09,obm_supply_btc_daily,839050.00000000,BTC,daily,OBM v0.1.0
2009-06-10,obm_supply_btc_daily,843150.00000000,BTC,daily,OBM v0.1.0
2009-06-11,obm_supply_btc_daily,847600.00000000,BTC,daily,OBM v0.1.0
2009-06-12,obm_supply_btc_daily,851900.00000000,BTC,daily,OBM v0.1.0
2009-06-13,obm_supply_btc_daily,855800.00000000,BTC,daily,OBM v0.1.0
2009-06-14,obm_supply_btc_daily,859400.00000000,BTC,daily,OBM v0.1.0
2009-06-15,obm_supply_btc_daily,863600.00000000,BTC,daily,OBM v0.1.0
2009-06-16,obm_supply_btc_daily,867150.00000000,BTC,daily,OBM v0.1.0
2009-06-17,obm_supply_btc_daily,871100.00000000,BTC,daily,OBM v0.1.0
2009-06-18,obm_supply_btc_daily,875100.00000000,BTC,daily,OBM v0.1.0
2009-06-19,obm_supply_btc_daily,879450.00000000,BTC,daily,OBM v0.1.0
2009-06-20,obm_supply_btc_daily,883350.00000000,BTC,daily,OBM v0.1.0
2009-06-21,obm_supply_btc_daily,887400.00000000,BTC,daily,OBM v0.1.0
2009-06-22,obm_supply_btc_daily,891200.00000000,BTC,daily,OBM v0.1.0
2009-06-23,obm_supply_btc_daily,895000.00000000,BTC,daily,OBM v0.1.0
2009-06-24,obm_supply_btc_daily,899750.00000000,BTC,daily,OBM v0.1.0
2009-06-25,obm_supply_btc_daily,903150.00000000,BTC,daily,OBM v0.1.0
2009-06-26,obm_supply_btc_daily,907650.00000000,BTC,daily,OBM v0.1.0
2009-06-27,obm_supply_btc_daily,911850.00000000,BTC,daily,OBM v0.1.0
2009-06-28,obm_supply_btc_daily,914150.00000000,BTC,daily,OBM v0.1.0
2009-06-29,obm_supply_btc_daily,918300.00000000,BTC,daily,OBM v0.1.0
2009-06-30,obm_supply_btc_daily,922550.00000000,BTC,daily,OBM v0.1.0
2009-07-01,obm_supply_btc_daily,926250.00000000,BTC,daily,OBM v0.1.0
2009-07-02,obm_supply_btc_daily,930400.00000000,BTC,daily,OBM v0.1.0
2009-07-03,obm_supply_btc_daily,934500.00000000,BTC,daily,OBM v0.1.0
2009-07-04,obm_supply_btc_daily,938950.00000000,BTC,daily,OBM v0.1.0
2009-07-05,obm_supply_btc_daily,942900.00000000,BTC,daily,OBM v0.1.0
2009-07-06,obm_supply_btc_daily,947100.00000000,BTC,daily,OBM v0.1.0
2009-07-07,obm_supply_btc_daily,950550.00000000,BTC,daily,OBM v0.1.0
2009-07-08,obm_supply_btc_daily,954250.00000000,BTC,daily,OBM v0.1.0
2009-07-09,obm_supply_btc_daily,958550.00000000,BTC,daily,OBM v0.1.0
2009-07-10,obm_supply_btc_daily,962600.00000000,BTC,daily,OBM v0.1.0
2009-07-11,obm_supply_btc_daily,966750.00000000,BTC,daily,OBM v0.1.0
2009-07-12,obm_supply_btc_daily,970600.00000000,BTC,daily,OBM v0.1.0
2009-07-13,obm_supply_btc_daily,974500.00000000,BTC,daily,OBM v0.1.0
2009-07-14,obm_supply_btc_daily,977950.00000000,BTC,daily,OBM v0.1.0
2009-07-15,obm_supply_btc_daily,980200.00000000,BTC,daily,OBM v0.1.0
2009-07-16,obm_supply_btc_daily,983750.00000000,BTC,daily,OBM v0.1.0
2009-07-17,obm_supply_btc_daily,986100.00000000,BTC,daily,OBM v0.1.0
2009-07-18,obm_supply_btc_daily,986300.00000000,BTC,daily,OBM v0.1.0
2009-07-19,obm_supply_btc_daily,989800.00000000,BTC,daily,OBM v0.1.0
2009-07-20,obm_supply_btc_daily,993300.00000000,BTC,daily,OBM v0.1.0
2009-07-21,obm_supply_btc_daily,997400.00000000,BTC,daily,OBM v0.1.0
2009-07-22,obm_supply_btc_daily,1000400.00000000,BTC,daily,OBM v0.1.0
2009-07-23,obm_supply_btc_daily,1004200.00000000,BTC,daily,OBM v0.1.0
2009-07-24,obm_supply_btc_daily,1007850.00000000,BTC,daily,OBM v0.1.0
2009-07-25,obm_supply_btc_daily,1009450.00000000,BTC,daily,OBM v0.1.0
2009-07-26,obm_supply_btc_daily,1010500.00000000,BTC,daily,OBM v0.1.0
2009-07-27,obm_supply_btc_daily,1014200.00000000,BTC,daily,OBM v0.1.0
2009-07-28,obm_supply_btc_daily,1016250.00000000,BTC,daily,OBM v0.1.0
2009-07-29,obm_supply_btc_daily,1017200.00000000,BTC,daily,OBM v0.1.0
2009-07-30,obm_supply_btc_daily,1017950.00000000,BTC,daily,OBM v0.1.0
2009-07-31,obm_supply_btc_daily,1018800.00000000,BTC,daily,OBM v0.1.0
2009-08-01,obm_supply_btc_daily,1020200.00000000,BTC,daily,OBM v0.1.0
2009-08-02,obm_supply_btc_daily,1021350.00000000,BTC,daily,OBM v0.1.0
2009-08-03,obm_supply_btc_daily,1021950.00000000,BTC,daily,OBM v0.1.0
2009-08-04,obm_supply_btc_daily,1026000.00000000,BTC,daily,OBM v0.1.0
2009-08-05,obm_supply_btc_daily,1030350.00000000,BTC,daily,OBM v0.1.0
2009-08-06,obm_supply_btc_daily,1034850.00000000,BTC,daily,OBM v0.1.0
2009-08-07,obm_supply_btc_daily,1038850.00000000,BTC,daily,OBM v0.1.0
2009-08-08,obm_supply_btc_daily,1042850.00000000,BTC,daily,OBM v0.1.0
2009-08-09,obm_supply_btc_daily,1047900.00000000,BTC,daily,OBM v0.1.0
2009-08-10,obm_supply_btc_daily,1051650.00000000,BTC,daily,OBM v0.1.0
2009-08-11,obm_supply_btc_daily,1055150.00000000,BTC,daily,OBM v0.1.0
2009-08-12,obm_supply_btc_daily,1058300.00000000,BTC,daily,OBM v0.1.0
2009-08-13,obm_supply_btc_daily,1062550.00000000,BTC,daily,OBM v0.1.0
2009-08-14,obm_supply_btc_daily,1065700.00000000,BTC,daily,OBM v0.1.0
2009-08-15,obm_supply_btc_daily,1067000.00000000,BTC,daily,OBM v0.1.0
2009-08-16,obm_supply_btc_daily,1067950.00000000,BTC,daily,OBM v0.1.0
2009-08-17,obm_supply_btc_daily,1068800.00000000,BTC,daily,OBM v0.1.0
2009-08-18,obm_supply_btc_daily,1069300.00000000,BTC,daily,OBM v0.1.0
2009-08-19,obm_supply_btc_daily,1070200.00000000,BTC,daily,OBM v0.1.0
2009-08-20,obm_supply_btc_daily,1071300.00000000,BTC,daily,OBM v0.1.0
2009-08-21,obm_supply_btc_daily,1072000.00000000,BTC,daily,OBM v0.1.0
2009-08-22,obm_supply_btc_daily,1072350.00000000,BTC,daily,OBM v0.1.0
2009-08-23,obm_supply_btc_daily,1073100.00000000,BTC,daily,OBM v0.1.0
2009-08-24,obm_supply_btc_daily,1073850.00000000,BTC,daily,OBM v0.1.0
2009-08-25,obm_supply_btc_daily,1076350.00000000,BTC,daily,OBM v0.1.0
2009-08-26,obm_supply_btc_daily,1078750.00000000,BTC,daily,OBM v0.1.0
2009-08-27,obm_supply_btc_daily,1080200.00000000,BTC,daily,OBM v0.1.0
2009-08-28,obm_supply_btc_daily,1083950.00000000,BTC,daily,OBM v0.1.0
2009-08-29,obm_supply_btc_daily,1087850.00000000,BTC,daily,OBM v0.1.0
2009-08-30,obm_supply_btc_daily,1092700.00000000,BTC,daily,OBM v0.1.0
2009-08-31,obm_supply_btc_daily,1097000.00000000,BTC,daily,OBM v0.1.0
2009-09-01,obm_supply_btc_daily,1100900.00000000,BTC,daily,OBM v0.1.0
2009-09-02,obm_supply_btc_daily,1104200.00000000,BTC,daily,OBM v0.1.0
2009-09-03,obm_supply_btc_daily,1107250.00000000,BTC,daily,OBM v0.1.0
2009-09-04,obm_supply_btc_daily,1110450.00000000,BTC,daily,OBM v0.1.0
2009-09-05,obm_supply_btc_daily,1114250.00000000,BTC,daily,OBM v0.1.0
2009-09-06,obm_supply_btc_daily,1117650.00000000,BTC,daily,OBM v0.1.0
2009-09-07,obm_supply_btc_daily,1121550.00000000,BTC,daily,OBM v0.1.0
2009-09-08,obm_supply_btc_daily,1125000.00000000,BTC,daily,OBM v0.1.0
2009-09-09,obm_supply_btc_daily,1127700.00000000,BTC,daily,OBM v0.1.0
2009-09-10,obm_supply_btc_daily,1131050.00000000,BTC,daily,OBM v0.1.0
2009-09-11,obm_supply_btc_daily,1134400.00000000,BTC,daily,OBM v0.1.0
2009-09-12,obm_supply_btc_daily,1137850.00000000,BTC,daily,OBM v0.1.0
2009-09-13,obm_supply_btc_daily,1141600.00000000,BTC,daily,OBM v0.1.0
2009-09-14,obm_supply_btc_daily,1145300.00000000,BTC,daily,OBM v0.1.0
2009-09-15,obm_supply_btc_daily,1147500.00000000,BTC,daily,OBM v0.1.0
2009-09-16,obm_supply_btc_daily,1151100.00000000,BTC,daily,OBM v0.1.0
2009-09-17,obm_supply_btc_daily,1155300.00000000,BTC,daily,OBM v0.1.0
2009-09-18,obm_supply_btc_daily,1159200.00000000,BTC,daily,OBM v0.1.0
2009-09-19,obm_supply_btc_daily,1162900.00000000,BTC,daily,OBM v0.1.0
2009-09-20,obm_supply_btc_daily,1166800.00000000,BTC,daily,OBM v0.1.0
2009-09-21,obm_supply_btc_daily,1170250.00000000,BTC,daily,OBM v0.1.0
2009-09-22,obm_supply_btc_daily,1171500.00000000,BTC,daily,OBM v0.1.0
2009-09-23,obm_supply_btc_daily,1173300.00000000,BTC,daily,OBM v0.1.0
2009-09-24,obm_supply_btc_daily,1178150.00000000,BTC,daily,OBM v0.1.0
2009-09-25,obm_supply_btc_daily,1182700.00000000,BTC,daily,OBM v0.1.0
2009-09-26,obm_supply_btc_daily,1187700.00000000,BTC,daily,OBM v0.1.0
2009-09-27,obm_supply_btc_daily,1192050.00000000,BTC,daily,OBM v0.1.0
2009-09-28,obm_supply_btc_daily,1196300.00000000,BTC,daily,OBM v0.1.0
2009-09-29,obm_supply_btc_daily,1200700.00000000,BTC,daily,OBM v0.1.0
2009-09-30,obm_supply_btc_daily,1204950.00000000,BTC,daily,OBM v0.1.0
2009-10-01,obm_supply_btc_daily,1209050.00000000,BTC,daily,OBM v0.1.0
2009-10-02,obm_supply_btc_daily,1212650.00000000,BTC,daily,OBM v0.1.0
2009-10-03,obm_supply_btc_daily,1215550.00000000,BTC,daily,OBM v0.1.0
2009-10-04,obm_supply_btc_daily,1218200.00000000,BTC,daily,OBM v0.1.0
2009-10-05,obm_supply_btc_daily,1220950.00000000,BTC,daily,OBM v0.1.0
2009-10-06,obm_supply_btc_daily,1223100.00000000,BTC,daily,OBM v0.1.0
2009-10-07,obm_supply_btc_daily,1226100.00000000,BTC,daily,OBM v0.1.0
2009-10-08,obm_supply_btc_daily,1229600.00000000,BTC,daily,OBM v0.1.0
2009-10-09,obm_supply_btc_daily,1233550.00000000,BTC,daily,OBM v0.1.0
2009-10-10,obm_supply_btc_daily,1237400.00000000,BTC,daily,OBM v0.1.0
2009-10-11,obm_supply_btc_daily,1241100.00000000,BTC,daily,OBM v0.1.0
2009-10-12,obm_supply_btc_daily,1244000.00000000,BTC,daily,OBM v0.1.0
2009-10-13,obm_supply_btc_daily,1246850.00000000,BTC,daily,OBM v0.1.0
2009-10-14,obm_supply_btc_daily,1250300.00000000,BTC,daily,OBM v0.1.0
2009-10-15,obm_supply_btc_daily,1253850.00000000,BTC,daily,OBM v0.1.0
2009-10-16,obm_supply_btc_daily,1256850.00000000,BTC,daily,OBM v0.1.0
2009-10-17,obm_supply_btc_daily,1259700.00000000,BTC,daily,OBM v0.1.0
2009-10-18,obm_supply_btc_daily,1263400.00000000,BTC,daily,OBM v0.1.0
2009-10-19,obm_supply_btc_daily,1269000.00000000,BTC,daily,OBM v0.1.0
2009-10-20,obm_supply_btc_daily,1273750.00000000,BTC,daily,OBM v0.1.0
2009-10-21,obm_supply_btc_daily,1277750.00000000,BTC,daily,OBM v0.1.0
2009-10-22,obm_supply_btc_daily,1282250.00000000,BTC,daily,OBM v0.1.0
2009-10-23,obm_supply_btc_daily,1286700.00000000,BTC,daily,OBM v0.1.0
2009-10-24,obm_supply_btc_daily,1289800.00000000,BTC,daily,OBM v0.1.0
2009-10-25,obm_supply_btc_daily,1293600.00000000,BTC,daily,OBM v0.1.0
2009-10-26,obm_supply_btc_daily,1297150.00000000,BTC,daily,OBM v0.1.0
2009-10-27,obm_supply_btc_daily,1300350.00000000,BTC,daily,OBM v0.1.0
2009-10-28,obm_supply_btc_daily,1303650.00000000,BTC,daily,OBM v0.1.0
2009-10-29,obm_supply_btc_daily,1305950.00000000,BTC,daily,OBM v0.1.0
2009-10-30,obm_supply_btc_daily,1308950.00000000,BTC,daily,OBM v0.1.0
2009-10-31,obm_supply_btc_daily,1311250.00000000,BTC,daily,OBM v0.1.0
2009-11-01,obm_supply_btc_daily,1312500.00000000,BTC,daily,OBM v0.1.0
2009-11-02,obm_supply_btc_daily,1314150.00000000,BTC,daily,OBM v0.1.0
2009-11-03,obm_supply_btc_daily,1317250.00000000,BTC,daily,OBM v0.1.0
2009-11-04,obm_supply_btc_daily,1320400.00000000,BTC,daily,OBM v0.1.0
2009-11-05,obm_supply_btc_daily,1323250.00000000,BTC,daily,OBM v0.1.0
2009-11-06,obm_supply_btc_daily,1326350.00000000,BTC,daily,OBM v0.1.0
2009-11-07,obm_supply_btc_daily,1329800.00000000,BTC,daily,OBM v0.1.0
2009-11-08,obm_supply_btc_daily,1333450.00000000,BTC,daily,OBM v0.1.0
2009-11-09,obm_supply_btc_daily,1336650.00000000,BTC,daily,OBM v0.1.0
2009-11-10,obm_supply_btc_daily,1340550.00000000,BTC,daily,OBM v0.1.0
2009-11-11,obm_supply_btc_daily,1343750.00000000,BTC,daily,OBM v0.1.0
2009-11-12,obm_supply_btc_daily,1347050.00000000,BTC,daily,OBM v0.1.0
2009-11-13,obm_supply_btc_daily,1351050.00000000,BTC,daily,OBM v0.1.0
2009-11-14,obm_supply_btc_daily,1355000.00000000,BTC,daily,OBM v0.1.0
2009-11-15,obm_supply_btc_daily,1359800.00000000,BTC,daily,OBM v0.1.0
2009-11-16,obm_supply_btc_daily,1364650.00000000,BTC,daily,OBM v0.1.0
2009-11-17,obm_supply_btc_daily,1369250.00000000,BTC,daily,OBM v0.1.0
2009-11-18,obm_supply_btc_daily,1373200.00000000,BTC,daily,OBM v0.1.0
2009-11-19,obm_supply_btc_daily,1376700.00000000,BTC,daily,OBM v0.1.0
2009-11-20,obm_supply_btc_daily,1381000.00000000,BTC,daily,OBM v0.1.0
2009-11-21,obm_supply_btc_daily,1384650.00000000,BTC,daily,OBM v0.1.0
2009-11-22,obm_supply_btc_daily,1389950.00000000,BTC,daily,OBM v0.1.0
2009-11-23,obm_supply_btc_daily,1394750.00000000,BTC,daily,OBM v0.1.0
2009-11-24,obm_supply_btc_daily,1399400.00000000,BTC,daily,OBM v0.1.0
2009-11-25,obm_supply_btc_daily,1403900.00000000,BTC,daily,OBM v0.1.0
2009-11-26,obm_supply_btc_daily,1408100.00000000,BTC,daily,OBM v0.1.0
2009-11-27,obm_supply_btc_daily,1411800.00000000,BTC,daily,OBM v0.1.0
2009-11-28,obm_supply_btc_daily,1415350.00000000,BTC,daily,OBM v0.1.0
2009-11-29,obm_supply_btc_daily,1418350.00000000,BTC,daily,OBM v0.1.0
2009-11-30,obm_supply_btc_daily,1422100.00000000,BTC,daily,OBM v0.1.0
2009-12-01,obm_supply_btc_daily,1425750.00000000,BTC,daily,OBM v0.1.0
2009-12-02,obm_supply_btc_daily,1430450.00000000,BTC,daily,OBM v0.1.0
2009-12-03,obm_supply_btc_daily,1434850.00000000,BTC,daily,OBM v0.1.0
2009-12-04,obm_supply_btc_daily,1436650.00000000,BTC,daily,OBM v0.1.0
2009-12-05,obm_supply_btc_daily,1439850.00000000,BTC,daily,OBM v0.1.0
2009-12-06,obm_supply_btc_daily,1445000.00000000,BTC,daily,OBM v0.1.0
2009-12-07,obm_supply_btc_daily,1450600.00000000,BTC,daily,OBM v0.1.0
2009-12-08,obm_supply_btc_daily,1455850.00000000,BTC,daily,OBM v0.1.0
2009-12-09,obm_supply_btc_daily,1460650.00000000,BTC,daily,OBM v0.1.0
2009-12-10,obm_supply_btc_daily,1465850.00000000,BTC,daily,OBM v0.1.0
2009-12-11,obm_supply_btc_daily,1471450.00000000,BTC,daily,OBM v0.1.0
2009-12-12,obm_supply_btc_daily,1476950.00000000,BTC,daily,OBM v0.1.0
2009-12-13,obm_supply_btc_daily,1482650.00000000,BTC,daily,OBM v0.1.0
2009-12-14,obm_supply_btc_daily,1487750.00000000,BTC,daily,OBM v0.1.0
2009-12-15,obm_supply_btc_daily,1493250.00000000,BTC,daily,OBM v0.1.0
2009-12-16,obm_supply_btc_daily,1500050.00000000,BTC,daily,OBM v0.1.0
2009-12-17,obm_supply_btc_daily,1508500.00000000,BTC,daily,OBM v0.1.0
2009-12-18,obm_supply_btc_daily,1519750.00000000,BTC,daily,OBM v0.1.0
2009-12-19,obm_supply_btc_daily,1529650.00000000,BTC,daily,OBM v0.1.0
2009-12-20,obm_supply_btc_daily,1538400.00000000,BTC,daily,OBM v0.1.0
2009-12-21,obm_supply_btc_daily,1547150.00000000,BTC,daily,OBM v0.1.0
2009-12-22,obm_supply_btc_daily,1555250.00000000,BTC,daily,OBM v0.1.0
2009-12-23,obm_supply_btc_daily,1562950.00000000,BTC,daily,OBM v0.1.0
2009-12-24,obm_supply_btc_daily,1570650.00000000,BTC,daily,OBM v0.1.0
2009-12-25,obm_supply_btc_daily,1578100.00000000,BTC,daily,OBM v0.1.0
2009-12-26,obm_supply_btc_daily,1586800.00000000,BTC,daily,OBM v0.1.0
2009-12-27,obm_supply_btc_daily,1595150.00000000,BTC,daily,OBM v0.1.0
2009-12-28,obm_supply_btc_daily,1602000.00000000,BTC,daily,OBM v0.1.0
2009-12-29,obm_supply_btc_daily,1610550.00000000,BTC,daily,OBM v0.1.0
2009-12-30,obm_supply_btc_daily,1617600.00000000,BTC,daily,OBM v0.1.0
2009-12-31,obm_supply_btc_daily,1624500.00000000,BTC,daily,OBM v0.1.0
2010-01-01,obm_supply_btc_daily,1631100.00000000,BTC,daily,OBM v0.1.0
2010-01-02,obm_supply_btc_daily,1637400.00000000,BTC,daily,OBM v0.1.0
2010-01-03,obm_supply_btc_daily,1646700.00000000,BTC,daily,OBM v0.1.0
2010-01-04,obm_supply_btc_daily,1655750.00000000,BTC,daily,OBM v0.1.0
2010-01-05,obm_supply_btc_daily,1665650.00000000,BTC,daily,OBM v0.1.0
2010-01-06,obm_supply_btc_daily,1673800.00000000,BTC,daily,OBM v0.1.0
2010-01-07,obm_supply_btc_daily,1681500.00000000,BTC,daily,OBM v0.1.0
2010-01-08,obm_supply_btc_daily,1689150.00000000,BTC,daily,OBM v0.1.0
2010-01-09,obm_supply_btc_daily,1696700.00000000,BTC,daily,OBM v0.1.0
2010-01-10,obm_supply_btc_daily,1706200.00000000,BTC,daily,OBM v0.1.0
2010-01-11,obm_supply_btc_daily,1714150.00000000,BTC,daily,OBM v0.1.0
2010-01-12,obm_supply_btc_daily,1722100.00000000,BTC,daily,OBM v0.1.0
2010-01-13,obm_supply_btc_daily,1730300.00000000,BTC,daily,OBM v0.1.0
2010-01-14,obm_supply_btc_daily,1737450.00000000,BTC,daily,OBM v0.1.0
2010-01-15,obm_supply_btc_daily,1744500.00000000,BTC,daily,OBM v0.1.0
2010-01-16,obm_supply_btc_daily,1750750.00000000,BTC,daily,OBM v0.1.0
2010-01-17,obm_supply_btc_daily,1757300.00000000,BTC,daily,OBM v0.1.0
2010-01-18,obm_supply_btc_daily,1763550.00000000,BTC,daily,OBM v0.1.0
2010-01-19,obm_supply_btc_daily,1769750.00000000,BTC,daily,OBM v0.1.0
2010-01-20,obm_supply_btc_daily,1777650.00000000,BTC,daily,OBM v0.1.0
2010-01-21,obm_supply_btc_daily,1786400.00000000,BTC,daily,OBM v0.1.0
2010-01-22,obm_supply_btc_daily,1793050.00000000,BTC,daily,OBM v0.1.0
2010-01-23,obm_supply_btc_daily,1801050.00000000,BTC,daily,OBM v0.1.0
2010-01-24,obm_supply_btc_daily,1808750.00000000,BTC,daily,OBM v0.1.0
2010-01-25,obm_supply_btc_daily,1819300.00000000,BTC,daily,OBM v0.1.0
2010-01-26,obm_supply_btc_daily,1829050.00000000,BTC,daily,OBM v0.1.0
2010-01-27,obm_supply_btc_daily,1837250.00000000,BTC,daily,OBM v0.1.0
2010-01-28,obm_supply_btc_daily,1846100.00000000,BTC,daily,OBM v0.1.0
2010-01-29,obm_supply_btc_daily,1855950.00000000,BTC,daily,OBM v0.1.0
2010-01-30,obm_supply_btc_daily,1866450.00000000,BTC,daily,OBM v0.1.0
2010-01-31,obm_supply_btc_daily,1874700.00000000,BTC,daily,OBM v0.1.0
2010-02-01,obm_supply_btc_daily,1883900.00000000,BTC,daily,OBM v0.1.0
2010-02-02,obm_supply_btc_daily,1891150.00000000,BTC,daily,OBM v0.1.0
2010-02-03,obm_supply_btc_daily,1904650.00000000,BTC,daily,OBM v0.1.0
2010-02-04,obm_supply_btc_daily,1916100.00000000,BTC,daily,OBM v0.1.0
2010-02-05,obm_supply_btc_daily,1927250.00000000,BTC,daily,OBM v0.1.0
2010-02-06,obm_supply_btc_daily,1936850.00000000,BTC,daily,OBM v0.1.0
2010-02-07,obm_supply_btc_daily,1947700.00000000,BTC,daily,OBM v0.1.0
2010-02-08,obm_supply_btc_daily,1957700.00000000,BTC,daily,OBM v0.1.0
2010-02-09,obm_supply_btc_daily,1968050.00000000,BTC,daily,OBM v0.1.0
2010-02-10,obm_supply_btc_daily,1976450.00000000,BTC,daily,OBM v0.1.0
2010-02-11,obm_supply_btc_daily,1984900.00000000,BTC,daily,OBM v0.1.0
2010-02-12,obm_supply_btc_daily,1994050.00000000,BTC,daily,OBM v0.1.0
2010-02-13,obm_supply_btc_daily,2005650.00000000,BTC,daily,OBM v0.1.0
2010-02-14,obm_supply_btc_daily,2016050.00000000,BTC,daily,OBM v0.1.0
2010-02-15,obm_supply_btc_daily,2024850.00000000,BTC,daily,OBM v0.1.0
2010-02-16,obm_supply_btc_daily,2034600.00000000,BTC,daily,OBM v0.1.0
2010-02-17,obm_supply_btc_daily,2046550.00000000,BTC,daily,OBM v0.1.0
2010-02-18,obm_supply_btc_daily,2056950.00000000,BTC,daily,OBM v0.1.0
2010-02-19,obm_supply_btc_daily,2066550.00000000,BTC,daily,OBM v0.1.0
2010-02-20,obm_supply_btc_daily,2076950.00000000,BTC,daily,OBM v0.1.0
2010-02-21,obm_supply_btc_daily,2088100.00000000,BTC,daily,OBM v0.1.0
2010-02-22,obm_supply_btc_daily,2101100.00000000,BTC,daily,OBM v0.1.0
2010-02-23,obm_supply_btc_daily,2113600.00000000,BTC,daily,OBM v0.1.0
2010-02-24,obm_supply_btc_daily,2122150.00000000,BTC,daily,OBM v0.1.0
2010-02-25,obm_supply_btc_daily,2129850.00000000,BTC,daily,OBM v0.1.0
2010-02-26,obm_supply_btc_daily,2138450.00000000,BTC,daily,OBM v0.1.0
2010-02-27,obm_supply_btc_daily,2147050.00000000,BTC,daily,OBM v0.1.0
2010-02-28,obm_supply_btc_daily,2154850.00000000,BTC,daily,OBM v0.1.0
2010-03-01,obm_supply_btc_daily,2164600.00000000,BTC,daily,OBM v0.1.0
2010-03-02,obm_supply_btc_daily,2174000.00000000,BTC,daily,OBM v0.1.0
2010-03-03,obm_supply_btc_daily,2181600.00000000,BTC,daily,OBM v0.1.0
2010-03-04,obm_supply_btc_daily,2190850.00000000,BTC,daily,OBM v0.1.0
2010-03-05,obm_supply_btc_daily,2199400.00000000,BTC,daily,OBM v0.1.0
2010-03-06,obm_supply_btc_daily,2208250.00000000,BTC,daily,OBM v0.1.0
2010-03-07,obm_supply_btc_daily,2217200.00000000,BTC,daily,OBM v0.1.0
2010-03-08,obm_supply_btc_daily,2223450.00000000,BTC,daily,OBM v0.1.0
2010-03-09,obm_supply_btc_daily,2230750.00000000,BTC,daily,OBM v0.1.0
2010-03-10,obm_supply_btc_daily,2238850.00000000,BTC,daily,OBM v0.1.0
2010-03-11,obm_supply_btc_daily,2245500.00000000,BTC,daily,OBM v0.1.0
2010-03-12,obm_supply_btc_daily,2251550.00000000,BTC,daily,OBM v0.1.0
2010-03-13,obm_supply_btc_daily,2259200.00000000,BTC,daily,OBM v0.1.0
2010-03-14,obm_supply_btc_daily,2265450.00000000,BTC,daily,OBM v0.1.0
2010-03-15,obm_supply_btc_daily,2272200.00000000,BTC,daily,OBM v0.1.0
2010-03-16,obm_supply_btc_daily,2278500.00000000,BTC,daily,OBM v0.1.0
2010-03-17,obm_supply_btc_daily,2285300.00000000,BTC,daily,OBM v0.1.0
2010-03-18,obm_supply_btc_daily,2292300.00000000,BTC,daily,OBM v0.1.0
2010-03-19,obm_supply_btc_daily,2299950.00000000,BTC,daily,OBM v0.1.0
2010-03-20,obm_supply_btc_daily,2309550.00000000,BTC,daily,OBM v0.1.0
2010-03-21,obm_supply_btc_daily,2318700.00000000,BTC,daily,OBM v0.1.0
2010-03-22,obm_supply_btc_daily,2327650.00000000,BTC,daily,OBM v0.1.0
2010-03-23,obm_supply_btc_daily,2338000.00000000,BTC,daily,OBM v0.1.0
2010-03-24,obm_supply_btc_daily,2346550.00000000,BTC,daily,OBM v0.1.0
2010-03-25,obm_supply_btc_daily,2355900.00000000,BTC,daily,OBM v0.1.0
2010-03-26,obm_supply_btc_daily,2365750.00000000,BTC,daily,OBM v0.1.0
2010-03-27,obm_supply_btc_daily,2374650.00000000,BTC,daily,OBM v0.1.0
2010-03-28,obm_supply_btc_daily,2383950.00000000,BTC,daily,OBM v0.1.0
2010-03-29,obm_supply_btc_daily,2393700.00000000,BTC,daily,OBM v0.1.0
2010-03-30,obm_supply_btc_daily,2404450.00000000,BTC,daily,OBM v0.1.0
2010-03-31,obm_supply_btc_daily,2414900.00000000,BTC,daily,OBM v0.1.0
2010-04-01,obm_supply_btc_daily,2423300.00000000,BTC,daily,OBM v0.1.0
2010-04-02,obm_supply_btc_daily,2431100.00000000,BTC,daily,OBM v0.1.0
2010-04-03,obm_supply_btc_daily,2439150.00000000,BTC,daily,OBM v0.1.0
2010-04-04,obm_supply_btc_daily,2447700.00000000,BTC,daily,OBM v0.1.0
2010-04-05,obm_supply_btc_daily,2455350.00000000,BTC,daily,OBM v0.1.0
2010-04-06,obm_supply_btc_daily,2463300.00000000,BTC,daily,OBM v0.1.0
2010-04-07,obm_supply_btc_daily,2472950.00000000,BTC,daily,OBM v0.1.0
2010-04-08,obm_supply_btc_daily,2482100.00000000,BTC,daily,OBM v0.1.0
2010-04-09,obm_supply_btc_daily,2491550.00000000,BTC,daily,OBM v0.1.0
2010-04-10,obm_supply_btc_daily,2504550.00000000,BTC,daily,OBM v0.1.0
2010-04-11,obm_supply_btc_daily,2515700.00000000,BTC,daily,OBM v0.1.0
2010-04-12,obm_supply_btc_daily,2525850.00000000,BTC,daily,OBM v0.1.0
2010-04-13,obm_supply_btc_daily,2535300.00000000,BTC,daily,OBM v0.1.0
2010-04-14,obm_supply_btc_daily,2544300.00000000,BTC,daily,OBM v0.1.0
2010-04-15,obm_supply_btc_daily,2555100.00000000,BTC,daily,OBM v0.1.0
2010-04-16,obm_supply_btc_daily,2565200.00000000,BTC,daily,OBM v0.1.0
2010-04-17,obm_supply_btc_daily,2576250.00000000,BTC,daily,OBM v0.1.0
2010-04-18,obm_supply_btc_daily,2588500.00000000,BTC,daily,OBM v0.1.0
2010-04-19,obm_supply_btc_daily,2600100.00000000,BTC,daily,OBM v0.1.0
2010-04-20,obm_supply_btc_daily,2610350.00000000,BTC,daily,OBM v0.1.0
2010-04-21,obm_supply_btc_daily,2621300.00000000,BTC,daily,OBM v0.1.0
2010-04-22,obm_supply_btc_daily,2629250.00000000,BTC,daily,OBM v0.1.0
2010-04-23,obm_supply_btc_daily,2636750.00000000,BTC,daily,OBM v0.1.0
2010-04-24,obm_supply_btc_daily,2645150.00000000,BTC,daily,OBM v0.1.0
2010-04-25,obm_supply_btc_daily,2653050.00000000,BTC,daily,OBM v0.1.0
2010-04-26,obm_supply_btc_daily,2661250.00000000,BTC,daily,OBM v0.1.0
2010-04-27,obm_supply_btc_daily,2670250.00000000,BTC,daily,OBM v0.1.0
2010-04-28,obm_supply_btc_daily,2679250.00000000,BTC,daily,OBM v0.1.0
2010-04-29,obm_supply_btc_daily,2686600.00000000,BTC,daily,OBM v0.1.0
2010-04-30,obm_supply_btc_daily,2693800.00000000,BTC,daily,OBM v0.1.0
2010-05-01,obm_supply_btc_daily,2702950.00000000,BTC,daily,OBM v0.1.0
2010-05-02,obm_supply_btc_daily,2710700.00000000,BTC,daily,OBM v0.1.0
2010-05-03,obm_supply_btc_daily,2718650.00000000,BTC,daily,OBM v0.1.0
2010-05-04,obm_supply_btc_daily,2725450.00000000,BTC,daily,OBM v0.1.0
2010-05-05,obm_supply_btc_daily,2732300.00000000,BTC,daily,OBM v0.1.0
2010-05-06,obm_supply_btc_daily,2739750.00000000,BTC,daily,OBM v0.1.0
2010-05-07,obm_supply_btc_daily,2746350.00000000,BTC,daily,OBM v0.1.0
2010-05-08,obm_supply_btc_daily,2754050.00000000,BTC,daily,OBM v0.1.0
2010-05-09,obm_supply_btc_daily,2761200.00000000,BTC,daily,OBM v0.1.0
2010-05-10,obm_supply_btc_daily,2767600.00000000,BTC,daily,OBM v0.1.0
2010-05-11,obm_supply_btc_daily,2773150.00000000,BTC,daily,OBM v0.1.0
2010-05-12,obm_supply_btc_daily,2779500.00000000,BTC,daily,OBM v0.1.0
2010-05-13,obm_supply_btc_daily,2785900.00000000,BTC,daily,OBM v0.1.0
2010-05-14,obm_supply_btc_daily,2792050.00000000,BTC,daily,OBM v0.1.0
2010-05-15,obm_supply_btc_daily,2796600.00000000,BTC,daily,OBM v0.1.0
2010-05-16,obm_supply_btc_daily,2802250.00000000,BTC,daily,OBM v0.1.0
2010-05-17,obm_supply_btc_daily,2809400.00000000,BTC,daily,OBM v0.1.0
2010-05-18,obm_supply_btc_daily,2817800.00000000,BTC,daily,OBM v0.1.0
2010-05-19,obm_supply_btc_daily,2826000.00000000,BTC,daily,OBM v0.1.0
2010-05-20,obm_supply_btc_daily,2836150.00000000,BTC,daily,OBM v0.1.0
2010-05-21,obm_supply_btc_daily,2844950.00000000,BTC,daily,OBM v0.1.0
2010-05-22,obm_supply_btc_daily,2854700.00000000,BTC,daily,OBM v0.1.0
2010-05-23,obm_supply_btc_daily,2865250.00000000,BTC,daily,OBM v0.1.0
2010-05-24,obm_supply_btc_daily,2874650.00000000,BTC,daily,OBM v0.1.0
2010-05-25,obm_supply_btc_daily,2885150.00000000,BTC,daily,OBM v0.1.0
2010-05-26,obm_supply_btc_daily,2896300.00000000,BTC,daily,OBM v0.1.0
2010-05-27,obm_supply_btc_daily,2905900.00000000,BTC,daily,OBM v0.1.0
2010-05-28,obm_supply_btc_daily,2917050.00000000,BTC,daily,OBM v0.1.0
2010-05-29,obm_supply_btc_daily,2926250.00000000,BTC,daily,OBM v0.1.0
2010-05-30,obm_supply_btc_daily,2933700.00000000,BTC,daily,OBM v0.1.0
2010-05-31,obm_supply_btc_daily,2940800.00000000,BTC,daily,OBM v0.1.0
2010-06-01,obm_supply_btc_daily,2947550.00000000,BTC,daily,OBM v0.1.0
2010-06-02,obm_supply_btc_daily,2954900.00000000,BTC,daily,OBM v0.1.0
2010-06-03,obm_supply_btc_daily,2962500.00000000,BTC,daily,OBM v0.1.0
2010-06-04,obm_supply_btc_daily,2968750.00000000,BTC,daily,OBM v0.1.0
2010-06-05,obm_supply_btc_daily,2976000.00000000,BTC,daily,OBM v0.1.0
2010-06-06,obm_supply_btc_daily,2983400.00000000,BTC,daily,OBM v0.1.0
2010-06-07,obm_supply_btc_daily,2991250.00000000,BTC,daily,OBM v0.1.0
2010-06-08,obm_supply_btc_daily,2999250.00000000,BTC,daily,OBM v0.1.0
2010-06-09,obm_supply_btc_daily,3007650.00000000,BTC,daily,OBM v0.1.0
2010-06-10,obm_supply_btc_daily,3015650.00000000,BTC,daily,OBM v0.1.0
2010-06-11,obm_supply_btc_daily,3024050.00000000,BTC,daily,OBM v0.1.0
2010-06-12,obm_supply_btc_daily,3030800.00000000,BTC,daily,OBM v0.1.0
2010-06-13,obm_supply_btc_daily,3039400.00000000,BTC,daily,OBM v0.1.0
2010-06-14,obm_supply_btc_daily,3047450.00000000,BTC,daily,OBM v0.1.0
2010-06-15,obm_supply_btc_daily,3056650.00000000,BTC,daily,OBM v0.1.0
2010-06-16,obm_supply_btc_daily,3063750.00000000,BTC,daily,OBM v0.1.0
2010-06-17,obm_supply_btc_daily,3071050.00000000,BTC,daily,OBM v0.1.0
2010-06-18,obm_supply_btc_daily,3078550.00000000,BTC,daily,OBM v0.1.0
2010-06-19,obm_supply_btc_daily,3086050.00000000,BTC,daily,OBM v0.1.0
2010-06-20,obm_supply_btc_daily,3095300.00000000,BTC,daily,OBM v0.1.0
2010-06-21,obm_supply_btc_daily,3103000.00000000,BTC,daily,OBM v0.1.0
2010-06-22,obm_supply_btc_daily,3110800.00000000,BTC,daily,OBM v0.1.0
2010-06-23,obm_supply_btc_daily,3120150.00000000,BTC,daily,OBM v0.1.0
2010-06-24,obm_supply_btc_daily,3128600.00000000,BTC,daily,OBM v0.1.0
2010-06-25,obm_supply_btc_daily,3136100.00000000,BTC,daily,OBM v0.1.0
2010-06-26,obm_supply_btc_daily,3144050.00000000,BTC,daily,OBM v0.1.0
2010-06-27,obm_supply_btc_daily,3152950.00000000,BTC,daily,OBM v0.1.0
2010-06-28,obm_supply_btc_daily,3160550.00000000,BTC,daily,OBM v0.1.0
2010-06-29,obm_supply_btc_daily,3169000.00000000,BTC,daily,OBM v0.1.0
2010-06-30,obm_supply_btc_daily,3178100.00000000,BTC,daily,OBM v0.1.0
2010-07-01,obm_supply_btc_daily,3188650.00000000,BTC,daily,OBM v0.1.0
2010-07-02,obm_supply_btc_daily,3197000.00000000,BTC,daily,OBM v0.1.0
2010-07-03,obm_supply_btc_daily,3207600.00000000,BTC,daily,OBM v0.1.0
2010-07-04,obm_supply_btc_daily,3215900.00000000,BTC,daily,OBM v0.1.0
2010-07-05,obm_supply_btc_daily,3224850.00000000,BTC,daily,OBM v0.1.0
2010-07-06,obm_supply_btc_daily,3233300.00000000,BTC,daily,OBM v0.1.0
2010-07-07,obm_supply_btc_daily,3241100.00000000,BTC,daily,OBM v0.1.0
2010-07-08,obm_supply_btc_daily,3248650.00000000,BTC,daily,OBM v0.1.0
2010-07-09,obm_supply_btc_daily,3258600.00000000,BTC,daily,OBM v0.1.0
2010-07-10,obm_supply_btc_daily,3268500.00000000,BTC,daily,OBM v0.1.0
2010-07-11,obm_supply_btc_daily,3277450.00000000,BTC,daily,OBM v0.1.0
2010-07-12,obm_supply_btc_daily,3310400.00000000,BTC,daily,OBM v0.1.0
2010-07-13,obm_supply_btc_daily,3345000.00000000,BTC,daily,OBM v0.1.0
2010-07-14,obm_supply_btc_daily,3373900.00000000,BTC,daily,OBM v0.1.0
2010-07-15,obm_supply_btc_daily,3405100.00000000,BTC,daily,OBM v0.1.0
2010-07-16,obm_supply_btc_daily,3430350.00000000,BTC,daily,OBM v0.1.0
2010-07-17,obm_supply_btc_daily,3439000.00000000,BTC,daily,OBM v0.1.0
2010-07-18,obm_supply_btc_daily,3447600.00000000,BTC,daily,OBM v0.1.0
2010-07-19,obm_supply_btc_daily,3456300.00000000,BTC,daily,OBM v0.1.0
2010-07-20,obm_supply_btc_daily,3465350.00000000,BTC,daily,OBM v0.1.0
2010-07-21,obm_supply_btc_daily,3475700.00000000,BTC,daily,OBM v0.1.0
2010-07-22,obm_supply_btc_daily,3484500.00000000,BTC,daily,OBM v0.1.0
2010-07-23,obm_supply_btc_daily,3494200.00000000,BTC,daily,OBM v0.1.0
2010-07-24,obm_supply_btc_daily,3503650.00000000,BTC,daily,OBM v0.1.0
2010-07-25,obm_supply_btc_daily,3515200.00000000,BTC,daily,OBM v0.1.0
2010-07-26,obm_supply_btc_daily,3527350.00000000,BTC,daily,OBM v0.1.0
2010-07-27,obm_supply_btc_daily,3535650.00000000,BTC,daily,OBM v0.1.0
2010-07-28,obm_supply_btc_daily,3543600.00000000,BTC,daily,OBM v0.1.0
2010-07-29,obm_supply_btc_daily,3552600.00000000,BTC,daily,OBM v0.1.0
2010-07-30,obm_supply_btc_daily,3561700.00000000,BTC,daily,OBM v0.1.0
2010-07-31,obm_supply_btc_daily,3571850.00000000,BTC,daily,OBM v0.1.0
2010-08-01,obm_supply_btc_daily,3583800.00000000,BTC,daily,OBM v0.1.0
2010-08-02,obm_supply_btc_daily,3595900.00000000,BTC,daily,OBM v0.1.0
2010-08-03,obm_supply_btc_daily,3607250.00000000,BTC,daily,OBM v0.1.0
2010-08-04,obm_supply_btc_daily,3619400.00000000,BTC,daily,OBM v0.1.0
2010-08-05,obm_supply_btc_daily,3630300.00000000,BTC,daily,OBM v0.1.0
2010-08-06,obm_supply_btc_daily,3637650.00000000,BTC,daily,OBM v0.1.0
2010-08-07,obm_supply_btc_daily,3645400.00000000,BTC,daily,OBM v0.1.0
2010-08-08,obm_supply_btc_daily,3655350.00000000,BTC,daily,OBM v0.1.0
2010-08-09,obm_supply_btc_daily,3664850.00000000,BTC,daily,OBM v0.1.0
2010-08-10,obm_supply_btc_daily,3674400.00000000,BTC,daily,OBM v0.1.0
2010-08-11,obm_supply_btc_daily,3686050.00000000,BTC,daily,OBM v0.1.0
2010-08-12,obm_supply_btc_daily,3696900.00000000,BTC,daily,OBM v0.1.0
2010-08-13,obm_supply_btc_daily,3707650.00000000,BTC,daily,OBM v0.1.0
2010-08-14,obm_supply_btc_daily,3721700.00000000,BTC,daily,OBM v0.1.0
2010-08-15,obm_supply_btc_daily,3732050.00000000,BTC,daily,OBM v0.1.0
2010-08-16,obm_supply_btc_daily,3739400.00000000,BTC,daily,OBM v0.1.0
2010-08-17,obm_supply_btc_daily,3745850.00000000,BTC,daily,OBM v0.1.0
2010-08-18,obm_supply_btc_daily,3752500.00000000,BTC,daily,OBM v0.1.0
2010-08-19,obm_supply_btc_daily,3759250.00000000,BTC,daily,OBM v0.1.0
2010-08-20,obm_supply_btc_daily,3768900.00000000,BTC,daily,OBM v0.1.0
2010-08-21,obm_supply_btc_daily,3777550.00000000,BTC,daily,OBM v0.1.0
2010-08-22,obm_supply_btc_daily,3788150.00000000,BTC,daily,OBM v0.1.0
2010-08-23,obm_supply_btc_daily,3798800.00000000,BTC,daily,OBM v0.1.0
2010-08-24,obm_supply_btc_daily,3809550.00000000,BTC,daily,OBM v0.1.0
2010-08-25,obm_supply_btc_daily,3820350.00000000,BTC,daily,OBM v0.1.0
2010-08-26,obm_supply_btc_daily,3830850.00000000,BTC,daily,OBM v0.1.0
2010-08-27,obm_supply_btc_daily,3839400.00000000,BTC,daily,OBM v0.1.0
2010-08-28,obm_supply_btc_daily,3847900.00000000,BTC,daily,OBM v0.1.0
2010-08-29,obm_supply_btc_daily,3856000.00000000,BTC,daily,OBM v0.1.0
2010-08-30,obm_supply_btc_daily,3863450.00000000,BTC,daily,OBM v0.1.0
2010-08-31,obm_supply_btc_daily,3872650.00000000,BTC,daily,OBM v0.1.0
2010-09-01,obm_supply_btc_daily,3880500.00000000,BTC,daily,OBM v0.1.0
2010-09-02,obm_supply_btc_daily,3888300.00000000,BTC,daily,OBM v0.1.0
2010-09-03,obm_supply_btc_daily,3896500.00000000,BTC,daily,OBM v0.1.0
2010-09-04,obm_supply_btc_daily,3905550.00000000,BTC,daily,OBM v0.1.0
2010-09-05,obm_supply_btc_daily,3913800.00000000,BTC,daily,OBM v0.1.0
2010-09-06,obm_supply_btc_daily,3921700.00000000,BTC,daily,OBM v0.1.0
2010-09-07,obm_supply_btc_daily,3929700.00000000,BTC,daily,OBM v0.1.0
2010-09-08,obm_supply_btc_daily,3937950.00000000,BTC,daily,OBM v0.1.0
2010-09-09,obm_supply_btc_daily,3944700.00000000,BTC,daily,OBM v0.1.0
2010-09-10,obm_supply_btc_daily,3953550.00000000,BTC,daily,OBM v0.1.0
2010-09-11,obm_supply_btc_daily,3961550.00000000,BTC,daily,OBM v0.1.0
2010-09-12,obm_supply_btc_daily,3970400.00000000,BTC,daily,OBM v0.1.0
2010-09-13,obm_supply_btc_daily,3978950.00000000,BTC,daily,OBM v0.1.0
2010-09-14,obm_supply_btc_daily,3989100.00000000,BTC,daily,OBM v0.1.0
2010-09-15,obm_supply_btc_daily,3997550.00000000,BTC,daily,OBM v0.1.0
2010-09-16,obm_supply_btc_daily,4008500.00000000,BTC,daily,OBM v0.1.0
2010-09-17,obm_supply_btc_daily,4018900.00000000,BTC,daily,OBM v0.1.0
2010-09-18,obm_supply_btc_daily,4030750.00000000,BTC,daily,OBM v0.1.0
2010-09-19,obm_supply_btc_daily,4041200.00000000,BTC,daily,OBM v0.1.0
2010-09-20,obm_supply_btc_daily,4051350.00000000,BTC,daily,OBM v0.1.0
2010-09-21,obm_supply_btc_daily,4059950.00000000,BTC,daily,OBM v0.1.0
2010-09-22,obm_supply_btc_daily,4068650.00000000,BTC,daily,OBM v0.1.0
2010-09-23,obm_supply_btc_daily,4080350.00000000,BTC,daily,OBM v0.1.0
2010-09-24,obm_supply_btc_daily,4091750.00000000,BTC,daily,OBM v0.1.0
2010-09-25,obm_supply_btc_daily,4102100.00000000,BTC,daily,OBM v0.1.0
2010-09-26,obm_supply_btc_daily,4112350.00000000,BTC,daily,OBM v0.1.0
2010-09-27,obm_supply_btc_daily,4123800.00000000,BTC,daily,OBM v0.1.0
2010-09-28,obm_supply_btc_daily,4134400.00000000,BTC,daily,OBM v0.1.0
2010-09-29,obm_supply_btc_daily,4142600.00000000,BTC,daily,OBM v0.1.0
2010-09-30,obm_supply_btc_daily,4149900.00000000,BTC,daily,OBM v0.1.0
2010-10-01,obm_supply_btc_daily,4157600.00000000,BTC,daily,OBM v0.1.0
2010-10-02,obm_supply_btc_daily,4162600.00000000,BTC,daily,OBM v0.1.0
2010-10-03,obm_supply_btc_daily,4168700.00000000,BTC,daily,OBM v0.1.0
2010-10-04,obm_supply_btc_daily,4176350.00000000,BTC,daily,OBM v0.1.0
2010-10-05,obm_supply_btc_daily,4182650.00000000,BTC,daily,OBM v0.1.0
2010-10-06,obm_supply_btc_daily,4191200.00000000,BTC,daily,OBM v0.1.0
2010-10-07,obm_supply_btc_daily,4199200.00000000,BTC,daily,OBM v0.1.0
2010-10-08,obm_supply_btc_daily,4206900.00000000,BTC,daily,OBM v0.1.0
2010-10-09,obm_supply_btc_daily,4214800.00000000,BTC,daily,OBM v0.1.0
2010-10-10,obm_supply_btc_daily,4223700.00000000,BTC,daily,OBM v0.1.0
2010-10-11,obm_supply_btc_daily,4231650.00000000,BTC,daily,OBM v0.1.0
2010-10-12,obm_supply_btc_daily,4239400.00000000,BTC,daily,OBM v0.1.0
2010-10-13,obm_supply_btc_daily,4248200.00000000,BTC,daily,OBM v0.1.0
2010-10-14,obm_supply_btc_daily,4258450.00000000,BTC,daily,OBM v0.1.0
2010-10-15,obm_supply_btc_daily,4267300.00000000,BTC,daily,OBM v0.1.0
2010-10-16,obm_supply_btc_daily,4280200.00000000,BTC,daily,OBM v0.1.0
2010-10-17,obm_supply_btc_daily,4293700.00000000,BTC,daily,OBM v0.1.0
2010-10-18,obm_supply_btc_daily,4306150.00000000,BTC,daily,OBM v0.1.0
2010-10-19,obm_supply_btc_daily,4318950.00000000,BTC,daily,OBM v0.1.0
2010-10-20,obm_supply_btc_daily,4332150.00000000,BTC,daily,OBM v0.1.0
2010-10-21,obm_supply_btc_daily,4341450.00000000,BTC,daily,OBM v0.1.0
2010-10-22,obm_supply_btc_daily,4349150.00000000,BTC,daily,OBM v0.1.0
2010-10-23,obm_supply_btc_daily,4357900.00000000,BTC,daily,OBM v0.1.0
2010-10-24,obm_supply_btc_daily,4368150.00000000,BTC,daily,OBM v0.1.0
2010-10-25,obm_supply_btc_daily,4378300.00000000,BTC,daily,OBM v0.1.0
2010-10-26,obm_supply_btc_daily,4390350.00000000,BTC,daily,OBM v0.1.0
2010-10-27,obm_supply_btc_daily,4401000.00000000,BTC,daily,OBM v0.1.0
2010-10-28,obm_supply_btc_daily,4411950.00000000,BTC,daily,OBM v0.1.0
2010-10-29,obm_supply_btc_daily,4423100.00000000,BTC,daily,OBM v0.1.0
2010-10-30,obm_supply_btc_daily,4435700.00000000,BTC,daily,OBM v0.1.0
2010-10-31,obm_supply_btc_daily,4444650.00000000,BTC,daily,OBM v0.1.0
2010-11-01,obm_supply_btc_daily,4453500.00000000,BTC,daily,OBM v0.1.0
2010-11-02,obm_supply_btc_daily,4462300.00000000,BTC,daily,OBM v0.1.0
2010-11-03,obm_supply_btc_daily,4471800.00000000,BTC,daily,OBM v0.1.0
2010-11-04,obm_supply_btc_daily,4481850.00000000,BTC,daily,OBM v0.1.0
2010-11-05,obm_supply_btc_daily,4492800.00000000,BTC,daily,OBM v0.1.0
2010-11-06,obm_supply_btc_daily,4503700.00000000,BTC,daily,OBM v0.1.0
2010-11-07,obm_supply_btc_daily,4515750.00000000,BTC,daily,OBM v0.1.0
2010-11-08,obm_supply_btc_daily,4529500.00000000,BTC,daily,OBM v0.1.0
2010-11-09,obm_supply_btc_daily,4540350.00000000,BTC,daily,OBM v0.1.0
2010-11-10,obm_supply_btc_daily,4550500.00000000,BTC,daily,OBM v0.1.0
2010-11-11,obm_supply_btc_daily,4561450.00000000,BTC,daily,OBM v0.1.0
2010-11-12,obm_supply_btc_daily,4569900.00000000,BTC,daily,OBM v0.1.0
2010-11-13,obm_supply_btc_daily,4581050.00000000,BTC,daily,OBM v0.1.0
2010-11-14,obm_supply_btc_daily,4593850.00000000,BTC,daily,OBM v0.1.0
2010-11-15,obm_supply_btc_daily,4603850.00000000,BTC,daily,OBM v0.1.0
2010-11-16,obm_supply_btc_daily,4613700.00000000,BTC,daily,OBM v0.1.0
2010-11-17,obm_supply_btc_daily,4626050.00000000,BTC,daily,OBM v0.1.0
2010-11-18,obm_supply_btc_daily,4638900.00000000,BTC,daily,OBM v0.1.0
2010-11-19,obm_supply_btc_daily,4646400.00000000,BTC,daily,OBM v0.1.0
2010-11-20,obm_supply_btc_daily,4652200.00000000,BTC,daily,OBM v0.1.0
2010-11-21,obm_supply_btc_daily,4659200.00000000,BTC,daily,OBM v0.1.0
2010-11-22,obm_supply_btc_daily,4667350.00000000,BTC,daily,OBM v0.1.0
2010-11-23,obm_supply_btc_daily,4674350.00000000,BTC,daily,OBM v0.1.0
2010-11-24,obm_supply_btc_daily,4683200.00000000,BTC,daily,OBM v0.1.0
2010-11-25,obm_supply_btc_daily,4692250.00000000,BTC,daily,OBM v0.1.0
2010-11-26,obm_supply_btc_daily,4701950.00000000,BTC,daily,OBM v0.1.0
2010-11-27,obm_supply_btc_daily,4710950.00000000,BTC,daily,OBM v0.1.0
2010-11-28,obm_supply_btc_daily,4719550.00000000,BTC,daily,OBM v0.1.0
2010-11-29,obm_supply_btc_daily,4730000.00000000,BTC,daily,OBM v0.1.0
2010-11-30,obm_supply_btc_daily,4740100.00000000,BTC,daily,OBM v0.1.0
2010-12-01,obm_supply_btc_daily,4749500.00000000,BTC,daily,OBM v0.1.0
2010-12-02,obm_supply_btc_daily,4758900.00000000,BTC,daily,OBM v0.1.0
2010-12-03,obm_supply_btc_daily,4768350.00000000,BTC,daily,OBM v0.1.0
2010-12-04,obm_supply_btc_daily,4779800.00000000,BTC,daily,OBM v0.1.0
2010-12-05,obm_supply_btc_daily,4791750.00000000,BTC,daily,OBM v0.1.0
2010-12-06,obm_supply_btc_daily,4803800.00000000,BTC,daily,OBM v0.1.0
2010-12-07,obm_supply_btc_daily,4815750.00000000,BTC,daily,OBM v0.1.0
2010-12-08,obm_supply_btc_daily,4827650.00000000,BTC,daily,OBM v0.1.0
2010-12-09,obm_supply_btc_daily,4838800.00000000,BTC,daily,OBM v0.1.0
2010-12-10,obm_supply_btc_daily,4846150.00000000,BTC,daily,OBM v0.1.0
2010-12-11,obm_supply_btc_daily,4854900.00000000,BTC,daily,OBM v0.1.0
2010-12-12,obm_supply_btc_daily,4863450.00000000,BTC,daily,OBM v0.1.0
2010-12-13,obm_supply_btc_daily,4870500.00000000,BTC,daily,OBM v0.1.0
2010-12-14,obm_supply_btc_daily,4879050.00000000,BTC,daily,OBM v0.1.0
2010-12-15,obm_supply_btc_daily,4888850.00000000,BTC,daily,OBM v0.1.0
2010-12-16,obm_supply_btc_daily,4897500.00000000,BTC,daily,OBM v0.1.0
2010-12-17,obm_supply_btc_daily,4905800.00000000,BTC,daily,OBM v0.1.0
2010-12-18,obm_supply_btc_daily,4913850.00000000,BTC,daily,OBM v0.1.0
2010-12-19,obm_supply_btc_daily,4923050.00000000,BTC,daily,OBM v0.1.0
2010-12-20,obm_supply_btc_daily,4931000.00000000,BTC,daily,OBM v0.1.0
2010-12-21,obm_supply_btc_daily,4940750.00000000,BTC,daily,OBM v0.1.0
2010-12-22,obm_supply_btc_daily,4948650.00000000,BTC,daily,OBM v0.1.0
2010-12-23,obm_supply_btc_daily,4955900.00000000,BTC,daily,OBM v0.1.0
2010-12-24,obm_supply_btc_daily,4963300.00000000,BTC,daily,OBM v0.1.0
2010-12-25,obm_supply_btc_daily,4971700.00000000,BTC,daily,OBM v0.1.0
2010-12-26,obm_supply_btc_daily,4978950.00000000,BTC,daily,OBM v0.1.0
2010-12-27,obm_supply_btc_daily,4987250.00000000,BTC,daily,OBM v0.1.0
2010-12-28,obm_supply_btc_daily,4995700.00000000,BTC,daily,OBM v0.1.0
2010-12-29,obm_supply_btc_daily,5003950.00000000,BTC,daily,OBM v0.1.0
2010-12-30,obm_supply_btc_daily,5012400.00000000,BTC,daily,OBM v0.1.0
2010-12-31,obm_supply_btc_daily,5020500.00000000,BTC,daily,OBM v0.1.0
2011-01-01,obm_supply_btc_daily,5029550.00000000,BTC,daily,OBM v0.1.0
2011-01-02,obm_supply_btc_daily,5038300.00000000,BTC,daily,OBM v0.1.0
2011-01-03,obm_supply_btc_daily,5046100.00000000,BTC,daily,OBM v0.1.0
2011-01-04,obm_supply_btc_daily,5053150.00000000,BTC,daily,OBM v0.1.0
2011-01-05,obm_supply_btc_daily,5060850.00000000,BTC,daily,OBM v0.1.0
2011-01-06,obm_supply_btc_daily,5067900.00000000,BTC,daily,OBM v0.1.0
2011-01-07,obm_supply_btc_daily,5076100.00000000,BTC,daily,OBM v0.1.0
2011-01-08,obm_supply_btc_daily,5084600.00000000,BTC,daily,OBM v0.1.0
2011-01-09,obm_supply_btc_daily,5092750.00000000,BTC,daily,OBM v0.1.0
2011-01-10,obm_supply_btc_daily,5100850.00000000,BTC,daily,OBM v0.1.0
2011-01-11,obm_supply_btc_daily,5109450.00000000,BTC,daily,OBM v0.1.0
2011-01-12,obm_supply_btc_daily,5117800.00000000,BTC,daily,OBM v0.1.0
2011-01-13,obm_supply_btc_daily,5127200.00000000,BTC,daily,OBM v0.1.0
2011-01-14,obm_supply_btc_daily,5136250.00000000,BTC,daily,OBM v0.1.0
2011-01-15,obm_supply_btc_daily,5144100.00000000,BTC,daily,OBM v0.1.0
2011-01-16,obm_supply_btc_daily,5152800.00000000,BTC,daily,OBM v0.1.0
2011-01-17,obm_supply_btc_daily,5161850.00000000,BTC,daily,OBM v0.1.0
2011-01-18,obm_supply_btc_daily,5168900.00000000,BTC,daily,OBM v0.1.0
2011-01-19,obm_supply_btc_daily,5177350.00000000,BTC,daily,OBM v0.1.0
2011-01-20,obm_supply_btc_daily,5186650.00000000,BTC,daily,OBM v0.1.0
2011-01-21,obm_supply_btc_daily,5195350.00000000,BTC,daily,OBM v0.1.0
2011-01-22,obm_supply_btc_daily,5203600.00000000,BTC,daily,OBM v0.1.0
2011-01-23,obm_supply_btc_daily,5212100.00000000,BTC,daily,OBM v0.1.0
2011-01-24,obm_supply_btc_daily,5221500.00000000,BTC,daily,OBM v0.1.0
2011-01-25,obm_supply_btc_daily,5229300.00000000,BTC,daily,OBM v0.1.0
2011-01-26,obm_supply_btc_daily,5238300.00000000,BTC,daily,OBM v0.1.0
2011-01-27,obm_supply_btc_daily,5246300.00000000,BTC,daily,OBM v0.1.0
2011-01-28,obm_supply_btc_daily,5254200.00000000,BTC,daily,OBM v0.1.0
2011-01-29,obm_supply_btc_daily,5262250.00000000,BTC,daily,OBM v0.1.0
2011-01-30,obm_supply_btc_daily,5270050.00000000,BTC,daily,OBM v0.1.0
2011-01-31,obm_supply_btc_daily,5278550.00000000,BTC,daily,OBM v0.1.0
2011-02-01,obm_supply_btc_daily,5286750.00000000,BTC,daily,OBM v0.1.0
2011-02-02,obm_supply_btc_daily,5294650.00000000,BTC,daily,OBM v0.1.0
2011-02-03,obm_supply_btc_daily,5302650.00000000,BTC,daily,OBM v0.1.0
2011-02-04,obm_supply_btc_daily,5312350.00000000,BTC,daily,OBM v0.1.0
2011-02-05,obm_supply_btc_daily,5321300.00000000,BTC,daily,OBM v0.1.0
2011-02-06,obm_supply_btc_daily,5330150.00000000,BTC,daily,OBM v0.1.0
2011-02-07,obm_supply_btc_daily,5340300.00000000,BTC,daily,OBM v0.1.0
2011-02-08,obm_supply_btc_daily,5348700.00000000,BTC,daily,OBM v0.1.0
2011-02-09,obm_supply_btc_daily,5358300.00000000,BTC,daily,OBM v0.1.0
2011-02-10,obm_supply_btc_daily,5367600.00000000,BTC,daily,OBM v0.1.0
2011-02-11,obm_supply_btc_daily,5376900.00000000,BTC,daily,OBM v0.1.0
2011-02-12,obm_supply_btc_daily,5386700.00000000,BTC,daily,OBM v0.1.0
2011-02-13,obm_supply_btc_daily,5396600.00000000,BTC,daily,OBM v0.1.0
2011-02-14,obm_supply_btc_daily,5406400.00000000,BTC,daily,OBM v0.1.0
2011-02-15,obm_supply_btc_daily,5417650.00000000,BTC,daily,OBM v0.1.0
2011-02-16,obm_supply_btc_daily,5429250.00000000,BTC,daily,OBM v0.1.0
2011-02-17,obm_supply_btc_daily,5440800.00000000,BTC,daily,OBM v0.1.0
2011-02-18,obm_supply_btc_daily,5451400.00000000,BTC,daily,OBM v0.1.0
2011-02-19,obm_supply_btc_daily,5459450.00000000,BTC,daily,OBM v0.1.0
2011-02-20,obm_supply_btc_daily,5469350.00000000,BTC,daily,OBM v0.1.0
2011-02-21,obm_supply_btc_daily,5479050.00000000,BTC,daily,OBM v0.1.0
2011-02-22,obm_supply_btc_daily,5489600.00000000,BTC,daily,OBM v0.1.0
2011-02-23,obm_supply_btc_daily,5501750.00000000,BTC,daily,OBM v0.1.0
2011-02-24,obm_supply_btc_daily,5512100.00000000,BTC,daily,OBM v0.1.0
2011-02-25,obm_supply_btc_daily,5523350.00000000,BTC,daily,OBM v0.1.0
2011-02-26,obm_supply_btc_daily,5537150.00000000,BTC,daily,OBM v0.1.0
2011-02-27,obm_supply_btc_daily,5549350.00000000,BTC,daily,OBM v0.1.0
2011-02-28,obm_supply_btc_daily,5556850.00000000,BTC,daily,OBM v0.1.0
2011-03-01,obm_supply_btc_daily,5563350.00000000,BTC,daily,OBM v0.1.0
2011-03-02,obm_supply_btc_daily,5571750.00000000,BTC,daily,OBM v0.1.0
2011-03-03,obm_supply_btc_daily,5581050.00000000,BTC,daily,OBM v0.1.0
2011-03-04,obm_supply_btc_daily,5592100.00000000,BTC,daily,OBM v0.1.0
2011-03-05,obm_supply_btc_daily,5605950.00000000,BTC,daily,OBM v0.1.0
2011-03-06,obm_supply_btc_daily,5619650.00000000,BTC,daily,OBM v0.1.0
2011-03-07,obm_supply_btc_daily,5630200.00000000,BTC,daily,OBM v0.1.0
2011-03-08,obm_supply_btc_daily,5639550.00000000,BTC,daily,OBM v0.1.0
2011-03-09,obm_supply_btc_daily,5647550.00000000,BTC,daily,OBM v0.1.0
2011-03-10,obm_supply_btc_daily,5653050.00000000,BTC,daily,OBM v0.1.0
2011-03-11,obm_supply_btc_daily,5659550.00000000,BTC,daily,OBM v0.1.0
2011-03-12,obm_supply_btc_daily,5666550.00000000,BTC,daily,OBM v0.1.0
2011-03-13,obm_supply_btc_daily,5672400.00000000,BTC,daily,OBM v0.1.0
2011-03-14,obm_supply_btc_daily,5678000.00000000,BTC,daily,OBM v0.1.0
2011-03-15,obm_supply_btc_daily,5683600.00000000,BTC,daily,OBM v0.1.0
2011-03-16,obm_supply_btc_daily,5690400.00000000,BTC,daily,OBM v0.1.0
2011-03-17,obm_supply_btc_daily,5697450.00000000,BTC,daily,OBM v0.1.0
2011-03-18,obm_supply_btc_daily,5703450.00000000,BTC,daily,OBM v0.1.0
2011-03-19,obm_supply_btc_daily,5709200.00000000,BTC,daily,OBM v0.1.0
2011-03-20,obm_supply_btc_daily,5716050.00000000,BTC,daily,OBM v0.1.0
2011-03-21,obm_supply_btc_daily,5723450.00000000,BTC,daily,OBM v0.1.0
2011-03-22,obm_supply_btc_daily,5729400.00000000,BTC,daily,OBM v0.1.0
2011-03-23,obm_supply_btc_daily,5737250.00000000,BTC,daily,OBM v0.1.0
2011-03-24,obm_supply_btc_daily,5744850.00000000,BTC,daily,OBM v0.1.0
2011-03-25,obm_supply_btc_daily,5753500.00000000,BTC,daily,OBM v0.1.0
2011-03-26,obm_supply_btc_daily,5760400.00000000,BTC,daily,OBM v0.1.0
2011-03-27,obm_supply_btc_daily,5767550.00000000,BTC,daily,OBM v0.1.0
2011-03-28,obm_supply_btc_daily,5775950.00000000,BTC,daily,OBM v0.1.0
2011-03-29,obm_supply_btc_daily,5784100.00000000,BTC,daily,OBM v0.1.0
2011-03-30,obm_supply_btc_daily,5791900.00000000,BTC,daily,OBM v0.1.0
2011-03-31,obm_supply_btc_daily,5801950.00000000,BTC,daily,OBM v0.1.0
2011-04-01,obm_supply_btc_daily,5810750.00000000,BTC,daily,OBM v0.1.0
2011-04-02,obm_supply_btc_daily,5819750.00000000,BTC,daily,OBM v0.1.0
2011-04-03,obm_supply_btc_daily,5828500.00000000,BTC,daily,OBM v0.1.0
2011-04-04,obm_supply_btc_daily,5837400.00000000,BTC,daily,OBM v0.1.0
2011-04-05,obm_supply_btc_daily,5847100.00000000,BTC,daily,OBM v0.1.0
2011-04-06,obm_supply_btc_daily,5854500.00000000,BTC,daily,OBM v0.1.0
2011-04-07,obm_supply_btc_daily,5861850.00000000,BTC,daily,OBM v0.1.0
2011-04-08,obm_supply_btc_daily,5870150.00000000,BTC,daily,OBM v0.1.0
2011-04-09,obm_supply_btc_daily,5877950.00000000,BTC,daily,OBM v0.1.0
2011-04-10,obm_supply_btc_daily,5886600.00000000,BTC,daily,OBM v0.1.0
2011-04-11,obm_supply_btc_daily,5894750.00000000,BTC,daily,OBM v0.1.0
2011-04-12,obm_supply_btc_daily,5902900.00000000,BTC,daily,OBM v0.1.0
2011-04-13,obm_supply_btc_daily,5912600.00000000,BTC,daily,OBM v0.1.0
2011-04-14,obm_supply_btc_daily,5920600.00000000,BTC,daily,OBM v0.1.0
2011-04-15,obm_supply_btc_daily,5927400.00000000,BTC,daily,OBM v0.1.0
2011-04-16,obm_supply_btc_daily,5936050.00000000,BTC,daily,OBM v0.1.0
2011-04-17,obm_supply_btc_daily,5945050.00000000,BTC,daily,OBM v0.1.0
2011-04-18,obm_supply_btc_daily,5952450.00000000,BTC,daily,OBM v0.1.0
2011-04-19,obm_supply_btc_daily,5960150.00000000,BTC,daily,OBM v0.1.0
2011-04-20,obm_supply_btc_daily,5967350.00000000,BTC,daily,OBM v0.1.0
2011-04-21,obm_supply_btc_daily,5974700.00000000,BTC,daily,OBM v0.1.0
2011-04-22,obm_supply_btc_daily,5983500.00000000,BTC,daily,OBM v0.1.0
2011-04-23,obm_supply_btc_daily,5992100.00000000,BTC,daily,OBM v0.1.0
2011-04-24,obm_supply_btc_daily,6000200.00000000,BTC,daily,OBM v0.1.0
2011-04-25,obm_supply_btc_daily,6009800.00000000,BTC,daily,OBM v0.1.0
2011-04-26,obm_supply_btc_daily,6019550.00000000,BTC,daily,OBM v0.1.0
2011-04-27,obm_supply_btc_daily,6028700.00000000,BTC,daily,OBM v0.1.0
2011-04-28,obm_supply_btc_daily,6036900.00000000,BTC,daily,OBM v0.1.0
2011-04-29,obm_supply_btc_daily,6046900.00000000,BTC,daily,OBM v0.1.0
2011-04-30,obm_supply_btc_daily,6056350.00000000,BTC,daily,OBM v0.1.0
2011-05-01,obm_supply_btc_daily,6065300.00000000,BTC,daily,OBM v0.1.0
2011-05-02,obm_supply_btc_daily,6075150.00000000,BTC,daily,OBM v0.1.0
2011-05-03,obm_supply_btc_daily,6084950.00000000,BTC,daily,OBM v0.1.0
2011-05-04,obm_supply_btc_daily,6094800.00000000,BTC,daily,OBM v0.1.0
2011-05-05,obm_supply_btc_daily,6105750.00000000,BTC,daily,OBM v0.1.0
2011-05-06,obm_supply_btc_daily,6116650.00000000,BTC,daily,OBM v0.1.0
2011-05-07,obm_supply_btc_daily,6127350.00000000,BTC,daily,OBM v0.1.0
2011-05-08,obm_supply_btc_daily,6138300.00000000,BTC,daily,OBM v0.1.0
2011-05-09,obm_supply_btc_daily,6150250.00000000,BTC,daily,OBM v0.1.0
2011-05-10,obm_supply_btc_daily,6159400.00000000,BTC,daily,OBM v0.1.0
2011-05-11,obm_supply_btc_daily,6168950.00000000,BTC,daily,OBM v0.1.0
2011-05-12,obm_supply_btc_daily,6177400.00000000,BTC,daily,OBM v0.1.0
2011-05-13,obm_supply_btc_daily,6187750.00000000,BTC,daily,OBM v0.1.0
2011-05-14,obm_supply_btc_daily,6199850.00000000,BTC,daily,OBM v0.1.0
2011-05-15,obm_supply_btc_daily,6210850.00000000,BTC,daily,OBM v0.1.0
2011-05-16,obm_supply_btc_daily,6223200.00000000,BTC,daily,OBM v0.1.0
2011-05-17,obm_supply_btc_daily,6236050.00000000,BTC,daily,OBM v0.1.0
2011-05-18,obm_supply_btc_daily,6250449.98999999,BTC,daily,OBM v0.1.0
2011-05-19,obm_supply_btc_daily,6258999.98999999,BTC,daily,OBM v0.1.0
2011-05-20,obm_supply_btc_daily,6269999.98999999,BTC,daily,OBM v0.1.0
2011-05-21,obm_supply_btc_daily,6280999.98999999,BTC,daily,OBM v0.1.0
2011-05-22,obm_supply_btc_daily,6293599.98999999,BTC,daily,OBM v0.1.0
2011-05-23,obm_supply_btc_daily,6307899.98999999,BTC,daily,OBM v0.1.0
2011-05-24,obm_supply_btc_daily,6322849.98999999,BTC,daily,OBM v0.1.0
2011-05-25,obm_supply_btc_daily,6338199.98999999,BTC,daily,OBM v0.1.0
2011-05-26,obm_supply_btc_daily,6352999.98999999,BTC,daily,OBM v0.1.0
2011-05-27,obm_supply_btc_daily,6361349.98999999,BTC,daily,OBM v0.1.0
2011-05-28,obm_supply_btc_daily,6369099.98999999,BTC,daily,OBM v0.1.0
2011-05-29,obm_supply_btc_daily,6378099.98999999,BTC,daily,OBM v0.1.0
2011-05-30,obm_supply_btc_daily,6385799.98999999,BTC,daily,OBM v0.1.0
2011-05-31,obm_supply_btc_daily,6393299.98999999,BTC,daily,OBM v0.1.0
2011-06-01,obm_supply_btc_daily,6402699.98999999,BTC,daily,OBM v0.1.0
2011-06-02,obm_supply_btc_daily,6412199.98999999,BTC,daily,OBM v0.1.0
2011-06-03,obm_supply_btc_daily,6422299.98999999,BTC,daily,OBM v0.1.0
2011-06-04,obm_supply_btc_daily,6433499.98999999,BTC,daily,OBM v0.1.0
2011-06-05,obm_supply_btc_daily,6443899.98999999,BTC,daily,OBM v0.1.0
2011-06-06,obm_supply_btc_daily,6455549.98999999,BTC,daily,OBM v0.1.0
2011-06-07,obm_supply_btc_daily,6464049.98999999,BTC,daily,OBM v0.1.0
2011-06-08,obm_supply_btc_daily,6473299.98999999,BTC,daily,OBM v0.1.0
2011-06-09,obm_supply_btc_daily,6484399.98999999,BTC,daily,OBM v0.1.0
2011-06-10,obm_supply_btc_daily,6495549.98999999,BTC,daily,OBM v0.1.0
2011-06-11,obm_supply_btc_daily,6508149.98999999,BTC,daily,OBM v0.1.0
2011-06-12,obm_supply_btc_daily,6519799.98999999,BTC,daily,OBM v0.1.0
2011-06-13,obm_supply_btc_daily,6531149.98999999,BTC,daily,OBM v0.1.0
2011-06-14,obm_supply_btc_daily,6543499.98999999,BTC,daily,OBM v0.1.0
2011-06-15,obm_supply_btc_daily,6557449.98999999,BTC,daily,OBM v0.1.0
2011-06-16,obm_supply_btc_daily,6566449.98999999,BTC,daily,OBM v0.1.0
2011-06-17,obm_supply_btc_daily,6575749.98999999,BTC,daily,OBM v0.1.0
2011-06-18,obm_supply_btc_daily,6585599.98999999,BTC,daily,OBM v0.1.0
2011-06-19,obm_supply_btc_daily,6596749.98999999,BTC,daily,OBM v0.1.0
2011-06-20,obm_supply_btc_daily,6608449.98999999,BTC,daily,OBM v0.1.0
2011-06-21,obm_supply_btc_daily,6621099.98999999,BTC,daily,OBM v0.1.0
2011-06-22,obm_supply_btc_daily,6634099.98999999,BTC,daily,OBM v0.1.0
2011-06-23,obm_supply_btc_daily,6646099.98999999,BTC,daily,OBM v0.1.0
2011-06-24,obm_supply_btc_daily,6656899.98999999,BTC,daily,OBM v0.1.0
2011-06-25,obm_supply_btc_daily,6664049.98999999,BTC,daily,OBM v0.1.0
2011-06-26,obm_supply_btc_daily,6671499.98999999,BTC,daily,OBM v0.1.0
2011-06-27,obm_supply_btc_daily,6679949.98999999,BTC,daily,OBM v0.1.0
2011-06-28,obm_supply_btc_daily,6687949.98999999,BTC,daily,OBM v0.1.0
2011-06-29,obm_supply_btc_daily,6696549.98999999,BTC,daily,OBM v0.1.0
2011-06-30,obm_supply_btc_daily,6706099.98999999,BTC,daily,OBM v0.1.0
2011-07-01,obm_supply_btc_daily,6714749.98999999,BTC,daily,OBM v0.1.0
2011-07-02,obm_supply_btc_daily,6723199.98999999,BTC,daily,OBM v0.1.0
2011-07-03,obm_supply_btc_daily,6731449.98999999,BTC,daily,OBM v0.1.0
2011-07-04,obm_supply_btc_daily,6739949.98999999,BTC,daily,OBM v0.1.0
2011-07-05,obm_supply_btc_daily,6746899.98999999,BTC,daily,OBM v0.1.0
2011-07-06,obm_supply_btc_daily,6754749.98999999,BTC,daily,OBM v0.1.0
2011-07-07,obm_supply_btc_daily,6761299.98999999,BTC,daily,OBM v0.1.0
2011-07-08,obm_supply_btc_daily,6769549.98999999,BTC,daily,OBM v0.1.0
2011-07-09,obm_supply_btc_daily,6776999.98999999,BTC,daily,OBM v0.1.0
2011-07-10,obm_supply_btc_daily,6783849.98999999,BTC,daily,OBM v0.1.0
2011-07-11,obm_supply_btc_daily,6791699.98999999,BTC,daily,OBM v0.1.0
2011-07-12,obm_supply_btc_daily,6798749.98999999,BTC,daily,OBM v0.1.0
2011-07-13,obm_supply_btc_daily,6808299.98999999,BTC,daily,OBM v0.1.0
2011-07-14,obm_supply_btc_daily,6815499.98999999,BTC,daily,OBM v0.1.0
2011-07-15,obm_supply_btc_daily,6823599.98999999,BTC,daily,OBM v0.1.0
2011-07-16,obm_supply_btc_daily,6831449.98999999,BTC,daily,OBM v0.1.0
2011-07-17,obm_supply_btc_daily,6839949.98999999,BTC,daily,OBM v0.1.0
2011-07-18,obm_supply_btc_daily,6848449.98999999,BTC,daily,OBM v0.1.0
2011-07-19,obm_supply_btc_daily,6855549.98999999,BTC,daily,OBM v0.1.0
2011-07-20,obm_supply_btc_daily,6862999.98999999,BTC,daily,OBM v0.1.0
2011-07-21,obm_supply_btc_daily,6870599.98999999,BTC,daily,OBM v0.1.0
2011-07-22,obm_supply_btc_daily,6878149.98999999,BTC,daily,OBM v0.1.0
2011-07-23,obm_supply_btc_daily,6885449.98999999,BTC,daily,OBM v0.1.0
2011-07-24,obm_supply_btc_daily,6893749.98999999,BTC,daily,OBM v0.1.0
2011-07-25,obm_supply_btc_daily,6901999.98999999,BTC,daily,OBM v0.1.0
2011-07-26,obm_supply_btc_daily,6910799.98999999,BTC,daily,OBM v0.1.0
2011-07-27,obm_supply_btc_daily,6919499.98999999,BTC,daily,OBM v0.1.0
2011-07-28,obm_supply_btc_daily,6927249.98999999,BTC,daily,OBM v0.1.0
2011-07-29,obm_supply_btc_daily,6935449.98999999,BTC,daily,OBM v0.1.0
2011-07-30,obm_supply_btc_daily,6943049.98999999,BTC,daily,OBM v0.1.0
2011-07-31,obm_supply_btc_daily,6951799.98999999,BTC,daily,OBM v0.1.0
2011-08-01,obm_supply_btc_daily,6960049.98999999,BTC,daily,OBM v0.1.0
2011-08-02,obm_supply_btc_daily,6967749.98999999,BTC,daily,OBM v0.1.0
2011-08-03,obm_supply_btc_daily,6975599.98999999,BTC,daily,OBM v0.1.0
2011-08-04,obm_supply_btc_daily,6982049.98999999,BTC,daily,OBM v0.1.0
2011-08-05,obm_supply_btc_daily,6989049.98999999,BTC,daily,OBM v0.1.0
2011-08-06,obm_supply_btc_daily,6995149.98999999,BTC,daily,OBM v0.1.0
2011-08-07,obm_supply_btc_daily,7001449.98999999,BTC,daily,OBM v0.1.0
2011-08-08,obm_supply_btc_daily,7008249.98999999,BTC,daily,OBM v0.1.0
2011-08-09,obm_supply_btc_daily,7015549.98999999,BTC,daily,OBM v0.1.0
2011-08-10,obm_supply_btc_daily,7023149.98999999,BTC,daily,OBM v0.1.0
2011-08-11,obm_supply_btc_daily,7029999.98999999,BTC,daily,OBM v0.1.0
2011-08-12,obm_supply_btc_daily,7036549.98999999,BTC,daily,OBM v0.1.0
2011-08-13,obm_supply_btc_daily,7043049.98999999,BTC,daily,OBM v0.1.0
2011-08-14,obm_supply_btc_daily,7049649.98999999,BTC,daily,OBM v0.1.0
2011-08-15,obm_supply_btc_daily,7056099.98999999,BTC,daily,OBM v0.1.0
2011-08-16,obm_supply_btc_daily,7063449.98999999,BTC,daily,OBM v0.1.0
2011-08-17,obm_supply_btc_daily,7070249.98999999,BTC,daily,OBM v0.1.0
2011-08-18,obm_supply_btc_daily,7077449.98999999,BTC,daily,OBM v0.1.0
2011-08-19,obm_supply_btc_daily,7083999.98999999,BTC,daily,OBM v0.1.0
2011-08-20,obm_supply_btc_daily,7091599.98999999,BTC,daily,OBM v0.1.0
2011-08-21,obm_supply_btc_daily,7099599.98999999,BTC,daily,OBM v0.1.0
2011-08-22,obm_supply_btc_daily,7108049.98999999,BTC,daily,OBM v0.1.0
2011-08-23,obm_supply_btc_daily,7115799.98999999,BTC,daily,OBM v0.1.0
2011-08-24,obm_supply_btc_daily,7122499.98999999,BTC,daily,OBM v0.1.0
2011-08-25,obm_supply_btc_daily,7129249.98999999,BTC,daily,OBM v0.1.0
2011-08-26,obm_supply_btc_daily,7136599.98999999,BTC,daily,OBM v0.1.0
2011-08-27,obm_supply_btc_daily,7142699.98999999,BTC,daily,OBM v0.1.0
2011-08-28,obm_supply_btc_daily,7148499.98999999,BTC,daily,OBM v0.1.0
2011-08-29,obm_supply_btc_daily,7155399.98999999,BTC,daily,OBM v0.1.0
2011-08-30,obm_supply_btc_daily,7162699.98999999,BTC,daily,OBM v0.1.0
2011-08-31,obm_supply_btc_daily,7170449.98999999,BTC,daily,OBM v0.1.0
2011-09-01,obm_supply_btc_daily,7176899.98999999,BTC,daily,OBM v0.1.0
2011-09-02,obm_supply_btc_daily,7184699.98999999,BTC,daily,OBM v0.1.0
2011-09-03,obm_supply_btc_daily,7191949.98999999,BTC,daily,OBM v0.1.0
2011-09-04,obm_supply_btc_daily,7198649.98999999,BTC,daily,OBM v0.1.0
2011-09-05,obm_supply_btc_daily,7206449.98999999,BTC,daily,OBM v0.1.0
2011-09-06,obm_supply_btc_daily,7213999.98999999,BTC,daily,OBM v0.1.0
2011-09-07,obm_supply_btc_daily,7220799.98999999,BTC,daily,OBM v0.1.0
2011-09-08,obm_supply_btc_daily,7227249.98999999,BTC,daily,OBM v0.1.0
2011-09-09,obm_supply_btc_daily,7234949.98999999,BTC,daily,OBM v0.1.0
2011-09-10,obm_supply_btc_daily,7241599.98999999,BTC,daily,OBM v0.1.0
2011-09-11,obm_supply_btc_daily,7247849.98999999,BTC,daily,OBM v0.1.0
2011-09-12,obm_supply_btc_daily,7254499.98999999,BTC,daily,OBM v0.1.0
2011-09-13,obm_supply_btc_daily,7261599.98999999,BTC,daily,OBM v0.1.0
2011-09-14,obm_supply_btc_daily,7268899.98999999,BTC,daily,OBM v0.1.0
2011-09-15,obm_supply_btc_daily,7276699.98999999,BTC,daily,OBM v0.1.0
2011-09-16,obm_supply_btc_daily,7282649.98999999,BTC,daily,OBM v0.1.0
2011-09-17,obm_supply_btc_daily,7289349.98999999,BTC,daily,OBM v0.1.0
2011-09-18,obm_supply_btc_daily,7297249.98999999,BTC,daily,OBM v0.1.0
2011-09-19,obm_supply_btc_daily,7303599.98999999,BTC,daily,OBM v0.1.0
2011-09-20,obm_supply_btc_daily,7310599.98999999,BTC,daily,OBM v0.1.0
2011-09-21,obm_supply_btc_daily,7317899.98999999,BTC,daily,OBM v0.1.0
2011-09-22,obm_supply_btc_daily,7325299.98999999,BTC,daily,OBM v0.1.0
2011-09-23,obm_supply_btc_daily,7331949.98999999,BTC,daily,OBM v0.1.0
2011-09-24,obm_supply_btc_daily,7338399.98999999,BTC,daily,OBM v0.1.0
2011-09-25,obm_supply_btc_daily,7345249.98999999,BTC,daily,OBM v0.1.0
2011-09-26,obm_supply_btc_daily,7351949.98999999,BTC,daily,OBM v0.1.0
2011-09-27,obm_supply_btc_daily,7358599.98999999,BTC,daily,OBM v0.1.0
2011-09-28,obm_supply_btc_daily,7365949.98999999,BTC,daily,OBM v0.1.0
2011-09-29,obm_supply_btc_daily,7372199.98999999,BTC,daily,OBM v0.1.0
2011-09-30,obm_supply_btc_daily,7378299.98999999,BTC,daily,OBM v0.1.0
2011-10-01,obm_supply_btc_daily,7385449.98999999,BTC,daily,OBM v0.1.0
2011-10-02,obm_supply_btc_daily,7391499.98999999,BTC,daily,OBM v0.1.0
2011-10-03,obm_supply_btc_daily,7398749.98999999,BTC,daily,OBM v0.1.0
2011-10-04,obm_supply_btc_daily,7404349.98999999,BTC,daily,OBM v0.1.0
2011-10-05,obm_supply_btc_daily,7411599.98999999,BTC,daily,OBM v0.1.0
2011-10-06,obm_supply_btc_daily,7417999.98999999,BTC,daily,OBM v0.1.0
2011-10-07,obm_supply_btc_daily,7424899.98999999,BTC,daily,OBM v0.1.0
2011-10-08,obm_supply_btc_daily,7430849.98999999,BTC,daily,OBM v0.1.0
2011-10-09,obm_supply_btc_daily,7437199.98999999,BTC,daily,OBM v0.1.0
2011-10-10,obm_supply_btc_daily,7443349.98999999,BTC,daily,OBM v0.1.0
2011-10-11,obm_supply_btc_daily,7447999.98999999,BTC,daily,OBM v0.1.0
2011-10-12,obm_supply_btc_daily,7453999.98999999,BTC,daily,OBM v0.1.0
2011-10-13,obm_supply_btc_daily,7458849.98999999,BTC,daily,OBM v0.1.0
2011-10-14,obm_supply_btc_daily,7465799.98999999,BTC,daily,OBM v0.1.0
2011-10-15,obm_supply_btc_daily,7472499.98999999,BTC,daily,OBM v0.1.0
2011-10-16,obm_supply_btc_daily,7478449.98999999,BTC,daily,OBM v0.1.0
2011-10-17,obm_supply_btc_daily,7484349.98999999,BTC,daily,OBM v0.1.0
2011-10-18,obm_supply_btc_daily,7490349.98999999,BTC,daily,OBM v0.1.0
2011-10-19,obm_supply_btc_daily,7496999.98999999,BTC,daily,OBM v0.1.0
2011-10-20,obm_supply_btc_daily,7502749.98999999,BTC,daily,OBM v0.1.0
2011-10-21,obm_supply_btc_daily,7508799.98999999,BTC,daily,OBM v0.1.0
2011-10-22,obm_supply_btc_daily,7513699.98999999,BTC,daily,OBM v0.1.0
2011-10-23,obm_supply_btc_daily,7519099.98999999,BTC,daily,OBM v0.1.0
2011-10-24,obm_supply_btc_daily,7525449.98999999,BTC,daily,OBM v0.1.0
2011-10-25,obm_supply_btc_daily,7531899.98999999,BTC,daily,OBM v0.1.0
2011-10-26,obm_supply_btc_daily,7537749.98999999,BTC,daily,OBM v0.1.0
2011-10-27,obm_supply_btc_daily,7542749.98999999,BTC,daily,OBM v0.1.0
2011-10-28,obm_supply_btc_daily,7547999.98999999,BTC,daily,OBM v0.1.0
2011-10-29,obm_supply_btc_daily,7553649.98999999,BTC,daily,OBM v0.1.0
2011-10-30,obm_supply_btc_daily,7559199.98999999,BTC,daily,OBM v0.1.0
2011-10-31,obm_supply_btc_daily,7565749.98999999,BTC,daily,OBM v0.1.0
2011-11-01,obm_supply_btc_daily,7573249.98999999,BTC,daily,OBM v0.1.0
2011-11-02,obm_supply_btc_daily,7580949.98999999,BTC,daily,OBM v0.1.0
2011-11-03,obm_supply_btc_daily,7587199.98999999,BTC,daily,OBM v0.1.0
2011-11-04,obm_supply_btc_daily,7594549.98999999,BTC,daily,OBM v0.1.0
2011-11-05,obm_supply_btc_daily,7601849.98999999,BTC,daily,OBM v0.1.0
2011-11-06,obm_supply_btc_daily,7609049.98999999,BTC,daily,OBM v0.1.0
2011-11-07,obm_supply_btc_daily,7615649.98999999,BTC,daily,OBM v0.1.0
2011-11-08,obm_supply_btc_daily,7623099.98999999,BTC,daily,OBM v0.1.0
2011-11-09,obm_supply_btc_daily,7631149.98999999,BTC,daily,OBM v0.1.0
2011-11-10,obm_supply_btc_daily,7638199.98999999,BTC,daily,OBM v0.1.0
2011-11-11,obm_supply_btc_daily,7644149.98999999,BTC,daily,OBM v0.1.0
2011-11-12,obm_supply_btc_daily,7651299.98999999,BTC,daily,OBM v0.1.0
2011-11-13,obm_supply_btc_daily,7658499.98999999,BTC,daily,OBM v0.1.0
2011-11-14,obm_supply_btc_daily,7665649.98999999,BTC,daily,OBM v0.1.0
2011-11-15,obm_supply_btc_daily,7673899.98999999,BTC,daily,OBM v0.1.0
2011-11-16,obm_supply_btc_daily,7680649.98999999,BTC,daily,OBM v0.1.0
2011-11-17,obm_supply_btc_daily,7687599.98999999,BTC,daily,OBM v0.1.0
2011-11-18,obm_supply_btc_daily,7694249.98999999,BTC,daily,OBM v0.1.0
2011-11-19,obm_supply_btc_daily,7700399.98999999,BTC,daily,OBM v0.1.0
2011-11-20,obm_supply_btc_daily,7707549.98999999,BTC,daily,OBM v0.1.0
2011-11-21,obm_supply_btc_daily,7713449.98999999,BTC,daily,OBM v0.1.0
2011-11-22,obm_supply_btc_daily,7720449.98999999,BTC,daily,OBM v0.1.0
2011-11-23,obm_supply_btc_daily,7727149.98999999,BTC,daily,OBM v0.1.0
2011-11-24,obm_supply_btc_daily,7732799.98999999,BTC,daily,OBM v0.1.0
2011-11-25,obm_supply_btc_daily,7739549.98999999,BTC,daily,OBM v0.1.0
2011-11-26,obm_supply_btc_daily,7745549.98999999,BTC,daily,OBM v0.1.0
2011-11-27,obm_supply_btc_daily,7751249.98999999,BTC,daily,OBM v0.1.0
2011-11-28,obm_supply_btc_daily,7757599.98999999,BTC,daily,OBM v0.1.0
2011-11-29,obm_supply_btc_daily,7764499.98999999,BTC,daily,OBM v0.1.0
2011-11-30,obm_supply_btc_daily,7772599.98999999,BTC,daily,OBM v0.1.0
2011-12-01,obm_supply_btc_daily,7781699.98999999,BTC,daily,OBM v0.1.0
2011-12-02,obm_supply_btc_daily,7788999.98999999,BTC,daily,OBM v0.1.0
2011-12-03,obm_supply_btc_daily,7796599.98999999,BTC,daily,OBM v0.1.0
2011-12-04,obm_supply_btc_daily,7803399.98999999,BTC,daily,OBM v0.1.0
2011-12-05,obm_supply_btc_daily,7811299.98999999,BTC,daily,OBM v0.1.0
2011-12-06,obm_supply_btc_daily,7819849.98999999,BTC,daily,OBM v0.1.0
2011-12-07,obm_supply_btc_daily,7826749.98999999,BTC,daily,OBM v0.1.0
2011-12-08,obm_supply_btc_daily,7834949.98999999,BTC,daily,OBM v0.1.0
2011-12-09,obm_supply_btc_daily,7842299.98999999,BTC,daily,OBM v0.1.0
2011-12-10,obm_supply_btc_daily,7849499.98999999,BTC,daily,OBM v0.1.0
2011-12-11,obm_supply_btc_daily,7857099.98999999,BTC,daily,OBM v0.1.0
2011-12-12,obm_supply_btc_daily,7863449.98999999,BTC,daily,OBM v0.1.0
2011-12-13,obm_supply_btc_daily,7870049.98999999,BTC,daily,OBM v0.1.0
2011-12-14,obm_supply_btc_daily,7877699.98999999,BTC,daily,OBM v0.1.0
2011-12-15,obm_supply_btc_daily,7883299.98999999,BTC,daily,OBM v0.1.0
2011-12-16,obm_supply_btc_daily,7889199.98999999,BTC,daily,OBM v0.1.0
2011-12-17,obm_supply_btc_daily,7896699.98999999,BTC,daily,OBM v0.1.0
2011-12-18,obm_supply_btc_daily,7903899.98999999,BTC,daily,OBM v0.1.0
2011-12-19,obm_supply_btc_daily,7911849.98999999,BTC,daily,OBM v0.1.0
2011-12-20,obm_supply_btc_daily,7918549.98999999,BTC,daily,OBM v0.1.0
2011-12-21,obm_supply_btc_daily,7925999.98999999,BTC,daily,OBM v0.1.0
2011-12-22,obm_supply_btc_daily,7933399.98999999,BTC,daily,OBM v0.1.0
2011-12-23,obm_supply_btc_daily,7940499.98999999,BTC,daily,OBM v0.1.0
2011-12-24,obm_supply_btc_daily,7947749.98999999,BTC,daily,OBM v0.1.0
2011-12-25,obm_supply_btc_daily,7956449.98999999,BTC,daily,OBM v0.1.0
2011-12-26,obm_supply_btc_daily,7965299.98999999,BTC,daily,OBM v0.1.0
2011-12-27,obm_supply_btc_daily,7972549.98999999,BTC,daily,OBM v0.1.0
2011-12-28,obm_supply_btc_daily,7980299.98999999,BTC,daily,OBM v0.1.0
2011-12-29,obm_supply_btc_daily,7987199.98999999,BTC,daily,OBM v0.1.0
2011-12-30,obm_supply_btc_daily,7994299.98999999,BTC,daily,OBM v0.1.0
2011-12-31,obm_supply_btc_daily,8001849.98999999,BTC,daily,OBM v0.1.0
2012-01-01,obm_supply_btc_daily,8009499.98999999,BTC,daily,OBM v0.1.0
2012-01-02,obm_supply_btc_daily,8017049.98999999,BTC,daily,OBM v0.1.0
2012-01-03,obm_supply_btc_daily,8024999.98999999,BTC,daily,OBM v0.1.0
2012-01-04,obm_supply_btc_daily,8032449.98999999,BTC,daily,OBM v0.1.0
2012-01-05,obm_supply_btc_daily,8039799.98999999,BTC,daily,OBM v0.1.0
2012-01-06,obm_supply_btc_daily,8048349.98999999,BTC,daily,OBM v0.1.0
2012-01-07,obm_supply_btc_daily,8057549.98999999,BTC,daily,OBM v0.1.0
2012-01-08,obm_supply_btc_daily,8065699.98999999,BTC,daily,OBM v0.1.0
2012-01-09,obm_supply_btc_daily,8073899.98999999,BTC,daily,OBM v0.1.0
2012-01-10,obm_supply_btc_daily,8080949.98999999,BTC,daily,OBM v0.1.0
2012-01-11,obm_supply_btc_daily,8088599.98999999,BTC,daily,OBM v0.1.0
2012-01-12,obm_supply_btc_daily,8096349.98999999,BTC,daily,OBM v0.1.0
2012-01-13,obm_supply_btc_daily,8103349.98999999,BTC,daily,OBM v0.1.0
2012-01-14,obm_supply_btc_daily,8110849.98999999,BTC,daily,OBM v0.1.0
2012-01-15,obm_supply_btc_daily,8117799.98999999,BTC,daily,OBM v0.1.0
2012-01-16,obm_supply_btc_daily,8126549.98999999,BTC,daily,OBM v0.1.0
2012-01-17,obm_supply_btc_daily,8134399.98999999,BTC,daily,OBM v0.1.0
2012-01-18,obm_supply_btc_daily,8140799.97299999,BTC,daily,OBM v0.1.0
2012-01-19,obm_supply_btc_daily,8148299.87710466,BTC,daily,OBM v0.1.0
2012-01-20,obm_supply_btc_daily,8155549.48698481,BTC,daily,OBM v0.1.0
2012-01-21,obm_supply_btc_daily,8163749.04744397,BTC,daily,OBM v0.1.0
2012-01-22,obm_supply_btc_daily,8170548.84204106,BTC,daily,OBM v0.1.0
2012-01-23,obm_supply_btc_daily,8179048.67363629,BTC,daily,OBM v0.1.0
2012-01-24,obm_supply_btc_daily,8185997.56325165,BTC,daily,OBM v0.1.0
2012-01-25,obm_supply_btc_daily,8193397.34414703,BTC,daily,OBM v0.1.0
2012-01-26,obm_supply_btc_daily,8200296.65061203,BTC,daily,OBM v0.1.0
2012-01-27,obm_supply_btc_daily,8207345.24223045,BTC,daily,OBM v0.1.0
2012-01-28,obm_supply_btc_daily,8214592.94288381,BTC,daily,OBM v0.1.0
2012-01-29,obm_supply_btc_daily,8222941.75104146,BTC,daily,OBM v0.1.0
2012-01-30,obm_supply_btc_daily,8231541.41143302,BTC,daily,OBM v0.1.0
2012-01-31,obm_supply_btc_daily,8239041.34443302,BTC,daily,OBM v0.1.0
2012-02-01,obm_supply_btc_daily,8246091.10632214,BTC,daily,OBM v0.1.0
2012-02-02,obm_supply_btc_daily,8254040.94315441,BTC,daily,OBM v0.1.0
2012-02-03,obm_supply_btc_daily,8261940.78466080,BTC,daily,OBM v0.1.0
2012-02-04,obm_supply_btc_daily,8269790.75849937,BTC,daily,OBM v0.1.0
2012-02-05,obm_supply_btc_daily,8276890.75849937,BTC,daily,OBM v0.1.0
2012-02-06,obm_supply_btc_daily,8284190.75849937,BTC,daily,OBM v0.1.0
2012-02-07,obm_supply_btc_daily,8291040.75599937,BTC,daily,OBM v0.1.0
2012-02-08,obm_supply_btc_daily,8298290.75599937,BTC,daily,OBM v0.1.0
2012-02-09,obm_supply_btc_daily,8305540.75599937,BTC,daily,OBM v0.1.0
2012-02-10,obm_supply_btc_daily,8312440.75599937,BTC,daily,OBM v0.1.0
2012-02-11,obm_supply_btc_daily,8319940.61839413,BTC,daily,OBM v0.1.0
2012-02-12,obm_supply_btc_daily,8327840.58989413,BTC,daily,OBM v0.1.0
2012-02-13,obm_supply_btc_daily,8334690.58989413,BTC,daily,OBM v0.1.0
2012-02-14,obm_supply_btc_daily,8341590.57589413,BTC,daily,OBM v0.1.0
2012-02-15,obm_supply_btc_daily,8348290.56808977,BTC,daily,OBM v0.1.0
2012-02-16,obm_supply_btc_daily,8355190.43575376,BTC,daily,OBM v0.1.0
2012-02-17,obm_supply_btc_daily,8362790.41725376,BTC,daily,OBM v0.1.0
2012-02-18,obm_supply_btc_daily,8371340.41725376,BTC,daily,OBM v0.1.0
2012-02-19,obm_supply_btc_daily,8379240.41725376,BTC,daily,OBM v0.1.0
2012-02-20,obm_supply_btc_daily,8386240.41725376,BTC,daily,OBM v0.1.0
2012-02-21,obm_supply_btc_daily,8392690.41725376,BTC,daily,OBM v0.1.0
2012-02-22,obm_supply_btc_daily,8400640.41725376,BTC,daily,OBM v0.1.0
2012-02-23,obm_supply_btc_daily,8408940.41725376,BTC,daily,OBM v0.1.0
2012-02-24,obm_supply_btc_daily,8416390.41725376,BTC,daily,OBM v0.1.0
2012-02-25,obm_supply_btc_daily,8424640.41725376,BTC,daily,OBM v0.1.0
2012-02-26,obm_supply_btc_daily,8432140.41075376,BTC,daily,OBM v0.1.0
2012-02-27,obm_supply_btc_daily,8439840.41075376,BTC,daily,OBM v0.1.0
2012-02-28,obm_supply_btc_daily,8447840.41075376,BTC,daily,OBM v0.1.0
2012-02-29,obm_supply_btc_daily,8456790.41075376,BTC,daily,OBM v0.1.0
2012-03-01,obm_supply_btc_daily,8464340.41075376,BTC,daily,OBM v0.1.0
2012-03-02,obm_supply_btc_daily,8471040.41075376,BTC,daily,OBM v0.1.0
2012-03-03,obm_supply_btc_daily,8476690.38925376,BTC,daily,OBM v0.1.0
2012-03-04,obm_supply_btc_daily,8483540.38015376,BTC,daily,OBM v0.1.0
2012-03-05,obm_supply_btc_daily,8490790.38015376,BTC,daily,OBM v0.1.0
2012-03-06,obm_supply_btc_daily,8497640.32815376,BTC,daily,OBM v0.1.0
2012-03-07,obm_supply_btc_daily,8505340.32815376,BTC,daily,OBM v0.1.0
2012-03-08,obm_supply_btc_daily,8513140.32815376,BTC,daily,OBM v0.1.0
2012-03-09,obm_supply_btc_daily,8521540.32815376,BTC,daily,OBM v0.1.0
2012-03-10,obm_supply_btc_daily,8529790.32815376,BTC,daily,OBM v0.1.0
2012-03-11,obm_supply_btc_daily,8536490.32815376,BTC,daily,OBM v0.1.0
2012-03-12,obm_supply_btc_daily,8544790.32815376,BTC,daily,OBM v0.1.0
2012-03-13,obm_supply_btc_daily,8552790.32815376,BTC,daily,OBM v0.1.0
2012-03-14,obm_supply_btc_daily,8559640.32815376,BTC,daily,OBM v0.1.0
2012-03-15,obm_supply_btc_daily,8565690.32815376,BTC,daily,OBM v0.1.0
2012-03-16,obm_supply_btc_daily,8573340.32815376,BTC,daily,OBM v0.1.0
2012-03-17,obm_supply_btc_daily,8581840.32815376,BTC,daily,OBM v0.1.0
2012-03-18,obm_supply_btc_daily,8589840.32815376,BTC,daily,OBM v0.1.0
2012-03-19,obm_supply_btc_daily,8596990.32815376,BTC,daily,OBM v0.1.0
2012-03-20,obm_supply_btc_daily,8604990.32815376,BTC,daily,OBM v0.1.0
2012-03-21,obm_supply_btc_daily,8612890.32815376,BTC,daily,OBM v0.1.0
2012-03-22,obm_supply_btc_daily,8620790.32815376,BTC,daily,OBM v0.1.0
2012-03-23,obm_supply_btc_daily,8627090.32815376,BTC,daily,OBM v0.1.0
2012-03-24,obm_supply_btc_daily,8636290.32815376,BTC,daily,OBM v0.1.0
2012-03-25,obm_supply_btc_daily,8644140.32815376,BTC,daily,OBM v0.1.0
2012-03-26,obm_supply_btc_daily,8651690.32815376,BTC,daily,OBM v0.1.0
2012-03-27,obm_supply_btc_daily,8659490.32815376,BTC,daily,OBM v0.1.0
2012-03-28,obm_supply_btc_daily,8666990.32815376,BTC,daily,OBM v0.1.0
2012-03-29,obm_supply_btc_daily,8674040.32815376,BTC,daily,OBM v0.1.0
2012-03-30,obm_supply_btc_daily,8681740.32815376,BTC,daily,OBM v0.1.0
2012-03-31,obm_supply_btc_daily,8690240.32815376,BTC,daily,OBM v0.1.0
2012-04-01,obm_supply_btc_daily,8697340.32815376,BTC,daily,OBM v0.1.0
2012-04-02,obm_supply_btc_daily,8703140.32815376,BTC,daily,OBM v0.1.0
2012-04-03,obm_supply_btc_daily,8709790.32815376,BTC,daily,OBM v0.1.0
2012-04-04,obm_supply_btc_daily,8716640.32815376,BTC,daily,OBM v0.1.0
2012-04-05,obm_supply_btc_daily,8722490.32815376,BTC,daily,OBM v0.1.0
2012-04-06,obm_supply_btc_daily,8729290.32815376,BTC,daily,OBM v0.1.0
2012-04-07,obm_supply_btc_daily,8735740.32815376,BTC,daily,OBM v0.1.0
2012-04-08,obm_supply_btc_daily,8743240.32815376,BTC,daily,OBM v0.1.0
2012-04-09,obm_supply_btc_daily,8750540.32815376,BTC,daily,OBM v0.1.0
2012-04-10,obm_supply_btc_daily,8757890.32815376,BTC,daily,OBM v0.1.0
2012-04-11,obm_supply_btc_daily,8764940.32815376,BTC,daily,OBM v0.1.0
2012-04-12,obm_supply_btc_daily,8771290.32815376,BTC,daily,OBM v0.1.0
2012-04-13,obm_supply_btc_daily,8777440.32815376,BTC,daily,OBM v0.1.0
2012-04-14,obm_supply_btc_daily,8784390.32815376,BTC,daily,OBM v0.1.0
2012-04-15,obm_supply_btc_daily,8789740.32815376,BTC,daily,OBM v0.1.0
2012-04-16,obm_supply_btc_daily,8797240.32815376,BTC,daily,OBM v0.1.0
2012-04-17,obm_supply_btc_daily,8803990.32815376,BTC,daily,OBM v0.1.0
2012-04-18,obm_supply_btc_daily,8810490.32815376,BTC,daily,OBM v0.1.0
2012-04-19,obm_supply_btc_daily,8818340.32815376,BTC,daily,OBM v0.1.0
2012-04-20,obm_supply_btc_daily,8826040.32815376,BTC,daily,OBM v0.1.0
2012-04-21,obm_supply_btc_daily,8833740.32815376,BTC,daily,OBM v0.1.0
2012-04-22,obm_supply_btc_daily,8840740.32815376,BTC,daily,OBM v0.1.0
2012-04-23,obm_supply_btc_daily,8847490.32815376,BTC,daily,OBM v0.1.0
2012-04-24,obm_supply_btc_daily,8854390.32815376,BTC,daily,OBM v0.1.0
2012-04-25,obm_supply_btc_daily,8860740.32815376,BTC,daily,OBM v0.1.0
2012-04-26,obm_supply_btc_daily,8868490.32815376,BTC,daily,OBM v0.1.0
2012-04-27,obm_supply_btc_daily,8875240.32815376,BTC,daily,OBM v0.1.0
2012-04-28,obm_supply_btc_daily,8882840.32815376,BTC,daily,OBM v0.1.0
2012-04-29,obm_supply_btc_daily,8891790.32815376,BTC,daily,OBM v0.1.0
2012-04-30,obm_supply_btc_daily,8900740.32815376,BTC,daily,OBM v0.1.0
2012-05-01,obm_supply_btc_daily,8909240.32815376,BTC,daily,OBM v0.1.0
2012-05-02,obm_supply_btc_daily,8916740.32815376,BTC,daily,OBM v0.1.0
2012-05-03,obm_supply_btc_daily,8924590.32815376,BTC,daily,OBM v0.1.0
2012-05-04,obm_supply_btc_daily,8932640.32815376,BTC,daily,OBM v0.1.0
2012-05-05,obm_supply_btc_daily,8940990.32815376,BTC,daily,OBM v0.1.0
2012-05-06,obm_supply_btc_daily,8949190.32815376,BTC,daily,OBM v0.1.0
2012-05-07,obm_supply_btc_daily,8957690.32815376,BTC,daily,OBM v0.1.0
2012-05-08,obm_supply_btc_daily,8966490.32815376,BTC,daily,OBM v0.1.0
2012-05-09,obm_supply_btc_daily,8974790.32815376,BTC,daily,OBM v0.1.0
2012-05-10,obm_supply_btc_daily,8981240.32815376,BTC,daily,OBM v0.1.0
2012-05-11,obm_supply_btc_daily,8988390.32815376,BTC,daily,OBM v0.1.0
2012-05-12,obm_supply_btc_daily,8994790.32815376,BTC,daily,OBM v0.1.0
2012-05-13,obm_supply_btc_daily,9001790.32815376,BTC,daily,OBM v0.1.0
2012-05-14,obm_supply_btc_daily,9008740.32815376,BTC,daily,OBM v0.1.0
2012-05-15,obm_supply_btc_daily,9015240.32815376,BTC,daily,OBM v0.1.0
2012-05-16,obm_supply_btc_daily,9021290.32765376,BTC,daily,OBM v0.1.0
2012-05-17,obm_supply_btc_daily,9027090.32515376,BTC,daily,OBM v0.1.0
2012-05-18,obm_supply_btc_daily,9034340.31365376,BTC,daily,OBM v0.1.0
2012-05-19,obm_supply_btc_daily,9041790.31215376,BTC,daily,OBM v0.1.0
2012-05-20,obm_supply_btc_daily,9048690.31062876,BTC,daily,OBM v0.1.0
2012-05-21,obm_supply_btc_daily,9054990.30962876,BTC,daily,OBM v0.1.0
2012-05-22,obm_supply_btc_daily,9060740.30862876,BTC,daily,OBM v0.1.0
2012-05-23,obm_supply_btc_daily,9067240.30862876,BTC,daily,OBM v0.1.0
2012-05-24,obm_supply_btc_daily,9073490.30812876,BTC,daily,OBM v0.1.0
2012-05-25,obm_supply_btc_daily,9079540.30762876,BTC,daily,OBM v0.1.0
2012-05-26,obm_supply_btc_daily,9086640.30511876,BTC,daily,OBM v0.1.0
2012-05-27,obm_supply_btc_daily,9094590.29911876,BTC,daily,OBM v0.1.0
2012-05-28,obm_supply_btc_daily,9101690.29711876,BTC,daily,OBM v0.1.0
2012-05-29,obm_supply_btc_daily,9107990.29561876,BTC,daily,OBM v0.1.0
2012-05-30,obm_supply_btc_daily,9114540.29511876,BTC,daily,OBM v0.1.0
2012-05-31,obm_supply_btc_daily,9121440.29451876,BTC,daily,OBM v0.1.0
2012-06-01,obm_supply_btc_daily,9129040.29351876,BTC,daily,OBM v0.1.0
2012-06-02,obm_supply_btc_daily,9137040.29101876,BTC,daily,OBM v0.1.0
2012-06-03,obm_supply_btc_daily,9144690.28751876,BTC,daily,OBM v0.1.0
2012-06-04,obm_supply_btc_daily,9152440.28551876,BTC,daily,OBM v0.1.0
2012-06-05,obm_supply_btc_daily,9159790.28401876,BTC,daily,OBM v0.1.0
2012-06-06,obm_supply_btc_daily,9167440.28301876,BTC,daily,OBM v0.1.0
2012-06-07,obm_supply_btc_daily,9174390.28251876,BTC,daily,OBM v0.1.0
2012-06-08,obm_supply_btc_daily,9181440.28101876,BTC,daily,OBM v0.1.0
2012-06-09,obm_supply_btc_daily,9189990.27951876,BTC,daily,OBM v0.1.0
2012-06-10,obm_supply_btc_daily,9198290.27651876,BTC,daily,OBM v0.1.0
2012-06-11,obm_supply_btc_daily,9205290.27591876,BTC,daily,OBM v0.1.0
2012-06-12,obm_supply_btc_daily,9213090.27541876,BTC,daily,OBM v0.1.0
2012-06-13,obm_supply_btc_daily,9220590.27091876,BTC,daily,OBM v0.1.0
2012-06-14,obm_supply_btc_daily,9228390.25991876,BTC,daily,OBM v0.1.0
2012-06-15,obm_supply_btc_daily,9236340.25691876,BTC,daily,OBM v0.1.0
2012-06-16,obm_supply_btc_daily,9244140.25491876,BTC,daily,OBM v0.1.0
2012-06-17,obm_supply_btc_daily,9252340.25091876,BTC,daily,OBM v0.1.0
2012-06-18,obm_supply_btc_daily,9261090.24641876,BTC,daily,OBM v0.1.0
2012-06-19,obm_supply_btc_daily,9268440.24241876,BTC,daily,OBM v0.1.0
2012-06-20,obm_supply_btc_daily,9275690.24141876,BTC,daily,OBM v0.1.0
2012-06-21,obm_supply_btc_daily,9282490.23991876,BTC,daily,OBM v0.1.0
2012-06-22,obm_supply_btc_daily,9289390.23691876,BTC,daily,OBM v0.1.0
2012-06-23,obm_supply_btc_daily,9297590.23391876,BTC,daily,OBM v0.1.0
2012-06-24,obm_supply_btc_daily,9304140.23141876,BTC,daily,OBM v0.1.0
2012-06-25,obm_supply_btc_daily,9311840.22831876,BTC,daily,OBM v0.1.0
2012-06-26,obm_supply_btc_daily,9319290.22631876,BTC,daily,OBM v0.1.0
2012-06-27,obm_supply_btc_daily,9327440.21981876,BTC,daily,OBM v0.1.0
2012-06-28,obm_supply_btc_daily,9334290.21731876,BTC,daily,OBM v0.1.0
2012-06-29,obm_supply_btc_daily,9341590.21281876,BTC,daily,OBM v0.1.0
2012-06-30,obm_supply_btc_daily,9348190.20931876,BTC,daily,OBM v0.1.0
2012-07-01,obm_supply_btc_daily,9355290.20881876,BTC,daily,OBM v0.1.0
2012-07-02,obm_supply_btc_daily,9362890.20431876,BTC,daily,OBM v0.1.0
2012-07-03,obm_supply_btc_daily,9370890.20181876,BTC,daily,OBM v0.1.0
2012-07-04,obm_supply_btc_daily,9378390.19181876,BTC,daily,OBM v0.1.0
2012-07-05,obm_supply_btc_daily,9385590.18981876,BTC,daily,OBM v0.1.0
2012-07-06,obm_supply_btc_daily,9393340.18581876,BTC,daily,OBM v0.1.0
2012-07-07,obm_supply_btc_daily,9401640.18231876,BTC,daily,OBM v0.1.0
2012-07-08,obm_supply_btc_daily,9409290.18081876,BTC,daily,OBM v0.1.0
2012-07-09,obm_supply_btc_daily,9417440.17331876,BTC,daily,OBM v0.1.0
2012-07-10,obm_supply_btc_daily,9424940.16981876,BTC,daily,OBM v0.1.0
2012-07-11,obm_supply_btc_daily,9431640.16731876,BTC,daily,OBM v0.1.0
2012-07-12,obm_supply_btc_daily,9439140.16581876,BTC,daily,OBM v0.1.0
2012-07-13,obm_supply_btc_daily,9447290.16521876,BTC,daily,OBM v0.1.0
2012-07-14,obm_supply_btc_daily,9455340.15307876,BTC,daily,OBM v0.1.0
2012-07-15,obm_supply_btc_daily,9462340.15107876,BTC,daily,OBM v0.1.0
2012-07-16,obm_supply_btc_daily,9469840.14697876,BTC,daily,OBM v0.1.0
2012-07-17,obm_supply_btc_daily,9478440.14447876,BTC,daily,OBM v0.1.0
2012-07-18,obm_supply_btc_daily,9486190.13847876,BTC,daily,OBM v0.1.0
2012-07-19,obm_supply_btc_daily,9492940.13397876,BTC,daily,OBM v0.1.0
2012-07-20,obm_supply_btc_daily,9500340.13095376,BTC,daily,OBM v0.1.0
2012-07-21,obm_supply_btc_daily,9507390.12495376,BTC,daily,OBM v0.1.0
2012-07-22,obm_supply_btc_daily,9515140.12195376,BTC,daily,OBM v0.1.0
2012-07-23,obm_supply_btc_daily,9522190.11945376,BTC,daily,OBM v0.1.0
2012-07-24,obm_supply_btc_daily,9530240.11745376,BTC,daily,OBM v0.1.0
2012-07-25,obm_supply_btc_daily,9538240.11495376,BTC,daily,OBM v0.1.0
2012-07-26,obm_supply_btc_daily,9546690.11045376,BTC,daily,OBM v0.1.0
2012-07-27,obm_supply_btc_daily,9555590.10745376,BTC,daily,OBM v0.1.0
2012-07-28,obm_supply_btc_daily,9563240.10295376,BTC,daily,OBM v0.1.0
2012-07-29,obm_supply_btc_daily,9571540.10045376,BTC,daily,OBM v0.1.0
2012-07-30,obm_supply_btc_daily,9580340.09742876,BTC,daily,OBM v0.1.0
2012-07-31,obm_supply_btc_daily,9586840.09642876,BTC,daily,OBM v0.1.0
2012-08-01,obm_supply_btc_daily,9593540.09592876,BTC,daily,OBM v0.1.0
2012-08-02,obm_supply_btc_daily,9601790.09492876,BTC,daily,OBM v0.1.0
2012-08-03,obm_supply_btc_daily,9609890.09092876,BTC,daily,OBM v0.1.0
2012-08-04,obm_supply_btc_daily,9617690.08892876,BTC,daily,OBM v0.1.0
2012-08-05,obm_supply_btc_daily,9624640.08842876,BTC,daily,OBM v0.1.0
2012-08-06,obm_supply_btc_daily,9631640.08392876,BTC,daily,OBM v0.1.0
2012-08-07,obm_supply_btc_daily,9639840.08192876,BTC,daily,OBM v0.1.0
2012-08-08,obm_supply_btc_daily,9648140.07862876,BTC,daily,OBM v0.1.0
2012-08-09,obm_supply_btc_daily,9656640.07561876,BTC,daily,OBM v0.1.0
2012-08-10,obm_supply_btc_daily,9664440.07111866,BTC,daily,OBM v0.1.0
2012-08-11,obm_supply_btc_daily,9672840.06611866,BTC,daily,OBM v0.1.0
2012-08-12,obm_supply_btc_daily,9680790.06161866,BTC,daily,OBM v0.1.0
2012-08-13,obm_supply_btc_daily,9688790.06111866,BTC,daily,OBM v0.1.0
2012-08-14,obm_supply_btc_daily,9696640.06111866,BTC,daily,OBM v0.1.0
2012-08-15,obm_supply_btc_daily,9704990.05611866,BTC,daily,OBM v0.1.0
2012-08-16,obm_supply_btc_daily,9712690.05511866,BTC,daily,OBM v0.1.0
2012-08-17,obm_supply_btc_daily,9719590.05411866,BTC,daily,OBM v0.1.0
2012-08-18,obm_supply_btc_daily,9727140.05411866,BTC,daily,OBM v0.1.0
2012-08-19,obm_supply_btc_daily,9736240.05061866,BTC,daily,OBM v0.1.0
2012-08-20,obm_supply_btc_daily,9744940.04911866,BTC,daily,OBM v0.1.0
2012-08-21,obm_supply_btc_daily,9753590.04761866,BTC,daily,OBM v0.1.0
2012-08-22,obm_supply_btc_daily,9761390.04706866,BTC,daily,OBM v0.1.0
2012-08-23,obm_supply_btc_daily,9769640.04456866,BTC,daily,OBM v0.1.0
2012-08-24,obm_supply_btc_daily,9777040.04456866,BTC,daily,OBM v0.1.0
2012-08-25,obm_supply_btc_daily,9783940.04406866,BTC,daily,OBM v0.1.0
2012-08-26,obm_supply_btc_daily,9792890.04206866,BTC,daily,OBM v0.1.0
2012-08-27,obm_supply_btc_daily,9800140.03951866,BTC,daily,OBM v0.1.0
2012-08-28,obm_supply_btc_daily,9807690.03801866,BTC,daily,OBM v0.1.0
2012-08-29,obm_supply_btc_daily,9816090.03501866,BTC,daily,OBM v0.1.0
2012-08-30,obm_supply_btc_daily,9823790.02851866,BTC,daily,OBM v0.1.0
2012-08-31,obm_supply_btc_daily,9830790.02751866,BTC,daily,OBM v0.1.0
2012-09-01,obm_supply_btc_daily,9838840.02501866,BTC,daily,OBM v0.1.0
2012-09-02,obm_supply_btc_daily,9847040.01801866,BTC,daily,OBM v0.1.0
2012-09-03,obm_supply_btc_daily,9854890.01491866,BTC,daily,OBM v0.1.0
2012-09-04,obm_supply_btc_daily,9862540.01341866,BTC,daily,OBM v0.1.0
2012-09-05,obm_supply_btc_daily,9871540.00991866,BTC,daily,OBM v0.1.0
2012-09-06,obm_supply_btc_daily,9880090.00741866,BTC,daily,OBM v0.1.0
2012-09-07,obm_supply_btc_daily,9888490.00531866,BTC,daily,OBM v0.1.0
2012-09-08,obm_supply_btc_daily,9895740.00071866,BTC,daily,OBM v0.1.0
2012-09-09,obm_supply_btc_daily,9903689.99611866,BTC,daily,OBM v0.1.0
2012-09-10,obm_supply_btc_daily,9911189.99411183,BTC,daily,OBM v0.1.0
2012-09-11,obm_supply_btc_daily,9918439.99261183,BTC,daily,OBM v0.1.0
2012-09-12,obm_supply_btc_daily,9926189.99061183,BTC,daily,OBM v0.1.0
2012-09-13,obm_supply_btc_daily,9932689.99011183,BTC,daily,OBM v0.1.0
2012-09-14,obm_supply_btc_daily,9940789.99011183,BTC,daily,OBM v0.1.0
2012-09-15,obm_supply_btc_daily,9947989.99011183,BTC,daily,OBM v0.1.0
2012-09-16,obm_supply_btc_daily,9956039.98711183,BTC,daily,OBM v0.1.0
2012-09-17,obm_supply_btc_daily,9964439.98611183,BTC,daily,OBM v0.1.0
2012-09-18,obm_supply_btc_daily,9972789.98461183,BTC,daily,OBM v0.1.0
2012-09-19,obm_supply_btc_daily,9979839.98411183,BTC,daily,OBM v0.1.0
2012-09-20,obm_supply_btc_daily,9987439.98411183,BTC,daily,OBM v0.1.0
2012-09-21,obm_supply_btc_daily,9995889.98411183,BTC,daily,OBM v0.1.0
2012-09-22,obm_supply_btc_daily,10003739.98261183,BTC,daily,OBM v0.1.0
2012-09-23,obm_supply_btc_daily,10011639.98261183,BTC,daily,OBM v0.1.0
2012-09-24,obm_supply_btc_daily,10019289.98261183,BTC,daily,OBM v0.1.0
2012-09-25,obm_supply_btc_daily,10026239.98261183,BTC,daily,OBM v0.1.0
2012-09-26,obm_supply_btc_daily,10033239.98261183,BTC,daily,OBM v0.1.0
2012-09-27,obm_supply_btc_daily,10041289.98261183,BTC,daily,OBM v0.1.0
2012-09-28,obm_supply_btc_daily,10049189.98261183,BTC,daily,OBM v0.1.0
2012-09-29,obm_supply_btc_daily,10057589.98261183,BTC,daily,OBM v0.1.0
2012-09-30,obm_supply_btc_daily,10065539.98261183,BTC,daily,OBM v0.1.0
2012-10-01,obm_supply_btc_daily,10072089.98261183,BTC,daily,OBM v0.1.0
2012-10-02,obm_supply_btc_daily,10079389.98261183,BTC,daily,OBM v0.1.0
2012-10-03,obm_supply_btc_daily,10086039.98261183,BTC,daily,OBM v0.1.0
2012-10-04,obm_supply_btc_daily,10092589.98261183,BTC,daily,OBM v0.1.0
2012-10-05,obm_supply_btc_daily,10099389.98261183,BTC,daily,OBM v0.1.0
2012-10-06,obm_supply_btc_daily,10107139.98261183,BTC,daily,OBM v0.1.0
2012-10-07,obm_supply_btc_daily,10113389.98261183,BTC,daily,OBM v0.1.0
2012-10-08,obm_supply_btc_daily,10122289.98161183,BTC,daily,OBM v0.1.0
2012-10-09,obm_supply_btc_daily,10129389.98011183,BTC,daily,OBM v0.1.0
2012-10-10,obm_supply_btc_daily,10136839.98011183,BTC,daily,OBM v0.1.0
2012-10-11,obm_supply_btc_daily,10143739.97961183,BTC,daily,OBM v0.1.0
2012-10-12,obm_supply_btc_daily,10151189.97911183,BTC,daily,OBM v0.1.0
2012-10-13,obm_supply_btc_daily,10158589.97861183,BTC,daily,OBM v0.1.0
2012-10-14,obm_supply_btc_daily,10164939.97811183,BTC,daily,OBM v0.1.0
2012-10-15,obm_supply_btc_daily,10173389.97661183,BTC,daily,OBM v0.1.0
2012-10-16,obm_supply_btc_daily,10181139.97611183,BTC,daily,OBM v0.1.0
2012-10-17,obm_supply_btc_daily,10188239.97561183,BTC,daily,OBM v0.1.0
2012-10-18,obm_supply_btc_daily,10196089.97561183,BTC,daily,OBM v0.1.0
2012-10-19,obm_supply_btc_daily,10202839.97561183,BTC,daily,OBM v0.1.0
2012-10-20,obm_supply_btc_daily,10210739.97561183,BTC,daily,OBM v0.1.0
2012-10-21,obm_supply_btc_daily,10218789.97061183,BTC,daily,OBM v0.1.0
2012-10-22,obm_supply_btc_daily,10226639.96711183,BTC,daily,OBM v0.1.0
2012-10-23,obm_supply_btc_daily,10233139.96611183,BTC,daily,OBM v0.1.0
2012-10-24,obm_supply_btc_daily,10241239.96611183,BTC,daily,OBM v0.1.0
2012-10-25,obm_supply_btc_daily,10248389.96501183,BTC,daily,OBM v0.1.0
2012-10-26,obm_supply_btc_daily,10256639.96401183,BTC,daily,OBM v0.1.0
2012-10-27,obm_supply_btc_daily,10265389.96251183,BTC,daily,OBM v0.1.0
2012-10-28,obm_supply_btc_daily,10273689.96201183,BTC,daily,OBM v0.1.0
2012-10-29,obm_supply_btc_daily,10281589.96151183,BTC,daily,OBM v0.1.0
2012-10-30,obm_supply_btc_daily,10288739.96101183,BTC,daily,OBM v0.1.0
2012-10-31,obm_supply_btc_daily,10295939.95951183,BTC,daily,OBM v0.1.0
2012-11-01,obm_supply_btc_daily,10302789.95801183,BTC,daily,OBM v0.1.0
2012-11-02,obm_supply_btc_daily,10309939.95651183,BTC,daily,OBM v0.1.0
2012-11-03,obm_supply_btc_daily,10317239.95601183,BTC,daily,OBM v0.1.0
2012-11-04,obm_supply_btc_daily,10325089.95551183,BTC,daily,OBM v0.1.0
2012-11-05,obm_supply_btc_daily,10333089.95451183,BTC,daily,OBM v0.1.0
2012-11-06,obm_supply_btc_daily,10339839.95351183,BTC,daily,OBM v0.1.0
2012-11-07,obm_supply_btc_daily,10347689.95351183,BTC,daily,OBM v0.1.0
2012-11-08,obm_supply_btc_daily,10355389.95351183,BTC,daily,OBM v0.1.0
2012-11-09,obm_supply_btc_daily,10362989.95301183,BTC,daily,OBM v0.1.0
2012-11-10,obm_supply_btc_daily,10370189.95201183,BTC,daily,OBM v0.1.0
2012-11-11,obm_supply_btc_daily,10377539.95151183,BTC,daily,OBM v0.1.0
2012-11-12,obm_supply_btc_daily,10384139.95151183,BTC,daily,OBM v0.1.0
2012-11-13,obm_supply_btc_daily,10391139.94951183,BTC,daily,OBM v0.1.0
2012-11-14,obm_supply_btc_daily,10398289.94851183,BTC,daily,OBM v0.1.0
2012-11-15,obm_supply_btc_daily,10405089.94801183,BTC,daily,OBM v0.1.0
2012-11-16,obm_supply_btc_daily,10412339.94801183,BTC,daily,OBM v0.1.0
2012-11-17,obm_supply_btc_daily,10419339.94701183,BTC,daily,OBM v0.1.0
2012-11-18,obm_supply_btc_daily,10426639.94701183,BTC,daily,OBM v0.1.0
2012-11-19,obm_supply_btc_daily,10433939.94601183,BTC,daily,OBM v0.1.0
2012-11-20,obm_supply_btc_daily,10441289.94451183,BTC,daily,OBM v0.1.0
2012-11-21,obm_supply_btc_daily,10448889.94451183,BTC,daily,OBM v0.1.0
2012-11-22,obm_supply_btc_daily,10456089.94401183,BTC,daily,OBM v0.1.0
2012-11-23,obm_supply_btc_daily,10464239.94401183,BTC,daily,OBM v0.1.0
2012-11-24,obm_supply_btc_daily,10471789.94351183,BTC,daily,OBM v0.1.0
2012-11-25,obm_supply_btc_daily,10479089.94351183,BTC,daily,OBM v0.1.0
2012-11-26,obm_supply_btc_daily,10486939.94351183,BTC,daily,OBM v0.1.0
2012-11-27,obm_supply_btc_daily,10494339.94351183,BTC,daily,OBM v0.1.0
2012-11-28,obm_supply_btc_daily,10501464.94351183,BTC,daily,OBM v0.1.0
2012-11-29,obm_supply_btc_daily,10505614.94301183,BTC,daily,OBM v0.1.0
2012-11-30,obm_supply_btc_daily,10508739.94251183,BTC,daily,OBM v0.1.0
2012-12-01,obm_supply_btc_daily,10512914.94201183,BTC,daily,OBM v0.1.0
2012-12-02,obm_supply_btc_daily,10516489.94201183,BTC,daily,OBM v0.1.0
2012-12-03,obm_supply_btc_daily,10520164.94101183,BTC,daily,OBM v0.1.0
2012-12-04,obm_supply_btc_daily,10522964.94001183,BTC,daily,OBM v0.1.0
2012-12-05,obm_supply_btc_daily,10526014.93801183,BTC,daily,OBM v0.1.0
2012-12-06,obm_supply_btc_daily,10529439.93751183,BTC,daily,OBM v0.1.0
2012-12-07,obm_supply_btc_daily,10532664.93651183,BTC,daily,OBM v0.1.0
2012-12-08,obm_supply_btc_daily,10536114.93551183,BTC,daily,OBM v0.1.0
2012-12-09,obm_supply_btc_daily,10539264.93551183,BTC,daily,OBM v0.1.0
2012-12-10,obm_supply_btc_daily,10542839.93451183,BTC,daily,OBM v0.1.0
2012-12-11,obm_supply_btc_daily,10546439.93301183,BTC,daily,OBM v0.1.0
2012-12-12,obm_supply_btc_daily,10549689.93301183,BTC,daily,OBM v0.1.0
2012-12-13,obm_supply_btc_daily,10552964.93301183,BTC,daily,OBM v0.1.0
2012-12-14,obm_supply_btc_daily,10555614.93201183,BTC,daily,OBM v0.1.0
2012-12-15,obm_supply_btc_daily,10558514.93101183,BTC,daily,OBM v0.1.0
2012-12-16,obm_supply_btc_daily,10561289.93001183,BTC,daily,OBM v0.1.0
2012-12-17,obm_supply_btc_daily,10564639.92951183,BTC,daily,OBM v0.1.0
2012-12-18,obm_supply_btc_daily,10567764.92951183,BTC,daily,OBM v0.1.0
2012-12-19,obm_supply_btc_daily,10571314.92951183,BTC,daily,OBM v0.1.0
2012-12-20,obm_supply_btc_daily,10573964.92851183,BTC,daily,OBM v0.1.0
2012-12-21,obm_supply_btc_daily,10577114.92751183,BTC,daily,OBM v0.1.0
2012-12-22,obm_supply_btc_daily,10580939.92601183,BTC,daily,OBM v0.1.0
2012-12-23,obm_supply_btc_daily,10583989.92551183,BTC,daily,OBM v0.1.0
2012-12-24,obm_supply_btc_daily,10587289.92501183,BTC,daily,OBM v0.1.0
2012-12-25,obm_supply_btc_daily,10590389.92501183,BTC,daily,OBM v0.1.0
2012-12-26,obm_supply_btc_daily,10594239.92451183,BTC,daily,OBM v0.1.0
2012-12-27,obm_supply_btc_daily,10598139.92451183,BTC,daily,OBM v0.1.0
2012-12-28,obm_supply_btc_daily,10602364.92301183,BTC,daily,OBM v0.1.0
2012-12-29,obm_supply_btc_daily,10605964.92101183,BTC,daily,OBM v0.1.0
2012-12-30,obm_supply_btc_daily,10610114.91601183,BTC,daily,OBM v0.1.0
2012-12-31,obm_supply_btc_daily,10614064.91451183,BTC,daily,OBM v0.1.0
2013-01-01,obm_supply_btc_daily,10618114.91051183,BTC,daily,OBM v0.1.0
2013-01-02,obm_supply_btc_daily,10621939.90951183,BTC,daily,OBM v0.1.0
2013-01-03,obm_supply_btc_daily,10625989.90701183,BTC,daily,OBM v0.1.0
2013-01-04,obm_supply_btc_daily,10629814.90351183,BTC,daily,OBM v0.1.0
2013-01-05,obm_supply_btc_daily,10633339.90101183,BTC,daily,OBM v0.1.0
2013-01-06,obm_supply_btc_daily,10636964.90051183,BTC,daily,OBM v0.1.0
2013-01-07,obm_supply_btc_daily,10641164.89901183,BTC,daily,OBM v0.1.0
2013-01-08,obm_supply_btc_daily,10644489.89801183,BTC,daily,OBM v0.1.0
2013-01-09,obm_supply_btc_daily,10647739.89701183,BTC,daily,OBM v0.1.0
2013-01-10,obm_supply_btc_daily,10651414.89501183,BTC,daily,OBM v0.1.0
2013-01-11,obm_supply_btc_daily,10654339.89301183,BTC,daily,OBM v0.1.0
2013-01-12,obm_supply_btc_daily,10657389.89301183,BTC,daily,OBM v0.1.0
2013-01-13,obm_supply_btc_daily,10660714.89201183,BTC,daily,OBM v0.1.0
2013-01-14,obm_supply_btc_daily,10664639.89001183,BTC,daily,OBM v0.1.0
2013-01-15,obm_supply_btc_daily,10667664.88901183,BTC,daily,OBM v0.1.0
2013-01-16,obm_supply_btc_daily,10670939.88651183,BTC,daily,OBM v0.1.0
2013-01-17,obm_supply_btc_daily,10673714.88501183,BTC,daily,OBM v0.1.0
2013-01-18,obm_supply_btc_daily,10676739.88351183,BTC,daily,OBM v0.1.0
2013-01-19,obm_supply_btc_daily,10680589.88251183,BTC,daily,OBM v0.1.0
2013-01-20,obm_supply_btc_daily,10683839.88101183,BTC,daily,OBM v0.1.0
2013-01-21,obm_supply_btc_daily,10687139.87901183,BTC,daily,OBM v0.1.0
2013-01-22,obm_supply_btc_daily,10690739.87651183,BTC,daily,OBM v0.1.0
2013-01-23,obm_supply_btc_daily,10693889.87401183,BTC,daily,OBM v0.1.0
2013-01-24,obm_supply_btc_daily,10697789.87251183,BTC,daily,OBM v0.1.0
2013-01-25,obm_supply_btc_daily,10701214.87001183,BTC,daily,OBM v0.1.0
2013-01-26,obm_supply_btc_daily,10705114.86751183,BTC,daily,OBM v0.1.0
2013-01-27,obm_supply_btc_daily,10708889.86451183,BTC,daily,OBM v0.1.0
2013-01-28,obm_supply_btc_daily,10712564.86251183,BTC,daily,OBM v0.1.0
2013-01-29,obm_supply_btc_daily,10716514.86101183,BTC,daily,OBM v0.1.0
2013-01-30,obm_supply_btc_daily,10720339.85651183,BTC,daily,OBM v0.1.0
2013-01-31,obm_supply_btc_daily,10725164.85351183,BTC,daily,OBM v0.1.0
2013-02-01,obm_supply_btc_daily,10728839.85251183,BTC,daily,OBM v0.1.0
2013-02-02,obm_supply_btc_daily,10732664.85051183,BTC,daily,OBM v0.1.0
2013-02-03,obm_supply_btc_daily,10737314.84901183,BTC,daily,OBM v0.1.0
2013-02-04,obm_supply_btc_daily,10741414.84801183,BTC,daily,OBM v0.1.0
2013-02-05,obm_supply_btc_daily,10745589.84701183,BTC,daily,OBM v0.1.0
2013-02-06,obm_supply_btc_daily,10749239.84551183,BTC,daily,OBM v0.1.0
2013-02-07,obm_supply_btc_daily,10753089.84401183,BTC,daily,OBM v0.1.0
2013-02-08,obm_supply_btc_daily,10756864.84401183,BTC,daily,OBM v0.1.0
2013-02-09,obm_supply_btc_daily,10760439.84351183,BTC,daily,OBM v0.1.0
2013-02-10,obm_supply_btc_daily,10764464.84201183,BTC,daily,OBM v0.1.0
2013-02-11,obm_supply_btc_daily,10768439.84151183,BTC,daily,OBM v0.1.0
2013-02-12,obm_supply_btc_daily,10771914.84001183,BTC,daily,OBM v0.1.0
2013-02-13,obm_supply_btc_daily,10776189.83601183,BTC,daily,OBM v0.1.0
2013-02-14,obm_supply_btc_daily,10779964.83601183,BTC,daily,OBM v0.1.0
2013-02-15,obm_supply_btc_daily,10784439.83351183,BTC,daily,OBM v0.1.0
2013-02-16,obm_supply_btc_daily,10789164.83351183,BTC,daily,OBM v0.1.0
2013-02-17,obm_supply_btc_daily,10793864.82901183,BTC,daily,OBM v0.1.0
2013-02-18,obm_supply_btc_daily,10797889.82851183,BTC,daily,OBM v0.1.0
2013-02-19,obm_supply_btc_daily,10801864.82551183,BTC,daily,OBM v0.1.0
2013-02-20,obm_supply_btc_daily,10806689.82401183,BTC,daily,OBM v0.1.0
2013-02-21,obm_supply_btc_daily,10811089.82251183,BTC,daily,OBM v0.1.0
2013-02-22,obm_supply_btc_daily,10815339.82251183,BTC,daily,OBM v0.1.0
2013-02-23,obm_supply_btc_daily,10819439.82251183,BTC,daily,OBM v0.1.0
2013-02-24,obm_supply_btc_daily,10823339.82201183,BTC,daily,OBM v0.1.0
2013-02-25,obm_supply_btc_daily,10828439.82051183,BTC,daily,OBM v0.1.0
2013-02-26,obm_supply_btc_daily,10832589.81951183,BTC,daily,OBM v0.1.0
2013-02-27,obm_supply_btc_daily,10837414.81851183,BTC,daily,OBM v0.1.0
2013-02-28,obm_supply_btc_daily,10841614.81801183,BTC,daily,OBM v0.1.0
2013-03-01,obm_supply_btc_daily,10845414.81501183,BTC,daily,OBM v0.1.0
2013-03-02,obm_supply_btc_daily,10849039.81451183,BTC,daily,OBM v0.1.0
2013-03-03,obm_supply_btc_daily,10853064.81451183,BTC,daily,OBM v0.1.0
2013-03-04,obm_supply_btc_daily,10857539.81201183,BTC,daily,OBM v0.1.0
2013-03-05,obm_supply_btc_daily,10861014.81201183,BTC,daily,OBM v0.1.0
2013-03-06,obm_supply_btc_daily,10864889.81201183,BTC,daily,OBM v0.1.0
2013-03-07,obm_supply_btc_daily,10868889.81101183,BTC,daily,OBM v0.1.0
2013-03-08,obm_supply_btc_daily,10872889.81101183,BTC,daily,OBM v0.1.0
2013-03-09,obm_supply_btc_daily,10877114.81101183,BTC,daily,OBM v0.1.0
2013-03-10,obm_supply_btc_daily,10881689.81101183,BTC,daily,OBM v0.1.0
2013-03-11,obm_supply_btc_daily,10885789.81101183,BTC,daily,OBM v0.1.0
2013-03-12,obm_supply_btc_daily,10889164.81001183,BTC,daily,OBM v0.1.0
2013-03-13,obm_supply_btc_daily,10893089.80951183,BTC,daily,OBM v0.1.0
2013-03-14,obm_supply_btc_daily,10897564.80951183,BTC,daily,OBM v0.1.0
2013-03-15,obm_supply_btc_daily,10901864.80851183,BTC,daily,OBM v0.1.0
2013-03-16,obm_supply_btc_daily,10906239.80851183,BTC,daily,OBM v0.1.0
2013-03-17,obm_supply_btc_daily,10911464.80851183,BTC,daily,OBM v0.1.0
2013-03-18,obm_supply_btc_daily,10916214.80851183,BTC,daily,OBM v0.1.0
2013-03-19,obm_supply_btc_daily,10920464.80851183,BTC,daily,OBM v0.1.0
2013-03-20,obm_supply_btc_daily,10925739.80851183,BTC,daily,OBM v0.1.0
2013-03-21,obm_supply_btc_daily,10931189.80851183,BTC,daily,OBM v0.1.0
2013-03-22,obm_supply_btc_daily,10936914.80751183,BTC,daily,OBM v0.1.0
2013-03-23,obm_supply_btc_daily,10942339.80751183,BTC,daily,OBM v0.1.0
2013-03-24,obm_supply_btc_daily,10947064.80751183,BTC,daily,OBM v0.1.0
2013-03-25,obm_supply_btc_daily,10950664.80751183,BTC,daily,OBM v0.1.0
2013-03-26,obm_supply_btc_daily,10954439.80751183,BTC,daily,OBM v0.1.0
2013-03-27,obm_supply_btc_daily,10957714.80751183,BTC,daily,OBM v0.1.0
2013-03-28,obm_supply_btc_daily,10962289.80751183,BTC,daily,OBM v0.1.0
2013-03-29,obm_supply_btc_daily,10966639.80651183,BTC,daily,OBM v0.1.0
2013-03-30,obm_supply_btc_daily,10970964.80651183,BTC,daily,OBM v0.1.0
2013-03-31,obm_supply_btc_daily,10975189.80651183,BTC,daily,OBM v0.1.0
2013-04-01,obm_supply_btc_daily,10980139.80651183,BTC,daily,OBM v0.1.0
2013-04-02,obm_supply_btc_daily,10984664.80551183,BTC,daily,OBM v0.1.0
2013-04-03,obm_supply_btc_daily,10989039.80501183,BTC,daily,OBM v0.1.0
2013-04-04,obm_supply_btc_daily,10992889.80501183,BTC,daily,OBM v0.1.0
2013-04-05,obm_supply_btc_daily,10996839.80501183,BTC,daily,OBM v0.1.0
2013-04-06,obm_supply_btc_daily,11000914.80501183,BTC,daily,OBM v0.1.0
2013-04-07,obm_supply_btc_daily,11005014.80501183,BTC,daily,OBM v0.1.0
2013-04-08,obm_supply_btc_daily,11008889.80501183,BTC,daily,OBM v0.1.0
2013-04-09,obm_supply_btc_daily,11013289.80501183,BTC,daily,OBM v0.1.0
2013-04-10,obm_supply_btc_daily,11018064.80501183,BTC,daily,OBM v0.1.0
2013-04-11,obm_supply_btc_daily,11022064.80501183,BTC,daily,OBM v0.1.0
2013-04-12,obm_supply_btc_daily,11026389.80501183,BTC,daily,OBM v0.1.0
2013-04-13,obm_supply_btc_daily,11030564.80501183,BTC,daily,OBM v0.1.0
2013-04-14,obm_supply_btc_daily,11034389.80501183,BTC,daily,OBM v0.1.0
2013-04-15,obm_supply_btc_daily,11038489.80501183,BTC,daily,OBM v0.1.0
2013-04-16,obm_supply_btc_daily,11042914.80501183,BTC,daily,OBM v0.1.0
2013-04-17,obm_supply_btc_daily,11047189.80501183,BTC,daily,OBM v0.1.0
2013-04-18,obm_supply_btc_daily,11050864.80501183,BTC,daily,OBM v0.1.0
2013-04-19,obm_supply_btc_daily,11054289.80501183,BTC,daily,OBM v0.1.0
2013-04-20,obm_supply_btc_daily,11058139.80501183,BTC,daily,OBM v0.1.0
2013-04-21,obm_supply_btc_daily,11062539.80501183,BTC,daily,OBM v0.1.0
2013-04-22,obm_supply_btc_daily,11066364.80501183,BTC,daily,OBM v0.1.0
2013-04-23,obm_supply_btc_daily,11070564.80501183,BTC,daily,OBM v0.1.0
2013-04-24,obm_supply_btc_daily,11074614.80501183,BTC,daily,OBM v0.1.0
2013-04-25,obm_supply_btc_daily,11078914.80501183,BTC,daily,OBM v0.1.0
2013-04-26,obm_supply_btc_daily,11083189.80501183,BTC,daily,OBM v0.1.0
2013-04-27,obm_supply_btc_daily,11086864.80501183,BTC,daily,OBM v0.1.0
2013-04-28,obm_supply_btc_daily,11091289.80501183,BTC,daily,OBM v0.1.0
2013-04-29,obm_supply_btc_daily,11095639.80381183,BTC,daily,OBM v0.1.0
2013-04-30,obm_supply_btc_daily,11099364.80381183,BTC,daily,OBM v0.1.0
2013-05-01,obm_supply_btc_daily,11103139.80381183,BTC,daily,OBM v0.1.0
2013-05-02,obm_supply_btc_daily,11106489.80381183,BTC,daily,OBM v0.1.0
2013-05-03,obm_supply_btc_daily,11109914.80381183,BTC,daily,OBM v0.1.0
2013-05-04,obm_supply_btc_daily,11113889.80381183,BTC,daily,OBM v0.1.0
2013-05-05,obm_supply_btc_daily,11118014.80381183,BTC,daily,OBM v0.1.0
2013-05-06,obm_supply_btc_daily,11122164.80381183,BTC,daily,OBM v0.1.0
2013-05-07,obm_supply_btc_daily,11126364.80381183,BTC,daily,OBM v0.1.0
2013-05-08,obm_supply_btc_daily,11130489.80381183,BTC,daily,OBM v0.1.0
2013-05-09,obm_supply_btc_daily,11134589.80381183,BTC,daily,OBM v0.1.0
2013-05-10,obm_supply_btc_daily,11138889.80381183,BTC,daily,OBM v0.1.0
2013-05-11,obm_supply_btc_daily,11143439.80381183,BTC,daily,OBM v0.1.0
2013-05-12,obm_supply_btc_daily,11147639.80381183,BTC,daily,OBM v0.1.0
2013-05-13,obm_supply_btc_daily,11151989.80381183,BTC,daily,OBM v0.1.0
2013-05-14,obm_supply_btc_daily,11155839.80381183,BTC,daily,OBM v0.1.0
2013-05-15,obm_supply_btc_daily,11159364.80331183,BTC,daily,OBM v0.1.0
2013-05-16,obm_supply_btc_daily,11163064.80331183,BTC,daily,OBM v0.1.0
2013-05-17,obm_supply_btc_daily,11167089.80331183,BTC,daily,OBM v0.1.0
2013-05-18,obm_supply_btc_daily,11170814.80331183,BTC,daily,OBM v0.1.0
2013-05-19,obm_supply_btc_daily,11174714.80331183,BTC,daily,OBM v0.1.0
2013-05-20,obm_supply_btc_daily,11177939.80331183,BTC,daily,OBM v0.1.0
2013-05-21,obm_supply_btc_daily,11181714.80331183,BTC,daily,OBM v0.1.0
2013-05-22,obm_supply_btc_daily,11185614.80331183,BTC,daily,OBM v0.1.0
2013-05-23,obm_supply_btc_daily,11189964.80331183,BTC,daily,OBM v0.1.0
2013-05-24,obm_supply_btc_daily,11194189.80331183,BTC,daily,OBM v0.1.0
2013-05-25,obm_supply_btc_daily,11198314.80331183,BTC,daily,OBM v0.1.0
2013-05-26,obm_supply_btc_daily,11202389.80331183,BTC,daily,OBM v0.1.0
2013-05-27,obm_supply_btc_daily,11206789.80331183,BTC,daily,OBM v0.1.0
2013-05-28,obm_supply_btc_daily,11210739.80331183,BTC,daily,OBM v0.1.0
2013-05-29,obm_supply_btc_daily,11214939.80331183,BTC,daily,OBM v0.1.0
2013-05-30,obm_supply_btc_daily,11219414.80331183,BTC,daily,OBM v0.1.0
2013-05-31,obm_supply_btc_daily,11223789.80331183,BTC,daily,OBM v0.1.0
2013-06-01,obm_supply_btc_daily,11229114.80331183,BTC,daily,OBM v0.1.0
2013-06-02,obm_supply_btc_daily,11234089.80331183,BTC,daily,OBM v0.1.0
2013-06-03,obm_supply_btc_daily,11239414.80331183,BTC,daily,OBM v0.1.0
2013-06-04,obm_supply_btc_daily,11244739.80331183,BTC,daily,OBM v0.1.0
2013-06-05,obm_supply_btc_daily,11249339.80331183,BTC,daily,OBM v0.1.0
2013-06-06,obm_supply_btc_daily,11253864.80331183,BTC,daily,OBM v0.1.0
2013-06-07,obm_supply_btc_daily,11257889.80331183,BTC,daily,OBM v0.1.0
2013-06-08,obm_supply_btc_daily,11262414.80331183,BTC,daily,OBM v0.1.0
2013-06-09,obm_supply_btc_daily,11266389.80331183,BTC,daily,OBM v0.1.0
2013-06-10,obm_supply_btc_daily,11270739.80331183,BTC,daily,OBM v0.1.0
2013-06-11,obm_supply_btc_daily,11275239.80331183,BTC,daily,OBM v0.1.0
2013-06-12,obm_supply_btc_daily,11280314.80331183,BTC,daily,OBM v0.1.0
2013-06-13,obm_supply_btc_daily,11284964.80331183,BTC,daily,OBM v0.1.0
2013-06-14,obm_supply_btc_daily,11289464.80331183,BTC,daily,OBM v0.1.0
2013-06-15,obm_supply_btc_daily,11293789.80331183,BTC,daily,OBM v0.1.0
2013-06-16,obm_supply_btc_daily,11298414.80331183,BTC,daily,OBM v0.1.0
2013-06-17,obm_supply_btc_daily,11302039.80331183,BTC,daily,OBM v0.1.0
2013-06-18,obm_supply_btc_daily,11305539.80331183,BTC,daily,OBM v0.1.0
2013-06-19,obm_supply_btc_daily,11308939.80331183,BTC,daily,OBM v0.1.0
2013-06-20,obm_supply_btc_daily,11312789.80331183,BTC,daily,OBM v0.1.0
2013-06-21,obm_supply_btc_daily,11316989.80331183,BTC,daily,OBM v0.1.0
2013-06-22,obm_supply_btc_daily,11321389.80331183,BTC,daily,OBM v0.1.0
2013-06-23,obm_supply_btc_daily,11325514.80331183,BTC,daily,OBM v0.1.0
2013-06-24,obm_supply_btc_daily,11329264.80331183,BTC,daily,OBM v0.1.0
2013-06-25,obm_supply_btc_daily,11333189.80331183,BTC,daily,OBM v0.1.0
2013-06-26,obm_supply_btc_daily,11337539.80331183,BTC,daily,OBM v0.1.0
2013-06-27,obm_supply_btc_daily,11341714.80331183,BTC,daily,OBM v0.1.0
2013-06-28,obm_supply_btc_daily,11345939.80331183,BTC,daily,OBM v0.1.0
2013-06-29,obm_supply_btc_daily,11350164.80331183,BTC,daily,OBM v0.1.0
2013-06-30,obm_supply_btc_daily,11353989.80331183,BTC,daily,OBM v0.1.0
2013-07-01,obm_supply_btc_daily,11357914.80331183,BTC,daily,OBM v0.1.0
2013-07-02,obm_supply_btc_daily,11361739.80331183,BTC,daily,OBM v0.1.0
2013-07-03,obm_supply_btc_daily,11366339.80331183,BTC,daily,OBM v0.1.0
2013-07-04,obm_supply_btc_daily,11370464.80331183,BTC,daily,OBM v0.1.0
2013-07-05,obm_supply_btc_daily,11375114.80331183,BTC,daily,OBM v0.1.0
2013-07-06,obm_supply_btc_daily,11379789.80331183,BTC,daily,OBM v0.1.0
2013-07-07,obm_supply_btc_daily,11384439.80331183,BTC,daily,OBM v0.1.0
2013-07-08,obm_supply_btc_daily,11389239.80331183,BTC,daily,OBM v0.1.0
2013-07-09,obm_supply_btc_daily,11393864.80331183,BTC,daily,OBM v0.1.0
2013-07-10,obm_supply_btc_daily,11398739.80331183,BTC,daily,OBM v0.1.0
2013-07-11,obm_supply_btc_daily,11403089.80331183,BTC,daily,OBM v0.1.0
2013-07-12,obm_supply_btc_daily,11406939.80331183,BTC,daily,OBM v0.1.0
2013-07-13,obm_supply_btc_daily,11410864.80331183,BTC,daily,OBM v0.1.0
2013-07-14,obm_supply_btc_daily,11415164.80331183,BTC,daily,OBM v0.1.0
2013-07-15,obm_supply_btc_daily,11419264.80331183,BTC,daily,OBM v0.1.0
2013-07-16,obm_supply_btc_daily,11423364.80331183,BTC,daily,OBM v0.1.0
2013-07-17,obm_supply_btc_daily,11427964.80331183,BTC,daily,OBM v0.1.0
2013-07-18,obm_supply_btc_daily,11431989.80331183,BTC,daily,OBM v0.1.0
2013-07-19,obm_supply_btc_daily,11436264.80331183,BTC,daily,OBM v0.1.0
2013-07-20,obm_supply_btc_daily,11440914.80331183,BTC,daily,OBM v0.1.0
2013-07-21,obm_supply_btc_daily,11445889.80331183,BTC,daily,OBM v0.1.0
2013-07-22,obm_supply_btc_daily,11450014.80331183,BTC,daily,OBM v0.1.0
2013-07-23,obm_supply_btc_daily,11453539.80331183,BTC,daily,OBM v0.1.0
2013-07-24,obm_supply_btc_daily,11457514.80331183,BTC,daily,OBM v0.1.0
2013-07-25,obm_supply_btc_daily,11461164.80331183,BTC,daily,OBM v0.1.0
2013-07-26,obm_supply_btc_daily,11465264.80331183,BTC,daily,OBM v0.1.0
2013-07-27,obm_supply_btc_daily,11469789.80331183,BTC,daily,OBM v0.1.0
2013-07-28,obm_supply_btc_daily,11473989.80331183,BTC,daily,OBM v0.1.0
2013-07-29,obm_supply_btc_daily,11478439.80331183,BTC,daily,OBM v0.1.0
2013-07-30,obm_supply_btc_daily,11483364.80231183,BTC,daily,OBM v0.1.0
2013-07-31,obm_supply_btc_daily,11488114.80231183,BTC,daily,OBM v0.1.0
2013-08-01,obm_supply_btc_daily,11492539.80231183,BTC,daily,OBM v0.1.0
2013-08-02,obm_supply_btc_daily,11497339.80231183,BTC,daily,OBM v0.1.0
2013-08-03,obm_supply_btc_daily,11501589.80231183,BTC,daily,OBM v0.1.0
2013-08-04,obm_supply_btc_daily,11506064.80231183,BTC,daily,OBM v0.1.0
2013-08-05,obm_supply_btc_daily,11510789.80231183,BTC,daily,OBM v0.1.0
2013-08-06,obm_supply_btc_daily,11515539.80231183,BTC,daily,OBM v0.1.0
2013-08-07,obm_supply_btc_daily,11520189.80231183,BTC,daily,OBM v0.1.0
2013-08-08,obm_supply_btc_daily,11525314.80231183,BTC,daily,OBM v0.1.0
2013-08-09,obm_supply_btc_daily,11530189.80231183,BTC,daily,OBM v0.1.0
2013-08-10,obm_supply_btc_daily,11535439.80231183,BTC,daily,OBM v0.1.0
2013-08-11,obm_supply_btc_daily,11540839.80231183,BTC,daily,OBM v0.1.0
2013-08-12,obm_supply_btc_daily,11546239.80231183,BTC,daily,OBM v0.1.0
2013-08-13,obm_supply_btc_daily,11550814.80231183,BTC,daily,OBM v0.1.0
2013-08-14,obm_supply_btc_daily,11555014.80231183,BTC,daily,OBM v0.1.0
2013-08-15,obm_supply_btc_daily,11559264.80231183,BTC,daily,OBM v0.1.0
2013-08-16,obm_supply_btc_daily,11563464.80231183,BTC,daily,OBM v0.1.0
2013-08-17,obm_supply_btc_daily,11568214.80231183,BTC,daily,OBM v0.1.0
2013-08-18,obm_supply_btc_daily,11573064.80231183,BTC,daily,OBM v0.1.0
2013-08-19,obm_supply_btc_daily,11577489.80231183,BTC,daily,OBM v0.1.0
2013-08-20,obm_supply_btc_daily,11582239.80231183,BTC,daily,OBM v0.1.0
2013-08-21,obm_supply_btc_daily,11587139.80231183,BTC,daily,OBM v0.1.0
2013-08-22,obm_supply_btc_daily,11592539.80231183,BTC,daily,OBM v0.1.0
2013-08-23,obm_supply_btc_daily,11597439.80231183,BTC,daily,OBM v0.1.0
2013-08-24,obm_supply_btc_daily,11602014.80231183,BTC,daily,OBM v0.1.0
2013-08-25,obm_supply_btc_daily,11605789.80231183,BTC,daily,OBM v0.1.0
2013-08-26,obm_supply_btc_daily,11609939.80231183,BTC,daily,OBM v0.1.0
2013-08-27,obm_supply_btc_daily,11614164.80231183,BTC,daily,OBM v0.1.0
2013-08-28,obm_supply_btc_daily,11618614.80231183,BTC,daily,OBM v0.1.0
2013-08-29,obm_supply_btc_daily,11623339.80231183,BTC,daily,OBM v0.1.0
2013-08-30,obm_supply_btc_daily,11628464.80231183,BTC,daily,OBM v0.1.0
2013-08-31,obm_supply_btc_daily,11634039.80231183,BTC,daily,OBM v0.1.0
2013-09-01,obm_supply_btc_daily,11639564.80231183,BTC,daily,OBM v0.1.0
2013-09-02,obm_supply_btc_daily,11644939.80231183,BTC,daily,OBM v0.1.0
2013-09-03,obm_supply_btc_daily,11649789.80231183,BTC,daily,OBM v0.1.0
2013-09-04,obm_supply_btc_daily,11653864.80231183,BTC,daily,OBM v0.1.0
2013-09-05,obm_supply_btc_daily,11658339.80231183,BTC,daily,OBM v0.1.0
2013-09-06,obm_supply_btc_daily,11662964.80231183,BTC,daily,OBM v0.1.0
2013-09-07,obm_supply_btc_daily,11666589.80231183,BTC,daily,OBM v0.1.0
2013-09-08,obm_supply_btc_daily,11670514.80231183,BTC,daily,OBM v0.1.0
2013-09-09,obm_supply_btc_daily,11675589.80231183,BTC,daily,OBM v0.1.0
2013-09-10,obm_supply_btc_daily,11680364.80231183,BTC,daily,OBM v0.1.0
2013-09-11,obm_supply_btc_daily,11685364.80231183,BTC,daily,OBM v0.1.0
2013-09-12,obm_supply_btc_daily,11690689.80231183,BTC,daily,OBM v0.1.0
2013-09-13,obm_supply_btc_daily,11695789.80231183,BTC,daily,OBM v0.1.0
2013-09-14,obm_supply_btc_daily,11701239.80231183,BTC,daily,OBM v0.1.0
2013-09-15,obm_supply_btc_daily,11705764.80231183,BTC,daily,OBM v0.1.0
2013-09-16,obm_supply_btc_daily,11709614.80231183,BTC,daily,OBM v0.1.0
2013-09-17,obm_supply_btc_daily,11714089.80231183,BTC,daily,OBM v0.1.0
2013-09-18,obm_supply_btc_daily,11718214.80231183,BTC,daily,OBM v0.1.0
2013-09-19,obm_supply_btc_daily,11722964.80231183,BTC,daily,OBM v0.1.0
2013-09-20,obm_supply_btc_daily,11727964.80231183,BTC,daily,OBM v0.1.0
2013-09-21,obm_supply_btc_daily,11732689.80231183,BTC,daily,OBM v0.1.0
2013-09-22,obm_supply_btc_daily,11737764.80231183,BTC,daily,OBM v0.1.0
2013-09-23,obm_supply_btc_daily,11743014.80231183,BTC,daily,OBM v0.1.0
2013-09-24,obm_supply_btc_daily,11748314.80231183,BTC,daily,OBM v0.1.0
2013-09-25,obm_supply_btc_daily,11753464.80231183,BTC,daily,OBM v0.1.0
2013-09-26,obm_supply_btc_daily,11757514.80231183,BTC,daily,OBM v0.1.0
2013-09-27,obm_supply_btc_daily,11761964.80231183,BTC,daily,OBM v0.1.0
2013-09-28,obm_supply_btc_daily,11766389.80231183,BTC,daily,OBM v0.1.0
2013-09-29,obm_supply_btc_daily,11770639.80231183,BTC,daily,OBM v0.1.0
2013-09-30,obm_supply_btc_daily,11774714.80231183,BTC,daily,OBM v0.1.0
2013-10-01,obm_supply_btc_daily,11779389.80231183,BTC,daily,OBM v0.1.0
2013-10-02,obm_supply_btc_daily,11784164.80231183,BTC,daily,OBM v0.1.0
2013-10-03,obm_supply_btc_daily,11789139.80231183,BTC,daily,OBM v0.1.0
2013-10-04,obm_supply_btc_daily,11793639.80231183,BTC,daily,OBM v0.1.0
2013-10-05,obm_supply_btc_daily,11799114.80231183,BTC,daily,OBM v0.1.0
2013-10-06,obm_supply_btc_daily,11803739.80231183,BTC,daily,OBM v0.1.0
2013-10-07,obm_supply_btc_daily,11807639.80231183,BTC,daily,OBM v0.1.0
2013-10-08,obm_supply_btc_daily,11811664.80231183,BTC,daily,OBM v0.1.0
2013-10-09,obm_supply_btc_daily,11816139.80231183,BTC,daily,OBM v0.1.0
2013-10-10,obm_supply_btc_daily,11820939.80231183,BTC,daily,OBM v0.1.0
2013-10-11,obm_supply_btc_daily,11825564.80231183,BTC,daily,OBM v0.1.0
2013-10-12,obm_supply_btc_daily,11830914.80231183,BTC,daily,OBM v0.1.0
2013-10-13,obm_supply_btc_daily,11836439.80231183,BTC,daily,OBM v0.1.0
2013-10-14,obm_supply_btc_daily,11842689.80231183,BTC,daily,OBM v0.1.0
2013-10-15,obm_supply_btc_daily,11849189.80231183,BTC,daily,OBM v0.1.0
2013-10-16,obm_supply_btc_daily,11854439.80231183,BTC,daily,OBM v0.1.0
2013-10-17,obm_supply_btc_daily,11858614.80231183,BTC,daily,OBM v0.1.0
2013-10-18,obm_supply_btc_daily,11863414.80231183,BTC,daily,OBM v0.1.0
2013-10-19,obm_supply_btc_daily,11868989.80231183,BTC,daily,OBM v0.1.0
2013-10-20,obm_supply_btc_daily,11873964.80231183,BTC,daily,OBM v0.1.0
2013-10-21,obm_supply_btc_daily,11879239.80231183,BTC,daily,OBM v0.1.0
2013-10-22,obm_supply_btc_daily,11885364.80231183,BTC,daily,OBM v0.1.0
2013-10-23,obm_supply_btc_daily,11890889.80231183,BTC,daily,OBM v0.1.0
2013-10-24,obm_supply_btc_daily,11896264.80231183,BTC,daily,OBM v0.1.0
2013-10-25,obm_supply_btc_daily,11902139.80231183,BTC,daily,OBM v0.1.0
2013-10-26,obm_supply_btc_daily,11906689.80231183,BTC,daily,OBM v0.1.0
2013-10-27,obm_supply_btc_daily,11911164.80231183,BTC,daily,OBM v0.1.0
2013-10-28,obm_supply_btc_daily,11915539.80231183,BTC,daily,OBM v0.1.0
2013-10-29,obm_supply_btc_daily,11919539.80231183,BTC,daily,OBM v0.1.0
2013-10-30,obm_supply_btc_daily,11924414.80231183,BTC,daily,OBM v0.1.0
2013-10-31,obm_supply_btc_daily,11929689.80231183,BTC,daily,OBM v0.1.0
2013-11-01,obm_supply_btc_daily,11934889.80231183,BTC,daily,OBM v0.1.0
2013-11-02,obm_supply_btc_daily,11939939.80231183,BTC,daily,OBM v0.1.0
2013-11-03,obm_supply_btc_daily,11944739.80231183,BTC,daily,OBM v0.1.0
2013-11-04,obm_supply_btc_daily,11949614.80231183,BTC,daily,OBM v0.1.0
2013-11-05,obm_supply_btc_daily,11953964.80231183,BTC,daily,OBM v0.1.0
2013-11-06,obm_supply_btc_daily,11958039.80231183,BTC,daily,OBM v0.1.0
2013-11-07,obm_supply_btc_daily,11961639.80231183,BTC,daily,OBM v0.1.0
2013-11-08,obm_supply_btc_daily,11964989.80231183,BTC,daily,OBM v0.1.0
2013-11-09,obm_supply_btc_daily,11968689.80231183,BTC,daily,OBM v0.1.0
2013-11-10,obm_supply_btc_daily,11972964.80231183,BTC,daily,OBM v0.1.0
2013-11-11,obm_supply_btc_daily,11977639.80231183,BTC,daily,OBM v0.1.0
2013-11-12,obm_supply_btc_daily,11982664.80231183,BTC,daily,OBM v0.1.0
2013-11-13,obm_supply_btc_daily,11986864.80231183,BTC,daily,OBM v0.1.0
2013-11-14,obm_supply_btc_daily,11991439.80231183,BTC,daily,OBM v0.1.0
2013-11-15,obm_supply_btc_daily,11995589.80231183,BTC,daily,OBM v0.1.0
2013-11-16,obm_supply_btc_daily,12000439.80231183,BTC,daily,OBM v0.1.0
2013-11-17,obm_supply_btc_daily,12005089.80231183,BTC,daily,OBM v0.1.0
2013-11-18,obm_supply_btc_daily,12008989.80231183,BTC,daily,OBM v0.1.0
2013-11-19,obm_supply_btc_daily,12013014.80231183,BTC,daily,OBM v0.1.0
2013-11-20,obm_supply_btc_daily,12017114.80231183,BTC,daily,OBM v0.1.0
2013-11-21,obm_supply_btc_daily,12020864.80231183,BTC,daily,OBM v0.1.0
2013-11-22,obm_supply_btc_daily,12025164.80231183,BTC,daily,OBM v0.1.0
2013-11-23,obm_supply_btc_daily,12029414.80231183,BTC,daily,OBM v0.1.0
2013-11-24,obm_supply_btc_daily,12033614.80231183,BTC,daily,OBM v0.1.0
2013-11-25,obm_supply_btc_daily,12037939.80231183,BTC,daily,OBM v0.1.0
2013-11-26,obm_supply_btc_daily,12041914.80231183,BTC,daily,OBM v0.1.0
2013-11-27,obm_supply_btc_daily,12046239.80231183,BTC,daily,OBM v0.1.0
2013-11-28,obm_supply_btc_daily,12050764.80231183,BTC,daily,OBM v0.1.0
2013-11-29,obm_supply_btc_daily,12055089.80231183,BTC,daily,OBM v0.1.0
2013-11-30,obm_supply_btc_daily,12059489.80231183,BTC,daily,OBM v0.1.0
2013-12-01,obm_supply_btc_daily,12064364.80231183,BTC,daily,OBM v0.1.0
2013-12-02,obm_supply_btc_daily,12068339.80231183,BTC,daily,OBM v0.1.0
2013-12-03,obm_supply_btc_daily,12073339.80231183,BTC,daily,OBM v0.1.0
2013-12-04,obm_supply_btc_daily,12077614.80231183,BTC,daily,OBM v0.1.0
2013-12-05,obm_supply_btc_daily,12081864.80231183,BTC,daily,OBM v0.1.0
2013-12-06,obm_supply_btc_daily,12087064.80231183,BTC,daily,OBM v0.1.0
2013-12-07,obm_supply_btc_daily,12091939.80231183,BTC,daily,OBM v0.1.0
2013-12-08,obm_supply_btc_daily,12096814.80231183,BTC,daily,OBM v0.1.0
2013-12-09,obm_supply_btc_daily,12101214.80231183,BTC,daily,OBM v0.1.0
2013-12-10,obm_supply_btc_daily,12106014.80231183,BTC,daily,OBM v0.1.0
2013-12-11,obm_supply_btc_daily,12110139.80231183,BTC,daily,OBM v0.1.0
2013-12-12,obm_supply_btc_daily,12114214.80231183,BTC,daily,OBM v0.1.0
2013-12-13,obm_supply_btc_daily,12118564.80231183,BTC,daily,OBM v0.1.0
2013-12-14,obm_supply_btc_daily,12123514.80231183,BTC,daily,OBM v0.1.0
2013-12-15,obm_supply_btc_daily,12127939.80231183,BTC,daily,OBM v0.1.0
2013-12-16,obm_supply_btc_daily,12132964.80231183,BTC,daily,OBM v0.1.0
2013-12-17,obm_supply_btc_daily,12138039.80231183,BTC,daily,OBM v0.1.0
2013-12-18,obm_supply_btc_daily,12143014.80231183,BTC,daily,OBM v0.1.0
2013-12-19,obm_supply_btc_daily,12148664.80231183,BTC,daily,OBM v0.1.0
2013-12-20,obm_supply_btc_daily,12153114.80231183,BTC,daily,OBM v0.1.0
2013-12-21,obm_supply_btc_daily,12157139.80231183,BTC,daily,OBM v0.1.0
2013-12-22,obm_supply_btc_daily,12161364.80231183,BTC,daily,OBM v0.1.0
2013-12-23,obm_supply_btc_daily,12165639.80231183,BTC,daily,OBM v0.1.0
2013-12-24,obm_supply_btc_daily,12169864.80231183,BTC,daily,OBM v0.1.0
2013-12-25,obm_supply_btc_daily,12173914.80231183,BTC,daily,OBM v0.1.0
2013-12-26,obm_supply_btc_daily,12178414.80231183,BTC,daily,OBM v0.1.0
2013-12-27,obm_supply_btc_daily,12183014.80231183,BTC,daily,OBM v0.1.0
2013-12-28,obm_supply_btc_daily,12186764.80231183,BTC,daily,OBM v0.1.0
2013-12-29,obm_supply_btc_daily,12190964.80231183,BTC,daily,OBM v0.1.0
2013-12-30,obm_supply_btc_daily,12195289.80231183,BTC,daily,OBM v0.1.0
2013-12-31,obm_supply_btc_daily,12199889.80231183,BTC,daily,OBM v0.1.0
2014-01-01,obm_supply_btc_daily,12205014.80231183,BTC,daily,OBM v0.1.0
2014-01-02,obm_supply_btc_daily,12208364.80231183,BTC,daily,OBM v0.1.0
2014-01-03,obm_supply_btc_daily,12212389.80231183,BTC,daily,OBM v0.1.0
2014-01-04,obm_supply_btc_daily,12215914.80231183,BTC,daily,OBM v0.1.0
2014-01-05,obm_supply_btc_daily,12220739.80231183,BTC,daily,OBM v0.1.0
2014-01-06,obm_supply_btc_daily,12225389.80231183,BTC,daily,OBM v0.1.0
2014-01-07,obm_supply_btc_daily,12229814.80231183,BTC,daily,OBM v0.1.0
2014-01-08,obm_supply_btc_daily,12234639.80231183,BTC,daily,OBM v0.1.0
2014-01-09,obm_supply_btc_daily,12239814.80231183,BTC,daily,OBM v0.1.0
2014-01-10,obm_supply_btc_daily,12244489.80231183,BTC,daily,OBM v0.1.0
2014-01-11,obm_supply_btc_daily,12249739.80231183,BTC,daily,OBM v0.1.0
2014-01-12,obm_supply_btc_daily,12254914.80231183,BTC,daily,OBM v0.1.0
2014-01-13,obm_supply_btc_daily,12259139.80231183,BTC,daily,OBM v0.1.0
2014-01-14,obm_supply_btc_daily,12263189.80231183,BTC,daily,OBM v0.1.0
2014-01-15,obm_supply_btc_daily,12267789.80231183,BTC,daily,OBM v0.1.0
2014-01-16,obm_supply_btc_daily,12272414.80231183,BTC,daily,OBM v0.1.0
2014-01-17,obm_supply_btc_daily,12276214.80231183,BTC,daily,OBM v0.1.0
2014-01-18,obm_supply_btc_daily,12280564.80231183,BTC,daily,OBM v0.1.0
2014-01-19,obm_supply_btc_daily,12284789.80231183,BTC,daily,OBM v0.1.0
2014-01-20,obm_supply_btc_daily,12289664.80231183,BTC,daily,OBM v0.1.0
2014-01-21,obm_supply_btc_daily,12293814.80231183,BTC,daily,OBM v0.1.0
2014-01-22,obm_supply_btc_daily,12298614.80231183,BTC,daily,OBM v0.1.0
2014-01-23,obm_supply_btc_daily,12303039.80231183,BTC,daily,OBM v0.1.0
2014-01-24,obm_supply_btc_daily,12307764.80231183,BTC,daily,OBM v0.1.0
2014-01-25,obm_supply_btc_daily,12311889.80231183,BTC,daily,OBM v0.1.0
2014-01-26,obm_supply_btc_daily,12315689.80231183,BTC,daily,OBM v0.1.0
2014-01-27,obm_supply_btc_daily,12320039.80231183,BTC,daily,OBM v0.1.0
2014-01-28,obm_supply_btc_daily,12323889.80231183,BTC,daily,OBM v0.1.0
2014-01-29,obm_supply_btc_daily,12327689.80231183,BTC,daily,OBM v0.1.0
2014-01-30,obm_supply_btc_daily,12332089.80231183,BTC,daily,OBM v0.1.0
2014-01-31,obm_supply_btc_daily,12336689.80231183,BTC,daily,OBM v0.1.0
2014-02-01,obm_supply_btc_daily,12341414.80231183,BTC,daily,OBM v0.1.0
2014-02-02,obm_supply_btc_daily,12346064.80231183,BTC,daily,OBM v0.1.0
2014-02-03,obm_supply_btc_daily,12350589.80231183,BTC,daily,OBM v0.1.0
2014-02-04,obm_supply_btc_daily,12354889.80231183,BTC,daily,OBM v0.1.0
2014-02-05,obm_supply_btc_daily,12359089.80231183,BTC,daily,OBM v0.1.0
2014-02-06,obm_supply_btc_daily,12363639.80231183,BTC,daily,OBM v0.1.0
2014-02-07,obm_supply_btc_daily,12367514.80231183,BTC,daily,OBM v0.1.0
2014-02-08,obm_supply_btc_daily,12372064.80231183,BTC,daily,OBM v0.1.0
2014-02-09,obm_supply_btc_daily,12375514.80231183,BTC,daily,OBM v0.1.0
2014-02-10,obm_supply_btc_daily,12379414.80231183,BTC,daily,OBM v0.1.0
2014-02-11,obm_supply_btc_daily,12383514.80231183,BTC,daily,OBM v0.1.0
2014-02-12,obm_supply_btc_daily,12387964.80231183,BTC,daily,OBM v0.1.0
2014-02-13,obm_supply_btc_daily,12392414.80231183,BTC,daily,OBM v0.1.0
2014-02-14,obm_supply_btc_daily,12397189.80231183,BTC,daily,OBM v0.1.0
2014-02-15,obm_supply_btc_daily,12401864.80231183,BTC,daily,OBM v0.1.0
2014-02-16,obm_supply_btc_daily,12406739.80231183,BTC,daily,OBM v0.1.0
2014-02-17,obm_supply_btc_daily,12410614.80231183,BTC,daily,OBM v0.1.0
2014-02-18,obm_supply_btc_daily,12414689.80231183,BTC,daily,OBM v0.1.0
2014-02-19,obm_supply_btc_daily,12419689.80231183,BTC,daily,OBM v0.1.0
2014-02-20,obm_supply_btc_daily,12424114.80231183,BTC,daily,OBM v0.1.0
2014-02-21,obm_supply_btc_daily,12427914.80231183,BTC,daily,OBM v0.1.0
2014-02-22,obm_supply_btc_daily,12432414.80231183,BTC,daily,OBM v0.1.0
2014-02-23,obm_supply_btc_daily,12436614.80231183,BTC,daily,OBM v0.1.0
2014-02-24,obm_supply_btc_daily,12441389.80231183,BTC,daily,OBM v0.1.0
2014-02-25,obm_supply_btc_daily,12445414.80231183,BTC,daily,OBM v0.1.0
2014-02-26,obm_supply_btc_daily,12450014.80231183,BTC,daily,OBM v0.1.0
2014-02-27,obm_supply_btc_daily,12454714.80231183,BTC,daily,OBM v0.1.0
2014-02-28,obm_supply_btc_daily,12459239.80231183,BTC,daily,OBM v0.1.0
2014-03-01,obm_supply_btc_daily,12462839.80231183,BTC,daily,OBM v0.1.0
2014-03-02,obm_supply_btc_daily,12466339.80231183,BTC,daily,OBM v0.1.0
2014-03-03,obm_supply_btc_daily,12470039.80231183,BTC,daily,OBM v0.1.0
2014-03-04,obm_supply_btc_daily,12473764.80231183,BTC,daily,OBM v0.1.0
2014-03-05,obm_supply_btc_daily,12477664.80231183,BTC,daily,OBM v0.1.0
2014-03-06,obm_supply_btc_daily,12481989.80231183,BTC,daily,OBM v0.1.0
2014-03-07,obm_supply_btc_daily,12486139.80231183,BTC,daily,OBM v0.1.0
2014-03-08,obm_supply_btc_daily,12490339.80231183,BTC,daily,OBM v0.1.0
2014-03-09,obm_supply_btc_daily,12494814.80231183,BTC,daily,OBM v0.1.0
2014-03-10,obm_supply_btc_daily,12498539.80231183,BTC,daily,OBM v0.1.0
2014-03-11,obm_supply_btc_daily,12502739.80231183,BTC,daily,OBM v0.1.0
2014-03-12,obm_supply_btc_daily,12507289.80231183,BTC,daily,OBM v0.1.0
2014-03-13,obm_supply_btc_daily,12511339.80231183,BTC,daily,OBM v0.1.0
2014-03-14,obm_supply_btc_daily,12514664.80231183,BTC,daily,OBM v0.1.0
2014-03-15,obm_supply_btc_daily,12518789.80231183,BTC,daily,OBM v0.1.0
2014-03-16,obm_supply_btc_daily,12523064.80231183,BTC,daily,OBM v0.1.0
2014-03-17,obm_supply_btc_daily,12527089.80231183,BTC,daily,OBM v0.1.0
2014-03-18,obm_supply_btc_daily,12530739.80231183,BTC,daily,OBM v0.1.0
2014-03-19,obm_supply_btc_daily,12534739.80231183,BTC,daily,OBM v0.1.0
2014-03-20,obm_supply_btc_daily,12539164.80231183,BTC,daily,OBM v0.1.0
2014-03-21,obm_supply_btc_daily,12543814.80231183,BTC,daily,OBM v0.1.0
2014-03-22,obm_supply_btc_daily,12548064.80231183,BTC,daily,OBM v0.1.0
2014-03-23,obm_supply_btc_daily,12553414.80231183,BTC,daily,OBM v0.1.0
2014-03-24,obm_supply_btc_daily,12558114.80231183,BTC,daily,OBM v0.1.0
2014-03-25,obm_supply_btc_daily,12562039.80231183,BTC,daily,OBM v0.1.0
2014-03-26,obm_supply_btc_daily,12566014.80231183,BTC,daily,OBM v0.1.0
2014-03-27,obm_supply_btc_daily,12570339.80231183,BTC,daily,OBM v0.1.0
2014-03-28,obm_supply_btc_daily,12574689.80231183,BTC,daily,OBM v0.1.0
2014-03-29,obm_supply_btc_daily,12579064.80231183,BTC,daily,OBM v0.1.0
2014-03-30,obm_supply_btc_daily,12582564.80231183,BTC,daily,OBM v0.1.0
2014-03-31,obm_supply_btc_daily,12587064.80231183,BTC,daily,OBM v0.1.0
2014-04-01,obm_supply_btc_daily,12591339.80231183,BTC,daily,OBM v0.1.0
2014-04-02,obm_supply_btc_daily,12596264.80231183,BTC,daily,OBM v0.1.0
2014-04-03,obm_supply_btc_daily,12601364.80231183,BTC,daily,OBM v0.1.0
2014-04-04,obm_supply_btc_daily,12606239.80231183,BTC,daily,OBM v0.1.0
2014-04-05,obm_supply_btc_daily,12610514.80231183,BTC,daily,OBM v0.1.0
2014-04-06,obm_supply_btc_daily,12614289.80231183,BTC,daily,OBM v0.1.0
2014-04-07,obm_supply_btc_daily,12618064.80231183,BTC,daily,OBM v0.1.0
2014-04-08,obm_supply_btc_daily,12621414.80231183,BTC,daily,OBM v0.1.0
2014-04-09,obm_supply_btc_daily,12625439.80231183,BTC,daily,OBM v0.1.0
2014-04-10,obm_supply_btc_daily,12629314.80231183,BTC,daily,OBM v0.1.0
2014-04-11,obm_supply_btc_daily,12633539.80231183,BTC,daily,OBM v0.1.0
2014-04-12,obm_supply_btc_daily,12637564.80231183,BTC,daily,OBM v0.1.0
2014-04-13,obm_supply_btc_daily,12642239.80231183,BTC,daily,OBM v0.1.0
2014-04-14,obm_supply_btc_daily,12647064.80231183,BTC,daily,OBM v0.1.0
2014-04-15,obm_supply_btc_daily,12651614.80231183,BTC,daily,OBM v0.1.0
2014-04-16,obm_supply_btc_daily,12655589.80231183,BTC,daily,OBM v0.1.0
2014-04-17,obm_supply_btc_daily,12659814.80231183,BTC,daily,OBM v0.1.0
2014-04-18,obm_supply_btc_daily,12663814.80231183,BTC,daily,OBM v0.1.0
2014-04-19,obm_supply_btc_daily,12667789.80231183,BTC,daily,OBM v0.1.0
2014-04-20,obm_supply_btc_daily,12672239.80231183,BTC,daily,OBM v0.1.0
2014-04-21,obm_supply_btc_daily,12676514.80231183,BTC,daily,OBM v0.1.0
2014-04-22,obm_supply_btc_daily,12680364.80231183,BTC,daily,OBM v0.1.0
2014-04-23,obm_supply_btc_daily,12684489.80231183,BTC,daily,OBM v0.1.0
2014-04-24,obm_supply_btc_daily,12688264.80231183,BTC,daily,OBM v0.1.0
2014-04-25,obm_supply_btc_daily,12692814.80231183,BTC,daily,OBM v0.1.0
2014-04-26,obm_supply_btc_daily,12696889.80231183,BTC,daily,OBM v0.1.0
2014-04-27,obm_supply_btc_daily,12701314.80231183,BTC,daily,OBM v0.1.0
2014-04-28,obm_supply_btc_daily,12705114.80231183,BTC,daily,OBM v0.1.0
2014-04-29,obm_supply_btc_daily,12709389.80231183,BTC,daily,OBM v0.1.0
2014-04-30,obm_supply_btc_daily,12712814.80231183,BTC,daily,OBM v0.1.0
2014-05-01,obm_supply_btc_daily,12717214.80231183,BTC,daily,OBM v0.1.0
2014-05-02,obm_supply_btc_daily,12721239.80231183,BTC,daily,OBM v0.1.0
2014-05-03,obm_supply_btc_daily,12724789.80231183,BTC,daily,OBM v0.1.0
2014-05-04,obm_supply_btc_daily,12728564.80231183,BTC,daily,OBM v0.1.0
2014-05-05,obm_supply_btc_daily,12731689.80231183,BTC,daily,OBM v0.1.0
2014-05-06,obm_supply_btc_daily,12736539.80231183,BTC,daily,OBM v0.1.0
2014-05-07,obm_supply_btc_daily,12740514.80231183,BTC,daily,OBM v0.1.0
2014-05-08,obm_supply_btc_daily,12744689.80231183,BTC,daily,OBM v0.1.0
2014-05-09,obm_supply_btc_daily,12748939.80231183,BTC,daily,OBM v0.1.0
2014-05-10,obm_supply_btc_daily,12753414.80231183,BTC,daily,OBM v0.1.0
2014-05-11,obm_supply_btc_daily,12757214.80231183,BTC,daily,OBM v0.1.0
2014-05-12,obm_supply_btc_daily,12761314.80231183,BTC,daily,OBM v0.1.0
2014-05-13,obm_supply_btc_daily,12765364.80231183,BTC,daily,OBM v0.1.0
2014-05-14,obm_supply_btc_daily,12769114.80231183,BTC,daily,OBM v0.1.0
2014-05-15,obm_supply_btc_daily,12773389.80231183,BTC,daily,OBM v0.1.0
2014-05-16,obm_supply_btc_daily,12777914.80231183,BTC,daily,OBM v0.1.0
2014-05-17,obm_supply_btc_daily,12782239.80231183,BTC,daily,OBM v0.1.0
2014-05-18,obm_supply_btc_daily,12786539.80231183,BTC,daily,OBM v0.1.0
2014-05-19,obm_supply_btc_daily,12790739.80231183,BTC,daily,OBM v0.1.0
2014-05-20,obm_supply_btc_daily,12795164.80231183,BTC,daily,OBM v0.1.0
2014-05-21,obm_supply_btc_daily,12799539.80231183,BTC,daily,OBM v0.1.0
2014-05-22,obm_supply_btc_daily,12803839.80231183,BTC,daily,OBM v0.1.0
2014-05-23,obm_supply_btc_daily,12807964.80231183,BTC,daily,OBM v0.1.0
2014-05-24,obm_supply_btc_daily,12811814.80231183,BTC,daily,OBM v0.1.0
2014-05-25,obm_supply_btc_daily,12815839.80231183,BTC,daily,OBM v0.1.0
2014-05-26,obm_supply_btc_daily,12819789.80231183,BTC,daily,OBM v0.1.0
2014-05-27,obm_supply_btc_daily,12823189.80231183,BTC,daily,OBM v0.1.0
2014-05-28,obm_supply_btc_daily,12827414.80231183,BTC,daily,OBM v0.1.0
2014-05-29,obm_supply_btc_daily,12830939.80231183,BTC,daily,OBM v0.1.0
2014-05-30,obm_supply_btc_daily,12835114.80231183,BTC,daily,OBM v0.1.0
2014-05-31,obm_supply_btc_daily,12838789.80231183,BTC,daily,OBM v0.1.0
2014-06-01,obm_supply_btc_daily,12843164.80231183,BTC,daily,OBM v0.1.0
2014-06-02,obm_supply_btc_daily,12847989.80231183,BTC,daily,OBM v0.1.0
2014-06-03,obm_supply_btc_daily,12852439.80231183,BTC,daily,OBM v0.1.0
2014-06-04,obm_supply_btc_daily,12856964.80231183,BTC,daily,OBM v0.1.0
2014-06-05,obm_supply_btc_daily,12860764.80231183,BTC,daily,OBM v0.1.0
2014-06-06,obm_supply_btc_daily,12864239.80231183,BTC,daily,OBM v0.1.0
2014-06-07,obm_supply_btc_daily,12868114.80231183,BTC,daily,OBM v0.1.0
2014-06-08,obm_supply_btc_daily,12871514.80231183,BTC,daily,OBM v0.1.0
2014-06-09,obm_supply_btc_daily,12875414.80231183,BTC,daily,OBM v0.1.0
2014-06-10,obm_supply_btc_daily,12879589.80231183,BTC,daily,OBM v0.1.0
2014-06-11,obm_supply_btc_daily,12883239.80231183,BTC,daily,OBM v0.1.0
2014-06-12,obm_supply_btc_daily,12887539.80231183,BTC,daily,OBM v0.1.0
2014-06-13,obm_supply_btc_daily,12891614.80231183,BTC,daily,OBM v0.1.0
2014-06-14,obm_supply_btc_daily,12896064.80231183,BTC,daily,OBM v0.1.0
2014-06-15,obm_supply_btc_daily,12900814.80231183,BTC,daily,OBM v0.1.0
2014-06-16,obm_supply_btc_daily,12905514.80231183,BTC,daily,OBM v0.1.0
2014-06-17,obm_supply_btc_daily,12910114.80231183,BTC,daily,OBM v0.1.0
2014-06-18,obm_supply_btc_daily,12914064.80231183,BTC,daily,OBM v0.1.0
2014-06-19,obm_supply_btc_daily,12918239.80231183,BTC,daily,OBM v0.1.0
2014-06-20,obm_supply_btc_daily,12922889.80231183,BTC,daily,OBM v0.1.0
2014-06-21,obm_supply_btc_daily,12927539.80231183,BTC,daily,OBM v0.1.0
2014-06-22,obm_supply_btc_daily,12932039.80231183,BTC,daily,OBM v0.1.0
2014-06-23,obm_supply_btc_daily,12936439.80231183,BTC,daily,OBM v0.1.0
2014-06-24,obm_supply_btc_daily,12941139.80231183,BTC,daily,OBM v0.1.0
2014-06-25,obm_supply_btc_daily,12945814.80231183,BTC,daily,OBM v0.1.0
2014-06-26,obm_supply_btc_daily,12950089.80231183,BTC,daily,OBM v0.1.0
2014-06-27,obm_supply_btc_daily,12955014.80231183,BTC,daily,OBM v0.1.0
2014-06-28,obm_supply_btc_daily,12959564.80231183,BTC,daily,OBM v0.1.0
2014-06-29,obm_supply_btc_daily,12963489.80231183,BTC,daily,OBM v0.1.0
2014-06-30,obm_supply_btc_daily,12966789.80231183,BTC,daily,OBM v0.1.0
2014-07-01,obm_supply_btc_daily,12970114.80231183,BTC,daily,OBM v0.1.0
2014-07-02,obm_supply_btc_daily,12973539.80231183,BTC,daily,OBM v0.1.0
2014-07-03,obm_supply_btc_daily,12977014.80231183,BTC,daily,OBM v0.1.0
2014-07-04,obm_supply_btc_daily,12981164.80231183,BTC,daily,OBM v0.1.0
2014-07-05,obm_supply_btc_daily,12984964.80231183,BTC,daily,OBM v0.1.0
2014-07-06,obm_supply_btc_daily,12988514.80231183,BTC,daily,OBM v0.1.0
2014-07-07,obm_supply_btc_daily,12992264.80231183,BTC,daily,OBM v0.1.0
2014-07-08,obm_supply_btc_daily,12996014.80231183,BTC,daily,OBM v0.1.0
2014-07-09,obm_supply_btc_daily,13000164.80231183,BTC,daily,OBM v0.1.0
2014-07-10,obm_supply_btc_daily,13003889.80231183,BTC,daily,OBM v0.1.0
2014-07-11,obm_supply_btc_daily,13007789.80231183,BTC,daily,OBM v0.1.0
2014-07-12,obm_supply_btc_daily,13011714.80231183,BTC,daily,OBM v0.1.0
2014-07-13,obm_supply_btc_daily,13015714.80231183,BTC,daily,OBM v0.1.0
2014-07-14,obm_supply_btc_daily,13019089.80231183,BTC,daily,OBM v0.1.0
2014-07-15,obm_supply_btc_daily,13023064.80231183,BTC,daily,OBM v0.1.0
2014-07-16,obm_supply_btc_daily,13026664.80231183,BTC,daily,OBM v0.1.0
2014-07-17,obm_supply_btc_daily,13030964.80231183,BTC,daily,OBM v0.1.0
2014-07-18,obm_supply_btc_daily,13035264.80231183,BTC,daily,OBM v0.1.0
2014-07-19,obm_supply_btc_daily,13039689.80231183,BTC,daily,OBM v0.1.0
2014-07-20,obm_supply_btc_daily,13043564.80231183,BTC,daily,OBM v0.1.0
2014-07-21,obm_supply_btc_daily,13047439.80231183,BTC,daily,OBM v0.1.0
2014-07-22,obm_supply_btc_daily,13050989.80231183,BTC,daily,OBM v0.1.0
2014-07-23,obm_supply_btc_daily,13054639.80231183,BTC,daily,OBM v0.1.0
2014-07-24,obm_supply_btc_daily,13058214.80231183,BTC,daily,OBM v0.1.0
2014-07-25,obm_supply_btc_daily,13062289.80231183,BTC,daily,OBM v0.1.0
2014-07-26,obm_supply_btc_daily,13065639.80231183,BTC,daily,OBM v0.1.0
2014-07-27,obm_supply_btc_daily,13069464.80231183,BTC,daily,OBM v0.1.0
2014-07-28,obm_supply_btc_daily,13073214.80231183,BTC,daily,OBM v0.1.0
2014-07-29,obm_supply_btc_daily,13076939.80231183,BTC,daily,OBM v0.1.0
2014-07-30,obm_supply_btc_daily,13081239.80231183,BTC,daily,OBM v0.1.0
2014-07-31,obm_supply_btc_daily,13085089.80231183,BTC,daily,OBM v0.1.0
2014-08-01,obm_supply_btc_daily,13089014.80231183,BTC,daily,OBM v0.1.0
2014-08-02,obm_supply_btc_daily,13093089.80231183,BTC,daily,OBM v0.1.0
2014-08-03,obm_supply_btc_daily,13096939.80231183,BTC,daily,OBM v0.1.0
2014-08-04,obm_supply_btc_daily,13100139.80231183,BTC,daily,OBM v0.1.0
2014-08-05,obm_supply_btc_daily,13103514.80231183,BTC,daily,OBM v0.1.0
2014-08-06,obm_supply_btc_daily,13107614.80231183,BTC,daily,OBM v0.1.0
2014-08-07,obm_supply_btc_daily,13111614.80231183,BTC,daily,OBM v0.1.0
2014-08-08,obm_supply_btc_daily,13115564.80231183,BTC,daily,OBM v0.1.0
2014-08-09,obm_supply_btc_daily,13120114.80231183,BTC,daily,OBM v0.1.0
2014-08-10,obm_supply_btc_daily,13124539.80231183,BTC,daily,OBM v0.1.0
2014-08-11,obm_supply_btc_daily,13129089.80231183,BTC,daily,OBM v0.1.0
2014-08-12,obm_supply_btc_daily,13133439.80231183,BTC,daily,OBM v0.1.0
2014-08-13,obm_supply_btc_daily,13137064.80231183,BTC,daily,OBM v0.1.0
2014-08-14,obm_supply_btc_daily,13141564.80231183,BTC,daily,OBM v0.1.0
2014-08-15,obm_supply_btc_daily,13145689.80231183,BTC,daily,OBM v0.1.0
2014-08-16,obm_supply_btc_daily,13149639.80231183,BTC,daily,OBM v0.1.0
2014-08-17,obm_supply_btc_daily,13153889.80231183,BTC,daily,OBM v0.1.0
2014-08-18,obm_supply_btc_daily,13158839.80231183,BTC,daily,OBM v0.1.0
2014-08-19,obm_supply_btc_daily,13163489.80231183,BTC,daily,OBM v0.1.0
2014-08-20,obm_supply_btc_daily,13167714.80231183,BTC,daily,OBM v0.1.0
2014-08-21,obm_supply_btc_daily,13171839.80231183,BTC,daily,OBM v0.1.0
2014-08-22,obm_supply_btc_daily,13175764.80231183,BTC,daily,OBM v0.1.0
2014-08-23,obm_supply_btc_daily,13179814.80231183,BTC,daily,OBM v0.1.0
2014-08-24,obm_supply_btc_daily,13183464.80231183,BTC,daily,OBM v0.1.0
2014-08-25,obm_supply_btc_daily,13186889.80231183,BTC,daily,OBM v0.1.0
2014-08-26,obm_supply_btc_daily,13191214.80231183,BTC,daily,OBM v0.1.0
2014-08-27,obm_supply_btc_daily,13195439.80231183,BTC,daily,OBM v0.1.0
2014-08-28,obm_supply_btc_daily,13199764.80231183,BTC,daily,OBM v0.1.0
2014-08-29,obm_supply_btc_daily,13204014.80231183,BTC,daily,OBM v0.1.0
2014-08-30,obm_supply_btc_daily,13208564.80231183,BTC,daily,OBM v0.1.0
2014-08-31,obm_supply_btc_daily,13213264.80231183,BTC,daily,OBM v0.1.0
2014-09-01,obm_supply_btc_daily,13216664.80231183,BTC,daily,OBM v0.1.0
2014-09-02,obm_supply_btc_daily,13220339.80231183,BTC,daily,OBM v0.1.0
2014-09-03,obm_supply_btc_daily,13224564.80231183,BTC,daily,OBM v0.1.0
2014-09-04,obm_supply_btc_daily,13228514.80231183,BTC,daily,OBM v0.1.0
2014-09-05,obm_supply_btc_daily,13232139.80231183,BTC,daily,OBM v0.1.0
2014-09-06,obm_supply_btc_daily,13236614.80231183,BTC,daily,OBM v0.1.0
2014-09-07,obm_supply_btc_daily,13240489.80231183,BTC,daily,OBM v0.1.0
2014-09-08,obm_supply_btc_daily,13244089.80231183,BTC,daily,OBM v0.1.0
2014-09-09,obm_supply_btc_daily,13247739.80231183,BTC,daily,OBM v0.1.0
2014-09-10,obm_supply_btc_daily,13251664.80231183,BTC,daily,OBM v0.1.0
2014-09-11,obm_supply_btc_daily,13255914.80231183,BTC,daily,OBM v0.1.0
2014-09-12,obm_supply_btc_daily,13259764.80231183,BTC,daily,OBM v0.1.0
2014-09-13,obm_supply_btc_daily,13264289.80231183,BTC,daily,OBM v0.1.0
2014-09-14,obm_supply_btc_daily,13268239.80231183,BTC,daily,OBM v0.1.0
2014-09-15,obm_supply_btc_daily,13272189.80231183,BTC,daily,OBM v0.1.0
2014-09-16,obm_supply_btc_daily,13276464.80231183,BTC,daily,OBM v0.1.0
2014-09-17,obm_supply_btc_daily,13281114.80231183,BTC,daily,OBM v0.1.0
2014-09-18,obm_supply_btc_daily,13285589.80231183,BTC,daily,OBM v0.1.0
2014-09-19,obm_supply_btc_daily,13289864.80231183,BTC,daily,OBM v0.1.0
2014-09-20,obm_supply_btc_daily,13294264.80231183,BTC,daily,OBM v0.1.0
2014-09-21,obm_supply_btc_daily,13298364.80231183,BTC,daily,OBM v0.1.0
2014-09-22,obm_supply_btc_daily,13302564.80231183,BTC,daily,OBM v0.1.0
2014-09-23,obm_supply_btc_daily,13306314.80231183,BTC,daily,OBM v0.1.0
2014-09-24,obm_supply_btc_daily,13310214.80231183,BTC,daily,OBM v0.1.0
2014-09-25,obm_supply_btc_daily,13314514.80231183,BTC,daily,OBM v0.1.0
2014-09-26,obm_supply_btc_daily,13317864.80231183,BTC,daily,OBM v0.1.0
2014-09-27,obm_supply_btc_daily,13321214.80231183,BTC,daily,OBM v0.1.0
2014-09-28,obm_supply_btc_daily,13324464.80231183,BTC,daily,OBM v0.1.0
2014-09-29,obm_supply_btc_daily,13327889.80231183,BTC,daily,OBM v0.1.0
2014-09-30,obm_supply_btc_daily,13331714.80231183,BTC,daily,OBM v0.1.0
2014-10-01,obm_supply_btc_daily,13335589.80231183,BTC,daily,OBM v0.1.0
2014-10-02,obm_supply_btc_daily,13339039.80231183,BTC,daily,OBM v0.1.0
2014-10-03,obm_supply_btc_daily,13342689.80231183,BTC,daily,OBM v0.1.0
2014-10-04,obm_supply_btc_daily,13346539.80231183,BTC,daily,OBM v0.1.0
2014-10-05,obm_supply_btc_daily,13350764.80231183,BTC,daily,OBM v0.1.0
2014-10-06,obm_supply_btc_daily,13354789.80231183,BTC,daily,OBM v0.1.0
2014-10-07,obm_supply_btc_daily,13358139.80231183,BTC,daily,OBM v0.1.0
2014-10-08,obm_supply_btc_daily,13361739.80231183,BTC,daily,OBM v0.1.0
2014-10-09,obm_supply_btc_daily,13365439.80231183,BTC,daily,OBM v0.1.0
2014-10-10,obm_supply_btc_daily,13369314.80231183,BTC,daily,OBM v0.1.0
2014-10-11,obm_supply_btc_daily,13372914.80231183,BTC,daily,OBM v0.1.0
2014-10-12,obm_supply_btc_daily,13376614.80231183,BTC,daily,OBM v0.1.0
2014-10-13,obm_supply_btc_daily,13380489.80231183,BTC,daily,OBM v0.1.0
2014-10-14,obm_supply_btc_daily,13383789.80231183,BTC,daily,OBM v0.1.0
2014-10-15,obm_supply_btc_daily,13387564.80231183,BTC,daily,OBM v0.1.0
2014-10-16,obm_supply_btc_daily,13391264.80231183,BTC,daily,OBM v0.1.0
2014-10-17,obm_supply_btc_daily,13394814.80231183,BTC,daily,OBM v0.1.0
2014-10-18,obm_supply_btc_daily,13398914.80231183,BTC,daily,OBM v0.1.0
2014-10-19,obm_supply_btc_daily,13402239.80231183,BTC,daily,OBM v0.1.0
2014-10-20,obm_supply_btc_daily,13405664.80231183,BTC,daily,OBM v0.1.0
2014-10-21,obm_supply_btc_daily,13409489.80231183,BTC,daily,OBM v0.1.0
2014-10-22,obm_supply_btc_daily,13413464.80231183,BTC,daily,OBM v0.1.0
2014-10-23,obm_supply_btc_daily,13417239.80231183,BTC,daily,OBM v0.1.0
2014-10-24,obm_supply_btc_daily,13421214.80231183,BTC,daily,OBM v0.1.0
2014-10-25,obm_supply_btc_daily,13425089.80231183,BTC,daily,OBM v0.1.0
2014-10-26,obm_supply_btc_daily,13428214.80231183,BTC,daily,OBM v0.1.0
2014-10-27,obm_supply_btc_daily,13432189.80231183,BTC,daily,OBM v0.1.0
2014-10-28,obm_supply_btc_daily,13435639.80231183,BTC,daily,OBM v0.1.0
2014-10-29,obm_supply_btc_daily,13439514.80231183,BTC,daily,OBM v0.1.0
2014-10-30,obm_supply_btc_daily,13443764.80231183,BTC,daily,OBM v0.1.0
2014-10-31,obm_supply_btc_daily,13448464.80231183,BTC,daily,OBM v0.1.0
2014-11-01,obm_supply_btc_daily,13452439.80231183,BTC,daily,OBM v0.1.0
2014-11-02,obm_supply_btc_daily,13456314.80231183,BTC,daily,OBM v0.1.0
2014-11-03,obm_supply_btc_daily,13460539.80231183,BTC,daily,OBM v0.1.0
2014-11-04,obm_supply_btc_daily,13464589.80231183,BTC,daily,OBM v0.1.0
2014-11-05,obm_supply_btc_daily,13468039.80231183,BTC,daily,OBM v0.1.0
2014-11-06,obm_supply_btc_daily,13471889.80231183,BTC,daily,OBM v0.1.0
2014-11-07,obm_supply_btc_daily,13475639.80231183,BTC,daily,OBM v0.1.0
2014-11-08,obm_supply_btc_daily,13479464.80231183,BTC,daily,OBM v0.1.0
2014-11-09,obm_supply_btc_daily,13483214.80231183,BTC,daily,OBM v0.1.0
2014-11-10,obm_supply_btc_daily,13486889.80231183,BTC,daily,OBM v0.1.0
2014-11-11,obm_supply_btc_daily,13490114.80231183,BTC,daily,OBM v0.1.0
2014-11-12,obm_supply_btc_daily,13493789.80231183,BTC,daily,OBM v0.1.0
2014-11-13,obm_supply_btc_daily,13497414.80231183,BTC,daily,OBM v0.1.0
2014-11-14,obm_supply_btc_daily,13501264.80231183,BTC,daily,OBM v0.1.0
2014-11-15,obm_supply_btc_daily,13504764.80231183,BTC,daily,OBM v0.1.0
2014-11-16,obm_supply_btc_daily,13508514.80231183,BTC,daily,OBM v0.1.0
2014-11-17,obm_supply_btc_daily,13512114.80231183,BTC,daily,OBM v0.1.0
2014-11-18,obm_supply_btc_daily,13515964.80231183,BTC,daily,OBM v0.1.0
2014-11-19,obm_supply_btc_daily,13519489.80231183,BTC,daily,OBM v0.1.0
2014-11-20,obm_supply_btc_daily,13522939.80231183,BTC,daily,OBM v0.1.0
2014-11-21,obm_supply_btc_daily,13526114.80231183,BTC,daily,OBM v0.1.0
2014-11-22,obm_supply_btc_daily,13529964.80231183,BTC,daily,OBM v0.1.0
2014-11-23,obm_supply_btc_daily,13533514.80231183,BTC,daily,OBM v0.1.0
2014-11-24,obm_supply_btc_daily,13537189.80231183,BTC,daily,OBM v0.1.0
2014-11-25,obm_supply_btc_daily,13540489.80231183,BTC,daily,OBM v0.1.0
2014-11-26,obm_supply_btc_daily,13543914.80231183,BTC,daily,OBM v0.1.0
2014-11-27,obm_supply_btc_daily,13547439.80231183,BTC,daily,OBM v0.1.0
2014-11-28,obm_supply_btc_daily,13551139.80231183,BTC,daily,OBM v0.1.0
2014-11-29,obm_supply_btc_daily,13555064.80231183,BTC,daily,OBM v0.1.0
2014-11-30,obm_supply_btc_daily,13559064.80231183,BTC,daily,OBM v0.1.0
2014-12-01,obm_supply_btc_daily,13562314.80231183,BTC,daily,OBM v0.1.0
2014-12-02,obm_supply_btc_daily,13566064.80231183,BTC,daily,OBM v0.1.0
2014-12-03,obm_supply_btc_daily,13568964.80231183,BTC,daily,OBM v0.1.0
2014-12-04,obm_supply_btc_daily,13572614.80231183,BTC,daily,OBM v0.1.0
2014-12-05,obm_supply_btc_daily,13576514.80231183,BTC,daily,OBM v0.1.0
2014-12-06,obm_supply_btc_daily,13579939.80231183,BTC,daily,OBM v0.1.0
2014-12-07,obm_supply_btc_daily,13583089.80231183,BTC,daily,OBM v0.1.0
2014-12-08,obm_supply_btc_daily,13587164.80231183,BTC,daily,OBM v0.1.0
2014-12-09,obm_supply_btc_daily,13590714.80231183,BTC,daily,OBM v0.1.0
2014-12-10,obm_supply_btc_daily,13594289.80231183,BTC,daily,OBM v0.1.0
2014-12-11,obm_supply_btc_daily,13597989.80231183,BTC,daily,OBM v0.1.0
2014-12-12,obm_supply_btc_daily,13601514.80231183,BTC,daily,OBM v0.1.0
2014-12-13,obm_supply_btc_daily,13605164.80231183,BTC,daily,OBM v0.1.0
2014-12-14,obm_supply_btc_daily,13608689.80231183,BTC,daily,OBM v0.1.0
2014-12-15,obm_supply_btc_daily,13612214.80231183,BTC,daily,OBM v0.1.0
2014-12-16,obm_supply_btc_daily,13615789.80231183,BTC,daily,OBM v0.1.0
2014-12-17,obm_supply_btc_daily,13618989.80231183,BTC,daily,OBM v0.1.0
2014-12-18,obm_supply_btc_daily,13622214.80231183,BTC,daily,OBM v0.1.0
2014-12-19,obm_supply_btc_daily,13625639.80231183,BTC,daily,OBM v0.1.0
2014-12-20,obm_supply_btc_daily,13628989.80231183,BTC,daily,OBM v0.1.0
2014-12-21,obm_supply_btc_daily,13632289.80231183,BTC,daily,OBM v0.1.0
2014-12-22,obm_supply_btc_daily,13636389.80231183,BTC,daily,OBM v0.1.0
2014-12-23,obm_supply_btc_daily,13640139.80231183,BTC,daily,OBM v0.1.0
2014-12-24,obm_supply_btc_daily,13643964.80231183,BTC,daily,OBM v0.1.0
2014-12-25,obm_supply_btc_daily,13647914.80231183,BTC,daily,OBM v0.1.0
2014-12-26,obm_supply_btc_daily,13651714.80231183,BTC,daily,OBM v0.1.0
2014-12-27,obm_supply_btc_daily,13655514.80231183,BTC,daily,OBM v0.1.0
2014-12-28,obm_supply_btc_daily,13659739.80231183,BTC,daily,OBM v0.1.0
2014-12-29,obm_supply_btc_daily,13663839.80231183,BTC,daily,OBM v0.1.0
2014-12-30,obm_supply_btc_daily,13667714.80231183,BTC,daily,OBM v0.1.0
2014-12-31,obm_supply_btc_daily,13671514.80231183,BTC,daily,OBM v0.1.0
2015-01-01,obm_supply_btc_daily,13675639.80231183,BTC,daily,OBM v0.1.0
2015-01-02,obm_supply_btc_daily,13679764.80231183,BTC,daily,OBM v0.1.0
2015-01-03,obm_supply_btc_daily,13683814.80231183,BTC,daily,OBM v0.1.0
2015-01-04,obm_supply_btc_daily,13688114.80231183,BTC,daily,OBM v0.1.0
2015-01-05,obm_supply_btc_daily,13692014.80231183,BTC,daily,OBM v0.1.0
2015-01-06,obm_supply_btc_daily,13695964.80231183,BTC,daily,OBM v0.1.0
2015-01-07,obm_supply_btc_daily,13699464.80231183,BTC,daily,OBM v0.1.0
2015-01-08,obm_supply_btc_daily,13703139.80231183,BTC,daily,OBM v0.1.0
2015-01-09,obm_supply_btc_daily,13706639.80231183,BTC,daily,OBM v0.1.0
2015-01-10,obm_supply_btc_daily,13710314.80231183,BTC,daily,OBM v0.1.0
2015-01-11,obm_supply_btc_daily,13714189.80231183,BTC,daily,OBM v0.1.0
2015-01-12,obm_supply_btc_daily,13717739.80231183,BTC,daily,OBM v0.1.0
2015-01-13,obm_supply_btc_daily,13720914.80231183,BTC,daily,OBM v0.1.0
2015-01-14,obm_supply_btc_daily,13724539.80231183,BTC,daily,OBM v0.1.0
2015-01-15,obm_supply_btc_daily,13728314.80231183,BTC,daily,OBM v0.1.0
2015-01-16,obm_supply_btc_daily,13731789.80231183,BTC,daily,OBM v0.1.0
2015-01-17,obm_supply_btc_daily,13735239.80231183,BTC,daily,OBM v0.1.0
2015-01-18,obm_supply_btc_daily,13739064.80231183,BTC,daily,OBM v0.1.0
2015-01-19,obm_supply_btc_daily,13742664.80231183,BTC,daily,OBM v0.1.0
2015-01-20,obm_supply_btc_daily,13745614.80231183,BTC,daily,OBM v0.1.0
2015-01-21,obm_supply_btc_daily,13749339.80231183,BTC,daily,OBM v0.1.0
2015-01-22,obm_supply_btc_daily,13752714.80231183,BTC,daily,OBM v0.1.0
2015-01-23,obm_supply_btc_daily,13755814.80231183,BTC,daily,OBM v0.1.0
2015-01-24,obm_supply_btc_daily,13758964.80231183,BTC,daily,OBM v0.1.0
2015-01-25,obm_supply_btc_daily,13762089.80231183,BTC,daily,OBM v0.1.0
2015-01-26,obm_supply_btc_daily,13765264.80231183,BTC,daily,OBM v0.1.0
2015-01-27,obm_supply_btc_daily,13768989.80231183,BTC,daily,OBM v0.1.0
2015-01-28,obm_supply_btc_daily,13773089.80231183,BTC,daily,OBM v0.1.0
2015-01-29,obm_supply_btc_daily,13777189.80231183,BTC,daily,OBM v0.1.0
2015-01-30,obm_supply_btc_daily,13780639.80231183,BTC,daily,OBM v0.1.0
2015-01-31,obm_supply_btc_daily,13784789.80231183,BTC,daily,OBM v0.1.0
2015-02-01,obm_supply_btc_daily,13788664.80231183,BTC,daily,OBM v0.1.0
2015-02-02,obm_supply_btc_daily,13792639.80231183,BTC,daily,OBM v0.1.0
2015-02-03,obm_supply_btc_daily,13795814.80231183,BTC,daily,OBM v0.1.0
2015-02-04,obm_supply_btc_daily,13799789.80231183,BTC,daily,OBM v0.1.0
2015-02-05,obm_supply_btc_daily,13803764.80231183,BTC,daily,OBM v0.1.0
2015-02-06,obm_supply_btc_daily,13808189.80231183,BTC,daily,OBM v0.1.0
2015-02-07,obm_supply_btc_daily,13812164.80231183,BTC,daily,OBM v0.1.0
2015-02-08,obm_supply_btc_daily,13815464.80231183,BTC,daily,OBM v0.1.0
2015-02-09,obm_supply_btc_daily,13819489.80231183,BTC,daily,OBM v0.1.0
2015-02-10,obm_supply_btc_daily,13823089.80231183,BTC,daily,OBM v0.1.0
2015-02-11,obm_supply_btc_daily,13827039.80231183,BTC,daily,OBM v0.1.0
2015-02-12,obm_supply_btc_daily,13830014.80231183,BTC,daily,OBM v0.1.0
2015-02-13,obm_supply_btc_daily,13833664.80231183,BTC,daily,OBM v0.1.0
2015-02-14,obm_supply_btc_daily,13837664.80231183,BTC,daily,OBM v0.1.0
2015-02-15,obm_supply_btc_daily,13841164.80231183,BTC,daily,OBM v0.1.0
2015-02-16,obm_supply_btc_daily,13845089.80231183,BTC,daily,OBM v0.1.0
2015-02-17,obm_supply_btc_daily,13848814.80231183,BTC,daily,OBM v0.1.0
2015-02-18,obm_supply_btc_daily,13852989.80231183,BTC,daily,OBM v0.1.0
2015-02-19,obm_supply_btc_daily,13857139.80231183,BTC,daily,OBM v0.1.0
2015-02-20,obm_supply_btc_daily,13861089.80231183,BTC,daily,OBM v0.1.0
2015-02-21,obm_supply_btc_daily,13864639.80231183,BTC,daily,OBM v0.1.0
2015-02-22,obm_supply_btc_daily,13868414.80231183,BTC,daily,OBM v0.1.0
2015-02-23,obm_supply_btc_daily,13871964.80231183,BTC,daily,OBM v0.1.0
2015-02-24,obm_supply_btc_daily,13875189.80231183,BTC,daily,OBM v0.1.0
2015-02-25,obm_supply_btc_daily,13879164.80231183,BTC,daily,OBM v0.1.0
2015-02-26,obm_supply_btc_daily,13882914.80231183,BTC,daily,OBM v0.1.0
2015-02-27,obm_supply_btc_daily,13886714.80231183,BTC,daily,OBM v0.1.0
2015-02-28,obm_supply_btc_daily,13890264.80231183,BTC,daily,OBM v0.1.0
2015-03-01,obm_supply_btc_daily,13893764.80231183,BTC,daily,OBM v0.1.0
2015-03-02,obm_supply_btc_daily,13897714.80231183,BTC,daily,OBM v0.1.0
2015-03-03,obm_supply_btc_daily,13901664.80231183,BTC,daily,OBM v0.1.0
2015-03-04,obm_supply_btc_daily,13905164.80231183,BTC,daily,OBM v0.1.0
2015-03-05,obm_supply_btc_daily,13908464.80231183,BTC,daily,OBM v0.1.0
2015-03-06,obm_supply_btc_daily,13912164.80231183,BTC,daily,OBM v0.1.0
2015-03-07,obm_supply_btc_daily,13915664.80231183,BTC,daily,OBM v0.1.0
2015-03-08,obm_supply_btc_daily,13919564.80231183,BTC,daily,OBM v0.1.0
2015-03-09,obm_supply_btc_daily,13923164.80231183,BTC,daily,OBM v0.1.0
2015-03-10,obm_supply_btc_daily,13926964.80231183,BTC,daily,OBM v0.1.0
2015-03-11,obm_supply_btc_daily,13930814.80231183,BTC,daily,OBM v0.1.0
2015-03-12,obm_supply_btc_daily,13934089.80231183,BTC,daily,OBM v0.1.0
2015-03-13,obm_supply_btc_daily,13937739.80231183,BTC,daily,OBM v0.1.0
2015-03-14,obm_supply_btc_daily,13941014.80231183,BTC,daily,OBM v0.1.0
2015-03-15,obm_supply_btc_daily,13944589.80231183,BTC,daily,OBM v0.1.0
2015-03-16,obm_supply_btc_daily,13948064.80231183,BTC,daily,OBM v0.1.0
2015-03-17,obm_supply_btc_daily,13951264.80231183,BTC,daily,OBM v0.1.0
2015-03-18,obm_supply_btc_daily,13955089.80231183,BTC,daily,OBM v0.1.0
2015-03-19,obm_supply_btc_daily,13958514.80231183,BTC,daily,OBM v0.1.0
2015-03-20,obm_supply_btc_daily,13961914.80231183,BTC,daily,OBM v0.1.0
2015-03-21,obm_supply_btc_daily,13965689.80231183,BTC,daily,OBM v0.1.0
2015-03-22,obm_supply_btc_daily,13969239.80231183,BTC,daily,OBM v0.1.0
2015-03-23,obm_supply_btc_daily,13972864.80231183,BTC,daily,OBM v0.1.0
2015-03-24,obm_supply_btc_daily,13977189.80231183,BTC,daily,OBM v0.1.0
2015-03-25,obm_supply_btc_daily,13981239.80231183,BTC,daily,OBM v0.1.0
2015-03-26,obm_supply_btc_daily,13984939.80231183,BTC,daily,OBM v0.1.0
2015-03-27,obm_supply_btc_daily,13989214.80231183,BTC,daily,OBM v0.1.0
2015-03-28,obm_supply_btc_daily,13992914.80231183,BTC,daily,OBM v0.1.0
2015-03-29,obm_supply_btc_daily,13996739.80231183,BTC,daily,OBM v0.1.0
2015-03-30,obm_supply_btc_daily,14000289.80231183,BTC,daily,OBM v0.1.0
2015-03-31,obm_supply_btc_daily,14004039.80231183,BTC,daily,OBM v0.1.0
2015-04-01,obm_supply_btc_daily,14007339.80231183,BTC,daily,OBM v0.1.0
2015-04-02,obm_supply_btc_daily,14011489.80231183,BTC,daily,OBM v0.1.0
2015-04-03,obm_supply_btc_daily,14015139.80231183,BTC,daily,OBM v0.1.0
2015-04-04,obm_supply_btc_daily,14018964.80231183,BTC,daily,OBM v0.1.0
2015-04-05,obm_supply_btc_daily,14022664.80231183,BTC,daily,OBM v0.1.0
2015-04-06,obm_supply_btc_daily,14025814.80231183,BTC,daily,OBM v0.1.0
2015-04-07,obm_supply_btc_daily,14029614.80231183,BTC,daily,OBM v0.1.0
2015-04-08,obm_supply_btc_daily,14032739.80231183,BTC,daily,OBM v0.1.0
2015-04-09,obm_supply_btc_daily,14036064.80231183,BTC,daily,OBM v0.1.0
2015-04-10,obm_supply_btc_daily,14039864.80231183,BTC,daily,OBM v0.1.0
2015-04-11,obm_supply_btc_daily,14043364.80231183,BTC,daily,OBM v0.1.0
2015-04-12,obm_supply_btc_daily,14046564.80231183,BTC,daily,OBM v0.1.0
2015-04-13,obm_supply_btc_daily,14050464.80231183,BTC,daily,OBM v0.1.0
2015-04-14,obm_supply_btc_daily,14054189.80231183,BTC,daily,OBM v0.1.0
2015-04-15,obm_supply_btc_daily,14057239.80231183,BTC,daily,OBM v0.1.0
2015-04-16,obm_supply_btc_daily,14060689.80231183,BTC,daily,OBM v0.1.0
2015-04-17,obm_supply_btc_daily,14063839.80231183,BTC,daily,OBM v0.1.0
2015-04-18,obm_supply_btc_daily,14067489.80231183,BTC,daily,OBM v0.1.0
2015-04-19,obm_supply_btc_daily,14071114.80231183,BTC,daily,OBM v0.1.0
2015-04-20,obm_supply_btc_daily,14074964.80231183,BTC,daily,OBM v0.1.0
2015-04-21,obm_supply_btc_daily,14078789.80231183,BTC,daily,OBM v0.1.0
2015-04-22,obm_supply_btc_daily,14082589.80231183,BTC,daily,OBM v0.1.0
2015-04-23,obm_supply_btc_daily,14085839.80231183,BTC,daily,OBM v0.1.0
2015-04-24,obm_supply_btc_daily,14088939.80231183,BTC,daily,OBM v0.1.0
2015-04-25,obm_supply_btc_daily,14093014.80231183,BTC,daily,OBM v0.1.0
2015-04-26,obm_supply_btc_daily,14096614.80231183,BTC,daily,OBM v0.1.0
2015-04-27,obm_supply_btc_daily,14100039.80231183,BTC,daily,OBM v0.1.0
2015-04-28,obm_supply_btc_daily,14103864.80231183,BTC,daily,OBM v0.1.0
2015-04-29,obm_supply_btc_daily,14107039.80231183,BTC,daily,OBM v0.1.0
2015-04-30,obm_supply_btc_daily,14110389.80231183,BTC,daily,OBM v0.1.0
2015-05-01,obm_supply_btc_daily,14114089.80231183,BTC,daily,OBM v0.1.0
2015-05-02,obm_supply_btc_daily,14117764.80231183,BTC,daily,OBM v0.1.0
2015-05-03,obm_supply_btc_daily,14121289.80231183,BTC,daily,OBM v0.1.0
2015-05-04,obm_supply_btc_daily,14124489.80231183,BTC,daily,OBM v0.1.0
2015-05-05,obm_supply_btc_daily,14128339.80231183,BTC,daily,OBM v0.1.0
2015-05-06,obm_supply_btc_daily,14132364.80231183,BTC,daily,OBM v0.1.0
2015-05-07,obm_supply_btc_daily,14135889.80231183,BTC,daily,OBM v0.1.0
2015-05-08,obm_supply_btc_daily,14139639.80231183,BTC,daily,OBM v0.1.0
2015-05-09,obm_supply_btc_daily,14142864.80231183,BTC,daily,OBM v0.1.0
2015-05-10,obm_supply_btc_daily,14146089.80231183,BTC,daily,OBM v0.1.0
2015-05-11,obm_supply_btc_daily,14150039.80231183,BTC,daily,OBM v0.1.0
2015-05-12,obm_supply_btc_daily,14153789.80231183,BTC,daily,OBM v0.1.0
2015-05-13,obm_supply_btc_daily,14157839.80231183,BTC,daily,OBM v0.1.0
2015-05-14,obm_supply_btc_daily,14161689.80231183,BTC,daily,OBM v0.1.0
2015-05-15,obm_supply_btc_daily,14165364.80231183,BTC,daily,OBM v0.1.0
2015-05-16,obm_supply_btc_daily,14168664.80231183,BTC,daily,OBM v0.1.0
2015-05-17,obm_supply_btc_daily,14172939.80231183,BTC,daily,OBM v0.1.0
2015-05-18,obm_supply_btc_daily,14176539.80231183,BTC,daily,OBM v0.1.0
2015-05-19,obm_supply_btc_daily,14179789.80231183,BTC,daily,OBM v0.1.0
2015-05-20,obm_supply_btc_daily,14183414.80231183,BTC,daily,OBM v0.1.0
2015-05-21,obm_supply_btc_daily,14187289.80231183,BTC,daily,OBM v0.1.0
2015-05-22,obm_supply_btc_daily,14190739.80231183,BTC,daily,OBM v0.1.0
2015-05-23,obm_supply_btc_daily,14193539.80231183,BTC,daily,OBM v0.1.0
2015-05-24,obm_supply_btc_daily,14197189.80231183,BTC,daily,OBM v0.1.0
2015-05-25,obm_supply_btc_daily,14200714.80231183,BTC,daily,OBM v0.1.0
2015-05-26,obm_supply_btc_daily,14204314.80231183,BTC,daily,OBM v0.1.0
2015-05-27,obm_supply_btc_daily,14207764.80231183,BTC,daily,OBM v0.1.0
2015-05-28,obm_supply_btc_daily,14211064.80231183,BTC,daily,OBM v0.1.0
2015-05-29,obm_supply_btc_daily,14214914.80231183,BTC,daily,OBM v0.1.0
2015-05-30,obm_supply_btc_daily,14218314.80231183,BTC,daily,OBM v0.1.0
2015-05-31,obm_supply_btc_daily,14222014.80231183,BTC,daily,OBM v0.1.0
2015-06-01,obm_supply_btc_daily,14225314.80231183,BTC,daily,OBM v0.1.0
2015-06-02,obm_supply_btc_daily,14229064.80231183,BTC,daily,OBM v0.1.0
2015-06-03,obm_supply_btc_daily,14232614.80231183,BTC,daily,OBM v0.1.0
2015-06-04,obm_supply_btc_daily,14236139.80231183,BTC,daily,OBM v0.1.0
2015-06-05,obm_supply_btc_daily,14239589.80231183,BTC,daily,OBM v0.1.0
2015-06-06,obm_supply_btc_daily,14244039.80231183,BTC,daily,OBM v0.1.0
2015-06-07,obm_supply_btc_daily,14247764.80231183,BTC,daily,OBM v0.1.0
2015-06-08,obm_supply_btc_daily,14251689.80231183,BTC,daily,OBM v0.1.0
2015-06-09,obm_supply_btc_daily,14255464.80231183,BTC,daily,OBM v0.1.0
2015-06-10,obm_supply_btc_daily,14259689.80231183,BTC,daily,OBM v0.1.0
2015-06-11,obm_supply_btc_daily,14263064.80231183,BTC,daily,OBM v0.1.0
2015-06-12,obm_supply_btc_daily,14266614.80231183,BTC,daily,OBM v0.1.0
2015-06-13,obm_supply_btc_daily,14270589.80231183,BTC,daily,OBM v0.1.0
2015-06-14,obm_supply_btc_daily,14274289.80231183,BTC,daily,OBM v0.1.0
2015-06-15,obm_supply_btc_daily,14277889.80231183,BTC,daily,OBM v0.1.0
2015-06-16,obm_supply_btc_daily,14280839.80231183,BTC,daily,OBM v0.1.0
2015-06-17,obm_supply_btc_daily,14284789.80231183,BTC,daily,OBM v0.1.0
2015-06-18,obm_supply_btc_daily,14288689.80231183,BTC,daily,OBM v0.1.0
2015-06-19,obm_supply_btc_daily,14292364.80231183,BTC,daily,OBM v0.1.0
2015-06-20,obm_supply_btc_daily,14295714.80231183,BTC,daily,OBM v0.1.0
2015-06-21,obm_supply_btc_daily,14298814.80231183,BTC,daily,OBM v0.1.0
2015-06-22,obm_supply_btc_daily,14302639.80231183,BTC,daily,OBM v0.1.0
2015-06-23,obm_supply_btc_daily,14306139.80231183,BTC,daily,OBM v0.1.0
2015-06-24,obm_supply_btc_daily,14310039.80231183,BTC,daily,OBM v0.1.0
2015-06-25,obm_supply_btc_daily,14313839.80231183,BTC,daily,OBM v0.1.0
2015-06-26,obm_supply_btc_daily,14317689.80231183,BTC,daily,OBM v0.1.0
2015-06-27,obm_supply_btc_daily,14320914.80231183,BTC,daily,OBM v0.1.0
2015-06-28,obm_supply_btc_daily,14324439.80231183,BTC,daily,OBM v0.1.0
2015-06-29,obm_supply_btc_daily,14327939.80231183,BTC,daily,OBM v0.1.0
2015-06-30,obm_supply_btc_daily,14331564.80231183,BTC,daily,OBM v0.1.0
2015-07-01,obm_supply_btc_daily,14334939.80231183,BTC,daily,OBM v0.1.0
2015-07-02,obm_supply_btc_daily,14338789.80231183,BTC,daily,OBM v0.1.0
2015-07-03,obm_supply_btc_daily,14342814.80231183,BTC,daily,OBM v0.1.0
2015-07-04,obm_supply_btc_daily,14346614.80231183,BTC,daily,OBM v0.1.0
2015-07-05,obm_supply_btc_daily,14350164.80231183,BTC,daily,OBM v0.1.0
2015-07-06,obm_supply_btc_daily,14354689.80231183,BTC,daily,OBM v0.1.0
2015-07-07,obm_supply_btc_daily,14358039.80231183,BTC,daily,OBM v0.1.0
2015-07-08,obm_supply_btc_daily,14362064.80231183,BTC,daily,OBM v0.1.0
2015-07-09,obm_supply_btc_daily,14365389.80231183,BTC,daily,OBM v0.1.0
2015-07-10,obm_supply_btc_daily,14369239.80231183,BTC,daily,OBM v0.1.0
2015-07-11,obm_supply_btc_daily,14372939.80231183,BTC,daily,OBM v0.1.0
2015-07-12,obm_supply_btc_daily,14376314.80231183,BTC,daily,OBM v0.1.0
2015-07-13,obm_supply_btc_daily,14380014.80231183,BTC,daily,OBM v0.1.0
2015-07-14,obm_supply_btc_daily,14383614.80231183,BTC,daily,OBM v0.1.0
2015-07-15,obm_supply_btc_daily,14387439.80231183,BTC,daily,OBM v0.1.0
2015-07-16,obm_supply_btc_daily,14390789.80231183,BTC,daily,OBM v0.1.0
2015-07-17,obm_supply_btc_daily,14394464.80231183,BTC,daily,OBM v0.1.0
2015-07-18,obm_supply_btc_daily,14398189.80231183,BTC,daily,OBM v0.1.0
2015-07-19,obm_supply_btc_daily,14401989.80231183,BTC,daily,OBM v0.1.0
2015-07-20,obm_supply_btc_daily,14405889.80231183,BTC,daily,OBM v0.1.0
2015-07-21,obm_supply_btc_daily,14409064.80231183,BTC,daily,OBM v0.1.0
2015-07-22,obm_supply_btc_daily,14412914.80231183,BTC,daily,OBM v0.1.0
2015-07-23,obm_supply_btc_daily,14416414.80231183,BTC,daily,OBM v0.1.0
2015-07-24,obm_supply_btc_daily,14420639.80231183,BTC,daily,OBM v0.1.0
2015-07-25,obm_supply_btc_daily,14424489.80231183,BTC,daily,OBM v0.1.0
2015-07-26,obm_supply_btc_daily,14428089.80231183,BTC,daily,OBM v0.1.0
2015-07-27,obm_supply_btc_daily,14431814.80231183,BTC,daily,OBM v0.1.0
2015-07-28,obm_supply_btc_daily,14435214.80231183,BTC,daily,OBM v0.1.0
2015-07-29,obm_supply_btc_daily,14439014.80231183,BTC,daily,OBM v0.1.0
2015-07-30,obm_supply_btc_daily,14442364.80231183,BTC,daily,OBM v0.1.0
2015-07-31,obm_supply_btc_daily,14446139.80231183,BTC,daily,OBM v0.1.0
2015-08-01,obm_supply_btc_daily,14450014.80231183,BTC,daily,OBM v0.1.0
2015-08-02,obm_supply_btc_daily,14453789.80231183,BTC,daily,OBM v0.1.0
2015-08-03,obm_supply_btc_daily,14457714.80231183,BTC,daily,OBM v0.1.0
2015-08-04,obm_supply_btc_daily,14461114.80231183,BTC,daily,OBM v0.1.0
2015-08-05,obm_supply_btc_daily,14464439.80231183,BTC,daily,OBM v0.1.0
2015-08-06,obm_supply_btc_daily,14468014.80231183,BTC,daily,OBM v0.1.0
2015-08-07,obm_supply_btc_daily,14471439.80231183,BTC,daily,OBM v0.1.0
2015-08-08,obm_supply_btc_daily,14475464.80231183,BTC,daily,OBM v0.1.0
2015-08-09,obm_supply_btc_daily,14479014.80231183,BTC,daily,OBM v0.1.0
2015-08-10,obm_supply_btc_daily,14483189.80231183,BTC,daily,OBM v0.1.0
2015-08-11,obm_supply_btc_daily,14487239.80231183,BTC,daily,OBM v0.1.0
2015-08-12,obm_supply_btc_daily,14490389.80231183,BTC,daily,OBM v0.1.0
2015-08-13,obm_supply_btc_daily,14494064.80231183,BTC,daily,OBM v0.1.0
2015-08-14,obm_supply_btc_daily,14497614.80231183,BTC,daily,OBM v0.1.0
2015-08-15,obm_supply_btc_daily,14501039.80231182,BTC,daily,OBM v0.1.0
2015-08-16,obm_supply_btc_daily,14504489.80231182,BTC,daily,OBM v0.1.0
2015-08-17,obm_supply_btc_daily,14508164.80231182,BTC,daily,OBM v0.1.0
2015-08-18,obm_supply_btc_daily,14511689.80231182,BTC,daily,OBM v0.1.0
2015-08-19,obm_supply_btc_daily,14515589.80231182,BTC,daily,OBM v0.1.0
2015-08-20,obm_supply_btc_daily,14519339.80231182,BTC,daily,OBM v0.1.0
2015-08-21,obm_supply_btc_daily,14523464.80231182,BTC,daily,OBM v0.1.0
2015-08-22,obm_supply_btc_daily,14527414.80231182,BTC,daily,OBM v0.1.0
2015-08-23,obm_supply_btc_daily,14530764.80231182,BTC,daily,OBM v0.1.0
2015-08-24,obm_supply_btc_daily,14534639.80231182,BTC,daily,OBM v0.1.0
2015-08-25,obm_supply_btc_daily,14538014.80231182,BTC,daily,OBM v0.1.0
2015-08-26,obm_supply_btc_daily,14542039.80231182,BTC,daily,OBM v0.1.0
2015-08-27,obm_supply_btc_daily,14545464.80231182,BTC,daily,OBM v0.1.0
2015-08-28,obm_supply_btc_daily,14549339.80231182,BTC,daily,OBM v0.1.0
2015-08-29,obm_supply_btc_daily,14553339.80231182,BTC,daily,OBM v0.1.0
2015-08-30,obm_supply_btc_daily,14557089.80231182,BTC,daily,OBM v0.1.0
2015-08-31,obm_supply_btc_daily,14561014.80231182,BTC,daily,OBM v0.1.0
2015-09-01,obm_supply_btc_daily,14564864.80231182,BTC,daily,OBM v0.1.0
2015-09-02,obm_supply_btc_daily,14568864.80231182,BTC,daily,OBM v0.1.0
2015-09-03,obm_supply_btc_daily,14572514.80231182,BTC,daily,OBM v0.1.0
2015-09-04,obm_supply_btc_daily,14576414.80231182,BTC,daily,OBM v0.1.0
2015-09-05,obm_supply_btc_daily,14580089.80231182,BTC,daily,OBM v0.1.0
2015-09-06,obm_supply_btc_daily,14583689.80231182,BTC,daily,OBM v0.1.0
2015-09-07,obm_supply_btc_daily,14587489.80231182,BTC,daily,OBM v0.1.0
2015-09-08,obm_supply_btc_daily,14590889.80231182,BTC,daily,OBM v0.1.0
2015-09-09,obm_supply_btc_daily,14594614.80231182,BTC,daily,OBM v0.1.0
2015-09-10,obm_supply_btc_daily,14598889.80231182,BTC,daily,OBM v0.1.0
2015-09-11,obm_supply_btc_daily,14602839.80231182,BTC,daily,OBM v0.1.0
2015-09-12,obm_supply_btc_daily,14606214.80231182,BTC,daily,OBM v0.1.0
2015-09-13,obm_supply_btc_daily,14609989.80231182,BTC,daily,OBM v0.1.0
2015-09-14,obm_supply_btc_daily,14613789.80231182,BTC,daily,OBM v0.1.0
2015-09-15,obm_supply_btc_daily,14617789.80231182,BTC,daily,OBM v0.1.0
2015-09-16,obm_supply_btc_daily,14621339.80231182,BTC,daily,OBM v0.1.0
2015-09-17,obm_supply_btc_daily,14624939.80231182,BTC,daily,OBM v0.1.0
2015-09-18,obm_supply_btc_daily,14628614.80231182,BTC,daily,OBM v0.1.0
2015-09-19,obm_supply_btc_daily,14631739.80231182,BTC,daily,OBM v0.1.0
2015-09-20,obm_supply_btc_daily,14634939.80231182,BTC,daily,OBM v0.1.0
2015-09-21,obm_supply_btc_daily,14638239.80231182,BTC,daily,OBM v0.1.0
2015-09-22,obm_supply_btc_daily,14642164.80231182,BTC,daily,OBM v0.1.0
2015-09-23,obm_supply_btc_daily,14646114.80231182,BTC,daily,OBM v0.1.0
2015-09-24,obm_supply_btc_daily,14649614.80231182,BTC,daily,OBM v0.1.0
2015-09-25,obm_supply_btc_daily,14653714.80231182,BTC,daily,OBM v0.1.0
2015-09-26,obm_supply_btc_daily,14657389.80231182,BTC,daily,OBM v0.1.0
2015-09-27,obm_supply_btc_daily,14661114.80231182,BTC,daily,OBM v0.1.0
2015-09-28,obm_supply_btc_daily,14664689.80231182,BTC,daily,OBM v0.1.0
2015-09-29,obm_supply_btc_daily,14669039.80231182,BTC,daily,OBM v0.1.0
2015-09-30,obm_supply_btc_daily,14672739.80231182,BTC,daily,OBM v0.1.0
2015-10-01,obm_supply_btc_daily,14676464.80231182,BTC,daily,OBM v0.1.0
2015-10-02,obm_supply_btc_daily,14679914.80231182,BTC,daily,OBM v0.1.0
2015-10-03,obm_supply_btc_daily,14683539.80231182,BTC,daily,OBM v0.1.0
2015-10-04,obm_supply_btc_daily,14687364.80231182,BTC,daily,OBM v0.1.0
2015-10-05,obm_supply_btc_daily,14691189.80231182,BTC,daily,OBM v0.1.0
2015-10-06,obm_supply_btc_daily,14694739.80231182,BTC,daily,OBM v0.1.0
2015-10-07,obm_supply_btc_daily,14698064.80231182,BTC,daily,OBM v0.1.0
2015-10-08,obm_supply_btc_daily,14701564.80231182,BTC,daily,OBM v0.1.0
2015-10-09,obm_supply_btc_daily,14704714.80231182,BTC,daily,OBM v0.1.0
2015-10-10,obm_supply_btc_daily,14708714.80231182,BTC,daily,OBM v0.1.0
2015-10-11,obm_supply_btc_daily,14712364.80231182,BTC,daily,OBM v0.1.0
2015-10-12,obm_supply_btc_daily,14715914.80231182,BTC,daily,OBM v0.1.0
2015-10-13,obm_supply_btc_daily,14719339.80231182,BTC,daily,OBM v0.1.0
2015-10-14,obm_supply_btc_daily,14723139.80231182,BTC,daily,OBM v0.1.0
2015-10-15,obm_supply_btc_daily,14727289.80231182,BTC,daily,OBM v0.1.0
2015-10-16,obm_supply_btc_daily,14730889.80231182,BTC,daily,OBM v0.1.0
2015-10-17,obm_supply_btc_daily,14734289.80231182,BTC,daily,OBM v0.1.0
2015-10-18,obm_supply_btc_daily,14737914.80231182,BTC,daily,OBM v0.1.0
2015-10-19,obm_supply_btc_daily,14742039.80231182,BTC,daily,OBM v0.1.0
2015-10-20,obm_supply_btc_daily,14745239.80231182,BTC,daily,OBM v0.1.0
2015-10-21,obm_supply_btc_daily,14748839.80231182,BTC,daily,OBM v0.1.0
2015-10-22,obm_supply_btc_daily,14752539.80231182,BTC,daily,OBM v0.1.0
2015-10-23,obm_supply_btc_daily,14756264.80231182,BTC,daily,OBM v0.1.0
2015-10-24,obm_supply_btc_daily,14759889.80231182,BTC,daily,OBM v0.1.0
2015-10-25,obm_supply_btc_daily,14763764.80231182,BTC,daily,OBM v0.1.0
2015-10-26,obm_supply_btc_daily,14767864.80231182,BTC,daily,OBM v0.1.0
2015-10-27,obm_supply_btc_daily,14771539.80231182,BTC,daily,OBM v0.1.0
2015-10-28,obm_supply_btc_daily,14775014.80231182,BTC,daily,OBM v0.1.0
2015-10-29,obm_supply_btc_daily,14778789.80231182,BTC,daily,OBM v0.1.0
2015-10-30,obm_supply_btc_daily,14783064.80231182,BTC,daily,OBM v0.1.0
2015-10-31,obm_supply_btc_daily,14786739.80231182,BTC,daily,OBM v0.1.0
2015-11-01,obm_supply_btc_daily,14790564.80231182,BTC,daily,OBM v0.1.0
2015-11-02,obm_supply_btc_daily,14794389.80231182,BTC,daily,OBM v0.1.0
2015-11-03,obm_supply_btc_daily,14798264.80231182,BTC,daily,OBM v0.1.0
2015-11-04,obm_supply_btc_daily,14802139.80231182,BTC,daily,OBM v0.1.0
2015-11-05,obm_supply_btc_daily,14805789.80231182,BTC,daily,OBM v0.1.0
2015-11-06,obm_supply_btc_daily,14809414.80231182,BTC,daily,OBM v0.1.0
2015-11-07,obm_supply_btc_daily,14813214.80231182,BTC,daily,OBM v0.1.0
2015-11-08,obm_supply_btc_daily,14816689.80231182,BTC,daily,OBM v0.1.0
2015-11-09,obm_supply_btc_daily,14820414.80231182,BTC,daily,OBM v0.1.0
2015-11-10,obm_supply_btc_daily,14824064.80231182,BTC,daily,OBM v0.1.0
2015-11-11,obm_supply_btc_daily,14828264.80231182,BTC,daily,OBM v0.1.0
2015-11-12,obm_supply_btc_daily,14832289.80231182,BTC,daily,OBM v0.1.0
2015-11-13,obm_supply_btc_daily,14836289.80231182,BTC,daily,OBM v0.1.0
2015-11-14,obm_supply_btc_daily,14839839.80231182,BTC,daily,OBM v0.1.0
2015-11-15,obm_supply_btc_daily,14843839.80231182,BTC,daily,OBM v0.1.0
2015-11-16,obm_supply_btc_daily,14848164.80231182,BTC,daily,OBM v0.1.0
2015-11-17,obm_supply_btc_daily,14851889.80231182,BTC,daily,OBM v0.1.0
2015-11-18,obm_supply_btc_daily,14855714.80231182,BTC,daily,OBM v0.1.0
2015-11-19,obm_supply_btc_daily,14859114.80231182,BTC,daily,OBM v0.1.0
2015-11-20,obm_supply_btc_daily,14863289.80231182,BTC,daily,OBM v0.1.0
2015-11-21,obm_supply_btc_daily,14867639.80231182,BTC,daily,OBM v0.1.0
2015-11-22,obm_supply_btc_daily,14871939.80231182,BTC,daily,OBM v0.1.0
2015-11-23,obm_supply_btc_daily,14876014.80231182,BTC,daily,OBM v0.1.0
2015-11-24,obm_supply_btc_daily,14879914.80231182,BTC,daily,OBM v0.1.0
2015-11-25,obm_supply_btc_daily,14883614.80231182,BTC,daily,OBM v0.1.0
2015-11-26,obm_supply_btc_daily,14888014.80231182,BTC,daily,OBM v0.1.0
2015-11-27,obm_supply_btc_daily,14891339.80231182,BTC,daily,OBM v0.1.0
2015-11-28,obm_supply_btc_daily,14895189.80231182,BTC,daily,OBM v0.1.0
2015-11-29,obm_supply_btc_daily,14898914.80231182,BTC,daily,OBM v0.1.0
2015-11-30,obm_supply_btc_daily,14902964.80231182,BTC,daily,OBM v0.1.0
2015-12-01,obm_supply_btc_daily,14907139.80231182,BTC,daily,OBM v0.1.0
2015-12-02,obm_supply_btc_daily,14911164.80231182,BTC,daily,OBM v0.1.0
2015-12-03,obm_supply_btc_daily,14914714.80231182,BTC,daily,OBM v0.1.0
2015-12-04,obm_supply_btc_daily,14918539.80231182,BTC,daily,OBM v0.1.0
2015-12-05,obm_supply_btc_daily,14922914.80231182,BTC,daily,OBM v0.1.0
2015-12-06,obm_supply_btc_daily,14926889.80231182,BTC,daily,OBM v0.1.0
2015-12-07,obm_supply_btc_daily,14930564.80231182,BTC,daily,OBM v0.1.0
2015-12-08,obm_supply_btc_daily,14934939.80231182,BTC,daily,OBM v0.1.0
2015-12-09,obm_supply_btc_daily,14939139.80231182,BTC,daily,OBM v0.1.0
2015-12-10,obm_supply_btc_daily,14944539.80231182,BTC,daily,OBM v0.1.0
2015-12-11,obm_supply_btc_daily,14948539.80231182,BTC,daily,OBM v0.1.0
2015-12-12,obm_supply_btc_daily,14952589.80231182,BTC,daily,OBM v0.1.0
2015-12-13,obm_supply_btc_daily,14956139.80231182,BTC,daily,OBM v0.1.0
2015-12-14,obm_supply_btc_daily,14961014.80231182,BTC,daily,OBM v0.1.0
2015-12-15,obm_supply_btc_daily,14965589.80231182,BTC,daily,OBM v0.1.0
2015-12-16,obm_supply_btc_daily,14969664.80231182,BTC,daily,OBM v0.1.0
2015-12-17,obm_supply_btc_daily,14973539.80231182,BTC,daily,OBM v0.1.0
2015-12-18,obm_supply_btc_daily,14977764.80231182,BTC,daily,OBM v0.1.0
2015-12-19,obm_supply_btc_daily,14981689.80231182,BTC,daily,OBM v0.1.0
2015-12-20,obm_supply_btc_daily,14985814.80231182,BTC,daily,OBM v0.1.0
2015-12-21,obm_supply_btc_daily,14989539.80231182,BTC,daily,OBM v0.1.0
2015-12-22,obm_supply_btc_daily,14993289.80231182,BTC,daily,OBM v0.1.0
2015-12-23,obm_supply_btc_daily,14997214.80231182,BTC,daily,OBM v0.1.0
2015-12-24,obm_supply_btc_daily,15000664.80231182,BTC,daily,OBM v0.1.0
2015-12-25,obm_supply_btc_daily,15004714.80231182,BTC,daily,OBM v0.1.0
2015-12-26,obm_supply_btc_daily,15008989.80231182,BTC,daily,OBM v0.1.0
2015-12-27,obm_supply_btc_daily,15014114.80231182,BTC,daily,OBM v0.1.0
2015-12-28,obm_supply_btc_daily,15017889.80231182,BTC,daily,OBM v0.1.0
2015-12-29,obm_supply_btc_daily,15021864.80231182,BTC,daily,OBM v0.1.0
2015-12-30,obm_supply_btc_daily,15025989.80231182,BTC,daily,OBM v0.1.0
2015-12-31,obm_supply_btc_daily,15029539.80231182,BTC,daily,OBM v0.1.0
2016-01-01,obm_supply_btc_daily,15032914.80231182,BTC,daily,OBM v0.1.0
2016-01-02,obm_supply_btc_daily,15036539.80231182,BTC,daily,OBM v0.1.0
2016-01-03,obm_supply_btc_daily,15040164.80231182,BTC,daily,OBM v0.1.0
2016-01-04,obm_supply_btc_daily,15044689.80231182,BTC,daily,OBM v0.1.0
2016-01-05,obm_supply_btc_daily,15048614.80231182,BTC,daily,OBM v0.1.0
2016-01-06,obm_supply_btc_daily,15052139.80231182,BTC,daily,OBM v0.1.0
2016-01-07,obm_supply_btc_daily,15055814.80231182,BTC,daily,OBM v0.1.0
2016-01-08,obm_supply_btc_daily,15060139.80231182,BTC,daily,OBM v0.1.0
2016-01-09,obm_supply_btc_daily,15063914.80231182,BTC,daily,OBM v0.1.0
2016-01-10,obm_supply_btc_daily,15068289.80231182,BTC,daily,OBM v0.1.0
2016-01-11,obm_supply_btc_daily,15072539.80231182,BTC,daily,OBM v0.1.0
2016-01-12,obm_supply_btc_daily,15076789.80231182,BTC,daily,OBM v0.1.0
2016-01-13,obm_supply_btc_daily,15080489.80231182,BTC,daily,OBM v0.1.0
2016-01-14,obm_supply_btc_daily,15083814.80231182,BTC,daily,OBM v0.1.0
2016-01-15,obm_supply_btc_daily,15086864.80231182,BTC,daily,OBM v0.1.0
2016-01-16,obm_supply_btc_daily,15090414.80231182,BTC,daily,OBM v0.1.0
2016-01-17,obm_supply_btc_daily,15094189.80231182,BTC,daily,OBM v0.1.0
2016-01-18,obm_supply_btc_daily,15098514.80231182,BTC,daily,OBM v0.1.0
2016-01-19,obm_supply_btc_daily,15101839.80231182,BTC,daily,OBM v0.1.0
2016-01-20,obm_supply_btc_daily,15105639.80231182,BTC,daily,OBM v0.1.0
2016-01-21,obm_supply_btc_daily,15109064.80231182,BTC,daily,OBM v0.1.0
2016-01-22,obm_supply_btc_daily,15113464.80231182,BTC,daily,OBM v0.1.0
2016-01-23,obm_supply_btc_daily,15117939.80231182,BTC,daily,OBM v0.1.0
2016-01-24,obm_supply_btc_daily,15122214.80231182,BTC,daily,OBM v0.1.0
2016-01-25,obm_supply_btc_daily,15126264.80231182,BTC,daily,OBM v0.1.0
2016-01-26,obm_supply_btc_daily,15130264.80231182,BTC,daily,OBM v0.1.0
2016-01-27,obm_supply_btc_daily,15134139.80231182,BTC,daily,OBM v0.1.0
2016-01-28,obm_supply_btc_daily,15137789.80231182,BTC,daily,OBM v0.1.0
2016-01-29,obm_supply_btc_daily,15142014.80231182,BTC,daily,OBM v0.1.0
2016-01-30,obm_supply_btc_daily,15146689.80231182,BTC,daily,OBM v0.1.0
2016-01-31,obm_supply_btc_daily,15151214.80231182,BTC,daily,OBM v0.1.0
2016-02-01,obm_supply_btc_daily,15155239.80231182,BTC,daily,OBM v0.1.0
2016-02-02,obm_supply_btc_daily,15159739.80231182,BTC,daily,OBM v0.1.0
2016-02-03,obm_supply_btc_daily,15164214.80231182,BTC,daily,OBM v0.1.0
2016-02-04,obm_supply_btc_daily,15168414.80231182,BTC,daily,OBM v0.1.0
2016-02-05,obm_supply_btc_daily,15173114.80231182,BTC,daily,OBM v0.1.0
2016-02-06,obm_supply_btc_daily,15178114.80231182,BTC,daily,OBM v0.1.0
2016-02-07,obm_supply_btc_daily,15182514.80231182,BTC,daily,OBM v0.1.0
2016-02-08,obm_supply_btc_daily,15186214.80231182,BTC,daily,OBM v0.1.0
2016-02-09,obm_supply_btc_daily,15190614.80231182,BTC,daily,OBM v0.1.0
2016-02-10,obm_supply_btc_daily,15194714.80231182,BTC,daily,OBM v0.1.0
2016-02-11,obm_supply_btc_daily,15199514.80231182,BTC,daily,OBM v0.1.0
2016-02-12,obm_supply_btc_daily,15203789.80231182,BTC,daily,OBM v0.1.0
2016-02-13,obm_supply_btc_daily,15207689.80231182,BTC,daily,OBM v0.1.0
2016-02-14,obm_supply_btc_daily,15211839.80231182,BTC,daily,OBM v0.1.0
2016-02-15,obm_supply_btc_daily,15215639.80231182,BTC,daily,OBM v0.1.0
2016-02-16,obm_supply_btc_daily,15219089.80231182,BTC,daily,OBM v0.1.0
2016-02-17,obm_supply_btc_daily,15222964.80231182,BTC,daily,OBM v0.1.0
2016-02-18,obm_supply_btc_daily,15227189.80231182,BTC,daily,OBM v0.1.0
2016-02-19,obm_supply_btc_daily,15230814.80231182,BTC,daily,OBM v0.1.0
2016-02-20,obm_supply_btc_daily,15234564.80231182,BTC,daily,OBM v0.1.0
2016-02-21,obm_supply_btc_daily,15237764.80231182,BTC,daily,OBM v0.1.0
2016-02-22,obm_supply_btc_daily,15240939.80231182,BTC,daily,OBM v0.1.0
2016-02-23,obm_supply_btc_daily,15244339.80231182,BTC,daily,OBM v0.1.0
2016-02-24,obm_supply_btc_daily,15247289.80231182,BTC,daily,OBM v0.1.0
2016-02-25,obm_supply_btc_daily,15251164.80231182,BTC,daily,OBM v0.1.0
2016-02-26,obm_supply_btc_daily,15254664.80231182,BTC,daily,OBM v0.1.0
2016-02-27,obm_supply_btc_daily,15258339.80231182,BTC,daily,OBM v0.1.0
2016-02-28,obm_supply_btc_daily,15261689.80231182,BTC,daily,OBM v0.1.0
2016-02-29,obm_supply_btc_daily,15265014.80231182,BTC,daily,OBM v0.1.0
2016-03-01,obm_supply_btc_daily,15268539.80231182,BTC,daily,OBM v0.1.0
2016-03-02,obm_supply_btc_daily,15272464.80231182,BTC,daily,OBM v0.1.0
2016-03-03,obm_supply_btc_daily,15275839.80231182,BTC,daily,OBM v0.1.0
2016-03-04,obm_supply_btc_daily,15279714.80231182,BTC,daily,OBM v0.1.0
2016-03-05,obm_supply_btc_daily,15283464.80231182,BTC,daily,OBM v0.1.0
2016-03-06,obm_supply_btc_daily,15287164.80231182,BTC,daily,OBM v0.1.0
2016-03-07,obm_supply_btc_daily,15290489.80231182,BTC,daily,OBM v0.1.0
2016-03-08,obm_supply_btc_daily,15294339.80231182,BTC,daily,OBM v0.1.0
2016-03-09,obm_supply_btc_daily,15298539.80231182,BTC,daily,OBM v0.1.0
2016-03-10,obm_supply_btc_daily,15302414.80231182,BTC,daily,OBM v0.1.0
2016-03-11,obm_supply_btc_daily,15306414.80231182,BTC,daily,OBM v0.1.0
2016-03-12,obm_supply_btc_daily,15310014.80231182,BTC,daily,OBM v0.1.0
2016-03-13,obm_supply_btc_daily,15313339.80231182,BTC,daily,OBM v0.1.0
2016-03-14,obm_supply_btc_daily,15317139.80231182,BTC,daily,OBM v0.1.0
2016-03-15,obm_supply_btc_daily,15321164.80231182,BTC,daily,OBM v0.1.0
2016-03-16,obm_supply_btc_daily,15324964.80231182,BTC,daily,OBM v0.1.0
2016-03-17,obm_supply_btc_daily,15328489.80231182,BTC,daily,OBM v0.1.0
2016-03-18,obm_supply_btc_daily,15331889.80231182,BTC,daily,OBM v0.1.0
2016-03-19,obm_supply_btc_daily,15335289.80231182,BTC,daily,OBM v0.1.0
2016-03-20,obm_supply_btc_daily,15338939.80231182,BTC,daily,OBM v0.1.0
2016-03-21,obm_supply_btc_daily,15342414.80231182,BTC,daily,OBM v0.1.0
2016-03-22,obm_supply_btc_daily,15346114.80231182,BTC,daily,OBM v0.1.0
2016-03-23,obm_supply_btc_daily,15349839.80231182,BTC,daily,OBM v0.1.0
2016-03-24,obm_supply_btc_daily,15353514.80231182,BTC,daily,OBM v0.1.0
2016-03-25,obm_supply_btc_daily,15357164.80231182,BTC,daily,OBM v0.1.0
2016-03-26,obm_supply_btc_daily,15360989.80231182,BTC,daily,OBM v0.1.0
2016-03-27,obm_supply_btc_daily,15364514.80231182,BTC,daily,OBM v0.1.0
2016-03-28,obm_supply_btc_daily,15368764.79983957,BTC,daily,OBM v0.1.0
2016-03-29,obm_supply_btc_daily,15372689.79983957,BTC,daily,OBM v0.1.0
2016-03-30,obm_supply_btc_daily,15376364.79983957,BTC,daily,OBM v0.1.0
2016-03-31,obm_supply_btc_daily,15379464.79983957,BTC,daily,OBM v0.1.0
2016-04-01,obm_supply_btc_daily,15383289.79983957,BTC,daily,OBM v0.1.0
2016-04-02,obm_supply_btc_daily,15386764.79983957,BTC,daily,OBM v0.1.0
2016-04-03,obm_supply_btc_daily,15390314.79983957,BTC,daily,OBM v0.1.0
2016-04-04,obm_supply_btc_daily,15394464.79983957,BTC,daily,OBM v0.1.0
2016-04-05,obm_supply_btc_daily,15398339.79983957,BTC,daily,OBM v0.1.0
2016-04-06,obm_supply_btc_daily,15402264.79983957,BTC,daily,OBM v0.1.0
2016-04-07,obm_supply_btc_daily,15405739.79983957,BTC,daily,OBM v0.1.0
2016-04-08,obm_supply_btc_daily,15409339.79983957,BTC,daily,OBM v0.1.0
2016-04-09,obm_supply_btc_daily,15413389.79983957,BTC,daily,OBM v0.1.0
2016-04-10,obm_supply_btc_daily,15417714.79983957,BTC,daily,OBM v0.1.0
2016-04-11,obm_supply_btc_daily,15421539.79983957,BTC,daily,OBM v0.1.0
2016-04-12,obm_supply_btc_daily,15425239.79983957,BTC,daily,OBM v0.1.0
2016-04-13,obm_supply_btc_daily,15429339.79983957,BTC,daily,OBM v0.1.0
2016-04-14,obm_supply_btc_daily,15433439.79807881,BTC,daily,OBM v0.1.0
2016-04-15,obm_supply_btc_daily,15436914.79807881,BTC,daily,OBM v0.1.0
2016-04-16,obm_supply_btc_daily,15440364.79807881,BTC,daily,OBM v0.1.0
2016-04-17,obm_supply_btc_daily,15444314.79807881,BTC,daily,OBM v0.1.0
2016-04-18,obm_supply_btc_daily,15447664.79807881,BTC,daily,OBM v0.1.0
2016-04-19,obm_supply_btc_daily,15451414.79807881,BTC,daily,OBM v0.1.0
2016-04-20,obm_supply_btc_daily,15455539.79807881,BTC,daily,OBM v0.1.0
2016-04-21,obm_supply_btc_daily,15459314.79807881,BTC,daily,OBM v0.1.0
2016-04-22,obm_supply_btc_daily,15462889.79807881,BTC,daily,OBM v0.1.0
2016-04-23,obm_supply_btc_daily,15466489.79807881,BTC,daily,OBM v0.1.0
2016-04-24,obm_supply_btc_daily,15469789.79807881,BTC,daily,OBM v0.1.0
2016-04-25,obm_supply_btc_daily,15472964.79807881,BTC,daily,OBM v0.1.0
2016-04-26,obm_supply_btc_daily,15476739.79725445,BTC,daily,OBM v0.1.0
2016-04-27,obm_supply_btc_daily,15479964.79725445,BTC,daily,OBM v0.1.0
2016-04-28,obm_supply_btc_daily,15483339.79725445,BTC,daily,OBM v0.1.0
2016-04-29,obm_supply_btc_daily,15487289.79725445,BTC,daily,OBM v0.1.0
2016-04-30,obm_supply_btc_daily,15490939.79725445,BTC,daily,OBM v0.1.0
2016-05-01,obm_supply_btc_daily,15494814.79725445,BTC,daily,OBM v0.1.0
2016-05-02,obm_supply_btc_daily,15498739.79725445,BTC,daily,OBM v0.1.0
2016-05-03,obm_supply_btc_daily,15502514.79725445,BTC,daily,OBM v0.1.0
2016-05-04,obm_supply_btc_daily,15506689.79530316,BTC,daily,OBM v0.1.0
2016-05-05,obm_supply_btc_daily,15510564.79530316,BTC,daily,OBM v0.1.0
2016-05-06,obm_supply_btc_daily,15514614.79530316,BTC,daily,OBM v0.1.0
2016-05-07,obm_supply_btc_daily,15518364.79530316,BTC,daily,OBM v0.1.0
2016-05-08,obm_supply_btc_daily,15522564.79530316,BTC,daily,OBM v0.1.0
2016-05-09,obm_supply_btc_daily,15526839.79530316,BTC,daily,OBM v0.1.0
2016-05-10,obm_supply_btc_daily,15530789.79530316,BTC,daily,OBM v0.1.0
2016-05-11,obm_supply_btc_daily,15534114.79530316,BTC,daily,OBM v0.1.0
2016-05-12,obm_supply_btc_daily,15537589.79530316,BTC,daily,OBM v0.1.0
2016-05-13,obm_supply_btc_daily,15541389.79530316,BTC,daily,OBM v0.1.0
2016-05-14,obm_supply_btc_daily,15544989.79530316,BTC,daily,OBM v0.1.0
2016-05-15,obm_supply_btc_daily,15548464.79530316,BTC,daily,OBM v0.1.0
2016-05-16,obm_supply_btc_daily,15551989.79530316,BTC,daily,OBM v0.1.0
2016-05-17,obm_supply_btc_daily,15555514.79530316,BTC,daily,OBM v0.1.0
2016-05-18,obm_supply_btc_daily,15559339.79530316,BTC,daily,OBM v0.1.0
2016-05-19,obm_supply_btc_daily,15562339.79530316,BTC,daily,OBM v0.1.0
2016-05-20,obm_supply_btc_daily,15566064.79530316,BTC,daily,OBM v0.1.0
2016-05-21,obm_supply_btc_daily,15569589.79530316,BTC,daily,OBM v0.1.0
2016-05-22,obm_supply_btc_daily,15574189.79530316,BTC,daily,OBM v0.1.0
2016-05-23,obm_supply_btc_daily,15578689.79530316,BTC,daily,OBM v0.1.0
2016-05-24,obm_supply_btc_daily,15582364.79530316,BTC,daily,OBM v0.1.0
2016-05-25,obm_supply_btc_daily,15585814.79530316,BTC,daily,OBM v0.1.0
2016-05-26,obm_supply_btc_daily,15589189.79530316,BTC,daily,OBM v0.1.0
2016-05-27,obm_supply_btc_daily,15592664.79530316,BTC,daily,OBM v0.1.0
2016-05-28,obm_supply_btc_daily,15595989.79530316,BTC,daily,OBM v0.1.0
2016-05-29,obm_supply_btc_daily,15599664.79530316,BTC,daily,OBM v0.1.0
2016-05-30,obm_supply_btc_daily,15603264.79530316,BTC,daily,OBM v0.1.0
2016-05-31,obm_supply_btc_daily,15606439.79530316,BTC,daily,OBM v0.1.0
2016-06-01,obm_supply_btc_daily,15610014.79530316,BTC,daily,OBM v0.1.0
2016-06-02,obm_supply_btc_daily,15613464.79530316,BTC,daily,OBM v0.1.0
2016-06-03,obm_supply_btc_daily,15617014.79530316,BTC,daily,OBM v0.1.0
2016-06-04,obm_supply_btc_daily,15619989.79530316,BTC,daily,OBM v0.1.0
2016-06-05,obm_supply_btc_daily,15624239.79530316,BTC,daily,OBM v0.1.0
2016-06-06,obm_supply_btc_daily,15628489.79530316,BTC,daily,OBM v0.1.0
2016-06-07,obm_supply_btc_daily,15631989.79530316,BTC,daily,OBM v0.1.0
2016-06-08,obm_supply_btc_daily,15635589.79530316,BTC,daily,OBM v0.1.0
2016-06-09,obm_supply_btc_daily,15639714.79530316,BTC,daily,OBM v0.1.0
2016-06-10,obm_supply_btc_daily,15643314.79530316,BTC,daily,OBM v0.1.0
2016-06-11,obm_supply_btc_daily,15647214.79530316,BTC,daily,OBM v0.1.0
2016-06-12,obm_supply_btc_daily,15650864.79530316,BTC,daily,OBM v0.1.0
2016-06-13,obm_supply_btc_daily,15654889.79530316,BTC,daily,OBM v0.1.0
2016-06-14,obm_supply_btc_daily,15658189.79530316,BTC,daily,OBM v0.1.0
2016-06-15,obm_supply_btc_daily,15661989.79530316,BTC,daily,OBM v0.1.0
2016-06-16,obm_supply_btc_daily,15665714.79530316,BTC,daily,OBM v0.1.0
2016-06-17,obm_supply_btc_daily,15669439.79530316,BTC,daily,OBM v0.1.0
2016-06-18,obm_supply_btc_daily,15673389.79530316,BTC,daily,OBM v0.1.0
2016-06-19,obm_supply_btc_daily,15677814.79530316,BTC,daily,OBM v0.1.0
2016-06-20,obm_supply_btc_daily,15681914.79530316,BTC,daily,OBM v0.1.0
2016-06-21,obm_supply_btc_daily,15685639.79530316,BTC,daily,OBM v0.1.0
2016-06-22,obm_supply_btc_daily,15688864.79530316,BTC,daily,OBM v0.1.0
2016-06-23,obm_supply_btc_daily,15692364.79530316,BTC,daily,OBM v0.1.0
2016-06-24,obm_supply_btc_daily,15695589.79530316,BTC,daily,OBM v0.1.0
2016-06-25,obm_supply_btc_daily,15699639.79530316,BTC,daily,OBM v0.1.0
2016-06-26,obm_supply_btc_daily,15703289.79530316,BTC,daily,OBM v0.1.0
2016-06-27,obm_supply_btc_daily,15706964.79530316,BTC,daily,OBM v0.1.0
2016-06-28,obm_supply_btc_daily,15710664.79530316,BTC,daily,OBM v0.1.0
2016-06-29,obm_supply_btc_daily,15714314.79530316,BTC,daily,OBM v0.1.0
2016-06-30,obm_supply_btc_daily,15718064.79530316,BTC,daily,OBM v0.1.0
2016-07-01,obm_supply_btc_daily,15721939.79530316,BTC,daily,OBM v0.1.0
2016-07-02,obm_supply_btc_daily,15725664.79530316,BTC,daily,OBM v0.1.0
2016-07-03,obm_supply_btc_daily,15729514.79530316,BTC,daily,OBM v0.1.0
2016-07-04,obm_supply_btc_daily,15733289.79530316,BTC,daily,OBM v0.1.0
2016-07-05,obm_supply_btc_daily,15736914.79530316,BTC,daily,OBM v0.1.0
2016-07-06,obm_supply_btc_daily,15740414.79530316,BTC,daily,OBM v0.1.0
2016-07-07,obm_supply_btc_daily,15743839.79530316,BTC,daily,OBM v0.1.0
2016-07-08,obm_supply_btc_daily,15747464.79530316,BTC,daily,OBM v0.1.0
2016-07-09,obm_supply_btc_daily,15750589.79530316,BTC,daily,OBM v0.1.0
2016-07-10,obm_supply_btc_daily,15752539.79530316,BTC,daily,OBM v0.1.0
2016-07-11,obm_supply_btc_daily,15754327.29530316,BTC,daily,OBM v0.1.0
2016-07-12,obm_supply_btc_daily,15756114.79530316,BTC,daily,OBM v0.1.0
2016-07-13,obm_supply_btc_daily,15757727.29530316,BTC,daily,OBM v0.1.0
2016-07-14,obm_supply_btc_daily,15759489.79530316,BTC,daily,OBM v0.1.0
2016-07-15,obm_supply_btc_daily,15761177.29530316,BTC,daily,OBM v0.1.0
2016-07-16,obm_supply_btc_daily,15763139.79530316,BTC,daily,OBM v0.1.0
2016-07-17,obm_supply_btc_daily,15765002.29530316,BTC,daily,OBM v0.1.0
2016-07-18,obm_supply_btc_daily,15766852.29530316,BTC,daily,OBM v0.1.0
2016-07-19,obm_supply_btc_daily,15768452.29530316,BTC,daily,OBM v0.1.0
2016-07-20,obm_supply_btc_daily,15770327.29530316,BTC,daily,OBM v0.1.0
2016-07-21,obm_supply_btc_daily,15771989.79530316,BTC,daily,OBM v0.1.0
2016-07-22,obm_supply_btc_daily,15773602.29530316,BTC,daily,OBM v0.1.0
2016-07-23,obm_supply_btc_daily,15775239.79530316,BTC,daily,OBM v0.1.0
2016-07-24,obm_supply_btc_daily,15776789.79530316,BTC,daily,OBM v0.1.0
2016-07-25,obm_supply_btc_daily,15778427.29530316,BTC,daily,OBM v0.1.0
2016-07-26,obm_supply_btc_daily,15780039.79530316,BTC,daily,OBM v0.1.0
2016-07-27,obm_supply_btc_daily,15781639.79530316,BTC,daily,OBM v0.1.0
2016-07-28,obm_supply_btc_daily,15783339.79530316,BTC,daily,OBM v0.1.0
2016-07-29,obm_supply_btc_daily,15785177.29530316,BTC,daily,OBM v0.1.0
2016-07-30,obm_supply_btc_daily,15786664.79530316,BTC,daily,OBM v0.1.0
2016-07-31,obm_supply_btc_daily,15788589.79530316,BTC,daily,OBM v0.1.0
2016-08-01,obm_supply_btc_daily,15790502.29530316,BTC,daily,OBM v0.1.0
2016-08-02,obm_supply_btc_daily,15792427.29530316,BTC,daily,OBM v0.1.0
2016-08-03,obm_supply_btc_daily,15794502.29530316,BTC,daily,OBM v0.1.0
2016-08-04,obm_supply_btc_daily,15796414.79530316,BTC,daily,OBM v0.1.0
2016-08-05,obm_supply_btc_daily,15798527.29530316,BTC,daily,OBM v0.1.0
2016-08-06,obm_supply_btc_daily,15800602.29530316,BTC,daily,OBM v0.1.0
2016-08-07,obm_supply_btc_daily,15802452.29530316,BTC,daily,OBM v0.1.0
2016-08-08,obm_supply_btc_daily,15804302.29530316,BTC,daily,OBM v0.1.0
2016-08-09,obm_supply_btc_daily,15805852.29530316,BTC,daily,OBM v0.1.0
2016-08-10,obm_supply_btc_daily,15807739.79530316,BTC,daily,OBM v0.1.0
2016-08-11,obm_supply_btc_daily,15809614.79530316,BTC,daily,OBM v0.1.0
2016-08-12,obm_supply_btc_daily,15811477.29530316,BTC,daily,OBM v0.1.0
2016-08-13,obm_supply_btc_daily,15813514.79530316,BTC,daily,OBM v0.1.0
2016-08-14,obm_supply_btc_daily,15815552.29530316,BTC,daily,OBM v0.1.0
2016-08-15,obm_supply_btc_daily,15817377.29530316,BTC,daily,OBM v0.1.0
2016-08-16,obm_supply_btc_daily,15819064.79530316,BTC,daily,OBM v0.1.0
2016-08-17,obm_supply_btc_daily,15820602.29530316,BTC,daily,OBM v0.1.0
2016-08-18,obm_supply_btc_daily,15822527.29530316,BTC,daily,OBM v0.1.0
2016-08-19,obm_supply_btc_daily,15824452.29530316,BTC,daily,OBM v0.1.0
2016-08-20,obm_supply_btc_daily,15826389.79530316,BTC,daily,OBM v0.1.0
2016-08-21,obm_supply_btc_daily,15828427.29530316,BTC,daily,OBM v0.1.0
2016-08-22,obm_supply_btc_daily,15830402.29530316,BTC,daily,OBM v0.1.0
2016-08-23,obm_supply_btc_daily,15832239.79530316,BTC,daily,OBM v0.1.0
2016-08-24,obm_supply_btc_daily,15834139.79530316,BTC,daily,OBM v0.1.0
2016-08-25,obm_supply_btc_daily,15835764.79530316,BTC,daily,OBM v0.1.0
2016-08-26,obm_supply_btc_daily,15837414.79530316,BTC,daily,OBM v0.1.0
2016-08-27,obm_supply_btc_daily,15839214.79530316,BTC,daily,OBM v0.1.0
2016-08-28,obm_supply_btc_daily,15841114.79530316,BTC,daily,OBM v0.1.0
2016-08-29,obm_supply_btc_daily,15842977.29530316,BTC,daily,OBM v0.1.0
2016-08-30,obm_supply_btc_daily,15845027.29530316,BTC,daily,OBM v0.1.0
2016-08-31,obm_supply_btc_daily,15846702.29530316,BTC,daily,OBM v0.1.0
2016-09-01,obm_supply_btc_daily,15848452.29530316,BTC,daily,OBM v0.1.0
2016-09-02,obm_supply_btc_daily,15850364.79530316,BTC,daily,OBM v0.1.0
2016-09-03,obm_supply_btc_daily,15851939.79530316,BTC,daily,OBM v0.1.0
2016-09-04,obm_supply_btc_daily,15854177.29530316,BTC,daily,OBM v0.1.0
2016-09-05,obm_supply_btc_daily,15855927.29530316,BTC,daily,OBM v0.1.0
2016-09-06,obm_supply_btc_daily,15857627.29530316,BTC,daily,OBM v0.1.0
2016-09-07,obm_supply_btc_daily,15859527.29530316,BTC,daily,OBM v0.1.0
2016-09-08,obm_supply_btc_daily,15861327.29530316,BTC,daily,OBM v0.1.0
2016-09-09,obm_supply_btc_daily,15863102.29530316,BTC,daily,OBM v0.1.0
2016-09-10,obm_supply_btc_daily,15865039.79530316,BTC,daily,OBM v0.1.0
2016-09-11,obm_supply_btc_daily,15867089.79530316,BTC,daily,OBM v0.1.0
2016-09-12,obm_supply_btc_daily,15869127.29530316,BTC,daily,OBM v0.1.0
2016-09-13,obm_supply_btc_daily,15871189.79530316,BTC,daily,OBM v0.1.0
2016-09-14,obm_supply_btc_daily,15873139.79530316,BTC,daily,OBM v0.1.0
2016-09-15,obm_supply_btc_daily,15875064.79530316,BTC,daily,OBM v0.1.0
2016-09-16,obm_supply_btc_daily,15876802.29530316,BTC,daily,OBM v0.1.0
2016-09-17,obm_supply_btc_daily,15878839.79530316,BTC,daily,OBM v0.1.0
2016-09-18,obm_supply_btc_daily,15880652.29530316,BTC,daily,OBM v0.1.0
2016-09-19,obm_supply_btc_daily,15882314.79530316,BTC,daily,OBM v0.1.0
2016-09-20,obm_supply_btc_daily,15884202.29530316,BTC,daily,OBM v0.1.0
2016-09-21,obm_supply_btc_daily,15886277.29530316,BTC,daily,OBM v0.1.0
2016-09-22,obm_supply_btc_daily,15888039.79530316,BTC,daily,OBM v0.1.0
2016-09-23,obm_supply_btc_daily,15889739.79530316,BTC,daily,OBM v0.1.0
2016-09-24,obm_supply_btc_daily,15891814.79530316,BTC,daily,OBM v0.1.0
2016-09-25,obm_supply_btc_daily,15894127.29530316,BTC,daily,OBM v0.1.0
2016-09-26,obm_supply_btc_daily,15896039.79530316,BTC,daily,OBM v0.1.0
2016-09-27,obm_supply_btc_daily,15898127.29530316,BTC,daily,OBM v0.1.0
2016-09-28,obm_supply_btc_daily,15899977.29530316,BTC,daily,OBM v0.1.0
2016-09-29,obm_supply_btc_daily,15901764.79530316,BTC,daily,OBM v0.1.0
2016-09-30,obm_supply_btc_daily,15903539.79530316,BTC,daily,OBM v0.1.0
2016-10-01,obm_supply_btc_daily,15905502.29530316,BTC,daily,OBM v0.1.0
2016-10-02,obm_supply_btc_daily,15907264.79530316,BTC,daily,OBM v0.1.0
2016-10-03,obm_supply_btc_daily,15909152.29530316,BTC,daily,OBM v0.1.0
2016-10-04,obm_supply_btc_daily,15911127.29530316,BTC,daily,OBM v0.1.0
2016-10-05,obm_supply_btc_daily,15913214.79530316,BTC,daily,OBM v0.1.0
2016-10-06,obm_supply_btc_daily,15915227.29530316,BTC,daily,OBM v0.1.0
2016-10-07,obm_supply_btc_daily,15917014.79530316,BTC,daily,OBM v0.1.0
2016-10-08,obm_supply_btc_daily,15919127.29530316,BTC,daily,OBM v0.1.0
2016-10-09,obm_supply_btc_daily,15921127.29530316,BTC,daily,OBM v0.1.0
2016-10-10,obm_supply_btc_daily,15922677.29530316,BTC,daily,OBM v0.1.0
2016-10-11,obm_supply_btc_daily,15924414.79530316,BTC,daily,OBM v0.1.0
2016-10-12,obm_supply_btc_daily,15926214.79530316,BTC,daily,OBM v0.1.0
2016-10-13,obm_supply_btc_daily,15927814.79530316,BTC,daily,OBM v0.1.0
2016-10-14,obm_supply_btc_daily,15929514.79530316,BTC,daily,OBM v0.1.0
2016-10-15,obm_supply_btc_daily,15931289.79530316,BTC,daily,OBM v0.1.0
2016-10-16,obm_supply_btc_daily,15932914.79530316,BTC,daily,OBM v0.1.0
2016-10-17,obm_supply_btc_daily,15934477.29530316,BTC,daily,OBM v0.1.0
2016-10-18,obm_supply_btc_daily,15936414.79530316,BTC,daily,OBM v0.1.0
2016-10-19,obm_supply_btc_daily,15937977.29530316,BTC,daily,OBM v0.1.0
2016-10-20,obm_supply_btc_daily,15939652.29530316,BTC,daily,OBM v0.1.0
2016-10-21,obm_supply_btc_daily,15941702.29530316,BTC,daily,OBM v0.1.0
2016-10-22,obm_supply_btc_daily,15943564.79530316,BTC,daily,OBM v0.1.0
2016-10-23,obm_supply_btc_daily,15945364.79530316,BTC,daily,OBM v0.1.0
2016-10-24,obm_supply_btc_daily,15947152.29530316,BTC,daily,OBM v0.1.0
2016-10-25,obm_supply_btc_daily,15948889.79530316,BTC,daily,OBM v0.1.0
2016-10-26,obm_supply_btc_daily,15950614.79530316,BTC,daily,OBM v0.1.0
2016-10-27,obm_supply_btc_daily,15952639.79530316,BTC,daily,OBM v0.1.0
2016-10-28,obm_supply_btc_daily,15954539.79530316,BTC,daily,OBM v0.1.0
2016-10-29,obm_supply_btc_daily,15956402.29530316,BTC,daily,OBM v0.1.0
2016-10-30,obm_supply_btc_daily,15958502.29530316,BTC,daily,OBM v0.1.0
2016-10-31,obm_supply_btc_daily,15960339.79530316,BTC,daily,OBM v0.1.0
2016-11-01,obm_supply_btc_daily,15962139.79530316,BTC,daily,OBM v0.1.0
2016-11-02,obm_supply_btc_daily,15963802.29530316,BTC,daily,OBM v0.1.0
2016-11-03,obm_supply_btc_daily,15965739.79530316,BTC,daily,OBM v0.1.0
2016-11-04,obm_supply_btc_daily,15967189.79530316,BTC,daily,OBM v0.1.0
2016-11-05,obm_supply_btc_daily,15969027.29530316,BTC,daily,OBM v0.1.0
2016-11-06,obm_supply_btc_daily,15970939.79530316,BTC,daily,OBM v0.1.0
2016-11-07,obm_supply_btc_daily,15972764.79530316,BTC,daily,OBM v0.1.0
2016-11-08,obm_supply_btc_daily,15974877.29530316,BTC,daily,OBM v0.1.0
2016-11-09,obm_supply_btc_daily,15976714.79530316,BTC,daily,OBM v0.1.0
2016-11-10,obm_supply_btc_daily,15978814.79530316,BTC,daily,OBM v0.1.0
2016-11-11,obm_supply_btc_daily,15980852.29530316,BTC,daily,OBM v0.1.0
2016-11-12,obm_supply_btc_daily,15982952.29530316,BTC,daily,OBM v0.1.0
2016-11-13,obm_supply_btc_daily,15984727.29530316,BTC,daily,OBM v0.1.0
2016-11-14,obm_supply_btc_daily,15986877.29530316,BTC,daily,OBM v0.1.0
2016-11-15,obm_supply_btc_daily,15988827.29530316,BTC,daily,OBM v0.1.0
2016-11-16,obm_supply_btc_daily,15990964.79530316,BTC,daily,OBM v0.1.0
2016-11-17,obm_supply_btc_daily,15992952.29530316,BTC,daily,OBM v0.1.0
2016-11-18,obm_supply_btc_daily,15994802.29530316,BTC,daily,OBM v0.1.0
2016-11-19,obm_supply_btc_daily,15996577.29530316,BTC,daily,OBM v0.1.0
2016-11-20,obm_supply_btc_daily,15998177.29530316,BTC,daily,OBM v0.1.0
2016-11-21,obm_supply_btc_daily,15999914.79530316,BTC,daily,OBM v0.1.0
2016-11-22,obm_supply_btc_daily,16001589.79530316,BTC,daily,OBM v0.1.0
2016-11-23,obm_supply_btc_daily,16003427.29530316,BTC,daily,OBM v0.1.0
2016-11-24,obm_supply_btc_daily,16005452.29530316,BTC,daily,OBM v0.1.0
2016-11-25,obm_supply_btc_daily,16007352.29530316,BTC,daily,OBM v0.1.0
2016-11-26,obm_supply_btc_daily,16009264.79530316,BTC,daily,OBM v0.1.0
2016-11-27,obm_supply_btc_daily,16011064.79530316,BTC,daily,OBM v0.1.0
2016-11-28,obm_supply_btc_daily,16013114.79530316,BTC,daily,OBM v0.1.0
2016-11-29,obm_supply_btc_daily,16014977.29530316,BTC,daily,OBM v0.1.0
2016-11-30,obm_supply_btc_daily,16016752.29530316,BTC,daily,OBM v0.1.0
2016-12-01,obm_supply_btc_daily,16018577.29530316,BTC,daily,OBM v0.1.0
2016-12-02,obm_supply_btc_daily,16020364.79530316,BTC,daily,OBM v0.1.0
2016-12-03,obm_supply_btc_daily,16022514.79530316,BTC,daily,OBM v0.1.0
2016-12-04,obm_supply_btc_daily,16024364.79530316,BTC,daily,OBM v0.1.0
2016-12-05,obm_supply_btc_daily,16026264.79530316,BTC,daily,OBM v0.1.0
2016-12-06,obm_supply_btc_daily,16028139.79530316,BTC,daily,OBM v0.1.0
2016-12-07,obm_supply_btc_daily,16030314.79530316,BTC,daily,OBM v0.1.0
2016-12-08,obm_supply_btc_daily,16032277.29530316,BTC,daily,OBM v0.1.0
2016-12-09,obm_supply_btc_daily,16033964.79530316,BTC,daily,OBM v0.1.0
2016-12-10,obm_supply_btc_daily,16035614.79530316,BTC,daily,OBM v0.1.0
2016-12-11,obm_supply_btc_daily,16037952.29530316,BTC,daily,OBM v0.1.0
2016-12-12,obm_supply_btc_daily,16039902.29530316,BTC,daily,OBM v0.1.0
2016-12-13,obm_supply_btc_daily,16042127.29530316,BTC,daily,OBM v0.1.0
2016-12-14,obm_supply_btc_daily,16043864.79530316,BTC,daily,OBM v0.1.0
2016-12-15,obm_supply_btc_daily,16045452.29530316,BTC,daily,OBM v0.1.0
2016-12-16,obm_supply_btc_daily,16047114.79530316,BTC,daily,OBM v0.1.0
2016-12-17,obm_supply_btc_daily,16048914.79530316,BTC,daily,OBM v0.1.0
2016-12-18,obm_supply_btc_daily,16050677.29530316,BTC,daily,OBM v0.1.0
2016-12-19,obm_supply_btc_daily,16052564.79530316,BTC,daily,OBM v0.1.0
2016-12-20,obm_supply_btc_daily,16054289.79530316,BTC,daily,OBM v0.1.0
2016-12-21,obm_supply_btc_daily,16056277.29530316,BTC,daily,OBM v0.1.0
2016-12-22,obm_supply_btc_daily,16058264.79530316,BTC,daily,OBM v0.1.0
2016-12-23,obm_supply_btc_daily,16060164.79530316,BTC,daily,OBM v0.1.0
2016-12-24,obm_supply_btc_daily,16061877.29530316,BTC,daily,OBM v0.1.0
2016-12-25,obm_supply_btc_daily,16063939.79530316,BTC,daily,OBM v0.1.0
2016-12-26,obm_supply_btc_daily,16065714.79530316,BTC,daily,OBM v0.1.0
2016-12-27,obm_supply_btc_daily,16067664.79530316,BTC,daily,OBM v0.1.0
2016-12-28,obm_supply_btc_daily,16069714.79530316,BTC,daily,OBM v0.1.0
2016-12-29,obm_supply_btc_daily,16071589.79530316,BTC,daily,OBM v0.1.0
2016-12-30,obm_supply_btc_daily,16073552.29530316,BTC,daily,OBM v0.1.0
2016-12-31,obm_supply_btc_daily,16075402.29530316,BTC,daily,OBM v0.1.0
2017-01-01,obm_supply_btc_daily,16077352.29530316,BTC,daily,OBM v0.1.0
2017-01-02,obm_supply_btc_daily,16079339.79530316,BTC,daily,OBM v0.1.0
2017-01-03,obm_supply_btc_daily,16081389.79530316,BTC,daily,OBM v0.1.0
2017-01-04,obm_supply_btc_daily,16083302.29530316,BTC,daily,OBM v0.1.0
2017-01-05,obm_supply_btc_daily,16085052.29530316,BTC,daily,OBM v0.1.0
2017-01-06,obm_supply_btc_daily,16087064.79530316,BTC,daily,OBM v0.1.0
2017-01-07,obm_supply_btc_daily,16088789.79530316,BTC,daily,OBM v0.1.0
2017-01-08,obm_supply_btc_daily,16090877.29530316,BTC,daily,OBM v0.1.0
2017-01-09,obm_supply_btc_daily,16092577.29530316,BTC,daily,OBM v0.1.0
2017-01-10,obm_supply_btc_daily,16094577.29530316,BTC,daily,OBM v0.1.0
2017-01-11,obm_supply_btc_daily,16096489.79530316,BTC,daily,OBM v0.1.0
2017-01-12,obm_supply_btc_daily,16098639.79530316,BTC,daily,OBM v0.1.0
2017-01-13,obm_supply_btc_daily,16100514.79530316,BTC,daily,OBM v0.1.0
2017-01-14,obm_supply_btc_daily,16102664.79530316,BTC,daily,OBM v0.1.0
2017-01-15,obm_supply_btc_daily,16104752.29530316,BTC,daily,OBM v0.1.0
2017-01-16,obm_supply_btc_daily,16106864.79530316,BTC,daily,OBM v0.1.0
2017-01-17,obm_supply_btc_daily,16108839.79530316,BTC,daily,OBM v0.1.0
2017-01-18,obm_supply_btc_daily,16110714.79530316,BTC,daily,OBM v0.1.0
2017-01-19,obm_supply_btc_daily,16112889.79530316,BTC,daily,OBM v0.1.0
2017-01-20,obm_supply_btc_daily,16115252.29530316,BTC,daily,OBM v0.1.0
2017-01-21,obm_supply_btc_daily,16117514.79530316,BTC,daily,OBM v0.1.0
2017-01-22,obm_supply_btc_daily,16119689.79530316,BTC,daily,OBM v0.1.0
2017-01-23,obm_supply_btc_daily,16121414.79530316,BTC,daily,OBM v0.1.0
2017-01-24,obm_supply_btc_daily,16123277.29530316,BTC,daily,OBM v0.1.0
2017-01-25,obm_supply_btc_daily,16125139.79530316,BTC,daily,OBM v0.1.0
2017-01-26,obm_supply_btc_daily,16127077.29530316,BTC,daily,OBM v0.1.0
2017-01-27,obm_supply_btc_daily,16129202.29530316,BTC,daily,OBM v0.1.0
2017-01-28,obm_supply_btc_daily,16131102.29530316,BTC,daily,OBM v0.1.0
2017-01-29,obm_supply_btc_daily,16133189.79530316,BTC,daily,OBM v0.1.0
2017-01-30,obm_supply_btc_daily,16134989.79530316,BTC,daily,OBM v0.1.0
2017-01-31,obm_supply_btc_daily,16136802.29530316,BTC,daily,OBM v0.1.0
2017-02-01,obm_supply_btc_daily,16139202.29530316,BTC,daily,OBM v0.1.0
2017-02-02,obm_supply_btc_daily,16141164.79530316,BTC,daily,OBM v0.1.0
2017-02-03,obm_supply_btc_daily,16143027.29530316,BTC,daily,OBM v0.1.0
2017-02-04,obm_supply_btc_daily,16144827.29530316,BTC,daily,OBM v0.1.0
2017-02-05,obm_supply_btc_daily,16146814.79530316,BTC,daily,OBM v0.1.0
2017-02-06,obm_supply_btc_daily,16148377.29530316,BTC,daily,OBM v0.1.0
2017-02-07,obm_supply_btc_daily,16150264.79530316,BTC,daily,OBM v0.1.0
2017-02-08,obm_supply_btc_daily,16152089.79530316,BTC,daily,OBM v0.1.0
2017-02-09,obm_supply_btc_daily,16154202.29530316,BTC,daily,OBM v0.1.0
2017-02-10,obm_supply_btc_daily,16156039.79530316,BTC,daily,OBM v0.1.0
2017-02-11,obm_supply_btc_daily,16157777.29530316,BTC,daily,OBM v0.1.0
2017-02-12,obm_supply_btc_daily,16159527.29530316,BTC,daily,OBM v0.1.0
2017-02-13,obm_supply_btc_daily,16161564.79530316,BTC,daily,OBM v0.1.0
2017-02-14,obm_supply_btc_daily,16163677.29530316,BTC,daily,OBM v0.1.0
2017-02-15,obm_supply_btc_daily,16165414.79530316,BTC,daily,OBM v0.1.0
2017-02-16,obm_supply_btc_daily,16167302.29530316,BTC,daily,OBM v0.1.0
2017-02-17,obm_supply_btc_daily,16169189.79530316,BTC,daily,OBM v0.1.0
2017-02-18,obm_supply_btc_daily,16171077.29530316,BTC,daily,OBM v0.1.0
2017-02-19,obm_supply_btc_daily,16172752.29530316,BTC,daily,OBM v0.1.0
2017-02-20,obm_supply_btc_daily,16174602.29530316,BTC,daily,OBM v0.1.0
2017-02-21,obm_supply_btc_daily,16176327.29530316,BTC,daily,OBM v0.1.0
2017-02-22,obm_supply_btc_daily,16178052.29530316,BTC,daily,OBM v0.1.0
2017-02-23,obm_supply_btc_daily,16179927.29530316,BTC,daily,OBM v0.1.0
2017-02-24,obm_supply_btc_daily,16181964.79530316,BTC,daily,OBM v0.1.0
2017-02-25,obm_supply_btc_daily,16184052.29530316,BTC,daily,OBM v0.1.0
2017-02-26,obm_supply_btc_daily,16186277.29530316,BTC,daily,OBM v0.1.0
2017-02-27,obm_supply_btc_daily,16188077.29530316,BTC,daily,OBM v0.1.0
2017-02-28,obm_supply_btc_daily,16189989.79530316,BTC,daily,OBM v0.1.0
2017-03-01,obm_supply_btc_daily,16191789.79530316,BTC,daily,OBM v0.1.0
2017-03-02,obm_supply_btc_daily,16193752.29530316,BTC,daily,OBM v0.1.0
2017-03-03,obm_supply_btc_daily,16195639.79530316,BTC,daily,OBM v0.1.0
2017-03-04,obm_supply_btc_daily,16197289.79530316,BTC,daily,OBM v0.1.0
2017-03-05,obm_supply_btc_daily,16199127.29530316,BTC,daily,OBM v0.1.0
2017-03-06,obm_supply_btc_daily,16200902.29530316,BTC,daily,OBM v0.1.0
2017-03-07,obm_supply_btc_daily,16202814.79530316,BTC,daily,OBM v0.1.0
2017-03-08,obm_supply_btc_daily,16204589.79530316,BTC,daily,OBM v0.1.0
2017-03-09,obm_supply_btc_daily,16206439.79530316,BTC,daily,OBM v0.1.0
2017-03-10,obm_supply_btc_daily,16208389.79530316,BTC,daily,OBM v0.1.0
2017-03-11,obm_supply_btc_daily,16210252.29530316,BTC,daily,OBM v0.1.0
2017-03-12,obm_supply_btc_daily,16212189.79530316,BTC,daily,OBM v0.1.0
2017-03-13,obm_supply_btc_daily,16214002.29530316,BTC,daily,OBM v0.1.0
2017-03-14,obm_supply_btc_daily,16215952.29530316,BTC,daily,OBM v0.1.0
2017-03-15,obm_supply_btc_daily,16217727.29530316,BTC,daily,OBM v0.1.0
2017-03-16,obm_supply_btc_daily,16219639.79530316,BTC,daily,OBM v0.1.0
2017-03-17,obm_supply_btc_daily,16221564.79530316,BTC,daily,OBM v0.1.0
2017-03-18,obm_supply_btc_daily,16223527.29530316,BTC,daily,OBM v0.1.0
2017-03-19,obm_supply_btc_daily,16225589.79530316,BTC,daily,OBM v0.1.0
2017-03-20,obm_supply_btc_daily,16227289.79530316,BTC,daily,OBM v0.1.0
2017-03-21,obm_supply_btc_daily,16229064.79530316,BTC,daily,OBM v0.1.0
2017-03-22,obm_supply_btc_daily,16231052.29530316,BTC,daily,OBM v0.1.0
2017-03-23,obm_supply_btc_daily,16232902.29530316,BTC,daily,OBM v0.1.0
2017-03-24,obm_supply_btc_daily,16235102.29530316,BTC,daily,OBM v0.1.0
2017-03-25,obm_supply_btc_daily,16236764.79530316,BTC,daily,OBM v0.1.0
2017-03-26,obm_supply_btc_daily,16238839.79530316,BTC,daily,OBM v0.1.0
2017-03-27,obm_supply_btc_daily,16240489.79530316,BTC,daily,OBM v0.1.0
2017-03-28,obm_supply_btc_daily,16242427.29530316,BTC,daily,OBM v0.1.0
2017-03-29,obm_supply_btc_daily,16244152.29530316,BTC,daily,OBM v0.1.0
2017-03-30,obm_supply_btc_daily,16246202.29530316,BTC,daily,OBM v0.1.0
2017-03-31,obm_supply_btc_daily,16247889.79530316,BTC,daily,OBM v0.1.0
2017-04-01,obm_supply_btc_daily,16249539.79530316,BTC,daily,OBM v0.1.0
2017-04-02,obm_supply_btc_daily,16251514.79530316,BTC,daily,OBM v0.1.0
2017-04-03,obm_supply_btc_daily,16253714.79530316,BTC,daily,OBM v0.1.0
2017-04-04,obm_supply_btc_daily,16255277.29530316,BTC,daily,OBM v0.1.0
2017-04-05,obm_supply_btc_daily,16257302.29530316,BTC,daily,OBM v0.1.0
2017-04-06,obm_supply_btc_daily,16259139.79530316,BTC,daily,OBM v0.1.0
2017-04-07,obm_supply_btc_daily,16261164.79530316,BTC,daily,OBM v0.1.0
2017-04-08,obm_supply_btc_daily,16262877.29530316,BTC,daily,OBM v0.1.0
2017-04-09,obm_supply_btc_daily,16264864.79530316,BTC,daily,OBM v0.1.0
2017-04-10,obm_supply_btc_daily,16266702.29530316,BTC,daily,OBM v0.1.0
2017-04-11,obm_supply_btc_daily,16268789.79530316,BTC,daily,OBM v0.1.0
2017-04-12,obm_supply_btc_daily,16270564.79530316,BTC,daily,OBM v0.1.0
2017-04-13,obm_supply_btc_daily,16272152.29530316,BTC,daily,OBM v0.1.0
2017-04-14,obm_supply_btc_daily,16273889.79530316,BTC,daily,OBM v0.1.0
2017-04-15,obm_supply_btc_daily,16275764.79530316,BTC,daily,OBM v0.1.0
2017-04-16,obm_supply_btc_daily,16277589.79530316,BTC,daily,OBM v0.1.0
2017-04-17,obm_supply_btc_daily,16279314.79530316,BTC,daily,OBM v0.1.0
2017-04-18,obm_supply_btc_daily,16281139.79530316,BTC,daily,OBM v0.1.0
2017-04-19,obm_supply_btc_daily,16282927.29530316,BTC,daily,OBM v0.1.0
2017-04-20,obm_supply_btc_daily,16284652.29530316,BTC,daily,OBM v0.1.0
2017-04-21,obm_supply_btc_daily,16286739.79530316,BTC,daily,OBM v0.1.0
2017-04-22,obm_supply_btc_daily,16288552.29530316,BTC,daily,OBM v0.1.0
2017-04-23,obm_supply_btc_daily,16290464.79530316,BTC,daily,OBM v0.1.0
2017-04-24,obm_supply_btc_daily,16292014.79530316,BTC,daily,OBM v0.1.0
2017-04-25,obm_supply_btc_daily,16293864.79530316,BTC,daily,OBM v0.1.0
2017-04-26,obm_supply_btc_daily,16295777.29530316,BTC,daily,OBM v0.1.0
2017-04-27,obm_supply_btc_daily,16297614.79530316,BTC,daily,OBM v0.1.0
2017-04-28,obm_supply_btc_daily,16299314.79530316,BTC,daily,OBM v0.1.0
2017-04-29,obm_supply_btc_daily,16301477.29530316,BTC,daily,OBM v0.1.0
2017-04-30,obm_supply_btc_daily,16303364.79530316,BTC,daily,OBM v0.1.0
2017-05-01,obm_supply_btc_daily,16305239.79530316,BTC,daily,OBM v0.1.0
2017-05-02,obm_supply_btc_daily,16307214.79530316,BTC,daily,OBM v0.1.0
2017-05-03,obm_supply_btc_daily,16308864.79530316,BTC,daily,OBM v0.1.0
2017-05-04,obm_supply_btc_daily,16310964.79530316,BTC,daily,OBM v0.1.0
2017-05-05,obm_supply_btc_daily,16312577.29530316,BTC,daily,OBM v0.1.0
2017-05-06,obm_supply_btc_daily,16314677.29530316,BTC,daily,OBM v0.1.0
2017-05-07,obm_supply_btc_daily,16316764.79530316,BTC,daily,OBM v0.1.0
2017-05-08,obm_supply_btc_daily,16319014.79530316,BTC,daily,OBM v0.1.0
2017-05-09,obm_supply_btc_daily,16320952.29530316,BTC,daily,OBM v0.1.0
2017-05-10,obm_supply_btc_daily,16322802.29530316,BTC,daily,OBM v0.1.0
2017-05-11,obm_supply_btc_daily,16324489.79530316,BTC,daily,OBM v0.1.0
2017-05-12,obm_supply_btc_daily,16326414.79530316,BTC,daily,OBM v0.1.0
2017-05-13,obm_supply_btc_daily,16328389.79530316,BTC,daily,OBM v0.1.0
2017-05-14,obm_supply_btc_daily,16330439.79530316,BTC,daily,OBM v0.1.0
2017-05-15,obm_supply_btc_daily,16332564.79530316,BTC,daily,OBM v0.1.0
2017-05-16,obm_supply_btc_daily,16334214.79530316,BTC,daily,OBM v0.1.0
2017-05-17,obm_supply_btc_daily,16336152.29530316,BTC,daily,OBM v0.1.0
2017-05-18,obm_supply_btc_daily,16337927.29530316,BTC,daily,OBM v0.1.0
2017-05-19,obm_supply_btc_daily,16339977.29530316,BTC,daily,OBM v0.1.0
2017-05-20,obm_supply_btc_daily,16342039.79530316,BTC,daily,OBM v0.1.0
2017-05-21,obm_supply_btc_daily,16343877.29530316,BTC,daily,OBM v0.1.0
2017-05-22,obm_supply_btc_daily,16345702.29530316,BTC,daily,OBM v0.1.0
2017-05-23,obm_supply_btc_daily,16347802.29530316,BTC,daily,OBM v0.1.0
2017-05-24,obm_supply_btc_daily,16349727.29530316,BTC,daily,OBM v0.1.0
2017-05-25,obm_supply_btc_daily,16351764.79530316,BTC,daily,OBM v0.1.0
2017-05-26,obm_supply_btc_daily,16353677.29530316,BTC,daily,OBM v0.1.0
2017-05-27,obm_supply_btc_daily,16355777.29530316,BTC,daily,OBM v0.1.0
2017-05-28,obm_supply_btc_daily,16357839.79530316,BTC,daily,OBM v0.1.0
2017-05-29,obm_supply_btc_daily,16359727.29530316,BTC,daily,OBM v0.1.0
2017-05-30,obm_supply_btc_daily,16361964.79530316,BTC,daily,OBM v0.1.0
2017-05-31,obm_supply_btc_daily,16364014.79530316,BTC,daily,OBM v0.1.0
2017-06-01,obm_supply_btc_daily,16366139.79530316,BTC,daily,OBM v0.1.0
2017-06-02,obm_supply_btc_daily,16367964.79530316,BTC,daily,OBM v0.1.0
2017-06-03,obm_supply_btc_daily,16370364.79530316,BTC,daily,OBM v0.1.0
2017-06-04,obm_supply_btc_daily,16372377.29530316,BTC,daily,OBM v0.1.0
2017-06-05,obm_supply_btc_daily,16374427.29530316,BTC,daily,OBM v0.1.0
2017-06-06,obm_supply_btc_daily,16376314.79530316,BTC,daily,OBM v0.1.0
2017-06-07,obm_supply_btc_daily,16378377.29530316,BTC,daily,OBM v0.1.0
2017-06-08,obm_supply_btc_daily,16380439.79530316,BTC,daily,OBM v0.1.0
2017-06-09,obm_supply_btc_daily,16382327.29530316,BTC,daily,OBM v0.1.0
2017-06-10,obm_supply_btc_daily,16384089.79530316,BTC,daily,OBM v0.1.0
2017-06-11,obm_supply_btc_daily,16385914.79530316,BTC,daily,OBM v0.1.0
2017-06-12,obm_supply_btc_daily,16387752.29530316,BTC,daily,OBM v0.1.0
2017-06-13,obm_supply_btc_daily,16389514.79530316,BTC,daily,OBM v0.1.0
2017-06-14,obm_supply_btc_daily,16391264.79530316,BTC,daily,OBM v0.1.0
2017-06-15,obm_supply_btc_daily,16393177.29530316,BTC,daily,OBM v0.1.0
2017-06-16,obm_supply_btc_daily,16395027.29530316,BTC,daily,OBM v0.1.0
2017-06-17,obm_supply_btc_daily,16396839.79530316,BTC,daily,OBM v0.1.0
2017-06-18,obm_supply_btc_daily,16398652.29530316,BTC,daily,OBM v0.1.0
2017-06-19,obm_supply_btc_daily,16400539.79530316,BTC,daily,OBM v0.1.0
2017-06-20,obm_supply_btc_daily,16402264.79530316,BTC,daily,OBM v0.1.0
2017-06-21,obm_supply_btc_daily,16404014.79530316,BTC,daily,OBM v0.1.0
2017-06-22,obm_supply_btc_daily,16405752.29530316,BTC,daily,OBM v0.1.0
2017-06-23,obm_supply_btc_daily,16407752.29530316,BTC,daily,OBM v0.1.0
2017-06-24,obm_supply_btc_daily,16409577.29530316,BTC,daily,OBM v0.1.0
2017-06-25,obm_supply_btc_daily,16411102.29530316,BTC,daily,OBM v0.1.0
2017-06-26,obm_supply_btc_daily,16412877.29530316,BTC,daily,OBM v0.1.0
2017-06-27,obm_supply_btc_daily,16414514.79530316,BTC,daily,OBM v0.1.0
2017-06-28,obm_supply_btc_daily,16416477.29530316,BTC,daily,OBM v0.1.0
2017-06-29,obm_supply_btc_daily,16417977.29530316,BTC,daily,OBM v0.1.0
2017-06-30,obm_supply_btc_daily,16419902.29530316,BTC,daily,OBM v0.1.0
2017-07-01,obm_supply_btc_daily,16421952.29530316,BTC,daily,OBM v0.1.0
2017-07-02,obm_supply_btc_daily,16424302.29530316,BTC,daily,OBM v0.1.0
2017-07-03,obm_supply_btc_daily,16426427.29530316,BTC,daily,OBM v0.1.0
2017-07-04,obm_supply_btc_daily,16428339.79530316,BTC,daily,OBM v0.1.0
2017-07-05,obm_supply_btc_daily,16430202.29530316,BTC,daily,OBM v0.1.0
2017-07-06,obm_supply_btc_daily,16431977.29530316,BTC,daily,OBM v0.1.0
2017-07-07,obm_supply_btc_daily,16433827.29530316,BTC,daily,OBM v0.1.0
2017-07-08,obm_supply_btc_daily,16435889.79530316,BTC,daily,OBM v0.1.0
2017-07-09,obm_supply_btc_daily,16437614.79530316,BTC,daily,OBM v0.1.0
2017-07-10,obm_supply_btc_daily,16440077.29530316,BTC,daily,OBM v0.1.0
2017-07-11,obm_supply_btc_daily,16442239.79530316,BTC,daily,OBM v0.1.0
2017-07-12,obm_supply_btc_daily,16444452.29530316,BTC,daily,OBM v0.1.0
2017-07-13,obm_supply_btc_daily,16446414.79530316,BTC,daily,OBM v0.1.0
2017-07-14,obm_supply_btc_daily,16448152.29530316,BTC,daily,OBM v0.1.0
2017-07-15,obm_supply_btc_daily,16449739.79530316,BTC,daily,OBM v0.1.0
2017-07-16,obm_supply_btc_daily,16451777.29530316,BTC,daily,OBM v0.1.0
2017-07-17,obm_supply_btc_daily,16453627.29530316,BTC,daily,OBM v0.1.0
2017-07-18,obm_supply_btc_daily,16455689.79530316,BTC,daily,OBM v0.1.0
2017-07-19,obm_supply_btc_daily,16457552.29530316,BTC,daily,OBM v0.1.0
2017-07-20,obm_supply_btc_daily,16459577.29530316,BTC,daily,OBM v0.1.0
2017-07-21,obm_supply_btc_daily,16461502.29530316,BTC,daily,OBM v0.1.0
2017-07-22,obm_supply_btc_daily,16463502.29530316,BTC,daily,OBM v0.1.0
2017-07-23,obm_supply_btc_daily,16465652.29530316,BTC,daily,OBM v0.1.0
2017-07-24,obm_supply_btc_daily,16467877.29530316,BTC,daily,OBM v0.1.0
2017-07-25,obm_supply_btc_daily,16469727.29530316,BTC,daily,OBM v0.1.0
2017-07-26,obm_supply_btc_daily,16471564.79530316,BTC,daily,OBM v0.1.0
2017-07-27,obm_supply_btc_daily,16473489.79530316,BTC,daily,OBM v0.1.0
2017-07-28,obm_supply_btc_daily,16475364.79530316,BTC,daily,OBM v0.1.0
2017-07-29,obm_supply_btc_daily,16477327.29530316,BTC,daily,OBM v0.1.0
2017-07-30,obm_supply_btc_daily,16479164.79530316,BTC,daily,OBM v0.1.0
2017-07-31,obm_supply_btc_daily,16480977.29530316,BTC,daily,OBM v0.1.0
2017-08-01,obm_supply_btc_daily,16482839.79530316,BTC,daily,OBM v0.1.0
2017-08-02,obm_supply_btc_daily,16484739.79530316,BTC,daily,OBM v0.1.0
2017-08-03,obm_supply_btc_daily,16486464.79530316,BTC,daily,OBM v0.1.0
2017-08-04,obm_supply_btc_daily,16488702.29530316,BTC,daily,OBM v0.1.0
2017-08-05,obm_supply_btc_daily,16490914.79530316,BTC,daily,OBM v0.1.0
2017-08-06,obm_supply_btc_daily,16492664.79530316,BTC,daily,OBM v0.1.0
2017-08-07,obm_supply_btc_daily,16494577.29530316,BTC,daily,OBM v0.1.0
2017-08-08,obm_supply_btc_daily,16496627.29530316,BTC,daily,OBM v0.1.0
2017-08-09,obm_supply_btc_daily,16498352.29530316,BTC,daily,OBM v0.1.0
2017-08-10,obm_supply_btc_daily,16500027.29530316,BTC,daily,OBM v0.1.0
2017-08-11,obm_supply_btc_daily,16501827.29530316,BTC,daily,OBM v0.1.0
2017-08-12,obm_supply_btc_daily,16503514.79530316,BTC,daily,OBM v0.1.0
2017-08-13,obm_supply_btc_daily,16505364.79530316,BTC,daily,OBM v0.1.0
2017-08-14,obm_supply_btc_daily,16506989.79530316,BTC,daily,OBM v0.1.0
2017-08-15,obm_supply_btc_daily,16508889.79530316,BTC,daily,OBM v0.1.0
2017-08-16,obm_supply_btc_daily,16510514.79530316,BTC,daily,OBM v0.1.0
2017-08-17,obm_supply_btc_daily,16512752.29530316,BTC,daily,OBM v0.1.0
2017-08-18,obm_supply_btc_daily,16514614.79530316,BTC,daily,OBM v0.1.0
2017-08-19,obm_supply_btc_daily,16516502.29530316,BTC,daily,OBM v0.1.0
2017-08-20,obm_supply_btc_daily,16518127.29530316,BTC,daily,OBM v0.1.0
2017-08-21,obm_supply_btc_daily,16519564.79530316,BTC,daily,OBM v0.1.0
2017-08-22,obm_supply_btc_daily,16520677.29530316,BTC,daily,OBM v0.1.0
2017-08-23,obm_supply_btc_daily,16522664.79530240,BTC,daily,OBM v0.1.0
2017-08-24,obm_supply_btc_daily,16523927.29530240,BTC,daily,OBM v0.1.0
2017-08-25,obm_supply_btc_daily,16525189.79530240,BTC,daily,OBM v0.1.0
2017-08-26,obm_supply_btc_daily,16526502.29530240,BTC,daily,OBM v0.1.0
2017-08-27,obm_supply_btc_daily,16528439.79530240,BTC,daily,OBM v0.1.0
2017-08-28,obm_supply_btc_daily,16530052.29530240,BTC,daily,OBM v0.1.0
2017-08-29,obm_supply_btc_daily,16531914.79530240,BTC,daily,OBM v0.1.0
2017-08-30,obm_supply_btc_daily,16534014.79530240,BTC,daily,OBM v0.1.0
2017-08-31,obm_supply_btc_daily,16536052.29530240,BTC,daily,OBM v0.1.0
2017-09-01,obm_supply_btc_daily,16538227.29530240,BTC,daily,OBM v0.1.0
2017-09-02,obm_supply_btc_daily,16540277.29530240,BTC,daily,OBM v0.1.0
2017-09-03,obm_supply_btc_daily,16542202.29530240,BTC,daily,OBM v0.1.0
2017-09-04,obm_supply_btc_daily,16544389.79530240,BTC,daily,OBM v0.1.0
2017-09-05,obm_supply_btc_daily,16546852.29530240,BTC,daily,OBM v0.1.0
2017-09-06,obm_supply_btc_daily,16548877.29530240,BTC,daily,OBM v0.1.0
2017-09-07,obm_supply_btc_daily,16551077.29530240,BTC,daily,OBM v0.1.0
2017-09-08,obm_supply_btc_daily,16553264.79530240,BTC,daily,OBM v0.1.0
2017-09-09,obm_supply_btc_daily,16555377.29530240,BTC,daily,OBM v0.1.0
2017-09-10,obm_supply_btc_daily,16557102.29530240,BTC,daily,OBM v0.1.0
2017-09-11,obm_supply_btc_daily,16559277.29530240,BTC,daily,OBM v0.1.0
2017-09-12,obm_supply_btc_daily,16561627.29530240,BTC,daily,OBM v0.1.0
2017-09-13,obm_supply_btc_daily,16564002.29530240,BTC,daily,OBM v0.1.0
2017-09-14,obm_supply_btc_daily,16566177.29530240,BTC,daily,OBM v0.1.0
2017-09-15,obm_supply_btc_daily,16568427.29530240,BTC,daily,OBM v0.1.0
2017-09-16,obm_supply_btc_daily,16570539.79530240,BTC,daily,OBM v0.1.0
2017-09-17,obm_supply_btc_daily,16572739.79530240,BTC,daily,OBM v0.1.0
2017-09-18,obm_supply_btc_daily,16574327.29530240,BTC,daily,OBM v0.1.0
2017-09-19,obm_supply_btc_daily,16576277.29530240,BTC,daily,OBM v0.1.0
2017-09-20,obm_supply_btc_daily,16577739.79530240,BTC,daily,OBM v0.1.0
2017-09-21,obm_supply_btc_daily,16579939.79530240,BTC,daily,OBM v0.1.0
2017-09-22,obm_supply_btc_daily,16581677.29530240,BTC,daily,OBM v0.1.0
2017-09-23,obm_supply_btc_daily,16583752.29530240,BTC,daily,OBM v0.1.0
2017-09-24,obm_supply_btc_daily,16585564.79530240,BTC,daily,OBM v0.1.0
2017-09-25,obm_supply_btc_daily,16587127.29530240,BTC,daily,OBM v0.1.0
2017-09-26,obm_supply_btc_daily,16588852.29530240,BTC,daily,OBM v0.1.0
2017-09-27,obm_supply_btc_daily,16590689.79530240,BTC,daily,OBM v0.1.0
2017-09-28,obm_supply_btc_daily,16592902.29530240,BTC,daily,OBM v0.1.0
2017-09-29,obm_supply_btc_daily,16595014.79530240,BTC,daily,OBM v0.1.0
2017-09-30,obm_supply_btc_daily,16596739.79530240,BTC,daily,OBM v0.1.0
2017-10-01,obm_supply_btc_daily,16598364.79530240,BTC,daily,OBM v0.1.0
2017-10-02,obm_supply_btc_daily,16600239.79530240,BTC,daily,OBM v0.1.0
2017-10-03,obm_supply_btc_daily,16602527.29530240,BTC,daily,OBM v0.1.0
2017-10-04,obm_supply_btc_daily,16604202.29530240,BTC,daily,OBM v0.1.0
2017-10-05,obm_supply_btc_daily,16605764.79530240,BTC,daily,OBM v0.1.0
2017-10-06,obm_supply_btc_daily,16607752.29530240,BTC,daily,OBM v0.1.0
2017-10-07,obm_supply_btc_daily,16609727.29530240,BTC,daily,OBM v0.1.0
2017-10-08,obm_supply_btc_daily,16612002.29530240,BTC,daily,OBM v0.1.0
2017-10-09,obm_supply_btc_daily,16614014.79530240,BTC,daily,OBM v0.1.0
2017-10-10,obm_supply_btc_daily,16616014.79530240,BTC,daily,OBM v0.1.0
2017-10-11,obm_supply_btc_daily,16617752.29530240,BTC,daily,OBM v0.1.0
2017-10-12,obm_supply_btc_daily,16619664.79530240,BTC,daily,OBM v0.1.0
2017-10-13,obm_supply_btc_daily,16621364.79530240,BTC,daily,OBM v0.1.0
2017-10-14,obm_supply_btc_daily,16623127.29530240,BTC,daily,OBM v0.1.0
2017-10-15,obm_supply_btc_daily,16625564.79530240,BTC,daily,OBM v0.1.0
2017-10-16,obm_supply_btc_daily,16627739.79530240,BTC,daily,OBM v0.1.0
2017-10-17,obm_supply_btc_daily,16629789.79530240,BTC,daily,OBM v0.1.0
2017-10-18,obm_supply_btc_daily,16631677.29530240,BTC,daily,OBM v0.1.0
2017-10-19,obm_supply_btc_daily,16633902.29530240,BTC,daily,OBM v0.1.0
2017-10-20,obm_supply_btc_daily,16636139.79530240,BTC,daily,OBM v0.1.0
2017-10-21,obm_supply_btc_daily,16638052.29530240,BTC,daily,OBM v0.1.0
2017-10-22,obm_supply_btc_daily,16640327.29530240,BTC,daily,OBM v0.1.0
2017-10-23,obm_supply_btc_daily,16642464.79530240,BTC,daily,OBM v0.1.0
2017-10-24,obm_supply_btc_daily,16644552.29530240,BTC,daily,OBM v0.1.0
2017-10-25,obm_supply_btc_daily,16646864.79530240,BTC,daily,OBM v0.1.0
2017-10-26,obm_supply_btc_daily,16649114.79530240,BTC,daily,OBM v0.1.0
2017-10-27,obm_supply_btc_daily,16650414.79530240,BTC,daily,OBM v0.1.0
2017-10-28,obm_supply_btc_daily,16651477.29530240,BTC,daily,OBM v0.1.0
2017-10-29,obm_supply_btc_daily,16653402.29530240,BTC,daily,OBM v0.1.0
2017-10-30,obm_supply_btc_daily,16655239.79530240,BTC,daily,OBM v0.1.0
2017-10-31,obm_supply_btc_daily,16656964.79530240,BTC,daily,OBM v0.1.0
2017-11-01,obm_supply_btc_daily,16658914.79530240,BTC,daily,OBM v0.1.0
2017-11-02,obm_supply_btc_daily,16660789.79530240,BTC,daily,OBM v0.1.0
2017-11-03,obm_supply_btc_daily,16662277.29530240,BTC,daily,OBM v0.1.0
2017-11-04,obm_supply_btc_daily,16663902.29530240,BTC,daily,OBM v0.1.0
2017-11-05,obm_supply_btc_daily,16665664.79530240,BTC,daily,OBM v0.1.0
2017-11-06,obm_supply_btc_daily,16667327.29530240,BTC,daily,OBM v0.1.0
2017-11-07,obm_supply_btc_daily,16669277.29530240,BTC,daily,OBM v0.1.0
2017-11-08,obm_supply_btc_daily,16671077.29530240,BTC,daily,OBM v0.1.0
2017-11-09,obm_supply_btc_daily,16672989.79530240,BTC,daily,OBM v0.1.0
2017-11-10,obm_supply_btc_daily,16674489.79530240,BTC,daily,OBM v0.1.0
2017-11-11,obm_supply_btc_daily,16675489.79530240,BTC,daily,OBM v0.1.0
2017-11-12,obm_supply_btc_daily,16676489.79530240,BTC,daily,OBM v0.1.0
2017-11-13,obm_supply_btc_daily,16678239.79530240,BTC,daily,OBM v0.1.0
2017-11-14,obm_supply_btc_daily,16679839.79530240,BTC,daily,OBM v0.1.0
2017-11-15,obm_supply_btc_daily,16681739.79530240,BTC,daily,OBM v0.1.0
2017-11-16,obm_supply_btc_daily,16683639.79530240,BTC,daily,OBM v0.1.0
2017-11-17,obm_supply_btc_daily,16685727.29530240,BTC,daily,OBM v0.1.0
2017-11-18,obm_supply_btc_daily,16687427.29530240,BTC,daily,OBM v0.1.0
2017-11-19,obm_supply_btc_daily,16689427.29530240,BTC,daily,OBM v0.1.0
2017-11-20,obm_supply_btc_daily,16691614.79530240,BTC,daily,OBM v0.1.0
2017-11-21,obm_supply_btc_daily,16693777.29530240,BTC,daily,OBM v0.1.0
2017-11-22,obm_supply_btc_daily,16695627.29530240,BTC,daily,OBM v0.1.0
2017-11-23,obm_supply_btc_daily,16697589.79530240,BTC,daily,OBM v0.1.0
2017-11-24,obm_supply_btc_daily,16699452.29530240,BTC,daily,OBM v0.1.0
2017-11-25,obm_supply_btc_daily,16701402.29530240,BTC,daily,OBM v0.1.0
2017-11-26,obm_supply_btc_daily,16703314.79530240,BTC,daily,OBM v0.1.0
2017-11-27,obm_supply_btc_daily,16705439.79530240,BTC,daily,OBM v0.1.0
2017-11-28,obm_supply_btc_daily,16707389.79530240,BTC,daily,OBM v0.1.0
2017-11-29,obm_supply_btc_daily,16709552.29530168,BTC,daily,OBM v0.1.0
2017-11-30,obm_supply_btc_daily,16711639.79530168,BTC,daily,OBM v0.1.0
2017-12-01,obm_supply_btc_daily,16713927.29530168,BTC,daily,OBM v0.1.0
2017-12-02,obm_supply_btc_daily,16715939.79530168,BTC,daily,OBM v0.1.0
2017-12-03,obm_supply_btc_daily,16718139.79530168,BTC,daily,OBM v0.1.0
2017-12-04,obm_supply_btc_daily,16720402.29530168,BTC,daily,OBM v0.1.0
2017-12-05,obm_supply_btc_daily,16722627.29530168,BTC,daily,OBM v0.1.0
2017-12-06,obm_supply_btc_daily,16724977.29530168,BTC,daily,OBM v0.1.0
2017-12-07,obm_supply_btc_daily,16726877.29530168,BTC,daily,OBM v0.1.0
2017-12-08,obm_supply_btc_daily,16728827.29530168,BTC,daily,OBM v0.1.0
2017-12-09,obm_supply_btc_daily,16731002.29530168,BTC,daily,OBM v0.1.0
2017-12-10,obm_supply_btc_daily,16733052.29530168,BTC,daily,OBM v0.1.0
2017-12-11,obm_supply_btc_daily,16735189.79530168,BTC,daily,OBM v0.1.0
2017-12-12,obm_supply_btc_daily,16737139.79530168,BTC,daily,OBM v0.1.0
2017-12-13,obm_supply_btc_daily,16739464.79530168,BTC,daily,OBM v0.1.0
2017-12-14,obm_supply_btc_daily,16741777.29530168,BTC,daily,OBM v0.1.0
2017-12-15,obm_supply_btc_daily,16743889.79530089,BTC,daily,OBM v0.1.0
2017-12-16,obm_supply_btc_daily,16746027.29530089,BTC,daily,OBM v0.1.0
2017-12-17,obm_supply_btc_daily,16748339.79530089,BTC,daily,OBM v0.1.0
2017-12-18,obm_supply_btc_daily,16750614.79530089,BTC,daily,OBM v0.1.0
2017-12-19,obm_supply_btc_daily,16752364.79530089,BTC,daily,OBM v0.1.0
2017-12-20,obm_supply_btc_daily,16754064.79530089,BTC,daily,OBM v0.1.0
2017-12-21,obm_supply_btc_daily,16755714.79530089,BTC,daily,OBM v0.1.0
2017-12-22,obm_supply_btc_daily,16757652.29530089,BTC,daily,OBM v0.1.0
2017-12-23,obm_supply_btc_daily,16759389.79530089,BTC,daily,OBM v0.1.0
2017-12-24,obm_supply_btc_daily,16761289.79530089,BTC,daily,OBM v0.1.0
2017-12-25,obm_supply_btc_daily,16762977.29530089,BTC,daily,OBM v0.1.0
2017-12-26,obm_supply_btc_daily,16764752.29530089,BTC,daily,OBM v0.1.0
2017-12-27,obm_supply_btc_daily,16766702.29530089,BTC,daily,OBM v0.1.0
2017-12-28,obm_supply_btc_daily,16768564.79530089,BTC,daily,OBM v0.1.0
2017-12-29,obm_supply_btc_daily,16770627.29530089,BTC,daily,OBM v0.1.0
2017-12-30,obm_supply_btc_daily,16772452.29530089,BTC,daily,OBM v0.1.0
2017-12-31,obm_supply_btc_daily,16774489.79530089,BTC,daily,OBM v0.1.0
2018-01-01,obm_supply_btc_daily,16776439.79530089,BTC,daily,OBM v0.1.0
2018-01-02,obm_supply_btc_daily,16778577.29530089,BTC,daily,OBM v0.1.0
2018-01-03,obm_supply_btc_daily,16780539.79530089,BTC,daily,OBM v0.1.0
2018-01-04,obm_supply_btc_daily,16782639.79530089,BTC,daily,OBM v0.1.0
2018-01-05,obm_supply_btc_daily,16784427.29530014,BTC,daily,OBM v0.1.0
2018-01-06,obm_supply_btc_daily,16786527.29530014,BTC,daily,OBM v0.1.0
2018-01-07,obm_supply_btc_daily,16788552.29530014,BTC,daily,OBM v0.1.0
2018-01-08,obm_supply_btc_daily,16790627.29530014,BTC,daily,OBM v0.1.0
2018-01-09,obm_supply_btc_daily,16792677.29530014,BTC,daily,OBM v0.1.0
2018-01-10,obm_supply_btc_daily,16794752.29530014,BTC,daily,OBM v0.1.0
2018-01-11,obm_supply_btc_daily,16797164.79530014,BTC,daily,OBM v0.1.0
2018-01-12,obm_supply_btc_daily,16799389.79530014,BTC,daily,OBM v0.1.0
2018-01-13,obm_supply_btc_daily,16801252.29530014,BTC,daily,OBM v0.1.0
2018-01-14,obm_supply_btc_daily,16803189.79530014,BTC,daily,OBM v0.1.0
2018-01-15,obm_supply_btc_daily,16805064.79530014,BTC,daily,OBM v0.1.0
2018-01-16,obm_supply_btc_daily,16807052.29530014,BTC,daily,OBM v0.1.0
2018-01-17,obm_supply_btc_daily,16809139.79530014,BTC,daily,OBM v0.1.0
2018-01-18,obm_supply_btc_daily,16811302.29530014,BTC,daily,OBM v0.1.0
2018-01-19,obm_supply_btc_daily,16813364.79530014,BTC,daily,OBM v0.1.0
2018-01-20,obm_supply_btc_daily,16815589.79530014,BTC,daily,OBM v0.1.0
2018-01-21,obm_supply_btc_daily,16817927.29530014,BTC,daily,OBM v0.1.0
2018-01-22,obm_supply_btc_daily,16820014.79530014,BTC,daily,OBM v0.1.0
2018-01-23,obm_supply_btc_daily,16822227.29530014,BTC,daily,OBM v0.1.0
2018-01-24,obm_supply_btc_daily,16824427.29530014,BTC,daily,OBM v0.1.0
2018-01-25,obm_supply_btc_daily,16826402.29530014,BTC,daily,OBM v0.1.0
2018-01-26,obm_supply_btc_daily,16828339.79530014,BTC,daily,OBM v0.1.0
2018-01-27,obm_supply_btc_daily,16830302.29530014,BTC,daily,OBM v0.1.0
2018-01-28,obm_supply_btc_daily,16832277.29530014,BTC,daily,OBM v0.1.0
2018-01-29,obm_supply_btc_daily,16834127.29530014,BTC,daily,OBM v0.1.0
2018-01-30,obm_supply_btc_daily,16836214.79530014,BTC,daily,OBM v0.1.0
2018-01-31,obm_supply_btc_daily,16837677.29530014,BTC,daily,OBM v0.1.0
2018-02-01,obm_supply_btc_daily,16839677.29530014,BTC,daily,OBM v0.1.0
2018-02-02,obm_supply_btc_daily,16841777.29530014,BTC,daily,OBM v0.1.0
2018-02-03,obm_supply_btc_daily,16843752.29530014,BTC,daily,OBM v0.1.0
2018-02-04,obm_supply_btc_daily,16845977.29530014,BTC,daily,OBM v0.1.0
2018-02-05,obm_supply_btc_daily,16848289.79529938,BTC,daily,OBM v0.1.0
2018-02-06,obm_supply_btc_daily,16850414.79529938,BTC,daily,OBM v0.1.0
2018-02-07,obm_supply_btc_daily,16852177.29529938,BTC,daily,OBM v0.1.0
2018-02-08,obm_supply_btc_daily,16853814.79529938,BTC,daily,OBM v0.1.0
2018-02-09,obm_supply_btc_daily,16855502.29529938,BTC,daily,OBM v0.1.0
2018-02-10,obm_supply_btc_daily,16857289.79529938,BTC,daily,OBM v0.1.0
2018-02-11,obm_supply_btc_daily,16859177.29529938,BTC,daily,OBM v0.1.0
2018-02-12,obm_supply_btc_daily,16861252.29529938,BTC,daily,OBM v0.1.0
2018-02-13,obm_supply_btc_daily,16863302.29529938,BTC,daily,OBM v0.1.0
2018-02-14,obm_supply_btc_daily,16865539.79529938,BTC,daily,OBM v0.1.0
2018-02-15,obm_supply_btc_daily,16867177.29529938,BTC,daily,OBM v0.1.0
2018-02-16,obm_supply_btc_daily,16869139.79529938,BTC,daily,OBM v0.1.0
2018-02-17,obm_supply_btc_daily,16871002.29529938,BTC,daily,OBM v0.1.0
2018-02-18,obm_supply_btc_daily,16873027.29529938,BTC,daily,OBM v0.1.0
2018-02-19,obm_supply_btc_daily,16875052.29529938,BTC,daily,OBM v0.1.0
2018-02-20,obm_supply_btc_daily,16876814.79529938,BTC,daily,OBM v0.1.0
2018-02-21,obm_supply_btc_daily,16878927.29529938,BTC,daily,OBM v0.1.0
2018-02-22,obm_supply_btc_daily,16880789.79529938,BTC,daily,OBM v0.1.0
2018-02-23,obm_supply_btc_daily,16882639.79529938,BTC,daily,OBM v0.1.0
2018-02-24,obm_supply_btc_daily,16884452.29529938,BTC,daily,OBM v0.1.0
2018-02-25,obm_supply_btc_daily,16886589.79529938,BTC,daily,OBM v0.1.0
2018-02-26,obm_supply_btc_daily,16888352.29529938,BTC,daily,OBM v0.1.0
2018-02-27,obm_supply_btc_daily,16890352.29529938,BTC,daily,OBM v0.1.0
2018-02-28,obm_supply_btc_daily,16892289.79529865,BTC,daily,OBM v0.1.0
2018-03-01,obm_supply_btc_daily,16894352.29529865,BTC,daily,OBM v0.1.0
2018-03-02,obm_supply_btc_daily,16896302.29529865,BTC,daily,OBM v0.1.0
2018-03-03,obm_supply_btc_daily,16898552.29529865,BTC,daily,OBM v0.1.0
2018-03-04,obm_supply_btc_daily,16900402.29529865,BTC,daily,OBM v0.1.0
2018-03-05,obm_supply_btc_daily,16902264.79529865,BTC,daily,OBM v0.1.0
2018-03-06,obm_supply_btc_daily,16904214.79529865,BTC,daily,OBM v0.1.0
2018-03-07,obm_supply_btc_daily,16906177.29529865,BTC,daily,OBM v0.1.0
2018-03-08,obm_supply_btc_daily,16908202.29529865,BTC,daily,OBM v0.1.0
2018-03-09,obm_supply_btc_daily,16910027.29529865,BTC,daily,OBM v0.1.0
2018-03-10,obm_supply_btc_daily,16911777.29529865,BTC,daily,OBM v0.1.0
2018-03-11,obm_supply_btc_daily,16913689.79529865,BTC,daily,OBM v0.1.0
2018-03-12,obm_supply_btc_daily,16915702.29529865,BTC,daily,OBM v0.1.0
2018-03-13,obm_supply_btc_daily,16917677.29529865,BTC,daily,OBM v0.1.0
2018-03-14,obm_supply_btc_daily,16919477.29529865,BTC,daily,OBM v0.1.0
2018-03-15,obm_supply_btc_daily,16921277.29529865,BTC,daily,OBM v0.1.0
2018-03-16,obm_supply_btc_daily,16923227.29529865,BTC,daily,OBM v0.1.0
2018-03-17,obm_supply_btc_daily,16925089.79529865,BTC,daily,OBM v0.1.0
2018-03-18,obm_supply_btc_daily,16926977.29529865,BTC,daily,OBM v0.1.0
2018-03-19,obm_supply_btc_daily,16928914.79529865,BTC,daily,OBM v0.1.0
2018-03-20,obm_supply_btc_daily,16930502.29529865,BTC,daily,OBM v0.1.0
2018-03-21,obm_supply_btc_daily,16932402.29529865,BTC,daily,OBM v0.1.0
2018-03-22,obm_supply_btc_daily,16934189.79529865,BTC,daily,OBM v0.1.0
2018-03-23,obm_supply_btc_daily,16935852.29529721,BTC,daily,OBM v0.1.0
2018-03-24,obm_supply_btc_daily,16937802.29529721,BTC,daily,OBM v0.1.0
2018-03-25,obm_supply_btc_daily,16939489.79529721,BTC,daily,OBM v0.1.0
2018-03-26,obm_supply_btc_daily,16941364.79529721,BTC,daily,OBM v0.1.0
2018-03-27,obm_supply_btc_daily,16943264.79529721,BTC,daily,OBM v0.1.0
2018-03-28,obm_supply_btc_daily,16944952.29529721,BTC,daily,OBM v0.1.0
2018-03-29,obm_supply_btc_daily,16946852.29529721,BTC,daily,OBM v0.1.0
2018-03-30,obm_supply_btc_daily,16948877.29529721,BTC,daily,OBM v0.1.0
2018-03-31,obm_supply_btc_daily,16950477.29529721,BTC,daily,OBM v0.1.0
2018-04-01,obm_supply_btc_daily,16952502.29529721,BTC,daily,OBM v0.1.0
2018-04-02,obm_supply_btc_daily,16954452.29529721,BTC,daily,OBM v0.1.0
2018-04-03,obm_supply_btc_daily,16956489.79529721,BTC,daily,OBM v0.1.0
2018-04-04,obm_supply_btc_daily,16958327.29529721,BTC,daily,OBM v0.1.0
2018-04-05,obm_supply_btc_daily,16960277.29529721,BTC,daily,OBM v0.1.0
2018-04-06,obm_supply_btc_daily,16962002.29529721,BTC,daily,OBM v0.1.0
2018-04-07,obm_supply_btc_daily,16964252.29529721,BTC,daily,OBM v0.1.0
2018-04-08,obm_supply_btc_daily,16966264.79529721,BTC,daily,OBM v0.1.0
2018-04-09,obm_supply_btc_daily,16968102.29529721,BTC,daily,OBM v0.1.0
2018-04-10,obm_supply_btc_daily,16970152.29529721,BTC,daily,OBM v0.1.0
2018-04-11,obm_supply_btc_daily,16972164.79529721,BTC,daily,OBM v0.1.0
2018-04-12,obm_supply_btc_daily,16974089.79529721,BTC,daily,OBM v0.1.0
2018-04-13,obm_supply_btc_daily,16976152.29529721,BTC,daily,OBM v0.1.0
2018-04-14,obm_supply_btc_daily,16977864.79529721,BTC,daily,OBM v0.1.0
2018-04-15,obm_supply_btc_daily,16979902.29529721,BTC,daily,OBM v0.1.0
2018-04-16,obm_supply_btc_daily,16981664.79529721,BTC,daily,OBM v0.1.0
2018-04-17,obm_supply_btc_daily,16983689.79529721,BTC,daily,OBM v0.1.0
2018-04-18,obm_supply_btc_daily,16985689.79529721,BTC,daily,OBM v0.1.0
2018-04-19,obm_supply_btc_daily,16987914.79529721,BTC,daily,OBM v0.1.0
2018-04-20,obm_supply_btc_daily,16989627.29529721,BTC,daily,OBM v0.1.0
2018-04-21,obm_supply_btc_daily,16991614.79529721,BTC,daily,OBM v0.1.0
2018-04-22,obm_supply_btc_daily,16993614.79529721,BTC,daily,OBM v0.1.0
2018-04-23,obm_supply_btc_daily,16995527.29529721,BTC,daily,OBM v0.1.0
2018-04-24,obm_supply_btc_daily,16997514.79529721,BTC,daily,OBM v0.1.0
2018-04-25,obm_supply_btc_daily,16999052.29529721,BTC,daily,OBM v0.1.0
2018-04-26,obm_supply_btc_daily,17000814.79529721,BTC,daily,OBM v0.1.0
2018-04-27,obm_supply_btc_daily,17002589.79529721,BTC,daily,OBM v0.1.0
2018-04-28,obm_supply_btc_daily,17004189.79529721,BTC,daily,OBM v0.1.0
2018-04-29,obm_supply_btc_daily,17006164.79529721,BTC,daily,OBM v0.1.0
2018-04-30,obm_supply_btc_daily,17008102.29529721,BTC,daily,OBM v0.1.0
2018-05-01,obm_supply_btc_daily,17010077.29529721,BTC,daily,OBM v0.1.0
2018-05-02,obm_supply_btc_daily,17011827.29529721,BTC,daily,OBM v0.1.0
2018-05-03,obm_supply_btc_daily,17013714.79529721,BTC,daily,OBM v0.1.0
2018-05-04,obm_supply_btc_daily,17015439.79529721,BTC,daily,OBM v0.1.0
2018-05-05,obm_supply_btc_daily,17017452.29529721,BTC,daily,OBM v0.1.0
2018-05-06,obm_supply_btc_daily,17019164.79529721,BTC,daily,OBM v0.1.0
2018-05-07,obm_supply_btc_daily,17021039.79529721,BTC,daily,OBM v0.1.0
2018-05-08,obm_supply_btc_daily,17022777.29529647,BTC,daily,OBM v0.1.0
2018-05-09,obm_supply_btc_daily,17024777.29529647,BTC,daily,OBM v0.1.0
2018-05-10,obm_supply_btc_daily,17026702.29529647,BTC,daily,OBM v0.1.0
2018-05-11,obm_supply_btc_daily,17028289.79529647,BTC,daily,OBM v0.1.0
2018-05-12,obm_supply_btc_daily,17030352.29529647,BTC,daily,OBM v0.1.0
2018-05-13,obm_supply_btc_daily,17032202.29529647,BTC,daily,OBM v0.1.0
2018-05-14,obm_supply_btc_daily,17033852.29529647,BTC,daily,OBM v0.1.0
2018-05-15,obm_supply_btc_daily,17035677.29529647,BTC,daily,OBM v0.1.0
2018-05-16,obm_supply_btc_daily,17037914.79529647,BTC,daily,OBM v0.1.0
2018-05-17,obm_supply_btc_daily,17039564.79529647,BTC,daily,OBM v0.1.0
2018-05-18,obm_supply_btc_daily,17041414.79529647,BTC,daily,OBM v0.1.0
2018-05-19,obm_supply_btc_daily,17043339.79529647,BTC,daily,OBM v0.1.0
2018-05-20,obm_supply_btc_daily,17045139.79529647,BTC,daily,OBM v0.1.0
2018-05-21,obm_supply_btc_daily,17047102.29529647,BTC,daily,OBM v0.1.0
2018-05-22,obm_supply_btc_daily,17048989.79529647,BTC,daily,OBM v0.1.0
2018-05-23,obm_supply_btc_daily,17051014.79529647,BTC,daily,OBM v0.1.0
2018-05-24,obm_supply_btc_daily,17052802.29529647,BTC,daily,OBM v0.1.0
2018-05-25,obm_supply_btc_daily,17055002.29529647,BTC,daily,OBM v0.1.0
2018-05-26,obm_supply_btc_daily,17057027.29529647,BTC,daily,OBM v0.1.0
2018-05-27,obm_supply_btc_daily,17059077.29529577,BTC,daily,OBM v0.1.0
2018-05-28,obm_supply_btc_daily,17061027.29529577,BTC,daily,OBM v0.1.0
2018-05-29,obm_supply_btc_daily,17062764.79529577,BTC,daily,OBM v0.1.0
2018-05-30,obm_supply_btc_daily,17064939.79529577,BTC,daily,OBM v0.1.0
2018-05-31,obm_supply_btc_daily,17067064.79529577,BTC,daily,OBM v0.1.0
2018-06-01,obm_supply_btc_daily,17069139.79529577,BTC,daily,OBM v0.1.0
2018-06-02,obm_supply_btc_daily,17071039.79529577,BTC,daily,OBM v0.1.0
2018-06-03,obm_supply_btc_daily,17073077.29529577,BTC,daily,OBM v0.1.0
2018-06-04,obm_supply_btc_daily,17075364.79529577,BTC,daily,OBM v0.1.0
2018-06-05,obm_supply_btc_daily,17077552.29529577,BTC,daily,OBM v0.1.0
2018-06-06,obm_supply_btc_daily,17079389.79529500,BTC,daily,OBM v0.1.0
2018-06-07,obm_supply_btc_daily,17081177.29529500,BTC,daily,OBM v0.1.0
2018-06-08,obm_supply_btc_daily,17082983.54529500,BTC,daily,OBM v0.1.0
2018-06-09,obm_supply_btc_daily,17084771.04529429,BTC,daily,OBM v0.1.0
2018-06-10,obm_supply_btc_daily,17086358.54529429,BTC,daily,OBM v0.1.0
2018-06-11,obm_supply_btc_daily,17088108.54529356,BTC,daily,OBM v0.1.0
2018-06-12,obm_supply_btc_daily,17089921.04529356,BTC,daily,OBM v0.1.0
2018-06-13,obm_supply_btc_daily,17091708.54529276,BTC,daily,OBM v0.1.0
2018-06-14,obm_supply_btc_daily,17093621.04529200,BTC,daily,OBM v0.1.0
2018-06-15,obm_supply_btc_daily,17095533.54529054,BTC,daily,OBM v0.1.0
2018-06-16,obm_supply_btc_daily,17097608.54529054,BTC,daily,OBM v0.1.0
2018-06-17,obm_supply_btc_daily,17099571.04528978,BTC,daily,OBM v0.1.0
2018-06-18,obm_supply_btc_daily,17101621.04528978,BTC,daily,OBM v0.1.0
2018-06-19,obm_supply_btc_daily,17103558.54528904,BTC,daily,OBM v0.1.0
2018-06-20,obm_supply_btc_daily,17105496.04528825,BTC,daily,OBM v0.1.0
2018-06-21,obm_supply_btc_daily,17107621.04528752,BTC,daily,OBM v0.1.0
2018-06-22,obm_supply_btc_daily,17109508.54528752,BTC,daily,OBM v0.1.0
2018-06-23,obm_supply_btc_daily,17111508.54528752,BTC,daily,OBM v0.1.0
2018-06-24,obm_supply_btc_daily,17113646.04528680,BTC,daily,OBM v0.1.0
2018-06-25,obm_supply_btc_daily,17115608.54528680,BTC,daily,OBM v0.1.0
2018-06-26,obm_supply_btc_daily,17117433.54528680,BTC,daily,OBM v0.1.0
2018-06-27,obm_supply_btc_daily,17118946.04528680,BTC,daily,OBM v0.1.0
2018-06-28,obm_supply_btc_daily,17120908.54528680,BTC,daily,OBM v0.1.0
2018-06-29,obm_supply_btc_daily,17122796.04528680,BTC,daily,OBM v0.1.0
2018-06-30,obm_supply_btc_daily,17124558.54528606,BTC,daily,OBM v0.1.0
2018-07-01,obm_supply_btc_daily,17126396.04528529,BTC,daily,OBM v0.1.0
2018-07-02,obm_supply_btc_daily,17128158.54528529,BTC,daily,OBM v0.1.0
2018-07-03,obm_supply_btc_daily,17129608.54528451,BTC,daily,OBM v0.1.0
2018-07-04,obm_supply_btc_daily,17131283.54523007,BTC,daily,OBM v0.1.0
2018-07-05,obm_supply_btc_daily,17132996.04522934,BTC,daily,OBM v0.1.0
2018-07-06,obm_supply_btc_daily,17134996.04517556,BTC,daily,OBM v0.1.0
2018-07-07,obm_supply_btc_daily,17136946.04517556,BTC,daily,OBM v0.1.0
2018-07-08,obm_supply_btc_daily,17138921.04517556,BTC,daily,OBM v0.1.0
2018-07-09,obm_supply_btc_daily,17140621.04517477,BTC,daily,OBM v0.1.0
2018-07-10,obm_supply_btc_daily,17142483.54512074,BTC,daily,OBM v0.1.0
2018-07-11,obm_supply_btc_daily,17144171.04512074,BTC,daily,OBM v0.1.0
2018-07-12,obm_supply_btc_daily,17145933.54512074,BTC,daily,OBM v0.1.0
2018-07-13,obm_supply_btc_daily,17147721.04512074,BTC,daily,OBM v0.1.0
2018-07-14,obm_supply_btc_daily,17149383.54512074,BTC,daily,OBM v0.1.0
2018-07-15,obm_supply_btc_daily,17151046.04512074,BTC,daily,OBM v0.1.0
2018-07-16,obm_supply_btc_daily,17152546.04512074,BTC,daily,OBM v0.1.0
2018-07-17,obm_supply_btc_daily,17154533.54512074,BTC,daily,OBM v0.1.0
2018-07-18,obm_supply_btc_daily,17156708.54511927,BTC,daily,OBM v0.1.0
2018-07-19,obm_supply_btc_daily,17158846.04511857,BTC,daily,OBM v0.1.0
2018-07-20,obm_supply_btc_daily,17160771.04511857,BTC,daily,OBM v0.1.0
2018-07-21,obm_supply_btc_daily,17162483.54511857,BTC,daily,OBM v0.1.0
2018-07-22,obm_supply_btc_daily,17164758.54511857,BTC,daily,OBM v0.1.0
2018-07-23,obm_supply_btc_daily,17166833.54511857,BTC,daily,OBM v0.1.0
2018-07-24,obm_supply_btc_daily,17168821.04511781,BTC,daily,OBM v0.1.0
2018-07-25,obm_supply_btc_daily,17171033.54511709,BTC,daily,OBM v0.1.0
2018-07-26,obm_supply_btc_daily,17173096.04511709,BTC,daily,OBM v0.1.0
2018-07-27,obm_supply_btc_daily,17175183.54511556,BTC,daily,OBM v0.1.0
2018-07-28,obm_supply_btc_daily,17176996.04511483,BTC,daily,OBM v0.1.0
2018-07-29,obm_supply_btc_daily,17179121.04500628,BTC,daily,OBM v0.1.0
2018-07-30,obm_supply_btc_daily,17180796.04500628,BTC,daily,OBM v0.1.0
2018-07-31,obm_supply_btc_daily,17182633.54500550,BTC,daily,OBM v0.1.0
2018-08-01,obm_supply_btc_daily,17184508.54500394,BTC,daily,OBM v0.1.0
2018-08-02,obm_supply_btc_daily,17186421.04500245,BTC,daily,OBM v0.1.0
2018-08-03,obm_supply_btc_daily,17188496.04500245,BTC,daily,OBM v0.1.0
2018-08-04,obm_supply_btc_daily,17190696.04500245,BTC,daily,OBM v0.1.0
2018-08-05,obm_supply_btc_daily,17192696.04500245,BTC,daily,OBM v0.1.0
2018-08-06,obm_supply_btc_daily,17194333.54500166,BTC,daily,OBM v0.1.0
2018-08-07,obm_supply_btc_daily,17196221.04500166,BTC,daily,OBM v0.1.0
2018-08-08,obm_supply_btc_daily,17198183.54500018,BTC,daily,OBM v0.1.0
2018-08-09,obm_supply_btc_daily,17200046.04500018,BTC,daily,OBM v0.1.0
2018-08-10,obm_supply_btc_daily,17202246.04499945,BTC,daily,OBM v0.1.0
2018-08-11,obm_supply_btc_daily,17204371.04499945,BTC,daily,OBM v0.1.0
2018-08-12,obm_supply_btc_daily,17206308.54499871,BTC,daily,OBM v0.1.0
2018-08-13,obm_supply_btc_daily,17208183.54499795,BTC,daily,OBM v0.1.0
2018-08-14,obm_supply_btc_daily,17209883.54499795,BTC,daily,OBM v0.1.0
2018-08-15,obm_supply_btc_daily,17211896.04499717,BTC,daily,OBM v0.1.0
2018-08-16,obm_supply_btc_daily,17213871.04499717,BTC,daily,OBM v0.1.0
2018-08-17,obm_supply_btc_daily,17215771.04499717,BTC,daily,OBM v0.1.0
2018-08-18,obm_supply_btc_daily,17217771.04499717,BTC,daily,OBM v0.1.0
2018-08-19,obm_supply_btc_daily,17219583.54499561,BTC,daily,OBM v0.1.0
2018-08-20,obm_supply_btc_daily,17221458.54499561,BTC,daily,OBM v0.1.0
2018-08-21,obm_supply_btc_daily,17223308.54499493,BTC,daily,OBM v0.1.0
2018-08-22,obm_supply_btc_daily,17225308.54499343,BTC,daily,OBM v0.1.0
2018-08-23,obm_supply_btc_daily,17227171.04499270,BTC,daily,OBM v0.1.0
2018-08-24,obm_supply_btc_daily,17228996.04499270,BTC,daily,OBM v0.1.0
2018-08-25,obm_supply_btc_daily,17230683.54499270,BTC,daily,OBM v0.1.0
2018-08-26,obm_supply_btc_daily,17232846.04499128,BTC,daily,OBM v0.1.0
2018-08-27,obm_supply_btc_daily,17235158.54499055,BTC,daily,OBM v0.1.0
2018-08-28,obm_supply_btc_daily,17237071.04499055,BTC,daily,OBM v0.1.0
2018-08-29,obm_supply_btc_daily,17238808.54499055,BTC,daily,OBM v0.1.0
2018-08-30,obm_supply_btc_daily,17240733.54498979,BTC,daily,OBM v0.1.0
2018-08-31,obm_supply_btc_daily,17242671.04498823,BTC,daily,OBM v0.1.0
2018-09-01,obm_supply_btc_daily,17244558.54498823,BTC,daily,OBM v0.1.0
2018-09-02,obm_supply_btc_daily,17246358.54498746,BTC,daily,OBM v0.1.0
2018-09-03,obm_supply_btc_daily,17248158.54498670,BTC,daily,OBM v0.1.0
2018-09-04,obm_supply_btc_daily,17249733.54498670,BTC,daily,OBM v0.1.0
2018-09-05,obm_supply_btc_daily,17251383.54498367,BTC,daily,OBM v0.1.0
2018-09-06,obm_supply_btc_daily,17253258.54498288,BTC,daily,OBM v0.1.0
2018-09-07,obm_supply_btc_daily,17255158.54498288,BTC,daily,OBM v0.1.0
2018-09-08,obm_supply_btc_daily,17257033.54498288,BTC,daily,OBM v0.1.0
2018-09-09,obm_supply_btc_daily,17259071.04498288,BTC,daily,OBM v0.1.0
2018-09-10,obm_supply_btc_daily,17260758.54498288,BTC,daily,OBM v0.1.0
2018-09-11,obm_supply_btc_daily,17262521.04498288,BTC,daily,OBM v0.1.0
2018-09-12,obm_supply_btc_daily,17264621.04498219,BTC,daily,OBM v0.1.0
2018-09-13,obm_supply_btc_daily,17266471.04498139,BTC,daily,OBM v0.1.0
2018-09-14,obm_supply_btc_daily,17268121.04498139,BTC,daily,OBM v0.1.0
2018-09-15,obm_supply_btc_daily,17269871.04498139,BTC,daily,OBM v0.1.0
2018-09-16,obm_supply_btc_daily,17271608.54498061,BTC,daily,OBM v0.1.0
2018-09-17,obm_supply_btc_daily,17273296.04498061,BTC,daily,OBM v0.1.0
2018-09-18,obm_supply_btc_daily,17275071.04498061,BTC,daily,OBM v0.1.0
2018-09-19,obm_supply_btc_daily,17277021.04498061,BTC,daily,OBM v0.1.0
2018-09-20,obm_supply_btc_daily,17278946.04498061,BTC,daily,OBM v0.1.0
2018-09-21,obm_supply_btc_daily,17280746.04497988,BTC,daily,OBM v0.1.0
2018-09-22,obm_supply_btc_daily,17282683.54497911,BTC,daily,OBM v0.1.0
2018-09-23,obm_supply_btc_daily,17284558.54497911,BTC,daily,OBM v0.1.0
2018-09-24,obm_supply_btc_daily,17286408.54497911,BTC,daily,OBM v0.1.0
2018-09-25,obm_supply_btc_daily,17288521.04497911,BTC,daily,OBM v0.1.0
2018-09-26,obm_supply_btc_daily,17290258.54497911,BTC,daily,OBM v0.1.0
2018-09-27,obm_supply_btc_daily,17292046.04497911,BTC,daily,OBM v0.1.0
2018-09-28,obm_supply_btc_daily,17293971.04497911,BTC,daily,OBM v0.1.0
2018-09-29,obm_supply_btc_daily,17295871.04497911,BTC,daily,OBM v0.1.0
2018-09-30,obm_supply_btc_daily,17297908.54497911,BTC,daily,OBM v0.1.0
2018-10-01,obm_supply_btc_daily,17299883.54497911,BTC,daily,OBM v0.1.0
2018-10-02,obm_supply_btc_daily,17301596.04497911,BTC,daily,OBM v0.1.0
2018-10-03,obm_supply_btc_daily,17303408.54497911,BTC,daily,OBM v0.1.0
2018-10-04,obm_supply_btc_daily,17305283.54497911,BTC,daily,OBM v0.1.0
2018-10-05,obm_supply_btc_daily,17306908.54497911,BTC,daily,OBM v0.1.0
2018-10-06,obm_supply_btc_daily,17308471.04497911,BTC,daily,OBM v0.1.0
2018-10-07,obm_supply_btc_daily,17310246.04497841,BTC,daily,OBM v0.1.0
2018-10-08,obm_supply_btc_daily,17311933.54497841,BTC,daily,OBM v0.1.0
2018-10-09,obm_supply_btc_daily,17313558.54497841,BTC,daily,OBM v0.1.0
2018-10-10,obm_supply_btc_daily,17315358.54497841,BTC,daily,OBM v0.1.0
2018-10-11,obm_supply_btc_daily,17317346.04497841,BTC,daily,OBM v0.1.0
2018-10-12,obm_supply_btc_daily,17318996.04497841,BTC,daily,OBM v0.1.0
2018-10-13,obm_supply_btc_daily,17320758.54497841,BTC,daily,OBM v0.1.0
2018-10-14,obm_supply_btc_daily,17322183.54497841,BTC,daily,OBM v0.1.0
2018-10-15,obm_supply_btc_daily,17324208.54497841,BTC,daily,OBM v0.1.0
2018-10-16,obm_supply_btc_daily,17325896.04497841,BTC,daily,OBM v0.1.0
2018-10-17,obm_supply_btc_daily,17327621.04497841,BTC,daily,OBM v0.1.0
2018-10-18,obm_supply_btc_daily,17329346.04497841,BTC,daily,OBM v0.1.0
2018-10-19,obm_supply_btc_daily,17331121.04497841,BTC,daily,OBM v0.1.0
2018-10-20,obm_supply_btc_daily,17332908.54497841,BTC,daily,OBM v0.1.0
2018-10-21,obm_supply_btc_daily,17334633.54497841,BTC,daily,OBM v0.1.0
2018-10-22,obm_supply_btc_daily,17336571.04497841,BTC,daily,OBM v0.1.0
2018-10-23,obm_supply_btc_daily,17338496.04497761,BTC,daily,OBM v0.1.0
2018-10-24,obm_supply_btc_daily,17339908.54497761,BTC,daily,OBM v0.1.0
2018-10-25,obm_supply_btc_daily,17341621.04497761,BTC,daily,OBM v0.1.0
2018-10-26,obm_supply_btc_daily,17343408.54497761,BTC,daily,OBM v0.1.0
2018-10-27,obm_supply_btc_daily,17345108.54497761,BTC,daily,OBM v0.1.0
2018-10-28,obm_supply_btc_daily,17346858.54497761,BTC,daily,OBM v0.1.0
2018-10-29,obm_supply_btc_daily,17348683.54497761,BTC,daily,OBM v0.1.0
2018-10-30,obm_supply_btc_daily,17350608.54497761,BTC,daily,OBM v0.1.0
2018-10-31,obm_supply_btc_daily,17352646.04497761,BTC,daily,OBM v0.1.0
2018-11-01,obm_supply_btc_daily,17354571.04497761,BTC,daily,OBM v0.1.0
2018-11-02,obm_supply_btc_daily,17356358.54497761,BTC,daily,OBM v0.1.0
2018-11-03,obm_supply_btc_daily,17358371.04497687,BTC,daily,OBM v0.1.0
2018-11-04,obm_supply_btc_daily,17359908.54497687,BTC,daily,OBM v0.1.0
2018-11-05,obm_supply_btc_daily,17361708.54497687,BTC,daily,OBM v0.1.0
2018-11-06,obm_supply_btc_daily,17363308.54497687,BTC,daily,OBM v0.1.0
2018-11-07,obm_supply_btc_daily,17364933.54497613,BTC,daily,OBM v0.1.0
2018-11-08,obm_supply_btc_daily,17366446.04497613,BTC,daily,OBM v0.1.0
2018-11-09,obm_supply_btc_daily,17368033.54497613,BTC,daily,OBM v0.1.0
2018-11-10,obm_supply_btc_daily,17369671.04497613,BTC,daily,OBM v0.1.0
2018-11-11,obm_supply_btc_daily,17371496.04497613,BTC,daily,OBM v0.1.0
2018-11-12,obm_supply_btc_daily,17373246.04497613,BTC,daily,OBM v0.1.0
2018-11-13,obm_supply_btc_daily,17374746.04497613,BTC,daily,OBM v0.1.0
2018-11-14,obm_supply_btc_daily,17376433.54497613,BTC,daily,OBM v0.1.0
2018-11-15,obm_supply_btc_daily,17378021.04497542,BTC,daily,OBM v0.1.0
2018-11-16,obm_supply_btc_daily,17379596.04497542,BTC,daily,OBM v0.1.0
2018-11-17,obm_supply_btc_daily,17381408.54497542,BTC,daily,OBM v0.1.0
2018-11-18,obm_supply_btc_daily,17382946.04497542,BTC,daily,OBM v0.1.0
2018-11-19,obm_supply_btc_daily,17384521.04497542,BTC,daily,OBM v0.1.0
2018-11-20,obm_supply_btc_daily,17386171.04497542,BTC,daily,OBM v0.1.0
2018-11-21,obm_supply_btc_daily,17387483.54497542,BTC,daily,OBM v0.1.0
2018-11-22,obm_supply_btc_daily,17389008.54497542,BTC,daily,OBM v0.1.0
2018-11-23,obm_supply_btc_daily,17390571.04497542,BTC,daily,OBM v0.1.0
2018-11-24,obm_supply_btc_daily,17392358.54497542,BTC,daily,OBM v0.1.0
2018-11-25,obm_supply_btc_daily,17393946.04497542,BTC,daily,OBM v0.1.0
2018-11-26,obm_supply_btc_daily,17395333.54497542,BTC,daily,OBM v0.1.0
2018-11-27,obm_supply_btc_daily,17396971.04497542,BTC,daily,OBM v0.1.0
2018-11-28,obm_supply_btc_daily,17398446.04497467,BTC,daily,OBM v0.1.0
2018-11-29,obm_supply_btc_daily,17399758.54497467,BTC,daily,OBM v0.1.0
2018-11-30,obm_supply_btc_daily,17401021.04497467,BTC,daily,OBM v0.1.0
2018-12-01,obm_supply_btc_daily,17402571.04497467,BTC,daily,OBM v0.1.0
2018-12-02,obm_supply_btc_daily,17403996.04497467,BTC,daily,OBM v0.1.0
2018-12-03,obm_supply_btc_daily,17405421.04497467,BTC,daily,OBM v0.1.0
2018-12-04,obm_supply_btc_daily,17407146.04497467,BTC,daily,OBM v0.1.0
2018-12-05,obm_supply_btc_daily,17408771.04497467,BTC,daily,OBM v0.1.0
2018-12-06,obm_supply_btc_daily,17410458.54497467,BTC,daily,OBM v0.1.0
2018-12-07,obm_supply_btc_daily,17411883.54497467,BTC,daily,OBM v0.1.0
2018-12-08,obm_supply_btc_daily,17413471.04497467,BTC,daily,OBM v0.1.0
2018-12-09,obm_supply_btc_daily,17415071.04497467,BTC,daily,OBM v0.1.0
2018-12-10,obm_supply_btc_daily,17416621.04497467,BTC,daily,OBM v0.1.0
2018-12-11,obm_supply_btc_daily,17418183.54497391,BTC,daily,OBM v0.1.0
2018-12-12,obm_supply_btc_daily,17419683.54497391,BTC,daily,OBM v0.1.0
2018-12-13,obm_supply_btc_daily,17421321.04497391,BTC,daily,OBM v0.1.0
2018-12-14,obm_supply_btc_daily,17423146.04497391,BTC,daily,OBM v0.1.0
2018-12-15,obm_supply_btc_daily,17425008.54497391,BTC,daily,OBM v0.1.0
2018-12-16,obm_supply_btc_daily,17426446.04497391,BTC,daily,OBM v0.1.0
2018-12-17,obm_supply_btc_daily,17428446.04497391,BTC,daily,OBM v0.1.0
2018-12-18,obm_supply_btc_daily,17430046.04497391,BTC,daily,OBM v0.1.0
2018-12-19,obm_supply_btc_daily,17431908.54497391,BTC,daily,OBM v0.1.0
2018-12-20,obm_supply_btc_daily,17433596.04497391,BTC,daily,OBM v0.1.0
2018-12-21,obm_supply_btc_daily,17435346.04497391,BTC,daily,OBM v0.1.0
2018-12-22,obm_supply_btc_daily,17437533.54497391,BTC,daily,OBM v0.1.0
2018-12-23,obm_supply_btc_daily,17439733.54497391,BTC,daily,OBM v0.1.0
2018-12-24,obm_supply_btc_daily,17441633.54497391,BTC,daily,OBM v0.1.0
2018-12-25,obm_supply_btc_daily,17443621.04497391,BTC,daily,OBM v0.1.0
2018-12-26,obm_supply_btc_daily,17445583.54497391,BTC,daily,OBM v0.1.0
2018-12-27,obm_supply_btc_daily,17447758.54497391,BTC,daily,OBM v0.1.0
2018-12-28,obm_supply_btc_daily,17449846.04497391,BTC,daily,OBM v0.1.0
2018-12-29,obm_supply_btc_daily,17451571.04497391,BTC,daily,OBM v0.1.0
2018-12-30,obm_supply_btc_daily,17453771.04497391,BTC,daily,OBM v0.1.0
2018-12-31,obm_supply_btc_daily,17455708.54497391,BTC,daily,OBM v0.1.0
2019-01-01,obm_supply_btc_daily,17457571.04497391,BTC,daily,OBM v0.1.0
2019-01-02,obm_supply_btc_daily,17459458.54497391,BTC,daily,OBM v0.1.0
2019-01-03,obm_supply_btc_daily,17461396.04497391,BTC,daily,OBM v0.1.0
2019-01-04,obm_supply_btc_daily,17463258.54497391,BTC,daily,OBM v0.1.0
2019-01-05,obm_supply_btc_daily,17465296.04497391,BTC,daily,OBM v0.1.0
2019-01-06,obm_supply_btc_daily,17467058.54497391,BTC,daily,OBM v0.1.0
2019-01-07,obm_supply_btc_daily,17468821.04497391,BTC,daily,OBM v0.1.0
2019-01-08,obm_supply_btc_daily,17470933.54497391,BTC,daily,OBM v0.1.0
2019-01-09,obm_supply_btc_daily,17472983.54497391,BTC,daily,OBM v0.1.0
2019-01-10,obm_supply_btc_daily,17474933.54497391,BTC,daily,OBM v0.1.0
2019-01-11,obm_supply_btc_daily,17476783.54497391,BTC,daily,OBM v0.1.0
2019-01-12,obm_supply_btc_daily,17478508.54497391,BTC,daily,OBM v0.1.0
2019-01-13,obm_supply_btc_daily,17480221.04497391,BTC,daily,OBM v0.1.0
2019-01-14,obm_supply_btc_daily,17482083.54497391,BTC,daily,OBM v0.1.0
2019-01-15,obm_supply_btc_daily,17483733.54497391,BTC,daily,OBM v0.1.0
2019-01-16,obm_supply_btc_daily,17485396.04497391,BTC,daily,OBM v0.1.0
2019-01-17,obm_supply_btc_daily,17486983.54497391,BTC,daily,OBM v0.1.0
2019-01-18,obm_supply_btc_daily,17488708.54497391,BTC,daily,OBM v0.1.0
2019-01-19,obm_supply_btc_daily,17490371.04497391,BTC,daily,OBM v0.1.0
2019-01-20,obm_supply_btc_daily,17492333.54497391,BTC,daily,OBM v0.1.0
2019-01-21,obm_supply_btc_daily,17494208.54497391,BTC,daily,OBM v0.1.0
2019-01-22,obm_supply_btc_daily,17495833.54497391,BTC,daily,OBM v0.1.0
2019-01-23,obm_supply_btc_daily,17497658.54497391,BTC,daily,OBM v0.1.0
2019-01-24,obm_supply_btc_daily,17499683.54497312,BTC,daily,OBM v0.1.0
2019-01-25,obm_supply_btc_daily,17501408.54497312,BTC,daily,OBM v0.1.0
2019-01-26,obm_supply_btc_daily,17503283.54497312,BTC,daily,OBM v0.1.0
2019-01-27,obm_supply_btc_daily,17504996.04497312,BTC,daily,OBM v0.1.0
2019-01-28,obm_supply_btc_daily,17506808.54497312,BTC,daily,OBM v0.1.0
2019-01-29,obm_supply_btc_daily,17508633.54497312,BTC,daily,OBM v0.1.0
2019-01-30,obm_supply_btc_daily,17510333.54497312,BTC,daily,OBM v0.1.0
2019-01-31,obm_supply_btc_daily,17512271.04497312,BTC,daily,OBM v0.1.0
2019-02-01,obm_supply_btc_daily,17514246.04497312,BTC,daily,OBM v0.1.0
2019-02-02,obm_supply_btc_daily,17516046.04497312,BTC,daily,OBM v0.1.0
2019-02-03,obm_supply_btc_daily,17517771.04497312,BTC,daily,OBM v0.1.0
2019-02-04,obm_supply_btc_daily,17519608.54497312,BTC,daily,OBM v0.1.0
2019-02-05,obm_supply_btc_daily,17521446.04497312,BTC,daily,OBM v0.1.0
2019-02-06,obm_supply_btc_daily,17523496.04497312,BTC,daily,OBM v0.1.0
2019-02-07,obm_supply_btc_daily,17525671.04497312,BTC,daily,OBM v0.1.0
2019-02-08,obm_supply_btc_daily,17527708.54497312,BTC,daily,OBM v0.1.0
2019-02-09,obm_supply_btc_daily,17529583.54497312,BTC,daily,OBM v0.1.0
2019-02-10,obm_supply_btc_daily,17531333.54497312,BTC,daily,OBM v0.1.0
2019-02-11,obm_supply_btc_daily,17533146.04497312,BTC,daily,OBM v0.1.0
2019-02-12,obm_supply_btc_daily,17534746.04497312,BTC,daily,OBM v0.1.0
2019-02-13,obm_supply_btc_daily,17536658.54497312,BTC,daily,OBM v0.1.0
2019-02-14,obm_supply_btc_daily,17538421.04497312,BTC,daily,OBM v0.1.0
2019-02-15,obm_supply_btc_daily,17540008.54497312,BTC,daily,OBM v0.1.0
2019-02-16,obm_supply_btc_daily,17541883.54497312,BTC,daily,OBM v0.1.0
2019-02-17,obm_supply_btc_daily,17543871.04497312,BTC,daily,OBM v0.1.0
2019-02-18,obm_supply_btc_daily,17545808.54497312,BTC,daily,OBM v0.1.0
2019-02-19,obm_supply_btc_daily,17547758.54497312,BTC,daily,OBM v0.1.0
2019-02-20,obm_supply_btc_daily,17549383.54497312,BTC,daily,OBM v0.1.0
2019-02-21,obm_supply_btc_daily,17550871.04497312,BTC,daily,OBM v0.1.0
2019-02-22,obm_supply_btc_daily,17552896.04497312,BTC,daily,OBM v0.1.0
2019-02-23,obm_supply_btc_daily,17554683.54497312,BTC,daily,OBM v0.1.0
2019-02-24,obm_supply_btc_daily,17556396.04497312,BTC,daily,OBM v0.1.0
2019-02-25,obm_supply_btc_daily,17558183.54497312,BTC,daily,OBM v0.1.0
2019-02-26,obm_supply_btc_daily,17560196.04497312,BTC,daily,OBM v0.1.0
2019-02-27,obm_supply_btc_daily,17561958.54497312,BTC,daily,OBM v0.1.0
2019-02-28,obm_supply_btc_daily,17563833.54497237,BTC,daily,OBM v0.1.0
2019-03-01,obm_supply_btc_daily,17565858.54497237,BTC,daily,OBM v0.1.0
2019-03-02,obm_supply_btc_daily,17567508.54497237,BTC,daily,OBM v0.1.0
2019-03-03,obm_supply_btc_daily,17569333.54497237,BTC,daily,OBM v0.1.0
2019-03-04,obm_supply_btc_daily,17571046.04497237,BTC,daily,OBM v0.1.0
2019-03-05,obm_supply_btc_daily,17572908.54497237,BTC,daily,OBM v0.1.0
2019-03-06,obm_supply_btc_daily,17574508.54497237,BTC,daily,OBM v0.1.0
2019-03-07,obm_supply_btc_daily,17576283.54497237,BTC,daily,OBM v0.1.0
2019-03-08,obm_supply_btc_daily,17578108.54497237,BTC,daily,OBM v0.1.0
2019-03-09,obm_supply_btc_daily,17579833.54497237,BTC,daily,OBM v0.1.0
2019-03-10,obm_supply_btc_daily,17581533.54497237,BTC,daily,OBM v0.1.0
2019-03-11,obm_supply_btc_daily,17583308.54497237,BTC,daily,OBM v0.1.0
2019-03-12,obm_supply_btc_daily,17585096.04497237,BTC,daily,OBM v0.1.0
2019-03-13,obm_supply_btc_daily,17586783.54497237,BTC,daily,OBM v0.1.0
2019-03-14,obm_supply_btc_daily,17588721.04497237,BTC,daily,OBM v0.1.0
2019-03-15,obm_supply_btc_daily,17590633.54497237,BTC,daily,OBM v0.1.0
2019-03-16,obm_supply_btc_daily,17592671.04497237,BTC,daily,OBM v0.1.0
2019-03-17,obm_supply_btc_daily,17594496.04497237,BTC,daily,OBM v0.1.0
2019-03-18,obm_supply_btc_daily,17596508.54497237,BTC,daily,OBM v0.1.0
2019-03-19,obm_supply_btc_daily,17598683.54497237,BTC,daily,OBM v0.1.0
2019-03-20,obm_supply_btc_daily,17600696.04497237,BTC,daily,OBM v0.1.0
2019-03-21,obm_supply_btc_daily,17602483.54497237,BTC,daily,OBM v0.1.0
2019-03-22,obm_supply_btc_daily,17604496.04497237,BTC,daily,OBM v0.1.0
2019-03-23,obm_supply_btc_daily,17606308.54497237,BTC,daily,OBM v0.1.0
2019-03-24,obm_supply_btc_daily,17608183.54497237,BTC,daily,OBM v0.1.0
2019-03-25,obm_supply_btc_daily,17610033.54497237,BTC,daily,OBM v0.1.0
2019-03-26,obm_supply_btc_daily,17611708.54497237,BTC,daily,OBM v0.1.0
2019-03-27,obm_supply_btc_daily,17613571.04497237,BTC,daily,OBM v0.1.0
2019-03-28,obm_supply_btc_daily,17615396.04497237,BTC,daily,OBM v0.1.0
2019-03-29,obm_supply_btc_daily,17617233.54497237,BTC,daily,OBM v0.1.0
2019-03-30,obm_supply_btc_daily,17618971.04497237,BTC,daily,OBM v0.1.0
2019-03-31,obm_supply_btc_daily,17620708.54497237,BTC,daily,OBM v0.1.0
2019-04-01,obm_supply_btc_daily,17622408.54497237,BTC,daily,OBM v0.1.0
2019-04-02,obm_supply_btc_daily,17624371.04497237,BTC,daily,OBM v0.1.0
2019-04-03,obm_supply_btc_daily,17626146.04497237,BTC,daily,OBM v0.1.0
2019-04-04,obm_supply_btc_daily,17627896.04497237,BTC,daily,OBM v0.1.0
2019-04-05,obm_supply_btc_daily,17629871.04497237,BTC,daily,OBM v0.1.0
2019-04-06,obm_supply_btc_daily,17631608.54497237,BTC,daily,OBM v0.1.0
2019-04-07,obm_supply_btc_daily,17633371.04497237,BTC,daily,OBM v0.1.0
2019-04-08,obm_supply_btc_daily,17635221.04497237,BTC,daily,OBM v0.1.0
2019-04-09,obm_supply_btc_daily,17636871.04497237,BTC,daily,OBM v0.1.0
2019-04-10,obm_supply_btc_daily,17638721.04497237,BTC,daily,OBM v0.1.0
2019-04-11,obm_supply_btc_daily,17640683.54497237,BTC,daily,OBM v0.1.0
2019-04-12,obm_supply_btc_daily,17642571.04497237,BTC,daily,OBM v0.1.0
2019-04-13,obm_supply_btc_daily,17644258.54497237,BTC,daily,OBM v0.1.0
2019-04-14,obm_supply_btc_daily,17645783.54497237,BTC,daily,OBM v0.1.0
2019-04-15,obm_supply_btc_daily,17647596.04497237,BTC,daily,OBM v0.1.0
2019-04-16,obm_supply_btc_daily,17649408.54497237,BTC,daily,OBM v0.1.0
2019-04-17,obm_supply_btc_daily,17651133.54497237,BTC,daily,OBM v0.1.0
2019-04-18,obm_supply_btc_daily,17652996.04497237,BTC,daily,OBM v0.1.0
2019-04-19,obm_supply_btc_daily,17654896.04497237,BTC,daily,OBM v0.1.0
2019-04-20,obm_supply_btc_daily,17656533.54497237,BTC,daily,OBM v0.1.0
2019-04-21,obm_supply_btc_daily,17658558.54497237,BTC,daily,OBM v0.1.0
2019-04-22,obm_supply_btc_daily,17660233.54497237,BTC,daily,OBM v0.1.0
2019-04-23,obm_supply_btc_daily,17661683.54497237,BTC,daily,OBM v0.1.0
2019-04-24,obm_supply_btc_daily,17663721.04497237,BTC,daily,OBM v0.1.0
2019-04-25,obm_supply_btc_daily,17665508.54497237,BTC,daily,OBM v0.1.0
2019-04-26,obm_supply_btc_daily,17667396.04497237,BTC,daily,OBM v0.1.0
2019-04-27,obm_supply_btc_daily,17669108.54497237,BTC,daily,OBM v0.1.0
2019-04-28,obm_supply_btc_daily,17671146.04497237,BTC,daily,OBM v0.1.0
2019-04-29,obm_supply_btc_daily,17673183.54497237,BTC,daily,OBM v0.1.0
2019-04-30,obm_supply_btc_daily,17674933.54497237,BTC,daily,OBM v0.1.0
2019-05-01,obm_supply_btc_daily,17677071.04497237,BTC,daily,OBM v0.1.0
2019-05-02,obm_supply_btc_daily,17679371.04497237,BTC,daily,OBM v0.1.0
2019-05-03,obm_supply_btc_daily,17681271.04497237,BTC,daily,OBM v0.1.0
2019-05-04,obm_supply_btc_daily,17682921.04497237,BTC,daily,OBM v0.1.0
2019-05-05,obm_supply_btc_daily,17684533.54497237,BTC,daily,OBM v0.1.0
2019-05-06,obm_supply_btc_daily,17686421.04497237,BTC,daily,OBM v0.1.0
2019-05-07,obm_supply_btc_daily,17688008.54497237,BTC,daily,OBM v0.1.0
2019-05-08,obm_supply_btc_daily,17689908.54497237,BTC,daily,OBM v0.1.0
2019-05-09,obm_supply_btc_daily,17691783.54497237,BTC,daily,OBM v0.1.0
2019-05-10,obm_supply_btc_daily,17693346.04497237,BTC,daily,OBM v0.1.0
2019-05-11,obm_supply_btc_daily,17694971.04497237,BTC,daily,OBM v0.1.0
2019-05-12,obm_supply_btc_daily,17696946.04497237,BTC,daily,OBM v0.1.0
2019-05-13,obm_supply_btc_daily,17699033.54497237,BTC,daily,OBM v0.1.0
2019-05-14,obm_supply_btc_daily,17700933.54497237,BTC,daily,OBM v0.1.0
2019-05-15,obm_supply_btc_daily,17702796.04497237,BTC,daily,OBM v0.1.0
2019-05-16,obm_supply_btc_daily,17704621.04497237,BTC,daily,OBM v0.1.0
2019-05-17,obm_supply_btc_daily,17706508.54497237,BTC,daily,OBM v0.1.0
2019-05-18,obm_supply_btc_daily,17708421.04497237,BTC,daily,OBM v0.1.0
2019-05-19,obm_supply_btc_daily,17710458.54497237,BTC,daily,OBM v0.1.0
2019-05-20,obm_supply_btc_daily,17712471.04497237,BTC,daily,OBM v0.1.0
2019-05-21,obm_supply_btc_daily,17714383.54497237,BTC,daily,OBM v0.1.0
2019-05-22,obm_supply_btc_daily,17716471.04497237,BTC,daily,OBM v0.1.0
2019-05-23,obm_supply_btc_daily,17718446.04497237,BTC,daily,OBM v0.1.0
2019-05-24,obm_supply_btc_daily,17720358.54497237,BTC,daily,OBM v0.1.0
2019-05-25,obm_supply_btc_daily,17722108.54497237,BTC,daily,OBM v0.1.0
2019-05-26,obm_supply_btc_daily,17724171.04497237,BTC,daily,OBM v0.1.0
2019-05-27,obm_supply_btc_daily,17726258.54497237,BTC,daily,OBM v0.1.0
2019-05-28,obm_supply_btc_daily,17728308.54497237,BTC,daily,OBM v0.1.0
2019-05-29,obm_supply_btc_daily,17730483.54497237,BTC,daily,OBM v0.1.0
2019-05-30,obm_supply_btc_daily,17732483.54497237,BTC,daily,OBM v0.1.0
2019-05-31,obm_supply_btc_daily,17733946.04497237,BTC,daily,OBM v0.1.0
2019-06-01,obm_supply_btc_daily,17735833.54497237,BTC,daily,OBM v0.1.0
2019-06-02,obm_supply_btc_daily,17737471.04497237,BTC,daily,OBM v0.1.0
2019-06-03,obm_supply_btc_daily,17738958.54497237,BTC,daily,OBM v0.1.0
2019-06-04,obm_supply_btc_daily,17740883.54497237,BTC,daily,OBM v0.1.0
2019-06-05,obm_supply_btc_daily,17742883.54497237,BTC,daily,OBM v0.1.0
2019-06-06,obm_supply_btc_daily,17744846.04497237,BTC,daily,OBM v0.1.0
2019-06-07,obm_supply_btc_daily,17746821.04497237,BTC,daily,OBM v0.1.0
2019-06-08,obm_supply_btc_daily,17748371.04497237,BTC,daily,OBM v0.1.0
2019-06-09,obm_supply_btc_daily,17750208.54497237,BTC,daily,OBM v0.1.0
2019-06-10,obm_supply_btc_daily,17752171.04497237,BTC,daily,OBM v0.1.0
2019-06-11,obm_supply_btc_daily,17753958.54497237,BTC,daily,OBM v0.1.0
2019-06-12,obm_supply_btc_daily,17755596.04497237,BTC,daily,OBM v0.1.0
2019-06-13,obm_supply_btc_daily,17757483.54497237,BTC,daily,OBM v0.1.0
2019-06-14,obm_supply_btc_daily,17759596.04497237,BTC,daily,OBM v0.1.0
2019-06-15,obm_supply_btc_daily,17761421.04497237,BTC,daily,OBM v0.1.0
2019-06-16,obm_supply_btc_daily,17763046.04497237,BTC,daily,OBM v0.1.0
2019-06-17,obm_supply_btc_daily,17764708.54497237,BTC,daily,OBM v0.1.0
2019-06-18,obm_supply_btc_daily,17766746.04497237,BTC,daily,OBM v0.1.0
2019-06-19,obm_supply_btc_daily,17768958.54497237,BTC,daily,OBM v0.1.0
2019-06-20,obm_supply_btc_daily,17770758.54497237,BTC,daily,OBM v0.1.0
2019-06-21,obm_supply_btc_daily,17772421.04497237,BTC,daily,OBM v0.1.0
2019-06-22,obm_supply_btc_daily,17774183.54497237,BTC,daily,OBM v0.1.0
2019-06-23,obm_supply_btc_daily,17776446.04497237,BTC,daily,OBM v0.1.0
2019-06-24,obm_supply_btc_daily,17778658.54497237,BTC,daily,OBM v0.1.0
2019-06-25,obm_supply_btc_daily,17780483.54497237,BTC,daily,OBM v0.1.0
2019-06-26,obm_supply_btc_daily,17782546.04497237,BTC,daily,OBM v0.1.0
2019-06-27,obm_supply_btc_daily,17784321.04497237,BTC,daily,OBM v0.1.0
2019-06-28,obm_supply_btc_daily,17786358.54497237,BTC,daily,OBM v0.1.0
2019-06-29,obm_supply_btc_daily,17788533.54497237,BTC,daily,OBM v0.1.0
2019-06-30,obm_supply_btc_daily,17790433.54497237,BTC,daily,OBM v0.1.0
2019-07-01,obm_supply_btc_daily,17792221.04497237,BTC,daily,OBM v0.1.0
2019-07-02,obm_supply_btc_daily,17794196.04497237,BTC,daily,OBM v0.1.0
2019-07-03,obm_supply_btc_daily,17796346.04497237,BTC,daily,OBM v0.1.0
2019-07-04,obm_supply_btc_daily,17798433.54497237,BTC,daily,OBM v0.1.0
2019-07-05,obm_supply_btc_daily,17800796.04497237,BTC,daily,OBM v0.1.0
2019-07-06,obm_supply_btc_daily,17803021.04497237,BTC,daily,OBM v0.1.0
2019-07-07,obm_supply_btc_daily,17804933.54497237,BTC,daily,OBM v0.1.0
2019-07-08,obm_supply_btc_daily,17807158.54497237,BTC,daily,OBM v0.1.0
2019-07-09,obm_supply_btc_daily,17809083.54497237,BTC,daily,OBM v0.1.0
2019-07-10,obm_supply_btc_daily,17810696.04497237,BTC,daily,OBM v0.1.0
2019-07-11,obm_supply_btc_daily,17812308.54497237,BTC,daily,OBM v0.1.0
2019-07-12,obm_supply_btc_daily,17814358.54497237,BTC,daily,OBM v0.1.0
2019-07-13,obm_supply_btc_daily,17816121.04497237,BTC,daily,OBM v0.1.0
2019-07-14,obm_supply_btc_daily,17817933.54497237,BTC,daily,OBM v0.1.0
2019-07-15,obm_supply_btc_daily,17819758.54497237,BTC,daily,OBM v0.1.0
2019-07-16,obm_supply_btc_daily,17821783.54497237,BTC,daily,OBM v0.1.0
2019-07-17,obm_supply_btc_daily,17823446.04497237,BTC,daily,OBM v0.1.0
2019-07-18,obm_supply_btc_daily,17824958.54497237,BTC,daily,OBM v0.1.0
2019-07-19,obm_supply_btc_daily,17826433.54497237,BTC,daily,OBM v0.1.0
2019-07-20,obm_supply_btc_daily,17828646.04497237,BTC,daily,OBM v0.1.0
2019-07-21,obm_supply_btc_daily,17830508.54497237,BTC,daily,OBM v0.1.0
2019-07-22,obm_supply_btc_daily,17832483.54497237,BTC,daily,OBM v0.1.0
2019-07-23,obm_supply_btc_daily,17834271.04497237,BTC,daily,OBM v0.1.0
2019-07-24,obm_supply_btc_daily,17836008.54497237,BTC,daily,OBM v0.1.0
2019-07-25,obm_supply_btc_daily,17837883.54497237,BTC,daily,OBM v0.1.0
2019-07-26,obm_supply_btc_daily,17839958.54497237,BTC,daily,OBM v0.1.0
2019-07-27,obm_supply_btc_daily,17841858.54497237,BTC,daily,OBM v0.1.0
2019-07-28,obm_supply_btc_daily,17844046.04497237,BTC,daily,OBM v0.1.0
2019-07-29,obm_supply_btc_daily,17846146.04497237,BTC,daily,OBM v0.1.0
2019-07-30,obm_supply_btc_daily,17847921.04497237,BTC,daily,OBM v0.1.0
2019-07-31,obm_supply_btc_daily,17850058.54497237,BTC,daily,OBM v0.1.0
2019-08-01,obm_supply_btc_daily,17851833.54497237,BTC,daily,OBM v0.1.0
2019-08-02,obm_supply_btc_daily,17853946.04497237,BTC,daily,OBM v0.1.0
2019-08-03,obm_supply_btc_daily,17856108.54497237,BTC,daily,OBM v0.1.0
2019-08-04,obm_supply_btc_daily,17858196.04497237,BTC,daily,OBM v0.1.0
2019-08-05,obm_supply_btc_daily,17859983.54497237,BTC,daily,OBM v0.1.0
2019-08-06,obm_supply_btc_daily,17861996.04497237,BTC,daily,OBM v0.1.0
2019-08-07,obm_supply_btc_daily,17863908.54497237,BTC,daily,OBM v0.1.0
2019-08-08,obm_supply_btc_daily,17865683.54497237,BTC,daily,OBM v0.1.0
2019-08-09,obm_supply_btc_daily,17867521.04497237,BTC,daily,OBM v0.1.0
2019-08-10,obm_supply_btc_daily,17869408.54497237,BTC,daily,OBM v0.1.0
2019-08-11,obm_supply_btc_daily,17871321.04497237,BTC,daily,OBM v0.1.0
2019-08-12,obm_supply_btc_daily,17872983.54497237,BTC,daily,OBM v0.1.0
2019-08-13,obm_supply_btc_daily,17874946.04497237,BTC,daily,OBM v0.1.0
2019-08-14,obm_supply_btc_daily,17876846.04497237,BTC,daily,OBM v0.1.0
2019-08-15,obm_supply_btc_daily,17878808.54497237,BTC,daily,OBM v0.1.0
2019-08-16,obm_supply_btc_daily,17880646.04497237,BTC,daily,OBM v0.1.0
2019-08-17,obm_supply_btc_daily,17882246.04497237,BTC,daily,OBM v0.1.0
2019-08-18,obm_supply_btc_daily,17883821.04497237,BTC,daily,OBM v0.1.0
2019-08-19,obm_supply_btc_daily,17885858.54497237,BTC,daily,OBM v0.1.0
2019-08-20,obm_supply_btc_daily,17887771.04497237,BTC,daily,OBM v0.1.0
2019-08-21,obm_supply_btc_daily,17889471.04497237,BTC,daily,OBM v0.1.0
2019-08-22,obm_supply_btc_daily,17891233.54497237,BTC,daily,OBM v0.1.0
2019-08-23,obm_supply_btc_daily,17893146.04497237,BTC,daily,OBM v0.1.0
2019-08-24,obm_supply_btc_daily,17895146.04497237,BTC,daily,OBM v0.1.0
2019-08-25,obm_supply_btc_daily,17897083.54497237,BTC,daily,OBM v0.1.0
2019-08-26,obm_supply_btc_daily,17898796.04497237,BTC,daily,OBM v0.1.0
2019-08-27,obm_supply_btc_daily,17900483.54497237,BTC,daily,OBM v0.1.0
2019-08-28,obm_supply_btc_daily,17902371.04497237,BTC,daily,OBM v0.1.0
2019-08-29,obm_supply_btc_daily,17904433.54497237,BTC,daily,OBM v0.1.0
2019-08-30,obm_supply_btc_daily,17906433.54497237,BTC,daily,OBM v0.1.0
2019-08-31,obm_supply_btc_daily,17908508.54497237,BTC,daily,OBM v0.1.0
2019-09-01,obm_supply_btc_daily,17910296.04497237,BTC,daily,OBM v0.1.0
2019-09-02,obm_supply_btc_daily,17912158.54497237,BTC,daily,OBM v0.1.0
2019-09-03,obm_supply_btc_daily,17914208.54497237,BTC,daily,OBM v0.1.0
2019-09-04,obm_supply_btc_daily,17915908.54497237,BTC,daily,OBM v0.1.0
2019-09-05,obm_supply_btc_daily,17917971.04497237,BTC,daily,OBM v0.1.0
2019-09-06,obm_supply_btc_daily,17919946.04497237,BTC,daily,OBM v0.1.0
2019-09-07,obm_supply_btc_daily,17921821.04497237,BTC,daily,OBM v0.1.0
2019-09-08,obm_supply_btc_daily,17924033.54497237,BTC,daily,OBM v0.1.0
2019-09-09,obm_supply_btc_daily,17925858.54497237,BTC,daily,OBM v0.1.0
2019-09-10,obm_supply_btc_daily,17928133.54497237,BTC,daily,OBM v0.1.0
2019-09-11,obm_supply_btc_daily,17930433.54497237,BTC,daily,OBM v0.1.0
2019-09-12,obm_supply_btc_daily,17932408.54497237,BTC,daily,OBM v0.1.0
2019-09-13,obm_supply_btc_daily,17934283.54497237,BTC,daily,OBM v0.1.0
2019-09-14,obm_supply_btc_daily,17936221.04497237,BTC,daily,OBM v0.1.0
2019-09-15,obm_supply_btc_daily,17938058.54497237,BTC,daily,OBM v0.1.0
2019-09-16,obm_supply_btc_daily,17940096.04497237,BTC,daily,OBM v0.1.0
2019-09-17,obm_supply_btc_daily,17941946.04497237,BTC,daily,OBM v0.1.0
2019-09-18,obm_supply_btc_daily,17944121.04497237,BTC,daily,OBM v0.1.0
2019-09-19,obm_supply_btc_daily,17945971.04497237,BTC,daily,OBM v0.1.0
2019-09-20,obm_supply_btc_daily,17947858.54497237,BTC,daily,OBM v0.1.0
2019-09-21,obm_supply_btc_daily,17949933.54497237,BTC,daily,OBM v0.1.0
2019-09-22,obm_supply_btc_daily,17952008.54497237,BTC,daily,OBM v0.1.0
2019-09-23,obm_supply_btc_daily,17953433.54497237,BTC,daily,OBM v0.1.0
2019-09-24,obm_supply_btc_daily,17955396.04497237,BTC,daily,OBM v0.1.0
2019-09-25,obm_supply_btc_daily,17957346.04497237,BTC,daily,OBM v0.1.0
2019-09-26,obm_supply_btc_daily,17959483.54497237,BTC,daily,OBM v0.1.0
2019-09-27,obm_supply_btc_daily,17961133.54497237,BTC,daily,OBM v0.1.0
2019-09-28,obm_supply_btc_daily,17963121.04497237,BTC,daily,OBM v0.1.0
2019-09-29,obm_supply_btc_daily,17964821.04497237,BTC,daily,OBM v0.1.0
2019-09-30,obm_supply_btc_daily,17966446.04497237,BTC,daily,OBM v0.1.0
2019-10-01,obm_supply_btc_daily,17968233.54497237,BTC,daily,OBM v0.1.0
2019-10-02,obm_supply_btc_daily,17970083.54497237,BTC,daily,OBM v0.1.0
2019-10-03,obm_supply_btc_daily,17971921.04497237,BTC,daily,OBM v0.1.0
2019-10-04,obm_supply_btc_daily,17973758.54497237,BTC,daily,OBM v0.1.0
2019-10-05,obm_supply_btc_daily,17975733.54497237,BTC,daily,OBM v0.1.0
2019-10-06,obm_supply_btc_daily,17977596.04497237,BTC,daily,OBM v0.1.0
2019-10-07,obm_supply_btc_daily,17979533.54497237,BTC,daily,OBM v0.1.0
2019-10-08,obm_supply_btc_daily,17981558.54497237,BTC,daily,OBM v0.1.0
2019-10-09,obm_supply_btc_daily,17983283.54497237,BTC,daily,OBM v0.1.0
2019-10-10,obm_supply_btc_daily,17985308.54497237,BTC,daily,OBM v0.1.0
2019-10-11,obm_supply_btc_daily,17987258.54497237,BTC,daily,OBM v0.1.0
2019-10-12,obm_supply_btc_daily,17988921.04497237,BTC,daily,OBM v0.1.0
2019-10-13,obm_supply_btc_daily,17990696.04497237,BTC,daily,OBM v0.1.0
2019-10-14,obm_supply_btc_daily,17992383.54497237,BTC,daily,OBM v0.1.0
2019-10-15,obm_supply_btc_daily,17994296.04497237,BTC,daily,OBM v0.1.0
2019-10-16,obm_supply_btc_daily,17996083.54497237,BTC,daily,OBM v0.1.0
2019-10-17,obm_supply_btc_daily,17997958.54497237,BTC,daily,OBM v0.1.0
2019-10-18,obm_supply_btc_daily,17999958.54497237,BTC,daily,OBM v0.1.0
2019-10-19,obm_supply_btc_daily,18001733.54497237,BTC,daily,OBM v0.1.0
2019-10-20,obm_supply_btc_daily,18003558.54497237,BTC,daily,OBM v0.1.0
2019-10-21,obm_supply_btc_daily,18005546.04497237,BTC,daily,OBM v0.1.0
2019-10-22,obm_supply_btc_daily,18007658.54497237,BTC,daily,OBM v0.1.0
2019-10-23,obm_supply_btc_daily,18009758.54497237,BTC,daily,OBM v0.1.0
2019-10-24,obm_supply_btc_daily,18011421.04497237,BTC,daily,OBM v0.1.0
2019-10-25,obm_supply_btc_daily,18013146.04497237,BTC,daily,OBM v0.1.0
2019-10-26,obm_supply_btc_daily,18014896.04497237,BTC,daily,OBM v0.1.0
2019-10-27,obm_supply_btc_daily,18016333.54497237,BTC,daily,OBM v0.1.0
2019-10-28,obm_supply_btc_daily,18018008.54497237,BTC,daily,OBM v0.1.0
2019-10-29,obm_supply_btc_daily,18019671.04497237,BTC,daily,OBM v0.1.0
2019-10-30,obm_supply_btc_daily,18021346.04497237,BTC,daily,OBM v0.1.0
2019-10-31,obm_supply_btc_daily,18022996.04497237,BTC,daily,OBM v0.1.0
2019-11-01,obm_supply_btc_daily,18024621.04497237,BTC,daily,OBM v0.1.0
2019-11-02,obm_supply_btc_daily,18026296.04497237,BTC,daily,OBM v0.1.0
2019-11-03,obm_supply_btc_daily,18028021.04497237,BTC,daily,OBM v0.1.0
2019-11-04,obm_supply_btc_daily,18029671.04497237,BTC,daily,OBM v0.1.0
2019-11-05,obm_supply_btc_daily,18031471.04497237,BTC,daily,OBM v0.1.0
2019-11-06,obm_supply_btc_daily,18033121.04497237,BTC,daily,OBM v0.1.0
2019-11-07,obm_supply_btc_daily,18034808.54497237,BTC,daily,OBM v0.1.0
2019-11-08,obm_supply_btc_daily,18036408.54497237,BTC,daily,OBM v0.1.0
2019-11-09,obm_supply_btc_daily,18038208.54497237,BTC,daily,OBM v0.1.0
2019-11-10,obm_supply_btc_daily,18040283.54497237,BTC,daily,OBM v0.1.0
2019-11-11,obm_supply_btc_daily,18042171.04497237,BTC,daily,OBM v0.1.0
2019-11-12,obm_supply_btc_daily,18043858.54497237,BTC,daily,OBM v0.1.0
2019-11-13,obm_supply_btc_daily,18045546.04497237,BTC,daily,OBM v0.1.0
2019-11-14,obm_supply_btc_daily,18047658.54497237,BTC,daily,OBM v0.1.0
2019-11-15,obm_supply_btc_daily,18049633.54497237,BTC,daily,OBM v0.1.0
2019-11-16,obm_supply_btc_daily,18051483.54497237,BTC,daily,OBM v0.1.0
2019-11-17,obm_supply_btc_daily,18053408.54497237,BTC,daily,OBM v0.1.0
2019-11-18,obm_supply_btc_daily,18055158.54497237,BTC,daily,OBM v0.1.0
2019-11-19,obm_supply_btc_daily,18056996.04497237,BTC,daily,OBM v0.1.0
2019-11-20,obm_supply_btc_daily,18058771.04497237,BTC,daily,OBM v0.1.0
2019-11-21,obm_supply_btc_daily,18060483.54497237,BTC,daily,OBM v0.1.0
2019-11-22,obm_supply_btc_daily,18062133.54497237,BTC,daily,OBM v0.1.0
2019-11-23,obm_supply_btc_daily,18064296.04497237,BTC,daily,OBM v0.1.0
2019-11-24,obm_supply_btc_daily,18065933.54497237,BTC,daily,OBM v0.1.0
2019-11-25,obm_supply_btc_daily,18067496.04497237,BTC,daily,OBM v0.1.0
2019-11-26,obm_supply_btc_daily,18069021.04497237,BTC,daily,OBM v0.1.0
2019-11-27,obm_supply_btc_daily,18070758.54497237,BTC,daily,OBM v0.1.0
2019-11-28,obm_supply_btc_daily,18072796.04497237,BTC,daily,OBM v0.1.0
2019-11-29,obm_supply_btc_daily,18074496.04497237,BTC,daily,OBM v0.1.0
2019-11-30,obm_supply_btc_daily,18076071.04497237,BTC,daily,OBM v0.1.0
2019-12-01,obm_supply_btc_daily,18077808.54497237,BTC,daily,OBM v0.1.0
2019-12-02,obm_supply_btc_daily,18079621.04497237,BTC,daily,OBM v0.1.0
2019-12-03,obm_supply_btc_daily,18081596.04497237,BTC,daily,OBM v0.1.0
2019-12-04,obm_supply_btc_daily,18083683.54497237,BTC,daily,OBM v0.1.0
2019-12-05,obm_supply_btc_daily,18085496.04497237,BTC,daily,OBM v0.1.0
2019-12-06,obm_supply_btc_daily,18087308.54497237,BTC,daily,OBM v0.1.0
2019-12-07,obm_supply_btc_daily,18089246.04497237,BTC,daily,OBM v0.1.0
2019-12-08,obm_supply_btc_daily,18091096.04497237,BTC,daily,OBM v0.1.0
2019-12-09,obm_supply_btc_daily,18092946.04497237,BTC,daily,OBM v0.1.0
2019-12-10,obm_supply_btc_daily,18094796.04497237,BTC,daily,OBM v0.1.0
2019-12-11,obm_supply_btc_daily,18096446.04497237,BTC,daily,OBM v0.1.0
2019-12-12,obm_supply_btc_daily,18098108.54497237,BTC,daily,OBM v0.1.0
2019-12-13,obm_supply_btc_daily,18100008.54497237,BTC,daily,OBM v0.1.0
2019-12-14,obm_supply_btc_daily,18101896.04497237,BTC,daily,OBM v0.1.0
2019-12-15,obm_supply_btc_daily,18103446.04497237,BTC,daily,OBM v0.1.0
2019-12-16,obm_supply_btc_daily,18105408.54497237,BTC,daily,OBM v0.1.0
2019-12-17,obm_supply_btc_daily,18107171.04497237,BTC,daily,OBM v0.1.0
2019-12-18,obm_supply_btc_daily,18108846.04497237,BTC,daily,OBM v0.1.0
2019-12-19,obm_supply_btc_daily,18110808.54497237,BTC,daily,OBM v0.1.0
2019-12-20,obm_supply_btc_daily,18112758.54497237,BTC,daily,OBM v0.1.0
2019-12-21,obm_supply_btc_daily,18114958.54497237,BTC,daily,OBM v0.1.0
2019-12-22,obm_supply_btc_daily,18117071.04497237,BTC,daily,OBM v0.1.0
2019-12-23,obm_supply_btc_daily,18118858.54497237,BTC,daily,OBM v0.1.0
2019-12-24,obm_supply_btc_daily,18120421.04497237,BTC,daily,OBM v0.1.0
2019-12-25,obm_supply_btc_daily,18122021.04497237,BTC,daily,OBM v0.1.0
2019-12-26,obm_supply_btc_daily,18124108.54497237,BTC,daily,OBM v0.1.0
2019-12-27,obm_supply_btc_daily,18125921.04497237,BTC,daily,OBM v0.1.0
2019-12-28,obm_supply_btc_daily,18127783.54497237,BTC,daily,OBM v0.1.0
2019-12-29,obm_supply_btc_daily,18129721.04497237,BTC,daily,OBM v0.1.0
2019-12-30,obm_supply_btc_daily,18131796.04497237,BTC,daily,OBM v0.1.0
2019-12-31,obm_supply_btc_daily,18133608.54497237,BTC,daily,OBM v0.1.0
2020-01-01,obm_supply_btc_daily,18135783.54497237,BTC,daily,OBM v0.1.0
2020-01-02,obm_supply_btc_daily,18137546.04497237,BTC,daily,OBM v0.1.0
2020-01-03,obm_supply_btc_daily,18139658.54497237,BTC,daily,OBM v0.1.0
2020-01-04,obm_supply_btc_daily,18141758.54497237,BTC,daily,OBM v0.1.0
2020-01-05,obm_supply_btc_daily,18143796.04497237,BTC,daily,OBM v0.1.0
2020-01-06,obm_supply_btc_daily,18145483.54497237,BTC,daily,OBM v0.1.0
2020-01-07,obm_supply_btc_daily,18147683.54497237,BTC,daily,OBM v0.1.0
2020-01-08,obm_supply_btc_daily,18149458.54497237,BTC,daily,OBM v0.1.0
2020-01-09,obm_supply_btc_daily,18151421.04497237,BTC,daily,OBM v0.1.0
2020-01-10,obm_supply_btc_daily,18153283.54497237,BTC,daily,OBM v0.1.0
2020-01-11,obm_supply_btc_daily,18155321.04497237,BTC,daily,OBM v0.1.0
2020-01-12,obm_supply_btc_daily,18157208.54497237,BTC,daily,OBM v0.1.0
2020-01-13,obm_supply_btc_daily,18158996.04497237,BTC,daily,OBM v0.1.0
2020-01-14,obm_supply_btc_daily,18160808.54497237,BTC,daily,OBM v0.1.0
2020-01-15,obm_supply_btc_daily,18162696.04497237,BTC,daily,OBM v0.1.0
2020-01-16,obm_supply_btc_daily,18164683.54497237,BTC,daily,OBM v0.1.0
2020-01-17,obm_supply_btc_daily,18166671.04497237,BTC,daily,OBM v0.1.0
2020-01-18,obm_supply_btc_daily,18168321.04497237,BTC,daily,OBM v0.1.0
2020-01-19,obm_supply_btc_daily,18170196.04497237,BTC,daily,OBM v0.1.0
2020-01-20,obm_supply_btc_daily,18172096.04497237,BTC,daily,OBM v0.1.0
2020-01-21,obm_supply_btc_daily,18174008.54497237,BTC,daily,OBM v0.1.0
2020-01-22,obm_supply_btc_daily,18175958.54497237,BTC,daily,OBM v0.1.0
2020-01-23,obm_supply_btc_daily,18177946.04497237,BTC,daily,OBM v0.1.0
2020-01-24,obm_supply_btc_daily,18179846.04497237,BTC,daily,OBM v0.1.0
2020-01-25,obm_supply_btc_daily,18181896.04497237,BTC,daily,OBM v0.1.0
2020-01-26,obm_supply_btc_daily,18183683.54497237,BTC,daily,OBM v0.1.0
2020-01-27,obm_supply_btc_daily,18185296.04497237,BTC,daily,OBM v0.1.0
2020-01-28,obm_supply_btc_daily,18187071.04497237,BTC,daily,OBM v0.1.0
2020-01-29,obm_supply_btc_daily,18189071.04497237,BTC,daily,OBM v0.1.0
2020-01-30,obm_supply_btc_daily,18191021.04497237,BTC,daily,OBM v0.1.0
2020-01-31,obm_supply_btc_daily,18192821.04497237,BTC,daily,OBM v0.1.0
2020-02-01,obm_supply_btc_daily,18194708.54497237,BTC,daily,OBM v0.1.0
2020-02-02,obm_supply_btc_daily,18196496.04497237,BTC,daily,OBM v0.1.0
2020-02-03,obm_supply_btc_daily,18198346.04497237,BTC,daily,OBM v0.1.0
2020-02-04,obm_supply_btc_daily,18199996.04497237,BTC,daily,OBM v0.1.0
2020-02-05,obm_supply_btc_daily,18201983.54497237,BTC,daily,OBM v0.1.0
2020-02-06,obm_supply_btc_daily,18203671.04497237,BTC,daily,OBM v0.1.0
2020-02-07,obm_supply_btc_daily,18205408.54497237,BTC,daily,OBM v0.1.0
2020-02-08,obm_supply_btc_daily,18207146.04497237,BTC,daily,OBM v0.1.0
2020-02-09,obm_supply_btc_daily,18209058.54497237,BTC,daily,OBM v0.1.0
2020-02-10,obm_supply_btc_daily,18210583.54497237,BTC,daily,OBM v0.1.0
2020-02-11,obm_supply_btc_daily,18212433.54497237,BTC,daily,OBM v0.1.0
2020-02-12,obm_supply_btc_daily,18214208.54497237,BTC,daily,OBM v0.1.0
2020-02-13,obm_supply_btc_daily,18215971.04497237,BTC,daily,OBM v0.1.0
2020-02-14,obm_supply_btc_daily,18217658.54497237,BTC,daily,OBM v0.1.0
2020-02-15,obm_supply_btc_daily,18219433.54497237,BTC,daily,OBM v0.1.0
2020-02-16,obm_supply_btc_daily,18221208.54497237,BTC,daily,OBM v0.1.0
2020-02-17,obm_supply_btc_daily,18223171.04497237,BTC,daily,OBM v0.1.0
2020-02-18,obm_supply_btc_daily,18225046.04497237,BTC,daily,OBM v0.1.0
2020-02-19,obm_supply_btc_daily,18226808.54497237,BTC,daily,OBM v0.1.0
2020-02-20,obm_supply_btc_daily,18228383.54497237,BTC,daily,OBM v0.1.0
2020-02-21,obm_supply_btc_daily,18230308.54497237,BTC,daily,OBM v0.1.0
2020-02-22,obm_supply_btc_daily,18232158.54497237,BTC,daily,OBM v0.1.0
2020-02-23,obm_supply_btc_daily,18233933.54497237,BTC,daily,OBM v0.1.0
2020-02-24,obm_supply_btc_daily,18235696.04497237,BTC,daily,OBM v0.1.0
2020-02-25,obm_supply_btc_daily,18237496.04497237,BTC,daily,OBM v0.1.0
2020-02-26,obm_supply_btc_daily,18239196.04497237,BTC,daily,OBM v0.1.0
2020-02-27,obm_supply_btc_daily,18241033.54497237,BTC,daily,OBM v0.1.0
2020-02-28,obm_supply_btc_daily,18243008.54497237,BTC,daily,OBM v0.1.0
2020-02-29,obm_supply_btc_daily,18244746.04497237,BTC,daily,OBM v0.1.0
2020-03-01,obm_supply_btc_daily,18246958.54497164,BTC,daily,OBM v0.1.0
2020-03-02,obm_supply_btc_daily,18248821.04497164,BTC,daily,OBM v0.1.0
2020-03-03,obm_supply_btc_daily,18250733.54497164,BTC,daily,OBM v0.1.0
2020-03-04,obm_supply_btc_daily,18252821.04497164,BTC,daily,OBM v0.1.0
2020-03-05,obm_supply_btc_daily,18254858.54497164,BTC,daily,OBM v0.1.0
2020-03-06,obm_supply_btc_daily,18256796.04497164,BTC,daily,OBM v0.1.0
2020-03-07,obm_supply_btc_daily,18258758.54497164,BTC,daily,OBM v0.1.0
2020-03-08,obm_supply_btc_daily,18260733.54497164,BTC,daily,OBM v0.1.0
2020-03-09,obm_supply_btc_daily,18262608.54497164,BTC,daily,OBM v0.1.0
2020-03-10,obm_supply_btc_daily,18264258.54497164,BTC,daily,OBM v0.1.0
2020-03-11,obm_supply_btc_daily,18265746.04497164,BTC,daily,OBM v0.1.0
2020-03-12,obm_supply_btc_daily,18267633.54497164,BTC,daily,OBM v0.1.0
2020-03-13,obm_supply_btc_daily,18269196.04497164,BTC,daily,OBM v0.1.0
2020-03-14,obm_supply_btc_daily,18270796.04497164,BTC,daily,OBM v0.1.0
2020-03-15,obm_supply_btc_daily,18272283.54497164,BTC,daily,OBM v0.1.0
2020-03-16,obm_supply_btc_daily,18273771.04497164,BTC,daily,OBM v0.1.0
2020-03-17,obm_supply_btc_daily,18275308.54497164,BTC,daily,OBM v0.1.0
2020-03-18,obm_supply_btc_daily,18276558.54497164,BTC,daily,OBM v0.1.0
2020-03-19,obm_supply_btc_daily,18277896.04497164,BTC,daily,OBM v0.1.0
2020-03-20,obm_supply_btc_daily,18279258.54497164,BTC,daily,OBM v0.1.0
2020-03-21,obm_supply_btc_daily,18280808.54497164,BTC,daily,OBM v0.1.0
2020-03-22,obm_supply_btc_daily,18282396.04497164,BTC,daily,OBM v0.1.0
2020-03-23,obm_supply_btc_daily,18283796.04497164,BTC,daily,OBM v0.1.0
2020-03-24,obm_supply_btc_daily,18285446.04497164,BTC,daily,OBM v0.1.0
2020-03-25,obm_supply_btc_daily,18286596.04497164,BTC,daily,OBM v0.1.0
2020-03-26,obm_supply_btc_daily,18288596.04497164,BTC,daily,OBM v0.1.0
2020-03-27,obm_supply_btc_daily,18290533.54497164,BTC,daily,OBM v0.1.0
2020-03-28,obm_supply_btc_daily,18292221.04497164,BTC,daily,OBM v0.1.0
2020-03-29,obm_supply_btc_daily,18294108.54497164,BTC,daily,OBM v0.1.0
2020-03-30,obm_supply_btc_daily,18295946.04497164,BTC,daily,OBM v0.1.0
2020-03-31,obm_supply_btc_daily,18297933.54497164,BTC,daily,OBM v0.1.0
2020-04-01,obm_supply_btc_daily,18299846.04497164,BTC,daily,OBM v0.1.0
2020-04-02,obm_supply_btc_daily,18301758.54497164,BTC,daily,OBM v0.1.0
2020-04-03,obm_supply_btc_daily,18303408.54497164,BTC,daily,OBM v0.1.0
2020-04-04,obm_supply_btc_daily,18305371.04497164,BTC,daily,OBM v0.1.0
2020-04-05,obm_supply_btc_daily,18307558.54497164,BTC,daily,OBM v0.1.0
2020-04-06,obm_supply_btc_daily,18309158.54497164,BTC,daily,OBM v0.1.0
2020-04-07,obm_supply_btc_daily,18311258.54497164,BTC,daily,OBM v0.1.0
2020-04-08,obm_supply_btc_daily,18313058.54497164,BTC,daily,OBM v0.1.0
2020-04-09,obm_supply_btc_daily,18314983.54497164,BTC,daily,OBM v0.1.0
2020-04-10,obm_supply_btc_daily,18317021.04497164,BTC,daily,OBM v0.1.0
2020-04-11,obm_supply_btc_daily,18319008.54497164,BTC,daily,OBM v0.1.0
2020-04-12,obm_supply_btc_daily,18320921.04497164,BTC,daily,OBM v0.1.0
2020-04-13,obm_supply_btc_daily,18323058.54497164,BTC,daily,OBM v0.1.0
2020-04-14,obm_supply_btc_daily,18325158.54497164,BTC,daily,OBM v0.1.0
2020-04-15,obm_supply_btc_daily,18327271.04497164,BTC,daily,OBM v0.1.0
2020-04-16,obm_supply_btc_daily,18329196.04497096,BTC,daily,OBM v0.1.0
2020-04-17,obm_supply_btc_daily,18330783.54497096,BTC,daily,OBM v0.1.0
2020-04-18,obm_supply_btc_daily,18332758.54497096,BTC,daily,OBM v0.1.0
2020-04-19,obm_supply_btc_daily,18334658.54497096,BTC,daily,OBM v0.1.0
2020-04-20,obm_supply_btc_daily,18336671.04497096,BTC,daily,OBM v0.1.0
2020-04-21,obm_supply_btc_daily,18338533.54497096,BTC,daily,OBM v0.1.0
2020-04-22,obm_supply_btc_daily,18340171.04497096,BTC,daily,OBM v0.1.0
2020-04-23,obm_supply_btc_daily,18341946.04497096,BTC,daily,OBM v0.1.0
2020-04-24,obm_supply_btc_daily,18343746.04497096,BTC,daily,OBM v0.1.0
2020-04-25,obm_supply_btc_daily,18345446.04497096,BTC,daily,OBM v0.1.0
2020-04-26,obm_supply_btc_daily,18347158.54497096,BTC,daily,OBM v0.1.0
2020-04-27,obm_supply_btc_daily,18348921.04497096,BTC,daily,OBM v0.1.0
2020-04-28,obm_supply_btc_daily,18350846.04497096,BTC,daily,OBM v0.1.0
2020-04-29,obm_supply_btc_daily,18352658.54497096,BTC,daily,OBM v0.1.0
2020-04-30,obm_supply_btc_daily,18354346.04497096,BTC,daily,OBM v0.1.0
2020-05-01,obm_supply_btc_daily,18356108.54497096,BTC,daily,OBM v0.1.0
2020-05-02,obm_supply_btc_daily,18357958.54497096,BTC,daily,OBM v0.1.0
2020-05-03,obm_supply_btc_daily,18360058.54497096,BTC,daily,OBM v0.1.0
2020-05-04,obm_supply_btc_daily,18362033.54497096,BTC,daily,OBM v0.1.0
2020-05-05,obm_supply_btc_daily,18364008.54497096,BTC,daily,OBM v0.1.0
2020-05-06,obm_supply_btc_daily,18365933.54497096,BTC,daily,OBM v0.1.0
2020-05-07,obm_supply_btc_daily,18367771.04497096,BTC,daily,OBM v0.1.0
2020-05-08,obm_supply_btc_daily,18369483.54497096,BTC,daily,OBM v0.1.0
2020-05-09,obm_supply_btc_daily,18371183.54497096,BTC,daily,OBM v0.1.0
2020-05-10,obm_supply_btc_daily,18373308.54497096,BTC,daily,OBM v0.1.0
2020-05-11,obm_supply_btc_daily,18375121.04497096,BTC,daily,OBM v0.1.0
2020-05-12,obm_supply_btc_daily,18376033.54497096,BTC,daily,OBM v0.1.0
2020-05-13,obm_supply_btc_daily,18376777.29497096,BTC,daily,OBM v0.1.0
2020-05-14,obm_supply_btc_daily,18377489.79497096,BTC,daily,OBM v0.1.0
2020-05-15,obm_supply_btc_daily,18378271.04497096,BTC,daily,OBM v0.1.0
2020-05-16,obm_supply_btc_daily,18379058.54497096,BTC,daily,OBM v0.1.0
2020-05-17,obm_supply_btc_daily,18379696.04497096,BTC,daily,OBM v0.1.0
2020-05-18,obm_supply_btc_daily,18380496.04497096,BTC,daily,OBM v0.1.0
2020-05-19,obm_supply_btc_daily,18381214.79497096,BTC,daily,OBM v0.1.0
2020-05-20,obm_supply_btc_daily,18381933.54497096,BTC,daily,OBM v0.1.0
2020-05-21,obm_supply_btc_daily,18382752.29497096,BTC,daily,OBM v0.1.0
2020-05-22,obm_supply_btc_daily,18383446.04497096,BTC,daily,OBM v0.1.0
2020-05-23,obm_supply_btc_daily,18384189.79497096,BTC,daily,OBM v0.1.0
2020-05-24,obm_supply_btc_daily,18384914.79497096,BTC,daily,OBM v0.1.0
2020-05-25,obm_supply_btc_daily,18385696.04497096,BTC,daily,OBM v0.1.0
2020-05-26,obm_supply_btc_daily,18386471.04497096,BTC,daily,OBM v0.1.0
2020-05-27,obm_supply_btc_daily,18387333.54497096,BTC,daily,OBM v0.1.0
2020-05-28,obm_supply_btc_daily,18388152.29497096,BTC,daily,OBM v0.1.0
2020-05-29,obm_supply_btc_daily,18388946.04497096,BTC,daily,OBM v0.1.0
2020-05-30,obm_supply_btc_daily,18389921.04497096,BTC,daily,OBM v0.1.0
2020-05-31,obm_supply_btc_daily,18390858.54497096,BTC,daily,OBM v0.1.0
2020-06-01,obm_supply_btc_daily,18391696.04497096,BTC,daily,OBM v0.1.0
2020-06-02,obm_supply_btc_daily,18392502.29497096,BTC,daily,OBM v0.1.0
2020-06-03,obm_supply_btc_daily,18393371.04497096,BTC,daily,OBM v0.1.0
2020-06-04,obm_supply_btc_daily,18394314.79497096,BTC,daily,OBM v0.1.0
2020-06-05,obm_supply_btc_daily,18395433.54497096,BTC,daily,OBM v0.1.0
2020-06-06,obm_supply_btc_daily,18396658.54497096,BTC,daily,OBM v0.1.0
2020-06-07,obm_supply_btc_daily,18397652.29497096,BTC,daily,OBM v0.1.0
2020-06-08,obm_supply_btc_daily,18398664.79497096,BTC,daily,OBM v0.1.0
2020-06-09,obm_supply_btc_daily,18399664.79497096,BTC,daily,OBM v0.1.0
2020-06-10,obm_supply_btc_daily,18400689.79497096,BTC,daily,OBM v0.1.0
2020-06-11,obm_supply_btc_daily,18401846.04497096,BTC,daily,OBM v0.1.0
2020-06-12,obm_supply_btc_daily,18402864.79497096,BTC,daily,OBM v0.1.0
2020-06-13,obm_supply_btc_daily,18403852.29497096,BTC,daily,OBM v0.1.0
2020-06-14,obm_supply_btc_daily,18404914.79497096,BTC,daily,OBM v0.1.0
2020-06-15,obm_supply_btc_daily,18405777.29497096,BTC,daily,OBM v0.1.0
2020-06-16,obm_supply_btc_daily,18406714.79497096,BTC,daily,OBM v0.1.0
2020-06-17,obm_supply_btc_daily,18407577.29497096,BTC,daily,OBM v0.1.0
2020-06-18,obm_supply_btc_daily,18408346.04497096,BTC,daily,OBM v0.1.0
2020-06-19,obm_supply_btc_daily,18409239.79497096,BTC,daily,OBM v0.1.0
2020-06-20,obm_supply_btc_daily,18410096.04497096,BTC,daily,OBM v0.1.0
2020-06-21,obm_supply_btc_daily,18411008.54497096,BTC,daily,OBM v0.1.0
2020-06-22,obm_supply_btc_daily,18411902.29497096,BTC,daily,OBM v0.1.0
2020-06-23,obm_supply_btc_daily,18412889.79497096,BTC,daily,OBM v0.1.0
2020-06-24,obm_supply_btc_daily,18413758.54497096,BTC,daily,OBM v0.1.0
2020-06-25,obm_supply_btc_daily,18414639.79497096,BTC,daily,OBM v0.1.0
2020-06-26,obm_supply_btc_daily,18415664.79497096,BTC,daily,OBM v0.1.0
2020-06-27,obm_supply_btc_daily,18416527.29497096,BTC,daily,OBM v0.1.0
2020-06-28,obm_supply_btc_daily,18417464.79497096,BTC,daily,OBM v0.1.0
2020-06-29,obm_supply_btc_daily,18418371.04497096,BTC,daily,OBM v0.1.0
2020-06-30,obm_supply_btc_daily,18419289.79497096,BTC,daily,OBM v0.1.0
2020-07-01,obm_supply_btc_daily,18420302.29497096,BTC,daily,OBM v0.1.0
2020-07-02,obm_supply_btc_daily,18421327.29497096,BTC,daily,OBM v0.1.0
2020-07-03,obm_supply_btc_daily,18422346.04497096,BTC,daily,OBM v0.1.0
2020-07-04,obm_supply_btc_daily,18423327.29497096,BTC,daily,OBM v0.1.0
2020-07-05,obm_supply_btc_daily,18424346.04497096,BTC,daily,OBM v0.1.0
2020-07-06,obm_supply_btc_daily,18425308.54497096,BTC,daily,OBM v0.1.0
2020-07-07,obm_supply_btc_daily,18426314.79497096,BTC,daily,OBM v0.1.0
2020-07-08,obm_supply_btc_daily,18427258.54497096,BTC,daily,OBM v0.1.0
2020-07-09,obm_supply_btc_daily,18428283.54497096,BTC,daily,OBM v0.1.0
2020-07-10,obm_supply_btc_daily,18429289.79497096,BTC,daily,OBM v0.1.0
2020-07-11,obm_supply_btc_daily,18430264.79497096,BTC,daily,OBM v0.1.0
2020-07-12,obm_supply_btc_daily,18431214.79497096,BTC,daily,OBM v0.1.0
2020-07-13,obm_supply_btc_daily,18432133.54497096,BTC,daily,OBM v0.1.0
2020-07-14,obm_supply_btc_daily,18433033.54497096,BTC,daily,OBM v0.1.0
2020-07-15,obm_supply_btc_daily,18433896.04497096,BTC,daily,OBM v0.1.0
2020-07-16,obm_supply_btc_daily,18434746.04497096,BTC,daily,OBM v0.1.0
2020-07-17,obm_supply_btc_daily,18435483.54497096,BTC,daily,OBM v0.1.0
2020-07-18,obm_supply_btc_daily,18436296.04497096,BTC,daily,OBM v0.1.0
2020-07-19,obm_supply_btc_daily,18437114.79497096,BTC,daily,OBM v0.1.0
2020-07-20,obm_supply_btc_daily,18437996.04497096,BTC,daily,OBM v0.1.0
2020-07-21,obm_supply_btc_daily,18438777.29497096,BTC,daily,OBM v0.1.0
2020-07-22,obm_supply_btc_daily,18439677.29497096,BTC,daily,OBM v0.1.0
2020-07-23,obm_supply_btc_daily,18440527.29497096,BTC,daily,OBM v0.1.0
2020-07-24,obm_supply_btc_daily,18441533.54497096,BTC,daily,OBM v0.1.0
2020-07-25,obm_supply_btc_daily,18442421.04497096,BTC,daily,OBM v0.1.0
2020-07-26,obm_supply_btc_daily,18443408.54497096,BTC,daily,OBM v0.1.0
2020-07-27,obm_supply_btc_daily,18444339.79497096,BTC,daily,OBM v0.1.0
2020-07-28,obm_supply_btc_daily,18445246.04497096,BTC,daily,OBM v0.1.0
2020-07-29,obm_supply_btc_daily,18446171.04497096,BTC,daily,OBM v0.1.0
2020-07-30,obm_supply_btc_daily,18447014.79497096,BTC,daily,OBM v0.1.0
2020-07-31,obm_supply_btc_daily,18447971.04497096,BTC,daily,OBM v0.1.0
2020-08-01,obm_supply_btc_daily,18448827.29497096,BTC,daily,OBM v0.1.0
2020-08-02,obm_supply_btc_daily,18449708.54497096,BTC,daily,OBM v0.1.0
2020-08-03,obm_supply_btc_daily,18450721.04497096,BTC,daily,OBM v0.1.0
2020-08-04,obm_supply_btc_daily,18451627.29497096,BTC,daily,OBM v0.1.0
2020-08-05,obm_supply_btc_daily,18452433.54497096,BTC,daily,OBM v0.1.0
2020-08-06,obm_supply_btc_daily,18453408.54497096,BTC,daily,OBM v0.1.0
2020-08-07,obm_supply_btc_daily,18454358.54497096,BTC,daily,OBM v0.1.0
2020-08-08,obm_supply_btc_daily,18455246.04497096,BTC,daily,OBM v0.1.0
2020-08-09,obm_supply_btc_daily,18456221.04497096,BTC,daily,OBM v0.1.0
2020-08-10,obm_supply_btc_daily,18457077.29497096,BTC,daily,OBM v0.1.0
2020-08-11,obm_supply_btc_daily,18458039.79497096,BTC,daily,OBM v0.1.0
2020-08-12,obm_supply_btc_daily,18459021.04497096,BTC,daily,OBM v0.1.0
2020-08-13,obm_supply_btc_daily,18459939.79497096,BTC,daily,OBM v0.1.0
2020-08-14,obm_supply_btc_daily,18460983.54497096,BTC,daily,OBM v0.1.0
2020-08-15,obm_supply_btc_daily,18461958.54497096,BTC,daily,OBM v0.1.0
2020-08-16,obm_supply_btc_daily,18462908.54497096,BTC,daily,OBM v0.1.0
2020-08-17,obm_supply_btc_daily,18463689.79497096,BTC,daily,OBM v0.1.0
2020-08-18,obm_supply_btc_daily,18464564.79497096,BTC,daily,OBM v0.1.0
2020-08-19,obm_supply_btc_daily,18465427.29497096,BTC,daily,OBM v0.1.0
2020-08-20,obm_supply_btc_daily,18466339.79497096,BTC,daily,OBM v0.1.0
2020-08-21,obm_supply_btc_daily,18467308.54497096,BTC,daily,OBM v0.1.0
2020-08-22,obm_supply_btc_daily,18468158.54497096,BTC,daily,OBM v0.1.0
2020-08-23,obm_supply_btc_daily,18469139.79497096,BTC,daily,OBM v0.1.0
2020-08-24,obm_supply_btc_daily,18470071.04497096,BTC,daily,OBM v0.1.0
2020-08-25,obm_supply_btc_daily,18470871.04497096,BTC,daily,OBM v0.1.0
2020-08-26,obm_supply_btc_daily,18471758.54497096,BTC,daily,OBM v0.1.0
2020-08-27,obm_supply_btc_daily,18472564.79497096,BTC,daily,OBM v0.1.0
2020-08-28,obm_supply_btc_daily,18473583.54497096,BTC,daily,OBM v0.1.0
2020-08-29,obm_supply_btc_daily,18474496.04497096,BTC,daily,OBM v0.1.0
2020-08-30,obm_supply_btc_daily,18475289.79497096,BTC,daily,OBM v0.1.0
2020-08-31,obm_supply_btc_daily,18476227.29497096,BTC,daily,OBM v0.1.0
2020-09-01,obm_supply_btc_daily,18477189.79497096,BTC,daily,OBM v0.1.0
2020-09-02,obm_supply_btc_daily,18478089.79497096,BTC,daily,OBM v0.1.0
2020-09-03,obm_supply_btc_daily,18478896.04497096,BTC,daily,OBM v0.1.0
2020-09-04,obm_supply_btc_daily,18479739.79497096,BTC,daily,OBM v0.1.0
2020-09-05,obm_supply_btc_daily,18480621.04497096,BTC,daily,OBM v0.1.0
2020-09-06,obm_supply_btc_daily,18481558.54497096,BTC,daily,OBM v0.1.0
2020-09-07,obm_supply_btc_daily,18482652.29497096,BTC,daily,OBM v0.1.0
2020-09-08,obm_supply_btc_daily,18483621.04497096,BTC,daily,OBM v0.1.0
2020-09-09,obm_supply_btc_daily,18484552.29497096,BTC,daily,OBM v0.1.0
2020-09-10,obm_supply_btc_daily,18485539.79497096,BTC,daily,OBM v0.1.0
2020-09-11,obm_supply_btc_daily,18486402.29497096,BTC,daily,OBM v0.1.0
2020-09-12,obm_supply_btc_daily,18487464.79497096,BTC,daily,OBM v0.1.0
2020-09-13,obm_supply_btc_daily,18488477.29497096,BTC,daily,OBM v0.1.0
2020-09-14,obm_supply_btc_daily,18489577.29497096,BTC,daily,OBM v0.1.0
2020-09-15,obm_supply_btc_daily,18490552.29497096,BTC,daily,OBM v0.1.0
2020-09-16,obm_supply_btc_daily,18491521.04497096,BTC,daily,OBM v0.1.0
2020-09-17,obm_supply_btc_daily,18492633.54497096,BTC,daily,OBM v0.1.0
2020-09-18,obm_supply_btc_daily,18493664.79497096,BTC,daily,OBM v0.1.0
2020-09-19,obm_supply_btc_daily,18494596.04497096,BTC,daily,OBM v0.1.0
2020-09-20,obm_supply_btc_daily,18495483.54497096,BTC,daily,OBM v0.1.0
2020-09-21,obm_supply_btc_daily,18496389.79497096,BTC,daily,OBM v0.1.0
2020-09-22,obm_supply_btc_daily,18497196.04497096,BTC,daily,OBM v0.1.0
2020-09-23,obm_supply_btc_daily,18498083.54497096,BTC,daily,OBM v0.1.0
2020-09-24,obm_supply_btc_daily,18498939.79497096,BTC,daily,OBM v0.1.0
2020-09-25,obm_supply_btc_daily,18499996.04497096,BTC,daily,OBM v0.1.0
2020-09-26,obm_supply_btc_daily,18500933.54497096,BTC,daily,OBM v0.1.0
2020-09-27,obm_supply_btc_daily,18501883.54497096,BTC,daily,OBM v0.1.0
2020-09-28,obm_supply_btc_daily,18502689.79497096,BTC,daily,OBM v0.1.0
2020-09-29,obm_supply_btc_daily,18503571.04497096,BTC,daily,OBM v0.1.0
2020-09-30,obm_supply_btc_daily,18504546.04497096,BTC,daily,OBM v0.1.0
2020-10-01,obm_supply_btc_daily,18505321.04497096,BTC,daily,OBM v0.1.0
2020-10-02,obm_supply_btc_daily,18506171.04497096,BTC,daily,OBM v0.1.0
2020-10-03,obm_supply_btc_daily,18507114.79497096,BTC,daily,OBM v0.1.0
2020-10-04,obm_supply_btc_daily,18508102.29497096,BTC,daily,OBM v0.1.0
2020-10-05,obm_supply_btc_daily,18508977.29497096,BTC,daily,OBM v0.1.0
2020-10-06,obm_supply_btc_daily,18509789.79497096,BTC,daily,OBM v0.1.0
2020-10-07,obm_supply_btc_daily,18510733.54497096,BTC,daily,OBM v0.1.0
2020-10-08,obm_supply_btc_daily,18511746.04497096,BTC,daily,OBM v0.1.0
2020-10-09,obm_supply_btc_daily,18512633.54497096,BTC,daily,OBM v0.1.0
2020-10-10,obm_supply_btc_daily,18513527.29497096,BTC,daily,OBM v0.1.0
2020-10-11,obm_supply_btc_daily,18514402.29497096,BTC,daily,OBM v0.1.0
2020-10-12,obm_supply_btc_daily,18515333.54497096,BTC,daily,OBM v0.1.0
2020-10-13,obm_supply_btc_daily,18516371.04497096,BTC,daily,OBM v0.1.0
2020-10-14,obm_supply_btc_daily,18517302.29497096,BTC,daily,OBM v0.1.0
2020-10-15,obm_supply_btc_daily,18518246.04497096,BTC,daily,OBM v0.1.0
2020-10-16,obm_supply_btc_daily,18519214.79497096,BTC,daily,OBM v0.1.0
2020-10-17,obm_supply_btc_daily,18520196.04497096,BTC,daily,OBM v0.1.0
2020-10-18,obm_supply_btc_daily,18520946.04497096,BTC,daily,OBM v0.1.0
2020-10-19,obm_supply_btc_daily,18521727.29497096,BTC,daily,OBM v0.1.0
2020-10-20,obm_supply_btc_daily,18522627.29497096,BTC,daily,OBM v0.1.0
2020-10-21,obm_supply_btc_daily,18523439.79497096,BTC,daily,OBM v0.1.0
2020-10-22,obm_supply_btc_daily,18524296.04497096,BTC,daily,OBM v0.1.0
2020-10-23,obm_supply_btc_daily,18525114.79497096,BTC,daily,OBM v0.1.0
2020-10-24,obm_supply_btc_daily,18526064.79497096,BTC,daily,OBM v0.1.0
2020-10-25,obm_supply_btc_daily,18526796.04497096,BTC,daily,OBM v0.1.0
2020-10-26,obm_supply_btc_daily,18527483.54497096,BTC,daily,OBM v0.1.0
2020-10-27,obm_supply_btc_daily,18528102.29497096,BTC,daily,OBM v0.1.0
2020-10-28,obm_supply_btc_daily,18528727.29497096,BTC,daily,OBM v0.1.0
2020-10-29,obm_supply_btc_daily,18529402.29497096,BTC,daily,OBM v0.1.0
2020-10-30,obm_supply_btc_daily,18530096.04497096,BTC,daily,OBM v0.1.0
2020-10-31,obm_supply_btc_daily,18530802.29497096,BTC,daily,OBM v0.1.0
2020-11-01,obm_supply_btc_daily,18531583.54497096,BTC,daily,OBM v0.1.0
2020-11-02,obm_supply_btc_daily,18532177.29497096,BTC,daily,OBM v0.1.0
2020-11-03,obm_supply_btc_daily,18533052.29497096,BTC,daily,OBM v0.1.0
2020-11-04,obm_supply_btc_daily,18534046.04497096,BTC,daily,OBM v0.1.0
2020-11-05,obm_supply_btc_daily,18534964.79497096,BTC,daily,OBM v0.1.0
2020-11-06,obm_supply_btc_daily,18535921.04497096,BTC,daily,OBM v0.1.0
2020-11-07,obm_supply_btc_daily,18536833.54497096,BTC,daily,OBM v0.1.0
2020-11-08,obm_supply_btc_daily,18537696.04497096,BTC,daily,OBM v0.1.0
2020-11-09,obm_supply_btc_daily,18538852.29497096,BTC,daily,OBM v0.1.0
2020-11-10,obm_supply_btc_daily,18539771.04497096,BTC,daily,OBM v0.1.0
2020-11-11,obm_supply_btc_daily,18540689.79497096,BTC,daily,OBM v0.1.0
2020-11-12,obm_supply_btc_daily,18541689.79497096,BTC,daily,OBM v0.1.0
2020-11-13,obm_supply_btc_daily,18542558.54497096,BTC,daily,OBM v0.1.0
2020-11-14,obm_supply_btc_daily,18543446.04497096,BTC,daily,OBM v0.1.0
2020-11-15,obm_supply_btc_daily,18544383.54497096,BTC,daily,OBM v0.1.0
2020-11-16,obm_supply_btc_daily,18545383.54497096,BTC,daily,OBM v0.1.0
2020-11-17,obm_supply_btc_daily,18546364.79497096,BTC,daily,OBM v0.1.0
2020-11-18,obm_supply_btc_daily,18547421.04497096,BTC,daily,OBM v0.1.0
2020-11-19,obm_supply_btc_daily,18548277.29497096,BTC,daily,OBM v0.1.0
2020-11-20,obm_supply_btc_daily,18549327.29497096,BTC,daily,OBM v0.1.0
2020-11-21,obm_supply_btc_daily,18550383.54497096,BTC,daily,OBM v0.1.0
2020-11-22,obm_supply_btc_daily,18551471.04497096,BTC,daily,OBM v0.1.0
2020-11-23,obm_supply_btc_daily,18552389.79497096,BTC,daily,OBM v0.1.0
2020-11-24,obm_supply_btc_daily,18553239.79497096,BTC,daily,OBM v0.1.0
2020-11-25,obm_supply_btc_daily,18554208.54497096,BTC,daily,OBM v0.1.0
2020-11-26,obm_supply_btc_daily,18555146.04497096,BTC,daily,OBM v0.1.0
2020-11-27,obm_supply_btc_daily,18556108.54497096,BTC,daily,OBM v0.1.0
2020-11-28,obm_supply_btc_daily,18557071.04497096,BTC,daily,OBM v0.1.0
2020-11-29,obm_supply_btc_daily,18558008.54497096,BTC,daily,OBM v0.1.0
2020-11-30,obm_supply_btc_daily,18558714.79497096,BTC,daily,OBM v0.1.0
2020-12-01,obm_supply_btc_daily,18559664.79497096,BTC,daily,OBM v0.1.0
2020-12-02,obm_supply_btc_daily,18560483.54497096,BTC,daily,OBM v0.1.0
2020-12-03,obm_supply_btc_daily,18561464.79497096,BTC,daily,OBM v0.1.0
2020-12-04,obm_supply_btc_daily,18562364.79497096,BTC,daily,OBM v0.1.0
2020-12-05,obm_supply_btc_daily,18563264.79497096,BTC,daily,OBM v0.1.0
2020-12-06,obm_supply_btc_daily,18564114.79497096,BTC,daily,OBM v0.1.0
2020-12-07,obm_supply_btc_daily,18565052.29497096,BTC,daily,OBM v0.1.0
2020-12-08,obm_supply_btc_daily,18565952.29497096,BTC,daily,OBM v0.1.0
2020-12-09,obm_supply_btc_daily,18566821.04497096,BTC,daily,OBM v0.1.0
2020-12-10,obm_supply_btc_daily,18567633.54497096,BTC,daily,OBM v0.1.0
2020-12-11,obm_supply_btc_daily,18568496.04497096,BTC,daily,OBM v0.1.0
2020-12-12,obm_supply_btc_daily,18569321.04497096,BTC,daily,OBM v0.1.0
2020-12-13,obm_supply_btc_daily,18570296.04497096,BTC,daily,OBM v0.1.0
2020-12-14,obm_supply_btc_daily,18571202.29497096,BTC,daily,OBM v0.1.0
2020-12-15,obm_supply_btc_daily,18572077.29497096,BTC,daily,OBM v0.1.0
2020-12-16,obm_supply_btc_daily,18572971.04497096,BTC,daily,OBM v0.1.0
2020-12-17,obm_supply_btc_daily,18573777.29497096,BTC,daily,OBM v0.1.0
2020-12-18,obm_supply_btc_daily,18574758.54497096,BTC,daily,OBM v0.1.0
2020-12-19,obm_supply_btc_daily,18575746.04497096,BTC,daily,OBM v0.1.0
2020-12-20,obm_supply_btc_daily,18576689.79497096,BTC,daily,OBM v0.1.0
2020-12-21,obm_supply_btc_daily,18577539.79497096,BTC,daily,OBM v0.1.0
2020-12-22,obm_supply_btc_daily,18578433.54497096,BTC,daily,OBM v0.1.0
2020-12-23,obm_supply_btc_daily,18579396.04497096,BTC,daily,OBM v0.1.0
2020-12-24,obm_supply_btc_daily,18580183.54497096,BTC,daily,OBM v0.1.0
2020-12-25,obm_supply_btc_daily,18581083.54497096,BTC,daily,OBM v0.1.0
2020-12-26,obm_supply_btc_daily,18581939.79497096,BTC,daily,OBM v0.1.0
2020-12-27,obm_supply_btc_daily,18582864.79497096,BTC,daily,OBM v0.1.0
2020-12-28,obm_supply_btc_daily,18583864.79497096,BTC,daily,OBM v0.1.0
2020-12-29,obm_supply_btc_daily,18584814.79497096,BTC,daily,OBM v0.1.0
2020-12-30,obm_supply_btc_daily,18585889.79497096,BTC,daily,OBM v0.1.0
2020-12-31,obm_supply_btc_daily,18586927.29497096,BTC,daily,OBM v0.1.0
2021-01-01,obm_supply_btc_daily,18587858.54497096,BTC,daily,OBM v0.1.0
2021-01-02,obm_supply_btc_daily,18588802.29497096,BTC,daily,OBM v0.1.0
2021-01-03,obm_supply_btc_daily,18589789.79497096,BTC,daily,OBM v0.1.0
2021-01-04,obm_supply_btc_daily,18590871.04497096,BTC,daily,OBM v0.1.0
2021-01-05,obm_supply_btc_daily,18591852.29497096,BTC,daily,OBM v0.1.0
2021-01-06,obm_supply_btc_daily,18592958.54497096,BTC,daily,OBM v0.1.0
2021-01-07,obm_supply_btc_daily,18594008.54497096,BTC,daily,OBM v0.1.0
2021-01-08,obm_supply_btc_daily,18594933.54497096,BTC,daily,OBM v0.1.0
2021-01-09,obm_supply_btc_daily,18595802.29497096,BTC,daily,OBM v0.1.0
2021-01-10,obm_supply_btc_daily,18596796.04497096,BTC,daily,OBM v0.1.0
2021-01-11,obm_supply_btc_daily,18597758.54497096,BTC,daily,OBM v0.1.0
2021-01-12,obm_supply_btc_daily,18598683.54497096,BTC,daily,OBM v0.1.0
2021-01-13,obm_supply_btc_daily,18599633.54497096,BTC,daily,OBM v0.1.0
2021-01-14,obm_supply_btc_daily,18600552.29497096,BTC,daily,OBM v0.1.0
2021-01-15,obm_supply_btc_daily,18601521.04497096,BTC,daily,OBM v0.1.0
2021-01-16,obm_supply_btc_daily,18602439.79497096,BTC,daily,OBM v0.1.0
2021-01-17,obm_supply_btc_daily,18603271.04497096,BTC,daily,OBM v0.1.0
2021-01-18,obm_supply_btc_daily,18604177.29497096,BTC,daily,OBM v0.1.0
2021-01-19,obm_supply_btc_daily,18605108.54497096,BTC,daily,OBM v0.1.0
2021-01-20,obm_supply_btc_daily,18605989.79497096,BTC,daily,OBM v0.1.0
2021-01-21,obm_supply_btc_daily,18606796.04497096,BTC,daily,OBM v0.1.0
2021-01-22,obm_supply_btc_daily,18607677.29497096,BTC,daily,OBM v0.1.0
2021-01-23,obm_supply_btc_daily,18608652.29497096,BTC,daily,OBM v0.1.0
2021-01-24,obm_supply_btc_daily,18609521.04497096,BTC,daily,OBM v0.1.0
2021-01-25,obm_supply_btc_daily,18610396.04497096,BTC,daily,OBM v0.1.0
2021-01-26,obm_supply_btc_daily,18611402.29497096,BTC,daily,OBM v0.1.0
2021-01-27,obm_supply_btc_daily,18612289.79497096,BTC,daily,OBM v0.1.0
2021-01-28,obm_supply_btc_daily,18613196.04497096,BTC,daily,OBM v0.1.0
2021-01-29,obm_supply_btc_daily,18614146.04497096,BTC,daily,OBM v0.1.0
2021-01-30,obm_supply_btc_daily,18614996.04497096,BTC,daily,OBM v0.1.0
2021-01-31,obm_supply_btc_daily,18615896.04497096,BTC,daily,OBM v0.1.0
2021-02-01,obm_supply_btc_daily,18616639.79497096,BTC,daily,OBM v0.1.0
2021-02-02,obm_supply_btc_daily,18617596.04497096,BTC,daily,OBM v0.1.0
2021-02-03,obm_supply_btc_daily,18618533.54497096,BTC,daily,OBM v0.1.0
2021-02-04,obm_supply_btc_daily,18619533.54497096,BTC,daily,OBM v0.1.0
2021-02-05,obm_supply_btc_daily,18620589.79497096,BTC,daily,OBM v0.1.0
2021-02-06,obm_supply_btc_daily,18621583.54497096,BTC,daily,OBM v0.1.0
2021-02-07,obm_supply_btc_daily,18622558.54497096,BTC,daily,OBM v0.1.0
2021-02-08,obm_supply_btc_daily,18623571.04497096,BTC,daily,OBM v0.1.0
2021-02-09,obm_supply_btc_daily,18624464.79497096,BTC,daily,OBM v0.1.0
2021-02-10,obm_supply_btc_daily,18625358.54497096,BTC,daily,OBM v0.1.0
2021-02-11,obm_supply_btc_daily,18626164.79497096,BTC,daily,OBM v0.1.0
2021-02-12,obm_supply_btc_daily,18627052.29497096,BTC,daily,OBM v0.1.0
2021-02-13,obm_supply_btc_daily,18628033.54497096,BTC,daily,OBM v0.1.0
2021-02-14,obm_supply_btc_daily,18628958.54497096,BTC,daily,OBM v0.1.0
2021-02-15,obm_supply_btc_daily,18629908.54497096,BTC,daily,OBM v0.1.0
2021-02-16,obm_supply_btc_daily,18630664.79497096,BTC,daily,OBM v0.1.0
2021-02-17,obm_supply_btc_daily,18631527.29497096,BTC,daily,OBM v0.1.0
2021-02-18,obm_supply_btc_daily,18632383.54497096,BTC,daily,OBM v0.1.0
2021-02-19,obm_supply_btc_daily,18633339.79497096,BTC,daily,OBM v0.1.0
2021-02-20,obm_supply_btc_daily,18634252.29497096,BTC,daily,OBM v0.1.0
2021-02-21,obm_supply_btc_daily,18635133.54497096,BTC,daily,OBM v0.1.0
2021-02-22,obm_supply_btc_daily,18635964.79497096,BTC,daily,OBM v0.1.0
2021-02-23,obm_supply_btc_daily,18636758.54497096,BTC,daily,OBM v0.1.0
2021-02-24,obm_supply_btc_daily,18637752.29497096,BTC,daily,OBM v0.1.0
2021-02-25,obm_supply_btc_daily,18638727.29497096,BTC,daily,OBM v0.1.0
2021-02-26,obm_supply_btc_daily,18639596.04497096,BTC,daily,OBM v0.1.0
2021-02-27,obm_supply_btc_daily,18640577.29497096,BTC,daily,OBM v0.1.0
2021-02-28,obm_supply_btc_daily,18641396.04497096,BTC,daily,OBM v0.1.0
2021-03-01,obm_supply_btc_daily,18642208.54497096,BTC,daily,OBM v0.1.0
2021-03-02,obm_supply_btc_daily,18643102.29497096,BTC,daily,OBM v0.1.0
2021-03-03,obm_supply_btc_daily,18644052.29497096,BTC,daily,OBM v0.1.0
2021-03-04,obm_supply_btc_daily,18644852.29497096,BTC,daily,OBM v0.1.0
2021-03-05,obm_supply_btc_daily,18645783.54497096,BTC,daily,OBM v0.1.0
2021-03-06,obm_supply_btc_daily,18646733.54497096,BTC,daily,OBM v0.1.0
2021-03-07,obm_supply_btc_daily,18647646.04497096,BTC,daily,OBM v0.1.0
2021-03-08,obm_supply_btc_daily,18648614.79497096,BTC,daily,OBM v0.1.0
2021-03-09,obm_supply_btc_daily,18649489.79497096,BTC,daily,OBM v0.1.0
2021-03-10,obm_supply_btc_daily,18650421.04497096,BTC,daily,OBM v0.1.0
2021-03-11,obm_supply_btc_daily,18651246.04497096,BTC,daily,OBM v0.1.0
2021-03-12,obm_supply_btc_daily,18652183.54497096,BTC,daily,OBM v0.1.0
2021-03-13,obm_supply_btc_daily,18653077.29497096,BTC,daily,OBM v0.1.0
2021-03-14,obm_supply_btc_daily,18654058.54497096,BTC,daily,OBM v0.1.0
2021-03-15,obm_supply_btc_daily,18654983.54497096,BTC,daily,OBM v0.1.0
2021-03-16,obm_supply_btc_daily,18655914.79497096,BTC,daily,OBM v0.1.0
2021-03-17,obm_supply_btc_daily,18656764.79497096,BTC,daily,OBM v0.1.0
2021-03-18,obm_supply_btc_daily,18657714.79497096,BTC,daily,OBM v0.1.0
2021-03-19,obm_supply_btc_daily,18658639.79497096,BTC,daily,OBM v0.1.0
2021-03-20,obm_supply_btc_daily,18659602.29497096,BTC,daily,OBM v0.1.0
2021-03-21,obm_supply_btc_daily,18660577.29497096,BTC,daily,OBM v0.1.0
2021-03-22,obm_supply_btc_daily,18661521.04497096,BTC,daily,OBM v0.1.0
2021-03-23,obm_supply_btc_daily,18662527.29497096,BTC,daily,OBM v0.1.0
2021-03-24,obm_supply_btc_daily,18663477.29497096,BTC,daily,OBM v0.1.0
2021-03-25,obm_supply_btc_daily,18664439.79497096,BTC,daily,OBM v0.1.0
2021-03-26,obm_supply_btc_daily,18665289.79497096,BTC,daily,OBM v0.1.0
2021-03-27,obm_supply_btc_daily,18666283.54497096,BTC,daily,OBM v0.1.0
2021-03-28,obm_supply_btc_daily,18667277.29497096,BTC,daily,OBM v0.1.0
2021-03-29,obm_supply_btc_daily,18668221.04497096,BTC,daily,OBM v0.1.0
2021-03-30,obm_supply_btc_daily,18669133.54497096,BTC,daily,OBM v0.1.0
2021-03-31,obm_supply_btc_daily,18670114.79497096,BTC,daily,OBM v0.1.0
2021-04-01,obm_supply_btc_daily,18671021.04497096,BTC,daily,OBM v0.1.0
2021-04-02,obm_supply_btc_daily,18671896.04497096,BTC,daily,OBM v0.1.0
2021-04-03,obm_supply_btc_daily,18672714.79497096,BTC,daily,OBM v0.1.0
2021-04-04,obm_supply_btc_daily,18673627.29497096,BTC,daily,OBM v0.1.0
2021-04-05,obm_supply_btc_daily,18674602.29497096,BTC,daily,OBM v0.1.0
2021-04-06,obm_supply_btc_daily,18675502.29497096,BTC,daily,OBM v0.1.0
2021-04-07,obm_supply_btc_daily,18676483.54497096,BTC,daily,OBM v0.1.0
2021-04-08,obm_supply_btc_daily,18677321.04497096,BTC,daily,OBM v0.1.0
2021-04-09,obm_supply_btc_daily,18678271.04497096,BTC,daily,OBM v0.1.0
2021-04-10,obm_supply_btc_daily,18679252.29497096,BTC,daily,OBM v0.1.0
2021-04-11,obm_supply_btc_daily,18680158.54497096,BTC,daily,OBM v0.1.0
2021-04-12,obm_supply_btc_daily,18681058.54497096,BTC,daily,OBM v0.1.0
2021-04-13,obm_supply_btc_daily,18681946.04497096,BTC,daily,OBM v0.1.0
2021-04-14,obm_supply_btc_daily,18682789.79497096,BTC,daily,OBM v0.1.0
2021-04-15,obm_supply_btc_daily,18683864.79497096,BTC,daily,OBM v0.1.0
2021-04-16,obm_supply_btc_daily,18684508.54497096,BTC,daily,OBM v0.1.0
2021-04-17,obm_supply_btc_daily,18685077.29497096,BTC,daily,OBM v0.1.0
2021-04-18,obm_supply_btc_daily,18685852.29497096,BTC,daily,OBM v0.1.0
2021-04-19,obm_supply_btc_daily,18686458.54497096,BTC,daily,OBM v0.1.0
2021-04-20,obm_supply_btc_daily,18687258.54497096,BTC,daily,OBM v0.1.0
2021-04-21,obm_supply_btc_daily,18687889.79497096,BTC,daily,OBM v0.1.0
2021-04-22,obm_supply_btc_daily,18688783.54497096,BTC,daily,OBM v0.1.0
2021-04-23,obm_supply_btc_daily,18689627.29497096,BTC,daily,OBM v0.1.0
2021-04-24,obm_supply_btc_daily,18690533.54497096,BTC,daily,OBM v0.1.0
2021-04-25,obm_supply_btc_daily,18691414.79497096,BTC,daily,OBM v0.1.0
2021-04-26,obm_supply_btc_daily,18692127.29497096,BTC,daily,OBM v0.1.0
2021-04-27,obm_supply_btc_daily,18693014.79497096,BTC,daily,OBM v0.1.0
2021-04-28,obm_supply_btc_daily,18693902.29497096,BTC,daily,OBM v0.1.0
2021-04-29,obm_supply_btc_daily,18694664.79497096,BTC,daily,OBM v0.1.0
2021-04-30,obm_supply_btc_daily,18695571.04497096,BTC,daily,OBM v0.1.0
2021-05-01,obm_supply_btc_daily,18696439.79497096,BTC,daily,OBM v0.1.0
2021-05-02,obm_supply_btc_daily,18697596.04497096,BTC,daily,OBM v0.1.0
2021-05-03,obm_supply_btc_daily,18698702.29497096,BTC,daily,OBM v0.1.0
2021-05-04,obm_supply_btc_daily,18699833.54497096,BTC,daily,OBM v0.1.0
2021-05-05,obm_supply_btc_daily,18700814.79497096,BTC,daily,OBM v0.1.0
2021-05-06,obm_supply_btc_daily,18701877.29497096,BTC,daily,OBM v0.1.0
2021-05-07,obm_supply_btc_daily,18702952.29497096,BTC,daily,OBM v0.1.0
2021-05-08,obm_supply_btc_daily,18704021.04497096,BTC,daily,OBM v0.1.0
2021-05-09,obm_supply_btc_daily,18705183.54497096,BTC,daily,OBM v0.1.0
2021-05-10,obm_supply_btc_daily,18706308.54497096,BTC,daily,OBM v0.1.0
2021-05-11,obm_supply_btc_daily,18707383.54497096,BTC,daily,OBM v0.1.0
2021-05-12,obm_supply_btc_daily,18708458.54497096,BTC,daily,OBM v0.1.0
2021-05-13,obm_supply_btc_daily,18709464.79497096,BTC,daily,OBM v0.1.0
2021-05-14,obm_supply_btc_daily,18710302.29497096,BTC,daily,OBM v0.1.0
2021-05-15,obm_supply_btc_daily,18711071.04497096,BTC,daily,OBM v0.1.0
2021-05-16,obm_supply_btc_daily,18711896.04497096,BTC,daily,OBM v0.1.0
2021-05-17,obm_supply_btc_daily,18712652.29497096,BTC,daily,OBM v0.1.0
2021-05-18,obm_supply_btc_daily,18713277.29497096,BTC,daily,OBM v0.1.0
2021-05-19,obm_supply_btc_daily,18714058.54497096,BTC,daily,OBM v0.1.0
2021-05-20,obm_supply_btc_daily,18714758.54497096,BTC,daily,OBM v0.1.0
2021-05-21,obm_supply_btc_daily,18715446.04497096,BTC,daily,OBM v0.1.0
2021-05-22,obm_supply_btc_daily,18716171.04497096,BTC,daily,OBM v0.1.0
2021-05-23,obm_supply_btc_daily,18716914.79497096,BTC,daily,OBM v0.1.0
2021-05-24,obm_supply_btc_daily,18717702.29497096,BTC,daily,OBM v0.1.0
2021-05-25,obm_supply_btc_daily,18718471.04497096,BTC,daily,OBM v0.1.0
2021-05-26,obm_supply_btc_daily,18719233.54497096,BTC,daily,OBM v0.1.0
2021-05-27,obm_supply_btc_daily,18719964.79497096,BTC,daily,OBM v0.1.0
2021-05-28,obm_supply_btc_daily,18720708.54497096,BTC,daily,OBM v0.1.0
2021-05-29,obm_supply_btc_daily,18721433.54497096,BTC,daily,OBM v0.1.0
2021-05-30,obm_supply_btc_daily,18722333.54497096,BTC,daily,OBM v0.1.0
2021-05-31,obm_supply_btc_daily,18723214.79497096,BTC,daily,OBM v0.1.0
2021-06-01,obm_supply_btc_daily,18724102.29497096,BTC,daily,OBM v0.1.0
2021-06-02,obm_supply_btc_daily,18725139.79497096,BTC,daily,OBM v0.1.0
2021-06-03,obm_supply_btc_daily,18726058.54497096,BTC,daily,OBM v0.1.0
2021-06-04,obm_supply_btc_daily,18726877.29497096,BTC,daily,OBM v0.1.0
2021-06-05,obm_supply_btc_daily,18727696.04497096,BTC,daily,OBM v0.1.0
2021-06-06,obm_supply_btc_daily,18728633.54497096,BTC,daily,OBM v0.1.0
2021-06-07,obm_supply_btc_daily,18729464.79497096,BTC,daily,OBM v0.1.0
2021-06-08,obm_supply_btc_daily,18730396.04497096,BTC,daily,OBM v0.1.0
2021-06-09,obm_supply_btc_daily,18731183.54497096,BTC,daily,OBM v0.1.0
2021-06-10,obm_supply_btc_daily,18731921.04497096,BTC,daily,OBM v0.1.0
2021-06-11,obm_supply_btc_daily,18732577.29497096,BTC,daily,OBM v0.1.0
2021-06-12,obm_supply_btc_daily,18733402.29497096,BTC,daily,OBM v0.1.0
2021-06-13,obm_supply_btc_daily,18734227.29497096,BTC,daily,OBM v0.1.0
2021-06-14,obm_supply_btc_daily,18735071.04497096,BTC,daily,OBM v0.1.0
2021-06-15,obm_supply_btc_daily,18735889.79497096,BTC,daily,OBM v0.1.0
2021-06-16,obm_supply_btc_daily,18736658.54497096,BTC,daily,OBM v0.1.0
2021-06-17,obm_supply_btc_daily,18737471.04497096,BTC,daily,OBM v0.1.0
2021-06-18,obm_supply_btc_daily,18738246.04497096,BTC,daily,OBM v0.1.0
2021-06-19,obm_supply_btc_daily,18738889.79497096,BTC,daily,OBM v0.1.0
2021-06-20,obm_supply_btc_daily,18739546.04497096,BTC,daily,OBM v0.1.0
2021-06-21,obm_supply_btc_daily,18740202.29497096,BTC,daily,OBM v0.1.0
2021-06-22,obm_supply_btc_daily,18740771.04497096,BTC,daily,OBM v0.1.0
2021-06-23,obm_supply_btc_daily,18741402.29497096,BTC,daily,OBM v0.1.0
2021-06-24,obm_supply_btc_daily,18742058.54497096,BTC,daily,OBM v0.1.0
2021-06-25,obm_supply_btc_daily,18742746.04497096,BTC,daily,OBM v0.1.0
2021-06-26,obm_supply_btc_daily,18743302.29497096,BTC,daily,OBM v0.1.0
2021-06-27,obm_supply_btc_daily,18743664.79497096,BTC,daily,OBM v0.1.0
2021-06-28,obm_supply_btc_daily,18744214.79497096,BTC,daily,OBM v0.1.0
2021-06-29,obm_supply_btc_daily,18744777.29497096,BTC,daily,OBM v0.1.0
2021-06-30,obm_supply_btc_daily,18745327.29497096,BTC,daily,OBM v0.1.0
2021-07-01,obm_supply_btc_daily,18745927.29497096,BTC,daily,OBM v0.1.0
2021-07-02,obm_supply_btc_daily,18746489.79497096,BTC,daily,OBM v0.1.0
2021-07-03,obm_supply_btc_daily,18747283.54497096,BTC,daily,OBM v0.1.0
2021-07-04,obm_supply_btc_daily,18748002.29497096,BTC,daily,OBM v0.1.0
2021-07-05,obm_supply_btc_daily,18748827.29497096,BTC,daily,OBM v0.1.0
2021-07-06,obm_supply_btc_daily,18749714.79497096,BTC,daily,OBM v0.1.0
2021-07-07,obm_supply_btc_daily,18750483.54497096,BTC,daily,OBM v0.1.0
2021-07-08,obm_supply_btc_daily,18751352.29497096,BTC,daily,OBM v0.1.0
2021-07-09,obm_supply_btc_daily,18752171.04497096,BTC,daily,OBM v0.1.0
2021-07-10,obm_supply_btc_daily,18753177.29497096,BTC,daily,OBM v0.1.0
2021-07-11,obm_supply_btc_daily,18753958.54497096,BTC,daily,OBM v0.1.0
2021-07-12,obm_supply_btc_daily,18754746.04497096,BTC,daily,OBM v0.1.0
2021-07-13,obm_supply_btc_daily,18755596.04497096,BTC,daily,OBM v0.1.0
2021-07-14,obm_supply_btc_daily,18756658.54497096,BTC,daily,OBM v0.1.0
2021-07-15,obm_supply_btc_daily,18757458.54497096,BTC,daily,OBM v0.1.0
2021-07-16,obm_supply_btc_daily,18758396.04497096,BTC,daily,OBM v0.1.0
2021-07-17,obm_supply_btc_daily,18759289.79497096,BTC,daily,OBM v0.1.0
2021-07-18,obm_supply_btc_daily,18760189.79497096,BTC,daily,OBM v0.1.0
2021-07-19,obm_supply_btc_daily,18761252.29497096,BTC,daily,OBM v0.1.0
2021-07-20,obm_supply_btc_daily,18762014.79497096,BTC,daily,OBM v0.1.0
2021-07-21,obm_supply_btc_daily,18762921.04497096,BTC,daily,OBM v0.1.0
2021-07-22,obm_supply_btc_daily,18763877.29497096,BTC,daily,OBM v0.1.0
2021-07-23,obm_supply_btc_daily,18764721.04497096,BTC,daily,OBM v0.1.0
2021-07-24,obm_supply_btc_daily,18765683.54497096,BTC,daily,OBM v0.1.0
2021-07-25,obm_supply_btc_daily,18766639.79497096,BTC,daily,OBM v0.1.0
2021-07-26,obm_supply_btc_daily,18767577.29497096,BTC,daily,OBM v0.1.0
2021-07-27,obm_supply_btc_daily,18768639.79497096,BTC,daily,OBM v0.1.0
2021-07-28,obm_supply_btc_daily,18769621.04497096,BTC,daily,OBM v0.1.0
2021-07-29,obm_supply_btc_daily,18770621.04497096,BTC,daily,OBM v0.1.0
2021-07-30,obm_supply_btc_daily,18771658.54497096,BTC,daily,OBM v0.1.0
2021-07-31,obm_supply_btc_daily,18772646.04497096,BTC,daily,OBM v0.1.0
2021-08-01,obm_supply_btc_daily,18773608.54497096,BTC,daily,OBM v0.1.0
2021-08-02,obm_supply_btc_daily,18774502.29497096,BTC,daily,OBM v0.1.0
2021-08-03,obm_supply_btc_daily,18775558.54497096,BTC,daily,OBM v0.1.0
2021-08-04,obm_supply_btc_daily,18776408.54497096,BTC,daily,OBM v0.1.0
2021-08-05,obm_supply_btc_daily,18777408.54497096,BTC,daily,OBM v0.1.0
2021-08-06,obm_supply_btc_daily,18778402.29497096,BTC,daily,OBM v0.1.0
2021-08-07,obm_supply_btc_daily,18779446.04497096,BTC,daily,OBM v0.1.0
2021-08-08,obm_supply_btc_daily,18780433.54497096,BTC,daily,OBM v0.1.0
2021-08-09,obm_supply_btc_daily,18781383.54497096,BTC,daily,OBM v0.1.0
2021-08-10,obm_supply_btc_daily,18782414.79497096,BTC,daily,OBM v0.1.0
2021-08-11,obm_supply_btc_daily,18783333.54497096,BTC,daily,OBM v0.1.0
2021-08-12,obm_supply_btc_daily,18784277.29497096,BTC,daily,OBM v0.1.0
2021-08-13,obm_supply_btc_daily,18785164.79497096,BTC,daily,OBM v0.1.0
2021-08-14,obm_supply_btc_daily,18786189.79497096,BTC,daily,OBM v0.1.0
2021-08-15,obm_supply_btc_daily,18787327.29497096,BTC,daily,OBM v0.1.0
2021-08-16,obm_supply_btc_daily,18788333.54497096,BTC,daily,OBM v0.1.0
2021-08-17,obm_supply_btc_daily,18789408.54497096,BTC,daily,OBM v0.1.0
2021-08-18,obm_supply_btc_daily,18790252.29497096,BTC,daily,OBM v0.1.0
2021-08-19,obm_supply_btc_daily,18791214.79497096,BTC,daily,OBM v0.1.0
2021-08-20,obm_supply_btc_daily,18792214.79497096,BTC,daily,OBM v0.1.0
2021-08-21,obm_supply_btc_daily,18793277.29497096,BTC,daily,OBM v0.1.0
2021-08-22,obm_supply_btc_daily,18794302.29497096,BTC,daily,OBM v0.1.0
2021-08-23,obm_supply_btc_daily,18795533.54497096,BTC,daily,OBM v0.1.0
2021-08-24,obm_supply_btc_daily,18796496.04497096,BTC,daily,OBM v0.1.0
2021-08-25,obm_supply_btc_daily,18797496.04497096,BTC,daily,OBM v0.1.0
2021-08-26,obm_supply_btc_daily,18798408.54497096,BTC,daily,OBM v0.1.0
2021-08-27,obm_supply_btc_daily,18799321.04497096,BTC,daily,OBM v0.1.0
2021-08-28,obm_supply_btc_daily,18800202.29497096,BTC,daily,OBM v0.1.0
2021-08-29,obm_supply_btc_daily,18801177.29497096,BTC,daily,OBM v0.1.0
2021-08-30,obm_supply_btc_daily,18802021.04497096,BTC,daily,OBM v0.1.0
2021-08-31,obm_supply_btc_daily,18802921.04497096,BTC,daily,OBM v0.1.0
2021-09-01,obm_supply_btc_daily,18803777.29497096,BTC,daily,OBM v0.1.0
2021-09-02,obm_supply_btc_daily,18804708.54497096,BTC,daily,OBM v0.1.0
2021-09-03,obm_supply_btc_daily,18805633.54497096,BTC,daily,OBM v0.1.0
2021-09-04,obm_supply_btc_daily,18806602.29497096,BTC,daily,OBM v0.1.0
2021-09-05,obm_supply_btc_daily,18807627.29497096,BTC,daily,OBM v0.1.0
2021-09-06,obm_supply_btc_daily,18808702.29497096,BTC,daily,OBM v0.1.0
2021-09-07,obm_supply_btc_daily,18809658.54497096,BTC,daily,OBM v0.1.0
2021-09-08,obm_supply_btc_daily,18810546.04497096,BTC,daily,OBM v0.1.0
2021-09-09,obm_supply_btc_daily,18811402.29497096,BTC,daily,OBM v0.1.0
2021-09-10,obm_supply_btc_daily,18812252.29497096,BTC,daily,OBM v0.1.0
2021-09-11,obm_supply_btc_daily,18813177.29497096,BTC,daily,OBM v0.1.0
2021-09-12,obm_supply_btc_daily,18814096.04497096,BTC,daily,OBM v0.1.0
2021-09-13,obm_supply_btc_daily,18815089.79497096,BTC,daily,OBM v0.1.0
2021-09-14,obm_supply_btc_daily,18816139.79497096,BTC,daily,OBM v0.1.0
2021-09-15,obm_supply_btc_daily,18817027.29497096,BTC,daily,OBM v0.1.0
2021-09-16,obm_supply_btc_daily,18817877.29497096,BTC,daily,OBM v0.1.0
2021-09-17,obm_supply_btc_daily,18818796.04497096,BTC,daily,OBM v0.1.0
2021-09-18,obm_supply_btc_daily,18819764.79497096,BTC,daily,OBM v0.1.0
2021-09-19,obm_supply_btc_daily,18820764.79497096,BTC,daily,OBM v0.1.0
2021-09-20,obm_supply_btc_daily,18821789.79497096,BTC,daily,OBM v0.1.0
2021-09-21,obm_supply_btc_daily,18822558.54497096,BTC,daily,OBM v0.1.0
2021-09-22,obm_supply_btc_daily,18823396.04497096,BTC,daily,OBM v0.1.0
2021-09-23,obm_supply_btc_daily,18824427.29497096,BTC,daily,OBM v0.1.0
2021-09-24,obm_supply_btc_daily,18825352.29497096,BTC,daily,OBM v0.1.0
2021-09-25,obm_supply_btc_daily,18826252.29497096,BTC,daily,OBM v0.1.0
2021-09-26,obm_supply_btc_daily,18827121.04497096,BTC,daily,OBM v0.1.0
2021-09-27,obm_supply_btc_daily,18828089.79497096,BTC,daily,OBM v0.1.0
2021-09-28,obm_supply_btc_daily,18829039.79497096,BTC,daily,OBM v0.1.0
2021-09-29,obm_supply_btc_daily,18829852.29497096,BTC,daily,OBM v0.1.0
2021-09-30,obm_supply_btc_daily,18830921.04497096,BTC,daily,OBM v0.1.0
2021-10-01,obm_supply_btc_daily,18831796.04497096,BTC,daily,OBM v0.1.0
2021-10-02,obm_supply_btc_daily,18832971.04497096,BTC,daily,OBM v0.1.0
2021-10-03,obm_supply_btc_daily,18833908.54497096,BTC,daily,OBM v0.1.0
2021-10-04,obm_supply_btc_daily,18834883.54497096,BTC,daily,OBM v0.1.0
2021-10-05,obm_supply_btc_daily,18835908.54497096,BTC,daily,OBM v0.1.0
2021-10-06,obm_supply_btc_daily,18836727.29497096,BTC,daily,OBM v0.1.0
2021-10-07,obm_supply_btc_daily,18837608.54497096,BTC,daily,OBM v0.1.0
2021-10-08,obm_supply_btc_daily,18838358.54497096,BTC,daily,OBM v0.1.0
2021-10-09,obm_supply_btc_daily,18839296.04497096,BTC,daily,OBM v0.1.0
2021-10-10,obm_supply_btc_daily,18840289.79497096,BTC,daily,OBM v0.1.0
2021-10-11,obm_supply_btc_daily,18841202.29497096,BTC,daily,OBM v0.1.0
2021-10-12,obm_supply_btc_daily,18842039.79497096,BTC,daily,OBM v0.1.0
2021-10-13,obm_supply_btc_daily,18843096.04497096,BTC,daily,OBM v0.1.0
2021-10-14,obm_supply_btc_daily,18843952.29497096,BTC,daily,OBM v0.1.0
2021-10-15,obm_supply_btc_daily,18844833.54497096,BTC,daily,OBM v0.1.0
2021-10-16,obm_supply_btc_daily,18845664.79497096,BTC,daily,OBM v0.1.0
2021-10-17,obm_supply_btc_daily,18846664.79497096,BTC,daily,OBM v0.1.0
2021-10-18,obm_supply_btc_daily,18847589.79497096,BTC,daily,OBM v0.1.0
2021-10-19,obm_supply_btc_daily,18848558.54497096,BTC,daily,OBM v0.1.0
2021-10-20,obm_supply_btc_daily,18849489.79497096,BTC,daily,OBM v0.1.0
2021-10-21,obm_supply_btc_daily,18850414.79497096,BTC,daily,OBM v0.1.0
2021-10-22,obm_supply_btc_daily,18851402.29497096,BTC,daily,OBM v0.1.0
2021-10-23,obm_supply_btc_daily,18852308.54497096,BTC,daily,OBM v0.1.0
2021-10-24,obm_supply_btc_daily,18853264.79497096,BTC,daily,OBM v0.1.0
2021-10-25,obm_supply_btc_daily,18854402.29497096,BTC,daily,OBM v0.1.0
2021-10-26,obm_supply_btc_daily,18855339.79497096,BTC,daily,OBM v0.1.0
2021-10-27,obm_supply_btc_daily,18856321.04497096,BTC,daily,OBM v0.1.0
2021-10-28,obm_supply_btc_daily,18857277.29497096,BTC,daily,OBM v0.1.0
2021-10-29,obm_supply_btc_daily,18858346.04497096,BTC,daily,OBM v0.1.0
2021-10-30,obm_supply_btc_daily,18859314.79497096,BTC,daily,OBM v0.1.0
2021-10-31,obm_supply_btc_daily,18860183.54497096,BTC,daily,OBM v0.1.0
2021-11-01,obm_supply_btc_daily,18861108.54497096,BTC,daily,OBM v0.1.0
2021-11-02,obm_supply_btc_daily,18862096.04497096,BTC,daily,OBM v0.1.0
2021-11-03,obm_supply_btc_daily,18863102.29497096,BTC,daily,OBM v0.1.0
2021-11-04,obm_supply_btc_daily,18863996.04497096,BTC,daily,OBM v0.1.0
2021-11-05,obm_supply_btc_daily,18864964.79497096,BTC,daily,OBM v0.1.0
2021-11-06,obm_supply_btc_daily,18865927.29497096,BTC,daily,OBM v0.1.0
2021-11-07,obm_supply_btc_daily,18866883.54497096,BTC,daily,OBM v0.1.0
2021-11-08,obm_supply_btc_daily,18867727.29497096,BTC,daily,OBM v0.1.0
2021-11-09,obm_supply_btc_daily,18868677.29497096,BTC,daily,OBM v0.1.0
2021-11-10,obm_supply_btc_daily,18869608.54497096,BTC,daily,OBM v0.1.0
2021-11-11,obm_supply_btc_daily,18870596.04497096,BTC,daily,OBM v0.1.0
2021-11-12,obm_supply_btc_daily,18871483.54497096,BTC,daily,OBM v0.1.0
2021-11-13,obm_supply_btc_daily,18872439.79497096,BTC,daily,OBM v0.1.0
2021-11-14,obm_supply_btc_daily,18873421.04497096,BTC,daily,OBM v0.1.0
2021-11-15,obm_supply_btc_daily,18874364.79497096,BTC,daily,OBM v0.1.0
2021-11-16,obm_supply_btc_daily,18875302.29497096,BTC,daily,OBM v0.1.0
2021-11-17,obm_supply_btc_daily,18876233.54497096,BTC,daily,OBM v0.1.0
2021-11-18,obm_supply_btc_daily,18877133.54497096,BTC,daily,OBM v0.1.0
2021-11-19,obm_supply_btc_daily,18877989.79497096,BTC,daily,OBM v0.1.0
2021-11-20,obm_supply_btc_daily,18878896.04497096,BTC,daily,OBM v0.1.0
2021-11-21,obm_supply_btc_daily,18879721.04497096,BTC,daily,OBM v0.1.0
2021-11-22,obm_supply_btc_daily,18880602.29497096,BTC,daily,OBM v0.1.0
2021-11-23,obm_supply_btc_daily,18881427.29497096,BTC,daily,OBM v0.1.0
2021-11-24,obm_supply_btc_daily,18882408.54497096,BTC,daily,OBM v0.1.0
2021-11-25,obm_supply_btc_daily,18883221.04497096,BTC,daily,OBM v0.1.0
2021-11-26,obm_supply_btc_daily,18884046.04497096,BTC,daily,OBM v0.1.0
2021-11-27,obm_supply_btc_daily,18884939.79497096,BTC,daily,OBM v0.1.0
2021-11-28,obm_supply_btc_daily,18885808.54497096,BTC,daily,OBM v0.1.0
2021-11-29,obm_supply_btc_daily,18886702.29497096,BTC,daily,OBM v0.1.0
2021-11-30,obm_supply_btc_daily,18887539.79497096,BTC,daily,OBM v0.1.0
2021-12-01,obm_supply_btc_daily,18888396.04497096,BTC,daily,OBM v0.1.0
2021-12-02,obm_supply_btc_daily,18889364.79497096,BTC,daily,OBM v0.1.0
2021-12-03,obm_supply_btc_daily,18890414.79497096,BTC,daily,OBM v0.1.0
2021-12-04,obm_supply_btc_daily,18891383.54497096,BTC,daily,OBM v0.1.0
2021-12-05,obm_supply_btc_daily,18892421.04497096,BTC,daily,OBM v0.1.0
2021-12-06,obm_supply_btc_daily,18893496.04497096,BTC,daily,OBM v0.1.0
2021-12-07,obm_supply_btc_daily,18894458.54497096,BTC,daily,OBM v0.1.0
2021-12-08,obm_supply_btc_daily,18895508.54497096,BTC,daily,OBM v0.1.0
2021-12-09,obm_supply_btc_daily,18896527.29497096,BTC,daily,OBM v0.1.0
2021-12-10,obm_supply_btc_daily,18897502.29497096,BTC,daily,OBM v0.1.0
2021-12-11,obm_supply_btc_daily,18898446.04497096,BTC,daily,OBM v0.1.0
2021-12-12,obm_supply_btc_daily,18899321.04497096,BTC,daily,OBM v0.1.0
2021-12-13,obm_supply_btc_daily,18900202.29497096,BTC,daily,OBM v0.1.0
2021-12-14,obm_supply_btc_daily,18901127.29497096,BTC,daily,OBM v0.1.0
2021-12-15,obm_supply_btc_daily,18902008.54497096,BTC,daily,OBM v0.1.0
2021-12-16,obm_supply_btc_daily,18902727.29497096,BTC,daily,OBM v0.1.0
2021-12-17,obm_supply_btc_daily,18903658.54497096,BTC,daily,OBM v0.1.0
2021-12-18,obm_supply_btc_daily,18904458.54497096,BTC,daily,OBM v0.1.0
2021-12-19,obm_supply_btc_daily,18905389.79497096,BTC,daily,OBM v0.1.0
2021-12-20,obm_supply_btc_daily,18906289.79497096,BTC,daily,OBM v0.1.0
2021-12-21,obm_supply_btc_daily,18907296.04497096,BTC,daily,OBM v0.1.0
2021-12-22,obm_supply_btc_daily,18908221.04497096,BTC,daily,OBM v0.1.0
2021-12-23,obm_supply_btc_daily,18909171.04497096,BTC,daily,OBM v0.1.0
2021-12-24,obm_supply_btc_daily,18910114.79497096,BTC,daily,OBM v0.1.0
2021-12-25,obm_supply_btc_daily,18911033.54497096,BTC,daily,OBM v0.1.0
2021-12-26,obm_supply_btc_daily,18911871.04497096,BTC,daily,OBM v0.1.0
2021-12-27,obm_supply_btc_daily,18912796.04497096,BTC,daily,OBM v0.1.0
2021-12-28,obm_supply_btc_daily,18913633.54497096,BTC,daily,OBM v0.1.0
2021-12-29,obm_supply_btc_daily,18914539.79497096,BTC,daily,OBM v0.1.0
2021-12-30,obm_supply_btc_daily,18915283.54497096,BTC,daily,OBM v0.1.0
2021-12-31,obm_supply_btc_daily,18916214.79497096,BTC,daily,OBM v0.1.0
2022-01-01,obm_supply_btc_daily,18917289.79497096,BTC,daily,OBM v0.1.0
2022-01-02,obm_supply_btc_daily,18918277.29497096,BTC,daily,OBM v0.1.0
2022-01-03,obm_supply_btc_daily,18919152.29497096,BTC,daily,OBM v0.1.0
2022-01-04,obm_supply_btc_daily,18920071.04497096,BTC,daily,OBM v0.1.0
2022-01-05,obm_supply_btc_daily,18921008.54497096,BTC,daily,OBM v0.1.0
2022-01-06,obm_supply_btc_daily,18921921.04497096,BTC,daily,OBM v0.1.0
2022-01-07,obm_supply_btc_daily,18922796.04497096,BTC,daily,OBM v0.1.0
2022-01-08,obm_supply_btc_daily,18923696.04497096,BTC,daily,OBM v0.1.0
2022-01-09,obm_supply_btc_daily,18924577.29497096,BTC,daily,OBM v0.1.0
2022-01-10,obm_supply_btc_daily,18925464.79497096,BTC,daily,OBM v0.1.0
2022-01-11,obm_supply_btc_daily,18926452.29497096,BTC,daily,OBM v0.1.0
2022-01-12,obm_supply_btc_daily,18927321.04497096,BTC,daily,OBM v0.1.0
2022-01-13,obm_supply_btc_daily,18928439.79497096,BTC,daily,OBM v0.1.0
2022-01-14,obm_supply_btc_daily,18929433.54497096,BTC,daily,OBM v0.1.0
2022-01-15,obm_supply_btc_daily,18930471.04497096,BTC,daily,OBM v0.1.0
2022-01-16,obm_supply_btc_daily,18931564.79497096,BTC,daily,OBM v0.1.0
2022-01-17,obm_supply_btc_daily,18932571.04497096,BTC,daily,OBM v0.1.0
2022-01-18,obm_supply_btc_daily,18933421.04497096,BTC,daily,OBM v0.1.0
2022-01-19,obm_supply_btc_daily,18934502.29497096,BTC,daily,OBM v0.1.0
2022-01-20,obm_supply_btc_daily,18935558.54497096,BTC,daily,OBM v0.1.0
2022-01-21,obm_supply_btc_daily,18936396.04497096,BTC,daily,OBM v0.1.0
2022-01-22,obm_supply_btc_daily,18937233.54497096,BTC,daily,OBM v0.1.0
2022-01-23,obm_supply_btc_daily,18938114.79497096,BTC,daily,OBM v0.1.0
2022-01-24,obm_supply_btc_daily,18939052.29497096,BTC,daily,OBM v0.1.0
2022-01-25,obm_supply_btc_daily,18940002.29497096,BTC,daily,OBM v0.1.0
2022-01-26,obm_supply_btc_daily,18940814.79497096,BTC,daily,OBM v0.1.0
2022-01-27,obm_supply_btc_daily,18941633.54497096,BTC,daily,OBM v0.1.0
2022-01-28,obm_supply_btc_daily,18942596.04497096,BTC,daily,OBM v0.1.0
2022-01-29,obm_supply_btc_daily,18943527.29497096,BTC,daily,OBM v0.1.0
2022-01-30,obm_supply_btc_daily,18944439.79497096,BTC,daily,OBM v0.1.0
2022-01-31,obm_supply_btc_daily,18945333.54497096,BTC,daily,OBM v0.1.0
2022-02-01,obm_supply_btc_daily,18946296.04497096,BTC,daily,OBM v0.1.0
2022-02-02,obm_supply_btc_daily,18947252.29497096,BTC,daily,OBM v0.1.0
2022-02-03,obm_supply_btc_daily,18948171.04497096,BTC,daily,OBM v0.1.0
2022-02-04,obm_supply_btc_daily,18948983.54497096,BTC,daily,OBM v0.1.0
2022-02-05,obm_supply_btc_daily,18949727.29497096,BTC,daily,OBM v0.1.0
2022-02-06,obm_supply_btc_daily,18950702.29497096,BTC,daily,OBM v0.1.0
2022-02-07,obm_supply_btc_daily,18951552.29497096,BTC,daily,OBM v0.1.0
2022-02-08,obm_supply_btc_daily,18952514.79497096,BTC,daily,OBM v0.1.0
2022-02-09,obm_supply_btc_daily,18953389.79497096,BTC,daily,OBM v0.1.0
2022-02-10,obm_supply_btc_daily,18954308.54497096,BTC,daily,OBM v0.1.0
2022-02-11,obm_supply_btc_daily,18955196.04497096,BTC,daily,OBM v0.1.0
2022-02-12,obm_supply_btc_daily,18956364.79497096,BTC,daily,OBM v0.1.0
2022-02-13,obm_supply_btc_daily,18957352.29497096,BTC,daily,OBM v0.1.0
2022-02-14,obm_supply_btc_daily,18958308.54497096,BTC,daily,OBM v0.1.0
2022-02-15,obm_supply_btc_daily,18959402.29497096,BTC,daily,OBM v0.1.0
2022-02-16,obm_supply_btc_daily,18960377.29497096,BTC,daily,OBM v0.1.0
2022-02-17,obm_supply_btc_daily,18961358.54497096,BTC,daily,OBM v0.1.0
2022-02-18,obm_supply_btc_daily,18962196.04497096,BTC,daily,OBM v0.1.0
2022-02-19,obm_supply_btc_daily,18963127.29497096,BTC,daily,OBM v0.1.0
2022-02-20,obm_supply_btc_daily,18964027.29497096,BTC,daily,OBM v0.1.0
2022-02-21,obm_supply_btc_daily,18964796.04497096,BTC,daily,OBM v0.1.0
2022-02-22,obm_supply_btc_daily,18965746.04497096,BTC,daily,OBM v0.1.0
2022-02-23,obm_supply_btc_daily,18966683.54497096,BTC,daily,OBM v0.1.0
2022-02-24,obm_supply_btc_daily,18967508.54497096,BTC,daily,OBM v0.1.0
2022-02-25,obm_supply_btc_daily,18968346.04497096,BTC,daily,OBM v0.1.0
2022-02-26,obm_supply_btc_daily,18969127.29497096,BTC,daily,OBM v0.1.0
2022-02-27,obm_supply_btc_daily,18969977.29497096,BTC,daily,OBM v0.1.0
2022-02-28,obm_supply_btc_daily,18970939.79497096,BTC,daily,OBM v0.1.0
2022-03-01,obm_supply_btc_daily,18971952.29497096,BTC,daily,OBM v0.1.0
2022-03-02,obm_supply_btc_daily,18972802.29497096,BTC,daily,OBM v0.1.0
2022-03-03,obm_supply_btc_daily,18973727.29497096,BTC,daily,OBM v0.1.0
2022-03-04,obm_supply_btc_daily,18974596.04497096,BTC,daily,OBM v0.1.0
2022-03-05,obm_supply_btc_daily,18975364.79497096,BTC,daily,OBM v0.1.0
2022-03-06,obm_supply_btc_daily,18976183.54497096,BTC,daily,OBM v0.1.0
2022-03-07,obm_supply_btc_daily,18977108.54497096,BTC,daily,OBM v0.1.0
2022-03-08,obm_supply_btc_daily,18978033.54497096,BTC,daily,OBM v0.1.0
2022-03-09,obm_supply_btc_daily,18978896.04497096,BTC,daily,OBM v0.1.0
2022-03-10,obm_supply_btc_daily,18979802.29497096,BTC,daily,OBM v0.1.0
2022-03-11,obm_supply_btc_daily,18980664.79497096,BTC,daily,OBM v0.1.0
2022-03-12,obm_supply_btc_daily,18981639.79497096,BTC,daily,OBM v0.1.0
2022-03-13,obm_supply_btc_daily,18982583.54497096,BTC,daily,OBM v0.1.0
2022-03-14,obm_supply_btc_daily,18983539.79497096,BTC,daily,OBM v0.1.0
2022-03-15,obm_supply_btc_daily,18984408.54497096,BTC,daily,OBM v0.1.0
2022-03-16,obm_supply_btc_daily,18985377.29497096,BTC,daily,OBM v0.1.0
2022-03-17,obm_supply_btc_daily,18986371.04497096,BTC,daily,OBM v0.1.0
2022-03-18,obm_supply_btc_daily,18987264.79497096,BTC,daily,OBM v0.1.0
2022-03-19,obm_supply_btc_daily,18988233.54497096,BTC,daily,OBM v0.1.0
2022-03-20,obm_supply_btc_daily,18989196.04497096,BTC,daily,OBM v0.1.0
2022-03-21,obm_supply_btc_daily,18990152.29497096,BTC,daily,OBM v0.1.0
2022-03-22,obm_supply_btc_daily,18991083.54497096,BTC,daily,OBM v0.1.0
2022-03-23,obm_supply_btc_daily,18991989.79497096,BTC,daily,OBM v0.1.0
2022-03-24,obm_supply_btc_daily,18992883.54497096,BTC,daily,OBM v0.1.0
2022-03-25,obm_supply_btc_daily,18993858.54497096,BTC,daily,OBM v0.1.0
2022-03-26,obm_supply_btc_daily,18994864.79497096,BTC,daily,OBM v0.1.0
2022-03-27,obm_supply_btc_daily,18995683.54497096,BTC,daily,OBM v0.1.0
2022-03-28,obm_supply_btc_daily,18996677.29497096,BTC,daily,OBM v0.1.0
2022-03-29,obm_supply_btc_daily,18997621.04497096,BTC,daily,OBM v0.1.0
2022-03-30,obm_supply_btc_daily,18998464.79497096,BTC,daily,OBM v0.1.0
2022-03-31,obm_supply_btc_daily,18999327.29497096,BTC,daily,OBM v0.1.0
2022-04-01,obm_supply_btc_daily,19000208.54497096,BTC,daily,OBM v0.1.0
2022-04-02,obm_supply_btc_daily,19001052.29497096,BTC,daily,OBM v0.1.0
2022-04-03,obm_supply_btc_daily,19001921.04497096,BTC,daily,OBM v0.1.0
2022-04-04,obm_supply_btc_daily,19002908.54497096,BTC,daily,OBM v0.1.0
2022-04-05,obm_supply_btc_daily,19003814.79497096,BTC,daily,OBM v0.1.0
2022-04-06,obm_supply_btc_daily,19004752.29497096,BTC,daily,OBM v0.1.0
2022-04-07,obm_supply_btc_daily,19005614.79497096,BTC,daily,OBM v0.1.0
2022-04-08,obm_supply_btc_daily,19006452.29497096,BTC,daily,OBM v0.1.0
2022-04-09,obm_supply_btc_daily,19007408.54497096,BTC,daily,OBM v0.1.0
2022-04-10,obm_supply_btc_daily,19008283.54497096,BTC,daily,OBM v0.1.0
2022-04-11,obm_supply_btc_daily,19009139.79497096,BTC,daily,OBM v0.1.0
2022-04-12,obm_supply_btc_daily,19010096.04497096,BTC,daily,OBM v0.1.0
2022-04-13,obm_supply_btc_daily,19010971.04497096,BTC,daily,OBM v0.1.0
2022-04-14,obm_supply_btc_daily,19011833.54497096,BTC,daily,OBM v0.1.0
2022-04-15,obm_supply_btc_daily,19012821.04497096,BTC,daily,OBM v0.1.0
2022-04-16,obm_supply_btc_daily,19013658.54497096,BTC,daily,OBM v0.1.0
2022-04-17,obm_supply_btc_daily,19014689.79497096,BTC,daily,OBM v0.1.0
2022-04-18,obm_supply_btc_daily,19015527.29497096,BTC,daily,OBM v0.1.0
2022-04-19,obm_supply_btc_daily,19016302.29497096,BTC,daily,OBM v0.1.0
2022-04-20,obm_supply_btc_daily,19017302.29497096,BTC,daily,OBM v0.1.0
2022-04-21,obm_supply_btc_daily,19018358.54497096,BTC,daily,OBM v0.1.0
2022-04-22,obm_supply_btc_daily,19019202.29497096,BTC,daily,OBM v0.1.0
2022-04-23,obm_supply_btc_daily,19020221.04497096,BTC,daily,OBM v0.1.0
2022-04-24,obm_supply_btc_daily,19021289.79497096,BTC,daily,OBM v0.1.0
2022-04-25,obm_supply_btc_daily,19022302.29497096,BTC,daily,OBM v0.1.0
2022-04-26,obm_supply_btc_daily,19023177.29497096,BTC,daily,OBM v0.1.0
2022-04-27,obm_supply_btc_daily,19024239.79497096,BTC,daily,OBM v0.1.0
2022-04-28,obm_supply_btc_daily,19025064.79497096,BTC,daily,OBM v0.1.0
2022-04-29,obm_supply_btc_daily,19026002.29497096,BTC,daily,OBM v0.1.0
2022-04-30,obm_supply_btc_daily,19026939.79497096,BTC,daily,OBM v0.1.0
2022-05-01,obm_supply_btc_daily,19027983.54497096,BTC,daily,OBM v0.1.0
2022-05-02,obm_supply_btc_daily,19028983.54497096,BTC,daily,OBM v0.1.0
2022-05-03,obm_supply_btc_daily,19029921.04497096,BTC,daily,OBM v0.1.0
2022-05-04,obm_supply_btc_daily,19030833.54497096,BTC,daily,OBM v0.1.0
2022-05-05,obm_supply_btc_daily,19031814.79497096,BTC,daily,OBM v0.1.0
2022-05-06,obm_supply_btc_daily,19032702.29497096,BTC,daily,OBM v0.1.0
2022-05-07,obm_supply_btc_daily,19033596.04497096,BTC,daily,OBM v0.1.0
2022-05-08,obm_supply_btc_daily,19034564.79497096,BTC,daily,OBM v0.1.0
2022-05-09,obm_supply_btc_daily,19035533.54497096,BTC,daily,OBM v0.1.0
2022-05-10,obm_supply_btc_daily,19036489.79497096,BTC,daily,OBM v0.1.0
2022-05-11,obm_supply_btc_daily,19037396.04497096,BTC,daily,OBM v0.1.0
2022-05-12,obm_supply_btc_daily,19038239.79497096,BTC,daily,OBM v0.1.0
2022-05-13,obm_supply_btc_daily,19039189.79497096,BTC,daily,OBM v0.1.0
2022-05-14,obm_supply_btc_daily,19040071.04497096,BTC,daily,OBM v0.1.0
2022-05-15,obm_supply_btc_daily,19040833.54497096,BTC,daily,OBM v0.1.0
2022-05-16,obm_supply_btc_daily,19041858.54497096,BTC,daily,OBM v0.1.0
2022-05-17,obm_supply_btc_daily,19042777.29497096,BTC,daily,OBM v0.1.0
2022-05-18,obm_supply_btc_daily,19043614.79497096,BTC,daily,OBM v0.1.0
2022-05-19,obm_supply_btc_daily,19044377.29497096,BTC,daily,OBM v0.1.0
2022-05-20,obm_supply_btc_daily,19045177.29497096,BTC,daily,OBM v0.1.0
2022-05-21,obm_supply_btc_daily,19046021.04497096,BTC,daily,OBM v0.1.0
2022-05-22,obm_supply_btc_daily,19046783.54497096,BTC,daily,OBM v0.1.0
2022-05-23,obm_supply_btc_daily,19047783.54497096,BTC,daily,OBM v0.1.0
2022-05-24,obm_supply_btc_daily,19048533.54497096,BTC,daily,OBM v0.1.0
2022-05-25,obm_supply_btc_daily,19049433.54497096,BTC,daily,OBM v0.1.0
2022-05-26,obm_supply_btc_daily,19050314.79497096,BTC,daily,OBM v0.1.0
2022-05-27,obm_supply_btc_daily,19051177.29497096,BTC,daily,OBM v0.1.0
2022-05-28,obm_supply_btc_daily,19052102.29497096,BTC,daily,OBM v0.1.0
2022-05-29,obm_supply_btc_daily,19053033.54497096,BTC,daily,OBM v0.1.0
2022-05-30,obm_supply_btc_daily,19053996.04497096,BTC,daily,OBM v0.1.0
2022-05-31,obm_supply_btc_daily,19054908.54497096,BTC,daily,OBM v0.1.0
2022-06-01,obm_supply_btc_daily,19055758.54497096,BTC,daily,OBM v0.1.0
2022-06-02,obm_supply_btc_daily,19056539.79497096,BTC,daily,OBM v0.1.0
2022-06-03,obm_supply_btc_daily,19057433.54497096,BTC,daily,OBM v0.1.0
2022-06-04,obm_supply_btc_daily,19058302.29497096,BTC,daily,OBM v0.1.0
2022-06-05,obm_supply_btc_daily,19059214.79497096,BTC,daily,OBM v0.1.0
2022-06-06,obm_supply_btc_daily,19060152.29497096,BTC,daily,OBM v0.1.0
2022-06-07,obm_supply_btc_daily,19061164.79497096,BTC,daily,OBM v0.1.0
2022-06-08,obm_supply_btc_daily,19062277.29497096,BTC,daily,OBM v0.1.0
2022-06-09,obm_supply_btc_daily,19063189.79497096,BTC,daily,OBM v0.1.0
2022-06-10,obm_supply_btc_daily,19064108.54497096,BTC,daily,OBM v0.1.0
2022-06-11,obm_supply_btc_daily,19065071.04497096,BTC,daily,OBM v0.1.0
2022-06-12,obm_supply_btc_daily,19065864.79497096,BTC,daily,OBM v0.1.0
2022-06-13,obm_supply_btc_daily,19066696.04497096,BTC,daily,OBM v0.1.0
2022-06-14,obm_supply_btc_daily,19067608.54497096,BTC,daily,OBM v0.1.0
2022-06-15,obm_supply_btc_daily,19068639.79497096,BTC,daily,OBM v0.1.0
2022-06-16,obm_supply_btc_daily,19069383.54497096,BTC,daily,OBM v0.1.0
2022-06-17,obm_supply_btc_daily,19070058.54497096,BTC,daily,OBM v0.1.0
2022-06-18,obm_supply_btc_daily,19071033.54497096,BTC,daily,OBM v0.1.0
2022-06-19,obm_supply_btc_daily,19071864.79497096,BTC,daily,OBM v0.1.0
2022-06-20,obm_supply_btc_daily,19072689.79497096,BTC,daily,OBM v0.1.0
2022-06-21,obm_supply_btc_daily,19073627.29497096,BTC,daily,OBM v0.1.0
2022-06-22,obm_supply_btc_daily,19074433.54497096,BTC,daily,OBM v0.1.0
2022-06-23,obm_supply_btc_daily,19075383.54497096,BTC,daily,OBM v0.1.0
2022-06-24,obm_supply_btc_daily,19076189.79497096,BTC,daily,OBM v0.1.0
2022-06-25,obm_supply_btc_daily,19077133.54497096,BTC,daily,OBM v0.1.0
2022-06-26,obm_supply_btc_daily,19077996.04497096,BTC,daily,OBM v0.1.0
2022-06-27,obm_supply_btc_daily,19078846.04497096,BTC,daily,OBM v0.1.0
2022-06-28,obm_supply_btc_daily,19079758.54497096,BTC,daily,OBM v0.1.0
2022-06-29,obm_supply_btc_daily,19080702.29497096,BTC,daily,OBM v0.1.0
2022-06-30,obm_supply_btc_daily,19081771.04497096,BTC,daily,OBM v0.1.0
2022-07-01,obm_supply_btc_daily,19082608.54497096,BTC,daily,OBM v0.1.0
2022-07-02,obm_supply_btc_daily,19083471.04497096,BTC,daily,OBM v0.1.0
2022-07-03,obm_supply_btc_daily,19084439.79497096,BTC,daily,OBM v0.1.0
2022-07-04,obm_supply_btc_daily,19085333.54497096,BTC,daily,OBM v0.1.0
2022-07-05,obm_supply_btc_daily,19086071.04497096,BTC,daily,OBM v0.1.0
2022-07-06,obm_supply_btc_daily,19086864.79497096,BTC,daily,OBM v0.1.0
2022-07-07,obm_supply_btc_daily,19087846.04497096,BTC,daily,OBM v0.1.0
2022-07-08,obm_supply_btc_daily,19088771.04497096,BTC,daily,OBM v0.1.0
2022-07-09,obm_supply_btc_daily,19089608.54497096,BTC,daily,OBM v0.1.0
2022-07-10,obm_supply_btc_daily,19090564.79497096,BTC,daily,OBM v0.1.0
2022-07-11,obm_supply_btc_daily,19091333.54497096,BTC,daily,OBM v0.1.0
2022-07-12,obm_supply_btc_daily,19092277.29497096,BTC,daily,OBM v0.1.0
2022-07-13,obm_supply_btc_daily,19092964.79497096,BTC,daily,OBM v0.1.0
2022-07-14,obm_supply_btc_daily,19093739.79497096,BTC,daily,OBM v0.1.0
2022-07-15,obm_supply_btc_daily,19094627.29497096,BTC,daily,OBM v0.1.0
2022-07-16,obm_supply_btc_daily,19095552.29497096,BTC,daily,OBM v0.1.0
2022-07-17,obm_supply_btc_daily,19096327.29497096,BTC,daily,OBM v0.1.0
2022-07-18,obm_supply_btc_daily,19097146.04497096,BTC,daily,OBM v0.1.0
2022-07-19,obm_supply_btc_daily,19098008.54497096,BTC,daily,OBM v0.1.0
2022-07-20,obm_supply_btc_daily,19098796.04497096,BTC,daily,OBM v0.1.0
2022-07-21,obm_supply_btc_daily,19099664.79497096,BTC,daily,OBM v0.1.0
2022-07-22,obm_supply_btc_daily,19100489.79497096,BTC,daily,OBM v0.1.0
2022-07-23,obm_supply_btc_daily,19101452.29497096,BTC,daily,OBM v0.1.0
2022-07-24,obm_supply_btc_daily,19102433.54497096,BTC,daily,OBM v0.1.0
2022-07-25,obm_supply_btc_daily,19103321.04497096,BTC,daily,OBM v0.1.0
2022-07-26,obm_supply_btc_daily,19104321.04497096,BTC,daily,OBM v0.1.0
2022-07-27,obm_supply_btc_daily,19105352.29497096,BTC,daily,OBM v0.1.0
2022-07-28,obm_supply_btc_daily,19106233.54497096,BTC,daily,OBM v0.1.0
2022-07-29,obm_supply_btc_daily,19107146.04497096,BTC,daily,OBM v0.1.0
2022-07-30,obm_supply_btc_daily,19107952.29497096,BTC,daily,OBM v0.1.0
2022-07-31,obm_supply_btc_daily,19108902.29497096,BTC,daily,OBM v0.1.0
2022-08-01,obm_supply_btc_daily,19109752.29497096,BTC,daily,OBM v0.1.0
2022-08-02,obm_supply_btc_daily,19110721.04497096,BTC,daily,OBM v0.1.0
2022-08-03,obm_supply_btc_daily,19111627.29497096,BTC,daily,OBM v0.1.0
2022-08-04,obm_supply_btc_daily,19112452.29497096,BTC,daily,OBM v0.1.0
2022-08-05,obm_supply_btc_daily,19113389.79497096,BTC,daily,OBM v0.1.0
2022-08-06,obm_supply_btc_daily,19114396.04497096,BTC,daily,OBM v0.1.0
2022-08-07,obm_supply_btc_daily,19115389.79497096,BTC,daily,OBM v0.1.0
2022-08-08,obm_supply_btc_daily,19116289.79497096,BTC,daily,OBM v0.1.0
2022-08-09,obm_supply_btc_daily,19117183.54497096,BTC,daily,OBM v0.1.0
2022-08-10,obm_supply_btc_daily,19118108.54497096,BTC,daily,OBM v0.1.0
2022-08-11,obm_supply_btc_daily,19118983.54497096,BTC,daily,OBM v0.1.0
2022-08-12,obm_supply_btc_daily,19119946.04497096,BTC,daily,OBM v0.1.0
2022-08-13,obm_supply_btc_daily,19120814.79497096,BTC,daily,OBM v0.1.0
2022-08-14,obm_supply_btc_daily,19121646.04497096,BTC,daily,OBM v0.1.0
2022-08-15,obm_supply_btc_daily,19122552.29497096,BTC,daily,OBM v0.1.0
2022-08-16,obm_supply_btc_daily,19123477.29497096,BTC,daily,OBM v0.1.0
2022-08-17,obm_supply_btc_daily,19124283.54497096,BTC,daily,OBM v0.1.0
2022-08-18,obm_supply_btc_daily,19125183.54497096,BTC,daily,OBM v0.1.0
2022-08-19,obm_supply_btc_daily,19126296.04497096,BTC,daily,OBM v0.1.0
2022-08-20,obm_supply_btc_daily,19127227.29497096,BTC,daily,OBM v0.1.0
2022-08-21,obm_supply_btc_daily,19128139.79497096,BTC,daily,OBM v0.1.0
2022-08-22,obm_supply_btc_daily,19129046.04497096,BTC,daily,OBM v0.1.0
2022-08-23,obm_supply_btc_daily,19130121.04497096,BTC,daily,OBM v0.1.0
2022-08-24,obm_supply_btc_daily,19131033.54497096,BTC,daily,OBM v0.1.0
2022-08-25,obm_supply_btc_daily,19132027.29497096,BTC,daily,OBM v0.1.0
2022-08-26,obm_supply_btc_daily,19133127.29497096,BTC,daily,OBM v0.1.0
2022-08-27,obm_supply_btc_daily,19134033.54497096,BTC,daily,OBM v0.1.0
2022-08-28,obm_supply_btc_daily,19135039.79497096,BTC,daily,OBM v0.1.0
2022-08-29,obm_supply_btc_daily,19136021.04497096,BTC,daily,OBM v0.1.0
2022-08-30,obm_supply_btc_daily,19137033.54497096,BTC,daily,OBM v0.1.0
2022-08-31,obm_supply_btc_daily,19137946.04497096,BTC,daily,OBM v0.1.0
2022-09-01,obm_supply_btc_daily,19138808.54497096,BTC,daily,OBM v0.1.0
2022-09-02,obm_supply_btc_daily,19139614.79497096,BTC,daily,OBM v0.1.0
2022-09-03,obm_supply_btc_daily,19140533.54497096,BTC,daily,OBM v0.1.0
2022-09-04,obm_supply_btc_daily,19141583.54497096,BTC,daily,OBM v0.1.0
2022-09-05,obm_supply_btc_daily,19142539.79497096,BTC,daily,OBM v0.1.0
2022-09-06,obm_supply_btc_daily,19143427.29497096,BTC,daily,OBM v0.1.0
2022-09-07,obm_supply_btc_daily,19144339.79497096,BTC,daily,OBM v0.1.0
2022-09-08,obm_supply_btc_daily,19145133.54497096,BTC,daily,OBM v0.1.0
2022-09-09,obm_supply_btc_daily,19146052.29497096,BTC,daily,OBM v0.1.0
2022-09-10,obm_supply_btc_daily,19147033.54497096,BTC,daily,OBM v0.1.0
2022-09-11,obm_supply_btc_daily,19148177.29497096,BTC,daily,OBM v0.1.0
2022-09-12,obm_supply_btc_daily,19149133.54497096,BTC,daily,OBM v0.1.0
2022-09-13,obm_supply_btc_daily,19149989.79497096,BTC,daily,OBM v0.1.0
2022-09-14,obm_supply_btc_daily,19150783.54497096,BTC,daily,OBM v0.1.0
2022-09-15,obm_supply_btc_daily,19151702.29497096,BTC,daily,OBM v0.1.0
2022-09-16,obm_supply_btc_daily,19152502.29497096,BTC,daily,OBM v0.1.0
2022-09-17,obm_supply_btc_daily,19153564.79497096,BTC,daily,OBM v0.1.0
2022-09-18,obm_supply_btc_daily,19154527.29497096,BTC,daily,OBM v0.1.0
2022-09-19,obm_supply_btc_daily,19155339.79497096,BTC,daily,OBM v0.1.0
2022-09-20,obm_supply_btc_daily,19156289.79497096,BTC,daily,OBM v0.1.0
2022-09-21,obm_supply_btc_daily,19157171.04497096,BTC,daily,OBM v0.1.0
2022-09-22,obm_supply_btc_daily,19157971.04497096,BTC,daily,OBM v0.1.0
2022-09-23,obm_supply_btc_daily,19158814.79497096,BTC,daily,OBM v0.1.0
2022-09-24,obm_supply_btc_daily,19159727.29497096,BTC,daily,OBM v0.1.0
2022-09-25,obm_supply_btc_daily,19160646.04497096,BTC,daily,OBM v0.1.0
2022-09-26,obm_supply_btc_daily,19161583.54497096,BTC,daily,OBM v0.1.0
2022-09-27,obm_supply_btc_daily,19162389.79497096,BTC,daily,OBM v0.1.0
2022-09-28,obm_supply_btc_daily,19163327.29497096,BTC,daily,OBM v0.1.0
2022-09-29,obm_supply_btc_daily,19164221.04497096,BTC,daily,OBM v0.1.0
2022-09-30,obm_supply_btc_daily,19165277.29497096,BTC,daily,OBM v0.1.0
2022-10-01,obm_supply_btc_daily,19166408.54497096,BTC,daily,OBM v0.1.0
2022-10-02,obm_supply_btc_daily,19167389.79497096,BTC,daily,OBM v0.1.0
2022-10-03,obm_supply_btc_daily,19168352.29497096,BTC,daily,OBM v0.1.0
2022-10-04,obm_supply_btc_daily,19169371.04497096,BTC,daily,OBM v0.1.0
2022-10-05,obm_supply_btc_daily,19170464.79497096,BTC,daily,OBM v0.1.0
2022-10-06,obm_supply_btc_daily,19171458.54497096,BTC,daily,OBM v0.1.0
2022-10-07,obm_supply_btc_daily,19172527.29497096,BTC,daily,OBM v0.1.0
2022-10-08,obm_supply_btc_daily,19173621.04497096,BTC,daily,OBM v0.1.0
2022-10-09,obm_supply_btc_daily,19174608.54497096,BTC,daily,OBM v0.1.0
2022-10-10,obm_supply_btc_daily,19175658.54497096,BTC,daily,OBM v0.1.0
2022-10-11,obm_supply_btc_daily,19176639.79497096,BTC,daily,OBM v0.1.0
2022-10-12,obm_supply_btc_daily,19177496.04497096,BTC,daily,OBM v0.1.0
2022-10-13,obm_supply_btc_daily,19178389.79497096,BTC,daily,OBM v0.1.0
2022-10-14,obm_supply_btc_daily,19179364.79497096,BTC,daily,OBM v0.1.0
2022-10-15,obm_supply_btc_daily,19180314.79497096,BTC,daily,OBM v0.1.0
2022-10-16,obm_supply_btc_daily,19181214.79497096,BTC,daily,OBM v0.1.0
2022-10-17,obm_supply_btc_daily,19182152.29497096,BTC,daily,OBM v0.1.0
2022-10-18,obm_supply_btc_daily,19183039.79497096,BTC,daily,OBM v0.1.0
2022-10-19,obm_supply_btc_daily,19183983.54497096,BTC,daily,OBM v0.1.0
2022-10-20,obm_supply_btc_daily,19184889.79497096,BTC,daily,OBM v0.1.0
2022-10-21,obm_supply_btc_daily,19185864.79497096,BTC,daily,OBM v0.1.0
2022-10-22,obm_supply_btc_daily,19186714.79497096,BTC,daily,OBM v0.1.0
2022-10-23,obm_supply_btc_daily,19187683.54497096,BTC,daily,OBM v0.1.0
2022-10-24,obm_supply_btc_daily,19188533.54497096,BTC,daily,OBM v0.1.0
2022-10-25,obm_supply_btc_daily,19189296.04497096,BTC,daily,OBM v0.1.0
2022-10-26,obm_supply_btc_daily,19190264.79497096,BTC,daily,OBM v0.1.0
2022-10-27,obm_supply_btc_daily,19191108.54497096,BTC,daily,OBM v0.1.0
2022-10-28,obm_supply_btc_daily,19192102.29497096,BTC,daily,OBM v0.1.0
2022-10-29,obm_supply_btc_daily,19192996.04497096,BTC,daily,OBM v0.1.0
2022-10-30,obm_supply_btc_daily,19193839.79497096,BTC,daily,OBM v0.1.0
2022-10-31,obm_supply_btc_daily,19194921.04497096,BTC,daily,OBM v0.1.0
2022-11-01,obm_supply_btc_daily,19195821.04497096,BTC,daily,OBM v0.1.0
2022-11-02,obm_supply_btc_daily,19196583.54497096,BTC,daily,OBM v0.1.0
2022-11-03,obm_supply_btc_daily,19197608.54497096,BTC,daily,OBM v0.1.0
2022-11-04,obm_supply_btc_daily,19198414.79497096,BTC,daily,OBM v0.1.0
2022-11-05,obm_supply_btc_daily,19199358.54497096,BTC,daily,OBM v0.1.0
2022-11-06,obm_supply_btc_daily,19200214.79497096,BTC,daily,OBM v0.1.0
2022-11-07,obm_supply_btc_daily,19201114.79497096,BTC,daily,OBM v0.1.0
2022-11-08,obm_supply_btc_daily,19202133.54497096,BTC,daily,OBM v0.1.0
2022-11-09,obm_supply_btc_daily,19203064.79497096,BTC,daily,OBM v0.1.0
2022-11-10,obm_supply_btc_daily,19203983.54497096,BTC,daily,OBM v0.1.0
2022-11-11,obm_supply_btc_daily,19204821.04497096,BTC,daily,OBM v0.1.0
2022-11-12,obm_supply_btc_daily,19205864.79497096,BTC,daily,OBM v0.1.0
2022-11-13,obm_supply_btc_daily,19206671.04497096,BTC,daily,OBM v0.1.0
2022-11-14,obm_supply_btc_daily,19207439.79497096,BTC,daily,OBM v0.1.0
2022-11-15,obm_supply_btc_daily,19208408.54497096,BTC,daily,OBM v0.1.0
2022-11-16,obm_supply_btc_daily,19209346.04497096,BTC,daily,OBM v0.1.0
2022-11-17,obm_supply_btc_daily,19210208.54497096,BTC,daily,OBM v0.1.0
2022-11-18,obm_supply_btc_daily,19211077.29497096,BTC,daily,OBM v0.1.0
2022-11-19,obm_supply_btc_daily,19211996.04497096,BTC,daily,OBM v0.1.0
2022-11-20,obm_supply_btc_daily,19212927.29497096,BTC,daily,OBM v0.1.0
2022-11-21,obm_supply_btc_daily,19213733.54497096,BTC,daily,OBM v0.1.0
2022-11-22,obm_supply_btc_daily,19214521.04497096,BTC,daily,OBM v0.1.0
2022-11-23,obm_supply_btc_daily,19215402.29497096,BTC,daily,OBM v0.1.0
2022-11-24,obm_supply_btc_daily,19216208.54497096,BTC,daily,OBM v0.1.0
2022-11-25,obm_supply_btc_daily,19216977.29497096,BTC,daily,OBM v0.1.0
2022-11-26,obm_supply_btc_daily,19217658.54497096,BTC,daily,OBM v0.1.0
2022-11-27,obm_supply_btc_daily,19218508.54497096,BTC,daily,OBM v0.1.0
2022-11-28,obm_supply_btc_daily,19219377.29497096,BTC,daily,OBM v0.1.0
2022-11-29,obm_supply_btc_daily,19220196.04497096,BTC,daily,OBM v0.1.0
2022-11-30,obm_supply_btc_daily,19221058.54497096,BTC,daily,OBM v0.1.0
2022-12-01,obm_supply_btc_daily,19222014.79497096,BTC,daily,OBM v0.1.0
2022-12-02,obm_supply_btc_daily,19222796.04497096,BTC,daily,OBM v0.1.0
2022-12-03,obm_supply_btc_daily,19223614.79497096,BTC,daily,OBM v0.1.0
2022-12-04,obm_supply_btc_daily,19224489.79497096,BTC,daily,OBM v0.1.0
2022-12-05,obm_supply_btc_daily,19225402.29497096,BTC,daily,OBM v0.1.0
2022-12-06,obm_supply_btc_daily,19226246.04497096,BTC,daily,OBM v0.1.0
2022-12-07,obm_supply_btc_daily,19227321.04497096,BTC,daily,OBM v0.1.0
2022-12-08,obm_supply_btc_daily,19228364.79497096,BTC,daily,OBM v0.1.0
2022-12-09,obm_supply_btc_daily,19229314.79497096,BTC,daily,OBM v0.1.0
2022-12-10,obm_supply_btc_daily,19230277.29497096,BTC,daily,OBM v0.1.0
2022-12-11,obm_supply_btc_daily,19231196.04497096,BTC,daily,OBM v0.1.0
2022-12-12,obm_supply_btc_daily,19232089.79497096,BTC,daily,OBM v0.1.0
2022-12-13,obm_supply_btc_daily,19233121.04497096,BTC,daily,OBM v0.1.0
2022-12-14,obm_supply_btc_daily,19234046.04497096,BTC,daily,OBM v0.1.0
2022-12-15,obm_supply_btc_daily,19234914.79497096,BTC,daily,OBM v0.1.0
2022-12-16,obm_supply_btc_daily,19235727.29497096,BTC,daily,OBM v0.1.0
2022-12-17,obm_supply_btc_daily,19236589.79497096,BTC,daily,OBM v0.1.0
2022-12-18,obm_supply_btc_daily,19237496.04497096,BTC,daily,OBM v0.1.0
2022-12-19,obm_supply_btc_daily,19238346.04497096,BTC,daily,OBM v0.1.0
2022-12-20,obm_supply_btc_daily,19239221.04497096,BTC,daily,OBM v0.1.0
2022-12-21,obm_supply_btc_daily,19240114.79497096,BTC,daily,OBM v0.1.0
2022-12-22,obm_supply_btc_daily,19240958.54497096,BTC,daily,OBM v0.1.0
2022-12-23,obm_supply_btc_daily,19241783.54497096,BTC,daily,OBM v0.1.0
2022-12-24,obm_supply_btc_daily,19242339.79497096,BTC,daily,OBM v0.1.0
2022-12-25,obm_supply_btc_daily,19243221.04497096,BTC,daily,OBM v0.1.0
2022-12-26,obm_supply_btc_daily,19244027.29497096,BTC,daily,OBM v0.1.0
2022-12-27,obm_supply_btc_daily,19244746.04497096,BTC,daily,OBM v0.1.0
2022-12-28,obm_supply_btc_daily,19245796.04497096,BTC,daily,OBM v0.1.0
2022-12-29,obm_supply_btc_daily,19246677.29497096,BTC,daily,OBM v0.1.0
2022-12-30,obm_supply_btc_daily,19247664.79497096,BTC,daily,OBM v0.1.0
2022-12-31,obm_supply_btc_daily,19248639.79497096,BTC,daily,OBM v0.1.0
2023-01-01,obm_supply_btc_daily,19249608.54497096,BTC,daily,OBM v0.1.0
2023-01-02,obm_supply_btc_daily,19250583.54497096,BTC,daily,OBM v0.1.0
2023-01-03,obm_supply_btc_daily,19251546.04497096,BTC,daily,OBM v0.1.0
2023-01-04,obm_supply_btc_daily,19252439.79497096,BTC,daily,OBM v0.1.0
2023-01-05,obm_supply_btc_daily,19253421.04497096,BTC,daily,OBM v0.1.0
2023-01-06,obm_supply_btc_daily,19254546.04497096,BTC,daily,OBM v0.1.0
2023-01-07,obm_supply_btc_daily,19255508.54497096,BTC,daily,OBM v0.1.0
2023-01-08,obm_supply_btc_daily,19256464.79497096,BTC,daily,OBM v0.1.0
2023-01-09,obm_supply_btc_daily,19257414.79497096,BTC,daily,OBM v0.1.0
2023-01-10,obm_supply_btc_daily,19258471.04497096,BTC,daily,OBM v0.1.0
2023-01-11,obm_supply_btc_daily,19259389.79497096,BTC,daily,OBM v0.1.0
2023-01-12,obm_supply_btc_daily,19260333.54497096,BTC,daily,OBM v0.1.0
2023-01-13,obm_supply_btc_daily,19261327.29497096,BTC,daily,OBM v0.1.0
2023-01-14,obm_supply_btc_daily,19262396.04497096,BTC,daily,OBM v0.1.0
2023-01-15,obm_supply_btc_daily,19263414.79497096,BTC,daily,OBM v0.1.0
2023-01-16,obm_supply_btc_daily,19264333.54497096,BTC,daily,OBM v0.1.0
2023-01-17,obm_supply_btc_daily,19265308.54497096,BTC,daily,OBM v0.1.0
2023-01-18,obm_supply_btc_daily,19266183.54497096,BTC,daily,OBM v0.1.0
2023-01-19,obm_supply_btc_daily,19267089.79497096,BTC,daily,OBM v0.1.0
2023-01-20,obm_supply_btc_daily,19267914.79497096,BTC,daily,OBM v0.1.0
2023-01-21,obm_supply_btc_daily,19268777.29497096,BTC,daily,OBM v0.1.0
2023-01-22,obm_supply_btc_daily,19269721.04497096,BTC,daily,OBM v0.1.0
2023-01-23,obm_supply_btc_daily,19270708.54497096,BTC,daily,OBM v0.1.0
2023-01-24,obm_supply_btc_daily,19271514.79497096,BTC,daily,OBM v0.1.0
2023-01-25,obm_supply_btc_daily,19272608.54497096,BTC,daily,OBM v0.1.0
2023-01-26,obm_supply_btc_daily,19273577.29497096,BTC,daily,OBM v0.1.0
2023-01-27,obm_supply_btc_daily,19274539.79497096,BTC,daily,OBM v0.1.0
2023-01-28,obm_supply_btc_daily,19275589.79497096,BTC,daily,OBM v0.1.0
2023-01-29,obm_supply_btc_daily,19276596.04497096,BTC,daily,OBM v0.1.0
2023-01-30,obm_supply_btc_daily,19277458.54497096,BTC,daily,OBM v0.1.0
2023-01-31,obm_supply_btc_daily,19278177.29497096,BTC,daily,OBM v0.1.0
2023-02-01,obm_supply_btc_daily,19279033.54497096,BTC,daily,OBM v0.1.0
2023-02-02,obm_supply_btc_daily,19279939.79497096,BTC,daily,OBM v0.1.0
2023-02-03,obm_supply_btc_daily,19280771.04497096,BTC,daily,OBM v0.1.0
2023-02-04,obm_supply_btc_daily,19281621.04497096,BTC,daily,OBM v0.1.0
2023-02-05,obm_supply_btc_daily,19282571.04497096,BTC,daily,OBM v0.1.0
2023-02-06,obm_supply_btc_daily,19283496.04497096,BTC,daily,OBM v0.1.0
2023-02-07,obm_supply_btc_daily,19284383.54497096,BTC,daily,OBM v0.1.0
2023-02-08,obm_supply_btc_daily,19285246.04497096,BTC,daily,OBM v0.1.0
2023-02-09,obm_supply_btc_daily,19286258.54497096,BTC,daily,OBM v0.1.0
2023-02-10,obm_supply_btc_daily,19287177.29497096,BTC,daily,OBM v0.1.0
2023-02-11,obm_supply_btc_daily,19288102.29497096,BTC,daily,OBM v0.1.0
2023-02-12,obm_supply_btc_daily,19289114.79497096,BTC,daily,OBM v0.1.0
2023-02-13,obm_supply_btc_daily,19290089.79497096,BTC,daily,OBM v0.1.0
2023-02-14,obm_supply_btc_daily,19291052.29497096,BTC,daily,OBM v0.1.0
2023-02-15,obm_supply_btc_daily,19292071.04497096,BTC,daily,OBM v0.1.0
2023-02-16,obm_supply_btc_daily,19293189.79497096,BTC,daily,OBM v0.1.0
2023-02-17,obm_supply_btc_daily,19294221.04497096,BTC,daily,OBM v0.1.0
2023-02-18,obm_supply_btc_daily,19295271.04497096,BTC,daily,OBM v0.1.0
2023-02-19,obm_supply_btc_daily,19296283.54497096,BTC,daily,OBM v0.1.0
2023-02-20,obm_supply_btc_daily,19297202.29497096,BTC,daily,OBM v0.1.0
2023-02-21,obm_supply_btc_daily,19298246.04497096,BTC,daily,OBM v0.1.0
2023-02-22,obm_supply_btc_daily,19299121.04497096,BTC,daily,OBM v0.1.0
2023-02-23,obm_supply_btc_daily,19300189.79497096,BTC,daily,OBM v0.1.0
2023-02-24,obm_supply_btc_daily,19301033.54497096,BTC,daily,OBM v0.1.0
2023-02-25,obm_supply_btc_daily,19301702.29497096,BTC,daily,OBM v0.1.0
2023-02-26,obm_supply_btc_daily,19302752.29497096,BTC,daily,OBM v0.1.0
2023-02-27,obm_supply_btc_daily,19303627.29497096,BTC,daily,OBM v0.1.0
2023-02-28,obm_supply_btc_daily,19304483.54497096,BTC,daily,OBM v0.1.0
2023-03-01,obm_supply_btc_daily,19305546.04497096,BTC,daily,OBM v0.1.0
2023-03-02,obm_supply_btc_daily,19306446.04497096,BTC,daily,OBM v0.1.0
2023-03-03,obm_supply_btc_daily,19307496.04497096,BTC,daily,OBM v0.1.0
2023-03-04,obm_supply_btc_daily,19308446.04497096,BTC,daily,OBM v0.1.0
2023-03-05,obm_supply_btc_daily,19309414.79497096,BTC,daily,OBM v0.1.0
2023-03-06,obm_supply_btc_daily,19310239.79497096,BTC,daily,OBM v0.1.0
2023-03-07,obm_supply_btc_daily,19311271.04497096,BTC,daily,OBM v0.1.0
2023-03-08,obm_supply_btc_daily,19312102.29497096,BTC,daily,OBM v0.1.0
2023-03-09,obm_supply_btc_daily,19312946.04497096,BTC,daily,OBM v0.1.0
2023-03-10,obm_supply_btc_daily,19313796.04497096,BTC,daily,OBM v0.1.0
2023-03-11,obm_supply_btc_daily,19314827.29497096,BTC,daily,OBM v0.1.0
2023-03-12,obm_supply_btc_daily,19315833.54497096,BTC,daily,OBM v0.1.0
2023-03-13,obm_supply_btc_daily,19316814.79497096,BTC,daily,OBM v0.1.0
2023-03-14,obm_supply_btc_daily,19317727.29497096,BTC,daily,OBM v0.1.0
2023-03-15,obm_supply_btc_daily,19318646.04497096,BTC,daily,OBM v0.1.0
2023-03-16,obm_supply_btc_daily,19319483.54497096,BTC,daily,OBM v0.1.0
2023-03-17,obm_supply_btc_daily,19320402.29497096,BTC,daily,OBM v0.1.0
2023-03-18,obm_supply_btc_daily,19321414.79497096,BTC,daily,OBM v0.1.0
2023-03-19,obm_supply_btc_daily,19322339.79497096,BTC,daily,OBM v0.1.0
2023-03-20,obm_supply_btc_daily,19323302.29497096,BTC,daily,OBM v0.1.0
2023-03-21,obm_supply_btc_daily,19324208.54497096,BTC,daily,OBM v0.1.0
2023-03-22,obm_supply_btc_daily,19325202.29497096,BTC,daily,OBM v0.1.0
2023-03-23,obm_supply_btc_daily,19326346.04497096,BTC,daily,OBM v0.1.0
2023-03-24,obm_supply_btc_daily,19327358.54497096,BTC,daily,OBM v0.1.0
2023-03-25,obm_supply_btc_daily,19328264.79497096,BTC,daily,OBM v0.1.0
2023-03-26,obm_supply_btc_daily,19329164.79497096,BTC,daily,OBM v0.1.0
2023-03-27,obm_supply_btc_daily,19330089.79497096,BTC,daily,OBM v0.1.0
2023-03-28,obm_supply_btc_daily,19330927.29497096,BTC,daily,OBM v0.1.0
2023-03-29,obm_supply_btc_daily,19331846.04497096,BTC,daily,OBM v0.1.0
2023-03-30,obm_supply_btc_daily,19332814.79497096,BTC,daily,OBM v0.1.0
2023-03-31,obm_supply_btc_daily,19333696.04497096,BTC,daily,OBM v0.1.0
2023-04-01,obm_supply_btc_daily,19334571.04497096,BTC,daily,OBM v0.1.0
2023-04-02,obm_supply_btc_daily,19335502.29497096,BTC,daily,OBM v0.1.0
2023-04-03,obm_supply_btc_daily,19336321.04497096,BTC,daily,OBM v0.1.0
2023-04-04,obm_supply_btc_daily,19337333.54497096,BTC,daily,OBM v0.1.0
2023-04-05,obm_supply_btc_daily,19338202.29497096,BTC,daily,OBM v0.1.0
2023-04-06,obm_supply_btc_daily,19339202.29497096,BTC,daily,OBM v0.1.0
2023-04-07,obm_supply_btc_daily,19340089.79497096,BTC,daily,OBM v0.1.0
2023-04-08,obm_supply_btc_daily,19341008.54497096,BTC,daily,OBM v0.1.0
2023-04-09,obm_supply_btc_daily,19341921.04497096,BTC,daily,OBM v0.1.0
2023-04-10,obm_supply_btc_daily,19342689.79497096,BTC,daily,OBM v0.1.0
2023-04-11,obm_supply_btc_daily,19343652.29497096,BTC,daily,OBM v0.1.0
2023-04-12,obm_supply_btc_daily,19344652.29497096,BTC,daily,OBM v0.1.0
2023-04-13,obm_supply_btc_daily,19345539.79497096,BTC,daily,OBM v0.1.0
2023-04-14,obm_supply_btc_daily,19346414.79497096,BTC,daily,OBM v0.1.0
2023-04-15,obm_supply_btc_daily,19347402.29497096,BTC,daily,OBM v0.1.0
2023-04-16,obm_supply_btc_daily,19348177.29497096,BTC,daily,OBM v0.1.0
2023-04-17,obm_supply_btc_daily,19349146.04497096,BTC,daily,OBM v0.1.0
2023-04-18,obm_supply_btc_daily,19350183.54497096,BTC,daily,OBM v0.1.0
2023-04-19,obm_supply_btc_daily,19351052.29497096,BTC,daily,OBM v0.1.0
2023-04-20,obm_supply_btc_daily,19351883.54497096,BTC,daily,OBM v0.1.0
2023-04-21,obm_supply_btc_daily,19352789.79497096,BTC,daily,OBM v0.1.0
2023-04-22,obm_supply_btc_daily,19353721.04497096,BTC,daily,OBM v0.1.0
2023-04-23,obm_supply_btc_daily,19354639.79497096,BTC,daily,OBM v0.1.0
2023-04-24,obm_supply_btc_daily,19355521.04497096,BTC,daily,OBM v0.1.0
2023-04-25,obm_supply_btc_daily,19356302.29497096,BTC,daily,OBM v0.1.0
2023-04-26,obm_supply_btc_daily,19357114.79497096,BTC,daily,OBM v0.1.0
2023-04-27,obm_supply_btc_daily,19357927.29497096,BTC,daily,OBM v0.1.0
2023-04-28,obm_supply_btc_daily,19358846.04497096,BTC,daily,OBM v0.1.0
2023-04-29,obm_supply_btc_daily,19359702.29497096,BTC,daily,OBM v0.1.0
2023-04-30,obm_supply_btc_daily,19360627.29497096,BTC,daily,OBM v0.1.0
2023-05-01,obm_supply_btc_daily,19361764.79497096,BTC,daily,OBM v0.1.0
2023-05-02,obm_supply_btc_daily,19362571.04497096,BTC,daily,OBM v0.1.0
2023-05-03,obm_supply_btc_daily,19363452.29497096,BTC,daily,OBM v0.1.0
2023-05-04,obm_supply_btc_daily,19364364.79497096,BTC,daily,OBM v0.1.0
2023-05-05,obm_supply_btc_daily,19365108.54497096,BTC,daily,OBM v0.1.0
2023-05-06,obm_supply_btc_daily,19366039.79497096,BTC,daily,OBM v0.1.0
2023-05-07,obm_supply_btc_daily,19366908.54497096,BTC,daily,OBM v0.1.0
2023-05-08,obm_supply_btc_daily,19367764.79497096,BTC,daily,OBM v0.1.0
2023-05-09,obm_supply_btc_daily,19368708.54497096,BTC,daily,OBM v0.1.0
2023-05-10,obm_supply_btc_daily,19369771.04497096,BTC,daily,OBM v0.1.0
2023-05-11,obm_supply_btc_daily,19370714.79497096,BTC,daily,OBM v0.1.0
2023-05-12,obm_supply_btc_daily,19371596.04497096,BTC,daily,OBM v0.1.0
2023-05-13,obm_supply_btc_daily,19372502.29497096,BTC,daily,OBM v0.1.0
2023-05-14,obm_supply_btc_daily,19373589.79497096,BTC,daily,OBM v0.1.0
2023-05-15,obm_supply_btc_daily,19374508.54497096,BTC,daily,OBM v0.1.0
2023-05-16,obm_supply_btc_daily,19375464.79497096,BTC,daily,OBM v0.1.0
2023-05-17,obm_supply_btc_daily,19376464.79497096,BTC,daily,OBM v0.1.0
2023-05-18,obm_supply_btc_daily,19377346.04497096,BTC,daily,OBM v0.1.0
2023-05-19,obm_supply_btc_daily,19378283.54497096,BTC,daily,OBM v0.1.0
2023-05-20,obm_supply_btc_daily,19379102.29497096,BTC,daily,OBM v0.1.0
2023-05-21,obm_supply_btc_daily,19380046.04497096,BTC,daily,OBM v0.1.0
2023-05-22,obm_supply_btc_daily,19380946.04497096,BTC,daily,OBM v0.1.0
2023-05-23,obm_supply_btc_daily,19381908.54497096,BTC,daily,OBM v0.1.0
2023-05-24,obm_supply_btc_daily,19382789.79497096,BTC,daily,OBM v0.1.0
2023-05-25,obm_supply_btc_daily,19383733.54497096,BTC,daily,OBM v0.1.0
2023-05-26,obm_supply_btc_daily,19384689.79497096,BTC,daily,OBM v0.1.0
2023-05-27,obm_supply_btc_daily,19385596.04497096,BTC,daily,OBM v0.1.0
2023-05-28,obm_supply_btc_daily,19386596.04497096,BTC,daily,OBM v0.1.0
2023-05-29,obm_supply_btc_daily,19387608.54497096,BTC,daily,OBM v0.1.0
2023-05-30,obm_supply_btc_daily,19388571.04497096,BTC,daily,OBM v0.1.0
2023-05-31,obm_supply_btc_daily,19389452.29497096,BTC,daily,OBM v0.1.0
2023-06-01,obm_supply_btc_daily,19390277.29497096,BTC,daily,OBM v0.1.0
2023-06-02,obm_supply_btc_daily,19391302.29497096,BTC,daily,OBM v0.1.0
2023-06-03,obm_supply_btc_daily,19392114.79497096,BTC,daily,OBM v0.1.0
2023-06-04,obm_supply_btc_daily,19393039.79497096,BTC,daily,OBM v0.1.0
2023-06-05,obm_supply_btc_daily,19393902.29497096,BTC,daily,OBM v0.1.0
2023-06-06,obm_supply_btc_daily,19394846.04497096,BTC,daily,OBM v0.1.0
2023-06-07,obm_supply_btc_daily,19395689.79497096,BTC,daily,OBM v0.1.0
2023-06-08,obm_supply_btc_daily,19396652.29497096,BTC,daily,OBM v0.1.0
2023-06-09,obm_supply_btc_daily,19397708.54497096,BTC,daily,OBM v0.1.0
2023-06-10,obm_supply_btc_daily,19398671.04497096,BTC,daily,OBM v0.1.0
2023-06-11,obm_supply_btc_daily,19399689.79497096,BTC,daily,OBM v0.1.0
2023-06-12,obm_supply_btc_daily,19400671.04497096,BTC,daily,OBM v0.1.0
2023-06-13,obm_supply_btc_daily,19401589.79497096,BTC,daily,OBM v0.1.0
2023-06-14,obm_supply_btc_daily,19402346.04497096,BTC,daily,OBM v0.1.0
2023-06-15,obm_supply_btc_daily,19403271.04497096,BTC,daily,OBM v0.1.0
2023-06-16,obm_supply_btc_daily,19404227.29497096,BTC,daily,OBM v0.1.0
2023-06-17,obm_supply_btc_daily,19405102.29497096,BTC,daily,OBM v0.1.0
2023-06-18,obm_supply_btc_daily,19406046.04497096,BTC,daily,OBM v0.1.0
2023-06-19,obm_supply_btc_daily,19406933.54497096,BTC,daily,OBM v0.1.0
2023-06-20,obm_supply_btc_daily,19407783.54497096,BTC,daily,OBM v0.1.0
2023-06-21,obm_supply_btc_daily,19408539.79497096,BTC,daily,OBM v0.1.0
2023-06-22,obm_supply_btc_daily,19409396.04497096,BTC,daily,OBM v0.1.0
2023-06-23,obm_supply_btc_daily,19410177.29497096,BTC,daily,OBM v0.1.0
2023-06-24,obm_supply_btc_daily,19411089.79497096,BTC,daily,OBM v0.1.0
2023-06-25,obm_supply_btc_daily,19412046.04497096,BTC,daily,OBM v0.1.0
2023-06-26,obm_supply_btc_daily,19412958.54497096,BTC,daily,OBM v0.1.0
2023-06-27,obm_supply_btc_daily,19413833.54497096,BTC,daily,OBM v0.1.0
2023-06-28,obm_supply_btc_daily,19414508.54497096,BTC,daily,OBM v0.1.0
2023-06-29,obm_supply_btc_daily,19415421.04497096,BTC,daily,OBM v0.1.0
2023-06-30,obm_supply_btc_daily,19416408.54497096,BTC,daily,OBM v0.1.0
2023-07-01,obm_supply_btc_daily,19417239.79497096,BTC,daily,OBM v0.1.0
2023-07-02,obm_supply_btc_daily,19418308.54497096,BTC,daily,OBM v0.1.0
2023-07-03,obm_supply_btc_daily,19419164.79497096,BTC,daily,OBM v0.1.0
2023-07-04,obm_supply_btc_daily,19420046.04497096,BTC,daily,OBM v0.1.0
2023-07-05,obm_supply_btc_daily,19421021.04497096,BTC,daily,OBM v0.1.0
2023-07-06,obm_supply_btc_daily,19421889.79497096,BTC,daily,OBM v0.1.0
2023-07-07,obm_supply_btc_daily,19422983.54497096,BTC,daily,OBM v0.1.0
2023-07-08,obm_supply_btc_daily,19424096.04497096,BTC,daily,OBM v0.1.0
2023-07-09,obm_supply_btc_daily,19425152.29497096,BTC,daily,OBM v0.1.0
2023-07-10,obm_supply_btc_daily,19426114.79497096,BTC,daily,OBM v0.1.0
2023-07-11,obm_supply_btc_daily,19426958.54497096,BTC,daily,OBM v0.1.0
2023-07-12,obm_supply_btc_daily,19427858.54497096,BTC,daily,OBM v0.1.0
2023-07-13,obm_supply_btc_daily,19428608.54497096,BTC,daily,OBM v0.1.0
2023-07-14,obm_supply_btc_daily,19429471.04497096,BTC,daily,OBM v0.1.0
2023-07-15,obm_supply_btc_daily,19430333.54497096,BTC,daily,OBM v0.1.0
2023-07-16,obm_supply_btc_daily,19431302.29497096,BTC,daily,OBM v0.1.0
2023-07-17,obm_supply_btc_daily,19432152.29497096,BTC,daily,OBM v0.1.0
2023-07-18,obm_supply_btc_daily,19433164.79497096,BTC,daily,OBM v0.1.0
2023-07-19,obm_supply_btc_daily,19434089.79497096,BTC,daily,OBM v0.1.0
2023-07-20,obm_supply_btc_daily,19434889.79497096,BTC,daily,OBM v0.1.0
2023-07-21,obm_supply_btc_daily,19435589.79497096,BTC,daily,OBM v0.1.0
2023-07-22,obm_supply_btc_daily,19436427.29497096,BTC,daily,OBM v0.1.0
2023-07-23,obm_supply_btc_daily,19437346.04497096,BTC,daily,OBM v0.1.0
2023-07-24,obm_supply_btc_daily,19438283.54497096,BTC,daily,OBM v0.1.0
2023-07-25,obm_supply_btc_daily,19439146.04497096,BTC,daily,OBM v0.1.0
2023-07-26,obm_supply_btc_daily,19440046.04497096,BTC,daily,OBM v0.1.0
2023-07-27,obm_supply_btc_daily,19440908.54497096,BTC,daily,OBM v0.1.0
2023-07-28,obm_supply_btc_daily,19441783.54497096,BTC,daily,OBM v0.1.0
2023-07-29,obm_supply_btc_daily,19442608.54497096,BTC,daily,OBM v0.1.0
2023-07-30,obm_supply_btc_daily,19443658.54497096,BTC,daily,OBM v0.1.0
2023-07-31,obm_supply_btc_daily,19444539.79497096,BTC,daily,OBM v0.1.0
2023-08-01,obm_supply_btc_daily,19445408.54497096,BTC,daily,OBM v0.1.0
2023-08-02,obm_supply_btc_daily,19446371.04497096,BTC,daily,OBM v0.1.0
2023-08-03,obm_supply_btc_daily,19447314.79497096,BTC,daily,OBM v0.1.0
2023-08-04,obm_supply_btc_daily,19448071.04497096,BTC,daily,OBM v0.1.0
2023-08-05,obm_supply_btc_daily,19449033.54497096,BTC,daily,OBM v0.1.0
2023-08-06,obm_supply_btc_daily,19450058.54497096,BTC,daily,OBM v0.1.0
2023-08-07,obm_supply_btc_daily,19450971.04497096,BTC,daily,OBM v0.1.0
2023-08-08,obm_supply_btc_daily,19451752.29497096,BTC,daily,OBM v0.1.0
2023-08-09,obm_supply_btc_daily,19452764.79497096,BTC,daily,OBM v0.1.0
2023-08-10,obm_supply_btc_daily,19453558.54497096,BTC,daily,OBM v0.1.0
2023-08-11,obm_supply_btc_daily,19454502.29497096,BTC,daily,OBM v0.1.0
2023-08-12,obm_supply_btc_daily,19455546.04497096,BTC,daily,OBM v0.1.0
2023-08-13,obm_supply_btc_daily,19456389.79497096,BTC,daily,OBM v0.1.0
2023-08-14,obm_supply_btc_daily,19457458.54497096,BTC,daily,OBM v0.1.0
2023-08-15,obm_supply_btc_daily,19458527.29497096,BTC,daily,OBM v0.1.0
2023-08-16,obm_supply_btc_daily,19459546.04497096,BTC,daily,OBM v0.1.0
2023-08-17,obm_supply_btc_daily,19460521.04497096,BTC,daily,OBM v0.1.0
2023-08-18,obm_supply_btc_daily,19461389.79497096,BTC,daily,OBM v0.1.0
2023-08-19,obm_supply_btc_daily,19462264.79497096,BTC,daily,OBM v0.1.0
2023-08-20,obm_supply_btc_daily,19463277.29497096,BTC,daily,OBM v0.1.0
2023-08-21,obm_supply_btc_daily,19464308.54497096,BTC,daily,OBM v0.1.0
2023-08-22,obm_supply_btc_daily,19465202.29497096,BTC,daily,OBM v0.1.0
2023-08-23,obm_supply_btc_daily,19466089.79497096,BTC,daily,OBM v0.1.0
2023-08-24,obm_supply_btc_daily,19466958.54497096,BTC,daily,OBM v0.1.0
2023-08-25,obm_supply_btc_daily,19467802.29497096,BTC,daily,OBM v0.1.0
2023-08-26,obm_supply_btc_daily,19468658.54497096,BTC,daily,OBM v0.1.0
2023-08-27,obm_supply_btc_daily,19469383.54497096,BTC,daily,OBM v0.1.0
2023-08-28,obm_supply_btc_daily,19470121.04497096,BTC,daily,OBM v0.1.0
2023-08-29,obm_supply_btc_daily,19471108.54497096,BTC,daily,OBM v0.1.0
2023-08-30,obm_supply_btc_daily,19471896.04497096,BTC,daily,OBM v0.1.0
2023-08-31,obm_supply_btc_daily,19472796.04497096,BTC,daily,OBM v0.1.0
2023-09-01,obm_supply_btc_daily,19473739.79497096,BTC,daily,OBM v0.1.0
2023-09-02,obm_supply_btc_daily,19474689.79497096,BTC,daily,OBM v0.1.0
2023-09-03,obm_supply_btc_daily,19475677.29497096,BTC,daily,OBM v0.1.0
2023-09-04,obm_supply_btc_daily,19476608.54497096,BTC,daily,OBM v0.1.0
2023-09-05,obm_supply_btc_daily,19477383.54497096,BTC,daily,OBM v0.1.0
2023-09-06,obm_supply_btc_daily,19478227.29497096,BTC,daily,OBM v0.1.0
2023-09-07,obm_supply_btc_daily,19479139.79497096,BTC,daily,OBM v0.1.0
2023-09-08,obm_supply_btc_daily,19479971.04497096,BTC,daily,OBM v0.1.0
2023-09-09,obm_supply_btc_daily,19480914.79497096,BTC,daily,OBM v0.1.0
2023-09-10,obm_supply_btc_daily,19481833.54497096,BTC,daily,OBM v0.1.0
2023-09-11,obm_supply_btc_daily,19482827.29497096,BTC,daily,OBM v0.1.0
2023-09-12,obm_supply_btc_daily,19483708.54497096,BTC,daily,OBM v0.1.0
2023-09-13,obm_supply_btc_daily,19484627.29497096,BTC,daily,OBM v0.1.0
2023-09-14,obm_supply_btc_daily,19485639.79497096,BTC,daily,OBM v0.1.0
2023-09-15,obm_supply_btc_daily,19486814.79497096,BTC,daily,OBM v0.1.0
2023-09-16,obm_supply_btc_daily,19487783.54497096,BTC,daily,OBM v0.1.0
2023-09-17,obm_supply_btc_daily,19488714.79497096,BTC,daily,OBM v0.1.0
2023-09-18,obm_supply_btc_daily,19489689.79497096,BTC,daily,OBM v0.1.0
2023-09-19,obm_supply_btc_daily,19490558.54497096,BTC,daily,OBM v0.1.0
2023-09-20,obm_supply_btc_daily,19491471.04497096,BTC,daily,OBM v0.1.0
2023-09-21,obm_supply_btc_daily,19492333.54497096,BTC,daily,OBM v0.1.0
2023-09-22,obm_supply_btc_daily,19493139.79497096,BTC,daily,OBM v0.1.0
2023-09-23,obm_supply_btc_daily,19494114.79497096,BTC,daily,OBM v0.1.0
2023-09-24,obm_supply_btc_daily,19495027.29497096,BTC,daily,OBM v0.1.0
2023-09-25,obm_supply_btc_daily,19495933.54497096,BTC,daily,OBM v0.1.0
2023-09-26,obm_supply_btc_daily,19496783.54497096,BTC,daily,OBM v0.1.0
2023-09-27,obm_supply_btc_daily,19497764.79497096,BTC,daily,OBM v0.1.0
2023-09-28,obm_supply_btc_daily,19498677.29497096,BTC,daily,OBM v0.1.0
2023-09-29,obm_supply_btc_daily,19499596.04497096,BTC,daily,OBM v0.1.0
2023-09-30,obm_supply_btc_daily,19500458.54497096,BTC,daily,OBM v0.1.0
2023-10-01,obm_supply_btc_daily,19501339.79497096,BTC,daily,OBM v0.1.0
2023-10-02,obm_supply_btc_daily,19502321.04497096,BTC,daily,OBM v0.1.0
2023-10-03,obm_supply_btc_daily,19503346.04497096,BTC,daily,OBM v0.1.0
2023-10-04,obm_supply_btc_daily,19504164.79497096,BTC,daily,OBM v0.1.0
2023-10-05,obm_supply_btc_daily,19505046.04497096,BTC,daily,OBM v0.1.0
2023-10-06,obm_supply_btc_daily,19506046.04497096,BTC,daily,OBM v0.1.0
2023-10-07,obm_supply_btc_daily,19507114.79497096,BTC,daily,OBM v0.1.0
2023-10-08,obm_supply_btc_daily,19508039.79497096,BTC,daily,OBM v0.1.0
2023-10-09,obm_supply_btc_daily,19509014.79497096,BTC,daily,OBM v0.1.0
2023-10-10,obm_supply_btc_daily,19510027.29497096,BTC,daily,OBM v0.1.0
2023-10-11,obm_supply_btc_daily,19511027.29497096,BTC,daily,OBM v0.1.0
2023-10-12,obm_supply_btc_daily,19512058.54497096,BTC,daily,OBM v0.1.0
2023-10-13,obm_supply_btc_daily,19512921.04497096,BTC,daily,OBM v0.1.0
2023-10-14,obm_supply_btc_daily,19513833.54497096,BTC,daily,OBM v0.1.0
2023-10-15,obm_supply_btc_daily,19514877.29497096,BTC,daily,OBM v0.1.0
2023-10-16,obm_supply_btc_daily,19515758.54497096,BTC,daily,OBM v0.1.0
2023-10-17,obm_supply_btc_daily,19516771.04497096,BTC,daily,OBM v0.1.0
2023-10-18,obm_supply_btc_daily,19517677.29497096,BTC,daily,OBM v0.1.0
2023-10-19,obm_supply_btc_daily,19518552.29497096,BTC,daily,OBM v0.1.0
2023-10-20,obm_supply_btc_daily,19519389.79497096,BTC,daily,OBM v0.1.0
2023-10-21,obm_supply_btc_daily,19520327.29497096,BTC,daily,OBM v0.1.0
2023-10-22,obm_supply_btc_daily,19521283.54497096,BTC,daily,OBM v0.1.0
2023-10-23,obm_supply_btc_daily,19522264.79497096,BTC,daily,OBM v0.1.0
2023-10-24,obm_supply_btc_daily,19523052.29497096,BTC,daily,OBM v0.1.0
2023-10-25,obm_supply_btc_daily,19523952.29497096,BTC,daily,OBM v0.1.0
2023-10-26,obm_supply_btc_daily,19524889.79497096,BTC,daily,OBM v0.1.0
2023-10-27,obm_supply_btc_daily,19525852.29497096,BTC,daily,OBM v0.1.0
2023-10-28,obm_supply_btc_daily,19526852.29497096,BTC,daily,OBM v0.1.0
2023-10-29,obm_supply_btc_daily,19527708.54497096,BTC,daily,OBM v0.1.0
2023-10-30,obm_supply_btc_daily,19528683.54497096,BTC,daily,OBM v0.1.0
2023-10-31,obm_supply_btc_daily,19529652.29497096,BTC,daily,OBM v0.1.0
2023-11-01,obm_supply_btc_daily,19530583.54497096,BTC,daily,OBM v0.1.0
2023-11-02,obm_supply_btc_daily,19531483.54497096,BTC,daily,OBM v0.1.0
2023-11-03,obm_supply_btc_daily,19532333.54497096,BTC,daily,OBM v0.1.0
2023-11-04,obm_supply_btc_daily,19533383.54497096,BTC,daily,OBM v0.1.0
2023-11-05,obm_supply_btc_daily,19534402.29497096,BTC,daily,OBM v0.1.0
2023-11-06,obm_supply_btc_daily,19535196.04497096,BTC,daily,OBM v0.1.0
2023-11-07,obm_supply_btc_daily,19536027.29497096,BTC,daily,OBM v0.1.0
2023-11-08,obm_supply_btc_daily,19536958.54497096,BTC,daily,OBM v0.1.0
2023-11-09,obm_supply_btc_daily,19537852.29497096,BTC,daily,OBM v0.1.0
2023-11-10,obm_supply_btc_daily,19538814.79497096,BTC,daily,OBM v0.1.0
2023-11-11,obm_supply_btc_daily,19539814.79497096,BTC,daily,OBM v0.1.0
2023-11-12,obm_supply_btc_daily,19540821.04497096,BTC,daily,OBM v0.1.0
2023-11-13,obm_supply_btc_daily,19541577.29497096,BTC,daily,OBM v0.1.0
2023-11-14,obm_supply_btc_daily,19542439.79497096,BTC,daily,OBM v0.1.0
2023-11-15,obm_supply_btc_daily,19543364.79497096,BTC,daily,OBM v0.1.0
2023-11-16,obm_supply_btc_daily,19544289.79497096,BTC,daily,OBM v0.1.0
2023-11-17,obm_supply_btc_daily,19545227.29497096,BTC,daily,OBM v0.1.0
2023-11-18,obm_supply_btc_daily,19546158.54497096,BTC,daily,OBM v0.1.0
2023-11-19,obm_supply_btc_daily,19547221.04497096,BTC,daily,OBM v0.1.0
2023-11-20,obm_supply_btc_daily,19548258.54497096,BTC,daily,OBM v0.1.0
2023-11-21,obm_supply_btc_daily,19549208.54497096,BTC,daily,OBM v0.1.0
2023-11-22,obm_supply_btc_daily,19550096.04497096,BTC,daily,OBM v0.1.0
2023-11-23,obm_supply_btc_daily,19551014.79497096,BTC,daily,OBM v0.1.0
2023-11-24,obm_supply_btc_daily,19552064.79497096,BTC,daily,OBM v0.1.0
2023-11-25,obm_supply_btc_daily,19553058.54497096,BTC,daily,OBM v0.1.0
2023-11-26,obm_supply_btc_daily,19553971.04497096,BTC,daily,OBM v0.1.0
2023-11-27,obm_supply_btc_daily,19554783.54497096,BTC,daily,OBM v0.1.0
2023-11-28,obm_supply_btc_daily,19555702.29497096,BTC,daily,OBM v0.1.0
2023-11-29,obm_supply_btc_daily,19556552.29497096,BTC,daily,OBM v0.1.0
2023-11-30,obm_supply_btc_daily,19557389.79497096,BTC,daily,OBM v0.1.0
2023-12-01,obm_supply_btc_daily,19558446.04497096,BTC,daily,OBM v0.1.0
2023-12-02,obm_supply_btc_daily,19559239.79497096,BTC,daily,OBM v0.1.0
2023-12-03,obm_supply_btc_daily,19560271.04497096,BTC,daily,OBM v0.1.0
2023-12-04,obm_supply_btc_daily,19561239.79497096,BTC,daily,OBM v0.1.0
2023-12-05,obm_supply_btc_daily,19562102.29497096,BTC,daily,OBM v0.1.0
2023-12-06,obm_supply_btc_daily,19562952.29497096,BTC,daily,OBM v0.1.0
2023-12-07,obm_supply_btc_daily,19563671.04497096,BTC,daily,OBM v0.1.0
2023-12-08,obm_supply_btc_daily,19564514.79497096,BTC,daily,OBM v0.1.0
2023-12-09,obm_supply_btc_daily,19565496.04497096,BTC,daily,OBM v0.1.0
2023-12-10,obm_supply_btc_daily,19566371.04497096,BTC,daily,OBM v0.1.0
2023-12-11,obm_supply_btc_daily,19567358.54497096,BTC,daily,OBM v0.1.0
2023-12-12,obm_supply_btc_daily,19568258.54497096,BTC,daily,OBM v0.1.0
2023-12-13,obm_supply_btc_daily,19569189.79497096,BTC,daily,OBM v0.1.0
2023-12-14,obm_supply_btc_daily,19570102.29497096,BTC,daily,OBM v0.1.0
2023-12-15,obm_supply_btc_daily,19571121.04497096,BTC,daily,OBM v0.1.0
2023-12-16,obm_supply_btc_daily,19572071.04497096,BTC,daily,OBM v0.1.0
2023-12-17,obm_supply_btc_daily,19573008.54497096,BTC,daily,OBM v0.1.0
2023-12-18,obm_supply_btc_daily,19574058.54497096,BTC,daily,OBM v0.1.0
2023-12-19,obm_supply_btc_daily,19575071.04497096,BTC,daily,OBM v0.1.0
2023-12-20,obm_supply_btc_daily,19575977.29497096,BTC,daily,OBM v0.1.0
2023-12-21,obm_supply_btc_daily,19576889.79497096,BTC,daily,OBM v0.1.0
2023-12-22,obm_supply_btc_daily,19577939.79497096,BTC,daily,OBM v0.1.0
2023-12-23,obm_supply_btc_daily,19578939.79497096,BTC,daily,OBM v0.1.0
2023-12-24,obm_supply_btc_daily,19580008.54497096,BTC,daily,OBM v0.1.0
2023-12-25,obm_supply_btc_daily,19580877.29497096,BTC,daily,OBM v0.1.0
2023-12-26,obm_supply_btc_daily,19581746.04497096,BTC,daily,OBM v0.1.0
2023-12-27,obm_supply_btc_daily,19582552.29497096,BTC,daily,OBM v0.1.0
2023-12-28,obm_supply_btc_daily,19583308.54497096,BTC,daily,OBM v0.1.0
2023-12-29,obm_supply_btc_daily,19584252.29497096,BTC,daily,OBM v0.1.0
2023-12-30,obm_supply_btc_daily,19585158.54497096,BTC,daily,OBM v0.1.0
2023-12-31,obm_supply_btc_daily,19586133.54497096,BTC,daily,OBM v0.1.0
2024-01-01,obm_supply_btc_daily,19587102.29497096,BTC,daily,OBM v0.1.0
2024-01-02,obm_supply_btc_daily,19587921.04497096,BTC,daily,OBM v0.1.0
2024-01-03,obm_supply_btc_daily,19588908.54497096,BTC,daily,OBM v0.1.0
2024-01-04,obm_supply_btc_daily,19589971.04497096,BTC,daily,OBM v0.1.0
2024-01-05,obm_supply_btc_daily,19590833.54497096,BTC,daily,OBM v0.1.0
2024-01-06,obm_supply_btc_daily,19591708.54497096,BTC,daily,OBM v0.1.0
2024-01-07,obm_supply_btc_daily,19592446.04497096,BTC,daily,OBM v0.1.0
2024-01-08,obm_supply_btc_daily,19593214.79497096,BTC,daily,OBM v0.1.0
2024-01-09,obm_supply_btc_daily,19594164.79497096,BTC,daily,OBM v0.1.0
2024-01-10,obm_supply_btc_daily,19594996.04497096,BTC,daily,OBM v0.1.0
2024-01-11,obm_supply_btc_daily,19596077.29497096,BTC,daily,OBM v0.1.0
2024-01-12,obm_supply_btc_daily,19597127.29497096,BTC,daily,OBM v0.1.0
2024-01-13,obm_supply_btc_daily,19598121.04497096,BTC,daily,OBM v0.1.0
2024-01-14,obm_supply_btc_daily,19598921.04497096,BTC,daily,OBM v0.1.0
2024-01-15,obm_supply_btc_daily,19599633.54497096,BTC,daily,OBM v0.1.0
2024-01-16,obm_supply_btc_daily,19600414.79497096,BTC,daily,OBM v0.1.0
2024-01-17,obm_supply_btc_daily,19601171.04497096,BTC,daily,OBM v0.1.0
2024-01-18,obm_supply_btc_daily,19602058.54497096,BTC,daily,OBM v0.1.0
2024-01-19,obm_supply_btc_daily,19602883.54497096,BTC,daily,OBM v0.1.0
2024-01-20,obm_supply_btc_daily,19603777.29497096,BTC,daily,OBM v0.1.0
2024-01-21,obm_supply_btc_daily,19604652.29497096,BTC,daily,OBM v0.1.0
2024-01-22,obm_supply_btc_daily,19605652.29497096,BTC,daily,OBM v0.1.0
2024-01-23,obm_supply_btc_daily,19606614.79497096,BTC,daily,OBM v0.1.0
2024-01-24,obm_supply_btc_daily,19607552.29497096,BTC,daily,OBM v0.1.0
2024-01-25,obm_supply_btc_daily,19608683.54497096,BTC,daily,OBM v0.1.0
2024-01-26,obm_supply_btc_daily,19609633.54497096,BTC,daily,OBM v0.1.0
2024-01-27,obm_supply_btc_daily,19610702.29497096,BTC,daily,OBM v0.1.0
2024-01-28,obm_supply_btc_daily,19611702.29497096,BTC,daily,OBM v0.1.0
2024-01-29,obm_supply_btc_daily,19612677.29497096,BTC,daily,OBM v0.1.0
2024-01-30,obm_supply_btc_daily,19613577.29497096,BTC,daily,OBM v0.1.0
2024-01-31,obm_supply_btc_daily,19614396.04497096,BTC,daily,OBM v0.1.0
2024-02-01,obm_supply_btc_daily,19615352.29497096,BTC,daily,OBM v0.1.0
2024-02-02,obm_supply_btc_daily,19616527.29497096,BTC,daily,OBM v0.1.0
2024-02-03,obm_supply_btc_daily,19617471.04497096,BTC,daily,OBM v0.1.0
2024-02-04,obm_supply_btc_daily,19618439.79497096,BTC,daily,OBM v0.1.0
2024-02-05,obm_supply_btc_daily,19619414.79497096,BTC,daily,OBM v0.1.0
2024-02-06,obm_supply_btc_daily,19620477.29497096,BTC,daily,OBM v0.1.0
2024-02-07,obm_supply_btc_daily,19621477.29497096,BTC,daily,OBM v0.1.0
2024-02-08,obm_supply_btc_daily,19622339.79497096,BTC,daily,OBM v0.1.0
2024-02-09,obm_supply_btc_daily,19623377.29497096,BTC,daily,OBM v0.1.0
2024-02-10,obm_supply_btc_daily,19624327.29497096,BTC,daily,OBM v0.1.0
2024-02-11,obm_supply_btc_daily,19625183.54497096,BTC,daily,OBM v0.1.0
2024-02-12,obm_supply_btc_daily,19626302.29497096,BTC,daily,OBM v0.1.0
2024-02-13,obm_supply_btc_daily,19627146.04497096,BTC,daily,OBM v0.1.0
2024-02-14,obm_supply_btc_daily,19628014.79497096,BTC,daily,OBM v0.1.0
2024-02-15,obm_supply_btc_daily,19628996.04497096,BTC,daily,OBM v0.1.0
2024-02-16,obm_supply_btc_daily,19629833.54497096,BTC,daily,OBM v0.1.0
2024-02-17,obm_supply_btc_daily,19630771.04497096,BTC,daily,OBM v0.1.0
2024-02-18,obm_supply_btc_daily,19631527.29497096,BTC,daily,OBM v0.1.0
2024-02-19,obm_supply_btc_daily,19632377.29497096,BTC,daily,OBM v0.1.0
2024-02-20,obm_supply_btc_daily,19633258.54497096,BTC,daily,OBM v0.1.0
2024-02-21,obm_supply_btc_daily,19634121.04497096,BTC,daily,OBM v0.1.0
2024-02-22,obm_supply_btc_daily,19634964.79497096,BTC,daily,OBM v0.1.0
2024-02-23,obm_supply_btc_daily,19635958.54497096,BTC,daily,OBM v0.1.0
2024-02-24,obm_supply_btc_daily,19636814.79497096,BTC,daily,OBM v0.1.0
2024-02-25,obm_supply_btc_daily,19637839.79497096,BTC,daily,OBM v0.1.0
2024-02-26,obm_supply_btc_daily,19638671.04497096,BTC,daily,OBM v0.1.0
2024-02-27,obm_supply_btc_daily,19639477.29497096,BTC,daily,OBM v0.1.0
2024-02-28,obm_supply_btc_daily,19640408.54497096,BTC,daily,OBM v0.1.0
2024-02-29,obm_supply_btc_daily,19641239.79497096,BTC,daily,OBM v0.1.0
2024-03-01,obm_supply_btc_daily,19642202.29497096,BTC,daily,OBM v0.1.0
2024-03-02,obm_supply_btc_daily,19642996.04497096,BTC,daily,OBM v0.1.0
2024-03-03,obm_supply_btc_daily,19643964.79497096,BTC,daily,OBM v0.1.0
2024-03-04,obm_supply_btc_daily,19644771.04497096,BTC,daily,OBM v0.1.0
2024-03-05,obm_supply_btc_daily,19645814.79497096,BTC,daily,OBM v0.1.0
2024-03-06,obm_supply_btc_daily,19646689.79497096,BTC,daily,OBM v0.1.0
2024-03-07,obm_supply_btc_daily,19647814.79497096,BTC,daily,OBM v0.1.0
2024-03-08,obm_supply_btc_daily,19648777.29497096,BTC,daily,OBM v0.1.0
2024-03-09,obm_supply_btc_daily,19649796.04497096,BTC,daily,OBM v0.1.0
2024-03-10,obm_supply_btc_daily,19650689.79497096,BTC,daily,OBM v0.1.0
2024-03-11,obm_supply_btc_daily,19651752.29497096,BTC,daily,OBM v0.1.0
2024-03-12,obm_supply_btc_daily,19652633.54497096,BTC,daily,OBM v0.1.0
2024-03-13,obm_supply_btc_daily,19653633.54497096,BTC,daily,OBM v0.1.0
2024-03-14,obm_supply_btc_daily,19654514.79497096,BTC,daily,OBM v0.1.0
2024-03-15,obm_supply_btc_daily,19655308.54497096,BTC,daily,OBM v0.1.0
2024-03-16,obm_supply_btc_daily,19656208.54497096,BTC,daily,OBM v0.1.0
2024-03-17,obm_supply_btc_daily,19657121.04497096,BTC,daily,OBM v0.1.0
2024-03-18,obm_supply_btc_daily,19658021.04497096,BTC,daily,OBM v0.1.0
2024-03-19,obm_supply_btc_daily,19659002.29497096,BTC,daily,OBM v0.1.0
2024-03-20,obm_supply_btc_daily,19659933.54497096,BTC,daily,OBM v0.1.0
2024-03-21,obm_supply_btc_daily,19660683.54497096,BTC,daily,OBM v0.1.0
2024-03-22,obm_supply_btc_daily,19661527.29497096,BTC,daily,OBM v0.1.0
2024-03-23,obm_supply_btc_daily,19662502.29497096,BTC,daily,OBM v0.1.0
2024-03-24,obm_supply_btc_daily,19663564.79497096,BTC,daily,OBM v0.1.0
2024-03-25,obm_supply_btc_daily,19664389.79497096,BTC,daily,OBM v0.1.0
2024-03-26,obm_supply_btc_daily,19665227.29497096,BTC,daily,OBM v0.1.0
2024-03-27,obm_supply_btc_daily,19666077.29497096,BTC,daily,OBM v0.1.0
2024-03-28,obm_supply_btc_daily,19667027.29497096,BTC,daily,OBM v0.1.0
2024-03-29,obm_supply_btc_daily,19667927.29497096,BTC,daily,OBM v0.1.0
2024-03-30,obm_supply_btc_daily,19668896.04497096,BTC,daily,OBM v0.1.0
2024-03-31,obm_supply_btc_daily,19669752.29497096,BTC,daily,OBM v0.1.0
2024-04-01,obm_supply_btc_daily,19670689.79497096,BTC,daily,OBM v0.1.0
2024-04-02,obm_supply_btc_daily,19671614.79497096,BTC,daily,OBM v0.1.0
2024-04-03,obm_supply_btc_daily,19672502.29497096,BTC,daily,OBM v0.1.0
2024-04-04,obm_supply_btc_daily,19673364.79497096,BTC,daily,OBM v0.1.0
2024-04-05,obm_supply_btc_daily,19674289.79497096,BTC,daily,OBM v0.1.0
2024-04-06,obm_supply_btc_daily,19675258.54497096,BTC,daily,OBM v0.1.0
2024-04-07,obm_supply_btc_daily,19676321.04497096,BTC,daily,OBM v0.1.0
2024-04-08,obm_supply_btc_daily,19677308.54497096,BTC,daily,OBM v0.1.0
2024-04-09,obm_supply_btc_daily,19678221.04497096,BTC,daily,OBM v0.1.0
2024-04-10,obm_supply_btc_daily,19679164.79497096,BTC,daily,OBM v0.1.0
2024-04-11,obm_supply_btc_daily,19679989.79497096,BTC,daily,OBM v0.1.0
2024-04-12,obm_supply_btc_daily,19680839.79497096,BTC,daily,OBM v0.1.0
2024-04-13,obm_supply_btc_daily,19681864.79497096,BTC,daily,OBM v0.1.0
2024-04-14,obm_supply_btc_daily,19682846.04497096,BTC,daily,OBM v0.1.0
2024-04-15,obm_supply_btc_daily,19683727.29497096,BTC,daily,OBM v0.1.0
2024-04-16,obm_supply_btc_daily,19684758.54497096,BTC,daily,OBM v0.1.0
2024-04-17,obm_supply_btc_daily,19685614.79497096,BTC,daily,OBM v0.1.0
2024-04-18,obm_supply_btc_daily,19686521.04497096,BTC,daily,OBM v0.1.0
2024-04-19,obm_supply_btc_daily,19687464.79497096,BTC,daily,OBM v0.1.0
2024-04-20,obm_supply_btc_daily,19687874.16997096,BTC,daily,OBM v0.1.0
2024-04-21,obm_supply_btc_daily,19688311.66997096,BTC,daily,OBM v0.1.0
2024-04-22,obm_supply_btc_daily,19688786.66997096,BTC,daily,OBM v0.1.0
2024-04-23,obm_supply_btc_daily,19689311.66997096,BTC,daily,OBM v0.1.0
2024-04-24,obm_supply_btc_daily,19689796.04497096,BTC,daily,OBM v0.1.0
2024-04-25,obm_supply_btc_daily,19690242.91997096,BTC,daily,OBM v0.1.0
2024-04-26,obm_supply_btc_daily,19690658.54497096,BTC,daily,OBM v0.1.0
2024-04-27,obm_supply_btc_daily,19691096.04497096,BTC,daily,OBM v0.1.0
2024-04-28,obm_supply_btc_daily,19691533.54497096,BTC,daily,OBM v0.1.0
2024-04-29,obm_supply_btc_daily,19691942.91997096,BTC,daily,OBM v0.1.0
2024-04-30,obm_supply_btc_daily,19692383.54497096,BTC,daily,OBM v0.1.0
2024-05-01,obm_supply_btc_daily,19692796.04497096,BTC,daily,OBM v0.1.0
2024-05-02,obm_supply_btc_daily,19693249.16997096,BTC,daily,OBM v0.1.0
2024-05-03,obm_supply_btc_daily,19693652.29497096,BTC,daily,OBM v0.1.0
2024-05-04,obm_supply_btc_daily,19694092.91997096,BTC,daily,OBM v0.1.0
2024-05-05,obm_supply_btc_daily,19694527.29497096,BTC,daily,OBM v0.1.0
2024-05-06,obm_supply_btc_daily,19694908.54497096,BTC,daily,OBM v0.1.0
2024-05-07,obm_supply_btc_daily,19695289.79497096,BTC,daily,OBM v0.1.0
2024-05-08,obm_supply_btc_daily,19695686.66997096,BTC,daily,OBM v0.1.0
2024-05-09,obm_supply_btc_daily,19696139.79497096,BTC,daily,OBM v0.1.0
2024-05-10,obm_supply_btc_daily,19696592.91997096,BTC,daily,OBM v0.1.0
2024-05-11,obm_supply_btc_daily,19697089.79497096,BTC,daily,OBM v0.1.0
2024-05-12,obm_supply_btc_daily,19697502.29497096,BTC,daily,OBM v0.1.0
2024-05-13,obm_supply_btc_daily,19697961.66997096,BTC,daily,OBM v0.1.0
2024-05-14,obm_supply_btc_daily,19698386.66997096,BTC,daily,OBM v0.1.0
2024-05-15,obm_supply_btc_daily,19698827.29497096,BTC,daily,OBM v0.1.0
2024-05-16,obm_supply_btc_daily,19699271.04497096,BTC,daily,OBM v0.1.0
2024-05-17,obm_supply_btc_daily,19699755.41997096,BTC,daily,OBM v0.1.0
2024-05-18,obm_supply_btc_daily,19700155.41997096,BTC,daily,OBM v0.1.0
2024-05-19,obm_supply_btc_daily,19700636.66997096,BTC,daily,OBM v0.1.0
2024-05-20,obm_supply_btc_daily,19701124.16997096,BTC,daily,OBM v0.1.0
2024-05-21,obm_supply_btc_daily,19701555.41997096,BTC,daily,OBM v0.1.0
2024-05-22,obm_supply_btc_daily,19702033.54497096,BTC,daily,OBM v0.1.0
2024-05-23,obm_supply_btc_daily,19702561.66997096,BTC,daily,OBM v0.1.0
2024-05-24,obm_supply_btc_daily,19703061.66997096,BTC,daily,OBM v0.1.0
2024-05-25,obm_supply_btc_daily,19703561.66997096,BTC,daily,OBM v0.1.0
2024-05-26,obm_supply_btc_daily,19704086.66997096,BTC,daily,OBM v0.1.0
2024-05-27,obm_supply_btc_daily,19704471.04497096,BTC,daily,OBM v0.1.0
2024-05-28,obm_supply_btc_daily,19704889.79497096,BTC,daily,OBM v0.1.0
2024-05-29,obm_supply_btc_daily,19705317.91997096,BTC,daily,OBM v0.1.0
2024-05-30,obm_supply_btc_daily,19705702.29497096,BTC,daily,OBM v0.1.0
2024-05-31,obm_supply_btc_daily,19706164.79497096,BTC,daily,OBM v0.1.0
2024-06-01,obm_supply_btc_daily,19706605.41997096,BTC,daily,OBM v0.1.0
2024-06-02,obm_supply_btc_daily,19707042.91997096,BTC,daily,OBM v0.1.0
2024-06-03,obm_supply_btc_daily,19707533.54497096,BTC,daily,OBM v0.1.0
2024-06-04,obm_supply_btc_daily,19707952.29497096,BTC,daily,OBM v0.1.0
2024-06-05,obm_supply_btc_daily,19708336.66997096,BTC,daily,OBM v0.1.0
2024-06-06,obm_supply_btc_daily,19708752.29497096,BTC,daily,OBM v0.1.0
2024-06-07,obm_supply_btc_daily,19709196.04497096,BTC,daily,OBM v0.1.0
2024-06-08,obm_supply_btc_daily,19709733.54497096,BTC,daily,OBM v0.1.0
2024-06-09,obm_supply_btc_daily,19710211.66997096,BTC,daily,OBM v0.1.0
2024-06-10,obm_supply_btc_daily,19710646.04497096,BTC,daily,OBM v0.1.0
2024-06-11,obm_supply_btc_daily,19711030.41997096,BTC,daily,OBM v0.1.0
2024-06-12,obm_supply_btc_daily,19711486.66997096,BTC,daily,OBM v0.1.0
2024-06-13,obm_supply_btc_daily,19711939.79497096,BTC,daily,OBM v0.1.0
2024-06-14,obm_supply_btc_daily,19712339.79497096,BTC,daily,OBM v0.1.0
2024-06-15,obm_supply_btc_daily,19712758.54497096,BTC,daily,OBM v0.1.0
2024-06-16,obm_supply_btc_daily,19713267.91997096,BTC,daily,OBM v0.1.0
2024-06-17,obm_supply_btc_daily,19713705.41997096,BTC,daily,OBM v0.1.0
2024-06-18,obm_supply_btc_daily,19714180.41997096,BTC,daily,OBM v0.1.0
2024-06-19,obm_supply_btc_daily,19714608.54497096,BTC,daily,OBM v0.1.0
2024-06-20,obm_supply_btc_daily,19715024.16997096,BTC,daily,OBM v0.1.0
2024-06-21,obm_supply_btc_daily,19715461.66997096,BTC,daily,OBM v0.1.0
2024-06-22,obm_supply_btc_daily,19715936.66997096,BTC,daily,OBM v0.1.0
2024-06-23,obm_supply_btc_daily,19716286.66997096,BTC,daily,OBM v0.1.0
2024-06-24,obm_supply_btc_daily,19716761.66997096,BTC,daily,OBM v0.1.0
2024-06-25,obm_supply_btc_daily,19717149.16997096,BTC,daily,OBM v0.1.0
2024-06-26,obm_supply_btc_daily,19717527.29497096,BTC,daily,OBM v0.1.0
2024-06-27,obm_supply_btc_daily,19717933.54497096,BTC,daily,OBM v0.1.0
2024-06-28,obm_supply_btc_daily,19718355.41997096,BTC,daily,OBM v0.1.0
2024-06-29,obm_supply_btc_daily,19718846.04497096,BTC,daily,OBM v0.1.0
2024-06-30,obm_supply_btc_daily,19719224.16997096,BTC,daily,OBM v0.1.0
2024-07-01,obm_supply_btc_daily,19719664.79497096,BTC,daily,OBM v0.1.0
2024-07-02,obm_supply_btc_daily,19720127.29497096,BTC,daily,OBM v0.1.0
2024-07-03,obm_supply_btc_daily,19720580.41997096,BTC,daily,OBM v0.1.0
2024-07-04,obm_supply_btc_daily,19721017.91997096,BTC,daily,OBM v0.1.0
2024-07-05,obm_supply_btc_daily,19721396.04497096,BTC,daily,OBM v0.1.0
2024-07-06,obm_supply_btc_daily,19721911.66997096,BTC,daily,OBM v0.1.0
2024-07-07,obm_supply_btc_daily,19722352.29497096,BTC,daily,OBM v0.1.0
2024-07-08,obm_supply_btc_daily,19722849.16997096,BTC,daily,OBM v0.1.0
2024-07-09,obm_supply_btc_daily,19723330.41997096,BTC,daily,OBM v0.1.0
2024-07-10,obm_supply_btc_daily,19723755.41997096,BTC,daily,OBM v0.1.0
2024-07-11,obm_supply_btc_daily,19724192.91997096,BTC,daily,OBM v0.1.0
2024-07-12,obm_supply_btc_daily,19724661.66997096,BTC,daily,OBM v0.1.0
2024-07-13,obm_supply_btc_daily,19725142.91997096,BTC,daily,OBM v0.1.0
2024-07-14,obm_supply_btc_daily,19725664.79497096,BTC,daily,OBM v0.1.0
2024-07-15,obm_supply_btc_daily,19726142.91997096,BTC,daily,OBM v0.1.0
2024-07-16,obm_supply_btc_daily,19726602.29497096,BTC,daily,OBM v0.1.0
2024-07-17,obm_supply_btc_daily,19727099.16997096,BTC,daily,OBM v0.1.0
2024-07-18,obm_supply_btc_daily,19727502.29497096,BTC,daily,OBM v0.1.0
2024-07-19,obm_supply_btc_daily,19727961.66997096,BTC,daily,OBM v0.1.0
2024-07-20,obm_supply_btc_daily,19728477.29497096,BTC,daily,OBM v0.1.0
2024-07-21,obm_supply_btc_daily,19729005.41997096,BTC,daily,OBM v0.1.0
2024-07-22,obm_supply_btc_daily,19729564.79497096,BTC,daily,OBM v0.1.0
2024-07-23,obm_supply_btc_daily,19730092.91997096,BTC,daily,OBM v0.1.0
2024-07-24,obm_supply_btc_daily,19730530.41997096,BTC,daily,OBM v0.1.0
2024-07-25,obm_supply_btc_daily,19731039.79497096,BTC,daily,OBM v0.1.0
2024-07-26,obm_supply_btc_daily,19731539.79497096,BTC,daily,OBM v0.1.0
2024-07-27,obm_supply_btc_daily,19732021.04497096,BTC,daily,OBM v0.1.0
2024-07-28,obm_supply_btc_daily,19732483.54497096,BTC,daily,OBM v0.1.0
2024-07-29,obm_supply_btc_daily,19733039.79497096,BTC,daily,OBM v0.1.0
2024-07-30,obm_supply_btc_daily,19733508.54497096,BTC,daily,OBM v0.1.0
2024-07-31,obm_supply_btc_daily,19733949.16997096,BTC,daily,OBM v0.1.0
2024-08-01,obm_supply_btc_daily,19734386.66997096,BTC,daily,OBM v0.1.0
2024-08-02,obm_supply_btc_daily,19734777.29497096,BTC,daily,OBM v0.1.0
2024-08-03,obm_supply_btc_daily,19735199.16997096,BTC,daily,OBM v0.1.0
2024-08-04,obm_supply_btc_daily,19735646.04497096,BTC,daily,OBM v0.1.0
2024-08-05,obm_supply_btc_daily,19736133.54497096,BTC,daily,OBM v0.1.0
2024-08-06,obm_supply_btc_daily,19736571.04497096,BTC,daily,OBM v0.1.0
2024-08-07,obm_supply_btc_daily,19736952.29497096,BTC,daily,OBM v0.1.0
2024-08-08,obm_supply_btc_daily,19737355.41997096,BTC,daily,OBM v0.1.0
2024-08-09,obm_supply_btc_daily,19737761.66997096,BTC,daily,OBM v0.1.0
2024-08-10,obm_supply_btc_daily,19738164.79497096,BTC,daily,OBM v0.1.0
2024-08-11,obm_supply_btc_daily,19738667.91997096,BTC,daily,OBM v0.1.0
2024-08-12,obm_supply_btc_daily,19739096.04497096,BTC,daily,OBM v0.1.0
2024-08-13,obm_supply_btc_daily,19739561.66997096,BTC,daily,OBM v0.1.0
2024-08-14,obm_supply_btc_daily,19739974.16997096,BTC,daily,OBM v0.1.0
2024-08-15,obm_supply_btc_daily,19740474.16997096,BTC,daily,OBM v0.1.0
2024-08-16,obm_supply_btc_daily,19740917.91997096,BTC,daily,OBM v0.1.0
2024-08-17,obm_supply_btc_daily,19741383.54497096,BTC,daily,OBM v0.1.0
2024-08-18,obm_supply_btc_daily,19741871.04497096,BTC,daily,OBM v0.1.0
2024-08-19,obm_supply_btc_daily,19742277.29497096,BTC,daily,OBM v0.1.0
2024-08-20,obm_supply_btc_daily,19742746.04497096,BTC,daily,OBM v0.1.0
2024-08-21,obm_supply_btc_daily,19743205.41997096,BTC,daily,OBM v0.1.0
2024-08-22,obm_supply_btc_daily,19743705.41997096,BTC,daily,OBM v0.1.0
2024-08-23,obm_supply_btc_daily,19744217.91997096,BTC,daily,OBM v0.1.0
2024-08-24,obm_supply_btc_daily,19744696.04497096,BTC,daily,OBM v0.1.0
2024-08-25,obm_supply_btc_daily,19745111.66997096,BTC,daily,OBM v0.1.0
2024-08-26,obm_supply_btc_daily,19745530.41997096,BTC,daily,OBM v0.1.0
2024-08-27,obm_supply_btc_daily,19745974.16997096,BTC,daily,OBM v0.1.0
2024-08-28,obm_supply_btc_daily,19746477.29497096,BTC,daily,OBM v0.1.0
2024-08-29,obm_supply_btc_daily,19746889.79497096,BTC,daily,OBM v0.1.0
2024-08-30,obm_supply_btc_daily,19747333.54497096,BTC,daily,OBM v0.1.0
2024-08-31,obm_supply_btc_daily,19747792.91997096,BTC,daily,OBM v0.1.0
2024-09-01,obm_supply_btc_daily,19748236.66997096,BTC,daily,OBM v0.1.0
2024-09-02,obm_supply_btc_daily,19748758.54497096,BTC,daily,OBM v0.1.0
2024-09-03,obm_supply_btc_daily,19749224.16997096,BTC,daily,OBM v0.1.0
2024-09-04,obm_supply_btc_daily,19749696.04497096,BTC,daily,OBM v0.1.0
2024-09-05,obm_supply_btc_daily,19750180.41997096,BTC,daily,OBM v0.1.0
2024-09-06,obm_supply_btc_daily,19750633.54497096,BTC,daily,OBM v0.1.0
2024-09-07,obm_supply_btc_daily,19751127.29497096,BTC,daily,OBM v0.1.0
2024-09-08,obm_supply_btc_daily,19751649.16997096,BTC,daily,OBM v0.1.0
2024-09-09,obm_supply_btc_daily,19752102.29497096,BTC,daily,OBM v0.1.0
2024-09-10,obm_supply_btc_daily,19752530.41997096,BTC,daily,OBM v0.1.0
2024-09-11,obm_supply_btc_daily,19752867.91997096,BTC,daily,OBM v0.1.0
2024-09-12,obm_supply_btc_daily,19753342.91997096,BTC,daily,OBM v0.1.0
2024-09-13,obm_supply_btc_daily,19753727.29497096,BTC,daily,OBM v0.1.0
2024-09-14,obm_supply_btc_daily,19754161.66997096,BTC,daily,OBM v0.1.0
2024-09-15,obm_supply_btc_daily,19754633.54497096,BTC,daily,OBM v0.1.0
2024-09-16,obm_supply_btc_daily,19755024.16997096,BTC,daily,OBM v0.1.0
2024-09-17,obm_supply_btc_daily,19755492.91997096,BTC,daily,OBM v0.1.0
2024-09-18,obm_supply_btc_daily,19755924.16997096,BTC,daily,OBM v0.1.0
2024-09-19,obm_supply_btc_daily,19756305.41997096,BTC,daily,OBM v0.1.0
2024-09-20,obm_supply_btc_daily,19756758.54497096,BTC,daily,OBM v0.1.0
2024-09-21,obm_supply_btc_daily,19757180.41997096,BTC,daily,OBM v0.1.0
2024-09-22,obm_supply_btc_daily,19757605.41997096,BTC,daily,OBM v0.1.0
2024-09-23,obm_supply_btc_daily,19758061.66997096,BTC,daily,OBM v0.1.0
2024-09-24,obm_supply_btc_daily,19758514.79497096,BTC,daily,OBM v0.1.0
2024-09-25,obm_supply_btc_daily,19758964.79497096,BTC,daily,OBM v0.1.0
2024-09-26,obm_supply_btc_daily,19759371.04497096,BTC,daily,OBM v0.1.0
2024-09-27,obm_supply_btc_daily,19759799.16997096,BTC,daily,OBM v0.1.0
2024-09-28,obm_supply_btc_daily,19760202.29497096,BTC,daily,OBM v0.1.0
2024-09-29,obm_supply_btc_daily,19760686.66997096,BTC,daily,OBM v0.1.0
2024-09-30,obm_supply_btc_daily,19761114.79497096,BTC,daily,OBM v0.1.0
2024-10-01,obm_supply_btc_daily,19761605.41997096,BTC,daily,OBM v0.1.0
2024-10-02,obm_supply_btc_daily,19762089.79497096,BTC,daily,OBM v0.1.0
2024-10-03,obm_supply_btc_daily,19762583.54497096,BTC,daily,OBM v0.1.0
2024-10-04,obm_supply_btc_daily,19763111.66997096,BTC,daily,OBM v0.1.0
2024-10-05,obm_supply_btc_daily,19763583.54497096,BTC,daily,OBM v0.1.0
2024-10-06,obm_supply_btc_daily,19764058.54497096,BTC,daily,OBM v0.1.0
2024-10-07,obm_supply_btc_daily,19764542.91997096,BTC,daily,OBM v0.1.0
2024-10-08,obm_supply_btc_daily,19765064.79497096,BTC,daily,OBM v0.1.0
2024-10-09,obm_supply_btc_daily,19765461.66997096,BTC,daily,OBM v0.1.0
2024-10-10,obm_supply_btc_daily,19765946.04497096,BTC,daily,OBM v0.1.0
2024-10-11,obm_supply_btc_daily,19766383.54497096,BTC,daily,OBM v0.1.0
2024-10-12,obm_supply_btc_daily,19766830.41997096,BTC,daily,OBM v0.1.0
2024-10-13,obm_supply_btc_daily,19767261.66997096,BTC,daily,OBM v0.1.0
2024-10-14,obm_supply_btc_daily,19767696.04497096,BTC,daily,OBM v0.1.0
2024-10-15,obm_supply_btc_daily,19768183.54497096,BTC,daily,OBM v0.1.0
2024-10-16,obm_supply_btc_daily,19768624.16997096,BTC,daily,OBM v0.1.0
2024-10-17,obm_supply_btc_daily,19769114.79497096,BTC,daily,OBM v0.1.0
2024-10-18,obm_supply_btc_daily,19769539.79497096,BTC,daily,OBM v0.1.0
2024-10-19,obm_supply_btc_daily,19770080.41997096,BTC,daily,OBM v0.1.0
2024-10-20,obm_supply_btc_daily,19770621.04497096,BTC,daily,OBM v0.1.0
2024-10-21,obm_supply_btc_daily,19771155.41997096,BTC,daily,OBM v0.1.0
2024-10-22,obm_supply_btc_daily,19771586.66997096,BTC,daily,OBM v0.1.0
2024-10-23,obm_supply_btc_daily,19772058.54497096,BTC,daily,OBM v0.1.0
2024-10-24,obm_supply_btc_daily,19772517.91997096,BTC,daily,OBM v0.1.0
2024-10-25,obm_supply_btc_daily,19772996.04497096,BTC,daily,OBM v0.1.0
2024-10-26,obm_supply_btc_daily,19773452.29497096,BTC,daily,OBM v0.1.0
2024-10-27,obm_supply_btc_daily,19773955.41997096,BTC,daily,OBM v0.1.0
2024-10-28,obm_supply_btc_daily,19774480.41997096,BTC,daily,OBM v0.1.0
2024-10-29,obm_supply_btc_daily,19774971.04497096,BTC,daily,OBM v0.1.0
2024-10-30,obm_supply_btc_daily,19775499.16997096,BTC,daily,OBM v0.1.0
2024-10-31,obm_supply_btc_daily,19775992.91997096,BTC,daily,OBM v0.1.0
2024-11-01,obm_supply_btc_daily,19776471.04497096,BTC,daily,OBM v0.1.0
2024-11-02,obm_supply_btc_daily,19776911.66997096,BTC,daily,OBM v0.1.0
2024-11-03,obm_supply_btc_daily,19777324.16997096,BTC,daily,OBM v0.1.0
2024-11-04,obm_supply_btc_daily,19777796.04497096,BTC,daily,OBM v0.1.0
2024-11-05,obm_supply_btc_daily,19778230.41997096,BTC,daily,OBM v0.1.0
2024-11-06,obm_supply_btc_daily,19778708.54497096,BTC,daily,OBM v0.1.0
2024-11-07,obm_supply_btc_daily,19779196.04497096,BTC,daily,OBM v0.1.0
2024-11-08,obm_supply_btc_daily,19779639.79497096,BTC,daily,OBM v0.1.0
2024-11-09,obm_supply_btc_daily,19780074.16997096,BTC,daily,OBM v0.1.0
2024-11-10,obm_supply_btc_daily,19780536.66997096,BTC,daily,OBM v0.1.0
2024-11-11,obm_supply_btc_daily,19780961.66997096,BTC,daily,OBM v0.1.0
2024-11-12,obm_supply_btc_daily,19781417.91997096,BTC,daily,OBM v0.1.0
2024-11-13,obm_supply_btc_daily,19781849.16997096,BTC,daily,OBM v0.1.0
2024-11-14,obm_supply_btc_daily,19782246.04497096,BTC,daily,OBM v0.1.0
2024-11-15,obm_supply_btc_daily,19782714.79497096,BTC,daily,OBM v0.1.0
2024-11-16,obm_supply_btc_daily,19783205.41997096,BTC,daily,OBM v0.1.0
2024-11-17,obm_supply_btc_daily,19783674.16997096,BTC,daily,OBM v0.1.0
2024-11-18,obm_supply_btc_daily,19784161.66997096,BTC,daily,OBM v0.1.0
2024-11-19,obm_supply_btc_daily,19784708.54497096,BTC,daily,OBM v0.1.0
2024-11-20,obm_supply_btc_daily,19785167.91997096,BTC,daily,OBM v0.1.0
2024-11-21,obm_supply_btc_daily,19785617.91997096,BTC,daily,OBM v0.1.0
2024-11-22,obm_supply_btc_daily,19786064.79497096,BTC,daily,OBM v0.1.0
2024-11-23,obm_supply_btc_daily,19786496.04497096,BTC,daily,OBM v0.1.0
2024-11-24,obm_supply_btc_daily,19786914.79497096,BTC,daily,OBM v0.1.0
2024-11-25,obm_supply_btc_daily,19787442.91997096,BTC,daily,OBM v0.1.0
2024-11-26,obm_supply_btc_daily,19787877.29497096,BTC,daily,OBM v0.1.0
2024-11-27,obm_supply_btc_daily,19788292.91997096,BTC,daily,OBM v0.1.0
2024-11-28,obm_supply_btc_daily,19788736.66997096,BTC,daily,OBM v0.1.0
2024-11-29,obm_supply_btc_daily,19789114.79497096,BTC,daily,OBM v0.1.0
2024-11-30,obm_supply_btc_daily,19789627.29497096,BTC,daily,OBM v0.1.0
2024-12-01,obm_supply_btc_daily,19790121.04497096,BTC,daily,OBM v0.1.0
2024-12-02,obm_supply_btc_daily,19790517.91997096,BTC,daily,OBM v0.1.0
2024-12-03,obm_supply_btc_daily,19791008.54497096,BTC,daily,OBM v0.1.0
2024-12-04,obm_supply_btc_daily,19791467.91997096,BTC,daily,OBM v0.1.0
2024-12-05,obm_supply_btc_daily,19791952.29497096,BTC,daily,OBM v0.1.0
2024-12-06,obm_supply_btc_daily,19792377.29497096,BTC,daily,OBM v0.1.0
2024-12-07,obm_supply_btc_daily,19792821.04497096,BTC,daily,OBM v0.1.0
2024-12-08,obm_supply_btc_daily,19793277.29497096,BTC,daily,OBM v0.1.0
2024-12-09,obm_supply_btc_daily,19793799.16997096,BTC,daily,OBM v0.1.0
2024-12-10,obm_supply_btc_daily,19794280.41997096,BTC,daily,OBM v0.1.0
2024-12-11,obm_supply_btc_daily,19794724.16997096,BTC,daily,OBM v0.1.0
2024-12-12,obm_supply_btc_daily,19795186.66997096,BTC,daily,OBM v0.1.0
2024-12-13,obm_supply_btc_daily,19795717.91997096,BTC,daily,OBM v0.1.0
2024-12-14,obm_supply_btc_daily,19796214.79497096,BTC,daily,OBM v0.1.0
2024-12-15,obm_supply_btc_daily,19796642.91997096,BTC,daily,OBM v0.1.0
2024-12-16,obm_supply_btc_daily,19797105.41997096,BTC,daily,OBM v0.1.0
2024-12-17,obm_supply_btc_daily,19797530.41997096,BTC,daily,OBM v0.1.0
2024-12-18,obm_supply_btc_daily,19797980.41997096,BTC,daily,OBM v0.1.0
2024-12-19,obm_supply_btc_daily,19798433.54497096,BTC,daily,OBM v0.1.0
2024-12-20,obm_supply_btc_daily,19798905.41997096,BTC,daily,OBM v0.1.0
2024-12-21,obm_supply_btc_daily,19799358.54497096,BTC,daily,OBM v0.1.0
2024-12-22,obm_supply_btc_daily,19799842.91997096,BTC,daily,OBM v0.1.0
2024-12-23,obm_supply_btc_daily,19800277.29497096,BTC,daily,OBM v0.1.0
2024-12-24,obm_supply_btc_daily,19800689.79497096,BTC,daily,OBM v0.1.0
2024-12-25,obm_supply_btc_daily,19801161.66997096,BTC,daily,OBM v0.1.0
2024-12-26,obm_supply_btc_daily,19801571.04497096,BTC,daily,OBM v0.1.0
2024-12-27,obm_supply_btc_daily,19802064.79497096,BTC,daily,OBM v0.1.0
2024-12-28,obm_supply_btc_daily,19802511.66997096,BTC,daily,OBM v0.1.0
2024-12-29,obm_supply_btc_daily,19803005.41997096,BTC,daily,OBM v0.1.0
2024-12-30,obm_supply_btc_daily,19803502.29497096,BTC,daily,OBM v0.1.0
2024-12-31,obm_supply_btc_daily,19803905.41997096,BTC,daily,OBM v0.1.0
2025-01-01,obm_supply_btc_daily,19804342.91997096,BTC,daily,OBM v0.1.0
2025-01-02,obm_supply_btc_daily,19804864.79497096,BTC,daily,OBM v0.1.0
2025-01-03,obm_supply_btc_daily,19805308.54497096,BTC,daily,OBM v0.1.0
2025-01-04,obm_supply_btc_daily,19805774.16997096,BTC,daily,OBM v0.1.0
2025-01-05,obm_supply_btc_daily,19806261.66997096,BTC,daily,OBM v0.1.0
2025-01-06,obm_supply_btc_daily,19806677.29497096,BTC,daily,OBM v0.1.0
2025-01-07,obm_supply_btc_daily,19807096.04497096,BTC,daily,OBM v0.1.0
2025-01-08,obm_supply_btc_daily,19807486.66997096,BTC,daily,OBM v0.1.0
2025-01-09,obm_supply_btc_daily,19807961.66997096,BTC,daily,OBM v0.1.0
2025-01-10,obm_supply_btc_daily,19808405.41997096,BTC,daily,OBM v0.1.0
2025-01-11,obm_supply_btc_daily,19808836.66997096,BTC,daily,OBM v0.1.0
2025-01-12,obm_supply_btc_daily,19809374.16997096,BTC,daily,OBM v0.1.0
2025-01-13,obm_supply_btc_daily,19809774.16997096,BTC,daily,OBM v0.1.0
2025-01-14,obm_supply_btc_daily,19810255.41997096,BTC,daily,OBM v0.1.0
2025-01-15,obm_supply_btc_daily,19810689.79497096,BTC,daily,OBM v0.1.0
2025-01-16,obm_supply_btc_daily,19811089.79497096,BTC,daily,OBM v0.1.0
2025-01-17,obm_supply_btc_daily,19811558.54497096,BTC,daily,OBM v0.1.0
2025-01-18,obm_supply_btc_daily,19811964.79497096,BTC,daily,OBM v0.1.0
2025-01-19,obm_supply_btc_daily,19812433.54497096,BTC,daily,OBM v0.1.0
2025-01-20,obm_supply_btc_daily,19812908.54497096,BTC,daily,OBM v0.1.0
2025-01-21,obm_supply_btc_daily,19813324.16997096,BTC,daily,OBM v0.1.0
2025-01-22,obm_supply_btc_daily,19813792.91997096,BTC,daily,OBM v0.1.0
2025-01-23,obm_supply_btc_daily,19814217.91997096,BTC,daily,OBM v0.1.0
2025-01-24,obm_supply_btc_daily,19814655.41997096,BTC,daily,OBM v0.1.0
2025-01-25,obm_supply_btc_daily,19815055.41997096,BTC,daily,OBM v0.1.0
2025-01-26,obm_supply_btc_daily,19815483.54497096,BTC,daily,OBM v0.1.0
2025-01-27,obm_supply_btc_daily,19815971.04497096,BTC,daily,OBM v0.1.0
2025-01-28,obm_supply_btc_daily,19816433.54497096,BTC,daily,OBM v0.1.0
2025-01-29,obm_supply_btc_daily,19816917.91997096,BTC,daily,OBM v0.1.0
2025-01-30,obm_supply_btc_daily,19817371.04497096,BTC,daily,OBM v0.1.0
2025-01-31,obm_supply_btc_daily,19817761.66997096,BTC,daily,OBM v0.1.0
2025-02-01,obm_supply_btc_daily,19818336.66997096,BTC,daily,OBM v0.1.0
2025-02-02,obm_supply_btc_daily,19818871.04497096,BTC,daily,OBM v0.1.0
2025-02-03,obm_supply_btc_daily,19819349.16997096,BTC,daily,OBM v0.1.0
2025-02-04,obm_supply_btc_daily,19819758.54497096,BTC,daily,OBM v0.1.0
2025-02-05,obm_supply_btc_daily,19820208.54497096,BTC,daily,OBM v0.1.0
2025-02-06,obm_supply_btc_daily,19820661.66997096,BTC,daily,OBM v0.1.0
2025-02-07,obm_supply_btc_daily,19821202.29497096,BTC,daily,OBM v0.1.0
2025-02-08,obm_supply_btc_daily,19821702.29497096,BTC,daily,OBM v0.1.0
2025-02-09,obm_supply_btc_daily,19822149.16997096,BTC,daily,OBM v0.1.0
2025-02-10,obm_supply_btc_daily,19822583.54497096,BTC,daily,OBM v0.1.0
2025-02-11,obm_supply_btc_daily,19822971.04497096,BTC,daily,OBM v0.1.0
2025-02-12,obm_supply_btc_daily,19823386.66997096,BTC,daily,OBM v0.1.0
2025-02-13,obm_supply_btc_daily,19823880.41997096,BTC,daily,OBM v0.1.0
2025-02-14,obm_supply_btc_daily,19824355.41997096,BTC,daily,OBM v0.1.0
2025-02-15,obm_supply_btc_daily,19824855.41997096,BTC,daily,OBM v0.1.0
2025-02-16,obm_supply_btc_daily,19825327.29497096,BTC,daily,OBM v0.1.0
2025-02-17,obm_supply_btc_daily,19825755.41997096,BTC,daily,OBM v0.1.0
2025-02-18,obm_supply_btc_daily,19826192.91997096,BTC,daily,OBM v0.1.0
2025-02-19,obm_supply_btc_daily,19826586.66997096,BTC,daily,OBM v0.1.0
2025-02-20,obm_supply_btc_daily,19826992.91997096,BTC,daily,OBM v0.1.0
2025-02-21,obm_supply_btc_daily,19827396.04497096,BTC,daily,OBM v0.1.0
2025-02-22,obm_supply_btc_daily,19827830.41997096,BTC,daily,OBM v0.1.0
2025-02-23,obm_supply_btc_daily,19828233.54497096,BTC,daily,OBM v0.1.0
2025-02-24,obm_supply_btc_daily,19828639.79497096,BTC,daily,OBM v0.1.0
2025-02-25,obm_supply_btc_daily,19829099.16997096,BTC,daily,OBM v0.1.0
2025-02-26,obm_supply_btc_daily,19829589.79497096,BTC,daily,OBM v0.1.0
2025-02-27,obm_supply_btc_daily,19830058.54497096,BTC,daily,OBM v0.1.0
2025-02-28,obm_supply_btc_daily,19830546.04497096,BTC,daily,OBM v0.1.0
2025-03-01,obm_supply_btc_daily,19830996.04497096,BTC,daily,OBM v0.1.0
2025-03-02,obm_supply_btc_daily,19831389.79497096,BTC,daily,OBM v0.1.0
2025-03-03,obm_supply_btc_daily,19831858.54497096,BTC,daily,OBM v0.1.0
2025-03-04,obm_supply_btc_daily,19832314.79497096,BTC,daily,OBM v0.1.0
2025-03-05,obm_supply_btc_daily,19832733.54497096,BTC,daily,OBM v0.1.0
2025-03-06,obm_supply_btc_daily,19833264.79497096,BTC,daily,OBM v0.1.0
2025-03-07,obm_supply_btc_daily,19833708.54497096,BTC,daily,OBM v0.1.0
2025-03-08,obm_supply_btc_daily,19834136.66997096,BTC,daily,OBM v0.1.0
2025-03-09,obm_supply_btc_daily,19834633.54497096,BTC,daily,OBM v0.1.0
2025-03-10,obm_supply_btc_daily,19835114.79497096,BTC,daily,OBM v0.1.0
2025-03-11,obm_supply_btc_daily,19835546.04497096,BTC,daily,OBM v0.1.0
2025-03-12,obm_supply_btc_daily,19836024.16997096,BTC,daily,OBM v0.1.0
2025-03-13,obm_supply_btc_daily,19836521.04497096,BTC,daily,OBM v0.1.0
2025-03-14,obm_supply_btc_daily,19836964.79497096,BTC,daily,OBM v0.1.0
2025-03-15,obm_supply_btc_daily,19837377.29497096,BTC,daily,OBM v0.1.0
2025-03-16,obm_supply_btc_daily,19837830.41997096,BTC,daily,OBM v0.1.0
2025-03-17,obm_supply_btc_daily,19838267.91997096,BTC,daily,OBM v0.1.0
2025-03-18,obm_supply_btc_daily,19838711.66997096,BTC,daily,OBM v0.1.0
2025-03-19,obm_supply_btc_daily,19839186.66997096,BTC,daily,OBM v0.1.0
2025-03-20,obm_supply_btc_daily,19839630.41997096,BTC,daily,OBM v0.1.0
2025-03-21,obm_supply_btc_daily,19840083.54497096,BTC,daily,OBM v0.1.0
2025-03-22,obm_supply_btc_daily,19840552.29497096,BTC,daily,OBM v0.1.0
2025-03-23,obm_supply_btc_daily,19841039.79497096,BTC,daily,OBM v0.1.0
2025-03-24,obm_supply_btc_daily,19841521.04497096,BTC,daily,OBM v0.1.0
2025-03-25,obm_supply_btc_daily,19841986.66997096,BTC,daily,OBM v0.1.0
2025-03-26,obm_supply_btc_daily,19842461.66997096,BTC,daily,OBM v0.1.0
2025-03-27,obm_supply_btc_daily,19842924.16997096,BTC,daily,OBM v0.1.0
2025-03-28,obm_supply_btc_daily,19843405.41997096,BTC,daily,OBM v0.1.0
2025-03-29,obm_supply_btc_daily,19843846.04497096,BTC,daily,OBM v0.1.0
2025-03-30,obm_supply_btc_daily,19844274.16997096,BTC,daily,OBM v0.1.0
2025-03-31,obm_supply_btc_daily,19844736.66997096,BTC,daily,OBM v0.1.0
2025-04-01,obm_supply_btc_daily,19845158.54497096,BTC,daily,OBM v0.1.0
2025-04-02,obm_supply_btc_daily,19845696.04497096,BTC,daily,OBM v0.1.0
2025-04-03,obm_supply_btc_daily,19846171.04497096,BTC,daily,OBM v0.1.0
2025-04-04,obm_supply_btc_daily,19846733.54497096,BTC,daily,OBM v0.1.0
2025-04-05,obm_supply_btc_daily,19847246.04497096,BTC,daily,OBM v0.1.0
2025-04-06,obm_supply_btc_daily,19847699.16997096,BTC,daily,OBM v0.1.0
2025-04-07,obm_supply_btc_daily,19848152.29497096,BTC,daily,OBM v0.1.0
2025-04-08,obm_supply_btc_daily,19848630.41997096,BTC,daily,OBM v0.1.0
2025-04-09,obm_supply_btc_daily,19849039.79497096,BTC,daily,OBM v0.1.0
2025-04-10,obm_supply_btc_daily,19849489.79497096,BTC,daily,OBM v0.1.0
2025-04-11,obm_supply_btc_daily,19849952.29497096,BTC,daily,OBM v0.1.0
2025-04-12,obm_supply_btc_daily,19850402.29497096,BTC,daily,OBM v0.1.0
2025-04-13,obm_supply_btc_daily,19850939.79497096,BTC,daily,OBM v0.1.0
2025-04-14,obm_supply_btc_daily,19851405.41997096,BTC,daily,OBM v0.1.0
2025-04-15,obm_supply_btc_daily,19851855.41997096,BTC,daily,OBM v0.1.0
2025-04-16,obm_supply_btc_daily,19852317.91997096,BTC,daily,OBM v0.1.0
2025-04-17,obm_supply_btc_daily,19852796.04497096,BTC,daily,OBM v0.1.0
2025-04-18,obm_supply_btc_daily,19853221.04497096,BTC,daily,OBM v0.1.0
2025-04-19,obm_supply_btc_daily,19853655.41997096,BTC,daily,OBM v0.1.0
2025-04-20,obm_supply_btc_daily,19854039.79497096,BTC,daily,OBM v0.1.0
2025-04-21,obm_supply_btc_daily,19854433.54497096,BTC,daily,OBM v0.1.0
2025-04-22,obm_supply_btc_daily,19854917.91997096,BTC,daily,OBM v0.1.0
2025-04-23,obm_supply_btc_daily,19855274.16997096,BTC,daily,OBM v0.1.0
2025-04-24,obm_supply_btc_daily,19855714.79497096,BTC,daily,OBM v0.1.0
2025-04-25,obm_supply_btc_daily,19856164.79497096,BTC,daily,OBM v0.1.0
2025-04-26,obm_supply_btc_daily,19856580.41997096,BTC,daily,OBM v0.1.0
2025-04-27,obm_supply_btc_daily,19857002.29497096,BTC,daily,OBM v0.1.0
2025-04-28,obm_supply_btc_daily,19857442.91997096,BTC,daily,OBM v0.1.0
2025-04-29,obm_supply_btc_daily,19857899.16997096,BTC,daily,OBM v0.1.0
2025-04-30,obm_supply_btc_daily,19858311.66997096,BTC,daily,OBM v0.1.0
2025-05-01,obm_supply_btc_daily,19858733.54497096,BTC,daily,OBM v0.1.0
2025-05-02,obm_supply_btc_daily,19859230.41997096,BTC,daily,OBM v0.1.0
2025-05-03,obm_supply_btc_daily,19859742.91997096,BTC,daily,OBM v0.1.0
2025-05-04,obm_supply_btc_daily,19860177.29497096,BTC,daily,OBM v0.1.0
2025-05-05,obm_supply_btc_daily,19860724.16997096,BTC,daily,OBM v0.1.0
2025-05-06,obm_supply_btc_daily,19861155.41997096,BTC,daily,OBM v0.1.0
2025-05-07,obm_supply_btc_daily,19861627.29497096,BTC,daily,OBM v0.1.0
2025-05-08,obm_supply_btc_daily,19862124.16997096,BTC,daily,OBM v0.1.0
2025-05-09,obm_supply_btc_daily,19862561.66997096,BTC,daily,OBM v0.1.0
2025-05-10,obm_supply_btc_daily,19863030.41997096,BTC,daily,OBM v0.1.0
2025-05-11,obm_supply_btc_daily,19863496.04497096,BTC,daily,OBM v0.1.0
2025-05-12,obm_supply_btc_daily,19863949.16997096,BTC,daily,OBM v0.1.0
2025-05-13,obm_supply_btc_daily,19864355.41997096,BTC,daily,OBM v0.1.0
2025-05-14,obm_supply_btc_daily,19864805.41997096,BTC,daily,OBM v0.1.0
2025-05-15,obm_supply_btc_daily,19865261.66997096,BTC,daily,OBM v0.1.0
2025-05-16,obm_supply_btc_daily,19865686.66997096,BTC,daily,OBM v0.1.0
2025-05-17,obm_supply_btc_daily,19866133.54497096,BTC,daily,OBM v0.1.0
2025-05-18,obm_supply_btc_daily,19866639.79497096,BTC,daily,OBM v0.1.0
2025-05-19,obm_supply_btc_daily,19867080.41997096,BTC,daily,OBM v0.1.0
2025-05-20,obm_supply_btc_daily,19867542.91997096,BTC,daily,OBM v0.1.0
2025-05-21,obm_supply_btc_daily,19867992.91997096,BTC,daily,OBM v0.1.0
2025-05-22,obm_supply_btc_daily,19868461.66997096,BTC,daily,OBM v0.1.0
2025-05-23,obm_supply_btc_daily,19868946.04497096,BTC,daily,OBM v0.1.0
2025-05-24,obm_supply_btc_daily,19869386.66997096,BTC,daily,OBM v0.1.0
2025-05-25,obm_supply_btc_daily,19869858.54497096,BTC,daily,OBM v0.1.0
2025-05-26,obm_supply_btc_daily,19870336.66997096,BTC,daily,OBM v0.1.0
2025-05-27,obm_supply_btc_daily,19870777.29497096,BTC,daily,OBM v0.1.0
2025-05-28,obm_supply_btc_daily,19871289.79497096,BTC,daily,OBM v0.1.0
2025-05-29,obm_supply_btc_daily,19871786.66997096,BTC,daily,OBM v0.1.0
2025-05-30,obm_supply_btc_daily,19872271.04497096,BTC,daily,OBM v0.1.0
2025-05-31,obm_supply_btc_daily,19872774.16997096,BTC,daily,OBM v0.1.0
2025-06-01,obm_supply_btc_daily,19873189.79497096,BTC,daily,OBM v0.1.0
2025-06-02,obm_supply_btc_daily,19873605.41997096,BTC,daily,OBM v0.1.0
2025-06-03,obm_supply_btc_daily,19874055.41997096,BTC,daily,OBM v0.1.0
2025-06-04,obm_supply_btc_daily,19874449.16997096,BTC,daily,OBM v0.1.0
2025-06-05,obm_supply_btc_daily,19874867.91997096,BTC,daily,OBM v0.1.0
2025-06-06,obm_supply_btc_daily,19875286.66997096,BTC,daily,OBM v0.1.0
2025-06-07,obm_supply_btc_daily,19875733.54497096,BTC,daily,OBM v0.1.0
2025-06-08,obm_supply_btc_daily,19876211.66997096,BTC,daily,OBM v0.1.0
2025-06-09,obm_supply_btc_daily,19876649.16997096,BTC,daily,OBM v0.1.0
2025-06-10,obm_supply_btc_daily,19877177.29497096,BTC,daily,OBM v0.1.0
2025-06-11,obm_supply_btc_daily,19877617.91997096,BTC,daily,OBM v0.1.0
2025-06-12,obm_supply_btc_daily,19878080.41997096,BTC,daily,OBM v0.1.0
2025-06-13,obm_supply_btc_daily,19878533.54497096,BTC,daily,OBM v0.1.0
2025-06-14,obm_supply_btc_daily,19879005.41997096,BTC,daily,OBM v0.1.0
2025-06-15,obm_supply_btc_daily,19879430.41997096,BTC,daily,OBM v0.1.0
2025-06-16,obm_supply_btc_daily,19879886.66997096,BTC,daily,OBM v0.1.0
2025-06-17,obm_supply_btc_daily,19880255.41997096,BTC,daily,OBM v0.1.0
2025-06-18,obm_supply_btc_daily,19880692.91997096,BTC,daily,OBM v0.1.0
2025-06-19,obm_supply_btc_daily,19881089.79497096,BTC,daily,OBM v0.1.0
2025-06-20,obm_supply_btc_daily,19881561.66997096,BTC,daily,OBM v0.1.0
2025-06-21,obm_supply_btc_daily,19882002.29497096,BTC,daily,OBM v0.1.0
2025-06-22,obm_supply_btc_daily,19882336.66997096,BTC,daily,OBM v0.1.0
2025-06-23,obm_supply_btc_daily,19882671.04497096,BTC,daily,OBM v0.1.0
2025-06-24,obm_supply_btc_daily,19883036.66997096,BTC,daily,OBM v0.1.0
2025-06-25,obm_supply_btc_daily,19883483.54497096,BTC,daily,OBM v0.1.0
2025-06-26,obm_supply_btc_daily,19883974.16997096,BTC,daily,OBM v0.1.0
2025-06-27,obm_supply_btc_daily,19884333.54497096,BTC,daily,OBM v0.1.0
2025-06-28,obm_supply_btc_daily,19884786.66997096,BTC,daily,OBM v0.1.0
2025-06-29,obm_supply_btc_daily,19885314.79497096,BTC,daily,OBM v0.1.0
2025-06-30,obm_supply_btc_daily,19885767.91997096,BTC,daily,OBM v0.1.0
2025-07-01,obm_supply_btc_daily,19886186.66997096,BTC,daily,OBM v0.1.0
2025-07-02,obm_supply_btc_daily,19886664.79497096,BTC,daily,OBM v0.1.0
2025-07-03,obm_supply_btc_daily,19887136.66997096,BTC,daily,OBM v0.1.0
2025-07-04,obm_supply_btc_daily,19887633.54497096,BTC,daily,OBM v0.1.0
2025-07-05,obm_supply_btc_daily,19888124.16997096,BTC,daily,OBM v0.1.0
2025-07-06,obm_supply_btc_daily,19888624.16997096,BTC,daily,OBM v0.1.0
2025-07-07,obm_supply_btc_daily,19889096.04497096,BTC,daily,OBM v0.1.0
2025-07-08,obm_supply_btc_daily,19889539.79497096,BTC,daily,OBM v0.1.0
2025-07-09,obm_supply_btc_daily,19890052.29497096,BTC,daily,OBM v0.1.0
2025-07-10,obm_supply_btc_daily,19890586.66997096,BTC,daily,OBM v0.1.0
2025-07-11,obm_supply_btc_daily,19891055.41997096,BTC,daily,OBM v0.1.0
2025-07-12,obm_supply_btc_daily,19891521.04497096,BTC,daily,OBM v0.1.0
2025-07-13,obm_supply_btc_daily,19891949.16997096,BTC,daily,OBM v0.1.0
2025-07-14,obm_supply_btc_daily,19892402.29497096,BTC,daily,OBM v0.1.0
2025-07-15,obm_supply_btc_daily,19892914.79497096,BTC,daily,OBM v0.1.0
2025-07-16,obm_supply_btc_daily,19893324.16997096,BTC,daily,OBM v0.1.0
2025-07-17,obm_supply_btc_daily,19893749.16997096,BTC,daily,OBM v0.1.0
2025-07-18,obm_supply_btc_daily,19894199.16997096,BTC,daily,OBM v0.1.0
2025-07-19,obm_supply_btc_daily,19894642.91997096,BTC,daily,OBM v0.1.0
2025-07-20,obm_supply_btc_daily,19895108.54497096,BTC,daily,OBM v0.1.0
2025-07-21,obm_supply_btc_daily,19895577.29497096,BTC,daily,OBM v0.1.0
2025-07-22,obm_supply_btc_daily,19896046.04497096,BTC,daily,OBM v0.1.0
2025-07-23,obm_supply_btc_daily,19896483.54497096,BTC,daily,OBM v0.1.0
2025-07-24,obm_supply_btc_daily,19896942.91997096,BTC,daily,OBM v0.1.0
2025-07-25,obm_supply_btc_daily,19897442.91997096,BTC,daily,OBM v0.1.0
2025-07-26,obm_supply_btc_daily,19897921.04497096,BTC,daily,OBM v0.1.0
2025-07-27,obm_supply_btc_daily,19898349.16997096,BTC,daily,OBM v0.1.0
2025-07-28,obm_supply_btc_daily,19898802.29497096,BTC,daily,OBM v0.1.0
2025-07-29,obm_supply_btc_daily,19899152.29497096,BTC,daily,OBM v0.1.0
2025-07-30,obm_supply_btc_daily,19899580.41997096,BTC,daily,OBM v0.1.0
2025-07-31,obm_supply_btc_daily,19900061.66997096,BTC,daily,OBM v0.1.0
2025-08-01,obm_supply_btc_daily,19900533.54497096,BTC,daily,OBM v0.1.0
2025-08-02,obm_supply_btc_daily,19900986.66997096,BTC,daily,OBM v0.1.0
2025-08-03,obm_supply_btc_daily,19901471.04497096,BTC,daily,OBM v0.1.0
2025-08-04,obm_supply_btc_daily,19902005.41997096,BTC,daily,OBM v0.1.0
2025-08-05,obm_supply_btc_daily,19902436.66997096,BTC,daily,OBM v0.1.0
2025-08-06,obm_supply_btc_daily,19902886.66997096,BTC,daily,OBM v0.1.0
2025-08-07,obm_supply_btc_daily,19903389.79497096,BTC,daily,OBM v0.1.0
2025-08-08,obm_supply_btc_daily,19903817.91997096,BTC,daily,OBM v0.1.0
2025-08-09,obm_supply_btc_daily,19904180.41997096,BTC,daily,OBM v0.1.0
2025-08-10,obm_supply_btc_daily,19904602.29497096,BTC,daily,OBM v0.1.0
2025-08-11,obm_supply_btc_daily,19905061.66997096,BTC,daily,OBM v0.1.0
2025-08-12,obm_supply_btc_daily,19905489.79497096,BTC,daily,OBM v0.1.0
2025-08-13,obm_supply_btc_daily,19905977.29497096,BTC,daily,OBM v0.1.0
2025-08-14,obm_supply_btc_daily,19906483.54497096,BTC,daily,OBM v0.1.0
2025-08-15,obm_supply_btc_daily,19906902.29497096,BTC,daily,OBM v0.1.0
2025-08-16,obm_supply_btc_daily,19907377.29497096,BTC,daily,OBM v0.1.0
2025-08-17,obm_supply_btc_daily,19907852.29497096,BTC,daily,OBM v0.1.0
2025-08-18,obm_supply_btc_daily,19908333.54497096,BTC,daily,OBM v0.1.0
2025-08-19,obm_supply_btc_daily,19908752.29497096,BTC,daily,OBM v0.1.0
2025-08-20,obm_supply_btc_daily,19909192.91997096,BTC,daily,OBM v0.1.0
2025-08-21,obm_supply_btc_daily,19909658.54497096,BTC,daily,OBM v0.1.0
2025-08-22,obm_supply_btc_daily,19910114.79497096,BTC,daily,OBM v0.1.0
2025-08-23,obm_supply_btc_daily,19910589.79497096,BTC,daily,OBM v0.1.0
2025-08-24,obm_supply_btc_daily,19911102.29497096,BTC,daily,OBM v0.1.0
2025-08-25,obm_supply_btc_daily,19911542.91997096,BTC,daily,OBM v0.1.0
2025-08-26,obm_supply_btc_daily,19912011.66997096,BTC,daily,OBM v0.1.0
2025-08-27,obm_supply_btc_daily,19912480.41997096,BTC,daily,OBM v0.1.0
2025-08-28,obm_supply_btc_daily,19912977.29497096,BTC,daily,OBM v0.1.0
2025-08-29,obm_supply_btc_daily,19913492.91997096,BTC,daily,OBM v0.1.0
2025-08-30,obm_supply_btc_daily,19913986.66997096,BTC,daily,OBM v0.1.0
2025-08-31,obm_supply_btc_daily,19914399.16997096,BTC,daily,OBM v0.1.0
2025-09-01,obm_supply_btc_daily,19914902.29497096,BTC,daily,OBM v0.1.0
2025-09-02,obm_supply_btc_daily,19915411.66997096,BTC,daily,OBM v0.1.0
2025-09-03,obm_supply_btc_daily,19915839.79497096,BTC,daily,OBM v0.1.0
2025-09-04,obm_supply_btc_daily,19916277.29497096,BTC,daily,OBM v0.1.0
2025-09-05,obm_supply_btc_daily,19916724.16997096,BTC,daily,OBM v0.1.0
2025-09-06,obm_supply_btc_daily,19917161.66997096,BTC,daily,OBM v0.1.0
2025-09-07,obm_supply_btc_daily,19917642.91997096,BTC,daily,OBM v0.1.0
2025-09-08,obm_supply_btc_daily,19918142.91997096,BTC,daily,OBM v0.1.0
2025-09-09,obm_supply_btc_daily,19918664.79497096,BTC,daily,OBM v0.1.0
2025-09-10,obm_supply_btc_daily,19919196.04497096,BTC,daily,OBM v0.1.0
2025-09-11,obm_supply_btc_daily,19919664.79497096,BTC,daily,OBM v0.1.0
2025-09-12,obm_supply_btc_daily,19920039.79497096,BTC,daily,OBM v0.1.0
2025-09-13,obm_supply_btc_daily,19920480.41997096,BTC,daily,OBM v0.1.0
2025-09-14,obm_supply_btc_daily,19920958.54497096,BTC,daily,OBM v0.1.0
2025-09-15,obm_supply_btc_daily,19921467.91997096,BTC,daily,OBM v0.1.0
2025-09-16,obm_supply_btc_daily,19921967.91997096,BTC,daily,OBM v0.1.0
2025-09-17,obm_supply_btc_daily,19922367.91997096,BTC,daily,OBM v0.1.0
2025-09-18,obm_supply_btc_daily,19922861.66997096,BTC,daily,OBM v0.1.0
2025-09-19,obm_supply_btc_daily,19923386.66997096,BTC,daily,OBM v0.1.0
2025-09-20,obm_supply_btc_daily,19923864.79497096,BTC,daily,OBM v0.1.0
2025-09-21,obm_supply_btc_daily,19924371.04497096,BTC,daily,OBM v0.1.0
2025-09-22,obm_supply_btc_daily,19924839.79497096,BTC,daily,OBM v0.1.0
2025-09-23,obm_supply_btc_daily,19925289.79497096,BTC,daily,OBM v0.1.0
2025-09-24,obm_supply_btc_daily,19925767.91997096,BTC,daily,OBM v0.1.0
2025-09-25,obm_supply_btc_daily,19926208.54497096,BTC,daily,OBM v0.1.0
2025-09-26,obm_supply_btc_daily,19926621.04497096,BTC,daily,OBM v0.1.0
2025-09-27,obm_supply_btc_daily,19927105.41997096,BTC,daily,OBM v0.1.0
2025-09-28,obm_supply_btc_daily,19927621.04497096,BTC,daily,OBM v0.1.0
2025-09-29,obm_supply_btc_daily,19928058.54497096,BTC,daily,OBM v0.1.0
2025-09-30,obm_supply_btc_daily,19928561.66997096,BTC,daily,OBM v0.1.0
2025-10-01,obm_supply_btc_daily,19929033.54497096,BTC,daily,OBM v0.1.0
2025-10-02,obm_supply_btc_daily,19929458.54497096,BTC,daily,OBM v0.1.0
2025-10-03,obm_supply_btc_daily,19929827.29497096,BTC,daily,OBM v0.1.0
2025-10-04,obm_supply_btc_daily,19930246.04497096,BTC,daily,OBM v0.1.0
2025-10-05,obm_supply_btc_daily,19930711.66997096,BTC,daily,OBM v0.1.0
2025-10-06,obm_supply_btc_daily,19931096.04497096,BTC,daily,OBM v0.1.0
2025-10-07,obm_supply_btc_daily,19931527.29497096,BTC,daily,OBM v0.1.0
2025-10-08,obm_supply_btc_daily,19931989.79497096,BTC,daily,OBM v0.1.0
2025-10-09,obm_supply_btc_daily,19932364.79497096,BTC,daily,OBM v0.1.0
2025-10-10,obm_supply_btc_daily,19932777.29497096,BTC,daily,OBM v0.1.0
2025-10-11,obm_supply_btc_daily,19933236.66997096,BTC,daily,OBM v0.1.0
2025-10-12,obm_supply_btc_daily,19933689.79497096,BTC,daily,OBM v0.1.0
2025-10-13,obm_supply_btc_daily,19934164.79497096,BTC,daily,OBM v0.1.0
2025-10-14,obm_supply_btc_daily,19934692.91997096,BTC,daily,OBM v0.1.0
2025-10-15,obm_supply_btc_daily,19935142.91997096,BTC,daily,OBM v0.1.0
2025-10-16,obm_supply_btc_daily,19935621.04497096,BTC,daily,OBM v0.1.0
2025-10-17,obm_supply_btc_daily,19936117.91997096,BTC,daily,OBM v0.1.0
2025-10-18,obm_supply_btc_daily,19936633.54497096,BTC,daily,OBM v0.1.0
2025-10-19,obm_supply_btc_daily,19937067.91997096,BTC,daily,OBM v0.1.0
2025-10-20,obm_supply_btc_daily,19937533.54497096,BTC,daily,OBM v0.1.0
2025-10-21,obm_supply_btc_daily,19938002.29497096,BTC,daily,OBM v0.1.0
2025-10-22,obm_supply_btc_daily,19938480.41997096,BTC,daily,OBM v0.1.0
2025-10-23,obm_supply_btc_daily,19938924.16997096,BTC,daily,OBM v0.1.0
2025-10-24,obm_supply_btc_daily,19939483.54497096,BTC,daily,OBM v0.1.0
2025-10-25,obm_supply_btc_daily,19939983.54497096,BTC,daily,OBM v0.1.0
2025-10-26,obm_supply_btc_daily,19940442.91997096,BTC,daily,OBM v0.1.0
2025-10-27,obm_supply_btc_daily,19940902.29497096,BTC,daily,OBM v0.1.0
2025-10-28,obm_supply_btc_daily,19941408.54497096,BTC,daily,OBM v0.1.0
2025-10-29,obm_supply_btc_daily,19941792.91997096,BTC,daily,OBM v0.1.0
2025-10-30,obm_supply_btc_daily,19942292.91997096,BTC,daily,OBM v0.1.0
2025-10-31,obm_supply_btc_daily,19942730.41997096,BTC,daily,OBM v0.1.0
2025-11-01,obm_supply_btc_daily,19943161.66997096,BTC,daily,OBM v0.1.0
2025-11-02,obm_supply_btc_daily,19943646.04497096,BTC,daily,OBM v0.1.0
2025-11-03,obm_supply_btc_daily,19944089.79497096,BTC,daily,OBM v0.1.0
2025-11-04,obm_supply_btc_daily,19944499.16997096,BTC,daily,OBM v0.1.0
2025-11-05,obm_supply_btc_daily,19944930.41997096,BTC,daily,OBM v0.1.0
2025-11-06,obm_supply_btc_daily,19945367.91997096,BTC,daily,OBM v0.1.0
2025-11-07,obm_supply_btc_daily,19945811.66997096,BTC,daily,OBM v0.1.0
2025-11-08,obm_supply_btc_daily,19946186.66997096,BTC,daily,OBM v0.1.0
2025-11-09,obm_supply_btc_daily,19946627.29497096,BTC,daily,OBM v0.1.0
2025-11-10,obm_supply_btc_daily,19947064.79497096,BTC,daily,OBM v0.1.0
2025-11-11,obm_supply_btc_daily,19947542.91997096,BTC,daily,OBM v0.1.0
2025-11-12,obm_supply_btc_daily,19947983.54497096,BTC,daily,OBM v0.1.0
2025-11-13,obm_supply_btc_daily,19948452.29497096,BTC,daily,OBM v0.1.0
2025-11-14,obm_supply_btc_daily,19948902.29497096,BTC,daily,OBM v0.1.0
2025-11-15,obm_supply_btc_daily,19949349.16997096,BTC,daily,OBM v0.1.0
2025-11-16,obm_supply_btc_daily,19949846.04497096,BTC,daily,OBM v0.1.0
2025-11-17,obm_supply_btc_daily,19950233.54497096,BTC,daily,OBM v0.1.0
2025-11-18,obm_supply_btc_daily,19950649.16997096,BTC,daily,OBM v0.1.0
2025-11-19,obm_supply_btc_daily,19951077.29497096,BTC,daily,OBM v0.1.0
2025-11-20,obm_supply_btc_daily,19951486.66997096,BTC,daily,OBM v0.1.0
2025-11-21,obm_supply_btc_daily,19951958.54497096,BTC,daily,OBM v0.1.0
2025-11-22,obm_supply_btc_daily,19952405.41997096,BTC,daily,OBM v0.1.0
2025-11-23,obm_supply_btc_daily,19952849.16997096,BTC,daily,OBM v0.1.0
2025-11-24,obm_supply_btc_daily,19953296.04497096,BTC,daily,OBM v0.1.0
2025-11-25,obm_supply_btc_daily,19953655.41997096,BTC,daily,OBM v0.1.0
2025-11-26,obm_supply_btc_daily,19954167.91997096,BTC,daily,OBM v0.1.0
2025-11-27,obm_supply_btc_daily,19954614.79497096,BTC,daily,OBM v0.1.0
2025-11-28,obm_supply_btc_daily,19955083.54497096,BTC,daily,OBM v0.1.0
2025-11-29,obm_supply_btc_daily,19955511.66997096,BTC,daily,OBM v0.1.0
2025-11-30,obm_supply_btc_daily,19956033.54497096,BTC,daily,OBM v0.1.0
2025-12-01,obm_supply_btc_daily,19956449.16997096,BTC,daily,OBM v0.1.0
2025-12-02,obm_supply_btc_daily,19956846.04497096,BTC,daily,OBM v0.1.0
2025-12-03,obm_supply_btc_daily,19957258.54497096,BTC,daily,OBM v0.1.0
2025-12-04,obm_supply_btc_daily,19957671.04497096,BTC,daily,OBM v0.1.0
2025-12-05,obm_supply_btc_daily,19958042.91997096,BTC,daily,OBM v0.1.0
2025-12-06,obm_supply_btc_daily,19958552.29497096,BTC,daily,OBM v0.1.0
2025-12-07,obm_supply_btc_daily,19959052.29497096,BTC,daily,OBM v0.1.0
2025-12-08,obm_supply_btc_daily,19959514.79497096,BTC,daily,OBM v0.1.0
2025-12-09,obm_supply_btc_daily,19959917.91997096,BTC,daily,OBM v0.1.0
2025-12-10,obm_supply_btc_daily,19960402.29497096,BTC,daily,OBM v0.1.0
2025-12-11,obm_supply_btc_daily,19960902.29497096,BTC,daily,OBM v0.1.0
2025-12-12,obm_supply_btc_daily,19961355.41997096,BTC,daily,OBM v0.1.0
2025-12-13,obm_supply_btc_daily,19961802.29497096,BTC,daily,OBM v0.1.0
2025-12-14,obm_supply_btc_daily,19962202.29497096,BTC,daily,OBM v0.1.0
2025-12-15,obm_supply_btc_daily,19962621.04497096,BTC,daily,OBM v0.1.0
2025-12-16,obm_supply_btc_daily,19963080.41997096,BTC,daily,OBM v0.1.0
2025-12-17,obm_supply_btc_daily,19963511.66997096,BTC,daily,OBM v0.1.0
2025-12-18,obm_supply_btc_daily,19963961.66997096,BTC,daily,OBM v0.1.0
2025-12-19,obm_supply_btc_daily,19964414.79497096,BTC,daily,OBM v0.1.0
2025-12-20,obm_supply_btc_daily,19964874.16997096,BTC,daily,OBM v0.1.0
2025-12-21,obm_supply_btc_daily,19965305.41997096,BTC,daily,OBM v0.1.0
2025-12-22,obm_supply_btc_daily,19965739.79497096,BTC,daily,OBM v0.1.0
2025-12-23,obm_supply_btc_daily,19966192.91997096,BTC,daily,OBM v0.1.0
2025-12-24,obm_supply_btc_daily,19966689.79497096,BTC,daily,OBM v0.1.0
2025-12-25,obm_supply_btc_daily,19967121.04497096,BTC,daily,OBM v0.1.0
2025-12-26,obm_supply_btc_daily,19967608.54497096,BTC,daily,OBM v0.1.0
2025-12-27,obm_supply_btc_daily,19968033.54497096,BTC,daily,OBM v0.1.0
2025-12-28,obm_supply_btc_daily,19968517.91997096,BTC,daily,OBM v0.1.0
2025-12-29,obm_supply_btc_daily,19968999.16997096,BTC,daily,OBM v0.1.0
2025-12-30,obm_supply_btc_daily,19969371.04497096,BTC,daily,OBM v0.1.0
2025-12-31,obm_supply_btc_daily,19969786.66997096,BTC,daily,OBM v0.1.0
2026-01-01,obm_supply_btc_daily,19970258.54497096,BTC,daily,OBM v0.1.0
2026-01-02,obm_supply_btc_daily,19970708.54497096,BTC,daily,OBM v0.1.0
2026-01-03,obm_supply_btc_daily,19971192.91997096,BTC,daily,OBM v0.1.0
2026-01-04,obm_supply_btc_daily,19971646.04497096,BTC,daily,OBM v0.1.0
2026-01-05,obm_supply_btc_daily,19972058.54497096,BTC,daily,OBM v0.1.0
2026-01-06,obm_supply_btc_daily,19972464.79497096,BTC,daily,OBM v0.1.0
2026-01-07,obm_supply_btc_daily,19972924.16997096,BTC,daily,OBM v0.1.0
2026-01-08,obm_supply_btc_daily,19973336.66997096,BTC,daily,OBM v0.1.0
2026-01-09,obm_supply_btc_daily,19973780.41997096,BTC,daily,OBM v0.1.0
2026-01-10,obm_supply_btc_daily,19974286.66997096,BTC,daily,OBM v0.1.0
2026-01-11,obm_supply_btc_daily,19974667.91997096,BTC,daily,OBM v0.1.0
2026-01-12,obm_supply_btc_daily,19975111.66997096,BTC,daily,OBM v0.1.0
2026-01-13,obm_supply_btc_daily,19975533.54497096,BTC,daily,OBM v0.1.0
2026-01-14,obm_supply_btc_daily,19975921.04497096,BTC,daily,OBM v0.1.0
2026-01-15,obm_supply_btc_daily,19976355.41997096,BTC,daily,OBM v0.1.0
2026-01-16,obm_supply_btc_daily,19976761.66997096,BTC,daily,OBM v0.1.0
2026-01-17,obm_supply_btc_daily,19977227.29497096,BTC,daily,OBM v0.1.0
2026-01-18,obm_supply_btc_daily,19977664.79497096,BTC,daily,OBM v0.1.0
2026-01-19,obm_supply_btc_daily,19978133.54497096,BTC,daily,OBM v0.1.0
2026-01-20,obm_supply_btc_daily,19978549.16997096,BTC,daily,OBM v0.1.0
2026-01-21,obm_supply_btc_daily,19978977.29497096,BTC,daily,OBM v0.1.0
2026-01-22,obm_supply_btc_daily,19979480.41997096,BTC,daily,OBM v0.1.0
2026-01-23,obm_supply_btc_daily,19979917.91997096,BTC,daily,OBM v0.1.0
2026-01-24,obm_supply_btc_daily,19980224.16997096,BTC,daily,OBM v0.1.0
2026-01-25,obm_supply_btc_daily,19980561.66997096,BTC,daily,OBM v0.1.0
2026-01-26,obm_supply_btc_daily,19980949.16997096,BTC,daily,OBM v0.1.0
2026-01-27,obm_supply_btc_daily,19981330.41997096,BTC,daily,OBM v0.1.0
2026-01-28,obm_supply_btc_daily,19981674.16997096,BTC,daily,OBM v0.1.0
2026-01-29,obm_supply_btc_daily,19982074.16997096,BTC,daily,OBM v0.1.0
2026-01-30,obm_supply_btc_daily,19982483.54497096,BTC,daily,OBM v0.1.0
2026-01-31,obm_supply_btc_daily,19982914.79497096,BTC,daily,OBM v0.1.0
2026-02-01,obm_supply_btc_daily,19983286.66997096,BTC,daily,OBM v0.1.0
2026-02-02,obm_supply_btc_daily,19983655.41997096,BTC,daily,OBM v0.1.0
2026-02-03,obm_supply_btc_daily,19984067.91997096,BTC,daily,OBM v0.1.0
2026-02-04,obm_supply_btc_daily,19984511.66997096,BTC,daily,OBM v0.1.0
2026-02-05,obm_supply_btc_daily,19984908.54497096,BTC,daily,OBM v0.1.0
2026-02-06,obm_supply_btc_daily,19985361.66997096,BTC,daily,OBM v0.1.0
2026-02-07,obm_supply_btc_daily,19985880.41997096,BTC,daily,OBM v0.1.0
2026-02-08,obm_supply_btc_daily,19986411.66997096,BTC,daily,OBM v0.1.0
2026-02-09,obm_supply_btc_daily,19986921.04497096,BTC,daily,OBM v0.1.0
2026-02-10,obm_supply_btc_daily,19987371.04497096,BTC,daily,OBM v0.1.0
2026-02-11,obm_supply_btc_daily,19987861.66997096,BTC,daily,OBM v0.1.0
2026-02-12,obm_supply_btc_daily,19988414.79497096,BTC,daily,OBM v0.1.0
2026-02-13,obm_supply_btc_daily,19988886.66997096,BTC,daily,OBM v0.1.0
2026-02-14,obm_supply_btc_daily,19989405.41997096,BTC,daily,OBM v0.1.0
2026-02-15,obm_supply_btc_daily,19990021.04497096,BTC,daily,OBM v0.1.0
2026-02-16,obm_supply_btc_daily,19990567.91997096,BTC,daily,OBM v0.1.0
2026-02-17,obm_supply_btc_daily,19991083.54497096,BTC,daily,OBM v0.1.0
2026-02-18,obm_supply_btc_daily,19991561.66997096,BTC,daily,OBM v0.1.0
2026-02-19,obm_supply_btc_daily,19992058.54497096,BTC,daily,OBM v0.1.0
2026-02-20,obm_supply_btc_daily,19992486.66997096,BTC,daily,OBM v0.1.0
2026-02-21,obm_supply_btc_daily,19992858.54497096,BTC,daily,OBM v0.1.0
2026-02-22,obm_supply_btc_daily,19993371.04497096,BTC,daily,OBM v0.1.0
2026-02-23,obm_supply_btc_daily,19993833.54497096,BTC,daily,OBM v0.1.0
2026-02-24,obm_supply_btc_daily,19994349.16997096,BTC,daily,OBM v0.1.0
2026-02-25,obm_supply_btc_daily,19994836.66997096,BTC,daily,OBM v0.1.0
2026-02-26,obm_supply_btc_daily,19995274.16997096,BTC,daily,OBM v0.1.0
2026-02-27,obm_supply_btc_daily,19995714.79497096,BTC,daily,OBM v0.1.0
2026-02-28,obm_supply_btc_daily,19996161.66997096,BTC,daily,OBM v0.1.0
2026-03-01,obm_supply_btc_daily,19996627.29497096,BTC,daily,OBM v0.1.0
2026-03-02,obm_supply_btc_daily,19997052.29497096,BTC,daily,OBM v0.1.0
2026-03-03,obm_supply_btc_daily,19997471.04497096,BTC,daily,OBM v0.1.0
2026-03-04,obm_supply_btc_daily,19997877.29497096,BTC,daily,OBM v0.1.0
2026-03-05,obm_supply_btc_daily,19998396.04497096,BTC,daily,OBM v0.1.0
2026-03-06,obm_supply_btc_daily,19998852.29497096,BTC,daily,OBM v0.1.0
2026-03-07,obm_supply_btc_daily,19999264.79497096,BTC,daily,OBM v0.1.0
2026-03-08,obm_supply_btc_daily,19999683.54497096,BTC,daily,OBM v0.1.0
2026-03-09,obm_supply_btc_daily,20000114.79497096,BTC,daily,OBM v0.1.0
2026-03-10,obm_supply_btc_daily,20000546.04497096,BTC,daily,OBM v0.1.0
2026-03-11,obm_supply_btc_daily,20000980.41997096,BTC,daily,OBM v0.1.0
2026-03-12,obm_supply_btc_daily,20001383.54497096,BTC,daily,OBM v0.1.0
2026-03-13,obm_supply_btc_daily,20001761.66997096,BTC,daily,OBM v0.1.0
2026-03-14,obm_supply_btc_daily,20002161.66997096,BTC,daily,OBM v0.1.0
2026-03-15,obm_supply_btc_daily,20002552.29497096,BTC,daily,OBM v0.1.0
2026-03-16,obm_supply_btc_daily,20002942.91997096,BTC,daily,OBM v0.1.0
2026-03-17,obm_supply_btc_daily,20003339.79497096,BTC,daily,OBM v0.1.0
2026-03-18,obm_supply_btc_daily,20003774.16997096,BTC,daily,OBM v0.1.0
2026-03-19,obm_supply_btc_daily,20004192.91997096,BTC,daily,OBM v0.1.0
2026-03-20,obm_supply_btc_daily,20004611.66997096,BTC,daily,OBM v0.1.0
2026-03-21,obm_supply_btc_daily,20005042.91997096,BTC,daily,OBM v0.1.0
2026-03-22,obm_supply_btc_daily,20005549.16997096,BTC,daily,OBM v0.1.0
2026-03-23,obm_supply_btc_daily,20006049.16997096,BTC,daily,OBM v0.1.0
2026-03-24,obm_supply_btc_daily,20006439.79497096,BTC,daily,OBM v0.1.0
2026-03-25,obm_supply_btc_daily,20006917.91997096,BTC,daily,OBM v0.1.0
2026-03-26,obm_supply_btc_daily,20007433.54497096,BTC,daily,OBM v0.1.0
2026-03-27,obm_supply_btc_daily,20007908.54497096,BTC,daily,OBM v0.1.0
2026-03-28,obm_supply_btc_daily,20008452.29497096,BTC,daily,OBM v0.1.0
2026-03-29,obm_supply_btc_daily,20008902.29497096,BTC,daily,OBM v0.1.0
2026-03-30,obm_supply_btc_daily,20009327.29497096,BTC,daily,OBM v0.1.0
2026-03-31,obm_supply_btc_daily,20009752.29497096,BTC,daily,OBM v0.1.0
2026-04-01,obm_supply_btc_daily,20010258.54497096,BTC,daily,OBM v0.1.0
2026-04-02,obm_supply_btc_daily,20010711.66997096,BTC,daily,OBM v0.1.0
2026-04-03,obm_supply_btc_daily,20011124.16997096,BTC,daily,OBM v0.1.0
2026-04-04,obm_supply_btc_daily,20011499.16997096,BTC,daily,OBM v0.1.0
2026-04-05,obm_supply_btc_daily,20011996.04497096,BTC,daily,OBM v0.1.0
2026-04-06,obm_supply_btc_daily,20012396.04497096,BTC,daily,OBM v0.1.0
2026-04-07,obm_supply_btc_daily,20012827.29497096,BTC,daily,OBM v0.1.0
2026-04-08,obm_supply_btc_daily,20013289.79497096,BTC,daily,OBM v0.1.0
2026-04-09,obm_supply_btc_daily,20013739.79497096,BTC,daily,OBM v0.1.0
2026-04-10,obm_supply_btc_daily,20014130.41997096,BTC,daily,OBM v0.1.0
2026-04-11,obm_supply_btc_daily,20014514.79497096,BTC,daily,OBM v0.1.0
2026-04-12,obm_supply_btc_daily,20014999.16997096,BTC,daily,OBM v0.1.0
2026-04-13,obm_supply_btc_daily,20015461.66997096,BTC,daily,OBM v0.1.0
2026-04-14,obm_supply_btc_daily,20015974.16997096,BTC,daily,OBM v0.1.0
2026-04-15,obm_supply_btc_daily,20016364.79497096,BTC,daily,OBM v0.1.0
2026-04-16,obm_supply_btc_daily,20016839.79497096,BTC,daily,OBM v0.1.0
2026-04-17,obm_supply_btc_daily,20017280.41997096,BTC,daily,OBM v0.1.0
2026-04-18,obm_supply_btc_daily,20017758.54497096,BTC,daily,OBM v0.1.0
2026-04-19,obm_supply_btc_daily,20018252.29497096,BTC,daily,OBM v0.1.0
2026-04-20,obm_supply_btc_daily,20018658.54497096,BTC,daily,OBM v0.1.0
2026-04-21,obm_supply_btc_daily,20019080.41997096,BTC,daily,OBM v0.1.0
2026-04-22,obm_supply_btc_daily,20019489.79497096,BTC,daily,OBM v0.1.0
2026-04-23,obm_supply_btc_daily,20019867.91997096,BTC,daily,OBM v0.1.0
2026-04-24,obm_supply_btc_daily,20020333.54497096,BTC,daily,OBM v0.1.0
2026-04-25,obm_supply_btc_daily,20020771.04497096,BTC,daily,OBM v0.1.0
2026-04-26,obm_supply_btc_daily,20021236.66997096,BTC,daily,OBM v0.1.0
2026-04-27,obm_supply_btc_daily,20021667.91997096,BTC,daily,OBM v0.1.0
2026-04-28,obm_supply_btc_daily,20022102.29497096,BTC,daily,OBM v0.1.0
2026-04-29,obm_supply_btc_daily,20022499.16997096,BTC,daily,OBM v0.1.0
2026-04-30,obm_supply_btc_daily,20022936.66997096,BTC,daily,OBM v0.1.0
2026-05-01,obm_supply_btc_daily,20023430.41997096,BTC,daily,OBM v0.1.0
2026-05-02,obm_supply_btc_daily,20023855.41997096,BTC,daily,OBM v0.1.0
2026-05-03,obm_supply_btc_daily,20024330.41997096,BTC,daily,OBM v0.1.0
2026-05-04,obm_supply_btc_daily,20024796.04497096,BTC,daily,OBM v0.1.0
2026-05-05,obm_supply_btc_daily,20025264.79497096,BTC,daily,OBM v0.1.0
2026-05-06,obm_supply_btc_daily,20025705.41997096,BTC,daily,OBM v0.1.0
2026-05-07,obm_supply_btc_daily,20026149.16997096,BTC,daily,OBM v0.1.0
2026-05-08,obm_supply_btc_daily,20026608.54497096,BTC,daily,OBM v0.1.0
2026-05-09,obm_supply_btc_daily,20027142.91997096,BTC,daily,OBM v0.1.0
2026-05-10,obm_supply_btc_daily,20027611.66997096,BTC,daily,OBM v0.1.0
2026-05-11,obm_supply_btc_daily,20028127.29497096,BTC,daily,OBM v0.1.0
2026-05-12,obm_supply_btc_daily,20028546.04497096,BTC,daily,OBM v0.1.0
2026-05-13,obm_supply_btc_daily,20028980.41997096,BTC,daily,OBM v0.1.0
2026-05-14,obm_supply_btc_daily,20029452.29497096,BTC,daily,OBM v0.1.0
2026-05-15,obm_supply_btc_daily,20029905.41997096,BTC,daily,OBM v0.1.0
2026-05-16,obm_supply_btc_daily,20030377.29497096,BTC,daily,OBM v0.1.0
2026-05-17,obm_supply_btc_daily,20030814.79497096,BTC,daily,OBM v0.1.0
2026-05-18,obm_supply_btc_daily,20031252.29497096,BTC,daily,OBM v0.1.0
2026-05-19,obm_supply_btc_daily,20031696.04497096,BTC,daily,OBM v0.1.0
2026-05-20,obm_supply_btc_daily,20032171.04497096,BTC,daily,OBM v0.1.0
2026-05-21,obm_supply_btc_daily,20032567.91997096,BTC,daily,OBM v0.1.0
2026-05-22,obm_supply_btc_daily,20033055.41997096,BTC,daily,OBM v0.1.0
2026-05-23,obm_supply_btc_daily,20033567.91997096,BTC,daily,OBM v0.1.0
2026-05-24,obm_supply_btc_daily,20033977.29497096,BTC,daily,OBM v0.1.0
2026-05-25,obm_supply_btc_daily,20034492.91997096,BTC,daily,OBM v0.1.0
2026-05-26,obm_supply_btc_daily,20034927.29497096,BTC,daily,OBM v0.1.0
2026-05-27,obm_supply_btc_daily,20035364.79497096,BTC,daily,OBM v0.1.0
2026-05-28,obm_supply_btc_daily,20035871.04497096,BTC,daily,OBM v0.1.0
2026-05-29,obm_supply_btc_daily,20036308.54497096,BTC,daily,OBM v0.1.0
2026-05-30,obm_supply_btc_daily,20036752.29497096,BTC,daily,OBM v0.1.0
2026-05-31,obm_supply_btc_daily,20037202.29497096,BTC,daily,OBM v0.1.0
2026-06-01,obm_supply_btc_daily,20037624.16997096,BTC,daily,OBM v0.1.0
2026-06-02,obm_supply_btc_daily,20037967.91997096,BTC,daily,OBM v0.1.0
2026-06-03,obm_supply_btc_daily,20038305.41997096,BTC,daily,OBM v0.1.0
2026-06-04,obm_supply_btc_daily,20038749.16997096,BTC,daily,OBM v0.1.0
2026-06-05,obm_supply_btc_daily,20039171.04497096,BTC,daily,OBM v0.1.0
2026-06-06,obm_supply_btc_daily,20039552.29497096,BTC,daily,OBM v0.1.0
2026-06-07,obm_supply_btc_daily,20039917.91997096,BTC,daily,OBM v0.1.0
2026-06-08,obm_supply_btc_daily,20040314.79497096,BTC,daily,OBM v0.1.0
2026-06-09,obm_supply_btc_daily,20040702.29497096,BTC,daily,OBM v0.1.0
2026-06-10,obm_supply_btc_daily,20041096.04497096,BTC,daily,OBM v0.1.0
2026-06-11,obm_supply_btc_daily,20041517.91997096,BTC,daily,OBM v0.1.0
2026-06-12,obm_supply_btc_daily,20041977.29497096,BTC,daily,OBM v0.1.0
2026-06-13,obm_supply_btc_daily,20042364.79497096,BTC,daily,OBM v0.1.0
2026-06-14,obm_supply_btc_daily,20042821.04497096,BTC,daily,OBM v0.1.0
2026-06-15,obm_supply_btc_daily,20043289.79497096,BTC,daily,OBM v0.1.0
2026-06-16,obm_supply_btc_daily,20043796.04497096,BTC,daily,OBM v0.1.0
2026-06-17,obm_supply_btc_daily,20044208.54497096,BTC,daily,OBM v0.1.0
2026-06-18,obm_supply_btc_daily,20044724.16997096,BTC,daily,OBM v0.1.0
2026-06-19,obm_supply_btc_daily,20045196.04497096,BTC,daily,OBM v0.1.0
2026-06-20,obm_supply_btc_daily,20045680.41997096,BTC,daily,OBM v0.1.0
2026-06-21,obm_supply_btc_daily,20046099.16997096,BTC,daily,OBM v0.1.0
2026-06-22,obm_supply_btc_daily,20046586.66997096,BTC,daily,OBM v0.1.0
2026-06-23,obm_supply_btc_daily,20047127.29497096,BTC,daily,OBM v0.1.0
2026-06-24,obm_supply_btc_daily,20047611.66997096,BTC,daily,OBM v0.1.0
2026-06-25,obm_supply_btc_daily,20048142.91997096,BTC,daily,OBM v0.1.0
2026-06-26,obm_supply_btc_daily,20048627.29497096,BTC,daily,OBM v0.1.0
2026-06-27,obm_supply_btc_daily,20049152.29497096,BTC,daily,OBM v0.1.0
2026-06-28,obm_supply_btc_daily,20049555.41997096,BTC,daily,OBM v0.1.0
2026-06-29,obm_supply_btc_daily,20049946.04497096,BTC,daily,OBM v0.1.0
2026-06-30,obm_supply_btc_daily,20050411.66997096,BTC,daily,OBM v0.1.0
2026-07-01,obm_supply_btc_daily,20050858.54497096,BTC,daily,OBM v0.1.0
2026-07-02,obm_supply_btc_daily,20051267.91997096,BTC,daily,OBM v0.1.0
2026-07-03,obm_supply_btc_daily,20051739.79497096,BTC,daily,OBM v0.1.0
2026-07-04,obm_supply_btc_daily,20052221.04497096,BTC,daily,OBM v0.1.0
2026-07-05,obm_supply_btc_daily,20052621.04497096,BTC,daily,OBM v0.1.0
2026-07-06,obm_supply_btc_daily,20052983.54497096,BTC,daily,OBM v0.1.0
2026-07-07,obm_supply_btc_daily,20053421.04155096,BTC,daily,OBM v0.1.0
2026-07-08,obm_supply_btc_daily,20053836.66655096,BTC,daily,OBM v0.1.0
2026-07-09,obm_supply_btc_daily,20054227.29155096,BTC,daily,OBM v0.1.0
2026-07-10,obm_supply_btc_daily,20054633.54155096,BTC,daily,OBM v0.1.0
2026-07-11,obm_supply_btc_daily,20055067.91655096,BTC,daily,OBM v0.1.0
2026-07-12,obm_supply_btc_daily,20055517.91655096,BTC,daily,OBM v0.1.0
2026-07-13,obm_supply_btc_daily,20055977.29155096,BTC,daily,OBM v0.1.0
2026-07-14,obm_supply_btc_daily,20056458.54155096,BTC,daily,OBM v0.1.0
2026-07-15,obm_supply_btc_daily,20056896.04155096,BTC,daily,OBM v0.1.0
2026-07-16,obm_supply_btc_daily,20057274.16655096,BTC,daily,OBM v0.1.0
2026-07-17,obm_supply_btc_daily,20057671.04155096,BTC,daily,OBM v0.1.0
2026-07-18,obm_supply_btc_daily,20058189.79155096,BTC,daily,OBM v0.1.0
2026-07-19,obm_supply_btc_daily,20058705.41655096,BTC,daily,OBM v0.1.0
2026-07-20,obm_supply_btc_daily,20059161.66655096,BTC,daily,OBM v0.1.0
2026-07-21,obm_supply_btc_daily,20059592.91655096,BTC,daily,OBM v0.1.0
2026-07-22,obm_supply_btc_daily,20059952.29155096,BTC,daily,OBM v0.1.0
2026-07-23,obm_supply_btc_daily,20060364.79155096,BTC,daily,OBM v0.1.0
2026-07-24,obm_supply_btc_daily,20060846.04155096,BTC,daily,OBM v0.1.0
2026-07-25,obm_supply_btc_daily,20061277.29155096,BTC,daily,OBM v0.1.0
2026-07-26,obm_supply_btc_daily,20061733.54155096,BTC,daily,OBM v0.1.0
2026-07-27,obm_supply_btc_daily,20062164.79155096,BTC,daily,OBM v0.1.0
2026-07-28,obm_supply_btc_daily,20062561.66655096,BTC,daily,OBM v0.1.0
2026-07-29,obm_supply_btc_daily,20063008.54155096,BTC,daily,OBM v0.1.0
2026-07-30,obm_supply_btc_daily,20063486.66655096,BTC,daily,OBM v0.1.0
2026-07-31,obm_supply_btc_daily,20063977.29155096,BTC,daily,OBM v0.1.0
2026-08-01,obm_supply_btc_daily,20064489.79155096,BTC,daily,OBM v0.1.0
2026-08-02,obm_supply_btc_daily,20064939.79155096,BTC,daily,OBM v0.1.0
2026-08-03,obm_supply_btc_daily,20065408.54155096,BTC,daily,OBM v0.1.0
2026-08-04,obm_supply_btc_daily,20065849.16655096,BTC,daily,OBM v0.1.0
2026-08-05,obm_supply_btc_daily,20066292.91655096,BTC,daily,OBM v0.1.0
2026-08-06,obm_supply_btc_daily,20066692.91655096,BTC,daily,OBM v0.1.0
2026-08-07,obm_supply_btc_daily,20067186.66655096,BTC,daily,OBM v0.1.0
2026-08-08,obm_supply_btc_daily,20067633.54155096,BTC,daily,OBM v0.1.0
2026-08-09,obm_supply_btc_daily,20068080.41655096,BTC,daily,OBM v0.1.0
2026-08-10,obm_supply_btc_daily,20068514.79155096,BTC,daily,OBM v0.1.0
2026-08-11,obm_supply_btc_daily,20068917.91655096,BTC,daily,OBM v0.1.0
2026-08-12,obm_supply_btc_daily,20069358.54155096,BTC,daily,OBM v0.1.0
2026-08-13,obm_supply_btc_daily,20069814.79155096,BTC,daily,OBM v0.1.0
2026-08-14,obm_supply_btc_daily,20070280.41655096,BTC,daily,OBM v0.1.0
2026-08-15,obm_supply_btc_daily,20070733.54155096,BTC,daily,OBM v0.1.0
2026-08-16,obm_supply_btc_daily,20071236.66655096,BTC,daily,OBM v0.1.0
2026-08-17,obm_supply_btc_daily,20071730.41655096,BTC,daily,OBM v0.1.0
2026-08-18,obm_supply_btc_daily,20072196.04155096,BTC,daily,OBM v0.1.0
2026-08-19,obm_supply_btc_daily,20072580.41655096,BTC,daily,OBM v0.1.0
2026-08-20,obm_supply_btc_daily,20072977.29155096,BTC,daily,OBM v0.1.0
2026-08-21,obm_supply_btc_daily,20073405.41655096,BTC,daily,OBM v0.1.0
