date,series_id,value,unit,frequency,release_version
2009-01-01,obm_tx_count_daily,0,transactions,daily,OBM v0.1.0
2009-01-02,obm_tx_count_daily,0,transactions,daily,OBM v0.1.0
2009-01-03,obm_tx_count_daily,1,transactions,daily,OBM v0.1.0
2009-01-04,obm_tx_count_daily,0,transactions,daily,OBM v0.1.0
2009-01-05,obm_tx_count_daily,0,transactions,daily,OBM v0.1.0
2009-01-06,obm_tx_count_daily,0,transactions,daily,OBM v0.1.0
2009-01-07,obm_tx_count_daily,0,transactions,daily,OBM v0.1.0
2009-01-08,obm_tx_count_daily,0,transactions,daily,OBM v0.1.0
2009-01-09,obm_tx_count_daily,14,transactions,daily,OBM v0.1.0
2009-01-10,obm_tx_count_daily,61,transactions,daily,OBM v0.1.0
2009-01-11,obm_tx_count_daily,93,transactions,daily,OBM v0.1.0
2009-01-12,obm_tx_count_daily,101,transactions,daily,OBM v0.1.0
2009-01-13,obm_tx_count_daily,123,transactions,daily,OBM v0.1.0
2009-01-14,obm_tx_count_daily,130,transactions,daily,OBM v0.1.0
2009-01-15,obm_tx_count_daily,134,transactions,daily,OBM v0.1.0
2009-01-16,obm_tx_count_daily,110,transactions,daily,OBM v0.1.0
2009-01-17,obm_tx_count_daily,109,transactions,daily,OBM v0.1.0
2009-01-18,obm_tx_count_daily,108,transactions,daily,OBM v0.1.0
2009-01-19,obm_tx_count_daily,117,transactions,daily,OBM v0.1.0
2009-01-20,obm_tx_count_daily,115,transactions,daily,OBM v0.1.0
2009-01-21,obm_tx_count_daily,103,transactions,daily,OBM v0.1.0
2009-01-22,obm_tx_count_daily,92,transactions,daily,OBM v0.1.0
2009-01-23,obm_tx_count_daily,86,transactions,daily,OBM v0.1.0
2009-01-24,obm_tx_count_daily,202,transactions,daily,OBM v0.1.0
2009-01-25,obm_tx_count_daily,192,transactions,daily,OBM v0.1.0
2009-01-26,obm_tx_count_daily,97,transactions,daily,OBM v0.1.0
2009-01-27,obm_tx_count_daily,98,transactions,daily,OBM v0.1.0
2009-01-28,obm_tx_count_daily,112,transactions,daily,OBM v0.1.0
2009-01-29,obm_tx_count_daily,122,transactions,daily,OBM v0.1.0
2009-01-30,obm_tx_count_daily,117,transactions,daily,OBM v0.1.0
2009-01-31,obm_tx_count_daily,139,transactions,daily,OBM v0.1.0
2009-02-01,obm_tx_count_daily,114,transactions,daily,OBM v0.1.0
2009-02-02,obm_tx_count_daily,129,transactions,daily,OBM v0.1.0
2009-02-03,obm_tx_count_daily,155,transactions,daily,OBM v0.1.0
2009-02-04,obm_tx_count_daily,119,transactions,daily,OBM v0.1.0
2009-02-05,obm_tx_count_daily,126,transactions,daily,OBM v0.1.0
2009-02-06,obm_tx_count_daily,122,transactions,daily,OBM v0.1.0
2009-02-07,obm_tx_count_daily,133,transactions,daily,OBM v0.1.0
2009-02-08,obm_tx_count_daily,133,transactions,daily,OBM v0.1.0
2009-02-09,obm_tx_count_daily,135,transactions,daily,OBM v0.1.0
2009-02-10,obm_tx_count_daily,120,transactions,daily,OBM v0.1.0
2009-02-11,obm_tx_count_daily,135,transactions,daily,OBM v0.1.0
2009-02-12,obm_tx_count_daily,119,transactions,daily,OBM v0.1.0
2009-02-13,obm_tx_count_daily,124,transactions,daily,OBM v0.1.0
2009-02-14,obm_tx_count_daily,136,transactions,daily,OBM v0.1.0
2009-02-15,obm_tx_count_daily,131,transactions,daily,OBM v0.1.0
2009-02-16,obm_tx_count_daily,123,transactions,daily,OBM v0.1.0
2009-02-17,obm_tx_count_daily,117,transactions,daily,OBM v0.1.0
2009-02-18,obm_tx_count_daily,118,transactions,daily,OBM v0.1.0
2009-02-19,obm_tx_count_daily,125,transactions,daily,OBM v0.1.0
2009-02-20,obm_tx_count_daily,122,transactions,daily,OBM v0.1.0
2009-02-21,obm_tx_count_daily,114,transactions,daily,OBM v0.1.0
2009-02-22,obm_tx_count_daily,125,transactions,daily,OBM v0.1.0
2009-02-23,obm_tx_count_daily,108,transactions,daily,OBM v0.1.0
2009-02-24,obm_tx_count_daily,106,transactions,daily,OBM v0.1.0
2009-02-25,obm_tx_count_daily,105,transactions,daily,OBM v0.1.0
2009-02-26,obm_tx_count_daily,107,transactions,daily,OBM v0.1.0
2009-02-27,obm_tx_count_daily,116,transactions,daily,OBM v0.1.0
2009-02-28,obm_tx_count_daily,100,transactions,daily,OBM v0.1.0
2009-03-01,obm_tx_count_daily,105,transactions,daily,OBM v0.1.0
2009-03-02,obm_tx_count_daily,108,transactions,daily,OBM v0.1.0
2009-03-03,obm_tx_count_daily,107,transactions,daily,OBM v0.1.0
2009-03-04,obm_tx_count_daily,106,transactions,daily,OBM v0.1.0
2009-03-05,obm_tx_count_daily,113,transactions,daily,OBM v0.1.0
2009-03-06,obm_tx_count_daily,117,transactions,daily,OBM v0.1.0
2009-03-07,obm_tx_count_daily,109,transactions,daily,OBM v0.1.0
2009-03-08,obm_tx_count_daily,118,transactions,daily,OBM v0.1.0
2009-03-09,obm_tx_count_daily,108,transactions,daily,OBM v0.1.0
2009-03-10,obm_tx_count_daily,107,transactions,daily,OBM v0.1.0
2009-03-11,obm_tx_count_daily,114,transactions,daily,OBM v0.1.0
2009-03-12,obm_tx_count_daily,119,transactions,daily,OBM v0.1.0
2009-03-13,obm_tx_count_daily,114,transactions,daily,OBM v0.1.0
2009-03-14,obm_tx_count_daily,110,transactions,daily,OBM v0.1.0
2009-03-15,obm_tx_count_daily,123,transactions,daily,OBM v0.1.0
2009-03-16,obm_tx_count_daily,122,transactions,daily,OBM v0.1.0
2009-03-17,obm_tx_count_daily,114,transactions,daily,OBM v0.1.0
2009-03-18,obm_tx_count_daily,116,transactions,daily,OBM v0.1.0
2009-03-19,obm_tx_count_daily,122,transactions,daily,OBM v0.1.0
2009-03-20,obm_tx_count_daily,119,transactions,daily,OBM v0.1.0
2009-03-21,obm_tx_count_daily,50,transactions,daily,OBM v0.1.0
2009-03-22,obm_tx_count_daily,121,transactions,daily,OBM v0.1.0
2009-03-23,obm_tx_count_daily,130,transactions,daily,OBM v0.1.0
2009-03-24,obm_tx_count_daily,105,transactions,daily,OBM v0.1.0
2009-03-25,obm_tx_count_daily,117,transactions,daily,OBM v0.1.0
2009-03-26,obm_tx_count_daily,118,transactions,daily,OBM v0.1.0
2009-03-27,obm_tx_count_daily,106,transactions,daily,OBM v0.1.0
2009-03-28,obm_tx_count_daily,122,transactions,daily,OBM v0.1.0
2009-03-29,obm_tx_count_daily,116,transactions,daily,OBM v0.1.0
2009-03-30,obm_tx_count_daily,120,transactions,daily,OBM v0.1.0
2009-03-31,obm_tx_count_daily,111,transactions,daily,OBM v0.1.0
2009-04-01,obm_tx_count_daily,114,transactions,daily,OBM v0.1.0
2009-04-02,obm_tx_count_daily,115,transactions,daily,OBM v0.1.0
2009-04-03,obm_tx_count_daily,116,transactions,daily,OBM v0.1.0
2009-04-04,obm_tx_count_daily,113,transactions,daily,OBM v0.1.0
2009-04-05,obm_tx_count_daily,132,transactions,daily,OBM v0.1.0
2009-04-06,obm_tx_count_daily,109,transactions,daily,OBM v0.1.0
2009-04-07,obm_tx_count_daily,100,transactions,daily,OBM v0.1.0
2009-04-08,obm_tx_count_daily,105,transactions,daily,OBM v0.1.0
2009-04-09,obm_tx_count_daily,99,transactions,daily,OBM v0.1.0
2009-04-10,obm_tx_count_daily,108,transactions,daily,OBM v0.1.0
2009-04-11,obm_tx_count_daily,121,transactions,daily,OBM v0.1.0
2009-04-12,obm_tx_count_daily,120,transactions,daily,OBM v0.1.0
2009-04-13,obm_tx_count_daily,116,transactions,daily,OBM v0.1.0
2009-04-14,obm_tx_count_daily,124,transactions,daily,OBM v0.1.0
2009-04-15,obm_tx_count_daily,113,transactions,daily,OBM v0.1.0
2009-04-16,obm_tx_count_daily,123,transactions,daily,OBM v0.1.0
2009-04-17,obm_tx_count_daily,112,transactions,daily,OBM v0.1.0
2009-04-18,obm_tx_count_daily,130,transactions,daily,OBM v0.1.0
2009-04-19,obm_tx_count_daily,120,transactions,daily,OBM v0.1.0
2009-04-20,obm_tx_count_daily,121,transactions,daily,OBM v0.1.0
2009-04-21,obm_tx_count_daily,124,transactions,daily,OBM v0.1.0
2009-04-22,obm_tx_count_daily,121,transactions,daily,OBM v0.1.0
2009-04-23,obm_tx_count_daily,75,transactions,daily,OBM v0.1.0
2009-04-24,obm_tx_count_daily,115,transactions,daily,OBM v0.1.0
2009-04-25,obm_tx_count_daily,118,transactions,daily,OBM v0.1.0
2009-04-26,obm_tx_count_daily,114,transactions,daily,OBM v0.1.0
2009-04-27,obm_tx_count_daily,104,transactions,daily,OBM v0.1.0
2009-04-28,obm_tx_count_daily,117,transactions,daily,OBM v0.1.0
2009-04-29,obm_tx_count_daily,129,transactions,daily,OBM v0.1.0
2009-04-30,obm_tx_count_daily,131,transactions,daily,OBM v0.1.0
2009-05-01,obm_tx_count_daily,121,transactions,daily,OBM v0.1.0
2009-05-02,obm_tx_count_daily,128,transactions,daily,OBM v0.1.0
2009-05-03,obm_tx_count_daily,109,transactions,daily,OBM v0.1.0
2009-05-04,obm_tx_count_daily,129,transactions,daily,OBM v0.1.0
2009-05-05,obm_tx_count_daily,136,transactions,daily,OBM v0.1.0
2009-05-06,obm_tx_count_daily,135,transactions,daily,OBM v0.1.0
2009-05-07,obm_tx_count_daily,122,transactions,daily,OBM v0.1.0
2009-05-08,obm_tx_count_daily,107,transactions,daily,OBM v0.1.0
2009-05-09,obm_tx_count_daily,78,transactions,daily,OBM v0.1.0
2009-05-10,obm_tx_count_daily,85,transactions,daily,OBM v0.1.0
2009-05-11,obm_tx_count_daily,121,transactions,daily,OBM v0.1.0
2009-05-12,obm_tx_count_daily,130,transactions,daily,OBM v0.1.0
2009-05-13,obm_tx_count_daily,116,transactions,daily,OBM v0.1.0
2009-05-14,obm_tx_count_daily,142,transactions,daily,OBM v0.1.0
2009-05-15,obm_tx_count_daily,137,transactions,daily,OBM v0.1.0
2009-05-16,obm_tx_count_daily,119,transactions,daily,OBM v0.1.0
2009-05-17,obm_tx_count_daily,127,transactions,daily,OBM v0.1.0
2009-05-18,obm_tx_count_daily,118,transactions,daily,OBM v0.1.0
2009-05-19,obm_tx_count_daily,86,transactions,daily,OBM v0.1.0
2009-05-20,obm_tx_count_daily,120,transactions,daily,OBM v0.1.0
2009-05-21,obm_tx_count_daily,82,transactions,daily,OBM v0.1.0
2009-05-22,obm_tx_count_daily,61,transactions,daily,OBM v0.1.0
2009-05-23,obm_tx_count_daily,32,transactions,daily,OBM v0.1.0
2009-05-24,obm_tx_count_daily,100,transactions,daily,OBM v0.1.0
2009-05-25,obm_tx_count_daily,109,transactions,daily,OBM v0.1.0
2009-05-26,obm_tx_count_daily,125,transactions,daily,OBM v0.1.0
2009-05-27,obm_tx_count_daily,119,transactions,daily,OBM v0.1.0
2009-05-28,obm_tx_count_daily,95,transactions,daily,OBM v0.1.0
2009-05-29,obm_tx_count_daily,107,transactions,daily,OBM v0.1.0
2009-05-30,obm_tx_count_daily,109,transactions,daily,OBM v0.1.0
2009-05-31,obm_tx_count_daily,96,transactions,daily,OBM v0.1.0
2009-06-01,obm_tx_count_daily,72,transactions,daily,OBM v0.1.0
2009-06-02,obm_tx_count_daily,111,transactions,daily,OBM v0.1.0
2009-06-03,obm_tx_count_daily,71,transactions,daily,OBM v0.1.0
2009-06-04,obm_tx_count_daily,66,transactions,daily,OBM v0.1.0
2009-06-05,obm_tx_count_daily,30,transactions,daily,OBM v0.1.0
2009-06-06,obm_tx_count_daily,28,transactions,daily,OBM v0.1.0
2009-06-07,obm_tx_count_daily,16,transactions,daily,OBM v0.1.0
2009-06-08,obm_tx_count_daily,82,transactions,daily,OBM v0.1.0
2009-06-09,obm_tx_count_daily,91,transactions,daily,OBM v0.1.0
2009-06-10,obm_tx_count_daily,82,transactions,daily,OBM v0.1.0
2009-06-11,obm_tx_count_daily,89,transactions,daily,OBM v0.1.0
2009-06-12,obm_tx_count_daily,86,transactions,daily,OBM v0.1.0
2009-06-13,obm_tx_count_daily,78,transactions,daily,OBM v0.1.0
2009-06-14,obm_tx_count_daily,72,transactions,daily,OBM v0.1.0
2009-06-15,obm_tx_count_daily,84,transactions,daily,OBM v0.1.0
2009-06-16,obm_tx_count_daily,71,transactions,daily,OBM v0.1.0
2009-06-17,obm_tx_count_daily,79,transactions,daily,OBM v0.1.0
2009-06-18,obm_tx_count_daily,80,transactions,daily,OBM v0.1.0
2009-06-19,obm_tx_count_daily,87,transactions,daily,OBM v0.1.0
2009-06-20,obm_tx_count_daily,78,transactions,daily,OBM v0.1.0
2009-06-21,obm_tx_count_daily,81,transactions,daily,OBM v0.1.0
2009-06-22,obm_tx_count_daily,77,transactions,daily,OBM v0.1.0
2009-06-23,obm_tx_count_daily,76,transactions,daily,OBM v0.1.0
2009-06-24,obm_tx_count_daily,97,transactions,daily,OBM v0.1.0
2009-06-25,obm_tx_count_daily,69,transactions,daily,OBM v0.1.0
2009-06-26,obm_tx_count_daily,90,transactions,daily,OBM v0.1.0
2009-06-27,obm_tx_count_daily,84,transactions,daily,OBM v0.1.0
2009-06-28,obm_tx_count_daily,47,transactions,daily,OBM v0.1.0
2009-06-29,obm_tx_count_daily,84,transactions,daily,OBM v0.1.0
2009-06-30,obm_tx_count_daily,86,transactions,daily,OBM v0.1.0
2009-07-01,obm_tx_count_daily,75,transactions,daily,OBM v0.1.0
2009-07-02,obm_tx_count_daily,84,transactions,daily,OBM v0.1.0
2009-07-03,obm_tx_count_daily,82,transactions,daily,OBM v0.1.0
2009-07-04,obm_tx_count_daily,89,transactions,daily,OBM v0.1.0
2009-07-05,obm_tx_count_daily,79,transactions,daily,OBM v0.1.0
2009-07-06,obm_tx_count_daily,84,transactions,daily,OBM v0.1.0
2009-07-07,obm_tx_count_daily,69,transactions,daily,OBM v0.1.0
2009-07-08,obm_tx_count_daily,74,transactions,daily,OBM v0.1.0
2009-07-09,obm_tx_count_daily,86,transactions,daily,OBM v0.1.0
2009-07-10,obm_tx_count_daily,81,transactions,daily,OBM v0.1.0
2009-07-11,obm_tx_count_daily,83,transactions,daily,OBM v0.1.0
2009-07-12,obm_tx_count_daily,77,transactions,daily,OBM v0.1.0
2009-07-13,obm_tx_count_daily,78,transactions,daily,OBM v0.1.0
2009-07-14,obm_tx_count_daily,69,transactions,daily,OBM v0.1.0
2009-07-15,obm_tx_count_daily,45,transactions,daily,OBM v0.1.0
2009-07-16,obm_tx_count_daily,71,transactions,daily,OBM v0.1.0
2009-07-17,obm_tx_count_daily,47,transactions,daily,OBM v0.1.0
2009-07-18,obm_tx_count_daily,4,transactions,daily,OBM v0.1.0
2009-07-19,obm_tx_count_daily,70,transactions,daily,OBM v0.1.0
2009-07-20,obm_tx_count_daily,71,transactions,daily,OBM v0.1.0
2009-07-21,obm_tx_count_daily,82,transactions,daily,OBM v0.1.0
2009-07-22,obm_tx_count_daily,60,transactions,daily,OBM v0.1.0
2009-07-23,obm_tx_count_daily,76,transactions,daily,OBM v0.1.0
2009-07-24,obm_tx_count_daily,73,transactions,daily,OBM v0.1.0
2009-07-25,obm_tx_count_daily,32,transactions,daily,OBM v0.1.0
2009-07-26,obm_tx_count_daily,21,transactions,daily,OBM v0.1.0
2009-07-27,obm_tx_count_daily,74,transactions,daily,OBM v0.1.0
2009-07-28,obm_tx_count_daily,41,transactions,daily,OBM v0.1.0
2009-07-29,obm_tx_count_daily,20,transactions,daily,OBM v0.1.0
2009-07-30,obm_tx_count_daily,16,transactions,daily,OBM v0.1.0
2009-07-31,obm_tx_count_daily,17,transactions,daily,OBM v0.1.0
2009-08-01,obm_tx_count_daily,28,transactions,daily,OBM v0.1.0
2009-08-02,obm_tx_count_daily,23,transactions,daily,OBM v0.1.0
2009-08-03,obm_tx_count_daily,12,transactions,daily,OBM v0.1.0
2009-08-04,obm_tx_count_daily,81,transactions,daily,OBM v0.1.0
2009-08-05,obm_tx_count_daily,87,transactions,daily,OBM v0.1.0
2009-08-06,obm_tx_count_daily,90,transactions,daily,OBM v0.1.0
2009-08-07,obm_tx_count_daily,81,transactions,daily,OBM v0.1.0
2009-08-08,obm_tx_count_daily,80,transactions,daily,OBM v0.1.0
2009-08-09,obm_tx_count_daily,101,transactions,daily,OBM v0.1.0
2009-08-10,obm_tx_count_daily,75,transactions,daily,OBM v0.1.0
2009-08-11,obm_tx_count_daily,70,transactions,daily,OBM v0.1.0
2009-08-12,obm_tx_count_daily,63,transactions,daily,OBM v0.1.0
2009-08-13,obm_tx_count_daily,85,transactions,daily,OBM v0.1.0
2009-08-14,obm_tx_count_daily,63,transactions,daily,OBM v0.1.0
2009-08-15,obm_tx_count_daily,26,transactions,daily,OBM v0.1.0
2009-08-16,obm_tx_count_daily,19,transactions,daily,OBM v0.1.0
2009-08-17,obm_tx_count_daily,17,transactions,daily,OBM v0.1.0
2009-08-18,obm_tx_count_daily,10,transactions,daily,OBM v0.1.0
2009-08-19,obm_tx_count_daily,18,transactions,daily,OBM v0.1.0
2009-08-20,obm_tx_count_daily,22,transactions,daily,OBM v0.1.0
2009-08-21,obm_tx_count_daily,14,transactions,daily,OBM v0.1.0
2009-08-22,obm_tx_count_daily,7,transactions,daily,OBM v0.1.0
2009-08-23,obm_tx_count_daily,15,transactions,daily,OBM v0.1.0
2009-08-24,obm_tx_count_daily,15,transactions,daily,OBM v0.1.0
2009-08-25,obm_tx_count_daily,50,transactions,daily,OBM v0.1.0
2009-08-26,obm_tx_count_daily,51,transactions,daily,OBM v0.1.0
2009-08-27,obm_tx_count_daily,29,transactions,daily,OBM v0.1.0
2009-08-28,obm_tx_count_daily,75,transactions,daily,OBM v0.1.0
2009-08-29,obm_tx_count_daily,78,transactions,daily,OBM v0.1.0
2009-08-30,obm_tx_count_daily,98,transactions,daily,OBM v0.1.0
2009-08-31,obm_tx_count_daily,87,transactions,daily,OBM v0.1.0
2009-09-01,obm_tx_count_daily,78,transactions,daily,OBM v0.1.0
2009-09-02,obm_tx_count_daily,66,transactions,daily,OBM v0.1.0
2009-09-03,obm_tx_count_daily,62,transactions,daily,OBM v0.1.0
2009-09-04,obm_tx_count_daily,64,transactions,daily,OBM v0.1.0
2009-09-05,obm_tx_count_daily,76,transactions,daily,OBM v0.1.0
2009-09-06,obm_tx_count_daily,68,transactions,daily,OBM v0.1.0
2009-09-07,obm_tx_count_daily,79,transactions,daily,OBM v0.1.0
2009-09-08,obm_tx_count_daily,69,transactions,daily,OBM v0.1.0
2009-09-09,obm_tx_count_daily,54,transactions,daily,OBM v0.1.0
2009-09-10,obm_tx_count_daily,67,transactions,daily,OBM v0.1.0
2009-09-11,obm_tx_count_daily,67,transactions,daily,OBM v0.1.0
2009-09-12,obm_tx_count_daily,69,transactions,daily,OBM v0.1.0
2009-09-13,obm_tx_count_daily,75,transactions,daily,OBM v0.1.0
2009-09-14,obm_tx_count_daily,74,transactions,daily,OBM v0.1.0
2009-09-15,obm_tx_count_daily,44,transactions,daily,OBM v0.1.0
2009-09-16,obm_tx_count_daily,73,transactions,daily,OBM v0.1.0
2009-09-17,obm_tx_count_daily,85,transactions,daily,OBM v0.1.0
2009-09-18,obm_tx_count_daily,78,transactions,daily,OBM v0.1.0
2009-09-19,obm_tx_count_daily,74,transactions,daily,OBM v0.1.0
2009-09-20,obm_tx_count_daily,78,transactions,daily,OBM v0.1.0
2009-09-21,obm_tx_count_daily,70,transactions,daily,OBM v0.1.0
2009-09-22,obm_tx_count_daily,26,transactions,daily,OBM v0.1.0
2009-09-23,obm_tx_count_daily,36,transactions,daily,OBM v0.1.0
2009-09-24,obm_tx_count_daily,97,transactions,daily,OBM v0.1.0
2009-09-25,obm_tx_count_daily,93,transactions,daily,OBM v0.1.0
2009-09-26,obm_tx_count_daily,100,transactions,daily,OBM v0.1.0
2009-09-27,obm_tx_count_daily,88,transactions,daily,OBM v0.1.0
2009-09-28,obm_tx_count_daily,85,transactions,daily,OBM v0.1.0
2009-09-29,obm_tx_count_daily,90,transactions,daily,OBM v0.1.0
2009-09-30,obm_tx_count_daily,85,transactions,daily,OBM v0.1.0
2009-10-01,obm_tx_count_daily,82,transactions,daily,OBM v0.1.0
2009-10-02,obm_tx_count_daily,73,transactions,daily,OBM v0.1.0
2009-10-03,obm_tx_count_daily,58,transactions,daily,OBM v0.1.0
2009-10-04,obm_tx_count_daily,53,transactions,daily,OBM v0.1.0
2009-10-05,obm_tx_count_daily,55,transactions,daily,OBM v0.1.0
2009-10-06,obm_tx_count_daily,45,transactions,daily,OBM v0.1.0
2009-10-07,obm_tx_count_daily,60,transactions,daily,OBM v0.1.0
2009-10-08,obm_tx_count_daily,70,transactions,daily,OBM v0.1.0
2009-10-09,obm_tx_count_daily,79,transactions,daily,OBM v0.1.0
2009-10-10,obm_tx_count_daily,77,transactions,daily,OBM v0.1.0
2009-10-11,obm_tx_count_daily,74,transactions,daily,OBM v0.1.0
2009-10-12,obm_tx_count_daily,59,transactions,daily,OBM v0.1.0
2009-10-13,obm_tx_count_daily,57,transactions,daily,OBM v0.1.0
2009-10-14,obm_tx_count_daily,69,transactions,daily,OBM v0.1.0
2009-10-15,obm_tx_count_daily,71,transactions,daily,OBM v0.1.0
2009-10-16,obm_tx_count_daily,61,transactions,daily,OBM v0.1.0
2009-10-17,obm_tx_count_daily,57,transactions,daily,OBM v0.1.0
2009-10-18,obm_tx_count_daily,75,transactions,daily,OBM v0.1.0
2009-10-19,obm_tx_count_daily,112,transactions,daily,OBM v0.1.0
2009-10-20,obm_tx_count_daily,96,transactions,daily,OBM v0.1.0
2009-10-21,obm_tx_count_daily,81,transactions,daily,OBM v0.1.0
2009-10-22,obm_tx_count_daily,91,transactions,daily,OBM v0.1.0
2009-10-23,obm_tx_count_daily,89,transactions,daily,OBM v0.1.0
2009-10-24,obm_tx_count_daily,63,transactions,daily,OBM v0.1.0
2009-10-25,obm_tx_count_daily,76,transactions,daily,OBM v0.1.0
2009-10-26,obm_tx_count_daily,71,transactions,daily,OBM v0.1.0
2009-10-27,obm_tx_count_daily,65,transactions,daily,OBM v0.1.0
2009-10-28,obm_tx_count_daily,66,transactions,daily,OBM v0.1.0
2009-10-29,obm_tx_count_daily,48,transactions,daily,OBM v0.1.0
2009-10-30,obm_tx_count_daily,60,transactions,daily,OBM v0.1.0
2009-10-31,obm_tx_count_daily,46,transactions,daily,OBM v0.1.0
2009-11-01,obm_tx_count_daily,25,transactions,daily,OBM v0.1.0
2009-11-02,obm_tx_count_daily,33,transactions,daily,OBM v0.1.0
2009-11-03,obm_tx_count_daily,62,transactions,daily,OBM v0.1.0
2009-11-04,obm_tx_count_daily,64,transactions,daily,OBM v0.1.0
2009-11-05,obm_tx_count_daily,57,transactions,daily,OBM v0.1.0
2009-11-06,obm_tx_count_daily,62,transactions,daily,OBM v0.1.0
2009-11-07,obm_tx_count_daily,69,transactions,daily,OBM v0.1.0
2009-11-08,obm_tx_count_daily,73,transactions,daily,OBM v0.1.0
2009-11-09,obm_tx_count_daily,64,transactions,daily,OBM v0.1.0
2009-11-10,obm_tx_count_daily,78,transactions,daily,OBM v0.1.0
2009-11-11,obm_tx_count_daily,73,transactions,daily,OBM v0.1.0
2009-11-12,obm_tx_count_daily,66,transactions,daily,OBM v0.1.0
2009-11-13,obm_tx_count_daily,83,transactions,daily,OBM v0.1.0
2009-11-14,obm_tx_count_daily,79,transactions,daily,OBM v0.1.0
2009-11-15,obm_tx_count_daily,96,transactions,daily,OBM v0.1.0
2009-11-16,obm_tx_count_daily,97,transactions,daily,OBM v0.1.0
2009-11-17,obm_tx_count_daily,92,transactions,daily,OBM v0.1.0
2009-11-18,obm_tx_count_daily,79,transactions,daily,OBM v0.1.0
2009-11-19,obm_tx_count_daily,72,transactions,daily,OBM v0.1.0
2009-11-20,obm_tx_count_daily,86,transactions,daily,OBM v0.1.0
2009-11-21,obm_tx_count_daily,73,transactions,daily,OBM v0.1.0
2009-11-22,obm_tx_count_daily,106,transactions,daily,OBM v0.1.0
2009-11-23,obm_tx_count_daily,96,transactions,daily,OBM v0.1.0
2009-11-24,obm_tx_count_daily,93,transactions,daily,OBM v0.1.0
2009-11-25,obm_tx_count_daily,90,transactions,daily,OBM v0.1.0
2009-11-26,obm_tx_count_daily,84,transactions,daily,OBM v0.1.0
2009-11-27,obm_tx_count_daily,74,transactions,daily,OBM v0.1.0
2009-11-28,obm_tx_count_daily,71,transactions,daily,OBM v0.1.0
2009-11-29,obm_tx_count_daily,60,transactions,daily,OBM v0.1.0
2009-11-30,obm_tx_count_daily,75,transactions,daily,OBM v0.1.0
2009-12-01,obm_tx_count_daily,74,transactions,daily,OBM v0.1.0
2009-12-02,obm_tx_count_daily,94,transactions,daily,OBM v0.1.0
2009-12-03,obm_tx_count_daily,88,transactions,daily,OBM v0.1.0
2009-12-04,obm_tx_count_daily,36,transactions,daily,OBM v0.1.0
2009-12-05,obm_tx_count_daily,65,transactions,daily,OBM v0.1.0
2009-12-06,obm_tx_count_daily,105,transactions,daily,OBM v0.1.0
2009-12-07,obm_tx_count_daily,112,transactions,daily,OBM v0.1.0
2009-12-08,obm_tx_count_daily,107,transactions,daily,OBM v0.1.0
2009-12-09,obm_tx_count_daily,109,transactions,daily,OBM v0.1.0
2009-12-10,obm_tx_count_daily,104,transactions,daily,OBM v0.1.0
2009-12-11,obm_tx_count_daily,112,transactions,daily,OBM v0.1.0
2009-12-12,obm_tx_count_daily,112,transactions,daily,OBM v0.1.0
2009-12-13,obm_tx_count_daily,114,transactions,daily,OBM v0.1.0
2009-12-14,obm_tx_count_daily,107,transactions,daily,OBM v0.1.0
2009-12-15,obm_tx_count_daily,112,transactions,daily,OBM v0.1.0
2009-12-16,obm_tx_count_daily,137,transactions,daily,OBM v0.1.0
2009-12-17,obm_tx_count_daily,172,transactions,daily,OBM v0.1.0
2009-12-18,obm_tx_count_daily,225,transactions,daily,OBM v0.1.0
2009-12-19,obm_tx_count_daily,199,transactions,daily,OBM v0.1.0
2009-12-20,obm_tx_count_daily,175,transactions,daily,OBM v0.1.0
2009-12-21,obm_tx_count_daily,176,transactions,daily,OBM v0.1.0
2009-12-22,obm_tx_count_daily,162,transactions,daily,OBM v0.1.0
2009-12-23,obm_tx_count_daily,154,transactions,daily,OBM v0.1.0
2009-12-24,obm_tx_count_daily,154,transactions,daily,OBM v0.1.0
2009-12-25,obm_tx_count_daily,150,transactions,daily,OBM v0.1.0
2009-12-26,obm_tx_count_daily,174,transactions,daily,OBM v0.1.0
2009-12-27,obm_tx_count_daily,168,transactions,daily,OBM v0.1.0
2009-12-28,obm_tx_count_daily,137,transactions,daily,OBM v0.1.0
2009-12-29,obm_tx_count_daily,171,transactions,daily,OBM v0.1.0
2009-12-30,obm_tx_count_daily,141,transactions,daily,OBM v0.1.0
2009-12-31,obm_tx_count_daily,138,transactions,daily,OBM v0.1.0
2010-01-01,obm_tx_count_daily,134,transactions,daily,OBM v0.1.0
2010-01-02,obm_tx_count_daily,126,transactions,daily,OBM v0.1.0
2010-01-03,obm_tx_count_daily,186,transactions,daily,OBM v0.1.0
2010-01-04,obm_tx_count_daily,183,transactions,daily,OBM v0.1.0
2010-01-05,obm_tx_count_daily,198,transactions,daily,OBM v0.1.0
2010-01-06,obm_tx_count_daily,163,transactions,daily,OBM v0.1.0
2010-01-07,obm_tx_count_daily,154,transactions,daily,OBM v0.1.0
2010-01-08,obm_tx_count_daily,153,transactions,daily,OBM v0.1.0
2010-01-09,obm_tx_count_daily,151,transactions,daily,OBM v0.1.0
2010-01-10,obm_tx_count_daily,190,transactions,daily,OBM v0.1.0
2010-01-11,obm_tx_count_daily,159,transactions,daily,OBM v0.1.0
2010-01-12,obm_tx_count_daily,161,transactions,daily,OBM v0.1.0
2010-01-13,obm_tx_count_daily,166,transactions,daily,OBM v0.1.0
2010-01-14,obm_tx_count_daily,145,transactions,daily,OBM v0.1.0
2010-01-15,obm_tx_count_daily,142,transactions,daily,OBM v0.1.0
2010-01-16,obm_tx_count_daily,126,transactions,daily,OBM v0.1.0
2010-01-17,obm_tx_count_daily,131,transactions,daily,OBM v0.1.0
2010-01-18,obm_tx_count_daily,126,transactions,daily,OBM v0.1.0
2010-01-19,obm_tx_count_daily,124,transactions,daily,OBM v0.1.0
2010-01-20,obm_tx_count_daily,158,transactions,daily,OBM v0.1.0
2010-01-21,obm_tx_count_daily,184,transactions,daily,OBM v0.1.0
2010-01-22,obm_tx_count_daily,136,transactions,daily,OBM v0.1.0
2010-01-23,obm_tx_count_daily,162,transactions,daily,OBM v0.1.0
2010-01-24,obm_tx_count_daily,155,transactions,daily,OBM v0.1.0
2010-01-25,obm_tx_count_daily,215,transactions,daily,OBM v0.1.0
2010-01-26,obm_tx_count_daily,201,transactions,daily,OBM v0.1.0
2010-01-27,obm_tx_count_daily,166,transactions,daily,OBM v0.1.0
2010-01-28,obm_tx_count_daily,179,transactions,daily,OBM v0.1.0
2010-01-29,obm_tx_count_daily,201,transactions,daily,OBM v0.1.0
2010-01-30,obm_tx_count_daily,214,transactions,daily,OBM v0.1.0
2010-01-31,obm_tx_count_daily,167,transactions,daily,OBM v0.1.0
2010-02-01,obm_tx_count_daily,193,transactions,daily,OBM v0.1.0
2010-02-02,obm_tx_count_daily,146,transactions,daily,OBM v0.1.0
2010-02-03,obm_tx_count_daily,272,transactions,daily,OBM v0.1.0
2010-02-04,obm_tx_count_daily,234,transactions,daily,OBM v0.1.0
2010-02-05,obm_tx_count_daily,227,transactions,daily,OBM v0.1.0
2010-02-06,obm_tx_count_daily,206,transactions,daily,OBM v0.1.0
2010-02-07,obm_tx_count_daily,222,transactions,daily,OBM v0.1.0
2010-02-08,obm_tx_count_daily,208,transactions,daily,OBM v0.1.0
2010-02-09,obm_tx_count_daily,210,transactions,daily,OBM v0.1.0
2010-02-10,obm_tx_count_daily,173,transactions,daily,OBM v0.1.0
2010-02-11,obm_tx_count_daily,174,transactions,daily,OBM v0.1.0
2010-02-12,obm_tx_count_daily,188,transactions,daily,OBM v0.1.0
2010-02-13,obm_tx_count_daily,235,transactions,daily,OBM v0.1.0
2010-02-14,obm_tx_count_daily,219,transactions,daily,OBM v0.1.0
2010-02-15,obm_tx_count_daily,185,transactions,daily,OBM v0.1.0
2010-02-16,obm_tx_count_daily,201,transactions,daily,OBM v0.1.0
2010-02-17,obm_tx_count_daily,250,transactions,daily,OBM v0.1.0
2010-02-18,obm_tx_count_daily,215,transactions,daily,OBM v0.1.0
2010-02-19,obm_tx_count_daily,195,transactions,daily,OBM v0.1.0
2010-02-20,obm_tx_count_daily,210,transactions,daily,OBM v0.1.0
2010-02-21,obm_tx_count_daily,227,transactions,daily,OBM v0.1.0
2010-02-22,obm_tx_count_daily,265,transactions,daily,OBM v0.1.0
2010-02-23,obm_tx_count_daily,251,transactions,daily,OBM v0.1.0
2010-02-24,obm_tx_count_daily,177,transactions,daily,OBM v0.1.0
2010-02-25,obm_tx_count_daily,158,transactions,daily,OBM v0.1.0
2010-02-26,obm_tx_count_daily,176,transactions,daily,OBM v0.1.0
2010-02-27,obm_tx_count_daily,175,transactions,daily,OBM v0.1.0
2010-02-28,obm_tx_count_daily,159,transactions,daily,OBM v0.1.0
2010-03-01,obm_tx_count_daily,199,transactions,daily,OBM v0.1.0
2010-03-02,obm_tx_count_daily,193,transactions,daily,OBM v0.1.0
2010-03-03,obm_tx_count_daily,158,transactions,daily,OBM v0.1.0
2010-03-04,obm_tx_count_daily,188,transactions,daily,OBM v0.1.0
2010-03-05,obm_tx_count_daily,173,transactions,daily,OBM v0.1.0
2010-03-06,obm_tx_count_daily,183,transactions,daily,OBM v0.1.0
2010-03-07,obm_tx_count_daily,183,transactions,daily,OBM v0.1.0
2010-03-08,obm_tx_count_daily,130,transactions,daily,OBM v0.1.0
2010-03-09,obm_tx_count_daily,148,transactions,daily,OBM v0.1.0
2010-03-10,obm_tx_count_daily,169,transactions,daily,OBM v0.1.0
2010-03-11,obm_tx_count_daily,136,transactions,daily,OBM v0.1.0
2010-03-12,obm_tx_count_daily,123,transactions,daily,OBM v0.1.0
2010-03-13,obm_tx_count_daily,154,transactions,daily,OBM v0.1.0
2010-03-14,obm_tx_count_daily,127,transactions,daily,OBM v0.1.0
2010-03-15,obm_tx_count_daily,140,transactions,daily,OBM v0.1.0
2010-03-16,obm_tx_count_daily,129,transactions,daily,OBM v0.1.0
2010-03-17,obm_tx_count_daily,139,transactions,daily,OBM v0.1.0
2010-03-18,obm_tx_count_daily,149,transactions,daily,OBM v0.1.0
2010-03-19,obm_tx_count_daily,162,transactions,daily,OBM v0.1.0
2010-03-20,obm_tx_count_daily,204,transactions,daily,OBM v0.1.0
2010-03-21,obm_tx_count_daily,190,transactions,daily,OBM v0.1.0
2010-03-22,obm_tx_count_daily,186,transactions,daily,OBM v0.1.0
2010-03-23,obm_tx_count_daily,220,transactions,daily,OBM v0.1.0
2010-03-24,obm_tx_count_daily,182,transactions,daily,OBM v0.1.0
2010-03-25,obm_tx_count_daily,202,transactions,daily,OBM v0.1.0
2010-03-26,obm_tx_count_daily,213,transactions,daily,OBM v0.1.0
2010-03-27,obm_tx_count_daily,184,transactions,daily,OBM v0.1.0
2010-03-28,obm_tx_count_daily,192,transactions,daily,OBM v0.1.0
2010-03-29,obm_tx_count_daily,207,transactions,daily,OBM v0.1.0
2010-03-30,obm_tx_count_daily,221,transactions,daily,OBM v0.1.0
2010-03-31,obm_tx_count_daily,214,transactions,daily,OBM v0.1.0
2010-04-01,obm_tx_count_daily,179,transactions,daily,OBM v0.1.0
2010-04-02,obm_tx_count_daily,161,transactions,daily,OBM v0.1.0
2010-04-03,obm_tx_count_daily,166,transactions,daily,OBM v0.1.0
2010-04-04,obm_tx_count_daily,183,transactions,daily,OBM v0.1.0
2010-04-05,obm_tx_count_daily,181,transactions,daily,OBM v0.1.0
2010-04-06,obm_tx_count_daily,174,transactions,daily,OBM v0.1.0
2010-04-07,obm_tx_count_daily,204,transactions,daily,OBM v0.1.0
2010-04-08,obm_tx_count_daily,195,transactions,daily,OBM v0.1.0
2010-04-09,obm_tx_count_daily,224,transactions,daily,OBM v0.1.0
2010-04-10,obm_tx_count_daily,298,transactions,daily,OBM v0.1.0
2010-04-11,obm_tx_count_daily,265,transactions,daily,OBM v0.1.0
2010-04-12,obm_tx_count_daily,247,transactions,daily,OBM v0.1.0
2010-04-13,obm_tx_count_daily,209,transactions,daily,OBM v0.1.0
2010-04-14,obm_tx_count_daily,223,transactions,daily,OBM v0.1.0
2010-04-15,obm_tx_count_daily,290,transactions,daily,OBM v0.1.0
2010-04-16,obm_tx_count_daily,234,transactions,daily,OBM v0.1.0
2010-04-17,obm_tx_count_daily,250,transactions,daily,OBM v0.1.0
2010-04-18,obm_tx_count_daily,3351,transactions,daily,OBM v0.1.0
2010-04-19,obm_tx_count_daily,276,transactions,daily,OBM v0.1.0
2010-04-20,obm_tx_count_daily,243,transactions,daily,OBM v0.1.0
2010-04-21,obm_tx_count_daily,251,transactions,daily,OBM v0.1.0
2010-04-22,obm_tx_count_daily,199,transactions,daily,OBM v0.1.0
2010-04-23,obm_tx_count_daily,200,transactions,daily,OBM v0.1.0
2010-04-24,obm_tx_count_daily,202,transactions,daily,OBM v0.1.0
2010-04-25,obm_tx_count_daily,205,transactions,daily,OBM v0.1.0
2010-04-26,obm_tx_count_daily,211,transactions,daily,OBM v0.1.0
2010-04-27,obm_tx_count_daily,233,transactions,daily,OBM v0.1.0
2010-04-28,obm_tx_count_daily,227,transactions,daily,OBM v0.1.0
2010-04-29,obm_tx_count_daily,180,transactions,daily,OBM v0.1.0
2010-04-30,obm_tx_count_daily,170,transactions,daily,OBM v0.1.0
2010-05-01,obm_tx_count_daily,210,transactions,daily,OBM v0.1.0
2010-05-02,obm_tx_count_daily,180,transactions,daily,OBM v0.1.0
2010-05-03,obm_tx_count_daily,188,transactions,daily,OBM v0.1.0
2010-05-04,obm_tx_count_daily,177,transactions,daily,OBM v0.1.0
2010-05-05,obm_tx_count_daily,162,transactions,daily,OBM v0.1.0
2010-05-06,obm_tx_count_daily,177,transactions,daily,OBM v0.1.0
2010-05-07,obm_tx_count_daily,158,transactions,daily,OBM v0.1.0
2010-05-08,obm_tx_count_daily,182,transactions,daily,OBM v0.1.0
2010-05-09,obm_tx_count_daily,183,transactions,daily,OBM v0.1.0
2010-05-10,obm_tx_count_daily,157,transactions,daily,OBM v0.1.0
2010-05-11,obm_tx_count_daily,130,transactions,daily,OBM v0.1.0
2010-05-12,obm_tx_count_daily,159,transactions,daily,OBM v0.1.0
2010-05-13,obm_tx_count_daily,167,transactions,daily,OBM v0.1.0
2010-05-14,obm_tx_count_daily,153,transactions,daily,OBM v0.1.0
2010-05-15,obm_tx_count_daily,113,transactions,daily,OBM v0.1.0
2010-05-16,obm_tx_count_daily,133,transactions,daily,OBM v0.1.0
2010-05-17,obm_tx_count_daily,178,transactions,daily,OBM v0.1.0
2010-05-18,obm_tx_count_daily,223,transactions,daily,OBM v0.1.0
2010-05-19,obm_tx_count_daily,207,transactions,daily,OBM v0.1.0
2010-05-20,obm_tx_count_daily,237,transactions,daily,OBM v0.1.0
2010-05-21,obm_tx_count_daily,235,transactions,daily,OBM v0.1.0
2010-05-22,obm_tx_count_daily,226,transactions,daily,OBM v0.1.0
2010-05-23,obm_tx_count_daily,309,transactions,daily,OBM v0.1.0
2010-05-24,obm_tx_count_daily,250,transactions,daily,OBM v0.1.0
2010-05-25,obm_tx_count_daily,254,transactions,daily,OBM v0.1.0
2010-05-26,obm_tx_count_daily,287,transactions,daily,OBM v0.1.0
2010-05-27,obm_tx_count_daily,267,transactions,daily,OBM v0.1.0
2010-05-28,obm_tx_count_daily,277,transactions,daily,OBM v0.1.0
2010-05-29,obm_tx_count_daily,239,transactions,daily,OBM v0.1.0
2010-05-30,obm_tx_count_daily,200,transactions,daily,OBM v0.1.0
2010-05-31,obm_tx_count_daily,194,transactions,daily,OBM v0.1.0
2010-06-01,obm_tx_count_daily,183,transactions,daily,OBM v0.1.0
2010-06-02,obm_tx_count_daily,194,transactions,daily,OBM v0.1.0
2010-06-03,obm_tx_count_daily,235,transactions,daily,OBM v0.1.0
2010-06-04,obm_tx_count_daily,173,transactions,daily,OBM v0.1.0
2010-06-05,obm_tx_count_daily,190,transactions,daily,OBM v0.1.0
2010-06-06,obm_tx_count_daily,200,transactions,daily,OBM v0.1.0
2010-06-07,obm_tx_count_daily,209,transactions,daily,OBM v0.1.0
2010-06-08,obm_tx_count_daily,223,transactions,daily,OBM v0.1.0
2010-06-09,obm_tx_count_daily,220,transactions,daily,OBM v0.1.0
2010-06-10,obm_tx_count_daily,217,transactions,daily,OBM v0.1.0
2010-06-11,obm_tx_count_daily,247,transactions,daily,OBM v0.1.0
2010-06-12,obm_tx_count_daily,213,transactions,daily,OBM v0.1.0
2010-06-13,obm_tx_count_daily,239,transactions,daily,OBM v0.1.0
2010-06-14,obm_tx_count_daily,257,transactions,daily,OBM v0.1.0
2010-06-15,obm_tx_count_daily,269,transactions,daily,OBM v0.1.0
2010-06-16,obm_tx_count_daily,192,transactions,daily,OBM v0.1.0
2010-06-17,obm_tx_count_daily,204,transactions,daily,OBM v0.1.0
2010-06-18,obm_tx_count_daily,193,transactions,daily,OBM v0.1.0
2010-06-19,obm_tx_count_daily,214,transactions,daily,OBM v0.1.0
2010-06-20,obm_tx_count_daily,228,transactions,daily,OBM v0.1.0
2010-06-21,obm_tx_count_daily,242,transactions,daily,OBM v0.1.0
2010-06-22,obm_tx_count_daily,227,transactions,daily,OBM v0.1.0
2010-06-23,obm_tx_count_daily,257,transactions,daily,OBM v0.1.0
2010-06-24,obm_tx_count_daily,240,transactions,daily,OBM v0.1.0
2010-06-25,obm_tx_count_daily,210,transactions,daily,OBM v0.1.0
2010-06-26,obm_tx_count_daily,201,transactions,daily,OBM v0.1.0
2010-06-27,obm_tx_count_daily,234,transactions,daily,OBM v0.1.0
2010-06-28,obm_tx_count_daily,230,transactions,daily,OBM v0.1.0
2010-06-29,obm_tx_count_daily,264,transactions,daily,OBM v0.1.0
2010-06-30,obm_tx_count_daily,273,transactions,daily,OBM v0.1.0
2010-07-01,obm_tx_count_daily,284,transactions,daily,OBM v0.1.0
2010-07-02,obm_tx_count_daily,241,transactions,daily,OBM v0.1.0
2010-07-03,obm_tx_count_daily,286,transactions,daily,OBM v0.1.0
2010-07-04,obm_tx_count_daily,224,transactions,daily,OBM v0.1.0
2010-07-05,obm_tx_count_daily,252,transactions,daily,OBM v0.1.0
2010-07-06,obm_tx_count_daily,208,transactions,daily,OBM v0.1.0
2010-07-07,obm_tx_count_daily,218,transactions,daily,OBM v0.1.0
2010-07-08,obm_tx_count_daily,223,transactions,daily,OBM v0.1.0
2010-07-09,obm_tx_count_daily,268,transactions,daily,OBM v0.1.0
2010-07-10,obm_tx_count_daily,240,transactions,daily,OBM v0.1.0
2010-07-11,obm_tx_count_daily,353,transactions,daily,OBM v0.1.0
2010-07-12,obm_tx_count_daily,2300,transactions,daily,OBM v0.1.0
2010-07-13,obm_tx_count_daily,1479,transactions,daily,OBM v0.1.0
2010-07-14,obm_tx_count_daily,6132,transactions,daily,OBM v0.1.0
2010-07-15,obm_tx_count_daily,1330,transactions,daily,OBM v0.1.0
2010-07-16,obm_tx_count_daily,1181,transactions,daily,OBM v0.1.0
2010-07-17,obm_tx_count_daily,408,transactions,daily,OBM v0.1.0
2010-07-18,obm_tx_count_daily,420,transactions,daily,OBM v0.1.0
2010-07-19,obm_tx_count_daily,528,transactions,daily,OBM v0.1.0
2010-07-20,obm_tx_count_daily,594,transactions,daily,OBM v0.1.0
2010-07-21,obm_tx_count_daily,463,transactions,daily,OBM v0.1.0
2010-07-22,obm_tx_count_daily,397,transactions,daily,OBM v0.1.0
2010-07-23,obm_tx_count_daily,411,transactions,daily,OBM v0.1.0
2010-07-24,obm_tx_count_daily,894,transactions,daily,OBM v0.1.0
2010-07-25,obm_tx_count_daily,1823,transactions,daily,OBM v0.1.0
2010-07-26,obm_tx_count_daily,467,transactions,daily,OBM v0.1.0
2010-07-27,obm_tx_count_daily,426,transactions,daily,OBM v0.1.0
2010-07-28,obm_tx_count_daily,1951,transactions,daily,OBM v0.1.0
2010-07-29,obm_tx_count_daily,1867,transactions,daily,OBM v0.1.0
2010-07-30,obm_tx_count_daily,325,transactions,daily,OBM v0.1.0
2010-07-31,obm_tx_count_daily,295,transactions,daily,OBM v0.1.0
2010-08-01,obm_tx_count_daily,364,transactions,daily,OBM v0.1.0
2010-08-02,obm_tx_count_daily,398,transactions,daily,OBM v0.1.0
2010-08-03,obm_tx_count_daily,648,transactions,daily,OBM v0.1.0
2010-08-04,obm_tx_count_daily,439,transactions,daily,OBM v0.1.0
2010-08-05,obm_tx_count_daily,515,transactions,daily,OBM v0.1.0
2010-08-06,obm_tx_count_daily,359,transactions,daily,OBM v0.1.0
2010-08-07,obm_tx_count_daily,273,transactions,daily,OBM v0.1.0
2010-08-08,obm_tx_count_daily,391,transactions,daily,OBM v0.1.0
2010-08-09,obm_tx_count_daily,424,transactions,daily,OBM v0.1.0
2010-08-10,obm_tx_count_daily,340,transactions,daily,OBM v0.1.0
2010-08-11,obm_tx_count_daily,412,transactions,daily,OBM v0.1.0
2010-08-12,obm_tx_count_daily,392,transactions,daily,OBM v0.1.0
2010-08-13,obm_tx_count_daily,516,transactions,daily,OBM v0.1.0
2010-08-14,obm_tx_count_daily,434,transactions,daily,OBM v0.1.0
2010-08-15,obm_tx_count_daily,315,transactions,daily,OBM v0.1.0
2010-08-16,obm_tx_count_daily,453,transactions,daily,OBM v0.1.0
2010-08-17,obm_tx_count_daily,318,transactions,daily,OBM v0.1.0
2010-08-18,obm_tx_count_daily,377,transactions,daily,OBM v0.1.0
2010-08-19,obm_tx_count_daily,325,transactions,daily,OBM v0.1.0
2010-08-20,obm_tx_count_daily,423,transactions,daily,OBM v0.1.0
2010-08-21,obm_tx_count_daily,342,transactions,daily,OBM v0.1.0
2010-08-22,obm_tx_count_daily,366,transactions,daily,OBM v0.1.0
2010-08-23,obm_tx_count_daily,369,transactions,daily,OBM v0.1.0
2010-08-24,obm_tx_count_daily,379,transactions,daily,OBM v0.1.0
2010-08-25,obm_tx_count_daily,365,transactions,daily,OBM v0.1.0
2010-08-26,obm_tx_count_daily,368,transactions,daily,OBM v0.1.0
2010-08-27,obm_tx_count_daily,294,transactions,daily,OBM v0.1.0
2010-08-28,obm_tx_count_daily,339,transactions,daily,OBM v0.1.0
2010-08-29,obm_tx_count_daily,260,transactions,daily,OBM v0.1.0
2010-08-30,obm_tx_count_daily,329,transactions,daily,OBM v0.1.0
2010-08-31,obm_tx_count_daily,441,transactions,daily,OBM v0.1.0
2010-09-01,obm_tx_count_daily,380,transactions,daily,OBM v0.1.0
2010-09-02,obm_tx_count_daily,321,transactions,daily,OBM v0.1.0
2010-09-03,obm_tx_count_daily,319,transactions,daily,OBM v0.1.0
2010-09-04,obm_tx_count_daily,274,transactions,daily,OBM v0.1.0
2010-09-05,obm_tx_count_daily,311,transactions,daily,OBM v0.1.0
2010-09-06,obm_tx_count_daily,278,transactions,daily,OBM v0.1.0
2010-09-07,obm_tx_count_daily,282,transactions,daily,OBM v0.1.0
2010-09-08,obm_tx_count_daily,339,transactions,daily,OBM v0.1.0
2010-09-09,obm_tx_count_daily,324,transactions,daily,OBM v0.1.0
2010-09-10,obm_tx_count_daily,360,transactions,daily,OBM v0.1.0
2010-09-11,obm_tx_count_daily,305,transactions,daily,OBM v0.1.0
2010-09-12,obm_tx_count_daily,379,transactions,daily,OBM v0.1.0
2010-09-13,obm_tx_count_daily,436,transactions,daily,OBM v0.1.0
2010-09-14,obm_tx_count_daily,424,transactions,daily,OBM v0.1.0
2010-09-15,obm_tx_count_daily,430,transactions,daily,OBM v0.1.0
2010-09-16,obm_tx_count_daily,438,transactions,daily,OBM v0.1.0
2010-09-17,obm_tx_count_daily,361,transactions,daily,OBM v0.1.0
2010-09-18,obm_tx_count_daily,399,transactions,daily,OBM v0.1.0
2010-09-19,obm_tx_count_daily,355,transactions,daily,OBM v0.1.0
2010-09-20,obm_tx_count_daily,465,transactions,daily,OBM v0.1.0
2010-09-21,obm_tx_count_daily,810,transactions,daily,OBM v0.1.0
2010-09-22,obm_tx_count_daily,673,transactions,daily,OBM v0.1.0
2010-09-23,obm_tx_count_daily,655,transactions,daily,OBM v0.1.0
2010-09-24,obm_tx_count_daily,501,transactions,daily,OBM v0.1.0
2010-09-25,obm_tx_count_daily,532,transactions,daily,OBM v0.1.0
2010-09-26,obm_tx_count_daily,400,transactions,daily,OBM v0.1.0
2010-09-27,obm_tx_count_daily,603,transactions,daily,OBM v0.1.0
2010-09-28,obm_tx_count_daily,491,transactions,daily,OBM v0.1.0
2010-09-29,obm_tx_count_daily,975,transactions,daily,OBM v0.1.0
2010-09-30,obm_tx_count_daily,365,transactions,daily,OBM v0.1.0
2010-10-01,obm_tx_count_daily,584,transactions,daily,OBM v0.1.0
2010-10-02,obm_tx_count_daily,501,transactions,daily,OBM v0.1.0
2010-10-03,obm_tx_count_daily,377,transactions,daily,OBM v0.1.0
2010-10-04,obm_tx_count_daily,407,transactions,daily,OBM v0.1.0
2010-10-05,obm_tx_count_daily,371,transactions,daily,OBM v0.1.0
2010-10-06,obm_tx_count_daily,407,transactions,daily,OBM v0.1.0
2010-10-07,obm_tx_count_daily,340,transactions,daily,OBM v0.1.0
2010-10-08,obm_tx_count_daily,363,transactions,daily,OBM v0.1.0
2010-10-09,obm_tx_count_daily,401,transactions,daily,OBM v0.1.0
2010-10-10,obm_tx_count_daily,363,transactions,daily,OBM v0.1.0
2010-10-11,obm_tx_count_daily,342,transactions,daily,OBM v0.1.0
2010-10-12,obm_tx_count_daily,352,transactions,daily,OBM v0.1.0
2010-10-13,obm_tx_count_daily,364,transactions,daily,OBM v0.1.0
2010-10-14,obm_tx_count_daily,367,transactions,daily,OBM v0.1.0
2010-10-15,obm_tx_count_daily,328,transactions,daily,OBM v0.1.0
2010-10-16,obm_tx_count_daily,441,transactions,daily,OBM v0.1.0
2010-10-17,obm_tx_count_daily,457,transactions,daily,OBM v0.1.0
2010-10-18,obm_tx_count_daily,579,transactions,daily,OBM v0.1.0
2010-10-19,obm_tx_count_daily,924,transactions,daily,OBM v0.1.0
2010-10-20,obm_tx_count_daily,713,transactions,daily,OBM v0.1.0
2010-10-21,obm_tx_count_daily,552,transactions,daily,OBM v0.1.0
2010-10-22,obm_tx_count_daily,602,transactions,daily,OBM v0.1.0
2010-10-23,obm_tx_count_daily,517,transactions,daily,OBM v0.1.0
2010-10-24,obm_tx_count_daily,552,transactions,daily,OBM v0.1.0
2010-10-25,obm_tx_count_daily,410,transactions,daily,OBM v0.1.0
2010-10-26,obm_tx_count_daily,518,transactions,daily,OBM v0.1.0
2010-10-27,obm_tx_count_daily,568,transactions,daily,OBM v0.1.0
2010-10-28,obm_tx_count_daily,486,transactions,daily,OBM v0.1.0
2010-10-29,obm_tx_count_daily,467,transactions,daily,OBM v0.1.0
2010-10-30,obm_tx_count_daily,426,transactions,daily,OBM v0.1.0
2010-10-31,obm_tx_count_daily,307,transactions,daily,OBM v0.1.0
2010-11-01,obm_tx_count_daily,351,transactions,daily,OBM v0.1.0
2010-11-02,obm_tx_count_daily,286,transactions,daily,OBM v0.1.0
2010-11-03,obm_tx_count_daily,347,transactions,daily,OBM v0.1.0
2010-11-04,obm_tx_count_daily,342,transactions,daily,OBM v0.1.0
2010-11-05,obm_tx_count_daily,442,transactions,daily,OBM v0.1.0
2010-11-06,obm_tx_count_daily,394,transactions,daily,OBM v0.1.0
2010-11-07,obm_tx_count_daily,451,transactions,daily,OBM v0.1.0
2010-11-08,obm_tx_count_daily,515,transactions,daily,OBM v0.1.0
2010-11-09,obm_tx_count_daily,409,transactions,daily,OBM v0.1.0
2010-11-10,obm_tx_count_daily,397,transactions,daily,OBM v0.1.0
2010-11-11,obm_tx_count_daily,395,transactions,daily,OBM v0.1.0
2010-11-12,obm_tx_count_daily,286,transactions,daily,OBM v0.1.0
2010-11-13,obm_tx_count_daily,343,transactions,daily,OBM v0.1.0
2010-11-14,obm_tx_count_daily,416,transactions,daily,OBM v0.1.0
2010-11-15,obm_tx_count_daily,4871,transactions,daily,OBM v0.1.0
2010-11-16,obm_tx_count_daily,9105,transactions,daily,OBM v0.1.0
2010-11-17,obm_tx_count_daily,435,transactions,daily,OBM v0.1.0
2010-11-18,obm_tx_count_daily,1494,transactions,daily,OBM v0.1.0
2010-11-19,obm_tx_count_daily,9632,transactions,daily,OBM v0.1.0
2010-11-20,obm_tx_count_daily,9731,transactions,daily,OBM v0.1.0
2010-11-21,obm_tx_count_daily,10044,transactions,daily,OBM v0.1.0
2010-11-22,obm_tx_count_daily,343,transactions,daily,OBM v0.1.0
2010-11-23,obm_tx_count_daily,341,transactions,daily,OBM v0.1.0
2010-11-24,obm_tx_count_daily,3936,transactions,daily,OBM v0.1.0
2010-11-25,obm_tx_count_daily,4983,transactions,daily,OBM v0.1.0
2010-11-26,obm_tx_count_daily,1314,transactions,daily,OBM v0.1.0
2010-11-27,obm_tx_count_daily,445,transactions,daily,OBM v0.1.0
2010-11-28,obm_tx_count_daily,454,transactions,daily,OBM v0.1.0
2010-11-29,obm_tx_count_daily,454,transactions,daily,OBM v0.1.0
2010-11-30,obm_tx_count_daily,454,transactions,daily,OBM v0.1.0
2010-12-01,obm_tx_count_daily,512,transactions,daily,OBM v0.1.0
2010-12-02,obm_tx_count_daily,460,transactions,daily,OBM v0.1.0
2010-12-03,obm_tx_count_daily,384,transactions,daily,OBM v0.1.0
2010-12-04,obm_tx_count_daily,418,transactions,daily,OBM v0.1.0
2010-12-05,obm_tx_count_daily,434,transactions,daily,OBM v0.1.0
2010-12-06,obm_tx_count_daily,465,transactions,daily,OBM v0.1.0
2010-12-07,obm_tx_count_daily,573,transactions,daily,OBM v0.1.0
2010-12-08,obm_tx_count_daily,523,transactions,daily,OBM v0.1.0
2010-12-09,obm_tx_count_daily,486,transactions,daily,OBM v0.1.0
2010-12-10,obm_tx_count_daily,373,transactions,daily,OBM v0.1.0
2010-12-11,obm_tx_count_daily,550,transactions,daily,OBM v0.1.0
2010-12-12,obm_tx_count_daily,643,transactions,daily,OBM v0.1.0
2010-12-13,obm_tx_count_daily,646,transactions,daily,OBM v0.1.0
2010-12-14,obm_tx_count_daily,653,transactions,daily,OBM v0.1.0
2010-12-15,obm_tx_count_daily,642,transactions,daily,OBM v0.1.0
2010-12-16,obm_tx_count_daily,531,transactions,daily,OBM v0.1.0
2010-12-17,obm_tx_count_daily,462,transactions,daily,OBM v0.1.0
2010-12-18,obm_tx_count_daily,499,transactions,daily,OBM v0.1.0
2010-12-19,obm_tx_count_daily,551,transactions,daily,OBM v0.1.0
2010-12-20,obm_tx_count_daily,932,transactions,daily,OBM v0.1.0
2010-12-21,obm_tx_count_daily,629,transactions,daily,OBM v0.1.0
2010-12-22,obm_tx_count_daily,660,transactions,daily,OBM v0.1.0
2010-12-23,obm_tx_count_daily,519,transactions,daily,OBM v0.1.0
2010-12-24,obm_tx_count_daily,531,transactions,daily,OBM v0.1.0
2010-12-25,obm_tx_count_daily,634,transactions,daily,OBM v0.1.0
2010-12-26,obm_tx_count_daily,584,transactions,daily,OBM v0.1.0
2010-12-27,obm_tx_count_daily,526,transactions,daily,OBM v0.1.0
2010-12-28,obm_tx_count_daily,661,transactions,daily,OBM v0.1.0
2010-12-29,obm_tx_count_daily,513,transactions,daily,OBM v0.1.0
2010-12-30,obm_tx_count_daily,593,transactions,daily,OBM v0.1.0
2010-12-31,obm_tx_count_daily,555,transactions,daily,OBM v0.1.0
2011-01-01,obm_tx_count_daily,659,transactions,daily,OBM v0.1.0
2011-01-02,obm_tx_count_daily,569,transactions,daily,OBM v0.1.0
2011-01-03,obm_tx_count_daily,1128,transactions,daily,OBM v0.1.0
2011-01-04,obm_tx_count_daily,979,transactions,daily,OBM v0.1.0
2011-01-05,obm_tx_count_daily,1310,transactions,daily,OBM v0.1.0
2011-01-06,obm_tx_count_daily,694,transactions,daily,OBM v0.1.0
2011-01-07,obm_tx_count_daily,1020,transactions,daily,OBM v0.1.0
2011-01-08,obm_tx_count_daily,1436,transactions,daily,OBM v0.1.0
2011-01-09,obm_tx_count_daily,1223,transactions,daily,OBM v0.1.0
2011-01-10,obm_tx_count_daily,1312,transactions,daily,OBM v0.1.0
2011-01-11,obm_tx_count_daily,1362,transactions,daily,OBM v0.1.0
2011-01-12,obm_tx_count_daily,1162,transactions,daily,OBM v0.1.0
2011-01-13,obm_tx_count_daily,1266,transactions,daily,OBM v0.1.0
2011-01-14,obm_tx_count_daily,1262,transactions,daily,OBM v0.1.0
2011-01-15,obm_tx_count_daily,962,transactions,daily,OBM v0.1.0
2011-01-16,obm_tx_count_daily,931,transactions,daily,OBM v0.1.0
2011-01-17,obm_tx_count_daily,830,transactions,daily,OBM v0.1.0
2011-01-18,obm_tx_count_daily,818,transactions,daily,OBM v0.1.0
2011-01-19,obm_tx_count_daily,917,transactions,daily,OBM v0.1.0
2011-01-20,obm_tx_count_daily,924,transactions,daily,OBM v0.1.0
2011-01-21,obm_tx_count_daily,1166,transactions,daily,OBM v0.1.0
2011-01-22,obm_tx_count_daily,1422,transactions,daily,OBM v0.1.0
2011-01-23,obm_tx_count_daily,1081,transactions,daily,OBM v0.1.0
2011-01-24,obm_tx_count_daily,1319,transactions,daily,OBM v0.1.0
2011-01-25,obm_tx_count_daily,889,transactions,daily,OBM v0.1.0
2011-01-26,obm_tx_count_daily,1005,transactions,daily,OBM v0.1.0
2011-01-27,obm_tx_count_daily,841,transactions,daily,OBM v0.1.0
2011-01-28,obm_tx_count_daily,1081,transactions,daily,OBM v0.1.0
2011-01-29,obm_tx_count_daily,1347,transactions,daily,OBM v0.1.0
2011-01-30,obm_tx_count_daily,2592,transactions,daily,OBM v0.1.0
2011-01-31,obm_tx_count_daily,1393,transactions,daily,OBM v0.1.0
2011-02-01,obm_tx_count_daily,1013,transactions,daily,OBM v0.1.0
2011-02-02,obm_tx_count_daily,896,transactions,daily,OBM v0.1.0
2011-02-03,obm_tx_count_daily,789,transactions,daily,OBM v0.1.0
2011-02-04,obm_tx_count_daily,954,transactions,daily,OBM v0.1.0
2011-02-05,obm_tx_count_daily,832,transactions,daily,OBM v0.1.0
2011-02-06,obm_tx_count_daily,909,transactions,daily,OBM v0.1.0
2011-02-07,obm_tx_count_daily,892,transactions,daily,OBM v0.1.0
2011-02-08,obm_tx_count_daily,846,transactions,daily,OBM v0.1.0
2011-02-09,obm_tx_count_daily,1227,transactions,daily,OBM v0.1.0
2011-02-10,obm_tx_count_daily,2034,transactions,daily,OBM v0.1.0
2011-02-11,obm_tx_count_daily,2355,transactions,daily,OBM v0.1.0
2011-02-12,obm_tx_count_daily,1912,transactions,daily,OBM v0.1.0
2011-02-13,obm_tx_count_daily,1822,transactions,daily,OBM v0.1.0
2011-02-14,obm_tx_count_daily,2006,transactions,daily,OBM v0.1.0
2011-02-15,obm_tx_count_daily,2224,transactions,daily,OBM v0.1.0
2011-02-16,obm_tx_count_daily,2090,transactions,daily,OBM v0.1.0
2011-02-17,obm_tx_count_daily,2250,transactions,daily,OBM v0.1.0
2011-02-18,obm_tx_count_daily,2056,transactions,daily,OBM v0.1.0
2011-02-19,obm_tx_count_daily,1583,transactions,daily,OBM v0.1.0
2011-02-20,obm_tx_count_daily,1939,transactions,daily,OBM v0.1.0
2011-02-21,obm_tx_count_daily,1970,transactions,daily,OBM v0.1.0
2011-02-22,obm_tx_count_daily,2196,transactions,daily,OBM v0.1.0
2011-02-23,obm_tx_count_daily,2263,transactions,daily,OBM v0.1.0
2011-02-24,obm_tx_count_daily,2109,transactions,daily,OBM v0.1.0
2011-02-25,obm_tx_count_daily,2060,transactions,daily,OBM v0.1.0
2011-02-26,obm_tx_count_daily,1952,transactions,daily,OBM v0.1.0
2011-02-27,obm_tx_count_daily,2269,transactions,daily,OBM v0.1.0
2011-02-28,obm_tx_count_daily,1720,transactions,daily,OBM v0.1.0
2011-03-01,obm_tx_count_daily,2729,transactions,daily,OBM v0.1.0
2011-03-02,obm_tx_count_daily,2009,transactions,daily,OBM v0.1.0
2011-03-03,obm_tx_count_daily,3204,transactions,daily,OBM v0.1.0
2011-03-04,obm_tx_count_daily,1982,transactions,daily,OBM v0.1.0
2011-03-05,obm_tx_count_daily,2048,transactions,daily,OBM v0.1.0
2011-03-06,obm_tx_count_daily,2031,transactions,daily,OBM v0.1.0
2011-03-07,obm_tx_count_daily,1926,transactions,daily,OBM v0.1.0
2011-03-08,obm_tx_count_daily,2440,transactions,daily,OBM v0.1.0
2011-03-09,obm_tx_count_daily,1834,transactions,daily,OBM v0.1.0
2011-03-10,obm_tx_count_daily,1661,transactions,daily,OBM v0.1.0
2011-03-11,obm_tx_count_daily,1884,transactions,daily,OBM v0.1.0
2011-03-12,obm_tx_count_daily,2956,transactions,daily,OBM v0.1.0
2011-03-13,obm_tx_count_daily,2711,transactions,daily,OBM v0.1.0
2011-03-14,obm_tx_count_daily,2643,transactions,daily,OBM v0.1.0
2011-03-15,obm_tx_count_daily,2854,transactions,daily,OBM v0.1.0
2011-03-16,obm_tx_count_daily,3183,transactions,daily,OBM v0.1.0
2011-03-17,obm_tx_count_daily,3367,transactions,daily,OBM v0.1.0
2011-03-18,obm_tx_count_daily,2371,transactions,daily,OBM v0.1.0
2011-03-19,obm_tx_count_daily,3189,transactions,daily,OBM v0.1.0
2011-03-20,obm_tx_count_daily,4076,transactions,daily,OBM v0.1.0
2011-03-21,obm_tx_count_daily,5855,transactions,daily,OBM v0.1.0
2011-03-22,obm_tx_count_daily,2238,transactions,daily,OBM v0.1.0
2011-03-23,obm_tx_count_daily,4570,transactions,daily,OBM v0.1.0
2011-03-24,obm_tx_count_daily,2164,transactions,daily,OBM v0.1.0
2011-03-25,obm_tx_count_daily,1999,transactions,daily,OBM v0.1.0
2011-03-26,obm_tx_count_daily,3335,transactions,daily,OBM v0.1.0
2011-03-27,obm_tx_count_daily,2463,transactions,daily,OBM v0.1.0
2011-03-28,obm_tx_count_daily,2931,transactions,daily,OBM v0.1.0
2011-03-29,obm_tx_count_daily,2718,transactions,daily,OBM v0.1.0
2011-03-30,obm_tx_count_daily,1756,transactions,daily,OBM v0.1.0
2011-03-31,obm_tx_count_daily,2095,transactions,daily,OBM v0.1.0
2011-04-01,obm_tx_count_daily,1579,transactions,daily,OBM v0.1.0
2011-04-02,obm_tx_count_daily,1772,transactions,daily,OBM v0.1.0
2011-04-03,obm_tx_count_daily,1805,transactions,daily,OBM v0.1.0
2011-04-04,obm_tx_count_daily,2309,transactions,daily,OBM v0.1.0
2011-04-05,obm_tx_count_daily,2119,transactions,daily,OBM v0.1.0
2011-04-06,obm_tx_count_daily,1864,transactions,daily,OBM v0.1.0
2011-04-07,obm_tx_count_daily,1677,transactions,daily,OBM v0.1.0
2011-04-08,obm_tx_count_daily,1767,transactions,daily,OBM v0.1.0
2011-04-09,obm_tx_count_daily,1733,transactions,daily,OBM v0.1.0
2011-04-10,obm_tx_count_daily,1744,transactions,daily,OBM v0.1.0
2011-04-11,obm_tx_count_daily,1943,transactions,daily,OBM v0.1.0
2011-04-12,obm_tx_count_daily,2077,transactions,daily,OBM v0.1.0
2011-04-13,obm_tx_count_daily,2371,transactions,daily,OBM v0.1.0
2011-04-14,obm_tx_count_daily,2881,transactions,daily,OBM v0.1.0
2011-04-15,obm_tx_count_daily,2018,transactions,daily,OBM v0.1.0
2011-04-16,obm_tx_count_daily,2154,transactions,daily,OBM v0.1.0
2011-04-17,obm_tx_count_daily,2257,transactions,daily,OBM v0.1.0
2011-04-18,obm_tx_count_daily,3035,transactions,daily,OBM v0.1.0
2011-04-19,obm_tx_count_daily,3598,transactions,daily,OBM v0.1.0
2011-04-20,obm_tx_count_daily,2969,transactions,daily,OBM v0.1.0
2011-04-21,obm_tx_count_daily,1915,transactions,daily,OBM v0.1.0
2011-04-22,obm_tx_count_daily,2097,transactions,daily,OBM v0.1.0
2011-04-23,obm_tx_count_daily,2310,transactions,daily,OBM v0.1.0
2011-04-24,obm_tx_count_daily,2273,transactions,daily,OBM v0.1.0
2011-04-25,obm_tx_count_daily,2592,transactions,daily,OBM v0.1.0
2011-04-26,obm_tx_count_daily,3455,transactions,daily,OBM v0.1.0
2011-04-27,obm_tx_count_daily,4580,transactions,daily,OBM v0.1.0
2011-04-28,obm_tx_count_daily,3035,transactions,daily,OBM v0.1.0
2011-04-29,obm_tx_count_daily,3534,transactions,daily,OBM v0.1.0
2011-04-30,obm_tx_count_daily,4473,transactions,daily,OBM v0.1.0
2011-05-01,obm_tx_count_daily,3949,transactions,daily,OBM v0.1.0
2011-05-02,obm_tx_count_daily,3095,transactions,daily,OBM v0.1.0
2011-05-03,obm_tx_count_daily,2935,transactions,daily,OBM v0.1.0
2011-05-04,obm_tx_count_daily,2800,transactions,daily,OBM v0.1.0
2011-05-05,obm_tx_count_daily,3464,transactions,daily,OBM v0.1.0
2011-05-06,obm_tx_count_daily,3290,transactions,daily,OBM v0.1.0
2011-05-07,obm_tx_count_daily,3887,transactions,daily,OBM v0.1.0
2011-05-08,obm_tx_count_daily,2898,transactions,daily,OBM v0.1.0
2011-05-09,obm_tx_count_daily,3516,transactions,daily,OBM v0.1.0
2011-05-10,obm_tx_count_daily,3151,transactions,daily,OBM v0.1.0
2011-05-11,obm_tx_count_daily,3090,transactions,daily,OBM v0.1.0
2011-05-12,obm_tx_count_daily,3361,transactions,daily,OBM v0.1.0
2011-05-13,obm_tx_count_daily,4064,transactions,daily,OBM v0.1.0
2011-05-14,obm_tx_count_daily,4414,transactions,daily,OBM v0.1.0
2011-05-15,obm_tx_count_daily,3770,transactions,daily,OBM v0.1.0
2011-05-16,obm_tx_count_daily,4349,transactions,daily,OBM v0.1.0
2011-05-17,obm_tx_count_daily,4464,transactions,daily,OBM v0.1.0
2011-05-18,obm_tx_count_daily,5581,transactions,daily,OBM v0.1.0
2011-05-19,obm_tx_count_daily,4663,transactions,daily,OBM v0.1.0
2011-05-20,obm_tx_count_daily,4795,transactions,daily,OBM v0.1.0
2011-05-21,obm_tx_count_daily,4964,transactions,daily,OBM v0.1.0
2011-05-22,obm_tx_count_daily,5282,transactions,daily,OBM v0.1.0
2011-05-23,obm_tx_count_daily,5745,transactions,daily,OBM v0.1.0
2011-05-24,obm_tx_count_daily,5865,transactions,daily,OBM v0.1.0
2011-05-25,obm_tx_count_daily,6258,transactions,daily,OBM v0.1.0
2011-05-26,obm_tx_count_daily,6967,transactions,daily,OBM v0.1.0
2011-05-27,obm_tx_count_daily,4853,transactions,daily,OBM v0.1.0
2011-05-28,obm_tx_count_daily,5013,transactions,daily,OBM v0.1.0
2011-05-29,obm_tx_count_daily,4753,transactions,daily,OBM v0.1.0
2011-05-30,obm_tx_count_daily,5337,transactions,daily,OBM v0.1.0
2011-05-31,obm_tx_count_daily,6063,transactions,daily,OBM v0.1.0
2011-06-01,obm_tx_count_daily,6540,transactions,daily,OBM v0.1.0
2011-06-02,obm_tx_count_daily,7136,transactions,daily,OBM v0.1.0
2011-06-03,obm_tx_count_daily,8441,transactions,daily,OBM v0.1.0
2011-06-04,obm_tx_count_daily,8811,transactions,daily,OBM v0.1.0
2011-06-05,obm_tx_count_daily,8592,transactions,daily,OBM v0.1.0
2011-06-06,obm_tx_count_daily,9703,transactions,daily,OBM v0.1.0
2011-06-07,obm_tx_count_daily,9002,transactions,daily,OBM v0.1.0
2011-06-08,obm_tx_count_daily,11815,transactions,daily,OBM v0.1.0
2011-06-09,obm_tx_count_daily,12176,transactions,daily,OBM v0.1.0
2011-06-10,obm_tx_count_daily,11269,transactions,daily,OBM v0.1.0
2011-06-11,obm_tx_count_daily,10897,transactions,daily,OBM v0.1.0
2011-06-12,obm_tx_count_daily,12440,transactions,daily,OBM v0.1.0
2011-06-13,obm_tx_count_daily,11246,transactions,daily,OBM v0.1.0
2011-06-14,obm_tx_count_daily,14158,transactions,daily,OBM v0.1.0
2011-06-15,obm_tx_count_daily,12605,transactions,daily,OBM v0.1.0
2011-06-16,obm_tx_count_daily,12746,transactions,daily,OBM v0.1.0
2011-06-17,obm_tx_count_daily,11296,transactions,daily,OBM v0.1.0
2011-06-18,obm_tx_count_daily,11563,transactions,daily,OBM v0.1.0
2011-06-19,obm_tx_count_daily,11472,transactions,daily,OBM v0.1.0
2011-06-20,obm_tx_count_daily,11225,transactions,daily,OBM v0.1.0
2011-06-21,obm_tx_count_daily,9704,transactions,daily,OBM v0.1.0
2011-06-22,obm_tx_count_daily,11519,transactions,daily,OBM v0.1.0
2011-06-23,obm_tx_count_daily,10418,transactions,daily,OBM v0.1.0
2011-06-24,obm_tx_count_daily,10922,transactions,daily,OBM v0.1.0
2011-06-25,obm_tx_count_daily,9693,transactions,daily,OBM v0.1.0
2011-06-26,obm_tx_count_daily,9985,transactions,daily,OBM v0.1.0
2011-06-27,obm_tx_count_daily,11751,transactions,daily,OBM v0.1.0
2011-06-28,obm_tx_count_daily,10719,transactions,daily,OBM v0.1.0
2011-06-29,obm_tx_count_daily,10002,transactions,daily,OBM v0.1.0
2011-06-30,obm_tx_count_daily,9636,transactions,daily,OBM v0.1.0
2011-07-01,obm_tx_count_daily,10603,transactions,daily,OBM v0.1.0
2011-07-02,obm_tx_count_daily,8018,transactions,daily,OBM v0.1.0
2011-07-03,obm_tx_count_daily,8364,transactions,daily,OBM v0.1.0
2011-07-04,obm_tx_count_daily,9604,transactions,daily,OBM v0.1.0
2011-07-05,obm_tx_count_daily,8965,transactions,daily,OBM v0.1.0
2011-07-06,obm_tx_count_daily,10519,transactions,daily,OBM v0.1.0
2011-07-07,obm_tx_count_daily,9180,transactions,daily,OBM v0.1.0
2011-07-08,obm_tx_count_daily,8528,transactions,daily,OBM v0.1.0
2011-07-09,obm_tx_count_daily,7851,transactions,daily,OBM v0.1.0
2011-07-10,obm_tx_count_daily,8392,transactions,daily,OBM v0.1.0
2011-07-11,obm_tx_count_daily,10523,transactions,daily,OBM v0.1.0
2011-07-12,obm_tx_count_daily,8147,transactions,daily,OBM v0.1.0
2011-07-13,obm_tx_count_daily,9193,transactions,daily,OBM v0.1.0
2011-07-14,obm_tx_count_daily,8716,transactions,daily,OBM v0.1.0
2011-07-15,obm_tx_count_daily,7998,transactions,daily,OBM v0.1.0
2011-07-16,obm_tx_count_daily,8876,transactions,daily,OBM v0.1.0
2011-07-17,obm_tx_count_daily,8379,transactions,daily,OBM v0.1.0
2011-07-18,obm_tx_count_daily,8976,transactions,daily,OBM v0.1.0
2011-07-19,obm_tx_count_daily,9185,transactions,daily,OBM v0.1.0
2011-07-20,obm_tx_count_daily,8863,transactions,daily,OBM v0.1.0
2011-07-21,obm_tx_count_daily,8163,transactions,daily,OBM v0.1.0
2011-07-22,obm_tx_count_daily,8991,transactions,daily,OBM v0.1.0
2011-07-23,obm_tx_count_daily,7415,transactions,daily,OBM v0.1.0
2011-07-24,obm_tx_count_daily,8219,transactions,daily,OBM v0.1.0
2011-07-25,obm_tx_count_daily,9485,transactions,daily,OBM v0.1.0
2011-07-26,obm_tx_count_daily,8370,transactions,daily,OBM v0.1.0
2011-07-27,obm_tx_count_daily,7995,transactions,daily,OBM v0.1.0
2011-07-28,obm_tx_count_daily,8119,transactions,daily,OBM v0.1.0
2011-07-29,obm_tx_count_daily,7315,transactions,daily,OBM v0.1.0
2011-07-30,obm_tx_count_daily,6209,transactions,daily,OBM v0.1.0
2011-07-31,obm_tx_count_daily,8099,transactions,daily,OBM v0.1.0
2011-08-01,obm_tx_count_daily,8195,transactions,daily,OBM v0.1.0
2011-08-02,obm_tx_count_daily,8817,transactions,daily,OBM v0.1.0
2011-08-03,obm_tx_count_daily,7737,transactions,daily,OBM v0.1.0
2011-08-04,obm_tx_count_daily,8307,transactions,daily,OBM v0.1.0
2011-08-05,obm_tx_count_daily,7360,transactions,daily,OBM v0.1.0
2011-08-06,obm_tx_count_daily,6834,transactions,daily,OBM v0.1.0
2011-08-07,obm_tx_count_daily,6710,transactions,daily,OBM v0.1.0
2011-08-08,obm_tx_count_daily,7267,transactions,daily,OBM v0.1.0
2011-08-09,obm_tx_count_daily,9219,transactions,daily,OBM v0.1.0
2011-08-10,obm_tx_count_daily,8335,transactions,daily,OBM v0.1.0
2011-08-11,obm_tx_count_daily,7596,transactions,daily,OBM v0.1.0
2011-08-12,obm_tx_count_daily,7165,transactions,daily,OBM v0.1.0
2011-08-13,obm_tx_count_daily,7398,transactions,daily,OBM v0.1.0
2011-08-14,obm_tx_count_daily,7471,transactions,daily,OBM v0.1.0
2011-08-15,obm_tx_count_daily,8379,transactions,daily,OBM v0.1.0
2011-08-16,obm_tx_count_daily,9640,transactions,daily,OBM v0.1.0
2011-08-17,obm_tx_count_daily,7722,transactions,daily,OBM v0.1.0
2011-08-18,obm_tx_count_daily,7415,transactions,daily,OBM v0.1.0
2011-08-19,obm_tx_count_daily,7614,transactions,daily,OBM v0.1.0
2011-08-20,obm_tx_count_daily,7191,transactions,daily,OBM v0.1.0
2011-08-21,obm_tx_count_daily,7667,transactions,daily,OBM v0.1.0
2011-08-22,obm_tx_count_daily,7815,transactions,daily,OBM v0.1.0
2011-08-23,obm_tx_count_daily,7277,transactions,daily,OBM v0.1.0
2011-08-24,obm_tx_count_daily,7367,transactions,daily,OBM v0.1.0
2011-08-25,obm_tx_count_daily,7241,transactions,daily,OBM v0.1.0
2011-08-26,obm_tx_count_daily,7421,transactions,daily,OBM v0.1.0
2011-08-27,obm_tx_count_daily,6361,transactions,daily,OBM v0.1.0
2011-08-28,obm_tx_count_daily,5589,transactions,daily,OBM v0.1.0
2011-08-29,obm_tx_count_daily,8094,transactions,daily,OBM v0.1.0
2011-08-30,obm_tx_count_daily,7804,transactions,daily,OBM v0.1.0
2011-08-31,obm_tx_count_daily,7292,transactions,daily,OBM v0.1.0
2011-09-01,obm_tx_count_daily,7203,transactions,daily,OBM v0.1.0
2011-09-02,obm_tx_count_daily,7026,transactions,daily,OBM v0.1.0
2011-09-03,obm_tx_count_daily,5925,transactions,daily,OBM v0.1.0
2011-09-04,obm_tx_count_daily,7258,transactions,daily,OBM v0.1.0
2011-09-05,obm_tx_count_daily,7039,transactions,daily,OBM v0.1.0
2011-09-06,obm_tx_count_daily,7830,transactions,daily,OBM v0.1.0
2011-09-07,obm_tx_count_daily,7090,transactions,daily,OBM v0.1.0
2011-09-08,obm_tx_count_daily,6497,transactions,daily,OBM v0.1.0
2011-09-09,obm_tx_count_daily,7376,transactions,daily,OBM v0.1.0
2011-09-10,obm_tx_count_daily,5993,transactions,daily,OBM v0.1.0
2011-09-11,obm_tx_count_daily,6443,transactions,daily,OBM v0.1.0
2011-09-12,obm_tx_count_daily,6575,transactions,daily,OBM v0.1.0
2011-09-13,obm_tx_count_daily,6519,transactions,daily,OBM v0.1.0
2011-09-14,obm_tx_count_daily,6200,transactions,daily,OBM v0.1.0
2011-09-15,obm_tx_count_daily,6474,transactions,daily,OBM v0.1.0
2011-09-16,obm_tx_count_daily,6209,transactions,daily,OBM v0.1.0
2011-09-17,obm_tx_count_daily,5454,transactions,daily,OBM v0.1.0
2011-09-18,obm_tx_count_daily,5986,transactions,daily,OBM v0.1.0
2011-09-19,obm_tx_count_daily,6653,transactions,daily,OBM v0.1.0
2011-09-20,obm_tx_count_daily,8145,transactions,daily,OBM v0.1.0
2011-09-21,obm_tx_count_daily,7684,transactions,daily,OBM v0.1.0
2011-09-22,obm_tx_count_daily,6139,transactions,daily,OBM v0.1.0
2011-09-23,obm_tx_count_daily,6328,transactions,daily,OBM v0.1.0
2011-09-24,obm_tx_count_daily,5728,transactions,daily,OBM v0.1.0
2011-09-25,obm_tx_count_daily,5722,transactions,daily,OBM v0.1.0
2011-09-26,obm_tx_count_daily,5639,transactions,daily,OBM v0.1.0
2011-09-27,obm_tx_count_daily,6101,transactions,daily,OBM v0.1.0
2011-09-28,obm_tx_count_daily,6017,transactions,daily,OBM v0.1.0
2011-09-29,obm_tx_count_daily,5589,transactions,daily,OBM v0.1.0
2011-09-30,obm_tx_count_daily,5865,transactions,daily,OBM v0.1.0
2011-10-01,obm_tx_count_daily,5374,transactions,daily,OBM v0.1.0
2011-10-02,obm_tx_count_daily,5035,transactions,daily,OBM v0.1.0
2011-10-03,obm_tx_count_daily,6521,transactions,daily,OBM v0.1.0
2011-10-04,obm_tx_count_daily,5809,transactions,daily,OBM v0.1.0
2011-10-05,obm_tx_count_daily,5771,transactions,daily,OBM v0.1.0
2011-10-06,obm_tx_count_daily,5912,transactions,daily,OBM v0.1.0
2011-10-07,obm_tx_count_daily,5674,transactions,daily,OBM v0.1.0
2011-10-08,obm_tx_count_daily,5402,transactions,daily,OBM v0.1.0
2011-10-09,obm_tx_count_daily,5457,transactions,daily,OBM v0.1.0
2011-10-10,obm_tx_count_daily,5882,transactions,daily,OBM v0.1.0
2011-10-11,obm_tx_count_daily,5930,transactions,daily,OBM v0.1.0
2011-10-12,obm_tx_count_daily,5949,transactions,daily,OBM v0.1.0
2011-10-13,obm_tx_count_daily,4984,transactions,daily,OBM v0.1.0
2011-10-14,obm_tx_count_daily,6111,transactions,daily,OBM v0.1.0
2011-10-15,obm_tx_count_daily,5579,transactions,daily,OBM v0.1.0
2011-10-16,obm_tx_count_daily,4981,transactions,daily,OBM v0.1.0
2011-10-17,obm_tx_count_daily,5781,transactions,daily,OBM v0.1.0
2011-10-18,obm_tx_count_daily,4863,transactions,daily,OBM v0.1.0
2011-10-19,obm_tx_count_daily,5130,transactions,daily,OBM v0.1.0
2011-10-20,obm_tx_count_daily,4649,transactions,daily,OBM v0.1.0
2011-10-21,obm_tx_count_daily,5206,transactions,daily,OBM v0.1.0
2011-10-22,obm_tx_count_daily,5114,transactions,daily,OBM v0.1.0
2011-10-23,obm_tx_count_daily,5608,transactions,daily,OBM v0.1.0
2011-10-24,obm_tx_count_daily,5934,transactions,daily,OBM v0.1.0
2011-10-25,obm_tx_count_daily,5226,transactions,daily,OBM v0.1.0
2011-10-26,obm_tx_count_daily,5272,transactions,daily,OBM v0.1.0
2011-10-27,obm_tx_count_daily,4677,transactions,daily,OBM v0.1.0
2011-10-28,obm_tx_count_daily,5118,transactions,daily,OBM v0.1.0
2011-10-29,obm_tx_count_daily,5596,transactions,daily,OBM v0.1.0
2011-10-30,obm_tx_count_daily,4980,transactions,daily,OBM v0.1.0
2011-10-31,obm_tx_count_daily,5182,transactions,daily,OBM v0.1.0
2011-11-01,obm_tx_count_daily,5777,transactions,daily,OBM v0.1.0
2011-11-02,obm_tx_count_daily,5991,transactions,daily,OBM v0.1.0
2011-11-03,obm_tx_count_daily,6253,transactions,daily,OBM v0.1.0
2011-11-04,obm_tx_count_daily,6540,transactions,daily,OBM v0.1.0
2011-11-05,obm_tx_count_daily,5928,transactions,daily,OBM v0.1.0
2011-11-06,obm_tx_count_daily,5034,transactions,daily,OBM v0.1.0
2011-11-07,obm_tx_count_daily,5496,transactions,daily,OBM v0.1.0
2011-11-08,obm_tx_count_daily,5994,transactions,daily,OBM v0.1.0
2011-11-09,obm_tx_count_daily,6448,transactions,daily,OBM v0.1.0
2011-11-10,obm_tx_count_daily,6541,transactions,daily,OBM v0.1.0
2011-11-11,obm_tx_count_daily,5093,transactions,daily,OBM v0.1.0
2011-11-12,obm_tx_count_daily,5127,transactions,daily,OBM v0.1.0
2011-11-13,obm_tx_count_daily,5374,transactions,daily,OBM v0.1.0
2011-11-14,obm_tx_count_daily,5908,transactions,daily,OBM v0.1.0
2011-11-15,obm_tx_count_daily,6106,transactions,daily,OBM v0.1.0
2011-11-16,obm_tx_count_daily,6048,transactions,daily,OBM v0.1.0
2011-11-17,obm_tx_count_daily,4959,transactions,daily,OBM v0.1.0
2011-11-18,obm_tx_count_daily,5169,transactions,daily,OBM v0.1.0
2011-11-19,obm_tx_count_daily,4724,transactions,daily,OBM v0.1.0
2011-11-20,obm_tx_count_daily,5125,transactions,daily,OBM v0.1.0
2011-11-21,obm_tx_count_daily,4770,transactions,daily,OBM v0.1.0
2011-11-22,obm_tx_count_daily,5491,transactions,daily,OBM v0.1.0
2011-11-23,obm_tx_count_daily,5598,transactions,daily,OBM v0.1.0
2011-11-24,obm_tx_count_daily,5018,transactions,daily,OBM v0.1.0
2011-11-25,obm_tx_count_daily,5486,transactions,daily,OBM v0.1.0
2011-11-26,obm_tx_count_daily,4752,transactions,daily,OBM v0.1.0
2011-11-27,obm_tx_count_daily,5061,transactions,daily,OBM v0.1.0
2011-11-28,obm_tx_count_daily,5930,transactions,daily,OBM v0.1.0
2011-11-29,obm_tx_count_daily,6414,transactions,daily,OBM v0.1.0
2011-11-30,obm_tx_count_daily,6857,transactions,daily,OBM v0.1.0
2011-12-01,obm_tx_count_daily,6352,transactions,daily,OBM v0.1.0
2011-12-02,obm_tx_count_daily,6318,transactions,daily,OBM v0.1.0
2011-12-03,obm_tx_count_daily,5631,transactions,daily,OBM v0.1.0
2011-12-04,obm_tx_count_daily,5385,transactions,daily,OBM v0.1.0
2011-12-05,obm_tx_count_daily,6237,transactions,daily,OBM v0.1.0
2011-12-06,obm_tx_count_daily,7978,transactions,daily,OBM v0.1.0
2011-12-07,obm_tx_count_daily,6135,transactions,daily,OBM v0.1.0
2011-12-08,obm_tx_count_daily,5820,transactions,daily,OBM v0.1.0
2011-12-09,obm_tx_count_daily,5588,transactions,daily,OBM v0.1.0
2011-12-10,obm_tx_count_daily,5678,transactions,daily,OBM v0.1.0
2011-12-11,obm_tx_count_daily,5261,transactions,daily,OBM v0.1.0
2011-12-12,obm_tx_count_daily,4862,transactions,daily,OBM v0.1.0
2011-12-13,obm_tx_count_daily,5406,transactions,daily,OBM v0.1.0
2011-12-14,obm_tx_count_daily,5692,transactions,daily,OBM v0.1.0
2011-12-15,obm_tx_count_daily,4850,transactions,daily,OBM v0.1.0
2011-12-16,obm_tx_count_daily,5164,transactions,daily,OBM v0.1.0
2011-12-17,obm_tx_count_daily,4993,transactions,daily,OBM v0.1.0
2011-12-18,obm_tx_count_daily,4632,transactions,daily,OBM v0.1.0
2011-12-19,obm_tx_count_daily,5844,transactions,daily,OBM v0.1.0
2011-12-20,obm_tx_count_daily,6295,transactions,daily,OBM v0.1.0
2011-12-21,obm_tx_count_daily,5577,transactions,daily,OBM v0.1.0
2011-12-22,obm_tx_count_daily,5859,transactions,daily,OBM v0.1.0
2011-12-23,obm_tx_count_daily,5682,transactions,daily,OBM v0.1.0
2011-12-24,obm_tx_count_daily,4658,transactions,daily,OBM v0.1.0
2011-12-25,obm_tx_count_daily,5286,transactions,daily,OBM v0.1.0
2011-12-26,obm_tx_count_daily,5641,transactions,daily,OBM v0.1.0
2011-12-27,obm_tx_count_daily,5211,transactions,daily,OBM v0.1.0
2011-12-28,obm_tx_count_daily,5000,transactions,daily,OBM v0.1.0
2011-12-29,obm_tx_count_daily,5212,transactions,daily,OBM v0.1.0
2011-12-30,obm_tx_count_daily,5051,transactions,daily,OBM v0.1.0
2011-12-31,obm_tx_count_daily,5137,transactions,daily,OBM v0.1.0
2012-01-01,obm_tx_count_daily,5001,transactions,daily,OBM v0.1.0
2012-01-02,obm_tx_count_daily,5410,transactions,daily,OBM v0.1.0
2012-01-03,obm_tx_count_daily,5773,transactions,daily,OBM v0.1.0
2012-01-04,obm_tx_count_daily,5731,transactions,daily,OBM v0.1.0
2012-01-05,obm_tx_count_daily,6994,transactions,daily,OBM v0.1.0
2012-01-06,obm_tx_count_daily,6644,transactions,daily,OBM v0.1.0
2012-01-07,obm_tx_count_daily,5905,transactions,daily,OBM v0.1.0
2012-01-08,obm_tx_count_daily,6404,transactions,daily,OBM v0.1.0
2012-01-09,obm_tx_count_daily,6112,transactions,daily,OBM v0.1.0
2012-01-10,obm_tx_count_daily,6677,transactions,daily,OBM v0.1.0
2012-01-11,obm_tx_count_daily,7139,transactions,daily,OBM v0.1.0
2012-01-12,obm_tx_count_daily,6696,transactions,daily,OBM v0.1.0
2012-01-13,obm_tx_count_daily,6847,transactions,daily,OBM v0.1.0
2012-01-14,obm_tx_count_daily,6807,transactions,daily,OBM v0.1.0
2012-01-15,obm_tx_count_daily,6312,transactions,daily,OBM v0.1.0
2012-01-16,obm_tx_count_daily,6974,transactions,daily,OBM v0.1.0
2012-01-17,obm_tx_count_daily,6752,transactions,daily,OBM v0.1.0
2012-01-18,obm_tx_count_daily,6647,transactions,daily,OBM v0.1.0
2012-01-19,obm_tx_count_daily,6902,transactions,daily,OBM v0.1.0
2012-01-20,obm_tx_count_daily,6780,transactions,daily,OBM v0.1.0
2012-01-21,obm_tx_count_daily,6366,transactions,daily,OBM v0.1.0
2012-01-22,obm_tx_count_daily,5325,transactions,daily,OBM v0.1.0
2012-01-23,obm_tx_count_daily,6100,transactions,daily,OBM v0.1.0
2012-01-24,obm_tx_count_daily,7268,transactions,daily,OBM v0.1.0
2012-01-25,obm_tx_count_daily,7961,transactions,daily,OBM v0.1.0
2012-01-26,obm_tx_count_daily,6598,transactions,daily,OBM v0.1.0
2012-01-27,obm_tx_count_daily,6337,transactions,daily,OBM v0.1.0
2012-01-28,obm_tx_count_daily,5910,transactions,daily,OBM v0.1.0
2012-01-29,obm_tx_count_daily,6426,transactions,daily,OBM v0.1.0
2012-01-30,obm_tx_count_daily,6153,transactions,daily,OBM v0.1.0
2012-01-31,obm_tx_count_daily,6925,transactions,daily,OBM v0.1.0
2012-02-01,obm_tx_count_daily,6502,transactions,daily,OBM v0.1.0
2012-02-02,obm_tx_count_daily,7164,transactions,daily,OBM v0.1.0
2012-02-03,obm_tx_count_daily,7050,transactions,daily,OBM v0.1.0
2012-02-04,obm_tx_count_daily,7237,transactions,daily,OBM v0.1.0
2012-02-05,obm_tx_count_daily,6774,transactions,daily,OBM v0.1.0
2012-02-06,obm_tx_count_daily,6136,transactions,daily,OBM v0.1.0
2012-02-07,obm_tx_count_daily,7012,transactions,daily,OBM v0.1.0
2012-02-08,obm_tx_count_daily,7024,transactions,daily,OBM v0.1.0
2012-02-09,obm_tx_count_daily,7488,transactions,daily,OBM v0.1.0
2012-02-10,obm_tx_count_daily,8456,transactions,daily,OBM v0.1.0
2012-02-11,obm_tx_count_daily,7679,transactions,daily,OBM v0.1.0
2012-02-12,obm_tx_count_daily,7030,transactions,daily,OBM v0.1.0
2012-02-13,obm_tx_count_daily,7992,transactions,daily,OBM v0.1.0
2012-02-14,obm_tx_count_daily,9489,transactions,daily,OBM v0.1.0
2012-02-15,obm_tx_count_daily,9337,transactions,daily,OBM v0.1.0
2012-02-16,obm_tx_count_daily,9537,transactions,daily,OBM v0.1.0
2012-02-17,obm_tx_count_daily,6778,transactions,daily,OBM v0.1.0
2012-02-18,obm_tx_count_daily,6516,transactions,daily,OBM v0.1.0
2012-02-19,obm_tx_count_daily,5958,transactions,daily,OBM v0.1.0
2012-02-20,obm_tx_count_daily,6339,transactions,daily,OBM v0.1.0
2012-02-21,obm_tx_count_daily,6420,transactions,daily,OBM v0.1.0
2012-02-22,obm_tx_count_daily,7194,transactions,daily,OBM v0.1.0
2012-02-23,obm_tx_count_daily,8014,transactions,daily,OBM v0.1.0
2012-02-24,obm_tx_count_daily,6930,transactions,daily,OBM v0.1.0
2012-02-25,obm_tx_count_daily,6306,transactions,daily,OBM v0.1.0
2012-02-26,obm_tx_count_daily,5821,transactions,daily,OBM v0.1.0
2012-02-27,obm_tx_count_daily,6735,transactions,daily,OBM v0.1.0
2012-02-28,obm_tx_count_daily,6725,transactions,daily,OBM v0.1.0
2012-02-29,obm_tx_count_daily,6719,transactions,daily,OBM v0.1.0
2012-03-01,obm_tx_count_daily,6811,transactions,daily,OBM v0.1.0
2012-03-02,obm_tx_count_daily,7645,transactions,daily,OBM v0.1.0
2012-03-03,obm_tx_count_daily,5187,transactions,daily,OBM v0.1.0
2012-03-04,obm_tx_count_daily,6591,transactions,daily,OBM v0.1.0
2012-03-05,obm_tx_count_daily,6979,transactions,daily,OBM v0.1.0
2012-03-06,obm_tx_count_daily,6368,transactions,daily,OBM v0.1.0
2012-03-07,obm_tx_count_daily,6635,transactions,daily,OBM v0.1.0
2012-03-08,obm_tx_count_daily,6637,transactions,daily,OBM v0.1.0
2012-03-09,obm_tx_count_daily,6502,transactions,daily,OBM v0.1.0
2012-03-10,obm_tx_count_daily,5370,transactions,daily,OBM v0.1.0
2012-03-11,obm_tx_count_daily,5223,transactions,daily,OBM v0.1.0
2012-03-12,obm_tx_count_daily,6141,transactions,daily,OBM v0.1.0
2012-03-13,obm_tx_count_daily,7395,transactions,daily,OBM v0.1.0
2012-03-14,obm_tx_count_daily,6895,transactions,daily,OBM v0.1.0
2012-03-15,obm_tx_count_daily,6284,transactions,daily,OBM v0.1.0
2012-03-16,obm_tx_count_daily,6935,transactions,daily,OBM v0.1.0
2012-03-17,obm_tx_count_daily,6876,transactions,daily,OBM v0.1.0
2012-03-18,obm_tx_count_daily,6039,transactions,daily,OBM v0.1.0
2012-03-19,obm_tx_count_daily,6652,transactions,daily,OBM v0.1.0
2012-03-20,obm_tx_count_daily,6834,transactions,daily,OBM v0.1.0
2012-03-21,obm_tx_count_daily,7000,transactions,daily,OBM v0.1.0
2012-03-22,obm_tx_count_daily,6587,transactions,daily,OBM v0.1.0
2012-03-23,obm_tx_count_daily,6156,transactions,daily,OBM v0.1.0
2012-03-24,obm_tx_count_daily,6375,transactions,daily,OBM v0.1.0
2012-03-25,obm_tx_count_daily,6212,transactions,daily,OBM v0.1.0
2012-03-26,obm_tx_count_daily,6619,transactions,daily,OBM v0.1.0
2012-03-27,obm_tx_count_daily,6666,transactions,daily,OBM v0.1.0
2012-03-28,obm_tx_count_daily,7239,transactions,daily,OBM v0.1.0
2012-03-29,obm_tx_count_daily,7518,transactions,daily,OBM v0.1.0
2012-03-30,obm_tx_count_daily,6828,transactions,daily,OBM v0.1.0
2012-03-31,obm_tx_count_daily,6192,transactions,daily,OBM v0.1.0
2012-04-01,obm_tx_count_daily,5563,transactions,daily,OBM v0.1.0
2012-04-02,obm_tx_count_daily,6472,transactions,daily,OBM v0.1.0
2012-04-03,obm_tx_count_daily,7739,transactions,daily,OBM v0.1.0
2012-04-04,obm_tx_count_daily,7143,transactions,daily,OBM v0.1.0
2012-04-05,obm_tx_count_daily,7028,transactions,daily,OBM v0.1.0
2012-04-06,obm_tx_count_daily,6699,transactions,daily,OBM v0.1.0
2012-04-07,obm_tx_count_daily,6080,transactions,daily,OBM v0.1.0
2012-04-08,obm_tx_count_daily,5915,transactions,daily,OBM v0.1.0
2012-04-09,obm_tx_count_daily,6617,transactions,daily,OBM v0.1.0
2012-04-10,obm_tx_count_daily,8468,transactions,daily,OBM v0.1.0
2012-04-11,obm_tx_count_daily,7858,transactions,daily,OBM v0.1.0
2012-04-12,obm_tx_count_daily,8290,transactions,daily,OBM v0.1.0
2012-04-13,obm_tx_count_daily,7041,transactions,daily,OBM v0.1.0
2012-04-14,obm_tx_count_daily,8027,transactions,daily,OBM v0.1.0
2012-04-15,obm_tx_count_daily,7371,transactions,daily,OBM v0.1.0
2012-04-16,obm_tx_count_daily,8577,transactions,daily,OBM v0.1.0
2012-04-17,obm_tx_count_daily,7805,transactions,daily,OBM v0.1.0
2012-04-18,obm_tx_count_daily,8580,transactions,daily,OBM v0.1.0
2012-04-19,obm_tx_count_daily,7900,transactions,daily,OBM v0.1.0
2012-04-20,obm_tx_count_daily,8285,transactions,daily,OBM v0.1.0
2012-04-21,obm_tx_count_daily,7201,transactions,daily,OBM v0.1.0
2012-04-22,obm_tx_count_daily,6354,transactions,daily,OBM v0.1.0
2012-04-23,obm_tx_count_daily,7104,transactions,daily,OBM v0.1.0
2012-04-24,obm_tx_count_daily,7660,transactions,daily,OBM v0.1.0
2012-04-25,obm_tx_count_daily,7557,transactions,daily,OBM v0.1.0
2012-04-26,obm_tx_count_daily,10099,transactions,daily,OBM v0.1.0
2012-04-27,obm_tx_count_daily,7195,transactions,daily,OBM v0.1.0
2012-04-28,obm_tx_count_daily,7427,transactions,daily,OBM v0.1.0
2012-04-29,obm_tx_count_daily,7729,transactions,daily,OBM v0.1.0
2012-04-30,obm_tx_count_daily,9413,transactions,daily,OBM v0.1.0
2012-05-01,obm_tx_count_daily,10208,transactions,daily,OBM v0.1.0
2012-05-02,obm_tx_count_daily,9978,transactions,daily,OBM v0.1.0
2012-05-03,obm_tx_count_daily,14002,transactions,daily,OBM v0.1.0
2012-05-04,obm_tx_count_daily,14098,transactions,daily,OBM v0.1.0
2012-05-05,obm_tx_count_daily,12998,transactions,daily,OBM v0.1.0
2012-05-06,obm_tx_count_daily,11150,transactions,daily,OBM v0.1.0
2012-05-07,obm_tx_count_daily,18247,transactions,daily,OBM v0.1.0
2012-05-08,obm_tx_count_daily,17719,transactions,daily,OBM v0.1.0
2012-05-09,obm_tx_count_daily,17245,transactions,daily,OBM v0.1.0
2012-05-10,obm_tx_count_daily,11782,transactions,daily,OBM v0.1.0
2012-05-11,obm_tx_count_daily,19061,transactions,daily,OBM v0.1.0
2012-05-12,obm_tx_count_daily,18326,transactions,daily,OBM v0.1.0
2012-05-13,obm_tx_count_daily,14737,transactions,daily,OBM v0.1.0
2012-05-14,obm_tx_count_daily,28349,transactions,daily,OBM v0.1.0
2012-05-15,obm_tx_count_daily,22235,transactions,daily,OBM v0.1.0
2012-05-16,obm_tx_count_daily,18078,transactions,daily,OBM v0.1.0
2012-05-17,obm_tx_count_daily,16935,transactions,daily,OBM v0.1.0
2012-05-18,obm_tx_count_daily,24481,transactions,daily,OBM v0.1.0
2012-05-19,obm_tx_count_daily,35404,transactions,daily,OBM v0.1.0
2012-05-20,obm_tx_count_daily,31460,transactions,daily,OBM v0.1.0
2012-05-21,obm_tx_count_daily,31604,transactions,daily,OBM v0.1.0
2012-05-22,obm_tx_count_daily,23480,transactions,daily,OBM v0.1.0
2012-05-23,obm_tx_count_daily,27432,transactions,daily,OBM v0.1.0
2012-05-24,obm_tx_count_daily,26589,transactions,daily,OBM v0.1.0
2012-05-25,obm_tx_count_daily,28999,transactions,daily,OBM v0.1.0
2012-05-26,obm_tx_count_daily,23279,transactions,daily,OBM v0.1.0
2012-05-27,obm_tx_count_daily,26447,transactions,daily,OBM v0.1.0
2012-05-28,obm_tx_count_daily,29888,transactions,daily,OBM v0.1.0
2012-05-29,obm_tx_count_daily,29816,transactions,daily,OBM v0.1.0
2012-05-30,obm_tx_count_daily,25580,transactions,daily,OBM v0.1.0
2012-05-31,obm_tx_count_daily,21013,transactions,daily,OBM v0.1.0
2012-06-01,obm_tx_count_daily,27069,transactions,daily,OBM v0.1.0
2012-06-02,obm_tx_count_daily,12800,transactions,daily,OBM v0.1.0
2012-06-03,obm_tx_count_daily,33601,transactions,daily,OBM v0.1.0
2012-06-04,obm_tx_count_daily,45938,transactions,daily,OBM v0.1.0
2012-06-05,obm_tx_count_daily,44364,transactions,daily,OBM v0.1.0
2012-06-06,obm_tx_count_daily,15937,transactions,daily,OBM v0.1.0
2012-06-07,obm_tx_count_daily,33203,transactions,daily,OBM v0.1.0
2012-06-08,obm_tx_count_daily,23897,transactions,daily,OBM v0.1.0
2012-06-09,obm_tx_count_daily,33050,transactions,daily,OBM v0.1.0
2012-06-10,obm_tx_count_daily,40721,transactions,daily,OBM v0.1.0
2012-06-11,obm_tx_count_daily,32531,transactions,daily,OBM v0.1.0
2012-06-12,obm_tx_count_daily,18243,transactions,daily,OBM v0.1.0
2012-06-13,obm_tx_count_daily,56794,transactions,daily,OBM v0.1.0
2012-06-14,obm_tx_count_daily,61938,transactions,daily,OBM v0.1.0
2012-06-15,obm_tx_count_daily,54986,transactions,daily,OBM v0.1.0
2012-06-16,obm_tx_count_daily,43282,transactions,daily,OBM v0.1.0
2012-06-17,obm_tx_count_daily,43909,transactions,daily,OBM v0.1.0
2012-06-18,obm_tx_count_daily,39071,transactions,daily,OBM v0.1.0
2012-06-19,obm_tx_count_daily,35962,transactions,daily,OBM v0.1.0
2012-06-20,obm_tx_count_daily,32246,transactions,daily,OBM v0.1.0
2012-06-21,obm_tx_count_daily,26782,transactions,daily,OBM v0.1.0
2012-06-22,obm_tx_count_daily,23565,transactions,daily,OBM v0.1.0
2012-06-23,obm_tx_count_daily,22303,transactions,daily,OBM v0.1.0
2012-06-24,obm_tx_count_daily,22392,transactions,daily,OBM v0.1.0
2012-06-25,obm_tx_count_daily,28713,transactions,daily,OBM v0.1.0
2012-06-26,obm_tx_count_daily,30235,transactions,daily,OBM v0.1.0
2012-06-27,obm_tx_count_daily,30875,transactions,daily,OBM v0.1.0
2012-06-28,obm_tx_count_daily,26522,transactions,daily,OBM v0.1.0
2012-06-29,obm_tx_count_daily,22877,transactions,daily,OBM v0.1.0
2012-06-30,obm_tx_count_daily,22618,transactions,daily,OBM v0.1.0
2012-07-01,obm_tx_count_daily,19276,transactions,daily,OBM v0.1.0
2012-07-02,obm_tx_count_daily,25147,transactions,daily,OBM v0.1.0
2012-07-03,obm_tx_count_daily,22667,transactions,daily,OBM v0.1.0
2012-07-04,obm_tx_count_daily,23164,transactions,daily,OBM v0.1.0
2012-07-05,obm_tx_count_daily,21643,transactions,daily,OBM v0.1.0
2012-07-06,obm_tx_count_daily,23916,transactions,daily,OBM v0.1.0
2012-07-07,obm_tx_count_daily,25615,transactions,daily,OBM v0.1.0
2012-07-08,obm_tx_count_daily,20799,transactions,daily,OBM v0.1.0
2012-07-09,obm_tx_count_daily,25129,transactions,daily,OBM v0.1.0
2012-07-10,obm_tx_count_daily,35080,transactions,daily,OBM v0.1.0
2012-07-11,obm_tx_count_daily,31250,transactions,daily,OBM v0.1.0
2012-07-12,obm_tx_count_daily,24303,transactions,daily,OBM v0.1.0
2012-07-13,obm_tx_count_daily,24556,transactions,daily,OBM v0.1.0
2012-07-14,obm_tx_count_daily,22787,transactions,daily,OBM v0.1.0
2012-07-15,obm_tx_count_daily,26345,transactions,daily,OBM v0.1.0
2012-07-16,obm_tx_count_daily,31379,transactions,daily,OBM v0.1.0
2012-07-17,obm_tx_count_daily,35201,transactions,daily,OBM v0.1.0
2012-07-18,obm_tx_count_daily,32588,transactions,daily,OBM v0.1.0
2012-07-19,obm_tx_count_daily,31035,transactions,daily,OBM v0.1.0
2012-07-20,obm_tx_count_daily,36794,transactions,daily,OBM v0.1.0
2012-07-21,obm_tx_count_daily,34593,transactions,daily,OBM v0.1.0
2012-07-22,obm_tx_count_daily,34860,transactions,daily,OBM v0.1.0
2012-07-23,obm_tx_count_daily,32698,transactions,daily,OBM v0.1.0
2012-07-24,obm_tx_count_daily,28369,transactions,daily,OBM v0.1.0
2012-07-25,obm_tx_count_daily,27327,transactions,daily,OBM v0.1.0
2012-07-26,obm_tx_count_daily,30707,transactions,daily,OBM v0.1.0
2012-07-27,obm_tx_count_daily,27155,transactions,daily,OBM v0.1.0
2012-07-28,obm_tx_count_daily,35230,transactions,daily,OBM v0.1.0
2012-07-29,obm_tx_count_daily,34483,transactions,daily,OBM v0.1.0
2012-07-30,obm_tx_count_daily,34395,transactions,daily,OBM v0.1.0
2012-07-31,obm_tx_count_daily,41507,transactions,daily,OBM v0.1.0
2012-08-01,obm_tx_count_daily,30538,transactions,daily,OBM v0.1.0
2012-08-02,obm_tx_count_daily,33211,transactions,daily,OBM v0.1.0
2012-08-03,obm_tx_count_daily,27780,transactions,daily,OBM v0.1.0
2012-08-04,obm_tx_count_daily,29010,transactions,daily,OBM v0.1.0
2012-08-05,obm_tx_count_daily,33283,transactions,daily,OBM v0.1.0
2012-08-06,obm_tx_count_daily,35400,transactions,daily,OBM v0.1.0
2012-08-07,obm_tx_count_daily,29603,transactions,daily,OBM v0.1.0
2012-08-08,obm_tx_count_daily,40168,transactions,daily,OBM v0.1.0
2012-08-09,obm_tx_count_daily,29942,transactions,daily,OBM v0.1.0
2012-08-10,obm_tx_count_daily,28375,transactions,daily,OBM v0.1.0
2012-08-11,obm_tx_count_daily,33139,transactions,daily,OBM v0.1.0
2012-08-12,obm_tx_count_daily,34636,transactions,daily,OBM v0.1.0
2012-08-13,obm_tx_count_daily,48872,transactions,daily,OBM v0.1.0
2012-08-14,obm_tx_count_daily,34506,transactions,daily,OBM v0.1.0
2012-08-15,obm_tx_count_daily,52969,transactions,daily,OBM v0.1.0
2012-08-16,obm_tx_count_daily,46477,transactions,daily,OBM v0.1.0
2012-08-17,obm_tx_count_daily,40554,transactions,daily,OBM v0.1.0
2012-08-18,obm_tx_count_daily,37162,transactions,daily,OBM v0.1.0
2012-08-19,obm_tx_count_daily,36951,transactions,daily,OBM v0.1.0
2012-08-20,obm_tx_count_daily,35837,transactions,daily,OBM v0.1.0
2012-08-21,obm_tx_count_daily,42415,transactions,daily,OBM v0.1.0
2012-08-22,obm_tx_count_daily,37874,transactions,daily,OBM v0.1.0
2012-08-23,obm_tx_count_daily,31818,transactions,daily,OBM v0.1.0
2012-08-24,obm_tx_count_daily,32275,transactions,daily,OBM v0.1.0
2012-08-25,obm_tx_count_daily,33439,transactions,daily,OBM v0.1.0
2012-08-26,obm_tx_count_daily,29520,transactions,daily,OBM v0.1.0
2012-08-27,obm_tx_count_daily,33096,transactions,daily,OBM v0.1.0
2012-08-28,obm_tx_count_daily,29838,transactions,daily,OBM v0.1.0
2012-08-29,obm_tx_count_daily,34209,transactions,daily,OBM v0.1.0
2012-08-30,obm_tx_count_daily,33914,transactions,daily,OBM v0.1.0
2012-08-31,obm_tx_count_daily,40624,transactions,daily,OBM v0.1.0
2012-09-01,obm_tx_count_daily,40774,transactions,daily,OBM v0.1.0
2012-09-02,obm_tx_count_daily,33588,transactions,daily,OBM v0.1.0
2012-09-03,obm_tx_count_daily,38238,transactions,daily,OBM v0.1.0
2012-09-04,obm_tx_count_daily,39946,transactions,daily,OBM v0.1.0
2012-09-05,obm_tx_count_daily,41135,transactions,daily,OBM v0.1.0
2012-09-06,obm_tx_count_daily,42790,transactions,daily,OBM v0.1.0
2012-09-07,obm_tx_count_daily,33483,transactions,daily,OBM v0.1.0
2012-09-08,obm_tx_count_daily,31173,transactions,daily,OBM v0.1.0
2012-09-09,obm_tx_count_daily,31464,transactions,daily,OBM v0.1.0
2012-09-10,obm_tx_count_daily,33632,transactions,daily,OBM v0.1.0
2012-09-11,obm_tx_count_daily,38225,transactions,daily,OBM v0.1.0
2012-09-12,obm_tx_count_daily,28096,transactions,daily,OBM v0.1.0
2012-09-13,obm_tx_count_daily,29025,transactions,daily,OBM v0.1.0
2012-09-14,obm_tx_count_daily,36118,transactions,daily,OBM v0.1.0
2012-09-15,obm_tx_count_daily,27248,transactions,daily,OBM v0.1.0
2012-09-16,obm_tx_count_daily,28415,transactions,daily,OBM v0.1.0
2012-09-17,obm_tx_count_daily,24446,transactions,daily,OBM v0.1.0
2012-09-18,obm_tx_count_daily,32821,transactions,daily,OBM v0.1.0
2012-09-19,obm_tx_count_daily,32231,transactions,daily,OBM v0.1.0
2012-09-20,obm_tx_count_daily,31282,transactions,daily,OBM v0.1.0
2012-09-21,obm_tx_count_daily,30347,transactions,daily,OBM v0.1.0
2012-09-22,obm_tx_count_daily,22014,transactions,daily,OBM v0.1.0
2012-09-23,obm_tx_count_daily,27999,transactions,daily,OBM v0.1.0
2012-09-24,obm_tx_count_daily,29190,transactions,daily,OBM v0.1.0
2012-09-25,obm_tx_count_daily,24177,transactions,daily,OBM v0.1.0
2012-09-26,obm_tx_count_daily,32413,transactions,daily,OBM v0.1.0
2012-09-27,obm_tx_count_daily,28347,transactions,daily,OBM v0.1.0
2012-09-28,obm_tx_count_daily,32768,transactions,daily,OBM v0.1.0
2012-09-29,obm_tx_count_daily,23992,transactions,daily,OBM v0.1.0
2012-09-30,obm_tx_count_daily,20668,transactions,daily,OBM v0.1.0
2012-10-01,obm_tx_count_daily,24727,transactions,daily,OBM v0.1.0
2012-10-02,obm_tx_count_daily,32878,transactions,daily,OBM v0.1.0
2012-10-03,obm_tx_count_daily,26669,transactions,daily,OBM v0.1.0
2012-10-04,obm_tx_count_daily,32615,transactions,daily,OBM v0.1.0
2012-10-05,obm_tx_count_daily,36371,transactions,daily,OBM v0.1.0
2012-10-06,obm_tx_count_daily,32672,transactions,daily,OBM v0.1.0
2012-10-07,obm_tx_count_daily,34726,transactions,daily,OBM v0.1.0
2012-10-08,obm_tx_count_daily,38211,transactions,daily,OBM v0.1.0
2012-10-09,obm_tx_count_daily,35450,transactions,daily,OBM v0.1.0
2012-10-10,obm_tx_count_daily,31226,transactions,daily,OBM v0.1.0
2012-10-11,obm_tx_count_daily,27684,transactions,daily,OBM v0.1.0
2012-10-12,obm_tx_count_daily,28693,transactions,daily,OBM v0.1.0
2012-10-13,obm_tx_count_daily,33090,transactions,daily,OBM v0.1.0
2012-10-14,obm_tx_count_daily,27414,transactions,daily,OBM v0.1.0
2012-10-15,obm_tx_count_daily,30998,transactions,daily,OBM v0.1.0
2012-10-16,obm_tx_count_daily,34533,transactions,daily,OBM v0.1.0
2012-10-17,obm_tx_count_daily,31813,transactions,daily,OBM v0.1.0
2012-10-18,obm_tx_count_daily,28257,transactions,daily,OBM v0.1.0
2012-10-19,obm_tx_count_daily,25353,transactions,daily,OBM v0.1.0
2012-10-20,obm_tx_count_daily,30442,transactions,daily,OBM v0.1.0
2012-10-21,obm_tx_count_daily,40833,transactions,daily,OBM v0.1.0
2012-10-22,obm_tx_count_daily,43154,transactions,daily,OBM v0.1.0
2012-10-23,obm_tx_count_daily,32031,transactions,daily,OBM v0.1.0
2012-10-24,obm_tx_count_daily,32194,transactions,daily,OBM v0.1.0
2012-10-25,obm_tx_count_daily,26998,transactions,daily,OBM v0.1.0
2012-10-26,obm_tx_count_daily,21927,transactions,daily,OBM v0.1.0
2012-10-27,obm_tx_count_daily,16313,transactions,daily,OBM v0.1.0
2012-10-28,obm_tx_count_daily,17965,transactions,daily,OBM v0.1.0
2012-10-29,obm_tx_count_daily,21500,transactions,daily,OBM v0.1.0
2012-10-30,obm_tx_count_daily,30747,transactions,daily,OBM v0.1.0
2012-10-31,obm_tx_count_daily,27755,transactions,daily,OBM v0.1.0
2012-11-01,obm_tx_count_daily,23638,transactions,daily,OBM v0.1.0
2012-11-02,obm_tx_count_daily,28990,transactions,daily,OBM v0.1.0
2012-11-03,obm_tx_count_daily,23899,transactions,daily,OBM v0.1.0
2012-11-04,obm_tx_count_daily,24304,transactions,daily,OBM v0.1.0
2012-11-05,obm_tx_count_daily,32184,transactions,daily,OBM v0.1.0
2012-11-06,obm_tx_count_daily,31986,transactions,daily,OBM v0.1.0
2012-11-07,obm_tx_count_daily,36480,transactions,daily,OBM v0.1.0
2012-11-08,obm_tx_count_daily,32415,transactions,daily,OBM v0.1.0
2012-11-09,obm_tx_count_daily,25157,transactions,daily,OBM v0.1.0
2012-11-10,obm_tx_count_daily,27109,transactions,daily,OBM v0.1.0
2012-11-11,obm_tx_count_daily,23555,transactions,daily,OBM v0.1.0
2012-11-12,obm_tx_count_daily,23903,transactions,daily,OBM v0.1.0
2012-11-13,obm_tx_count_daily,27131,transactions,daily,OBM v0.1.0
2012-11-14,obm_tx_count_daily,29901,transactions,daily,OBM v0.1.0
2012-11-15,obm_tx_count_daily,37604,transactions,daily,OBM v0.1.0
2012-11-16,obm_tx_count_daily,39446,transactions,daily,OBM v0.1.0
2012-11-17,obm_tx_count_daily,32538,transactions,daily,OBM v0.1.0
2012-11-18,obm_tx_count_daily,34136,transactions,daily,OBM v0.1.0
2012-11-19,obm_tx_count_daily,36923,transactions,daily,OBM v0.1.0
2012-11-20,obm_tx_count_daily,36858,transactions,daily,OBM v0.1.0
2012-11-21,obm_tx_count_daily,39066,transactions,daily,OBM v0.1.0
2012-11-22,obm_tx_count_daily,30900,transactions,daily,OBM v0.1.0
2012-11-23,obm_tx_count_daily,32347,transactions,daily,OBM v0.1.0
2012-11-24,obm_tx_count_daily,29718,transactions,daily,OBM v0.1.0
2012-11-25,obm_tx_count_daily,36736,transactions,daily,OBM v0.1.0
2012-11-26,obm_tx_count_daily,35898,transactions,daily,OBM v0.1.0
2012-11-27,obm_tx_count_daily,27632,transactions,daily,OBM v0.1.0
2012-11-28,obm_tx_count_daily,37256,transactions,daily,OBM v0.1.0
2012-11-29,obm_tx_count_daily,37423,transactions,daily,OBM v0.1.0
2012-11-30,obm_tx_count_daily,29758,transactions,daily,OBM v0.1.0
2012-12-01,obm_tx_count_daily,33492,transactions,daily,OBM v0.1.0
2012-12-02,obm_tx_count_daily,20606,transactions,daily,OBM v0.1.0
2012-12-03,obm_tx_count_daily,21659,transactions,daily,OBM v0.1.0
2012-12-04,obm_tx_count_daily,32356,transactions,daily,OBM v0.1.0
2012-12-05,obm_tx_count_daily,33744,transactions,daily,OBM v0.1.0
2012-12-06,obm_tx_count_daily,37163,transactions,daily,OBM v0.1.0
2012-12-07,obm_tx_count_daily,32145,transactions,daily,OBM v0.1.0
2012-12-08,obm_tx_count_daily,33174,transactions,daily,OBM v0.1.0
2012-12-09,obm_tx_count_daily,32059,transactions,daily,OBM v0.1.0
2012-12-10,obm_tx_count_daily,36221,transactions,daily,OBM v0.1.0
2012-12-11,obm_tx_count_daily,36779,transactions,daily,OBM v0.1.0
2012-12-12,obm_tx_count_daily,36736,transactions,daily,OBM v0.1.0
2012-12-13,obm_tx_count_daily,42515,transactions,daily,OBM v0.1.0
2012-12-14,obm_tx_count_daily,39014,transactions,daily,OBM v0.1.0
2012-12-15,obm_tx_count_daily,32365,transactions,daily,OBM v0.1.0
2012-12-16,obm_tx_count_daily,35476,transactions,daily,OBM v0.1.0
2012-12-17,obm_tx_count_daily,41040,transactions,daily,OBM v0.1.0
2012-12-18,obm_tx_count_daily,49812,transactions,daily,OBM v0.1.0
2012-12-19,obm_tx_count_daily,44765,transactions,daily,OBM v0.1.0
2012-12-20,obm_tx_count_daily,35922,transactions,daily,OBM v0.1.0
2012-12-21,obm_tx_count_daily,44580,transactions,daily,OBM v0.1.0
2012-12-22,obm_tx_count_daily,51258,transactions,daily,OBM v0.1.0
2012-12-23,obm_tx_count_daily,36738,transactions,daily,OBM v0.1.0
2012-12-24,obm_tx_count_daily,36111,transactions,daily,OBM v0.1.0
2012-12-25,obm_tx_count_daily,28743,transactions,daily,OBM v0.1.0
2012-12-26,obm_tx_count_daily,36586,transactions,daily,OBM v0.1.0
2012-12-27,obm_tx_count_daily,43787,transactions,daily,OBM v0.1.0
2012-12-28,obm_tx_count_daily,47105,transactions,daily,OBM v0.1.0
2012-12-29,obm_tx_count_daily,38110,transactions,daily,OBM v0.1.0
2012-12-30,obm_tx_count_daily,45447,transactions,daily,OBM v0.1.0
2012-12-31,obm_tx_count_daily,30064,transactions,daily,OBM v0.1.0
2013-01-01,obm_tx_count_daily,31896,transactions,daily,OBM v0.1.0
2013-01-02,obm_tx_count_daily,39433,transactions,daily,OBM v0.1.0
2013-01-03,obm_tx_count_daily,42309,transactions,daily,OBM v0.1.0
2013-01-04,obm_tx_count_daily,48589,transactions,daily,OBM v0.1.0
2013-01-05,obm_tx_count_daily,39596,transactions,daily,OBM v0.1.0
2013-01-06,obm_tx_count_daily,33026,transactions,daily,OBM v0.1.0
2013-01-07,obm_tx_count_daily,40288,transactions,daily,OBM v0.1.0
2013-01-08,obm_tx_count_daily,38624,transactions,daily,OBM v0.1.0
2013-01-09,obm_tx_count_daily,43190,transactions,daily,OBM v0.1.0
2013-01-10,obm_tx_count_daily,52539,transactions,daily,OBM v0.1.0
2013-01-11,obm_tx_count_daily,52749,transactions,daily,OBM v0.1.0
2013-01-12,obm_tx_count_daily,45671,transactions,daily,OBM v0.1.0
2013-01-13,obm_tx_count_daily,49441,transactions,daily,OBM v0.1.0
2013-01-14,obm_tx_count_daily,44560,transactions,daily,OBM v0.1.0
2013-01-15,obm_tx_count_daily,45022,transactions,daily,OBM v0.1.0
2013-01-16,obm_tx_count_daily,53629,transactions,daily,OBM v0.1.0
2013-01-17,obm_tx_count_daily,48100,transactions,daily,OBM v0.1.0
2013-01-18,obm_tx_count_daily,49139,transactions,daily,OBM v0.1.0
2013-01-19,obm_tx_count_daily,56170,transactions,daily,OBM v0.1.0
2013-01-20,obm_tx_count_daily,41371,transactions,daily,OBM v0.1.0
2013-01-21,obm_tx_count_daily,40441,transactions,daily,OBM v0.1.0
2013-01-22,obm_tx_count_daily,43752,transactions,daily,OBM v0.1.0
2013-01-23,obm_tx_count_daily,46678,transactions,daily,OBM v0.1.0
2013-01-24,obm_tx_count_daily,46221,transactions,daily,OBM v0.1.0
2013-01-25,obm_tx_count_daily,48511,transactions,daily,OBM v0.1.0
2013-01-26,obm_tx_count_daily,52366,transactions,daily,OBM v0.1.0
2013-01-27,obm_tx_count_daily,55413,transactions,daily,OBM v0.1.0
2013-01-28,obm_tx_count_daily,52180,transactions,daily,OBM v0.1.0
2013-01-29,obm_tx_count_daily,51703,transactions,daily,OBM v0.1.0
2013-01-30,obm_tx_count_daily,41219,transactions,daily,OBM v0.1.0
2013-01-31,obm_tx_count_daily,51633,transactions,daily,OBM v0.1.0
2013-02-01,obm_tx_count_daily,59382,transactions,daily,OBM v0.1.0
2013-02-02,obm_tx_count_daily,54465,transactions,daily,OBM v0.1.0
2013-02-03,obm_tx_count_daily,61164,transactions,daily,OBM v0.1.0
2013-02-04,obm_tx_count_daily,55005,transactions,daily,OBM v0.1.0
2013-02-05,obm_tx_count_daily,53420,transactions,daily,OBM v0.1.0
2013-02-06,obm_tx_count_daily,42555,transactions,daily,OBM v0.1.0
2013-02-07,obm_tx_count_daily,61237,transactions,daily,OBM v0.1.0
2013-02-08,obm_tx_count_daily,60921,transactions,daily,OBM v0.1.0
2013-02-09,obm_tx_count_daily,57750,transactions,daily,OBM v0.1.0
2013-02-10,obm_tx_count_daily,56443,transactions,daily,OBM v0.1.0
2013-02-11,obm_tx_count_daily,57594,transactions,daily,OBM v0.1.0
2013-02-12,obm_tx_count_daily,58551,transactions,daily,OBM v0.1.0
2013-02-13,obm_tx_count_daily,59090,transactions,daily,OBM v0.1.0
2013-02-14,obm_tx_count_daily,50928,transactions,daily,OBM v0.1.0
2013-02-15,obm_tx_count_daily,55647,transactions,daily,OBM v0.1.0
2013-02-16,obm_tx_count_daily,51433,transactions,daily,OBM v0.1.0
2013-02-17,obm_tx_count_daily,49635,transactions,daily,OBM v0.1.0
2013-02-18,obm_tx_count_daily,50374,transactions,daily,OBM v0.1.0
2013-02-19,obm_tx_count_daily,54519,transactions,daily,OBM v0.1.0
2013-02-20,obm_tx_count_daily,59748,transactions,daily,OBM v0.1.0
2013-02-21,obm_tx_count_daily,55916,transactions,daily,OBM v0.1.0
2013-02-22,obm_tx_count_daily,62171,transactions,daily,OBM v0.1.0
2013-02-23,obm_tx_count_daily,57886,transactions,daily,OBM v0.1.0
2013-02-24,obm_tx_count_daily,57164,transactions,daily,OBM v0.1.0
2013-02-25,obm_tx_count_daily,67144,transactions,daily,OBM v0.1.0
2013-02-26,obm_tx_count_daily,63438,transactions,daily,OBM v0.1.0
2013-02-27,obm_tx_count_daily,60949,transactions,daily,OBM v0.1.0
2013-02-28,obm_tx_count_daily,63021,transactions,daily,OBM v0.1.0
2013-03-01,obm_tx_count_daily,64535,transactions,daily,OBM v0.1.0
2013-03-02,obm_tx_count_daily,55825,transactions,daily,OBM v0.1.0
2013-03-03,obm_tx_count_daily,54459,transactions,daily,OBM v0.1.0
2013-03-04,obm_tx_count_daily,64044,transactions,daily,OBM v0.1.0
2013-03-05,obm_tx_count_daily,56868,transactions,daily,OBM v0.1.0
2013-03-06,obm_tx_count_daily,62760,transactions,daily,OBM v0.1.0
2013-03-07,obm_tx_count_daily,66770,transactions,daily,OBM v0.1.0
2013-03-08,obm_tx_count_daily,55857,transactions,daily,OBM v0.1.0
2013-03-09,obm_tx_count_daily,55546,transactions,daily,OBM v0.1.0
2013-03-10,obm_tx_count_daily,73844,transactions,daily,OBM v0.1.0
2013-03-11,obm_tx_count_daily,59289,transactions,daily,OBM v0.1.0
2013-03-12,obm_tx_count_daily,48484,transactions,daily,OBM v0.1.0
2013-03-13,obm_tx_count_daily,56690,transactions,daily,OBM v0.1.0
2013-03-14,obm_tx_count_daily,58069,transactions,daily,OBM v0.1.0
2013-03-15,obm_tx_count_daily,62776,transactions,daily,OBM v0.1.0
2013-03-16,obm_tx_count_daily,34187,transactions,daily,OBM v0.1.0
2013-03-17,obm_tx_count_daily,35348,transactions,daily,OBM v0.1.0
2013-03-18,obm_tx_count_daily,43485,transactions,daily,OBM v0.1.0
2013-03-19,obm_tx_count_daily,46108,transactions,daily,OBM v0.1.0
2013-03-20,obm_tx_count_daily,46276,transactions,daily,OBM v0.1.0
2013-03-21,obm_tx_count_daily,55564,transactions,daily,OBM v0.1.0
2013-03-22,obm_tx_count_daily,60584,transactions,daily,OBM v0.1.0
2013-03-23,obm_tx_count_daily,52914,transactions,daily,OBM v0.1.0
2013-03-24,obm_tx_count_daily,51335,transactions,daily,OBM v0.1.0
2013-03-25,obm_tx_count_daily,48993,transactions,daily,OBM v0.1.0
2013-03-26,obm_tx_count_daily,49061,transactions,daily,OBM v0.1.0
2013-03-27,obm_tx_count_daily,53207,transactions,daily,OBM v0.1.0
2013-03-28,obm_tx_count_daily,60989,transactions,daily,OBM v0.1.0
2013-03-29,obm_tx_count_daily,62259,transactions,daily,OBM v0.1.0
2013-03-30,obm_tx_count_daily,59196,transactions,daily,OBM v0.1.0
2013-03-31,obm_tx_count_daily,43986,transactions,daily,OBM v0.1.0
2013-04-01,obm_tx_count_daily,52770,transactions,daily,OBM v0.1.0
2013-04-02,obm_tx_count_daily,63276,transactions,daily,OBM v0.1.0
2013-04-03,obm_tx_count_daily,63941,transactions,daily,OBM v0.1.0
2013-04-04,obm_tx_count_daily,66892,transactions,daily,OBM v0.1.0
2013-04-05,obm_tx_count_daily,61373,transactions,daily,OBM v0.1.0
2013-04-06,obm_tx_count_daily,51718,transactions,daily,OBM v0.1.0
2013-04-07,obm_tx_count_daily,63541,transactions,daily,OBM v0.1.0
2013-04-08,obm_tx_count_daily,61680,transactions,daily,OBM v0.1.0
2013-04-09,obm_tx_count_daily,66979,transactions,daily,OBM v0.1.0
2013-04-10,obm_tx_count_daily,63881,transactions,daily,OBM v0.1.0
2013-04-11,obm_tx_count_daily,68407,transactions,daily,OBM v0.1.0
2013-04-12,obm_tx_count_daily,58690,transactions,daily,OBM v0.1.0
2013-04-13,obm_tx_count_daily,53517,transactions,daily,OBM v0.1.0
2013-04-14,obm_tx_count_daily,55471,transactions,daily,OBM v0.1.0
2013-04-15,obm_tx_count_daily,54496,transactions,daily,OBM v0.1.0
2013-04-16,obm_tx_count_daily,67785,transactions,daily,OBM v0.1.0
2013-04-17,obm_tx_count_daily,56706,transactions,daily,OBM v0.1.0
2013-04-18,obm_tx_count_daily,46631,transactions,daily,OBM v0.1.0
2013-04-19,obm_tx_count_daily,59528,transactions,daily,OBM v0.1.0
2013-04-20,obm_tx_count_daily,48302,transactions,daily,OBM v0.1.0
2013-04-21,obm_tx_count_daily,44224,transactions,daily,OBM v0.1.0
2013-04-22,obm_tx_count_daily,47194,transactions,daily,OBM v0.1.0
2013-04-23,obm_tx_count_daily,61668,transactions,daily,OBM v0.1.0
2013-04-24,obm_tx_count_daily,65023,transactions,daily,OBM v0.1.0
2013-04-25,obm_tx_count_daily,62566,transactions,daily,OBM v0.1.0
2013-04-26,obm_tx_count_daily,55264,transactions,daily,OBM v0.1.0
2013-04-27,obm_tx_count_daily,44369,transactions,daily,OBM v0.1.0
2013-04-28,obm_tx_count_daily,41879,transactions,daily,OBM v0.1.0
2013-04-29,obm_tx_count_daily,51776,transactions,daily,OBM v0.1.0
2013-04-30,obm_tx_count_daily,47599,transactions,daily,OBM v0.1.0
2013-05-01,obm_tx_count_daily,55327,transactions,daily,OBM v0.1.0
2013-05-02,obm_tx_count_daily,55429,transactions,daily,OBM v0.1.0
2013-05-03,obm_tx_count_daily,51412,transactions,daily,OBM v0.1.0
2013-05-04,obm_tx_count_daily,50261,transactions,daily,OBM v0.1.0
2013-05-05,obm_tx_count_daily,50332,transactions,daily,OBM v0.1.0
2013-05-06,obm_tx_count_daily,53340,transactions,daily,OBM v0.1.0
2013-05-07,obm_tx_count_daily,56735,transactions,daily,OBM v0.1.0
2013-05-08,obm_tx_count_daily,50439,transactions,daily,OBM v0.1.0
2013-05-09,obm_tx_count_daily,66774,transactions,daily,OBM v0.1.0
2013-05-10,obm_tx_count_daily,67881,transactions,daily,OBM v0.1.0
2013-05-11,obm_tx_count_daily,73402,transactions,daily,OBM v0.1.0
2013-05-12,obm_tx_count_daily,65428,transactions,daily,OBM v0.1.0
2013-05-13,obm_tx_count_daily,60998,transactions,daily,OBM v0.1.0
2013-05-14,obm_tx_count_daily,66470,transactions,daily,OBM v0.1.0
2013-05-15,obm_tx_count_daily,64171,transactions,daily,OBM v0.1.0
2013-05-16,obm_tx_count_daily,61158,transactions,daily,OBM v0.1.0
2013-05-17,obm_tx_count_daily,58731,transactions,daily,OBM v0.1.0
2013-05-18,obm_tx_count_daily,52215,transactions,daily,OBM v0.1.0
2013-05-19,obm_tx_count_daily,47820,transactions,daily,OBM v0.1.0
2013-05-20,obm_tx_count_daily,48821,transactions,daily,OBM v0.1.0
2013-05-21,obm_tx_count_daily,53942,transactions,daily,OBM v0.1.0
2013-05-22,obm_tx_count_daily,51990,transactions,daily,OBM v0.1.0
2013-05-23,obm_tx_count_daily,59789,transactions,daily,OBM v0.1.0
2013-05-24,obm_tx_count_daily,55401,transactions,daily,OBM v0.1.0
2013-05-25,obm_tx_count_daily,51280,transactions,daily,OBM v0.1.0
2013-05-26,obm_tx_count_daily,40722,transactions,daily,OBM v0.1.0
2013-05-27,obm_tx_count_daily,52758,transactions,daily,OBM v0.1.0
2013-05-28,obm_tx_count_daily,57070,transactions,daily,OBM v0.1.0
2013-05-29,obm_tx_count_daily,55060,transactions,daily,OBM v0.1.0
2013-05-30,obm_tx_count_daily,57426,transactions,daily,OBM v0.1.0
2013-05-31,obm_tx_count_daily,54346,transactions,daily,OBM v0.1.0
2013-06-01,obm_tx_count_daily,54311,transactions,daily,OBM v0.1.0
2013-06-02,obm_tx_count_daily,49947,transactions,daily,OBM v0.1.0
2013-06-03,obm_tx_count_daily,55874,transactions,daily,OBM v0.1.0
2013-06-04,obm_tx_count_daily,57622,transactions,daily,OBM v0.1.0
2013-06-05,obm_tx_count_daily,56560,transactions,daily,OBM v0.1.0
2013-06-06,obm_tx_count_daily,54638,transactions,daily,OBM v0.1.0
2013-06-07,obm_tx_count_daily,52188,transactions,daily,OBM v0.1.0
2013-06-08,obm_tx_count_daily,48218,transactions,daily,OBM v0.1.0
2013-06-09,obm_tx_count_daily,44471,transactions,daily,OBM v0.1.0
2013-06-10,obm_tx_count_daily,45000,transactions,daily,OBM v0.1.0
2013-06-11,obm_tx_count_daily,49663,transactions,daily,OBM v0.1.0
2013-06-12,obm_tx_count_daily,45907,transactions,daily,OBM v0.1.0
2013-06-13,obm_tx_count_daily,43193,transactions,daily,OBM v0.1.0
2013-06-14,obm_tx_count_daily,50172,transactions,daily,OBM v0.1.0
2013-06-15,obm_tx_count_daily,35826,transactions,daily,OBM v0.1.0
2013-06-16,obm_tx_count_daily,42966,transactions,daily,OBM v0.1.0
2013-06-17,obm_tx_count_daily,45943,transactions,daily,OBM v0.1.0
2013-06-18,obm_tx_count_daily,46017,transactions,daily,OBM v0.1.0
2013-06-19,obm_tx_count_daily,47031,transactions,daily,OBM v0.1.0
2013-06-20,obm_tx_count_daily,52515,transactions,daily,OBM v0.1.0
2013-06-21,obm_tx_count_daily,47027,transactions,daily,OBM v0.1.0
2013-06-22,obm_tx_count_daily,44594,transactions,daily,OBM v0.1.0
2013-06-23,obm_tx_count_daily,38507,transactions,daily,OBM v0.1.0
2013-06-24,obm_tx_count_daily,44245,transactions,daily,OBM v0.1.0
2013-06-25,obm_tx_count_daily,44629,transactions,daily,OBM v0.1.0
2013-06-26,obm_tx_count_daily,45627,transactions,daily,OBM v0.1.0
2013-06-27,obm_tx_count_daily,46128,transactions,daily,OBM v0.1.0
2013-06-28,obm_tx_count_daily,49552,transactions,daily,OBM v0.1.0
2013-06-29,obm_tx_count_daily,36545,transactions,daily,OBM v0.1.0
2013-06-30,obm_tx_count_daily,30953,transactions,daily,OBM v0.1.0
2013-07-01,obm_tx_count_daily,39128,transactions,daily,OBM v0.1.0
2013-07-02,obm_tx_count_daily,39650,transactions,daily,OBM v0.1.0
2013-07-03,obm_tx_count_daily,35531,transactions,daily,OBM v0.1.0
2013-07-04,obm_tx_count_daily,35292,transactions,daily,OBM v0.1.0
2013-07-05,obm_tx_count_daily,37037,transactions,daily,OBM v0.1.0
2013-07-06,obm_tx_count_daily,33372,transactions,daily,OBM v0.1.0
2013-07-07,obm_tx_count_daily,30356,transactions,daily,OBM v0.1.0
2013-07-08,obm_tx_count_daily,39629,transactions,daily,OBM v0.1.0
2013-07-09,obm_tx_count_daily,40832,transactions,daily,OBM v0.1.0
2013-07-10,obm_tx_count_daily,39238,transactions,daily,OBM v0.1.0
2013-07-11,obm_tx_count_daily,43434,transactions,daily,OBM v0.1.0
2013-07-12,obm_tx_count_daily,48260,transactions,daily,OBM v0.1.0
2013-07-13,obm_tx_count_daily,37970,transactions,daily,OBM v0.1.0
2013-07-14,obm_tx_count_daily,34933,transactions,daily,OBM v0.1.0
2013-07-15,obm_tx_count_daily,36754,transactions,daily,OBM v0.1.0
2013-07-16,obm_tx_count_daily,39392,transactions,daily,OBM v0.1.0
2013-07-17,obm_tx_count_daily,40643,transactions,daily,OBM v0.1.0
2013-07-18,obm_tx_count_daily,41170,transactions,daily,OBM v0.1.0
2013-07-19,obm_tx_count_daily,36759,transactions,daily,OBM v0.1.0
2013-07-20,obm_tx_count_daily,33702,transactions,daily,OBM v0.1.0
2013-07-21,obm_tx_count_daily,35456,transactions,daily,OBM v0.1.0
2013-07-22,obm_tx_count_daily,39979,transactions,daily,OBM v0.1.0
2013-07-23,obm_tx_count_daily,38432,transactions,daily,OBM v0.1.0
2013-07-24,obm_tx_count_daily,42361,transactions,daily,OBM v0.1.0
2013-07-25,obm_tx_count_daily,42530,transactions,daily,OBM v0.1.0
2013-07-26,obm_tx_count_daily,37373,transactions,daily,OBM v0.1.0
2013-07-27,obm_tx_count_daily,36892,transactions,daily,OBM v0.1.0
2013-07-28,obm_tx_count_daily,37302,transactions,daily,OBM v0.1.0
2013-07-29,obm_tx_count_daily,41812,transactions,daily,OBM v0.1.0
2013-07-30,obm_tx_count_daily,42133,transactions,daily,OBM v0.1.0
2013-07-31,obm_tx_count_daily,49524,transactions,daily,OBM v0.1.0
2013-08-01,obm_tx_count_daily,50904,transactions,daily,OBM v0.1.0
2013-08-02,obm_tx_count_daily,51681,transactions,daily,OBM v0.1.0
2013-08-03,obm_tx_count_daily,45746,transactions,daily,OBM v0.1.0
2013-08-04,obm_tx_count_daily,42946,transactions,daily,OBM v0.1.0
2013-08-05,obm_tx_count_daily,51001,transactions,daily,OBM v0.1.0
2013-08-06,obm_tx_count_daily,54369,transactions,daily,OBM v0.1.0
2013-08-07,obm_tx_count_daily,57606,transactions,daily,OBM v0.1.0
2013-08-08,obm_tx_count_daily,58022,transactions,daily,OBM v0.1.0
2013-08-09,obm_tx_count_daily,49658,transactions,daily,OBM v0.1.0
2013-08-10,obm_tx_count_daily,51695,transactions,daily,OBM v0.1.0
2013-08-11,obm_tx_count_daily,38422,transactions,daily,OBM v0.1.0
2013-08-12,obm_tx_count_daily,50228,transactions,daily,OBM v0.1.0
2013-08-13,obm_tx_count_daily,53080,transactions,daily,OBM v0.1.0
2013-08-14,obm_tx_count_daily,51660,transactions,daily,OBM v0.1.0
2013-08-15,obm_tx_count_daily,58129,transactions,daily,OBM v0.1.0
2013-08-16,obm_tx_count_daily,71119,transactions,daily,OBM v0.1.0
2013-08-17,obm_tx_count_daily,56546,transactions,daily,OBM v0.1.0
2013-08-18,obm_tx_count_daily,56397,transactions,daily,OBM v0.1.0
2013-08-19,obm_tx_count_daily,71314,transactions,daily,OBM v0.1.0
2013-08-20,obm_tx_count_daily,63228,transactions,daily,OBM v0.1.0
2013-08-21,obm_tx_count_daily,60531,transactions,daily,OBM v0.1.0
2013-08-22,obm_tx_count_daily,66812,transactions,daily,OBM v0.1.0
2013-08-23,obm_tx_count_daily,55195,transactions,daily,OBM v0.1.0
2013-08-24,obm_tx_count_daily,51817,transactions,daily,OBM v0.1.0
2013-08-25,obm_tx_count_daily,44447,transactions,daily,OBM v0.1.0
2013-08-26,obm_tx_count_daily,56093,transactions,daily,OBM v0.1.0
2013-08-27,obm_tx_count_daily,62187,transactions,daily,OBM v0.1.0
2013-08-28,obm_tx_count_daily,64747,transactions,daily,OBM v0.1.0
2013-08-29,obm_tx_count_daily,58992,transactions,daily,OBM v0.1.0
2013-08-30,obm_tx_count_daily,62603,transactions,daily,OBM v0.1.0
2013-08-31,obm_tx_count_daily,47505,transactions,daily,OBM v0.1.0
2013-09-01,obm_tx_count_daily,46598,transactions,daily,OBM v0.1.0
2013-09-02,obm_tx_count_daily,51266,transactions,daily,OBM v0.1.0
2013-09-03,obm_tx_count_daily,52163,transactions,daily,OBM v0.1.0
2013-09-04,obm_tx_count_daily,52979,transactions,daily,OBM v0.1.0
2013-09-05,obm_tx_count_daily,60730,transactions,daily,OBM v0.1.0
2013-09-06,obm_tx_count_daily,60850,transactions,daily,OBM v0.1.0
2013-09-07,obm_tx_count_daily,51967,transactions,daily,OBM v0.1.0
2013-09-08,obm_tx_count_daily,46452,transactions,daily,OBM v0.1.0
2013-09-09,obm_tx_count_daily,57676,transactions,daily,OBM v0.1.0
2013-09-10,obm_tx_count_daily,53283,transactions,daily,OBM v0.1.0
2013-09-11,obm_tx_count_daily,49210,transactions,daily,OBM v0.1.0
2013-09-12,obm_tx_count_daily,52300,transactions,daily,OBM v0.1.0
2013-09-13,obm_tx_count_daily,44834,transactions,daily,OBM v0.1.0
2013-09-14,obm_tx_count_daily,43560,transactions,daily,OBM v0.1.0
2013-09-15,obm_tx_count_daily,53672,transactions,daily,OBM v0.1.0
2013-09-16,obm_tx_count_daily,51885,transactions,daily,OBM v0.1.0
2013-09-17,obm_tx_count_daily,67931,transactions,daily,OBM v0.1.0
2013-09-18,obm_tx_count_daily,60551,transactions,daily,OBM v0.1.0
2013-09-19,obm_tx_count_daily,59815,transactions,daily,OBM v0.1.0
2013-09-20,obm_tx_count_daily,58994,transactions,daily,OBM v0.1.0
2013-09-21,obm_tx_count_daily,52498,transactions,daily,OBM v0.1.0
2013-09-22,obm_tx_count_daily,50903,transactions,daily,OBM v0.1.0
2013-09-23,obm_tx_count_daily,65328,transactions,daily,OBM v0.1.0
2013-09-24,obm_tx_count_daily,62592,transactions,daily,OBM v0.1.0
2013-09-25,obm_tx_count_daily,54548,transactions,daily,OBM v0.1.0
2013-09-26,obm_tx_count_daily,57545,transactions,daily,OBM v0.1.0
2013-09-27,obm_tx_count_daily,46920,transactions,daily,OBM v0.1.0
2013-09-28,obm_tx_count_daily,42580,transactions,daily,OBM v0.1.0
2013-09-29,obm_tx_count_daily,41181,transactions,daily,OBM v0.1.0
2013-09-30,obm_tx_count_daily,47156,transactions,daily,OBM v0.1.0
2013-10-01,obm_tx_count_daily,57171,transactions,daily,OBM v0.1.0
2013-10-02,obm_tx_count_daily,61964,transactions,daily,OBM v0.1.0
2013-10-03,obm_tx_count_daily,59551,transactions,daily,OBM v0.1.0
2013-10-04,obm_tx_count_daily,51940,transactions,daily,OBM v0.1.0
2013-10-05,obm_tx_count_daily,45479,transactions,daily,OBM v0.1.0
2013-10-06,obm_tx_count_daily,42857,transactions,daily,OBM v0.1.0
2013-10-07,obm_tx_count_daily,44547,transactions,daily,OBM v0.1.0
2013-10-08,obm_tx_count_daily,45131,transactions,daily,OBM v0.1.0
2013-10-09,obm_tx_count_daily,50673,transactions,daily,OBM v0.1.0
2013-10-10,obm_tx_count_daily,56853,transactions,daily,OBM v0.1.0
2013-10-11,obm_tx_count_daily,51922,transactions,daily,OBM v0.1.0
2013-10-12,obm_tx_count_daily,49474,transactions,daily,OBM v0.1.0
2013-10-13,obm_tx_count_daily,51304,transactions,daily,OBM v0.1.0
2013-10-14,obm_tx_count_daily,57452,transactions,daily,OBM v0.1.0
2013-10-15,obm_tx_count_daily,55826,transactions,daily,OBM v0.1.0
2013-10-16,obm_tx_count_daily,50826,transactions,daily,OBM v0.1.0
2013-10-17,obm_tx_count_daily,46870,transactions,daily,OBM v0.1.0
2013-10-18,obm_tx_count_daily,59661,transactions,daily,OBM v0.1.0
2013-10-19,obm_tx_count_daily,55311,transactions,daily,OBM v0.1.0
2013-10-20,obm_tx_count_daily,49418,transactions,daily,OBM v0.1.0
2013-10-21,obm_tx_count_daily,60451,transactions,daily,OBM v0.1.0
2013-10-22,obm_tx_count_daily,65048,transactions,daily,OBM v0.1.0
2013-10-23,obm_tx_count_daily,55314,transactions,daily,OBM v0.1.0
2013-10-24,obm_tx_count_daily,63634,transactions,daily,OBM v0.1.0
2013-10-25,obm_tx_count_daily,57471,transactions,daily,OBM v0.1.0
2013-10-26,obm_tx_count_daily,47747,transactions,daily,OBM v0.1.0
2013-10-27,obm_tx_count_daily,43691,transactions,daily,OBM v0.1.0
2013-10-28,obm_tx_count_daily,51104,transactions,daily,OBM v0.1.0
2013-10-29,obm_tx_count_daily,49930,transactions,daily,OBM v0.1.0
2013-10-30,obm_tx_count_daily,48446,transactions,daily,OBM v0.1.0
2013-10-31,obm_tx_count_daily,58181,transactions,daily,OBM v0.1.0
2013-11-01,obm_tx_count_daily,45371,transactions,daily,OBM v0.1.0
2013-11-02,obm_tx_count_daily,39181,transactions,daily,OBM v0.1.0
2013-11-03,obm_tx_count_daily,35947,transactions,daily,OBM v0.1.0
2013-11-04,obm_tx_count_daily,45523,transactions,daily,OBM v0.1.0
2013-11-05,obm_tx_count_daily,51597,transactions,daily,OBM v0.1.0
2013-11-06,obm_tx_count_daily,55008,transactions,daily,OBM v0.1.0
2013-11-07,obm_tx_count_daily,60535,transactions,daily,OBM v0.1.0
2013-11-08,obm_tx_count_daily,59223,transactions,daily,OBM v0.1.0
2013-11-09,obm_tx_count_daily,55204,transactions,daily,OBM v0.1.0
2013-11-10,obm_tx_count_daily,57538,transactions,daily,OBM v0.1.0
2013-11-11,obm_tx_count_daily,57405,transactions,daily,OBM v0.1.0
2013-11-12,obm_tx_count_daily,58307,transactions,daily,OBM v0.1.0
2013-11-13,obm_tx_count_daily,64870,transactions,daily,OBM v0.1.0
2013-11-14,obm_tx_count_daily,69413,transactions,daily,OBM v0.1.0
2013-11-15,obm_tx_count_daily,60914,transactions,daily,OBM v0.1.0
2013-11-16,obm_tx_count_daily,47175,transactions,daily,OBM v0.1.0
2013-11-17,obm_tx_count_daily,51323,transactions,daily,OBM v0.1.0
2013-11-18,obm_tx_count_daily,79032,transactions,daily,OBM v0.1.0
2013-11-19,obm_tx_count_daily,92907,transactions,daily,OBM v0.1.0
2013-11-20,obm_tx_count_daily,77558,transactions,daily,OBM v0.1.0
2013-11-21,obm_tx_count_daily,71822,transactions,daily,OBM v0.1.0
2013-11-22,obm_tx_count_daily,76947,transactions,daily,OBM v0.1.0
2013-11-23,obm_tx_count_daily,72545,transactions,daily,OBM v0.1.0
2013-11-24,obm_tx_count_daily,60861,transactions,daily,OBM v0.1.0
2013-11-25,obm_tx_count_daily,71793,transactions,daily,OBM v0.1.0
2013-11-26,obm_tx_count_daily,83383,transactions,daily,OBM v0.1.0
2013-11-27,obm_tx_count_daily,95531,transactions,daily,OBM v0.1.0
2013-11-28,obm_tx_count_daily,98921,transactions,daily,OBM v0.1.0
2013-11-29,obm_tx_count_daily,90084,transactions,daily,OBM v0.1.0
2013-11-30,obm_tx_count_daily,75190,transactions,daily,OBM v0.1.0
2013-12-01,obm_tx_count_daily,72142,transactions,daily,OBM v0.1.0
2013-12-02,obm_tx_count_daily,75570,transactions,daily,OBM v0.1.0
2013-12-03,obm_tx_count_daily,77667,transactions,daily,OBM v0.1.0
2013-12-04,obm_tx_count_daily,79624,transactions,daily,OBM v0.1.0
2013-12-05,obm_tx_count_daily,83283,transactions,daily,OBM v0.1.0
2013-12-06,obm_tx_count_daily,72099,transactions,daily,OBM v0.1.0
2013-12-07,obm_tx_count_daily,67712,transactions,daily,OBM v0.1.0
2013-12-08,obm_tx_count_daily,47477,transactions,daily,OBM v0.1.0
2013-12-09,obm_tx_count_daily,63625,transactions,daily,OBM v0.1.0
2013-12-10,obm_tx_count_daily,67623,transactions,daily,OBM v0.1.0
2013-12-11,obm_tx_count_daily,67305,transactions,daily,OBM v0.1.0
2013-12-12,obm_tx_count_daily,58219,transactions,daily,OBM v0.1.0
2013-12-13,obm_tx_count_daily,60115,transactions,daily,OBM v0.1.0
2013-12-14,obm_tx_count_daily,54057,transactions,daily,OBM v0.1.0
2013-12-15,obm_tx_count_daily,52308,transactions,daily,OBM v0.1.0
2013-12-16,obm_tx_count_daily,69382,transactions,daily,OBM v0.1.0
2013-12-17,obm_tx_count_daily,67740,transactions,daily,OBM v0.1.0
2013-12-18,obm_tx_count_daily,81510,transactions,daily,OBM v0.1.0
2013-12-19,obm_tx_count_daily,70278,transactions,daily,OBM v0.1.0
2013-12-20,obm_tx_count_daily,65083,transactions,daily,OBM v0.1.0
2013-12-21,obm_tx_count_daily,56083,transactions,daily,OBM v0.1.0
2013-12-22,obm_tx_count_daily,52897,transactions,daily,OBM v0.1.0
2013-12-23,obm_tx_count_daily,54267,transactions,daily,OBM v0.1.0
2013-12-24,obm_tx_count_daily,55865,transactions,daily,OBM v0.1.0
2013-12-25,obm_tx_count_daily,55428,transactions,daily,OBM v0.1.0
2013-12-26,obm_tx_count_daily,51276,transactions,daily,OBM v0.1.0
2013-12-27,obm_tx_count_daily,52674,transactions,daily,OBM v0.1.0
2013-12-28,obm_tx_count_daily,48009,transactions,daily,OBM v0.1.0
2013-12-29,obm_tx_count_daily,51325,transactions,daily,OBM v0.1.0
2013-12-30,obm_tx_count_daily,55613,transactions,daily,OBM v0.1.0
2013-12-31,obm_tx_count_daily,48847,transactions,daily,OBM v0.1.0
2014-01-01,obm_tx_count_daily,43070,transactions,daily,OBM v0.1.0
2014-01-02,obm_tx_count_daily,54770,transactions,daily,OBM v0.1.0
2014-01-03,obm_tx_count_daily,60980,transactions,daily,OBM v0.1.0
2014-01-04,obm_tx_count_daily,52052,transactions,daily,OBM v0.1.0
2014-01-05,obm_tx_count_daily,58662,transactions,daily,OBM v0.1.0
2014-01-06,obm_tx_count_daily,67358,transactions,daily,OBM v0.1.0
2014-01-07,obm_tx_count_daily,62911,transactions,daily,OBM v0.1.0
2014-01-08,obm_tx_count_daily,61439,transactions,daily,OBM v0.1.0
2014-01-09,obm_tx_count_daily,59031,transactions,daily,OBM v0.1.0
2014-01-10,obm_tx_count_daily,54166,transactions,daily,OBM v0.1.0
2014-01-11,obm_tx_count_daily,55856,transactions,daily,OBM v0.1.0
2014-01-12,obm_tx_count_daily,50537,transactions,daily,OBM v0.1.0
2014-01-13,obm_tx_count_daily,53461,transactions,daily,OBM v0.1.0
2014-01-14,obm_tx_count_daily,57378,transactions,daily,OBM v0.1.0
2014-01-15,obm_tx_count_daily,61612,transactions,daily,OBM v0.1.0
2014-01-16,obm_tx_count_daily,56703,transactions,daily,OBM v0.1.0
2014-01-17,obm_tx_count_daily,59026,transactions,daily,OBM v0.1.0
2014-01-18,obm_tx_count_daily,51573,transactions,daily,OBM v0.1.0
2014-01-19,obm_tx_count_daily,48005,transactions,daily,OBM v0.1.0
2014-01-20,obm_tx_count_daily,63003,transactions,daily,OBM v0.1.0
2014-01-21,obm_tx_count_daily,72577,transactions,daily,OBM v0.1.0
2014-01-22,obm_tx_count_daily,65835,transactions,daily,OBM v0.1.0
2014-01-23,obm_tx_count_daily,63576,transactions,daily,OBM v0.1.0
2014-01-24,obm_tx_count_daily,65600,transactions,daily,OBM v0.1.0
2014-01-25,obm_tx_count_daily,53864,transactions,daily,OBM v0.1.0
2014-01-26,obm_tx_count_daily,53582,transactions,daily,OBM v0.1.0
2014-01-27,obm_tx_count_daily,64374,transactions,daily,OBM v0.1.0
2014-01-28,obm_tx_count_daily,65762,transactions,daily,OBM v0.1.0
2014-01-29,obm_tx_count_daily,59682,transactions,daily,OBM v0.1.0
2014-01-30,obm_tx_count_daily,60799,transactions,daily,OBM v0.1.0
2014-01-31,obm_tx_count_daily,60269,transactions,daily,OBM v0.1.0
2014-02-01,obm_tx_count_daily,54838,transactions,daily,OBM v0.1.0
2014-02-02,obm_tx_count_daily,52483,transactions,daily,OBM v0.1.0
2014-02-03,obm_tx_count_daily,57600,transactions,daily,OBM v0.1.0
2014-02-04,obm_tx_count_daily,69799,transactions,daily,OBM v0.1.0
2014-02-05,obm_tx_count_daily,67529,transactions,daily,OBM v0.1.0
2014-02-06,obm_tx_count_daily,70160,transactions,daily,OBM v0.1.0
2014-02-07,obm_tx_count_daily,70514,transactions,daily,OBM v0.1.0
2014-02-08,obm_tx_count_daily,65009,transactions,daily,OBM v0.1.0
2014-02-09,obm_tx_count_daily,56579,transactions,daily,OBM v0.1.0
2014-02-10,obm_tx_count_daily,66850,transactions,daily,OBM v0.1.0
2014-02-11,obm_tx_count_daily,67229,transactions,daily,OBM v0.1.0
2014-02-12,obm_tx_count_daily,62126,transactions,daily,OBM v0.1.0
2014-02-13,obm_tx_count_daily,67339,transactions,daily,OBM v0.1.0
2014-02-14,obm_tx_count_daily,74889,transactions,daily,OBM v0.1.0
2014-02-15,obm_tx_count_daily,61896,transactions,daily,OBM v0.1.0
2014-02-16,obm_tx_count_daily,57531,transactions,daily,OBM v0.1.0
2014-02-17,obm_tx_count_daily,60853,transactions,daily,OBM v0.1.0
2014-02-18,obm_tx_count_daily,65408,transactions,daily,OBM v0.1.0
2014-02-19,obm_tx_count_daily,70142,transactions,daily,OBM v0.1.0
2014-02-20,obm_tx_count_daily,71144,transactions,daily,OBM v0.1.0
2014-02-21,obm_tx_count_daily,69390,transactions,daily,OBM v0.1.0
2014-02-22,obm_tx_count_daily,58673,transactions,daily,OBM v0.1.0
2014-02-23,obm_tx_count_daily,60074,transactions,daily,OBM v0.1.0
2014-02-24,obm_tx_count_daily,73796,transactions,daily,OBM v0.1.0
2014-02-25,obm_tx_count_daily,80082,transactions,daily,OBM v0.1.0
2014-02-26,obm_tx_count_daily,73176,transactions,daily,OBM v0.1.0
2014-02-27,obm_tx_count_daily,70859,transactions,daily,OBM v0.1.0
2014-02-28,obm_tx_count_daily,70290,transactions,daily,OBM v0.1.0
2014-03-01,obm_tx_count_daily,63402,transactions,daily,OBM v0.1.0
2014-03-02,obm_tx_count_daily,56635,transactions,daily,OBM v0.1.0
2014-03-03,obm_tx_count_daily,81264,transactions,daily,OBM v0.1.0
2014-03-04,obm_tx_count_daily,84600,transactions,daily,OBM v0.1.0
2014-03-05,obm_tx_count_daily,72392,transactions,daily,OBM v0.1.0
2014-03-06,obm_tx_count_daily,70527,transactions,daily,OBM v0.1.0
2014-03-07,obm_tx_count_daily,72345,transactions,daily,OBM v0.1.0
2014-03-08,obm_tx_count_daily,64590,transactions,daily,OBM v0.1.0
2014-03-09,obm_tx_count_daily,62161,transactions,daily,OBM v0.1.0
2014-03-10,obm_tx_count_daily,70884,transactions,daily,OBM v0.1.0
2014-03-11,obm_tx_count_daily,76204,transactions,daily,OBM v0.1.0
2014-03-12,obm_tx_count_daily,76339,transactions,daily,OBM v0.1.0
2014-03-13,obm_tx_count_daily,72805,transactions,daily,OBM v0.1.0
2014-03-14,obm_tx_count_daily,70615,transactions,daily,OBM v0.1.0
2014-03-15,obm_tx_count_daily,60308,transactions,daily,OBM v0.1.0
2014-03-16,obm_tx_count_daily,59332,transactions,daily,OBM v0.1.0
2014-03-17,obm_tx_count_daily,66396,transactions,daily,OBM v0.1.0
2014-03-18,obm_tx_count_daily,54142,transactions,daily,OBM v0.1.0
2014-03-19,obm_tx_count_daily,73804,transactions,daily,OBM v0.1.0
2014-03-20,obm_tx_count_daily,71002,transactions,daily,OBM v0.1.0
2014-03-21,obm_tx_count_daily,73091,transactions,daily,OBM v0.1.0
2014-03-22,obm_tx_count_daily,66673,transactions,daily,OBM v0.1.0
2014-03-23,obm_tx_count_daily,57811,transactions,daily,OBM v0.1.0
2014-03-24,obm_tx_count_daily,70983,transactions,daily,OBM v0.1.0
2014-03-25,obm_tx_count_daily,71883,transactions,daily,OBM v0.1.0
2014-03-26,obm_tx_count_daily,68315,transactions,daily,OBM v0.1.0
2014-03-27,obm_tx_count_daily,71719,transactions,daily,OBM v0.1.0
2014-03-28,obm_tx_count_daily,67079,transactions,daily,OBM v0.1.0
2014-03-29,obm_tx_count_daily,53270,transactions,daily,OBM v0.1.0
2014-03-30,obm_tx_count_daily,56853,transactions,daily,OBM v0.1.0
2014-03-31,obm_tx_count_daily,65042,transactions,daily,OBM v0.1.0
2014-04-01,obm_tx_count_daily,64136,transactions,daily,OBM v0.1.0
2014-04-02,obm_tx_count_daily,66913,transactions,daily,OBM v0.1.0
2014-04-03,obm_tx_count_daily,67024,transactions,daily,OBM v0.1.0
2014-04-04,obm_tx_count_daily,65692,transactions,daily,OBM v0.1.0
2014-04-05,obm_tx_count_daily,55795,transactions,daily,OBM v0.1.0
2014-04-06,obm_tx_count_daily,50010,transactions,daily,OBM v0.1.0
2014-04-07,obm_tx_count_daily,65810,transactions,daily,OBM v0.1.0
2014-04-08,obm_tx_count_daily,67841,transactions,daily,OBM v0.1.0
2014-04-09,obm_tx_count_daily,65153,transactions,daily,OBM v0.1.0
2014-04-10,obm_tx_count_daily,68027,transactions,daily,OBM v0.1.0
2014-04-11,obm_tx_count_daily,65732,transactions,daily,OBM v0.1.0
2014-04-12,obm_tx_count_daily,47740,transactions,daily,OBM v0.1.0
2014-04-13,obm_tx_count_daily,51168,transactions,daily,OBM v0.1.0
2014-04-14,obm_tx_count_daily,70219,transactions,daily,OBM v0.1.0
2014-04-15,obm_tx_count_daily,72809,transactions,daily,OBM v0.1.0
2014-04-16,obm_tx_count_daily,68594,transactions,daily,OBM v0.1.0
2014-04-17,obm_tx_count_daily,65190,transactions,daily,OBM v0.1.0
2014-04-18,obm_tx_count_daily,56996,transactions,daily,OBM v0.1.0
2014-04-19,obm_tx_count_daily,53515,transactions,daily,OBM v0.1.0
2014-04-20,obm_tx_count_daily,49043,transactions,daily,OBM v0.1.0
2014-04-21,obm_tx_count_daily,58110,transactions,daily,OBM v0.1.0
2014-04-22,obm_tx_count_daily,78042,transactions,daily,OBM v0.1.0
2014-04-23,obm_tx_count_daily,73954,transactions,daily,OBM v0.1.0
2014-04-24,obm_tx_count_daily,72694,transactions,daily,OBM v0.1.0
2014-04-25,obm_tx_count_daily,72650,transactions,daily,OBM v0.1.0
2014-04-26,obm_tx_count_daily,52175,transactions,daily,OBM v0.1.0
2014-04-27,obm_tx_count_daily,52629,transactions,daily,OBM v0.1.0
2014-04-28,obm_tx_count_daily,64546,transactions,daily,OBM v0.1.0
2014-04-29,obm_tx_count_daily,65057,transactions,daily,OBM v0.1.0
2014-04-30,obm_tx_count_daily,63638,transactions,daily,OBM v0.1.0
2014-05-01,obm_tx_count_daily,59658,transactions,daily,OBM v0.1.0
2014-05-02,obm_tx_count_daily,59981,transactions,daily,OBM v0.1.0
2014-05-03,obm_tx_count_daily,54157,transactions,daily,OBM v0.1.0
2014-05-04,obm_tx_count_daily,51769,transactions,daily,OBM v0.1.0
2014-05-05,obm_tx_count_daily,67763,transactions,daily,OBM v0.1.0
2014-05-06,obm_tx_count_daily,77228,transactions,daily,OBM v0.1.0
2014-05-07,obm_tx_count_daily,69825,transactions,daily,OBM v0.1.0
2014-05-08,obm_tx_count_daily,68937,transactions,daily,OBM v0.1.0
2014-05-09,obm_tx_count_daily,66293,transactions,daily,OBM v0.1.0
2014-05-10,obm_tx_count_daily,56416,transactions,daily,OBM v0.1.0
2014-05-11,obm_tx_count_daily,52590,transactions,daily,OBM v0.1.0
2014-05-12,obm_tx_count_daily,74418,transactions,daily,OBM v0.1.0
2014-05-13,obm_tx_count_daily,69357,transactions,daily,OBM v0.1.0
2014-05-14,obm_tx_count_daily,69808,transactions,daily,OBM v0.1.0
2014-05-15,obm_tx_count_daily,74893,transactions,daily,OBM v0.1.0
2014-05-16,obm_tx_count_daily,65433,transactions,daily,OBM v0.1.0
2014-05-17,obm_tx_count_daily,53511,transactions,daily,OBM v0.1.0
2014-05-18,obm_tx_count_daily,49912,transactions,daily,OBM v0.1.0
2014-05-19,obm_tx_count_daily,64094,transactions,daily,OBM v0.1.0
2014-05-20,obm_tx_count_daily,71520,transactions,daily,OBM v0.1.0
2014-05-21,obm_tx_count_daily,68905,transactions,daily,OBM v0.1.0
2014-05-22,obm_tx_count_daily,73343,transactions,daily,OBM v0.1.0
2014-05-23,obm_tx_count_daily,72810,transactions,daily,OBM v0.1.0
2014-05-24,obm_tx_count_daily,52872,transactions,daily,OBM v0.1.0
2014-05-25,obm_tx_count_daily,57566,transactions,daily,OBM v0.1.0
2014-05-26,obm_tx_count_daily,67007,transactions,daily,OBM v0.1.0
2014-05-27,obm_tx_count_daily,68524,transactions,daily,OBM v0.1.0
2014-05-28,obm_tx_count_daily,72338,transactions,daily,OBM v0.1.0
2014-05-29,obm_tx_count_daily,65362,transactions,daily,OBM v0.1.0
2014-05-30,obm_tx_count_daily,65127,transactions,daily,OBM v0.1.0
2014-05-31,obm_tx_count_daily,52172,transactions,daily,OBM v0.1.0
2014-06-01,obm_tx_count_daily,55222,transactions,daily,OBM v0.1.0
2014-06-02,obm_tx_count_daily,64434,transactions,daily,OBM v0.1.0
2014-06-03,obm_tx_count_daily,69695,transactions,daily,OBM v0.1.0
2014-06-04,obm_tx_count_daily,65054,transactions,daily,OBM v0.1.0
2014-06-05,obm_tx_count_daily,66945,transactions,daily,OBM v0.1.0
2014-06-06,obm_tx_count_daily,62342,transactions,daily,OBM v0.1.0
2014-06-07,obm_tx_count_daily,51210,transactions,daily,OBM v0.1.0
2014-06-08,obm_tx_count_daily,48308,transactions,daily,OBM v0.1.0
2014-06-09,obm_tx_count_daily,59875,transactions,daily,OBM v0.1.0
2014-06-10,obm_tx_count_daily,63316,transactions,daily,OBM v0.1.0
2014-06-11,obm_tx_count_daily,62827,transactions,daily,OBM v0.1.0
2014-06-12,obm_tx_count_daily,64744,transactions,daily,OBM v0.1.0
2014-06-13,obm_tx_count_daily,64739,transactions,daily,OBM v0.1.0
2014-06-14,obm_tx_count_daily,53596,transactions,daily,OBM v0.1.0
2014-06-15,obm_tx_count_daily,53916,transactions,daily,OBM v0.1.0
2014-06-16,obm_tx_count_daily,68262,transactions,daily,OBM v0.1.0
2014-06-17,obm_tx_count_daily,70077,transactions,daily,OBM v0.1.0
2014-06-18,obm_tx_count_daily,63888,transactions,daily,OBM v0.1.0
2014-06-19,obm_tx_count_daily,62454,transactions,daily,OBM v0.1.0
2014-06-20,obm_tx_count_daily,57381,transactions,daily,OBM v0.1.0
2014-06-21,obm_tx_count_daily,51173,transactions,daily,OBM v0.1.0
2014-06-22,obm_tx_count_daily,50104,transactions,daily,OBM v0.1.0
2014-06-23,obm_tx_count_daily,60216,transactions,daily,OBM v0.1.0
2014-06-24,obm_tx_count_daily,64883,transactions,daily,OBM v0.1.0
2014-06-25,obm_tx_count_daily,64397,transactions,daily,OBM v0.1.0
2014-06-26,obm_tx_count_daily,61432,transactions,daily,OBM v0.1.0
2014-06-27,obm_tx_count_daily,62966,transactions,daily,OBM v0.1.0
2014-06-28,obm_tx_count_daily,54392,transactions,daily,OBM v0.1.0
2014-06-29,obm_tx_count_daily,49094,transactions,daily,OBM v0.1.0
2014-06-30,obm_tx_count_daily,70231,transactions,daily,OBM v0.1.0
2014-07-01,obm_tx_count_daily,69443,transactions,daily,OBM v0.1.0
2014-07-02,obm_tx_count_daily,66728,transactions,daily,OBM v0.1.0
2014-07-03,obm_tx_count_daily,62849,transactions,daily,OBM v0.1.0
2014-07-04,obm_tx_count_daily,59494,transactions,daily,OBM v0.1.0
2014-07-05,obm_tx_count_daily,49954,transactions,daily,OBM v0.1.0
2014-07-06,obm_tx_count_daily,52139,transactions,daily,OBM v0.1.0
2014-07-07,obm_tx_count_daily,64686,transactions,daily,OBM v0.1.0
2014-07-08,obm_tx_count_daily,70117,transactions,daily,OBM v0.1.0
2014-07-09,obm_tx_count_daily,68518,transactions,daily,OBM v0.1.0
2014-07-10,obm_tx_count_daily,64605,transactions,daily,OBM v0.1.0
2014-07-11,obm_tx_count_daily,59077,transactions,daily,OBM v0.1.0
2014-07-12,obm_tx_count_daily,53454,transactions,daily,OBM v0.1.0
2014-07-13,obm_tx_count_daily,52417,transactions,daily,OBM v0.1.0
2014-07-14,obm_tx_count_daily,62761,transactions,daily,OBM v0.1.0
2014-07-15,obm_tx_count_daily,72316,transactions,daily,OBM v0.1.0
2014-07-16,obm_tx_count_daily,65571,transactions,daily,OBM v0.1.0
2014-07-17,obm_tx_count_daily,66233,transactions,daily,OBM v0.1.0
2014-07-18,obm_tx_count_daily,64062,transactions,daily,OBM v0.1.0
2014-07-19,obm_tx_count_daily,59553,transactions,daily,OBM v0.1.0
2014-07-20,obm_tx_count_daily,52001,transactions,daily,OBM v0.1.0
2014-07-21,obm_tx_count_daily,64190,transactions,daily,OBM v0.1.0
2014-07-22,obm_tx_count_daily,66858,transactions,daily,OBM v0.1.0
2014-07-23,obm_tx_count_daily,66883,transactions,daily,OBM v0.1.0
2014-07-24,obm_tx_count_daily,66276,transactions,daily,OBM v0.1.0
2014-07-25,obm_tx_count_daily,61498,transactions,daily,OBM v0.1.0
2014-07-26,obm_tx_count_daily,56333,transactions,daily,OBM v0.1.0
2014-07-27,obm_tx_count_daily,51991,transactions,daily,OBM v0.1.0
2014-07-28,obm_tx_count_daily,64744,transactions,daily,OBM v0.1.0
2014-07-29,obm_tx_count_daily,61607,transactions,daily,OBM v0.1.0
2014-07-30,obm_tx_count_daily,66153,transactions,daily,OBM v0.1.0
2014-07-31,obm_tx_count_daily,69761,transactions,daily,OBM v0.1.0
2014-08-01,obm_tx_count_daily,67915,transactions,daily,OBM v0.1.0
2014-08-02,obm_tx_count_daily,54989,transactions,daily,OBM v0.1.0
2014-08-03,obm_tx_count_daily,53621,transactions,daily,OBM v0.1.0
2014-08-04,obm_tx_count_daily,67847,transactions,daily,OBM v0.1.0
2014-08-05,obm_tx_count_daily,72823,transactions,daily,OBM v0.1.0
2014-08-06,obm_tx_count_daily,80402,transactions,daily,OBM v0.1.0
2014-08-07,obm_tx_count_daily,69913,transactions,daily,OBM v0.1.0
2014-08-08,obm_tx_count_daily,68297,transactions,daily,OBM v0.1.0
2014-08-09,obm_tx_count_daily,60599,transactions,daily,OBM v0.1.0
2014-08-10,obm_tx_count_daily,57913,transactions,daily,OBM v0.1.0
2014-08-11,obm_tx_count_daily,75575,transactions,daily,OBM v0.1.0
2014-08-12,obm_tx_count_daily,76982,transactions,daily,OBM v0.1.0
2014-08-13,obm_tx_count_daily,75738,transactions,daily,OBM v0.1.0
2014-08-14,obm_tx_count_daily,79082,transactions,daily,OBM v0.1.0
2014-08-15,obm_tx_count_daily,73193,transactions,daily,OBM v0.1.0
2014-08-16,obm_tx_count_daily,67974,transactions,daily,OBM v0.1.0
2014-08-17,obm_tx_count_daily,60223,transactions,daily,OBM v0.1.0
2014-08-18,obm_tx_count_daily,72758,transactions,daily,OBM v0.1.0
2014-08-19,obm_tx_count_daily,74740,transactions,daily,OBM v0.1.0
2014-08-20,obm_tx_count_daily,73842,transactions,daily,OBM v0.1.0
2014-08-21,obm_tx_count_daily,73164,transactions,daily,OBM v0.1.0
2014-08-22,obm_tx_count_daily,66998,transactions,daily,OBM v0.1.0
2014-08-23,obm_tx_count_daily,57593,transactions,daily,OBM v0.1.0
2014-08-24,obm_tx_count_daily,56695,transactions,daily,OBM v0.1.0
2014-08-25,obm_tx_count_daily,69894,transactions,daily,OBM v0.1.0
2014-08-26,obm_tx_count_daily,72660,transactions,daily,OBM v0.1.0
2014-08-27,obm_tx_count_daily,74581,transactions,daily,OBM v0.1.0
2014-08-28,obm_tx_count_daily,68628,transactions,daily,OBM v0.1.0
2014-08-29,obm_tx_count_daily,68614,transactions,daily,OBM v0.1.0
2014-08-30,obm_tx_count_daily,61214,transactions,daily,OBM v0.1.0
2014-08-31,obm_tx_count_daily,57755,transactions,daily,OBM v0.1.0
2014-09-01,obm_tx_count_daily,70383,transactions,daily,OBM v0.1.0
2014-09-02,obm_tx_count_daily,71909,transactions,daily,OBM v0.1.0
2014-09-03,obm_tx_count_daily,71868,transactions,daily,OBM v0.1.0
2014-09-04,obm_tx_count_daily,70810,transactions,daily,OBM v0.1.0
2014-09-05,obm_tx_count_daily,68038,transactions,daily,OBM v0.1.0
2014-09-06,obm_tx_count_daily,63369,transactions,daily,OBM v0.1.0
2014-09-07,obm_tx_count_daily,60352,transactions,daily,OBM v0.1.0
2014-09-08,obm_tx_count_daily,75766,transactions,daily,OBM v0.1.0
2014-09-09,obm_tx_count_daily,81812,transactions,daily,OBM v0.1.0
2014-09-10,obm_tx_count_daily,72558,transactions,daily,OBM v0.1.0
2014-09-11,obm_tx_count_daily,66026,transactions,daily,OBM v0.1.0
2014-09-12,obm_tx_count_daily,68384,transactions,daily,OBM v0.1.0
2014-09-13,obm_tx_count_daily,61246,transactions,daily,OBM v0.1.0
2014-09-14,obm_tx_count_daily,67655,transactions,daily,OBM v0.1.0
2014-09-15,obm_tx_count_daily,78666,transactions,daily,OBM v0.1.0
2014-09-16,obm_tx_count_daily,87234,transactions,daily,OBM v0.1.0
2014-09-17,obm_tx_count_daily,80305,transactions,daily,OBM v0.1.0
2014-09-18,obm_tx_count_daily,77364,transactions,daily,OBM v0.1.0
2014-09-19,obm_tx_count_daily,69437,transactions,daily,OBM v0.1.0
2014-09-20,obm_tx_count_daily,63482,transactions,daily,OBM v0.1.0
2014-09-21,obm_tx_count_daily,59800,transactions,daily,OBM v0.1.0
2014-09-22,obm_tx_count_daily,73289,transactions,daily,OBM v0.1.0
2014-09-23,obm_tx_count_daily,77283,transactions,daily,OBM v0.1.0
2014-09-24,obm_tx_count_daily,74974,transactions,daily,OBM v0.1.0
2014-09-25,obm_tx_count_daily,78523,transactions,daily,OBM v0.1.0
2014-09-26,obm_tx_count_daily,72555,transactions,daily,OBM v0.1.0
2014-09-27,obm_tx_count_daily,63138,transactions,daily,OBM v0.1.0
2014-09-28,obm_tx_count_daily,62440,transactions,daily,OBM v0.1.0
2014-09-29,obm_tx_count_daily,77924,transactions,daily,OBM v0.1.0
2014-09-30,obm_tx_count_daily,78006,transactions,daily,OBM v0.1.0
2014-10-01,obm_tx_count_daily,78779,transactions,daily,OBM v0.1.0
2014-10-02,obm_tx_count_daily,72086,transactions,daily,OBM v0.1.0
2014-10-03,obm_tx_count_daily,75094,transactions,daily,OBM v0.1.0
2014-10-04,obm_tx_count_daily,66632,transactions,daily,OBM v0.1.0
2014-10-05,obm_tx_count_daily,67330,transactions,daily,OBM v0.1.0
2014-10-06,obm_tx_count_daily,78049,transactions,daily,OBM v0.1.0
2014-10-07,obm_tx_count_daily,79069,transactions,daily,OBM v0.1.0
2014-10-08,obm_tx_count_daily,78818,transactions,daily,OBM v0.1.0
2014-10-09,obm_tx_count_daily,82789,transactions,daily,OBM v0.1.0
2014-10-10,obm_tx_count_daily,81058,transactions,daily,OBM v0.1.0
2014-10-11,obm_tx_count_daily,65020,transactions,daily,OBM v0.1.0
2014-10-12,obm_tx_count_daily,63509,transactions,daily,OBM v0.1.0
2014-10-13,obm_tx_count_daily,77942,transactions,daily,OBM v0.1.0
2014-10-14,obm_tx_count_daily,81364,transactions,daily,OBM v0.1.0
2014-10-15,obm_tx_count_daily,76257,transactions,daily,OBM v0.1.0
2014-10-16,obm_tx_count_daily,75737,transactions,daily,OBM v0.1.0
2014-10-17,obm_tx_count_daily,70839,transactions,daily,OBM v0.1.0
2014-10-18,obm_tx_count_daily,66477,transactions,daily,OBM v0.1.0
2014-10-19,obm_tx_count_daily,63255,transactions,daily,OBM v0.1.0
2014-10-20,obm_tx_count_daily,82700,transactions,daily,OBM v0.1.0
2014-10-21,obm_tx_count_daily,81651,transactions,daily,OBM v0.1.0
2014-10-22,obm_tx_count_daily,79987,transactions,daily,OBM v0.1.0
2014-10-23,obm_tx_count_daily,80638,transactions,daily,OBM v0.1.0
2014-10-24,obm_tx_count_daily,77906,transactions,daily,OBM v0.1.0
2014-10-25,obm_tx_count_daily,72515,transactions,daily,OBM v0.1.0
2014-10-26,obm_tx_count_daily,70762,transactions,daily,OBM v0.1.0
2014-10-27,obm_tx_count_daily,83977,transactions,daily,OBM v0.1.0
2014-10-28,obm_tx_count_daily,87980,transactions,daily,OBM v0.1.0
2014-10-29,obm_tx_count_daily,93667,transactions,daily,OBM v0.1.0
2014-10-30,obm_tx_count_daily,92622,transactions,daily,OBM v0.1.0
2014-10-31,obm_tx_count_daily,85703,transactions,daily,OBM v0.1.0
2014-11-01,obm_tx_count_daily,69591,transactions,daily,OBM v0.1.0
2014-11-02,obm_tx_count_daily,77170,transactions,daily,OBM v0.1.0
2014-11-03,obm_tx_count_daily,90351,transactions,daily,OBM v0.1.0
2014-11-04,obm_tx_count_daily,87617,transactions,daily,OBM v0.1.0
2014-11-05,obm_tx_count_daily,89460,transactions,daily,OBM v0.1.0
2014-11-06,obm_tx_count_daily,94296,transactions,daily,OBM v0.1.0
2014-11-07,obm_tx_count_daily,83957,transactions,daily,OBM v0.1.0
2014-11-08,obm_tx_count_daily,72717,transactions,daily,OBM v0.1.0
2014-11-09,obm_tx_count_daily,72212,transactions,daily,OBM v0.1.0
2014-11-10,obm_tx_count_daily,88994,transactions,daily,OBM v0.1.0
2014-11-11,obm_tx_count_daily,85618,transactions,daily,OBM v0.1.0
2014-11-12,obm_tx_count_daily,95579,transactions,daily,OBM v0.1.0
2014-11-13,obm_tx_count_daily,92958,transactions,daily,OBM v0.1.0
2014-11-14,obm_tx_count_daily,86307,transactions,daily,OBM v0.1.0
2014-11-15,obm_tx_count_daily,73242,transactions,daily,OBM v0.1.0
2014-11-16,obm_tx_count_daily,76009,transactions,daily,OBM v0.1.0
2014-11-17,obm_tx_count_daily,88354,transactions,daily,OBM v0.1.0
2014-11-18,obm_tx_count_daily,87524,transactions,daily,OBM v0.1.0
2014-11-19,obm_tx_count_daily,85271,transactions,daily,OBM v0.1.0
2014-11-20,obm_tx_count_daily,89388,transactions,daily,OBM v0.1.0
2014-11-21,obm_tx_count_daily,82179,transactions,daily,OBM v0.1.0
2014-11-22,obm_tx_count_daily,74725,transactions,daily,OBM v0.1.0
2014-11-23,obm_tx_count_daily,77283,transactions,daily,OBM v0.1.0
2014-11-24,obm_tx_count_daily,85807,transactions,daily,OBM v0.1.0
2014-11-25,obm_tx_count_daily,86134,transactions,daily,OBM v0.1.0
2014-11-26,obm_tx_count_daily,85111,transactions,daily,OBM v0.1.0
2014-11-27,obm_tx_count_daily,84682,transactions,daily,OBM v0.1.0
2014-11-28,obm_tx_count_daily,85912,transactions,daily,OBM v0.1.0
2014-11-29,obm_tx_count_daily,79098,transactions,daily,OBM v0.1.0
2014-11-30,obm_tx_count_daily,85013,transactions,daily,OBM v0.1.0
2014-12-01,obm_tx_count_daily,97623,transactions,daily,OBM v0.1.0
2014-12-02,obm_tx_count_daily,99419,transactions,daily,OBM v0.1.0
2014-12-03,obm_tx_count_daily,99348,transactions,daily,OBM v0.1.0
2014-12-04,obm_tx_count_daily,98348,transactions,daily,OBM v0.1.0
2014-12-05,obm_tx_count_daily,90900,transactions,daily,OBM v0.1.0
2014-12-06,obm_tx_count_daily,81230,transactions,daily,OBM v0.1.0
2014-12-07,obm_tx_count_daily,74792,transactions,daily,OBM v0.1.0
2014-12-08,obm_tx_count_daily,90746,transactions,daily,OBM v0.1.0
2014-12-09,obm_tx_count_daily,90220,transactions,daily,OBM v0.1.0
2014-12-10,obm_tx_count_daily,88798,transactions,daily,OBM v0.1.0
2014-12-11,obm_tx_count_daily,84005,transactions,daily,OBM v0.1.0
2014-12-12,obm_tx_count_daily,81297,transactions,daily,OBM v0.1.0
2014-12-13,obm_tx_count_daily,76207,transactions,daily,OBM v0.1.0
2014-12-14,obm_tx_count_daily,79703,transactions,daily,OBM v0.1.0
2014-12-15,obm_tx_count_daily,94459,transactions,daily,OBM v0.1.0
2014-12-16,obm_tx_count_daily,101064,transactions,daily,OBM v0.1.0
2014-12-17,obm_tx_count_daily,98444,transactions,daily,OBM v0.1.0
2014-12-18,obm_tx_count_daily,95207,transactions,daily,OBM v0.1.0
2014-12-19,obm_tx_count_daily,95405,transactions,daily,OBM v0.1.0
2014-12-20,obm_tx_count_daily,86901,transactions,daily,OBM v0.1.0
2014-12-21,obm_tx_count_daily,78963,transactions,daily,OBM v0.1.0
2014-12-22,obm_tx_count_daily,96511,transactions,daily,OBM v0.1.0
2014-12-23,obm_tx_count_daily,99469,transactions,daily,OBM v0.1.0
2014-12-24,obm_tx_count_daily,82347,transactions,daily,OBM v0.1.0
2014-12-25,obm_tx_count_daily,67918,transactions,daily,OBM v0.1.0
2014-12-26,obm_tx_count_daily,76198,transactions,daily,OBM v0.1.0
2014-12-27,obm_tx_count_daily,76814,transactions,daily,OBM v0.1.0
2014-12-28,obm_tx_count_daily,75715,transactions,daily,OBM v0.1.0
2014-12-29,obm_tx_count_daily,83447,transactions,daily,OBM v0.1.0
2014-12-30,obm_tx_count_daily,85049,transactions,daily,OBM v0.1.0
2014-12-31,obm_tx_count_daily,77411,transactions,daily,OBM v0.1.0
2015-01-01,obm_tx_count_daily,59344,transactions,daily,OBM v0.1.0
2015-01-02,obm_tx_count_daily,79287,transactions,daily,OBM v0.1.0
2015-01-03,obm_tx_count_daily,82227,transactions,daily,OBM v0.1.0
2015-01-04,obm_tx_count_daily,85694,transactions,daily,OBM v0.1.0
2015-01-05,obm_tx_count_daily,95585,transactions,daily,OBM v0.1.0
2015-01-06,obm_tx_count_daily,87821,transactions,daily,OBM v0.1.0
2015-01-07,obm_tx_count_daily,89916,transactions,daily,OBM v0.1.0
2015-01-08,obm_tx_count_daily,107132,transactions,daily,OBM v0.1.0
2015-01-09,obm_tx_count_daily,102275,transactions,daily,OBM v0.1.0
2015-01-10,obm_tx_count_daily,104874,transactions,daily,OBM v0.1.0
2015-01-11,obm_tx_count_daily,90630,transactions,daily,OBM v0.1.0
2015-01-12,obm_tx_count_daily,98969,transactions,daily,OBM v0.1.0
2015-01-13,obm_tx_count_daily,102309,transactions,daily,OBM v0.1.0
2015-01-14,obm_tx_count_daily,104765,transactions,daily,OBM v0.1.0
2015-01-15,obm_tx_count_daily,120390,transactions,daily,OBM v0.1.0
2015-01-16,obm_tx_count_daily,104699,transactions,daily,OBM v0.1.0
2015-01-17,obm_tx_count_daily,90499,transactions,daily,OBM v0.1.0
2015-01-18,obm_tx_count_daily,83186,transactions,daily,OBM v0.1.0
2015-01-19,obm_tx_count_daily,98485,transactions,daily,OBM v0.1.0
2015-01-20,obm_tx_count_daily,98925,transactions,daily,OBM v0.1.0
2015-01-21,obm_tx_count_daily,96959,transactions,daily,OBM v0.1.0
2015-01-22,obm_tx_count_daily,93698,transactions,daily,OBM v0.1.0
2015-01-23,obm_tx_count_daily,92011,transactions,daily,OBM v0.1.0
2015-01-24,obm_tx_count_daily,83557,transactions,daily,OBM v0.1.0
2015-01-25,obm_tx_count_daily,86558,transactions,daily,OBM v0.1.0
2015-01-26,obm_tx_count_daily,108181,transactions,daily,OBM v0.1.0
2015-01-27,obm_tx_count_daily,99393,transactions,daily,OBM v0.1.0
2015-01-28,obm_tx_count_daily,85232,transactions,daily,OBM v0.1.0
2015-01-29,obm_tx_count_daily,90879,transactions,daily,OBM v0.1.0
2015-01-30,obm_tx_count_daily,81199,transactions,daily,OBM v0.1.0
2015-01-31,obm_tx_count_daily,86312,transactions,daily,OBM v0.1.0
2015-02-01,obm_tx_count_daily,78994,transactions,daily,OBM v0.1.0
2015-02-02,obm_tx_count_daily,85987,transactions,daily,OBM v0.1.0
2015-02-03,obm_tx_count_daily,91793,transactions,daily,OBM v0.1.0
2015-02-04,obm_tx_count_daily,90814,transactions,daily,OBM v0.1.0
2015-02-05,obm_tx_count_daily,86567,transactions,daily,OBM v0.1.0
2015-02-06,obm_tx_count_daily,85705,transactions,daily,OBM v0.1.0
2015-02-07,obm_tx_count_daily,85699,transactions,daily,OBM v0.1.0
2015-02-08,obm_tx_count_daily,82679,transactions,daily,OBM v0.1.0
2015-02-09,obm_tx_count_daily,104758,transactions,daily,OBM v0.1.0
2015-02-10,obm_tx_count_daily,102975,transactions,daily,OBM v0.1.0
2015-02-11,obm_tx_count_daily,97048,transactions,daily,OBM v0.1.0
2015-02-12,obm_tx_count_daily,87427,transactions,daily,OBM v0.1.0
2015-02-13,obm_tx_count_daily,113660,transactions,daily,OBM v0.1.0
2015-02-14,obm_tx_count_daily,98773,transactions,daily,OBM v0.1.0
2015-02-15,obm_tx_count_daily,85267,transactions,daily,OBM v0.1.0
2015-02-16,obm_tx_count_daily,104632,transactions,daily,OBM v0.1.0
2015-02-17,obm_tx_count_daily,102988,transactions,daily,OBM v0.1.0
2015-02-18,obm_tx_count_daily,105719,transactions,daily,OBM v0.1.0
2015-02-19,obm_tx_count_daily,94552,transactions,daily,OBM v0.1.0
2015-02-20,obm_tx_count_daily,98714,transactions,daily,OBM v0.1.0
2015-02-21,obm_tx_count_daily,87827,transactions,daily,OBM v0.1.0
2015-02-22,obm_tx_count_daily,84942,transactions,daily,OBM v0.1.0
2015-02-23,obm_tx_count_daily,101515,transactions,daily,OBM v0.1.0
2015-02-24,obm_tx_count_daily,105125,transactions,daily,OBM v0.1.0
2015-02-25,obm_tx_count_daily,105394,transactions,daily,OBM v0.1.0
2015-02-26,obm_tx_count_daily,100817,transactions,daily,OBM v0.1.0
2015-02-27,obm_tx_count_daily,101474,transactions,daily,OBM v0.1.0
2015-02-28,obm_tx_count_daily,89632,transactions,daily,OBM v0.1.0
2015-03-01,obm_tx_count_daily,88728,transactions,daily,OBM v0.1.0
2015-03-02,obm_tx_count_daily,104937,transactions,daily,OBM v0.1.0
2015-03-03,obm_tx_count_daily,110981,transactions,daily,OBM v0.1.0
2015-03-04,obm_tx_count_daily,98529,transactions,daily,OBM v0.1.0
2015-03-05,obm_tx_count_daily,101115,transactions,daily,OBM v0.1.0
2015-03-06,obm_tx_count_daily,93869,transactions,daily,OBM v0.1.0
2015-03-07,obm_tx_count_daily,91505,transactions,daily,OBM v0.1.0
2015-03-08,obm_tx_count_daily,87527,transactions,daily,OBM v0.1.0
2015-03-09,obm_tx_count_daily,105536,transactions,daily,OBM v0.1.0
2015-03-10,obm_tx_count_daily,105541,transactions,daily,OBM v0.1.0
2015-03-11,obm_tx_count_daily,100765,transactions,daily,OBM v0.1.0
2015-03-12,obm_tx_count_daily,97095,transactions,daily,OBM v0.1.0
2015-03-13,obm_tx_count_daily,96036,transactions,daily,OBM v0.1.0
2015-03-14,obm_tx_count_daily,89511,transactions,daily,OBM v0.1.0
2015-03-15,obm_tx_count_daily,84934,transactions,daily,OBM v0.1.0
2015-03-16,obm_tx_count_daily,105218,transactions,daily,OBM v0.1.0
2015-03-17,obm_tx_count_daily,99561,transactions,daily,OBM v0.1.0
2015-03-18,obm_tx_count_daily,99607,transactions,daily,OBM v0.1.0
2015-03-19,obm_tx_count_daily,106297,transactions,daily,OBM v0.1.0
2015-03-20,obm_tx_count_daily,103532,transactions,daily,OBM v0.1.0
2015-03-21,obm_tx_count_daily,92836,transactions,daily,OBM v0.1.0
2015-03-22,obm_tx_count_daily,90586,transactions,daily,OBM v0.1.0
2015-03-23,obm_tx_count_daily,106019,transactions,daily,OBM v0.1.0
2015-03-24,obm_tx_count_daily,92927,transactions,daily,OBM v0.1.0
2015-03-25,obm_tx_count_daily,97138,transactions,daily,OBM v0.1.0
2015-03-26,obm_tx_count_daily,101181,transactions,daily,OBM v0.1.0
2015-03-27,obm_tx_count_daily,99491,transactions,daily,OBM v0.1.0
2015-03-28,obm_tx_count_daily,87374,transactions,daily,OBM v0.1.0
2015-03-29,obm_tx_count_daily,90516,transactions,daily,OBM v0.1.0
2015-03-30,obm_tx_count_daily,106355,transactions,daily,OBM v0.1.0
2015-03-31,obm_tx_count_daily,115111,transactions,daily,OBM v0.1.0
2015-04-01,obm_tx_count_daily,119343,transactions,daily,OBM v0.1.0
2015-04-02,obm_tx_count_daily,112070,transactions,daily,OBM v0.1.0
2015-04-03,obm_tx_count_daily,104546,transactions,daily,OBM v0.1.0
2015-04-04,obm_tx_count_daily,89651,transactions,daily,OBM v0.1.0
2015-04-05,obm_tx_count_daily,95023,transactions,daily,OBM v0.1.0
2015-04-06,obm_tx_count_daily,107449,transactions,daily,OBM v0.1.0
2015-04-07,obm_tx_count_daily,108714,transactions,daily,OBM v0.1.0
2015-04-08,obm_tx_count_daily,110751,transactions,daily,OBM v0.1.0
2015-04-09,obm_tx_count_daily,116620,transactions,daily,OBM v0.1.0
2015-04-10,obm_tx_count_daily,112826,transactions,daily,OBM v0.1.0
2015-04-11,obm_tx_count_daily,99429,transactions,daily,OBM v0.1.0
2015-04-12,obm_tx_count_daily,86999,transactions,daily,OBM v0.1.0
2015-04-13,obm_tx_count_daily,115407,transactions,daily,OBM v0.1.0
2015-04-14,obm_tx_count_daily,110150,transactions,daily,OBM v0.1.0
2015-04-15,obm_tx_count_daily,107606,transactions,daily,OBM v0.1.0
2015-04-16,obm_tx_count_daily,99046,transactions,daily,OBM v0.1.0
2015-04-17,obm_tx_count_daily,102755,transactions,daily,OBM v0.1.0
2015-04-18,obm_tx_count_daily,97709,transactions,daily,OBM v0.1.0
2015-04-19,obm_tx_count_daily,91134,transactions,daily,OBM v0.1.0
2015-04-20,obm_tx_count_daily,116746,transactions,daily,OBM v0.1.0
2015-04-21,obm_tx_count_daily,112502,transactions,daily,OBM v0.1.0
2015-04-22,obm_tx_count_daily,111878,transactions,daily,OBM v0.1.0
2015-04-23,obm_tx_count_daily,109838,transactions,daily,OBM v0.1.0
2015-04-24,obm_tx_count_daily,108776,transactions,daily,OBM v0.1.0
2015-04-25,obm_tx_count_daily,98465,transactions,daily,OBM v0.1.0
2015-04-26,obm_tx_count_daily,92999,transactions,daily,OBM v0.1.0
2015-04-27,obm_tx_count_daily,113775,transactions,daily,OBM v0.1.0
2015-04-28,obm_tx_count_daily,113193,transactions,daily,OBM v0.1.0
2015-04-29,obm_tx_count_daily,117260,transactions,daily,OBM v0.1.0
2015-04-30,obm_tx_count_daily,112958,transactions,daily,OBM v0.1.0
2015-05-01,obm_tx_count_daily,99560,transactions,daily,OBM v0.1.0
2015-05-02,obm_tx_count_daily,95102,transactions,daily,OBM v0.1.0
2015-05-03,obm_tx_count_daily,84602,transactions,daily,OBM v0.1.0
2015-05-04,obm_tx_count_daily,104000,transactions,daily,OBM v0.1.0
2015-05-05,obm_tx_count_daily,115348,transactions,daily,OBM v0.1.0
2015-05-06,obm_tx_count_daily,111733,transactions,daily,OBM v0.1.0
2015-05-07,obm_tx_count_daily,111125,transactions,daily,OBM v0.1.0
2015-05-08,obm_tx_count_daily,109145,transactions,daily,OBM v0.1.0
2015-05-09,obm_tx_count_daily,94716,transactions,daily,OBM v0.1.0
2015-05-10,obm_tx_count_daily,89409,transactions,daily,OBM v0.1.0
2015-05-11,obm_tx_count_daily,111374,transactions,daily,OBM v0.1.0
2015-05-12,obm_tx_count_daily,110101,transactions,daily,OBM v0.1.0
2015-05-13,obm_tx_count_daily,108858,transactions,daily,OBM v0.1.0
2015-05-14,obm_tx_count_daily,101584,transactions,daily,OBM v0.1.0
2015-05-15,obm_tx_count_daily,105160,transactions,daily,OBM v0.1.0
2015-05-16,obm_tx_count_daily,90686,transactions,daily,OBM v0.1.0
2015-05-17,obm_tx_count_daily,87162,transactions,daily,OBM v0.1.0
2015-05-18,obm_tx_count_daily,98578,transactions,daily,OBM v0.1.0
2015-05-19,obm_tx_count_daily,107346,transactions,daily,OBM v0.1.0
2015-05-20,obm_tx_count_daily,106888,transactions,daily,OBM v0.1.0
2015-05-21,obm_tx_count_daily,98302,transactions,daily,OBM v0.1.0
2015-05-22,obm_tx_count_daily,102770,transactions,daily,OBM v0.1.0
2015-05-23,obm_tx_count_daily,86279,transactions,daily,OBM v0.1.0
2015-05-24,obm_tx_count_daily,94044,transactions,daily,OBM v0.1.0
2015-05-25,obm_tx_count_daily,106086,transactions,daily,OBM v0.1.0
2015-05-26,obm_tx_count_daily,108384,transactions,daily,OBM v0.1.0
2015-05-27,obm_tx_count_daily,108089,transactions,daily,OBM v0.1.0
2015-05-28,obm_tx_count_daily,110980,transactions,daily,OBM v0.1.0
2015-05-29,obm_tx_count_daily,124052,transactions,daily,OBM v0.1.0
2015-05-30,obm_tx_count_daily,127801,transactions,daily,OBM v0.1.0
2015-05-31,obm_tx_count_daily,98784,transactions,daily,OBM v0.1.0
2015-06-01,obm_tx_count_daily,128696,transactions,daily,OBM v0.1.0
2015-06-02,obm_tx_count_daily,128207,transactions,daily,OBM v0.1.0
2015-06-03,obm_tx_count_daily,127600,transactions,daily,OBM v0.1.0
2015-06-04,obm_tx_count_daily,118346,transactions,daily,OBM v0.1.0
2015-06-05,obm_tx_count_daily,110201,transactions,daily,OBM v0.1.0
2015-06-06,obm_tx_count_daily,92696,transactions,daily,OBM v0.1.0
2015-06-07,obm_tx_count_daily,83627,transactions,daily,OBM v0.1.0
2015-06-08,obm_tx_count_daily,108173,transactions,daily,OBM v0.1.0
2015-06-09,obm_tx_count_daily,121638,transactions,daily,OBM v0.1.0
2015-06-10,obm_tx_count_daily,131279,transactions,daily,OBM v0.1.0
2015-06-11,obm_tx_count_daily,120624,transactions,daily,OBM v0.1.0
2015-06-12,obm_tx_count_daily,126945,transactions,daily,OBM v0.1.0
2015-06-13,obm_tx_count_daily,105843,transactions,daily,OBM v0.1.0
2015-06-14,obm_tx_count_daily,103036,transactions,daily,OBM v0.1.0
2015-06-15,obm_tx_count_daily,129389,transactions,daily,OBM v0.1.0
2015-06-16,obm_tx_count_daily,121541,transactions,daily,OBM v0.1.0
2015-06-17,obm_tx_count_daily,133122,transactions,daily,OBM v0.1.0
2015-06-18,obm_tx_count_daily,124929,transactions,daily,OBM v0.1.0
2015-06-19,obm_tx_count_daily,125222,transactions,daily,OBM v0.1.0
2015-06-20,obm_tx_count_daily,102012,transactions,daily,OBM v0.1.0
2015-06-21,obm_tx_count_daily,96654,transactions,daily,OBM v0.1.0
2015-06-22,obm_tx_count_daily,119345,transactions,daily,OBM v0.1.0
2015-06-23,obm_tx_count_daily,125560,transactions,daily,OBM v0.1.0
2015-06-24,obm_tx_count_daily,113093,transactions,daily,OBM v0.1.0
2015-06-25,obm_tx_count_daily,111468,transactions,daily,OBM v0.1.0
2015-06-26,obm_tx_count_daily,116432,transactions,daily,OBM v0.1.0
2015-06-27,obm_tx_count_daily,106004,transactions,daily,OBM v0.1.0
2015-06-28,obm_tx_count_daily,99145,transactions,daily,OBM v0.1.0
2015-06-29,obm_tx_count_daily,124180,transactions,daily,OBM v0.1.0
2015-06-30,obm_tx_count_daily,155869,transactions,daily,OBM v0.1.0
2015-07-01,obm_tx_count_daily,144112,transactions,daily,OBM v0.1.0
2015-07-02,obm_tx_count_daily,142153,transactions,daily,OBM v0.1.0
2015-07-03,obm_tx_count_daily,129719,transactions,daily,OBM v0.1.0
2015-07-04,obm_tx_count_daily,104582,transactions,daily,OBM v0.1.0
2015-07-05,obm_tx_count_daily,115084,transactions,daily,OBM v0.1.0
2015-07-06,obm_tx_count_daily,174070,transactions,daily,OBM v0.1.0
2015-07-07,obm_tx_count_daily,190747,transactions,daily,OBM v0.1.0
2015-07-08,obm_tx_count_daily,201747,transactions,daily,OBM v0.1.0
2015-07-09,obm_tx_count_daily,191163,transactions,daily,OBM v0.1.0
2015-07-10,obm_tx_count_daily,193020,transactions,daily,OBM v0.1.0
2015-07-11,obm_tx_count_daily,186200,transactions,daily,OBM v0.1.0
2015-07-12,obm_tx_count_daily,208685,transactions,daily,OBM v0.1.0
2015-07-13,obm_tx_count_daily,159695,transactions,daily,OBM v0.1.0
2015-07-14,obm_tx_count_daily,122618,transactions,daily,OBM v0.1.0
2015-07-15,obm_tx_count_daily,115570,transactions,daily,OBM v0.1.0
2015-07-16,obm_tx_count_daily,114387,transactions,daily,OBM v0.1.0
2015-07-17,obm_tx_count_daily,116906,transactions,daily,OBM v0.1.0
2015-07-18,obm_tx_count_daily,130695,transactions,daily,OBM v0.1.0
2015-07-19,obm_tx_count_daily,120887,transactions,daily,OBM v0.1.0
2015-07-20,obm_tx_count_daily,125258,transactions,daily,OBM v0.1.0
2015-07-21,obm_tx_count_daily,133785,transactions,daily,OBM v0.1.0
2015-07-22,obm_tx_count_daily,131259,transactions,daily,OBM v0.1.0
2015-07-23,obm_tx_count_daily,109620,transactions,daily,OBM v0.1.0
2015-07-24,obm_tx_count_daily,109918,transactions,daily,OBM v0.1.0
2015-07-25,obm_tx_count_daily,100544,transactions,daily,OBM v0.1.0
2015-07-26,obm_tx_count_daily,92776,transactions,daily,OBM v0.1.0
2015-07-27,obm_tx_count_daily,115226,transactions,daily,OBM v0.1.0
2015-07-28,obm_tx_count_daily,118350,transactions,daily,OBM v0.1.0
2015-07-29,obm_tx_count_daily,143200,transactions,daily,OBM v0.1.0
2015-07-30,obm_tx_count_daily,123577,transactions,daily,OBM v0.1.0
2015-07-31,obm_tx_count_daily,147503,transactions,daily,OBM v0.1.0
2015-08-01,obm_tx_count_daily,147481,transactions,daily,OBM v0.1.0
2015-08-02,obm_tx_count_daily,103600,transactions,daily,OBM v0.1.0
2015-08-03,obm_tx_count_daily,119844,transactions,daily,OBM v0.1.0
2015-08-04,obm_tx_count_daily,132547,transactions,daily,OBM v0.1.0
2015-08-05,obm_tx_count_daily,133758,transactions,daily,OBM v0.1.0
2015-08-06,obm_tx_count_daily,134838,transactions,daily,OBM v0.1.0
2015-08-07,obm_tx_count_daily,111345,transactions,daily,OBM v0.1.0
2015-08-08,obm_tx_count_daily,101512,transactions,daily,OBM v0.1.0
2015-08-09,obm_tx_count_daily,90534,transactions,daily,OBM v0.1.0
2015-08-10,obm_tx_count_daily,116841,transactions,daily,OBM v0.1.0
2015-08-11,obm_tx_count_daily,114741,transactions,daily,OBM v0.1.0
2015-08-12,obm_tx_count_daily,117898,transactions,daily,OBM v0.1.0
2015-08-13,obm_tx_count_daily,117507,transactions,daily,OBM v0.1.0
2015-08-14,obm_tx_count_daily,111255,transactions,daily,OBM v0.1.0
2015-08-15,obm_tx_count_daily,94944,transactions,daily,OBM v0.1.0
2015-08-16,obm_tx_count_daily,89498,transactions,daily,OBM v0.1.0
2015-08-17,obm_tx_count_daily,115049,transactions,daily,OBM v0.1.0
2015-08-18,obm_tx_count_daily,119798,transactions,daily,OBM v0.1.0
2015-08-19,obm_tx_count_daily,120151,transactions,daily,OBM v0.1.0
2015-08-20,obm_tx_count_daily,118230,transactions,daily,OBM v0.1.0
2015-08-21,obm_tx_count_daily,113792,transactions,daily,OBM v0.1.0
2015-08-22,obm_tx_count_daily,105665,transactions,daily,OBM v0.1.0
2015-08-23,obm_tx_count_daily,94529,transactions,daily,OBM v0.1.0
2015-08-24,obm_tx_count_daily,125368,transactions,daily,OBM v0.1.0
2015-08-25,obm_tx_count_daily,121973,transactions,daily,OBM v0.1.0
2015-08-26,obm_tx_count_daily,122852,transactions,daily,OBM v0.1.0
2015-08-27,obm_tx_count_daily,120079,transactions,daily,OBM v0.1.0
2015-08-28,obm_tx_count_daily,120385,transactions,daily,OBM v0.1.0
2015-08-29,obm_tx_count_daily,107489,transactions,daily,OBM v0.1.0
2015-08-30,obm_tx_count_daily,98339,transactions,daily,OBM v0.1.0
2015-08-31,obm_tx_count_daily,127260,transactions,daily,OBM v0.1.0
2015-09-01,obm_tx_count_daily,130410,transactions,daily,OBM v0.1.0
2015-09-02,obm_tx_count_daily,150066,transactions,daily,OBM v0.1.0
2015-09-03,obm_tx_count_daily,128682,transactions,daily,OBM v0.1.0
2015-09-04,obm_tx_count_daily,103973,transactions,daily,OBM v0.1.0
2015-09-05,obm_tx_count_daily,124218,transactions,daily,OBM v0.1.0
2015-09-06,obm_tx_count_daily,106293,transactions,daily,OBM v0.1.0
2015-09-07,obm_tx_count_daily,125467,transactions,daily,OBM v0.1.0
2015-09-08,obm_tx_count_daily,125379,transactions,daily,OBM v0.1.0
2015-09-09,obm_tx_count_daily,126457,transactions,daily,OBM v0.1.0
2015-09-10,obm_tx_count_daily,124951,transactions,daily,OBM v0.1.0
2015-09-11,obm_tx_count_daily,180002,transactions,daily,OBM v0.1.0
2015-09-12,obm_tx_count_daily,137740,transactions,daily,OBM v0.1.0
2015-09-13,obm_tx_count_daily,146048,transactions,daily,OBM v0.1.0
2015-09-14,obm_tx_count_daily,166715,transactions,daily,OBM v0.1.0
2015-09-15,obm_tx_count_daily,162999,transactions,daily,OBM v0.1.0
2015-09-16,obm_tx_count_daily,167269,transactions,daily,OBM v0.1.0
2015-09-17,obm_tx_count_daily,259279,transactions,daily,OBM v0.1.0
2015-09-18,obm_tx_count_daily,161504,transactions,daily,OBM v0.1.0
2015-09-19,obm_tx_count_daily,114851,transactions,daily,OBM v0.1.0
2015-09-20,obm_tx_count_daily,109158,transactions,daily,OBM v0.1.0
2015-09-21,obm_tx_count_daily,131679,transactions,daily,OBM v0.1.0
2015-09-22,obm_tx_count_daily,136784,transactions,daily,OBM v0.1.0
2015-09-23,obm_tx_count_daily,131400,transactions,daily,OBM v0.1.0
2015-09-24,obm_tx_count_daily,125367,transactions,daily,OBM v0.1.0
2015-09-25,obm_tx_count_daily,128166,transactions,daily,OBM v0.1.0
2015-09-26,obm_tx_count_daily,115622,transactions,daily,OBM v0.1.0
2015-09-27,obm_tx_count_daily,108749,transactions,daily,OBM v0.1.0
2015-09-28,obm_tx_count_daily,138570,transactions,daily,OBM v0.1.0
2015-09-29,obm_tx_count_daily,140664,transactions,daily,OBM v0.1.0
2015-09-30,obm_tx_count_daily,139848,transactions,daily,OBM v0.1.0
2015-10-01,obm_tx_count_daily,134327,transactions,daily,OBM v0.1.0
2015-10-02,obm_tx_count_daily,139746,transactions,daily,OBM v0.1.0
2015-10-03,obm_tx_count_daily,119567,transactions,daily,OBM v0.1.0
2015-10-04,obm_tx_count_daily,103531,transactions,daily,OBM v0.1.0
2015-10-05,obm_tx_count_daily,125548,transactions,daily,OBM v0.1.0
2015-10-06,obm_tx_count_daily,144510,transactions,daily,OBM v0.1.0
2015-10-07,obm_tx_count_daily,134931,transactions,daily,OBM v0.1.0
2015-10-08,obm_tx_count_daily,140348,transactions,daily,OBM v0.1.0
2015-10-09,obm_tx_count_daily,114644,transactions,daily,OBM v0.1.0
2015-10-10,obm_tx_count_daily,127005,transactions,daily,OBM v0.1.0
2015-10-11,obm_tx_count_daily,104550,transactions,daily,OBM v0.1.0
2015-10-12,obm_tx_count_daily,134410,transactions,daily,OBM v0.1.0
2015-10-13,obm_tx_count_daily,134878,transactions,daily,OBM v0.1.0
2015-10-14,obm_tx_count_daily,141985,transactions,daily,OBM v0.1.0
2015-10-15,obm_tx_count_daily,153495,transactions,daily,OBM v0.1.0
2015-10-16,obm_tx_count_daily,143286,transactions,daily,OBM v0.1.0
2015-10-17,obm_tx_count_daily,135911,transactions,daily,OBM v0.1.0
2015-10-18,obm_tx_count_daily,119706,transactions,daily,OBM v0.1.0
2015-10-19,obm_tx_count_daily,143969,transactions,daily,OBM v0.1.0
2015-10-20,obm_tx_count_daily,146349,transactions,daily,OBM v0.1.0
2015-10-21,obm_tx_count_daily,150199,transactions,daily,OBM v0.1.0
2015-10-22,obm_tx_count_daily,147402,transactions,daily,OBM v0.1.0
2015-10-23,obm_tx_count_daily,143468,transactions,daily,OBM v0.1.0
2015-10-24,obm_tx_count_daily,140128,transactions,daily,OBM v0.1.0
2015-10-25,obm_tx_count_daily,131488,transactions,daily,OBM v0.1.0
2015-10-26,obm_tx_count_daily,116400,transactions,daily,OBM v0.1.0
2015-10-27,obm_tx_count_daily,153740,transactions,daily,OBM v0.1.0
2015-10-28,obm_tx_count_daily,160175,transactions,daily,OBM v0.1.0
2015-10-29,obm_tx_count_daily,161062,transactions,daily,OBM v0.1.0
2015-10-30,obm_tx_count_daily,166695,transactions,daily,OBM v0.1.0
2015-10-31,obm_tx_count_daily,155400,transactions,daily,OBM v0.1.0
2015-11-01,obm_tx_count_daily,152488,transactions,daily,OBM v0.1.0
2015-11-02,obm_tx_count_daily,172108,transactions,daily,OBM v0.1.0
2015-11-03,obm_tx_count_daily,186362,transactions,daily,OBM v0.1.0
2015-11-04,obm_tx_count_daily,204198,transactions,daily,OBM v0.1.0
2015-11-05,obm_tx_count_daily,182809,transactions,daily,OBM v0.1.0
2015-11-06,obm_tx_count_daily,166893,transactions,daily,OBM v0.1.0
2015-11-07,obm_tx_count_daily,151497,transactions,daily,OBM v0.1.0
2015-11-08,obm_tx_count_daily,132550,transactions,daily,OBM v0.1.0
2015-11-09,obm_tx_count_daily,159836,transactions,daily,OBM v0.1.0
2015-11-10,obm_tx_count_daily,161962,transactions,daily,OBM v0.1.0
2015-11-11,obm_tx_count_daily,158929,transactions,daily,OBM v0.1.0
2015-11-12,obm_tx_count_daily,157847,transactions,daily,OBM v0.1.0
2015-11-13,obm_tx_count_daily,154827,transactions,daily,OBM v0.1.0
2015-11-14,obm_tx_count_daily,150474,transactions,daily,OBM v0.1.0
2015-11-15,obm_tx_count_daily,143369,transactions,daily,OBM v0.1.0
2015-11-16,obm_tx_count_daily,158316,transactions,daily,OBM v0.1.0
2015-11-17,obm_tx_count_daily,156688,transactions,daily,OBM v0.1.0
2015-11-18,obm_tx_count_daily,165269,transactions,daily,OBM v0.1.0
2015-11-19,obm_tx_count_daily,154483,transactions,daily,OBM v0.1.0
2015-11-20,obm_tx_count_daily,155774,transactions,daily,OBM v0.1.0
2015-11-21,obm_tx_count_daily,151035,transactions,daily,OBM v0.1.0
2015-11-22,obm_tx_count_daily,129659,transactions,daily,OBM v0.1.0
2015-11-23,obm_tx_count_daily,145272,transactions,daily,OBM v0.1.0
2015-11-24,obm_tx_count_daily,152324,transactions,daily,OBM v0.1.0
2015-11-25,obm_tx_count_daily,151861,transactions,daily,OBM v0.1.0
2015-11-26,obm_tx_count_daily,164671,transactions,daily,OBM v0.1.0
2015-11-27,obm_tx_count_daily,160235,transactions,daily,OBM v0.1.0
2015-11-28,obm_tx_count_daily,165676,transactions,daily,OBM v0.1.0
2015-11-29,obm_tx_count_daily,129850,transactions,daily,OBM v0.1.0
2015-11-30,obm_tx_count_daily,182648,transactions,daily,OBM v0.1.0
2015-12-01,obm_tx_count_daily,178112,transactions,daily,OBM v0.1.0
2015-12-02,obm_tx_count_daily,183523,transactions,daily,OBM v0.1.0
2015-12-03,obm_tx_count_daily,164774,transactions,daily,OBM v0.1.0
2015-12-04,obm_tx_count_daily,173586,transactions,daily,OBM v0.1.0
2015-12-05,obm_tx_count_daily,186194,transactions,daily,OBM v0.1.0
2015-12-06,obm_tx_count_daily,179712,transactions,daily,OBM v0.1.0
2015-12-07,obm_tx_count_daily,192830,transactions,daily,OBM v0.1.0
2015-12-08,obm_tx_count_daily,195221,transactions,daily,OBM v0.1.0
2015-12-09,obm_tx_count_daily,220323,transactions,daily,OBM v0.1.0
2015-12-10,obm_tx_count_daily,212036,transactions,daily,OBM v0.1.0
2015-12-11,obm_tx_count_daily,210259,transactions,daily,OBM v0.1.0
2015-12-12,obm_tx_count_daily,204141,transactions,daily,OBM v0.1.0
2015-12-13,obm_tx_count_daily,189914,transactions,daily,OBM v0.1.0
2015-12-14,obm_tx_count_daily,231477,transactions,daily,OBM v0.1.0
2015-12-15,obm_tx_count_daily,223998,transactions,daily,OBM v0.1.0
2015-12-16,obm_tx_count_daily,220420,transactions,daily,OBM v0.1.0
2015-12-17,obm_tx_count_daily,216297,transactions,daily,OBM v0.1.0
2015-12-18,obm_tx_count_daily,213847,transactions,daily,OBM v0.1.0
2015-12-19,obm_tx_count_daily,213876,transactions,daily,OBM v0.1.0
2015-12-20,obm_tx_count_daily,193847,transactions,daily,OBM v0.1.0
2015-12-21,obm_tx_count_daily,229444,transactions,daily,OBM v0.1.0
2015-12-22,obm_tx_count_daily,222717,transactions,daily,OBM v0.1.0
2015-12-23,obm_tx_count_daily,221075,transactions,daily,OBM v0.1.0
2015-12-24,obm_tx_count_daily,210228,transactions,daily,OBM v0.1.0
2015-12-25,obm_tx_count_daily,180383,transactions,daily,OBM v0.1.0
2015-12-26,obm_tx_count_daily,179363,transactions,daily,OBM v0.1.0
2015-12-27,obm_tx_count_daily,160271,transactions,daily,OBM v0.1.0
2015-12-28,obm_tx_count_daily,173129,transactions,daily,OBM v0.1.0
2015-12-29,obm_tx_count_daily,184618,transactions,daily,OBM v0.1.0
2015-12-30,obm_tx_count_daily,176447,transactions,daily,OBM v0.1.0
2015-12-31,obm_tx_count_daily,155362,transactions,daily,OBM v0.1.0
2016-01-01,obm_tx_count_daily,124092,transactions,daily,OBM v0.1.0
2016-01-02,obm_tx_count_daily,149038,transactions,daily,OBM v0.1.0
2016-01-03,obm_tx_count_daily,142608,transactions,daily,OBM v0.1.0
2016-01-04,obm_tx_count_daily,181354,transactions,daily,OBM v0.1.0
2016-01-05,obm_tx_count_daily,182371,transactions,daily,OBM v0.1.0
2016-01-06,obm_tx_count_daily,172090,transactions,daily,OBM v0.1.0
2016-01-07,obm_tx_count_daily,190234,transactions,daily,OBM v0.1.0
2016-01-08,obm_tx_count_daily,181407,transactions,daily,OBM v0.1.0
2016-01-09,obm_tx_count_daily,179968,transactions,daily,OBM v0.1.0
2016-01-10,obm_tx_count_daily,161317,transactions,daily,OBM v0.1.0
2016-01-11,obm_tx_count_daily,191196,transactions,daily,OBM v0.1.0
2016-01-12,obm_tx_count_daily,194874,transactions,daily,OBM v0.1.0
2016-01-13,obm_tx_count_daily,188131,transactions,daily,OBM v0.1.0
2016-01-14,obm_tx_count_daily,183182,transactions,daily,OBM v0.1.0
2016-01-15,obm_tx_count_daily,183642,transactions,daily,OBM v0.1.0
2016-01-16,obm_tx_count_daily,191300,transactions,daily,OBM v0.1.0
2016-01-17,obm_tx_count_daily,204128,transactions,daily,OBM v0.1.0
2016-01-18,obm_tx_count_daily,213905,transactions,daily,OBM v0.1.0
2016-01-19,obm_tx_count_daily,186858,transactions,daily,OBM v0.1.0
2016-01-20,obm_tx_count_daily,209071,transactions,daily,OBM v0.1.0
2016-01-21,obm_tx_count_daily,222743,transactions,daily,OBM v0.1.0
2016-01-22,obm_tx_count_daily,213683,transactions,daily,OBM v0.1.0
2016-01-23,obm_tx_count_daily,190400,transactions,daily,OBM v0.1.0
2016-01-24,obm_tx_count_daily,201425,transactions,daily,OBM v0.1.0
2016-01-25,obm_tx_count_daily,222150,transactions,daily,OBM v0.1.0
2016-01-26,obm_tx_count_daily,230523,transactions,daily,OBM v0.1.0
2016-01-27,obm_tx_count_daily,229677,transactions,daily,OBM v0.1.0
2016-01-28,obm_tx_count_daily,225025,transactions,daily,OBM v0.1.0
2016-01-29,obm_tx_count_daily,224394,transactions,daily,OBM v0.1.0
2016-01-30,obm_tx_count_daily,194794,transactions,daily,OBM v0.1.0
2016-01-31,obm_tx_count_daily,176045,transactions,daily,OBM v0.1.0
2016-02-01,obm_tx_count_daily,222398,transactions,daily,OBM v0.1.0
2016-02-02,obm_tx_count_daily,241722,transactions,daily,OBM v0.1.0
2016-02-03,obm_tx_count_daily,191224,transactions,daily,OBM v0.1.0
2016-02-04,obm_tx_count_daily,200661,transactions,daily,OBM v0.1.0
2016-02-05,obm_tx_count_daily,225488,transactions,daily,OBM v0.1.0
2016-02-06,obm_tx_count_daily,224156,transactions,daily,OBM v0.1.0
2016-02-07,obm_tx_count_daily,212190,transactions,daily,OBM v0.1.0
2016-02-08,obm_tx_count_daily,224755,transactions,daily,OBM v0.1.0
2016-02-09,obm_tx_count_daily,231240,transactions,daily,OBM v0.1.0
2016-02-10,obm_tx_count_daily,235527,transactions,daily,OBM v0.1.0
2016-02-11,obm_tx_count_daily,220934,transactions,daily,OBM v0.1.0
2016-02-12,obm_tx_count_daily,202527,transactions,daily,OBM v0.1.0
2016-02-13,obm_tx_count_daily,184675,transactions,daily,OBM v0.1.0
2016-02-14,obm_tx_count_daily,186088,transactions,daily,OBM v0.1.0
2016-02-15,obm_tx_count_daily,220349,transactions,daily,OBM v0.1.0
2016-02-16,obm_tx_count_daily,215940,transactions,daily,OBM v0.1.0
2016-02-17,obm_tx_count_daily,227235,transactions,daily,OBM v0.1.0
2016-02-18,obm_tx_count_daily,212979,transactions,daily,OBM v0.1.0
2016-02-19,obm_tx_count_daily,217436,transactions,daily,OBM v0.1.0
2016-02-20,obm_tx_count_daily,215728,transactions,daily,OBM v0.1.0
2016-02-21,obm_tx_count_daily,206617,transactions,daily,OBM v0.1.0
2016-02-22,obm_tx_count_daily,237696,transactions,daily,OBM v0.1.0
2016-02-23,obm_tx_count_daily,244748,transactions,daily,OBM v0.1.0
2016-02-24,obm_tx_count_daily,224927,transactions,daily,OBM v0.1.0
2016-02-25,obm_tx_count_daily,216290,transactions,daily,OBM v0.1.0
2016-02-26,obm_tx_count_daily,203635,transactions,daily,OBM v0.1.0
2016-02-27,obm_tx_count_daily,182177,transactions,daily,OBM v0.1.0
2016-02-28,obm_tx_count_daily,233436,transactions,daily,OBM v0.1.0
2016-02-29,obm_tx_count_daily,265320,transactions,daily,OBM v0.1.0
2016-03-01,obm_tx_count_daily,277094,transactions,daily,OBM v0.1.0
2016-03-02,obm_tx_count_daily,270206,transactions,daily,OBM v0.1.0
2016-03-03,obm_tx_count_daily,221652,transactions,daily,OBM v0.1.0
2016-03-04,obm_tx_count_daily,207485,transactions,daily,OBM v0.1.0
2016-03-05,obm_tx_count_daily,234992,transactions,daily,OBM v0.1.0
2016-03-06,obm_tx_count_daily,161739,transactions,daily,OBM v0.1.0
2016-03-07,obm_tx_count_daily,183255,transactions,daily,OBM v0.1.0
2016-03-08,obm_tx_count_daily,200298,transactions,daily,OBM v0.1.0
2016-03-09,obm_tx_count_daily,190388,transactions,daily,OBM v0.1.0
2016-03-10,obm_tx_count_daily,188726,transactions,daily,OBM v0.1.0
2016-03-11,obm_tx_count_daily,189816,transactions,daily,OBM v0.1.0
2016-03-12,obm_tx_count_daily,168013,transactions,daily,OBM v0.1.0
2016-03-13,obm_tx_count_daily,149803,transactions,daily,OBM v0.1.0
2016-03-14,obm_tx_count_daily,191341,transactions,daily,OBM v0.1.0
2016-03-15,obm_tx_count_daily,202426,transactions,daily,OBM v0.1.0
2016-03-16,obm_tx_count_daily,211992,transactions,daily,OBM v0.1.0
2016-03-17,obm_tx_count_daily,208319,transactions,daily,OBM v0.1.0
2016-03-18,obm_tx_count_daily,206022,transactions,daily,OBM v0.1.0
2016-03-19,obm_tx_count_daily,177478,transactions,daily,OBM v0.1.0
2016-03-20,obm_tx_count_daily,178143,transactions,daily,OBM v0.1.0
2016-03-21,obm_tx_count_daily,199006,transactions,daily,OBM v0.1.0
2016-03-22,obm_tx_count_daily,205208,transactions,daily,OBM v0.1.0
2016-03-23,obm_tx_count_daily,186808,transactions,daily,OBM v0.1.0
2016-03-24,obm_tx_count_daily,190094,transactions,daily,OBM v0.1.0
2016-03-25,obm_tx_count_daily,172309,transactions,daily,OBM v0.1.0
2016-03-26,obm_tx_count_daily,159049,transactions,daily,OBM v0.1.0
2016-03-27,obm_tx_count_daily,160266,transactions,daily,OBM v0.1.0
2016-03-28,obm_tx_count_daily,196080,transactions,daily,OBM v0.1.0
2016-03-29,obm_tx_count_daily,197409,transactions,daily,OBM v0.1.0
2016-03-30,obm_tx_count_daily,201028,transactions,daily,OBM v0.1.0
2016-03-31,obm_tx_count_daily,206476,transactions,daily,OBM v0.1.0
2016-04-01,obm_tx_count_daily,211922,transactions,daily,OBM v0.1.0
2016-04-02,obm_tx_count_daily,183503,transactions,daily,OBM v0.1.0
2016-04-03,obm_tx_count_daily,178429,transactions,daily,OBM v0.1.0
2016-04-04,obm_tx_count_daily,208929,transactions,daily,OBM v0.1.0
2016-04-05,obm_tx_count_daily,216176,transactions,daily,OBM v0.1.0
2016-04-06,obm_tx_count_daily,219290,transactions,daily,OBM v0.1.0
2016-04-07,obm_tx_count_daily,218463,transactions,daily,OBM v0.1.0
2016-04-08,obm_tx_count_daily,214191,transactions,daily,OBM v0.1.0
2016-04-09,obm_tx_count_daily,196441,transactions,daily,OBM v0.1.0
2016-04-10,obm_tx_count_daily,186954,transactions,daily,OBM v0.1.0
2016-04-11,obm_tx_count_daily,230040,transactions,daily,OBM v0.1.0
2016-04-12,obm_tx_count_daily,240206,transactions,daily,OBM v0.1.0
2016-04-13,obm_tx_count_daily,223506,transactions,daily,OBM v0.1.0
2016-04-14,obm_tx_count_daily,227928,transactions,daily,OBM v0.1.0
2016-04-15,obm_tx_count_daily,212178,transactions,daily,OBM v0.1.0
2016-04-16,obm_tx_count_daily,182004,transactions,daily,OBM v0.1.0
2016-04-17,obm_tx_count_daily,192428,transactions,daily,OBM v0.1.0
2016-04-18,obm_tx_count_daily,220395,transactions,daily,OBM v0.1.0
2016-04-19,obm_tx_count_daily,226511,transactions,daily,OBM v0.1.0
2016-04-20,obm_tx_count_daily,216780,transactions,daily,OBM v0.1.0
2016-04-21,obm_tx_count_daily,212795,transactions,daily,OBM v0.1.0
2016-04-22,obm_tx_count_daily,210976,transactions,daily,OBM v0.1.0
2016-04-23,obm_tx_count_daily,185216,transactions,daily,OBM v0.1.0
2016-04-24,obm_tx_count_daily,183155,transactions,daily,OBM v0.1.0
2016-04-25,obm_tx_count_daily,217564,transactions,daily,OBM v0.1.0
2016-04-26,obm_tx_count_daily,250744,transactions,daily,OBM v0.1.0
2016-04-27,obm_tx_count_daily,239435,transactions,daily,OBM v0.1.0
2016-04-28,obm_tx_count_daily,247957,transactions,daily,OBM v0.1.0
2016-04-29,obm_tx_count_daily,261884,transactions,daily,OBM v0.1.0
2016-04-30,obm_tx_count_daily,215712,transactions,daily,OBM v0.1.0
2016-05-01,obm_tx_count_daily,191430,transactions,daily,OBM v0.1.0
2016-05-02,obm_tx_count_daily,223785,transactions,daily,OBM v0.1.0
2016-05-03,obm_tx_count_daily,235609,transactions,daily,OBM v0.1.0
2016-05-04,obm_tx_count_daily,233691,transactions,daily,OBM v0.1.0
2016-05-05,obm_tx_count_daily,229573,transactions,daily,OBM v0.1.0
2016-05-06,obm_tx_count_daily,233232,transactions,daily,OBM v0.1.0
2016-05-07,obm_tx_count_daily,202062,transactions,daily,OBM v0.1.0
2016-05-08,obm_tx_count_daily,189025,transactions,daily,OBM v0.1.0
2016-05-09,obm_tx_count_daily,226449,transactions,daily,OBM v0.1.0
2016-05-10,obm_tx_count_daily,245721,transactions,daily,OBM v0.1.0
2016-05-11,obm_tx_count_daily,234412,transactions,daily,OBM v0.1.0
2016-05-12,obm_tx_count_daily,228409,transactions,daily,OBM v0.1.0
2016-05-13,obm_tx_count_daily,232146,transactions,daily,OBM v0.1.0
2016-05-14,obm_tx_count_daily,211280,transactions,daily,OBM v0.1.0
2016-05-15,obm_tx_count_daily,200171,transactions,daily,OBM v0.1.0
2016-05-16,obm_tx_count_daily,239809,transactions,daily,OBM v0.1.0
2016-05-17,obm_tx_count_daily,238626,transactions,daily,OBM v0.1.0
2016-05-18,obm_tx_count_daily,235083,transactions,daily,OBM v0.1.0
2016-05-19,obm_tx_count_daily,219145,transactions,daily,OBM v0.1.0
2016-05-20,obm_tx_count_daily,209396,transactions,daily,OBM v0.1.0
2016-05-21,obm_tx_count_daily,191461,transactions,daily,OBM v0.1.0
2016-05-22,obm_tx_count_daily,184348,transactions,daily,OBM v0.1.0
2016-05-23,obm_tx_count_daily,222754,transactions,daily,OBM v0.1.0
2016-05-24,obm_tx_count_daily,246517,transactions,daily,OBM v0.1.0
2016-05-25,obm_tx_count_daily,247841,transactions,daily,OBM v0.1.0
2016-05-26,obm_tx_count_daily,220091,transactions,daily,OBM v0.1.0
2016-05-27,obm_tx_count_daily,215296,transactions,daily,OBM v0.1.0
2016-05-28,obm_tx_count_daily,193054,transactions,daily,OBM v0.1.0
2016-05-29,obm_tx_count_daily,178742,transactions,daily,OBM v0.1.0
2016-05-30,obm_tx_count_daily,211368,transactions,daily,OBM v0.1.0
2016-05-31,obm_tx_count_daily,215249,transactions,daily,OBM v0.1.0
2016-06-01,obm_tx_count_daily,234384,transactions,daily,OBM v0.1.0
2016-06-02,obm_tx_count_daily,231099,transactions,daily,OBM v0.1.0
2016-06-03,obm_tx_count_daily,234669,transactions,daily,OBM v0.1.0
2016-06-04,obm_tx_count_daily,196665,transactions,daily,OBM v0.1.0
2016-06-05,obm_tx_count_daily,189802,transactions,daily,OBM v0.1.0
2016-06-06,obm_tx_count_daily,221171,transactions,daily,OBM v0.1.0
2016-06-07,obm_tx_count_daily,231016,transactions,daily,OBM v0.1.0
2016-06-08,obm_tx_count_daily,229933,transactions,daily,OBM v0.1.0
2016-06-09,obm_tx_count_daily,236353,transactions,daily,OBM v0.1.0
2016-06-10,obm_tx_count_daily,228367,transactions,daily,OBM v0.1.0
2016-06-11,obm_tx_count_daily,213159,transactions,daily,OBM v0.1.0
2016-06-12,obm_tx_count_daily,210711,transactions,daily,OBM v0.1.0
2016-06-13,obm_tx_count_daily,251354,transactions,daily,OBM v0.1.0
2016-06-14,obm_tx_count_daily,246829,transactions,daily,OBM v0.1.0
2016-06-15,obm_tx_count_daily,259202,transactions,daily,OBM v0.1.0
2016-06-16,obm_tx_count_daily,267870,transactions,daily,OBM v0.1.0
2016-06-17,obm_tx_count_daily,253752,transactions,daily,OBM v0.1.0
2016-06-18,obm_tx_count_daily,235317,transactions,daily,OBM v0.1.0
2016-06-19,obm_tx_count_daily,218298,transactions,daily,OBM v0.1.0
2016-06-20,obm_tx_count_daily,249334,transactions,daily,OBM v0.1.0
2016-06-21,obm_tx_count_daily,248164,transactions,daily,OBM v0.1.0
2016-06-22,obm_tx_count_daily,235641,transactions,daily,OBM v0.1.0
2016-06-23,obm_tx_count_daily,241300,transactions,daily,OBM v0.1.0
2016-06-24,obm_tx_count_daily,237625,transactions,daily,OBM v0.1.0
2016-06-25,obm_tx_count_daily,206919,transactions,daily,OBM v0.1.0
2016-06-26,obm_tx_count_daily,181348,transactions,daily,OBM v0.1.0
2016-06-27,obm_tx_count_daily,217029,transactions,daily,OBM v0.1.0
2016-06-28,obm_tx_count_daily,212607,transactions,daily,OBM v0.1.0
2016-06-29,obm_tx_count_daily,224112,transactions,daily,OBM v0.1.0
2016-06-30,obm_tx_count_daily,231960,transactions,daily,OBM v0.1.0
2016-07-01,obm_tx_count_daily,205801,transactions,daily,OBM v0.1.0
2016-07-02,obm_tx_count_daily,198875,transactions,daily,OBM v0.1.0
2016-07-03,obm_tx_count_daily,177127,transactions,daily,OBM v0.1.0
2016-07-04,obm_tx_count_daily,213900,transactions,daily,OBM v0.1.0
2016-07-05,obm_tx_count_daily,214959,transactions,daily,OBM v0.1.0
2016-07-06,obm_tx_count_daily,214691,transactions,daily,OBM v0.1.0
2016-07-07,obm_tx_count_daily,215548,transactions,daily,OBM v0.1.0
2016-07-08,obm_tx_count_daily,210701,transactions,daily,OBM v0.1.0
2016-07-09,obm_tx_count_daily,185405,transactions,daily,OBM v0.1.0
2016-07-10,obm_tx_count_daily,162608,transactions,daily,OBM v0.1.0
2016-07-11,obm_tx_count_daily,218089,transactions,daily,OBM v0.1.0
2016-07-12,obm_tx_count_daily,219034,transactions,daily,OBM v0.1.0
2016-07-13,obm_tx_count_daily,216503,transactions,daily,OBM v0.1.0
2016-07-14,obm_tx_count_daily,217695,transactions,daily,OBM v0.1.0
2016-07-15,obm_tx_count_daily,216081,transactions,daily,OBM v0.1.0
2016-07-16,obm_tx_count_daily,182192,transactions,daily,OBM v0.1.0
2016-07-17,obm_tx_count_daily,171013,transactions,daily,OBM v0.1.0
2016-07-18,obm_tx_count_daily,222835,transactions,daily,OBM v0.1.0
2016-07-19,obm_tx_count_daily,222146,transactions,daily,OBM v0.1.0
2016-07-20,obm_tx_count_daily,227429,transactions,daily,OBM v0.1.0
2016-07-21,obm_tx_count_daily,217606,transactions,daily,OBM v0.1.0
2016-07-22,obm_tx_count_daily,221404,transactions,daily,OBM v0.1.0
2016-07-23,obm_tx_count_daily,195796,transactions,daily,OBM v0.1.0
2016-07-24,obm_tx_count_daily,183890,transactions,daily,OBM v0.1.0
2016-07-25,obm_tx_count_daily,239715,transactions,daily,OBM v0.1.0
2016-07-26,obm_tx_count_daily,237673,transactions,daily,OBM v0.1.0
2016-07-27,obm_tx_count_daily,235603,transactions,daily,OBM v0.1.0
2016-07-28,obm_tx_count_daily,234863,transactions,daily,OBM v0.1.0
2016-07-29,obm_tx_count_daily,231414,transactions,daily,OBM v0.1.0
2016-07-30,obm_tx_count_daily,199484,transactions,daily,OBM v0.1.0
2016-07-31,obm_tx_count_daily,192254,transactions,daily,OBM v0.1.0
2016-08-01,obm_tx_count_daily,225049,transactions,daily,OBM v0.1.0
2016-08-02,obm_tx_count_daily,251098,transactions,daily,OBM v0.1.0
2016-08-03,obm_tx_count_daily,241782,transactions,daily,OBM v0.1.0
2016-08-04,obm_tx_count_daily,231835,transactions,daily,OBM v0.1.0
2016-08-05,obm_tx_count_daily,228244,transactions,daily,OBM v0.1.0
2016-08-06,obm_tx_count_daily,195669,transactions,daily,OBM v0.1.0
2016-08-07,obm_tx_count_daily,192414,transactions,daily,OBM v0.1.0
2016-08-08,obm_tx_count_daily,235295,transactions,daily,OBM v0.1.0
2016-08-09,obm_tx_count_daily,231400,transactions,daily,OBM v0.1.0
2016-08-10,obm_tx_count_daily,244740,transactions,daily,OBM v0.1.0
2016-08-11,obm_tx_count_daily,254515,transactions,daily,OBM v0.1.0
2016-08-12,obm_tx_count_daily,232973,transactions,daily,OBM v0.1.0
2016-08-13,obm_tx_count_daily,214569,transactions,daily,OBM v0.1.0
2016-08-14,obm_tx_count_daily,200174,transactions,daily,OBM v0.1.0
2016-08-15,obm_tx_count_daily,202896,transactions,daily,OBM v0.1.0
2016-08-16,obm_tx_count_daily,254431,transactions,daily,OBM v0.1.0
2016-08-17,obm_tx_count_daily,238003,transactions,daily,OBM v0.1.0
2016-08-18,obm_tx_count_daily,239541,transactions,daily,OBM v0.1.0
2016-08-19,obm_tx_count_daily,246095,transactions,daily,OBM v0.1.0
2016-08-20,obm_tx_count_daily,208224,transactions,daily,OBM v0.1.0
2016-08-21,obm_tx_count_daily,184904,transactions,daily,OBM v0.1.0
2016-08-22,obm_tx_count_daily,228373,transactions,daily,OBM v0.1.0
2016-08-23,obm_tx_count_daily,239021,transactions,daily,OBM v0.1.0
2016-08-24,obm_tx_count_daily,235130,transactions,daily,OBM v0.1.0
2016-08-25,obm_tx_count_daily,234009,transactions,daily,OBM v0.1.0
2016-08-26,obm_tx_count_daily,226767,transactions,daily,OBM v0.1.0
2016-08-27,obm_tx_count_daily,191098,transactions,daily,OBM v0.1.0
2016-08-28,obm_tx_count_daily,174489,transactions,daily,OBM v0.1.0
2016-08-29,obm_tx_count_daily,225282,transactions,daily,OBM v0.1.0
2016-08-30,obm_tx_count_daily,252002,transactions,daily,OBM v0.1.0
2016-08-31,obm_tx_count_daily,225360,transactions,daily,OBM v0.1.0
2016-09-01,obm_tx_count_daily,237466,transactions,daily,OBM v0.1.0
2016-09-02,obm_tx_count_daily,225856,transactions,daily,OBM v0.1.0
2016-09-03,obm_tx_count_daily,182204,transactions,daily,OBM v0.1.0
2016-09-04,obm_tx_count_daily,183244,transactions,daily,OBM v0.1.0
2016-09-05,obm_tx_count_daily,227683,transactions,daily,OBM v0.1.0
2016-09-06,obm_tx_count_daily,232118,transactions,daily,OBM v0.1.0
2016-09-07,obm_tx_count_daily,250809,transactions,daily,OBM v0.1.0
2016-09-08,obm_tx_count_daily,227006,transactions,daily,OBM v0.1.0
2016-09-09,obm_tx_count_daily,220534,transactions,daily,OBM v0.1.0
2016-09-10,obm_tx_count_daily,193320,transactions,daily,OBM v0.1.0
2016-09-11,obm_tx_count_daily,180391,transactions,daily,OBM v0.1.0
2016-09-12,obm_tx_count_daily,208649,transactions,daily,OBM v0.1.0
2016-09-13,obm_tx_count_daily,239886,transactions,daily,OBM v0.1.0
2016-09-14,obm_tx_count_daily,231800,transactions,daily,OBM v0.1.0
2016-09-15,obm_tx_count_daily,233488,transactions,daily,OBM v0.1.0
2016-09-16,obm_tx_count_daily,211128,transactions,daily,OBM v0.1.0
2016-09-17,obm_tx_count_daily,215529,transactions,daily,OBM v0.1.0
2016-09-18,obm_tx_count_daily,191603,transactions,daily,OBM v0.1.0
2016-09-19,obm_tx_count_daily,223540,transactions,daily,OBM v0.1.0
2016-09-20,obm_tx_count_daily,244315,transactions,daily,OBM v0.1.0
2016-09-21,obm_tx_count_daily,239216,transactions,daily,OBM v0.1.0
2016-09-22,obm_tx_count_daily,231227,transactions,daily,OBM v0.1.0
2016-09-23,obm_tx_count_daily,223187,transactions,daily,OBM v0.1.0
2016-09-24,obm_tx_count_daily,208650,transactions,daily,OBM v0.1.0
2016-09-25,obm_tx_count_daily,195642,transactions,daily,OBM v0.1.0
2016-09-26,obm_tx_count_daily,230769,transactions,daily,OBM v0.1.0
2016-09-27,obm_tx_count_daily,240335,transactions,daily,OBM v0.1.0
2016-09-28,obm_tx_count_daily,234995,transactions,daily,OBM v0.1.0
2016-09-29,obm_tx_count_daily,242730,transactions,daily,OBM v0.1.0
2016-09-30,obm_tx_count_daily,250943,transactions,daily,OBM v0.1.0
2016-10-01,obm_tx_count_daily,213930,transactions,daily,OBM v0.1.0
2016-10-02,obm_tx_count_daily,192683,transactions,daily,OBM v0.1.0
2016-10-03,obm_tx_count_daily,258805,transactions,daily,OBM v0.1.0
2016-10-04,obm_tx_count_daily,264662,transactions,daily,OBM v0.1.0
2016-10-05,obm_tx_count_daily,266811,transactions,daily,OBM v0.1.0
2016-10-06,obm_tx_count_daily,274486,transactions,daily,OBM v0.1.0
2016-10-07,obm_tx_count_daily,266324,transactions,daily,OBM v0.1.0
2016-10-08,obm_tx_count_daily,250672,transactions,daily,OBM v0.1.0
2016-10-09,obm_tx_count_daily,210548,transactions,daily,OBM v0.1.0
2016-10-10,obm_tx_count_daily,222996,transactions,daily,OBM v0.1.0
2016-10-11,obm_tx_count_daily,263565,transactions,daily,OBM v0.1.0
2016-10-12,obm_tx_count_daily,233440,transactions,daily,OBM v0.1.0
2016-10-13,obm_tx_count_daily,229703,transactions,daily,OBM v0.1.0
2016-10-14,obm_tx_count_daily,239724,transactions,daily,OBM v0.1.0
2016-10-15,obm_tx_count_daily,210448,transactions,daily,OBM v0.1.0
2016-10-16,obm_tx_count_daily,197876,transactions,daily,OBM v0.1.0
2016-10-17,obm_tx_count_daily,237232,transactions,daily,OBM v0.1.0
2016-10-18,obm_tx_count_daily,251521,transactions,daily,OBM v0.1.0
2016-10-19,obm_tx_count_daily,199083,transactions,daily,OBM v0.1.0
2016-10-20,obm_tx_count_daily,270380,transactions,daily,OBM v0.1.0
2016-10-21,obm_tx_count_daily,265355,transactions,daily,OBM v0.1.0
2016-10-22,obm_tx_count_daily,216708,transactions,daily,OBM v0.1.0
2016-10-23,obm_tx_count_daily,191578,transactions,daily,OBM v0.1.0
2016-10-24,obm_tx_count_daily,226980,transactions,daily,OBM v0.1.0
2016-10-25,obm_tx_count_daily,237030,transactions,daily,OBM v0.1.0
2016-10-26,obm_tx_count_daily,223316,transactions,daily,OBM v0.1.0
2016-10-27,obm_tx_count_daily,326388,transactions,daily,OBM v0.1.0
2016-10-28,obm_tx_count_daily,250876,transactions,daily,OBM v0.1.0
2016-10-29,obm_tx_count_daily,229689,transactions,daily,OBM v0.1.0
2016-10-30,obm_tx_count_daily,207982,transactions,daily,OBM v0.1.0
2016-10-31,obm_tx_count_daily,241778,transactions,daily,OBM v0.1.0
2016-11-01,obm_tx_count_daily,246650,transactions,daily,OBM v0.1.0
2016-11-02,obm_tx_count_daily,268418,transactions,daily,OBM v0.1.0
2016-11-03,obm_tx_count_daily,271998,transactions,daily,OBM v0.1.0
2016-11-04,obm_tx_count_daily,248043,transactions,daily,OBM v0.1.0
2016-11-05,obm_tx_count_daily,238215,transactions,daily,OBM v0.1.0
2016-11-06,obm_tx_count_daily,225786,transactions,daily,OBM v0.1.0
2016-11-07,obm_tx_count_daily,274281,transactions,daily,OBM v0.1.0
2016-11-08,obm_tx_count_daily,296060,transactions,daily,OBM v0.1.0
2016-11-09,obm_tx_count_daily,270095,transactions,daily,OBM v0.1.0
2016-11-10,obm_tx_count_daily,271374,transactions,daily,OBM v0.1.0
2016-11-11,obm_tx_count_daily,254619,transactions,daily,OBM v0.1.0
2016-11-12,obm_tx_count_daily,228886,transactions,daily,OBM v0.1.0
2016-11-13,obm_tx_count_daily,219657,transactions,daily,OBM v0.1.0
2016-11-14,obm_tx_count_daily,270506,transactions,daily,OBM v0.1.0
2016-11-15,obm_tx_count_daily,280352,transactions,daily,OBM v0.1.0
2016-11-16,obm_tx_count_daily,289789,transactions,daily,OBM v0.1.0
2016-11-17,obm_tx_count_daily,277460,transactions,daily,OBM v0.1.0
2016-11-18,obm_tx_count_daily,275925,transactions,daily,OBM v0.1.0
2016-11-19,obm_tx_count_daily,249760,transactions,daily,OBM v0.1.0
2016-11-20,obm_tx_count_daily,243591,transactions,daily,OBM v0.1.0
2016-11-21,obm_tx_count_daily,285793,transactions,daily,OBM v0.1.0
2016-11-22,obm_tx_count_daily,285635,transactions,daily,OBM v0.1.0
2016-11-23,obm_tx_count_daily,276924,transactions,daily,OBM v0.1.0
2016-11-24,obm_tx_count_daily,328538,transactions,daily,OBM v0.1.0
2016-11-25,obm_tx_count_daily,315387,transactions,daily,OBM v0.1.0
2016-11-26,obm_tx_count_daily,277608,transactions,daily,OBM v0.1.0
2016-11-27,obm_tx_count_daily,237389,transactions,daily,OBM v0.1.0
2016-11-28,obm_tx_count_daily,298530,transactions,daily,OBM v0.1.0
2016-11-29,obm_tx_count_daily,289650,transactions,daily,OBM v0.1.0
2016-11-30,obm_tx_count_daily,292654,transactions,daily,OBM v0.1.0
2016-12-01,obm_tx_count_daily,239682,transactions,daily,OBM v0.1.0
2016-12-02,obm_tx_count_daily,315478,transactions,daily,OBM v0.1.0
2016-12-03,obm_tx_count_daily,287988,transactions,daily,OBM v0.1.0
2016-12-04,obm_tx_count_daily,245650,transactions,daily,OBM v0.1.0
2016-12-05,obm_tx_count_daily,278001,transactions,daily,OBM v0.1.0
2016-12-06,obm_tx_count_daily,319762,transactions,daily,OBM v0.1.0
2016-12-07,obm_tx_count_daily,310754,transactions,daily,OBM v0.1.0
2016-12-08,obm_tx_count_daily,282711,transactions,daily,OBM v0.1.0
2016-12-09,obm_tx_count_daily,268815,transactions,daily,OBM v0.1.0
2016-12-10,obm_tx_count_daily,250241,transactions,daily,OBM v0.1.0
2016-12-11,obm_tx_count_daily,229933,transactions,daily,OBM v0.1.0
2016-12-12,obm_tx_count_daily,268662,transactions,daily,OBM v0.1.0
2016-12-13,obm_tx_count_daily,291757,transactions,daily,OBM v0.1.0
2016-12-14,obm_tx_count_daily,286328,transactions,daily,OBM v0.1.0
2016-12-15,obm_tx_count_daily,282685,transactions,daily,OBM v0.1.0
2016-12-16,obm_tx_count_daily,279361,transactions,daily,OBM v0.1.0
2016-12-17,obm_tx_count_daily,238130,transactions,daily,OBM v0.1.0
2016-12-18,obm_tx_count_daily,235789,transactions,daily,OBM v0.1.0
2016-12-19,obm_tx_count_daily,282129,transactions,daily,OBM v0.1.0
2016-12-20,obm_tx_count_daily,296473,transactions,daily,OBM v0.1.0
2016-12-21,obm_tx_count_daily,325677,transactions,daily,OBM v0.1.0
2016-12-22,obm_tx_count_daily,314644,transactions,daily,OBM v0.1.0
2016-12-23,obm_tx_count_daily,304997,transactions,daily,OBM v0.1.0
2016-12-24,obm_tx_count_daily,240820,transactions,daily,OBM v0.1.0
2016-12-25,obm_tx_count_daily,197364,transactions,daily,OBM v0.1.0
2016-12-26,obm_tx_count_daily,244914,transactions,daily,OBM v0.1.0
2016-12-27,obm_tx_count_daily,296546,transactions,daily,OBM v0.1.0
2016-12-28,obm_tx_count_daily,305394,transactions,daily,OBM v0.1.0
2016-12-29,obm_tx_count_daily,304605,transactions,daily,OBM v0.1.0
2016-12-30,obm_tx_count_daily,286818,transactions,daily,OBM v0.1.0
2016-12-31,obm_tx_count_daily,250273,transactions,daily,OBM v0.1.0
2017-01-01,obm_tx_count_daily,180502,transactions,daily,OBM v0.1.0
2017-01-02,obm_tx_count_daily,290951,transactions,daily,OBM v0.1.0
2017-01-03,obm_tx_count_daily,301664,transactions,daily,OBM v0.1.0
2017-01-04,obm_tx_count_daily,328642,transactions,daily,OBM v0.1.0
2017-01-05,obm_tx_count_daily,288501,transactions,daily,OBM v0.1.0
2017-01-06,obm_tx_count_daily,346405,transactions,daily,OBM v0.1.0
2017-01-07,obm_tx_count_daily,282060,transactions,daily,OBM v0.1.0
2017-01-08,obm_tx_count_daily,260101,transactions,daily,OBM v0.1.0
2017-01-09,obm_tx_count_daily,269947,transactions,daily,OBM v0.1.0
2017-01-10,obm_tx_count_daily,323888,transactions,daily,OBM v0.1.0
2017-01-11,obm_tx_count_daily,303058,transactions,daily,OBM v0.1.0
2017-01-12,obm_tx_count_daily,295125,transactions,daily,OBM v0.1.0
2017-01-13,obm_tx_count_daily,272747,transactions,daily,OBM v0.1.0
2017-01-14,obm_tx_count_daily,242269,transactions,daily,OBM v0.1.0
2017-01-15,obm_tx_count_daily,235999,transactions,daily,OBM v0.1.0
2017-01-16,obm_tx_count_daily,267640,transactions,daily,OBM v0.1.0
2017-01-17,obm_tx_count_daily,292697,transactions,daily,OBM v0.1.0
2017-01-18,obm_tx_count_daily,297100,transactions,daily,OBM v0.1.0
2017-01-19,obm_tx_count_daily,300605,transactions,daily,OBM v0.1.0
2017-01-20,obm_tx_count_daily,298377,transactions,daily,OBM v0.1.0
2017-01-21,obm_tx_count_daily,263562,transactions,daily,OBM v0.1.0
2017-01-22,obm_tx_count_daily,236886,transactions,daily,OBM v0.1.0
2017-01-23,obm_tx_count_daily,235530,transactions,daily,OBM v0.1.0
2017-01-24,obm_tx_count_daily,278177,transactions,daily,OBM v0.1.0
2017-01-25,obm_tx_count_daily,304727,transactions,daily,OBM v0.1.0
2017-01-26,obm_tx_count_daily,313755,transactions,daily,OBM v0.1.0
2017-01-27,obm_tx_count_daily,263332,transactions,daily,OBM v0.1.0
2017-01-28,obm_tx_count_daily,246395,transactions,daily,OBM v0.1.0
2017-01-29,obm_tx_count_daily,241627,transactions,daily,OBM v0.1.0
2017-01-30,obm_tx_count_daily,247408,transactions,daily,OBM v0.1.0
2017-01-31,obm_tx_count_daily,307683,transactions,daily,OBM v0.1.0
2017-02-01,obm_tx_count_daily,350560,transactions,daily,OBM v0.1.0
2017-02-02,obm_tx_count_daily,259559,transactions,daily,OBM v0.1.0
2017-02-03,obm_tx_count_daily,323563,transactions,daily,OBM v0.1.0
2017-02-04,obm_tx_count_daily,284778,transactions,daily,OBM v0.1.0
2017-02-05,obm_tx_count_daily,292101,transactions,daily,OBM v0.1.0
2017-02-06,obm_tx_count_daily,230027,transactions,daily,OBM v0.1.0
2017-02-07,obm_tx_count_daily,325268,transactions,daily,OBM v0.1.0
2017-02-08,obm_tx_count_daily,308316,transactions,daily,OBM v0.1.0
2017-02-09,obm_tx_count_daily,346544,transactions,daily,OBM v0.1.0
2017-02-10,obm_tx_count_daily,301789,transactions,daily,OBM v0.1.0
2017-02-11,obm_tx_count_daily,262686,transactions,daily,OBM v0.1.0
2017-02-12,obm_tx_count_daily,237744,transactions,daily,OBM v0.1.0
2017-02-13,obm_tx_count_daily,288290,transactions,daily,OBM v0.1.0
2017-02-14,obm_tx_count_daily,315084,transactions,daily,OBM v0.1.0
2017-02-15,obm_tx_count_daily,294786,transactions,daily,OBM v0.1.0
2017-02-16,obm_tx_count_daily,283203,transactions,daily,OBM v0.1.0
2017-02-17,obm_tx_count_daily,319767,transactions,daily,OBM v0.1.0
2017-02-18,obm_tx_count_daily,286143,transactions,daily,OBM v0.1.0
2017-02-19,obm_tx_count_daily,251721,transactions,daily,OBM v0.1.0
2017-02-20,obm_tx_count_daily,282728,transactions,daily,OBM v0.1.0
2017-02-21,obm_tx_count_daily,279090,transactions,daily,OBM v0.1.0
2017-02-22,obm_tx_count_daily,282194,transactions,daily,OBM v0.1.0
2017-02-23,obm_tx_count_daily,325913,transactions,daily,OBM v0.1.0
2017-02-24,obm_tx_count_daily,343805,transactions,daily,OBM v0.1.0
2017-02-25,obm_tx_count_daily,326521,transactions,daily,OBM v0.1.0
2017-02-26,obm_tx_count_daily,265203,transactions,daily,OBM v0.1.0
2017-02-27,obm_tx_count_daily,284555,transactions,daily,OBM v0.1.0
2017-02-28,obm_tx_count_daily,325414,transactions,daily,OBM v0.1.0
2017-03-01,obm_tx_count_daily,315883,transactions,daily,OBM v0.1.0
2017-03-02,obm_tx_count_daily,329428,transactions,daily,OBM v0.1.0
2017-03-03,obm_tx_count_daily,337310,transactions,daily,OBM v0.1.0
2017-03-04,obm_tx_count_daily,265780,transactions,daily,OBM v0.1.0
2017-03-05,obm_tx_count_daily,280739,transactions,daily,OBM v0.1.0
2017-03-06,obm_tx_count_daily,287731,transactions,daily,OBM v0.1.0
2017-03-07,obm_tx_count_daily,327902,transactions,daily,OBM v0.1.0
2017-03-08,obm_tx_count_daily,297108,transactions,daily,OBM v0.1.0
2017-03-09,obm_tx_count_daily,303632,transactions,daily,OBM v0.1.0
2017-03-10,obm_tx_count_daily,308482,transactions,daily,OBM v0.1.0
2017-03-11,obm_tx_count_daily,280681,transactions,daily,OBM v0.1.0
2017-03-12,obm_tx_count_daily,221110,transactions,daily,OBM v0.1.0
2017-03-13,obm_tx_count_daily,273079,transactions,daily,OBM v0.1.0
2017-03-14,obm_tx_count_daily,310395,transactions,daily,OBM v0.1.0
2017-03-15,obm_tx_count_daily,292434,transactions,daily,OBM v0.1.0
2017-03-16,obm_tx_count_daily,327034,transactions,daily,OBM v0.1.0
2017-03-17,obm_tx_count_daily,292196,transactions,daily,OBM v0.1.0
2017-03-18,obm_tx_count_daily,263530,transactions,daily,OBM v0.1.0
2017-03-19,obm_tx_count_daily,269336,transactions,daily,OBM v0.1.0
2017-03-20,obm_tx_count_daily,277033,transactions,daily,OBM v0.1.0
2017-03-21,obm_tx_count_daily,288055,transactions,daily,OBM v0.1.0
2017-03-22,obm_tx_count_daily,316593,transactions,daily,OBM v0.1.0
2017-03-23,obm_tx_count_daily,287871,transactions,daily,OBM v0.1.0
2017-03-24,obm_tx_count_daily,289521,transactions,daily,OBM v0.1.0
2017-03-25,obm_tx_count_daily,242975,transactions,daily,OBM v0.1.0
2017-03-26,obm_tx_count_daily,221915,transactions,daily,OBM v0.1.0
2017-03-27,obm_tx_count_daily,232291,transactions,daily,OBM v0.1.0
2017-03-28,obm_tx_count_daily,294001,transactions,daily,OBM v0.1.0
2017-03-29,obm_tx_count_daily,283931,transactions,daily,OBM v0.1.0
2017-03-30,obm_tx_count_daily,288788,transactions,daily,OBM v0.1.0
2017-03-31,obm_tx_count_daily,259403,transactions,daily,OBM v0.1.0
2017-04-01,obm_tx_count_daily,255871,transactions,daily,OBM v0.1.0
2017-04-02,obm_tx_count_daily,244203,transactions,daily,OBM v0.1.0
2017-04-03,obm_tx_count_daily,288141,transactions,daily,OBM v0.1.0
2017-04-04,obm_tx_count_daily,256015,transactions,daily,OBM v0.1.0
2017-04-05,obm_tx_count_daily,316555,transactions,daily,OBM v0.1.0
2017-04-06,obm_tx_count_daily,290465,transactions,daily,OBM v0.1.0
2017-04-07,obm_tx_count_daily,295463,transactions,daily,OBM v0.1.0
2017-04-08,obm_tx_count_daily,226959,transactions,daily,OBM v0.1.0
2017-04-09,obm_tx_count_daily,238286,transactions,daily,OBM v0.1.0
2017-04-10,obm_tx_count_daily,273384,transactions,daily,OBM v0.1.0
2017-04-11,obm_tx_count_daily,307893,transactions,daily,OBM v0.1.0
2017-04-12,obm_tx_count_daily,278093,transactions,daily,OBM v0.1.0
2017-04-13,obm_tx_count_daily,228679,transactions,daily,OBM v0.1.0
2017-04-14,obm_tx_count_daily,290208,transactions,daily,OBM v0.1.0
2017-04-15,obm_tx_count_daily,270705,transactions,daily,OBM v0.1.0
2017-04-16,obm_tx_count_daily,211829,transactions,daily,OBM v0.1.0
2017-04-17,obm_tx_count_daily,245184,transactions,daily,OBM v0.1.0
2017-04-18,obm_tx_count_daily,303091,transactions,daily,OBM v0.1.0
2017-04-19,obm_tx_count_daily,310104,transactions,daily,OBM v0.1.0
2017-04-20,obm_tx_count_daily,267915,transactions,daily,OBM v0.1.0
2017-04-21,obm_tx_count_daily,330354,transactions,daily,OBM v0.1.0
2017-04-22,obm_tx_count_daily,268712,transactions,daily,OBM v0.1.0
2017-04-23,obm_tx_count_daily,245039,transactions,daily,OBM v0.1.0
2017-04-24,obm_tx_count_daily,222671,transactions,daily,OBM v0.1.0
2017-04-25,obm_tx_count_daily,325387,transactions,daily,OBM v0.1.0
2017-04-26,obm_tx_count_daily,334471,transactions,daily,OBM v0.1.0
2017-04-27,obm_tx_count_daily,297884,transactions,daily,OBM v0.1.0
2017-04-28,obm_tx_count_daily,305271,transactions,daily,OBM v0.1.0
2017-04-29,obm_tx_count_daily,341319,transactions,daily,OBM v0.1.0
2017-04-30,obm_tx_count_daily,281489,transactions,daily,OBM v0.1.0
2017-05-01,obm_tx_count_daily,294786,transactions,daily,OBM v0.1.0
2017-05-02,obm_tx_count_daily,333161,transactions,daily,OBM v0.1.0
2017-05-03,obm_tx_count_daily,295149,transactions,daily,OBM v0.1.0
2017-05-04,obm_tx_count_daily,354737,transactions,daily,OBM v0.1.0
2017-05-05,obm_tx_count_daily,267193,transactions,daily,OBM v0.1.0
2017-05-06,obm_tx_count_daily,363022,transactions,daily,OBM v0.1.0
2017-05-07,obm_tx_count_daily,316011,transactions,daily,OBM v0.1.0
2017-05-08,obm_tx_count_daily,365096,transactions,daily,OBM v0.1.0
2017-05-09,obm_tx_count_daily,332879,transactions,daily,OBM v0.1.0
2017-05-10,obm_tx_count_daily,311391,transactions,daily,OBM v0.1.0
2017-05-11,obm_tx_count_daily,294743,transactions,daily,OBM v0.1.0
2017-05-12,obm_tx_count_daily,317698,transactions,daily,OBM v0.1.0
2017-05-13,obm_tx_count_daily,329266,transactions,daily,OBM v0.1.0
2017-05-14,obm_tx_count_daily,369098,transactions,daily,OBM v0.1.0
2017-05-15,obm_tx_count_daily,329229,transactions,daily,OBM v0.1.0
2017-05-16,obm_tx_count_daily,233977,transactions,daily,OBM v0.1.0
2017-05-17,obm_tx_count_daily,317527,transactions,daily,OBM v0.1.0
2017-05-18,obm_tx_count_daily,288904,transactions,daily,OBM v0.1.0
2017-05-19,obm_tx_count_daily,319502,transactions,daily,OBM v0.1.0
2017-05-20,obm_tx_count_daily,352805,transactions,daily,OBM v0.1.0
2017-05-21,obm_tx_count_daily,326057,transactions,daily,OBM v0.1.0
2017-05-22,obm_tx_count_daily,327868,transactions,daily,OBM v0.1.0
2017-05-23,obm_tx_count_daily,367710,transactions,daily,OBM v0.1.0
2017-05-24,obm_tx_count_daily,338642,transactions,daily,OBM v0.1.0
2017-05-25,obm_tx_count_daily,350114,transactions,daily,OBM v0.1.0
2017-05-26,obm_tx_count_daily,333340,transactions,daily,OBM v0.1.0
2017-05-27,obm_tx_count_daily,331914,transactions,daily,OBM v0.1.0
2017-05-28,obm_tx_count_daily,308143,transactions,daily,OBM v0.1.0
2017-05-29,obm_tx_count_daily,321638,transactions,daily,OBM v0.1.0
2017-05-30,obm_tx_count_daily,347961,transactions,daily,OBM v0.1.0
2017-05-31,obm_tx_count_daily,321634,transactions,daily,OBM v0.1.0
2017-06-01,obm_tx_count_daily,319709,transactions,daily,OBM v0.1.0
2017-06-02,obm_tx_count_daily,271539,transactions,daily,OBM v0.1.0
2017-06-03,obm_tx_count_daily,305320,transactions,daily,OBM v0.1.0
2017-06-04,obm_tx_count_daily,266044,transactions,daily,OBM v0.1.0
2017-06-05,obm_tx_count_daily,289930,transactions,daily,OBM v0.1.0
2017-06-06,obm_tx_count_daily,297416,transactions,daily,OBM v0.1.0
2017-06-07,obm_tx_count_daily,339720,transactions,daily,OBM v0.1.0
2017-06-08,obm_tx_count_daily,307377,transactions,daily,OBM v0.1.0
2017-06-09,obm_tx_count_daily,282184,transactions,daily,OBM v0.1.0
2017-06-10,obm_tx_count_daily,254993,transactions,daily,OBM v0.1.0
2017-06-11,obm_tx_count_daily,222892,transactions,daily,OBM v0.1.0
2017-06-12,obm_tx_count_daily,269098,transactions,daily,OBM v0.1.0
2017-06-13,obm_tx_count_daily,291776,transactions,daily,OBM v0.1.0
2017-06-14,obm_tx_count_daily,287644,transactions,daily,OBM v0.1.0
2017-06-15,obm_tx_count_daily,293141,transactions,daily,OBM v0.1.0
2017-06-16,obm_tx_count_daily,269937,transactions,daily,OBM v0.1.0
2017-06-17,obm_tx_count_daily,236554,transactions,daily,OBM v0.1.0
2017-06-18,obm_tx_count_daily,209359,transactions,daily,OBM v0.1.0
2017-06-19,obm_tx_count_daily,269774,transactions,daily,OBM v0.1.0
2017-06-20,obm_tx_count_daily,269438,transactions,daily,OBM v0.1.0
2017-06-21,obm_tx_count_daily,280203,transactions,daily,OBM v0.1.0
2017-06-22,obm_tx_count_daily,269685,transactions,daily,OBM v0.1.0
2017-06-23,obm_tx_count_daily,259938,transactions,daily,OBM v0.1.0
2017-06-24,obm_tx_count_daily,227127,transactions,daily,OBM v0.1.0
2017-06-25,obm_tx_count_daily,180719,transactions,daily,OBM v0.1.0
2017-06-26,obm_tx_count_daily,261906,transactions,daily,OBM v0.1.0
2017-06-27,obm_tx_count_daily,259737,transactions,daily,OBM v0.1.0
2017-06-28,obm_tx_count_daily,279811,transactions,daily,OBM v0.1.0
2017-06-29,obm_tx_count_daily,231054,transactions,daily,OBM v0.1.0
2017-06-30,obm_tx_count_daily,267360,transactions,daily,OBM v0.1.0
2017-07-01,obm_tx_count_daily,221856,transactions,daily,OBM v0.1.0
2017-07-02,obm_tx_count_daily,196539,transactions,daily,OBM v0.1.0
2017-07-03,obm_tx_count_daily,253244,transactions,daily,OBM v0.1.0
2017-07-04,obm_tx_count_daily,255483,transactions,daily,OBM v0.1.0
2017-07-05,obm_tx_count_daily,237008,transactions,daily,OBM v0.1.0
2017-07-06,obm_tx_count_daily,225106,transactions,daily,OBM v0.1.0
2017-07-07,obm_tx_count_daily,243614,transactions,daily,OBM v0.1.0
2017-07-08,obm_tx_count_daily,220835,transactions,daily,OBM v0.1.0
2017-07-09,obm_tx_count_daily,188124,transactions,daily,OBM v0.1.0
2017-07-10,obm_tx_count_daily,251722,transactions,daily,OBM v0.1.0
2017-07-11,obm_tx_count_daily,265759,transactions,daily,OBM v0.1.0
2017-07-12,obm_tx_count_daily,257138,transactions,daily,OBM v0.1.0
2017-07-13,obm_tx_count_daily,245895,transactions,daily,OBM v0.1.0
2017-07-14,obm_tx_count_daily,227903,transactions,daily,OBM v0.1.0
2017-07-15,obm_tx_count_daily,221851,transactions,daily,OBM v0.1.0
2017-07-16,obm_tx_count_daily,203165,transactions,daily,OBM v0.1.0
2017-07-17,obm_tx_count_daily,230315,transactions,daily,OBM v0.1.0
2017-07-18,obm_tx_count_daily,260575,transactions,daily,OBM v0.1.0
2017-07-19,obm_tx_count_daily,253768,transactions,daily,OBM v0.1.0
2017-07-20,obm_tx_count_daily,230199,transactions,daily,OBM v0.1.0
2017-07-21,obm_tx_count_daily,268443,transactions,daily,OBM v0.1.0
2017-07-22,obm_tx_count_daily,223358,transactions,daily,OBM v0.1.0
2017-07-23,obm_tx_count_daily,181031,transactions,daily,OBM v0.1.0
2017-07-24,obm_tx_count_daily,240072,transactions,daily,OBM v0.1.0
2017-07-25,obm_tx_count_daily,244036,transactions,daily,OBM v0.1.0
2017-07-26,obm_tx_count_daily,237853,transactions,daily,OBM v0.1.0
2017-07-27,obm_tx_count_daily,225369,transactions,daily,OBM v0.1.0
2017-07-28,obm_tx_count_daily,247207,transactions,daily,OBM v0.1.0
2017-07-29,obm_tx_count_daily,211134,transactions,daily,OBM v0.1.0
2017-07-30,obm_tx_count_daily,184145,transactions,daily,OBM v0.1.0
2017-07-31,obm_tx_count_daily,231012,transactions,daily,OBM v0.1.0
2017-08-01,obm_tx_count_daily,131875,transactions,daily,OBM v0.1.0
2017-08-02,obm_tx_count_daily,209321,transactions,daily,OBM v0.1.0
2017-08-03,obm_tx_count_daily,213017,transactions,daily,OBM v0.1.0
2017-08-04,obm_tx_count_daily,235792,transactions,daily,OBM v0.1.0
2017-08-05,obm_tx_count_daily,239771,transactions,daily,OBM v0.1.0
2017-08-06,obm_tx_count_daily,199627,transactions,daily,OBM v0.1.0
2017-08-07,obm_tx_count_daily,249002,transactions,daily,OBM v0.1.0
2017-08-08,obm_tx_count_daily,275574,transactions,daily,OBM v0.1.0
2017-08-09,obm_tx_count_daily,260955,transactions,daily,OBM v0.1.0
2017-08-10,obm_tx_count_daily,257965,transactions,daily,OBM v0.1.0
2017-08-11,obm_tx_count_daily,284001,transactions,daily,OBM v0.1.0
2017-08-12,obm_tx_count_daily,260521,transactions,daily,OBM v0.1.0
2017-08-13,obm_tx_count_daily,263310,transactions,daily,OBM v0.1.0
2017-08-14,obm_tx_count_daily,255362,transactions,daily,OBM v0.1.0
2017-08-15,obm_tx_count_daily,311002,transactions,daily,OBM v0.1.0
2017-08-16,obm_tx_count_daily,274866,transactions,daily,OBM v0.1.0
2017-08-17,obm_tx_count_daily,347319,transactions,daily,OBM v0.1.0
2017-08-18,obm_tx_count_daily,312250,transactions,daily,OBM v0.1.0
2017-08-19,obm_tx_count_daily,266832,transactions,daily,OBM v0.1.0
2017-08-20,obm_tx_count_daily,210852,transactions,daily,OBM v0.1.0
2017-08-21,obm_tx_count_daily,236772,transactions,daily,OBM v0.1.0
2017-08-22,obm_tx_count_daily,196283,transactions,daily,OBM v0.1.0
2017-08-23,obm_tx_count_daily,315734,transactions,daily,OBM v0.1.0
2017-08-24,obm_tx_count_daily,203805,transactions,daily,OBM v0.1.0
2017-08-25,obm_tx_count_daily,208169,transactions,daily,OBM v0.1.0
2017-08-26,obm_tx_count_daily,226485,transactions,daily,OBM v0.1.0
2017-08-27,obm_tx_count_daily,261891,transactions,daily,OBM v0.1.0
2017-08-28,obm_tx_count_daily,223771,transactions,daily,OBM v0.1.0
2017-08-29,obm_tx_count_daily,281116,transactions,daily,OBM v0.1.0
2017-08-30,obm_tx_count_daily,271466,transactions,daily,OBM v0.1.0
2017-08-31,obm_tx_count_daily,280724,transactions,daily,OBM v0.1.0
2017-09-01,obm_tx_count_daily,283670,transactions,daily,OBM v0.1.0
2017-09-02,obm_tx_count_daily,236811,transactions,daily,OBM v0.1.0
2017-09-03,obm_tx_count_daily,195289,transactions,daily,OBM v0.1.0
2017-09-04,obm_tx_count_daily,269280,transactions,daily,OBM v0.1.0
2017-09-05,obm_tx_count_daily,277948,transactions,daily,OBM v0.1.0
2017-09-06,obm_tx_count_daily,276225,transactions,daily,OBM v0.1.0
2017-09-07,obm_tx_count_daily,256374,transactions,daily,OBM v0.1.0
2017-09-08,obm_tx_count_daily,279488,transactions,daily,OBM v0.1.0
2017-09-09,obm_tx_count_daily,217890,transactions,daily,OBM v0.1.0
2017-09-10,obm_tx_count_daily,193240,transactions,daily,OBM v0.1.0
2017-09-11,obm_tx_count_daily,253492,transactions,daily,OBM v0.1.0
2017-09-12,obm_tx_count_daily,256230,transactions,daily,OBM v0.1.0
2017-09-13,obm_tx_count_daily,263320,transactions,daily,OBM v0.1.0
2017-09-14,obm_tx_count_daily,268068,transactions,daily,OBM v0.1.0
2017-09-15,obm_tx_count_daily,292079,transactions,daily,OBM v0.1.0
2017-09-16,obm_tx_count_daily,228257,transactions,daily,OBM v0.1.0
2017-09-17,obm_tx_count_daily,197683,transactions,daily,OBM v0.1.0
2017-09-18,obm_tx_count_daily,218204,transactions,daily,OBM v0.1.0
2017-09-19,obm_tx_count_daily,282917,transactions,daily,OBM v0.1.0
2017-09-20,obm_tx_count_daily,235723,transactions,daily,OBM v0.1.0
2017-09-21,obm_tx_count_daily,255257,transactions,daily,OBM v0.1.0
2017-09-22,obm_tx_count_daily,227615,transactions,daily,OBM v0.1.0
2017-09-23,obm_tx_count_daily,203861,transactions,daily,OBM v0.1.0
2017-09-24,obm_tx_count_daily,185277,transactions,daily,OBM v0.1.0
2017-09-25,obm_tx_count_daily,226603,transactions,daily,OBM v0.1.0
2017-09-26,obm_tx_count_daily,263648,transactions,daily,OBM v0.1.0
2017-09-27,obm_tx_count_daily,257961,transactions,daily,OBM v0.1.0
2017-09-28,obm_tx_count_daily,275976,transactions,daily,OBM v0.1.0
2017-09-29,obm_tx_count_daily,254438,transactions,daily,OBM v0.1.0
2017-09-30,obm_tx_count_daily,212678,transactions,daily,OBM v0.1.0
2017-10-01,obm_tx_count_daily,203653,transactions,daily,OBM v0.1.0
2017-10-02,obm_tx_count_daily,295002,transactions,daily,OBM v0.1.0
2017-10-03,obm_tx_count_daily,282132,transactions,daily,OBM v0.1.0
2017-10-04,obm_tx_count_daily,232826,transactions,daily,OBM v0.1.0
2017-10-05,obm_tx_count_daily,273243,transactions,daily,OBM v0.1.0
2017-10-06,obm_tx_count_daily,283699,transactions,daily,OBM v0.1.0
2017-10-07,obm_tx_count_daily,231226,transactions,daily,OBM v0.1.0
2017-10-08,obm_tx_count_daily,238385,transactions,daily,OBM v0.1.0
2017-10-09,obm_tx_count_daily,296946,transactions,daily,OBM v0.1.0
2017-10-10,obm_tx_count_daily,303101,transactions,daily,OBM v0.1.0
2017-10-11,obm_tx_count_daily,292459,transactions,daily,OBM v0.1.0
2017-10-12,obm_tx_count_daily,293164,transactions,daily,OBM v0.1.0
2017-10-13,obm_tx_count_daily,309819,transactions,daily,OBM v0.1.0
2017-10-14,obm_tx_count_daily,293140,transactions,daily,OBM v0.1.0
2017-10-15,obm_tx_count_daily,283473,transactions,daily,OBM v0.1.0
2017-10-16,obm_tx_count_daily,314725,transactions,daily,OBM v0.1.0
2017-10-17,obm_tx_count_daily,334438,transactions,daily,OBM v0.1.0
2017-10-18,obm_tx_count_daily,329579,transactions,daily,OBM v0.1.0
2017-10-19,obm_tx_count_daily,356985,transactions,daily,OBM v0.1.0
2017-10-20,obm_tx_count_daily,312409,transactions,daily,OBM v0.1.0
2017-10-21,obm_tx_count_daily,312257,transactions,daily,OBM v0.1.0
2017-10-22,obm_tx_count_daily,289131,transactions,daily,OBM v0.1.0
2017-10-23,obm_tx_count_daily,316096,transactions,daily,OBM v0.1.0
2017-10-24,obm_tx_count_daily,347220,transactions,daily,OBM v0.1.0
2017-10-25,obm_tx_count_daily,315415,transactions,daily,OBM v0.1.0
2017-10-26,obm_tx_count_daily,265827,transactions,daily,OBM v0.1.0
2017-10-27,obm_tx_count_daily,246692,transactions,daily,OBM v0.1.0
2017-10-28,obm_tx_count_daily,207066,transactions,daily,OBM v0.1.0
2017-10-29,obm_tx_count_daily,334025,transactions,daily,OBM v0.1.0
2017-10-30,obm_tx_count_daily,316077,transactions,daily,OBM v0.1.0
2017-10-31,obm_tx_count_daily,277535,transactions,daily,OBM v0.1.0
2017-11-01,obm_tx_count_daily,351529,transactions,daily,OBM v0.1.0
2017-11-02,obm_tx_count_daily,341474,transactions,daily,OBM v0.1.0
2017-11-03,obm_tx_count_daily,277598,transactions,daily,OBM v0.1.0
2017-11-04,obm_tx_count_daily,294121,transactions,daily,OBM v0.1.0
2017-11-05,obm_tx_count_daily,251728,transactions,daily,OBM v0.1.0
2017-11-06,obm_tx_count_daily,271029,transactions,daily,OBM v0.1.0
2017-11-07,obm_tx_count_daily,335636,transactions,daily,OBM v0.1.0
2017-11-08,obm_tx_count_daily,301346,transactions,daily,OBM v0.1.0
2017-11-09,obm_tx_count_daily,341281,transactions,daily,OBM v0.1.0
2017-11-10,obm_tx_count_daily,271745,transactions,daily,OBM v0.1.0
2017-11-11,obm_tx_count_daily,194634,transactions,daily,OBM v0.1.0
2017-11-12,obm_tx_count_daily,185966,transactions,daily,OBM v0.1.0
2017-11-13,obm_tx_count_daily,309299,transactions,daily,OBM v0.1.0
2017-11-14,obm_tx_count_daily,271995,transactions,daily,OBM v0.1.0
2017-11-15,obm_tx_count_daily,321788,transactions,daily,OBM v0.1.0
2017-11-16,obm_tx_count_daily,310396,transactions,daily,OBM v0.1.0
2017-11-17,obm_tx_count_daily,306617,transactions,daily,OBM v0.1.0
2017-11-18,obm_tx_count_daily,270874,transactions,daily,OBM v0.1.0
2017-11-19,obm_tx_count_daily,264855,transactions,daily,OBM v0.1.0
2017-11-20,obm_tx_count_daily,336204,transactions,daily,OBM v0.1.0
2017-11-21,obm_tx_count_daily,371091,transactions,daily,OBM v0.1.0
2017-11-22,obm_tx_count_daily,312033,transactions,daily,OBM v0.1.0
2017-11-23,obm_tx_count_daily,352207,transactions,daily,OBM v0.1.0
2017-11-24,obm_tx_count_daily,305735,transactions,daily,OBM v0.1.0
2017-11-25,obm_tx_count_daily,336689,transactions,daily,OBM v0.1.0
2017-11-26,obm_tx_count_daily,329677,transactions,daily,OBM v0.1.0
2017-11-27,obm_tx_count_daily,379256,transactions,daily,OBM v0.1.0
2017-11-28,obm_tx_count_daily,365977,transactions,daily,OBM v0.1.0
2017-11-29,obm_tx_count_daily,398090,transactions,daily,OBM v0.1.0
2017-11-30,obm_tx_count_daily,384386,transactions,daily,OBM v0.1.0
2017-12-01,obm_tx_count_daily,412908,transactions,daily,OBM v0.1.0
2017-12-02,obm_tx_count_daily,326354,transactions,daily,OBM v0.1.0
2017-12-03,obm_tx_count_daily,353044,transactions,daily,OBM v0.1.0
2017-12-04,obm_tx_count_daily,400686,transactions,daily,OBM v0.1.0
2017-12-05,obm_tx_count_daily,405709,transactions,daily,OBM v0.1.0
2017-12-06,obm_tx_count_daily,443587,transactions,daily,OBM v0.1.0
2017-12-07,obm_tx_count_daily,374917,transactions,daily,OBM v0.1.0
2017-12-08,obm_tx_count_daily,385092,transactions,daily,OBM v0.1.0
2017-12-09,obm_tx_count_daily,403399,transactions,daily,OBM v0.1.0
2017-12-10,obm_tx_count_daily,341420,transactions,daily,OBM v0.1.0
2017-12-11,obm_tx_count_daily,368598,transactions,daily,OBM v0.1.0
2017-12-12,obm_tx_count_daily,372977,transactions,daily,OBM v0.1.0
2017-12-13,obm_tx_count_daily,424579,transactions,daily,OBM v0.1.0
2017-12-14,obm_tx_count_daily,490644,transactions,daily,OBM v0.1.0
2017-12-15,obm_tx_count_daily,405676,transactions,daily,OBM v0.1.0
2017-12-16,obm_tx_count_daily,364222,transactions,daily,OBM v0.1.0
2017-12-17,obm_tx_count_daily,391910,transactions,daily,OBM v0.1.0
2017-12-18,obm_tx_count_daily,394239,transactions,daily,OBM v0.1.0
2017-12-19,obm_tx_count_daily,378622,transactions,daily,OBM v0.1.0
2017-12-20,obm_tx_count_daily,370277,transactions,daily,OBM v0.1.0
2017-12-21,obm_tx_count_daily,335482,transactions,daily,OBM v0.1.0
2017-12-22,obm_tx_count_daily,380648,transactions,daily,OBM v0.1.0
2017-12-23,obm_tx_count_daily,308211,transactions,daily,OBM v0.1.0
2017-12-24,obm_tx_count_daily,279523,transactions,daily,OBM v0.1.0
2017-12-25,obm_tx_count_daily,228926,transactions,daily,OBM v0.1.0
2017-12-26,obm_tx_count_daily,247440,transactions,daily,OBM v0.1.0
2017-12-27,obm_tx_count_daily,307642,transactions,daily,OBM v0.1.0
2017-12-28,obm_tx_count_daily,305053,transactions,daily,OBM v0.1.0
2017-12-29,obm_tx_count_daily,353824,transactions,daily,OBM v0.1.0
2017-12-30,obm_tx_count_daily,344407,transactions,daily,OBM v0.1.0
2017-12-31,obm_tx_count_daily,290422,transactions,daily,OBM v0.1.0
2018-01-01,obm_tx_count_daily,241757,transactions,daily,OBM v0.1.0
2018-01-02,obm_tx_count_daily,340980,transactions,daily,OBM v0.1.0
2018-01-03,obm_tx_count_daily,395963,transactions,daily,OBM v0.1.0
2018-01-04,obm_tx_count_daily,425008,transactions,daily,OBM v0.1.0
2018-01-05,obm_tx_count_daily,342707,transactions,daily,OBM v0.1.0
2018-01-06,obm_tx_count_daily,358847,transactions,daily,OBM v0.1.0
2018-01-07,obm_tx_count_daily,368187,transactions,daily,OBM v0.1.0
2018-01-08,obm_tx_count_daily,345672,transactions,daily,OBM v0.1.0
2018-01-09,obm_tx_count_daily,360265,transactions,daily,OBM v0.1.0
2018-01-10,obm_tx_count_daily,347393,transactions,daily,OBM v0.1.0
2018-01-11,obm_tx_count_daily,337959,transactions,daily,OBM v0.1.0
2018-01-12,obm_tx_count_daily,300091,transactions,daily,OBM v0.1.0
2018-01-13,obm_tx_count_daily,265735,transactions,daily,OBM v0.1.0
2018-01-14,obm_tx_count_daily,235045,transactions,daily,OBM v0.1.0
2018-01-15,obm_tx_count_daily,273623,transactions,daily,OBM v0.1.0
2018-01-16,obm_tx_count_daily,303725,transactions,daily,OBM v0.1.0
2018-01-17,obm_tx_count_daily,315771,transactions,daily,OBM v0.1.0
2018-01-18,obm_tx_count_daily,309495,transactions,daily,OBM v0.1.0
2018-01-19,obm_tx_count_daily,243619,transactions,daily,OBM v0.1.0
2018-01-20,obm_tx_count_daily,240611,transactions,daily,OBM v0.1.0
2018-01-21,obm_tx_count_daily,215622,transactions,daily,OBM v0.1.0
2018-01-22,obm_tx_count_daily,245562,transactions,daily,OBM v0.1.0
2018-01-23,obm_tx_count_daily,271936,transactions,daily,OBM v0.1.0
2018-01-24,obm_tx_count_daily,250423,transactions,daily,OBM v0.1.0
2018-01-25,obm_tx_count_daily,236580,transactions,daily,OBM v0.1.0
2018-01-26,obm_tx_count_daily,220459,transactions,daily,OBM v0.1.0
2018-01-27,obm_tx_count_daily,193578,transactions,daily,OBM v0.1.0
2018-01-28,obm_tx_count_daily,213446,transactions,daily,OBM v0.1.0
2018-01-29,obm_tx_count_daily,232176,transactions,daily,OBM v0.1.0
2018-01-30,obm_tx_count_daily,236609,transactions,daily,OBM v0.1.0
2018-01-31,obm_tx_count_daily,204276,transactions,daily,OBM v0.1.0
2018-02-01,obm_tx_count_daily,257664,transactions,daily,OBM v0.1.0
2018-02-02,obm_tx_count_daily,235918,transactions,daily,OBM v0.1.0
2018-02-03,obm_tx_count_daily,194891,transactions,daily,OBM v0.1.0
2018-02-04,obm_tx_count_daily,173687,transactions,daily,OBM v0.1.0
2018-02-05,obm_tx_count_daily,216363,transactions,daily,OBM v0.1.0
2018-02-06,obm_tx_count_daily,244120,transactions,daily,OBM v0.1.0
2018-02-07,obm_tx_count_daily,213719,transactions,daily,OBM v0.1.0
2018-02-08,obm_tx_count_daily,173289,transactions,daily,OBM v0.1.0
2018-02-09,obm_tx_count_daily,177860,transactions,daily,OBM v0.1.0
2018-02-10,obm_tx_count_daily,181783,transactions,daily,OBM v0.1.0
2018-02-11,obm_tx_count_daily,147208,transactions,daily,OBM v0.1.0
2018-02-12,obm_tx_count_daily,186918,transactions,daily,OBM v0.1.0
2018-02-13,obm_tx_count_daily,182984,transactions,daily,OBM v0.1.0
2018-02-14,obm_tx_count_daily,196417,transactions,daily,OBM v0.1.0
2018-02-15,obm_tx_count_daily,198183,transactions,daily,OBM v0.1.0
2018-02-16,obm_tx_count_daily,187738,transactions,daily,OBM v0.1.0
2018-02-17,obm_tx_count_daily,173789,transactions,daily,OBM v0.1.0
2018-02-18,obm_tx_count_daily,159495,transactions,daily,OBM v0.1.0
2018-02-19,obm_tx_count_daily,187367,transactions,daily,OBM v0.1.0
2018-02-20,obm_tx_count_daily,198455,transactions,daily,OBM v0.1.0
2018-02-21,obm_tx_count_daily,205201,transactions,daily,OBM v0.1.0
2018-02-22,obm_tx_count_daily,183235,transactions,daily,OBM v0.1.0
2018-02-23,obm_tx_count_daily,185193,transactions,daily,OBM v0.1.0
2018-02-24,obm_tx_count_daily,154534,transactions,daily,OBM v0.1.0
2018-02-25,obm_tx_count_daily,144869,transactions,daily,OBM v0.1.0
2018-02-26,obm_tx_count_daily,186474,transactions,daily,OBM v0.1.0
2018-02-27,obm_tx_count_daily,219624,transactions,daily,OBM v0.1.0
2018-02-28,obm_tx_count_daily,189223,transactions,daily,OBM v0.1.0
2018-03-01,obm_tx_count_daily,233744,transactions,daily,OBM v0.1.0
2018-03-02,obm_tx_count_daily,195073,transactions,daily,OBM v0.1.0
2018-03-03,obm_tx_count_daily,177024,transactions,daily,OBM v0.1.0
2018-03-04,obm_tx_count_daily,160231,transactions,daily,OBM v0.1.0
2018-03-05,obm_tx_count_daily,201438,transactions,daily,OBM v0.1.0
2018-03-06,obm_tx_count_daily,206016,transactions,daily,OBM v0.1.0
2018-03-07,obm_tx_count_daily,213978,transactions,daily,OBM v0.1.0
2018-03-08,obm_tx_count_daily,196422,transactions,daily,OBM v0.1.0
2018-03-09,obm_tx_count_daily,198180,transactions,daily,OBM v0.1.0
2018-03-10,obm_tx_count_daily,156228,transactions,daily,OBM v0.1.0
2018-03-11,obm_tx_count_daily,150884,transactions,daily,OBM v0.1.0
2018-03-12,obm_tx_count_daily,188394,transactions,daily,OBM v0.1.0
2018-03-13,obm_tx_count_daily,196140,transactions,daily,OBM v0.1.0
2018-03-14,obm_tx_count_daily,191042,transactions,daily,OBM v0.1.0
2018-03-15,obm_tx_count_daily,206186,transactions,daily,OBM v0.1.0
2018-03-16,obm_tx_count_daily,186979,transactions,daily,OBM v0.1.0
2018-03-17,obm_tx_count_daily,154496,transactions,daily,OBM v0.1.0
2018-03-18,obm_tx_count_daily,164401,transactions,daily,OBM v0.1.0
2018-03-19,obm_tx_count_daily,191528,transactions,daily,OBM v0.1.0
2018-03-20,obm_tx_count_daily,195168,transactions,daily,OBM v0.1.0
2018-03-21,obm_tx_count_daily,194846,transactions,daily,OBM v0.1.0
2018-03-22,obm_tx_count_daily,185187,transactions,daily,OBM v0.1.0
2018-03-23,obm_tx_count_daily,179818,transactions,daily,OBM v0.1.0
2018-03-24,obm_tx_count_daily,157087,transactions,daily,OBM v0.1.0
2018-03-25,obm_tx_count_daily,135274,transactions,daily,OBM v0.1.0
2018-03-26,obm_tx_count_daily,187850,transactions,daily,OBM v0.1.0
2018-03-27,obm_tx_count_daily,187065,transactions,daily,OBM v0.1.0
2018-03-28,obm_tx_count_daily,177521,transactions,daily,OBM v0.1.0
2018-03-29,obm_tx_count_daily,192411,transactions,daily,OBM v0.1.0
2018-03-30,obm_tx_count_daily,185940,transactions,daily,OBM v0.1.0
2018-03-31,obm_tx_count_daily,148617,transactions,daily,OBM v0.1.0
2018-04-01,obm_tx_count_daily,135129,transactions,daily,OBM v0.1.0
2018-04-02,obm_tx_count_daily,168178,transactions,daily,OBM v0.1.0
2018-04-03,obm_tx_count_daily,198919,transactions,daily,OBM v0.1.0
2018-04-04,obm_tx_count_daily,185710,transactions,daily,OBM v0.1.0
2018-04-05,obm_tx_count_daily,181832,transactions,daily,OBM v0.1.0
2018-04-06,obm_tx_count_daily,172889,transactions,daily,OBM v0.1.0
2018-04-07,obm_tx_count_daily,154639,transactions,daily,OBM v0.1.0
2018-04-08,obm_tx_count_daily,138535,transactions,daily,OBM v0.1.0
2018-04-09,obm_tx_count_daily,176563,transactions,daily,OBM v0.1.0
2018-04-10,obm_tx_count_daily,186415,transactions,daily,OBM v0.1.0
2018-04-11,obm_tx_count_daily,183248,transactions,daily,OBM v0.1.0
2018-04-12,obm_tx_count_daily,210879,transactions,daily,OBM v0.1.0
2018-04-13,obm_tx_count_daily,217282,transactions,daily,OBM v0.1.0
2018-04-14,obm_tx_count_daily,161843,transactions,daily,OBM v0.1.0
2018-04-15,obm_tx_count_daily,174031,transactions,daily,OBM v0.1.0
2018-04-16,obm_tx_count_daily,196106,transactions,daily,OBM v0.1.0
2018-04-17,obm_tx_count_daily,201820,transactions,daily,OBM v0.1.0
2018-04-18,obm_tx_count_daily,200740,transactions,daily,OBM v0.1.0
2018-04-19,obm_tx_count_daily,213523,transactions,daily,OBM v0.1.0
2018-04-20,obm_tx_count_daily,207777,transactions,daily,OBM v0.1.0
2018-04-21,obm_tx_count_daily,193975,transactions,daily,OBM v0.1.0
2018-04-22,obm_tx_count_daily,171870,transactions,daily,OBM v0.1.0
2018-04-23,obm_tx_count_daily,226353,transactions,daily,OBM v0.1.0
2018-04-24,obm_tx_count_daily,254493,transactions,daily,OBM v0.1.0
2018-04-25,obm_tx_count_daily,213155,transactions,daily,OBM v0.1.0
2018-04-26,obm_tx_count_daily,216732,transactions,daily,OBM v0.1.0
2018-04-27,obm_tx_count_daily,211119,transactions,daily,OBM v0.1.0
2018-04-28,obm_tx_count_daily,203681,transactions,daily,OBM v0.1.0
2018-04-29,obm_tx_count_daily,180798,transactions,daily,OBM v0.1.0
2018-04-30,obm_tx_count_daily,215107,transactions,daily,OBM v0.1.0
2018-05-01,obm_tx_count_daily,199959,transactions,daily,OBM v0.1.0
2018-05-02,obm_tx_count_daily,212296,transactions,daily,OBM v0.1.0
2018-05-03,obm_tx_count_daily,228521,transactions,daily,OBM v0.1.0
2018-05-04,obm_tx_count_daily,219069,transactions,daily,OBM v0.1.0
2018-05-05,obm_tx_count_daily,202703,transactions,daily,OBM v0.1.0
2018-05-06,obm_tx_count_daily,171761,transactions,daily,OBM v0.1.0
2018-05-07,obm_tx_count_daily,205063,transactions,daily,OBM v0.1.0
2018-05-08,obm_tx_count_daily,217810,transactions,daily,OBM v0.1.0
2018-05-09,obm_tx_count_daily,206579,transactions,daily,OBM v0.1.0
2018-05-10,obm_tx_count_daily,208961,transactions,daily,OBM v0.1.0
2018-05-11,obm_tx_count_daily,213624,transactions,daily,OBM v0.1.0
2018-05-12,obm_tx_count_daily,182054,transactions,daily,OBM v0.1.0
2018-05-13,obm_tx_count_daily,158794,transactions,daily,OBM v0.1.0
2018-05-14,obm_tx_count_daily,209697,transactions,daily,OBM v0.1.0
2018-05-15,obm_tx_count_daily,214779,transactions,daily,OBM v0.1.0
2018-05-16,obm_tx_count_daily,208463,transactions,daily,OBM v0.1.0
2018-05-17,obm_tx_count_daily,192683,transactions,daily,OBM v0.1.0
2018-05-18,obm_tx_count_daily,211496,transactions,daily,OBM v0.1.0
2018-05-19,obm_tx_count_daily,173274,transactions,daily,OBM v0.1.0
2018-05-20,obm_tx_count_daily,158663,transactions,daily,OBM v0.1.0
2018-05-21,obm_tx_count_daily,202647,transactions,daily,OBM v0.1.0
2018-05-22,obm_tx_count_daily,203337,transactions,daily,OBM v0.1.0
2018-05-23,obm_tx_count_daily,223196,transactions,daily,OBM v0.1.0
2018-05-24,obm_tx_count_daily,206825,transactions,daily,OBM v0.1.0
2018-05-25,obm_tx_count_daily,196181,transactions,daily,OBM v0.1.0
2018-05-26,obm_tx_count_daily,158783,transactions,daily,OBM v0.1.0
2018-05-27,obm_tx_count_daily,144304,transactions,daily,OBM v0.1.0
2018-05-28,obm_tx_count_daily,189063,transactions,daily,OBM v0.1.0
2018-05-29,obm_tx_count_daily,204769,transactions,daily,OBM v0.1.0
2018-05-30,obm_tx_count_daily,204077,transactions,daily,OBM v0.1.0
2018-05-31,obm_tx_count_daily,209526,transactions,daily,OBM v0.1.0
2018-06-01,obm_tx_count_daily,205481,transactions,daily,OBM v0.1.0
2018-06-02,obm_tx_count_daily,174497,transactions,daily,OBM v0.1.0
2018-06-03,obm_tx_count_daily,163443,transactions,daily,OBM v0.1.0
2018-06-04,obm_tx_count_daily,209916,transactions,daily,OBM v0.1.0
2018-06-05,obm_tx_count_daily,212901,transactions,daily,OBM v0.1.0
2018-06-06,obm_tx_count_daily,206417,transactions,daily,OBM v0.1.0
2018-06-07,obm_tx_count_daily,207627,transactions,daily,OBM v0.1.0
2018-06-08,obm_tx_count_daily,200379,transactions,daily,OBM v0.1.0
2018-06-09,obm_tx_count_daily,171306,transactions,daily,OBM v0.1.0
2018-06-10,obm_tx_count_daily,179809,transactions,daily,OBM v0.1.0
2018-06-11,obm_tx_count_daily,213196,transactions,daily,OBM v0.1.0
2018-06-12,obm_tx_count_daily,214595,transactions,daily,OBM v0.1.0
2018-06-13,obm_tx_count_daily,211829,transactions,daily,OBM v0.1.0
2018-06-14,obm_tx_count_daily,210029,transactions,daily,OBM v0.1.0
2018-06-15,obm_tx_count_daily,205861,transactions,daily,OBM v0.1.0
2018-06-16,obm_tx_count_daily,159090,transactions,daily,OBM v0.1.0
2018-06-17,obm_tx_count_daily,144908,transactions,daily,OBM v0.1.0
2018-06-18,obm_tx_count_daily,196305,transactions,daily,OBM v0.1.0
2018-06-19,obm_tx_count_daily,191805,transactions,daily,OBM v0.1.0
2018-06-20,obm_tx_count_daily,198889,transactions,daily,OBM v0.1.0
2018-06-21,obm_tx_count_daily,198113,transactions,daily,OBM v0.1.0
2018-06-22,obm_tx_count_daily,204144,transactions,daily,OBM v0.1.0
2018-06-23,obm_tx_count_daily,163295,transactions,daily,OBM v0.1.0
2018-06-24,obm_tx_count_daily,158022,transactions,daily,OBM v0.1.0
2018-06-25,obm_tx_count_daily,200173,transactions,daily,OBM v0.1.0
2018-06-26,obm_tx_count_daily,195404,transactions,daily,OBM v0.1.0
2018-06-27,obm_tx_count_daily,188510,transactions,daily,OBM v0.1.0
2018-06-28,obm_tx_count_daily,187624,transactions,daily,OBM v0.1.0
2018-06-29,obm_tx_count_daily,197881,transactions,daily,OBM v0.1.0
2018-06-30,obm_tx_count_daily,181065,transactions,daily,OBM v0.1.0
2018-07-01,obm_tx_count_daily,156247,transactions,daily,OBM v0.1.0
2018-07-02,obm_tx_count_daily,199294,transactions,daily,OBM v0.1.0
2018-07-03,obm_tx_count_daily,216747,transactions,daily,OBM v0.1.0
2018-07-04,obm_tx_count_daily,206788,transactions,daily,OBM v0.1.0
2018-07-05,obm_tx_count_daily,199600,transactions,daily,OBM v0.1.0
2018-07-06,obm_tx_count_daily,200993,transactions,daily,OBM v0.1.0
2018-07-07,obm_tx_count_daily,170160,transactions,daily,OBM v0.1.0
2018-07-08,obm_tx_count_daily,155685,transactions,daily,OBM v0.1.0
2018-07-09,obm_tx_count_daily,206546,transactions,daily,OBM v0.1.0
2018-07-10,obm_tx_count_daily,216063,transactions,daily,OBM v0.1.0
2018-07-11,obm_tx_count_daily,202603,transactions,daily,OBM v0.1.0
2018-07-12,obm_tx_count_daily,203535,transactions,daily,OBM v0.1.0
2018-07-13,obm_tx_count_daily,207904,transactions,daily,OBM v0.1.0
2018-07-14,obm_tx_count_daily,176475,transactions,daily,OBM v0.1.0
2018-07-15,obm_tx_count_daily,161151,transactions,daily,OBM v0.1.0
2018-07-16,obm_tx_count_daily,207842,transactions,daily,OBM v0.1.0
2018-07-17,obm_tx_count_daily,233966,transactions,daily,OBM v0.1.0
2018-07-18,obm_tx_count_daily,238769,transactions,daily,OBM v0.1.0
2018-07-19,obm_tx_count_daily,225039,transactions,daily,OBM v0.1.0
2018-07-20,obm_tx_count_daily,225529,transactions,daily,OBM v0.1.0
2018-07-21,obm_tx_count_daily,184803,transactions,daily,OBM v0.1.0
2018-07-22,obm_tx_count_daily,167129,transactions,daily,OBM v0.1.0
2018-07-23,obm_tx_count_daily,229480,transactions,daily,OBM v0.1.0
2018-07-24,obm_tx_count_daily,259358,transactions,daily,OBM v0.1.0
2018-07-25,obm_tx_count_daily,250208,transactions,daily,OBM v0.1.0
2018-07-26,obm_tx_count_daily,231679,transactions,daily,OBM v0.1.0
2018-07-27,obm_tx_count_daily,229397,transactions,daily,OBM v0.1.0
2018-07-28,obm_tx_count_daily,188238,transactions,daily,OBM v0.1.0
2018-07-29,obm_tx_count_daily,168407,transactions,daily,OBM v0.1.0
2018-07-30,obm_tx_count_daily,230924,transactions,daily,OBM v0.1.0
2018-07-31,obm_tx_count_daily,242977,transactions,daily,OBM v0.1.0
2018-08-01,obm_tx_count_daily,241044,transactions,daily,OBM v0.1.0
2018-08-02,obm_tx_count_daily,224873,transactions,daily,OBM v0.1.0
2018-08-03,obm_tx_count_daily,229859,transactions,daily,OBM v0.1.0
2018-08-04,obm_tx_count_daily,191657,transactions,daily,OBM v0.1.0
2018-08-05,obm_tx_count_daily,172181,transactions,daily,OBM v0.1.0
2018-08-06,obm_tx_count_daily,218607,transactions,daily,OBM v0.1.0
2018-08-07,obm_tx_count_daily,233045,transactions,daily,OBM v0.1.0
2018-08-08,obm_tx_count_daily,235311,transactions,daily,OBM v0.1.0
2018-08-09,obm_tx_count_daily,222326,transactions,daily,OBM v0.1.0
2018-08-10,obm_tx_count_daily,226148,transactions,daily,OBM v0.1.0
2018-08-11,obm_tx_count_daily,192438,transactions,daily,OBM v0.1.0
2018-08-12,obm_tx_count_daily,165044,transactions,daily,OBM v0.1.0
2018-08-13,obm_tx_count_daily,222229,transactions,daily,OBM v0.1.0
2018-08-14,obm_tx_count_daily,247622,transactions,daily,OBM v0.1.0
2018-08-15,obm_tx_count_daily,246066,transactions,daily,OBM v0.1.0
2018-08-16,obm_tx_count_daily,232335,transactions,daily,OBM v0.1.0
2018-08-17,obm_tx_count_daily,233794,transactions,daily,OBM v0.1.0
2018-08-18,obm_tx_count_daily,190935,transactions,daily,OBM v0.1.0
2018-08-19,obm_tx_count_daily,167400,transactions,daily,OBM v0.1.0
2018-08-20,obm_tx_count_daily,214983,transactions,daily,OBM v0.1.0
2018-08-21,obm_tx_count_daily,217777,transactions,daily,OBM v0.1.0
2018-08-22,obm_tx_count_daily,230333,transactions,daily,OBM v0.1.0
2018-08-23,obm_tx_count_daily,217352,transactions,daily,OBM v0.1.0
2018-08-24,obm_tx_count_daily,219848,transactions,daily,OBM v0.1.0
2018-08-25,obm_tx_count_daily,196420,transactions,daily,OBM v0.1.0
2018-08-26,obm_tx_count_daily,172747,transactions,daily,OBM v0.1.0
2018-08-27,obm_tx_count_daily,223656,transactions,daily,OBM v0.1.0
2018-08-28,obm_tx_count_daily,238039,transactions,daily,OBM v0.1.0
2018-08-29,obm_tx_count_daily,237508,transactions,daily,OBM v0.1.0
2018-08-30,obm_tx_count_daily,231391,transactions,daily,OBM v0.1.0
2018-08-31,obm_tx_count_daily,237076,transactions,daily,OBM v0.1.0
2018-09-01,obm_tx_count_daily,213331,transactions,daily,OBM v0.1.0
2018-09-02,obm_tx_count_daily,187145,transactions,daily,OBM v0.1.0
2018-09-03,obm_tx_count_daily,222897,transactions,daily,OBM v0.1.0
2018-09-04,obm_tx_count_daily,232265,transactions,daily,OBM v0.1.0
2018-09-05,obm_tx_count_daily,246477,transactions,daily,OBM v0.1.0
2018-09-06,obm_tx_count_daily,252261,transactions,daily,OBM v0.1.0
2018-09-07,obm_tx_count_daily,230790,transactions,daily,OBM v0.1.0
2018-09-08,obm_tx_count_daily,204428,transactions,daily,OBM v0.1.0
2018-09-09,obm_tx_count_daily,188912,transactions,daily,OBM v0.1.0
2018-09-10,obm_tx_count_daily,222866,transactions,daily,OBM v0.1.0
2018-09-11,obm_tx_count_daily,237571,transactions,daily,OBM v0.1.0
2018-09-12,obm_tx_count_daily,233275,transactions,daily,OBM v0.1.0
2018-09-13,obm_tx_count_daily,234209,transactions,daily,OBM v0.1.0
2018-09-14,obm_tx_count_daily,223250,transactions,daily,OBM v0.1.0
2018-09-15,obm_tx_count_daily,211071,transactions,daily,OBM v0.1.0
2018-09-16,obm_tx_count_daily,179483,transactions,daily,OBM v0.1.0
2018-09-17,obm_tx_count_daily,240152,transactions,daily,OBM v0.1.0
2018-09-18,obm_tx_count_daily,244259,transactions,daily,OBM v0.1.0
2018-09-19,obm_tx_count_daily,251037,transactions,daily,OBM v0.1.0
2018-09-20,obm_tx_count_daily,253674,transactions,daily,OBM v0.1.0
2018-09-21,obm_tx_count_daily,273051,transactions,daily,OBM v0.1.0
2018-09-22,obm_tx_count_daily,225537,transactions,daily,OBM v0.1.0
2018-09-23,obm_tx_count_daily,200319,transactions,daily,OBM v0.1.0
2018-09-24,obm_tx_count_daily,237670,transactions,daily,OBM v0.1.0
2018-09-25,obm_tx_count_daily,252113,transactions,daily,OBM v0.1.0
2018-09-26,obm_tx_count_daily,243927,transactions,daily,OBM v0.1.0
2018-09-27,obm_tx_count_daily,248686,transactions,daily,OBM v0.1.0
2018-09-28,obm_tx_count_daily,254239,transactions,daily,OBM v0.1.0
2018-09-29,obm_tx_count_daily,218339,transactions,daily,OBM v0.1.0
2018-09-30,obm_tx_count_daily,208210,transactions,daily,OBM v0.1.0
2018-10-01,obm_tx_count_daily,242820,transactions,daily,OBM v0.1.0
2018-10-02,obm_tx_count_daily,244772,transactions,daily,OBM v0.1.0
2018-10-03,obm_tx_count_daily,242303,transactions,daily,OBM v0.1.0
2018-10-04,obm_tx_count_daily,243157,transactions,daily,OBM v0.1.0
2018-10-05,obm_tx_count_daily,244719,transactions,daily,OBM v0.1.0
2018-10-06,obm_tx_count_daily,214843,transactions,daily,OBM v0.1.0
2018-10-07,obm_tx_count_daily,219731,transactions,daily,OBM v0.1.0
2018-10-08,obm_tx_count_daily,248041,transactions,daily,OBM v0.1.0
2018-10-09,obm_tx_count_daily,235862,transactions,daily,OBM v0.1.0
2018-10-10,obm_tx_count_daily,244945,transactions,daily,OBM v0.1.0
2018-10-11,obm_tx_count_daily,262467,transactions,daily,OBM v0.1.0
2018-10-12,obm_tx_count_daily,243174,transactions,daily,OBM v0.1.0
2018-10-13,obm_tx_count_daily,205097,transactions,daily,OBM v0.1.0
2018-10-14,obm_tx_count_daily,191259,transactions,daily,OBM v0.1.0
2018-10-15,obm_tx_count_daily,266945,transactions,daily,OBM v0.1.0
2018-10-16,obm_tx_count_daily,257967,transactions,daily,OBM v0.1.0
2018-10-17,obm_tx_count_daily,260362,transactions,daily,OBM v0.1.0
2018-10-18,obm_tx_count_daily,253450,transactions,daily,OBM v0.1.0
2018-10-19,obm_tx_count_daily,253826,transactions,daily,OBM v0.1.0
2018-10-20,obm_tx_count_daily,227821,transactions,daily,OBM v0.1.0
2018-10-21,obm_tx_count_daily,211505,transactions,daily,OBM v0.1.0
2018-10-22,obm_tx_count_daily,255324,transactions,daily,OBM v0.1.0
2018-10-23,obm_tx_count_daily,253463,transactions,daily,OBM v0.1.0
2018-10-24,obm_tx_count_daily,254091,transactions,daily,OBM v0.1.0
2018-10-25,obm_tx_count_daily,254599,transactions,daily,OBM v0.1.0
2018-10-26,obm_tx_count_daily,253002,transactions,daily,OBM v0.1.0
2018-10-27,obm_tx_count_daily,233749,transactions,daily,OBM v0.1.0
2018-10-28,obm_tx_count_daily,219860,transactions,daily,OBM v0.1.0
2018-10-29,obm_tx_count_daily,269754,transactions,daily,OBM v0.1.0
2018-10-30,obm_tx_count_daily,283327,transactions,daily,OBM v0.1.0
2018-10-31,obm_tx_count_daily,288283,transactions,daily,OBM v0.1.0
2018-11-01,obm_tx_count_daily,281941,transactions,daily,OBM v0.1.0
2018-11-02,obm_tx_count_daily,292704,transactions,daily,OBM v0.1.0
2018-11-03,obm_tx_count_daily,249564,transactions,daily,OBM v0.1.0
2018-11-04,obm_tx_count_daily,226247,transactions,daily,OBM v0.1.0
2018-11-05,obm_tx_count_daily,296283,transactions,daily,OBM v0.1.0
2018-11-06,obm_tx_count_daily,285451,transactions,daily,OBM v0.1.0
2018-11-07,obm_tx_count_daily,293734,transactions,daily,OBM v0.1.0
2018-11-08,obm_tx_count_daily,277597,transactions,daily,OBM v0.1.0
2018-11-09,obm_tx_count_daily,283896,transactions,daily,OBM v0.1.0
2018-11-10,obm_tx_count_daily,252499,transactions,daily,OBM v0.1.0
2018-11-11,obm_tx_count_daily,246991,transactions,daily,OBM v0.1.0
2018-11-12,obm_tx_count_daily,300006,transactions,daily,OBM v0.1.0
2018-11-13,obm_tx_count_daily,279160,transactions,daily,OBM v0.1.0
2018-11-14,obm_tx_count_daily,292755,transactions,daily,OBM v0.1.0
2018-11-15,obm_tx_count_daily,291525,transactions,daily,OBM v0.1.0
2018-11-16,obm_tx_count_daily,283124,transactions,daily,OBM v0.1.0
2018-11-17,obm_tx_count_daily,262649,transactions,daily,OBM v0.1.0
2018-11-18,obm_tx_count_daily,239803,transactions,daily,OBM v0.1.0
2018-11-19,obm_tx_count_daily,267971,transactions,daily,OBM v0.1.0
2018-11-20,obm_tx_count_daily,288450,transactions,daily,OBM v0.1.0
2018-11-21,obm_tx_count_daily,254942,transactions,daily,OBM v0.1.0
2018-11-22,obm_tx_count_daily,266116,transactions,daily,OBM v0.1.0
2018-11-23,obm_tx_count_daily,275261,transactions,daily,OBM v0.1.0
2018-11-24,obm_tx_count_daily,250017,transactions,daily,OBM v0.1.0
2018-11-25,obm_tx_count_daily,239256,transactions,daily,OBM v0.1.0
2018-11-26,obm_tx_count_daily,257062,transactions,daily,OBM v0.1.0
2018-11-27,obm_tx_count_daily,268533,transactions,daily,OBM v0.1.0
2018-11-28,obm_tx_count_daily,254456,transactions,daily,OBM v0.1.0
2018-11-29,obm_tx_count_daily,246226,transactions,daily,OBM v0.1.0
2018-11-30,obm_tx_count_daily,250157,transactions,daily,OBM v0.1.0
2018-12-01,obm_tx_count_daily,241847,transactions,daily,OBM v0.1.0
2018-12-02,obm_tx_count_daily,222673,transactions,daily,OBM v0.1.0
2018-12-03,obm_tx_count_daily,240652,transactions,daily,OBM v0.1.0
2018-12-04,obm_tx_count_daily,270189,transactions,daily,OBM v0.1.0
2018-12-05,obm_tx_count_daily,256501,transactions,daily,OBM v0.1.0
2018-12-06,obm_tx_count_daily,279654,transactions,daily,OBM v0.1.0
2018-12-07,obm_tx_count_daily,253890,transactions,daily,OBM v0.1.0
2018-12-08,obm_tx_count_daily,231104,transactions,daily,OBM v0.1.0
2018-12-09,obm_tx_count_daily,238569,transactions,daily,OBM v0.1.0
2018-12-10,obm_tx_count_daily,258353,transactions,daily,OBM v0.1.0
2018-12-11,obm_tx_count_daily,251487,transactions,daily,OBM v0.1.0
2018-12-12,obm_tx_count_daily,261423,transactions,daily,OBM v0.1.0
2018-12-13,obm_tx_count_daily,268422,transactions,daily,OBM v0.1.0
2018-12-14,obm_tx_count_daily,275801,transactions,daily,OBM v0.1.0
2018-12-15,obm_tx_count_daily,262879,transactions,daily,OBM v0.1.0
2018-12-16,obm_tx_count_daily,226453,transactions,daily,OBM v0.1.0
2018-12-17,obm_tx_count_daily,298823,transactions,daily,OBM v0.1.0
2018-12-18,obm_tx_count_daily,266245,transactions,daily,OBM v0.1.0
2018-12-19,obm_tx_count_daily,302392,transactions,daily,OBM v0.1.0
2018-12-20,obm_tx_count_daily,287273,transactions,daily,OBM v0.1.0
2018-12-21,obm_tx_count_daily,280588,transactions,daily,OBM v0.1.0
2018-12-22,obm_tx_count_daily,251216,transactions,daily,OBM v0.1.0
2018-12-23,obm_tx_count_daily,250739,transactions,daily,OBM v0.1.0
2018-12-24,obm_tx_count_daily,272297,transactions,daily,OBM v0.1.0
2018-12-25,obm_tx_count_daily,265052,transactions,daily,OBM v0.1.0
2018-12-26,obm_tx_count_daily,281305,transactions,daily,OBM v0.1.0
2018-12-27,obm_tx_count_daily,300020,transactions,daily,OBM v0.1.0
2018-12-28,obm_tx_count_daily,308267,transactions,daily,OBM v0.1.0
2018-12-29,obm_tx_count_daily,264980,transactions,daily,OBM v0.1.0
2018-12-30,obm_tx_count_daily,267639,transactions,daily,OBM v0.1.0
2018-12-31,obm_tx_count_daily,259684,transactions,daily,OBM v0.1.0
2019-01-01,obm_tx_count_daily,234725,transactions,daily,OBM v0.1.0
2019-01-02,obm_tx_count_daily,271696,transactions,daily,OBM v0.1.0
2019-01-03,obm_tx_count_daily,291016,transactions,daily,OBM v0.1.0
2019-01-04,obm_tx_count_daily,281772,transactions,daily,OBM v0.1.0
2019-01-05,obm_tx_count_daily,265192,transactions,daily,OBM v0.1.0
2019-01-06,obm_tx_count_daily,258522,transactions,daily,OBM v0.1.0
2019-01-07,obm_tx_count_daily,284782,transactions,daily,OBM v0.1.0
2019-01-08,obm_tx_count_daily,318524,transactions,daily,OBM v0.1.0
2019-01-09,obm_tx_count_daily,319056,transactions,daily,OBM v0.1.0
2019-01-10,obm_tx_count_daily,327338,transactions,daily,OBM v0.1.0
2019-01-11,obm_tx_count_daily,308372,transactions,daily,OBM v0.1.0
2019-01-12,obm_tx_count_daily,281502,transactions,daily,OBM v0.1.0
2019-01-13,obm_tx_count_daily,276997,transactions,daily,OBM v0.1.0
2019-01-14,obm_tx_count_daily,326685,transactions,daily,OBM v0.1.0
2019-01-15,obm_tx_count_daily,302279,transactions,daily,OBM v0.1.0
2019-01-16,obm_tx_count_daily,305702,transactions,daily,OBM v0.1.0
2019-01-17,obm_tx_count_daily,296695,transactions,daily,OBM v0.1.0
2019-01-18,obm_tx_count_daily,305965,transactions,daily,OBM v0.1.0
2019-01-19,obm_tx_count_daily,282188,transactions,daily,OBM v0.1.0
2019-01-20,obm_tx_count_daily,294118,transactions,daily,OBM v0.1.0
2019-01-21,obm_tx_count_daily,315202,transactions,daily,OBM v0.1.0
2019-01-22,obm_tx_count_daily,296040,transactions,daily,OBM v0.1.0
2019-01-23,obm_tx_count_daily,293494,transactions,daily,OBM v0.1.0
2019-01-24,obm_tx_count_daily,308146,transactions,daily,OBM v0.1.0
2019-01-25,obm_tx_count_daily,301085,transactions,daily,OBM v0.1.0
2019-01-26,obm_tx_count_daily,288285,transactions,daily,OBM v0.1.0
2019-01-27,obm_tx_count_daily,276651,transactions,daily,OBM v0.1.0
2019-01-28,obm_tx_count_daily,308062,transactions,daily,OBM v0.1.0
2019-01-29,obm_tx_count_daily,326162,transactions,daily,OBM v0.1.0
2019-01-30,obm_tx_count_daily,321980,transactions,daily,OBM v0.1.0
2019-01-31,obm_tx_count_daily,353945,transactions,daily,OBM v0.1.0
2019-02-01,obm_tx_count_daily,339341,transactions,daily,OBM v0.1.0
2019-02-02,obm_tx_count_daily,322032,transactions,daily,OBM v0.1.0
2019-02-03,obm_tx_count_daily,300171,transactions,daily,OBM v0.1.0
2019-02-04,obm_tx_count_daily,335288,transactions,daily,OBM v0.1.0
2019-02-05,obm_tx_count_daily,354069,transactions,daily,OBM v0.1.0
2019-02-06,obm_tx_count_daily,349596,transactions,daily,OBM v0.1.0
2019-02-07,obm_tx_count_daily,353046,transactions,daily,OBM v0.1.0
2019-02-08,obm_tx_count_daily,335280,transactions,daily,OBM v0.1.0
2019-02-09,obm_tx_count_daily,310892,transactions,daily,OBM v0.1.0
2019-02-10,obm_tx_count_daily,299609,transactions,daily,OBM v0.1.0
2019-02-11,obm_tx_count_daily,315725,transactions,daily,OBM v0.1.0
2019-02-12,obm_tx_count_daily,271573,transactions,daily,OBM v0.1.0
2019-02-13,obm_tx_count_daily,352651,transactions,daily,OBM v0.1.0
2019-02-14,obm_tx_count_daily,354483,transactions,daily,OBM v0.1.0
2019-02-15,obm_tx_count_daily,296729,transactions,daily,OBM v0.1.0
2019-02-16,obm_tx_count_daily,332137,transactions,daily,OBM v0.1.0
2019-02-17,obm_tx_count_daily,327463,transactions,daily,OBM v0.1.0
2019-02-18,obm_tx_count_daily,344274,transactions,daily,OBM v0.1.0
2019-02-19,obm_tx_count_daily,348242,transactions,daily,OBM v0.1.0
2019-02-20,obm_tx_count_daily,314320,transactions,daily,OBM v0.1.0
2019-02-21,obm_tx_count_daily,297595,transactions,daily,OBM v0.1.0
2019-02-22,obm_tx_count_daily,350306,transactions,daily,OBM v0.1.0
2019-02-23,obm_tx_count_daily,328239,transactions,daily,OBM v0.1.0
2019-02-24,obm_tx_count_daily,320446,transactions,daily,OBM v0.1.0
2019-02-25,obm_tx_count_daily,336634,transactions,daily,OBM v0.1.0
2019-02-26,obm_tx_count_daily,366568,transactions,daily,OBM v0.1.0
2019-02-27,obm_tx_count_daily,344560,transactions,daily,OBM v0.1.0
2019-02-28,obm_tx_count_daily,367827,transactions,daily,OBM v0.1.0
2019-03-01,obm_tx_count_daily,354422,transactions,daily,OBM v0.1.0
2019-03-02,obm_tx_count_daily,335864,transactions,daily,OBM v0.1.0
2019-03-03,obm_tx_count_daily,353683,transactions,daily,OBM v0.1.0
2019-03-04,obm_tx_count_daily,304188,transactions,daily,OBM v0.1.0
2019-03-05,obm_tx_count_daily,285716,transactions,daily,OBM v0.1.0
2019-03-06,obm_tx_count_daily,277863,transactions,daily,OBM v0.1.0
2019-03-07,obm_tx_count_daily,282523,transactions,daily,OBM v0.1.0
2019-03-08,obm_tx_count_daily,285264,transactions,daily,OBM v0.1.0
2019-03-09,obm_tx_count_daily,239492,transactions,daily,OBM v0.1.0
2019-03-10,obm_tx_count_daily,212877,transactions,daily,OBM v0.1.0
2019-03-11,obm_tx_count_daily,294741,transactions,daily,OBM v0.1.0
2019-03-12,obm_tx_count_daily,285653,transactions,daily,OBM v0.1.0
2019-03-13,obm_tx_count_daily,285957,transactions,daily,OBM v0.1.0
2019-03-14,obm_tx_count_daily,299929,transactions,daily,OBM v0.1.0
2019-03-15,obm_tx_count_daily,296970,transactions,daily,OBM v0.1.0
2019-03-16,obm_tx_count_daily,262267,transactions,daily,OBM v0.1.0
2019-03-17,obm_tx_count_daily,227290,transactions,daily,OBM v0.1.0
2019-03-18,obm_tx_count_daily,291505,transactions,daily,OBM v0.1.0
2019-03-19,obm_tx_count_daily,304744,transactions,daily,OBM v0.1.0
2019-03-20,obm_tx_count_daily,304960,transactions,daily,OBM v0.1.0
2019-03-21,obm_tx_count_daily,300712,transactions,daily,OBM v0.1.0
2019-03-22,obm_tx_count_daily,298524,transactions,daily,OBM v0.1.0
2019-03-23,obm_tx_count_daily,251573,transactions,daily,OBM v0.1.0
2019-03-24,obm_tx_count_daily,226166,transactions,daily,OBM v0.1.0
2019-03-25,obm_tx_count_daily,322191,transactions,daily,OBM v0.1.0
2019-03-26,obm_tx_count_daily,366415,transactions,daily,OBM v0.1.0
2019-03-27,obm_tx_count_daily,383186,transactions,daily,OBM v0.1.0
2019-03-28,obm_tx_count_daily,393698,transactions,daily,OBM v0.1.0
2019-03-29,obm_tx_count_daily,369817,transactions,daily,OBM v0.1.0
2019-03-30,obm_tx_count_daily,377783,transactions,daily,OBM v0.1.0
2019-03-31,obm_tx_count_daily,381652,transactions,daily,OBM v0.1.0
2019-04-01,obm_tx_count_daily,368904,transactions,daily,OBM v0.1.0
2019-04-02,obm_tx_count_daily,401507,transactions,daily,OBM v0.1.0
2019-04-03,obm_tx_count_daily,360250,transactions,daily,OBM v0.1.0
2019-04-04,obm_tx_count_daily,354660,transactions,daily,OBM v0.1.0
2019-04-05,obm_tx_count_daily,387090,transactions,daily,OBM v0.1.0
2019-04-06,obm_tx_count_daily,359569,transactions,daily,OBM v0.1.0
2019-04-07,obm_tx_count_daily,350631,transactions,daily,OBM v0.1.0
2019-04-08,obm_tx_count_daily,372417,transactions,daily,OBM v0.1.0
2019-04-09,obm_tx_count_daily,346071,transactions,daily,OBM v0.1.0
2019-04-10,obm_tx_count_daily,396501,transactions,daily,OBM v0.1.0
2019-04-11,obm_tx_count_daily,402802,transactions,daily,OBM v0.1.0
2019-04-12,obm_tx_count_daily,376767,transactions,daily,OBM v0.1.0
2019-04-13,obm_tx_count_daily,367076,transactions,daily,OBM v0.1.0
2019-04-14,obm_tx_count_daily,337030,transactions,daily,OBM v0.1.0
2019-04-15,obm_tx_count_daily,381473,transactions,daily,OBM v0.1.0
2019-04-16,obm_tx_count_daily,358517,transactions,daily,OBM v0.1.0
2019-04-17,obm_tx_count_daily,350737,transactions,daily,OBM v0.1.0
2019-04-18,obm_tx_count_daily,382981,transactions,daily,OBM v0.1.0
2019-04-19,obm_tx_count_daily,362128,transactions,daily,OBM v0.1.0
2019-04-20,obm_tx_count_daily,319840,transactions,daily,OBM v0.1.0
2019-04-21,obm_tx_count_daily,390735,transactions,daily,OBM v0.1.0
2019-04-22,obm_tx_count_daily,342014,transactions,daily,OBM v0.1.0
2019-04-23,obm_tx_count_daily,311753,transactions,daily,OBM v0.1.0
2019-04-24,obm_tx_count_daily,404279,transactions,daily,OBM v0.1.0
2019-04-25,obm_tx_count_daily,384089,transactions,daily,OBM v0.1.0
2019-04-26,obm_tx_count_daily,381209,transactions,daily,OBM v0.1.0
2019-04-27,obm_tx_count_daily,359008,transactions,daily,OBM v0.1.0
2019-04-28,obm_tx_count_daily,383291,transactions,daily,OBM v0.1.0
2019-04-29,obm_tx_count_daily,363207,transactions,daily,OBM v0.1.0
2019-04-30,obm_tx_count_daily,346486,transactions,daily,OBM v0.1.0
2019-05-01,obm_tx_count_daily,439549,transactions,daily,OBM v0.1.0
2019-05-02,obm_tx_count_daily,452646,transactions,daily,OBM v0.1.0
2019-05-03,obm_tx_count_daily,383032,transactions,daily,OBM v0.1.0
2019-05-04,obm_tx_count_daily,355910,transactions,daily,OBM v0.1.0
2019-05-05,obm_tx_count_daily,330732,transactions,daily,OBM v0.1.0
2019-05-06,obm_tx_count_daily,378476,transactions,daily,OBM v0.1.0
2019-05-07,obm_tx_count_daily,329943,transactions,daily,OBM v0.1.0
2019-05-08,obm_tx_count_daily,393081,transactions,daily,OBM v0.1.0
2019-05-09,obm_tx_count_daily,361569,transactions,daily,OBM v0.1.0
2019-05-10,obm_tx_count_daily,322963,transactions,daily,OBM v0.1.0
2019-05-11,obm_tx_count_daily,344957,transactions,daily,OBM v0.1.0
2019-05-12,obm_tx_count_daily,338571,transactions,daily,OBM v0.1.0
2019-05-13,obm_tx_count_daily,390428,transactions,daily,OBM v0.1.0
2019-05-14,obm_tx_count_daily,367370,transactions,daily,OBM v0.1.0
2019-05-15,obm_tx_count_daily,368901,transactions,daily,OBM v0.1.0
2019-05-16,obm_tx_count_daily,375062,transactions,daily,OBM v0.1.0
2019-05-17,obm_tx_count_daily,361654,transactions,daily,OBM v0.1.0
2019-05-18,obm_tx_count_daily,359704,transactions,daily,OBM v0.1.0
2019-05-19,obm_tx_count_daily,346859,transactions,daily,OBM v0.1.0
2019-05-20,obm_tx_count_daily,381582,transactions,daily,OBM v0.1.0
2019-05-21,obm_tx_count_daily,380889,transactions,daily,OBM v0.1.0
2019-05-22,obm_tx_count_daily,394887,transactions,daily,OBM v0.1.0
2019-05-23,obm_tx_count_daily,389343,transactions,daily,OBM v0.1.0
2019-05-24,obm_tx_count_daily,373882,transactions,daily,OBM v0.1.0
2019-05-25,obm_tx_count_daily,338398,transactions,daily,OBM v0.1.0
2019-05-26,obm_tx_count_daily,374072,transactions,daily,OBM v0.1.0
2019-05-27,obm_tx_count_daily,399584,transactions,daily,OBM v0.1.0
2019-05-28,obm_tx_count_daily,390427,transactions,daily,OBM v0.1.0
2019-05-29,obm_tx_count_daily,405155,transactions,daily,OBM v0.1.0
2019-05-30,obm_tx_count_daily,376874,transactions,daily,OBM v0.1.0
2019-05-31,obm_tx_count_daily,298997,transactions,daily,OBM v0.1.0
2019-06-01,obm_tx_count_daily,332092,transactions,daily,OBM v0.1.0
2019-06-02,obm_tx_count_daily,301003,transactions,daily,OBM v0.1.0
2019-06-03,obm_tx_count_daily,294009,transactions,daily,OBM v0.1.0
2019-06-04,obm_tx_count_daily,374763,transactions,daily,OBM v0.1.0
2019-06-05,obm_tx_count_daily,372948,transactions,daily,OBM v0.1.0
2019-06-06,obm_tx_count_daily,364526,transactions,daily,OBM v0.1.0
2019-06-07,obm_tx_count_daily,350011,transactions,daily,OBM v0.1.0
2019-06-08,obm_tx_count_daily,294369,transactions,daily,OBM v0.1.0
2019-06-09,obm_tx_count_daily,300917,transactions,daily,OBM v0.1.0
2019-06-10,obm_tx_count_daily,353629,transactions,daily,OBM v0.1.0
2019-06-11,obm_tx_count_daily,340449,transactions,daily,OBM v0.1.0
2019-06-12,obm_tx_count_daily,328464,transactions,daily,OBM v0.1.0
2019-06-13,obm_tx_count_daily,364373,transactions,daily,OBM v0.1.0
2019-06-14,obm_tx_count_daily,364383,transactions,daily,OBM v0.1.0
2019-06-15,obm_tx_count_daily,330954,transactions,daily,OBM v0.1.0
2019-06-16,obm_tx_count_daily,295254,transactions,daily,OBM v0.1.0
2019-06-17,obm_tx_count_daily,321072,transactions,daily,OBM v0.1.0
2019-06-18,obm_tx_count_daily,394843,transactions,daily,OBM v0.1.0
2019-06-19,obm_tx_count_daily,401032,transactions,daily,OBM v0.1.0
2019-06-20,obm_tx_count_daily,330103,transactions,daily,OBM v0.1.0
2019-06-21,obm_tx_count_daily,337741,transactions,daily,OBM v0.1.0
2019-06-22,obm_tx_count_daily,354075,transactions,daily,OBM v0.1.0
2019-06-23,obm_tx_count_daily,380088,transactions,daily,OBM v0.1.0
2019-06-24,obm_tx_count_daily,388342,transactions,daily,OBM v0.1.0
2019-06-25,obm_tx_count_daily,361385,transactions,daily,OBM v0.1.0
2019-06-26,obm_tx_count_daily,399624,transactions,daily,OBM v0.1.0
2019-06-27,obm_tx_count_daily,361050,transactions,daily,OBM v0.1.0
2019-06-28,obm_tx_count_daily,407094,transactions,daily,OBM v0.1.0
2019-06-29,obm_tx_count_daily,356682,transactions,daily,OBM v0.1.0
2019-06-30,obm_tx_count_daily,330731,transactions,daily,OBM v0.1.0
2019-07-01,obm_tx_count_daily,336862,transactions,daily,OBM v0.1.0
2019-07-02,obm_tx_count_daily,373409,transactions,daily,OBM v0.1.0
2019-07-03,obm_tx_count_daily,397554,transactions,daily,OBM v0.1.0
2019-07-04,obm_tx_count_daily,370704,transactions,daily,OBM v0.1.0
2019-07-05,obm_tx_count_daily,378453,transactions,daily,OBM v0.1.0
2019-07-06,obm_tx_count_daily,348674,transactions,daily,OBM v0.1.0
2019-07-07,obm_tx_count_daily,313273,transactions,daily,OBM v0.1.0
2019-07-08,obm_tx_count_daily,378966,transactions,daily,OBM v0.1.0
2019-07-09,obm_tx_count_daily,365588,transactions,daily,OBM v0.1.0
2019-07-10,obm_tx_count_daily,315664,transactions,daily,OBM v0.1.0
2019-07-11,obm_tx_count_daily,325776,transactions,daily,OBM v0.1.0
2019-07-12,obm_tx_count_daily,360899,transactions,daily,OBM v0.1.0
2019-07-13,obm_tx_count_daily,304545,transactions,daily,OBM v0.1.0
2019-07-14,obm_tx_count_daily,303287,transactions,daily,OBM v0.1.0
2019-07-15,obm_tx_count_daily,349111,transactions,daily,OBM v0.1.0
2019-07-16,obm_tx_count_daily,363337,transactions,daily,OBM v0.1.0
2019-07-17,obm_tx_count_daily,324892,transactions,daily,OBM v0.1.0
2019-07-18,obm_tx_count_daily,315745,transactions,daily,OBM v0.1.0
2019-07-19,obm_tx_count_daily,299891,transactions,daily,OBM v0.1.0
2019-07-20,obm_tx_count_daily,323002,transactions,daily,OBM v0.1.0
2019-07-21,obm_tx_count_daily,283934,transactions,daily,OBM v0.1.0
2019-07-22,obm_tx_count_daily,319399,transactions,daily,OBM v0.1.0
2019-07-23,obm_tx_count_daily,320352,transactions,daily,OBM v0.1.0
2019-07-24,obm_tx_count_daily,295589,transactions,daily,OBM v0.1.0
2019-07-25,obm_tx_count_daily,336536,transactions,daily,OBM v0.1.0
2019-07-26,obm_tx_count_daily,319612,transactions,daily,OBM v0.1.0
2019-07-27,obm_tx_count_daily,283892,transactions,daily,OBM v0.1.0
2019-07-28,obm_tx_count_daily,272974,transactions,daily,OBM v0.1.0
2019-07-29,obm_tx_count_daily,333619,transactions,daily,OBM v0.1.0
2019-07-30,obm_tx_count_daily,328375,transactions,daily,OBM v0.1.0
2019-07-31,obm_tx_count_daily,361337,transactions,daily,OBM v0.1.0
2019-08-01,obm_tx_count_daily,335943,transactions,daily,OBM v0.1.0
2019-08-02,obm_tx_count_daily,349556,transactions,daily,OBM v0.1.0
2019-08-03,obm_tx_count_daily,327588,transactions,daily,OBM v0.1.0
2019-08-04,obm_tx_count_daily,298805,transactions,daily,OBM v0.1.0
2019-08-05,obm_tx_count_daily,339136,transactions,daily,OBM v0.1.0
2019-08-06,obm_tx_count_daily,368348,transactions,daily,OBM v0.1.0
2019-08-07,obm_tx_count_daily,370909,transactions,daily,OBM v0.1.0
2019-08-08,obm_tx_count_daily,336181,transactions,daily,OBM v0.1.0
2019-08-09,obm_tx_count_daily,341125,transactions,daily,OBM v0.1.0
2019-08-10,obm_tx_count_daily,304138,transactions,daily,OBM v0.1.0
2019-08-11,obm_tx_count_daily,273280,transactions,daily,OBM v0.1.0
2019-08-12,obm_tx_count_daily,297446,transactions,daily,OBM v0.1.0
2019-08-13,obm_tx_count_daily,370747,transactions,daily,OBM v0.1.0
2019-08-14,obm_tx_count_daily,359997,transactions,daily,OBM v0.1.0
2019-08-15,obm_tx_count_daily,355644,transactions,daily,OBM v0.1.0
2019-08-16,obm_tx_count_daily,323625,transactions,daily,OBM v0.1.0
2019-08-17,obm_tx_count_daily,288256,transactions,daily,OBM v0.1.0
2019-08-18,obm_tx_count_daily,276365,transactions,daily,OBM v0.1.0
2019-08-19,obm_tx_count_daily,330473,transactions,daily,OBM v0.1.0
2019-08-20,obm_tx_count_daily,333304,transactions,daily,OBM v0.1.0
2019-08-21,obm_tx_count_daily,308808,transactions,daily,OBM v0.1.0
2019-08-22,obm_tx_count_daily,322453,transactions,daily,OBM v0.1.0
2019-08-23,obm_tx_count_daily,340220,transactions,daily,OBM v0.1.0
2019-08-24,obm_tx_count_daily,304481,transactions,daily,OBM v0.1.0
2019-08-25,obm_tx_count_daily,288934,transactions,daily,OBM v0.1.0
2019-08-26,obm_tx_count_daily,318219,transactions,daily,OBM v0.1.0
2019-08-27,obm_tx_count_daily,325984,transactions,daily,OBM v0.1.0
2019-08-28,obm_tx_count_daily,341200,transactions,daily,OBM v0.1.0
2019-08-29,obm_tx_count_daily,346734,transactions,daily,OBM v0.1.0
2019-08-30,obm_tx_count_daily,349200,transactions,daily,OBM v0.1.0
2019-08-31,obm_tx_count_daily,342195,transactions,daily,OBM v0.1.0
2019-09-01,obm_tx_count_daily,285468,transactions,daily,OBM v0.1.0
2019-09-02,obm_tx_count_daily,327248,transactions,daily,OBM v0.1.0
2019-09-03,obm_tx_count_daily,370631,transactions,daily,OBM v0.1.0
2019-09-04,obm_tx_count_daily,324741,transactions,daily,OBM v0.1.0
2019-09-05,obm_tx_count_daily,352410,transactions,daily,OBM v0.1.0
2019-09-06,obm_tx_count_daily,365531,transactions,daily,OBM v0.1.0
2019-09-07,obm_tx_count_daily,314429,transactions,daily,OBM v0.1.0
2019-09-08,obm_tx_count_daily,288507,transactions,daily,OBM v0.1.0
2019-09-09,obm_tx_count_daily,316852,transactions,daily,OBM v0.1.0
2019-09-10,obm_tx_count_daily,339858,transactions,daily,OBM v0.1.0
2019-09-11,obm_tx_count_daily,338276,transactions,daily,OBM v0.1.0
2019-09-12,obm_tx_count_daily,335868,transactions,daily,OBM v0.1.0
2019-09-13,obm_tx_count_daily,308856,transactions,daily,OBM v0.1.0
2019-09-14,obm_tx_count_daily,299894,transactions,daily,OBM v0.1.0
2019-09-15,obm_tx_count_daily,274146,transactions,daily,OBM v0.1.0
2019-09-16,obm_tx_count_daily,347341,transactions,daily,OBM v0.1.0
2019-09-17,obm_tx_count_daily,343778,transactions,daily,OBM v0.1.0
2019-09-18,obm_tx_count_daily,363185,transactions,daily,OBM v0.1.0
2019-09-19,obm_tx_count_daily,346110,transactions,daily,OBM v0.1.0
2019-09-20,obm_tx_count_daily,340929,transactions,daily,OBM v0.1.0
2019-09-21,obm_tx_count_daily,336013,transactions,daily,OBM v0.1.0
2019-09-22,obm_tx_count_daily,318713,transactions,daily,OBM v0.1.0
2019-09-23,obm_tx_count_daily,288149,transactions,daily,OBM v0.1.0
2019-09-24,obm_tx_count_daily,353263,transactions,daily,OBM v0.1.0
2019-09-25,obm_tx_count_daily,347747,transactions,daily,OBM v0.1.0
2019-09-26,obm_tx_count_daily,355775,transactions,daily,OBM v0.1.0
2019-09-27,obm_tx_count_daily,303903,transactions,daily,OBM v0.1.0
2019-09-28,obm_tx_count_daily,314433,transactions,daily,OBM v0.1.0
2019-09-29,obm_tx_count_daily,285542,transactions,daily,OBM v0.1.0
2019-09-30,obm_tx_count_daily,311396,transactions,daily,OBM v0.1.0
2019-10-01,obm_tx_count_daily,337244,transactions,daily,OBM v0.1.0
2019-10-02,obm_tx_count_daily,326557,transactions,daily,OBM v0.1.0
2019-10-03,obm_tx_count_daily,326514,transactions,daily,OBM v0.1.0
2019-10-04,obm_tx_count_daily,337222,transactions,daily,OBM v0.1.0
2019-10-05,obm_tx_count_daily,326683,transactions,daily,OBM v0.1.0
2019-10-06,obm_tx_count_daily,277613,transactions,daily,OBM v0.1.0
2019-10-07,obm_tx_count_daily,328803,transactions,daily,OBM v0.1.0
2019-10-08,obm_tx_count_daily,336354,transactions,daily,OBM v0.1.0
2019-10-09,obm_tx_count_daily,311049,transactions,daily,OBM v0.1.0
2019-10-10,obm_tx_count_daily,345048,transactions,daily,OBM v0.1.0
2019-10-11,obm_tx_count_daily,345425,transactions,daily,OBM v0.1.0
2019-10-12,obm_tx_count_daily,301693,transactions,daily,OBM v0.1.0
2019-10-13,obm_tx_count_daily,279487,transactions,daily,OBM v0.1.0
2019-10-14,obm_tx_count_daily,304466,transactions,daily,OBM v0.1.0
2019-10-15,obm_tx_count_daily,339698,transactions,daily,OBM v0.1.0
2019-10-16,obm_tx_count_daily,338473,transactions,daily,OBM v0.1.0
2019-10-17,obm_tx_count_daily,334105,transactions,daily,OBM v0.1.0
2019-10-18,obm_tx_count_daily,339390,transactions,daily,OBM v0.1.0
2019-10-19,obm_tx_count_daily,304736,transactions,daily,OBM v0.1.0
2019-10-20,obm_tx_count_daily,289796,transactions,daily,OBM v0.1.0
2019-10-21,obm_tx_count_daily,351791,transactions,daily,OBM v0.1.0
2019-10-22,obm_tx_count_daily,341464,transactions,daily,OBM v0.1.0
2019-10-23,obm_tx_count_daily,349320,transactions,daily,OBM v0.1.0
2019-10-24,obm_tx_count_daily,303843,transactions,daily,OBM v0.1.0
2019-10-25,obm_tx_count_daily,328598,transactions,daily,OBM v0.1.0
2019-10-26,obm_tx_count_daily,305722,transactions,daily,OBM v0.1.0
2019-10-27,obm_tx_count_daily,256253,transactions,daily,OBM v0.1.0
2019-10-28,obm_tx_count_daily,309611,transactions,daily,OBM v0.1.0
2019-10-29,obm_tx_count_daily,307953,transactions,daily,OBM v0.1.0
2019-10-30,obm_tx_count_daily,314163,transactions,daily,OBM v0.1.0
2019-10-31,obm_tx_count_daily,293779,transactions,daily,OBM v0.1.0
2019-11-01,obm_tx_count_daily,316187,transactions,daily,OBM v0.1.0
2019-11-02,obm_tx_count_daily,284443,transactions,daily,OBM v0.1.0
2019-11-03,obm_tx_count_daily,294367,transactions,daily,OBM v0.1.0
2019-11-04,obm_tx_count_daily,310979,transactions,daily,OBM v0.1.0
2019-11-05,obm_tx_count_daily,332839,transactions,daily,OBM v0.1.0
2019-11-06,obm_tx_count_daily,314698,transactions,daily,OBM v0.1.0
2019-11-07,obm_tx_count_daily,324487,transactions,daily,OBM v0.1.0
2019-11-08,obm_tx_count_daily,311441,transactions,daily,OBM v0.1.0
2019-11-09,obm_tx_count_daily,306163,transactions,daily,OBM v0.1.0
2019-11-10,obm_tx_count_daily,299712,transactions,daily,OBM v0.1.0
2019-11-11,obm_tx_count_daily,326707,transactions,daily,OBM v0.1.0
2019-11-12,obm_tx_count_daily,301382,transactions,daily,OBM v0.1.0
2019-11-13,obm_tx_count_daily,318945,transactions,daily,OBM v0.1.0
2019-11-14,obm_tx_count_daily,350023,transactions,daily,OBM v0.1.0
2019-11-15,obm_tx_count_daily,325145,transactions,daily,OBM v0.1.0
2019-11-16,obm_tx_count_daily,283468,transactions,daily,OBM v0.1.0
2019-11-17,obm_tx_count_daily,264370,transactions,daily,OBM v0.1.0
2019-11-18,obm_tx_count_daily,304671,transactions,daily,OBM v0.1.0
2019-11-19,obm_tx_count_daily,327630,transactions,daily,OBM v0.1.0
2019-11-20,obm_tx_count_daily,321086,transactions,daily,OBM v0.1.0
2019-11-21,obm_tx_count_daily,323954,transactions,daily,OBM v0.1.0
2019-11-22,obm_tx_count_daily,310539,transactions,daily,OBM v0.1.0
2019-11-23,obm_tx_count_daily,306424,transactions,daily,OBM v0.1.0
2019-11-24,obm_tx_count_daily,267368,transactions,daily,OBM v0.1.0
2019-11-25,obm_tx_count_daily,279470,transactions,daily,OBM v0.1.0
2019-11-26,obm_tx_count_daily,321310,transactions,daily,OBM v0.1.0
2019-11-27,obm_tx_count_daily,317597,transactions,daily,OBM v0.1.0
2019-11-28,obm_tx_count_daily,309623,transactions,daily,OBM v0.1.0
2019-11-29,obm_tx_count_daily,311290,transactions,daily,OBM v0.1.0
2019-11-30,obm_tx_count_daily,277458,transactions,daily,OBM v0.1.0
2019-12-01,obm_tx_count_daily,274621,transactions,daily,OBM v0.1.0
2019-12-02,obm_tx_count_daily,314730,transactions,daily,OBM v0.1.0
2019-12-03,obm_tx_count_daily,336512,transactions,daily,OBM v0.1.0
2019-12-04,obm_tx_count_daily,337284,transactions,daily,OBM v0.1.0
2019-12-05,obm_tx_count_daily,311468,transactions,daily,OBM v0.1.0
2019-12-06,obm_tx_count_daily,315386,transactions,daily,OBM v0.1.0
2019-12-07,obm_tx_count_daily,285284,transactions,daily,OBM v0.1.0
2019-12-08,obm_tx_count_daily,278853,transactions,daily,OBM v0.1.0
2019-12-09,obm_tx_count_daily,313629,transactions,daily,OBM v0.1.0
2019-12-10,obm_tx_count_daily,320064,transactions,daily,OBM v0.1.0
2019-12-11,obm_tx_count_daily,291248,transactions,daily,OBM v0.1.0
2019-12-12,obm_tx_count_daily,311795,transactions,daily,OBM v0.1.0
2019-12-13,obm_tx_count_daily,322888,transactions,daily,OBM v0.1.0
2019-12-14,obm_tx_count_daily,293496,transactions,daily,OBM v0.1.0
2019-12-15,obm_tx_count_daily,263441,transactions,daily,OBM v0.1.0
2019-12-16,obm_tx_count_daily,327085,transactions,daily,OBM v0.1.0
2019-12-17,obm_tx_count_daily,319254,transactions,daily,OBM v0.1.0
2019-12-18,obm_tx_count_daily,314249,transactions,daily,OBM v0.1.0
2019-12-19,obm_tx_count_daily,319555,transactions,daily,OBM v0.1.0
2019-12-20,obm_tx_count_daily,332657,transactions,daily,OBM v0.1.0
2019-12-21,obm_tx_count_daily,311118,transactions,daily,OBM v0.1.0
2019-12-22,obm_tx_count_daily,281070,transactions,daily,OBM v0.1.0
2019-12-23,obm_tx_count_daily,304845,transactions,daily,OBM v0.1.0
2019-12-24,obm_tx_count_daily,290436,transactions,daily,OBM v0.1.0
2019-12-25,obm_tx_count_daily,244666,transactions,daily,OBM v0.1.0
2019-12-26,obm_tx_count_daily,296063,transactions,daily,OBM v0.1.0
2019-12-27,obm_tx_count_daily,322204,transactions,daily,OBM v0.1.0
2019-12-28,obm_tx_count_daily,298287,transactions,daily,OBM v0.1.0
2019-12-29,obm_tx_count_daily,279925,transactions,daily,OBM v0.1.0
2019-12-30,obm_tx_count_daily,324497,transactions,daily,OBM v0.1.0
2019-12-31,obm_tx_count_daily,293447,transactions,daily,OBM v0.1.0
2020-01-01,obm_tx_count_daily,251735,transactions,daily,OBM v0.1.0
2020-01-02,obm_tx_count_daily,295567,transactions,daily,OBM v0.1.0
2020-01-03,obm_tx_count_daily,316517,transactions,daily,OBM v0.1.0
2020-01-04,obm_tx_count_daily,287215,transactions,daily,OBM v0.1.0
2020-01-05,obm_tx_count_daily,287779,transactions,daily,OBM v0.1.0
2020-01-06,obm_tx_count_daily,299146,transactions,daily,OBM v0.1.0
2020-01-07,obm_tx_count_daily,344079,transactions,daily,OBM v0.1.0
2020-01-08,obm_tx_count_daily,318019,transactions,daily,OBM v0.1.0
2020-01-09,obm_tx_count_daily,322057,transactions,daily,OBM v0.1.0
2020-01-10,obm_tx_count_daily,330734,transactions,daily,OBM v0.1.0
2020-01-11,obm_tx_count_daily,309070,transactions,daily,OBM v0.1.0
2020-01-12,obm_tx_count_daily,283136,transactions,daily,OBM v0.1.0
2020-01-13,obm_tx_count_daily,291597,transactions,daily,OBM v0.1.0
2020-01-14,obm_tx_count_daily,346953,transactions,daily,OBM v0.1.0
2020-01-15,obm_tx_count_daily,332658,transactions,daily,OBM v0.1.0
2020-01-16,obm_tx_count_daily,325947,transactions,daily,OBM v0.1.0
2020-01-17,obm_tx_count_daily,323992,transactions,daily,OBM v0.1.0
2020-01-18,obm_tx_count_daily,287237,transactions,daily,OBM v0.1.0
2020-01-19,obm_tx_count_daily,283960,transactions,daily,OBM v0.1.0
2020-01-20,obm_tx_count_daily,313661,transactions,daily,OBM v0.1.0
2020-01-21,obm_tx_count_daily,315210,transactions,daily,OBM v0.1.0
2020-01-22,obm_tx_count_daily,328586,transactions,daily,OBM v0.1.0
2020-01-23,obm_tx_count_daily,329918,transactions,daily,OBM v0.1.0
2020-01-24,obm_tx_count_daily,313887,transactions,daily,OBM v0.1.0
2020-01-25,obm_tx_count_daily,285584,transactions,daily,OBM v0.1.0
2020-01-26,obm_tx_count_daily,261247,transactions,daily,OBM v0.1.0
2020-01-27,obm_tx_count_daily,279240,transactions,daily,OBM v0.1.0
2020-01-28,obm_tx_count_daily,340052,transactions,daily,OBM v0.1.0
2020-01-29,obm_tx_count_daily,340562,transactions,daily,OBM v0.1.0
2020-01-30,obm_tx_count_daily,332558,transactions,daily,OBM v0.1.0
2020-01-31,obm_tx_count_daily,334434,transactions,daily,OBM v0.1.0
2020-02-01,obm_tx_count_daily,303724,transactions,daily,OBM v0.1.0
2020-02-02,obm_tx_count_daily,290879,transactions,daily,OBM v0.1.0
2020-02-03,obm_tx_count_daily,331012,transactions,daily,OBM v0.1.0
2020-02-04,obm_tx_count_daily,309190,transactions,daily,OBM v0.1.0
2020-02-05,obm_tx_count_daily,368604,transactions,daily,OBM v0.1.0
2020-02-06,obm_tx_count_daily,315370,transactions,daily,OBM v0.1.0
2020-02-07,obm_tx_count_daily,334938,transactions,daily,OBM v0.1.0
2020-02-08,obm_tx_count_daily,318363,transactions,daily,OBM v0.1.0
2020-02-09,obm_tx_count_daily,317070,transactions,daily,OBM v0.1.0
2020-02-10,obm_tx_count_daily,298104,transactions,daily,OBM v0.1.0
2020-02-11,obm_tx_count_daily,365583,transactions,daily,OBM v0.1.0
2020-02-12,obm_tx_count_daily,344615,transactions,daily,OBM v0.1.0
2020-02-13,obm_tx_count_daily,340081,transactions,daily,OBM v0.1.0
2020-02-14,obm_tx_count_daily,326078,transactions,daily,OBM v0.1.0
2020-02-15,obm_tx_count_daily,322721,transactions,daily,OBM v0.1.0
2020-02-16,obm_tx_count_daily,292236,transactions,daily,OBM v0.1.0
2020-02-17,obm_tx_count_daily,341491,transactions,daily,OBM v0.1.0
2020-02-18,obm_tx_count_daily,331050,transactions,daily,OBM v0.1.0
2020-02-19,obm_tx_count_daily,334805,transactions,daily,OBM v0.1.0
2020-02-20,obm_tx_count_daily,316626,transactions,daily,OBM v0.1.0
2020-02-21,obm_tx_count_daily,338484,transactions,daily,OBM v0.1.0
2020-02-22,obm_tx_count_daily,304597,transactions,daily,OBM v0.1.0
2020-02-23,obm_tx_count_daily,285579,transactions,daily,OBM v0.1.0
2020-02-24,obm_tx_count_daily,328890,transactions,daily,OBM v0.1.0
2020-02-25,obm_tx_count_daily,334593,transactions,daily,OBM v0.1.0
2020-02-26,obm_tx_count_daily,329967,transactions,daily,OBM v0.1.0
2020-02-27,obm_tx_count_daily,338781,transactions,daily,OBM v0.1.0
2020-02-28,obm_tx_count_daily,368590,transactions,daily,OBM v0.1.0
2020-02-29,obm_tx_count_daily,307527,transactions,daily,OBM v0.1.0
2020-03-01,obm_tx_count_daily,309849,transactions,daily,OBM v0.1.0
2020-03-02,obm_tx_count_daily,342821,transactions,daily,OBM v0.1.0
2020-03-03,obm_tx_count_daily,342324,transactions,daily,OBM v0.1.0
2020-03-04,obm_tx_count_daily,358745,transactions,daily,OBM v0.1.0
2020-03-05,obm_tx_count_daily,349529,transactions,daily,OBM v0.1.0
2020-03-06,obm_tx_count_daily,338383,transactions,daily,OBM v0.1.0
2020-03-07,obm_tx_count_daily,313312,transactions,daily,OBM v0.1.0
2020-03-08,obm_tx_count_daily,302694,transactions,daily,OBM v0.1.0
2020-03-09,obm_tx_count_daily,348211,transactions,daily,OBM v0.1.0
2020-03-10,obm_tx_count_daily,329698,transactions,daily,OBM v0.1.0
2020-03-11,obm_tx_count_daily,287492,transactions,daily,OBM v0.1.0
2020-03-12,obm_tx_count_daily,349978,transactions,daily,OBM v0.1.0
2020-03-13,obm_tx_count_daily,276798,transactions,daily,OBM v0.1.0
2020-03-14,obm_tx_count_daily,279828,transactions,daily,OBM v0.1.0
2020-03-15,obm_tx_count_daily,223230,transactions,daily,OBM v0.1.0
2020-03-16,obm_tx_count_daily,270399,transactions,daily,OBM v0.1.0
2020-03-17,obm_tx_count_daily,278326,transactions,daily,OBM v0.1.0
2020-03-18,obm_tx_count_daily,231254,transactions,daily,OBM v0.1.0
2020-03-19,obm_tx_count_daily,265689,transactions,daily,OBM v0.1.0
2020-03-20,obm_tx_count_daily,284594,transactions,daily,OBM v0.1.0
2020-03-21,obm_tx_count_daily,245896,transactions,daily,OBM v0.1.0
2020-03-22,obm_tx_count_daily,209154,transactions,daily,OBM v0.1.0
2020-03-23,obm_tx_count_daily,259816,transactions,daily,OBM v0.1.0
2020-03-24,obm_tx_count_daily,278131,transactions,daily,OBM v0.1.0
2020-03-25,obm_tx_count_daily,218176,transactions,daily,OBM v0.1.0
2020-03-26,obm_tx_count_daily,292828,transactions,daily,OBM v0.1.0
2020-03-27,obm_tx_count_daily,276546,transactions,daily,OBM v0.1.0
2020-03-28,obm_tx_count_daily,240627,transactions,daily,OBM v0.1.0
2020-03-29,obm_tx_count_daily,232820,transactions,daily,OBM v0.1.0
2020-03-30,obm_tx_count_daily,276828,transactions,daily,OBM v0.1.0
2020-03-31,obm_tx_count_daily,290227,transactions,daily,OBM v0.1.0
2020-04-01,obm_tx_count_daily,281855,transactions,daily,OBM v0.1.0
2020-04-02,obm_tx_count_daily,299176,transactions,daily,OBM v0.1.0
2020-04-03,obm_tx_count_daily,278763,transactions,daily,OBM v0.1.0
2020-04-04,obm_tx_count_daily,253274,transactions,daily,OBM v0.1.0
2020-04-05,obm_tx_count_daily,240259,transactions,daily,OBM v0.1.0
2020-04-06,obm_tx_count_daily,280470,transactions,daily,OBM v0.1.0
2020-04-07,obm_tx_count_daily,312770,transactions,daily,OBM v0.1.0
2020-04-08,obm_tx_count_daily,286563,transactions,daily,OBM v0.1.0
2020-04-09,obm_tx_count_daily,286706,transactions,daily,OBM v0.1.0
2020-04-10,obm_tx_count_daily,288585,transactions,daily,OBM v0.1.0
2020-04-11,obm_tx_count_daily,247852,transactions,daily,OBM v0.1.0
2020-04-12,obm_tx_count_daily,228529,transactions,daily,OBM v0.1.0
2020-04-13,obm_tx_count_daily,288113,transactions,daily,OBM v0.1.0
2020-04-14,obm_tx_count_daily,299391,transactions,daily,OBM v0.1.0
2020-04-15,obm_tx_count_daily,310253,transactions,daily,OBM v0.1.0
2020-04-16,obm_tx_count_daily,322903,transactions,daily,OBM v0.1.0
2020-04-17,obm_tx_count_daily,284222,transactions,daily,OBM v0.1.0
2020-04-18,obm_tx_count_daily,289134,transactions,daily,OBM v0.1.0
2020-04-19,obm_tx_count_daily,251984,transactions,daily,OBM v0.1.0
2020-04-20,obm_tx_count_daily,310810,transactions,daily,OBM v0.1.0
2020-04-21,obm_tx_count_daily,310851,transactions,daily,OBM v0.1.0
2020-04-22,obm_tx_count_daily,278755,transactions,daily,OBM v0.1.0
2020-04-23,obm_tx_count_daily,329045,transactions,daily,OBM v0.1.0
2020-04-24,obm_tx_count_daily,320055,transactions,daily,OBM v0.1.0
2020-04-25,obm_tx_count_daily,280805,transactions,daily,OBM v0.1.0
2020-04-26,obm_tx_count_daily,252833,transactions,daily,OBM v0.1.0
2020-04-27,obm_tx_count_daily,311217,transactions,daily,OBM v0.1.0
2020-04-28,obm_tx_count_daily,323475,transactions,daily,OBM v0.1.0
2020-04-29,obm_tx_count_daily,331401,transactions,daily,OBM v0.1.0
2020-04-30,obm_tx_count_daily,321972,transactions,daily,OBM v0.1.0
2020-05-01,obm_tx_count_daily,340574,transactions,daily,OBM v0.1.0
2020-05-02,obm_tx_count_daily,286773,transactions,daily,OBM v0.1.0
2020-05-03,obm_tx_count_daily,281752,transactions,daily,OBM v0.1.0
2020-05-04,obm_tx_count_daily,326098,transactions,daily,OBM v0.1.0
2020-05-05,obm_tx_count_daily,329075,transactions,daily,OBM v0.1.0
2020-05-06,obm_tx_count_daily,333395,transactions,daily,OBM v0.1.0
2020-05-07,obm_tx_count_daily,341986,transactions,daily,OBM v0.1.0
2020-05-08,obm_tx_count_daily,323625,transactions,daily,OBM v0.1.0
2020-05-09,obm_tx_count_daily,312399,transactions,daily,OBM v0.1.0
2020-05-10,obm_tx_count_daily,286789,transactions,daily,OBM v0.1.0
2020-05-11,obm_tx_count_daily,305839,transactions,daily,OBM v0.1.0
2020-05-12,obm_tx_count_daily,345215,transactions,daily,OBM v0.1.0
2020-05-13,obm_tx_count_daily,296796,transactions,daily,OBM v0.1.0
2020-05-14,obm_tx_count_daily,268750,transactions,daily,OBM v0.1.0
2020-05-15,obm_tx_count_daily,310642,transactions,daily,OBM v0.1.0
2020-05-16,obm_tx_count_daily,296555,transactions,daily,OBM v0.1.0
2020-05-17,obm_tx_count_daily,236808,transactions,daily,OBM v0.1.0
2020-05-18,obm_tx_count_daily,273723,transactions,daily,OBM v0.1.0
2020-05-19,obm_tx_count_daily,274897,transactions,daily,OBM v0.1.0
2020-05-20,obm_tx_count_daily,280037,transactions,daily,OBM v0.1.0
2020-05-21,obm_tx_count_daily,298483,transactions,daily,OBM v0.1.0
2020-05-22,obm_tx_count_daily,278784,transactions,daily,OBM v0.1.0
2020-05-23,obm_tx_count_daily,269230,transactions,daily,OBM v0.1.0
2020-05-24,obm_tx_count_daily,214530,transactions,daily,OBM v0.1.0
2020-05-25,obm_tx_count_daily,265875,transactions,daily,OBM v0.1.0
2020-05-26,obm_tx_count_daily,295782,transactions,daily,OBM v0.1.0
2020-05-27,obm_tx_count_daily,292927,transactions,daily,OBM v0.1.0
2020-05-28,obm_tx_count_daily,299910,transactions,daily,OBM v0.1.0
2020-05-29,obm_tx_count_daily,280960,transactions,daily,OBM v0.1.0
2020-05-30,obm_tx_count_daily,286046,transactions,daily,OBM v0.1.0
2020-05-31,obm_tx_count_daily,258427,transactions,daily,OBM v0.1.0
2020-06-01,obm_tx_count_daily,308312,transactions,daily,OBM v0.1.0
2020-06-02,obm_tx_count_daily,304114,transactions,daily,OBM v0.1.0
2020-06-03,obm_tx_count_daily,314000,transactions,daily,OBM v0.1.0
2020-06-04,obm_tx_count_daily,318285,transactions,daily,OBM v0.1.0
2020-06-05,obm_tx_count_daily,327082,transactions,daily,OBM v0.1.0
2020-06-06,obm_tx_count_daily,284873,transactions,daily,OBM v0.1.0
2020-06-07,obm_tx_count_daily,252368,transactions,daily,OBM v0.1.0
2020-06-08,obm_tx_count_daily,317275,transactions,daily,OBM v0.1.0
2020-06-09,obm_tx_count_daily,327074,transactions,daily,OBM v0.1.0
2020-06-10,obm_tx_count_daily,325163,transactions,daily,OBM v0.1.0
2020-06-11,obm_tx_count_daily,332490,transactions,daily,OBM v0.1.0
2020-06-12,obm_tx_count_daily,318274,transactions,daily,OBM v0.1.0
2020-06-13,obm_tx_count_daily,280181,transactions,daily,OBM v0.1.0
2020-06-14,obm_tx_count_daily,275723,transactions,daily,OBM v0.1.0
2020-06-15,obm_tx_count_daily,294468,transactions,daily,OBM v0.1.0
2020-06-16,obm_tx_count_daily,340517,transactions,daily,OBM v0.1.0
2020-06-17,obm_tx_count_daily,333547,transactions,daily,OBM v0.1.0
2020-06-18,obm_tx_count_daily,280603,transactions,daily,OBM v0.1.0
2020-06-19,obm_tx_count_daily,347436,transactions,daily,OBM v0.1.0
2020-06-20,obm_tx_count_daily,284123,transactions,daily,OBM v0.1.0
2020-06-21,obm_tx_count_daily,259440,transactions,daily,OBM v0.1.0
2020-06-22,obm_tx_count_daily,301396,transactions,daily,OBM v0.1.0
2020-06-23,obm_tx_count_daily,355256,transactions,daily,OBM v0.1.0
2020-06-24,obm_tx_count_daily,312321,transactions,daily,OBM v0.1.0
2020-06-25,obm_tx_count_daily,312183,transactions,daily,OBM v0.1.0
2020-06-26,obm_tx_count_daily,330381,transactions,daily,OBM v0.1.0
2020-06-27,obm_tx_count_daily,275489,transactions,daily,OBM v0.1.0
2020-06-28,obm_tx_count_daily,264909,transactions,daily,OBM v0.1.0
2020-06-29,obm_tx_count_daily,315424,transactions,daily,OBM v0.1.0
2020-06-30,obm_tx_count_daily,299733,transactions,daily,OBM v0.1.0
2020-07-01,obm_tx_count_daily,382570,transactions,daily,OBM v0.1.0
2020-07-02,obm_tx_count_daily,339469,transactions,daily,OBM v0.1.0
2020-07-03,obm_tx_count_daily,331009,transactions,daily,OBM v0.1.0
2020-07-04,obm_tx_count_daily,288647,transactions,daily,OBM v0.1.0
2020-07-05,obm_tx_count_daily,274104,transactions,daily,OBM v0.1.0
2020-07-06,obm_tx_count_daily,338767,transactions,daily,OBM v0.1.0
2020-07-07,obm_tx_count_daily,345975,transactions,daily,OBM v0.1.0
2020-07-08,obm_tx_count_daily,347455,transactions,daily,OBM v0.1.0
2020-07-09,obm_tx_count_daily,362718,transactions,daily,OBM v0.1.0
2020-07-10,obm_tx_count_daily,345996,transactions,daily,OBM v0.1.0
2020-07-11,obm_tx_count_daily,306771,transactions,daily,OBM v0.1.0
2020-07-12,obm_tx_count_daily,282364,transactions,daily,OBM v0.1.0
2020-07-13,obm_tx_count_daily,310227,transactions,daily,OBM v0.1.0
2020-07-14,obm_tx_count_daily,359847,transactions,daily,OBM v0.1.0
2020-07-15,obm_tx_count_daily,316064,transactions,daily,OBM v0.1.0
2020-07-16,obm_tx_count_daily,345849,transactions,daily,OBM v0.1.0
2020-07-17,obm_tx_count_daily,293907,transactions,daily,OBM v0.1.0
2020-07-18,obm_tx_count_daily,311022,transactions,daily,OBM v0.1.0
2020-07-19,obm_tx_count_daily,277093,transactions,daily,OBM v0.1.0
2020-07-20,obm_tx_count_daily,309747,transactions,daily,OBM v0.1.0
2020-07-21,obm_tx_count_daily,312871,transactions,daily,OBM v0.1.0
2020-07-22,obm_tx_count_daily,364792,transactions,daily,OBM v0.1.0
2020-07-23,obm_tx_count_daily,336245,transactions,daily,OBM v0.1.0
2020-07-24,obm_tx_count_daily,369432,transactions,daily,OBM v0.1.0
2020-07-25,obm_tx_count_daily,293883,transactions,daily,OBM v0.1.0
2020-07-26,obm_tx_count_daily,298580,transactions,daily,OBM v0.1.0
2020-07-27,obm_tx_count_daily,326769,transactions,daily,OBM v0.1.0
2020-07-28,obm_tx_count_daily,354742,transactions,daily,OBM v0.1.0
2020-07-29,obm_tx_count_daily,346521,transactions,daily,OBM v0.1.0
2020-07-30,obm_tx_count_daily,327789,transactions,daily,OBM v0.1.0
2020-07-31,obm_tx_count_daily,356906,transactions,daily,OBM v0.1.0
2020-08-01,obm_tx_count_daily,296705,transactions,daily,OBM v0.1.0
2020-08-02,obm_tx_count_daily,287869,transactions,daily,OBM v0.1.0
2020-08-03,obm_tx_count_daily,333753,transactions,daily,OBM v0.1.0
2020-08-04,obm_tx_count_daily,329032,transactions,daily,OBM v0.1.0
2020-08-05,obm_tx_count_daily,291814,transactions,daily,OBM v0.1.0
2020-08-06,obm_tx_count_daily,356612,transactions,daily,OBM v0.1.0
2020-08-07,obm_tx_count_daily,326499,transactions,daily,OBM v0.1.0
2020-08-08,obm_tx_count_daily,283631,transactions,daily,OBM v0.1.0
2020-08-09,obm_tx_count_daily,268402,transactions,daily,OBM v0.1.0
2020-08-10,obm_tx_count_daily,308367,transactions,daily,OBM v0.1.0
2020-08-11,obm_tx_count_daily,349952,transactions,daily,OBM v0.1.0
2020-08-12,obm_tx_count_daily,346405,transactions,daily,OBM v0.1.0
2020-08-13,obm_tx_count_daily,325346,transactions,daily,OBM v0.1.0
2020-08-14,obm_tx_count_daily,365679,transactions,daily,OBM v0.1.0
2020-08-15,obm_tx_count_daily,313760,transactions,daily,OBM v0.1.0
2020-08-16,obm_tx_count_daily,285069,transactions,daily,OBM v0.1.0
2020-08-17,obm_tx_count_daily,292944,transactions,daily,OBM v0.1.0
2020-08-18,obm_tx_count_daily,346036,transactions,daily,OBM v0.1.0
2020-08-19,obm_tx_count_daily,333879,transactions,daily,OBM v0.1.0
2020-08-20,obm_tx_count_daily,333683,transactions,daily,OBM v0.1.0
2020-08-21,obm_tx_count_daily,314297,transactions,daily,OBM v0.1.0
2020-08-22,obm_tx_count_daily,311699,transactions,daily,OBM v0.1.0
2020-08-23,obm_tx_count_daily,288728,transactions,daily,OBM v0.1.0
2020-08-24,obm_tx_count_daily,329133,transactions,daily,OBM v0.1.0
2020-08-25,obm_tx_count_daily,304409,transactions,daily,OBM v0.1.0
2020-08-26,obm_tx_count_daily,324184,transactions,daily,OBM v0.1.0
2020-08-27,obm_tx_count_daily,328157,transactions,daily,OBM v0.1.0
2020-08-28,obm_tx_count_daily,352722,transactions,daily,OBM v0.1.0
2020-08-29,obm_tx_count_daily,292783,transactions,daily,OBM v0.1.0
2020-08-30,obm_tx_count_daily,269114,transactions,daily,OBM v0.1.0
2020-08-31,obm_tx_count_daily,302920,transactions,daily,OBM v0.1.0
2020-09-01,obm_tx_count_daily,376508,transactions,daily,OBM v0.1.0
2020-09-02,obm_tx_count_daily,317449,transactions,daily,OBM v0.1.0
2020-09-03,obm_tx_count_daily,310922,transactions,daily,OBM v0.1.0
2020-09-04,obm_tx_count_daily,298286,transactions,daily,OBM v0.1.0
2020-09-05,obm_tx_count_daily,325523,transactions,daily,OBM v0.1.0
2020-09-06,obm_tx_count_daily,262820,transactions,daily,OBM v0.1.0
2020-09-07,obm_tx_count_daily,327662,transactions,daily,OBM v0.1.0
2020-09-08,obm_tx_count_daily,332668,transactions,daily,OBM v0.1.0
2020-09-09,obm_tx_count_daily,314864,transactions,daily,OBM v0.1.0
2020-09-10,obm_tx_count_daily,345981,transactions,daily,OBM v0.1.0
2020-09-11,obm_tx_count_daily,308323,transactions,daily,OBM v0.1.0
2020-09-12,obm_tx_count_daily,300152,transactions,daily,OBM v0.1.0
2020-09-13,obm_tx_count_daily,255110,transactions,daily,OBM v0.1.0
2020-09-14,obm_tx_count_daily,354020,transactions,daily,OBM v0.1.0
2020-09-15,obm_tx_count_daily,332957,transactions,daily,OBM v0.1.0
2020-09-16,obm_tx_count_daily,342609,transactions,daily,OBM v0.1.0
2020-09-17,obm_tx_count_daily,348581,transactions,daily,OBM v0.1.0
2020-09-18,obm_tx_count_daily,325157,transactions,daily,OBM v0.1.0
2020-09-19,obm_tx_count_daily,296357,transactions,daily,OBM v0.1.0
2020-09-20,obm_tx_count_daily,259095,transactions,daily,OBM v0.1.0
2020-09-21,obm_tx_count_daily,297605,transactions,daily,OBM v0.1.0
2020-09-22,obm_tx_count_daily,312989,transactions,daily,OBM v0.1.0
2020-09-23,obm_tx_count_daily,349938,transactions,daily,OBM v0.1.0
2020-09-24,obm_tx_count_daily,316552,transactions,daily,OBM v0.1.0
2020-09-25,obm_tx_count_daily,353070,transactions,daily,OBM v0.1.0
2020-09-26,obm_tx_count_daily,276162,transactions,daily,OBM v0.1.0
2020-09-27,obm_tx_count_daily,259382,transactions,daily,OBM v0.1.0
2020-09-28,obm_tx_count_daily,295476,transactions,daily,OBM v0.1.0
2020-09-29,obm_tx_count_daily,347696,transactions,daily,OBM v0.1.0
2020-09-30,obm_tx_count_daily,351417,transactions,daily,OBM v0.1.0
2020-10-01,obm_tx_count_daily,304757,transactions,daily,OBM v0.1.0
2020-10-02,obm_tx_count_daily,315443,transactions,daily,OBM v0.1.0
2020-10-03,obm_tx_count_daily,310855,transactions,daily,OBM v0.1.0
2020-10-04,obm_tx_count_daily,268019,transactions,daily,OBM v0.1.0
2020-10-05,obm_tx_count_daily,294986,transactions,daily,OBM v0.1.0
2020-10-06,obm_tx_count_daily,317922,transactions,daily,OBM v0.1.0
2020-10-07,obm_tx_count_daily,370554,transactions,daily,OBM v0.1.0
2020-10-08,obm_tx_count_daily,330227,transactions,daily,OBM v0.1.0
2020-10-09,obm_tx_count_daily,339343,transactions,daily,OBM v0.1.0
2020-10-10,obm_tx_count_daily,298486,transactions,daily,OBM v0.1.0
2020-10-11,obm_tx_count_daily,256096,transactions,daily,OBM v0.1.0
2020-10-12,obm_tx_count_daily,314174,transactions,daily,OBM v0.1.0
2020-10-13,obm_tx_count_daily,333215,transactions,daily,OBM v0.1.0
2020-10-14,obm_tx_count_daily,314541,transactions,daily,OBM v0.1.0
2020-10-15,obm_tx_count_daily,340993,transactions,daily,OBM v0.1.0
2020-10-16,obm_tx_count_daily,324647,transactions,daily,OBM v0.1.0
2020-10-17,obm_tx_count_daily,275069,transactions,daily,OBM v0.1.0
2020-10-18,obm_tx_count_daily,231557,transactions,daily,OBM v0.1.0
2020-10-19,obm_tx_count_daily,303929,transactions,daily,OBM v0.1.0
2020-10-20,obm_tx_count_daily,330563,transactions,daily,OBM v0.1.0
2020-10-21,obm_tx_count_daily,311292,transactions,daily,OBM v0.1.0
2020-10-22,obm_tx_count_daily,339087,transactions,daily,OBM v0.1.0
2020-10-23,obm_tx_count_daily,323869,transactions,daily,OBM v0.1.0
2020-10-24,obm_tx_count_daily,306774,transactions,daily,OBM v0.1.0
2020-10-25,obm_tx_count_daily,242273,transactions,daily,OBM v0.1.0
2020-10-26,obm_tx_count_daily,252494,transactions,daily,OBM v0.1.0
2020-10-27,obm_tx_count_daily,251938,transactions,daily,OBM v0.1.0
2020-10-28,obm_tx_count_daily,261340,transactions,daily,OBM v0.1.0
2020-10-29,obm_tx_count_daily,276070,transactions,daily,OBM v0.1.0
2020-10-30,obm_tx_count_daily,268364,transactions,daily,OBM v0.1.0
2020-10-31,obm_tx_count_daily,275796,transactions,daily,OBM v0.1.0
2020-11-01,obm_tx_count_daily,276280,transactions,daily,OBM v0.1.0
2020-11-02,obm_tx_count_daily,224609,transactions,daily,OBM v0.1.0
2020-11-03,obm_tx_count_daily,331673,transactions,daily,OBM v0.1.0
2020-11-04,obm_tx_count_daily,320697,transactions,daily,OBM v0.1.0
2020-11-05,obm_tx_count_daily,318668,transactions,daily,OBM v0.1.0
2020-11-06,obm_tx_count_daily,340351,transactions,daily,OBM v0.1.0
2020-11-07,obm_tx_count_daily,270901,transactions,daily,OBM v0.1.0
2020-11-08,obm_tx_count_daily,243047,transactions,daily,OBM v0.1.0
2020-11-09,obm_tx_count_daily,326383,transactions,daily,OBM v0.1.0
2020-11-10,obm_tx_count_daily,303270,transactions,daily,OBM v0.1.0
2020-11-11,obm_tx_count_daily,322277,transactions,daily,OBM v0.1.0
2020-11-12,obm_tx_count_daily,324855,transactions,daily,OBM v0.1.0
2020-11-13,obm_tx_count_daily,300040,transactions,daily,OBM v0.1.0
2020-11-14,obm_tx_count_daily,273511,transactions,daily,OBM v0.1.0
2020-11-15,obm_tx_count_daily,252715,transactions,daily,OBM v0.1.0
2020-11-16,obm_tx_count_daily,311477,transactions,daily,OBM v0.1.0
2020-11-17,obm_tx_count_daily,347772,transactions,daily,OBM v0.1.0
2020-11-18,obm_tx_count_daily,362007,transactions,daily,OBM v0.1.0
2020-11-19,obm_tx_count_daily,311061,transactions,daily,OBM v0.1.0
2020-11-20,obm_tx_count_daily,348026,transactions,daily,OBM v0.1.0
2020-11-21,obm_tx_count_daily,311189,transactions,daily,OBM v0.1.0
2020-11-22,obm_tx_count_daily,271125,transactions,daily,OBM v0.1.0
2020-11-23,obm_tx_count_daily,297840,transactions,daily,OBM v0.1.0
2020-11-24,obm_tx_count_daily,333293,transactions,daily,OBM v0.1.0
2020-11-25,obm_tx_count_daily,361990,transactions,daily,OBM v0.1.0
2020-11-26,obm_tx_count_daily,323975,transactions,daily,OBM v0.1.0
2020-11-27,obm_tx_count_daily,322445,transactions,daily,OBM v0.1.0
2020-11-28,obm_tx_count_daily,293949,transactions,daily,OBM v0.1.0
2020-11-29,obm_tx_count_daily,263573,transactions,daily,OBM v0.1.0
2020-11-30,obm_tx_count_daily,256551,transactions,daily,OBM v0.1.0
2020-12-01,obm_tx_count_daily,378068,transactions,daily,OBM v0.1.0
2020-12-02,obm_tx_count_daily,327019,transactions,daily,OBM v0.1.0
2020-12-03,obm_tx_count_daily,346921,transactions,daily,OBM v0.1.0
2020-12-04,obm_tx_count_daily,318894,transactions,daily,OBM v0.1.0
2020-12-05,obm_tx_count_daily,282599,transactions,daily,OBM v0.1.0
2020-12-06,obm_tx_count_daily,258624,transactions,daily,OBM v0.1.0
2020-12-07,obm_tx_count_daily,300906,transactions,daily,OBM v0.1.0
2020-12-08,obm_tx_count_daily,330970,transactions,daily,OBM v0.1.0
2020-12-09,obm_tx_count_daily,321079,transactions,daily,OBM v0.1.0
2020-12-10,obm_tx_count_daily,313649,transactions,daily,OBM v0.1.0
2020-12-11,obm_tx_count_daily,304735,transactions,daily,OBM v0.1.0
2020-12-12,obm_tx_count_daily,295410,transactions,daily,OBM v0.1.0
2020-12-13,obm_tx_count_daily,276160,transactions,daily,OBM v0.1.0
2020-12-14,obm_tx_count_daily,314350,transactions,daily,OBM v0.1.0
2020-12-15,obm_tx_count_daily,320440,transactions,daily,OBM v0.1.0
2020-12-16,obm_tx_count_daily,315217,transactions,daily,OBM v0.1.0
2020-12-17,obm_tx_count_daily,309481,transactions,daily,OBM v0.1.0
2020-12-18,obm_tx_count_daily,375549,transactions,daily,OBM v0.1.0
2020-12-19,obm_tx_count_daily,343536,transactions,daily,OBM v0.1.0
2020-12-20,obm_tx_count_daily,282043,transactions,daily,OBM v0.1.0
2020-12-21,obm_tx_count_daily,269834,transactions,daily,OBM v0.1.0
2020-12-22,obm_tx_count_daily,324163,transactions,daily,OBM v0.1.0
2020-12-23,obm_tx_count_daily,338463,transactions,daily,OBM v0.1.0
2020-12-24,obm_tx_count_daily,269559,transactions,daily,OBM v0.1.0
2020-12-25,obm_tx_count_daily,303901,transactions,daily,OBM v0.1.0
2020-12-26,obm_tx_count_daily,273954,transactions,daily,OBM v0.1.0
2020-12-27,obm_tx_count_daily,309005,transactions,daily,OBM v0.1.0
2020-12-28,obm_tx_count_daily,308983,transactions,daily,OBM v0.1.0
2020-12-29,obm_tx_count_daily,336311,transactions,daily,OBM v0.1.0
2020-12-30,obm_tx_count_daily,338258,transactions,daily,OBM v0.1.0
2020-12-31,obm_tx_count_daily,344918,transactions,daily,OBM v0.1.0
2021-01-01,obm_tx_count_daily,258080,transactions,daily,OBM v0.1.0
2021-01-02,obm_tx_count_daily,297111,transactions,daily,OBM v0.1.0
2021-01-03,obm_tx_count_daily,359116,transactions,daily,OBM v0.1.0
2021-01-04,obm_tx_count_daily,373734,transactions,daily,OBM v0.1.0
2021-01-05,obm_tx_count_daily,354091,transactions,daily,OBM v0.1.0
2021-01-06,obm_tx_count_daily,397384,transactions,daily,OBM v0.1.0
2021-01-07,obm_tx_count_daily,401744,transactions,daily,OBM v0.1.0
2021-01-08,obm_tx_count_daily,358526,transactions,daily,OBM v0.1.0
2021-01-09,obm_tx_count_daily,321389,transactions,daily,OBM v0.1.0
2021-01-10,obm_tx_count_daily,331865,transactions,daily,OBM v0.1.0
2021-01-11,obm_tx_count_daily,333958,transactions,daily,OBM v0.1.0
2021-01-12,obm_tx_count_daily,336627,transactions,daily,OBM v0.1.0
2021-01-13,obm_tx_count_daily,319167,transactions,daily,OBM v0.1.0
2021-01-14,obm_tx_count_daily,338809,transactions,daily,OBM v0.1.0
2021-01-15,obm_tx_count_daily,344002,transactions,daily,OBM v0.1.0
2021-01-16,obm_tx_count_daily,308461,transactions,daily,OBM v0.1.0
2021-01-17,obm_tx_count_daily,271874,transactions,daily,OBM v0.1.0
2021-01-18,obm_tx_count_daily,313816,transactions,daily,OBM v0.1.0
2021-01-19,obm_tx_count_daily,325083,transactions,daily,OBM v0.1.0
2021-01-20,obm_tx_count_daily,314809,transactions,daily,OBM v0.1.0
2021-01-21,obm_tx_count_daily,290754,transactions,daily,OBM v0.1.0
2021-01-22,obm_tx_count_daily,323868,transactions,daily,OBM v0.1.0
2021-01-23,obm_tx_count_daily,308276,transactions,daily,OBM v0.1.0
2021-01-24,obm_tx_count_daily,253971,transactions,daily,OBM v0.1.0
2021-01-25,obm_tx_count_daily,309102,transactions,daily,OBM v0.1.0
2021-01-26,obm_tx_count_daily,336935,transactions,daily,OBM v0.1.0
2021-01-27,obm_tx_count_daily,323553,transactions,daily,OBM v0.1.0
2021-01-28,obm_tx_count_daily,325146,transactions,daily,OBM v0.1.0
2021-01-29,obm_tx_count_daily,341036,transactions,daily,OBM v0.1.0
2021-01-30,obm_tx_count_daily,312313,transactions,daily,OBM v0.1.0
2021-01-31,obm_tx_count_daily,290753,transactions,daily,OBM v0.1.0
2021-02-01,obm_tx_count_daily,277579,transactions,daily,OBM v0.1.0
2021-02-02,obm_tx_count_daily,367835,transactions,daily,OBM v0.1.0
2021-02-03,obm_tx_count_daily,344425,transactions,daily,OBM v0.1.0
2021-02-04,obm_tx_count_daily,367788,transactions,daily,OBM v0.1.0
2021-02-05,obm_tx_count_daily,360541,transactions,daily,OBM v0.1.0
2021-02-06,obm_tx_count_daily,333886,transactions,daily,OBM v0.1.0
2021-02-07,obm_tx_count_daily,286364,transactions,daily,OBM v0.1.0
2021-02-08,obm_tx_count_daily,335223,transactions,daily,OBM v0.1.0
2021-02-09,obm_tx_count_daily,360137,transactions,daily,OBM v0.1.0
2021-02-10,obm_tx_count_daily,340758,transactions,daily,OBM v0.1.0
2021-02-11,obm_tx_count_daily,304739,transactions,daily,OBM v0.1.0
2021-02-12,obm_tx_count_daily,343306,transactions,daily,OBM v0.1.0
2021-02-13,obm_tx_count_daily,336624,transactions,daily,OBM v0.1.0
2021-02-14,obm_tx_count_daily,295428,transactions,daily,OBM v0.1.0
2021-02-15,obm_tx_count_daily,311322,transactions,daily,OBM v0.1.0
2021-02-16,obm_tx_count_daily,296388,transactions,daily,OBM v0.1.0
2021-02-17,obm_tx_count_daily,317666,transactions,daily,OBM v0.1.0
2021-02-18,obm_tx_count_daily,316952,transactions,daily,OBM v0.1.0
2021-02-19,obm_tx_count_daily,341586,transactions,daily,OBM v0.1.0
2021-02-20,obm_tx_count_daily,320475,transactions,daily,OBM v0.1.0
2021-02-21,obm_tx_count_daily,271645,transactions,daily,OBM v0.1.0
2021-02-22,obm_tx_count_daily,285383,transactions,daily,OBM v0.1.0
2021-02-23,obm_tx_count_daily,287884,transactions,daily,OBM v0.1.0
2021-02-24,obm_tx_count_daily,358092,transactions,daily,OBM v0.1.0
2021-02-25,obm_tx_count_daily,326116,transactions,daily,OBM v0.1.0
2021-02-26,obm_tx_count_daily,306416,transactions,daily,OBM v0.1.0
2021-02-27,obm_tx_count_daily,320784,transactions,daily,OBM v0.1.0
2021-02-28,obm_tx_count_daily,254316,transactions,daily,OBM v0.1.0
2021-03-01,obm_tx_count_daily,280485,transactions,daily,OBM v0.1.0
2021-03-02,obm_tx_count_daily,338150,transactions,daily,OBM v0.1.0
2021-03-03,obm_tx_count_daily,333402,transactions,daily,OBM v0.1.0
2021-03-04,obm_tx_count_daily,289631,transactions,daily,OBM v0.1.0
2021-03-05,obm_tx_count_daily,317780,transactions,daily,OBM v0.1.0
2021-03-06,obm_tx_count_daily,287963,transactions,daily,OBM v0.1.0
2021-03-07,obm_tx_count_daily,260739,transactions,daily,OBM v0.1.0
2021-03-08,obm_tx_count_daily,291955,transactions,daily,OBM v0.1.0
2021-03-09,obm_tx_count_daily,299682,transactions,daily,OBM v0.1.0
2021-03-10,obm_tx_count_daily,344688,transactions,daily,OBM v0.1.0
2021-03-11,obm_tx_count_daily,291245,transactions,daily,OBM v0.1.0
2021-03-12,obm_tx_count_daily,320744,transactions,daily,OBM v0.1.0
2021-03-13,obm_tx_count_daily,277072,transactions,daily,OBM v0.1.0
2021-03-14,obm_tx_count_daily,308050,transactions,daily,OBM v0.1.0
2021-03-15,obm_tx_count_daily,292231,transactions,daily,OBM v0.1.0
2021-03-16,obm_tx_count_daily,319493,transactions,daily,OBM v0.1.0
2021-03-17,obm_tx_count_daily,296119,transactions,daily,OBM v0.1.0
2021-03-18,obm_tx_count_daily,331718,transactions,daily,OBM v0.1.0
2021-03-19,obm_tx_count_daily,316180,transactions,daily,OBM v0.1.0
2021-03-20,obm_tx_count_daily,286948,transactions,daily,OBM v0.1.0
2021-03-21,obm_tx_count_daily,234936,transactions,daily,OBM v0.1.0
2021-03-22,obm_tx_count_daily,297410,transactions,daily,OBM v0.1.0
2021-03-23,obm_tx_count_daily,314234,transactions,daily,OBM v0.1.0
2021-03-24,obm_tx_count_daily,305093,transactions,daily,OBM v0.1.0
2021-03-25,obm_tx_count_daily,318562,transactions,daily,OBM v0.1.0
2021-03-26,obm_tx_count_daily,293610,transactions,daily,OBM v0.1.0
2021-03-27,obm_tx_count_daily,288259,transactions,daily,OBM v0.1.0
2021-03-28,obm_tx_count_daily,248605,transactions,daily,OBM v0.1.0
2021-03-29,obm_tx_count_daily,303305,transactions,daily,OBM v0.1.0
2021-03-30,obm_tx_count_daily,321090,transactions,daily,OBM v0.1.0
2021-03-31,obm_tx_count_daily,332749,transactions,daily,OBM v0.1.0
2021-04-01,obm_tx_count_daily,311939,transactions,daily,OBM v0.1.0
2021-04-02,obm_tx_count_daily,305788,transactions,daily,OBM v0.1.0
2021-04-03,obm_tx_count_daily,281717,transactions,daily,OBM v0.1.0
2021-04-04,obm_tx_count_daily,246007,transactions,daily,OBM v0.1.0
2021-04-05,obm_tx_count_daily,289046,transactions,daily,OBM v0.1.0
2021-04-06,obm_tx_count_daily,309565,transactions,daily,OBM v0.1.0
2021-04-07,obm_tx_count_daily,321319,transactions,daily,OBM v0.1.0
2021-04-08,obm_tx_count_daily,278534,transactions,daily,OBM v0.1.0
2021-04-09,obm_tx_count_daily,324720,transactions,daily,OBM v0.1.0
2021-04-10,obm_tx_count_daily,299086,transactions,daily,OBM v0.1.0
2021-04-11,obm_tx_count_daily,253449,transactions,daily,OBM v0.1.0
2021-04-12,obm_tx_count_daily,291369,transactions,daily,OBM v0.1.0
2021-04-13,obm_tx_count_daily,310213,transactions,daily,OBM v0.1.0
2021-04-14,obm_tx_count_daily,297494,transactions,daily,OBM v0.1.0
2021-04-15,obm_tx_count_daily,359440,transactions,daily,OBM v0.1.0
2021-04-16,obm_tx_count_daily,219704,transactions,daily,OBM v0.1.0
2021-04-17,obm_tx_count_daily,194580,transactions,daily,OBM v0.1.0
2021-04-18,obm_tx_count_daily,274735,transactions,daily,OBM v0.1.0
2021-04-19,obm_tx_count_daily,208413,transactions,daily,OBM v0.1.0
2021-04-20,obm_tx_count_daily,279977,transactions,daily,OBM v0.1.0
2021-04-21,obm_tx_count_daily,226021,transactions,daily,OBM v0.1.0
2021-04-22,obm_tx_count_daily,274610,transactions,daily,OBM v0.1.0
2021-04-23,obm_tx_count_daily,295731,transactions,daily,OBM v0.1.0
2021-04-24,obm_tx_count_daily,290690,transactions,daily,OBM v0.1.0
2021-04-25,obm_tx_count_daily,241041,transactions,daily,OBM v0.1.0
2021-04-26,obm_tx_count_daily,240687,transactions,daily,OBM v0.1.0
2021-04-27,obm_tx_count_daily,298109,transactions,daily,OBM v0.1.0
2021-04-28,obm_tx_count_daily,277126,transactions,daily,OBM v0.1.0
2021-04-29,obm_tx_count_daily,259465,transactions,daily,OBM v0.1.0
2021-04-30,obm_tx_count_daily,289389,transactions,daily,OBM v0.1.0
2021-05-01,obm_tx_count_daily,262991,transactions,daily,OBM v0.1.0
2021-05-02,obm_tx_count_daily,235214,transactions,daily,OBM v0.1.0
2021-05-03,obm_tx_count_daily,287007,transactions,daily,OBM v0.1.0
2021-05-04,obm_tx_count_daily,300824,transactions,daily,OBM v0.1.0
2021-05-05,obm_tx_count_daily,309774,transactions,daily,OBM v0.1.0
2021-05-06,obm_tx_count_daily,311380,transactions,daily,OBM v0.1.0
2021-05-07,obm_tx_count_daily,307988,transactions,daily,OBM v0.1.0
2021-05-08,obm_tx_count_daily,274691,transactions,daily,OBM v0.1.0
2021-05-09,obm_tx_count_daily,247866,transactions,daily,OBM v0.1.0
2021-05-10,obm_tx_count_daily,303297,transactions,daily,OBM v0.1.0
2021-05-11,obm_tx_count_daily,312115,transactions,daily,OBM v0.1.0
2021-05-12,obm_tx_count_daily,300452,transactions,daily,OBM v0.1.0
2021-05-13,obm_tx_count_daily,276472,transactions,daily,OBM v0.1.0
2021-05-14,obm_tx_count_daily,266055,transactions,daily,OBM v0.1.0
2021-05-15,obm_tx_count_daily,232099,transactions,daily,OBM v0.1.0
2021-05-16,obm_tx_count_daily,219435,transactions,daily,OBM v0.1.0
2021-05-17,obm_tx_count_daily,250910,transactions,daily,OBM v0.1.0
2021-05-18,obm_tx_count_daily,221018,transactions,daily,OBM v0.1.0
2021-05-19,obm_tx_count_daily,263419,transactions,daily,OBM v0.1.0
2021-05-20,obm_tx_count_daily,228039,transactions,daily,OBM v0.1.0
2021-05-21,obm_tx_count_daily,226351,transactions,daily,OBM v0.1.0
2021-05-22,obm_tx_count_daily,223800,transactions,daily,OBM v0.1.0
2021-05-23,obm_tx_count_daily,194320,transactions,daily,OBM v0.1.0
2021-05-24,obm_tx_count_daily,234755,transactions,daily,OBM v0.1.0
2021-05-25,obm_tx_count_daily,233644,transactions,daily,OBM v0.1.0
2021-05-26,obm_tx_count_daily,230753,transactions,daily,OBM v0.1.0
2021-05-27,obm_tx_count_daily,214035,transactions,daily,OBM v0.1.0
2021-05-28,obm_tx_count_daily,218311,transactions,daily,OBM v0.1.0
2021-05-29,obm_tx_count_daily,198332,transactions,daily,OBM v0.1.0
2021-05-30,obm_tx_count_daily,179795,transactions,daily,OBM v0.1.0
2021-05-31,obm_tx_count_daily,226469,transactions,daily,OBM v0.1.0
2021-06-01,obm_tx_count_daily,234561,transactions,daily,OBM v0.1.0
2021-06-02,obm_tx_count_daily,250589,transactions,daily,OBM v0.1.0
2021-06-03,obm_tx_count_daily,255621,transactions,daily,OBM v0.1.0
2021-06-04,obm_tx_count_daily,236672,transactions,daily,OBM v0.1.0
2021-06-05,obm_tx_count_daily,194580,transactions,daily,OBM v0.1.0
2021-06-06,obm_tx_count_daily,185305,transactions,daily,OBM v0.1.0
2021-06-07,obm_tx_count_daily,235479,transactions,daily,OBM v0.1.0
2021-06-08,obm_tx_count_daily,246906,transactions,daily,OBM v0.1.0
2021-06-09,obm_tx_count_daily,210911,transactions,daily,OBM v0.1.0
2021-06-10,obm_tx_count_daily,252983,transactions,daily,OBM v0.1.0
2021-06-11,obm_tx_count_daily,216502,transactions,daily,OBM v0.1.0
2021-06-12,obm_tx_count_daily,222774,transactions,daily,OBM v0.1.0
2021-06-13,obm_tx_count_daily,187098,transactions,daily,OBM v0.1.0
2021-06-14,obm_tx_count_daily,242416,transactions,daily,OBM v0.1.0
2021-06-15,obm_tx_count_daily,241861,transactions,daily,OBM v0.1.0
2021-06-16,obm_tx_count_daily,252937,transactions,daily,OBM v0.1.0
2021-06-17,obm_tx_count_daily,237725,transactions,daily,OBM v0.1.0
2021-06-18,obm_tx_count_daily,222918,transactions,daily,OBM v0.1.0
2021-06-19,obm_tx_count_daily,187042,transactions,daily,OBM v0.1.0
2021-06-20,obm_tx_count_daily,167249,transactions,daily,OBM v0.1.0
2021-06-21,obm_tx_count_daily,205050,transactions,daily,OBM v0.1.0
2021-06-22,obm_tx_count_daily,196523,transactions,daily,OBM v0.1.0
2021-06-23,obm_tx_count_daily,232704,transactions,daily,OBM v0.1.0
2021-06-24,obm_tx_count_daily,233278,transactions,daily,OBM v0.1.0
2021-06-25,obm_tx_count_daily,218245,transactions,daily,OBM v0.1.0
2021-06-26,obm_tx_count_daily,181628,transactions,daily,OBM v0.1.0
2021-06-27,obm_tx_count_daily,121538,transactions,daily,OBM v0.1.0
2021-06-28,obm_tx_count_daily,221000,transactions,daily,OBM v0.1.0
2021-06-29,obm_tx_count_daily,205616,transactions,daily,OBM v0.1.0
2021-06-30,obm_tx_count_daily,215304,transactions,daily,OBM v0.1.0
2021-07-01,obm_tx_count_daily,233683,transactions,daily,OBM v0.1.0
2021-07-02,obm_tx_count_daily,188568,transactions,daily,OBM v0.1.0
2021-07-03,obm_tx_count_daily,237463,transactions,daily,OBM v0.1.0
2021-07-04,obm_tx_count_daily,171850,transactions,daily,OBM v0.1.0
2021-07-05,obm_tx_count_daily,223760,transactions,daily,OBM v0.1.0
2021-07-06,obm_tx_count_daily,228279,transactions,daily,OBM v0.1.0
2021-07-07,obm_tx_count_daily,221227,transactions,daily,OBM v0.1.0
2021-07-08,obm_tx_count_daily,230719,transactions,daily,OBM v0.1.0
2021-07-09,obm_tx_count_daily,227511,transactions,daily,OBM v0.1.0
2021-07-10,obm_tx_count_daily,187263,transactions,daily,OBM v0.1.0
2021-07-11,obm_tx_count_daily,166144,transactions,daily,OBM v0.1.0
2021-07-12,obm_tx_count_daily,220269,transactions,daily,OBM v0.1.0
2021-07-13,obm_tx_count_daily,229916,transactions,daily,OBM v0.1.0
2021-07-14,obm_tx_count_daily,236217,transactions,daily,OBM v0.1.0
2021-07-15,obm_tx_count_daily,226234,transactions,daily,OBM v0.1.0
2021-07-16,obm_tx_count_daily,223466,transactions,daily,OBM v0.1.0
2021-07-17,obm_tx_count_daily,182047,transactions,daily,OBM v0.1.0
2021-07-18,obm_tx_count_daily,161122,transactions,daily,OBM v0.1.0
2021-07-19,obm_tx_count_daily,226803,transactions,daily,OBM v0.1.0
2021-07-20,obm_tx_count_daily,230509,transactions,daily,OBM v0.1.0
2021-07-21,obm_tx_count_daily,235680,transactions,daily,OBM v0.1.0
2021-07-22,obm_tx_count_daily,230282,transactions,daily,OBM v0.1.0
2021-07-23,obm_tx_count_daily,231130,transactions,daily,OBM v0.1.0
2021-07-24,obm_tx_count_daily,198091,transactions,daily,OBM v0.1.0
2021-07-25,obm_tx_count_daily,174535,transactions,daily,OBM v0.1.0
2021-07-26,obm_tx_count_daily,261950,transactions,daily,OBM v0.1.0
2021-07-27,obm_tx_count_daily,255221,transactions,daily,OBM v0.1.0
2021-07-28,obm_tx_count_daily,251223,transactions,daily,OBM v0.1.0
2021-07-29,obm_tx_count_daily,262612,transactions,daily,OBM v0.1.0
2021-07-30,obm_tx_count_daily,255417,transactions,daily,OBM v0.1.0
2021-07-31,obm_tx_count_daily,207348,transactions,daily,OBM v0.1.0
2021-08-01,obm_tx_count_daily,185157,transactions,daily,OBM v0.1.0
2021-08-02,obm_tx_count_daily,239277,transactions,daily,OBM v0.1.0
2021-08-03,obm_tx_count_daily,246198,transactions,daily,OBM v0.1.0
2021-08-04,obm_tx_count_daily,239596,transactions,daily,OBM v0.1.0
2021-08-05,obm_tx_count_daily,246175,transactions,daily,OBM v0.1.0
2021-08-06,obm_tx_count_daily,260810,transactions,daily,OBM v0.1.0
2021-08-07,obm_tx_count_daily,212229,transactions,daily,OBM v0.1.0
2021-08-08,obm_tx_count_daily,191623,transactions,daily,OBM v0.1.0
2021-08-09,obm_tx_count_daily,252660,transactions,daily,OBM v0.1.0
2021-08-10,obm_tx_count_daily,260968,transactions,daily,OBM v0.1.0
2021-08-11,obm_tx_count_daily,262437,transactions,daily,OBM v0.1.0
2021-08-12,obm_tx_count_daily,250961,transactions,daily,OBM v0.1.0
2021-08-13,obm_tx_count_daily,260624,transactions,daily,OBM v0.1.0
2021-08-14,obm_tx_count_daily,209074,transactions,daily,OBM v0.1.0
2021-08-15,obm_tx_count_daily,186239,transactions,daily,OBM v0.1.0
2021-08-16,obm_tx_count_daily,263529,transactions,daily,OBM v0.1.0
2021-08-17,obm_tx_count_daily,257766,transactions,daily,OBM v0.1.0
2021-08-18,obm_tx_count_daily,247333,transactions,daily,OBM v0.1.0
2021-08-19,obm_tx_count_daily,253447,transactions,daily,OBM v0.1.0
2021-08-20,obm_tx_count_daily,271837,transactions,daily,OBM v0.1.0
2021-08-21,obm_tx_count_daily,219407,transactions,daily,OBM v0.1.0
2021-08-22,obm_tx_count_daily,190631,transactions,daily,OBM v0.1.0
2021-08-23,obm_tx_count_daily,270736,transactions,daily,OBM v0.1.0
2021-08-24,obm_tx_count_daily,263984,transactions,daily,OBM v0.1.0
2021-08-25,obm_tx_count_daily,263009,transactions,daily,OBM v0.1.0
2021-08-26,obm_tx_count_daily,258590,transactions,daily,OBM v0.1.0
2021-08-27,obm_tx_count_daily,256813,transactions,daily,OBM v0.1.0
2021-08-28,obm_tx_count_daily,218268,transactions,daily,OBM v0.1.0
2021-08-29,obm_tx_count_daily,191650,transactions,daily,OBM v0.1.0
2021-08-30,obm_tx_count_daily,250955,transactions,daily,OBM v0.1.0
2021-08-31,obm_tx_count_daily,271163,transactions,daily,OBM v0.1.0
2021-09-01,obm_tx_count_daily,280865,transactions,daily,OBM v0.1.0
2021-09-02,obm_tx_count_daily,289900,transactions,daily,OBM v0.1.0
2021-09-03,obm_tx_count_daily,283991,transactions,daily,OBM v0.1.0
2021-09-04,obm_tx_count_daily,227732,transactions,daily,OBM v0.1.0
2021-09-05,obm_tx_count_daily,205066,transactions,daily,OBM v0.1.0
2021-09-06,obm_tx_count_daily,268877,transactions,daily,OBM v0.1.0
2021-09-07,obm_tx_count_daily,276624,transactions,daily,OBM v0.1.0
2021-09-08,obm_tx_count_daily,270483,transactions,daily,OBM v0.1.0
2021-09-09,obm_tx_count_daily,274384,transactions,daily,OBM v0.1.0
2021-09-10,obm_tx_count_daily,261371,transactions,daily,OBM v0.1.0
2021-09-11,obm_tx_count_daily,218445,transactions,daily,OBM v0.1.0
2021-09-12,obm_tx_count_daily,192691,transactions,daily,OBM v0.1.0
2021-09-13,obm_tx_count_daily,255970,transactions,daily,OBM v0.1.0
2021-09-14,obm_tx_count_daily,268127,transactions,daily,OBM v0.1.0
2021-09-15,obm_tx_count_daily,268957,transactions,daily,OBM v0.1.0
2021-09-16,obm_tx_count_daily,271223,transactions,daily,OBM v0.1.0
2021-09-17,obm_tx_count_daily,271040,transactions,daily,OBM v0.1.0
2021-09-18,obm_tx_count_daily,227661,transactions,daily,OBM v0.1.0
2021-09-19,obm_tx_count_daily,200516,transactions,daily,OBM v0.1.0
2021-09-20,obm_tx_count_daily,270233,transactions,daily,OBM v0.1.0
2021-09-21,obm_tx_count_daily,244568,transactions,daily,OBM v0.1.0
2021-09-22,obm_tx_count_daily,275235,transactions,daily,OBM v0.1.0
2021-09-23,obm_tx_count_daily,268689,transactions,daily,OBM v0.1.0
2021-09-24,obm_tx_count_daily,277565,transactions,daily,OBM v0.1.0
2021-09-25,obm_tx_count_daily,212575,transactions,daily,OBM v0.1.0
2021-09-26,obm_tx_count_daily,195560,transactions,daily,OBM v0.1.0
2021-09-27,obm_tx_count_daily,255873,transactions,daily,OBM v0.1.0
2021-09-28,obm_tx_count_daily,262292,transactions,daily,OBM v0.1.0
2021-09-29,obm_tx_count_daily,241991,transactions,daily,OBM v0.1.0
2021-09-30,obm_tx_count_daily,293074,transactions,daily,OBM v0.1.0
2021-10-01,obm_tx_count_daily,277042,transactions,daily,OBM v0.1.0
2021-10-02,obm_tx_count_daily,259961,transactions,daily,OBM v0.1.0
2021-10-03,obm_tx_count_daily,218112,transactions,daily,OBM v0.1.0
2021-10-04,obm_tx_count_daily,268955,transactions,daily,OBM v0.1.0
2021-10-05,obm_tx_count_daily,312538,transactions,daily,OBM v0.1.0
2021-10-06,obm_tx_count_daily,267749,transactions,daily,OBM v0.1.0
2021-10-07,obm_tx_count_daily,325875,transactions,daily,OBM v0.1.0
2021-10-08,obm_tx_count_daily,280028,transactions,daily,OBM v0.1.0
2021-10-09,obm_tx_count_daily,246189,transactions,daily,OBM v0.1.0
2021-10-10,obm_tx_count_daily,211506,transactions,daily,OBM v0.1.0
2021-10-11,obm_tx_count_daily,280184,transactions,daily,OBM v0.1.0
2021-10-12,obm_tx_count_daily,274155,transactions,daily,OBM v0.1.0
2021-10-13,obm_tx_count_daily,288916,transactions,daily,OBM v0.1.0
2021-10-14,obm_tx_count_daily,282383,transactions,daily,OBM v0.1.0
2021-10-15,obm_tx_count_daily,297746,transactions,daily,OBM v0.1.0
2021-10-16,obm_tx_count_daily,270052,transactions,daily,OBM v0.1.0
2021-10-17,obm_tx_count_daily,215883,transactions,daily,OBM v0.1.0
2021-10-18,obm_tx_count_daily,285368,transactions,daily,OBM v0.1.0
2021-10-19,obm_tx_count_daily,312018,transactions,daily,OBM v0.1.0
2021-10-20,obm_tx_count_daily,291813,transactions,daily,OBM v0.1.0
2021-10-21,obm_tx_count_daily,320743,transactions,daily,OBM v0.1.0
2021-10-22,obm_tx_count_daily,287550,transactions,daily,OBM v0.1.0
2021-10-23,obm_tx_count_daily,223941,transactions,daily,OBM v0.1.0
2021-10-24,obm_tx_count_daily,211220,transactions,daily,OBM v0.1.0
2021-10-25,obm_tx_count_daily,284680,transactions,daily,OBM v0.1.0
2021-10-26,obm_tx_count_daily,294029,transactions,daily,OBM v0.1.0
2021-10-27,obm_tx_count_daily,292114,transactions,daily,OBM v0.1.0
2021-10-28,obm_tx_count_daily,295558,transactions,daily,OBM v0.1.0
2021-10-29,obm_tx_count_daily,305733,transactions,daily,OBM v0.1.0
2021-10-30,obm_tx_count_daily,252061,transactions,daily,OBM v0.1.0
2021-10-31,obm_tx_count_daily,217435,transactions,daily,OBM v0.1.0
2021-11-01,obm_tx_count_daily,293282,transactions,daily,OBM v0.1.0
2021-11-02,obm_tx_count_daily,297402,transactions,daily,OBM v0.1.0
2021-11-03,obm_tx_count_daily,288746,transactions,daily,OBM v0.1.0
2021-11-04,obm_tx_count_daily,289141,transactions,daily,OBM v0.1.0
2021-11-05,obm_tx_count_daily,285946,transactions,daily,OBM v0.1.0
2021-11-06,obm_tx_count_daily,236233,transactions,daily,OBM v0.1.0
2021-11-07,obm_tx_count_daily,226128,transactions,daily,OBM v0.1.0
2021-11-08,obm_tx_count_daily,285806,transactions,daily,OBM v0.1.0
2021-11-09,obm_tx_count_daily,335411,transactions,daily,OBM v0.1.0
2021-11-10,obm_tx_count_daily,301025,transactions,daily,OBM v0.1.0
2021-11-11,obm_tx_count_daily,293665,transactions,daily,OBM v0.1.0
2021-11-12,obm_tx_count_daily,282049,transactions,daily,OBM v0.1.0
2021-11-13,obm_tx_count_daily,238634,transactions,daily,OBM v0.1.0
2021-11-14,obm_tx_count_daily,224016,transactions,daily,OBM v0.1.0
2021-11-15,obm_tx_count_daily,288435,transactions,daily,OBM v0.1.0
2021-11-16,obm_tx_count_daily,301103,transactions,daily,OBM v0.1.0
2021-11-17,obm_tx_count_daily,290390,transactions,daily,OBM v0.1.0
2021-11-18,obm_tx_count_daily,293867,transactions,daily,OBM v0.1.0
2021-11-19,obm_tx_count_daily,284719,transactions,daily,OBM v0.1.0
2021-11-20,obm_tx_count_daily,249652,transactions,daily,OBM v0.1.0
2021-11-21,obm_tx_count_daily,222949,transactions,daily,OBM v0.1.0
2021-11-22,obm_tx_count_daily,279165,transactions,daily,OBM v0.1.0
2021-11-23,obm_tx_count_daily,283401,transactions,daily,OBM v0.1.0
2021-11-24,obm_tx_count_daily,298909,transactions,daily,OBM v0.1.0
2021-11-25,obm_tx_count_daily,287496,transactions,daily,OBM v0.1.0
2021-11-26,obm_tx_count_daily,292645,transactions,daily,OBM v0.1.0
2021-11-27,obm_tx_count_daily,240759,transactions,daily,OBM v0.1.0
2021-11-28,obm_tx_count_daily,213768,transactions,daily,OBM v0.1.0
2021-11-29,obm_tx_count_daily,301297,transactions,daily,OBM v0.1.0
2021-11-30,obm_tx_count_daily,293876,transactions,daily,OBM v0.1.0
2021-12-01,obm_tx_count_daily,288422,transactions,daily,OBM v0.1.0
2021-12-02,obm_tx_count_daily,313261,transactions,daily,OBM v0.1.0
2021-12-03,obm_tx_count_daily,290139,transactions,daily,OBM v0.1.0
2021-12-04,obm_tx_count_daily,253674,transactions,daily,OBM v0.1.0
2021-12-05,obm_tx_count_daily,215213,transactions,daily,OBM v0.1.0
2021-12-06,obm_tx_count_daily,284467,transactions,daily,OBM v0.1.0
2021-12-07,obm_tx_count_daily,288343,transactions,daily,OBM v0.1.0
2021-12-08,obm_tx_count_daily,266110,transactions,daily,OBM v0.1.0
2021-12-09,obm_tx_count_daily,282775,transactions,daily,OBM v0.1.0
2021-12-10,obm_tx_count_daily,271375,transactions,daily,OBM v0.1.0
2021-12-11,obm_tx_count_daily,225733,transactions,daily,OBM v0.1.0
2021-12-12,obm_tx_count_daily,214808,transactions,daily,OBM v0.1.0
2021-12-13,obm_tx_count_daily,278211,transactions,daily,OBM v0.1.0
2021-12-14,obm_tx_count_daily,278275,transactions,daily,OBM v0.1.0
2021-12-15,obm_tx_count_daily,281103,transactions,daily,OBM v0.1.0
2021-12-16,obm_tx_count_daily,256206,transactions,daily,OBM v0.1.0
2021-12-17,obm_tx_count_daily,263495,transactions,daily,OBM v0.1.0
2021-12-18,obm_tx_count_daily,239170,transactions,daily,OBM v0.1.0
2021-12-19,obm_tx_count_daily,206719,transactions,daily,OBM v0.1.0
2021-12-20,obm_tx_count_daily,266947,transactions,daily,OBM v0.1.0
2021-12-21,obm_tx_count_daily,304713,transactions,daily,OBM v0.1.0
2021-12-22,obm_tx_count_daily,288495,transactions,daily,OBM v0.1.0
2021-12-23,obm_tx_count_daily,291799,transactions,daily,OBM v0.1.0
2021-12-24,obm_tx_count_daily,260565,transactions,daily,OBM v0.1.0
2021-12-25,obm_tx_count_daily,207803,transactions,daily,OBM v0.1.0
2021-12-26,obm_tx_count_daily,198574,transactions,daily,OBM v0.1.0
2021-12-27,obm_tx_count_daily,249548,transactions,daily,OBM v0.1.0
2021-12-28,obm_tx_count_daily,265422,transactions,daily,OBM v0.1.0
2021-12-29,obm_tx_count_daily,276083,transactions,daily,OBM v0.1.0
2021-12-30,obm_tx_count_daily,245021,transactions,daily,OBM v0.1.0
2021-12-31,obm_tx_count_daily,269540,transactions,daily,OBM v0.1.0
2022-01-01,obm_tx_count_daily,186834,transactions,daily,OBM v0.1.0
2022-01-02,obm_tx_count_daily,196865,transactions,daily,OBM v0.1.0
2022-01-03,obm_tx_count_daily,234793,transactions,daily,OBM v0.1.0
2022-01-04,obm_tx_count_daily,274544,transactions,daily,OBM v0.1.0
2022-01-05,obm_tx_count_daily,272155,transactions,daily,OBM v0.1.0
2022-01-06,obm_tx_count_daily,264899,transactions,daily,OBM v0.1.0
2022-01-07,obm_tx_count_daily,255381,transactions,daily,OBM v0.1.0
2022-01-08,obm_tx_count_daily,223920,transactions,daily,OBM v0.1.0
2022-01-09,obm_tx_count_daily,210143,transactions,daily,OBM v0.1.0
2022-01-10,obm_tx_count_daily,266743,transactions,daily,OBM v0.1.0
2022-01-11,obm_tx_count_daily,277698,transactions,daily,OBM v0.1.0
2022-01-12,obm_tx_count_daily,271933,transactions,daily,OBM v0.1.0
2022-01-13,obm_tx_count_daily,274515,transactions,daily,OBM v0.1.0
2022-01-14,obm_tx_count_daily,270882,transactions,daily,OBM v0.1.0
2022-01-15,obm_tx_count_daily,234373,transactions,daily,OBM v0.1.0
2022-01-16,obm_tx_count_daily,216151,transactions,daily,OBM v0.1.0
2022-01-17,obm_tx_count_daily,258141,transactions,daily,OBM v0.1.0
2022-01-18,obm_tx_count_daily,265057,transactions,daily,OBM v0.1.0
2022-01-19,obm_tx_count_daily,270334,transactions,daily,OBM v0.1.0
2022-01-20,obm_tx_count_daily,271265,transactions,daily,OBM v0.1.0
2022-01-21,obm_tx_count_daily,272348,transactions,daily,OBM v0.1.0
2022-01-22,obm_tx_count_daily,250294,transactions,daily,OBM v0.1.0
2022-01-23,obm_tx_count_daily,203986,transactions,daily,OBM v0.1.0
2022-01-24,obm_tx_count_daily,270712,transactions,daily,OBM v0.1.0
2022-01-25,obm_tx_count_daily,265128,transactions,daily,OBM v0.1.0
2022-01-26,obm_tx_count_daily,261070,transactions,daily,OBM v0.1.0
2022-01-27,obm_tx_count_daily,255925,transactions,daily,OBM v0.1.0
2022-01-28,obm_tx_count_daily,264609,transactions,daily,OBM v0.1.0
2022-01-29,obm_tx_count_daily,231038,transactions,daily,OBM v0.1.0
2022-01-30,obm_tx_count_daily,207173,transactions,daily,OBM v0.1.0
2022-01-31,obm_tx_count_daily,263410,transactions,daily,OBM v0.1.0
2022-02-01,obm_tx_count_daily,272984,transactions,daily,OBM v0.1.0
2022-02-02,obm_tx_count_daily,278985,transactions,daily,OBM v0.1.0
2022-02-03,obm_tx_count_daily,265344,transactions,daily,OBM v0.1.0
2022-02-04,obm_tx_count_daily,247946,transactions,daily,OBM v0.1.0
2022-02-05,obm_tx_count_daily,258646,transactions,daily,OBM v0.1.0
2022-02-06,obm_tx_count_daily,219196,transactions,daily,OBM v0.1.0
2022-02-07,obm_tx_count_daily,262034,transactions,daily,OBM v0.1.0
2022-02-08,obm_tx_count_daily,276850,transactions,daily,OBM v0.1.0
2022-02-09,obm_tx_count_daily,265804,transactions,daily,OBM v0.1.0
2022-02-10,obm_tx_count_daily,260813,transactions,daily,OBM v0.1.0
2022-02-11,obm_tx_count_daily,258595,transactions,daily,OBM v0.1.0
2022-02-12,obm_tx_count_daily,228189,transactions,daily,OBM v0.1.0
2022-02-13,obm_tx_count_daily,208977,transactions,daily,OBM v0.1.0
2022-02-14,obm_tx_count_daily,247592,transactions,daily,OBM v0.1.0
2022-02-15,obm_tx_count_daily,273623,transactions,daily,OBM v0.1.0
2022-02-16,obm_tx_count_daily,266788,transactions,daily,OBM v0.1.0
2022-02-17,obm_tx_count_daily,255573,transactions,daily,OBM v0.1.0
2022-02-18,obm_tx_count_daily,261055,transactions,daily,OBM v0.1.0
2022-02-19,obm_tx_count_daily,220673,transactions,daily,OBM v0.1.0
2022-02-20,obm_tx_count_daily,200535,transactions,daily,OBM v0.1.0
2022-02-21,obm_tx_count_daily,237402,transactions,daily,OBM v0.1.0
2022-02-22,obm_tx_count_daily,260265,transactions,daily,OBM v0.1.0
2022-02-23,obm_tx_count_daily,251275,transactions,daily,OBM v0.1.0
2022-02-24,obm_tx_count_daily,254139,transactions,daily,OBM v0.1.0
2022-02-25,obm_tx_count_daily,260340,transactions,daily,OBM v0.1.0
2022-02-26,obm_tx_count_daily,220423,transactions,daily,OBM v0.1.0
2022-02-27,obm_tx_count_daily,211164,transactions,daily,OBM v0.1.0
2022-02-28,obm_tx_count_daily,270918,transactions,daily,OBM v0.1.0
2022-03-01,obm_tx_count_daily,280634,transactions,daily,OBM v0.1.0
2022-03-02,obm_tx_count_daily,288657,transactions,daily,OBM v0.1.0
2022-03-03,obm_tx_count_daily,268244,transactions,daily,OBM v0.1.0
2022-03-04,obm_tx_count_daily,262101,transactions,daily,OBM v0.1.0
2022-03-05,obm_tx_count_daily,225321,transactions,daily,OBM v0.1.0
2022-03-06,obm_tx_count_daily,207116,transactions,daily,OBM v0.1.0
2022-03-07,obm_tx_count_daily,255441,transactions,daily,OBM v0.1.0
2022-03-08,obm_tx_count_daily,255771,transactions,daily,OBM v0.1.0
2022-03-09,obm_tx_count_daily,272805,transactions,daily,OBM v0.1.0
2022-03-10,obm_tx_count_daily,261553,transactions,daily,OBM v0.1.0
2022-03-11,obm_tx_count_daily,252383,transactions,daily,OBM v0.1.0
2022-03-12,obm_tx_count_daily,225148,transactions,daily,OBM v0.1.0
2022-03-13,obm_tx_count_daily,208092,transactions,daily,OBM v0.1.0
2022-03-14,obm_tx_count_daily,259592,transactions,daily,OBM v0.1.0
2022-03-15,obm_tx_count_daily,263178,transactions,daily,OBM v0.1.0
2022-03-16,obm_tx_count_daily,276390,transactions,daily,OBM v0.1.0
2022-03-17,obm_tx_count_daily,278800,transactions,daily,OBM v0.1.0
2022-03-18,obm_tx_count_daily,261318,transactions,daily,OBM v0.1.0
2022-03-19,obm_tx_count_daily,242424,transactions,daily,OBM v0.1.0
2022-03-20,obm_tx_count_daily,210547,transactions,daily,OBM v0.1.0
2022-03-21,obm_tx_count_daily,259912,transactions,daily,OBM v0.1.0
2022-03-22,obm_tx_count_daily,264569,transactions,daily,OBM v0.1.0
2022-03-23,obm_tx_count_daily,264182,transactions,daily,OBM v0.1.0
2022-03-24,obm_tx_count_daily,262987,transactions,daily,OBM v0.1.0
2022-03-25,obm_tx_count_daily,290719,transactions,daily,OBM v0.1.0
2022-03-26,obm_tx_count_daily,231031,transactions,daily,OBM v0.1.0
2022-03-27,obm_tx_count_daily,218202,transactions,daily,OBM v0.1.0
2022-03-28,obm_tx_count_daily,293304,transactions,daily,OBM v0.1.0
2022-03-29,obm_tx_count_daily,286940,transactions,daily,OBM v0.1.0
2022-03-30,obm_tx_count_daily,272864,transactions,daily,OBM v0.1.0
2022-03-31,obm_tx_count_daily,279210,transactions,daily,OBM v0.1.0
2022-04-01,obm_tx_count_daily,284105,transactions,daily,OBM v0.1.0
2022-04-02,obm_tx_count_daily,254442,transactions,daily,OBM v0.1.0
2022-04-03,obm_tx_count_daily,225564,transactions,daily,OBM v0.1.0
2022-04-04,obm_tx_count_daily,275106,transactions,daily,OBM v0.1.0
2022-04-05,obm_tx_count_daily,273430,transactions,daily,OBM v0.1.0
2022-04-06,obm_tx_count_daily,273640,transactions,daily,OBM v0.1.0
2022-04-07,obm_tx_count_daily,269404,transactions,daily,OBM v0.1.0
2022-04-08,obm_tx_count_daily,266805,transactions,daily,OBM v0.1.0
2022-04-09,obm_tx_count_daily,232792,transactions,daily,OBM v0.1.0
2022-04-10,obm_tx_count_daily,216446,transactions,daily,OBM v0.1.0
2022-04-11,obm_tx_count_daily,276623,transactions,daily,OBM v0.1.0
2022-04-12,obm_tx_count_daily,278839,transactions,daily,OBM v0.1.0
2022-04-13,obm_tx_count_daily,276968,transactions,daily,OBM v0.1.0
2022-04-14,obm_tx_count_daily,265537,transactions,daily,OBM v0.1.0
2022-04-15,obm_tx_count_daily,254831,transactions,daily,OBM v0.1.0
2022-04-16,obm_tx_count_daily,225486,transactions,daily,OBM v0.1.0
2022-04-17,obm_tx_count_daily,207324,transactions,daily,OBM v0.1.0
2022-04-18,obm_tx_count_daily,246421,transactions,daily,OBM v0.1.0
2022-04-19,obm_tx_count_daily,273168,transactions,daily,OBM v0.1.0
2022-04-20,obm_tx_count_daily,285655,transactions,daily,OBM v0.1.0
2022-04-21,obm_tx_count_daily,282438,transactions,daily,OBM v0.1.0
2022-04-22,obm_tx_count_daily,260930,transactions,daily,OBM v0.1.0
2022-04-23,obm_tx_count_daily,234978,transactions,daily,OBM v0.1.0
2022-04-24,obm_tx_count_daily,221992,transactions,daily,OBM v0.1.0
2022-04-25,obm_tx_count_daily,277417,transactions,daily,OBM v0.1.0
2022-04-26,obm_tx_count_daily,273297,transactions,daily,OBM v0.1.0
2022-04-27,obm_tx_count_daily,287105,transactions,daily,OBM v0.1.0
2022-04-28,obm_tx_count_daily,275765,transactions,daily,OBM v0.1.0
2022-04-29,obm_tx_count_daily,286563,transactions,daily,OBM v0.1.0
2022-04-30,obm_tx_count_daily,261630,transactions,daily,OBM v0.1.0
2022-05-01,obm_tx_count_daily,232322,transactions,daily,OBM v0.1.0
2022-05-02,obm_tx_count_daily,272206,transactions,daily,OBM v0.1.0
2022-05-03,obm_tx_count_daily,277895,transactions,daily,OBM v0.1.0
2022-05-04,obm_tx_count_daily,233045,transactions,daily,OBM v0.1.0
2022-05-05,obm_tx_count_daily,315759,transactions,daily,OBM v0.1.0
2022-05-06,obm_tx_count_daily,286887,transactions,daily,OBM v0.1.0
2022-05-07,obm_tx_count_daily,231623,transactions,daily,OBM v0.1.0
2022-05-08,obm_tx_count_daily,233892,transactions,daily,OBM v0.1.0
2022-05-09,obm_tx_count_daily,279511,transactions,daily,OBM v0.1.0
2022-05-10,obm_tx_count_daily,279658,transactions,daily,OBM v0.1.0
2022-05-11,obm_tx_count_daily,262683,transactions,daily,OBM v0.1.0
2022-05-12,obm_tx_count_daily,274204,transactions,daily,OBM v0.1.0
2022-05-13,obm_tx_count_daily,269880,transactions,daily,OBM v0.1.0
2022-05-14,obm_tx_count_daily,290225,transactions,daily,OBM v0.1.0
2022-05-15,obm_tx_count_daily,235433,transactions,daily,OBM v0.1.0
2022-05-16,obm_tx_count_daily,272134,transactions,daily,OBM v0.1.0
2022-05-17,obm_tx_count_daily,278496,transactions,daily,OBM v0.1.0
2022-05-18,obm_tx_count_daily,262907,transactions,daily,OBM v0.1.0
2022-05-19,obm_tx_count_daily,262479,transactions,daily,OBM v0.1.0
2022-05-20,obm_tx_count_daily,267034,transactions,daily,OBM v0.1.0
2022-05-21,obm_tx_count_daily,225225,transactions,daily,OBM v0.1.0
2022-05-22,obm_tx_count_daily,209047,transactions,daily,OBM v0.1.0
2022-05-23,obm_tx_count_daily,265106,transactions,daily,OBM v0.1.0
2022-05-24,obm_tx_count_daily,235866,transactions,daily,OBM v0.1.0
2022-05-25,obm_tx_count_daily,288842,transactions,daily,OBM v0.1.0
2022-05-26,obm_tx_count_daily,262367,transactions,daily,OBM v0.1.0
2022-05-27,obm_tx_count_daily,270453,transactions,daily,OBM v0.1.0
2022-05-28,obm_tx_count_daily,226794,transactions,daily,OBM v0.1.0
2022-05-29,obm_tx_count_daily,207859,transactions,daily,OBM v0.1.0
2022-05-30,obm_tx_count_daily,271819,transactions,daily,OBM v0.1.0
2022-05-31,obm_tx_count_daily,276273,transactions,daily,OBM v0.1.0
2022-06-01,obm_tx_count_daily,272165,transactions,daily,OBM v0.1.0
2022-06-02,obm_tx_count_daily,264901,transactions,daily,OBM v0.1.0
2022-06-03,obm_tx_count_daily,267517,transactions,daily,OBM v0.1.0
2022-06-04,obm_tx_count_daily,218629,transactions,daily,OBM v0.1.0
2022-06-05,obm_tx_count_daily,201341,transactions,daily,OBM v0.1.0
2022-06-06,obm_tx_count_daily,268921,transactions,daily,OBM v0.1.0
2022-06-07,obm_tx_count_daily,263641,transactions,daily,OBM v0.1.0
2022-06-08,obm_tx_count_daily,261597,transactions,daily,OBM v0.1.0
2022-06-09,obm_tx_count_daily,262105,transactions,daily,OBM v0.1.0
2022-06-10,obm_tx_count_daily,261856,transactions,daily,OBM v0.1.0
2022-06-11,obm_tx_count_daily,230002,transactions,daily,OBM v0.1.0
2022-06-12,obm_tx_count_daily,215473,transactions,daily,OBM v0.1.0
2022-06-13,obm_tx_count_daily,272503,transactions,daily,OBM v0.1.0
2022-06-14,obm_tx_count_daily,283231,transactions,daily,OBM v0.1.0
2022-06-15,obm_tx_count_daily,296312,transactions,daily,OBM v0.1.0
2022-06-16,obm_tx_count_daily,251253,transactions,daily,OBM v0.1.0
2022-06-17,obm_tx_count_daily,251574,transactions,daily,OBM v0.1.0
2022-06-18,obm_tx_count_daily,247890,transactions,daily,OBM v0.1.0
2022-06-19,obm_tx_count_daily,199777,transactions,daily,OBM v0.1.0
2022-06-20,obm_tx_count_daily,236636,transactions,daily,OBM v0.1.0
2022-06-21,obm_tx_count_daily,254438,transactions,daily,OBM v0.1.0
2022-06-22,obm_tx_count_daily,255472,transactions,daily,OBM v0.1.0
2022-06-23,obm_tx_count_daily,255213,transactions,daily,OBM v0.1.0
2022-06-24,obm_tx_count_daily,254348,transactions,daily,OBM v0.1.0
2022-06-25,obm_tx_count_daily,218017,transactions,daily,OBM v0.1.0
2022-06-26,obm_tx_count_daily,206755,transactions,daily,OBM v0.1.0
2022-06-27,obm_tx_count_daily,258883,transactions,daily,OBM v0.1.0
2022-06-28,obm_tx_count_daily,248080,transactions,daily,OBM v0.1.0
2022-06-29,obm_tx_count_daily,265079,transactions,daily,OBM v0.1.0
2022-06-30,obm_tx_count_daily,271213,transactions,daily,OBM v0.1.0
2022-07-01,obm_tx_count_daily,271874,transactions,daily,OBM v0.1.0
2022-07-02,obm_tx_count_daily,235096,transactions,daily,OBM v0.1.0
2022-07-03,obm_tx_count_daily,206333,transactions,daily,OBM v0.1.0
2022-07-04,obm_tx_count_daily,240385,transactions,daily,OBM v0.1.0
2022-07-05,obm_tx_count_daily,245829,transactions,daily,OBM v0.1.0
2022-07-06,obm_tx_count_daily,267118,transactions,daily,OBM v0.1.0
2022-07-07,obm_tx_count_daily,281435,transactions,daily,OBM v0.1.0
2022-07-08,obm_tx_count_daily,268331,transactions,daily,OBM v0.1.0
2022-07-09,obm_tx_count_daily,220708,transactions,daily,OBM v0.1.0
2022-07-10,obm_tx_count_daily,199369,transactions,daily,OBM v0.1.0
2022-07-11,obm_tx_count_daily,229482,transactions,daily,OBM v0.1.0
2022-07-12,obm_tx_count_daily,275378,transactions,daily,OBM v0.1.0
2022-07-13,obm_tx_count_daily,222657,transactions,daily,OBM v0.1.0
2022-07-14,obm_tx_count_daily,286894,transactions,daily,OBM v0.1.0
2022-07-15,obm_tx_count_daily,269269,transactions,daily,OBM v0.1.0
2022-07-16,obm_tx_count_daily,226638,transactions,daily,OBM v0.1.0
2022-07-17,obm_tx_count_daily,202157,transactions,daily,OBM v0.1.0
2022-07-18,obm_tx_count_daily,247895,transactions,daily,OBM v0.1.0
2022-07-19,obm_tx_count_daily,279950,transactions,daily,OBM v0.1.0
2022-07-20,obm_tx_count_daily,260195,transactions,daily,OBM v0.1.0
2022-07-21,obm_tx_count_daily,273976,transactions,daily,OBM v0.1.0
2022-07-22,obm_tx_count_daily,263276,transactions,daily,OBM v0.1.0
2022-07-23,obm_tx_count_daily,223744,transactions,daily,OBM v0.1.0
2022-07-24,obm_tx_count_daily,199919,transactions,daily,OBM v0.1.0
2022-07-25,obm_tx_count_daily,253417,transactions,daily,OBM v0.1.0
2022-07-26,obm_tx_count_daily,264861,transactions,daily,OBM v0.1.0
2022-07-27,obm_tx_count_daily,255930,transactions,daily,OBM v0.1.0
2022-07-28,obm_tx_count_daily,287254,transactions,daily,OBM v0.1.0
2022-07-29,obm_tx_count_daily,281608,transactions,daily,OBM v0.1.0
2022-07-30,obm_tx_count_daily,232696,transactions,daily,OBM v0.1.0
2022-07-31,obm_tx_count_daily,209042,transactions,daily,OBM v0.1.0
2022-08-01,obm_tx_count_daily,249610,transactions,daily,OBM v0.1.0
2022-08-02,obm_tx_count_daily,266968,transactions,daily,OBM v0.1.0
2022-08-03,obm_tx_count_daily,282037,transactions,daily,OBM v0.1.0
2022-08-04,obm_tx_count_daily,279707,transactions,daily,OBM v0.1.0
2022-08-05,obm_tx_count_daily,268463,transactions,daily,OBM v0.1.0
2022-08-06,obm_tx_count_daily,237677,transactions,daily,OBM v0.1.0
2022-08-07,obm_tx_count_daily,196161,transactions,daily,OBM v0.1.0
2022-08-08,obm_tx_count_daily,256582,transactions,daily,OBM v0.1.0
2022-08-09,obm_tx_count_daily,256233,transactions,daily,OBM v0.1.0
2022-08-10,obm_tx_count_daily,264566,transactions,daily,OBM v0.1.0
2022-08-11,obm_tx_count_daily,287356,transactions,daily,OBM v0.1.0
2022-08-12,obm_tx_count_daily,273661,transactions,daily,OBM v0.1.0
2022-08-13,obm_tx_count_daily,233308,transactions,daily,OBM v0.1.0
2022-08-14,obm_tx_count_daily,205350,transactions,daily,OBM v0.1.0
2022-08-15,obm_tx_count_daily,241934,transactions,daily,OBM v0.1.0
2022-08-16,obm_tx_count_daily,273896,transactions,daily,OBM v0.1.0
2022-08-17,obm_tx_count_daily,256127,transactions,daily,OBM v0.1.0
2022-08-18,obm_tx_count_daily,291921,transactions,daily,OBM v0.1.0
2022-08-19,obm_tx_count_daily,279910,transactions,daily,OBM v0.1.0
2022-08-20,obm_tx_count_daily,222722,transactions,daily,OBM v0.1.0
2022-08-21,obm_tx_count_daily,205435,transactions,daily,OBM v0.1.0
2022-08-22,obm_tx_count_daily,250534,transactions,daily,OBM v0.1.0
2022-08-23,obm_tx_count_daily,256928,transactions,daily,OBM v0.1.0
2022-08-24,obm_tx_count_daily,256606,transactions,daily,OBM v0.1.0
2022-08-25,obm_tx_count_daily,260460,transactions,daily,OBM v0.1.0
2022-08-26,obm_tx_count_daily,262722,transactions,daily,OBM v0.1.0
2022-08-27,obm_tx_count_daily,225420,transactions,daily,OBM v0.1.0
2022-08-28,obm_tx_count_daily,202109,transactions,daily,OBM v0.1.0
2022-08-29,obm_tx_count_daily,252235,transactions,daily,OBM v0.1.0
2022-08-30,obm_tx_count_daily,262445,transactions,daily,OBM v0.1.0
2022-08-31,obm_tx_count_daily,260425,transactions,daily,OBM v0.1.0
2022-09-01,obm_tx_count_daily,268022,transactions,daily,OBM v0.1.0
2022-09-02,obm_tx_count_daily,270588,transactions,daily,OBM v0.1.0
2022-09-03,obm_tx_count_daily,242597,transactions,daily,OBM v0.1.0
2022-09-04,obm_tx_count_daily,204538,transactions,daily,OBM v0.1.0
2022-09-05,obm_tx_count_daily,250179,transactions,daily,OBM v0.1.0
2022-09-06,obm_tx_count_daily,268125,transactions,daily,OBM v0.1.0
2022-09-07,obm_tx_count_daily,265239,transactions,daily,OBM v0.1.0
2022-09-08,obm_tx_count_daily,262863,transactions,daily,OBM v0.1.0
2022-09-09,obm_tx_count_daily,290849,transactions,daily,OBM v0.1.0
2022-09-10,obm_tx_count_daily,241936,transactions,daily,OBM v0.1.0
2022-09-11,obm_tx_count_daily,220361,transactions,daily,OBM v0.1.0
2022-09-12,obm_tx_count_daily,268971,transactions,daily,OBM v0.1.0
2022-09-13,obm_tx_count_daily,260108,transactions,daily,OBM v0.1.0
2022-09-14,obm_tx_count_daily,270309,transactions,daily,OBM v0.1.0
2022-09-15,obm_tx_count_daily,277041,transactions,daily,OBM v0.1.0
2022-09-16,obm_tx_count_daily,261361,transactions,daily,OBM v0.1.0
2022-09-17,obm_tx_count_daily,247863,transactions,daily,OBM v0.1.0
2022-09-18,obm_tx_count_daily,212396,transactions,daily,OBM v0.1.0
2022-09-19,obm_tx_count_daily,253795,transactions,daily,OBM v0.1.0
2022-09-20,obm_tx_count_daily,269773,transactions,daily,OBM v0.1.0
2022-09-21,obm_tx_count_daily,260924,transactions,daily,OBM v0.1.0
2022-09-22,obm_tx_count_daily,245794,transactions,daily,OBM v0.1.0
2022-09-23,obm_tx_count_daily,281419,transactions,daily,OBM v0.1.0
2022-09-24,obm_tx_count_daily,228040,transactions,daily,OBM v0.1.0
2022-09-25,obm_tx_count_daily,212009,transactions,daily,OBM v0.1.0
2022-09-26,obm_tx_count_daily,259311,transactions,daily,OBM v0.1.0
2022-09-27,obm_tx_count_daily,271117,transactions,daily,OBM v0.1.0
2022-09-28,obm_tx_count_daily,264048,transactions,daily,OBM v0.1.0
2022-09-29,obm_tx_count_daily,267342,transactions,daily,OBM v0.1.0
2022-09-30,obm_tx_count_daily,286672,transactions,daily,OBM v0.1.0
2022-10-01,obm_tx_count_daily,241993,transactions,daily,OBM v0.1.0
2022-10-02,obm_tx_count_daily,213646,transactions,daily,OBM v0.1.0
2022-10-03,obm_tx_count_daily,273820,transactions,daily,OBM v0.1.0
2022-10-04,obm_tx_count_daily,278744,transactions,daily,OBM v0.1.0
2022-10-05,obm_tx_count_daily,267021,transactions,daily,OBM v0.1.0
2022-10-06,obm_tx_count_daily,278204,transactions,daily,OBM v0.1.0
2022-10-07,obm_tx_count_daily,270191,transactions,daily,OBM v0.1.0
2022-10-08,obm_tx_count_daily,235498,transactions,daily,OBM v0.1.0
2022-10-09,obm_tx_count_daily,211238,transactions,daily,OBM v0.1.0
2022-10-10,obm_tx_count_daily,258286,transactions,daily,OBM v0.1.0
2022-10-11,obm_tx_count_daily,266451,transactions,daily,OBM v0.1.0
2022-10-12,obm_tx_count_daily,261196,transactions,daily,OBM v0.1.0
2022-10-13,obm_tx_count_daily,281093,transactions,daily,OBM v0.1.0
2022-10-14,obm_tx_count_daily,284648,transactions,daily,OBM v0.1.0
2022-10-15,obm_tx_count_daily,241758,transactions,daily,OBM v0.1.0
2022-10-16,obm_tx_count_daily,212919,transactions,daily,OBM v0.1.0
2022-10-17,obm_tx_count_daily,260471,transactions,daily,OBM v0.1.0
2022-10-18,obm_tx_count_daily,257694,transactions,daily,OBM v0.1.0
2022-10-19,obm_tx_count_daily,263517,transactions,daily,OBM v0.1.0
2022-10-20,obm_tx_count_daily,263986,transactions,daily,OBM v0.1.0
2022-10-21,obm_tx_count_daily,270741,transactions,daily,OBM v0.1.0
2022-10-22,obm_tx_count_daily,233097,transactions,daily,OBM v0.1.0
2022-10-23,obm_tx_count_daily,217872,transactions,daily,OBM v0.1.0
2022-10-24,obm_tx_count_daily,264486,transactions,daily,OBM v0.1.0
2022-10-25,obm_tx_count_daily,248540,transactions,daily,OBM v0.1.0
2022-10-26,obm_tx_count_daily,306069,transactions,daily,OBM v0.1.0
2022-10-27,obm_tx_count_daily,267995,transactions,daily,OBM v0.1.0
2022-10-28,obm_tx_count_daily,283035,transactions,daily,OBM v0.1.0
2022-10-29,obm_tx_count_daily,252661,transactions,daily,OBM v0.1.0
2022-10-30,obm_tx_count_daily,222138,transactions,daily,OBM v0.1.0
2022-10-31,obm_tx_count_daily,284125,transactions,daily,OBM v0.1.0
2022-11-01,obm_tx_count_daily,276192,transactions,daily,OBM v0.1.0
2022-11-02,obm_tx_count_daily,257467,transactions,daily,OBM v0.1.0
2022-11-03,obm_tx_count_daily,297039,transactions,daily,OBM v0.1.0
2022-11-04,obm_tx_count_daily,281515,transactions,daily,OBM v0.1.0
2022-11-05,obm_tx_count_daily,257198,transactions,daily,OBM v0.1.0
2022-11-06,obm_tx_count_daily,223404,transactions,daily,OBM v0.1.0
2022-11-07,obm_tx_count_daily,264869,transactions,daily,OBM v0.1.0
2022-11-08,obm_tx_count_daily,295778,transactions,daily,OBM v0.1.0
2022-11-09,obm_tx_count_daily,292265,transactions,daily,OBM v0.1.0
2022-11-10,obm_tx_count_daily,292831,transactions,daily,OBM v0.1.0
2022-11-11,obm_tx_count_daily,284467,transactions,daily,OBM v0.1.0
2022-11-12,obm_tx_count_daily,239254,transactions,daily,OBM v0.1.0
2022-11-13,obm_tx_count_daily,227644,transactions,daily,OBM v0.1.0
2022-11-14,obm_tx_count_daily,242416,transactions,daily,OBM v0.1.0
2022-11-15,obm_tx_count_daily,283090,transactions,daily,OBM v0.1.0
2022-11-16,obm_tx_count_daily,268373,transactions,daily,OBM v0.1.0
2022-11-17,obm_tx_count_daily,248465,transactions,daily,OBM v0.1.0
2022-11-18,obm_tx_count_daily,282091,transactions,daily,OBM v0.1.0
2022-11-19,obm_tx_count_daily,260694,transactions,daily,OBM v0.1.0
2022-11-20,obm_tx_count_daily,229923,transactions,daily,OBM v0.1.0
2022-11-21,obm_tx_count_daily,270779,transactions,daily,OBM v0.1.0
2022-11-22,obm_tx_count_daily,253235,transactions,daily,OBM v0.1.0
2022-11-23,obm_tx_count_daily,273997,transactions,daily,OBM v0.1.0
2022-11-24,obm_tx_count_daily,254639,transactions,daily,OBM v0.1.0
2022-11-25,obm_tx_count_daily,258341,transactions,daily,OBM v0.1.0
2022-11-26,obm_tx_count_daily,229735,transactions,daily,OBM v0.1.0
2022-11-27,obm_tx_count_daily,222672,transactions,daily,OBM v0.1.0
2022-11-28,obm_tx_count_daily,262636,transactions,daily,OBM v0.1.0
2022-11-29,obm_tx_count_daily,271512,transactions,daily,OBM v0.1.0
2022-11-30,obm_tx_count_daily,271416,transactions,daily,OBM v0.1.0
2022-12-01,obm_tx_count_daily,285467,transactions,daily,OBM v0.1.0
2022-12-02,obm_tx_count_daily,271725,transactions,daily,OBM v0.1.0
2022-12-03,obm_tx_count_daily,250951,transactions,daily,OBM v0.1.0
2022-12-04,obm_tx_count_daily,219810,transactions,daily,OBM v0.1.0
2022-12-05,obm_tx_count_daily,274064,transactions,daily,OBM v0.1.0
2022-12-06,obm_tx_count_daily,262438,transactions,daily,OBM v0.1.0
2022-12-07,obm_tx_count_daily,272328,transactions,daily,OBM v0.1.0
2022-12-08,obm_tx_count_daily,263838,transactions,daily,OBM v0.1.0
2022-12-09,obm_tx_count_daily,265668,transactions,daily,OBM v0.1.0
2022-12-10,obm_tx_count_daily,241668,transactions,daily,OBM v0.1.0
2022-12-11,obm_tx_count_daily,217788,transactions,daily,OBM v0.1.0
2022-12-12,obm_tx_count_daily,262646,transactions,daily,OBM v0.1.0
2022-12-13,obm_tx_count_daily,287224,transactions,daily,OBM v0.1.0
2022-12-14,obm_tx_count_daily,276441,transactions,daily,OBM v0.1.0
2022-12-15,obm_tx_count_daily,276713,transactions,daily,OBM v0.1.0
2022-12-16,obm_tx_count_daily,254176,transactions,daily,OBM v0.1.0
2022-12-17,obm_tx_count_daily,263200,transactions,daily,OBM v0.1.0
2022-12-18,obm_tx_count_daily,212673,transactions,daily,OBM v0.1.0
2022-12-19,obm_tx_count_daily,259096,transactions,daily,OBM v0.1.0
2022-12-20,obm_tx_count_daily,268893,transactions,daily,OBM v0.1.0
2022-12-21,obm_tx_count_daily,272491,transactions,daily,OBM v0.1.0
2022-12-22,obm_tx_count_daily,271181,transactions,daily,OBM v0.1.0
2022-12-23,obm_tx_count_daily,273926,transactions,daily,OBM v0.1.0
2022-12-24,obm_tx_count_daily,213339,transactions,daily,OBM v0.1.0
2022-12-25,obm_tx_count_daily,205314,transactions,daily,OBM v0.1.0
2022-12-26,obm_tx_count_daily,223504,transactions,daily,OBM v0.1.0
2022-12-27,obm_tx_count_daily,239359,transactions,daily,OBM v0.1.0
2022-12-28,obm_tx_count_daily,272949,transactions,daily,OBM v0.1.0
2022-12-29,obm_tx_count_daily,265955,transactions,daily,OBM v0.1.0
2022-12-30,obm_tx_count_daily,291015,transactions,daily,OBM v0.1.0
2022-12-31,obm_tx_count_daily,242325,transactions,daily,OBM v0.1.0
2023-01-01,obm_tx_count_daily,187516,transactions,daily,OBM v0.1.0
2023-01-02,obm_tx_count_daily,229347,transactions,daily,OBM v0.1.0
2023-01-03,obm_tx_count_daily,272055,transactions,daily,OBM v0.1.0
2023-01-04,obm_tx_count_daily,277936,transactions,daily,OBM v0.1.0
2023-01-05,obm_tx_count_daily,279391,transactions,daily,OBM v0.1.0
2023-01-06,obm_tx_count_daily,276071,transactions,daily,OBM v0.1.0
2023-01-07,obm_tx_count_daily,246679,transactions,daily,OBM v0.1.0
2023-01-08,obm_tx_count_daily,228488,transactions,daily,OBM v0.1.0
2023-01-09,obm_tx_count_daily,287347,transactions,daily,OBM v0.1.0
2023-01-10,obm_tx_count_daily,302809,transactions,daily,OBM v0.1.0
2023-01-11,obm_tx_count_daily,287494,transactions,daily,OBM v0.1.0
2023-01-12,obm_tx_count_daily,315980,transactions,daily,OBM v0.1.0
2023-01-13,obm_tx_count_daily,316549,transactions,daily,OBM v0.1.0
2023-01-14,obm_tx_count_daily,309880,transactions,daily,OBM v0.1.0
2023-01-15,obm_tx_count_daily,252086,transactions,daily,OBM v0.1.0
2023-01-16,obm_tx_count_daily,302804,transactions,daily,OBM v0.1.0
2023-01-17,obm_tx_count_daily,308715,transactions,daily,OBM v0.1.0
2023-01-18,obm_tx_count_daily,300045,transactions,daily,OBM v0.1.0
2023-01-19,obm_tx_count_daily,298919,transactions,daily,OBM v0.1.0
2023-01-20,obm_tx_count_daily,295822,transactions,daily,OBM v0.1.0
2023-01-21,obm_tx_count_daily,287860,transactions,daily,OBM v0.1.0
2023-01-22,obm_tx_count_daily,250760,transactions,daily,OBM v0.1.0
2023-01-23,obm_tx_count_daily,293709,transactions,daily,OBM v0.1.0
2023-01-24,obm_tx_count_daily,292970,transactions,daily,OBM v0.1.0
2023-01-25,obm_tx_count_daily,306681,transactions,daily,OBM v0.1.0
2023-01-26,obm_tx_count_daily,296263,transactions,daily,OBM v0.1.0
2023-01-27,obm_tx_count_daily,303179,transactions,daily,OBM v0.1.0
2023-01-28,obm_tx_count_daily,268849,transactions,daily,OBM v0.1.0
2023-01-29,obm_tx_count_daily,258583,transactions,daily,OBM v0.1.0
2023-01-30,obm_tx_count_daily,309909,transactions,daily,OBM v0.1.0
2023-01-31,obm_tx_count_daily,313500,transactions,daily,OBM v0.1.0
2023-02-01,obm_tx_count_daily,345561,transactions,daily,OBM v0.1.0
2023-02-02,obm_tx_count_daily,340169,transactions,daily,OBM v0.1.0
2023-02-03,obm_tx_count_daily,315951,transactions,daily,OBM v0.1.0
2023-02-04,obm_tx_count_daily,304495,transactions,daily,OBM v0.1.0
2023-02-05,obm_tx_count_daily,254113,transactions,daily,OBM v0.1.0
2023-02-06,obm_tx_count_daily,301977,transactions,daily,OBM v0.1.0
2023-02-07,obm_tx_count_daily,300429,transactions,daily,OBM v0.1.0
2023-02-08,obm_tx_count_daily,316963,transactions,daily,OBM v0.1.0
2023-02-09,obm_tx_count_daily,369499,transactions,daily,OBM v0.1.0
2023-02-10,obm_tx_count_daily,300092,transactions,daily,OBM v0.1.0
2023-02-11,obm_tx_count_daily,277433,transactions,daily,OBM v0.1.0
2023-02-12,obm_tx_count_daily,262528,transactions,daily,OBM v0.1.0
2023-02-13,obm_tx_count_daily,299329,transactions,daily,OBM v0.1.0
2023-02-14,obm_tx_count_daily,302653,transactions,daily,OBM v0.1.0
2023-02-15,obm_tx_count_daily,325460,transactions,daily,OBM v0.1.0
2023-02-16,obm_tx_count_daily,344711,transactions,daily,OBM v0.1.0
2023-02-17,obm_tx_count_daily,321260,transactions,daily,OBM v0.1.0
2023-02-18,obm_tx_count_daily,276798,transactions,daily,OBM v0.1.0
2023-02-19,obm_tx_count_daily,240406,transactions,daily,OBM v0.1.0
2023-02-20,obm_tx_count_daily,270081,transactions,daily,OBM v0.1.0
2023-02-21,obm_tx_count_daily,290457,transactions,daily,OBM v0.1.0
2023-02-22,obm_tx_count_daily,282319,transactions,daily,OBM v0.1.0
2023-02-23,obm_tx_count_daily,290728,transactions,daily,OBM v0.1.0
2023-02-24,obm_tx_count_daily,294562,transactions,daily,OBM v0.1.0
2023-02-25,obm_tx_count_daily,258413,transactions,daily,OBM v0.1.0
2023-02-26,obm_tx_count_daily,277103,transactions,daily,OBM v0.1.0
2023-02-27,obm_tx_count_daily,292748,transactions,daily,OBM v0.1.0
2023-02-28,obm_tx_count_daily,332358,transactions,daily,OBM v0.1.0
2023-03-01,obm_tx_count_daily,381932,transactions,daily,OBM v0.1.0
2023-03-02,obm_tx_count_daily,330047,transactions,daily,OBM v0.1.0
2023-03-03,obm_tx_count_daily,355273,transactions,daily,OBM v0.1.0
2023-03-04,obm_tx_count_daily,306300,transactions,daily,OBM v0.1.0
2023-03-05,obm_tx_count_daily,286638,transactions,daily,OBM v0.1.0
2023-03-06,obm_tx_count_daily,316016,transactions,daily,OBM v0.1.0
2023-03-07,obm_tx_count_daily,362082,transactions,daily,OBM v0.1.0
2023-03-08,obm_tx_count_daily,292493,transactions,daily,OBM v0.1.0
2023-03-09,obm_tx_count_daily,336854,transactions,daily,OBM v0.1.0
2023-03-10,obm_tx_count_daily,329334,transactions,daily,OBM v0.1.0
2023-03-11,obm_tx_count_daily,319707,transactions,daily,OBM v0.1.0
2023-03-12,obm_tx_count_daily,265555,transactions,daily,OBM v0.1.0
2023-03-13,obm_tx_count_daily,333107,transactions,daily,OBM v0.1.0
2023-03-14,obm_tx_count_daily,327892,transactions,daily,OBM v0.1.0
2023-03-15,obm_tx_count_daily,345059,transactions,daily,OBM v0.1.0
2023-03-16,obm_tx_count_daily,295049,transactions,daily,OBM v0.1.0
2023-03-17,obm_tx_count_daily,338823,transactions,daily,OBM v0.1.0
2023-03-18,obm_tx_count_daily,296890,transactions,daily,OBM v0.1.0
2023-03-19,obm_tx_count_daily,269131,transactions,daily,OBM v0.1.0
2023-03-20,obm_tx_count_daily,341288,transactions,daily,OBM v0.1.0
2023-03-21,obm_tx_count_daily,327932,transactions,daily,OBM v0.1.0
2023-03-22,obm_tx_count_daily,297575,transactions,daily,OBM v0.1.0
2023-03-23,obm_tx_count_daily,295245,transactions,daily,OBM v0.1.0
2023-03-24,obm_tx_count_daily,292095,transactions,daily,OBM v0.1.0
2023-03-25,obm_tx_count_daily,290197,transactions,daily,OBM v0.1.0
2023-03-26,obm_tx_count_daily,261243,transactions,daily,OBM v0.1.0
2023-03-27,obm_tx_count_daily,296557,transactions,daily,OBM v0.1.0
2023-03-28,obm_tx_count_daily,316281,transactions,daily,OBM v0.1.0
2023-03-29,obm_tx_count_daily,334637,transactions,daily,OBM v0.1.0
2023-03-30,obm_tx_count_daily,326347,transactions,daily,OBM v0.1.0
2023-03-31,obm_tx_count_daily,308386,transactions,daily,OBM v0.1.0
2023-04-01,obm_tx_count_daily,319646,transactions,daily,OBM v0.1.0
2023-04-02,obm_tx_count_daily,341622,transactions,daily,OBM v0.1.0
2023-04-03,obm_tx_count_daily,332870,transactions,daily,OBM v0.1.0
2023-04-04,obm_tx_count_daily,421130,transactions,daily,OBM v0.1.0
2023-04-05,obm_tx_count_daily,346885,transactions,daily,OBM v0.1.0
2023-04-06,obm_tx_count_daily,354019,transactions,daily,OBM v0.1.0
2023-04-07,obm_tx_count_daily,355031,transactions,daily,OBM v0.1.0
2023-04-08,obm_tx_count_daily,318505,transactions,daily,OBM v0.1.0
2023-04-09,obm_tx_count_daily,278404,transactions,daily,OBM v0.1.0
2023-04-10,obm_tx_count_daily,289625,transactions,daily,OBM v0.1.0
2023-04-11,obm_tx_count_daily,385002,transactions,daily,OBM v0.1.0
2023-04-12,obm_tx_count_daily,338102,transactions,daily,OBM v0.1.0
2023-04-13,obm_tx_count_daily,332042,transactions,daily,OBM v0.1.0
2023-04-14,obm_tx_count_daily,315959,transactions,daily,OBM v0.1.0
2023-04-15,obm_tx_count_daily,276185,transactions,daily,OBM v0.1.0
2023-04-16,obm_tx_count_daily,232268,transactions,daily,OBM v0.1.0
2023-04-17,obm_tx_count_daily,316193,transactions,daily,OBM v0.1.0
2023-04-18,obm_tx_count_daily,312522,transactions,daily,OBM v0.1.0
2023-04-19,obm_tx_count_daily,301722,transactions,daily,OBM v0.1.0
2023-04-20,obm_tx_count_daily,296683,transactions,daily,OBM v0.1.0
2023-04-21,obm_tx_count_daily,352218,transactions,daily,OBM v0.1.0
2023-04-22,obm_tx_count_daily,354752,transactions,daily,OBM v0.1.0
2023-04-23,obm_tx_count_daily,432760,transactions,daily,OBM v0.1.0
2023-04-24,obm_tx_count_daily,360173,transactions,daily,OBM v0.1.0
2023-04-25,obm_tx_count_daily,369843,transactions,daily,OBM v0.1.0
2023-04-26,obm_tx_count_daily,436461,transactions,daily,OBM v0.1.0
2023-04-27,obm_tx_count_daily,418912,transactions,daily,OBM v0.1.0
2023-04-28,obm_tx_count_daily,483522,transactions,daily,OBM v0.1.0
2023-04-29,obm_tx_count_daily,486031,transactions,daily,OBM v0.1.0
2023-04-30,obm_tx_count_daily,568516,transactions,daily,OBM v0.1.0
2023-05-01,obm_tx_count_daily,682281,transactions,daily,OBM v0.1.0
2023-05-02,obm_tx_count_daily,457708,transactions,daily,OBM v0.1.0
2023-05-03,obm_tx_count_daily,489559,transactions,daily,OBM v0.1.0
2023-05-04,obm_tx_count_daily,491123,transactions,daily,OBM v0.1.0
2023-05-05,obm_tx_count_daily,411429,transactions,daily,OBM v0.1.0
2023-05-06,obm_tx_count_daily,601134,transactions,daily,OBM v0.1.0
2023-05-07,obm_tx_count_daily,607883,transactions,daily,OBM v0.1.0
2023-05-08,obm_tx_count_daily,575051,transactions,daily,OBM v0.1.0
2023-05-09,obm_tx_count_daily,598256,transactions,daily,OBM v0.1.0
2023-05-10,obm_tx_count_daily,671668,transactions,daily,OBM v0.1.0
2023-05-11,obm_tx_count_daily,546549,transactions,daily,OBM v0.1.0
2023-05-12,obm_tx_count_daily,509159,transactions,daily,OBM v0.1.0
2023-05-13,obm_tx_count_daily,575640,transactions,daily,OBM v0.1.0
2023-05-14,obm_tx_count_daily,631677,transactions,daily,OBM v0.1.0
2023-05-15,obm_tx_count_daily,526379,transactions,daily,OBM v0.1.0
2023-05-16,obm_tx_count_daily,566462,transactions,daily,OBM v0.1.0
2023-05-17,obm_tx_count_daily,583454,transactions,daily,OBM v0.1.0
2023-05-18,obm_tx_count_daily,476704,transactions,daily,OBM v0.1.0
2023-05-19,obm_tx_count_daily,515474,transactions,daily,OBM v0.1.0
2023-05-20,obm_tx_count_daily,423736,transactions,daily,OBM v0.1.0
2023-05-21,obm_tx_count_daily,486625,transactions,daily,OBM v0.1.0
2023-05-22,obm_tx_count_daily,499281,transactions,daily,OBM v0.1.0
2023-05-23,obm_tx_count_daily,519870,transactions,daily,OBM v0.1.0
2023-05-24,obm_tx_count_daily,405521,transactions,daily,OBM v0.1.0
2023-05-25,obm_tx_count_daily,460167,transactions,daily,OBM v0.1.0
2023-05-26,obm_tx_count_daily,532373,transactions,daily,OBM v0.1.0
2023-05-27,obm_tx_count_daily,471633,transactions,daily,OBM v0.1.0
2023-05-28,obm_tx_count_daily,496158,transactions,daily,OBM v0.1.0
2023-05-29,obm_tx_count_daily,550324,transactions,daily,OBM v0.1.0
2023-05-30,obm_tx_count_daily,515246,transactions,daily,OBM v0.1.0
2023-05-31,obm_tx_count_daily,421579,transactions,daily,OBM v0.1.0
2023-06-01,obm_tx_count_daily,355986,transactions,daily,OBM v0.1.0
2023-06-02,obm_tx_count_daily,479437,transactions,daily,OBM v0.1.0
2023-06-03,obm_tx_count_daily,381453,transactions,daily,OBM v0.1.0
2023-06-04,obm_tx_count_daily,364020,transactions,daily,OBM v0.1.0
2023-06-05,obm_tx_count_daily,359254,transactions,daily,OBM v0.1.0
2023-06-06,obm_tx_count_daily,462072,transactions,daily,OBM v0.1.0
2023-06-07,obm_tx_count_daily,433781,transactions,daily,OBM v0.1.0
2023-06-08,obm_tx_count_daily,407006,transactions,daily,OBM v0.1.0
2023-06-09,obm_tx_count_daily,387084,transactions,daily,OBM v0.1.0
2023-06-10,obm_tx_count_daily,365369,transactions,daily,OBM v0.1.0
2023-06-11,obm_tx_count_daily,399201,transactions,daily,OBM v0.1.0
2023-06-12,obm_tx_count_daily,370634,transactions,daily,OBM v0.1.0
2023-06-13,obm_tx_count_daily,410483,transactions,daily,OBM v0.1.0
2023-06-14,obm_tx_count_daily,330658,transactions,daily,OBM v0.1.0
2023-06-15,obm_tx_count_daily,423069,transactions,daily,OBM v0.1.0
2023-06-16,obm_tx_count_daily,512202,transactions,daily,OBM v0.1.0
2023-06-17,obm_tx_count_daily,475252,transactions,daily,OBM v0.1.0
2023-06-18,obm_tx_count_daily,439868,transactions,daily,OBM v0.1.0
2023-06-19,obm_tx_count_daily,415604,transactions,daily,OBM v0.1.0
2023-06-20,obm_tx_count_daily,447715,transactions,daily,OBM v0.1.0
2023-06-21,obm_tx_count_daily,363280,transactions,daily,OBM v0.1.0
2023-06-22,obm_tx_count_daily,392041,transactions,daily,OBM v0.1.0
2023-06-23,obm_tx_count_daily,374001,transactions,daily,OBM v0.1.0
2023-06-24,obm_tx_count_daily,361437,transactions,daily,OBM v0.1.0
2023-06-25,obm_tx_count_daily,382769,transactions,daily,OBM v0.1.0
2023-06-26,obm_tx_count_daily,403979,transactions,daily,OBM v0.1.0
2023-06-27,obm_tx_count_daily,434858,transactions,daily,OBM v0.1.0
2023-06-28,obm_tx_count_daily,331278,transactions,daily,OBM v0.1.0
2023-06-29,obm_tx_count_daily,438193,transactions,daily,OBM v0.1.0
2023-06-30,obm_tx_count_daily,445197,transactions,daily,OBM v0.1.0
2023-07-01,obm_tx_count_daily,324274,transactions,daily,OBM v0.1.0
2023-07-02,obm_tx_count_daily,309920,transactions,daily,OBM v0.1.0
2023-07-03,obm_tx_count_daily,328114,transactions,daily,OBM v0.1.0
2023-07-04,obm_tx_count_daily,375807,transactions,daily,OBM v0.1.0
2023-07-05,obm_tx_count_daily,496227,transactions,daily,OBM v0.1.0
2023-07-06,obm_tx_count_daily,392688,transactions,daily,OBM v0.1.0
2023-07-07,obm_tx_count_daily,556014,transactions,daily,OBM v0.1.0
2023-07-08,obm_tx_count_daily,573697,transactions,daily,OBM v0.1.0
2023-07-09,obm_tx_count_daily,594265,transactions,daily,OBM v0.1.0
2023-07-10,obm_tx_count_daily,507115,transactions,daily,OBM v0.1.0
2023-07-11,obm_tx_count_daily,432293,transactions,daily,OBM v0.1.0
2023-07-12,obm_tx_count_daily,478320,transactions,daily,OBM v0.1.0
2023-07-13,obm_tx_count_daily,375859,transactions,daily,OBM v0.1.0
2023-07-14,obm_tx_count_daily,421666,transactions,daily,OBM v0.1.0
2023-07-15,obm_tx_count_daily,484980,transactions,daily,OBM v0.1.0
2023-07-16,obm_tx_count_daily,595145,transactions,daily,OBM v0.1.0
2023-07-17,obm_tx_count_daily,428612,transactions,daily,OBM v0.1.0
2023-07-18,obm_tx_count_daily,582684,transactions,daily,OBM v0.1.0
2023-07-19,obm_tx_count_daily,480249,transactions,daily,OBM v0.1.0
2023-07-20,obm_tx_count_daily,400400,transactions,daily,OBM v0.1.0
2023-07-21,obm_tx_count_daily,323847,transactions,daily,OBM v0.1.0
2023-07-22,obm_tx_count_daily,288750,transactions,daily,OBM v0.1.0
2023-07-23,obm_tx_count_daily,559624,transactions,daily,OBM v0.1.0
2023-07-24,obm_tx_count_daily,529923,transactions,daily,OBM v0.1.0
2023-07-25,obm_tx_count_daily,462586,transactions,daily,OBM v0.1.0
2023-07-26,obm_tx_count_daily,452746,transactions,daily,OBM v0.1.0
2023-07-27,obm_tx_count_daily,413038,transactions,daily,OBM v0.1.0
2023-07-28,obm_tx_count_daily,449225,transactions,daily,OBM v0.1.0
2023-07-29,obm_tx_count_daily,423119,transactions,daily,OBM v0.1.0
2023-07-30,obm_tx_count_daily,645854,transactions,daily,OBM v0.1.0
2023-07-31,obm_tx_count_daily,445666,transactions,daily,OBM v0.1.0
2023-08-01,obm_tx_count_daily,412219,transactions,daily,OBM v0.1.0
2023-08-02,obm_tx_count_daily,390768,transactions,daily,OBM v0.1.0
2023-08-03,obm_tx_count_daily,476007,transactions,daily,OBM v0.1.0
2023-08-04,obm_tx_count_daily,318486,transactions,daily,OBM v0.1.0
2023-08-05,obm_tx_count_daily,500723,transactions,daily,OBM v0.1.0
2023-08-06,obm_tx_count_daily,607275,transactions,daily,OBM v0.1.0
2023-08-07,obm_tx_count_daily,427534,transactions,daily,OBM v0.1.0
2023-08-08,obm_tx_count_daily,331194,transactions,daily,OBM v0.1.0
2023-08-09,obm_tx_count_daily,506746,transactions,daily,OBM v0.1.0
2023-08-10,obm_tx_count_daily,358039,transactions,daily,OBM v0.1.0
2023-08-11,obm_tx_count_daily,506538,transactions,daily,OBM v0.1.0
2023-08-12,obm_tx_count_daily,503934,transactions,daily,OBM v0.1.0
2023-08-13,obm_tx_count_daily,497112,transactions,daily,OBM v0.1.0
2023-08-14,obm_tx_count_daily,568517,transactions,daily,OBM v0.1.0
2023-08-15,obm_tx_count_daily,583063,transactions,daily,OBM v0.1.0
2023-08-16,obm_tx_count_daily,566878,transactions,daily,OBM v0.1.0
2023-08-17,obm_tx_count_daily,502274,transactions,daily,OBM v0.1.0
2023-08-18,obm_tx_count_daily,423207,transactions,daily,OBM v0.1.0
2023-08-19,obm_tx_count_daily,519780,transactions,daily,OBM v0.1.0
2023-08-20,obm_tx_count_daily,612461,transactions,daily,OBM v0.1.0
2023-08-21,obm_tx_count_daily,550074,transactions,daily,OBM v0.1.0
2023-08-22,obm_tx_count_daily,420857,transactions,daily,OBM v0.1.0
2023-08-23,obm_tx_count_daily,417822,transactions,daily,OBM v0.1.0
2023-08-24,obm_tx_count_daily,399151,transactions,daily,OBM v0.1.0
2023-08-25,obm_tx_count_daily,425192,transactions,daily,OBM v0.1.0
2023-08-26,obm_tx_count_daily,497513,transactions,daily,OBM v0.1.0
2023-08-27,obm_tx_count_daily,413594,transactions,daily,OBM v0.1.0
2023-08-28,obm_tx_count_daily,331345,transactions,daily,OBM v0.1.0
2023-08-29,obm_tx_count_daily,500301,transactions,daily,OBM v0.1.0
2023-08-30,obm_tx_count_daily,408001,transactions,daily,OBM v0.1.0
2023-08-31,obm_tx_count_daily,437435,transactions,daily,OBM v0.1.0
2023-09-01,obm_tx_count_daily,419548,transactions,daily,OBM v0.1.0
2023-09-02,obm_tx_count_daily,539748,transactions,daily,OBM v0.1.0
2023-09-03,obm_tx_count_daily,625257,transactions,daily,OBM v0.1.0
2023-09-04,obm_tx_count_daily,573196,transactions,daily,OBM v0.1.0
2023-09-05,obm_tx_count_daily,462093,transactions,daily,OBM v0.1.0
2023-09-06,obm_tx_count_daily,485357,transactions,daily,OBM v0.1.0
2023-09-07,obm_tx_count_daily,537939,transactions,daily,OBM v0.1.0
2023-09-08,obm_tx_count_daily,414799,transactions,daily,OBM v0.1.0
2023-09-09,obm_tx_count_daily,597409,transactions,daily,OBM v0.1.0
2023-09-10,obm_tx_count_daily,558395,transactions,daily,OBM v0.1.0
2023-09-11,obm_tx_count_daily,459132,transactions,daily,OBM v0.1.0
2023-09-12,obm_tx_count_daily,462328,transactions,daily,OBM v0.1.0
2023-09-13,obm_tx_count_daily,512446,transactions,daily,OBM v0.1.0
2023-09-14,obm_tx_count_daily,576215,transactions,daily,OBM v0.1.0
2023-09-15,obm_tx_count_daily,703692,transactions,daily,OBM v0.1.0
2023-09-16,obm_tx_count_daily,593144,transactions,daily,OBM v0.1.0
2023-09-17,obm_tx_count_daily,611220,transactions,daily,OBM v0.1.0
2023-09-18,obm_tx_count_daily,635845,transactions,daily,OBM v0.1.0
2023-09-19,obm_tx_count_daily,493887,transactions,daily,OBM v0.1.0
2023-09-20,obm_tx_count_daily,551783,transactions,daily,OBM v0.1.0
2023-09-21,obm_tx_count_daily,431540,transactions,daily,OBM v0.1.0
2023-09-22,obm_tx_count_daily,441679,transactions,daily,OBM v0.1.0
2023-09-23,obm_tx_count_daily,629617,transactions,daily,OBM v0.1.0
2023-09-24,obm_tx_count_daily,441181,transactions,daily,OBM v0.1.0
2023-09-25,obm_tx_count_daily,285750,transactions,daily,OBM v0.1.0
2023-09-26,obm_tx_count_daily,309789,transactions,daily,OBM v0.1.0
2023-09-27,obm_tx_count_daily,337265,transactions,daily,OBM v0.1.0
2023-09-28,obm_tx_count_daily,378975,transactions,daily,OBM v0.1.0
2023-09-29,obm_tx_count_daily,330269,transactions,daily,OBM v0.1.0
2023-09-30,obm_tx_count_daily,275474,transactions,daily,OBM v0.1.0
2023-10-01,obm_tx_count_daily,320516,transactions,daily,OBM v0.1.0
2023-10-02,obm_tx_count_daily,344263,transactions,daily,OBM v0.1.0
2023-10-03,obm_tx_count_daily,310664,transactions,daily,OBM v0.1.0
2023-10-04,obm_tx_count_daily,287430,transactions,daily,OBM v0.1.0
2023-10-05,obm_tx_count_daily,319310,transactions,daily,OBM v0.1.0
2023-10-06,obm_tx_count_daily,298650,transactions,daily,OBM v0.1.0
2023-10-07,obm_tx_count_daily,244567,transactions,daily,OBM v0.1.0
2023-10-08,obm_tx_count_daily,242440,transactions,daily,OBM v0.1.0
2023-10-09,obm_tx_count_daily,283648,transactions,daily,OBM v0.1.0
2023-10-10,obm_tx_count_daily,285060,transactions,daily,OBM v0.1.0
2023-10-11,obm_tx_count_daily,264600,transactions,daily,OBM v0.1.0
2023-10-12,obm_tx_count_daily,267090,transactions,daily,OBM v0.1.0
2023-10-13,obm_tx_count_daily,279518,transactions,daily,OBM v0.1.0
2023-10-14,obm_tx_count_daily,265220,transactions,daily,OBM v0.1.0
2023-10-15,obm_tx_count_daily,251923,transactions,daily,OBM v0.1.0
2023-10-16,obm_tx_count_daily,299782,transactions,daily,OBM v0.1.0
2023-10-17,obm_tx_count_daily,294257,transactions,daily,OBM v0.1.0
2023-10-18,obm_tx_count_daily,271345,transactions,daily,OBM v0.1.0
2023-10-19,obm_tx_count_daily,282007,transactions,daily,OBM v0.1.0
2023-10-20,obm_tx_count_daily,295888,transactions,daily,OBM v0.1.0
2023-10-21,obm_tx_count_daily,270621,transactions,daily,OBM v0.1.0
2023-10-22,obm_tx_count_daily,252457,transactions,daily,OBM v0.1.0
2023-10-23,obm_tx_count_daily,301780,transactions,daily,OBM v0.1.0
2023-10-24,obm_tx_count_daily,373854,transactions,daily,OBM v0.1.0
2023-10-25,obm_tx_count_daily,476549,transactions,daily,OBM v0.1.0
2023-10-26,obm_tx_count_daily,431256,transactions,daily,OBM v0.1.0
2023-10-27,obm_tx_count_daily,452816,transactions,daily,OBM v0.1.0
2023-10-28,obm_tx_count_daily,564383,transactions,daily,OBM v0.1.0
2023-10-29,obm_tx_count_daily,410290,transactions,daily,OBM v0.1.0
2023-10-30,obm_tx_count_daily,463202,transactions,daily,OBM v0.1.0
2023-10-31,obm_tx_count_daily,433751,transactions,daily,OBM v0.1.0
2023-11-01,obm_tx_count_daily,463644,transactions,daily,OBM v0.1.0
2023-11-02,obm_tx_count_daily,403541,transactions,daily,OBM v0.1.0
2023-11-03,obm_tx_count_daily,452354,transactions,daily,OBM v0.1.0
2023-11-04,obm_tx_count_daily,698917,transactions,daily,OBM v0.1.0
2023-11-05,obm_tx_count_daily,673375,transactions,daily,OBM v0.1.0
2023-11-06,obm_tx_count_daily,439319,transactions,daily,OBM v0.1.0
2023-11-07,obm_tx_count_daily,450371,transactions,daily,OBM v0.1.0
2023-11-08,obm_tx_count_daily,583201,transactions,daily,OBM v0.1.0
2023-11-09,obm_tx_count_daily,573466,transactions,daily,OBM v0.1.0
2023-11-10,obm_tx_count_daily,523831,transactions,daily,OBM v0.1.0
2023-11-11,obm_tx_count_daily,627529,transactions,daily,OBM v0.1.0
2023-11-12,obm_tx_count_daily,703327,transactions,daily,OBM v0.1.0
2023-11-13,obm_tx_count_daily,428507,transactions,daily,OBM v0.1.0
2023-11-14,obm_tx_count_daily,523422,transactions,daily,OBM v0.1.0
2023-11-15,obm_tx_count_daily,561942,transactions,daily,OBM v0.1.0
2023-11-16,obm_tx_count_daily,628426,transactions,daily,OBM v0.1.0
2023-11-17,obm_tx_count_daily,536644,transactions,daily,OBM v0.1.0
2023-11-18,obm_tx_count_daily,629266,transactions,daily,OBM v0.1.0
2023-11-19,obm_tx_count_daily,710579,transactions,daily,OBM v0.1.0
2023-11-20,obm_tx_count_daily,640670,transactions,daily,OBM v0.1.0
2023-11-21,obm_tx_count_daily,522593,transactions,daily,OBM v0.1.0
2023-11-22,obm_tx_count_daily,535829,transactions,daily,OBM v0.1.0
2023-11-23,obm_tx_count_daily,587706,transactions,daily,OBM v0.1.0
2023-11-24,obm_tx_count_daily,623898,transactions,daily,OBM v0.1.0
2023-11-25,obm_tx_count_daily,617234,transactions,daily,OBM v0.1.0
2023-11-26,obm_tx_count_daily,578484,transactions,daily,OBM v0.1.0
2023-11-27,obm_tx_count_daily,479487,transactions,daily,OBM v0.1.0
2023-11-28,obm_tx_count_daily,447662,transactions,daily,OBM v0.1.0
2023-11-29,obm_tx_count_daily,360588,transactions,daily,OBM v0.1.0
2023-11-30,obm_tx_count_daily,411882,transactions,daily,OBM v0.1.0
2023-12-01,obm_tx_count_daily,496468,transactions,daily,OBM v0.1.0
2023-12-02,obm_tx_count_daily,429362,transactions,daily,OBM v0.1.0
2023-12-03,obm_tx_count_daily,707876,transactions,daily,OBM v0.1.0
2023-12-04,obm_tx_count_daily,570395,transactions,daily,OBM v0.1.0
2023-12-05,obm_tx_count_daily,514962,transactions,daily,OBM v0.1.0
2023-12-06,obm_tx_count_daily,467795,transactions,daily,OBM v0.1.0
2023-12-07,obm_tx_count_daily,372050,transactions,daily,OBM v0.1.0
2023-12-08,obm_tx_count_daily,411456,transactions,daily,OBM v0.1.0
2023-12-09,obm_tx_count_daily,587398,transactions,daily,OBM v0.1.0
2023-12-10,obm_tx_count_daily,536175,transactions,daily,OBM v0.1.0
2023-12-11,obm_tx_count_daily,525486,transactions,daily,OBM v0.1.0
2023-12-12,obm_tx_count_daily,543162,transactions,daily,OBM v0.1.0
2023-12-13,obm_tx_count_daily,587920,transactions,daily,OBM v0.1.0
2023-12-14,obm_tx_count_daily,570985,transactions,daily,OBM v0.1.0
2023-12-15,obm_tx_count_daily,632636,transactions,daily,OBM v0.1.0
2023-12-16,obm_tx_count_daily,638144,transactions,daily,OBM v0.1.0
2023-12-17,obm_tx_count_daily,616808,transactions,daily,OBM v0.1.0
2023-12-18,obm_tx_count_daily,640936,transactions,daily,OBM v0.1.0
2023-12-19,obm_tx_count_daily,662880,transactions,daily,OBM v0.1.0
2023-12-20,obm_tx_count_daily,582506,transactions,daily,OBM v0.1.0
2023-12-21,obm_tx_count_daily,588137,transactions,daily,OBM v0.1.0
2023-12-22,obm_tx_count_daily,625531,transactions,daily,OBM v0.1.0
2023-12-23,obm_tx_count_daily,608479,transactions,daily,OBM v0.1.0
2023-12-24,obm_tx_count_daily,723459,transactions,daily,OBM v0.1.0
2023-12-25,obm_tx_count_daily,535741,transactions,daily,OBM v0.1.0
2023-12-26,obm_tx_count_daily,553693,transactions,daily,OBM v0.1.0
2023-12-27,obm_tx_count_daily,545556,transactions,daily,OBM v0.1.0
2023-12-28,obm_tx_count_daily,417180,transactions,daily,OBM v0.1.0
2023-12-29,obm_tx_count_daily,581449,transactions,daily,OBM v0.1.0
2023-12-30,obm_tx_count_daily,533823,transactions,daily,OBM v0.1.0
2023-12-31,obm_tx_count_daily,731351,transactions,daily,OBM v0.1.0
2024-01-01,obm_tx_count_daily,657752,transactions,daily,OBM v0.1.0
2024-01-02,obm_tx_count_daily,367319,transactions,daily,OBM v0.1.0
2024-01-03,obm_tx_count_daily,502749,transactions,daily,OBM v0.1.0
2024-01-04,obm_tx_count_daily,482557,transactions,daily,OBM v0.1.0
2024-01-05,obm_tx_count_daily,420884,transactions,daily,OBM v0.1.0
2024-01-06,obm_tx_count_daily,382140,transactions,daily,OBM v0.1.0
2024-01-07,obm_tx_count_daily,348688,transactions,daily,OBM v0.1.0
2024-01-08,obm_tx_count_daily,414359,transactions,daily,OBM v0.1.0
2024-01-09,obm_tx_count_daily,468088,transactions,daily,OBM v0.1.0
2024-01-10,obm_tx_count_daily,383774,transactions,daily,OBM v0.1.0
2024-01-11,obm_tx_count_daily,449075,transactions,daily,OBM v0.1.0
2024-01-12,obm_tx_count_daily,375872,transactions,daily,OBM v0.1.0
2024-01-13,obm_tx_count_daily,652483,transactions,daily,OBM v0.1.0
2024-01-14,obm_tx_count_daily,591806,transactions,daily,OBM v0.1.0
2024-01-15,obm_tx_count_daily,408499,transactions,daily,OBM v0.1.0
2024-01-16,obm_tx_count_daily,470122,transactions,daily,OBM v0.1.0
2024-01-17,obm_tx_count_daily,449415,transactions,daily,OBM v0.1.0
2024-01-18,obm_tx_count_daily,484017,transactions,daily,OBM v0.1.0
2024-01-19,obm_tx_count_daily,460763,transactions,daily,OBM v0.1.0
2024-01-20,obm_tx_count_daily,563331,transactions,daily,OBM v0.1.0
2024-01-21,obm_tx_count_daily,600202,transactions,daily,OBM v0.1.0
2024-01-22,obm_tx_count_daily,457620,transactions,daily,OBM v0.1.0
2024-01-23,obm_tx_count_daily,368462,transactions,daily,OBM v0.1.0
2024-01-24,obm_tx_count_daily,372499,transactions,daily,OBM v0.1.0
2024-01-25,obm_tx_count_daily,340188,transactions,daily,OBM v0.1.0
2024-01-26,obm_tx_count_daily,493218,transactions,daily,OBM v0.1.0
2024-01-27,obm_tx_count_daily,597446,transactions,daily,OBM v0.1.0
2024-01-28,obm_tx_count_daily,636523,transactions,daily,OBM v0.1.0
2024-01-29,obm_tx_count_daily,575203,transactions,daily,OBM v0.1.0
2024-01-30,obm_tx_count_daily,523509,transactions,daily,OBM v0.1.0
2024-01-31,obm_tx_count_daily,444450,transactions,daily,OBM v0.1.0
2024-02-01,obm_tx_count_daily,413272,transactions,daily,OBM v0.1.0
2024-02-02,obm_tx_count_daily,429732,transactions,daily,OBM v0.1.0
2024-02-03,obm_tx_count_daily,515539,transactions,daily,OBM v0.1.0
2024-02-04,obm_tx_count_daily,336211,transactions,daily,OBM v0.1.0
2024-02-05,obm_tx_count_daily,281482,transactions,daily,OBM v0.1.0
2024-02-06,obm_tx_count_daily,278093,transactions,daily,OBM v0.1.0
2024-02-07,obm_tx_count_daily,427538,transactions,daily,OBM v0.1.0
2024-02-08,obm_tx_count_daily,285101,transactions,daily,OBM v0.1.0
2024-02-09,obm_tx_count_daily,334084,transactions,daily,OBM v0.1.0
2024-02-10,obm_tx_count_daily,399252,transactions,daily,OBM v0.1.0
2024-02-11,obm_tx_count_daily,329938,transactions,daily,OBM v0.1.0
2024-02-12,obm_tx_count_daily,409911,transactions,daily,OBM v0.1.0
2024-02-13,obm_tx_count_daily,313178,transactions,daily,OBM v0.1.0
2024-02-14,obm_tx_count_daily,296717,transactions,daily,OBM v0.1.0
2024-02-15,obm_tx_count_daily,303306,transactions,daily,OBM v0.1.0
2024-02-16,obm_tx_count_daily,312782,transactions,daily,OBM v0.1.0
2024-02-17,obm_tx_count_daily,327713,transactions,daily,OBM v0.1.0
2024-02-18,obm_tx_count_daily,343417,transactions,daily,OBM v0.1.0
2024-02-19,obm_tx_count_daily,366108,transactions,daily,OBM v0.1.0
2024-02-20,obm_tx_count_daily,397096,transactions,daily,OBM v0.1.0
2024-02-21,obm_tx_count_daily,369949,transactions,daily,OBM v0.1.0
2024-02-22,obm_tx_count_daily,365090,transactions,daily,OBM v0.1.0
2024-02-23,obm_tx_count_daily,409204,transactions,daily,OBM v0.1.0
2024-02-24,obm_tx_count_daily,340419,transactions,daily,OBM v0.1.0
2024-02-25,obm_tx_count_daily,418801,transactions,daily,OBM v0.1.0
2024-02-26,obm_tx_count_daily,356184,transactions,daily,OBM v0.1.0
2024-02-27,obm_tx_count_daily,387598,transactions,daily,OBM v0.1.0
2024-02-28,obm_tx_count_daily,413800,transactions,daily,OBM v0.1.0
2024-02-29,obm_tx_count_daily,407090,transactions,daily,OBM v0.1.0
2024-03-01,obm_tx_count_daily,419284,transactions,daily,OBM v0.1.0
2024-03-02,obm_tx_count_daily,339311,transactions,daily,OBM v0.1.0
2024-03-03,obm_tx_count_daily,385447,transactions,daily,OBM v0.1.0
2024-03-04,obm_tx_count_daily,361258,transactions,daily,OBM v0.1.0
2024-03-05,obm_tx_count_daily,424347,transactions,daily,OBM v0.1.0
2024-03-06,obm_tx_count_daily,381934,transactions,daily,OBM v0.1.0
2024-03-07,obm_tx_count_daily,436344,transactions,daily,OBM v0.1.0
2024-03-08,obm_tx_count_daily,426928,transactions,daily,OBM v0.1.0
2024-03-09,obm_tx_count_daily,359029,transactions,daily,OBM v0.1.0
2024-03-10,obm_tx_count_daily,368196,transactions,daily,OBM v0.1.0
2024-03-11,obm_tx_count_daily,394098,transactions,daily,OBM v0.1.0
2024-03-12,obm_tx_count_daily,341867,transactions,daily,OBM v0.1.0
2024-03-13,obm_tx_count_daily,390118,transactions,daily,OBM v0.1.0
2024-03-14,obm_tx_count_daily,329706,transactions,daily,OBM v0.1.0
2024-03-15,obm_tx_count_daily,307904,transactions,daily,OBM v0.1.0
2024-03-16,obm_tx_count_daily,355760,transactions,daily,OBM v0.1.0
2024-03-17,obm_tx_count_daily,366109,transactions,daily,OBM v0.1.0
2024-03-18,obm_tx_count_daily,416270,transactions,daily,OBM v0.1.0
2024-03-19,obm_tx_count_daily,463952,transactions,daily,OBM v0.1.0
2024-03-20,obm_tx_count_daily,361515,transactions,daily,OBM v0.1.0
2024-03-21,obm_tx_count_daily,327642,transactions,daily,OBM v0.1.0
2024-03-22,obm_tx_count_daily,339533,transactions,daily,OBM v0.1.0
2024-03-23,obm_tx_count_daily,326610,transactions,daily,OBM v0.1.0
2024-03-24,obm_tx_count_daily,331527,transactions,daily,OBM v0.1.0
2024-03-25,obm_tx_count_daily,317064,transactions,daily,OBM v0.1.0
2024-03-26,obm_tx_count_daily,317742,transactions,daily,OBM v0.1.0
2024-03-27,obm_tx_count_daily,355902,transactions,daily,OBM v0.1.0
2024-03-28,obm_tx_count_daily,428670,transactions,daily,OBM v0.1.0
2024-03-29,obm_tx_count_daily,449421,transactions,daily,OBM v0.1.0
2024-03-30,obm_tx_count_daily,490072,transactions,daily,OBM v0.1.0
2024-03-31,obm_tx_count_daily,319675,transactions,daily,OBM v0.1.0
2024-04-01,obm_tx_count_daily,326410,transactions,daily,OBM v0.1.0
2024-04-02,obm_tx_count_daily,357709,transactions,daily,OBM v0.1.0
2024-04-03,obm_tx_count_daily,372978,transactions,daily,OBM v0.1.0
2024-04-04,obm_tx_count_daily,320607,transactions,daily,OBM v0.1.0
2024-04-05,obm_tx_count_daily,348637,transactions,daily,OBM v0.1.0
2024-04-06,obm_tx_count_daily,433591,transactions,daily,OBM v0.1.0
2024-04-07,obm_tx_count_daily,526130,transactions,daily,OBM v0.1.0
2024-04-08,obm_tx_count_daily,455617,transactions,daily,OBM v0.1.0
2024-04-09,obm_tx_count_daily,453811,transactions,daily,OBM v0.1.0
2024-04-10,obm_tx_count_daily,531054,transactions,daily,OBM v0.1.0
2024-04-11,obm_tx_count_daily,476241,transactions,daily,OBM v0.1.0
2024-04-12,obm_tx_count_daily,448489,transactions,daily,OBM v0.1.0
2024-04-13,obm_tx_count_daily,507173,transactions,daily,OBM v0.1.0
2024-04-14,obm_tx_count_daily,473328,transactions,daily,OBM v0.1.0
2024-04-15,obm_tx_count_daily,503358,transactions,daily,OBM v0.1.0
2024-04-16,obm_tx_count_daily,454669,transactions,daily,OBM v0.1.0
2024-04-17,obm_tx_count_daily,385606,transactions,daily,OBM v0.1.0
2024-04-18,obm_tx_count_daily,418095,transactions,daily,OBM v0.1.0
2024-04-19,obm_tx_count_daily,393190,transactions,daily,OBM v0.1.0
2024-04-20,obm_tx_count_daily,631001,transactions,daily,OBM v0.1.0
2024-04-21,obm_tx_count_daily,641668,transactions,daily,OBM v0.1.0
2024-04-22,obm_tx_count_daily,671771,transactions,daily,OBM v0.1.0
2024-04-23,obm_tx_count_daily,927010,transactions,daily,OBM v0.1.0
2024-04-24,obm_tx_count_daily,606713,transactions,daily,OBM v0.1.0
2024-04-25,obm_tx_count_daily,523070,transactions,daily,OBM v0.1.0
2024-04-26,obm_tx_count_daily,445519,transactions,daily,OBM v0.1.0
2024-04-27,obm_tx_count_daily,452967,transactions,daily,OBM v0.1.0
2024-04-28,obm_tx_count_daily,487521,transactions,daily,OBM v0.1.0
2024-04-29,obm_tx_count_daily,403064,transactions,daily,OBM v0.1.0
2024-04-30,obm_tx_count_daily,498085,transactions,daily,OBM v0.1.0
2024-05-01,obm_tx_count_daily,478881,transactions,daily,OBM v0.1.0
2024-05-02,obm_tx_count_daily,559839,transactions,daily,OBM v0.1.0
2024-05-03,obm_tx_count_daily,442742,transactions,daily,OBM v0.1.0
2024-05-04,obm_tx_count_daily,660263,transactions,daily,OBM v0.1.0
2024-05-05,obm_tx_count_daily,625998,transactions,daily,OBM v0.1.0
2024-05-06,obm_tx_count_daily,519817,transactions,daily,OBM v0.1.0
2024-05-07,obm_tx_count_daily,372643,transactions,daily,OBM v0.1.0
2024-05-08,obm_tx_count_daily,450856,transactions,daily,OBM v0.1.0
2024-05-09,obm_tx_count_daily,517193,transactions,daily,OBM v0.1.0
2024-05-10,obm_tx_count_daily,713791,transactions,daily,OBM v0.1.0
2024-05-11,obm_tx_count_daily,719306,transactions,daily,OBM v0.1.0
2024-05-12,obm_tx_count_daily,557164,transactions,daily,OBM v0.1.0
2024-05-13,obm_tx_count_daily,554780,transactions,daily,OBM v0.1.0
2024-05-14,obm_tx_count_daily,422043,transactions,daily,OBM v0.1.0
2024-05-15,obm_tx_count_daily,493012,transactions,daily,OBM v0.1.0
2024-05-16,obm_tx_count_daily,476659,transactions,daily,OBM v0.1.0
2024-05-17,obm_tx_count_daily,573492,transactions,daily,OBM v0.1.0
2024-05-18,obm_tx_count_daily,401264,transactions,daily,OBM v0.1.0
2024-05-19,obm_tx_count_daily,644119,transactions,daily,OBM v0.1.0
2024-05-20,obm_tx_count_daily,626995,transactions,daily,OBM v0.1.0
2024-05-21,obm_tx_count_daily,545041,transactions,daily,OBM v0.1.0
2024-05-22,obm_tx_count_daily,583279,transactions,daily,OBM v0.1.0
2024-05-23,obm_tx_count_daily,744761,transactions,daily,OBM v0.1.0
2024-05-24,obm_tx_count_daily,736439,transactions,daily,OBM v0.1.0
2024-05-25,obm_tx_count_daily,835040,transactions,daily,OBM v0.1.0
2024-05-26,obm_tx_count_daily,852655,transactions,daily,OBM v0.1.0
2024-05-27,obm_tx_count_daily,551610,transactions,daily,OBM v0.1.0
2024-05-28,obm_tx_count_daily,596790,transactions,daily,OBM v0.1.0
2024-05-29,obm_tx_count_daily,725428,transactions,daily,OBM v0.1.0
2024-05-30,obm_tx_count_daily,510417,transactions,daily,OBM v0.1.0
2024-05-31,obm_tx_count_daily,701471,transactions,daily,OBM v0.1.0
2024-06-01,obm_tx_count_daily,740030,transactions,daily,OBM v0.1.0
2024-06-02,obm_tx_count_daily,729202,transactions,daily,OBM v0.1.0
2024-06-03,obm_tx_count_daily,769224,transactions,daily,OBM v0.1.0
2024-06-04,obm_tx_count_daily,627980,transactions,daily,OBM v0.1.0
2024-06-05,obm_tx_count_daily,562049,transactions,daily,OBM v0.1.0
2024-06-06,obm_tx_count_daily,613472,transactions,daily,OBM v0.1.0
2024-06-07,obm_tx_count_daily,263982,transactions,daily,OBM v0.1.0
2024-06-08,obm_tx_count_daily,509927,transactions,daily,OBM v0.1.0
2024-06-09,obm_tx_count_daily,767920,transactions,daily,OBM v0.1.0
2024-06-10,obm_tx_count_daily,658037,transactions,daily,OBM v0.1.0
2024-06-11,obm_tx_count_daily,463737,transactions,daily,OBM v0.1.0
2024-06-12,obm_tx_count_daily,690560,transactions,daily,OBM v0.1.0
2024-06-13,obm_tx_count_daily,731254,transactions,daily,OBM v0.1.0
2024-06-14,obm_tx_count_daily,604349,transactions,daily,OBM v0.1.0
2024-06-15,obm_tx_count_daily,452945,transactions,daily,OBM v0.1.0
2024-06-16,obm_tx_count_daily,461748,transactions,daily,OBM v0.1.0
2024-06-17,obm_tx_count_daily,441215,transactions,daily,OBM v0.1.0
2024-06-18,obm_tx_count_daily,617202,transactions,daily,OBM v0.1.0
2024-06-19,obm_tx_count_daily,634554,transactions,daily,OBM v0.1.0
2024-06-20,obm_tx_count_daily,532756,transactions,daily,OBM v0.1.0
2024-06-21,obm_tx_count_daily,592843,transactions,daily,OBM v0.1.0
2024-06-22,obm_tx_count_daily,681420,transactions,daily,OBM v0.1.0
2024-06-23,obm_tx_count_daily,492352,transactions,daily,OBM v0.1.0
2024-06-24,obm_tx_count_daily,528326,transactions,daily,OBM v0.1.0
2024-06-25,obm_tx_count_daily,536347,transactions,daily,OBM v0.1.0
2024-06-26,obm_tx_count_daily,490817,transactions,daily,OBM v0.1.0
2024-06-27,obm_tx_count_daily,414624,transactions,daily,OBM v0.1.0
2024-06-28,obm_tx_count_daily,593984,transactions,daily,OBM v0.1.0
2024-06-29,obm_tx_count_daily,712249,transactions,daily,OBM v0.1.0
2024-06-30,obm_tx_count_daily,505127,transactions,daily,OBM v0.1.0
2024-07-01,obm_tx_count_daily,611062,transactions,daily,OBM v0.1.0
2024-07-02,obm_tx_count_daily,592285,transactions,daily,OBM v0.1.0
2024-07-03,obm_tx_count_daily,545044,transactions,daily,OBM v0.1.0
2024-07-04,obm_tx_count_daily,538097,transactions,daily,OBM v0.1.0
2024-07-05,obm_tx_count_daily,490537,transactions,daily,OBM v0.1.0
2024-07-06,obm_tx_count_daily,658042,transactions,daily,OBM v0.1.0
2024-07-07,obm_tx_count_daily,673752,transactions,daily,OBM v0.1.0
2024-07-08,obm_tx_count_daily,593010,transactions,daily,OBM v0.1.0
2024-07-09,obm_tx_count_daily,654037,transactions,daily,OBM v0.1.0
2024-07-10,obm_tx_count_daily,631745,transactions,daily,OBM v0.1.0
2024-07-11,obm_tx_count_daily,642066,transactions,daily,OBM v0.1.0
2024-07-12,obm_tx_count_daily,658355,transactions,daily,OBM v0.1.0
2024-07-13,obm_tx_count_daily,735686,transactions,daily,OBM v0.1.0
2024-07-14,obm_tx_count_daily,586548,transactions,daily,OBM v0.1.0
2024-07-15,obm_tx_count_daily,552901,transactions,daily,OBM v0.1.0
2024-07-16,obm_tx_count_daily,529056,transactions,daily,OBM v0.1.0
2024-07-17,obm_tx_count_daily,615870,transactions,daily,OBM v0.1.0
2024-07-18,obm_tx_count_daily,445574,transactions,daily,OBM v0.1.0
2024-07-19,obm_tx_count_daily,507940,transactions,daily,OBM v0.1.0
2024-07-20,obm_tx_count_daily,680335,transactions,daily,OBM v0.1.0
2024-07-21,obm_tx_count_daily,859629,transactions,daily,OBM v0.1.0
2024-07-22,obm_tx_count_daily,824999,transactions,daily,OBM v0.1.0
2024-07-23,obm_tx_count_daily,838977,transactions,daily,OBM v0.1.0
2024-07-24,obm_tx_count_daily,596458,transactions,daily,OBM v0.1.0
2024-07-25,obm_tx_count_daily,719711,transactions,daily,OBM v0.1.0
2024-07-26,obm_tx_count_daily,459067,transactions,daily,OBM v0.1.0
2024-07-27,obm_tx_count_daily,445730,transactions,daily,OBM v0.1.0
2024-07-28,obm_tx_count_daily,753703,transactions,daily,OBM v0.1.0
2024-07-29,obm_tx_count_daily,826129,transactions,daily,OBM v0.1.0
2024-07-30,obm_tx_count_daily,683096,transactions,daily,OBM v0.1.0
2024-07-31,obm_tx_count_daily,562819,transactions,daily,OBM v0.1.0
2024-08-01,obm_tx_count_daily,544430,transactions,daily,OBM v0.1.0
2024-08-02,obm_tx_count_daily,410113,transactions,daily,OBM v0.1.0
2024-08-03,obm_tx_count_daily,504062,transactions,daily,OBM v0.1.0
2024-08-04,obm_tx_count_daily,524595,transactions,daily,OBM v0.1.0
2024-08-05,obm_tx_count_daily,548857,transactions,daily,OBM v0.1.0
2024-08-06,obm_tx_count_daily,485173,transactions,daily,OBM v0.1.0
2024-08-07,obm_tx_count_daily,380097,transactions,daily,OBM v0.1.0
2024-08-08,obm_tx_count_daily,487399,transactions,daily,OBM v0.1.0
2024-08-09,obm_tx_count_daily,396419,transactions,daily,OBM v0.1.0
2024-08-10,obm_tx_count_daily,548777,transactions,daily,OBM v0.1.0
2024-08-11,obm_tx_count_daily,644814,transactions,daily,OBM v0.1.0
2024-08-12,obm_tx_count_daily,450024,transactions,daily,OBM v0.1.0
2024-08-13,obm_tx_count_daily,579618,transactions,daily,OBM v0.1.0
2024-08-14,obm_tx_count_daily,504701,transactions,daily,OBM v0.1.0
2024-08-15,obm_tx_count_daily,660924,transactions,daily,OBM v0.1.0
2024-08-16,obm_tx_count_daily,575811,transactions,daily,OBM v0.1.0
2024-08-17,obm_tx_count_daily,702540,transactions,daily,OBM v0.1.0
2024-08-18,obm_tx_count_daily,769702,transactions,daily,OBM v0.1.0
2024-08-19,obm_tx_count_daily,553394,transactions,daily,OBM v0.1.0
2024-08-20,obm_tx_count_daily,717337,transactions,daily,OBM v0.1.0
2024-08-21,obm_tx_count_daily,687685,transactions,daily,OBM v0.1.0
2024-08-22,obm_tx_count_daily,795102,transactions,daily,OBM v0.1.0
2024-08-23,obm_tx_count_daily,799839,transactions,daily,OBM v0.1.0
2024-08-24,obm_tx_count_daily,794380,transactions,daily,OBM v0.1.0
2024-08-25,obm_tx_count_daily,705838,transactions,daily,OBM v0.1.0
2024-08-26,obm_tx_count_daily,600722,transactions,daily,OBM v0.1.0
2024-08-27,obm_tx_count_daily,673811,transactions,daily,OBM v0.1.0
2024-08-28,obm_tx_count_daily,733530,transactions,daily,OBM v0.1.0
2024-08-29,obm_tx_count_daily,524362,transactions,daily,OBM v0.1.0
2024-08-30,obm_tx_count_daily,542101,transactions,daily,OBM v0.1.0
2024-08-31,obm_tx_count_daily,701952,transactions,daily,OBM v0.1.0
2024-09-01,obm_tx_count_daily,651871,transactions,daily,OBM v0.1.0
2024-09-02,obm_tx_count_daily,754904,transactions,daily,OBM v0.1.0
2024-09-03,obm_tx_count_daily,582751,transactions,daily,OBM v0.1.0
2024-09-04,obm_tx_count_daily,722736,transactions,daily,OBM v0.1.0
2024-09-05,obm_tx_count_daily,721251,transactions,daily,OBM v0.1.0
2024-09-06,obm_tx_count_daily,667267,transactions,daily,OBM v0.1.0
2024-09-07,obm_tx_count_daily,781426,transactions,daily,OBM v0.1.0
2024-09-08,obm_tx_count_daily,910083,transactions,daily,OBM v0.1.0
2024-09-09,obm_tx_count_daily,572398,transactions,daily,OBM v0.1.0
2024-09-10,obm_tx_count_daily,568630,transactions,daily,OBM v0.1.0
2024-09-11,obm_tx_count_daily,411402,transactions,daily,OBM v0.1.0
2024-09-12,obm_tx_count_daily,563521,transactions,daily,OBM v0.1.0
2024-09-13,obm_tx_count_daily,419047,transactions,daily,OBM v0.1.0
2024-09-14,obm_tx_count_daily,638989,transactions,daily,OBM v0.1.0
2024-09-15,obm_tx_count_daily,712474,transactions,daily,OBM v0.1.0
2024-09-16,obm_tx_count_daily,504540,transactions,daily,OBM v0.1.0
2024-09-17,obm_tx_count_daily,539113,transactions,daily,OBM v0.1.0
2024-09-18,obm_tx_count_daily,541476,transactions,daily,OBM v0.1.0
2024-09-19,obm_tx_count_daily,455707,transactions,daily,OBM v0.1.0
2024-09-20,obm_tx_count_daily,526390,transactions,daily,OBM v0.1.0
2024-09-21,obm_tx_count_daily,557444,transactions,daily,OBM v0.1.0
2024-09-22,obm_tx_count_daily,628230,transactions,daily,OBM v0.1.0
2024-09-23,obm_tx_count_daily,580102,transactions,daily,OBM v0.1.0
2024-09-24,obm_tx_count_daily,532220,transactions,daily,OBM v0.1.0
2024-09-25,obm_tx_count_daily,503460,transactions,daily,OBM v0.1.0
2024-09-26,obm_tx_count_daily,474766,transactions,daily,OBM v0.1.0
2024-09-27,obm_tx_count_daily,451723,transactions,daily,OBM v0.1.0
2024-09-28,obm_tx_count_daily,507707,transactions,daily,OBM v0.1.0
2024-09-29,obm_tx_count_daily,687427,transactions,daily,OBM v0.1.0
2024-09-30,obm_tx_count_daily,594224,transactions,daily,OBM v0.1.0
2024-10-01,obm_tx_count_daily,632894,transactions,daily,OBM v0.1.0
2024-10-02,obm_tx_count_daily,590981,transactions,daily,OBM v0.1.0
2024-10-03,obm_tx_count_daily,582777,transactions,daily,OBM v0.1.0
2024-10-04,obm_tx_count_daily,561425,transactions,daily,OBM v0.1.0
2024-10-05,obm_tx_count_daily,757575,transactions,daily,OBM v0.1.0
2024-10-06,obm_tx_count_daily,742158,transactions,daily,OBM v0.1.0
2024-10-07,obm_tx_count_daily,717700,transactions,daily,OBM v0.1.0
2024-10-08,obm_tx_count_daily,719458,transactions,daily,OBM v0.1.0
2024-10-09,obm_tx_count_daily,536887,transactions,daily,OBM v0.1.0
2024-10-10,obm_tx_count_daily,746211,transactions,daily,OBM v0.1.0
2024-10-11,obm_tx_count_daily,633252,transactions,daily,OBM v0.1.0
2024-10-12,obm_tx_count_daily,736321,transactions,daily,OBM v0.1.0
2024-10-13,obm_tx_count_daily,648739,transactions,daily,OBM v0.1.0
2024-10-14,obm_tx_count_daily,611683,transactions,daily,OBM v0.1.0
2024-10-15,obm_tx_count_daily,646891,transactions,daily,OBM v0.1.0
2024-10-16,obm_tx_count_daily,708342,transactions,daily,OBM v0.1.0
2024-10-17,obm_tx_count_daily,653027,transactions,daily,OBM v0.1.0
2024-10-18,obm_tx_count_daily,474279,transactions,daily,OBM v0.1.0
2024-10-19,obm_tx_count_daily,735561,transactions,daily,OBM v0.1.0
2024-10-20,obm_tx_count_daily,778073,transactions,daily,OBM v0.1.0
2024-10-21,obm_tx_count_daily,835011,transactions,daily,OBM v0.1.0
2024-10-22,obm_tx_count_daily,700174,transactions,daily,OBM v0.1.0
2024-10-23,obm_tx_count_daily,665187,transactions,daily,OBM v0.1.0
2024-10-24,obm_tx_count_daily,681834,transactions,daily,OBM v0.1.0
2024-10-25,obm_tx_count_daily,524014,transactions,daily,OBM v0.1.0
2024-10-26,obm_tx_count_daily,597744,transactions,daily,OBM v0.1.0
2024-10-27,obm_tx_count_daily,700814,transactions,daily,OBM v0.1.0
2024-10-28,obm_tx_count_daily,702824,transactions,daily,OBM v0.1.0
2024-10-29,obm_tx_count_daily,614981,transactions,daily,OBM v0.1.0
2024-10-30,obm_tx_count_daily,682099,transactions,daily,OBM v0.1.0
2024-10-31,obm_tx_count_daily,562237,transactions,daily,OBM v0.1.0
2024-11-01,obm_tx_count_daily,547888,transactions,daily,OBM v0.1.0
2024-11-02,obm_tx_count_daily,544612,transactions,daily,OBM v0.1.0
2024-11-03,obm_tx_count_daily,455402,transactions,daily,OBM v0.1.0
2024-11-04,obm_tx_count_daily,456826,transactions,daily,OBM v0.1.0
2024-11-05,obm_tx_count_daily,465286,transactions,daily,OBM v0.1.0
2024-11-06,obm_tx_count_daily,501641,transactions,daily,OBM v0.1.0
2024-11-07,obm_tx_count_daily,553047,transactions,daily,OBM v0.1.0
2024-11-08,obm_tx_count_daily,497146,transactions,daily,OBM v0.1.0
2024-11-09,obm_tx_count_daily,577368,transactions,daily,OBM v0.1.0
2024-11-10,obm_tx_count_daily,558278,transactions,daily,OBM v0.1.0
2024-11-11,obm_tx_count_daily,462458,transactions,daily,OBM v0.1.0
2024-11-12,obm_tx_count_daily,503677,transactions,daily,OBM v0.1.0
2024-11-13,obm_tx_count_daily,570979,transactions,daily,OBM v0.1.0
2024-11-14,obm_tx_count_daily,503566,transactions,daily,OBM v0.1.0
2024-11-15,obm_tx_count_daily,562223,transactions,daily,OBM v0.1.0
2024-11-16,obm_tx_count_daily,602655,transactions,daily,OBM v0.1.0
2024-11-17,obm_tx_count_daily,598496,transactions,daily,OBM v0.1.0
2024-11-18,obm_tx_count_daily,673308,transactions,daily,OBM v0.1.0
2024-11-19,obm_tx_count_daily,810805,transactions,daily,OBM v0.1.0
2024-11-20,obm_tx_count_daily,664866,transactions,daily,OBM v0.1.0
2024-11-21,obm_tx_count_daily,498512,transactions,daily,OBM v0.1.0
2024-11-22,obm_tx_count_daily,540305,transactions,daily,OBM v0.1.0
2024-11-23,obm_tx_count_daily,444699,transactions,daily,OBM v0.1.0
2024-11-24,obm_tx_count_daily,463289,transactions,daily,OBM v0.1.0
2024-11-25,obm_tx_count_daily,604870,transactions,daily,OBM v0.1.0
2024-11-26,obm_tx_count_daily,475689,transactions,daily,OBM v0.1.0
2024-11-27,obm_tx_count_daily,462119,transactions,daily,OBM v0.1.0
2024-11-28,obm_tx_count_daily,523480,transactions,daily,OBM v0.1.0
2024-11-29,obm_tx_count_daily,341781,transactions,daily,OBM v0.1.0
2024-11-30,obm_tx_count_daily,640943,transactions,daily,OBM v0.1.0
2024-12-01,obm_tx_count_daily,698223,transactions,daily,OBM v0.1.0
2024-12-02,obm_tx_count_daily,311811,transactions,daily,OBM v0.1.0
2024-12-03,obm_tx_count_daily,439519,transactions,daily,OBM v0.1.0
2024-12-04,obm_tx_count_daily,502912,transactions,daily,OBM v0.1.0
2024-12-05,obm_tx_count_daily,512490,transactions,daily,OBM v0.1.0
2024-12-06,obm_tx_count_daily,414643,transactions,daily,OBM v0.1.0
2024-12-07,obm_tx_count_daily,456101,transactions,daily,OBM v0.1.0
2024-12-08,obm_tx_count_daily,420320,transactions,daily,OBM v0.1.0
2024-12-09,obm_tx_count_daily,403264,transactions,daily,OBM v0.1.0
2024-12-10,obm_tx_count_daily,441944,transactions,daily,OBM v0.1.0
2024-12-11,obm_tx_count_daily,481168,transactions,daily,OBM v0.1.0
2024-12-12,obm_tx_count_daily,474978,transactions,daily,OBM v0.1.0
2024-12-13,obm_tx_count_daily,523585,transactions,daily,OBM v0.1.0
2024-12-14,obm_tx_count_daily,517482,transactions,daily,OBM v0.1.0
2024-12-15,obm_tx_count_daily,378527,transactions,daily,OBM v0.1.0
2024-12-16,obm_tx_count_daily,412747,transactions,daily,OBM v0.1.0
2024-12-17,obm_tx_count_daily,419707,transactions,daily,OBM v0.1.0
2024-12-18,obm_tx_count_daily,414366,transactions,daily,OBM v0.1.0
2024-12-19,obm_tx_count_daily,437574,transactions,daily,OBM v0.1.0
2024-12-20,obm_tx_count_daily,398670,transactions,daily,OBM v0.1.0
2024-12-21,obm_tx_count_daily,330225,transactions,daily,OBM v0.1.0
2024-12-22,obm_tx_count_daily,336217,transactions,daily,OBM v0.1.0
2024-12-23,obm_tx_count_daily,292681,transactions,daily,OBM v0.1.0
2024-12-24,obm_tx_count_daily,326570,transactions,daily,OBM v0.1.0
2024-12-25,obm_tx_count_daily,405831,transactions,daily,OBM v0.1.0
2024-12-26,obm_tx_count_daily,298916,transactions,daily,OBM v0.1.0
2024-12-27,obm_tx_count_daily,348241,transactions,daily,OBM v0.1.0
2024-12-28,obm_tx_count_daily,298580,transactions,daily,OBM v0.1.0
2024-12-29,obm_tx_count_daily,419112,transactions,daily,OBM v0.1.0
2024-12-30,obm_tx_count_daily,374721,transactions,daily,OBM v0.1.0
2024-12-31,obm_tx_count_daily,312513,transactions,daily,OBM v0.1.0
2025-01-01,obm_tx_count_daily,292213,transactions,daily,OBM v0.1.0
2025-01-02,obm_tx_count_daily,402440,transactions,daily,OBM v0.1.0
2025-01-03,obm_tx_count_daily,409341,transactions,daily,OBM v0.1.0
2025-01-04,obm_tx_count_daily,432302,transactions,daily,OBM v0.1.0
2025-01-05,obm_tx_count_daily,433954,transactions,daily,OBM v0.1.0
2025-01-06,obm_tx_count_daily,366260,transactions,daily,OBM v0.1.0
2025-01-07,obm_tx_count_daily,352121,transactions,daily,OBM v0.1.0
2025-01-08,obm_tx_count_daily,399976,transactions,daily,OBM v0.1.0
2025-01-09,obm_tx_count_daily,534013,transactions,daily,OBM v0.1.0
2025-01-10,obm_tx_count_daily,408769,transactions,daily,OBM v0.1.0
2025-01-11,obm_tx_count_daily,361190,transactions,daily,OBM v0.1.0
2025-01-12,obm_tx_count_daily,380525,transactions,daily,OBM v0.1.0
2025-01-13,obm_tx_count_daily,408248,transactions,daily,OBM v0.1.0
2025-01-14,obm_tx_count_daily,352684,transactions,daily,OBM v0.1.0
2025-01-15,obm_tx_count_daily,354014,transactions,daily,OBM v0.1.0
2025-01-16,obm_tx_count_daily,375439,transactions,daily,OBM v0.1.0
2025-01-17,obm_tx_count_daily,425661,transactions,daily,OBM v0.1.0
2025-01-18,obm_tx_count_daily,360666,transactions,daily,OBM v0.1.0
2025-01-19,obm_tx_count_daily,388509,transactions,daily,OBM v0.1.0
2025-01-20,obm_tx_count_daily,350291,transactions,daily,OBM v0.1.0
2025-01-21,obm_tx_count_daily,324412,transactions,daily,OBM v0.1.0
2025-01-22,obm_tx_count_daily,432369,transactions,daily,OBM v0.1.0
2025-01-23,obm_tx_count_daily,326010,transactions,daily,OBM v0.1.0
2025-01-24,obm_tx_count_daily,369243,transactions,daily,OBM v0.1.0
2025-01-25,obm_tx_count_daily,338988,transactions,daily,OBM v0.1.0
2025-01-26,obm_tx_count_daily,309651,transactions,daily,OBM v0.1.0
2025-01-27,obm_tx_count_daily,332102,transactions,daily,OBM v0.1.0
2025-01-28,obm_tx_count_daily,305953,transactions,daily,OBM v0.1.0
2025-01-29,obm_tx_count_daily,355332,transactions,daily,OBM v0.1.0
2025-01-30,obm_tx_count_daily,335134,transactions,daily,OBM v0.1.0
2025-01-31,obm_tx_count_daily,328684,transactions,daily,OBM v0.1.0
2025-02-01,obm_tx_count_daily,357439,transactions,daily,OBM v0.1.0
2025-02-02,obm_tx_count_daily,383258,transactions,daily,OBM v0.1.0
2025-02-03,obm_tx_count_daily,360484,transactions,daily,OBM v0.1.0
2025-02-04,obm_tx_count_daily,308619,transactions,daily,OBM v0.1.0
2025-02-05,obm_tx_count_daily,381126,transactions,daily,OBM v0.1.0
2025-02-06,obm_tx_count_daily,428326,transactions,daily,OBM v0.1.0
2025-02-07,obm_tx_count_daily,498394,transactions,daily,OBM v0.1.0
2025-02-08,obm_tx_count_daily,469138,transactions,daily,OBM v0.1.0
2025-02-09,obm_tx_count_daily,385420,transactions,daily,OBM v0.1.0
2025-02-10,obm_tx_count_daily,359522,transactions,daily,OBM v0.1.0
2025-02-11,obm_tx_count_daily,337513,transactions,daily,OBM v0.1.0
2025-02-12,obm_tx_count_daily,386539,transactions,daily,OBM v0.1.0
2025-02-13,obm_tx_count_daily,379906,transactions,daily,OBM v0.1.0
2025-02-14,obm_tx_count_daily,346002,transactions,daily,OBM v0.1.0
2025-02-15,obm_tx_count_daily,306930,transactions,daily,OBM v0.1.0
2025-02-16,obm_tx_count_daily,300091,transactions,daily,OBM v0.1.0
2025-02-17,obm_tx_count_daily,333466,transactions,daily,OBM v0.1.0
2025-02-18,obm_tx_count_daily,422709,transactions,daily,OBM v0.1.0
2025-02-19,obm_tx_count_daily,448569,transactions,daily,OBM v0.1.0
2025-02-20,obm_tx_count_daily,480465,transactions,daily,OBM v0.1.0
2025-02-21,obm_tx_count_daily,459909,transactions,daily,OBM v0.1.0
2025-02-22,obm_tx_count_daily,551849,transactions,daily,OBM v0.1.0
2025-02-23,obm_tx_count_daily,572814,transactions,daily,OBM v0.1.0
2025-02-24,obm_tx_count_daily,514086,transactions,daily,OBM v0.1.0
2025-02-25,obm_tx_count_daily,497063,transactions,daily,OBM v0.1.0
2025-02-26,obm_tx_count_daily,403575,transactions,daily,OBM v0.1.0
2025-02-27,obm_tx_count_daily,325162,transactions,daily,OBM v0.1.0
2025-02-28,obm_tx_count_daily,386183,transactions,daily,OBM v0.1.0
2025-03-01,obm_tx_count_daily,290895,transactions,daily,OBM v0.1.0
2025-03-02,obm_tx_count_daily,264912,transactions,daily,OBM v0.1.0
2025-03-03,obm_tx_count_daily,374224,transactions,daily,OBM v0.1.0
2025-03-04,obm_tx_count_daily,304773,transactions,daily,OBM v0.1.0
2025-03-05,obm_tx_count_daily,309176,transactions,daily,OBM v0.1.0
2025-03-06,obm_tx_count_daily,370349,transactions,daily,OBM v0.1.0
2025-03-07,obm_tx_count_daily,313588,transactions,daily,OBM v0.1.0
2025-03-08,obm_tx_count_daily,292451,transactions,daily,OBM v0.1.0
2025-03-09,obm_tx_count_daily,300380,transactions,daily,OBM v0.1.0
2025-03-10,obm_tx_count_daily,446224,transactions,daily,OBM v0.1.0
2025-03-11,obm_tx_count_daily,376740,transactions,daily,OBM v0.1.0
2025-03-12,obm_tx_count_daily,428828,transactions,daily,OBM v0.1.0
2025-03-13,obm_tx_count_daily,532638,transactions,daily,OBM v0.1.0
2025-03-14,obm_tx_count_daily,439189,transactions,daily,OBM v0.1.0
2025-03-15,obm_tx_count_daily,473428,transactions,daily,OBM v0.1.0
2025-03-16,obm_tx_count_daily,471115,transactions,daily,OBM v0.1.0
2025-03-17,obm_tx_count_daily,380493,transactions,daily,OBM v0.1.0
2025-03-18,obm_tx_count_daily,369237,transactions,daily,OBM v0.1.0
2025-03-19,obm_tx_count_daily,441661,transactions,daily,OBM v0.1.0
2025-03-20,obm_tx_count_daily,337973,transactions,daily,OBM v0.1.0
2025-03-21,obm_tx_count_daily,321230,transactions,daily,OBM v0.1.0
2025-03-22,obm_tx_count_daily,413839,transactions,daily,OBM v0.1.0
2025-03-23,obm_tx_count_daily,533755,transactions,daily,OBM v0.1.0
2025-03-24,obm_tx_count_daily,483673,transactions,daily,OBM v0.1.0
2025-03-25,obm_tx_count_daily,505859,transactions,daily,OBM v0.1.0
2025-03-26,obm_tx_count_daily,515068,transactions,daily,OBM v0.1.0
2025-03-27,obm_tx_count_daily,437476,transactions,daily,OBM v0.1.0
2025-03-28,obm_tx_count_daily,397685,transactions,daily,OBM v0.1.0
2025-03-29,obm_tx_count_daily,290139,transactions,daily,OBM v0.1.0
2025-03-30,obm_tx_count_daily,305206,transactions,daily,OBM v0.1.0
2025-03-31,obm_tx_count_daily,318279,transactions,daily,OBM v0.1.0
2025-04-01,obm_tx_count_daily,356323,transactions,daily,OBM v0.1.0
2025-04-02,obm_tx_count_daily,399055,transactions,daily,OBM v0.1.0
2025-04-03,obm_tx_count_daily,392043,transactions,daily,OBM v0.1.0
2025-04-04,obm_tx_count_daily,429861,transactions,daily,OBM v0.1.0
2025-04-05,obm_tx_count_daily,293474,transactions,daily,OBM v0.1.0
2025-04-06,obm_tx_count_daily,279475,transactions,daily,OBM v0.1.0
2025-04-07,obm_tx_count_daily,309387,transactions,daily,OBM v0.1.0
2025-04-08,obm_tx_count_daily,363972,transactions,daily,OBM v0.1.0
2025-04-09,obm_tx_count_daily,317312,transactions,daily,OBM v0.1.0
2025-04-10,obm_tx_count_daily,322464,transactions,daily,OBM v0.1.0
2025-04-11,obm_tx_count_daily,405030,transactions,daily,OBM v0.1.0
2025-04-12,obm_tx_count_daily,409511,transactions,daily,OBM v0.1.0
2025-04-13,obm_tx_count_daily,455139,transactions,daily,OBM v0.1.0
2025-04-14,obm_tx_count_daily,441688,transactions,daily,OBM v0.1.0
2025-04-15,obm_tx_count_daily,442899,transactions,daily,OBM v0.1.0
2025-04-16,obm_tx_count_daily,507129,transactions,daily,OBM v0.1.0
2025-04-17,obm_tx_count_daily,557181,transactions,daily,OBM v0.1.0
2025-04-18,obm_tx_count_daily,508733,transactions,daily,OBM v0.1.0
2025-04-19,obm_tx_count_daily,545076,transactions,daily,OBM v0.1.0
2025-04-20,obm_tx_count_daily,468737,transactions,daily,OBM v0.1.0
2025-04-21,obm_tx_count_daily,444986,transactions,daily,OBM v0.1.0
2025-04-22,obm_tx_count_daily,518267,transactions,daily,OBM v0.1.0
2025-04-23,obm_tx_count_daily,418203,transactions,daily,OBM v0.1.0
2025-04-24,obm_tx_count_daily,464739,transactions,daily,OBM v0.1.0
2025-04-25,obm_tx_count_daily,392451,transactions,daily,OBM v0.1.0
2025-04-26,obm_tx_count_daily,321357,transactions,daily,OBM v0.1.0
2025-04-27,obm_tx_count_daily,441827,transactions,daily,OBM v0.1.0
2025-04-28,obm_tx_count_daily,409765,transactions,daily,OBM v0.1.0
2025-04-29,obm_tx_count_daily,467725,transactions,daily,OBM v0.1.0
2025-04-30,obm_tx_count_daily,350729,transactions,daily,OBM v0.1.0
2025-05-01,obm_tx_count_daily,331199,transactions,daily,OBM v0.1.0
2025-05-02,obm_tx_count_daily,379268,transactions,daily,OBM v0.1.0
2025-05-03,obm_tx_count_daily,389717,transactions,daily,OBM v0.1.0
2025-05-04,obm_tx_count_daily,347977,transactions,daily,OBM v0.1.0
2025-05-05,obm_tx_count_daily,402262,transactions,daily,OBM v0.1.0
2025-05-06,obm_tx_count_daily,332218,transactions,daily,OBM v0.1.0
2025-05-07,obm_tx_count_daily,343011,transactions,daily,OBM v0.1.0
2025-05-08,obm_tx_count_daily,373813,transactions,daily,OBM v0.1.0
2025-05-09,obm_tx_count_daily,334543,transactions,daily,OBM v0.1.0
2025-05-10,obm_tx_count_daily,331074,transactions,daily,OBM v0.1.0
2025-05-11,obm_tx_count_daily,281756,transactions,daily,OBM v0.1.0
2025-05-12,obm_tx_count_daily,378285,transactions,daily,OBM v0.1.0
2025-05-13,obm_tx_count_daily,295785,transactions,daily,OBM v0.1.0
2025-05-14,obm_tx_count_daily,326818,transactions,daily,OBM v0.1.0
2025-05-15,obm_tx_count_daily,374153,transactions,daily,OBM v0.1.0
2025-05-16,obm_tx_count_daily,363786,transactions,daily,OBM v0.1.0
2025-05-17,obm_tx_count_daily,291797,transactions,daily,OBM v0.1.0
2025-05-18,obm_tx_count_daily,629314,transactions,daily,OBM v0.1.0
2025-05-19,obm_tx_count_daily,585883,transactions,daily,OBM v0.1.0
2025-05-20,obm_tx_count_daily,569769,transactions,daily,OBM v0.1.0
2025-05-21,obm_tx_count_daily,422191,transactions,daily,OBM v0.1.0
2025-05-22,obm_tx_count_daily,467803,transactions,daily,OBM v0.1.0
2025-05-23,obm_tx_count_daily,444625,transactions,daily,OBM v0.1.0
2025-05-24,obm_tx_count_daily,395420,transactions,daily,OBM v0.1.0
2025-05-25,obm_tx_count_daily,356355,transactions,daily,OBM v0.1.0
2025-05-26,obm_tx_count_daily,358290,transactions,daily,OBM v0.1.0
2025-05-27,obm_tx_count_daily,422984,transactions,daily,OBM v0.1.0
2025-05-28,obm_tx_count_daily,541153,transactions,daily,OBM v0.1.0
2025-05-29,obm_tx_count_daily,382859,transactions,daily,OBM v0.1.0
2025-05-30,obm_tx_count_daily,396232,transactions,daily,OBM v0.1.0
2025-05-31,obm_tx_count_daily,299392,transactions,daily,OBM v0.1.0
2025-06-01,obm_tx_count_daily,256072,transactions,daily,OBM v0.1.0
2025-06-02,obm_tx_count_daily,346488,transactions,daily,OBM v0.1.0
2025-06-03,obm_tx_count_daily,358895,transactions,daily,OBM v0.1.0
2025-06-04,obm_tx_count_daily,337037,transactions,daily,OBM v0.1.0
2025-06-05,obm_tx_count_daily,320509,transactions,daily,OBM v0.1.0
2025-06-06,obm_tx_count_daily,298643,transactions,daily,OBM v0.1.0
2025-06-07,obm_tx_count_daily,290718,transactions,daily,OBM v0.1.0
2025-06-08,obm_tx_count_daily,307505,transactions,daily,OBM v0.1.0
2025-06-09,obm_tx_count_daily,361275,transactions,daily,OBM v0.1.0
2025-06-10,obm_tx_count_daily,428797,transactions,daily,OBM v0.1.0
2025-06-11,obm_tx_count_daily,347263,transactions,daily,OBM v0.1.0
2025-06-12,obm_tx_count_daily,425413,transactions,daily,OBM v0.1.0
2025-06-13,obm_tx_count_daily,351499,transactions,daily,OBM v0.1.0
2025-06-14,obm_tx_count_daily,273850,transactions,daily,OBM v0.1.0
2025-06-15,obm_tx_count_daily,281934,transactions,daily,OBM v0.1.0
2025-06-16,obm_tx_count_daily,361092,transactions,daily,OBM v0.1.0
2025-06-17,obm_tx_count_daily,354536,transactions,daily,OBM v0.1.0
2025-06-18,obm_tx_count_daily,441317,transactions,daily,OBM v0.1.0
2025-06-19,obm_tx_count_daily,308332,transactions,daily,OBM v0.1.0
2025-06-20,obm_tx_count_daily,353459,transactions,daily,OBM v0.1.0
2025-06-21,obm_tx_count_daily,309613,transactions,daily,OBM v0.1.0
2025-06-22,obm_tx_count_daily,265421,transactions,daily,OBM v0.1.0
2025-06-23,obm_tx_count_daily,290678,transactions,daily,OBM v0.1.0
2025-06-24,obm_tx_count_daily,279124,transactions,daily,OBM v0.1.0
2025-06-25,obm_tx_count_daily,387919,transactions,daily,OBM v0.1.0
2025-06-26,obm_tx_count_daily,504341,transactions,daily,OBM v0.1.0
2025-06-27,obm_tx_count_daily,335434,transactions,daily,OBM v0.1.0
2025-06-28,obm_tx_count_daily,388943,transactions,daily,OBM v0.1.0
2025-06-29,obm_tx_count_daily,380608,transactions,daily,OBM v0.1.0
2025-06-30,obm_tx_count_daily,339268,transactions,daily,OBM v0.1.0
2025-07-01,obm_tx_count_daily,325613,transactions,daily,OBM v0.1.0
2025-07-02,obm_tx_count_daily,366147,transactions,daily,OBM v0.1.0
2025-07-03,obm_tx_count_daily,361041,transactions,daily,OBM v0.1.0
2025-07-04,obm_tx_count_daily,366873,transactions,daily,OBM v0.1.0
2025-07-05,obm_tx_count_daily,427456,transactions,daily,OBM v0.1.0
2025-07-06,obm_tx_count_daily,506401,transactions,daily,OBM v0.1.0
2025-07-07,obm_tx_count_daily,360355,transactions,daily,OBM v0.1.0
2025-07-08,obm_tx_count_daily,354753,transactions,daily,OBM v0.1.0
2025-07-09,obm_tx_count_daily,444726,transactions,daily,OBM v0.1.0
2025-07-10,obm_tx_count_daily,446575,transactions,daily,OBM v0.1.0
2025-07-11,obm_tx_count_daily,408758,transactions,daily,OBM v0.1.0
2025-07-12,obm_tx_count_daily,395744,transactions,daily,OBM v0.1.0
2025-07-13,obm_tx_count_daily,399761,transactions,daily,OBM v0.1.0
2025-07-14,obm_tx_count_daily,457360,transactions,daily,OBM v0.1.0
2025-07-15,obm_tx_count_daily,418737,transactions,daily,OBM v0.1.0
2025-07-16,obm_tx_count_daily,399196,transactions,daily,OBM v0.1.0
2025-07-17,obm_tx_count_daily,433844,transactions,daily,OBM v0.1.0
2025-07-18,obm_tx_count_daily,452162,transactions,daily,OBM v0.1.0
2025-07-19,obm_tx_count_daily,426040,transactions,daily,OBM v0.1.0
2025-07-20,obm_tx_count_daily,414919,transactions,daily,OBM v0.1.0
2025-07-21,obm_tx_count_daily,384438,transactions,daily,OBM v0.1.0
2025-07-22,obm_tx_count_daily,421750,transactions,daily,OBM v0.1.0
2025-07-23,obm_tx_count_daily,366826,transactions,daily,OBM v0.1.0
2025-07-24,obm_tx_count_daily,409736,transactions,daily,OBM v0.1.0
2025-07-25,obm_tx_count_daily,427905,transactions,daily,OBM v0.1.0
2025-07-26,obm_tx_count_daily,573275,transactions,daily,OBM v0.1.0
2025-07-27,obm_tx_count_daily,472894,transactions,daily,OBM v0.1.0
2025-07-28,obm_tx_count_daily,502252,transactions,daily,OBM v0.1.0
2025-07-29,obm_tx_count_daily,350960,transactions,daily,OBM v0.1.0
2025-07-30,obm_tx_count_daily,423333,transactions,daily,OBM v0.1.0
2025-07-31,obm_tx_count_daily,485215,transactions,daily,OBM v0.1.0
2025-08-01,obm_tx_count_daily,400385,transactions,daily,OBM v0.1.0
2025-08-02,obm_tx_count_daily,309743,transactions,daily,OBM v0.1.0
2025-08-03,obm_tx_count_daily,283479,transactions,daily,OBM v0.1.0
2025-08-04,obm_tx_count_daily,443301,transactions,daily,OBM v0.1.0
2025-08-05,obm_tx_count_daily,411399,transactions,daily,OBM v0.1.0
2025-08-06,obm_tx_count_daily,496208,transactions,daily,OBM v0.1.0
2025-08-07,obm_tx_count_daily,565200,transactions,daily,OBM v0.1.0
2025-08-08,obm_tx_count_daily,474798,transactions,daily,OBM v0.1.0
2025-08-09,obm_tx_count_daily,376121,transactions,daily,OBM v0.1.0
2025-08-10,obm_tx_count_daily,400467,transactions,daily,OBM v0.1.0
2025-08-11,obm_tx_count_daily,449633,transactions,daily,OBM v0.1.0
2025-08-12,obm_tx_count_daily,367063,transactions,daily,OBM v0.1.0
2025-08-13,obm_tx_count_daily,441094,transactions,daily,OBM v0.1.0
2025-08-14,obm_tx_count_daily,484085,transactions,daily,OBM v0.1.0
2025-08-15,obm_tx_count_daily,430405,transactions,daily,OBM v0.1.0
2025-08-16,obm_tx_count_daily,401706,transactions,daily,OBM v0.1.0
2025-08-17,obm_tx_count_daily,440879,transactions,daily,OBM v0.1.0
2025-08-18,obm_tx_count_daily,478104,transactions,daily,OBM v0.1.0
2025-08-19,obm_tx_count_daily,412417,transactions,daily,OBM v0.1.0
2025-08-20,obm_tx_count_daily,424869,transactions,daily,OBM v0.1.0
2025-08-21,obm_tx_count_daily,447767,transactions,daily,OBM v0.1.0
2025-08-22,obm_tx_count_daily,459717,transactions,daily,OBM v0.1.0
2025-08-23,obm_tx_count_daily,467080,transactions,daily,OBM v0.1.0
2025-08-24,obm_tx_count_daily,525890,transactions,daily,OBM v0.1.0
2025-08-25,obm_tx_count_daily,482127,transactions,daily,OBM v0.1.0
2025-08-26,obm_tx_count_daily,456605,transactions,daily,OBM v0.1.0
2025-08-27,obm_tx_count_daily,499276,transactions,daily,OBM v0.1.0
2025-08-28,obm_tx_count_daily,575612,transactions,daily,OBM v0.1.0
2025-08-29,obm_tx_count_daily,596157,transactions,daily,OBM v0.1.0
2025-08-30,obm_tx_count_daily,628513,transactions,daily,OBM v0.1.0
2025-08-31,obm_tx_count_daily,472908,transactions,daily,OBM v0.1.0
2025-09-01,obm_tx_count_daily,598757,transactions,daily,OBM v0.1.0
2025-09-02,obm_tx_count_daily,592659,transactions,daily,OBM v0.1.0
2025-09-03,obm_tx_count_daily,411173,transactions,daily,OBM v0.1.0
2025-09-04,obm_tx_count_daily,395181,transactions,daily,OBM v0.1.0
2025-09-05,obm_tx_count_daily,416432,transactions,daily,OBM v0.1.0
2025-09-06,obm_tx_count_daily,441035,transactions,daily,OBM v0.1.0
2025-09-07,obm_tx_count_daily,586276,transactions,daily,OBM v0.1.0
2025-09-08,obm_tx_count_daily,567934,transactions,daily,OBM v0.1.0
2025-09-09,obm_tx_count_daily,619514,transactions,daily,OBM v0.1.0
2025-09-10,obm_tx_count_daily,643239,transactions,daily,OBM v0.1.0
2025-09-11,obm_tx_count_daily,598468,transactions,daily,OBM v0.1.0
2025-09-12,obm_tx_count_daily,396513,transactions,daily,OBM v0.1.0
2025-09-13,obm_tx_count_daily,533108,transactions,daily,OBM v0.1.0
2025-09-14,obm_tx_count_daily,534198,transactions,daily,OBM v0.1.0
2025-09-15,obm_tx_count_daily,535154,transactions,daily,OBM v0.1.0
2025-09-16,obm_tx_count_daily,536633,transactions,daily,OBM v0.1.0
2025-09-17,obm_tx_count_daily,362913,transactions,daily,OBM v0.1.0
2025-09-18,obm_tx_count_daily,448521,transactions,daily,OBM v0.1.0
2025-09-19,obm_tx_count_daily,478312,transactions,daily,OBM v0.1.0
2025-09-20,obm_tx_count_daily,498549,transactions,daily,OBM v0.1.0
2025-09-21,obm_tx_count_daily,513490,transactions,daily,OBM v0.1.0
2025-09-22,obm_tx_count_daily,456797,transactions,daily,OBM v0.1.0
2025-09-23,obm_tx_count_daily,495947,transactions,daily,OBM v0.1.0
2025-09-24,obm_tx_count_daily,522936,transactions,daily,OBM v0.1.0
2025-09-25,obm_tx_count_daily,431725,transactions,daily,OBM v0.1.0
2025-09-26,obm_tx_count_daily,419078,transactions,daily,OBM v0.1.0
2025-09-27,obm_tx_count_daily,526116,transactions,daily,OBM v0.1.0
2025-09-28,obm_tx_count_daily,635424,transactions,daily,OBM v0.1.0
2025-09-29,obm_tx_count_daily,444460,transactions,daily,OBM v0.1.0
2025-09-30,obm_tx_count_daily,555361,transactions,daily,OBM v0.1.0
2025-10-01,obm_tx_count_daily,473880,transactions,daily,OBM v0.1.0
2025-10-02,obm_tx_count_daily,381586,transactions,daily,OBM v0.1.0
2025-10-03,obm_tx_count_daily,387726,transactions,daily,OBM v0.1.0
2025-10-04,obm_tx_count_daily,422031,transactions,daily,OBM v0.1.0
2025-10-05,obm_tx_count_daily,525372,transactions,daily,OBM v0.1.0
2025-10-06,obm_tx_count_daily,431274,transactions,daily,OBM v0.1.0
2025-10-07,obm_tx_count_daily,430492,transactions,daily,OBM v0.1.0
2025-10-08,obm_tx_count_daily,427474,transactions,daily,OBM v0.1.0
2025-10-09,obm_tx_count_daily,367782,transactions,daily,OBM v0.1.0
2025-10-10,obm_tx_count_daily,418155,transactions,daily,OBM v0.1.0
2025-10-11,obm_tx_count_daily,444087,transactions,daily,OBM v0.1.0
2025-10-12,obm_tx_count_daily,463487,transactions,daily,OBM v0.1.0
2025-10-13,obm_tx_count_daily,491572,transactions,daily,OBM v0.1.0
2025-10-14,obm_tx_count_daily,562791,transactions,daily,OBM v0.1.0
2025-10-15,obm_tx_count_daily,480244,transactions,daily,OBM v0.1.0
2025-10-16,obm_tx_count_daily,497400,transactions,daily,OBM v0.1.0
2025-10-17,obm_tx_count_daily,480068,transactions,daily,OBM v0.1.0
2025-10-18,obm_tx_count_daily,564018,transactions,daily,OBM v0.1.0
2025-10-19,obm_tx_count_daily,443253,transactions,daily,OBM v0.1.0
2025-10-20,obm_tx_count_daily,424653,transactions,daily,OBM v0.1.0
2025-10-21,obm_tx_count_daily,429039,transactions,daily,OBM v0.1.0
2025-10-22,obm_tx_count_daily,489141,transactions,daily,OBM v0.1.0
2025-10-23,obm_tx_count_daily,426260,transactions,daily,OBM v0.1.0
2025-10-24,obm_tx_count_daily,571212,transactions,daily,OBM v0.1.0
2025-10-25,obm_tx_count_daily,504399,transactions,daily,OBM v0.1.0
2025-10-26,obm_tx_count_daily,521328,transactions,daily,OBM v0.1.0
2025-10-27,obm_tx_count_daily,507349,transactions,daily,OBM v0.1.0
2025-10-28,obm_tx_count_daily,524707,transactions,daily,OBM v0.1.0
2025-10-29,obm_tx_count_daily,392028,transactions,daily,OBM v0.1.0
2025-10-30,obm_tx_count_daily,554058,transactions,daily,OBM v0.1.0
2025-10-31,obm_tx_count_daily,460063,transactions,daily,OBM v0.1.0
2025-11-01,obm_tx_count_daily,391320,transactions,daily,OBM v0.1.0
2025-11-02,obm_tx_count_daily,408092,transactions,daily,OBM v0.1.0
2025-11-03,obm_tx_count_daily,447703,transactions,daily,OBM v0.1.0
2025-11-04,obm_tx_count_daily,375984,transactions,daily,OBM v0.1.0
2025-11-05,obm_tx_count_daily,396072,transactions,daily,OBM v0.1.0
2025-11-06,obm_tx_count_daily,416278,transactions,daily,OBM v0.1.0
2025-11-07,obm_tx_count_daily,476245,transactions,daily,OBM v0.1.0
2025-11-08,obm_tx_count_daily,351420,transactions,daily,OBM v0.1.0
2025-11-09,obm_tx_count_daily,466347,transactions,daily,OBM v0.1.0
2025-11-10,obm_tx_count_daily,449593,transactions,daily,OBM v0.1.0
2025-11-11,obm_tx_count_daily,481949,transactions,daily,OBM v0.1.0
2025-11-12,obm_tx_count_daily,451023,transactions,daily,OBM v0.1.0
2025-11-13,obm_tx_count_daily,486719,transactions,daily,OBM v0.1.0
2025-11-14,obm_tx_count_daily,482152,transactions,daily,OBM v0.1.0
2025-11-15,obm_tx_count_daily,484330,transactions,daily,OBM v0.1.0
2025-11-16,obm_tx_count_daily,581852,transactions,daily,OBM v0.1.0
2025-11-17,obm_tx_count_daily,415543,transactions,daily,OBM v0.1.0
2025-11-18,obm_tx_count_daily,317239,transactions,daily,OBM v0.1.0
2025-11-19,obm_tx_count_daily,361791,transactions,daily,OBM v0.1.0
2025-11-20,obm_tx_count_daily,361895,transactions,daily,OBM v0.1.0
2025-11-21,obm_tx_count_daily,413267,transactions,daily,OBM v0.1.0
2025-11-22,obm_tx_count_daily,472342,transactions,daily,OBM v0.1.0
2025-11-23,obm_tx_count_daily,317173,transactions,daily,OBM v0.1.0
2025-11-24,obm_tx_count_daily,400125,transactions,daily,OBM v0.1.0
2025-11-25,obm_tx_count_daily,350825,transactions,daily,OBM v0.1.0
2025-11-26,obm_tx_count_daily,477042,transactions,daily,OBM v0.1.0
2025-11-27,obm_tx_count_daily,403825,transactions,daily,OBM v0.1.0
2025-11-28,obm_tx_count_daily,511691,transactions,daily,OBM v0.1.0
2025-11-29,obm_tx_count_daily,400703,transactions,daily,OBM v0.1.0
2025-11-30,obm_tx_count_daily,517534,transactions,daily,OBM v0.1.0
2025-12-01,obm_tx_count_daily,402123,transactions,daily,OBM v0.1.0
2025-12-02,obm_tx_count_daily,412650,transactions,daily,OBM v0.1.0
2025-12-03,obm_tx_count_daily,429624,transactions,daily,OBM v0.1.0
2025-12-04,obm_tx_count_daily,414109,transactions,daily,OBM v0.1.0
2025-12-05,obm_tx_count_daily,356330,transactions,daily,OBM v0.1.0
2025-12-06,obm_tx_count_daily,527061,transactions,daily,OBM v0.1.0
2025-12-07,obm_tx_count_daily,543191,transactions,daily,OBM v0.1.0
2025-12-08,obm_tx_count_daily,580273,transactions,daily,OBM v0.1.0
2025-12-09,obm_tx_count_daily,448961,transactions,daily,OBM v0.1.0
2025-12-10,obm_tx_count_daily,550483,transactions,daily,OBM v0.1.0
2025-12-11,obm_tx_count_daily,472857,transactions,daily,OBM v0.1.0
2025-12-12,obm_tx_count_daily,417151,transactions,daily,OBM v0.1.0
2025-12-13,obm_tx_count_daily,495923,transactions,daily,OBM v0.1.0
2025-12-14,obm_tx_count_daily,416686,transactions,daily,OBM v0.1.0
2025-12-15,obm_tx_count_daily,423355,transactions,daily,OBM v0.1.0
2025-12-16,obm_tx_count_daily,443734,transactions,daily,OBM v0.1.0
2025-12-17,obm_tx_count_daily,446512,transactions,daily,OBM v0.1.0
2025-12-18,obm_tx_count_daily,463881,transactions,daily,OBM v0.1.0
2025-12-19,obm_tx_count_daily,434180,transactions,daily,OBM v0.1.0
2025-12-20,obm_tx_count_daily,440896,transactions,daily,OBM v0.1.0
2025-12-21,obm_tx_count_daily,441101,transactions,daily,OBM v0.1.0
2025-12-22,obm_tx_count_daily,427277,transactions,daily,OBM v0.1.0
2025-12-23,obm_tx_count_daily,431004,transactions,daily,OBM v0.1.0
2025-12-24,obm_tx_count_daily,501255,transactions,daily,OBM v0.1.0
2025-12-25,obm_tx_count_daily,464027,transactions,daily,OBM v0.1.0
2025-12-26,obm_tx_count_daily,517078,transactions,daily,OBM v0.1.0
2025-12-27,obm_tx_count_daily,470913,transactions,daily,OBM v0.1.0
2025-12-28,obm_tx_count_daily,543992,transactions,daily,OBM v0.1.0
2025-12-29,obm_tx_count_daily,547262,transactions,daily,OBM v0.1.0
2025-12-30,obm_tx_count_daily,369499,transactions,daily,OBM v0.1.0
2025-12-31,obm_tx_count_daily,408137,transactions,daily,OBM v0.1.0
2026-01-01,obm_tx_count_daily,469099,transactions,daily,OBM v0.1.0
2026-01-02,obm_tx_count_daily,458965,transactions,daily,OBM v0.1.0
2026-01-03,obm_tx_count_daily,501272,transactions,daily,OBM v0.1.0
2026-01-04,obm_tx_count_daily,474589,transactions,daily,OBM v0.1.0
2026-01-05,obm_tx_count_daily,409625,transactions,daily,OBM v0.1.0
2026-01-06,obm_tx_count_daily,424895,transactions,daily,OBM v0.1.0
2026-01-07,obm_tx_count_daily,425191,transactions,daily,OBM v0.1.0
2026-01-08,obm_tx_count_daily,334415,transactions,daily,OBM v0.1.0
2026-01-09,obm_tx_count_daily,355655,transactions,daily,OBM v0.1.0
2026-01-10,obm_tx_count_daily,488786,transactions,daily,OBM v0.1.0
2026-01-11,obm_tx_count_daily,290317,transactions,daily,OBM v0.1.0
2026-01-12,obm_tx_count_daily,411249,transactions,daily,OBM v0.1.0
2026-01-13,obm_tx_count_daily,336329,transactions,daily,OBM v0.1.0
2026-01-14,obm_tx_count_daily,324327,transactions,daily,OBM v0.1.0
2026-01-15,obm_tx_count_daily,374223,transactions,daily,OBM v0.1.0
2026-01-16,obm_tx_count_daily,361943,transactions,daily,OBM v0.1.0
2026-01-17,obm_tx_count_daily,357391,transactions,daily,OBM v0.1.0
2026-01-18,obm_tx_count_daily,332526,transactions,daily,OBM v0.1.0
2026-01-19,obm_tx_count_daily,354595,transactions,daily,OBM v0.1.0
2026-01-20,obm_tx_count_daily,383148,transactions,daily,OBM v0.1.0
2026-01-21,obm_tx_count_daily,428195,transactions,daily,OBM v0.1.0
2026-01-22,obm_tx_count_daily,464040,transactions,daily,OBM v0.1.0
2026-01-23,obm_tx_count_daily,436563,transactions,daily,OBM v0.1.0
2026-01-24,obm_tx_count_daily,289144,transactions,daily,OBM v0.1.0
2026-01-25,obm_tx_count_daily,314920,transactions,daily,OBM v0.1.0
2026-01-26,obm_tx_count_daily,402432,transactions,daily,OBM v0.1.0
2026-01-27,obm_tx_count_daily,362327,transactions,daily,OBM v0.1.0
2026-01-28,obm_tx_count_daily,336095,transactions,daily,OBM v0.1.0
2026-01-29,obm_tx_count_daily,428725,transactions,daily,OBM v0.1.0
2026-01-30,obm_tx_count_daily,380796,transactions,daily,OBM v0.1.0
2026-01-31,obm_tx_count_daily,405402,transactions,daily,OBM v0.1.0
2026-02-01,obm_tx_count_daily,352779,transactions,daily,OBM v0.1.0
2026-02-02,obm_tx_count_daily,357323,transactions,daily,OBM v0.1.0
2026-02-03,obm_tx_count_daily,435461,transactions,daily,OBM v0.1.0
2026-02-04,obm_tx_count_daily,411218,transactions,daily,OBM v0.1.0
2026-02-05,obm_tx_count_daily,384550,transactions,daily,OBM v0.1.0
2026-02-06,obm_tx_count_daily,410157,transactions,daily,OBM v0.1.0
2026-02-07,obm_tx_count_daily,494507,transactions,daily,OBM v0.1.0
2026-02-08,obm_tx_count_daily,507211,transactions,daily,OBM v0.1.0
2026-02-09,obm_tx_count_daily,402013,transactions,daily,OBM v0.1.0
2026-02-10,obm_tx_count_daily,385928,transactions,daily,OBM v0.1.0
2026-02-11,obm_tx_count_daily,455182,transactions,daily,OBM v0.1.0
2026-02-12,obm_tx_count_daily,484938,transactions,daily,OBM v0.1.0
2026-02-13,obm_tx_count_daily,529750,transactions,daily,OBM v0.1.0
2026-02-14,obm_tx_count_daily,537394,transactions,daily,OBM v0.1.0
2026-02-15,obm_tx_count_daily,701969,transactions,daily,OBM v0.1.0
2026-02-16,obm_tx_count_daily,526061,transactions,daily,OBM v0.1.0
2026-02-17,obm_tx_count_daily,659135,transactions,daily,OBM v0.1.0
2026-02-18,obm_tx_count_daily,507143,transactions,daily,OBM v0.1.0
2026-02-19,obm_tx_count_daily,512501,transactions,daily,OBM v0.1.0
2026-02-20,obm_tx_count_daily,413542,transactions,daily,OBM v0.1.0
2026-02-21,obm_tx_count_daily,350751,transactions,daily,OBM v0.1.0
2026-02-22,obm_tx_count_daily,529495,transactions,daily,OBM v0.1.0
2026-02-23,obm_tx_count_daily,453671,transactions,daily,OBM v0.1.0
2026-02-24,obm_tx_count_daily,566873,transactions,daily,OBM v0.1.0
2026-02-25,obm_tx_count_daily,485381,transactions,daily,OBM v0.1.0
2026-02-26,obm_tx_count_daily,425509,transactions,daily,OBM v0.1.0
2026-02-27,obm_tx_count_daily,415510,transactions,daily,OBM v0.1.0
2026-02-28,obm_tx_count_daily,424909,transactions,daily,OBM v0.1.0
2026-03-01,obm_tx_count_daily,462687,transactions,daily,OBM v0.1.0
2026-03-02,obm_tx_count_daily,422366,transactions,daily,OBM v0.1.0
2026-03-03,obm_tx_count_daily,381186,transactions,daily,OBM v0.1.0
2026-03-04,obm_tx_count_daily,377812,transactions,daily,OBM v0.1.0
2026-03-05,obm_tx_count_daily,464513,transactions,daily,OBM v0.1.0
2026-03-06,obm_tx_count_daily,442642,transactions,daily,OBM v0.1.0
2026-03-07,obm_tx_count_daily,437720,transactions,daily,OBM v0.1.0
2026-03-08,obm_tx_count_daily,453532,transactions,daily,OBM v0.1.0
2026-03-09,obm_tx_count_daily,415576,transactions,daily,OBM v0.1.0
2026-03-10,obm_tx_count_daily,381301,transactions,daily,OBM v0.1.0
2026-03-11,obm_tx_count_daily,401926,transactions,daily,OBM v0.1.0
2026-03-12,obm_tx_count_daily,449282,transactions,daily,OBM v0.1.0
2026-03-13,obm_tx_count_daily,399857,transactions,daily,OBM v0.1.0
2026-03-14,obm_tx_count_daily,439447,transactions,daily,OBM v0.1.0
2026-03-15,obm_tx_count_daily,407207,transactions,daily,OBM v0.1.0
2026-03-16,obm_tx_count_daily,405364,transactions,daily,OBM v0.1.0
2026-03-17,obm_tx_count_daily,372893,transactions,daily,OBM v0.1.0
2026-03-18,obm_tx_count_daily,441086,transactions,daily,OBM v0.1.0
2026-03-19,obm_tx_count_daily,442571,transactions,daily,OBM v0.1.0
2026-03-20,obm_tx_count_daily,423312,transactions,daily,OBM v0.1.0
2026-03-21,obm_tx_count_daily,488238,transactions,daily,OBM v0.1.0
2026-03-22,obm_tx_count_daily,629923,transactions,daily,OBM v0.1.0
2026-03-23,obm_tx_count_daily,540923,transactions,daily,OBM v0.1.0
2026-03-24,obm_tx_count_daily,382745,transactions,daily,OBM v0.1.0
2026-03-25,obm_tx_count_daily,514820,transactions,daily,OBM v0.1.0
2026-03-26,obm_tx_count_daily,629007,transactions,daily,OBM v0.1.0
2026-03-27,obm_tx_count_daily,664609,transactions,daily,OBM v0.1.0
2026-03-28,obm_tx_count_daily,763304,transactions,daily,OBM v0.1.0
2026-03-29,obm_tx_count_daily,634952,transactions,daily,OBM v0.1.0
2026-03-30,obm_tx_count_daily,532760,transactions,daily,OBM v0.1.0
2026-03-31,obm_tx_count_daily,523751,transactions,daily,OBM v0.1.0
2026-04-01,obm_tx_count_daily,683419,transactions,daily,OBM v0.1.0
2026-04-02,obm_tx_count_daily,508404,transactions,daily,OBM v0.1.0
2026-04-03,obm_tx_count_daily,459037,transactions,daily,OBM v0.1.0
2026-04-04,obm_tx_count_daily,433372,transactions,daily,OBM v0.1.0
2026-04-05,obm_tx_count_daily,725796,transactions,daily,OBM v0.1.0
2026-04-06,obm_tx_count_daily,465261,transactions,daily,OBM v0.1.0
2026-04-07,obm_tx_count_daily,538981,transactions,daily,OBM v0.1.0
2026-04-08,obm_tx_count_daily,558574,transactions,daily,OBM v0.1.0
2026-04-09,obm_tx_count_daily,586158,transactions,daily,OBM v0.1.0
2026-04-10,obm_tx_count_daily,448495,transactions,daily,OBM v0.1.0
2026-04-11,obm_tx_count_daily,465807,transactions,daily,OBM v0.1.0
2026-04-12,obm_tx_count_daily,707229,transactions,daily,OBM v0.1.0
2026-04-13,obm_tx_count_daily,641052,transactions,daily,OBM v0.1.0
2026-04-14,obm_tx_count_daily,610515,transactions,daily,OBM v0.1.0
2026-04-15,obm_tx_count_daily,465753,transactions,daily,OBM v0.1.0
2026-04-16,obm_tx_count_daily,630320,transactions,daily,OBM v0.1.0
2026-04-17,obm_tx_count_daily,552747,transactions,daily,OBM v0.1.0
2026-04-18,obm_tx_count_daily,695157,transactions,daily,OBM v0.1.0
2026-04-19,obm_tx_count_daily,727793,transactions,daily,OBM v0.1.0
2026-04-20,obm_tx_count_daily,547526,transactions,daily,OBM v0.1.0
2026-04-21,obm_tx_count_daily,537497,transactions,daily,OBM v0.1.0
2026-04-22,obm_tx_count_daily,542847,transactions,daily,OBM v0.1.0
2026-04-23,obm_tx_count_daily,450825,transactions,daily,OBM v0.1.0
2026-04-24,obm_tx_count_daily,589597,transactions,daily,OBM v0.1.0
2026-04-25,obm_tx_count_daily,581159,transactions,daily,OBM v0.1.0
2026-04-26,obm_tx_count_daily,712904,transactions,daily,OBM v0.1.0
2026-04-27,obm_tx_count_daily,580030,transactions,daily,OBM v0.1.0
2026-04-28,obm_tx_count_daily,566274,transactions,daily,OBM v0.1.0
2026-04-29,obm_tx_count_daily,383942,transactions,daily,OBM v0.1.0
2026-04-30,obm_tx_count_daily,409874,transactions,daily,OBM v0.1.0
2026-05-01,obm_tx_count_daily,593987,transactions,daily,OBM v0.1.0
2026-05-02,obm_tx_count_daily,526246,transactions,daily,OBM v0.1.0
2026-05-03,obm_tx_count_daily,604132,transactions,daily,OBM v0.1.0
2026-05-04,obm_tx_count_daily,567996,transactions,daily,OBM v0.1.0
2026-05-05,obm_tx_count_daily,585611,transactions,daily,OBM v0.1.0
2026-05-06,obm_tx_count_daily,526789,transactions,daily,OBM v0.1.0
2026-05-07,obm_tx_count_daily,531108,transactions,daily,OBM v0.1.0
2026-05-08,obm_tx_count_daily,581936,transactions,daily,OBM v0.1.0
2026-05-09,obm_tx_count_daily,831620,transactions,daily,OBM v0.1.0
2026-05-10,obm_tx_count_daily,733259,transactions,daily,OBM v0.1.0
2026-05-11,obm_tx_count_daily,772122,transactions,daily,OBM v0.1.0
2026-05-12,obm_tx_count_daily,587513,transactions,daily,OBM v0.1.0
2026-05-13,obm_tx_count_daily,620400,transactions,daily,OBM v0.1.0
2026-05-14,obm_tx_count_daily,684549,transactions,daily,OBM v0.1.0
2026-05-15,obm_tx_count_daily,618617,transactions,daily,OBM v0.1.0
2026-05-16,obm_tx_count_daily,679928,transactions,daily,OBM v0.1.0
2026-05-17,obm_tx_count_daily,605313,transactions,daily,OBM v0.1.0
2026-05-18,obm_tx_count_daily,600874,transactions,daily,OBM v0.1.0
2026-05-19,obm_tx_count_daily,618114,transactions,daily,OBM v0.1.0
2026-05-20,obm_tx_count_daily,676439,transactions,daily,OBM v0.1.0
2026-05-21,obm_tx_count_daily,538509,transactions,daily,OBM v0.1.0
2026-05-22,obm_tx_count_daily,708628,transactions,daily,OBM v0.1.0
2026-05-23,obm_tx_count_daily,732845,transactions,daily,OBM v0.1.0
2026-05-24,obm_tx_count_daily,628352,transactions,daily,OBM v0.1.0
2026-05-25,obm_tx_count_daily,781994,transactions,daily,OBM v0.1.0
2026-05-26,obm_tx_count_daily,627380,transactions,daily,OBM v0.1.0
2026-05-27,obm_tx_count_daily,645768,transactions,daily,OBM v0.1.0
2026-05-28,obm_tx_count_daily,779340,transactions,daily,OBM v0.1.0
2026-05-29,obm_tx_count_daily,648318,transactions,daily,OBM v0.1.0
2026-05-30,obm_tx_count_daily,651123,transactions,daily,OBM v0.1.0
2026-05-31,obm_tx_count_daily,717451,transactions,daily,OBM v0.1.0
2026-06-01,obm_tx_count_daily,558154,transactions,daily,OBM v0.1.0
2026-06-02,obm_tx_count_daily,438817,transactions,daily,OBM v0.1.0
2026-06-03,obm_tx_count_daily,424362,transactions,daily,OBM v0.1.0
2026-06-04,obm_tx_count_daily,588281,transactions,daily,OBM v0.1.0
2026-06-05,obm_tx_count_daily,569981,transactions,daily,OBM v0.1.0
2026-06-06,obm_tx_count_daily,530864,transactions,daily,OBM v0.1.0
2026-06-07,obm_tx_count_daily,548514,transactions,daily,OBM v0.1.0
2026-06-08,obm_tx_count_daily,580206,transactions,daily,OBM v0.1.0
2026-06-09,obm_tx_count_daily,573287,transactions,daily,OBM v0.1.0
2026-06-10,obm_tx_count_daily,567680,transactions,daily,OBM v0.1.0
2026-06-11,obm_tx_count_daily,637515,transactions,daily,OBM v0.1.0
2026-06-12,obm_tx_count_daily,647883,transactions,daily,OBM v0.1.0
2026-06-13,obm_tx_count_daily,550296,transactions,daily,OBM v0.1.0
2026-06-14,obm_tx_count_daily,726520,transactions,daily,OBM v0.1.0
2026-06-15,obm_tx_count_daily,710717,transactions,daily,OBM v0.1.0
2026-06-16,obm_tx_count_daily,786360,transactions,daily,OBM v0.1.0
2026-06-17,obm_tx_count_daily,601375,transactions,daily,OBM v0.1.0
2026-06-18,obm_tx_count_daily,815537,transactions,daily,OBM v0.1.0
2026-06-19,obm_tx_count_daily,746922,transactions,daily,OBM v0.1.0
2026-06-20,obm_tx_count_daily,779461,transactions,daily,OBM v0.1.0
2026-06-21,obm_tx_count_daily,669777,transactions,daily,OBM v0.1.0
2026-06-22,obm_tx_count_daily,770946,transactions,daily,OBM v0.1.0
2026-06-23,obm_tx_count_daily,862979,transactions,daily,OBM v0.1.0
2026-06-24,obm_tx_count_daily,749523,transactions,daily,OBM v0.1.0
2026-06-25,obm_tx_count_daily,805731,transactions,daily,OBM v0.1.0
2026-06-26,obm_tx_count_daily,712555,transactions,daily,OBM v0.1.0
2026-06-27,obm_tx_count_daily,826483,transactions,daily,OBM v0.1.0
2026-06-28,obm_tx_count_daily,616427,transactions,daily,OBM v0.1.0
2026-06-29,obm_tx_count_daily,531503,transactions,daily,OBM v0.1.0
2026-06-30,obm_tx_count_daily,621005,transactions,daily,OBM v0.1.0
2026-07-01,obm_tx_count_daily,613353,transactions,daily,OBM v0.1.0
2026-07-02,obm_tx_count_daily,543519,transactions,daily,OBM v0.1.0
2026-07-03,obm_tx_count_daily,685422,transactions,daily,OBM v0.1.0
2026-07-04,obm_tx_count_daily,766307,transactions,daily,OBM v0.1.0
2026-07-05,obm_tx_count_daily,635997,transactions,daily,OBM v0.1.0
2026-07-06,obm_tx_count_daily,518667,transactions,daily,OBM v0.1.0
2026-07-07,obm_tx_count_daily,623524,transactions,daily,OBM v0.1.0
2026-07-08,obm_tx_count_daily,599044,transactions,daily,OBM v0.1.0
2026-07-09,obm_tx_count_daily,558060,transactions,daily,OBM v0.1.0
2026-07-10,obm_tx_count_daily,576868,transactions,daily,OBM v0.1.0
2026-07-11,obm_tx_count_daily,674847,transactions,daily,OBM v0.1.0
2026-07-12,obm_tx_count_daily,760744,transactions,daily,OBM v0.1.0
2026-07-13,obm_tx_count_daily,710431,transactions,daily,OBM v0.1.0
